# time   dipole_moment
0 -0
0.01 -8.2637e-11
0.055 -2.49949e-09
0.2575 -5.47028e-08
1.16875 -1.10629e-06
3.98051 -1.07447e-05
6.79228 -2.1586e-05
9.60404 -2.40299e-05
12.4158 -1.77304e-05
15.3897 -1.03883e-05
18.3636 -1.09409e-05
21.3375 -1.95963e-05
24.3113 -2.96145e-05
26.7212 -3.42447e-05
29.2471 -3.4883e-05
31.773 -3.34376e-05
34.2989 -3.31548e-05
36.8248 -3.60139e-05
39.3507 -4.16957e-05
41.8766 -4.82237e-05
44.4025 -5.35183e-05
46.9284 -5.66901e-05
49.4543 -5.83297e-05
51.9802 -5.98166e-05
54.5061 -6.22661e-05
57.032 -6.58646e-05
59.5579 -6.99606e-05
62.0838 -7.36842e-05
64.6097 -7.65344e-05
67.1356 -7.85489e-05
69.6615 -8.00946e-05
72.1874 -8.15623e-05
74.7133 -8.31528e-05
77.2392 -8.47793e-05
79.7651 -8.61139e-05
82.291 -8.68365e-05
84.8169 -8.69506e-05
87.3428 -8.68037e-05
89.8687 -8.66698e-05
92.3946 -8.63432e-05
95.0278 -8.52556e-05
97.661 -8.32399e-05
100.294 -8.08246e-05
102.927 -7.85994e-05
105.662 -7.63715e-05
108.397 -7.35006e-05
111.131 -6.95469e-05
113.866 -6.47943e-05
116.601 -5.98155e-05
119.336 -5.49099e-05
121.761 -5.0525e-05
124.186 -4.58222e-05
126.611 -4.05233e-05
129.036 -3.45554e-05
131.462 -2.81413e-05
133.887 -2.1642e-05
136.312 -1.52569e-05
138.737 -8.86742e-06
141.162 -2.16859e-06
143.588 5.05161e-06
146.013 1.27362e-05
148.438 2.06087e-05
150.863 2.83916e-05
153.288 3.60348e-05
155.714 4.37725e-05
158.139 5.19251e-05
160.564 6.0578e-05
162.989 6.94436e-05
165.544 7.85417e-05
168.099 8.72148e-05
170.654 9.579e-05
173.209 0.00010474
175.764 0.000114176
178.319 0.00012379
180.874 0.000133238
183.429 0.000142449
185.984 0.000151504
188.539 0.000160412
191.094 0.000169156
193.649 0.000177886
196.204 0.000186843
198.759 0.000196048
201.314 0.000205189
203.869 0.000213926
206.424 0.000222215
208.979 0.000230266
211.534 0.000238256
214.089 0.000246188
216.644 0.000254026
219.199 0.000261852
221.755 0.000269795
224.31 0.000277799
226.865 0.0002855
229.42 0.000292468
231.975 0.000298663
234.53 0.000304625
237.085 0.000311081
239.64 0.000318286
242.195 0.000325771
244.75 0.000332738
247.305 0.000338676
249.86 0.000343701
252.415 0.000348449
254.97 0.000353681
257.525 0.000359786
260.08 0.00036646
262.635 0.000372869
265.19 0.000378305
267.745 0.000382781
270.3 0.000387002
272.855 0.000391724
275.41 0.000397163
277.965 0.000402994
280.52 0.000408782
283.075 0.000414276
285.63 0.000419372
288.185 0.000424046
290.74 0.000428516
293.295 0.000433324
295.85 0.000438968
298.495 0.000445569
301.139 0.000452119
303.784 0.000457863
306.429 0.000462894
309.074 0.000468044
311.718 0.000474084
314.363 0.000481072
317.008 0.000488378
319.652 0.00049528
322.297 0.000501587
324.942 0.000507776
327.586 0.000514501
330.231 0.000521989
332.876 0.000529931
335.521 0.000537857
338.165 0.00054551
340.81 0.000552963
343.455 0.000560559
346.099 0.000568674
348.744 0.000577346
351.389 0.00058617
354.034 0.000594719
356.678 0.000603044
359.323 0.000611555
361.968 0.000620442
364.612 0.000629469
367.257 0.000638416
369.902 0.000647416
372.546 0.000656674
375.191 0.000666003
377.836 0.000674967
380.481 0.000683492
383.125 0.000692099
385.77 0.000701301
388.415 0.000710914
391.059 0.000720191
393.704 0.000728653
396.349 0.000736582
398.993 0.000744628
401.638 0.000753102
404.283 0.000761754
406.928 0.000770107
409.572 0.000777889
412.217 0.000785195
414.862 0.000792319
417.506 0.000799401
420.151 0.000806306
422.796 0.000812889
425.441 0.000819247
428.085 0.000825528
430.73 0.000831587
433.375 0.000837103
436.019 0.000841993
438.765 0.000846652
441.51 0.000851132
444.255 0.000855521
447 0.000859864
449.746 0.000864019
452.491 0.000867482
455.236 0.000869828
457.981 0.000871377
460.727 0.000873001
463.472 0.000875168
466.217 0.00087743
468.962 0.000878916
471.708 0.000879145
474.453 0.000878354
477.198 0.000877245
479.944 0.000876435
482.689 0.000875985
485.434 0.000875346
488.179 0.000873796
490.925 0.000871038
493.67 0.000867442
496.415 0.000863694
499.16 0.000860197
501.906 0.000856779
504.651 0.00085294
507.396 0.000848282
510.141 0.000842749
512.887 0.000836603
515.632 0.000830199
518.377 0.000823693
521.122 0.000816948
523.868 0.00080979
526.613 0.000802201
529.358 0.000794143
532.104 0.000785426
534.849 0.000776
537.594 0.000766156
540.339 0.000756185
543.085 0.000746033
545.83 0.000735511
548.575 0.000724562
551.32 0.000713064
554.066 0.000700742
556.811 0.000687627
559.556 0.000674291
562.301 0.000661243
565.047 0.000648241
567.792 0.000634539
570.537 0.000619705
573.282 0.000603999
576.028 0.000588065
578.421 0.000574372
580.813 0.000560856
583.32 0.000546524
585.826 0.000531508
588.332 0.000515559
590.839 0.000498901
593.345 0.000482081
595.851 0.000465537
598.358 0.000449275
600.864 0.000432876
603.47 0.000415132
606.075 0.000396428
608.681 0.000377006
611.287 0.00035743
613.893 0.000338173
616.498 0.000319254
619.104 0.000300214
621.71 0.000280501
624.316 0.000259931
626.921 0.000238799
629.527 0.000217563
632.133 0.000196518
634.739 0.000175689
637.344 0.000154844
640.05 0.000132742
642.755 0.000109855
645.46 8.64089e-05
648.166 6.30202e-05
650.871 3.99765e-05
653.576 1.6907e-05
656.282 -6.67415e-06
658.987 -3.0745e-05
661.692 -5.49028e-05
664.398 -7.89207e-05
667.103 -0.000102952
669.808 -0.000127278
672.514 -0.000152011
675.219 -0.000177002
677.924 -0.000201972
680.63 -0.00022677
683.335 -0.000251519
686.04 -0.000276494
688.381 -0.000298391
690.722 -0.000320477
693.238 -0.000344239
695.754 -0.00036789
698.27 -0.000391479
700.786 -0.000415191
703.302 -0.000439145
705.818 -0.000463232
708.334 -0.00048721
710.85 -0.000510944
713.366 -0.000534551
715.882 -0.000558324
718.398 -0.000582504
720.914 -0.000607061
723.43 -0.000631617
725.946 -0.000655704
728.462 -0.000679213
730.978 -0.000702554
733.494 -0.000726258
736.01 -0.000750461
738.625 -0.000775864
741.329 -0.000802066
744.033 -0.000828052
746.737 -0.000853627
749.44 -0.00087864
752.144 -0.000903406
754.848 -0.000928595
757.552 -0.000954511
760.256 -0.000980744
762.959 -0.00100659
765.663 -0.00103159
768.367 -0.00105584
771.071 -0.00107993
773.775 -0.00110465
776.478 -0.00113015
778.898 -0.00115306
781.318 -0.0011754
783.833 -0.00119778
786.347 -0.00121966
788.862 -0.00124159
791.376 -0.00126388
793.891 -0.00128649
796.405 -0.0013091
798.92 -0.00133127
801.435 -0.00135273
803.949 -0.00137367
806.464 -0.00139459
808.978 -0.00141585
811.493 -0.00143732
814.007 -0.00145849
816.522 -0.00147892
819.037 -0.00149865
821.551 -0.00151814
824.066 -0.00153776
826.58 -0.0015575
829.095 -0.00157699
831.609 -0.00159591
834.124 -0.00161421
836.639 -0.00163198
839.153 -0.0016494
841.668 -0.00166669
844.271 -0.00168454
846.875 -0.00170205
849.479 -0.00171872
852.083 -0.00173446
854.687 -0.00174969
857.29 -0.0017648
859.894 -0.00177972
862.498 -0.00179408
865.102 -0.00180759
867.705 -0.00182018
870.309 -0.00183195
872.913 -0.0018432
875.517 -0.00185424
878.12 -0.00186501
880.724 -0.00187501
883.328 -0.00188383
885.932 -0.0018915
888.535 -0.00189841
891.139 -0.00190487
893.743 -0.00191097
896.347 -0.00191654
898.951 -0.00192119
901.554 -0.00192463
904.158 -0.00192692
906.762 -0.00192847
909.366 -0.00192956
911.969 -0.00193006
914.573 -0.00192963
917.177 -0.00192809
919.781 -0.00192557
922.384 -0.00192233
924.988 -0.00191845
927.592 -0.00191378
929.885 -0.00190884
932.177 -0.00190309
934.602 -0.00189617
937.028 -0.00188849
939.453 -0.00188016
941.879 -0.00187134
944.401 -0.00186169
946.924 -0.00185131
949.447 -0.00183982
951.97 -0.00182707
954.493 -0.00181335
957.015 -0.00179908
959.538 -0.00178451
962.061 -0.0017696
964.681 -0.0017535
967.301 -0.00173636
969.922 -0.00171782
972.542 -0.00169799
975.162 -0.00167753
977.782 -0.00165701
980.403 -0.00163637
983.023 -0.0016151
985.643 -0.00159272
988.263 -0.00156911
990.884 -0.00154449
993.504 -0.00151927
996.124 -0.00149383
998.745 -0.00146825
1001.36 -0.00144216
1003.99 -0.00141515
1006.61 -0.00138713
1009.23 -0.00135827
1011.85 -0.00132889
1014.47 -0.00129917
1017.09 -0.00126915
1019.71 -0.00123868
1022.33 -0.00120753
1024.64 -0.00117941
1026.94 -0.00115073
1029.25 -0.00112163
1031.56 -0.00109227
1033.87 -0.00106267
1036.29 -0.00103126
1038.72 -0.000999279
1041.14 -0.000966701
1043.56 -0.000933704
1046.11 -0.000898743
1048.66 -0.000863482
1051.2 -0.000827686
1053.75 -0.000791212
1056.3 -0.00075415
1058.85 -0.000716712
1061.39 -0.00067907
1063.94 -0.000641241
1066.49 -0.000603036
1069.04 -0.000564172
1071.59 -0.000524556
1074.13 -0.000484426
1076.68 -0.000444103
1079.23 -0.000403668
1081.78 -0.000362969
1084.32 -0.000321846
1086.87 -0.000280198
1089.42 -0.000237957
1091.97 -0.000195158
1094.52 -0.000152019
1097.06 -0.000108762
1099.61 -6.53758e-05
1102.16 -2.166e-05
1104.71 2.25251e-05
1107.25 6.71817e-05
1109.8 0.00011229
1112.35 0.000157835
1114.9 0.000203725
1117.44 0.00024979
1119.99 0.000295922
1122.54 0.000342163
1125.09 0.0003887
1127.64 0.000435772
1130.18 0.000483496
1132.73 0.000531693
1135.28 0.000579967
1137.83 0.000628015
1140.37 0.000675881
1142.92 0.000723904
1145.47 0.000772478
1148.02 0.000821785
1150.57 0.00087161
1153.11 0.000921405
1155.66 0.000970721
1158.21 0.00101962
1160.76 0.00106861
1163.3 0.0011181
1165.85 0.00116814
1168.4 0.00121849
1170.95 0.00126878
1173.5 0.00131863
1176.04 0.0013679
1178.59 0.00141693
1180.88 0.00146126
1183.17 0.00150598
1185.59 0.00155331
1188.01 0.00160043
1190.42 0.00164712
1192.84 0.00169334
1195.25 0.00173913
1197.67 0.00178466
1200.09 0.00183021
1202.5 0.00187591
1204.92 0.0019215
1207.34 0.00196656
1209.75 0.0020109
1212.17 0.00205467
1214.58 0.0020981
1217 0.00214125
1219.42 0.00218413
1221.83 0.00222673
1224.25 0.00226896
1226.67 0.0023106
1229.08 0.00235138
1231.5 0.00239128
1233.91 0.00243055
1236.33 0.00246951
1238.75 0.0025083
1241.16 0.00254674
1243.58 0.00258443
1246 0.00262099
1248.41 0.00265637
1250.83 0.00269092
1253.24 0.00272504
1255.66 0.00275886
1258.08 0.00279224
1260.49 0.00282485
1262.91 0.0028564
1265.33 0.0028867
1267.74 0.00291587
1270.16 0.00294429
1272.57 0.00297222
1274.99 0.00299962
1277.41 0.00302622
1279.82 0.00305183
1282.24 0.00307638
1284.65 0.00309981
1287.07 0.00312212
1289.49 0.00314352
1291.9 0.00316429
1294.32 0.00318443
1296.85 0.00320443
1299.38 0.00322307
1301.91 0.00324053
1304.43 0.0032571
1306.96 0.00327272
1309.49 0.00328715
1312.02 0.00330037
1314.55 0.00331254
1317.08 0.0033237
1319.61 0.00333378
1321.86 0.00334188
1324.12 0.00334917
1326.51 0.00335596
1328.9 0.00336164
1331.28 0.0033661
1333.67 0.00336946
1336.06 0.00337195
1338.45 0.00337367
1340.84 0.00337456
1343.22 0.00337444
1345.61 0.00337313
1348 0.00337058
1350.39 0.00336686
1352.78 0.00336218
1355.17 0.00335667
1357.55 0.00335039
1359.94 0.00334321
1362.33 0.00333491
1364.72 0.0033253
1367.11 0.00331438
1369.49 0.00330239
1371.88 0.00328961
1374.27 0.00327615
1376.66 0.00326179
1379.05 0.00324629
1381.43 0.00322949
1383.82 0.00321142
1386.21 0.00319219
1388.6 0.00317203
1390.99 0.00315116
1393.46 0.00312876
1395.94 0.00310521
1398.41 0.00308014
1400.89 0.00305361
1403.36 0.00302601
1405.84 0.00299763
1408.31 0.00296834
1410.79 0.00293788
1413.26 0.00290617
1415.74 0.00287325
1418.21 0.00283919
1420.69 0.00280404
1423.16 0.00276786
1425.64 0.00273067
1428.11 0.00269239
1430.59 0.00265294
1433.06 0.0026123
1435.54 0.00257052
1438.01 0.00252767
1440.49 0.00248385
1442.96 0.00243908
1445.44 0.00239327
1447.91 0.00234629
1450.39 0.00229809
1452.86 0.00224878
1455.34 0.00219849
1457.81 0.00214729
1460.29 0.00209512
1462.76 0.00204192
1465.24 0.00198764
1467.71 0.00193234
1470.19 0.00187611
1472.67 0.00181896
1475.14 0.00176075
1477.36 0.00170763
1479.57 0.00165369
1481.79 0.00159912
1484 0.00154406
1486.22 0.00148843
1488.6 0.00142792
1490.97 0.00136643
1493.35 0.00130392
1495.73 0.00124041
1498.19 0.00117383
1500.65 0.00110662
1503.11 0.00103904
1505.57 0.00097098
1508.02 0.000902068
1510.48 0.000832041
1512.94 0.000760963
1515.4 0.000689064
1517.86 0.000616562
1520.32 0.000543659
1522.78 0.000470488
1525.24 0.000396928
1527.7 0.000322613
1530.15 0.000247271
1532.61 0.000171016
1535.07 9.42365e-05
1537.53 1.72598e-05
1539.99 -5.98204e-05
1542.45 -0.000137134
1544.91 -0.000214962
1547.37 -0.000293559
1549.83 -0.000372891
1552.29 -0.00045259
1554.74 -0.000532283
1557.2 -0.000611935
1559.66 -0.000691802
1562.12 -0.000772105
1564.58 -0.000852846
1567.04 -0.000933877
1569.5 -0.00101501
1571.96 -0.00109611
1574.42 -0.00117716
1576.87 -0.00125827
1579.08 -0.00133129
1581.29 -0.00140441
1583.6 -0.00148071
1585.9 -0.00155696
1588.21 -0.00163313
1590.51 -0.00170918
1592.9 -0.00178778
1595.29 -0.00186625
1597.68 -0.00194466
1600.06 -0.00202296
1602.45 -0.00210094
1604.84 -0.0021785
1607.23 -0.00225578
1609.61 -0.00233297
1612 -0.00241004
1614.39 -0.00248672
1616.78 -0.00256285
1619.16 -0.00263843
1621.55 -0.00271352
1623.94 -0.00278817
1626.33 -0.00286248
1628.71 -0.00293652
1631.1 -0.00301017
1633.49 -0.00308313
1635.88 -0.00315523
1638.26 -0.00322657
1640.65 -0.00329735
1643.04 -0.00336762
1645.43 -0.0034373
1647.81 -0.00350634
1650.2 -0.00357472
1652.59 -0.00364232
1654.98 -0.00370896
1657.36 -0.00377463
1659.75 -0.00383946
1662.14 -0.00390359
1664.53 -0.00396702
1666.91 -0.0040296
1669.3 -0.00409121
1671.69 -0.00415174
1674.08 -0.00421115
1676.46 -0.00426955
1678.85 -0.00432705
1681.24 -0.00438366
1683.63 -0.00443924
1686.01 -0.00449367
1688.4 -0.0045469
1690.79 -0.00459892
1693.18 -0.00464969
1695.56 -0.00469927
1697.95 -0.00474781
1700.34 -0.00479536
1702.73 -0.00484169
1705.11 -0.00488655
1707.5 -0.00492991
1709.89 -0.00497191
1712.28 -0.00501265
1714.66 -0.0050521
1717.05 -0.00509025
1719.44 -0.00512713
1721.83 -0.00516268
1724.21 -0.0051967
1726.6 -0.00522909
1728.99 -0.00525991
1731.38 -0.00528926
1733.76 -0.00531712
1736.15 -0.0053435
1738.54 -0.0053685
1740.93 -0.00539217
1743.31 -0.00541431
1745.7 -0.00543462
1748.09 -0.00545302
1750.48 -0.00546972
1752.86 -0.00548496
1755.25 -0.00549875
1757.64 -0.00551103
1760.03 -0.00552174
1762.41 -0.00553079
1764.8 -0.00553803
1767.19 -0.00554332
1769.58 -0.00554673
1771.96 -0.00554848
1774.35 -0.00554877
1776.74 -0.0055476
1779.13 -0.00554479
1781.51 -0.00554013
1783.9 -0.00553346
1786.29 -0.00552484
1788.68 -0.00551448
1791.07 -0.00550252
1793.45 -0.00548895
1795.84 -0.00547369
1798.23 -0.00545666
1800.62 -0.00543781
1803 -0.00541707
1805.39 -0.00539442
1807.78 -0.00536994
1810.17 -0.0053438
1812.55 -0.00531603
1814.94 -0.00528654
1817.33 -0.00525524
1819.72 -0.00522212
1822.1 -0.00518717
1824.49 -0.00515033
1826.88 -0.00511165
1829.27 -0.00507127
1831.65 -0.00502931
1834.04 -0.00498569
1836.43 -0.00494026
1838.82 -0.00489299
1841.2 -0.00484391
1843.59 -0.00479303
1845.98 -0.00474034
1848.37 -0.00468592
1850.75 -0.00462996
1853.14 -0.00457249
1855.53 -0.00451337
1857.92 -0.0044524
1860.3 -0.0043895
1862.69 -0.00432479
1865.08 -0.00425844
1867.47 -0.00419059
1869.85 -0.00412131
1872.24 -0.00405055
1874.63 -0.00397812
1877.02 -0.00390388
1879.4 -0.00382783
1881.79 -0.00375011
1884.18 -0.00367092
1886.57 -0.00359036
1888.95 -0.00350844
1891.34 -0.00342505
1893.73 -0.00334007
1896.12 -0.00325346
1898.5 -0.00316531
1900.89 -0.00307569
1903.28 -0.00298462
1905.67 -0.00289216
1908.05 -0.00279844
1910.44 -0.00270353
1912.83 -0.00260735
1915.22 -0.00250969
1917.6 -0.00241053
1919.99 -0.00231
1922.38 -0.00220823
1924.77 -0.00210529
1927.15 -0.00200128
1929.54 -0.00189627
1931.93 -0.0017902
1934.32 -0.00168282
1936.7 -0.00157406
1939.09 -0.00146411
1941.48 -0.00135326
1943.87 -0.00124159
1946.25 -0.00112899
1948.64 -0.00101543
1951.03 -0.000900955
1953.42 -0.000785541
1955.8 -0.000669095
1958.19 -0.00055167
1960.58 -0.000433501
1962.97 -0.000314778
1965.35 -0.000195477
1967.74 -7.54657e-05
1970.13 4.53142e-05
1972.52 0.000166847
1974.9 0.000289092
1977.29 0.000411944
1979.68 0.000535212
1982.07 0.000658761
1984.45 0.000782633
1986.84 0.000906963
1989.23 0.0010318
1991.62 0.00115711
1994 0.0012828
1996.39 0.00140879
1998.78 0.00153486
2001.17 0.00166086
2003.55 0.00178683
2005.94 0.00191297
2008.33 0.00203941
2010.72 0.00216607
2013.1 0.00229273
2015.49 0.00241921
2017.88 0.00254538
2020.27 0.00267118
2022.65 0.00279675
2025.04 0.00292227
2027.43 0.00304775
2029.82 0.00317293
2032.2 0.00329759
2034.59 0.00342171
2036.98 0.0035454
2039.37 0.00366859
2041.75 0.00379116
2044.14 0.00391311
2046.53 0.00403456
2048.92 0.00415546
2051.3 0.00427556
2053.69 0.00439474
2056.08 0.00451309
2058.47 0.00463071
2060.85 0.00474747
2063.24 0.00486321
2065.63 0.00497792
2068.02 0.00509167
2070.4 0.00520441
2072.79 0.005316
2075.18 0.0054264
2077.57 0.00553564
2079.95 0.0056437
2082.34 0.00575047
2084.73 0.00585589
2087.12 0.00595999
2089.5 0.00606273
2091.89 0.00616401
2094.28 0.00626379
2096.67 0.00636211
2099.05 0.00645899
2101.44 0.00655429
2103.83 0.00664789
2106.22 0.00673979
2108.6 0.00683005
2110.99 0.00691867
2113.38 0.00700559
2115.77 0.00709071
2118.15 0.00717397
2120.54 0.00725532
2122.93 0.00733475
2125.32 0.00741237
2127.71 0.00748816
2130.09 0.007562
2132.48 0.00763373
2134.87 0.00770335
2137.26 0.00777095
2139.64 0.0078365
2142.03 0.00789991
2144.42 0.00796117
2146.81 0.00802036
2149.19 0.00807745
2151.58 0.00813225
2153.97 0.00818462
2156.36 0.00823466
2158.74 0.00828253
2161.13 0.0083282
2163.52 0.00837155
2165.91 0.00841249
2168.29 0.00845101
2170.68 0.00848706
2173.07 0.00852059
2175.46 0.00855168
2177.84 0.00858044
2180.23 0.00860685
2182.62 0.00863073
2185.01 0.00865192
2187.39 0.00867043
2189.78 0.00868635
2192.17 0.00869976
2194.56 0.00871065
2196.94 0.00871903
2199.33 0.00872485
2201.72 0.00872795
2204.11 0.00872821
2206.49 0.00872566
2208.88 0.00872042
2211.27 0.00871261
2213.66 0.00870223
2216.04 0.00868922
2218.43 0.00867344
2220.82 0.00865476
2223.21 0.00863318
2225.59 0.00860882
2227.98 0.0085818
2230.37 0.00855208
2232.76 0.00851954
2235.14 0.00848421
2237.53 0.00844613
2239.92 0.00840528
2242.31 0.00836154
2244.69 0.0083149
2247.08 0.00826546
2249.47 0.00821328
2251.86 0.00815833
2254.24 0.00810056
2256.63 0.00804
2259.02 0.00797669
2261.41 0.00791054
2263.79 0.00784151
2266.18 0.00776969
2268.57 0.00769519
2270.96 0.00761796
2273.34 0.00753791
2275.73 0.00745501
2278.12 0.0073694
2280.51 0.00728115
2282.89 0.00719023
2285.28 0.00709659
2287.67 0.00700024
2290.06 0.00690119
2292.44 0.0067994
2294.83 0.0066949
2297.22 0.00658787
2299.61 0.00647843
2301.99 0.0063665
2304.38 0.00625192
2306.77 0.00613465
2309.16 0.00601474
2311.54 0.00589237
2313.93 0.00576765
2316.32 0.00564068
2318.71 0.00551141
2321.09 0.00537967
2323.48 0.0052454
2325.87 0.00510869
2328.26 0.00496974
2330.64 0.00482865
2333.03 0.00468545
2335.42 0.00454015
2337.81 0.00439274
2340.19 0.00424316
2342.58 0.00409132
2344.97 0.00393732
2347.36 0.0037814
2349.74 0.0036237
2352.13 0.00346421
2354.52 0.00330286
2356.91 0.00313968
2359.29 0.00297467
2361.68 0.00280781
2364.07 0.00263914
2366.46 0.00246884
2368.84 0.00229711
2371.23 0.00212395
2373.62 0.00194931
2376.01 0.00177318
2378.39 0.00159566
2380.78 0.00141674
2383.17 0.00123639
2385.56 0.00105471
2387.94 0.000871939
2390.33 0.000688229
2392.72 0.000503514
2395.11 0.000317703
2397.49 0.000130841
2399.88 -5.6969e-05
2402.27 -0.000245685
2404.66 -0.000435256
2407.04 -0.000625534
2409.43 -0.000816376
2411.82 -0.00100778
2414.21 -0.00119983
2416.59 -0.00139248
2418.98 -0.0015856
2421.37 -0.00177909
2423.76 -0.00197292
2426.14 -0.00216701
2428.29 -0.00234177
2430.44 -0.00251666
2432.72 -0.00270213
2434.99 -0.00288774
2437.27 -0.00307335
2439.54 -0.00325879
2441.82 -0.00344404
2444.1 -0.00362914
2446.37 -0.00381405
2448.65 -0.00399872
2450.92 -0.00418314
2453.2 -0.0043673
2455.48 -0.00455107
2457.75 -0.00473425
2460.03 -0.00491669
2462.3 -0.00509848
2464.58 -0.00527972
2466.85 -0.00546041
2469.13 -0.00564041
2471.41 -0.00581968
2473.68 -0.00599814
2475.96 -0.00617567
2478.23 -0.00635204
2480.51 -0.00652721
2482.79 -0.00670134
2485.06 -0.00687457
2487.34 -0.0070468
2489.61 -0.00721782
2491.89 -0.00738749
2494.16 -0.0075558
2496.44 -0.00772271
2498.72 -0.0078881
2500.99 -0.0080519
2503.27 -0.00821419
2505.54 -0.00837506
2507.82 -0.00853443
2510.1 -0.0086921
2512.37 -0.00884792
2514.65 -0.00900189
2516.92 -0.009154
2519.2 -0.00930418
2521.47 -0.00945239
2523.75 -0.00959867
2526.03 -0.00974301
2528.3 -0.00988527
2530.58 -0.0100253
2532.85 -0.0101631
2535.13 -0.0102987
2537.41 -0.010432
2539.68 -0.010563
2541.96 -0.0106915
2544.23 -0.0108176
2546.51 -0.0109412
2548.78 -0.0110623
2551.06 -0.0111808
2553.34 -0.0112968
2555.61 -0.0114101
2557.89 -0.0115207
2560.16 -0.0116284
2562.44 -0.0117333
2564.72 -0.0118353
2566.99 -0.0119346
2569.27 -0.0120309
2571.54 -0.0121243
2573.82 -0.0122148
2576.09 -0.0123022
2578.37 -0.0123864
2580.65 -0.0124674
2582.92 -0.0125451
2585.2 -0.0126198
2587.47 -0.0126913
2589.75 -0.0127596
2592.03 -0.0128246
2594.3 -0.0128861
2596.58 -0.0129443
2598.85 -0.0129991
2601.13 -0.0130504
2603.4 -0.0130981
2605.68 -0.0131424
2607.96 -0.0131832
2610.23 -0.0132206
2612.51 -0.0132543
2614.78 -0.0132844
2617.06 -0.0133109
2619.34 -0.0133336
2621.61 -0.0133526
2623.89 -0.0133678
2626.16 -0.0133794
2628.44 -0.0133874
2630.71 -0.0133917
2632.99 -0.0133921
2635.27 -0.0133886
2637.54 -0.0133812
2639.82 -0.01337
2642.09 -0.013355
2644.37 -0.0133361
2646.65 -0.0133134
2648.92 -0.0132869
2651.2 -0.0132564
2653.47 -0.013222
2655.75 -0.0131837
2658.03 -0.0131414
2660.3 -0.0130952
2662.58 -0.013045
2664.85 -0.012991
2667.13 -0.012933
2669.4 -0.0128711
2671.68 -0.0128053
2673.96 -0.0127355
2676.23 -0.0126618
2678.51 -0.0125842
2680.78 -0.0125025
2683.06 -0.012417
2685.34 -0.0123275
2687.61 -0.0122343
2689.89 -0.0121372
2692.16 -0.012036
2694.44 -0.0119311
2696.71 -0.0118223
2698.99 -0.0117097
2701.27 -0.0115932
2703.54 -0.0114728
2705.82 -0.0113487
2708.09 -0.0112209
2710.37 -0.0110893
2712.65 -0.0109539
2714.92 -0.0108148
2717.2 -0.0106722
2719.47 -0.0105259
2721.75 -0.0103759
2724.02 -0.0102222
2726.3 -0.0100649
2728.58 -0.0099041
2730.85 -0.00973976
2733.13 -0.00957199
2735.4 -0.00940086
2737.68 -0.00922639
2739.96 -0.00904848
2742.23 -0.00886712
2744.51 -0.00868236
2746.78 -0.00849432
2749.06 -0.00830308
2751.33 -0.00810871
2753.61 -0.0079113
2755.89 -0.00771087
2758.16 -0.00750737
2760.44 -0.00730073
2762.71 -0.00709101
2764.99 -0.00687837
2767.27 -0.00666293
2769.54 -0.00644469
2771.82 -0.00622369
2774.09 -0.00600004
2776.37 -0.00577381
2778.64 -0.00554495
2780.92 -0.00531342
2783.2 -0.00507927
2785.47 -0.00484269
2787.75 -0.0046038
2790.11 -0.00435373
2792.47 -0.00410124
2794.83 -0.00384644
2797.19 -0.00358939
2799.54 -0.00333003
2801.9 -0.00306836
2804.26 -0.00280456
2806.62 -0.00253885
2808.98 -0.00227129
2811.34 -0.00200184
2813.7 -0.00173054
2816.06 -0.00145755
2818.42 -0.00118294
2820.78 -0.000906704
2823.14 -0.000628895
2825.5 -0.000349695
2827.86 -6.92627e-05
2830.22 0.000212393
2832.57 0.000495282
2834.93 0.00077929
2837.29 0.00106426
2839.65 0.00135012
2842.01 0.00163688
2844.37 0.00192444
2846.73 0.00221264
2849.09 0.00250139
2851.45 0.00279065
2853.81 0.00308033
2856.17 0.0033703
2858.53 0.00366045
2860.89 0.00395079
2863.25 0.00424129
2865.6 0.0045318
2867.96 0.00482215
2870.32 0.00511224
2872.68 0.005402
2875.04 0.00569131
2877.4 0.00598012
2879.76 0.00626842
2882.12 0.00655622
2884.48 0.00684333
2886.84 0.00712951
2889.2 0.00741462
2891.56 0.00769866
2893.92 0.00798161
2896.28 0.00826335
2898.63 0.00854383
2900.99 0.00882302
2903.35 0.00910082
2905.71 0.00937699
2908.07 0.00965134
2910.43 0.00992386
2912.79 0.0101946
2915.15 0.0104634
2917.51 0.0107302
2919.87 0.010995
2922.23 0.0112576
2924.59 0.0115179
2926.95 0.0117757
2929.31 0.0120309
2931.66 0.0122836
2934.02 0.0125337
2936.38 0.0127812
2938.74 0.0130259
2941.1 0.0132675
2943.46 0.0135062
2945.82 0.0137418
2948.18 0.0139741
2950.54 0.0142032
2952.9 0.0144291
2955.26 0.0146516
2957.62 0.0148706
2959.98 0.015086
2962.34 0.0152976
2964.69 0.0155055
2967.05 0.0157096
2969.41 0.0159099
2971.77 0.0161062
2974.13 0.0162985
2976.49 0.0164867
2978.85 0.0166706
2981.21 0.0168502
2983.57 0.0170255
2985.93 0.0171964
2988.29 0.0173628
2990.65 0.0175247
2993.01 0.017682
2995.37 0.0178346
2997.72 0.0179824
3000.08 0.0181254
3002.44 0.0182635
3004.8 0.0183968
3007.16 0.0185249
3009.52 0.0186479
3011.88 0.0187658
3014.24 0.0188787
3016.6 0.0189864
3018.96 0.0190888
3021.32 0.0191857
3023.68 0.0192772
3026.04 0.0193633
3028.4 0.0194438
3030.75 0.0195187
3033.11 0.0195882
3035.47 0.0196522
3037.83 0.0197105
3040.19 0.0197629
3042.55 0.0198095
3044.91 0.0198503
3047.27 0.0198852
3049.63 0.0199143
3051.99 0.0199376
3054.35 0.019955
3056.71 0.0199664
3059.07 0.0199717
3061.43 0.0199709
3063.78 0.0199641
3066.14 0.0199512
3068.5 0.0199322
3070.86 0.0199072
3073.22 0.0198761
3075.58 0.0198388
3077.94 0.0197952
3080.3 0.0197454
3082.66 0.0196894
3085.02 0.0196272
3087.38 0.0195589
3089.74 0.0194844
3092.1 0.0194036
3094.46 0.0193166
3096.81 0.0192234
3099.17 0.0191238
3101.53 0.019018
3103.89 0.0189061
3106.25 0.018788
3108.61 0.0186637
3110.97 0.0185332
3113.33 0.0183965
3115.69 0.0182537
3118.05 0.0181046
3120.41 0.0179494
3122.77 0.0177881
3125.13 0.0176208
3127.49 0.0174475
3129.84 0.0172682
3132.2 0.0170828
3134.56 0.0168915
3136.92 0.0166941
3139.28 0.0164909
3141.64 0.0162817
3144 0.0160668
3146.36 0.0158462
3148.72 0.0156199
3151.08 0.0153878
3153.44 0.0151501
3155.8 0.0149067
3158.16 0.0146577
3160.52 0.0144032
3162.87 0.0141434
3165.23 0.0138782
3167.59 0.0136077
3169.95 0.0133319
3172.31 0.0130508
3174.67 0.0127646
3177.03 0.0124733
3179.39 0.012177
3181.75 0.0118758
3184.11 0.0115697
3186.47 0.0112589
3188.83 0.0109433
3191.19 0.010623
3193.55 0.0102981
3195.9 0.00996881
3198.26 0.00963505
3200.62 0.00929698
3202.98 0.00895473
3205.34 0.00860836
3207.7 0.00825783
3210.06 0.00790324
3212.42 0.0075448
3214.78 0.00718265
3217.14 0.00681682
3219.5 0.00644731
3221.86 0.0060743
3224.22 0.00569794
3226.58 0.00531827
3228.93 0.00493529
3231.29 0.00454916
3233.65 0.00416012
3236.01 0.00376829
3238.37 0.00337361
3240.73 0.00297616
3243.09 0.00257614
3245.45 0.00217373
3247.81 0.00176896
3250.17 0.00136186
3252.53 0.000952654
3254.89 0.000541535
3257.25 0.000128554
3259.61 -0.000286297
3261.96 -0.000702884
3264.32 -0.00112097
3266.68 -0.00154042
3269.04 -0.00196119
3271.4 -0.00238318
3273.76 -0.00280619
3276.12 -0.00323009
3278.48 -0.00365483
3280.84 -0.00408035
3283.2 -0.00450643
3285.56 -0.00493288
3287.92 -0.00535961
3290.28 -0.00578656
3292.64 -0.00621357
3294.99 -0.00664048
3297.35 -0.00706717
3299.71 -0.00749358
3302.07 -0.00791956
3304.43 -0.00834491
3306.79 -0.00876951
3309.15 -0.0091933
3311.51 -0.00961612
3313.87 -0.0100377
3316.23 -0.010458
3318.59 -0.010877
3320.95 -0.0112946
3323.31 -0.0117106
3325.67 -0.0121247
3328.02 -0.0125368
3330.38 -0.012947
3332.74 -0.0133549
3335.1 -0.0137604
3337.46 -0.0141635
3339.82 -0.0145642
3342.18 -0.0149623
3344.54 -0.0153574
3346.9 -0.0157494
3349.26 -0.0161383
3351.62 -0.0165241
3353.98 -0.0169064
3356.34 -0.0172852
3358.7 -0.0176604
3361.05 -0.018032
3363.41 -0.0183997
3365.77 -0.0187633
3368.13 -0.0191226
3370.49 -0.0194777
3372.85 -0.0198284
3375.21 -0.0201746
3377.57 -0.0205161
3379.93 -0.0208529
3382.29 -0.0211848
3384.65 -0.0215117
3387.01 -0.0218333
3389.37 -0.0221497
3391.73 -0.0224607
3394.08 -0.0227661
3396.44 -0.023066
3398.8 -0.0233601
3401.16 -0.0236484
3403.52 -0.0239307
3405.88 -0.0242069
3408.24 -0.0244769
3410.6 -0.0247405
3412.96 -0.0249977
3415.32 -0.0252484
3417.68 -0.0254925
3420.04 -0.0257299
3422.4 -0.0259605
3424.76 -0.026184
3427.11 -0.0264005
3429.47 -0.0266099
3431.83 -0.0268121
3434.19 -0.0270069
3436.55 -0.0271943
3438.91 -0.0273741
3441.27 -0.0275465
3443.63 -0.0277112
3445.99 -0.0278681
3448.35 -0.028017
3450.71 -0.0281581
3453.07 -0.0282912
3455.43 -0.0284161
3457.79 -0.0285329
3460.14 -0.0286415
3462.5 -0.0287419
3464.86 -0.0288339
3467.22 -0.0289174
3469.58 -0.0289924
3471.94 -0.0290589
3474.3 -0.0291168
3476.66 -0.029166
3479.02 -0.0292065
3481.38 -0.0292384
3483.74 -0.0292614
3486.1 -0.0292755
3488.46 -0.0292806
3490.82 -0.0292769
3493.17 -0.0292642
3495.53 -0.0292426
3497.89 -0.0292119
3500.25 -0.0291722
3502.61 -0.0291234
3504.97 -0.0290654
3507.33 -0.0289982
3509.69 -0.028922
3512.05 -0.0288367
3514.41 -0.0287422
3516.77 -0.0286385
3519.13 -0.0285256
3521.49 -0.0284035
3523.85 -0.0282722
3526.21 -0.0281316
3528.56 -0.027982
3530.92 -0.0278232
3533.28 -0.0276553
3535.64 -0.0274783
3538 -0.027292
3540.36 -0.0270966
3542.72 -0.0268922
3545.08 -0.0266787
3547.44 -0.0264562
3549.8 -0.0262247
3552.16 -0.0259843
3554.52 -0.025735
3556.88 -0.0254768
3559.24 -0.0252096
3561.59 -0.0249337
3563.95 -0.0246491
3566.31 -0.0243559
3568.67 -0.0240539
3571.03 -0.0237435
3573.39 -0.0234246
3575.75 -0.0230971
3578.11 -0.0227612
3580.47 -0.0224171
3582.83 -0.0220647
3585.19 -0.0217042
3587.55 -0.0213357
3589.91 -0.0209591
3592.27 -0.0205747
3594.62 -0.0201824
3596.98 -0.0197823
3599.34 -0.0193745
3601.7 -0.0189592
3604.06 -0.0185366
3606.42 -0.0181066
3608.78 -0.0176693
3611.14 -0.017225
3613.5 -0.0167736
3615.86 -0.0163152
3618.22 -0.0158499
3620.58 -0.015378
3622.94 -0.0148997
3625.3 -0.0144149
3627.65 -0.0139237
3630.01 -0.0134264
3632.37 -0.0129231
3634.73 -0.0124137
3637.09 -0.0118984
3639.45 -0.0113775
3641.81 -0.0108512
3644.17 -0.0103196
3646.53 -0.00978263
3648.89 -0.00924059
3651.25 -0.00869361
3653.61 -0.00814183
3655.97 -0.00758531
3658.33 -0.00702423
3660.68 -0.0064589
3663.04 -0.00588952
3665.4 -0.00531612
3667.76 -0.00473877
3670.12 -0.00415768
3672.48 -0.00357311
3674.84 -0.00298515
3677.2 -0.00239391
3679.56 -0.00179964
3681.92 -0.00120263
3684.28 -0.000602999
3686.64 -7.8873e-07
3689 0.000603848
3691.36 0.00121063
3693.71 0.00181934
3696.07 0.00242987
3698.43 0.00304206
3700.79 0.00365566
3703.15 0.00427044
3705.51 0.0048863
3707.87 0.00550314
3710.23 0.00612071
3712.59 0.00673872
3714.95 0.00735701
3717.31 0.00797546
3719.67 0.00859391
3722.03 0.00921208
3724.39 0.00982979
3726.74 0.0104469
3729.1 0.0110633
3731.46 0.0116786
3733.82 0.0122926
3736.18 0.0129052
3738.54 0.0135163
3740.9 0.0141257
3743.26 0.014733
3745.62 0.0153382
3747.98 0.015941
3750.34 0.0165413
3752.7 0.0171387
3755.06 0.0177332
3757.42 0.0183247
3759.77 0.0189128
3762.13 0.0194974
3764.49 0.0200783
3766.85 0.0206552
3769.21 0.0212281
3771.57 0.0217967
3773.93 0.0223607
3776.29 0.0229202
3778.65 0.0234748
3781.01 0.0240245
3783.37 0.0245687
3785.73 0.0251076
3788.09 0.0256409
3790.45 0.0261686
3792.8 0.0266902
3795.16 0.0272057
3797.52 0.0277148
3799.88 0.0282175
3802.24 0.0287135
3804.6 0.0292026
3806.96 0.0296848
3809.32 0.0301598
3811.68 0.0306275
3814.04 0.0310875
3816.4 0.0315398
3818.76 0.0319843
3821.12 0.0324208
3823.48 0.0328492
3825.83 0.0332692
3828.19 0.0336807
3830.55 0.0340835
3832.91 0.0344775
3835.27 0.0348625
3837.63 0.0352384
3839.99 0.0356052
3842.35 0.0359626
3844.71 0.0363103
3847.07 0.0366485
3849.43 0.0369767
3851.79 0.037295
3854.15 0.0376032
3856.51 0.0379012
3858.86 0.038189
3861.22 0.0384663
3863.58 0.038733
3865.94 0.038989
3868.3 0.0392341
3870.66 0.0394683
3873.02 0.0396915
3875.38 0.0399035
3877.74 0.0401043
3880.1 0.0402939
3882.46 0.0404719
3884.82 0.0406384
3887.18 0.0407932
3889.54 0.0409363
3891.89 0.0410677
3894.25 0.0411871
3896.61 0.0412945
3898.97 0.04139
3901.33 0.0414734
3903.69 0.0415446
3906.05 0.0416034
3908.41 0.04165
3910.77 0.0416842
3913.13 0.0417061
3915.49 0.0417154
3917.85 0.0417122
3920.21 0.0416965
3922.57 0.0416682
3924.92 0.0416272
3927.28 0.0415736
3929.64 0.0415072
3932 0.0414281
3934.36 0.0413363
3936.72 0.0412317
3939.08 0.0411144
3941.44 0.0409842
3943.8 0.0408412
3946.16 0.0406854
3948.52 0.0405168
3950.88 0.0403354
3953.24 0.0401412
3955.6 0.0399343
3957.95 0.0397146
3960.31 0.0394821
3962.67 0.0392369
3965.03 0.0389789
3967.39 0.0387083
3969.75 0.0384252
3972.11 0.0381294
3974.47 0.037821
3976.83 0.0375001
3979.19 0.0371669
3981.55 0.0368212
3983.91 0.036463
3986.27 0.0360926
3988.63 0.0357101
3990.98 0.0353154
3993.34 0.0349086
3995.7 0.0344898
3998.06 0.034059
4000.42 0.0336165
4002.78 0.0331622
4005.14 0.0326962
4007.5 0.0322186
4009.86 0.0317297
4012.22 0.0312294
4014.58 0.0307177
4016.94 0.0301949
4019.3 0.0296611
4021.66 0.0291165
4024.01 0.028561
4026.37 0.0279949
4028.73 0.0274182
4031.09 0.0268311
4033.45 0.0262338
4035.81 0.0256262
4038.17 0.0250088
4040.53 0.0243815
4042.89 0.0237446
4045.25 0.023098
4047.61 0.0224421
4049.97 0.021777
4052.33 0.0211028
4054.69 0.0204197
4057.04 0.0197279
4059.4 0.0190276
4061.76 0.0183189
4064.12 0.017602
4066.48 0.0168769
4068.84 0.0161442
4071.2 0.0154039
4073.56 0.0146561
4075.92 0.013901
4078.28 0.0131388
4080.64 0.0123699
4083 0.0115942
4085.36 0.0108121
4087.72 0.0100237
4090.07 0.00922947
4092.43 0.00842941
4094.79 0.00762366
4097.15 0.00681248
4099.51 0.00599619
4101.87 0.005175
4104.23 0.00434907
4106.59 0.00351864
4108.95 0.00268405
4111.31 0.00184551
4113.67 0.00100314
4116.03 0.000157115
4118.39 -0.000692214
4120.75 -0.00154452
4123.1 -0.00239963
4125.46 -0.00325734
4127.82 -0.00411735
4130.18 -0.00497939
4132.54 -0.00584325
4134.9 -0.00670879
4137.26 -0.00757569
4139.62 -0.00844358
4141.98 -0.00931221
4144.34 -0.0101814
4146.7 -0.011051
4148.82 -0.0118316
4150.93 -0.0126119
4153.18 -0.0134394
4155.43 -0.0142663
4157.67 -0.0150923
4159.92 -0.0159172
4162.17 -0.0167408
4164.41 -0.0175629
4166.66 -0.0183832
4168.91 -0.0192015
4171.15 -0.0200175
4173.4 -0.020831
4175.65 -0.0216419
4177.89 -0.0224499
4180.14 -0.0232547
4182.39 -0.0240561
4184.63 -0.0248538
4186.88 -0.0256478
4189.13 -0.0264376
4191.37 -0.027223
4193.62 -0.0280039
4195.87 -0.0287801
4198.11 -0.0295512
4200.36 -0.030317
4202.61 -0.0310773
4204.85 -0.031832
4207.1 -0.0325807
4209.35 -0.0333232
4211.59 -0.0340592
4213.84 -0.0347886
4216.09 -0.0355113
4218.33 -0.0362268
4220.58 -0.036935
4222.83 -0.0376356
4225.07 -0.0383285
4227.32 -0.0390135
4229.57 -0.0396902
4231.81 -0.0403585
4234.06 -0.0410181
4236.3 -0.0416689
4238.55 -0.0423107
4240.8 -0.0429431
4243.04 -0.043566
4245.29 -0.0441792
4247.54 -0.0447826
4249.78 -0.0453758
4252.03 -0.0459587
4254.28 -0.046531
4256.52 -0.0470926
4258.77 -0.0476434
4261.02 -0.048183
4263.26 -0.0487112
4265.51 -0.049228
4267.76 -0.0497331
4270 -0.0502263
4272.25 -0.0507074
4274.5 -0.0511763
4276.74 -0.0516328
4278.99 -0.0520768
4281.24 -0.0525079
4283.48 -0.052926
4285.73 -0.0533311
4287.98 -0.053723
4290.22 -0.0541014
4292.47 -0.0544662
4294.72 -0.0548173
4296.96 -0.0551545
4299.21 -0.0554777
4301.46 -0.0557866
4303.7 -0.0560812
4305.95 -0.0563615
4308.2 -0.0566271
4310.44 -0.056878
4312.69 -0.057114
4314.94 -0.0573351
4317.18 -0.0575412
4319.43 -0.057732
4321.68 -0.0579074
4323.92 -0.0580674
4326.17 -0.058212
4328.42 -0.058341
4330.66 -0.0584542
4332.91 -0.0585516
4335.16 -0.058633
4337.4 -0.0586986
4339.65 -0.0587481
4341.9 -0.0587815
4344.14 -0.0587986
4346.39 -0.0587995
4348.64 -0.0587842
4350.88 -0.0587523
4353.13 -0.0587041
4355.38 -0.0586394
4357.62 -0.0585582
4359.87 -0.0584605
4362.12 -0.0583461
4364.36 -0.0582151
4366.61 -0.0580676
4368.86 -0.0579033
4371.1 -0.0577223
4373.35 -0.0575247
4375.6 -0.0573104
4377.84 -0.0570794
4380.09 -0.0568318
4382.34 -0.0565674
4384.58 -0.0562864
4386.83 -0.0559888
4389.08 -0.0556746
4391.32 -0.0553437
4393.57 -0.0549963
4395.81 -0.0546324
4398.06 -0.0542521
4400.31 -0.0538554
4402.55 -0.0534422
4404.8 -0.0530128
4407.05 -0.0525672
4409.29 -0.0521054
4411.54 -0.0516274
4413.79 -0.0511334
4416.03 -0.0506236
4418.28 -0.0500979
4420.53 -0.0495565
4422.77 -0.0489994
4425.02 -0.0484267
4427.27 -0.0478387
4429.51 -0.0472353
4431.76 -0.0466167
4434.01 -0.0459829
4436.25 -0.0453343
4438.5 -0.0446709
4440.75 -0.0439928
4442.99 -0.0433001
4445.24 -0.042593
4447.49 -0.0418717
4449.73 -0.0411364
4451.98 -0.040387
4454.23 -0.0396239
4456.47 -0.0388473
4458.72 -0.0380573
4460.97 -0.037254
4463.21 -0.0364376
4465.46 -0.0356083
4467.71 -0.0347665
4469.95 -0.0339122
4472.2 -0.0330455
4474.45 -0.0321668
4476.69 -0.0312763
4478.94 -0.0303742
4481.19 -0.0294606
4483.43 -0.0285357
4485.68 -0.0275999
4487.93 -0.0266534
4490.17 -0.0256964
4492.42 -0.024729
4494.67 -0.0237516
4496.91 -0.0227645
4499.16 -0.0217679
4501.41 -0.0207619
4503.65 -0.0197468
4505.9 -0.0187229
4508.15 -0.0176907
4510.39 -0.0166501
4512.64 -0.0156015
4514.89 -0.0145452
4517.13 -0.0134815
4519.38 -0.0124107
4521.63 -0.0113329
4523.87 -0.0102485
4526.12 -0.0091578
4528.37 -0.00806116
4530.61 -0.00695876
4532.86 -0.00585084
4535.11 -0.00473775
4537.35 -0.0036199
4539.6 -0.00249754
4541.85 -0.00137088
4544.09 -0.000240203
4546.34 0.000894093
4548.59 0.00203165
4550.83 0.00317222
4553.08 0.00431554
4555.32 0.00546128
4557.57 0.00660905
4559.82 0.00775855
4562.06 0.00890956
4564.31 0.0100618
4566.56 0.0112147
4568.8 0.0123681
4571.05 0.0135217
4573.3 0.0146751
4575.54 0.0158281
4577.79 0.0169803
4580.04 0.0181313
4582.28 0.0192809
4584.53 0.0204288
4586.78 0.0215745
4589.02 0.0227177
4591.27 0.0238582
4593.52 0.0249957
4595.76 0.0261298
4598.01 0.0272602
4600.26 0.0283864
4602.5 0.0295083
4604.75 0.0306256
4607 0.0317377
4609.24 0.0328445
4611.49 0.0339457
4613.74 0.0350409
4615.98 0.0361298
4618.23 0.037212
4620.48 0.0382873
4622.72 0.0393553
4624.97 0.0404158
4627.22 0.0414684
4629.46 0.0425127
4631.71 0.0435485
4633.96 0.0445755
4636.2 0.0455935
4638.45 0.0466019
4640.7 0.0476005
4642.94 0.0485892
4645.19 0.0495675
4647.44 0.0505352
4649.68 0.0514919
4651.93 0.0524374
4654.18 0.0533714
4656.42 0.0542937
4658.67 0.0552038
4660.92 0.0561015
4663.16 0.0569866
4665.41 0.0578588
4667.66 0.0587177
4669.9 0.0595632
4672.15 0.0603949
4674.4 0.0612127
4676.64 0.0620162
4678.89 0.0628052
4681.14 0.0635793
4683.38 0.0643385
4685.63 0.0650824
4687.88 0.0658108
4690.12 0.0665234
4692.37 0.0672201
4694.62 0.0679005
4696.86 0.0685645
4699.11 0.0692118
4701.36 0.0698421
4703.6 0.0704554
4705.85 0.0710514
4708.1 0.0716298
4710.34 0.0721904
4712.59 0.0727332
4714.84 0.0732579
4717.08 0.0737642
4719.33 0.0742519
4721.57 0.074721
4723.82 0.0751712
4726.07 0.0756024
4728.31 0.0760144
4730.56 0.0764069
4732.81 0.07678
4735.05 0.0771334
4737.38 0.0774786
4739.71 0.0778023
4742.04 0.0781044
4744.36 0.0783848
4746.69 0.0786433
4749.02 0.0788798
4751.35 0.079094
4753.67 0.0792861
4756 0.0794557
4758.33 0.0796028
4760.66 0.0797273
4762.98 0.079829
4765.31 0.079908
4767.64 0.0799641
4769.96 0.0799971
4772.29 0.0800071
4774.62 0.0799939
4776.95 0.0799576
4779.27 0.079898
4781.6 0.0798151
4783.93 0.0797088
4786.26 0.0795792
4788.58 0.0794262
4790.91 0.0792497
4793.24 0.0790497
4795.57 0.0788263
4797.89 0.0785794
4800.22 0.0783089
4802.55 0.078015
4804.88 0.0776977
4807.2 0.0773569
4809.53 0.0769927
4811.86 0.0766051
4814.18 0.0761942
4816.51 0.07576
4818.84 0.0753025
4821.17 0.0748218
4823.49 0.0743181
4825.82 0.0737913
4828.15 0.0732415
4830.48 0.0726688
4832.8 0.0720733
4835.13 0.0714552
4837.46 0.0708145
4839.79 0.0701513
4842.11 0.0694657
4844.44 0.0687579
4846.77 0.0680281
4849.1 0.0672762
4851.42 0.0665025
4853.75 0.0657071
4856.08 0.0648903
4858.4 0.0640521
4860.73 0.0631927
4863.06 0.0623123
4865.39 0.0614111
4867.71 0.0604893
4870.04 0.059547
4872.37 0.0585844
4874.7 0.0576019
4877.02 0.0565996
4879.35 0.0555776
4881.68 0.0545363
4884.01 0.0534758
4886.33 0.0523965
4888.66 0.0512985
4890.99 0.050182
4893.31 0.0490474
4895.64 0.0478949
4897.97 0.0467248
4900.3 0.0455374
4902.62 0.0443328
4904.95 0.0431116
4907.28 0.0418738
4909.61 0.0406197
4911.93 0.0393498
4914.26 0.0380643
4916.59 0.0367635
4918.92 0.0354478
4921.24 0.0341173
4923.57 0.0327726
4925.9 0.0314139
4928.23 0.0300416
4930.55 0.0286559
4932.88 0.0272573
4935.21 0.0258461
4937.53 0.0244227
4939.86 0.0229873
4942.19 0.0215405
4944.52 0.0200825
4946.84 0.0186138
4949.17 0.0171347
4951.5 0.0156455
4953.83 0.0141467
4956.15 0.0126388
4958.48 0.0111221
4960.81 0.00959684
4963.14 0.00806361
4965.46 0.00652285
4967.79 0.0049749
4970.12 0.00342012
4972.44 0.00185895
4974.77 0.000291931
4977.1 -0.00128054
4979.43 -0.00285813
4981.75 -0.0044404
4984.08 -0.00602684
4986.41 -0.00761696
4988.74 -0.00921041
4991.06 -0.0108068
4993.39 -0.0124056
4995.72 -0.0140063
4998.05 -0.0156085
5000.37 -0.0172118
5002.7 -0.0188157
5005.03 -0.0204197
5007.36 -0.0220233
5009.68 -0.0236261
5012.01 -0.0252278
5014.34 -0.0268277
5016.66 -0.0284253
5018.99 -0.0300203
5021.32 -0.0316121
5023.65 -0.0332004
5025.97 -0.0347845
5028.3 -0.036364
5030.63 -0.0379385
5032.96 -0.0395075
5035.28 -0.0410705
5037.61 -0.0426269
5039.94 -0.0441764
5042.27 -0.0457185
5044.59 -0.0472526
5046.92 -0.0487783
5049.25 -0.0502951
5051.58 -0.0518026
5053.9 -0.0533002
5056.23 -0.0547875
5058.56 -0.0562639
5060.88 -0.0577292
5063.21 -0.0591827
5065.54 -0.0606239
5067.87 -0.0620524
5070.19 -0.0634678
5072.52 -0.0648696
5074.85 -0.0662572
5077.18 -0.0676303
5079.5 -0.0689883
5081.83 -0.0703309
5084.16 -0.0716575
5086.49 -0.0729676
5088.81 -0.0742609
5091.14 -0.0755369
5093.47 -0.0767952
5095.79 -0.0780352
5098.12 -0.0792566
5100.45 -0.0804589
5102.78 -0.0816417
5105.1 -0.0828046
5107.43 -0.083947
5109.76 -0.0850686
5112.09 -0.0861692
5114.41 -0.087248
5116.74 -0.0883049
5119.07 -0.0893392
5121.4 -0.0903508
5123.72 -0.0913392
5126.05 -0.0923039
5128.38 -0.0932446
5130.71 -0.0941609
5133.03 -0.0950526
5135.36 -0.0959191
5137.69 -0.0967602
5140.01 -0.0975754
5142.34 -0.0983645
5144.67 -0.0991271
5147 -0.0998627
5149.32 -0.100571
5151.65 -0.101252
5153.98 -0.101906
5156.31 -0.102531
5158.63 -0.103128
5160.96 -0.103696
5163.29 -0.104235
5165.62 -0.104745
5167.94 -0.105225
5170.27 -0.105676
5172.6 -0.106097
5174.93 -0.106487
5177.25 -0.106847
5179.58 -0.107176
5181.91 -0.107474
5184.23 -0.107741
5186.56 -0.107977
5188.89 -0.108181
5191.22 -0.108354
5193.54 -0.108494
5195.87 -0.108603
5198.2 -0.108679
5200.53 -0.108723
5202.85 -0.108735
5205.18 -0.108714
5207.51 -0.10866
5209.84 -0.108574
5212.16 -0.108455
5214.49 -0.108302
5216.82 -0.108117
5219.14 -0.107899
5221.47 -0.107647
5223.8 -0.107362
5226.13 -0.107044
5228.45 -0.106693
5230.78 -0.106309
5233.11 -0.105891
5235.44 -0.10544
5237.76 -0.104956
5240.09 -0.104439
5242.42 -0.103889
5244.75 -0.103305
5247.07 -0.102689
5249.4 -0.10204
5251.73 -0.101357
5254.06 -0.100643
5256.38 -0.0998952
5258.71 -0.0991153
5261.04 -0.098303
5263.36 -0.0974586
5265.69 -0.0965821
5268.02 -0.0956737
5270.35 -0.0947337
5272.67 -0.0937622
5275 -0.0927593
5277.33 -0.0917254
5279.66 -0.0906605
5281.98 -0.0895651
5284.31 -0.0884393
5286.64 -0.0872833
5288.97 -0.0860974
5291.29 -0.084882
5293.62 -0.0836373
5295.95 -0.0823636
5298.27 -0.0810612
5300.6 -0.0797303
5302.93 -0.0783715
5305.26 -0.076985
5307.58 -0.075571
5309.91 -0.07413
5312.24 -0.0726625
5314.57 -0.0711687
5316.89 -0.069649
5319.22 -0.0681038
5321.55 -0.0665335
5323.88 -0.0649387
5326.2 -0.0633196
5328.53 -0.0616767
5330.86 -0.0600104
5333.19 -0.0583213
5335.51 -0.0566098
5337.84 -0.0548762
5340.17 -0.0531211
5342.49 -0.0513451
5344.82 -0.0495486
5347.15 -0.047732
5349.48 -0.0458959
5351.8 -0.0440409
5354.13 -0.0421674
5356.46 -0.040276
5358.79 -0.0383671
5361.11 -0.0364414
5363.44 -0.0344995
5365.77 -0.0325418
5368.1 -0.0305689
5370.42 -0.0285813
5372.75 -0.0265798
5375.08 -0.0245648
5377.41 -0.022537
5379.73 -0.0204968
5382.06 -0.018445
5384.39 -0.0163821
5386.71 -0.0143088
5389.04 -0.0122255
5391.37 -0.010133
5393.7 -0.0080319
5396.02 -0.00592282
5398.35 -0.00380629
5400.68 -0.00168301
5403.01 0.000446346
5405.33 0.00258116
5407.66 0.00472088
5409.99 0.00686484
5412.32 0.00901232
5414.64 0.0111627
5416.97 0.0133153
5419.3 0.0154697
5421.62 0.0176249
5423.95 0.0197805
5426.28 0.0219357
5428.61 0.02409
5430.93 0.0262427
5433.26 0.0283931
5435.59 0.0305405
5437.92 0.0326843
5440.24 0.034824
5442.57 0.0369587
5444.9 0.0390878
5447.23 0.0412107
5449.55 0.0433268
5451.88 0.0454354
5454.21 0.0475359
5456.54 0.0496275
5458.86 0.0517097
5461.19 0.0537819
5463.52 0.0558433
5465.84 0.0578934
5468.17 0.0599315
5470.5 0.0619571
5472.83 0.0639693
5475.15 0.0659677
5477.48 0.0679516
5479.81 0.0699205
5482.14 0.0718736
5484.46 0.0738104
5486.79 0.0757302
5489.12 0.0776326
5491.45 0.0795169
5493.77 0.0813824
5496.1 0.0832286
5498.43 0.085055
5500.75 0.086861
5503.08 0.0886459
5505.41 0.0904093
5507.74 0.0921505
5510.06 0.0938691
5512.39 0.0955644
5514.72 0.0972359
5517.05 0.0988831
5519.37 0.100506
5521.7 0.102103
5524.03 0.103674
5526.36 0.105219
5528.68 0.106737
5531.01 0.108227
5533.34 0.10969
5535.67 0.111125
5537.99 0.11253
5540.32 0.113907
5542.65 0.115254
5544.97 0.11657
5547.3 0.117856
5549.63 0.119112
5551.96 0.120335
5554.28 0.121527
5556.61 0.122687
5558.94 0.123814
5561.27 0.124908
5563.59 0.125968
5565.92 0.126995
5568.25 0.127988
5570.58 0.128946
5572.9 0.12987
5575.23 0.130758
5577.56 0.131611
5579.89 0.132428
5582.21 0.133209
5584.54 0.133954
5586.87 0.134662
5589.19 0.135333
5591.52 0.135967
5593.85 0.136564
5596.18 0.137123
5598.5 0.137644
5600.83 0.138127
5603.16 0.138571
5605.49 0.138977
5607.81 0.139344
5610.14 0.139673
5612.47 0.139962
5614.8 0.140212
5617.12 0.140422
5619.45 0.140593
5621.78 0.140725
5624.1 0.140816
5626.43 0.140868
5628.76 0.140879
5631.09 0.140851
5633.41 0.140782
5635.74 0.140673
5638.07 0.140524
5640.4 0.140334
5642.72 0.140104
5645.05 0.139834
5647.38 0.139523
5649.71 0.139172
5652.03 0.13878
5654.36 0.138348
5656.69 0.137875
5659.02 0.137362
5661.34 0.136809
5663.67 0.136216
5666 0.135582
5668.32 0.134909
5670.65 0.134195
5672.98 0.133441
5675.31 0.132648
5677.63 0.131815
5679.96 0.130942
5682.29 0.13003
5684.62 0.129079
5686.94 0.128088
5689.27 0.127059
5691.6 0.125991
5693.93 0.124885
5696.25 0.12374
5698.58 0.122557
5700.91 0.121336
5703.23 0.120078
5705.56 0.118782
5707.89 0.117449
5710.22 0.116079
5712.54 0.114673
5714.87 0.11323
5717.2 0.111751
5719.53 0.110237
5721.85 0.108687
5724.18 0.107102
5726.51 0.105482
5728.84 0.103828
5731.16 0.10214
5733.49 0.100418
5735.82 0.0986634
5738.15 0.0968755
5740.47 0.0950552
5742.8 0.0932028
5745.13 0.0913186
5747.45 0.0894032
5749.78 0.087457
5752.11 0.0854805
5754.44 0.083474
5756.76 0.081438
5759.09 0.079373
5761.42 0.0772796
5763.75 0.0751581
5766.07 0.073009
5768.4 0.0708329
5770.73 0.0686303
5773.06 0.0664018
5775.38 0.0641477
5777.71 0.0618687
5780.04 0.0595654
5782.37 0.0572383
5784.69 0.0548879
5787.02 0.0525148
5789.35 0.0501196
5791.67 0.047703
5794 0.0452654
5796.33 0.0428074
5798.66 0.0403298
5800.98 0.0378332
5803.31 0.0353181
5805.64 0.0327851
5807.97 0.030235
5810.29 0.0276684
5812.62 0.0250859
5814.95 0.0224882
5817.28 0.0198759
5819.6 0.0172499
5821.93 0.0146107
5824.26 0.0119589
5826.58 0.00929536
5828.91 0.00662073
5831.24 0.00393579
5833.57 0.00124118
5835.89 -0.00146243
5838.22 -0.00417426
5840.55 -0.00689352
5842.88 -0.0096195
5845.2 -0.0123515
5847.53 -0.0150889
5849.86 -0.0178306
5852.19 -0.0205761
5854.51 -0.0233246
5856.84 -0.0260754
5859.17 -0.0288276
5861.5 -0.0315804
5863.82 -0.0343332
5866.15 -0.037085
5868.48 -0.0398353
5870.8 -0.042583
5873.13 -0.0453274
5875.46 -0.0480678
5877.79 -0.0508034
5880.11 -0.0535333
5882.44 -0.0562567
5884.77 -0.0589729
5887.1 -0.061681
5889.42 -0.0643803
5891.75 -0.0670698
5894.08 -0.0697488
5896.41 -0.0724165
5898.73 -0.0750721
5901.06 -0.0777146
5903.39 -0.0803434
5905.72 -0.0829577
5908.04 -0.0855565
5910.37 -0.0881391
5912.7 -0.0907046
5915.02 -0.0932523
5917.35 -0.0957813
5919.68 -0.0982908
5922.01 -0.10078
5924.33 -0.103248
5926.66 -0.105694
5928.99 -0.108118
5931.32 -0.110517
5933.64 -0.112893
5935.97 -0.115243
5938.3 -0.117568
5940.63 -0.119865
5942.95 -0.122135
5945.28 -0.124377
5947.61 -0.12659
5949.93 -0.128773
5952.26 -0.130925
5954.59 -0.133046
5956.92 -0.135134
5959.24 -0.13719
5961.57 -0.139212
5963.9 -0.141199
5966.23 -0.143152
5968.55 -0.145068
5970.88 -0.146948
5973.21 -0.14879
5975.54 -0.150595
5977.86 -0.152361
5980.19 -0.154087
5982.52 -0.155773
5984.85 -0.157418
5987.17 -0.159022
5989.5 -0.160584
5991.83 -0.162103
5994.15 -0.163578
5996.48 -0.16501
5998.81 -0.166397
6001.14 -0.167739
6003.46 -0.169035
6005.79 -0.170284
6008.12 -0.171487
6010.45 -0.172642
6012.77 -0.173748
6015.1 -0.174807
6017.43 -0.175816
6019.76 -0.176776
6022.08 -0.177685
6024.41 -0.178544
6026.74 -0.179352
6029.06 -0.180108
6031.39 -0.180813
6033.72 -0.181465
6036.05 -0.182064
6038.37 -0.18261
6040.7 -0.183103
6043.03 -0.183542
6045.36 -0.183927
6047.68 -0.184257
6050.01 -0.184533
6052.34 -0.184753
6054.67 -0.184918
6056.99 -0.185028
6059.32 -0.185081
6061.65 -0.185079
6063.98 -0.18502
6066.3 -0.184905
6068.63 -0.184734
6070.96 -0.184506
6073.28 -0.18422
6075.61 -0.183878
6077.94 -0.183479
6080.27 -0.183023
6082.59 -0.18251
6084.92 -0.181939
6087.25 -0.181312
6089.58 -0.180627
6091.9 -0.179885
6094.23 -0.179086
6096.56 -0.17823
6098.89 -0.177317
6101.21 -0.176348
6103.54 -0.175322
6105.87 -0.174239
6108.2 -0.1731
6110.52 -0.171905
6112.85 -0.170654
6115.18 -0.169347
6117.5 -0.167985
6119.83 -0.166568
6122.16 -0.165096
6124.49 -0.163569
6126.81 -0.161988
6129.14 -0.160354
6131.47 -0.158666
6133.8 -0.156925
6136.12 -0.155131
6138.45 -0.153285
6140.78 -0.151387
6143.11 -0.149438
6145.43 -0.147439
6147.76 -0.145389
6150.09 -0.143289
6152.41 -0.14114
6154.74 -0.138942
6157.07 -0.136697
6159.4 -0.134404
6161.72 -0.132064
6164.05 -0.129678
6166.38 -0.127247
6168.71 -0.12477
6171.03 -0.12225
6173.36 -0.119686
6175.69 -0.11708
6178.02 -0.114431
6180.34 -0.111741
6182.67 -0.109011
6185 -0.106241
6187.33 -0.103433
6189.65 -0.100586
6191.98 -0.0977021
6194.31 -0.0947818
6196.63 -0.0918261
6198.96 -0.0888358
6201.29 -0.0858117
6203.62 -0.0827548
6205.94 -0.0796659
6208.27 -0.0765461
6210.6 -0.0733962
6212.93 -0.0702171
6215.25 -0.0670099
6217.58 -0.0637755
6219.91 -0.0605149
6222.24 -0.057229
6224.56 -0.0539189
6226.89 -0.0505855
6229.22 -0.04723
6231.54 -0.0438532
6233.87 -0.0404562
6236.2 -0.0370401
6238.53 -0.0336059
6240.85 -0.0301547
6243.18 -0.0266874
6245.51 -0.0232052
6247.84 -0.0197091
6250.16 -0.0162003
6252.49 -0.0126797
6254.82 -0.00914845
6257.15 -0.00560763
6259.47 -0.0020584
6261.8 0.00149825
6264.13 0.00506124
6266.46 0.00862943
6268.78 0.0122017
6271.11 0.0157769
6273.44 0.0193541
6275.76 0.0229322
6278.09 0.0265099
6280.42 0.0300863
6282.75 0.0336601
6285.07 0.0372305
6287.4 0.0407962
6289.73 0.0443561
6292.06 0.0479091
6294.38 0.0514543
6296.71 0.0549905
6299.04 0.0585165
6301.37 0.0620314
6303.69 0.065534
6306.02 0.0690234
6308.35 0.0724984
6310.68 0.0759579
6313 0.0794009
6315.33 0.0828265
6317.66 0.0862334
6319.98 0.0896207
6322.31 0.0929874
6324.64 0.0963325
6326.97 0.0996549
6329.29 0.102954
6331.62 0.106228
6333.95 0.109476
6336.28 0.112698
6338.6 0.115892
6340.93 0.119057
6343.26 0.122193
6345.59 0.125299
6347.91 0.128373
6350.24 0.131415
6352.57 0.134423
6354.89 0.137397
6357.22 0.140337
6359.55 0.14324
6361.88 0.146106
6364.2 0.148935
6366.53 0.151726
6368.86 0.154477
6371.19 0.157188
6373.51 0.159857
6375.84 0.162485
6378.17 0.165071
6380.5 0.167613
6382.82 0.170111
6385.15 0.172564
6387.48 0.174972
6389.81 0.177333
6392.13 0.179647
6394.46 0.181914
6396.79 0.184132
6399.11 0.186301
6401.44 0.18842
6403.77 0.190489
6406.1 0.192508
6408.42 0.194474
6410.75 0.196388
6413.08 0.19825
6415.41 0.200058
6417.73 0.201812
6420.06 0.203512
6422.39 0.205157
6424.72 0.206747
6427.04 0.208281
6429.37 0.209758
6431.7 0.211178
6434.03 0.212541
6436.35 0.213847
6438.68 0.215094
6441.01 0.216283
6443.33 0.217412
6445.66 0.218483
6447.99 0.219494
6450.32 0.220444
6452.64 0.221335
6454.97 0.222165
6457.3 0.222934
6459.63 0.223642
6461.95 0.224288
6464.28 0.224873
6466.61 0.225396
6468.94 0.225857
6471.26 0.226255
6473.59 0.226591
6475.92 0.226865
6478.24 0.227075
6480.57 0.227223
6482.9 0.227308
6485.23 0.227329
6487.55 0.227287
6489.88 0.227182
6492.21 0.227014
6494.54 0.226782
6496.86 0.226487
6499.19 0.226128
6501.52 0.225706
6503.85 0.225221
6506.17 0.224672
6508.5 0.22406
6510.83 0.223385
6513.16 0.222646
6515.48 0.221845
6517.81 0.22098
6520.14 0.220053
6522.46 0.219063
6524.79 0.21801
6527.12 0.216896
6529.45 0.215719
6531.77 0.21448
6534.1 0.213179
6536.43 0.211817
6538.76 0.210393
6541.08 0.208909
6543.41 0.207364
6545.74 0.205758
6548.07 0.204093
6550.39 0.202367
6552.72 0.200582
6555.05 0.198738
6557.37 0.196836
6559.7 0.194875
6562.03 0.192855
6564.36 0.190779
6566.68 0.188645
6569.01 0.186454
6571.34 0.184207
6573.67 0.181905
6575.99 0.179547
6578.32 0.177134
6580.65 0.174667
6582.98 0.172146
6585.3 0.169571
6587.63 0.166944
6589.96 0.164265
6592.29 0.161534
6594.61 0.158752
6596.94 0.155919
6599.27 0.153037
6601.59 0.150106
6603.92 0.147126
6606.25 0.144098
6608.58 0.141022
6610.9 0.137901
6613.23 0.134733
6615.56 0.13152
6617.89 0.128262
6620.21 0.124961
6622.54 0.121617
6624.87 0.118231
6627.2 0.114803
6629.52 0.111334
6631.85 0.107826
6634.18 0.104278
6636.51 0.100692
6638.83 0.0970685
6641.16 0.0934083
6643.49 0.0897124
6645.81 0.0859816
6648.14 0.0822168
6650.47 0.0784188
6652.8 0.0745885
6655.12 0.0707269
6657.45 0.066835
6659.78 0.0629134
6662.11 0.0589633
6664.43 0.0549857
6666.76 0.0509814
6669.09 0.0469515
6671.42 0.0428969
6673.74 0.0388187
6676.07 0.0347178
6678.4 0.0305954
6680.72 0.0264523
6683.05 0.0222896
6685.38 0.0181085
6687.71 0.0139099
6690.03 0.00969499
6692.36 0.00546472
6694.69 0.0012203
6697.02 -0.00303717
6699.34 -0.00730664
6701.67 -0.011587
6704 -0.0158772
6706.33 -0.0201758
6708.65 -0.0244819
6710.98 -0.0287944
6713.31 -0.033112
6715.64 -0.0374336
6717.96 -0.0417579
6720.29 -0.0460839
6722.62 -0.0504103
6724.94 -0.054736
6727.27 -0.0590596
6729.6 -0.06338
6731.93 -0.067696
6734.25 -0.0720064
6736.58 -0.0763099
6738.91 -0.0806053
6741.24 -0.0848914
6743.56 -0.0891668
6745.89 -0.0934304
6748.22 -0.0976809
6750.55 -0.101917
6752.87 -0.106138
6755.2 -0.110341
6757.53 -0.114526
6759.85 -0.118692
6762.18 -0.122838
6764.51 -0.126961
6766.84 -0.131061
6769.16 -0.135136
6771.49 -0.139186
6773.82 -0.143208
6776.15 -0.147202
6778.47 -0.151166
6780.8 -0.155099
6783.13 -0.159
6785.46 -0.162868
6787.78 -0.1667
6790.11 -0.170496
6792.44 -0.174255
6794.77 -0.177976
6797.09 -0.181656
6799.42 -0.185295
6801.75 -0.188891
6804.07 -0.192444
6806.4 -0.195952
6808.73 -0.199413
6811.06 -0.202827
6813.38 -0.206192
6815.71 -0.209507
6818.04 -0.212771
6820.37 -0.215983
6822.69 -0.21914
6825.02 -0.222243
6827.35 -0.22529
6829.68 -0.22828
6832 -0.231212
6834.33 -0.234083
6836.66 -0.236895
6838.99 -0.239644
6841.31 -0.24233
6843.64 -0.244953
6845.97 -0.24751
6848.29 -0.250001
6850.62 -0.252425
6852.95 -0.254781
6855.28 -0.257067
6857.6 -0.259283
6859.93 -0.261427
6862.26 -0.263499
6864.59 -0.265498
6866.91 -0.267423
6869.24 -0.269272
6871.57 -0.271046
6873.9 -0.272743
6876.22 -0.274361
6878.55 -0.275902
6880.88 -0.277362
6883.2 -0.278743
6885.53 -0.280043
6887.86 -0.281261
6890.19 -0.282396
6892.51 -0.283449
6894.84 -0.284417
6897.17 -0.285302
6899.5 -0.286101
6901.82 -0.286815
6904.15 -0.287442
6906.48 -0.287983
6908.81 -0.288437
6911.13 -0.288803
6913.46 -0.289081
6915.79 -0.28927
6918.12 -0.289371
6920.44 -0.289382
6922.77 -0.289304
6925.1 -0.289136
6927.42 -0.288878
6929.75 -0.28853
6932.08 -0.288091
6934.41 -0.287562
6936.73 -0.286942
6939.06 -0.286231
6941.39 -0.28543
6943.72 -0.284537
6946.04 -0.283554
6948.37 -0.282479
6950.7 -0.281314
6953.03 -0.280059
6955.35 -0.278713
6957.68 -0.277277
6960.01 -0.27575
6962.33 -0.274134
6964.66 -0.272429
6966.99 -0.270634
6969.32 -0.268751
6971.64 -0.266779
6973.97 -0.264719
6976.3 -0.262572
6978.63 -0.260338
6980.95 -0.258017
6983.28 -0.25561
6985.61 -0.253119
6987.94 -0.250542
6990.26 -0.247882
6992.59 -0.245139
6994.92 -0.242313
6997.25 -0.239405
6999.57 -0.236416
7001.9 -0.233348
7004.23 -0.2302
7006.55 -0.226974
7008.88 -0.223671
7011.21 -0.220291
7013.54 -0.216836
7015.86 -0.213306
7018.19 -0.209704
7020.52 -0.206029
7022.85 -0.202283
7025.17 -0.198467
7027.5 -0.194583
7029.83 -0.19063
7032.16 -0.186612
7034.48 -0.182528
7036.81 -0.178381
7039.14 -0.174171
7041.47 -0.1699
7043.79 -0.165569
7046.12 -0.161179
7048.45 -0.156733
7050.77 -0.152231
7053.1 -0.147674
7055.43 -0.143065
7057.76 -0.138405
7060.08 -0.133694
7062.41 -0.128936
7064.74 -0.12413
7067.07 -0.119279
7069.39 -0.114385
7071.72 -0.109449
7074.05 -0.104472
7076.38 -0.0994557
7078.7 -0.0944024
7081.03 -0.0893135
7083.36 -0.0841905
7085.68 -0.0790351
7088.01 -0.0738489
7090.34 -0.0686336
7092.67 -0.0633909
7094.99 -0.0581225
7097.32 -0.0528301
7099.65 -0.0475152
7101.98 -0.0421797
7104.3 -0.0368252
7106.63 -0.0314535
7108.96 -0.0260662
7111.29 -0.0206651
7113.61 -0.0152518
7115.94 -0.0098282
7118.27 -0.00439584
7120.6 0.00104354
7122.92 0.00648815
7125.25 0.0119363
7127.58 0.0173863
7129.9 0.0228365
7132.23 0.0282851
7134.56 0.0337304
7136.89 0.0391708
7139.21 0.0446046
7141.54 0.0500301
7143.87 0.0554456
7146.2 0.0608493
7148.52 0.0662398
7150.85 0.0716154
7153.18 0.0769743
7155.51 0.082315
7157.83 0.0876358
7160.16 0.0929352
7162.49 0.0982115
7164.82 0.103463
7167.14 0.108688
7169.47 0.113886
7171.8 0.119054
7174.12 0.124191
7176.45 0.129296
7178.78 0.134367
7181.11 0.139403
7183.43 0.144401
7185.76 0.149362
7188.09 0.154282
7190.42 0.159161
7192.74 0.163998
7195.07 0.16879
7197.4 0.173537
7199.73 0.178237
7202.05 0.182889
7204.38 0.187491
7206.71 0.192043
7209.03 0.196542
7211.36 0.200989
7213.69 0.20538
7216.02 0.209716
7218.34 0.213994
7220.67 0.218215
7223 0.222375
7225.33 0.226476
7227.65 0.230514
7229.98 0.23449
7232.31 0.238402
7234.64 0.242248
7236.96 0.246029
7239.29 0.249742
7241.62 0.253388
7243.95 0.256964
7246.27 0.260471
7248.6 0.263906
7250.93 0.26727
7253.25 0.270561
7255.58 0.273778
7257.91 0.27692
7260.24 0.279987
7262.56 0.282979
7264.89 0.285893
7267.22 0.288729
7269.55 0.291487
7271.87 0.294166
7274.2 0.296765
7276.53 0.299284
7278.86 0.301721
7281.18 0.304077
7283.51 0.30635
7285.84 0.308541
7288.16 0.310647
7290.49 0.31267
7292.82 0.314608
7295.15 0.316461
7297.47 0.318229
7299.8 0.319911
7302.13 0.321506
7304.46 0.323014
7306.78 0.324436
7309.11 0.325769
7311.44 0.327015
7313.77 0.328173
7316.09 0.329242
7318.42 0.330223
7320.75 0.331114
7323.08 0.331916
7325.4 0.332629
7327.73 0.333252
7330.06 0.333786
7332.38 0.33423
7334.71 0.334583
7337.04 0.334846
7339.37 0.335019
7341.69 0.335102
7344.02 0.335095
7346.35 0.334997
7348.68 0.334809
7351 0.33453
7353.33 0.334161
7355.66 0.333702
7357.99 0.333153
7360.31 0.332514
7362.64 0.331785
7364.97 0.330966
7367.3 0.330057
7369.62 0.329059
7371.95 0.327971
7374.28 0.326795
7376.6 0.325529
7378.93 0.324175
7381.26 0.322733
7383.59 0.321202
7385.91 0.319584
7388.24 0.317878
7390.57 0.316085
7392.9 0.314206
7395.22 0.31224
7397.55 0.310188
7399.88 0.30805
7402.21 0.305827
7404.53 0.30352
7406.86 0.301128
7409.19 0.298652
7411.51 0.296093
7413.84 0.293452
7416.17 0.290728
7418.5 0.287922
7420.82 0.285035
7423.15 0.282068
7425.48 0.27902
7427.81 0.275893
7430.13 0.272688
7432.46 0.269404
7434.79 0.266043
7437.12 0.262605
7439.44 0.259091
7441.77 0.255501
7444.1 0.251837
7446.43 0.248099
7448.75 0.244288
7451.08 0.240404
7453.41 0.236449
7455.73 0.232423
7458.06 0.228327
7460.39 0.224162
7462.72 0.219928
7465.04 0.215628
7467.37 0.21126
7469.7 0.206828
7472.03 0.20233
7474.35 0.197769
7476.68 0.193145
7479.01 0.188459
7481.34 0.183713
7483.66 0.178907
7485.99 0.174041
7488.32 0.169118
7490.64 0.164139
7492.97 0.159104
7495.3 0.154014
7497.63 0.148871
7499.95 0.143675
7502.28 0.138429
7504.61 0.133132
7506.94 0.127786
7509.26 0.122393
7511.59 0.116953
7513.92 0.111468
7516.25 0.105939
7518.57 0.100367
7520.9 0.094754
7523.23 0.0891004
7525.56 0.0834078
7527.88 0.0776775
7530.21 0.0719109
7532.54 0.0661093
7534.86 0.0602741
7537.19 0.0544065
7539.52 0.0485081
7541.85 0.0425803
7544.17 0.0366244
7546.5 0.0306417
7548.83 0.0246339
7551.16 0.0186024
7553.48 0.0125487
7555.81 0.00647415
7558.14 0.000380293
7560.47 -0.00573126
7562.79 -0.011859
7565.12 -0.0180014
7567.45 -0.0241571
7569.78 -0.0303242
7572.1 -0.0365012
7574.43 -0.0426866
7576.76 -0.0488788
7579.08 -0.0550761
7581.41 -0.0612768
7583.74 -0.0674794
7586.07 -0.0736821
7588.39 -0.0798834
7590.72 -0.0860814
7593.05 -0.0922745
7595.38 -0.098461
7597.7 -0.104639
7600.03 -0.110807
7602.36 -0.116964
7604.69 -0.123106
7607.01 -0.129234
7609.34 -0.135344
7611.67 -0.141436
7613.99 -0.147506
7616.32 -0.153555
7618.65 -0.159579
7620.98 -0.165577
7623.3 -0.171547
7625.63 -0.177487
7627.96 -0.183396
7630.29 -0.189271
7632.61 -0.195111
7634.94 -0.200914
7637.27 -0.206678
7639.6 -0.212402
7641.92 -0.218082
7644.25 -0.223718
7646.58 -0.229307
7648.91 -0.234848
7651.23 -0.240339
7653.56 -0.245778
7655.89 -0.251163
7658.21 -0.256492
7660.54 -0.261764
7662.87 -0.266976
7665.2 -0.272126
7667.52 -0.277214
7669.85 -0.282236
7672.18 -0.287191
7674.51 -0.292078
7676.83 -0.296893
7679.16 -0.301637
7681.49 -0.306306
7683.82 -0.310898
7686.14 -0.315413
7688.47 -0.319849
7690.8 -0.324202
7693.12 -0.328473
7695.45 -0.332658
7697.78 -0.336757
7700.11 -0.340768
7702.43 -0.344688
7704.76 -0.348516
7707.09 -0.352251
7709.42 -0.355891
7711.74 -0.359434
7714.07 -0.362878
7716.4 -0.366223
7718.73 -0.369466
7721.05 -0.372606
7723.38 -0.375641
7725.71 -0.378571
7728.04 -0.381393
7730.36 -0.384106
7732.69 -0.386709
7735.02 -0.3892
7737.34 -0.391579
7739.67 -0.393843
7742 -0.395992
7744.33 -0.398024
7746.65 -0.399938
7748.98 -0.401733
7751.31 -0.403408
7753.64 -0.404962
7755.96 -0.406393
7758.29 -0.407701
7760.62 -0.408886
7762.95 -0.409945
7765.27 -0.410878
7767.6 -0.411685
7769.93 -0.412364
7772.26 -0.412915
7774.58 -0.413337
7776.91 -0.41363
7779.24 -0.413793
7781.56 -0.413825
7783.89 -0.413726
7786.22 -0.413496
7788.55 -0.413134
7790.87 -0.41264
7793.2 -0.412014
7795.53 -0.411255
7797.86 -0.410364
7800.18 -0.40934
7802.51 -0.408182
7804.84 -0.406893
7807.17 -0.40547
7809.49 -0.403915
7811.82 -0.402227
7814.15 -0.400408
7816.47 -0.398456
7818.8 -0.396373
7821.13 -0.394159
7823.46 -0.391814
7825.78 -0.389339
7828.11 -0.386735
7830.44 -0.384001
7832.77 -0.38114
7835.09 -0.378151
7837.42 -0.375035
7839.75 -0.371794
7842.08 -0.368428
7844.4 -0.364938
7846.73 -0.361325
7849.06 -0.35759
7851.39 -0.353735
7853.71 -0.34976
7856.04 -0.345667
7858.37 -0.341457
7860.69 -0.337132
7863.02 -0.332692
7865.35 -0.32814
7867.68 -0.323476
7870 -0.318703
7872.33 -0.313821
7874.66 -0.308833
7876.99 -0.30374
7879.31 -0.298544
7881.64 -0.293247
7883.97 -0.28785
7886.3 -0.282355
7888.62 -0.276765
7890.95 -0.271081
7893.28 -0.265304
7895.61 -0.259438
7897.93 -0.253483
7900.26 -0.247443
7902.59 -0.241319
7904.91 -0.235113
7907.24 -0.228828
7909.57 -0.222465
7911.9 -0.216027
7914.22 -0.209517
7916.55 -0.202935
7918.88 -0.196285
7921.21 -0.18957
7923.53 -0.18279
7925.86 -0.175949
7928.19 -0.169049
7930.52 -0.162092
7932.84 -0.155081
7935.17 -0.148019
7937.5 -0.140906
7939.82 -0.133747
7942.15 -0.126543
7944.48 -0.119297
7946.81 -0.112011
7949.13 -0.104689
7951.46 -0.097331
7953.79 -0.0899412
7956.12 -0.0825215
7958.44 -0.0750746
7960.77 -0.067603
7963.1 -0.0601089
7965.43 -0.052595
7967.75 -0.0450637
7970.08 -0.0375175
7972.41 -0.0299589
7974.74 -0.0223903
7977.06 -0.0148142
7979.39 -0.00723299
7981.72 0.000350798
7984.04 0.00793484
7986.37 0.0155167
7988.7 0.0230939
7991.03 0.030664
7993.35 0.0382248
7995.68 0.0457738
7998.01 0.0533088
8000.34 0.0608272
8002.66 0.0683268
8004.99 0.0758054
8007.32 0.0832607
8009.65 0.0906903
8011.97 0.0980919
8014.3 0.105464
8016.63 0.112803
8018.95 0.120108
8021.28 0.127376
8023.61 0.134605
8025.94 0.141794
8028.26 0.148939
8030.59 0.156039
8032.92 0.163092
8035.25 0.170096
8037.57 0.177049
8039.9 0.183949
8042.23 0.190793
8044.56 0.197581
8046.88 0.204309
8049.21 0.210977
8051.54 0.217583
8053.87 0.224123
8056.19 0.230598
8058.52 0.237005
8060.85 0.243342
8063.17 0.249608
8065.5 0.255801
8067.83 0.261919
8070.16 0.26796
8072.48 0.273924
8074.81 0.279809
8077.14 0.285613
8079.47 0.291334
8081.79 0.296972
8084.12 0.302524
8086.45 0.30799
8088.78 0.313368
8091.1 0.318656
8093.43 0.323854
8095.76 0.32896
8098.09 0.333973
8100.41 0.338892
8102.74 0.343715
8105.07 0.348442
8107.39 0.353071
8109.72 0.357601
8112.05 0.362032
8114.38 0.366362
8116.7 0.37059
8119.03 0.374715
8121.36 0.378737
8123.69 0.382654
8126.01 0.386467
8128.34 0.390172
8130.67 0.393772
8133 0.397263
8135.32 0.400646
8137.65 0.40392
8139.98 0.407084
8142.3 0.410138
8144.63 0.413081
8146.96 0.415913
8149.29 0.418633
8151.61 0.42124
8153.94 0.423734
8156.27 0.426114
8158.6 0.428381
8160.92 0.430533
8163.25 0.432571
8165.58 0.434494
8167.91 0.436302
8170.23 0.437994
8172.56 0.43957
8174.89 0.44103
8177.22 0.442374
8179.54 0.443602
8181.87 0.444713
8184.2 0.445708
8186.52 0.446586
8188.85 0.447347
8191.18 0.447991
8193.51 0.448518
8195.83 0.448928
8198.16 0.449222
8200.49 0.449399
8202.82 0.449459
8205.14 0.449402
8207.47 0.449229
8209.8 0.448939
8212.13 0.448534
8214.45 0.448012
8216.78 0.447374
8219.11 0.446621
8221.43 0.445752
8223.76 0.444768
8226.09 0.44367
8228.42 0.442456
8230.74 0.441129
8233.07 0.439688
8235.4 0.438133
8237.73 0.436465
8240.05 0.434684
8242.38 0.432791
8244.71 0.430785
8247.04 0.428669
8249.36 0.426441
8251.69 0.424103
8254.02 0.421655
8256.35 0.419097
8258.67 0.41643
8261 0.413655
8263.33 0.410772
8265.65 0.407781
8267.98 0.404684
8270.31 0.401481
8272.64 0.398172
8274.96 0.394759
8277.29 0.391241
8279.62 0.38762
8281.95 0.383897
8284.27 0.380071
8286.6 0.376144
8288.93 0.372116
8291.26 0.367989
8293.58 0.363763
8295.91 0.359439
8298.24 0.355017
8300.57 0.350499
8302.89 0.345885
8305.22 0.341176
8307.55 0.336374
8309.87 0.331478
8312.2 0.326491
8314.53 0.321412
8316.86 0.316244
8319.18 0.310986
8321.51 0.30564
8323.84 0.300207
8326.17 0.294688
8328.49 0.289084
8330.82 0.283396
8333.15 0.277625
8335.48 0.271772
8337.8 0.265839
8340.13 0.259827
8342.46 0.253736
8344.78 0.247568
8347.11 0.241325
8349.44 0.235006
8351.77 0.228615
8354.09 0.222151
8356.42 0.215617
8358.75 0.209013
8361.08 0.20234
8363.4 0.195601
8365.73 0.188797
8368.06 0.181929
8370.39 0.174997
8372.71 0.168005
8375.04 0.160953
8377.37 0.153843
8379.7 0.146675
8382.02 0.139453
8384.35 0.132177
8386.68 0.124848
8389 0.117469
8391.33 0.110041
8393.66 0.102565
8395.99 0.0950436
8398.31 0.0874779
8400.64 0.0798697
8402.97 0.0722207
8405.3 0.0645326
8407.62 0.0568071
8409.95 0.0490459
8412.28 0.0412509
8414.61 0.0334237
8416.93 0.0255664
8419.26 0.0176806
8421.59 0.0097681
8423.92 0.00183087
8426.24 -0.00612916
8428.57 -0.0141101
8430.9 -0.0221101
8433.22 -0.0301273
8435.55 -0.0381595
8437.88 -0.0462048
8440.21 -0.0542613
8442.53 -0.0623269
8444.86 -0.0703996
8447.19 -0.0784772
8449.52 -0.0865578
8451.84 -0.0946393
8454.17 -0.102719
8456.5 -0.110796
8458.83 -0.118867
8461.15 -0.126931
8463.48 -0.134984
8465.81 -0.143026
8468.13 -0.151053
8470.46 -0.159063
8472.79 -0.167055
8475.12 -0.175025
8477.44 -0.182972
8479.77 -0.190893
8482.1 -0.198786
8484.43 -0.206649
8486.75 -0.214479
8489.08 -0.222274
8491.41 -0.230032
8493.74 -0.237749
8496.06 -0.245424
8498.39 -0.253055
8500.72 -0.260638
8503.05 -0.268172
8505.37 -0.275653
8507.7 -0.28308
8510.03 -0.29045
8512.35 -0.297761
8514.68 -0.305009
8517.01 -0.312193
8519.34 -0.31931
8521.66 -0.326358
8523.99 -0.333334
8526.32 -0.340235
8528.65 -0.347058
8530.97 -0.353803
8533.3 -0.360465
8535.63 -0.367043
8537.96 -0.373533
8540.28 -0.379934
8542.61 -0.386243
8544.94 -0.392458
8547.26 -0.398575
8549.59 -0.404592
8551.92 -0.410507
8554.25 -0.416318
8556.57 -0.422022
8558.9 -0.427617
8561.23 -0.433099
8563.56 -0.438468
8565.88 -0.44372
8568.21 -0.448853
8570.54 -0.453864
8572.87 -0.458752
8575.19 -0.463514
8577.52 -0.468148
8579.85 -0.472652
8582.18 -0.477023
8584.5 -0.48126
8586.83 -0.485359
8589.16 -0.48932
8591.48 -0.493139
8593.81 -0.496816
8596.14 -0.500348
8598.47 -0.503732
8600.79 -0.506968
8603.12 -0.510054
8605.45 -0.512987
8607.78 -0.515766
8610.1 -0.518389
8612.43 -0.520854
8614.76 -0.523161
8617.09 -0.525307
8619.41 -0.527291
8621.74 -0.529112
8624.07 -0.530768
8626.4 -0.532258
8628.72 -0.53358
8631.05 -0.534735
8633.38 -0.535719
8635.7 -0.536534
8638.03 -0.537177
8640.36 -0.537647
8642.69 -0.537945
8645.01 -0.538069
8647.34 -0.538018
8649.67 -0.537793
8652 -0.537392
8654.32 -0.536815
8656.65 -0.536062
8658.98 -0.535132
8661.31 -0.534026
8663.63 -0.532742
8665.96 -0.531283
8668.29 -0.529646
8670.61 -0.527833
8672.94 -0.525843
8675.27 -0.523678
8677.6 -0.521337
8679.92 -0.51882
8682.25 -0.51613
8684.58 -0.513265
8686.91 -0.510227
8689.23 -0.507017
8691.56 -0.503635
8693.89 -0.500083
8696.22 -0.496362
8698.54 -0.492472
8700.87 -0.488415
8703.2 -0.484193
8705.53 -0.479806
8707.85 -0.475256
8710.18 -0.470545
8712.51 -0.465675
8714.83 -0.460646
8717.16 -0.455461
8719.49 -0.450122
8721.82 -0.444631
8724.14 -0.438988
8726.47 -0.433198
8728.8 -0.427261
8731.13 -0.42118
8733.45 -0.414958
8735.78 -0.408596
8738.11 -0.402096
8740.44 -0.395462
8742.76 -0.388696
8745.09 -0.3818
8747.42 -0.374777
8749.74 -0.36763
8752.07 -0.360361
8754.4 -0.352974
8756.73 -0.34547
8759.05 -0.337853
8761.38 -0.330126
8763.71 -0.322291
8766.04 -0.314352
8768.36 -0.306311
8770.69 -0.298172
8773.02 -0.289938
8775.35 -0.281611
8777.67 -0.273195
8780 -0.264694
8782.33 -0.256109
8784.66 -0.247445
8786.98 -0.238705
8789.31 -0.229891
8791.64 -0.221008
8793.96 -0.212058
8796.29 -0.203045
8798.62 -0.193971
8800.95 -0.184841
8803.27 -0.175657
8805.6 -0.166423
8807.93 -0.157143
8810.26 -0.147818
8812.58 -0.138453
8814.91 -0.129052
8817.24 -0.119616
8819.57 -0.11015
8821.89 -0.100657
8824.22 -0.0911405
8826.55 -0.0816029
8828.88 -0.0720479
8831.2 -0.0624787
8833.53 -0.0528984
8835.86 -0.0433105
8838.18 -0.0337179
8840.51 -0.0241239
8842.84 -0.0145314
8845.17 -0.00494387
8847.49 0.0046358
8849.82 0.0142046
8852.15 0.0237594
8854.48 0.0332972
8856.8 0.0428149
8859.13 0.0523098
8861.46 0.0617787
8863.79 0.0712189
8866.11 0.0806273
8868.44 0.0900013
8870.77 0.0993379
8873.09 0.108634
8875.42 0.117888
8877.75 0.127096
8880.08 0.136256
8882.4 0.145365
8884.73 0.15442
8887.06 0.16342
8889.39 0.17236
8891.71 0.18124
8894.04 0.190056
8896.37 0.198806
8898.7 0.207487
8901.02 0.216098
8903.35 0.224635
8905.68 0.233097
8908.01 0.241482
8910.33 0.249786
8912.66 0.258009
8914.99 0.266148
8917.31 0.2742
8919.64 0.282164
8921.97 0.290038
8924.3 0.29782
8926.62 0.305507
8928.95 0.313099
8931.28 0.320593
8933.61 0.327987
8935.93 0.33528
8938.26 0.34247
8940.59 0.349555
8942.92 0.356533
8945.24 0.363404
8947.57 0.370165
8949.9 0.376815
8952.22 0.383353
8954.55 0.389777
8956.88 0.396086
8959.21 0.402278
8961.53 0.408352
8963.86 0.414307
8966.19 0.420142
8968.52 0.425855
8970.84 0.431446
8973.17 0.436913
8975.5 0.442256
8977.83 0.447473
8980.15 0.452563
8982.48 0.457525
8984.81 0.46236
8987.14 0.467065
8989.46 0.47164
8991.79 0.476084
8994.12 0.480396
8996.44 0.484577
8998.77 0.488625
9001.1 0.492539
9003.43 0.49632
9005.75 0.499966
9008.08 0.503477
9010.41 0.506852
9012.74 0.510092
9015.06 0.513196
9017.39 0.516163
9019.72 0.518994
9022.05 0.521687
9024.37 0.524243
9026.7 0.526662
9029.03 0.528943
9031.36 0.531087
9033.68 0.533092
9036.01 0.534959
9038.34 0.536689
9040.66 0.53828
9042.99 0.539734
9045.32 0.541049
9047.65 0.542226
9049.97 0.543266
9052.3 0.544168
9054.63 0.544932
9056.96 0.545559
9059.28 0.546049
9061.61 0.546402
9063.94 0.546618
9066.27 0.546697
9068.59 0.54664
9070.92 0.546447
9073.25 0.546119
9075.57 0.545655
9077.9 0.545056
9080.23 0.544323
9082.56 0.543455
9084.88 0.542454
9087.21 0.541319
9089.54 0.540051
9091.87 0.538651
9094.19 0.537119
9096.52 0.535455
9098.85 0.53366
9101.18 0.531734
9103.5 0.529678
9105.83 0.527493
9108.16 0.525179
9110.49 0.522736
9112.81 0.520166
9115.14 0.517468
9117.47 0.514644
9119.79 0.511694
9122.12 0.508618
9124.45 0.505417
9126.78 0.502093
9129.1 0.498645
9131.43 0.495074
9133.76 0.491381
9136.09 0.487567
9138.41 0.483632
9140.74 0.479577
9143.07 0.475403
9145.4 0.471111
9147.72 0.466701
9150.05 0.462174
9152.38 0.457532
9154.71 0.452774
9157.03 0.447902
9159.36 0.442916
9161.69 0.437818
9164.01 0.432608
9166.34 0.427287
9168.67 0.421856
9171 0.416317
9173.32 0.41067
9175.65 0.404915
9177.98 0.399055
9180.31 0.39309
9182.63 0.387021
9184.96 0.380849
9187.29 0.374575
9189.62 0.368201
9191.94 0.361727
9194.27 0.355155
9196.6 0.348485
9198.92 0.34172
9201.25 0.33486
9203.58 0.327906
9205.91 0.32086
9208.23 0.313723
9210.56 0.306496
9212.89 0.299181
9215.22 0.291779
9217.54 0.284291
9219.87 0.276719
9222.2 0.269064
9224.53 0.261327
9226.85 0.253511
9229.18 0.245615
9231.51 0.237643
9233.84 0.229596
9236.16 0.221474
9238.49 0.21328
9240.82 0.205016
9243.14 0.196682
9245.47 0.188281
9247.8 0.179814
9250.13 0.171282
9252.45 0.162689
9254.78 0.154034
9257.11 0.145321
9259.44 0.136551
9261.76 0.127725
9264.09 0.118845
9266.42 0.109914
9268.75 0.100933
9271.07 0.0919043
9273.4 0.0828294
9275.73 0.0737104
9278.05 0.0645493
9280.38 0.055348
9282.71 0.0461086
9285.04 0.0368332
9287.36 0.0275236
9289.69 0.0181821
9292.02 0.00881077
9294.35 -0.000588282
9296.67 -0.010013
9299 -0.0194611
9301.33 -0.0289304
9303.66 -0.0384187
9305.98 -0.0479237
9308.31 -0.0574433
9310.64 -0.066975
9312.97 -0.0765165
9315.29 -0.0860656
9317.62 -0.0956198
9319.95 -0.105177
9322.27 -0.114734
9324.6 -0.124289
9326.93 -0.13384
9329.26 -0.143383
9331.58 -0.152917
9333.91 -0.162439
9336.24 -0.171946
9338.57 -0.181436
9340.89 -0.190905
9343.22 -0.200352
9345.55 -0.209774
9347.88 -0.219168
9350.2 -0.228531
9352.53 -0.23786
9354.86 -0.247154
9357.19 -0.256408
9359.51 -0.26562
9361.84 -0.274788
9364.17 -0.283908
9366.49 -0.292978
9368.82 -0.301994
9371.15 -0.310954
9373.48 -0.319855
9375.8 -0.328693
9378.13 -0.337467
9380.46 -0.346172
9382.79 -0.354805
9385.11 -0.363365
9387.44 -0.371847
9389.77 -0.380249
9392.1 -0.388568
9394.42 -0.3968
9396.75 -0.404943
9399.08 -0.412992
9401.4 -0.420946
9403.73 -0.428802
9406.06 -0.436555
9408.39 -0.444203
9410.71 -0.451743
9413.04 -0.459172
9415.37 -0.466486
9417.7 -0.473683
9420.02 -0.480759
9422.35 -0.487712
9424.68 -0.494538
9427.01 -0.501235
9429.33 -0.507799
9431.66 -0.514227
9433.99 -0.520517
9436.32 -0.526665
9438.64 -0.532668
9440.97 -0.538524
9443.3 -0.54423
9445.62 -0.549783
9447.95 -0.555179
9450.28 -0.560417
9452.61 -0.565494
9454.93 -0.570407
9457.26 -0.575153
9459.59 -0.57973
9461.92 -0.584135
9464.24 -0.588366
9466.57 -0.59242
9468.9 -0.596296
9471.23 -0.59999
9473.55 -0.6035
9475.88 -0.606825
9478.21 -0.609962
9480.53 -0.61291
9482.86 -0.615665
9485.19 -0.618227
9487.52 -0.620593
9489.84 -0.622763
9492.17 -0.624733
9494.5 -0.626503
9496.83 -0.628072
9499.15 -0.629437
9501.48 -0.630597
9503.81 -0.631552
9506.14 -0.6323
9508.46 -0.63284
9510.79 -0.633172
9513.12 -0.633293
9515.45 -0.633205
9517.77 -0.632905
9520.1 -0.632394
9522.43 -0.631671
9524.75 -0.630736
9527.08 -0.629588
9529.41 -0.628228
9531.74 -0.626655
9534.06 -0.62487
9536.39 -0.622873
9538.72 -0.620663
9541.05 -0.618243
9543.37 -0.615611
9545.7 -0.612769
9548.03 -0.609718
9550.36 -0.606458
9552.68 -0.60299
9555.01 -0.599316
9557.34 -0.595437
9559.67 -0.591353
9561.99 -0.587067
9564.32 -0.582579
9566.65 -0.577892
9568.97 -0.573008
9571.3 -0.567927
9573.63 -0.562652
9575.96 -0.557185
9578.28 -0.551528
9580.61 -0.545683
9582.94 -0.539653
9585.27 -0.53344
9587.59 -0.527047
9589.92 -0.520475
9592.25 -0.513728
9594.58 -0.506809
9596.9 -0.49972
9599.23 -0.492464
9601.56 -0.485044
9603.88 -0.477463
9606.21 -0.469725
9608.54 -0.461832
9610.87 -0.453788
9613.19 -0.445596
9615.52 -0.43726
9617.85 -0.428783
9620.18 -0.420168
9622.5 -0.411419
9624.83 -0.402539
9627.16 -0.393533
9629.49 -0.384404
9631.81 -0.375155
9634.14 -0.365791
9636.47 -0.356315
9638.8 -0.346731
9641.12 -0.337043
9643.45 -0.327255
9645.78 -0.31737
9648.1 -0.307393
9650.43 -0.297327
9652.76 -0.287177
9655.09 -0.276946
9657.41 -0.266639
9659.74 -0.256259
9662.07 -0.245811
9664.4 -0.235298
9666.72 -0.224724
9669.05 -0.214093
9671.38 -0.20341
9673.71 -0.192678
9676.03 -0.181901
9678.36 -0.171084
9680.69 -0.160229
9683.01 -0.149342
9685.34 -0.138426
9687.67 -0.127484
9690 -0.116521
9692.32 -0.10554
9694.65 -0.0945456
9696.98 -0.0835412
9699.31 -0.0725306
9701.63 -0.0615176
9703.96 -0.0505058
9706.29 -0.0394987
9708.62 -0.0285001
9710.94 -0.0175137
9713.27 -0.00654284
9715.6 0.00440892
9717.93 0.0153381
9720.25 0.0262412
9722.58 0.0371148
9724.91 0.0479557
9727.23 0.0587605
9729.56 0.0695258
9731.89 0.0802485
9734.22 0.0909254
9736.54 0.101553
9738.87 0.112129
9741.2 0.12265
9743.53 0.133113
9745.85 0.143514
9748.18 0.153852
9750.51 0.164122
9752.84 0.174323
9755.16 0.184452
9757.49 0.194505
9759.82 0.20448
9762.15 0.214375
9764.47 0.224186
9766.8 0.233912
9769.13 0.24355
9771.45 0.253097
9773.78 0.262551
9776.11 0.271909
9778.44 0.28117
9780.76 0.290331
9783.09 0.29939
9785.42 0.308344
9787.75 0.317193
9790.07 0.325933
9792.4 0.334562
9794.73 0.343079
9797.06 0.351482
9799.38 0.359768
9801.71 0.367937
9804.04 0.375986
9806.36 0.383913
9808.69 0.391718
9811.02 0.399398
9813.35 0.406952
9815.67 0.414378
9818 0.421675
9820.33 0.428841
9822.66 0.435876
9824.98 0.442777
9827.31 0.449544
9829.64 0.456175
9831.97 0.46267
9834.29 0.469027
9836.62 0.475244
9838.95 0.481322
9841.28 0.487259
9843.6 0.493054
9845.93 0.498707
9848.26 0.504216
9850.58 0.509581
9852.91 0.514801
9855.24 0.519875
9857.57 0.524803
9859.89 0.529585
9862.22 0.534219
9864.55 0.538705
9866.88 0.543043
9869.2 0.547233
9871.53 0.551273
9873.86 0.555164
9876.19 0.558906
9878.51 0.562498
9880.84 0.56594
9883.17 0.569231
9885.5 0.572372
9887.82 0.575363
9890.15 0.578204
9892.48 0.580894
9894.8 0.583434
9897.13 0.585823
9899.46 0.588063
9901.79 0.590152
9904.11 0.592091
9906.44 0.59388
9908.77 0.59552
9911.1 0.59701
9913.42 0.598352
9915.75 0.599544
9918.08 0.600588
9920.41 0.601484
9922.73 0.602232
9925.06 0.602832
9927.39 0.603285
9929.71 0.603592
9932.04 0.603752
9934.37 0.603767
9936.7 0.603636
9939.02 0.60336
9941.35 0.60294
9943.68 0.602376
9946.01 0.601668
9948.33 0.600818
9950.66 0.599825
9952.99 0.59869
9955.32 0.597413
9957.64 0.595996
9959.97 0.594439
9962.3 0.592742
9964.63 0.590906
9966.95 0.588932
9969.28 0.586819
9971.61 0.58457
9973.93 0.582183
9976.26 0.579661
9978.59 0.577003
9980.92 0.57421
9983.24 0.571283
9985.57 0.568222
9987.9 0.565028
9990.23 0.561702
9992.55 0.558245
9994.88 0.554656
9997.21 0.550937
9999.54 0.547089
10001.9 0.543112
10004.2 0.539006
10006.5 0.534773
10008.8 0.530413
10011.2 0.525927
10013.5 0.521316
10015.8 0.51658
10018.2 0.511721
10020.5 0.506739
10022.8 0.501634
10025.1 0.496408
10027.5 0.491062
10029.8 0.485596
10032.1 0.480012
10034.4 0.47431
10036.8 0.46849
10039.1 0.462555
10041.4 0.456505
10043.8 0.45034
10046.1 0.444063
10048.4 0.437674
10050.7 0.431173
10053.1 0.424563
10055.4 0.417844
10057.7 0.411017
10060 0.404083
10062.4 0.397044
10064.7 0.389901
10067 0.382655
10069.4 0.375307
10071.7 0.367858
10074 0.36031
10076.3 0.352665
10078.7 0.344922
10081 0.337085
10083.3 0.329153
10085.6 0.321129
10088 0.313014
10090.3 0.30481
10092.6 0.296517
10095 0.288138
10097.3 0.279674
10099.6 0.271127
10101.9 0.262497
10104.3 0.253788
10106.6 0.245
10108.9 0.236135
10111.2 0.227194
10113.6 0.218181
10115.9 0.209095
10118.2 0.19994
10120.6 0.190716
10122.9 0.181426
10125.2 0.172071
10127.5 0.162654
10129.9 0.153176
10132.2 0.143639
10134.5 0.134045
10136.8 0.124395
10139.2 0.114693
10141.5 0.10494
10143.8 0.0951372
10146.2 0.0852877
10148.5 0.0753933
10150.8 0.065456
10153.1 0.0554779
10155.5 0.0454611
10157.8 0.035408
10160.1 0.0253205
10162.5 0.015201
10164.8 0.00505165
10167.1 -0.00512526
10169.4 -0.0153274
10171.8 -0.0255525
10174.1 -0.0357983
10176.4 -0.0460623
10178.7 -0.0563421
10181.1 -0.0666353
10183.4 -0.0769395
10185.7 -0.0872522
10188.1 -0.0975708
10190.4 -0.107893
10192.7 -0.118216
10195 -0.128537
10197.4 -0.138853
10199.7 -0.149163
10202 -0.159463
10204.3 -0.16975
10206.7 -0.180022
10209 -0.190276
10211.3 -0.200509
10213.7 -0.210719
10216 -0.220902
10218.3 -0.231055
10220.6 -0.241176
10223 -0.251261
10225.3 -0.261308
10227.6 -0.271313
10229.9 -0.281273
10232.3 -0.291186
10234.6 -0.301048
10236.9 -0.310856
10239.3 -0.320607
10241.6 -0.330297
10243.9 -0.339924
10246.2 -0.349483
10248.6 -0.358973
10250.9 -0.368388
10253.2 -0.377727
10255.5 -0.386986
10257.9 -0.396161
10260.2 -0.405249
10262.5 -0.414247
10264.9 -0.42315
10267.2 -0.431957
10269.5 -0.440663
10271.8 -0.449264
10274.2 -0.457758
10276.5 -0.466142
10278.8 -0.47441
10281.1 -0.482561
10283.5 -0.49059
10285.8 -0.498494
10288.1 -0.50627
10290.5 -0.513914
10292.8 -0.521423
10295.1 -0.528794
10297.4 -0.536022
10299.8 -0.543106
10302.1 -0.55004
10304.4 -0.556823
10306.7 -0.563451
10309.1 -0.56992
10311.4 -0.576227
10313.7 -0.582369
10316.1 -0.588344
10318.4 -0.594147
10320.7 -0.599776
10323 -0.605228
10325.4 -0.6105
10327.7 -0.615589
10330 -0.620493
10332.3 -0.625207
10334.7 -0.629731
10337 -0.63406
10339.3 -0.638193
10341.7 -0.642127
10344 -0.645859
10346.3 -0.649388
10348.6 -0.652711
10351 -0.655825
10353.3 -0.65873
10355.6 -0.661422
10357.9 -0.6639
10360.3 -0.666161
10362.6 -0.668205
10364.9 -0.67003
10367.3 -0.671634
10369.6 -0.673016
10371.9 -0.674173
10374.2 -0.675107
10376.6 -0.675814
10378.9 -0.676294
10381.2 -0.676547
10383.5 -0.676571
10385.9 -0.676366
10388.2 -0.675931
10390.5 -0.675266
10392.9 -0.674371
10395.2 -0.673245
10397.5 -0.671888
10399.8 -0.670302
10402.2 -0.668484
10404.5 -0.666437
10406.8 -0.66416
10409.2 -0.661655
10411.5 -0.65892
10413.8 -0.655959
10416.1 -0.652771
10418.5 -0.649357
10420.8 -0.64572
10423.1 -0.641859
10425.4 -0.637776
10427.8 -0.633474
10430.1 -0.628953
10432.4 -0.624216
10434.8 -0.619264
10437.1 -0.614099
10439.4 -0.608724
10441.7 -0.603141
10444.1 -0.597351
10446.4 -0.591358
10448.7 -0.585164
10451 -0.578772
10453.4 -0.572184
10455.7 -0.565403
10458 -0.558432
10460.4 -0.551275
10462.7 -0.543934
10465 -0.536413
10467.3 -0.528715
10469.7 -0.520843
10472 -0.5128
10474.3 -0.504591
10476.6 -0.496219
10479 -0.487687
10481.3 -0.478999
10483.6 -0.47016
10486 -0.461172
10488.3 -0.45204
10490.6 -0.442768
10492.9 -0.433359
10495.3 -0.423819
10497.6 -0.41415
10499.9 -0.404357
10502.2 -0.394444
10504.6 -0.384416
10506.9 -0.374276
10509.2 -0.364029
10511.6 -0.353679
10513.9 -0.34323
10516.2 -0.332687
10518.5 -0.322054
10520.9 -0.311335
10523.2 -0.300535
10525.5 -0.289658
10527.8 -0.278708
10530.2 -0.267689
10532.5 -0.256607
10534.8 -0.245465
10537.2 -0.234267
10539.5 -0.223018
10541.8 -0.211722
10544.1 -0.200384
10546.5 -0.189007
10548.8 -0.177596
10551.1 -0.166155
10553.4 -0.154688
10555.8 -0.143199
10558.1 -0.131693
10560.4 -0.120173
10562.8 -0.108644
10565.1 -0.0971095
10567.4 -0.0855734
10569.7 -0.0740398
10572.1 -0.0625125
10574.4 -0.0509954
10576.7 -0.0394923
10579 -0.028007
10581.4 -0.0165432
10583.7 -0.00510458
10586 0.00630523
10588.4 0.0176826
10590.7 0.029024
10593 0.040326
10595.3 0.0515852
10597.7 0.0627981
10600 0.0739613
10602.3 0.0850716
10604.6 0.0961259
10607 0.107121
10609.3 0.118053
10611.6 0.12892
10614 0.139718
10616.3 0.150445
10618.6 0.161097
10620.9 0.171672
10623.3 0.182167
10625.6 0.192579
10627.9 0.202905
10630.2 0.213143
10632.6 0.223291
10634.9 0.233344
10637.2 0.243302
10639.6 0.253162
10641.9 0.26292
10644.2 0.272576
10646.5 0.282126
10648.9 0.291569
10651.2 0.300902
10653.5 0.310124
10655.9 0.319232
10658.2 0.328223
10660.5 0.337097
10662.8 0.345851
10665.2 0.354484
10667.5 0.362994
10669.8 0.371378
10672.1 0.379636
10674.5 0.387765
10676.8 0.395765
10679.1 0.403633
10681.5 0.411368
10683.8 0.41897
10686.1 0.426435
10688.4 0.433764
10690.8 0.440954
10693.1 0.448006
10695.4 0.454917
10697.7 0.461686
10700.1 0.468313
10702.4 0.474796
10704.7 0.481135
10707.1 0.487328
10709.4 0.493376
10711.7 0.499276
10714 0.505029
10716.4 0.510634
10718.7 0.516089
10721 0.521395
10723.3 0.526552
10725.7 0.531557
10728 0.536412
10730.3 0.541115
10732.7 0.545667
10735 0.550067
10737.3 0.554315
10739.6 0.55841
10741.7 0.561941
10743.8 0.56535
10745.9 0.568637
10748 0.571802
10750 0.574845
10752.1 0.577766
10754.2 0.580565
10756.3 0.583242
10758.4 0.585798
10760.4 0.588231
10762.5 0.590543
10764.6 0.592733
10766.7 0.594802
10768.8 0.596749
10770.8 0.598576
10772.9 0.600282
10775 0.601867
10777.1 0.603332
10779.2 0.604677
10781.3 0.605942
10783.5 0.60708
10785.6 0.60809
10787.8 0.608973
10789.9 0.609728
10792.1 0.610357
10794.2 0.61086
10796.4 0.611237
10798.5 0.611488
10800.7 0.611615
10802.8 0.611617
10805 0.611494
10807.1 0.611248
10809.3 0.610878
10811.4 0.610385
10813.6 0.60977
10815.7 0.609032
10817.9 0.608173
10820.1 0.607193
10822.2 0.606092
10824.4 0.60487
10826.5 0.603529
10828.7 0.602068
10830.8 0.600488
10833 0.59879
10835.1 0.596974
10837.3 0.59504
10839.4 0.592988
10841.6 0.59082
10843.7 0.588536
10845.9 0.586136
10848 0.583621
10850.2 0.580991
10852.3 0.578247
10854.5 0.575389
10856.7 0.57227
10859 0.569027
10861.3 0.56566
10863.5 0.562171
10865.8 0.558559
10868 0.554825
10870.3 0.55097
10872.5 0.546994
10874.8 0.542898
10877.1 0.538683
10879.3 0.534348
10881.6 0.529896
10883.8 0.525326
10886.1 0.52064
10888.3 0.515837
10890.6 0.510919
10892.9 0.505885
10895.1 0.500738
10897.5 0.495283
10899.8 0.489706
10902.1 0.48401
10904.5 0.478194
10906.8 0.47226
10909.2 0.466209
10911.5 0.460041
10913.8 0.453758
10916.2 0.447361
10918.5 0.44085
10920.8 0.434227
10923.2 0.427493
10925.5 0.420649
10927.9 0.413695
10930.2 0.406635
10932.5 0.399467
10934.9 0.392195
10937.2 0.384818
10939.6 0.377338
10941.9 0.369758
10944.2 0.362077
10946.6 0.354297
10948.9 0.346421
10951.3 0.338448
10953.6 0.330381
10955.9 0.322221
10958.3 0.31397
10960.6 0.305629
10963 0.297199
10965.3 0.288684
10967.6 0.280083
10970 0.271398
10972.3 0.262633
10974.7 0.253787
10977 0.244863
10979.3 0.235862
10981.7 0.226787
10984 0.217639
10986.4 0.20842
10988.7 0.199131
10991 0.189775
10993.4 0.180354
10995.7 0.17087
10998.1 0.161323
11000.4 0.151718
11002.7 0.142054
11005.1 0.132335
11007.4 0.122563
11009.8 0.112738
11012.1 0.102865
11014.4 0.0929439
11016.8 0.0829778
11019.1 0.0729686
11021.5 0.0629185
11023.8 0.0528297
11026.1 0.0427045
11028.5 0.0325451
11030.8 0.0223536
11033.2 0.0121325
11035.5 0.00188407
11037.8 -0.00838936
11040.2 -0.0186855
11042.5 -0.0290018
11044.9 -0.0393358
11047.2 -0.0496852
11049.5 -0.0600475
11051.9 -0.0704202
11054.2 -0.0808005
11056.6 -0.0911861
11058.9 -0.101574
11061.2 -0.111962
11063.6 -0.122348
11065.9 -0.132728
11068.3 -0.1431
11070.6 -0.15346
11072.9 -0.163808
11075.3 -0.174138
11077.6 -0.184449
11079.9 -0.194738
11082.3 -0.205001
11084.6 -0.215236
11087 -0.22544
11089.3 -0.23561
11091.6 -0.245742
11094 -0.255833
11096.3 -0.265881
11098.7 -0.275882
11101 -0.285833
11103.3 -0.295731
11105.7 -0.305572
11108 -0.315353
11110.4 -0.325071
11112.7 -0.334723
11115 -0.344304
11117.4 -0.353813
11119.7 -0.363244
11122.1 -0.372596
11124.4 -0.381864
11126.7 -0.391045
11129.1 -0.400135
11131.4 -0.409132
11133.8 -0.41803
11136.1 -0.426828
11138.4 -0.435521
11140.8 -0.444106
11143.1 -0.452578
11145.5 -0.460936
11147.8 -0.469175
11150.1 -0.477291
11152.5 -0.485282
11154.8 -0.493143
11157.2 -0.500871
11159.5 -0.508463
11161.8 -0.515915
11164.2 -0.523223
11166.5 -0.530385
11168.9 -0.537396
11171.2 -0.544254
11173.5 -0.550955
11175.9 -0.557496
11178.2 -0.563873
11180.6 -0.570084
11182.9 -0.576124
11185.2 -0.581992
11187.6 -0.587683
11189.9 -0.593195
11192.3 -0.598525
11194.6 -0.60367
11196.9 -0.608627
11199.3 -0.613393
11201.6 -0.617966
11204 -0.622343
11206.3 -0.626521
11208.6 -0.630499
11211 -0.634273
11213.3 -0.637841
11215.7 -0.641201
11218 -0.64435
11220.3 -0.647288
11222.7 -0.650012
11225 -0.652519
11227.3 -0.654809
11229.7 -0.656879
11232 -0.658729
11234.4 -0.660356
11236.7 -0.66176
11239 -0.662938
11241.4 -0.663891
11243.7 -0.664617
11246.1 -0.665114
11248.4 -0.665384
11250.7 -0.665424
11253.1 -0.665234
11255.4 -0.664814
11257.8 -0.664164
11260.1 -0.663283
11262.4 -0.662172
11264.8 -0.660831
11267.1 -0.659259
11269.5 -0.657457
11271.8 -0.655426
11274.1 -0.653167
11276.5 -0.650679
11278.8 -0.647964
11281.2 -0.645023
11283.5 -0.641857
11285.8 -0.638467
11288.2 -0.634855
11290.5 -0.631022
11292.9 -0.626969
11295.2 -0.622699
11297.5 -0.618212
11299.9 -0.613512
11302.2 -0.6086
11304.6 -0.603478
11306.9 -0.598148
11309.2 -0.592614
11311.6 -0.586877
11313.9 -0.58094
11316.3 -0.574805
11318.6 -0.568476
11320.9 -0.561955
11323.3 -0.555246
11325.6 -0.54835
11328 -0.541273
11330.3 -0.534015
11332.6 -0.526582
11335 -0.518976
11337.3 -0.511201
11339.7 -0.503261
11342 -0.495158
11344.3 -0.486897
11346.7 -0.478481
11349 -0.469914
11351.4 -0.4612
11353.7 -0.452343
11356 -0.443346
11358.4 -0.434215
11360.7 -0.424952
11363.1 -0.415561
11365.4 -0.406048
11367.7 -0.396416
11370.1 -0.386669
11372.4 -0.376811
11374.7 -0.366847
11377.1 -0.35678
11379.4 -0.346616
11381.8 -0.336358
11384.1 -0.32601
11386.4 -0.315578
11388.8 -0.305065
11391.1 -0.294475
11393.5 -0.283813
11395.8 -0.273083
11398.1 -0.262289
11400.5 -0.251436
11402.8 -0.240528
11405.2 -0.229569
11407.5 -0.218564
11409.8 -0.207516
11412.2 -0.19643
11414.5 -0.18531
11416.9 -0.174161
11419.2 -0.162986
11421.5 -0.151789
11423.9 -0.140575
11426.2 -0.129348
11428.6 -0.118111
11430.9 -0.106869
11433.2 -0.0956259
11435.6 -0.0843851
11437.9 -0.0731508
11440.3 -0.0619268
11442.6 -0.0507168
11444.9 -0.0395248
11447.3 -0.0283543
11449.6 -0.0172089
11452 -0.00609246
11454.3 0.00499155
11456.6 0.0160396
11459 0.0270483
11461.3 0.0380141
11463.7 0.0489337
11466 0.0598037
11468.3 0.0706209
11470.7 0.0813821
11473 0.0920841
11475.4 0.102724
11477.7 0.113298
11480 0.123804
11482.4 0.134239
11484.7 0.144599
11487.1 0.154882
11489.4 0.165086
11491.7 0.175207
11494.1 0.185242
11496.4 0.19519
11498.8 0.205048
11501.1 0.214812
11503.4 0.224482
11505.8 0.234053
11508.1 0.243525
11510.5 0.252895
11512.8 0.26216
11515.1 0.271318
11517.5 0.280368
11519.8 0.289307
11522.2 0.298133
11524.5 0.306844
11526.8 0.31544
11529.2 0.323916
11531.5 0.332273
11533.8 0.340508
11536.2 0.34862
11538.5 0.356607
11540.9 0.364467
11543.2 0.372199
11545.5 0.379802
11547.9 0.387274
11550.2 0.394615
11552.6 0.401822
11554.9 0.408895
11557.2 0.415832
11559.6 0.422632
11561.9 0.429295
11564.3 0.435819
11566.6 0.442204
11568.9 0.448448
11571.3 0.454551
11573.6 0.460512
11576 0.46633
11578.1 0.471427
11580.2 0.476408
11582.3 0.481272
11584.4 0.48602
11586.5 0.490651
11588.6 0.495165
11590.7 0.499562
11592.8 0.50384
11594.9 0.508
11597 0.512042
11599 0.515965
11601.1 0.51977
11603.2 0.523456
11605.3 0.527023
11607.4 0.530471
11609.5 0.5338
11611.6 0.53701
11613.7 0.540101
11615.8 0.543073
11617.9 0.545925
11620 0.548659
11622.1 0.551274
11624.2 0.553771
11626.3 0.556148
11628.4 0.558407
11630.5 0.560548
11632.6 0.56257
11634.7 0.564474
11636.8 0.566261
11638.9 0.567929
11641 0.569481
11643.1 0.570915
11645.2 0.572232
11647.3 0.573433
11649.4 0.574517
11651.5 0.575485
11653.6 0.576337
11655.7 0.577074
11657.8 0.577695
11659.9 0.578202
11662 0.578594
11664.1 0.578871
11666.2 0.579035
11668.3 0.579085
11670.4 0.579021
11672.5 0.578845
11674.6 0.578556
11676.7 0.578155
11678.8 0.577642
11680.9 0.577017
11683 0.576282
11685.1 0.575435
11687.2 0.574478
11689.3 0.573411
11691.4 0.572234
11693.5 0.570947
11695.6 0.569552
11697.7 0.568048
11699.8 0.566436
11701.9 0.564715
11704 0.562888
11706.1 0.560953
11708.2 0.558911
11710.3 0.556763
11712.4 0.554509
11714.5 0.552149
11716.6 0.549685
11718.7 0.547115
11720.8 0.544441
11723 0.541544
11725.1 0.538534
11727.3 0.535412
11729.5 0.532179
11731.7 0.528835
11733.9 0.525381
11736.1 0.521816
11738.3 0.518142
11740.5 0.514359
11742.6 0.510467
11744.8 0.506468
11747 0.502361
11749.2 0.498148
11751.4 0.493829
11753.6 0.489404
11755.8 0.484874
11758 0.48004
11760.3 0.475094
11762.6 0.470036
11764.9 0.464867
11767.2 0.459588
11769.4 0.454199
11771.7 0.448702
11774 0.443097
11776.3 0.437386
11778.6 0.431569
11780.8 0.425647
11783.1 0.419621
11785.4 0.413492
11787.7 0.407262
11790 0.400931
11792.2 0.3945
11794.5 0.38797
11796.8 0.381343
11799.1 0.37462
11801.4 0.367802
11803.6 0.36089
11805.9 0.353885
11808.3 0.346535
11810.6 0.339088
11813 0.331546
11815.4 0.32391
11817.7 0.316183
11820.1 0.308364
11822.5 0.300457
11824.8 0.292463
11827.2 0.284383
11829.5 0.276218
11831.9 0.267972
11834.3 0.259644
11836.6 0.251238
11839 0.242755
11841.3 0.234196
11843.7 0.225564
11846.1 0.216859
11848.4 0.208085
11850.8 0.199243
11853.2 0.190335
11855.5 0.181363
11857.9 0.172328
11860.2 0.163233
11862.6 0.15408
11865 0.14487
11867.3 0.135607
11869.7 0.126291
11872 0.116925
11874.4 0.107511
11876.8 0.0980508
11879.1 0.0885471
11881.5 0.0790019
11883.8 0.0694174
11886.2 0.0597956
11888.6 0.0501388
11890.9 0.0404495
11893.3 0.0307298
11895.7 0.0209819
11898 0.0112083
11900.4 0.00141136
11902.7 -0.00840656
11905.1 -0.0182431
11907.5 -0.0280958
11909.8 -0.0379622
11912.2 -0.0478397
11914.5 -0.057726
11916.9 -0.0676183
11919.3 -0.0775142
11921.6 -0.087411
11924 -0.0973061
11926.4 -0.107197
11928.7 -0.117081
11931.1 -0.126954
11933.4 -0.136816
11935.8 -0.146662
11938.2 -0.15649
11940.5 -0.166296
11942.9 -0.176079
11945.2 -0.185835
11947.6 -0.195562
11950 -0.205255
11952.3 -0.214913
11954.7 -0.224532
11957 -0.23411
11959.4 -0.243642
11961.8 -0.253127
11964.1 -0.26256
11966.5 -0.271939
11968.9 -0.281261
11971.2 -0.290521
11973.6 -0.299718
11975.9 -0.308848
11978.3 -0.317907
11980.7 -0.326893
11983 -0.335801
11985.4 -0.344629
11987.7 -0.353373
11990.1 -0.36203
11992.5 -0.370597
11994.8 -0.379069
11997.2 -0.387445
11999.6 -0.39572
12001.9 -0.403891
12004.3 -0.411955
12006.6 -0.419908
12009 -0.427747
12011.4 -0.435468
12013.7 -0.443069
12016.1 -0.450546
12018.4 -0.457895
12020.8 -0.465114
12023.2 -0.472198
12025.5 -0.479145
12027.9 -0.485952
12030.2 -0.492615
12032.6 -0.499131
12035 -0.505497
12037.3 -0.511711
12039.7 -0.517768
12042.1 -0.523666
12044.4 -0.529401
12046.8 -0.534972
12049.1 -0.540375
12051.5 -0.545608
12053.9 -0.550667
12056.2 -0.55555
12058.6 -0.560254
12060.9 -0.564777
12063.3 -0.569117
12065.7 -0.57327
12068 -0.577235
12070.4 -0.58101
12072.8 -0.584592
12075.1 -0.587978
12077.5 -0.591169
12079.8 -0.59416
12082.2 -0.596951
12084.6 -0.599539
12086.9 -0.601924
12089.3 -0.604104
12091.6 -0.606076
12094 -0.607841
12096.4 -0.609396
12098.7 -0.610741
12101.1 -0.611875
12103.4 -0.612796
12105.8 -0.613504
12108.2 -0.613999
12110.5 -0.614279
12112.9 -0.614344
12115.3 -0.614195
12117.6 -0.61383
12120 -0.61325
12122.3 -0.612454
12124.7 -0.611444
12127.1 -0.610218
12129.4 -0.608778
12131.8 -0.607124
12134.1 -0.605256
12136.5 -0.603175
12138.9 -0.600883
12141.2 -0.598379
12143.6 -0.595665
12146 -0.592743
12148.3 -0.589613
12150.7 -0.586277
12153 -0.582736
12155.4 -0.578991
12157.8 -0.575046
12160.1 -0.570901
12162.5 -0.566558
12164.8 -0.562019
12167.2 -0.557287
12169.6 -0.552363
12171.9 -0.54725
12174.3 -0.54195
12176.6 -0.536466
12179 -0.5308
12181.4 -0.524954
12183.7 -0.518933
12186.1 -0.512737
12188.5 -0.506371
12190.8 -0.499837
12193.2 -0.493138
12195.5 -0.486277
12197.9 -0.479258
12200.3 -0.472083
12202.6 -0.464756
12205 -0.457281
12207.3 -0.449659
12209.7 -0.441896
12212.1 -0.433994
12214.4 -0.425957
12216.8 -0.417789
12219.2 -0.409493
12221.5 -0.401073
12223.9 -0.392532
12226.2 -0.383875
12228.6 -0.375105
12231 -0.366225
12233.3 -0.357241
12235.7 -0.348154
12238 -0.338971
12240.4 -0.329693
12242.8 -0.320326
12245.1 -0.310872
12247.5 -0.301337
12249.8 -0.291724
12252.2 -0.282036
12254.6 -0.272279
12256.9 -0.262455
12259.3 -0.252569
12261.7 -0.242625
12264 -0.232626
12266.4 -0.222577
12268.7 -0.212482
12271.1 -0.202344
12273.5 -0.192168
12275.8 -0.181957
12278.2 -0.171715
12280.5 -0.161446
12282.9 -0.151154
12285.3 -0.140843
12287.6 -0.130516
12290 -0.120178
12292.4 -0.109831
12294.7 -0.099481
12297.1 -0.0891301
12299.4 -0.0787825
12301.8 -0.0684416
12304.2 -0.0581112
12306.5 -0.0477947
12308.9 -0.0374957
12311.2 -0.0272178
12313.6 -0.0169643
12316 -0.00673854
12318.3 0.00345596
12320.7 0.0136159
12323 0.023738
12325.4 0.0338192
12327.8 0.0438561
12330.1 0.0538456
12332.5 0.0637847
12334.9 0.0736703
12337.2 0.0834996
12339.6 0.0932693
12341.9 0.102977
12344.3 0.112619
12346.7 0.122194
12349 0.131697
12351.4 0.141128
12353.7 0.150483
12356.1 0.159759
12358.5 0.168954
12360.8 0.178066
12363.2 0.187092
12365.6 0.19603
12367.9 0.204877
12370.3 0.213632
12372.6 0.222291
12375 0.230854
12377.4 0.239318
12379.7 0.247681
12382.1 0.255941
12384.4 0.264096
12386.8 0.272145
12389.2 0.280085
12391.5 0.287915
12393.9 0.295633
12396.2 0.303238
12398.6 0.310728
12401 0.318102
12403.3 0.325358
12405.7 0.332495
12408.1 0.339511
12410.4 0.346405
12412.8 0.353176
12415.1 0.359824
12417.5 0.366346
12419.9 0.372741
12422.2 0.37901
12424.6 0.38515
12426.9 0.391161
12429.1 0.396459
12431.2 0.401651
12433.4 0.406983
12435.7 0.412197
12437.9 0.417293
12440.1 0.422271
12442.3 0.427129
12444.6 0.431867
12446.8 0.436485
12449 0.440983
12451.3 0.44536
12453.5 0.449615
12455.7 0.45375
12457.9 0.457762
12460.2 0.461652
12462.4 0.465421
12464.6 0.469066
12466.9 0.47259
12469.1 0.475991
12471.3 0.479269
12473.5 0.482424
12475.8 0.485457
12478 0.488366
12480.2 0.491153
12482.5 0.493817
12484.7 0.496358
12486.9 0.498776
12489.1 0.501072
12491.4 0.503245
12493.6 0.505296
12495.8 0.507224
12498.1 0.509031
12500.3 0.510715
12502.5 0.512277
12504.7 0.513718
12507 0.515037
12509.2 0.516235
12511.4 0.517312
12513.7 0.518268
12515.9 0.519103
12518.1 0.519818
12520.3 0.520413
12522.6 0.520888
12524.8 0.521244
12527 0.52148
12529.3 0.521598
12531.5 0.521596
12533.7 0.521477
12535.9 0.521239
12538.2 0.520883
12540.4 0.52041
12542.6 0.51982
12544.9 0.519113
12547.1 0.518289
12549.3 0.51735
12551.5 0.516294
12553.8 0.515123
12556 0.513837
12558.2 0.512436
12560.5 0.510921
12562.7 0.509292
12564.9 0.507549
12567.2 0.505693
12569.4 0.503724
12571.6 0.501643
12573.8 0.49945
12576.1 0.497145
12578.3 0.49473
12580.5 0.492203
12582.8 0.489567
12585 0.48682
12587.2 0.483965
12589.4 0.481001
12591.7 0.477928
12593.9 0.474748
12596.1 0.471461
12598.4 0.468067
12600.6 0.464567
12602.8 0.460962
12605 0.457251
12607.3 0.453437
12609.5 0.449519
12611.7 0.445498
12614 0.441375
12616.2 0.437151
12618.4 0.432826
12620.6 0.4284
12622.9 0.423875
12625.1 0.419252
12627.3 0.414531
12629.6 0.409713
12631.8 0.4048
12634 0.39979
12636.2 0.394687
12638.5 0.38949
12640.7 0.384201
12642.9 0.37882
12645.2 0.373349
12647.4 0.367788
12649.6 0.362138
12651.8 0.356401
12654.1 0.350578
12656.3 0.344669
12658.5 0.338676
12660.8 0.3326
12663 0.326442
12665.2 0.320203
12667.4 0.313885
12669.7 0.307488
12671.9 0.301014
12674.1 0.294464
12676.4 0.287839
12678.6 0.281141
12680.8 0.274371
12683 0.26753
12685.3 0.26062
12687.5 0.253642
12689.8 0.246283
12692.2 0.238854
12694.5 0.231355
12696.8 0.223789
12699.1 0.216156
12701.5 0.208459
12703.8 0.200698
12706.1 0.192877
12708.5 0.184996
12710.8 0.177058
12713.1 0.169063
12715.4 0.161015
12717.8 0.152914
12720.1 0.144762
12722.4 0.136562
12724.7 0.128315
12727.1 0.120023
12729.4 0.111688
12731.7 0.103312
12734.1 0.0948961
12736.4 0.0864433
12738.7 0.0779552
12741 0.0694337
12743.4 0.0608808
12745.7 0.0522987
12748 0.0436893
12750.3 0.0350546
12752.7 0.0263968
12755 0.0177179
12757.3 0.00902023
12759.7 0.000305734
12762 -0.0084234
12764.3 -0.0171649
12766.6 -0.0259166
12769 -0.0346763
12771.3 -0.0434417
12773.6 -0.0522106
12775.9 -0.0609806
12778.3 -0.0697494
12780.6 -0.0785146
12782.9 -0.0872741
12785.3 -0.0960252
12787.6 -0.104766
12789.9 -0.113493
12792.2 -0.122204
12794.6 -0.130898
12796.9 -0.139571
12799.2 -0.148221
12801.5 -0.156845
12803.9 -0.165441
12806.2 -0.174006
12808.5 -0.182538
12810.9 -0.191034
12813.2 -0.199491
12815.5 -0.207907
12817.8 -0.216278
12820.2 -0.224603
12822.5 -0.232879
12824.8 -0.241102
12827.1 -0.24927
12829.5 -0.257381
12831.8 -0.265431
12834.1 -0.273418
12836.5 -0.281339
12838.8 -0.289191
12841.1 -0.296971
12843.4 -0.304677
12845.8 -0.312305
12848.1 -0.319854
12850.4 -0.32732
12852.7 -0.3347
12855.1 -0.341991
12857.4 -0.349191
12859.7 -0.356297
12862.1 -0.363306
12864.4 -0.370216
12866.7 -0.377023
12869 -0.383725
12871.4 -0.390319
12873.7 -0.396802
12876 -0.403172
12878.4 -0.409426
12880.7 -0.415562
12883 -0.421576
12885.3 -0.427466
12887.7 -0.43323
12890 -0.438865
12892.3 -0.444369
12894.6 -0.449739
12897 -0.454973
12899.3 -0.460068
12901.6 -0.465022
12904 -0.469833
12906.3 -0.474499
12908.6 -0.479017
12910.9 -0.483385
12913.3 -0.487602
12915.6 -0.491664
12917.9 -0.495571
12920.2 -0.499321
12922.6 -0.502911
12924.9 -0.50634
12927.2 -0.509606
12929.6 -0.512708
12931.9 -0.515644
12934.2 -0.518412
12936.5 -0.521011
12938.9 -0.523441
12941.2 -0.525698
12943.5 -0.527784
12945.8 -0.529695
12948.2 -0.531432
12950.5 -0.532993
12952.8 -0.534377
12955.2 -0.535585
12957.5 -0.536614
12959.8 -0.537465
12962.1 -0.538137
12964.5 -0.53863
12966.8 -0.538942
12969.1 -0.539075
12971.4 -0.539028
12973.8 -0.5388
12976.1 -0.538392
12978.4 -0.537804
12980.8 -0.537036
12983.1 -0.536089
12985.4 -0.534962
12987.7 -0.533657
12990.1 -0.532173
12992.4 -0.530511
12994.7 -0.528673
12997 -0.526658
12999.4 -0.524469
13001.7 -0.522105
13004 -0.519568
13006.4 -0.516858
13008.7 -0.513978
13011 -0.510928
13013.3 -0.50771
13015.7 -0.504325
13018 -0.500775
13020.3 -0.497062
13022.6 -0.493186
13025 -0.48915
13027.3 -0.484955
13029.6 -0.480604
13032 -0.476098
13034.3 -0.471439
13036.6 -0.466629
13038.9 -0.461671
13041.3 -0.456567
13043.6 -0.451318
13045.9 -0.445928
13048.2 -0.440398
13050.6 -0.434731
13052.9 -0.428929
13055.2 -0.422996
13057.6 -0.416932
13059.9 -0.410742
13062.2 -0.404427
13064.5 -0.39799
13066.9 -0.391434
13069.2 -0.384762
13071.5 -0.377977
13073.9 -0.371081
13076.2 -0.364077
13078.5 -0.356968
13080.8 -0.349757
13083.2 -0.342448
13085.5 -0.335042
13087.8 -0.327543
13090.1 -0.319954
13092.5 -0.312278
13094.8 -0.304518
13097.1 -0.296677
13099.5 -0.288759
13101.8 -0.280765
13104.1 -0.272701
13106.4 -0.264568
13108.8 -0.25637
13111.1 -0.24811
13113.4 -0.239791
13115.7 -0.231416
13118.1 -0.222989
13120.4 -0.214512
13122.7 -0.20599
13125.1 -0.197424
13127.4 -0.188819
13129.7 -0.180177
13132 -0.171501
13134.4 -0.162796
13136.7 -0.154063
13139 -0.145306
13141.3 -0.136529
13143.7 -0.127734
13146 -0.118924
13148.3 -0.110103
13150.7 -0.101274
13153 -0.0924392
13155.3 -0.0836023
13157.6 -0.0747661
13160 -0.0659336
13162.3 -0.0571079
13164.6 -0.0482919
13166.9 -0.0394886
13169.3 -0.0307007
13171.6 -0.0219312
13173.9 -0.013183
13176.3 -0.00445879
13178.6 0.00423856
13180.9 0.0129064
13183.2 0.021542
13185.6 0.0301425
13187.9 0.0387055
13190.2 0.0472283
13192.5 0.0557084
13194.9 0.0641432
13197.2 0.0725301
13199.5 0.0808669
13201.9 0.0891512
13204.2 0.0973804
13206.5 0.105552
13208.8 0.113665
13211.2 0.121715
13213.5 0.129702
13215.8 0.137622
13218.1 0.145475
13220.5 0.153257
13222.8 0.160966
13225.1 0.168602
13227.5 0.176161
13229.8 0.183643
13232.1 0.191044
13234.4 0.198364
13236.8 0.205601
13239.1 0.212753
13241.4 0.219818
13243.7 0.226795
13246.1 0.233682
13248.4 0.240478
13250.7 0.247181
13253.1 0.253791
13255.4 0.260305
13257.7 0.266722
13260 0.273041
13262.4 0.279262
13264.7 0.285382
13267 0.2914
13269.4 0.297316
13271.7 0.303129
13274 0.308837
13276.3 0.31444
13278.7 0.319936
13281 0.325325
13283.3 0.330606
13285.6 0.335778
13288 0.340841
13290.3 0.345794
13292.6 0.350635
13295 0.355366
13297.3 0.359984
13299.6 0.364489
13301.9 0.368881
13304.3 0.37316
13306.6 0.377324
13308.9 0.381374
13311.2 0.385309
13313.6 0.389129
13315.9 0.392833
13318.2 0.396421
13320.6 0.399893
13322.9 0.403249
13325.2 0.406487
13327.5 0.409609
13329.9 0.412614
13332.2 0.415502
13334.5 0.418273
13336.8 0.420926
13339.2 0.423461
13341.5 0.425879
13343.8 0.42818
13346.2 0.430362
13348.5 0.432427
13350.8 0.434375
13353.1 0.436204
13355.2 0.437732
13357.3 0.439167
13359.5 0.440583
13361.7 0.441896
13363.8 0.443105
13366 0.44421
13368.2 0.445211
13370.4 0.446109
13372.6 0.446904
13374.8 0.447596
13377 0.448184
13379.2 0.448669
13381.3 0.449052
13383.5 0.449332
13385.7 0.449509
13387.9 0.449584
13390.1 0.449557
13392.3 0.449428
13394.5 0.449197
13396.7 0.448864
13398.8 0.44843
13401 0.447895
13403.2 0.447259
13405.4 0.446522
13407.6 0.445685
13409.8 0.444747
13412 0.44371
13414.2 0.442573
13416.3 0.441337
13418.5 0.440002
13420.7 0.438568
13422.9 0.437035
13425.1 0.435405
13427.3 0.433677
13429.5 0.431851
13431.7 0.429929
13433.9 0.42791
13436 0.425794
13438.2 0.423583
13440.4 0.421277
13442.6 0.418876
13444.8 0.41638
13447 0.413791
13449.2 0.411108
13451.4 0.408332
13453.5 0.405464
13455.7 0.402504
13457.9 0.399453
13460.1 0.396311
13462.3 0.393079
13464.5 0.389757
13466.7 0.386347
13468.9 0.382848
13471 0.379262
13473.2 0.375589
13475.4 0.371831
13477.6 0.367986
13479.8 0.364057
13482 0.360045
13484.2 0.355949
13486.4 0.351771
13488.6 0.347512
13490.7 0.343172
13492.9 0.338752
13495.1 0.334254
13497.3 0.329678
13499.5 0.325024
13501.7 0.320295
13503.9 0.31549
13506.1 0.310612
13508.2 0.30566
13510.4 0.300636
13512.6 0.295541
13514.8 0.290376
13517 0.285142
13519.2 0.27984
13521.4 0.274471
13523.6 0.269036
13525.7 0.263536
13527.9 0.257974
13530.1 0.252348
13532.3 0.246662
13534.5 0.240915
13536.7 0.23511
13538.9 0.229247
13541.1 0.223327
13543.3 0.217353
13545.4 0.211324
13547.6 0.205243
13549.8 0.19911
13552 0.192927
13554.2 0.186695
13556.4 0.180415
13558.6 0.174089
13560.8 0.167718
13562.9 0.161304
13565.1 0.154847
13567.3 0.148349
13569.5 0.141811
13571.7 0.135236
13573.9 0.128623
13576.1 0.121975
13578.3 0.115293
13580.4 0.108578
13582.6 0.101832
13584.8 0.0950566
13587 0.0882525
13589.2 0.0814215
13591.4 0.0745651
13593.6 0.0676849
13595.9 0.0604754
13598.1 0.0532431
13600.4 0.0459897
13602.7 0.0387172
13605 0.0314271
13607.3 0.0241211
13609.6 0.0168012
13611.9 0.00946921
13614.1 0.00212683
13616.4 -0.00522412
13618.7 -0.0125818
13621 -0.0199443
13623.3 -0.0273097
13625.6 -0.0346762
13627.9 -0.042042
13630.1 -0.049405
13632.4 -0.0567632
13634.7 -0.0641148
13637 -0.0714579
13639.3 -0.0787904
13641.6 -0.0861104
13643.8 -0.0934157
13646.1 -0.100704
13648.4 -0.107975
13650.7 -0.115224
13653 -0.122451
13655.3 -0.129653
13657.6 -0.136828
13659.8 -0.143974
13662.1 -0.151088
13664.4 -0.15817
13666.7 -0.165216
13669 -0.172225
13671.3 -0.179194
13673.6 -0.186121
13675.8 -0.193004
13678.1 -0.199841
13680.4 -0.20663
13682.7 -0.213368
13685 -0.220053
13687.3 -0.226684
13689.5 -0.233257
13691.8 -0.239771
13694.1 -0.246223
13696.4 -0.252612
13698.7 -0.258935
13701 -0.26519
13703.3 -0.271375
13705.5 -0.277487
13707.8 -0.283525
13710.1 -0.289486
13712.4 -0.295368
13714.7 -0.301169
13717 -0.306887
13719.3 -0.31252
13721.5 -0.318065
13723.8 -0.323522
13726.1 -0.328886
13728.4 -0.334158
13730.7 -0.339334
13733 -0.344413
13735.2 -0.349392
13737.5 -0.35427
13739.8 -0.359045
13742.1 -0.363715
13744.4 -0.368278
13746.7 -0.372732
13749 -0.377076
13751.2 -0.381308
13753.5 -0.385426
13755.8 -0.389428
13758.1 -0.393314
13760.4 -0.39708
13762.7 -0.400727
13765 -0.404252
13767.2 -0.407654
13769.5 -0.410931
13771.8 -0.414083
13774.1 -0.417107
13776.4 -0.420003
13778.7 -0.422769
13781 -0.425405
13783.2 -0.427909
13785.5 -0.43028
13787.8 -0.432518
13790.1 -0.43462
13792.4 -0.436587
13794.7 -0.438418
13796.9 -0.440112
13799.2 -0.441668
13801.5 -0.443085
13803.8 -0.444364
13806.1 -0.445503
13808.4 -0.446502
13810.7 -0.44736
13812.9 -0.448078
13815.2 -0.448656
13817.5 -0.449092
13819.8 -0.449386
13822.1 -0.44954
13824.4 -0.449552
13826.7 -0.449423
13828.9 -0.449153
13831.2 -0.448741
13833.5 -0.448189
13835.8 -0.447496
13838.1 -0.446663
13840.4 -0.445691
13842.6 -0.444579
13844.9 -0.443328
13847.2 -0.44194
13849.5 -0.440413
13851.8 -0.43875
13854.1 -0.436951
13856.4 -0.435016
13858.6 -0.432947
13860.9 -0.430744
13863.2 -0.428409
13865.5 -0.425943
13867.8 -0.423346
13870.1 -0.420619
13872.4 -0.417765
13874.6 -0.414783
13876.9 -0.411676
13879.2 -0.408444
13881.5 -0.40509
13883.8 -0.401613
13886.1 -0.398017
13888.3 -0.394302
13890.6 -0.39047
13892.9 -0.386522
13895.2 -0.38246
13897.5 -0.378286
13899.8 -0.374001
13902.1 -0.369608
13904.3 -0.365107
13906.6 -0.3605
13908.9 -0.355791
13911.2 -0.350979
13913.5 -0.346068
13915.8 -0.341059
13918.1 -0.335954
13920.3 -0.330755
13922.6 -0.325464
13924.9 -0.320083
13927.2 -0.314614
13929.5 -0.309059
13931.8 -0.303421
13934 -0.297702
13936.3 -0.291903
13938.6 -0.286026
13940.9 -0.280075
13943.2 -0.274051
13945.5 -0.267957
13947.8 -0.261794
13950 -0.255565
13952.3 -0.249272
13954.6 -0.242918
13956.9 -0.236505
13959.2 -0.230035
13961.5 -0.22351
13963.8 -0.216933
13966 -0.210307
13968.3 -0.203633
13970.6 -0.196914
13972.9 -0.190153
13975.2 -0.183351
13977.5 -0.176511
13979.8 -0.169635
13982 -0.162727
13984.3 -0.155788
13986.6 -0.14882
13988.9 -0.141827
13991.2 -0.13481
13993.5 -0.127772
13995.7 -0.120715
13998 -0.113641
14000.3 -0.106554
14002.6 -0.0994549
14004.9 -0.0923465
14007.2 -0.0852311
14009.5 -0.0781111
14011.7 -0.0709887
14014 -0.0638664
14016.3 -0.0567463
14018.6 -0.0496307
14020.9 -0.042522
14023.2 -0.0354224
14025.5 -0.028334
14027.7 -0.0212592
14030 -0.0142
14032.3 -0.00715877
14034.6 -0.000137503
14036.9 0.00686167
14039.2 0.0138366
14041.4 0.0207852
14043.7 0.0277054
14046 0.0345953
14048.3 0.0414529
14050.6 0.0482761
14052.9 0.0550629
14055.2 0.0618116
14057.4 0.0685203
14059.7 0.075187
14062 0.08181
14064.3 0.0883874
14066.6 0.0949176
14068.9 0.101399
14071.2 0.107829
14073.4 0.114207
14075.7 0.120531
14078 0.1268
14080.3 0.133012
14082.6 0.139164
14084.9 0.145257
14087.1 0.151288
14089.4 0.157256
14091.7 0.16316
14094 0.168998
14096.3 0.174769
14098.6 0.180471
14100.9 0.186104
14103.1 0.191667
14105.4 0.197157
14107.7 0.202574
14110 0.207917
14112.3 0.213185
14114.6 0.218377
14116.9 0.223491
14119.1 0.228527
14121.4 0.233484
14123.7 0.238361
14126 0.243157
14128.3 0.247871
14130.6 0.252503
14132.8 0.257051
14135.1 0.261515
14137.4 0.265894
14139.7 0.270188
14142 0.274396
14144.3 0.278517
14146.6 0.28255
14148.8 0.286496
14151.1 0.290353
14153.4 0.294121
14155.7 0.297799
14158 0.301388
14160.3 0.304886
14162.6 0.308294
14164.8 0.31161
14167.1 0.314834
14169.4 0.317967
14171.7 0.321007
14174 0.323954
14176.3 0.326809
14178.6 0.32957
14180.8 0.332238
14183.1 0.334813
14185.4 0.337293
14187.7 0.339679
14190 0.341971
14192.3 0.344169
14194.5 0.346272
14196.8 0.34828
14199.1 0.350193
14201.4 0.352012
14203.7 0.353735
14206 0.355363
14208.3 0.356896
14210.5 0.358333
14212.8 0.359675
14215.1 0.360922
14217.4 0.362073
14219.7 0.363129
14222 0.36409
14224.3 0.364955
14226.5 0.365724
14228.8 0.366399
14231.1 0.366978
14233.4 0.367462
14235.7 0.367851
14238 0.368145
14240.2 0.368343
14242.5 0.368447
14244.8 0.368457
14247.1 0.368371
14249.4 0.368192
14251.7 0.367918
14254 0.36755
14256.2 0.367088
14258.5 0.366533
14260.8 0.365884
14263.1 0.365142
14265.4 0.364307
14267.7 0.363379
14270 0.362359
14272.2 0.361246
14274.5 0.360042
14276.8 0.358747
14279.1 0.35736
14281.4 0.355883
14283.7 0.354315
14285.9 0.352657
14288.2 0.35091
14290.5 0.349073
14292.8 0.347148
14295.1 0.345135
14297.4 0.343034
14299.7 0.340846
14301.9 0.338572
14304.2 0.336211
14306.5 0.333765
14308.8 0.331234
14311.1 0.328618
14313.4 0.32592
14315.7 0.323138
14317.9 0.320273
14320.2 0.317328
14322.5 0.314301
14324.8 0.311194
14327.1 0.308008
14329.4 0.304743
14331.6 0.301401
14333.9 0.297981
14336.2 0.294486
14338.5 0.290915
14340.8 0.28727
14343.1 0.283551
14345.4 0.27976
14347.6 0.275897
14349.9 0.271964
14352.2 0.26796
14354.5 0.263889
14356.8 0.259749
14359.1 0.255543
14361.4 0.251271
14363.6 0.246935
14365.9 0.242535
14368.2 0.238073
14370.5 0.23355
14372.8 0.228966
14375.1 0.224324
14377.4 0.219623
14379.6 0.214866
14381.9 0.210054
14384.2 0.205187
14386.5 0.200266
14388.8 0.195294
14391.1 0.190272
14393.3 0.185199
14395.6 0.180079
14397.9 0.174911
14400.2 0.169698
14402.5 0.164441
14404.8 0.15914
14407.1 0.153797
14409.3 0.148414
14411.6 0.142991
14413.9 0.137531
14416.2 0.132034
14418.5 0.126502
14420.8 0.120935
14423.1 0.115337
14425.3 0.109707
14427.6 0.104047
14429.9 0.0983587
14432.2 0.0926435
14434.5 0.0869025
14436.8 0.0811374
14439 0.0753494
14441.3 0.0695401
14443.6 0.0637107
14445.9 0.0578627
14448.2 0.0519978
14450.5 0.0461172
14452.8 0.0402224
14455 0.0343149
14457.3 0.0283962
14459.6 0.0224678
14461.9 0.0165312
14464.2 0.0105878
14466.5 0.00463928
14468.8 -0.00131289
14471 -0.00726718
14473.3 -0.0132221
14475.6 -0.0191761
14477.9 -0.0251275
14480.2 -0.0310747
14482.5 -0.0370164
14484.7 -0.0429507
14487 -0.0488762
14489.3 -0.0547912
14491.6 -0.0606942
14493.9 -0.0665834
14496.2 -0.0724573
14498.5 -0.0783143
14500.7 -0.0841526
14503 -0.0899707
14505.3 -0.0957669
14507.6 -0.101539
14509.9 -0.107287
14512.2 -0.113007
14514.5 -0.118699
14516.7 -0.124361
14519 -0.12999
14521.3 -0.135586
14523.6 -0.141147
14525.9 -0.14667
14528.2 -0.152155
14530.5 -0.1576
14532.7 -0.163002
14535 -0.168361
14537.3 -0.173674
14539.6 -0.17894
14541.9 -0.184157
14544.2 -0.189323
14546.4 -0.194437
14548.7 -0.199498
14551 -0.204503
14553.3 -0.20945
14555.6 -0.214339
14557.9 -0.219167
14560.2 -0.223933
14562.4 -0.228636
14564.7 -0.233273
14567 -0.237843
14569.3 -0.242345
14571.6 -0.246776
14573.9 -0.251137
14576.2 -0.255424
14578.4 -0.259636
14580.7 -0.263772
14583 -0.267831
14585.3 -0.271811
14587.6 -0.275711
14589.9 -0.279528
14592.1 -0.283263
14594.4 -0.286913
14596.7 -0.290478
14599 -0.293955
14601.3 -0.297344
14603.6 -0.300643
14605.9 -0.303852
14608.1 -0.306969
14610.4 -0.309993
14612.7 -0.312923
14615 -0.315758
14617.3 -0.318497
14619.6 -0.321138
14621.9 -0.323682
14624.1 -0.326126
14626.4 -0.328471
14628.7 -0.330715
14631 -0.332858
14633.3 -0.334898
14635.6 -0.336836
14637.8 -0.33867
14640.1 -0.3404
14642.4 -0.342025
14644.7 -0.343544
14647 -0.344958
14649.3 -0.346266
14651.6 -0.347467
14653.8 -0.348561
14656.1 -0.349548
14658.4 -0.350427
14660.7 -0.351198
14663 -0.351862
14665.3 -0.352417
14667.6 -0.352864
14669.8 -0.353202
14672.1 -0.353432
14674.4 -0.353554
14676.7 -0.353568
14679 -0.353473
14681.3 -0.353271
14683.5 -0.352961
14685.8 -0.352543
14688.1 -0.352018
14690.4 -0.351387
14692.7 -0.350648
14695 -0.349804
14697.3 -0.348854
14699.5 -0.347799
14701.8 -0.346639
14704.1 -0.345375
14706.4 -0.344008
14708.7 -0.342537
14711 -0.340965
14713.3 -0.339291
14715.5 -0.337517
14717.8 -0.335642
14720.1 -0.333669
14722.4 -0.331597
14724.7 -0.329428
14727 -0.327163
14729.3 -0.324802
14731.5 -0.322346
14733.8 -0.319797
14736.1 -0.317156
14738.4 -0.314424
14740.7 -0.311601
14743 -0.308689
14745.2 -0.305689
14747.5 -0.302602
14749.8 -0.299429
14752.1 -0.296173
14754.4 -0.292833
14756.7 -0.289411
14759 -0.285909
14761.2 -0.282328
14763.5 -0.278669
14765.8 -0.274933
14768.1 -0.271123
14770.4 -0.267239
14772.7 -0.263282
14775 -0.259255
14777.2 -0.255159
14779.5 -0.250995
14781.8 -0.246765
14784.1 -0.24247
14786.4 -0.238112
14788.7 -0.233693
14790.9 -0.229214
14793.2 -0.224676
14795.5 -0.220081
14797.8 -0.215432
14800.1 -0.210729
14802.4 -0.205974
14804.7 -0.201169
14806.9 -0.196315
14809.2 -0.191415
14811.5 -0.18647
14813.8 -0.181481
14816.1 -0.176451
14818.4 -0.171381
14820.7 -0.166273
14822.9 -0.161129
14825.2 -0.155949
14827.5 -0.150737
14829.8 -0.145494
14832.1 -0.140222
14834.4 -0.134921
14836.6 -0.129596
14838.9 -0.124246
14841.2 -0.118874
14843.5 -0.113481
14845.8 -0.10807
14848.1 -0.102642
14850.4 -0.097199
14852.6 -0.0917426
14854.9 -0.0862746
14857.2 -0.0807969
14859.5 -0.0753112
14861.8 -0.0698192
14864.1 -0.0643227
14866.4 -0.0588235
14868.6 -0.0533234
14870.9 -0.0478239
14873.2 -0.0423269
14875.5 -0.036834
14877.8 -0.0313471
14880.1 -0.0258677
14882.3 -0.0203974
14884.6 -0.0149381
14886.9 -0.00949132
14889.2 -0.00405872
14891.5 0.00135812
14893.8 0.0067576
14896.1 0.0121381
14898.3 0.017498
14900.6 0.0228358
14902.9 0.0281501
14905.2 0.0334392
14907.5 0.0387016
14909.8 0.043936
14912.1 0.0491408
14914.3 0.0543147
14916.6 0.0594561
14918.9 0.0645638
14921.2 0.0696364
14923.5 0.0746725
14925.8 0.0796708
14928.1 0.0846299
14930.3 0.0895488
14932.6 0.094426
14934.9 0.0992605
14937.2 0.104051
14939.5 0.108796
14941.8 0.113495
14944 0.118146
14946.3 0.122749
14948.6 0.127302
14950.9 0.131805
14953.2 0.136256
14955.5 0.140654
14957.8 0.144999
14960 0.149288
14962.3 0.153523
14964.6 0.157701
14966.9 0.161821
14969.2 0.165884
14971.5 0.169888
14973.8 0.173831
14976 0.177715
14978.3 0.181537
14980.6 0.185297
14982.9 0.188994
14985.2 0.192628
14987.5 0.196198
14989.7 0.199703
14992 0.203143
14994.3 0.206517
14996.6 0.209825
14998.9 0.213065
15001.2 0.216239
15003.5 0.219344
15005.7 0.22238
15008 0.225348
15010.3 0.228246
15012.6 0.231074
15014.9 0.233832
15017.2 0.23652
15019.5 0.239136
15021.7 0.241681
15024 0.244154
15026.3 0.246555
15028.6 0.248884
15030.9 0.25114
15033.2 0.253323
15035.4 0.255433
15037.7 0.25747
15040 0.259432
15042.3 0.261321
15044.6 0.263136
15046.9 0.264876
15049.2 0.266542
15051.4 0.268133
15053.7 0.269649
15056 0.27109
15058.3 0.272457
15060.6 0.273748
15062.9 0.274963
15065.2 0.276104
15067.4 0.277168
15069.7 0.278158
15072 0.279071
15074.3 0.279909
15076.6 0.280671
15078.9 0.281358
15081.1 0.281969
15083.4 0.282504
15085.7 0.282963
15088 0.283347
15090.3 0.283655
15092.6 0.283888
15094.9 0.284045
15097.1 0.284126
15099.4 0.284133
15101.7 0.284064
15104 0.28392
15106.3 0.283701
15108.6 0.283408
15110.9 0.283039
15113.1 0.282597
15115.4 0.28208
15117.7 0.281489
15120 0.280824
15122.3 0.280086
15124.6 0.279274
15126.9 0.27839
15129.1 0.277432
15131.4 0.276403
15133.7 0.275301
15136 0.274127
15138.3 0.272882
15140.6 0.271566
15142.8 0.270179
15145.1 0.268722
15147.4 0.267195
15149.7 0.265598
15152 0.263933
15154.3 0.262199
15156.6 0.260397
15158.8 0.258528
15161.1 0.256591
15163.4 0.254589
15165.7 0.25252
15168 0.250387
15170.3 0.248188
15172.6 0.245925
15174.8 0.243599
15177.1 0.241211
15179.4 0.23876
15181.7 0.236247
15184 0.233674
15186.3 0.231041
15188.5 0.228349
15190.8 0.225598
15193.1 0.222789
15195.4 0.219923
15197.7 0.217001
15200 0.214023
15202.3 0.21099
15204.5 0.207904
15206.8 0.204765
15209.1 0.201574
15211.4 0.198331
15213.7 0.195038
15216 0.191696
15218.3 0.188305
15220.5 0.184866
15222.8 0.181381
15225.1 0.177849
15227.4 0.174273
15229.7 0.170653
15232 0.16699
15234.2 0.163285
15236.5 0.159539
15238.8 0.155753
15241.1 0.151928
15243.4 0.148065
15245.7 0.144165
15248 0.140229
15250.2 0.136258
15252.5 0.132253
15254.8 0.128216
15257.1 0.124147
15259.4 0.120046
15261.7 0.115917
15264 0.111758
15266.2 0.107572
15268.5 0.10336
15270.8 0.0991223
15273.1 0.0948603
15275.4 0.0905752
15277.7 0.086268
15280 0.0819399
15282.2 0.0775918
15284.5 0.0732251
15286.8 0.0688409
15289.1 0.0644401
15291.4 0.0600239
15293.7 0.0555936
15295.9 0.0511502
15298.2 0.0466949
15300.5 0.0422287
15302.8 0.037753
15305.1 0.0332688
15307.4 0.0287774
15309.7 0.0242798
15311.9 0.0197772
15314.2 0.0152709
15316.5 0.010762
15318.8 0.00625163
15321.1 0.00174102
15323.4 -0.0027686
15325.7 -0.00727603
15327.9 -0.0117801
15330.2 -0.0162797
15332.5 -0.0207735
15334.8 -0.0252602
15337.1 -0.0297388
15339.4 -0.034208
15341.6 -0.0386666
15343.9 -0.0431134
15346.2 -0.047547
15348.5 -0.0519664
15350.8 -0.0563702
15353.1 -0.0607573
15355.4 -0.0651264
15357.6 -0.0694763
15359.9 -0.0738058
15362.2 -0.0781135
15364.5 -0.0823984
15366.8 -0.086659
15369.1 -0.0908943
15371.4 -0.0951031
15373.6 -0.0992839
15375.9 -0.103436
15378.2 -0.107557
15380.5 -0.111647
15382.8 -0.115704
15385.1 -0.119728
15387.3 -0.123716
15389.6 -0.127667
15391.9 -0.131581
15394.2 -0.135457
15396.5 -0.139292
15398.8 -0.143086
15401.1 -0.146838
15403.3 -0.150547
15405.6 -0.154211
15407.9 -0.157829
15410.2 -0.1614
15412.5 -0.164923
15414.8 -0.168396
15417.1 -0.17182
15419.3 -0.175192
15421.6 -0.178512
15423.9 -0.181778
15426.2 -0.18499
15428.5 -0.188146
15430.8 -0.191246
15433 -0.194288
15435.3 -0.197271
15437.6 -0.200195
15439.9 -0.203059
15442.2 -0.205861
15444.5 -0.208601
15446.8 -0.211277
15449 -0.21389
15451.3 -0.216438
15453.6 -0.21892
15455.9 -0.221335
15458.2 -0.223684
15460.5 -0.225964
15462.8 -0.228176
15465 -0.230318
15467.3 -0.23239
15469.6 -0.234391
15471.9 -0.236321
15474.2 -0.238179
15476.5 -0.239965
15478.8 -0.241677
15481 -0.243316
15483.3 -0.244881
15485.6 -0.246372
15487.9 -0.247787
15490.2 -0.249128
15492.5 -0.250392
15494.7 -0.251581
15497 -0.252693
15499.3 -0.253729
15501.6 -0.254687
15503.9 -0.255569
15506.2 -0.256374
15508.5 -0.257101
15510.7 -0.25775
15513 -0.258322
15515.3 -0.258816
15517.6 -0.259233
15519.9 -0.259571
15522.2 -0.259832
15524.5 -0.260015
15526.7 -0.260121
15529 -0.260149
15531.3 -0.260099
15533.6 -0.259972
15535.9 -0.259768
15538.2 -0.259488
15540.4 -0.25913
15542.7 -0.258697
15545 -0.258187
15547.3 -0.257601
15549.6 -0.25694
15551.9 -0.256204
15554.2 -0.255394
15556.4 -0.254509
15558.7 -0.25355
15561 -0.252518
15563.3 -0.251413
15565.6 -0.250236
15567.9 -0.248987
15570.2 -0.247667
15572.4 -0.246276
15574.7 -0.244815
15577 -0.243285
15579.3 -0.241686
15581.6 -0.240019
15583.9 -0.238285
15586.1 -0.236483
15588.4 -0.234616
15590.7 -0.232684
15593 -0.230687
15595.3 -0.228626
15597.6 -0.226503
15599.9 -0.224317
15602.1 -0.222071
15604.4 -0.219764
15606.7 -0.217397
15609 -0.214972
15611.3 -0.212489
15613.6 -0.209949
15615.9 -0.207353
15618.1 -0.204703
15620.4 -0.201998
15622.7 -0.199241
15625 -0.196431
15627.3 -0.193571
15629.6 -0.19066
15631.8 -0.187701
15634.1 -0.184694
15636.4 -0.181639
15638.7 -0.178539
15641 -0.175395
15643.3 -0.172207
15645.6 -0.168976
15647.8 -0.165704
15650.1 -0.162391
15652.4 -0.15904
15654.7 -0.15565
15657 -0.152224
15659.3 -0.148761
15661.6 -0.145265
15663.8 -0.141735
15666.1 -0.138173
15668.4 -0.134579
15670.7 -0.130956
15673 -0.127305
15675.3 -0.123626
15677.6 -0.119921
15679.8 -0.116191
15682.1 -0.112438
15684.4 -0.108662
15686.7 -0.104864
15689 -0.101047
15691.3 -0.0972106
15693.5 -0.0933569
15695.8 -0.0894869
15698.1 -0.0856019
15700.4 -0.081703
15702.7 -0.0777916
15705 -0.0738689
15707.3 -0.0699361
15709.5 -0.0659944
15711.8 -0.0620451
15714.1 -0.0580895
15716.4 -0.0541287
15718.7 -0.050164
15721 -0.0461966
15723.3 -0.0422277
15725.5 -0.0382586
15727.8 -0.0342905
15730.1 -0.0303245
15732.4 -0.0263618
15734.7 -0.0224038
15737 -0.0184514
15739.2 -0.0145059
15741.5 -0.0105685
15743.8 -0.00664029
15746.1 -0.00272246
15748.4 0.0011839
15750.7 0.00507763
15753 0.00895758
15755.2 0.0128227
15757.5 0.0166719
15759.8 0.0205041
15762.1 0.0243182
15764.4 0.0281131
15766.7 0.0318879
15769 0.0356416
15771.2 0.0393729
15773.5 0.0430811
15775.8 0.046765
15778.1 0.0504238
15780.4 0.0540565
15782.7 0.057662
15784.9 0.0612396
15787.2 0.0647882
15789.5 0.0683071
15791.8 0.0717953
15794.1 0.0752519
15796.4 0.0786762
15798.7 0.0820672
15800.9 0.0854242
15803.2 0.0887464
15805.5 0.0920329
15807.8 0.0952831
15810.1 0.0984962
15812.4 0.101671
15814.7 0.104808
15816.9 0.107905
15819.2 0.110963
15821.5 0.11398
15823.8 0.116955
15826.1 0.119889
15828.4 0.12278
15830.6 0.125628
15832.9 0.128432
15835.2 0.131192
15837.5 0.133907
15839.8 0.136577
15842.1 0.139201
15844.4 0.141779
15846.6 0.14431
15848.9 0.146793
15851.2 0.149229
15853.5 0.151616
15855.8 0.153954
15858.1 0.156244
15860.4 0.158484
15862.6 0.160674
15864.9 0.162814
15867.2 0.164903
15869.5 0.166941
15871.8 0.168928
15874.1 0.170864
15876.4 0.172747
15878.6 0.174578
15880.9 0.176357
15883.2 0.178083
15885.5 0.179755
15887.8 0.181375
15890.1 0.182941
15892.3 0.184453
15894.6 0.185911
15896.9 0.187315
15899.2 0.188664
15901.5 0.189959
15903.8 0.1912
15906.1 0.192385
15908.3 0.193516
15910.6 0.194591
15912.9 0.195611
15915.2 0.196576
15917.5 0.197485
15919.8 0.198339
15922.1 0.199137
15924.3 0.199879
15926.6 0.200566
15928.9 0.201197
15931.2 0.201772
15933.5 0.202291
15935.8 0.202754
15938 0.203161
15940.3 0.203513
15942.6 0.203809
15944.9 0.204049
15947.2 0.204233
15949.5 0.204361
15951.8 0.204434
15954 0.204451
15956.3 0.204413
15958.6 0.20432
15960.9 0.204171
15963.2 0.203968
15965.5 0.203709
15967.8 0.203396
15970 0.203028
15972.3 0.202605
15974.6 0.202129
15976.9 0.201598
15979.2 0.201013
15981.5 0.200375
15983.7 0.199684
15986 0.198939
15988.3 0.198142
15990.6 0.197292
15992.9 0.19639
15995.2 0.195436
15997.5 0.194431
15999.7 0.193374
16002 0.192267
16004.3 0.191108
16006.6 0.1899
16008.9 0.188642
16011.2 0.187335
16013.5 0.185978
16015.7 0.184573
16018 0.18312
16020.3 0.18162
16022.6 0.180072
16024.9 0.178478
16027.2 0.176837
16029.4 0.175151
16031.7 0.17342
16034 0.171644
16036.3 0.169823
16038.6 0.16796
16040.9 0.166053
16043.2 0.164104
16045.4 0.162113
16047.7 0.160081
16050 0.158008
16052.3 0.155895
16054.6 0.153743
16056.9 0.151552
16059.2 0.149323
16061.4 0.147056
16063.7 0.144752
16066 0.142413
16068.3 0.140037
16070.6 0.137628
16072.9 0.135183
16075.2 0.132706
16077.4 0.130196
16079.7 0.127653
16082 0.12508
16084.3 0.122476
16086.6 0.119842
16088.9 0.117179
16091.1 0.114488
16093.4 0.111769
16095.7 0.109023
16098 0.106251
16100.3 0.103454
16102.6 0.100633
16104.9 0.0977872
16107.1 0.0949187
16109.4 0.0920282
16111.7 0.0891162
16114 0.0861835
16116.3 0.083231
16118.6 0.0802595
16120.9 0.0772699
16123.1 0.0742627
16125.4 0.071239
16127.7 0.0681995
16130 0.065145
16132.3 0.0620764
16134.6 0.0589944
16136.8 0.0558998
16139.1 0.0527937
16141.4 0.0496766
16143.7 0.0465496
16146 0.0434133
16148.3 0.0402687
16150.6 0.0371166
16152.9 0.0338495
16155.3 0.0305761
16157.6 0.0272974
16160 0.0240144
16162.4 0.0207281
16164.7 0.0174392
16167.1 0.0141488
16169.5 0.0108579
16171.8 0.00756739
16174.2 0.00427816
16176.6 0.000991163
16178.9 -0.0022926
16181.3 -0.00557217
16183.6 -0.00884665
16186 -0.0121151
16188.4 -0.0153765
16190.7 -0.01863
16193.1 -0.0218745
16195.5 -0.0251092
16197.8 -0.0283331
16200.2 -0.0315453
16202.6 -0.0347447
16204.9 -0.0379305
16207.3 -0.0411017
16209.6 -0.0442573
16212 -0.0473965
16214.4 -0.0505182
16216.7 -0.0536217
16219.1 -0.0567058
16221.5 -0.0597697
16223.8 -0.0628124
16226.2 -0.0658332
16228.6 -0.0688309
16230.9 -0.0718047
16233.3 -0.0747537
16235.6 -0.077677
16237.8 -0.080273
16239.9 -0.082847
16242.1 -0.0855153
16244.3 -0.0881583
16246.5 -0.090775
16248.7 -0.0933648
16250.9 -0.095927
16253.2 -0.0984608
16255.4 -0.100966
16257.6 -0.103441
16259.8 -0.105885
16262 -0.108299
16264.2 -0.110681
16266.4 -0.113031
16268.7 -0.115347
16270.9 -0.11763
16273.1 -0.119878
16275.3 -0.122092
16277.5 -0.12427
16279.7 -0.126412
16282 -0.128517
16284.2 -0.130585
16286.4 -0.132615
16288.6 -0.134607
16290.8 -0.13656
16293 -0.138473
16295.2 -0.140346
16297.5 -0.142179
16299.7 -0.143971
16301.9 -0.145721
16304.1 -0.147429
16306.3 -0.149095
16308.5 -0.150718
16310.7 -0.152297
16313 -0.153833
16315.2 -0.155325
16317.4 -0.156773
16319.6 -0.158175
16321.8 -0.159533
16324 -0.160844
16326.2 -0.16211
16328.5 -0.16333
16330.7 -0.164504
16332.9 -0.16563
16335.1 -0.16671
16337.3 -0.167742
16339.5 -0.168727
16341.7 -0.169664
16344 -0.170554
16346.2 -0.171395
16348.4 -0.172188
16350.6 -0.172933
16352.8 -0.173629
16355 -0.174276
16357.2 -0.174875
16359.5 -0.175425
16361.7 -0.175927
16363.9 -0.176379
16366.1 -0.176782
16368.3 -0.177137
16370.6 -0.177456
16373 -0.177721
16375.3 -0.177932
16377.6 -0.17809
16379.9 -0.178194
16382.3 -0.178244
16384.6 -0.178241
16386.9 -0.178185
16389.2 -0.178075
16391.5 -0.177912
16393.9 -0.177697
16396.2 -0.177429
16398.5 -0.177108
16400.8 -0.176735
16403.1 -0.17631
16405.5 -0.175834
16407.8 -0.175306
16410.1 -0.174727
16412.4 -0.174097
16414.8 -0.173417
16417.1 -0.172686
16419.4 -0.171906
16421.7 -0.171076
16424 -0.170198
16426.4 -0.16927
16428.7 -0.168295
16431 -0.167271
16433.3 -0.166201
16435.7 -0.165083
16438 -0.163919
16440.3 -0.162709
16442.6 -0.161454
16444.9 -0.160154
16447.3 -0.158809
16449.6 -0.157421
16451.9 -0.155989
16454.2 -0.154514
16456.5 -0.152998
16458.9 -0.151439
16461.2 -0.14984
16463.5 -0.1482
16465.8 -0.146521
16468.2 -0.144802
16470.5 -0.143045
16472.8 -0.14125
16475.1 -0.139417
16477.4 -0.137549
16479.8 -0.135644
16482.1 -0.133704
16484.4 -0.131729
16486.7 -0.129721
16489.1 -0.12768
16491.4 -0.125606
16493.7 -0.123501
16496 -0.121365
16498.3 -0.119198
16500.7 -0.117003
16503 -0.114778
16505.3 -0.112526
16507.6 -0.110247
16509.9 -0.107941
16512.3 -0.10561
16514.6 -0.103254
16516.9 -0.100874
16519.2 -0.0984716
16521.6 -0.0960463
16523.9 -0.0935996
16526.2 -0.0911321
16528.5 -0.0886449
16530.8 -0.0861386
16533.2 -0.0836141
16535.5 -0.0810722
16537.8 -0.0785138
16540.1 -0.0759398
16542.5 -0.0733508
16544.8 -0.0707479
16547.1 -0.0681319
16549.4 -0.0655035
16551.7 -0.0628637
16554.1 -0.0602133
16556.4 -0.0575531
16558.7 -0.0548841
16561 -0.0522071
16563.3 -0.0495228
16565.7 -0.0468321
16568 -0.0441361
16570.3 -0.0414353
16572.6 -0.0387308
16575 -0.0360232
16577.3 -0.0333136
16579.6 -0.0306027
16581.9 -0.0278914
16584.2 -0.0251804
16586.6 -0.0224706
16588.9 -0.0197629
16591.2 -0.0170581
16593.5 -0.0143568
16595.9 -0.0116601
16598.2 -0.00896864
16600.5 -0.00628327
16602.8 -0.00360473
16605.1 -0.000933817
16607.5 0.00172864
16609.8 0.00438188
16612.1 0.0070252
16614.4 0.00965783
16616.7 0.012279
16619.1 0.0148879
16621.4 0.0174839
16623.7 0.0200663
16626 0.0226343
16628.4 0.0251872
16630.7 0.0277243
16633 0.030245
16635.3 0.0327486
16637.6 0.0352343
16640 0.0377016
16642.3 0.0401497
16644.6 0.0425782
16646.9 0.0449862
16649.3 0.0473732
16651.6 0.0497385
16653.9 0.0520817
16656.2 0.0544021
16658.5 0.0566991
16660.9 0.0589721
16663.2 0.0612207
16665.5 0.0634442
16667.8 0.0656421
16670.1 0.0678139
16672.5 0.0699591
16674.8 0.0720772
16677.1 0.0741677
16679.4 0.07623
16681.8 0.0782637
16684.1 0.0802685
16686.4 0.0822438
16688.7 0.0841891
16691 0.0861041
16693.4 0.0879884
16695.7 0.0898415
16698 0.0916631
16700.3 0.0934526
16702.7 0.0952099
16705 0.0969345
16707.3 0.098626
16709.6 0.100284
16711.9 0.101909
16714.3 0.103499
16716.6 0.105055
16718.9 0.106576
16721 0.107914
16723.1 0.109223
16725.2 0.110503
16727.3 0.111755
16729.3 0.112977
16731.4 0.11417
16733.5 0.115334
16735.6 0.116469
16737.7 0.117573
16739.8 0.118648
16741.9 0.119693
16743.9 0.120708
16746 0.121692
16748.1 0.122646
16750.2 0.12357
16752.3 0.124463
16754.4 0.125325
16756.5 0.126156
16758.5 0.126956
16760.6 0.127725
16762.7 0.128463
16764.8 0.12917
16766.9 0.129846
16769 0.13049
16771.1 0.131102
16773.2 0.131684
16775.2 0.132233
16777.3 0.132751
16779.4 0.133238
16781.5 0.133692
16783.6 0.134115
16785.7 0.134507
16787.8 0.134866
16789.8 0.135194
16791.9 0.13549
16794 0.135754
16796.1 0.135987
16798.2 0.136188
16800.3 0.136357
16802.4 0.136494
16804.4 0.1366
16806.5 0.136674
16808.7 0.136718
16810.9 0.136728
16813.1 0.136703
16815.2 0.136645
16817.4 0.136553
16819.6 0.136427
16821.7 0.136267
16823.9 0.136073
16826.1 0.135846
16828.3 0.135586
16830.4 0.135292
16832.6 0.134965
16834.8 0.134606
16837 0.134213
16839.1 0.133788
16841.3 0.13333
16843.5 0.13284
16845.6 0.132318
16847.8 0.131764
16850 0.131178
16852.2 0.130561
16854.3 0.129913
16856.5 0.129233
16858.8 0.128493
16861 0.127719
16863.3 0.126913
16865.6 0.126074
16867.8 0.125203
16870.1 0.1243
16872.3 0.123365
16874.6 0.122398
16876.9 0.121401
16879.1 0.120373
16881.4 0.119314
16883.7 0.118188
16886.1 0.117029
16888.4 0.11584
16890.7 0.114619
16893.1 0.113367
16895.4 0.112086
16897.8 0.110775
16900.1 0.109434
16902.4 0.108065
16904.8 0.106667
16907.1 0.105242
16909.5 0.103789
16911.8 0.102309
16914.1 0.100802
16916.5 0.0992697
16918.8 0.0977116
16921.2 0.0961284
16923.5 0.0945207
16925.8 0.0928889
16928.2 0.0912337
16930.5 0.0895554
16932.9 0.0878546
16935.2 0.0861319
16937.5 0.0843877
16939.9 0.0826226
16942.2 0.0808372
16944.5 0.079032
16946.9 0.0772075
16949.2 0.0753643
16951.6 0.073503
16953.9 0.071624
16956.2 0.0697281
16958.6 0.0678157
16960.9 0.0658873
16963.3 0.0639436
16965.6 0.0619852
16967.9 0.0600127
16970.3 0.0580265
16972.6 0.0560273
16975 0.0540157
16977.3 0.0519923
16979.6 0.0499575
16982 0.0479122
16984.3 0.0458568
16986.7 0.0437919
16989 0.0417181
16991.3 0.0396361
16993.7 0.0375464
16996 0.0354496
16998.3 0.0333464
17000.7 0.0312372
17003 0.0291228
17005.4 0.0270038
17007.7 0.0248807
17010 0.0227542
17012.4 0.0206248
17014.7 0.0184932
17017.1 0.01636
17019.4 0.0142258
17021.7 0.0120911
17024.1 0.00995666
17026.4 0.00782307
17028.8 0.00569089
17031.1 0.00356071
17033.4 0.00143317
17035.8 -0.000691084
17038.1 -0.00281148
17040.5 -0.00492746
17042.8 -0.00703837
17045.1 -0.00914359
17047.5 -0.0112425
17049.8 -0.0133346
17052.1 -0.0154192
17054.5 -0.0174958
17056.8 -0.0195636
17059.2 -0.0216223
17061.5 -0.0236711
17063.8 -0.0257094
17066.2 -0.0277367
17068.5 -0.0297524
17070.9 -0.0317559
17073.2 -0.0337467
17075.5 -0.035724
17077.9 -0.0376875
17080.2 -0.0396365
17082.6 -0.0415705
17084.9 -0.0434889
17087.2 -0.045391
17089.6 -0.0472765
17091.9 -0.0491448
17094.3 -0.0509953
17096.6 -0.0528274
17098.9 -0.0546406
17101.3 -0.0564346
17103.6 -0.0582086
17105.9 -0.0599621
17108.3 -0.0616948
17110.6 -0.063406
17113 -0.0650954
17115.3 -0.0667623
17117.6 -0.0684064
17120 -0.0700271
17122.3 -0.0716241
17124.7 -0.0731967
17127 -0.0747447
17129.3 -0.0762675
17131.7 -0.0777647
17134 -0.079236
17136.4 -0.0806808
17138.7 -0.0820987
17141 -0.0834895
17143.4 -0.0848527
17145.7 -0.086188
17148.1 -0.0874948
17150.4 -0.088773
17152.7 -0.0900222
17155.1 -0.0912419
17157.4 -0.092432
17159.7 -0.093592
17162.1 -0.0947217
17164.4 -0.0958209
17166.8 -0.0968891
17169.1 -0.0979261
17171.4 -0.0989317
17173.8 -0.0999057
17176.1 -0.100848
17178.5 -0.101758
17180.8 -0.102635
17183.1 -0.10348
17185.5 -0.104292
17187.8 -0.105072
17190.2 -0.105818
17192.5 -0.106531
17194.8 -0.10721
17197.2 -0.107856
17199.5 -0.108469
17201.9 -0.109047
17204.2 -0.109592
17206.5 -0.110103
17208.9 -0.11058
17211.2 -0.111022
17213.5 -0.111431
17215.9 -0.111805
17218.2 -0.112146
17220.6 -0.112452
17222.9 -0.112723
17225.2 -0.112961
17227.6 -0.113164
17229.9 -0.113333
17232.3 -0.113468
17234.6 -0.113569
17236.9 -0.113636
17239.3 -0.113669
17241.6 -0.113668
17244 -0.113633
17246.3 -0.113565
17248.6 -0.113463
17251 -0.113327
17253.3 -0.113158
17255.7 -0.112956
17258 -0.112722
17260.3 -0.112454
17262.7 -0.112153
17265 -0.11182
17267.3 -0.111455
17269.7 -0.111058
17272 -0.110629
17274.4 -0.110168
17276.7 -0.109675
17279 -0.109152
17281.4 -0.108597
17283.7 -0.108012
17286.1 -0.107397
17288.4 -0.106751
17290.7 -0.106076
17293.1 -0.10537
17295.4 -0.104636
17297.8 -0.103873
17300.1 -0.103081
17302.4 -0.10226
17304.8 -0.101412
17307.1 -0.100536
17309.5 -0.0996324
17311.8 -0.0987021
17314.1 -0.0977452
17316.5 -0.096762
17318.8 -0.095753
17321.1 -0.0947184
17323.5 -0.0936589
17325.8 -0.0925746
17328.2 -0.0914659
17330.5 -0.0903334
17332.8 -0.0891775
17335.2 -0.0879985
17337.5 -0.0867968
17339.9 -0.0855729
17342.2 -0.0843273
17344.5 -0.0830604
17346.9 -0.0817727
17349.2 -0.0804644
17351.6 -0.0791363
17353.9 -0.0777887
17356.2 -0.0764221
17358.6 -0.0750369
17360.9 -0.0736336
17363.3 -0.0722128
17365.6 -0.070775
17367.9 -0.0693205
17370.3 -0.0678499
17372.6 -0.0663637
17374.9 -0.0648624
17377.3 -0.0633466
17379.6 -0.0618166
17382 -0.0602731
17384.3 -0.0587165
17386.6 -0.0571474
17389 -0.0555663
17391.3 -0.0539737
17393.7 -0.0523702
17396 -0.0507562
17398.3 -0.0491323
17400.7 -0.047499
17403 -0.0458569
17405.4 -0.0442065
17407.7 -0.0425483
17410 -0.0408828
17412.4 -0.0392106
17414.7 -0.0375323
17417.1 -0.0358483
17419.4 -0.0341592
17421.7 -0.0324655
17424.1 -0.0307678
17426.4 -0.0290665
17428.7 -0.0273623
17431.1 -0.0256556
17433.4 -0.0239471
17435.8 -0.0222371
17438.1 -0.0205262
17440.4 -0.018815
17442.8 -0.017104
17445.1 -0.0153937
17447.5 -0.0136845
17449.8 -0.0119771
17452.1 -0.0102719
17454.5 -0.00856946
17456.8 -0.00687026
17459.2 -0.00517476
17461.5 -0.0034835
17463.8 -0.00179701
17466.2 -0.000115729
17468.5 0.00155988
17470.9 0.00322933
17473.2 0.00489208
17475.5 0.0065477
17477.9 0.00819575
17480.2 0.00983577
17482.5 0.0114673
17484.9 0.0130898
17487.2 0.0147029
17489.6 0.0163062
17491.9 0.0178992
17494.2 0.0194814
17496.6 0.0210525
17498.9 0.0226121
17501.3 0.0241598
17503.6 0.025695
17505.9 0.0272174
17508.3 0.0287267
17510.6 0.0302224
17513 0.0317042
17515.3 0.0331716
17517.6 0.0346244
17520 0.0360621
17522.3 0.0374844
17524.7 0.0388908
17527 0.0402812
17529.3 0.0416552
17531.7 0.0430123
17534 0.0443523
17536.3 0.0456749
17538.7 0.0469797
17541 0.0482665
17543.4 0.049535
17545.7 0.0507847
17548 0.0520156
17550.4 0.0532272
17552.7 0.0544193
17555.1 0.0555917
17557.4 0.056744
17559.7 0.0578761
17562.1 0.0589876
17564.4 0.0600783
17566.8 0.061148
17569.1 0.0621966
17571.4 0.0632236
17573.8 0.064229
17576.1 0.0652125
17578.5 0.0661739
17580.8 0.067113
17583.1 0.0680296
17585.5 0.0689236
17587.8 0.0697947
17590.2 0.0706429
17592.5 0.0714679
17594.8 0.0722695
17597.2 0.0730476
17599.5 0.0738021
17601.8 0.0745329
17604.2 0.0752398
17606.5 0.0759226
17608.9 0.0765813
17611.2 0.0772158
17613.5 0.0778259
17615.9 0.0784115
17618.2 0.0789726
17620.6 0.0795091
17622.9 0.0800208
17625.2 0.0805078
17627.3 0.0809234
17629.4 0.0813189
17631.7 0.0817191
17633.9 0.0820964
17636.2 0.0824507
17638.4 0.082782
17640.6 0.0830904
17642.9 0.0833757
17645.1 0.0836379
17647.4 0.0838771
17649.6 0.0840933
17651.8 0.0842865
17654.1 0.0844566
17656.3 0.0846037
17658.6 0.0847278
17660.8 0.0848289
17663 0.0849071
17665.3 0.0849624
17667.5 0.0849949
17669.7 0.0850046
17672 0.0849916
17674.2 0.0849558
17676.5 0.0848974
17678.7 0.0848166
17680.9 0.0847133
17683.2 0.0845876
17685.4 0.0844396
17687.7 0.0842695
17689.9 0.0840773
17692.1 0.0838631
17694.4 0.0836271
17696.6 0.0833693
17698.9 0.0830899
17701.1 0.082789
17703.3 0.0824668
17705.6 0.0821234
17707.8 0.0817589
17710.1 0.0813735
17712.3 0.0809674
17714.5 0.0805407
17716.8 0.0800936
17719 0.0796262
17721.3 0.0791387
17723.5 0.0786314
17725.7 0.0781043
17728 0.0775577
17730.2 0.0769918
17732.5 0.0764068
17734.7 0.0758029
17736.9 0.0751802
17739.2 0.0745391
17741.4 0.0738797
17743.7 0.0732023
17745.9 0.072507
17748.1 0.0717941
17750.4 0.0710639
17752.6 0.0703165
17754.9 0.0695523
17757.1 0.0687714
17759.3 0.0679741
17761.6 0.0671607
17763.8 0.0663314
17766.1 0.0654865
17768.3 0.0646262
17770.5 0.0637508
17772.8 0.0628606
17775 0.0619558
17777.3 0.0610368
17779.5 0.0601037
17781.7 0.059157
17784 0.0581967
17786.2 0.0572233
17788.5 0.056237
17790.7 0.0552382
17792.9 0.0542271
17795.2 0.053204
17797.4 0.0521691
17799.7 0.0511229
17801.9 0.0500656
17804.1 0.0489974
17806.4 0.0479188
17808.6 0.04683
17810.9 0.0457313
17813.1 0.044623
17815.3 0.0435055
17817.6 0.042379
17819.8 0.0412439
17822.1 0.0401005
17824.3 0.0389491
17826.5 0.0377899
17828.8 0.0366234
17831 0.0354499
17833.3 0.0342697
17835.5 0.0330831
17837.7 0.0318903
17840 0.0306919
17842.2 0.029488
17844.5 0.028279
17846.7 0.0270652
17848.9 0.0258469
17851.2 0.0246246
17853.4 0.0233985
17855.7 0.0221689
17857.9 0.0209361
17860.1 0.0197006
17862.4 0.0184626
17864.6 0.0172224
17866.9 0.0159804
17869.1 0.0147369
17871.3 0.0134923
17873.6 0.0122468
17875.8 0.0110008
17878.1 0.0097547
17880.3 0.00850873
17882.5 0.00726328
17884.8 0.00601861
17887 0.00477507
17889.3 0.00353301
17891.5 0.00229278
17893.7 0.00105468
17896 -0.000181013
17898.2 -0.00141394
17900.5 -0.00264373
17902.7 -0.00387009
17904.9 -0.00509274
17907.2 -0.00631135
17909.4 -0.00752556
17911.7 -0.00873505
17913.9 -0.00993953
17916.1 -0.0111387
17918.4 -0.0123323
17920.6 -0.0135199
17922.8 -0.0147012
17925.1 -0.0158759
17927.3 -0.0170439
17929.6 -0.0182046
17931.8 -0.0193578
17934 -0.0205033
17936.3 -0.0216407
17938.5 -0.0227698
17940.8 -0.0238902
17943 -0.0250016
17945.2 -0.0261038
17947.5 -0.0271966
17949.7 -0.0282795
17952 -0.0293524
17954.2 -0.0304149
17956.4 -0.0314668
17958.7 -0.0325079
17960.9 -0.0335378
17963.2 -0.0345562
17965.4 -0.0355631
17967.6 -0.036558
17969.9 -0.0375408
17972.1 -0.0385112
17974.4 -0.0394689
17976.6 -0.0404138
17978.8 -0.0413455
17981.1 -0.0422639
17983.3 -0.0431687
17985.6 -0.0440598
17987.8 -0.0449368
17990 -0.0457997
17992.3 -0.046648
17994.5 -0.0474818
17996.8 -0.0483008
17999 -0.0491048
18001.2 -0.0498935
18003.5 -0.0506669
18005.7 -0.0514247
18008 -0.0521668
18010.2 -0.052893
18012.4 -0.0536031
18014.7 -0.0542971
18016.9 -0.0549746
18019.2 -0.0556357
18021.4 -0.0562801
18023.6 -0.0569076
18025.9 -0.0575183
18028.1 -0.0581119
18030.4 -0.0586884
18032.6 -0.0592476
18034.8 -0.0597893
18037.1 -0.0603136
18039.3 -0.0608204
18041.6 -0.0613094
18043.8 -0.0617806
18046 -0.0622339
18048.3 -0.0626694
18050.5 -0.0630869
18052.8 -0.0634862
18055 -0.0638675
18057.2 -0.0642306
18059.5 -0.0645754
18061.7 -0.064902
18064 -0.0652102
18066.2 -0.0655001
18068.4 -0.0657717
18070.7 -0.0660248
18072.9 -0.0662595
18075.2 -0.0664758
18077.4 -0.0666736
18079.6 -0.0668531
18081.9 -0.067014
18084.1 -0.0671566
18086.4 -0.0672855
18088.8 -0.0673945
18091.1 -0.0674835
18093.4 -0.0675527
18095.8 -0.067602
18098.1 -0.0676315
18100.4 -0.0676412
18102.8 -0.0676313
18105.1 -0.0676017
18107.4 -0.0675525
18109.8 -0.0674839
18112.1 -0.0673958
18114.4 -0.0672884
18116.8 -0.0671617
18119.1 -0.067016
18121.4 -0.0668511
18123.8 -0.0666673
18126.1 -0.0664647
18128.4 -0.0662434
18130.8 -0.0660035
18133.1 -0.0657452
18135.4 -0.0654684
18137.8 -0.0651736
18140.1 -0.0648606
18142.4 -0.0645298
18144.8 -0.0641811
18147.1 -0.063815
18149.4 -0.0634313
18151.8 -0.0630304
18154.1 -0.0626124
18156.4 -0.0621775
18158.8 -0.0617258
18161.1 -0.0612576
18163.4 -0.0607729
18165.8 -0.0602721
18168.1 -0.0597554
18170.4 -0.0592229
18172.8 -0.0586747
18175.1 -0.0581112
18177.4 -0.0575326
18179.5 -0.0570008
18181.6 -0.0564571
18183.8 -0.0558737
18186 -0.0552777
18188.2 -0.0546691
18190.4 -0.0540482
18192.6 -0.0534152
18194.8 -0.0527703
18197 -0.0521137
18199.2 -0.0514457
18201.4 -0.0507663
18203.6 -0.0500759
18205.8 -0.0493746
18208 -0.0486626
18210.2 -0.0479403
18212.4 -0.0472078
18214.6 -0.0464653
18216.8 -0.0457131
18219 -0.0449513
18221.2 -0.0441803
18223.4 -0.0434002
18225.6 -0.0426114
18227.8 -0.0418139
18230 -0.0410082
18232.2 -0.0401943
18234.4 -0.0393725
18236.6 -0.0385432
18238.8 -0.0377065
18241 -0.0368627
18243.1 -0.036012
18245.3 -0.0351546
18247.5 -0.0342909
18249.7 -0.0334211
18251.9 -0.0325454
18254.1 -0.0316641
18256.3 -0.0307773
18258.5 -0.0298855
18260.7 -0.0289889
18262.9 -0.0280876
18265.1 -0.0271819
18267.3 -0.0262722
18269.5 -0.0253586
18271.7 -0.0244414
18273.9 -0.0235209
18276.1 -0.0225973
18278.3 -0.0216709
18280.5 -0.0207419
18282.7 -0.0198106
18284.9 -0.0188773
18287.1 -0.0179421
18289.3 -0.0170054
18291.5 -0.0160674
18293.7 -0.0151283
18295.9 -0.0141884
18298.2 -0.0132132
18300.4 -0.0122376
18302.7 -0.0112621
18305 -0.0102867
18307.3 -0.00931185
18309.6 -0.00833783
18311.8 -0.00736486
18314.1 -0.0063932
18316.4 -0.00542314
18318.7 -0.00445497
18321 -0.00348894
18323.2 -0.00252529
18325.5 -0.00156427
18327.8 -0.000606188
18330.1 0.000348701
18332.3 0.00130018
18334.6 0.002248
18336.9 0.00319189
18339.2 0.00413157
18341.5 0.00506683
18343.7 0.00599745
18346 0.00692317
18348.3 0.00784373
18350.6 0.00875888
18352.9 0.00966845
18355.1 0.0105722
18357.4 0.0114698
18359.7 0.0123612
18362 0.013246
18364.3 0.0141241
18366.5 0.0149953
18368.8 0.0158593
18371.1 0.0167158
18373.4 0.0175649
18375.6 0.0184061
18377.9 0.0192393
18380.2 0.0200644
18382.5 0.020881
18384.8 0.0216891
18387 0.0224885
18389.3 0.0232788
18391.6 0.02406
18393.9 0.0248319
18396.2 0.0255944
18398.4 0.0263471
18400.7 0.02709
18403 0.027823
18405.3 0.0285457
18407.5 0.0292582
18409.8 0.0299601
18412.1 0.0306514
18414.4 0.0313319
18416.7 0.0320015
18418.9 0.03266
18421.2 0.0333072
18423.5 0.0339431
18425.8 0.0345676
18428.1 0.0351804
18430.3 0.0357814
18432.6 0.0363705
18434.9 0.0369477
18437.2 0.0375128
18439.4 0.0380656
18441.7 0.0386061
18444 0.0391342
18446.3 0.0396497
18448.6 0.0401526
18450.8 0.0406427
18453.1 0.04112
18455.4 0.0415844
18457.7 0.0420358
18460 0.0424741
18462.2 0.0428992
18464.5 0.043311
18466.8 0.0437096
18469.1 0.0440948
18471.4 0.0444666
18473.6 0.0448248
18475.9 0.0451695
18478.2 0.0455006
18480.5 0.045818
18482.7 0.0461217
18485 0.0464117
18487.3 0.046688
18489.6 0.0469503
18491.9 0.0471989
18494.1 0.0474336
18496.4 0.0476544
18498.7 0.0478613
18501 0.0480542
18503.3 0.0482332
18505.5 0.0483983
18507.8 0.0485495
18510.1 0.0486867
18512.4 0.0488099
18514.6 0.0489193
18516.9 0.0490147
18519.2 0.0490962
18521.5 0.0491639
18523.8 0.0492177
18526 0.0492576
18528.3 0.0492838
18530.6 0.0492962
18532.9 0.0492949
18535.2 0.0492799
18537.4 0.0492513
18539.7 0.0492091
18542 0.0491534
18544.3 0.0490842
18546.6 0.0490016
18548.8 0.0489056
18551.1 0.0487964
18553.4 0.0486739
18555.7 0.0485384
18557.9 0.0483898
18560.2 0.0482282
18562.5 0.0480537
18564.8 0.0478664
18567.1 0.0476665
18569.3 0.0474539
18571.6 0.0472288
18573.9 0.0469913
18576.2 0.0467415
18578.5 0.0464795
18580.7 0.0462054
18583 0.0459193
18585.3 0.0456214
18587.6 0.0453118
18589.8 0.0449905
18592.1 0.0446577
18594.4 0.0443136
18596.7 0.0439583
18599 0.0435918
18601.2 0.0432144
18603.5 0.0428262
18605.8 0.0424273
18608.1 0.0420178
18610.4 0.0415979
18612.6 0.0411678
18614.9 0.0407276
18617.2 0.0402774
18619.5 0.0398175
18621.8 0.0393478
18624 0.0388687
18626.3 0.0383803
18628.6 0.0378828
18630.9 0.0373762
18633.1 0.0368608
18635.4 0.0363367
18637.7 0.0358042
18640 0.0352633
18642.3 0.0347142
18644.5 0.0341572
18646.8 0.0335923
18649.1 0.0330199
18651.4 0.03244
18653.7 0.0318527
18655.9 0.0312585
18658.2 0.0306573
18660.5 0.0300494
18662.8 0.0294349
18665 0.028814
18667.3 0.0281871
18669.6 0.0275541
18671.9 0.0269153
18674.2 0.0262709
18676.4 0.0256211
18678.7 0.0249661
18681 0.024306
18683.3 0.023641
18685.6 0.0229715
18687.8 0.0222975
18690.1 0.0216192
18692.4 0.0209369
18694.7 0.0202507
18697 0.0195608
18699.2 0.0188675
18701.5 0.0181709
18703.8 0.0174711
18706.1 0.0167686
18708.3 0.0160633
18710.6 0.0153556
18712.9 0.0146455
18715.2 0.0139334
18717.5 0.0132194
18719.7 0.0125038
18722 0.0117866
18724.3 0.0110681
18726.6 0.0103486
18728.9 0.00962818
18731.1 0.00890705
18733.4 0.00818543
18735.7 0.00746354
18738 0.00674158
18740.2 0.00601971
18742.5 0.00529811
18744.8 0.00457704
18747.1 0.00385669
18749.4 0.00313723
18751.6 0.00241884
18753.9 0.00170174
18756.2 0.00098614
18758.5 0.000272234
18760.8 -0.000439826
18763 -0.00114984
18765.3 -0.00185758
18767.6 -0.00256286
18769.9 -0.00326551
18772.1 -0.00396536
18774.4 -0.0046622
18776.7 -0.00535582
18779 -0.00604605
18781.3 -0.00673273
18783.5 -0.00741569
18785.8 -0.00809469
18788.1 -0.00876957
18790.4 -0.00944017
18792.7 -0.0101063
18794.9 -0.0107679
18797.2 -0.0114245
18799.5 -0.0120762
18801.8 -0.0127228
18804.1 -0.0133641
18806.3 -0.0139998
18808.6 -0.0146299
18810.9 -0.0152542
18813.2 -0.0158726
18815.4 -0.0164848
18817.7 -0.0170907
18820 -0.0176901
18822.3 -0.018283
18824.6 -0.0188692
18826.8 -0.0194485
18829.1 -0.0200207
18831.4 -0.0205858
18833.7 -0.0211436
18836 -0.0216939
18838.2 -0.0222366
18840.5 -0.0227717
18842.8 -0.0232989
18845.1 -0.0238181
18847.3 -0.0243293
18849.6 -0.0248322
18851.9 -0.0253268
18854.2 -0.0258131
18856.5 -0.0262907
18858.7 -0.0267596
18861 -0.0272199
18863.3 -0.0276712
18865.6 -0.0281136
18867.9 -0.0285469
18870.1 -0.0289711
18872.4 -0.029386
18874.7 -0.0297916
18877 -0.0301877
18879.3 -0.0305744
18881.5 -0.0309514
18883.8 -0.0313189
18886.1 -0.0316765
18888.4 -0.0320244
18890.6 -0.0323624
18892.9 -0.0326905
18895.2 -0.0330086
18897.5 -0.0333166
18899.8 -0.0336145
18902 -0.0339023
18904.3 -0.0341799
18906.6 -0.0344473
18908.9 -0.0347043
18911.2 -0.034951
18913.4 -0.0351874
18915.7 -0.0354133
18918 -0.0356289
18920.3 -0.0358339
18922.5 -0.0360286
18924.8 -0.0362127
18927.1 -0.0363863
18929.4 -0.0365494
18931.7 -0.0367019
18933.9 -0.0368439
18936.2 -0.0369754
18938.5 -0.0370962
18940.8 -0.0372066
18943.1 -0.0373064
18945.3 -0.0373956
18947.6 -0.0374743
18949.9 -0.0375425
18952.2 -0.0376001
18954.5 -0.0376473
18956.7 -0.037684
18959 -0.0377103
18961.3 -0.0377261
18963.6 -0.0377316
18965.8 -0.0377267
18968.1 -0.0377114
18970.4 -0.0376858
18972.7 -0.0376501
18975 -0.0376041
18977.2 -0.0375479
18979.5 -0.0374816
18981.8 -0.0374053
18984.1 -0.0373189
18986.4 -0.0372226
18988.6 -0.0371164
18990.9 -0.0370003
18993.2 -0.0368745
18995.5 -0.036739
18997.7 -0.0365938
19000 -0.036439
19002.3 -0.0362747
19004.6 -0.0361011
19006.9 -0.0359181
19009.1 -0.0357258
19011.4 -0.0355243
19013.7 -0.0353137
19016 -0.0350942
19018.3 -0.0348656
19020.5 -0.0346283
19022.8 -0.0343822
19025.1 -0.0341276
19027.4 -0.0338643
19029.7 -0.0335926
19031.9 -0.0333126
19034.2 -0.0330244
19036.5 -0.032728
19038.8 -0.0324236
19041 -0.0321113
19043.3 -0.0317913
19045.6 -0.0314635
19047.9 -0.0311282
19050.2 -0.0307854
19052.4 -0.0304353
19054.7 -0.0300781
19057 -0.0297137
19059.3 -0.0293424
19061.6 -0.0289643
19063.8 -0.0285795
19066.1 -0.0281881
19068.4 -0.0277903
19070.7 -0.0273862
19072.9 -0.0269759
19075.2 -0.0265597
19077.5 -0.0261375
19079.8 -0.0257095
19082.1 -0.025276
19084.3 -0.024837
19086.6 -0.0243927
19088.9 -0.0239432
19091.2 -0.0234886
19093.5 -0.0230292
19095.7 -0.022565
19098 -0.0220962
19100.3 -0.021623
19102.6 -0.0211455
19104.9 -0.0206638
19107.1 -0.0201781
19109.4 -0.0196886
19111.7 -0.0191954
19114 -0.0186986
19116.2 -0.0181985
19118.5 -0.0176951
19120.8 -0.0171886
19123.1 -0.0166792
19125.4 -0.016167
19127.6 -0.0156522
19129.9 -0.0151349
19132.2 -0.0146153
19134.5 -0.0140936
19136.8 -0.0135698
19139 -0.0130442
19141.3 -0.0125169
19143.6 -0.011988
19145.9 -0.0114578
19148.1 -0.0109263
19150.4 -0.0103938
19152.7 -0.00986028
19155 -0.00932603
19157.3 -0.00879116
19159.5 -0.00825578
19161.8 -0.00772008
19164.1 -0.00718424
19166.4 -0.00664838
19168.7 -0.00611262
19170.9 -0.00557712
19173.2 -0.00504207
19175.5 -0.0045076
19177.8 -0.00397384
19180 -0.00344091
19182.3 -0.00290899
19184.6 -0.00237825
19186.9 -0.00184879
19189.2 -0.00132074
19191.4 -0.000794253
19193.7 -0.000269499
19196 0.000253392
19198.3 0.000774319
19200.6 0.00129314
19202.8 0.0018097
19205.1 0.00232385
19207.4 0.00283548
19209.7 0.00334449
19212 0.00385072
19214.2 0.00435402
19216.5 0.00485427
19218.8 0.00535139
19221.1 0.00584523
19223.3 0.00633566
19225.6 0.00682253
19227.9 0.00730577
19230.2 0.00778527
19232.5 0.00826088
19234.7 0.00873247
19237 0.00919994
19239.3 0.00966322
19241.6 0.0101222
19243.9 0.0105767
19246.1 0.0110266
19248.4 0.0114719
19250.7 0.0119124
19253 0.0123481
19255.2 0.0127787
19257.5 0.0132044
19259.8 0.0136248
19262.1 0.0140401
19264.4 0.0144499
19266.6 0.0148543
19268.9 0.0152532
19271.2 0.0156465
19273.5 0.016034
19275.8 0.0164158
19278 0.0167916
19280.3 0.0171616
19282.6 0.0175254
19284.9 0.0178832
19287.2 0.0182347
19289.4 0.01858
19291.7 0.0189189
19294 0.0192515
19296.3 0.0195775
19298.5 0.0198969
19300.8 0.0202098
19303.1 0.020516
19305.4 0.0208155
19307.7 0.0211081
19309.9 0.0213939
19312.2 0.0216728
19314.5 0.0219447
19316.8 0.0222096
19319.1 0.0224674
19321.3 0.0227181
19323.6 0.0229617
19325.9 0.0231981
19328.2 0.0234272
19330.4 0.023649
19332.7 0.0238636
19335 0.0240707
19337.3 0.0242705
19339.6 0.0244629
19341.8 0.0246478
19344.1 0.0248253
19346.4 0.0249953
19348.7 0.0251577
19351 0.0253127
19353.2 0.0254601
19355.5 0.0255999
19357.8 0.0257321
19360.1 0.0258567
19362.4 0.0259738
19364.6 0.0260832
19366.9 0.0261851
19369.2 0.0262793
19371.5 0.0263659
19373.7 0.0264449
19376 0.0265163
19378.3 0.0265801
19380.6 0.0266363
19382.9 0.026685
19385.1 0.026726
19387.4 0.0267595
19389.7 0.0267855
19392 0.026804
19394.3 0.0268149
19396.5 0.0268184
19398.8 0.0268144
19401.1 0.0268031
19403.4 0.0267843
19405.6 0.0267582
19407.9 0.0267247
19410.2 0.026684
19412.5 0.026636
19414.8 0.0265808
19417 0.0265184
19419.3 0.0264488
19421.6 0.0263722
19423.9 0.0262886
19426.2 0.0261979
19428.4 0.0261003
19430.7 0.0259958
19433 0.0258845
19435.3 0.0257664
19437.6 0.0256416
19439.8 0.02551
19442.1 0.0253719
19444.4 0.0252273
19446.7 0.0250761
19448.9 0.0249185
19451.2 0.0247546
19453.5 0.0245844
19455.8 0.0244079
19458.1 0.0242253
19460.3 0.0240366
19462.6 0.0238419
19464.9 0.0236413
19467.2 0.0234348
19469.5 0.0232226
19471.7 0.0230046
19474 0.0227811
19476.3 0.0225519
19478.6 0.0223173
19480.8 0.0220774
19483.1 0.0218321
19485.4 0.0215817
19487.7 0.021326
19490 0.0210654
19492.2 0.0207999
19494.5 0.0205294
19496.8 0.0202542
19499.1 0.0199743
19501.4 0.0196898
19503.6 0.0194009
19505.9 0.0191075
19508.2 0.0188098
19510.5 0.0185079
19512.8 0.0182019
19515 0.0178919
19517.3 0.0175779
19519.6 0.0172601
19521.9 0.0169386
19524.1 0.0166135
19526.4 0.0162848
19528.7 0.0159527
19531 0.0156173
19533.3 0.0152787
19535.5 0.0149369
19537.8 0.0145921
19540.1 0.0142444
19542.4 0.0138939
19544.7 0.0135407
19546.9 0.0131848
19549.2 0.0128265
19551.5 0.0124658
19553.8 0.0121028
19556 0.0117375
19558.3 0.0113702
19560.6 0.011001
19562.9 0.0106299
19565.2 0.010257
19567.4 0.00988244
19569.7 0.00950635
19572 0.00912884
19574.3 0.00875001
19576.6 0.00836993
19578.8 0.00798873
19581.1 0.00760654
19583.4 0.00722347
19585.7 0.00683959
19587.9 0.006455
19590.2 0.00606985
19592.5 0.00568425
19594.8 0.00529829
19597.1 0.00491204
19599.3 0.00452565
19601.6 0.00413924
19603.9 0.0037529
19606.2 0.00336671
19608.5 0.00298079
19610.7 0.00259526
19613 0.00221024
19615.3 0.00182581
19617.6 0.00144205
19619.9 0.00105909
19622.1 0.000677069
19624.4 0.000296056
19626.7 -8.38707e-05
19629 -0.000462594
19631.2 -0.000839984
19633.5 -0.00121594
19635.8 -0.0015904
19638.1 -0.00196327
19640.4 -0.00233441
19642.6 -0.00270372
19644.9 -0.00307113
19647.2 -0.00343655
19649.5 -0.00379989
19651.8 -0.004161
19654 -0.00451982
19656.3 -0.00487627
19658.6 -0.00523027
19660.9 -0.0055817
19663.1 -0.00593044
19665.4 -0.00627646
19667.7 -0.00661967
19670 -0.00695997
19672.3 -0.00729724
19674.5 -0.00763142
19676.8 -0.00796246
19679.1 -0.00829025
19681.4 -0.0086147
19683.7 -0.00893572
19685.9 -0.00925327
19688.2 -0.00956727
19690.5 -0.00987763
19692.8 -0.0101842
19695.1 -0.0104871
19697.3 -0.0107861
19699.6 -0.0110811
19701.9 -0.0113722
19704.2 -0.0116592
19706.4 -0.011942
19708.7 -0.0122207
19711 -0.0124951
19713.3 -0.0127652
19715.6 -0.0130309
19717.8 -0.0132922
19720.1 -0.0135489
19722.4 -0.0138012
19724.7 -0.0140487
19727 -0.0142917
19729.2 -0.01453
19731.5 -0.0147635
19733.8 -0.0149921
19736.1 -0.0152159
19738.3 -0.0154349
19740.6 -0.0156489
19742.9 -0.0158579
19745.2 -0.0160618
19747.5 -0.0162607
19749.7 -0.0164546
19752 -0.0166433
19754.3 -0.0168268
19756.6 -0.0170051
19758.9 -0.0171782
19761.1 -0.017346
19763.4 -0.0175085
19765.7 -0.0176657
19768 -0.0178176
19770.3 -0.0179641
19772.5 -0.0181053
19774.8 -0.018241
19777.1 -0.0183713
19779.4 -0.0184962
19781.6 -0.0186156
19783.9 -0.0187295
19786.2 -0.018838
19788.5 -0.0189409
19790.8 -0.0190384
19793 -0.0191304
19795.3 -0.0192168
19797.6 -0.0192978
19799.9 -0.0193732
19802.2 -0.0194431
19804.4 -0.0195074
19806.7 -0.0195662
19809 -0.0196196
19811.3 -0.0196674
19813.5 -0.0197097
19815.8 -0.0197465
19818.1 -0.0197778
19820.4 -0.0198036
19822.7 -0.0198239
19824.9 -0.0198388
19827.2 -0.0198482
19829.5 -0.0198523
19831.8 -0.0198509
19834.1 -0.0198441
19836.3 -0.0198319
19838.6 -0.0198144
19840.9 -0.0197915
19843.2 -0.0197634
19845.5 -0.0197299
19847.7 -0.0196912
19850 -0.0196473
19852.3 -0.0195982
19854.6 -0.019544
19856.8 -0.0194846
19859.1 -0.0194201
19861.4 -0.0193505
19863.7 -0.0192759
19866 -0.0191964
19868.2 -0.0191118
19870.5 -0.0190224
19872.8 -0.0189281
19875.1 -0.018829
19877.4 -0.0187251
19879.6 -0.0186165
19881.9 -0.0185031
19884.2 -0.0183851
19886.5 -0.0182626
19888.7 -0.0181355
19891 -0.0180039
19893.3 -0.0178678
19895.6 -0.0177273
19897.9 -0.0175826
19900.1 -0.0174335
19902.4 -0.0172802
19904.7 -0.0171228
19907 -0.0169612
19909.3 -0.0167956
19911.5 -0.0166261
19913.8 -0.0164525
19916.1 -0.0162751
19918.4 -0.0160939
19920.7 -0.015909
19922.9 -0.0157204
19925.2 -0.0155282
19927.5 -0.0153325
19929.8 -0.0151332
19932 -0.0149306
19934.3 -0.0147246
19936.6 -0.0145154
19938.9 -0.014303
19941.2 -0.0140874
19943.4 -0.0138688
19945.7 -0.0136472
19948 -0.0134227
19950.3 -0.0131954
19952.6 -0.0129653
19954.8 -0.0127325
19957.1 -0.012497
19959.4 -0.0122591
19961.7 -0.0120187
19963.9 -0.0117759
19966.2 -0.0115308
19968.5 -0.0112834
19970.8 -0.0110339
19973.1 -0.0107824
19975.3 -0.0105288
19977.6 -0.0102733
19979.9 -0.0100159
19982.2 -0.00975683
19984.5 -0.00949602
19986.7 -0.00923359
19989 -0.00896966
19991.3 -0.00870429
19993.6 -0.00843753
19995.8 -0.00816946
19998.1 -0.00790019
20000.4 -0.00762981
20002.7 -0.00735837
20005 -0.00708592
20007.2 -0.00681258
20009.5 -0.00653845
20011.8 -0.00626358
20014.1 -0.00598803
20016.4 -0.00571188
20018.6 -0.00543525
20020.9 -0.00515822
20023.2 -0.00488081
20025.5 -0.00460312
20027.8 -0.00432524
20030 -0.00404727
20032.3 -0.00376926
20034.6 -0.00349126
20036.9 -0.00321337
20039.1 -0.00293569
20041.4 -0.00265828
20043.7 -0.00238119
20046 -0.0021045
20048.3 -0.0018283
20050.5 -0.00155269
20052.8 -0.00127771
20055.1 -0.0010034
20057.4 -0.000729875
20059.7 -0.000457221
20061.9 -0.000185492
20064.2 8.52674e-05
20066.5 0.00035498
20068.8 0.000623546
20071 0.000890896
20073.3 0.00115699
20075.6 0.00142178
20077.9 0.00168515
20080.2 0.00194704
20082.4 0.0022074
20084.7 0.00246618
20087 0.00272331
20089.3 0.00297869
20091.6 0.00323227
20093.8 0.00348402
20096.1 0.00373387
20098.4 0.00398175
20100.7 0.00422756
20103 0.0044713
20105.2 0.0047129
20107.5 0.0049523
20109.8 0.00518942
20112.1 0.00542421
20114.3 0.00565664
20116.6 0.00588665
20118.9 0.00611417
20121.2 0.00633913
20123.5 0.00656151
20125.7 0.00678128
20128 0.00699835
20130.3 0.00721266
20132.6 0.00742418
20134.9 0.00763289
20137.1 0.00783872
20139.4 0.00804161
20141.7 0.00824151
20144 0.00843841
20146.2 0.00863227
20148.5 0.00882302
20150.8 0.00901061
20153.1 0.00919502
20155.4 0.00937622
20157.6 0.00955418
20159.9 0.00972881
20162.2 0.00990011
20164.5 0.0100681
20166.8 0.0102326
20169 0.0103937
20171.3 0.0105513
20173.6 0.0107055
20175.9 0.0108561
20178.2 0.0110032
20180.4 0.0111467
20182.7 0.0112865
20185 0.0114228
20187.3 0.0115554
20189.5 0.0116842
20191.8 0.0118094
20194.1 0.0119309
20196.4 0.0120486
20198.7 0.0121626
20200.9 0.0122727
20203.2 0.0123791
20205.5 0.0124817
20207.8 0.0125804
20210.1 0.0126753
20212.3 0.0127663
20214.6 0.0128535
20216.9 0.0129368
20219.2 0.0130162
20221.4 0.0130917
20223.7 0.0131633
20226 0.0132311
20228.3 0.0132949
20230.6 0.0133548
20232.8 0.0134108
20235.1 0.0134629
20237.4 0.0135111
20239.7 0.0135553
20242 0.0135957
20244.2 0.0136321
20246.5 0.0136647
20248.8 0.0136933
20251.1 0.0137181
20253.4 0.013739
20255.6 0.013756
20257.9 0.0137692
20260.2 0.0137785
20262.5 0.013784
20264.7 0.0137856
20267 0.0137835
20269.3 0.0137775
20271.6 0.0137678
20273.9 0.0137543
20276.1 0.0137371
20278.4 0.0137161
20280.7 0.0136914
20283 0.0136631
20285.3 0.0136311
20287.5 0.0135954
20289.8 0.0135562
20292.1 0.0135133
20294.4 0.0134669
20296.6 0.0134169
20298.9 0.0133635
20301.2 0.0133065
20303.5 0.0132461
20305.8 0.0131822
20308 0.013115
20310.3 0.0130444
20312.6 0.0129705
20314.9 0.0128932
20317.2 0.0128128
20319.4 0.012729
20321.7 0.0126421
20324 0.012552
20326.3 0.0124588
20328.6 0.0123625
20330.8 0.0122631
20333.1 0.0121607
20335.4 0.0120554
20337.7 0.0119471
20339.9 0.011836
20342.2 0.0117219
20344.5 0.0116051
20346.8 0.0114855
20349.1 0.0113632
20351.3 0.0112381
20353.6 0.0111105
20355.9 0.0109802
20358.2 0.0108474
20360.5 0.0107121
20362.7 0.0105743
20365 0.0104341
20367.3 0.0102915
20369.6 0.0101467
20371.8 0.00999949
20374.1 0.00985009
20376.4 0.00969853
20378.7 0.00954485
20381 0.00938908
20383.2 0.00923125
20385.5 0.00907146
20387.8 0.00890976
20390.1 0.00874617
20392.4 0.00858073
20394.6 0.00841351
20396.9 0.00824459
20399.2 0.008074
20401.5 0.00790176
20403.7 0.00772794
20406 0.00755263
20408.3 0.00737586
20410.6 0.00719767
20412.9 0.00701811
20415.1 0.00683724
20417.4 0.00665515
20419.7 0.00647186
20422 0.0062874
20424.3 0.00610185
20426.5 0.00591528
20428.8 0.00572775
20431.1 0.00553927
20433.4 0.00534991
20435.7 0.00515974
20437.9 0.00496883
20440.2 0.00477721
20442.5 0.00458492
20444.8 0.00439202
20447 0.00419861
20449.3 0.00400472
20451.6 0.00381038
20453.9 0.00361565
20456.2 0.00342061
20458.4 0.00322532
20460.7 0.00302981
20463 0.00283412
20465.3 0.00263833
20467.6 0.00244251
20469.8 0.0022467
20472.1 0.00205093
20474.4 0.00185526
20476.7 0.00165977
20478.9 0.00146452
20481.2 0.00126953
20483.5 0.00107484
20485.8 0.000880539
20488.1 0.00068669
20490.3 0.000493319
20492.6 0.000300461
20494.9 0.000108185
20497.2 -8.34327e-05
20499.5 -0.000274355
20501.7 -0.000464558
20504 -0.000653988
20506.3 -0.000842567
20508.6 -0.00103024
20510.9 -0.00121699
20513.1 -0.00140278
20515.4 -0.00158753
20517.7 -0.00177118
20520 -0.00195371
20522.2 -0.00213508
20524.5 -0.00231525
20526.8 -0.00249413
20529.1 -0.0026717
20531.4 -0.00284792
20533.6 -0.00302277
20535.9 -0.00319617
20538.2 -0.00336807
20540.5 -0.00353845
20542.8 -0.00370729
20545 -0.00387453
20547.3 -0.0040401
20549.6 -0.00420398
20551.9 -0.00436615
20554.1 -0.00452658
20556.4 -0.00468519
20558.7 -0.00484195
20561 -0.00499685
20563.3 -0.00514985
20565.5 -0.00530092
20567.8 -0.00544999
20570.1 -0.00559704
20572.4 -0.00574207
20574.7 -0.00588504
20576.9 -0.00602588
20579.2 -0.00616458
20581.5 -0.00630111
20583.8 -0.00643547
20586.1 -0.0065676
20588.3 -0.00669746
20590.6 -0.00682504
20592.9 -0.00695033
20595.2 -0.00707331
20597.4 -0.0071939
20599.7 -0.00731211
20602 -0.00742792
20604.3 -0.00754133
20606.6 -0.00765228
20608.8 -0.00776075
20611.1 -0.00786673
20613.4 -0.00797022
20615.7 -0.00807119
20618 -0.00816959
20620.2 -0.00826542
20622.5 -0.00835869
20624.8 -0.00844938
20627.1 -0.00853745
20629.3 -0.00862287
20631.6 -0.00870567
20633.9 -0.00878583
20636.2 -0.00886333
20638.5 -0.00893814
20640.7 -0.00901026
20643 -0.0090797
20645.3 -0.00914645
20647.6 -0.00921047
20649.9 -0.00927176
20652.1 -0.00933034
20654.4 -0.0093862
20656.7 -0.00943932
20659 -0.00948968
20661.3 -0.0095373
20663.5 -0.00958218
20665.8 -0.00962432
20668.1 -0.00966369
20670.4 -0.0097003
20672.6 -0.00973417
20674.9 -0.0097653
20677.2 -0.00979367
20679.5 -0.00981927
20681.8 -0.00984214
20684 -0.00986228
20686.3 -0.00987968
20688.6 -0.00989433
20690.9 -0.00990625
20693.2 -0.00991547
20695.4 -0.00992198
20697.7 -0.00992578
20700 -0.00992686
20702.3 -0.00992526
20704.5 -0.00992101
20706.8 -0.00991408
20709.1 -0.00990448
20711.4 -0.00989223
20713.7 -0.00987738
20715.9 -0.00985992
20718.2 -0.00983983
20720.5 -0.00981715
20722.8 -0.00979191
20725.1 -0.00976413
20727.3 -0.0097338
20729.6 -0.00970093
20731.9 -0.00966556
20734.2 -0.00962773
20736.5 -0.00958743
20738.7 -0.00954467
20741 -0.00949948
20743.3 -0.00945191
20745.6 -0.00940196
20747.8 -0.00934965
20750.1 -0.00929498
20752.4 -0.00923801
20754.7 -0.00917877
20757 -0.00911727
20759.2 -0.00905351
20761.5 -0.00898753
20763.8 -0.00891939
20766.1 -0.00884911
20768.4 -0.00877667
20770.6 -0.00870212
20772.9 -0.00862551
20775.2 -0.00854687
20777.5 -0.00846621
20779.7 -0.00838354
20782 -0.00829892
20784.3 -0.0082124
20786.6 -0.00812399
20788.9 -0.0080337
20791.1 -0.00794156
20793.4 -0.00784765
20795.7 -0.00775199
20798 -0.00765459
20800.3 -0.00755547
20802.5 -0.0074547
20804.8 -0.00735231
20807.1 -0.00724834
20809.4 -0.00714278
20811.6 -0.00703569
20813.9 -0.00692714
20816.2 -0.00681714
20818.5 -0.00670571
20820.8 -0.00659288
20823 -0.00647872
20825.3 -0.00636327
20827.6 -0.00624654
20829.9 -0.00612856
20832.2 -0.00600939
20834.4 -0.00588907
20836.7 -0.00576764
20839 -0.00564511
20841.3 -0.00552152
20843.6 -0.00539694
20845.8 -0.00527141
20848.1 -0.00514493
20850.4 -0.00501754
20852.7 -0.00488931
20854.9 -0.00476027
20857.2 -0.00463046
20859.5 -0.0044999
20861.8 -0.00436862
20864.1 -0.0042367
20866.3 -0.00410417
20868.6 -0.00397104
20870.9 -0.00383734
20873.2 -0.00370315
20875.5 -0.00356851
20877.7 -0.00343344
20880 -0.00329795
20882.3 -0.0031621
20884.6 -0.00302596
20886.8 -0.00288955
20889.1 -0.00275289
20891.4 -0.00261601
20893.7 -0.00247898
20896 -0.00234184
20898.2 -0.0022046
20900.5 -0.0020673
20902.8 -0.00192998
20905.1 -0.00179271
20907.4 -0.0016555
20909.6 -0.00151837
20911.9 -0.00138137
20914.2 -0.00124455
20916.5 -0.00110796
20918.8 -0.000971592
20921 -0.00083549
20923.3 -0.00069971
20925.6 -0.000564301
20927.9 -0.000429277
20930.1 -0.000294653
20932.4 -0.000160479
20934.7 -2.68146e-05
20937 0.000106315
20939.3 0.000238901
20941.5 0.000370912
20943.8 0.000502286
20946.1 0.000632983
20948.4 0.000762993
20950.7 0.0008923
20952.9 0.00102085
20955.2 0.0011486
20957.5 0.00127551
20959.8 0.0014016
20962 0.00152681
20964.3 0.0016511
20966.6 0.00177443
20968.9 0.00189679
20971.2 0.00201818
20973.4 0.00213852
20975.7 0.00225779
20978 0.00237597
20980.3 0.00249304
20982.6 0.00260899
20984.8 0.00272374
20987.1 0.00283729
20989.4 0.00294962
20991.7 0.00306072
20994 0.00317053
20996.2 0.00327902
20998.5 0.00338619
21000.8 0.00349203
21003.1 0.0035965
21005.3 0.00369956
21007.6 0.00380118
21009.9 0.00390138
21012.2 0.00400012
21014.5 0.00409737
21016.7 0.0041931
21019 0.0042873
21021.3 0.00437998
21023.6 0.00447109
21025.9 0.00456059
21028.1 0.00464848
21030.4 0.00473477
21032.7 0.00481943
21035 0.00490242
21037.2 0.00498372
21039.5 0.00506335
21041.8 0.00514128
21044.1 0.0052175
21046.4 0.00529196
21048.6 0.00536467
21050.9 0.00543564
21053.2 0.00550485
21055.5 0.00557225
21057.8 0.00563785
21060 0.00570165
21062.3 0.00576366
21064.6 0.00582382
21066.9 0.00588213
21069.2 0.0059386
21071.4 0.00599323
21073.7 0.00604601
21076 0.00609689
21078.3 0.0061459
21080.5 0.00619304
21082.8 0.00623831
21085.1 0.00628167
21087.4 0.00632312
21089.7 0.00636268
21091.9 0.00640035
21094.2 0.00643612
21096.5 0.00646996
21098.8 0.00650189
21101.1 0.00653192
21103.3 0.00656006
21105.6 0.00658626
21107.9 0.00661054
21110.2 0.00663293
21112.4 0.00665343
21114.7 0.00667201
21117 0.00668867
21119.3 0.00670343
21121.6 0.00671632
21123.8 0.00672731
21126.1 0.0067364
21128.4 0.0067436
21130.7 0.00674894
21133 0.00675242
21135.2 0.00675403
21137.5 0.00675376
21139.8 0.00675164
21142.1 0.00674771
21144.4 0.00674194
21146.6 0.00673432
21148.9 0.00672489
21151.2 0.00671367
21153.5 0.00670066
21155.7 0.00668585
21158 0.00666926
21160.3 0.00665091
21162.6 0.00663083
21164.9 0.00660901
21167.1 0.00658545
21169.4 0.00656017
21171.7 0.00653321
21174 0.00650458
21176.3 0.00647425
21178.5 0.00644226
21180.8 0.00640865
21183.1 0.00637342
21185.4 0.00633658
21187.6 0.00629812
21189.9 0.0062581
21192.2 0.00621653
21194.5 0.00617343
21196.8 0.00612877
21199 0.00608261
21201.3 0.00603497
21203.6 0.00598588
21205.9 0.00593532
21208.2 0.00588331
21210.4 0.0058299
21212.7 0.00577512
21215 0.00571896
21217.3 0.00566143
21219.5 0.00560256
21221.8 0.00554241
21224.1 0.00548097
21226.4 0.00541824
21228.7 0.00535426
21230.9 0.00528906
21233.2 0.00522268
21235.5 0.00515511
21237.8 0.00508637
21240.1 0.00501649
21242.3 0.00494553
21244.6 0.00487347
21246.9 0.00480034
21249.2 0.00472615
21251.5 0.00465097
21253.7 0.00457481
21256 0.00449766
21258.3 0.00441956
21260.6 0.00434055
21262.8 0.00426066
21265.1 0.0041799
21267.4 0.00409827
21269.7 0.00401583
21272 0.00393261
21274.2 0.00384863
21276.5 0.00376389
21278.8 0.00367843
21281.1 0.00359229
21283.4 0.0035055
21285.6 0.00341806
21287.9 0.00333
21290.2 0.00324135
21292.5 0.00315216
21294.7 0.00306245
21297 0.00297221
21299.3 0.00288148
21301.6 0.00279032
21303.9 0.00269874
21306.1 0.00260676
21308.4 0.00251438
21310.7 0.00242167
21313 0.00232865
21315.3 0.00223534
21317.5 0.00214175
21319.8 0.00204791
21322.1 0.00195388
21324.4 0.00185968
21326.7 0.0017653
21328.9 0.00167077
21331.2 0.00157614
21333.5 0.00148146
21335.8 0.00138672
21338 0.00129192
21340.3 0.00119713
21342.6 0.00110238
21344.9 0.00100769
21347.2 0.000913061
21349.4 0.000818519
21351.7 0.00072412
21354 0.000629889
21356.3 0.000535827
21358.6 0.000441951
21360.8 0.000348307
21363.1 0.000254935
21365.4 0.000161844
21367.7 6.90351e-05
21369.9 -2.34543e-05
21372.2 -0.000115577
21374.5 -0.000207312
21376.8 -0.000298663
21379.1 -0.000389608
21381.3 -0.000480101
21383.6 -0.000570108
21385.9 -0.000659627
21388.2 -0.000748653
21390.5 -0.000837147
21392.7 -0.000925065
21395 -0.0010124
21397.3 -0.00109914
21399.6 -0.00118528
21401.9 -0.00127077
21404.1 -0.00135557
21406.4 -0.0014397
21408.7 -0.00152314
21411 -0.00160586
21413.2 -0.00168781
21415.5 -0.001769
21417.8 -0.00184943
21420.1 -0.00192906
21422.4 -0.00200786
21424.6 -0.00208581
21426.9 -0.00216292
21429.2 -0.00223917
21431.5 -0.00231452
21433.8 -0.00238895
21436 -0.00246246
21438.3 -0.00253505
21440.6 -0.00260669
21442.9 -0.00267734
21445.1 -0.00274699
21447.4 -0.00281566
21449.7 -0.00288332
21452 -0.00294995
21454.3 -0.00301552
21456.5 -0.00308003
21458.8 -0.00314349
21461.1 -0.00320587
21463.4 -0.00326713
21465.7 -0.00332728
21467.9 -0.00338633
21470.2 -0.00344425
21472.5 -0.00350102
21474.8 -0.00355662
21477.1 -0.00361106
21479.3 -0.00366435
21481.6 -0.00371644
21483.9 -0.00376733
21486.2 -0.00381701
21488.4 -0.00386549
21490.7 -0.00391276
21493 -0.00395878
21495.3 -0.00400356
21497.6 -0.0040471
21499.8 -0.00408941
21502.1 -0.00413046
21504.4 -0.00417022
21506.7 -0.00420871
21509 -0.00424595
21511.2 -0.00428191
21513.5 -0.00431656
21515.8 -0.00434992
21518.1 -0.00438199
21520.3 -0.00441278
21522.6 -0.00444226
21524.9 -0.00447041
21527.2 -0.00449727
21529.5 -0.00452283
21531.7 -0.00454708
21534 -0.00456999
21536.3 -0.00459159
21538.6 -0.00461189
21540.9 -0.00463088
21543.1 -0.00464854
21545.4 -0.00466487
21547.7 -0.00467989
21550 -0.00469362
21552.2 -0.00470602
21554.5 -0.00471709
21556.8 -0.00472686
21559.1 -0.00473533
21561.4 -0.0047425
21563.6 -0.00474836
21565.9 -0.0047529
21568.2 -0.00475616
21570.5 -0.00475815
21572.8 -0.00475884
21575 -0.00475823
21577.3 -0.00475634
21579.6 -0.0047532
21581.9 -0.0047488
21584.2 -0.00474312
21586.4 -0.00473618
21588.7 -0.00472801
21591 -0.00471861
21593.3 -0.00470796
21595.5 -0.00469607
21597.8 -0.00468298
21600.1 -0.00466869
21602.4 -0.0046532
21604.7 -0.0046365
21606.9 -0.00461862
21609.2 -0.00459959
21611.5 -0.0045794
21613.8 -0.00455804
21616.1 -0.00453552
21618.3 -0.00451189
21620.6 -0.00448715
21622.9 -0.0044613
21625.2 -0.00443433
21627.4 -0.00440628
21629.7 -0.00437717
21632 -0.00434701
21634.3 -0.00431578
21636.6 -0.0042835
21638.8 -0.00425022
21641.1 -0.00421594
21643.4 -0.00418065
21645.7 -0.00414436
21648 -0.00410711
21650.2 -0.00406892
21652.5 -0.00402979
21654.8 -0.00398972
21657.1 -0.00394873
21659.4 -0.00390687
21661.6 -0.00386413
21663.9 -0.00382051
21666.2 -0.00377602
21668.5 -0.00373071
21670.7 -0.0036846
21673 -0.00363768
21675.3 -0.00358996
21677.6 -0.00354146
21679.9 -0.00349223
21682.1 -0.00344226
21684.4 -0.00339156
21686.7 -0.00334014
21689 -0.00328804
21691.3 -0.00323529
21693.5 -0.00318188
21695.8 -0.00312781
21698.1 -0.00307313
21700.4 -0.00301786
21702.6 -0.00296201
21704.9 -0.00290557
21707.2 -0.00284857
21709.5 -0.00279106
21711.8 -0.00273305
21714 -0.00267453
21716.3 -0.00261551
21718.6 -0.00255604
21720.9 -0.00249614
21723.2 -0.00243582
21725.4 -0.00237506
21727.7 -0.00231392
21730 -0.00225243
21732.3 -0.00219058
21734.6 -0.00212839
21736.8 -0.00206587
21739.1 -0.00200306
21741.4 -0.00193998
21743.7 -0.00187664
21745.9 -0.00181303
21748.2 -0.00174919
21750.5 -0.00168517
21752.8 -0.00162096
21755.1 -0.00155656
21757.3 -0.00149199
21759.6 -0.00142731
21761.9 -0.00136251
21764.2 -0.00129761
21766.5 -0.0012326
21768.7 -0.00116754
21771 -0.00110245
21773.3 -0.00103732
21775.6 -0.000972165
21777.8 -0.00090701
21780.1 -0.000841896
21782.4 -0.00077683
21784.7 -0.000711807
21787 -0.000646846
21789.2 -0.000581987
21791.5 -0.000517253
21793.8 -0.00045264
21796.1 -0.000388151
21798.4 -0.000323822
21800.6 -0.000259688
21802.9 -0.000195752
21805.2 -0.000132009
21807.5 -6.84819e-05
21809.8 -5.21088e-06
21812 5.7788e-05
21814.3 0.000120522
21816.6 0.000182983
21818.9 0.000245133
21821.1 0.000306943
21823.4 0.000368415
21825.7 0.000429553
21828 0.000490329
21830.3 0.000550705
21832.5 0.000610674
21834.8 0.000670243
21837.1 0.0007294
21839.4 0.000788107
21841.7 0.000846341
21843.9 0.000904109
21846.2 0.000961413
21848.5 0.00101822
21850.8 0.0010745
21853 0.00113025
21855.3 0.00118547
21857.6 0.00124016
21859.9 0.00129428
21862.2 0.0013478
21864.4 0.00140074
21866.7 0.0014531
21869 0.00150485
21871.3 0.00155596
21873.6 0.00160643
21875.8 0.00165627
21878.1 0.00170546
21880.4 0.00175396
21882.7 0.00180178
21885 0.00184892
21887.2 0.00189538
21889.5 0.00194112
21891.8 0.00198613
21894.1 0.00203041
21896.3 0.00207397
21898.6 0.0021168
21900.9 0.00215885
21903.2 0.00220012
21905.5 0.00224065
21907.7 0.0022804
21910 0.00231937
21912.3 0.00235752
21914.6 0.00239487
21916.9 0.00243144
21919.1 0.00246719
21921.4 0.00250211
21923.7 0.00253619
21926 0.00256946
21928.2 0.00260189
21930.5 0.00263347
21932.8 0.00266419
21935.1 0.00269407
21937.4 0.0027231
21939.6 0.00275127
21941.9 0.00277856
21944.2 0.00280497
21946.5 0.00283053
21948.8 0.00285521
21951 0.002879
21953.3 0.0029019
21955.6 0.00292393
21957.9 0.00294508
21960.1 0.00296533
21962.4 0.00298468
21964.7 0.00300314
21967 0.00302072
21969.3 0.00303741
21971.5 0.00305318
21973.8 0.00306805
21976.1 0.00308204
21978.4 0.00309515
21980.7 0.00310735
21982.9 0.00311863
21985.2 0.00312903
21987.5 0.00313855
21989.8 0.00314718
21992.1 0.00315489
21994.3 0.00316171
21996.6 0.00316767
21998.9 0.00317274
22001.2 0.00317691
22003.4 0.00318019
22005.7 0.0031826
22008 0.00318415
22010.3 0.00318482
22012.6 0.00318461
22014.8 0.00318353
22017.1 0.00318161
22019.4 0.00317883
22021.7 0.00317518
22024 0.00317067
22026.2 0.00316533
22028.5 0.00315917
22030.8 0.00315216
22033.1 0.0031443
22035.3 0.00313563
22037.6 0.00312615
22039.9 0.00311586
22042.2 0.00310475
22044.5 0.00309283
22046.7 0.00308013
22049 0.00306665
22051.3 0.00305238
22053.6 0.00303732
22055.9 0.00302151
22058.1 0.00300495
22060.4 0.00298763
22062.7 0.00296955
22065 0.00295073
22067.3 0.00293121
22069.5 0.00291096
22071.8 0.00288999
22074.1 0.0028683
22076.4 0.00284593
22078.6 0.00282289
22080.9 0.00279916
22083.2 0.00277474
22085.5 0.00274967
22087.8 0.00272397
22090 0.00269762
22092.3 0.00267063
22094.6 0.00264301
22096.9 0.00261479
22099.2 0.00258598
22101.4 0.00255657
22103.7 0.00252656
22106 0.00249599
22108.3 0.00246487
22110.5 0.0024332
22112.8 0.00240097
22115.1 0.00236822
22117.4 0.00233496
22119.7 0.0023012
22121.9 0.00226693
22124.2 0.00223217
22126.5 0.00219695
22128.8 0.00216128
22131.1 0.00212515
22133.3 0.00208857
22135.6 0.00205156
22137.9 0.00201415
22140.2 0.00197635
22142.5 0.00193814
22144.7 0.00189954
22147 0.00186058
22149.3 0.00182129
22151.6 0.00178164
22153.8 0.00174164
22156.1 0.00170133
22158.4 0.00166074
22160.7 0.00161985
22163 0.00157865
22165.2 0.00153719
22167.5 0.00149548
22169.8 0.00145354
22172.1 0.00141136
22174.4 0.00136894
22176.6 0.00132632
22178.9 0.00128352
22181.2 0.00124054
22183.5 0.00119737
22185.7 0.00115404
22188 0.00111059
22190.3 0.001067
22192.6 0.00102328
22194.9 0.000979449
22197.1 0.000935531
22199.4 0.000891544
22201.7 0.000847477
22204 0.000803335
22206.3 0.000759152
22208.5 0.000714952
22210.8 0.000670731
22213.1 0.000626484
22215.4 0.000582233
22217.7 0.000538012
22219.9 0.000493828
22222.2 0.00044967
22224.5 0.000405548
22226.8 0.000361496
22229 0.000317534
22231.3 0.000273654
22233.6 0.000229853
22235.9 0.000186158
22238.2 0.0001426
22240.4 9.91791e-05
22242.7 5.58851e-05
22245 1.27333e-05
22247.3 -3.02429e-05
22249.6 -7.30297e-05
22251.8 -0.000115638
22254.1 -0.000158067
22256.4 -0.000200286
22258.7 -0.00024227
22260.9 -0.000284023
22263.2 -0.000325555
22265.5 -0.000366845
22267.8 -0.000407863
22270.1 -0.000448601
22272.3 -0.000489071
22274.6 -0.000529268
22276.9 -0.00056916
22279.2 -0.000608729
22281.5 -0.000647982
22283.7 -0.000686927
22286 -0.000725541
22288.3 -0.000763794
22290.6 -0.000801686
22292.9 -0.000839231
22295.1 -0.000876417
22297.4 -0.000913215
22299.7 -0.000949611
22302 -0.000985617
22304.2 -0.00102124
22306.5 -0.00105644
22308.8 -0.00109122
22311.1 -0.00112556
22313.4 -0.00115948
22315.6 -0.00119297
22317.9 -0.001226
22320.2 -0.00125856
22322.5 -0.00129066
22324.8 -0.00132232
22327 -0.00135349
22329.3 -0.00138416
22331.6 -0.00141434
22333.9 -0.00144405
22336.1 -0.00147326
22338.4 -0.00150194
22340.7 -0.00153011
22343 -0.00155776
22345.3 -0.00158491
22347.5 -0.00161152
22349.8 -0.00163758
22352.1 -0.00166311
22354.4 -0.0016881
22356.7 -0.00171255
22358.9 -0.00173643
22361.2 -0.00175975
22363.5 -0.00178252
22365.8 -0.00180474
22368 -0.00182638
22370.3 -0.00184743
22372.6 -0.00186791
22374.9 -0.00188782
22377.2 -0.00190716
22379.4 -0.00192589
22381.7 -0.00194403
22384 -0.00196159
22386.3 -0.00197857
22388.6 -0.00199494
22390.8 -0.0020107
22393.1 -0.00202587
22395.4 -0.00204045
22397.7 -0.00205442
22400 -0.00206778
22402.2 -0.00208053
22404.5 -0.00209269
22406.8 -0.00210424
22409.1 -0.00211517
22411.3 -0.00212548
22413.6 -0.0021352
22415.9 -0.00214432
22418.2 -0.00215282
22420.5 -0.0021607
22422.7 -0.00216797
22425 -0.00217465
22427.3 -0.00218072
22429.6 -0.00218617
22431.9 -0.002191
22434.1 -0.00219525
22436.4 -0.0021989
22438.7 -0.00220193
22441 -0.00220435
22443.2 -0.00220619
22445.5 -0.00220743
22447.8 -0.00220808
22450.1 -0.00220812
22452.4 -0.00220757
22454.6 -0.00220645
22456.9 -0.00220475
22459.2 -0.00220244
22461.5 -0.00219956
22463.8 -0.0021961
22466 -0.00219209
22468.3 -0.0021875
22470.6 -0.00218232
22472.9 -0.00217659
22475.2 -0.00217032
22477.4 -0.00216349
22479.7 -0.0021561
22482 -0.00214816
22484.3 -0.00213969
22486.5 -0.00213069
22488.8 -0.00212115
22491.1 -0.00211106
22493.4 -0.00210047
22495.7 -0.00208937
22497.9 -0.00207775
22500.2 -0.00206562
22502.5 -0.00205298
22504.8 -0.00203986
22507.1 -0.00202625
22509.3 -0.00201215
22511.6 -0.00199756
22513.9 -0.0019825
22516.2 -0.001967
22518.4 -0.00195102
22520.7 -0.00193458
22523 -0.00191769
22525.3 -0.00190037
22527.6 -0.00188262
22529.8 -0.00186443
22532.1 -0.00184581
22534.4 -0.00182679
22536.7 -0.00180737
22539 -0.00178754
22541.2 -0.0017673
22543.5 -0.00174667
22545.8 -0.00172569
22548.1 -0.00170433
22550.4 -0.00168259
22552.6 -0.00166049
22554.9 -0.00163805
22557.2 -0.00161528
22559.5 -0.00159215
22561.7 -0.00156869
22564 -0.00154492
22566.3 -0.00152085
22568.6 -0.00149647
22570.9 -0.00147177
22573.1 -0.00144678
22575.4 -0.00142153
22577.7 -0.00139601
22580 -0.00137021
22582.3 -0.00134414
22584.5 -0.00131784
22586.8 -0.0012913
22589.1 -0.00126453
22591.4 -0.00123751
22593.6 -0.00121028
22595.9 -0.00118285
22598.2 -0.00115522
22600.5 -0.00112739
22602.8 -0.00109936
22605 -0.00107118
22607.3 -0.00104283
22609.6 -0.00101431
22611.9 -0.000985626
22614.2 -0.000956805
22616.4 -0.000927865
22618.7 -0.000898795
22621 -0.000869589
22623.3 -0.00084027
22625.6 -0.000810865
22627.8 -0.000781373
22630.1 -0.00075178
22632.4 -0.0007221
22634.7 -0.000692361
22636.9 -0.000662575
22639.2 -0.000632729
22641.5 -0.000602823
22643.8 -0.000572882
22646.1 -0.000542929
22648.3 -0.00051296
22650.6 -0.000482962
22652.9 -0.000452954
22655.2 -0.000422963
22657.5 -0.000392996
22659.7 -0.000363039
22662 -0.000333096
22664.3 -0.000303196
22666.6 -0.000273355
22668.8 -0.000243566
22671.1 -0.00021382
22673.4 -0.000184138
22675.7 -0.000154547
22678 -0.000125047
22680.2 -9.56249e-05
22682.5 -6.62896e-05
22684.8 -3.70694e-05
22687.1 -7.97714e-06
22689.4 2.09991e-05
22691.6 4.98631e-05
22693.9 7.85915e-05
22696.2 0.000107161
22698.5 0.000135576
22700.8 0.000163849
22703 0.000191967
22705.3 0.000219901
22707.6 0.000247646
22709.9 0.000275214
22712.1 0.000302606
22714.4 0.000329795
22716.7 0.000356764
22719 0.000383522
22721.3 0.000410077
22723.5 0.000436414
22725.8 0.000462507
22728.1 0.000488355
22730.4 0.000513971
22732.7 0.000539353
22734.9 0.000564473
22737.2 0.000589318
22739.5 0.000613901
22741.8 0.000638229
22744 0.000662283
22746.3 0.000686039
22748.6 0.000709502
22750.9 0.000732687
22753.2 0.000755585
22755.4 0.00077817
22757.7 0.000800435
22760 0.000822396
22762.3 0.000844055
22764.6 0.000865391
22766.8 0.000886386
22769.1 0.00090705
22771.4 0.000927395
22773.7 0.000947409
22775.9 0.000967069
22778.2 0.000986372
22780.5 0.00100534
22782.8 0.00102396
22785.1 0.00104222
22787.3 0.00106011
22789.6 0.00107764
22791.9 0.00109481
22794.2 0.00111162
22796.5 0.00112805
22798.7 0.00114409
22801 0.00115976
22803.3 0.00117507
22805.6 0.00118998
22807.9 0.0012045
22810.1 0.00121863
22812.4 0.00123239
22814.7 0.00124576
22817 0.00125871
22819.2 0.00127127
22821.5 0.00128345
22823.8 0.00129523
22826.1 0.00130661
22828.4 0.00131757
22830.6 0.00132814
22832.9 0.00133831
22835.2 0.00134808
22837.5 0.00135743
22839.8 0.00136637
22842 0.00137492
22844.3 0.00138306
22846.6 0.00139079
22848.9 0.00139809
22851.1 0.001405
22853.4 0.00141152
22855.7 0.00141761
22858 0.00142328
22860.3 0.00142855
22862.5 0.00143342
22864.8 0.00143789
22867.1 0.00144194
22869.4 0.00144557
22871.7 0.00144881
22873.9 0.00145165
22876.2 0.00145408
22878.5 0.00145609
22880.8 0.00145771
22883.1 0.00145894
22885.3 0.00145977
22887.6 0.00146018
22889.9 0.00146019
22892.2 0.00145983
22894.4 0.00145907
22896.7 0.00145792
22899 0.00145636
22901.3 0.00145442
22903.6 0.00145211
22905.8 0.00144941
22908.1 0.00144631
22910.4 0.00144284
22912.7 0.001439
22915 0.0014348
22917.2 0.0014302
22919.5 0.00142523
22921.8 0.00141991
22924.1 0.00141424
22926.3 0.00140819
22928.6 0.00140177
22930.9 0.00139501
22933.2 0.00138791
22935.5 0.00138046
22937.7 0.00137265
22940 0.0013645
22942.3 0.00135602
22944.6 0.00134722
22946.9 0.00133808
22949.1 0.0013286
22951.4 0.0013188
22953.7 0.00130871
22956 0.00129829
22958.3 0.00128755
22960.5 0.0012765
22962.8 0.00126516
22965.1 0.00125353
22967.4 0.0012416
22969.6 0.00122936
22971.9 0.00121686
22974.2 0.00120408
22976.5 0.00119103
22978.8 0.00117769
22981 0.00116408
22983.3 0.00115023
22985.6 0.00113613
22987.9 0.00112176
22990.2 0.00110713
22992.4 0.00109228
22994.7 0.0010772
22997 0.00106188
22999.3 0.00104633
23001.5 0.00103055
23003.8 0.00101458
23006.1 0.00099839
23008.4 0.000981981
23010.7 0.00096537
23012.9 0.00094858
23015.2 0.000931606
23017.5 0.000914436
23019.8 0.000897076
23022.1 0.000879554
23024.3 0.000861877
23026.6 0.000844032
23028.9 0.000826015
23031.2 0.000807849
23033.5 0.000789552
23035.7 0.000771119
23038 0.000752537
23040.3 0.000733819
23042.6 0.00071499
23044.8 0.000696054
23047.1 0.000676997
23049.4 0.000657821
23051.7 0.000638548
23054 0.000619196
23056.2 0.000599754
23058.5 0.000580213
23060.8 0.000560589
23063.1 0.000540908
23065.4 0.000521167
23067.6 0.000501353
23069.9 0.000481472
23072.2 0.00046155
23074.5 0.000441596
23076.7 0.0004216
23079 0.000401554
23081.3 0.00038148
23083.6 0.000361399
23085.9 0.000341306
23088.1 0.000321188
23090.4 0.000301054
23092.7 0.000280931
23095 0.000260825
23097.3 0.000240721
23099.5 0.000220619
23101.8 0.00020054
23104.1 0.000180503
23106.4 0.000160498
23108.7 0.000140514
23110.9 0.000120567
23113.2 0.00010068
23115.5 8.08539e-05
23117.8 6.10743e-05
23120 4.13442e-05
23122.3 2.1688e-05
23124.6 2.11819e-06
23126.9 -1.73773e-05
23129.2 -3.68063e-05
23131.4 -5.61507e-05
23133.7 -7.53889e-05
23136 -9.45248e-05
23138.3 -0.000113573
23140.6 -0.000132525
23142.8 -0.000151358
23145.1 -0.000170063
23147.4 -0.000188654
23149.7 -0.000207137
23151.9 -0.00022549
23154.2 -0.000243695
23156.5 -0.000261761
23158.8 -0.0002797
23161.1 -0.000297501
23163.3 -0.000315141
23165.6 -0.000332616
23167.9 -0.000349942
23170.2 -0.000367121
23172.5 -0.000384129
23174.7 -0.000400952
23177 -0.000417604
23179.3 -0.000434093
23181.6 -0.000450406
23183.8 -0.00046652
23186.1 -0.000482438
23188.4 -0.000498177
23190.7 -0.000513733
23193 -0.000529082
23195.2 -0.000544215
23197.5 -0.000559148
23199.8 -0.000573889
23202.1 -0.000588418
23204.4 -0.000602718
23206.6 -0.000616797
23208.9 -0.000630669
23211.2 -0.000644327
23213.5 -0.000657748
23215.8 -0.000670929
23218 -0.000683886
23220.3 -0.000696625
23222.6 -0.000709123
23224.9 -0.000721368
23227.1 -0.000733371
23229.4 -0.000745146
23231.7 -0.00075668
23234 -0.000767954
23236.3 -0.00077897
23238.5 -0.000789744
23240.8 -0.000800278
23243.1 -0.000810549
23245.4 -0.000820549
23247.7 -0.000830293
23249.9 -0.000839792
23252.2 -0.000849031
23254.5 -0.000857992
23256.8 -0.000866683
23259 -0.000875121
23261.3 -0.000883301
23263.6 -0.000891204
23265.9 -0.000898825
23268.2 -0.000906181
23270.4 -0.000913282
23272.7 -0.000920108
23275 -0.000926647
23277.3 -0.000932911
23279.6 -0.000938914
23281.8 -0.000944651
23284.1 -0.0009501
23286.4 -0.000955264
23288.7 -0.000960162
23291 -0.000964798
23293.2 -0.000969152
23295.5 -0.000973217
23297.8 -0.000977006
23300.1 -0.000980536
23302.3 -0.000983794
23304.6 -0.000986763
23306.9 -0.000989449
23309.2 -0.000991874
23311.5 -0.000994035
23313.7 -0.000995915
23316 -0.00099751
23318.3 -0.000998837
23320.6 -0.000999908
23322.9 -0.00100071
23325.1 -0.00100123
23327.4 -0.00100147
23329.7 -0.00100146
23332 -0.00100119
23334.2 -0.00100065
23336.5 -0.000999834
23338.8 -0.000998762
23341.1 -0.000997444
23343.4 -0.000995863
23345.6 -0.000994008
23347.9 -0.000991898
23350.2 -0.000989547
23352.5 -0.000986949
23354.8 -0.000984087
23357 -0.000980966
23359.3 -0.000977609
23361.6 -0.000974019
23363.9 -0.000970179
23366.2 -0.000966083
23368.4 -0.000961751
23370.7 -0.000957198
23373 -0.000952411
23375.3 -0.000947377
23377.5 -0.000942107
23379.8 -0.000936623
23382.1 -0.000930923
23384.4 -0.00092499
23386.7 -0.000918824
23388.9 -0.000912447
23391.2 -0.00090587
23393.5 -0.000899077
23395.8 -0.000892061
23398.1 -0.000884834
23400.3 -0.000877418
23402.6 -0.000869807
23404.9 -0.000861986
23407.2 -0.000853958
23409.4 -0.000845747
23411.7 -0.00083736
23414 -0.00082878
23416.3 -0.000820002
23418.6 -0.000811045
23420.8 -0.000801925
23423.1 -0.000792634
23425.4 -0.000783158
23427.7 -0.000773508
23430 -0.000763704
23432.2 -0.000753749
23434.5 -0.000743628
23436.8 -0.00073334
23439.1 -0.000722904
23441.4 -0.000712335
23443.6 -0.000701621
23445.9 -0.000690752
23448.2 -0.00067974
23450.5 -0.000668608
23452.7 -0.000657354
23455 -0.000645961
23457.3 -0.000634433
23459.6 -0.000622793
23461.9 -0.00061105
23464.1 -0.000599191
23466.4 -0.000587208
23468.7 -0.000575118
23471 -0.000562941
23473.3 -0.00055067
23475.5 -0.000538292
23477.8 -0.000525814
23480.1 -0.00051326
23482.4 -0.000500633
23484.6 -0.00048792
23486.9 -0.000475116
23489.2 -0.000462244
23491.5 -0.000449317
23493.8 -0.000436327
23496 -0.000423261
23498.3 -0.000410132
23500.6 -0.000396963
23502.9 -0.000383752
23505.2 -0.000370486
23507.4 -0.000357165
23509.7 -0.000343811
23512 -0.000330437
23514.3 -0.000317029
23516.6 -0.000303579
23518.8 -0.000290103
23521.1 -0.000276621
23523.4 -0.00026313
23525.7 -0.000249613
23527.9 -0.000236078
23530.2 -0.000222546
23532.5 -0.000209026
23534.8 -0.000195502
23537.1 -0.00018197
23539.3 -0.000168448
23541.6 -0.000154954
23543.9 -0.000141479
23546.2 -0.000128011
23548.5 -0.00011456
23550.7 -0.000101147
23553 -8.77753e-05
23555.3 -7.44293e-05
23557.6 -6.1108e-05
23559.8 -4.78326e-05
23562.1 -3.46158e-05
23564.4 -2.14463e-05
23566.7 -8.31364e-06
23569 4.76816e-06
23571.2 1.77789e-05
23573.5 3.0721e-05
23575.8 4.36098e-05
23578.1 5.64418e-05
23580.4 6.91954e-05
23582.6 8.18621e-05
23584.9 9.44558e-05
23587.2 0.000106984
23589.5 0.000119429
23591.7 0.000131774
23594 0.000144026
23596.3 0.000156198
23598.6 0.000168285
23600.9 0.000180263
23603.1 0.000192129
23605.4 0.0002039
23607.7 0.000215578
23610 0.000227144
23612.3 0.000238585
23614.5 0.000249911
23616.8 0.000261134
23619.1 0.000272245
23621.4 0.000283221
23623.7 0.000294065
23625.9 0.000304792
23628.2 0.000315404
23630.5 0.000325878
23632.8 0.000336205
23635 0.0003464
23637.3 0.000356472
23639.6 0.000366406
23641.9 0.000376186
23644.2 0.000385816
23646.4 0.000395313
23648.7 0.000404672
23651 0.000413872
23653.3 0.00042291
23655.6 0.000431801
23657.8 0.000440551
23660.1 0.000449144
23662.4 0.000457564
23664.7 0.000465823
23666.9 0.000473935
23669.2 0.000481891
23671.5 0.000489672
23673.8 0.000497278
23676.1 0.000504726
23678.3 0.000512019
23680.6 0.000519139
23682.9 0.000526075
23685.2 0.00053284
23687.5 0.000539447
23689.7 0.000545884
23692 0.000552135
23694.3 0.000558202
23696.6 0.000564105
23698.9 0.000569841
23701.1 0.000575392
23703.4 0.000580752
23705.7 0.000585937
23708 0.000590956
23710.2 0.000595795
23712.5 0.000600439
23714.8 0.000604897
23717.1 0.000609187
23719.4 0.000613303
23721.6 0.000617226
23723.9 0.000620954
23726.2 0.000624508
23728.5 0.000627891
23730.8 0.000631087
23733 0.000634086
23735.3 0.000636901
23737.6 0.000639546
23739.9 0.000642012
23742.1 0.000644283
23744.4 0.000646361
23746.7 0.000648267
23749 0.000650002
23751.3 0.000651547
23753.5 0.000652897
23755.8 0.000654067
23758.1 0.000655071
23760.4 0.000655895
23762.7 0.000656525
23764.9 0.000656969
23767.2 0.000657246
23769.5 0.000657354
23771.8 0.000657274
23774.1 0.000657006
23776.3 0.000656567
23778.6 0.000655966
23780.9 0.000655188
23783.2 0.000654223
23785.4 0.000653082
23787.7 0.000651783
23790 0.00065032
23792.3 0.000648676
23794.6 0.000646853
23796.8 0.000644872
23799.1 0.000642736
23801.4 0.000640432
23803.7 0.000637949
23806 0.000635305
23808.2 0.000632515
23810.5 0.000629568
23812.8 0.000626451
23815.1 0.000623169
23817.3 0.000619744
23819.6 0.000616176
23821.9 0.000612448
23824.2 0.000608557
23826.5 0.000604521
23828.7 0.000600353
23831 0.00059604
23833.3 0.00059157
23835.6 0.000586954
23837.9 0.000582211
23840.1 0.000577339
23842.4 0.00057232
23844.7 0.000567156
23847 0.000561867
23849.3 0.000556462
23851.5 0.000550925
23853.8 0.000545249
23856.1 0.000539447
23858.4 0.000533538
23860.6 0.000527514
23862.9 0.00052136
23865.2 0.000515082
23867.5 0.000508701
23869.8 0.00050222
23872 0.000495624
23874.3 0.000488908
23876.6 0.000482091
23878.9 0.000475185
23881.2 0.000468182
23883.4 0.000461067
23885.7 0.000453853
23888 0.000446557
23890.3 0.00043918
23892.5 0.000431706
23894.8 0.000424134
23897.1 0.000416485
23899.4 0.000408769
23901.7 0.000400973
23903.9 0.000393087
23906.2 0.000385125
23908.5 0.000377105
23910.8 0.000369023
23913.1 0.000360863
23915.3 0.00035263
23917.6 0.000344345
23919.9 0.000336013
23922.2 0.000327619
23924.5 0.000319159
23926.7 0.000310648
23929 0.000302102
23931.3 0.000293513
23933.6 0.000284867
23935.8 0.000276173
23938.1 0.000267451
23940.4 0.000258702
23942.7 0.000249912
23945 0.000241079
23947.2 0.00023222
23949.5 0.000223349
23951.8 0.000214453
23954.1 0.000205522
23956.4 0.000196569
23958.6 0.000187611
23960.9 0.000178647
23963.2 0.00016966
23965.5 0.000160654
23967.7 0.000151648
23970 0.000142651
23972.3 0.000133648
23974.6 0.000124631
23976.9 0.000115617
23979.1 0.000106621
23981.4 9.76379e-05
23983.7 8.86521e-05
23986 7.96704e-05
23988.3 7.07129e-05
23990.5 6.17832e-05
23992.8 5.28662e-05
23995.1 4.39578e-05
23997.4 3.50757e-05
23999.6 2.62333e-05
24001.9 1.74204e-05
24004.2 8.62481e-06
24006.5 -1.43423e-07
24008.8 -8.86514e-06
24011 -1.75411e-05
24013.3 -2.6187e-05
24015.6 -3.48029e-05
24017.9 -4.33697e-05
24020.2 -5.18778e-05
24022.4 -6.03401e-05
24024.7 -6.87664e-05
24027 -7.7143e-05
24029.3 -8.54528e-05
24031.6 -9.37009e-05
24033.8 -0.000101903
24036.1 -0.000110054
24038.4 -0.000118135
24040.7 -0.00012614
24042.9 -0.000134086
24045.2 -0.000141977
24047.5 -0.000149798
24049.8 -0.000157534
24052.1 -0.000165195
24054.3 -0.000172794
24056.6 -0.000180323
24058.9 -0.000187764
24061.2 -0.000195115
24063.5 -0.000202393
24065.7 -0.0002096
24068 -0.000216718
24070.3 -0.000223737
24072.6 -0.000230669
24074.8 -0.000237525
24077.1 -0.000244294
24079.4 -0.000250958
24081.7 -0.000257522
24084 -0.000264001
24086.2 -0.000270395
24088.5 -0.000276683
24090.8 -0.000282861
24093.1 -0.000288942
24095.4 -0.000294935
24097.6 -0.000300826
24099.9 -0.0003066
24102.2 -0.000312265
24104.5 -0.000317836
24106.8 -0.000323308
24109 -0.000328662
24111.3 -0.000333897
24113.6 -0.000339028
24115.9 -0.000344061
24118.1 -0.00034898
24120.4 -0.000353773
24122.7 -0.000358451
24125 -0.000363028
24127.3 -0.000367495
24129.5 -0.000371834
24131.8 -0.000376049
24134.1 -0.000380157
24136.4 -0.000384157
24138.7 -0.000388034
24140.9 -0.000391779
24143.2 -0.000395407
24145.5 -0.000398929
24147.8 -0.000402333
24150 -0.000405603
24152.3 -0.000408746
24154.6 -0.00041178
24156.9 -0.000414701
24159.2 -0.000417492
24161.4 -0.000420149
24163.7 -0.000422689
24166 -0.00042512
24168.3 -0.000427428
24170.6 -0.000429599
24172.8 -0.000431645
24175.1 -0.00043358
24177.4 -0.0004354
24179.7 -0.000437087
24182 -0.000438641
24184.2 -0.000440081
24186.5 -0.00044141
24188.8 -0.000442613
24191.1 -0.000443681
24193.3 -0.000444628
24195.6 -0.000445467
24197.9 -0.000446188
24200.2 -0.000446776
24202.5 -0.000447236
24204.7 -0.000447587
24207 -0.000447828
24209.3 -0.000447943
24211.6 -0.000447927
24213.9 -0.000447797
24216.1 -0.000447562
24218.4 -0.000447211
24220.7 -0.000446729
24223 -0.000446128
24225.2 -0.000445424
24227.5 -0.000444612
24229.8 -0.000443678
24232.1 -0.000442619
24234.4 -0.000441455
24236.6 -0.000440192
24238.9 -0.000438815
24241.2 -0.000437315
24243.5 -0.000435705
24245.8 -0.000433999
24248 -0.000432191
24250.3 -0.000430266
24252.6 -0.000428226
24254.9 -0.000426091
24257.2 -0.000423864
24259.4 -0.000421529
24261.7 -0.000419079
24264 -0.000416531
24266.3 -0.000413898
24268.5 -0.000411168
24270.8 -0.000408328
24273.1 -0.000405387
24275.4 -0.000402362
24277.7 -0.000399252
24279.9 -0.000396042
24282.2 -0.000392729
24284.5 -0.000389332
24286.8 -0.000385859
24289.1 -0.000382297
24291.3 -0.000378637
24293.6 -0.000374889
24295.9 -0.00037107
24298.2 -0.000367175
24300.4 -0.000363189
24302.7 -0.000359115
24305 -0.00035497
24307.3 -0.000350761
24309.6 -0.000346472
24311.8 -0.000342097
24314.1 -0.000337651
24316.4 -0.000333147
24318.7 -0.000328577
24321 -0.000323928
24323.2 -0.000319205
24325.5 -0.000314428
24327.8 -0.000309598
24330.1 -0.000304699
24332.3 -0.000299728
24334.6 -0.000294703
24336.9 -0.000289633
24339.2 -0.000284509
24341.5 -0.000279318
24343.7 -0.000274072
24346 -0.000268786
24348.3 -0.000263459
24350.6 -0.000258076
24352.9 -0.000252637
24355.1 -0.00024716
24357.4 -0.000241654
24359.7 -0.000236104
24362 -0.000230502
24364.3 -0.000224862
24366.5 -0.000219199
24368.8 -0.000213507
24371.1 -0.000207771
24373.4 -0.000201996
24375.6 -0.000196202
24377.9 -0.000190391
24380.2 -0.000184549
24382.5 -0.000178671
24384.8 -0.000172772
24387 -0.000166866
24389.3 -0.000160943
24391.6 -0.00015499
24393.9 -0.000149017
24396.2 -0.00014304
24398.4 -0.00013706
24400.7 -0.000131061
24403 -0.000125042
24405.3 -0.000119021
24407.5 -0.000113007
24409.8 -0.000106987
24412.1 -0.000100952
24414.4 -9.49148e-05
24416.7 -8.88903e-05
24418.9 -8.28743e-05
24421.2 -7.6852e-05
24423.5 -7.08264e-05
24425.8 -6.4816e-05
24428.1 -5.88258e-05
24430.3 -5.28417e-05
24432.6 -4.68569e-05
24434.9 -4.08865e-05
24437.2 -3.49442e-05
24439.5 -2.90214e-05
24441.7 -2.31049e-05
24444 -1.72015e-05
24446.3 -1.13293e-05
24448.6 -5.48921e-06
24450.8 3.34026e-07
24453.1 6.14336e-06
24455.4 1.19219e-05
24457.7 1.76593e-05
24460 2.33669e-05
24462.2 2.90561e-05
24464.5 3.47165e-05
24466.8 4.03312e-05
24469.1 4.59036e-05
24471.4 5.14488e-05
24473.6 5.69661e-05
24475.9 6.24376e-05
24478.2 6.78566e-05
24480.5 7.3237e-05
24482.7 7.85872e-05
24485 8.38938e-05
24487.3 8.91423e-05
24489.6 9.43397e-05
24491.9 9.95006e-05
24494.1 0.00010462
24496.4 0.000109681
24498.7 0.00011468
24501 0.000119632
24503.3 0.000124543
24505.5 0.000129397
24507.8 0.000134183
24510.1 0.00013891
24512.4 0.000143593
24514.7 0.000148222
24516.9 0.00015278
24519.2 0.00015727
24521.5 0.000161706
24523.8 0.000166091
24526 0.000170407
24528.3 0.000174647
24530.6 0.000178824
24532.9 0.000182947
24535.2 0.000187006
24537.4 0.000190985
24539.7 0.00019489
24542 0.000198737
24544.3 0.000202523
24546.6 0.00020623
24548.8 0.000209856
24551.1 0.000213414
24553.4 0.000216912
24555.7 0.000220336
24557.9 0.000223674
24560.2 0.000226935
24562.5 0.000230132
24564.8 0.000233261
24567.1 0.000236304
24569.3 0.000239261
24571.6 0.000242149
24573.9 0.000244971
24576.2 0.000247711
24578.5 0.000250361
24580.7 0.000252932
24583 0.000255437
24585.3 0.000257866
24587.6 0.000260205
24589.9 0.000262456
24592.1 0.000264637
24594.4 0.000266747
24596.7 0.00026877
24599 0.000270701
24601.2 0.000272553
24603.5 0.000274338
24605.8 0.000276041
24608.1 0.000277651
24610.4 0.000279174
24612.6 0.000280628
24614.9 0.000282007
24617.2 0.000283296
24619.5 0.000284493
24621.8 0.000285614
24624 0.000286665
24626.3 0.000287632
24628.6 0.000288506
24630.9 0.000289296
24633.1 0.000290018
24635.4 0.000290663
24637.7 0.000291216
24640 0.000291681
24642.3 0.000292073
24644.5 0.000292396
24646.8 0.000292633
24649.1 0.000292779
24651.4 0.000292846
24653.7 0.000292847
24655.9 0.000292771
24658.2 0.000292605
24660.5 0.000292354
24662.8 0.000292037
24665.1 0.00029165
24667.3 0.000291179
24669.6 0.000290621
24671.9 0.000289991
24674.2 0.000289298
24676.4 0.000288529
24678.7 0.000287673
24681 0.00028674
24683.3 0.000285745
24685.6 0.000284684
24687.8 0.000283541
24690.1 0.000282318
24692.4 0.00028103
24694.7 0.000279684
24697 0.000278264
24699.2 0.000276763
24701.5 0.000275194
24703.8 0.000273569
24706.1 0.000271882
24708.3 0.000270116
24710.6 0.000268279
24712.9 0.000266387
24715.2 0.00026444
24717.5 0.000262424
24719.7 0.000260335
24722 0.000258187
24724.3 0.000255991
24726.6 0.000253737
24728.9 0.000251411
24731.1 0.000249023
24733.4 0.000246589
24735.7 0.000244107
24738 0.00024156
24740.2 0.000238949
24742.5 0.000236291
24744.8 0.000233592
24747.1 0.00023084
24749.4 0.000228024
24751.6 0.000225157
24753.9 0.000222255
24756.2 0.000219309
24758.5 0.000216306
24760.8 0.000213249
24763 0.000210157
24765.3 0.000207031
24767.6 0.000203857
24769.9 0.00020063
24772.2 0.000197364
24774.4 0.000194071
24776.7 0.000190741
24779 0.000187362
24781.3 0.000183942
24783.5 0.000180496
24785.8 0.000177025
24788.1 0.000173512
24790.4 0.000169957
24792.7 0.000166376
24794.9 0.000162777
24797.2 0.000159147
24799.5 0.000155478
24801.8 0.00015178
24804.1 0.000148067
24806.3 0.000144336
24808.6 0.000140571
24810.9 0.000136776
24813.2 0.000132966
24815.4 0.000129147
24817.7 0.000125306
24820 0.000121434
24822.3 0.000117546
24824.6 0.000113654
24826.8 0.000109751
24829.1 0.000105822
24831.4 0.000101875
24833.7 9.79264e-05
24836 9.39763e-05
24838.2 9.00104e-05
24840.5 8.60252e-05
24842.8 8.20364e-05
24845.1 7.80537e-05
24847.4 7.40665e-05
24849.6 7.00635e-05
24851.9 6.6054e-05
24854.2 6.20538e-05
24856.5 5.80601e-05
24858.7 5.40581e-05
24861 5.00481e-05
24863.3 4.60467e-05
24865.6 4.20604e-05
24867.9 3.80763e-05
24870.1 3.40857e-05
24872.4 3.01011e-05
24874.7 2.61362e-05
24877 2.21847e-05
24879.3 1.82325e-05
24881.5 1.42837e-05
24883.8 1.03551e-05
24886.1 6.44958e-06
24888.4 2.55255e-06
24890.6 -1.34117e-06
24892.9 -5.21702e-06
24895.2 -9.06379e-06
24897.5 -1.28911e-05
24899.8 -1.67114e-05
24902 -2.0517e-05
24904.3 -2.42917e-05
24906.6 -2.80367e-05
24908.9 -3.17671e-05
24911.2 -3.54844e-05
24913.4 -3.91727e-05
24915.7 -4.28239e-05
24918 -4.64503e-05
24920.3 -5.0062e-05
24922.6 -5.36482e-05
24924.8 -5.71942e-05
24927.1 -6.07051e-05
24929.4 -6.41954e-05
24931.7 -6.76632e-05
24933.9 -7.10919e-05
24936.2 -7.44771e-05
24938.5 -7.78329e-05
24940.8 -8.11664e-05
24943.1 -8.44644e-05
24945.3 -8.77145e-05
24947.6 -9.09252e-05
24949.9 -9.411e-05
24952.2 -9.72632e-05
24954.5 -0.000100368
24956.7 -0.000103425
24959 -0.000106449
24961.3 -0.000109444
24963.6 -0.000112393
24965.8 -0.000115289
24968.1 -0.000118143
24970.4 -0.000120966
24972.7 -0.000123748
24975 -0.000126476
24977.2 -0.000129152
24979.5 -0.000131792
24981.8 -0.000134396
24984.1 -0.000136948
24986.4 -0.000139441
24988.6 -0.000141891
24990.9 -0.000144305
24993.2 -0.000146671
24995.5 -0.000148978
24997.8 -0.000151231
25000 -0.000153446
25002.3 -0.000155618
25004.6 -0.000157732
25006.9 -0.000159786
25009.1 -0.000161795
25011.4 -0.000163764
25013.7 -0.00016568
25016 -0.000167533
25018.3 -0.000169332
25020.5 -0.00017109
25022.8 -0.000172801
25025.1 -0.00017445
25027.4 -0.000176037
25029.7 -0.00017758
25031.9 -0.00017908
25034.2 -0.000180521
25036.5 -0.000181898
25038.8 -0.000183222
25041 -0.000184505
25043.3 -0.000185736
25045.6 -0.000186901
25047.9 -0.000188007
25050.2 -0.000189069
25052.4 -0.000190085
25054.7 -0.00019104
25057 -0.00019193
25059.3 -0.000192769
25061.6 -0.000193567
25063.8 -0.000194309
25066.1 -0.000194986
25068.4 -0.000195605
25070.7 -0.000196182
25073 -0.000196711
25075.2 -0.000197176
25077.5 -0.000197579
25079.8 -0.000197935
25082.1 -0.000198249
25084.3 -0.000198505
25086.6 -0.000198697
25088.9 -0.000198835
25091.2 -0.000198932
25093.5 -0.00019898
25095.7 -0.000198965
25098 -0.000198891
25100.3 -0.000198774
25102.6 -0.000198614
25104.9 -0.000198397
25107.1 -0.000198117
25109.4 -0.000197789
25111.7 -0.000197422
25114 -0.000197006
25116.2 -0.000196528
25118.5 -0.000195996
25120.8 -0.000195425
25123.1 -0.000194812
25125.4 -0.000194142
25127.6 -0.000193414
25129.9 -0.000192644
25132.2 -0.000191838
25134.5 -0.000190982
25136.8 -0.000190068
25139 -0.000189106
25141.3 -0.000188109
25143.6 -0.000187072
25145.9 -0.00018598
25148.1 -0.000184836
25150.4 -0.000183656
25152.7 -0.000182442
25155 -0.000181181
25157.3 -0.000179865
25159.5 -0.00017851
25161.8 -0.000177124
25164.1 -0.0001757
25166.4 -0.000174224
25168.7 -0.000172703
25170.9 -0.000171152
25173.2 -0.000169571
25175.5 -0.000167945
25177.8 -0.000166271
25180.1 -0.000164564
25182.3 -0.000162833
25184.6 -0.000161065
25186.9 -0.00015925
25189.2 -0.000157399
25191.4 -0.000155524
25193.7 -0.000153622
25196 -0.000151679
25198.3 -0.000149695
25200.6 -0.000147687
25202.8 -0.000145659
25205.1 -0.000143597
25207.4 -0.000141495
25209.7 -0.000139364
25212 -0.000137218
25214.2 -0.000135047
25216.5 -0.000132839
25218.8 -0.0001306
25221.1 -0.000128344
25223.3 -0.000126073
25225.6 -0.000123772
25227.9 -0.000121437
25230.2 -0.000119084
25232.5 -0.00011672
25234.7 -0.000114337
25237 -0.000111922
25239.3 -0.000109484
25241.6 -0.000107038
25243.9 -0.000104581
25246.1 -0.000102099
25248.4 -9.95908e-05
25250.7 -9.70729e-05
25253 -9.45511e-05
25255.3 -9.20131e-05
25257.5 -8.94501e-05
25259.8 -8.68734e-05
25262.1 -8.4296e-05
25264.4 -8.17121e-05
25266.6 -7.91079e-05
25268.9 -7.64867e-05
25271.2 -7.38643e-05
25273.5 -7.12434e-05
25275.8 -6.86103e-05
25278 -6.59594e-05
25280.3 -6.33041e-05
25282.6 -6.06552e-05
25284.9 -5.80036e-05
25287.2 -5.53372e-05
25289.4 -5.26627e-05
25291.7 -4.99954e-05
25294 -4.73343e-05
25296.3 -4.46652e-05
25298.5 -4.19859e-05
25300.8 -3.93114e-05
25303.1 -3.66494e-05
25305.4 -3.39883e-05
25307.7 -3.13184e-05
25309.9 -2.86493e-05
25312.2 -2.59951e-05
25314.5 -2.33512e-05
25316.8 -2.07035e-05
25319.1 -1.80536e-05
25321.3 -1.54171e-05
25323.6 -1.27982e-05
25325.9 -1.01838e-05
25328.2 -7.56673e-06
25330.5 -4.95928e-06
25332.7 -2.37331e-06
25335 1.98909e-07
25337.3 2.77038e-06
25339.6 5.33615e-06
25341.8 7.88068e-06
25344.1 1.04033e-05
25346.4 1.29182e-05
25348.7 1.54294e-05
25351 1.79226e-05
25353.2 2.03887e-05
25355.5 2.28384e-05
25357.8 2.52826e-05
25360.1 2.77133e-05
25362.4 3.01158e-05
25364.6 3.24932e-05
25366.9 3.48599e-05
25369.2 3.72162e-05
25371.5 3.95469e-05
25373.7 4.18462e-05
25376 4.41268e-05
25378.3 4.63972e-05
25380.6 4.86465e-05
25382.9 5.0862e-05
25385.1 5.30501e-05
25387.4 5.52244e-05
25389.7 5.73819e-05
25392 5.95071e-05
25394.3 6.15977e-05
25396.5 6.36677e-05
25398.8 6.57229e-05
25401.1 6.775e-05
25403.4 6.97389e-05
25405.7 7.16988e-05
25407.9 7.36421e-05
25410.2 7.55624e-05
25412.5 7.74448e-05
25414.8 7.92906e-05
25417 8.11144e-05
25419.3 8.29187e-05
25421.6 8.46887e-05
25423.9 8.64174e-05
25426.2 8.81166e-05
25428.4 8.97962e-05
25430.7 9.14471e-05
25433 9.30557e-05
25435.3 9.46269e-05
25437.6 9.61751e-05
25439.8 9.76991e-05
25442.1 9.91838e-05
25444.4 0.000100625
25446.7 0.000102038
25448.9 0.000103427
25451.2 0.000104783
25453.5 0.000106094
25455.8 0.000107368
25458.1 0.000108617
25460.3 0.000109839
25462.6 0.000111017
25464.9 0.000112152
25467.2 0.000113257
25469.5 0.000114338
25471.7 0.000115381
25474 0.000116377
25476.3 0.000117337
25478.6 0.000118273
25480.9 0.000119176
25483.1 0.000120034
25485.4 0.000120849
25487.7 0.000121636
25490 0.000122396
25492.2 0.000123115
25494.5 0.000123787
25496.8 0.000124425
25499.1 0.000125038
25501.4 0.000125616
25503.6 0.000126147
25505.9 0.000126637
25508.2 0.000127101
25510.5 0.000127536
25512.8 0.000127927
25515 0.000128273
25517.3 0.000128588
25519.6 0.000128877
25521.9 0.000129129
25524.1 0.000129334
25526.4 0.000129502
25528.7 0.000129645
25531 0.000129758
25533.3 0.000129825
25535.5 0.000129851
25537.8 0.000129848
25540.1 0.00012982
25542.4 0.000129753
25544.7 0.00012964
25546.9 0.000129494
25549.2 0.000129326
25551.5 0.000129125
25553.8 0.000128881
25556 0.000128597
25558.3 0.000128289
25560.6 0.000127956
25562.9 0.000127583
25565.2 0.000127168
25567.4 0.000126724
25569.7 0.000126259
25572 0.000125762
25574.3 0.000125222
25576.6 0.000124648
25578.8 0.000124053
25581.1 0.000123433
25583.4 0.000122774
25585.7 0.000122077
25588 0.000121356
25590.2 0.000120616
25592.5 0.000119843
25594.8 0.000119031
25597.1 0.000118189
25599.3 0.000117331
25601.6 0.000116448
25603.9 0.000115528
25606.2 0.000114575
25608.5 0.000113602
25610.7 0.000112612
25613 0.000111591
25615.3 0.000110534
25617.6 0.000109454
25619.9 0.00010836
25622.1 0.000107242
25624.4 0.00010609
25626.7 0.00010491
25629 0.000103716
25631.2 0.000102507
25633.5 0.000101267
25635.8 9.99965e-05
25638.1 9.87092e-05
25640.4 9.74114e-05
25642.6 9.60909e-05
25644.9 9.47392e-05
25647.2 9.33663e-05
25649.5 9.19846e-05
25651.8 9.05885e-05
25654 8.91647e-05
25656.3 8.77156e-05
25658.6 8.6256e-05
25660.9 8.47886e-05
25663.2 8.33002e-05
25665.4 8.1785e-05
25667.7 8.02553e-05
25670 7.87214e-05
25672.3 7.71746e-05
25674.5 7.56031e-05
25676.8 7.40127e-05
25679.1 7.24178e-05
25681.4 7.08177e-05
25683.7 6.91986e-05
25685.9 6.75579e-05
25688.2 6.59095e-05
25690.5 6.42609e-05
25692.8 6.26012e-05
25695.1 6.09206e-05
25697.3 5.92279e-05
25699.6 5.75363e-05
25701.9 5.58417e-05
25704.2 5.41306e-05
25706.4 5.24038e-05
25708.7 5.0676e-05
25711 4.89516e-05
25713.3 4.72178e-05
25715.6 4.54677e-05
25717.8 4.37124e-05
25720.1 4.19632e-05
25722.4 4.02132e-05
25724.7 3.84496e-05
25727 3.66767e-05
25729.2 3.49092e-05
25731.5 3.31479e-05
25733.8 3.13794e-05
25736.1 2.95995e-05
25738.4 2.78214e-05
25740.6 2.6054e-05
25742.9 2.42873e-05
25745.2 2.25106e-05
25747.5 2.07312e-05
25749.7 1.89631e-05
25752 1.72036e-05
25754.3 1.5439e-05
25756.6 1.36686e-05
25758.9 1.19066e-05
25761.1 1.01589e-05
25763.4 8.41364e-06
25765.7 6.66225e-06
25768 4.91487e-06
25770.3 3.18376e-06
25772.5 1.46316e-06
25774.8 -2.60098e-07
25777.1 -1.98342e-06
25779.4 -3.69212e-06
25781.6 -5.38374e-06
25783.9 -7.0715e-06
25786.2 -8.76104e-06
25788.5 -1.04401e-05
25790.8 -1.20987e-05
25793 -1.37455e-05
25795.3 -1.53923e-05
25797.6 -1.70332e-05
25799.9 -1.86542e-05
25802.2 -2.02561e-05
25804.4 -2.18527e-05
25806.7 -2.34465e-05
25809 -2.50238e-05
25811.3 -2.65775e-05
25813.6 -2.81185e-05
25815.8 -2.96566e-05
25818.1 -3.11831e-05
25820.4 -3.26851e-05
25822.7 -3.41669e-05
25824.9 -3.5642e-05
25827.2 -3.71096e-05
25829.5 -3.85554e-05
25831.8 -3.99754e-05
25834.1 -4.13822e-05
25836.3 -4.2783e-05
25838.6 -4.41668e-05
25840.9 -4.55226e-05
25843.2 -4.68577e-05
25845.5 -4.81847e-05
25847.7 -4.94997e-05
25850 -5.07882e-05
25852.3 -5.20497e-05
25854.6 -5.32979e-05
25856.8 -5.45369e-05
25859.1 -5.5754e-05
25861.4 -5.69406e-05
25863.7 -5.81068e-05
25866 -5.92634e-05
25868.2 -6.04035e-05
25870.5 -6.15135e-05
25872.8 -6.25964e-05
25875.1 -6.36658e-05
25877.4 -6.47229e-05
25879.6 -6.57536e-05
25881.9 -6.67527e-05
25884.2 -6.77321e-05
25886.5 -6.87005e-05
25888.8 -6.9648e-05
25891 -7.0563e-05
25893.3 -7.14514e-05
25895.6 -7.23265e-05
25897.9 -7.3186e-05
25900.1 -7.40157e-05
25902.4 -7.48136e-05
25904.7 -7.55929e-05
25907 -7.63595e-05
25909.3 -7.71015e-05
25911.5 -7.78096e-05
25913.8 -7.84926e-05
25916.1 -7.91622e-05
25918.4 -7.98132e-05
25920.7 -8.04318e-05
25922.9 -8.10194e-05
25925.2 -8.15898e-05
25927.5 -8.21458e-05
25929.8 -8.26742e-05
25932 -8.31682e-05
25934.3 -8.36392e-05
25936.6 -8.40968e-05
25938.9 -8.45329e-05
25941.2 -8.49351e-05
25943.4 -8.53081e-05
25945.7 -8.56654e-05
25948 -8.60065e-05
25950.3 -8.63176e-05
25952.6 -8.65952e-05
25954.8 -8.68521e-05
25957.1 -8.70957e-05
25959.4 -8.73152e-05
25961.7 -8.75003e-05
25963.9 -8.76588e-05
25966.2 -8.78032e-05
25968.5 -8.79296e-05
25970.8 -8.80246e-05
25973.1 -8.80879e-05
25975.3 -8.81333e-05
25977.6 -8.8165e-05
25979.9 -8.81708e-05
25982.2 -8.81429e-05
25984.5 -8.80914e-05
25986.7 -8.80273e-05
25989 -8.79439e-05
25991.3 -8.78283e-05
25993.6 -8.76839e-05
25995.9 -8.75244e-05
25998.1 -8.7351e-05
26000.4 -8.71504e-05
26002.7 -8.69177e-05
26005 -8.66652e-05
26007.2 -8.64014e-05
26009.5 -8.6117e-05
26011.8 -8.5801e-05
26014.1 -8.54596e-05
26016.4 -8.51061e-05
26018.6 -8.47383e-05
26020.9 -8.43428e-05
26023.2 -8.39179e-05
26025.5 -8.34772e-05
26027.8 -8.30263e-05
26030 -8.2554e-05
26032.3 -8.20515e-05
26034.6 -8.15278e-05
26036.9 -8.09949e-05
26039.1 -8.04474e-05
26041.4 -7.98724e-05
26043.7 -7.92716e-05
26046 -7.86591e-05
26048.3 -7.80374e-05
26050.5 -7.73939e-05
26052.8 -7.67226e-05
26055.1 -7.60348e-05
26057.4 -7.53403e-05
26059.7 -7.4631e-05
26061.9 -7.38954e-05
26064.2 -7.31383e-05
26066.5 -7.23735e-05
26068.8 -7.16003e-05
26071.1 -7.08055e-05
26073.3 -6.99862e-05
26075.6 -6.91553e-05
26077.9 -6.83199e-05
26080.2 -6.74698e-05
26082.4 -6.65952e-05
26084.7 -6.57041e-05
26087 -6.4809e-05
26089.3 -6.39062e-05
26091.6 -6.29826e-05
26093.8 -6.20385e-05
26096.1 -6.10876e-05
26098.4 -6.01343e-05
26100.7 -5.91664e-05
26103 -5.81769e-05
26105.2 -5.71759e-05
26107.5 -5.61745e-05
26109.8 -5.51658e-05
26112.1 -5.41378e-05
26114.3 -5.30939e-05
26116.6 -5.2048e-05
26118.9 -5.1001e-05
26121.2 -4.99402e-05
26123.5 -4.88611e-05
26125.7 -4.77759e-05
26128 -4.66932e-05
26130.3 -4.56037e-05
26132.6 -4.44969e-05
26134.9 -4.33793e-05
26137.1 -4.2264e-05
26139.4 -4.11489e-05
26141.7 -4.00207e-05
26144 -3.88784e-05
26146.3 -3.77352e-05
26148.5 -3.6597e-05
26150.8 -3.54524e-05
26153.1 -3.42931e-05
26155.4 -3.31283e-05
26157.6 -3.19697e-05
26159.9 -3.08121e-05
26162.2 -2.96428e-05
26164.5 -2.84638e-05
26166.8 -2.7289e-05
26169 -2.61209e-05
26171.3 -2.4947e-05
26173.6 -2.37616e-05
26175.9 -2.25761e-05
26178.2 -2.14001e-05
26180.4 -2.02255e-05
26182.7 -1.9041e-05
26185 -1.78516e-05
26187.3 -1.6671e-05
26189.5 -1.54984e-05
26191.8 -1.43206e-05
26194.1 -1.31351e-05
26196.4 -1.19546e-05
26198.7 -1.07862e-05
26200.9 -9.61953e-06
26203.2 -8.44514e-06
26205.5 -7.27099e-06
26207.8 -6.10944e-06
26210.1 -4.9567e-06
26212.3 -3.79977e-06
26214.6 -2.63909e-06
26216.9 -1.48831e-06
26219.2 -3.51474e-07
26221.5 7.83366e-07
26223.7 1.9233e-06
26226 3.05799e-06
26228.3 4.17686e-06
26230.6 5.2866e-06
26232.8 6.39934e-06
26235.1 7.51147e-06
26237.4 8.60938e-06
26239.7 9.69217e-06
26242 1.07728e-05
26244.2 1.18554e-05
26246.5 1.2928e-05
26248.8 1.39824e-05
26251.1 1.50277e-05
26253.4 1.60744e-05
26255.6 1.71161e-05
26257.9 1.81399e-05
26260.2 1.91481e-05
26262.5 2.01538e-05
26264.7 2.11582e-05
26267 2.21482e-05
26269.3 2.31183e-05
26271.6 2.40796e-05
26273.9 2.50406e-05
26276.1 2.59921e-05
26278.4 2.69229e-05
26280.7 2.78381e-05
26283 2.87505e-05
26285.3 2.96581e-05
26287.5 3.05473e-05
26289.8 3.14158e-05
26292.1 3.22761e-05
26294.4 3.31339e-05
26296.7 3.39782e-05
26298.9 3.47995e-05
26301.2 3.56061e-05
26303.5 3.64092e-05
26305.8 3.72039e-05
26308 3.7977e-05
26310.3 3.87295e-05
26312.6 3.94744e-05
26314.9 4.02144e-05
26317.2 4.09371e-05
26319.4 4.16358e-05
26321.7 4.23208e-05
26324 4.30015e-05
26326.3 4.36703e-05
26328.6 4.43152e-05
26330.8 4.49401e-05
26333.1 4.55581e-05
26335.4 4.61688e-05
26337.7 4.67589e-05
26339.9 4.73248e-05
26342.2 4.78784e-05
26344.5 4.84267e-05
26346.8 4.89598e-05
26349.1 4.94676e-05
26351.3 4.99568e-05
26353.6 5.04396e-05
26355.9 5.09125e-05
26358.2 5.13624e-05
26360.5 5.17887e-05
26362.7 5.22043e-05
26365 5.26134e-05
26367.3 5.30044e-05
26369.6 5.33696e-05
26371.8 5.37182e-05
26374.1 5.40606e-05
26376.4 5.43907e-05
26378.7 5.46961e-05
26381 5.49794e-05
26383.2 5.52536e-05
26385.5 5.552e-05
26387.8 5.5766e-05
26390.1 5.59864e-05
26392.4 5.61926e-05
26394.6 5.63928e-05
26396.9 5.65783e-05
26399.2 5.67383e-05
26401.5 5.68784e-05
26403.8 5.7011e-05
26406 5.71343e-05
26408.3 5.72353e-05
26410.6 5.73122e-05
26412.9 5.73773e-05
26415.1 5.74364e-05
26417.4 5.74788e-05
26419.7 5.74957e-05
26422 5.74953e-05
26424.3 5.74889e-05
26426.5 5.74718e-05
26428.8 5.74313e-05
26431.1 5.73687e-05
26433.4 5.7297e-05
26435.7 5.7219e-05
26437.9 5.71225e-05
26440.2 5.70015e-05
26442.5 5.68664e-05
26444.8 5.67264e-05
26447 5.65742e-05
26449.3 5.63984e-05
26451.6 5.62032e-05
26453.9 5.60014e-05
26456.2 5.57928e-05
26458.4 5.55647e-05
26460.7 5.53137e-05
26463 5.50519e-05
26465.3 5.47862e-05
26467.6 5.45069e-05
26469.8 5.42045e-05
26472.1 5.3886e-05
26474.4 5.35633e-05
26476.7 5.32331e-05
26479 5.28828e-05
26481.2 5.25121e-05
26483.5 5.2134e-05
26485.8 5.17526e-05
26488.1 5.13566e-05
26490.3 5.09386e-05
26492.6 5.05083e-05
26494.9 5.00759e-05
26497.2 4.96352e-05
26499.5 4.91744e-05
26501.7 4.86964e-05
26504 4.82143e-05
26506.3 4.77292e-05
26508.6 4.72288e-05
26510.9 4.67085e-05
26513.1 4.61797e-05
26515.4 4.56505e-05
26517.7 4.51123e-05
26520 4.45547e-05
26522.2 4.39836e-05
26524.5 4.34115e-05
26526.8 4.28364e-05
26529.1 4.22457e-05
26531.4 4.16379e-05
26533.6 4.10254e-05
26535.9 4.0414e-05
26538.2 3.97929e-05
26540.5 3.91538e-05
26542.8 3.85053e-05
26545 3.78585e-05
26547.3 3.72085e-05
26549.6 3.65432e-05
26551.9 3.5864e-05
26554.2 3.51841e-05
26556.4 3.4506e-05
26558.7 3.38179e-05
26561 3.3114e-05
26563.3 3.24049e-05
26565.5 3.16997e-05
26567.8 3.0991e-05
26570.1 3.02678e-05
26572.4 2.95346e-05
26574.7 2.88041e-05
26576.9 2.80761e-05
26579.2 2.73379e-05
26581.5 2.65866e-05
26583.8 2.58342e-05
26586.1 2.50877e-05
26588.3 2.43373e-05
26590.6 2.35737e-05
26592.9 2.28043e-05
26595.2 2.20407e-05
26597.4 2.12797e-05
26599.7 2.05088e-05
26602 1.97281e-05
26604.3 1.89503e-05
26606.6 1.81797e-05
26608.8 1.74048e-05
26611.1 1.66188e-05
26613.4 1.58311e-05
26615.7 1.5052e-05
26618 1.42752e-05
26620.2 1.34892e-05
26622.5 1.26969e-05
26624.8 1.19115e-05
26627.1 1.11338e-05
26629.4 1.03518e-05
26631.6 9.56094e-06
26633.9 8.77269e-06
26636.2 7.99503e-06
26638.5 7.21937e-06
26640.7 6.4355e-06
26643 5.64935e-06
26645.3 4.87322e-06
26647.6 4.10515e-06
26649.9 3.33261e-06
26652.1 2.55421e-06
26654.4 1.78239e-06
26656.7 1.02254e-06
26659 2.64164e-07
26661.3 -5.0091e-07
26663.5 -1.26427e-06
26665.8 -2.01494e-06
26668.1 -2.75778e-06
26670.4 -3.50487e-06
26672.6 -4.2546e-06
26674.9 -4.99413e-06
26677.2 -5.72095e-06
26679.5 -6.44686e-06
26681.8 -7.17756e-06
26684 -7.90262e-06
26686.3 -8.61299e-06
26688.6 -9.31614e-06
26690.9 -1.0023e-05
26693.2 -1.07291e-05
26695.4 -1.14219e-05
26697.7 -1.21018e-05
26700 -1.27814e-05
26702.3 -1.34634e-05
26704.6 -1.41362e-05
26706.8 -1.47929e-05
26709.1 -1.54434e-05
26711.4 -1.60966e-05
26713.7 -1.67456e-05
26715.9 -1.73788e-05
26718.2 -1.79996e-05
26720.5 -1.86205e-05
26722.8 -1.92412e-05
26725.1 -1.98493e-05
26727.3 -2.04409e-05
26729.6 -2.10271e-05
26731.9 -2.16151e-05
26734.2 -2.21952e-05
26736.5 -2.27578e-05
26738.7 -2.3309e-05
26741 -2.38604e-05
26743.3 -2.44088e-05
26745.6 -2.49418e-05
26747.8 -2.54584e-05
26750.1 -2.59709e-05
26752.4 -2.64834e-05
26754.7 -2.69849e-05
26757 -2.74678e-05
26759.2 -2.79407e-05
26761.5 -2.84135e-05
26763.8 -2.88806e-05
26766.1 -2.933e-05
26768.4 -2.97639e-05
26770.6 -3.01946e-05
26772.9 -3.06235e-05
26775.2 -3.10386e-05
26777.5 -3.14347e-05
26779.7 -3.18224e-05
26782 -3.22096e-05
26784.3 -3.25882e-05
26786.6 -3.29476e-05
26788.9 -3.32929e-05
26791.1 -3.36358e-05
26793.4 -3.39749e-05
26795.7 -3.42977e-05
26798 -3.46021e-05
26800.3 -3.48997e-05
26802.5 -3.51961e-05
26804.8 -3.54812e-05
26807.1 -3.57463e-05
26809.4 -3.59991e-05
26811.7 -3.62502e-05
26813.9 -3.64953e-05
26816.2 -3.67223e-05
26818.5 -3.6932e-05
26820.8 -3.71366e-05
26823 -3.7339e-05
26825.3 -3.75276e-05
26827.6 -3.76964e-05
26829.9 -3.78549e-05
26832.2 -3.80121e-05
26834.4 -3.81611e-05
26836.7 -3.82909e-05
26839 -3.8405e-05
26841.3 -3.85158e-05
26843.6 -3.8623e-05
26845.8 -3.87145e-05
26848.1 -3.87869e-05
26850.4 -3.88514e-05
26852.7 -3.89147e-05
26854.9 -3.89676e-05
26857.2 -3.90009e-05
26859.5 -3.90208e-05
26861.8 -3.90387e-05
26864.1 -3.90517e-05
26866.3 -3.90476e-05
26868.6 -3.90258e-05
26870.9 -3.89985e-05
26873.2 -3.89697e-05
26875.5 -3.89288e-05
26877.7 -3.88684e-05
26880 -3.87974e-05
26882.3 -3.87255e-05
26884.6 -3.86472e-05
26886.9 -3.85509e-05
26889.1 -3.84391e-05
26891.4 -3.83241e-05
26893.7 -3.82071e-05
26896 -3.80764e-05
26898.2 -3.79273e-05
26900.5 -3.77704e-05
26902.8 -3.76136e-05
26905.1 -3.74488e-05
26907.4 -3.72658e-05
26909.6 -3.707e-05
26911.9 -3.6873e-05
26914.2 -3.66734e-05
26916.5 -3.64589e-05
26918.8 -3.62279e-05
26921 -3.59919e-05
26923.3 -3.57565e-05
26925.6 -3.55117e-05
26927.9 -3.52493e-05
26930.1 -3.49769e-05
26932.4 -3.47054e-05
26934.7 -3.44302e-05
26937 -3.41396e-05
26939.3 -3.38347e-05
26941.5 -3.35278e-05
26943.8 -3.32216e-05
26946.1 -3.29049e-05
26948.4 -3.25717e-05
26950.7 -3.22318e-05
26952.9 -3.18942e-05
26955.2 -3.15519e-05
26957.5 -3.11941e-05
26959.8 -3.0825e-05
26962.1 -3.04564e-05
26964.3 -3.00884e-05
26966.6 -2.97089e-05
26968.9 -2.93148e-05
26971.2 -2.89173e-05
26973.4 -2.85231e-05
26975.7 -2.81232e-05
26978 -2.77084e-05
26980.3 -2.72854e-05
26982.6 -2.68653e-05
26984.8 -2.64453e-05
26987.1 -2.60132e-05
26989.4 -2.5569e-05
26991.7 -2.51246e-05
26994 -2.46841e-05
26996.2 -2.42369e-05
26998.5 -2.37761e-05
27000.8 -2.33103e-05
27003.1 -2.28495e-05
27005.3 -2.23879e-05
27007.6 -2.19143e-05
27009.9 -2.14313e-05
27012.2 -2.09512e-05
27014.5 -2.04752e-05
27016.7 -1.99916e-05
27019 -1.94961e-05
27021.3 -1.89992e-05
27023.6 -1.85087e-05
27025.9 -1.80165e-05
27028.1 -1.75128e-05
27030.4 -1.70029e-05
27032.7 -1.64984e-05
27035 -1.59979e-05
27037.3 -1.54893e-05
27039.5 -1.49709e-05
27041.8 -1.44546e-05
27044.1 -1.39455e-05
27046.4 -1.34339e-05
27048.6 -1.29118e-05
27050.9 -1.23868e-05
27053.2 -1.18695e-05
27055.5 -1.13555e-05
27057.8 -1.08333e-05
27060 -1.03041e-05
27062.3 -9.77991e-06
27064.6 -9.2635e-06
27066.9 -8.74367e-06
27069.2 -8.21477e-06
27071.4 -7.68649e-06
27073.7 -7.1676e-06
27076 -6.65123e-06
27078.3 -6.12681e-06
27080.5 -5.59834e-06
27082.8 -5.07778e-06
27085.1 -4.56489e-06
27087.4 -4.04789e-06
27089.7 -3.52376e-06
27091.9 -3.00362e-06
27094.2 -2.49399e-06
27096.5 -1.9859e-06
27098.8 -1.47042e-06
27101.1 -9.54094e-07
27103.3 -4.47996e-07
27105.6 5.09216e-08
27107.9 5.54415e-07
27110.2 1.06269e-06
27112.5 1.56384e-06
27114.7 2.05395e-06
27117 2.54354e-06
27119.3 3.03942e-06
27121.6 3.5329e-06
27123.8 4.01437e-06
27126.1 4.48952e-06
27128.4 4.9694e-06
27130.7 5.4514e-06
27133 5.92352e-06
27135.2 6.38462e-06
27137.5 6.84619e-06
27139.8 7.31254e-06
27142.1 7.7733e-06
27144.4 8.22091e-06
27146.6 8.66332e-06
27148.9 9.11026e-06
27151.2 9.55648e-06
27153.5 9.99053e-06
27155.7 1.04141e-05
27158 1.0839e-05
27160.3 1.12668e-05
27162.6 1.16861e-05
27164.9 1.20917e-05
27167.1 1.24934e-05
27169.4 1.28991e-05
27171.7 1.33011e-05
27174 1.36893e-05
27176.3 1.4068e-05
27178.5 1.44487e-05
27180.8 1.48301e-05
27183.1 1.52004e-05
27185.4 1.55572e-05
27187.6 1.59114e-05
27189.9 1.62686e-05
27192.2 1.66193e-05
27194.5 1.69551e-05
27196.8 1.72829e-05
27199 1.7613e-05
27201.3 1.79414e-05
27203.6 1.82566e-05
27205.9 1.8559e-05
27208.2 1.88602e-05
27210.4 1.91631e-05
27212.7 1.94569e-05
27215 1.97353e-05
27217.3 2.00073e-05
27219.6 2.02817e-05
27221.8 2.0552e-05
27224.1 2.08076e-05
27226.4 2.10515e-05
27228.7 2.12954e-05
27230.9 2.15395e-05
27233.2 2.17721e-05
27235.5 2.19897e-05
27237.8 2.22026e-05
27240.1 2.24176e-05
27242.3 2.26261e-05
27244.6 2.28189e-05
27246.9 2.30017e-05
27249.2 2.31855e-05
27251.5 2.33677e-05
27253.7 2.35365e-05
27256 2.36911e-05
27258.3 2.38429e-05
27260.6 2.39961e-05
27262.8 2.41405e-05
27265.1 2.4269e-05
27267.4 2.43895e-05
27269.7 2.45116e-05
27272 2.46301e-05
27274.2 2.47339e-05
27276.5 2.48249e-05
27278.8 2.49149e-05
27281.1 2.50052e-05
27283.4 2.50848e-05
27285.6 2.51488e-05
27287.9 2.52071e-05
27290.2 2.52672e-05
27292.5 2.53217e-05
27294.8 2.53607e-05
27297 2.5389e-05
27299.3 2.54176e-05
27301.6 2.54454e-05
27303.9 2.54607e-05
27306.1 2.54615e-05
27308.4 2.54587e-05
27310.7 2.54578e-05
27313 2.54493e-05
27315.3 2.54253e-05
27317.5 2.53926e-05
27319.8 2.53616e-05
27322.1 2.53283e-05
27324.4 2.52813e-05
27326.7 2.52214e-05
27328.9 2.51601e-05
27331.2 2.51002e-05
27333.5 2.50311e-05
27335.8 2.49468e-05
27338 2.48564e-05
27340.3 2.47686e-05
27342.6 2.46768e-05
27344.9 2.45707e-05
27347.2 2.44538e-05
27349.4 2.43375e-05
27351.7 2.42218e-05
27354 2.40955e-05
27356.3 2.39551e-05
27358.6 2.38112e-05
27360.8 2.36703e-05
27363.1 2.35239e-05
27365.4 2.33631e-05
27367.7 2.31939e-05
27370 2.30271e-05
27372.2 2.28599e-05
27374.5 2.26809e-05
27376.8 2.24896e-05
27379.1 2.22973e-05
27381.3 2.21081e-05
27383.6 2.19119e-05
27385.9 2.17019e-05
27388.2 2.14861e-05
27390.5 2.12741e-05
27392.7 2.10605e-05
27395 2.08345e-05
27397.3 2.05984e-05
27399.6 2.03637e-05
27401.9 2.01317e-05
27404.1 1.98915e-05
27406.4 1.96386e-05
27408.7 1.93828e-05
27411 1.91316e-05
27413.2 1.88775e-05
27415.5 1.86111e-05
27417.8 1.8337e-05
27420.1 1.80664e-05
27422.4 1.7798e-05
27424.6 1.75204e-05
27426.9 1.72317e-05
27429.2 1.69429e-05
27431.5 1.66592e-05
27433.8 1.63715e-05
27436 1.60717e-05
27438.3 1.57672e-05
27440.6 1.54679e-05
27442.9 1.51698e-05
27445.2 1.4862e-05
27447.4 1.45451e-05
27449.7 1.42309e-05
27452 1.39218e-05
27454.3 1.36075e-05
27456.5 1.32822e-05
27458.8 1.2955e-05
27461.1 1.26344e-05
27463.4 1.23139e-05
27465.7 1.19835e-05
27467.9 1.16465e-05
27470.2 1.13145e-05
27472.5 1.09875e-05
27474.8 1.06541e-05
27477.1 1.03113e-05
27479.3 9.96944e-06
27481.6 9.635e-06
27483.9 9.29956e-06
27486.2 8.95443e-06
27488.4 8.60558e-06
27490.7 8.26363e-06
27493 7.9259e-06
27495.3 7.58116e-06
27497.6 7.22893e-06
27499.8 6.88045e-06
27502.1 6.53969e-06
27504.4 6.19673e-06
27506.7 5.84485e-06
27509 5.49214e-06
27511.2 5.14785e-06
27513.5 4.80679e-06
27515.8 4.45834e-06
27518.1 4.10472e-06
27520.3 3.75733e-06
27522.6 3.4175e-06
27524.9 3.07436e-06
27527.2 2.72354e-06
27529.5 2.37476e-06
27531.7 2.03541e-06
27534 1.69809e-06
27536.3 1.35341e-06
27538.6 1.00612e-06
27540.9 6.67161e-07
27543.1 3.35165e-07
27545.4 -1.07359e-09
27547.7 -3.43341e-07
27550 -6.80825e-07
27552.3 -1.00841e-06
27554.5 -1.33526e-06
27556.8 -1.66904e-06
27559.1 -2.00272e-06
27561.4 -2.32644e-06
27563.6 -2.64417e-06
27565.9 -2.9668e-06
27568.2 -3.29346e-06
27570.5 -3.61285e-06
27572.8 -3.92242e-06
27575 -4.23254e-06
27577.3 -4.54873e-06
27579.6 -4.86209e-06
27581.9 -5.1644e-06
27584.2 -5.46197e-06
27586.4 -5.76478e-06
27588.7 -6.06934e-06
27591 -6.36453e-06
27593.3 -6.65045e-06
27595.5 -6.93813e-06
27597.8 -7.2306e-06
27600.1 -7.51763e-06
27602.4 -7.79307e-06
27604.7 -8.06522e-06
27606.9 -8.34257e-06
27609.2 -8.61922e-06
27611.5 -8.88485e-06
27613.8 -9.14222e-06
27616.1 -9.40234e-06
27618.3 -9.66563e-06
27620.6 -9.92109e-06
27622.9 -1.0165e-05
27625.2 -1.04071e-05
27627.5 -1.0654e-05
27629.7 -1.08977e-05
27632 -1.11293e-05
27634.3 -1.1354e-05
27636.6 -1.15821e-05
27638.8 -1.18115e-05
27641.1 -1.2031e-05
27643.4 -1.22396e-05
27645.7 -1.24478e-05
27648 -1.266e-05
27650.2 -1.28666e-05
27652.5 -1.30605e-05
27654.8 -1.32491e-05
27657.1 -1.34416e-05
27659.4 -1.36333e-05
27661.6 -1.38135e-05
27663.9 -1.39837e-05
27666.2 -1.4155e-05
27668.5 -1.43291e-05
27670.7 -1.44954e-05
27673 -1.4649e-05
27675.3 -1.47991e-05
27677.6 -1.49531e-05
27679.9 -1.5104e-05
27682.1 -1.52424e-05
27684.4 -1.53724e-05
27686.7 -1.55046e-05
27689 -1.5638e-05
27691.3 -1.57617e-05
27693.5 -1.58734e-05
27695.8 -1.59833e-05
27698.1 -1.60968e-05
27700.4 -1.62052e-05
27702.7 -1.63004e-05
27704.9 -1.6389e-05
27707.2 -1.64807e-05
27709.5 -1.65719e-05
27711.8 -1.66519e-05
27714 -1.6721e-05
27716.3 -1.679e-05
27718.6 -1.6862e-05
27720.9 -1.69268e-05
27723.2 -1.69785e-05
27725.4 -1.70256e-05
27727.7 -1.70763e-05
27730 -1.71247e-05
27732.3 -1.71609e-05
27734.6 -1.71877e-05
27736.8 -1.72161e-05
27739.1 -1.72463e-05
27741.4 -1.72676e-05
27743.7 -1.72765e-05
27745.9 -1.72828e-05
27748.2 -1.72929e-05
27750.5 -1.72989e-05
27752.8 -1.72921e-05
27755.1 -1.72779e-05
27757.3 -1.72665e-05
27759.6 -1.72558e-05
27761.9 -1.72346e-05
27764.2 -1.72023e-05
27766.5 -1.71695e-05
27768.7 -1.71402e-05
27771 -1.71049e-05
27773.3 -1.7057e-05
27775.6 -1.70039e-05
27777.9 -1.69546e-05
27780.1 -1.69044e-05
27782.4 -1.68428e-05
27784.7 -1.67717e-05
27787 -1.6702e-05
27789.2 -1.66352e-05
27791.5 -1.65609e-05
27793.8 -1.64746e-05
27796.1 -1.63853e-05
27798.4 -1.63005e-05
27800.6 -1.62131e-05
27802.9 -1.6114e-05
27805.2 -1.60073e-05
27807.5 -1.59037e-05
27809.8 -1.5802e-05
27812 -1.56916e-05
27814.3 -1.55702e-05
27816.6 -1.54483e-05
27818.9 -1.53309e-05
27821.1 -1.52095e-05
27823.4 -1.50762e-05
27825.7 -1.49377e-05
27828 -1.48037e-05
27830.3 -1.46704e-05
27832.5 -1.45274e-05
27834.8 -1.43751e-05
27837.1 -1.42244e-05
27839.4 -1.4078e-05
27841.7 -1.39261e-05
27843.9 -1.37629e-05
27846.2 -1.3597e-05
27848.5 -1.34363e-05
27850.8 -1.32752e-05
27853.1 -1.31038e-05
27855.3 -1.2925e-05
27857.6 -1.27499e-05
27859.9 -1.25785e-05
27862.2 -1.24002e-05
27864.4 -1.22118e-05
27866.7 -1.2023e-05
27869 -1.18401e-05
27871.3 -1.16553e-05
27873.6 -1.146e-05
27875.8 -1.12598e-05
27878.1 -1.10648e-05
27880.4 -1.08726e-05
27882.7 -1.06726e-05
27885 -1.04639e-05
27887.2 -1.02573e-05
27889.5 -1.00566e-05
27891.8 -9.85258e-06
27894.1 -9.63858e-06
27896.3 -9.42208e-06
27898.6 -9.21202e-06
27900.9 -9.00364e-06
27903.2 -8.78674e-06
27905.5 -8.56317e-06
27907.7 -8.34376e-06
27910 -8.12999e-06
27912.3 -7.91156e-06
27914.6 -7.68407e-06
27916.9 -7.45662e-06
27919.1 -7.2364e-06
27921.4 -7.01654e-06
27923.7 -6.78795e-06
27926 -6.5549e-06
27928.2 -6.32787e-06
27930.5 -6.10577e-06
27932.8 -5.87792e-06
27935.1 -5.64238e-06
27937.4 -5.40934e-06
27939.6 -5.18386e-06
27941.9 -4.95736e-06
27944.2 -4.72236e-06
27946.5 -4.48533e-06
27948.8 -4.25576e-06
27951 -4.0301e-06
27953.3 -3.79791e-06
27955.6 -3.55978e-06
27957.9 -3.32641e-06
27960.2 -3.10048e-06
27962.4 -2.87219e-06
27964.7 -2.63607e-06
27967 -2.40042e-06
27969.3 -2.17324e-06
27971.5 -1.94871e-06
27973.8 -1.71722e-06
27976.1 -1.48185e-06
27978.4 -1.25321e-06
27980.7 -1.03146e-06
27982.9 -8.06126e-07
27985.2 -5.74087e-07
27987.5 -3.44964e-07
27989.8 -1.24819e-07
27992.1 9.40773e-08
27994.3 3.19968e-07
27996.6 5.47462e-07
27998.9 7.66641e-07
28001.2 9.79875e-07
28003.4 1.19768e-06
28005.7 1.4207e-06
28008 1.63852e-06
28010.3 1.84734e-06
28012.6 2.05636e-06
28014.8 2.272e-06
28017.1 2.48687e-06
28019.4 2.6923e-06
28021.7 2.89303e-06
28024 3.09904e-06
28026.2 3.30844e-06
28028.5 3.51065e-06
28030.8 3.70432e-06
28033.1 3.89959e-06
28035.4 4.10067e-06
28037.6 4.29865e-06
28039.9 4.48656e-06
28042.2 4.67124e-06
28044.5 4.86154e-06
28046.7 5.05321e-06
28049 5.23605e-06
28051.3 5.41125e-06
28053.6 5.58929e-06
28055.9 5.77198e-06
28058.1 5.94935e-06
28060.4 6.11655e-06
28062.7 6.2821e-06
28065 6.45326e-06
28067.3 6.6236e-06
28069.5 6.78394e-06
28071.8 6.93791e-06
28074.1 7.09572e-06
28076.4 7.25669e-06
28078.6 7.41036e-06
28080.9 7.55429e-06
28083.2 7.69814e-06
28085.5 7.84719e-06
28087.8 7.99324e-06
28090 8.1286e-06
28092.3 8.25913e-06
28094.6 8.3942e-06
28096.9 8.53069e-06
28099.2 8.65826e-06
28101.4 8.77695e-06
28103.7 8.89707e-06
28106 9.02159e-06
28108.3 9.14102e-06
28110.6 9.2496e-06
28112.8 9.35505e-06
28115.1 9.4654e-06
28117.4 9.57526e-06
28119.7 9.67498e-06
28121.9 9.76711e-06
28124.2 9.86198e-06
28126.5 9.9601e-06
28128.8 1.00513e-05
28131.1 1.01319e-05
28133.3 1.02112e-05
28135.6 1.02954e-05
28137.9 1.03771e-05
28140.2 1.04479e-05
28142.5 1.05128e-05
28144.7 1.05814e-05
28147 1.06518e-05
28149.3 1.07137e-05
28151.6 1.07659e-05
28153.8 1.08186e-05
28156.1 1.08756e-05
28158.4 1.09283e-05
28160.7 1.09699e-05
28163 1.10073e-05
28165.2 1.10492e-05
28167.5 1.10913e-05
28169.8 1.11236e-05
28172.1 1.11476e-05
28174.4 1.11735e-05
28176.6 1.12031e-05
28178.9 1.12265e-05
28181.2 1.12391e-05
28183.5 1.12495e-05
28185.8 1.12647e-05
28188 1.12784e-05
28190.3 1.12815e-05
28192.6 1.12779e-05
28194.9 1.12777e-05
28197.1 1.128e-05
28199.4 1.12745e-05
28201.7 1.12591e-05
28204 1.12434e-05
28206.3 1.12325e-05
28208.5 1.12183e-05
28210.8 1.11933e-05
28213.1 1.11634e-05
28215.4 1.11379e-05
28217.7 1.11137e-05
28219.9 1.10805e-05
28222.2 1.10385e-05
28224.5 1.09982e-05
28226.8 1.09622e-05
28229 1.09212e-05
28231.3 1.08696e-05
28233.6 1.08153e-05
28235.9 1.0766e-05
28238.2 1.07165e-05
28240.4 1.06572e-05
28242.7 1.05908e-05
28245 1.05276e-05
28247.3 1.0468e-05
28249.6 1.0402e-05
28251.8 1.0326e-05
28254.1 1.02494e-05
28256.4 1.01783e-05
28258.7 1.01052e-05
28261 1.0022e-05
28263.2 9.93373e-06
28265.5 9.84998e-06
28267.8 9.76875e-06
28270.1 9.67983e-06
28272.3 9.58226e-06
28274.6 9.48604e-06
28276.9 9.39514e-06
28279.2 9.30078e-06
28281.5 9.19648e-06
28283.7 9.08915e-06
28286 8.98737e-06
28288.3 8.88683e-06
28290.6 8.77774e-06
28292.9 8.66158e-06
28295.1 8.54865e-06
28297.4 8.44055e-06
28299.7 8.32754e-06
28302 8.20521e-06
28304.2 8.08205e-06
28306.5 7.96505e-06
28308.8 7.84785e-06
28311.1 7.72165e-06
28313.4 7.59028e-06
28315.6 7.46374e-06
28317.9 7.3412e-06
28320.2 7.21252e-06
28322.5 7.07559e-06
28324.8 6.93999e-06
28327 6.81073e-06
28329.3 6.67978e-06
28331.6 6.53983e-06
28333.9 6.39683e-06
28336.1 6.2599e-06
28338.4 6.12587e-06
28340.7 5.98474e-06
28343 5.83683e-06
28345.3 5.69227e-06
28347.5 5.55382e-06
28349.8 5.41222e-06
28352.1 5.26209e-06
28354.4 5.11112e-06
28356.7 4.96707e-06
28358.9 4.82458e-06
28361.2 4.67442e-06
28363.5 4.51926e-06
28365.8 4.36922e-06
28368.1 4.22466e-06
28370.3 4.07566e-06
28372.6 3.919e-06
28374.9 3.76372e-06
28377.2 3.61577e-06
28379.4 3.46795e-06
28381.7 3.31225e-06
28384 3.15358e-06
28386.3 3.00147e-06
28388.6 2.85387e-06
28390.8 2.70076e-06
28393.1 2.54127e-06
28395.4 2.38525e-06
28397.7 2.23653e-06
28400 2.08646e-06
28402.2 1.92876e-06
28404.5 1.77025e-06
28406.8 1.61933e-06
28409.1 1.47168e-06
28411.3 1.31775e-06
28413.6 1.15907e-06
28415.9 1.00572e-06
28418.2 8.59212e-07
28420.5 7.09968e-07
28422.7 5.5374e-07
28425 3.989e-07
28427.3 2.5223e-07
28429.6 1.07425e-07
28431.9 -4.40848e-08
28434.1 -1.98459e-07
28436.4 -3.45943e-07
28438.7 -4.87435e-07
28441 -6.32886e-07
28443.3 -7.84267e-07
28445.5 -9.32157e-07
28447.8 -1.07175e-06
28450.1 -1.21098e-06
28452.4 -1.35693e-06
28454.6 -1.5037e-06
28456.9 -1.64241e-06
28459.2 -1.7763e-06
28461.5 -1.91512e-06
28463.8 -2.05846e-06
28466 -2.19641e-06
28468.3 -2.32637e-06
28470.6 -2.45747e-06
28472.9 -2.5949e-06
28475.2 -2.73105e-06
28477.4 -2.85841e-06
28479.7 -2.98235e-06
28482 -3.11187e-06
28484.3 -3.24425e-06
28486.5 -3.3696e-06
28488.8 -3.48771e-06
28491.1 -3.60834e-06
28493.4 -3.73452e-06
28495.7 -3.85737e-06
28497.9 -3.97116e-06
28500.2 -4.08308e-06
28502.5 -4.2009e-06
28504.8 -4.31968e-06
28507.1 -4.43019e-06
28509.3 -4.53456e-06
28511.6 -4.64264e-06
28513.9 -4.75515e-06
28516.2 -4.86241e-06
28518.5 -4.96083e-06
28520.7 -5.05898e-06
28523 -5.16294e-06
28525.3 -5.26591e-06
28527.6 -5.35976e-06
28529.8 -5.44888e-06
28532.1 -5.54263e-06
28534.4 -5.63938e-06
28536.7 -5.72924e-06
28539 -5.81091e-06
28541.2 -5.89387e-06
28543.5 -5.98216e-06
28545.8 -6.06751e-06
28548.1 -6.14338e-06
28550.4 -6.21611e-06
28552.6 -6.29409e-06
28554.9 -6.3734e-06
28557.2 -6.44451e-06
28559.5 -6.5085e-06
28561.7 -6.57519e-06
28564 -6.64639e-06
28566.3 -6.71279e-06
28568.6 -6.76983e-06
28570.9 -6.82544e-06
28573.1 -6.88653e-06
28575.4 -6.94717e-06
28577.7 -6.99871e-06
28580 -7.04452e-06
28582.3 -7.09422e-06
28584.5 -7.14727e-06
28586.8 -7.1939e-06
28589.1 -7.23175e-06
28591.4 -7.26988e-06
28593.7 -7.31334e-06
28595.9 -7.35453e-06
28598.2 -7.38618e-06
28600.5 -7.41373e-06
28602.8 -7.44606e-06
28605 -7.48034e-06
28607.3 -7.50687e-06
28609.6 -7.52562e-06
28611.9 -7.54627e-06
28614.2 -7.57173e-06
28616.4 -7.59316e-06
28618.7 -7.60507e-06
28621 -7.61468e-06
28623.3 -7.62961e-06
28625.6 -7.6449e-06
28627.8 -7.65148e-06
28630.1 -7.65165e-06
28632.4 -7.65515e-06
28634.7 -7.66259e-06
28636.9 -7.66441e-06
28639.2 -7.6572e-06
28641.5 -7.64952e-06
28643.8 -7.64733e-06
28646.1 -7.64383e-06
28648.3 -7.63109e-06
28650.6 -7.61357e-06
28652.9 -7.60055e-06
28655.2 -7.59031e-06
28657.5 -7.5731e-06
28659.7 -7.54779e-06
28662 -7.52379e-06
28664.3 -7.50506e-06
28666.6 -7.48335e-06
28668.9 -7.45232e-06
28671.1 -7.41836e-06
28673.4 -7.38971e-06
28675.7 -7.36246e-06
28678 -7.32723e-06
28680.2 -7.28519e-06
28682.5 -7.2461e-06
28684.8 -7.21169e-06
28687.1 -7.17274e-06
28689.4 -7.12484e-06
28691.6 -7.07593e-06
28693.9 -7.03279e-06
28696.2 -6.98952e-06
28698.5 -6.93764e-06
28700.8 -6.88057e-06
28703 -6.82783e-06
28705.3 -6.77885e-06
28707.6 -6.72397e-06
28709.9 -6.66097e-06
28712.1 -6.59885e-06
28714.4 -6.54255e-06
28716.7 -6.48455e-06
28719 -6.41774e-06
28721.3 -6.34758e-06
28723.5 -6.28282e-06
28725.8 -6.22063e-06
28728.1 -6.15146e-06
28730.4 -6.07537e-06
28732.7 -6.00195e-06
28734.9 -5.93403e-06
28737.2 -5.86288e-06
28739.5 -5.78315e-06
28741.8 -5.70203e-06
28744 -5.62702e-06
28746.3 -5.5532e-06
28748.6 -5.47166e-06
28750.9 -5.38475e-06
28753.2 -5.30208e-06
28755.4 -5.22421e-06
28757.7 -5.14172e-06
28760 -5.05134e-06
28762.3 -4.96155e-06
28764.6 -4.87816e-06
28766.8 -4.79448e-06
28769.1 -4.70275e-06
28771.4 -4.60743e-06
28773.7 -4.51763e-06
28776 -4.43163e-06
28778.2 -4.33986e-06
28780.5 -4.24127e-06
28782.8 -4.14515e-06
28785.1 -4.05535e-06
28787.3 -3.96376e-06
28789.6 -3.86419e-06
28791.9 -3.76299e-06
28794.2 -3.66822e-06
28796.5 -3.57601e-06
28798.7 -3.47717e-06
28801 -3.37293e-06
28803.3 -3.27288e-06
28805.6 -3.17866e-06
28807.9 -3.08122e-06
28810.1 -2.97632e-06
28812.4 -2.87177e-06
28814.7 -2.77419e-06
28817 -2.67775e-06
28819.2 -2.57418e-06
28821.5 -2.4669e-06
28823.8 -2.36526e-06
28826.1 -2.26861e-06
28828.4 -2.16749e-06
28830.6 -2.0598e-06
28832.9 -1.95442e-06
28835.2 -1.85612e-06
28837.5 -1.75747e-06
28839.8 -1.65157e-06
28842 -1.54385e-06
28844.3 -1.44286e-06
28846.6 -1.34572e-06
28848.9 -1.24313e-06
28851.2 -1.13521e-06
28853.4 -1.0314e-06
28855.7 -9.34347e-07
28858 -8.3549e-07
28860.3 -7.29677e-07
28862.5 -6.24004e-07
28864.8 -5.25751e-07
28867.1 -4.30015e-07
28869.4 -3.28121e-07
28871.7 -2.22456e-07
28873.9 -1.22437e-07
28876.2 -2.84915e-08
28878.5 6.86182e-08
28880.8 1.72002e-07
28883.1 2.73302e-07
28885.3 3.66906e-07
28887.6 4.59475e-07
28889.9 5.58537e-07
28892.2 6.59614e-07
28894.4 7.53825e-07
28896.7 8.42988e-07
28899 9.36478e-07
28901.3 1.0352e-06
28903.6 1.13001e-06
28905.8 1.21729e-06
28908.1 1.30504e-06
28910.4 1.39925e-06
28912.7 1.49359e-06
28915 1.58024e-06
28917.2 1.66312e-06
28919.5 1.75123e-06
28921.8 1.84322e-06
28924.1 1.9297e-06
28926.4 2.00919e-06
28928.6 2.09064e-06
28930.9 2.1781e-06
28933.2 2.26381e-06
28935.5 2.3414e-06
28937.7 2.41671e-06
28940 2.49782e-06
28942.3 2.58121e-06
28944.6 2.65778e-06
28946.9 2.7283e-06
28949.1 2.80209e-06
28951.4 2.8811e-06
28953.7 2.95654e-06
28956 3.02388e-06
28958.3 3.09052e-06
28960.5 3.16315e-06
28962.8 3.23633e-06
28965.1 3.30173e-06
28967.4 3.36233e-06
28969.6 3.42729e-06
28971.9 3.49633e-06
28974.2 3.56018e-06
28976.5 3.61637e-06
28978.8 3.67342e-06
28981 3.73629e-06
28983.3 3.79791e-06
28985.6 3.85122e-06
28987.9 3.90118e-06
28990.2 3.95631e-06
28992.4 4.01412e-06
28994.7 4.06538e-06
28997 4.1098e-06
28999.3 4.15656e-06
29001.6 4.20859e-06
29003.8 4.2576e-06
29006.1 4.29819e-06
29008.4 4.33705e-06
29010.7 4.38153e-06
29012.9 4.42712e-06
29015.2 4.46511e-06
29017.5 4.49744e-06
29019.8 4.53339e-06
29022.1 4.57373e-06
29024.3 4.60942e-06
29026.6 4.63701e-06
29028.9 4.66452e-06
29031.2 4.69775e-06
29033.5 4.73039e-06
29035.7 4.75479e-06
29038 4.77498e-06
29040.3 4.79981e-06
29042.6 4.82785e-06
29044.8 4.84984e-06
29047.1 4.86446e-06
29049.4 4.88059e-06
29051.7 4.90217e-06
29054 4.92148e-06
29056.2 4.93231e-06
29058.5 4.94056e-06
29060.8 4.95416e-06
29063.1 4.96957e-06
29065.4 4.97781e-06
29067.6 4.97979e-06
29069.9 4.98475e-06
29072.2 4.99451e-06
29074.5 5.0004e-06
29076.8 4.99802e-06
29079 4.99477e-06
29081.3 4.99723e-06
29083.6 4.99995e-06
29085.9 4.99476e-06
29088.1 4.98471e-06
29090.4 4.97887e-06
29092.7 4.97688e-06
29095 4.9696e-06
29097.3 4.95467e-06
29099.5 4.94058e-06
29101.8 4.93218e-06
29104.1 4.92244e-06
29106.4 4.90445e-06
29108.7 4.88322e-06
29110.9 4.86715e-06
29113.2 4.85371e-06
29115.5 4.83381e-06
29117.8 4.80728e-06
29120 4.78319e-06
29122.3 4.7644e-06
29124.6 4.74271e-06
29126.9 4.71286e-06
29129.2 4.68151e-06
29131.4 4.65592e-06
29133.7 4.63157e-06
29136 4.59991e-06
29138.3 4.56295e-06
29140.6 4.52985e-06
29142.8 4.50132e-06
29145.1 4.46846e-06
29147.4 4.42793e-06
29149.7 4.38769e-06
29151.9 4.35342e-06
29154.2 4.3189e-06
29156.5 4.2766e-06
29158.8 4.23059e-06
29161.1 4.18957e-06
29163.3 4.15211e-06
29165.6 4.10909e-06
29167.9 4.05929e-06
29170.2 4.01149e-06
29172.5 3.96951e-06
29174.7 3.92576e-06
29177 3.87417e-06
29179.3 3.8206e-06
29181.6 3.77286e-06
29183.9 3.72741e-06
29186.1 3.67545e-06
29188.4 3.61795e-06
29190.7 3.564e-06
29193 3.51536e-06
29195.2 3.46349e-06
29197.5 3.40413e-06
29199.8 3.34461e-06
29202.1 3.29135e-06
29204.4 3.23898e-06
29206.6 3.1795e-06
29208.9 3.11598e-06
29211.2 3.05732e-06
29213.5 3.00313e-06
29215.8 2.94441e-06
29218 2.87895e-06
29220.3 2.8151e-06
29222.6 2.75758e-06
29224.9 2.69946e-06
29227.1 2.63401e-06
29229.4 2.56621e-06
29231.7 2.50428e-06
29234 2.44569e-06
29236.3 2.38153e-06
29238.5 2.31172e-06
29240.8 2.24517e-06
29243.1 2.18463e-06
29245.4 2.12202e-06
29247.7 2.05226e-06
29249.9 1.98195e-06
29252.2 1.91814e-06
29254.5 1.85635e-06
29256.8 1.78825e-06
29259.1 1.71588e-06
29261.3 1.64822e-06
29263.6 1.58588e-06
29265.9 1.52013e-06
29268.2 1.44778e-06
29270.4 1.37669e-06
29272.7 1.31235e-06
29275 1.2486e-06
29277.3 1.17813e-06
29279.6 1.105e-06
29281.8 1.03773e-06
29284.1 9.74803e-07
29286.4 9.07295e-07
29288.7 8.34121e-07
29291 7.6391e-07
29293.2 7.0032e-07
29295.5 6.35834e-07
29297.8 5.64614e-07
29300.1 4.92481e-07
29302.3 4.27014e-07
29304.6 3.6466e-07
29306.9 2.96825e-07
29309.2 2.24561e-07
29311.5 1.56793e-07
29313.7 9.51293e-08
29316 3.11526e-08
29318.3 -3.91955e-08
29320.6 -1.08669e-07
29322.9 -1.7105e-07
29325.1 -2.3172e-07
29327.4 -2.98451e-07
29329.7 -3.68126e-07
29332 -4.32033e-07
29334.3 -4.90693e-07
29336.5 -5.52939e-07
29338.8 -6.20829e-07
29341.1 -6.86111e-07
29343.4 -7.44273e-07
29345.6 -8.02208e-07
29347.9 -8.6643e-07
29350.2 -9.31945e-07
29352.5 -9.90746e-07
29354.8 -1.04544e-06
29357 -1.10478e-06
29359.3 -1.1687e-06
29361.6 -1.22843e-06
29363.9 -1.28141e-06
29366.2 -1.33563e-06
29368.4 -1.396e-06
29370.7 -1.45594e-06
29373 -1.50858e-06
29375.3 -1.55848e-06
29377.5 -1.61379e-06
29379.8 -1.67236e-06
29382.1 -1.72538e-06
29384.4 -1.77238e-06
29386.7 -1.82202e-06
29388.9 -1.87729e-06
29391.2 -1.93041e-06
29393.5 -1.97607e-06
29395.8 -2.02046e-06
29398.1 -2.07072e-06
29400.3 -2.12271e-06
29402.6 -2.16809e-06
29404.9 -2.20852e-06
29407.2 -2.25278e-06
29409.5 -2.30183e-06
29411.7 -2.34712e-06
29414 -2.38519e-06
29416.3 -2.42352e-06
29418.6 -2.46779e-06
29420.8 -2.51217e-06
29423.1 -2.54924e-06
29425.4 -2.58266e-06
29427.7 -2.62087e-06
29430 -2.66273e-06
29432.2 -2.69943e-06
29434.5 -2.72952e-06
29436.8 -2.76135e-06
29439.1 -2.79885e-06
29441.4 -2.83478e-06
29443.6 -2.86312e-06
29445.9 -2.88927e-06
29448.2 -2.92088e-06
29450.5 -2.95477e-06
29452.7 -2.98235e-06
29455 -3.00429e-06
29457.3 -3.02931e-06
29459.6 -3.05938e-06
29461.9 -3.08629e-06
29464.1 -3.10569e-06
29466.4 -3.12449e-06
29468.7 -3.14905e-06
29471 -3.17436e-06
29473.3 -3.19258e-06
29475.5 -3.20638e-06
29477.8 -3.22442e-06
29480.1 -3.24654e-06
29482.4 -3.26408e-06
29484.7 -3.2746e-06
29486.9 -3.28608e-06
29489.2 -3.30327e-06
29491.5 -3.31963e-06
29493.8 -3.32846e-06
29496 -3.33433e-06
29498.3 -3.34529e-06
29500.6 -3.35915e-06
29502.9 -3.36721e-06
29505.2 -3.3691e-06
29507.4 -3.37341e-06
29509.7 -3.38305e-06
29512 -3.39028e-06
29514.3 -3.38995e-06
29516.6 -3.38824e-06
29518.8 -3.39214e-06
29521.1 -3.39756e-06
29523.4 -3.39627e-06
29525.7 -3.38999e-06
29527.9 -3.38741e-06
29530.2 -3.38941e-06
29532.5 -3.38757e-06
29534.8 -3.37851e-06
29537.1 -3.36969e-06
29539.3 -3.36667e-06
29541.6 -3.36366e-06
29543.9 -3.35339e-06
29546.2 -3.33953e-06
29548.5 -3.33042e-06
29550.7 -3.32487e-06
29553 -3.3142e-06
29555.3 -3.29706e-06
29557.6 -3.28172e-06
29559.8 -3.27199e-06
29562.1 -3.26074e-06
29564.4 -3.24207e-06
29566.7 -3.22138e-06
29569 -3.20617e-06
29571.2 -3.19327e-06
29573.5 -3.17426e-06
29575.8 -3.14983e-06
29578.1 -3.12863e-06
29580.4 -3.11252e-06
29582.6 -3.09342e-06
29584.9 -3.06712e-06
29587.2 -3.04044e-06
29589.5 -3.01964e-06
29591.8 -2.99975e-06
29594 -2.97306e-06
29596.3 -2.94231e-06
29598.6 -2.91598e-06
29600.9 -2.89389e-06
29603.1 -2.86751e-06
29605.4 -2.83452e-06
29607.7 -2.80279e-06
29610 -2.77696e-06
29612.3 -2.75057e-06
29614.5 -2.71708e-06
29616.8 -2.68105e-06
29619.1 -2.65036e-06
29621.4 -2.62281e-06
29623.7 -2.58989e-06
29625.9 -2.5513e-06
29628.2 -2.5155e-06
29630.5 -2.48527e-06
29632.8 -2.45302e-06
29635 -2.41374e-06
29637.3 -2.37356e-06
29639.6 -2.33931e-06
29641.9 -2.30691e-06
29644.2 -2.26834e-06
29646.4 -2.22534e-06
29648.7 -2.18646e-06
29651 -2.15249e-06
29653.3 -2.11515e-06
29655.6 -2.07123e-06
29657.8 -2.02807e-06
29660.1 -1.99108e-06
29662.4 -1.95451e-06
29664.7 -1.91132e-06
29667 -1.86516e-06
29669.2 -1.8242e-06
29671.5 -1.7872e-06
29673.8 -1.74565e-06
29676.1 -1.69832e-06
29678.3 -1.65335e-06
29680.6 -1.6144e-06
29682.9 -1.57445e-06
29685.2 -1.52776e-06
29687.5 -1.47972e-06
29689.7 -1.43764e-06
29692 -1.39832e-06
29694.3 -1.35354e-06
29696.6 -1.30409e-06
29698.9 -1.25844e-06
29701.1 -1.21832e-06
29703.4 -1.1758e-06
29705.7 -1.12682e-06
29708 -1.07815e-06
29710.2 -1.03585e-06
29712.5 -9.94966e-07
29714.8 -9.48002e-07
29717.1 -8.97724e-07
29719.4 -8.52454e-07
29721.6 -8.11904e-07
29723.9 -7.67691e-07
29726.2 -7.17656e-07
29728.5 -6.6956e-07
29730.8 -6.27868e-07
29733 -5.8616e-07
29735.3 -5.38101e-07
29737.6 -4.88263e-07
29739.9 -4.44343e-07
29742.2 -4.0406e-07
29744.4 -3.59068e-07
29746.7 -3.0921e-07
29749 -2.62796e-07
29751.3 -2.22457e-07
29753.5 -1.80676e-07
29755.8 -1.32632e-07
29758.1 -8.44343e-08
29760.4 -4.27208e-08
29762.7 -3.36038e-09
29764.9 4.14805e-08
29767.2 8.99628e-08
29769.5 1.33697e-07
29771.8 1.7203e-07
29774.1 2.13138e-07
29776.3 2.60065e-07
29778.6 3.05518e-07
29780.9 3.44288e-07
29783.2 3.82113e-07
29785.4 4.25873e-07
29787.7 4.71843e-07
29790 5.12033e-07
29792.3 5.47795e-07
29794.6 5.87496e-07
29796.8 6.32237e-07
29799.1 6.73961e-07
29801.4 7.09178e-07
29803.7 7.44899e-07
29806 7.86661e-07
29808.2 8.29075e-07
29810.5 8.65004e-07
29812.8 8.97713e-07
29815.1 9.35289e-07
29817.4 9.76834e-07
29819.6 1.01399e-06
29821.9 1.04517e-06
29824.2 1.07826e-06
29826.5 1.11714e-06
29828.7 1.15507e-06
29831 1.18618e-06
29833.3 1.21544e-06
29835.6 1.25019e-06
29837.9 1.28762e-06
29840.1 1.31952e-06
29842.4 1.34631e-06
29844.7 1.37627e-06
29847 1.41145e-06
29849.3 1.44412e-06
29851.5 1.46999e-06
29853.8 1.49548e-06
29856.1 1.52677e-06
29858.4 1.55926e-06
29860.6 1.5854e-06
29862.9 1.60755e-06
29865.2 1.63396e-06
29867.5 1.66467e-06
29869.8 1.69147e-06
29872 1.71185e-06
29874.3 1.73331e-06
29876.6 1.76053e-06
29878.9 1.78741e-06
29881.2 1.80746e-06
29883.4 1.82485e-06
29885.7 1.8473e-06
29888 1.87291e-06
29890.3 1.89338e-06
29892.6 1.9082e-06
29894.8 1.92545e-06
29897.1 1.94807e-06
29899.4 1.96882e-06
29901.7 1.98262e-06
29903.9 1.99523e-06
29906.2 2.01339e-06
29908.5 2.03335e-06
29910.8 2.04726e-06
29913.1 2.05654e-06
29915.3 2.06947e-06
29917.6 2.08705e-06
29919.9 2.10132e-06
29922.2 2.10891e-06
29924.5 2.11679e-06
29926.7 2.13039e-06
29929 2.14433e-06
29931.3 2.15162e-06
29933.6 2.15554e-06
29935.8 2.16408e-06
29938.1 2.17629e-06
29940.4 2.18392e-06
29942.7 2.18548e-06
29945 2.18879e-06
29947.2 2.19763e-06
29949.5 2.20532e-06
29951.8 2.2061e-06
29954.1 2.20496e-06
29956.4 2.20911e-06
29958.6 2.21572e-06
29960.9 2.21673e-06
29963.2 2.21262e-06
29965.5 2.21156e-06
29967.7 2.21552e-06
29970 2.21688e-06
29972.3 2.21147e-06
29974.6 2.20564e-06
29976.9 2.20547e-06
29979.1 2.20639e-06
29981.4 2.20098e-06
29983.7 2.19165e-06
29986 2.1865e-06
29988.3 2.18554e-06
29990.5 2.18068e-06
29992.8 2.16952e-06
29995.1 2.15945e-06
29997.4 2.15507e-06
29999.7 2.15032e-06
30001.9 2.13888e-06
30004.2 2.12489e-06
30006.5 2.11595e-06
30008.8 2.11012e-06
30011 2.09929e-06
30013.3 2.08298e-06
30015.6 2.06918e-06
30017.9 2.06073e-06
30020.2 2.05049e-06
30022.4 2.03352e-06
30024.7 2.01553e-06
30027 2.00312e-06
30029.3 1.99257e-06
30031.6 1.97618e-06
30033.8 1.95541e-06
30036.1 1.9384e-06
30038.4 1.92609e-06
30040.7 1.91064e-06
30042.9 1.88882e-06
30045.2 1.8675e-06
30047.5 1.85198e-06
30049.8 1.83693e-06
30052.1 1.81552e-06
30054.3 1.79106e-06
30056.6 1.77137e-06
30058.9 1.75546e-06
30061.2 1.73522e-06
30063.5 1.7093e-06
30065.7 1.68537e-06
30068 1.66708e-06
30070.3 1.64786e-06
30072.6 1.6221e-06
30074.9 1.59478e-06
30077.1 1.57294e-06
30079.4 1.55371e-06
30081.7 1.52923e-06
30084 1.50004e-06
30086.2 1.4742e-06
30088.5 1.45352e-06
30090.8 1.43053e-06
30093.1 1.40121e-06
30095.4 1.37186e-06
30097.6 1.34837e-06
30099.9 1.32619e-06
30102.2 1.2981e-06
30104.5 1.26655e-06
30106.8 1.23947e-06
30109 1.21678e-06
30111.3 1.19054e-06
30113.6 1.15849e-06
30115.9 1.12794e-06
30118.1 1.10329e-06
30120.4 1.07857e-06
30122.7 1.04762e-06
30125 1.01461e-06
30127.3 9.86942e-07
30129.5 9.62634e-07
30131.8 9.33727e-07
30134.1 8.9987e-07
30136.4 8.68928e-07
30138.7 8.43581e-07
30140.9 8.16775e-07
30143.2 7.83766e-07
30145.5 7.5022e-07
30147.8 7.22563e-07
30150.1 6.97039e-07
30152.3 6.66133e-07
30154.6 6.31399e-07
30156.9 6.00819e-07
30159.2 5.75208e-07
30161.4 5.46839e-07
30163.7 5.12639e-07
30166 4.79435e-07
30168.3 4.52328e-07
30170.6 4.26008e-07
30172.8 3.93828e-07
30175.1 3.5915e-07
30177.4 3.29621e-07
30179.7 3.04149e-07
30182 2.74782e-07
30184.2 2.40281e-07
30186.5 2.08244e-07
30188.8 1.8216e-07
30191.1 1.55478e-07
30193.3 1.22792e-07
30195.6 8.9071e-08
30197.9 6.11945e-08
30200.2 3.62377e-08
30202.5 6.4736e-09
30204.7 -2.74381e-08
30207 -5.75671e-08
30209.3 -8.22228e-08
30211.6 -1.08821e-07
30213.9 -1.41226e-07
30216.1 -1.73151e-07
30218.4 -1.98869e-07
30220.7 -2.22964e-07
30223 -2.52499e-07
30225.3 -2.84964e-07
30227.5 -3.12546e-07
30229.8 -3.35441e-07
30232.1 -3.61503e-07
30234.4 -3.92843e-07
30236.6 -4.22218e-07
30238.9 -4.45377e-07
30241.2 -4.6829e-07
30243.5 -4.96962e-07
30245.8 -5.27179e-07
30248 -5.51693e-07
30250.3 -5.72562e-07
30252.6 -5.97634e-07
30254.9 -6.27152e-07
30257.2 -6.53335e-07
30259.4 -6.73638e-07
30261.7 -6.95075e-07
30264 -7.22254e-07
30266.3 -7.49509e-07
30268.5 -7.70558e-07
30270.8 -7.89202e-07
30273.1 -8.12833e-07
30275.4 -8.39823e-07
30277.7 -8.62296e-07
30279.9 -8.79548e-07
30282.2 -8.99237e-07
30284.5 -9.24316e-07
30286.8 -9.47997e-07
30289.1 -9.65316e-07
30291.3 -9.8159e-07
30293.6 -1.00334e-06
30295.9 -1.02717e-06
30298.2 -1.04555e-06
30300.4 -1.05965e-06
30302.7 -1.07734e-06
30305 -1.09975e-06
30307.3 -1.11936e-06
30309.6 -1.13281e-06
30311.8 -1.14662e-06
30314.1 -1.16606e-06
30316.4 -1.18618e-06
30318.7 -1.20023e-06
30321 -1.21117e-06
30323.2 -1.22661e-06
30325.5 -1.24585e-06
30327.8 -1.26104e-06
30330.1 -1.27059e-06
30332.4 -1.28186e-06
30334.6 -1.29861e-06
30336.9 -1.31458e-06
30339.2 -1.32419e-06
30341.5 -1.33201e-06
30343.7 -1.345e-06
30346 -1.36061e-06
30348.3 -1.37116e-06
30350.6 -1.3769e-06
30352.9 -1.3856e-06
30355.1 -1.39929e-06
30357.4 -1.4108e-06
30359.7 -1.416e-06
30362 -1.42082e-06
30364.3 -1.43114e-06
30366.5 -1.44277e-06
30368.8 -1.44859e-06
30371.1 -1.4507e-06
30373.4 -1.45682e-06
30375.6 -1.46714e-06
30377.9 -1.47399e-06
30380.2 -1.47493e-06
30382.5 -1.47689e-06
30384.8 -1.48437e-06
30387 -1.49176e-06
30389.3 -1.49292e-06
30391.6 -1.49163e-06
30393.9 -1.49517e-06
30396.2 -1.50188e-06
30398.4 -1.50402e-06
30400.7 -1.50095e-06
30403 -1.50023e-06
30405.3 -1.50473e-06
30407.6 -1.50773e-06
30409.8 -1.50441e-06
30412.1 -1.50004e-06
30414.4 -1.50101e-06
30416.7 -1.50394e-06
30418.9 -1.50143e-06
30421.2 -1.49472e-06
30423.5 -1.49152e-06
30425.8 -1.49292e-06
30428.1 -1.49151e-06
30430.3 -1.48402e-06
30432.6 -1.47692e-06
30434.9 -1.47536e-06
30437.2 -1.47441e-06
30439.5 -1.46748e-06
30441.7 -1.45754e-06
30444 -1.45208e-06
30446.3 -1.45032e-06
30448.6 -1.44458e-06
30450.8 -1.43335e-06
30453.1 -1.4239e-06
30455.4 -1.41985e-06
30457.7 -1.41503e-06
30460 -1.40401e-06
30462.2 -1.39135e-06
30464.5 -1.38383e-06
30466.8 -1.37891e-06
30469.1 -1.36906e-06
30471.4 -1.3546e-06
30473.6 -1.34318e-06
30475.9 -1.33671e-06
30478.2 -1.32814e-06
30480.5 -1.31348e-06
30482.8 -1.29861e-06
30485 -1.28925e-06
30487.3 -1.28123e-06
30489.6 -1.2676e-06
30491.9 -1.25049e-06
30494.1 -1.23749e-06
30496.4 -1.2287e-06
30498.7 -1.21659e-06
30501 -1.19883e-06
30503.3 -1.18229e-06
30505.5 -1.1713e-06
30507.8 -1.16031e-06
30510.1 -1.14334e-06
30512.4 -1.12421e-06
30514.7 -1.11e-06
30516.9 -1.09901e-06
30519.2 -1.08366e-06
30521.5 -1.06343e-06
30523.8 -1.04575e-06
30526 -1.03333e-06
30528.3 -1.01958e-06
30530.6 -9.99808e-07
30532.9 -9.7928e-07
30535.2 -9.64208e-07
30537.4 -9.51187e-07
30539.7 -9.33008e-07
30542 -9.10963e-07
30544.3 -8.92643e-07
30546.6 -8.79004e-07
30548.8 -8.62751e-07
30551.1 -8.40787e-07
30553.4 -8.19501e-07
30555.7 -8.03878e-07
30558 -7.89014e-07
30560.2 -7.68487e-07
30562.5 -7.45319e-07
30564.8 -7.26827e-07
30567.1 -7.12155e-07
30569.3 -6.93748e-07
30571.6 -6.70246e-07
30573.9 -6.48805e-07
30576.2 -6.32907e-07
30578.5 -6.16431e-07
30580.7 -5.94106e-07
30583 -5.70503e-07
30585.3 -5.52249e-07
30587.6 -5.36735e-07
30589.9 -5.16581e-07
30592.1 -4.92226e-07
30594.4 -4.71188e-07
30596.7 -4.5525e-07
30599 -4.37436e-07
30601.2 -4.13913e-07
30603.5 -3.90537e-07
30605.8 -3.72872e-07
30608.1 -3.56714e-07
30610.4 -3.35273e-07
30612.6 -3.10757e-07
30614.9 -2.90615e-07
30617.2 -2.74842e-07
30619.5 -2.56002e-07
30621.8 -2.31915e-07
30624 -2.09383e-07
30626.3 -1.92596e-07
30628.6 -1.76e-07
30630.9 -1.5378e-07
30633.2 -1.29779e-07
30635.4 -1.10953e-07
30637.7 -9.55197e-08
30640 -7.60081e-08
30642.3 -5.20074e-08
30644.5 -3.08718e-08
30646.8 -1.51884e-08
30649.1 1.62268e-09
30651.4 2.40791e-08
30653.7 4.69275e-08
30655.9 6.40953e-08
30658.2 7.90353e-08
30660.5 9.88272e-08
30662.8 1.22099e-07
30665.1 1.41363e-07
30667.3 1.55773e-07
30669.6 1.72559e-07
30671.9 1.94688e-07
30674.2 2.15803e-07
30676.4 2.31055e-07
30678.7 2.45362e-07
30681 2.65013e-07
30683.3 2.8694e-07
30685.6 3.03945e-07
30687.8 3.16965e-07
30690.1 3.33463e-07
30692.4 3.54699e-07
30694.7 3.73576e-07
30697 3.86736e-07
30699.2 4.00277e-07
30701.5 4.19345e-07
30703.8 4.39358e-07
30706.1 4.53814e-07
30708.3 4.6537e-07
30710.6 4.81302e-07
30712.9 5.01094e-07
30715.2 5.17317e-07
30717.5 5.28288e-07
30719.7 5.40933e-07
30722 5.58968e-07
30724.3 5.76565e-07
30726.6 5.88283e-07
30728.9 5.98338e-07
30731.1 6.13408e-07
30733.4 6.31241e-07
30735.7 6.44498e-07
30738 6.53256e-07
30740.3 6.64872e-07
30742.5 6.81432e-07
30744.8 6.96196e-07
30747.1 7.05086e-07
30749.4 7.13632e-07
30751.6 7.27537e-07
30753.9 7.42951e-07
30756.2 7.53038e-07
30758.5 7.59624e-07
30760.8 7.70076e-07
30763 7.84741e-07
30765.3 7.96353e-07
30767.6 8.02421e-07
30769.9 8.09469e-07
30772.2 8.21907e-07
30774.4 8.34514e-07
30776.7 8.4134e-07
30779 8.45847e-07
30781.3 8.54998e-07
30783.5 8.67386e-07
30785.8 8.75636e-07
30788.1 8.78977e-07
30790.4 8.8455e-07
30792.7 8.9523e-07
30794.9 9.04727e-07
30797.2 9.08312e-07
30799.5 9.10876e-07
30801.8 9.18585e-07
30804.1 9.2837e-07
30806.3 9.33162e-07
30808.6 9.33944e-07
30810.9 9.38069e-07
30813.2 9.46723e-07
30815.5 9.52907e-07
30817.7 9.53373e-07
30820 9.54157e-07
30822.3 9.60284e-07
30824.6 9.67205e-07
30826.8 9.68558e-07
30829.1 9.67013e-07
30831.4 9.69715e-07
30833.7 9.76105e-07
30836 9.78876e-07
30838.2 9.76438e-07
30840.5 9.7562e-07
30842.8 9.8003e-07
30845.1 9.83906e-07
30847.4 9.81946e-07
30849.6 9.78348e-07
30851.9 9.79647e-07
30854.2 9.83578e-07
30856.5 9.82945e-07
30858.7 9.77891e-07
30861 9.75653e-07
30863.3 9.78221e-07
30865.6 9.78955e-07
30867.9 9.73909e-07
30870.1 9.6856e-07
30872.4 9.68467e-07
30874.7 9.69798e-07
30877 9.65872e-07
30879.3 9.58552e-07
30881.5 9.55066e-07
30883.8 9.55686e-07
30886.1 9.53273e-07
30888.4 9.45454e-07
30890.7 9.38666e-07
30892.9 9.37184e-07
30895.2 9.35835e-07
30897.5 9.28829e-07
30899.8 9.19632e-07
30902 9.15055e-07
30904.3 9.13646e-07
30906.6 9.08174e-07
30908.9 8.97965e-07
30911.2 8.90048e-07
30913.4 8.87174e-07
30915.7 8.83134e-07
30918 8.73351e-07
30920.3 8.6269e-07
30922.6 8.57159e-07
30924.8 8.53673e-07
30927.1 8.45324e-07
30929.4 8.33163e-07
30931.7 8.24409e-07
30933.9 8.20143e-07
30936.2 8.13476e-07
30938.5 8.013e-07
30940.8 7.89591e-07
30943.1 7.8322e-07
30945.3 7.77656e-07
30947.6 7.667e-07
30949.9 7.53061e-07
30952.2 7.43736e-07
30954.5 7.38085e-07
30956.7 7.28934e-07
30959 7.14811e-07
30961.3 7.02462e-07
30963.6 6.95347e-07
30965.9 6.87752e-07
30968.1 6.74541e-07
30970.4 6.59915e-07
30972.7 6.50253e-07
30975 6.43242e-07
30977.2 6.31828e-07
30979.5 6.16255e-07
30981.8 6.03646e-07
30984.1 5.95865e-07
30986.4 5.86348e-07
30988.6 5.71302e-07
30990.9 5.56179e-07
30993.2 5.46379e-07
30995.5 5.38054e-07
30997.8 5.24676e-07
31000 5.08176e-07
31002.3 4.95651e-07
31004.6 4.87273e-07
31006.9 4.76001e-07
31009.1 4.59597e-07
31011.4 4.44445e-07
31013.7 4.34668e-07
31016 4.25109e-07
31018.3 4.10132e-07
31020.5 3.93237e-07
31022.8 3.81096e-07
31025.1 3.72181e-07
31027.4 3.59382e-07
31029.7 3.42135e-07
31031.9 3.27388e-07
31034.2 3.17758e-07
31036.5 3.07079e-07
31038.8 2.90923e-07
31041.1 2.74155e-07
31043.3 2.6264e-07
31045.6 2.53252e-07
31047.9 2.39213e-07
31050.2 2.21654e-07
31052.4 2.07693e-07
31054.7 1.983e-07
31057 1.86655e-07
31059.3 1.69784e-07
31061.6 1.53631e-07
31063.8 1.4293e-07
31066.1 1.33139e-07
31068.4 1.18195e-07
31070.7 1.00854e-07
31073 8.79983e-08
31075.2 7.89035e-08
31077.5 6.64868e-08
31079.8 4.93875e-08
31082.1 3.42905e-08
31084.3 2.45323e-08
31086.6 1.44207e-08
31088.9 -1.05187e-09
31091.2 -1.7667e-08
31093.5 -2.917e-08
31095.7 -3.79277e-08
31098 -5.0884e-08
31100.3 -6.77157e-08
31102.6 -8.13814e-08
31104.9 -9.01226e-08
31107.1 -1.00454e-07
31109.4 -1.16048e-07
31111.7 -1.31472e-07
31114 -1.41448e-07
31116.2 -1.49844e-07
31118.5 -1.63072e-07
31120.8 -1.79152e-07
31123.1 -1.91085e-07
31125.4 -1.98784e-07
31127.6 -2.09211e-07
31129.9 -2.24504e-07
31132.2 -2.38329e-07
31134.5 -2.46677e-07
31136.8 -2.54693e-07
31139 -2.67895e-07
31141.3 -2.82766e-07
31143.6 -2.92748e-07
31145.9 -2.99419e-07
31148.2 -3.09794e-07
31150.4 -3.24361e-07
31152.7 -3.36249e-07
31155 -3.42939e-07
31157.3 -3.50553e-07
31159.5 -3.63409e-07
31161.8 -3.7666e-07
31164.1 -3.84556e-07
31166.4 -3.90243e-07
31168.7 -4.00391e-07
31170.9 -4.13821e-07
31173.2 -4.23514e-07
31175.5 -4.28578e-07
31177.8 -4.35759e-07
31180.1 -4.47935e-07
31182.3 -4.59213e-07
31184.6 -4.64971e-07
31186.9 -4.69738e-07
31189.2 -4.79462e-07
31191.4 -4.9137e-07
31193.7 -4.98698e-07
31196 -5.02218e-07
31198.3 -5.08917e-07
31200.6 -5.20081e-07
31202.8 -5.29103e-07
31205.1 -5.32751e-07
31207.4 -5.36669e-07
31209.7 -5.4575e-07
31212 -5.55797e-07
31214.2 -5.60677e-07
31216.5 -5.62778e-07
31218.8 -5.68927e-07
31221.1 -5.78754e-07
31223.4 -5.85322e-07
31225.6 -5.86956e-07
31227.9 -5.90093e-07
31230.2 -5.98303e-07
31232.5 -6.06204e-07
31234.7 -6.08643e-07
31237 -6.09476e-07
31239.3 -6.14989e-07
31241.6 -6.23181e-07
31243.9 -6.2718e-07
31246.1 -6.26959e-07
31248.4 -6.29375e-07
31250.7 -6.3648e-07
31253 -6.42021e-07
31255.3 -6.42109e-07
31257.5 -6.41842e-07
31259.8 -6.46611e-07
31262.1 -6.5291e-07
31264.4 -6.54319e-07
31266.4 -6.52575e-07
31268.5 -6.53376e-07
31270.5 -6.58156e-07
31272.6 -6.62478e-07
31274.7 -6.62231e-07
31276.9 -6.59762e-07
31279.1 -6.6096e-07
31281.2 -6.65704e-07
31283.4 -6.68062e-07
31285.6 -6.65599e-07
31287.7 -6.63184e-07
31289.9 -6.6535e-07
31292.1 -6.69193e-07
31294.3 -6.68934e-07
31296.4 -6.64985e-07
31298.6 -6.63288e-07
31300.8 -6.65999e-07
31302.9 -6.68116e-07
31305.1 -6.65332e-07
31307.3 -6.60783e-07
31309.4 -6.60122e-07
31311.6 -6.62658e-07
31313.8 -6.62451e-07
31315.9 -6.57632e-07
31318.1 -6.53324e-07
31320.3 -6.53605e-07
31322.4 -6.55119e-07
31324.6 -6.52353e-07
31326.8 -6.46279e-07
31328.9 -6.42822e-07
31331.1 -6.43568e-07
31333.3 -6.43289e-07
31335.4 -6.38149e-07
31337.6 -6.31714e-07
31339.8 -6.29354e-07
31342 -6.29824e-07
31344.1 -6.27234e-07
31346.3 -6.20284e-07
31348.5 -6.14298e-07
31350.6 -6.12871e-07
31352.8 -6.1224e-07
31355 -6.07198e-07
31357.1 -5.99256e-07
31359.3 -5.94268e-07
31361.5 -5.9325e-07
31363.6 -5.90801e-07
31365.8 -5.83579e-07
31368 -5.75538e-07
31370.1 -5.7172e-07
31372.3 -5.70356e-07
31374.5 -5.65653e-07
31376.6 -5.56879e-07
31378.8 -5.49508e-07
31381 -5.4663e-07
31383.1 -5.44118e-07
31385.3 -5.3711e-07
31387.5 -5.27632e-07
31389.7 -5.21413e-07
31391.8 -5.18906e-07
31394 -5.14588e-07
31396.2 -5.0563e-07
31398.3 -4.96326e-07
31400.5 -4.91358e-07
31402.7 -4.88458e-07
31404.8 -4.8198e-07
31407 -4.71753e-07
31409.2 -4.63347e-07
31411.3 -4.59333e-07
31413.5 -4.55266e-07
31415.7 -4.46663e-07
31417.8 -4.36034e-07
31420 -4.28936e-07
31422.2 -4.25267e-07
31424.3 -4.19437e-07
31426.5 -4.09138e-07
31428.7 -3.98963e-07
31430.9 -3.93196e-07
31433 -3.89104e-07
31435.2 -3.81236e-07
31437.4 -3.6997e-07
31439.5 -3.60916e-07
31441.7 -3.56119e-07
31443.9 -3.50863e-07
31446 -3.41077e-07
31448.2 -3.29715e-07
31450.4 -3.2212e-07
31452.5 -3.1765e-07
31454.7 -3.10697e-07
31456.9 -2.99487e-07
31459 -2.88856e-07
31461.2 -2.82665e-07
31463.4 -2.77754e-07
31465.5 -2.68909e-07
31467.7 -2.57039e-07
31469.9 -2.47745e-07
31472 -2.42538e-07
31474.2 -2.36482e-07
31476.4 -2.25943e-07
31478.6 -2.14283e-07
31480.7 -2.06586e-07
31482.9 -2.01689e-07
31485.1 -1.9402e-07
31487.2 -1.82339e-07
31489.4 -1.71677e-07
31491.6 -1.65445e-07
31493.7 -1.60098e-07
31495.9 -1.507e-07
31498.1 -1.38667e-07
31500.2 -1.29541e-07
31502.4 -1.243e-07
31504.6 -1.17838e-07
31506.7 -1.0698e-07
31508.9 -9.54543e-08
31511.1 -8.80443e-08
31513.2 -8.3094e-08
31515.4 -7.51167e-08
31517.6 -6.34015e-08
31519.7 -5.31225e-08
31521.9 -4.72246e-08
31524.1 -4.18158e-08
31526.3 -3.22804e-08
31528.4 -2.05152e-08
31530.6 -1.19496e-08
31532.8 -7.03534e-09
31534.9 -5.50034e-10
31537.1 1.02074e-08
31539.3 2.1186e-08
31541.4 2.79387e-08
31543.6 3.25879e-08
31545.8 4.04861e-08
31547.9 5.18209e-08
31550.1 6.13272e-08
31552.3 6.65434e-08
31554.4 7.16608e-08
31556.6 8.09422e-08
31558.8 9.20402e-08
31560.9 9.96839e-08
31563.1 1.0394e-07
31565.3 1.10096e-07
31567.5 1.20365e-07
31569.6 1.3042e-07
31571.8 1.36183e-07
31574 1.40212e-07
31576.1 1.47678e-07
31578.3 1.58257e-07
31580.5 1.66644e-07
31582.6 1.70873e-07
31584.8 1.75387e-07
31587 1.84064e-07
31589.1 1.94141e-07
31591.3 2.00551e-07
31593.5 2.03864e-07
31595.6 2.09384e-07
31597.8 2.18825e-07
31600 2.27632e-07
31602.1 2.32127e-07
31604.3 2.35267e-07
31606.5 2.41998e-07
31608.6 2.515e-07
31610.8 2.5848e-07
31613 2.61472e-07
31615.2 2.65125e-07
31617.3 2.72906e-07
31619.5 2.81669e-07
31621.7 2.86594e-07
31623.8 2.8874e-07
31626 2.93375e-07
31628.2 3.0171e-07
31630.3 3.09012e-07
31632.5 3.12026e-07
31634.7 3.1407e-07
31636.8 3.19827e-07
31639 3.28e-07
31641.2 3.33355e-07
31643.3 3.3493e-07
31645.5 3.37529e-07
31647.7 3.44187e-07
31649.8 3.51415e-07
31652 3.54679e-07
31654.2 3.55503e-07
31656.3 3.59071e-07
31658.5 3.66096e-07
31660.7 3.71709e-07
31662.9 3.73101e-07
31665 3.73916e-07
31667.2 3.7853e-07
31669.4 3.85194e-07
31671.5 3.88783e-07
31673.7 3.88833e-07
31675.9 3.90258e-07
31678 3.9564e-07
31680.2 4.01189e-07
31682.4 4.0269e-07
31684.5 4.0211e-07
31686.7 4.04503e-07
31688.9 4.10086e-07
31691 4.13906e-07
31693.2 4.13612e-07
31695.4 4.13133e-07
31697.5 4.16509e-07
31699.7 4.21562e-07
31701.9 4.2332e-07
31704.1 4.21812e-07
31706.2 4.22013e-07
31708.4 4.26041e-07
31710.6 4.29842e-07
31712.7 4.29555e-07
31714.9 4.27562e-07
31717.1 4.28742e-07
31719.2 4.32825e-07
31721.4 4.34822e-07
31723.6 4.32854e-07
31725.7 4.31088e-07
31727.9 4.33199e-07
31730.1 4.36613e-07
31732.2 4.3655e-07
31734.4 4.33521e-07
31736.6 4.32517e-07
31738.7 4.35181e-07
31740.9 4.37239e-07
31743.1 4.35213e-07
31745.2 4.31863e-07
31747.4 4.31859e-07
31749.6 4.34455e-07
31751.8 4.34672e-07
31753.9 4.31107e-07
31756.1 4.28126e-07
31758.3 4.29013e-07
31760.4 4.30827e-07
31762.6 4.29023e-07
31764.8 4.24577e-07
31766.9 4.2245e-07
31769.1 4.23804e-07
31771.3 4.24194e-07
31773.4 4.20541e-07
31775.6 4.15956e-07
31777.8 4.14857e-07
31779.9 4.16043e-07
31782.1 4.14587e-07
31784.3 4.09567e-07
31786.4 4.05503e-07
31788.6 4.05265e-07
31790.8 4.05584e-07
31792.9 4.02182e-07
31795.1 3.96482e-07
31797.3 3.93368e-07
31799.5 3.93543e-07
31801.8 3.92143e-07
31804 3.86594e-07
31806.3 3.81077e-07
31808.5 3.7957e-07
31810.8 3.7923e-07
31813 3.75133e-07
31815.3 3.68469e-07
31817.5 3.64558e-07
31819.7 3.63999e-07
31822 3.61678e-07
31824.2 3.55285e-07
31826.5 3.49156e-07
31828.7 3.47056e-07
31831 3.45916e-07
31833.2 3.4095e-07
31835.5 3.33619e-07
31837.7 3.29198e-07
31840 3.28e-07
31842.2 3.24858e-07
31844.5 3.17734e-07
31846.7 3.11105e-07
31848.9 3.08513e-07
31851.2 3.06675e-07
31853.4 3.00954e-07
31855.7 2.93076e-07
31857.9 2.88256e-07
31860.2 2.86521e-07
31862.4 2.82672e-07
31864.7 2.74941e-07
31866.9 2.67932e-07
31869.2 2.64959e-07
31871.4 2.62534e-07
31873.7 2.5618e-07
31875.9 2.47883e-07
31878.1 2.42783e-07
31880.4 2.40625e-07
31882.6 2.36188e-07
31884.9 2.27981e-07
31887.1 2.20719e-07
31889.4 2.1748e-07
31891.6 2.14585e-07
31893.9 2.07729e-07
31896.1 1.99146e-07
31898.4 1.93888e-07
31900.6 1.91422e-07
31902.8 1.86524e-07
31905.1 1.77975e-07
31907.3 1.70591e-07
31909.6 1.67204e-07
31911.8 1.6396e-07
31914.1 1.56735e-07
31916.3 1.48001e-07
31918.6 1.42709e-07
31920.8 1.40054e-07
31923.1 1.3482e-07
31925.3 1.26066e-07
31927.6 1.18689e-07
31929.8 1.15275e-07
31932 1.11802e-07
31934.3 1.04339e-07
31936.5 9.55879e-08
31938.8 9.03854e-08
31941 8.76573e-08
31943.3 8.22137e-08
31945.5 7.33889e-08
31947.8 6.61468e-08
31950 6.28208e-08
31952.3 5.92371e-08
31954.5 5.16662e-08
31956.8 4.30291e-08
31959 3.80345e-08
31961.2 3.53464e-08
31963.5 2.98147e-08
31965.7 2.10485e-08
31968 1.40638e-08
31970.2 1.09371e-08
31972.5 7.35594e-09
31974.7 -1.98668e-10
31977 -8.59711e-09
31979.2 -1.32714e-08
31981.5 -1.5813e-08
31983.7 -2.13171e-08
31986 -2.99015e-08
31988.2 -3.65133e-08
31990.4 -3.93371e-08
31992.7 -4.28095e-08
31994.9 -5.02307e-08
31997.2 -5.82737e-08
31999.4 -6.25234e-08
32001.7 -6.48196e-08
32003.9 -7.01884e-08
32006.2 -7.84764e-08
32008.4 -8.46091e-08
32010.7 -8.70351e-08
32012.9 -9.03011e-08
32015.2 -9.74806e-08
32017.4 -1.05061e-07
32019.6 -1.08792e-07
32021.9 -1.10753e-07
32024.1 -1.15888e-07
32026.4 -1.23775e-07
32028.6 -1.29333e-07
32030.9 -1.31277e-07
32033.1 -1.34249e-07
32035.4 -1.41089e-07
32037.6 -1.48111e-07
32039.9 -1.51239e-07
32042.1 -1.52788e-07
32044.3 -1.57601e-07
32046.6 -1.64994e-07
32048.8 -1.69893e-07
32051.1 -1.71282e-07
32053.3 -1.73884e-07
32055.6 -1.80298e-07
32057.8 -1.86678e-07
32060.1 -1.89133e-07
32062.3 -1.90202e-07
32064.6 -1.94619e-07
32066.8 -2.01437e-07
32069.1 -2.05607e-07
32071.3 -2.0638e-07
32073.5 -2.08548e-07
32075.8 -2.14464e-07
32078 -2.20131e-07
32080.3 -2.21856e-07
32082.5 -2.22392e-07
32084.8 -2.26351e-07
32087 -2.32528e-07
32089.3 -2.35911e-07
32091.5 -2.36023e-07
32093.8 -2.37708e-07
32096 -2.43066e-07
32098.3 -2.47965e-07
32100.5 -2.48918e-07
32102.7 -2.48882e-07
32105 -2.52333e-07
32107.2 -2.57817e-07
32109.5 -2.60373e-07
32111.7 -2.59793e-07
32114 -2.60957e-07
32116.2 -2.65715e-07
32118.5 -2.69806e-07
32120.7 -2.69958e-07
32123 -2.69326e-07
32125.2 -2.72237e-07
32127.5 -2.76992e-07
32129.7 -2.78696e-07
32131.9 -2.77406e-07
32134.2 -2.7803e-07
32136.4 -2.82157e-07
32138.7 -2.85417e-07
32140.9 -2.84757e-07
32143.2 -2.83519e-07
32145.4 -2.85873e-07
32147.7 -2.89878e-07
32149.9 -2.90719e-07
32152.2 -2.8872e-07
32154.4 -2.88799e-07
32156.7 -2.92282e-07
32158.9 -2.94702e-07
32161.1 -2.93235e-07
32163.4 -2.91397e-07
32165.6 -2.93189e-07
32167.9 -2.9644e-07
32170.1 -2.96426e-07
32172.4 -2.93732e-07
32174.6 -2.93273e-07
32176.9 -2.96114e-07
32179.1 -2.97702e-07
32181.4 -2.95447e-07
32183.6 -2.9303e-07
32185.8 -2.94271e-07
32188.1 -2.96778e-07
32190.3 -2.9593e-07
32192.6 -2.9257e-07
32194.8 -2.91596e-07
32197.1 -2.93811e-07
32199.3 -2.94589e-07
32201.6 -2.9158e-07
32203.8 -2.88616e-07
32206.1 -2.89332e-07
32208.3 -2.91119e-07
32210.6 -2.89472e-07
32212.8 -2.85487e-07
32215 -2.84034e-07
32217.3 -2.85651e-07
32219.5 -2.85654e-07
32221.8 -2.81938e-07
32224 -2.78473e-07
32226.3 -2.787e-07
32228.5 -2.79804e-07
32230.8 -2.77405e-07
32233 -2.72849e-07
32235.3 -2.70963e-07
32237.5 -2.72022e-07
32239.8 -2.71298e-07
32242 -2.66931e-07
32244.2 -2.63022e-07
32246.5 -2.62807e-07
32248.7 -2.63273e-07
32251 -2.60181e-07
32253.2 -2.55118e-07
32255.5 -2.52855e-07
32257.7 -2.53405e-07
32260 -2.52011e-07
32262.2 -2.47062e-07
32264.5 -2.42774e-07
32266.7 -2.42171e-07
32269 -2.42057e-07
32271.2 -2.3834e-07
32273.4 -2.32842e-07
32275.7 -2.30264e-07
32277.9 -2.30364e-07
32280.2 -2.28366e-07
32282.4 -2.2291e-07
32284.7 -2.18314e-07
32286.9 -2.17387e-07
32289.2 -2.16757e-07
32291.4 -2.1249e-07
32293.7 -2.06636e-07
32295.9 -2.03814e-07
32298.2 -2.03529e-07
32300.4 -2.00999e-07
32302.6 -1.95118e-07
32304.9 -1.90293e-07
32307.1 -1.8911e-07
32309.4 -1.88034e-07
32311.6 -1.83299e-07
32313.9 -1.77173e-07
32316.1 -1.74183e-07
32318.4 -1.73581e-07
32320.6 -1.70598e-07
32322.9 -1.64379e-07
32325.1 -1.59408e-07
32327.4 -1.58042e-07
32329.6 -1.56595e-07
32331.8 -1.51477e-07
32334.1 -1.45167e-07
32336.3 -1.42087e-07
32338.6 -1.41244e-07
32340.8 -1.37889e-07
32343.1 -1.31423e-07
32345.3 -1.2639e-07
32347.6 -1.24917e-07
32349.8 -1.23177e-07
32352.1 -1.17765e-07
32354.3 -1.11362e-07
32356.5 -1.08272e-07
32358.8 -1.07262e-07
32361 -1.0362e-07
32363.3 -9.69995e-08
32365.5 -9.1992e-08
32367.8 -9.04873e-08
32370 -8.85332e-08
32372.3 -8.29178e-08
32374.5 -7.65132e-08
32376.8 -7.34939e-08
32379 -7.23929e-08
32381.3 -6.85492e-08
32383.5 -6.1866e-08
32385.7 -5.69691e-08
32388 -5.5509e-08
32390.2 -5.342e-08
32392.5 -4.76905e-08
32394.7 -4.13735e-08
32397 -3.85036e-08
32399.2 -3.73864e-08
32401.5 -3.34242e-08
32403.7 -2.67687e-08
32406 -2.20656e-08
32408.2 -2.07236e-08
32410.5 -1.85763e-08
32412.7 -1.28197e-08
32414.9 -6.67668e-09
32417.2 -4.03163e-09
32419.4 -2.96962e-09
32421.7 1.03063e-09
32423.9 7.57177e-09
32426.2 1.20023e-08
32428.4 1.31569e-08
32430.7 1.52897e-08
32432.9 2.09909e-08
32435.2 2.68783e-08
32437.4 2.92283e-08
32439.7 3.01685e-08
32441.9 3.41314e-08
32444.1 4.04771e-08
32446.4 4.4562e-08
32448.6 4.54658e-08
32450.9 4.7517e-08
32453.1 5.3086e-08
32455.4 5.86429e-08
32457.6 6.06341e-08
32459.9 6.13923e-08
32462.1 6.52487e-08
32464.4 7.13248e-08
32466.6 7.49985e-08
32468.9 7.55951e-08
32471.1 7.75044e-08
32473.3 8.28718e-08
32475.6 8.8031e-08
32477.8 8.96078e-08
32480.1 9.01313e-08
32482.3 9.38196e-08
32484.6 9.95603e-08
32486.8 1.02766e-07
32489.1 1.03007e-07
32491.3 1.04722e-07
32493.6 1.09827e-07
32495.8 1.1453e-07
32498 1.15645e-07
32500.3 1.1589e-07
32502.5 1.19357e-07
32504.8 1.24705e-07
32507 1.27395e-07
32509.3 1.27242e-07
32511.5 1.28719e-07
32513.8 1.33508e-07
32516 1.37707e-07
32518.3 1.38324e-07
32520.5 1.38254e-07
32522.8 1.41456e-07
32525 1.46365e-07
32527.2 1.485e-07
32529.5 1.47923e-07
32531.7 1.49127e-07
32534 1.5356e-07
32536.2 1.57215e-07
32538.5 1.57306e-07
32540.7 1.56895e-07
32543 1.59798e-07
32545.2 1.64229e-07
32547.5 1.65782e-07
32549.7 1.6476e-07
32552 1.65667e-07
32554.2 1.69709e-07
32556.4 1.72793e-07
32558.7 1.72339e-07
32560.9 1.71572e-07
32563.2 1.74148e-07
32565.4 1.78075e-07
32567.7 1.79029e-07
32569.9 1.77552e-07
32572.2 1.78144e-07
32574.4 1.81772e-07
32576.7 1.84266e-07
32578.9 1.8326e-07
32581.2 1.82128e-07
32583.4 1.84364e-07
32585.6 1.87768e-07
32587.9 1.88115e-07
32590.1 1.86182e-07
32592.4 1.86452e-07
32594.6 1.89654e-07
32596.9 1.91549e-07
32599.1 1.89993e-07
32601.4 1.88499e-07
32603.6 1.90386e-07
32605.9 1.93261e-07
32608.1 1.93002e-07
32610.4 1.90621e-07
32612.6 1.90573e-07
32614.8 1.93342e-07
32617.1 1.94642e-07
32619.3 1.92548e-07
32621.6 1.90701e-07
32623.8 1.92242e-07
32626.1 1.9459e-07
32628.3 1.93739e-07
32630.6 1.90927e-07
32632.8 1.90571e-07
32635.1 1.92914e-07
32637.3 1.93628e-07
32639.5 1.91017e-07
32641.8 1.88838e-07
32644 1.90045e-07
32646.3 1.91876e-07
32648.5 1.90454e-07
32650.8 1.87239e-07
32653 1.86594e-07
32655.3 1.88524e-07
32657.5 1.88674e-07
32659.8 1.85577e-07
32662 1.83094e-07
32664.3 1.83985e-07
32666.5 1.85321e-07
32668.7 1.83359e-07
32671 1.79775e-07
32673.2 1.78868e-07
32675.5 1.80408e-07
32677.7 1.80024e-07
32680 1.76478e-07
32682.2 1.73726e-07
32684.5 1.7433e-07
32686.7 1.75198e-07
32689 1.72735e-07
32691.2 1.68824e-07
32693.5 1.67691e-07
32695.7 1.6887e-07
32697.9 1.67988e-07
32700.2 1.6404e-07
32702.4 1.61062e-07
32704.7 1.61411e-07
32706.9 1.61848e-07
32709.2 1.5893e-07
32711.4 1.54742e-07
32713.7 1.53421e-07
32715.9 1.54276e-07
32718.2 1.5294e-07
32720.4 1.48642e-07
32722.7 1.45485e-07
32724.9 1.4562e-07
32727.1 1.45666e-07
32729.4 1.42345e-07
32731.6 1.37933e-07
32733.9 1.36471e-07
32736.1 1.37042e-07
32738.4 1.35302e-07
32740.6 1.3071e-07
32742.9 1.27427e-07
32745.1 1.2739e-07
32747.4 1.27092e-07
32749.6 1.23424e-07
32751.9 1.18846e-07
32754.1 1.17292e-07
32756.3 1.17624e-07
32758.6 1.15532e-07
32760.8 1.10707e-07
32763.1 1.07353e-07
32765.3 1.07191e-07
32767.6 1.06598e-07
32769.8 1.02642e-07
32772.1 9.79585e-08
32774.3 9.63626e-08
32776.6 9.65027e-08
32778.8 9.41148e-08
32781 8.91195e-08
32783.3 8.57516e-08
32785.5 8.55121e-08
32787.8 8.46754e-08
32790 8.04928e-08
32792.3 7.57651e-08
32794.5 7.41795e-08
32796.8 7.41761e-08
32799 7.1549e-08
32801.3 6.64466e-08
32803.5 6.31214e-08
32805.8 6.28535e-08
32808 6.18249e-08
32810.2 5.74771e-08
32812.5 5.27668e-08
32814.7 5.12432e-08
32817 5.11447e-08
32819.2 4.83355e-08
32821.5 4.3189e-08
32823.7 3.9963e-08
32826 3.97146e-08
32828.2 3.85457e-08
32830.5 3.40939e-08
32832.7 2.94613e-08
32835 2.80501e-08
32837.2 2.7904e-08
32839.4 2.4969e-08
32841.7 1.98401e-08
32843.9 1.67679e-08
32846.2 1.65854e-08
32848.4 1.53266e-08
32850.7 1.08302e-08
32852.9 6.33361e-09
32855.2 5.08324e-09
32857.4 4.93538e-09
32859.7 1.92879e-09
32861.9 -3.12312e-09
32864.2 -5.98942e-09
32866.4 -6.06206e-09
32868.6 -7.36252e-09
32870.9 -1.18464e-08
32873.1 -1.61517e-08
32875.4 -1.71959e-08
32877.6 -1.73024e-08
32879.9 -2.03288e-08
32882.1 -2.52475e-08
32884.4 -2.78594e-08
32886.6 -2.77813e-08
32888.9 -2.90782e-08
32891.1 -3.34959e-08
32893.4 -3.75583e-08
32895.6 -3.83549e-08
32897.8 -3.83802e-08
32900.1 -4.13781e-08
32902.3 -4.61114e-08
32904.6 -4.84247e-08
32906.8 -4.8159e-08
32909.1 -4.94109e-08
32911.3 -5.37127e-08
32913.6 -5.74856e-08
32915.8 -5.79975e-08
32918.1 -5.79063e-08
32920.3 -6.08316e-08
32922.6 -6.53321e-08
32924.8 -6.73078e-08
32927 -6.68225e-08
32929.3 -6.79925e-08
32931.5 -7.21338e-08
32933.8 -7.55757e-08
32936 -7.57714e-08
32938.3 -7.55331e-08
32940.5 -7.8347e-08
32942.8 -8.2573e-08
32945 -8.41778e-08
32947.3 -8.34464e-08
32949.5 -8.45027e-08
32951.7 -8.84447e-08
32954 -9.15205e-08
32956.2 -9.13746e-08
32958.5 -9.09641e-08
32960.7 -9.36335e-08
32963 -9.75497e-08
32965.2 -9.8757e-08
32967.5 -9.7759e-08
32969.7 -9.8676e-08
32972 -1.02386e-07
32974.2 -1.05067e-07
32976.5 -1.04561e-07
32978.7 -1.0396e-07
32980.9 -1.06458e-07
32983.2 -1.10035e-07
32985.4 -1.10826e-07
32987.7 -1.09547e-07
32989.9 -1.10305e-07
32992.2 -1.13757e-07
32994.4 -1.16023e-07
32996.7 -1.15145e-07
32998.9 -1.1434e-07
33001.2 -1.16646e-07
33003.4 -1.19865e-07
33005.7 -1.20225e-07
33007.9 -1.1866e-07
33010.1 -1.19246e-07
33012.4 -1.22421e-07
33014.6 -1.24258e-07
33016.9 -1.23002e-07
33019.1 -1.21989e-07
33021.4 -1.2409e-07
33023.6 -1.26934e-07
33025.9 -1.2686e-07
33028.1 -1.25007e-07
33030.4 -1.25415e-07
33032.6 -1.28301e-07
33034.9 -1.29702e-07
33037.1 -1.28072e-07
33039.3 -1.26851e-07
33041.6 -1.28739e-07
33043.8 -1.31203e-07
33046.1 -1.30697e-07
33048.3 -1.28562e-07
33050.6 -1.28792e-07
33052.8 -1.31384e-07
33055.1 -1.3235e-07
33057.3 -1.30354e-07
33059.6 -1.28932e-07
33061.8 -1.30606e-07
33064.1 -1.32689e-07
33066.3 -1.31759e-07
33068.5 -1.29356e-07
33070.8 -1.29413e-07
33073 -1.31711e-07
33075.3 -1.32249e-07
33077.5 -1.29903e-07
33079.8 -1.28293e-07
33082 -1.29758e-07
33084.3 -1.31465e-07
33086.5 -1.30128e-07
33088.8 -1.27475e-07
33091 -1.27369e-07
33093.2 -1.2938e-07
33095.5 -1.29504e-07
33097.7 -1.26828e-07
33100 -1.25048e-07
33102.2 -1.26315e-07
33104.5 -1.27658e-07
33106.7 -1.25933e-07
33109 -1.23053e-07
33111.2 -1.22801e-07
33113.5 -1.24537e-07
33115.7 -1.24265e-07
33118 -1.21286e-07
33120.2 -1.19358e-07
33122.4 -1.20441e-07
33124.7 -1.21436e-07
33126.9 -1.1935e-07
33129.2 -1.16271e-07
33131.4 -1.15894e-07
33133.7 -1.17371e-07
33135.9 -1.16727e-07
33138.2 -1.13476e-07
33140.4 -1.11427e-07
33142.7 -1.12344e-07
33144.9 -1.13014e-07
33147.2 -1.10598e-07
33149.4 -1.07352e-07
33151.6 -1.06873e-07
33153.9 -1.08112e-07
33156.1 -1.07124e-07
33158.4 -1.03636e-07
33160.6 -1.01497e-07
33162.9 -1.02271e-07
33165.1 -1.02641e-07
33167.4 -9.99284e-08
33169.6 -9.65521e-08
33171.9 -9.59987e-08
33174.1 -9.70227e-08
33176.4 -9.57236e-08
33178.6 -9.20374e-08
33180.8 -8.98406e-08
33183.1 -9.04981e-08
33185.3 -9.05961e-08
33187.6 -8.76259e-08
33189.8 -8.41573e-08
33192.1 -8.35595e-08
33194.3 -8.43964e-08
33196.6 -8.28209e-08
33198.8 -7.89774e-08
33201.1 -7.67588e-08
33203.3 -7.73277e-08
33205.6 -7.71857e-08
33207.8 -7.39984e-08
33210 -7.04781e-08
33212.3 -6.98679e-08
33214.5 -7.0547e-08
33216.8 -6.87325e-08
33219 -6.4775e-08
33221.3 -6.25719e-08
33223.5 -6.30819e-08
33225.8 -6.27335e-08
33228 -5.93715e-08
33230.3 -5.58415e-08
33232.5 -5.52519e-08
33234.7 -5.58041e-08
33237 -5.37897e-08
33239.2 -4.97623e-08
33241.5 -4.76128e-08
33243.7 -4.80946e-08
33246 -4.75743e-08
33248.2 -4.4081e-08
33250.5 -4.05836e-08
33252.7 -4.00482e-08
33255 -4.05047e-08
33257.2 -3.83301e-08
33259.5 -3.42772e-08
33261.7 -3.2219e-08
33263.9 -3.27034e-08
33266.2 -3.20462e-08
33268.4 -2.84647e-08
33270.7 -2.50418e-08
33272.9 -2.45934e-08
33275.2 -2.49856e-08
33277.4 -2.26899e-08
33279.7 -1.86552e-08
33281.9 -1.67251e-08
33284.2 -1.7242e-08
33286.4 -1.64822e-08
33288.7 -1.28549e-08
33290.9 -9.54689e-09
33293.1 -9.21706e-09
33295.4 -9.57481e-09
33297.6 -7.19638e-09
33299.9 -3.222e-09
33302.1 -1.45486e-09
33304.4 -2.03257e-09
33306.6 -1.20295e-09
33308.9 2.42959e-09
33311.1 5.58443e-09
33313.4 5.76634e-09
33315.6 5.41466e-09
33317.9 7.8395e-09
33320.1 1.17139e-08
33322.3 1.32858e-08
33324.6 1.26212e-08
33326.8 1.34898e-08
33329.1 1.70895e-08
33331.3 2.00558e-08
33333.6 2.00632e-08
33335.8 1.96917e-08
33338.1 2.21291e-08
33340.3 2.5867e-08
33342.6 2.72145e-08
33344.8 2.64398e-08
33347.1 2.73192e-08
33349.3 3.08508e-08
33351.5 3.35967e-08
33353.8 3.34063e-08
33356 3.2992e-08
33358.3 3.5411e-08
33360.5 3.89791e-08
33362.8 4.00767e-08
33365 3.9172e-08
33367.3 4.0037e-08
33369.5 4.34688e-08
33371.8 4.59662e-08
33374 4.55584e-08
33376.3 4.50813e-08
33378.5 4.74544e-08
33380.7 5.08233e-08
33383 5.16496e-08
33385.2 5.05984e-08
33387.5 5.14271e-08
33389.7 5.4731e-08
33392 5.6956e-08
33394.2 5.6315e-08
33396.5 5.57589e-08
33398.7 5.80619e-08
33401 6.12064e-08
33403.2 6.17441e-08
33405.4 6.05338e-08
33407.7 6.13078e-08
33409.9 6.44597e-08
33412.2 6.63926e-08
33414.4 6.55069e-08
33416.7 6.4859e-08
33418.9 6.70717e-08
33421.2 6.99708e-08
33423.4 7.0207e-08
33425.7 6.88289e-08
33427.9 6.95336e-08
33430.2 7.25134e-08
33432.4 7.41392e-08
33434.6 7.30014e-08
33436.9 7.22529e-08
33439.1 7.43589e-08
33441.4 7.69961e-08
33443.6 7.69226e-08
33445.9 7.53721e-08
33448.1 7.59966e-08
33450.4 7.87887e-08
33452.6 8.00969e-08
33454.9 7.87043e-08
33457.1 7.78503e-08
33459.4 7.98373e-08
33461.6 8.22006e-08
33463.8 8.1814e-08
33466.1 8.00907e-08
33468.3 8.06283e-08
33470.6 8.32212e-08
33472.8 8.42063e-08
33475.1 8.25605e-08
33477.3 8.16003e-08
33479.6 8.34602e-08
33481.8 8.55425e-08
33484.1 8.48438e-08
33486.3 8.29518e-08
33488.6 8.33998e-08
33490.8 8.57867e-08
33493 8.64479e-08
33495.3 8.45552e-08
33497.5 8.34921e-08
33499.8 8.52209e-08
33502 8.70197e-08
33504.3 8.60148e-08
33506.5 8.39623e-08
33508.8 8.4322e-08
33511 8.65003e-08
33513.3 8.68416e-08
33515.5 8.47127e-08
33517.8 8.3554e-08
33520 8.5152e-08
33522.2 8.66691e-08
33524.5 8.53686e-08
33526.7 8.31679e-08
33529 8.34445e-08
33531.2 8.54159e-08
33533.5 8.54456e-08
33535.7 8.30956e-08
33538 8.18524e-08
33540.2 8.33235e-08
33542.5 8.45652e-08
33544.7 8.29839e-08
33546.9 8.06512e-08
33549.2 8.08533e-08
33551.4 8.26234e-08
33553.7 8.23542e-08
33555.9 7.98017e-08
33558.2 7.84885e-08
33560.4 7.98404e-08
33562.7 8.08167e-08
33564.9 7.8973e-08
33567.2 7.65277e-08
33569.4 7.66674e-08
33571.7 7.82453e-08
33573.9 7.76934e-08
33576.1 7.49605e-08
33578.4 7.35948e-08
33580.6 7.4838e-08
33582.9 7.55624e-08
33585.1 7.34783e-08
33587.4 7.09428e-08
33589.6 7.10346e-08
33591.9 7.24323e-08
33594.1 7.1617e-08
33596.4 6.87287e-08
33598.6 6.73303e-08
33600.9 6.8478e-08
33603.1 6.89668e-08
33605.3 6.6667e-08
33607.6 6.40658e-08
33609.8 6.41265e-08
33612.1 6.53584e-08
33614.3 6.43019e-08
33616.6 6.12853e-08
33618.8 5.98761e-08
33621.1 6.09433e-08
33623.3 6.12152e-08
33625.6 5.87263e-08
33627.8 5.60859e-08
33630.1 5.61338e-08
33632.3 5.72165e-08
33634.5 5.59426e-08
33636.8 5.28266e-08
33639 5.14296e-08
33641.3 5.24331e-08
33643.5 5.25085e-08
33645.8 4.98589e-08
33648 4.72067e-08
33650.3 4.72614e-08
33652.5 4.82126e-08
33654.8 4.67469e-08
33657 4.35614e-08
33659.3 4.22007e-08
33661.5 4.3158e-08
33663.7 4.30585e-08
33666 4.02777e-08
33668.2 3.76421e-08
33670.5 3.77236e-08
33672.7 3.85622e-08
33675 3.69311e-08
33677.2 3.37066e-08
33679.5 3.24064e-08
33681.7 3.33358e-08
33684 3.30841e-08
33686.2 3.0202e-08
33688.4 2.76112e-08
33690.7 2.77401e-08
33692.9 2.84853e-08
33695.2 2.67159e-08
33697.4 2.34831e-08
33699.7 2.22676e-08
33701.9 2.31876e-08
33704.2 2.28063e-08
33706.4 1.98531e-08
33708.7 1.73354e-08
33710.9 1.75317e-08
33713.2 1.8203e-08
33715.4 1.63223e-08
33717.6 1.31115e-08
33719.9 1.20044e-08
33722.1 1.29331e-08
33724.4 1.24452e-08
33726.6 9.45067e-09
33728.9 7.03331e-09
33731.1 7.31654e-09
33733.4 7.93298e-09
33735.6 5.96776e-09
33737.9 2.80838e-09
33740.1 1.83242e-09
33742.4 2.78733e-09
33744.6 2.215e-09
33746.8 -7.91837e-10
33749.1 -3.0827e-09
33751.3 -2.69413e-09
33753.6 -2.11413e-09
33755.8 -4.13802e-09
33758.1 -7.21776e-09
33760.3 -8.04137e-09
33762.6 -7.0439e-09
33764.8 -7.67922e-09
33767.1 -1.06707e-08
33769.3 -1.28106e-08
33771.6 -1.22999e-08
33773.8 -1.17391e-08
33776 -1.37971e-08
33778.3 -1.67708e-08
33780.5 -1.74227e-08
33782.8 -1.63679e-08
33785 -1.70462e-08
33787.3 -1.99965e-08
33789.5 -2.1963e-08
33791.8 -2.13152e-08
33794 -2.07581e-08
33796.3 -2.28273e-08
33798.5 -2.56708e-08
33800.8 -2.61341e-08
33803 -2.50091e-08
33805.2 -2.57121e-08
33807.5 -2.85974e-08
33809.7 -3.0371e-08
33812 -2.95736e-08
33814.2 -2.90065e-08
33816.5 -3.10662e-08
33818.7 -3.3758e-08
33821 -3.39788e-08
33823.4 -3.27647e-08
33825.7 -3.37799e-08
33828 -3.67225e-08
33830.4 -3.78577e-08
33832.7 -3.66241e-08
33835 -3.66268e-08
33837.4 -3.92602e-08
33839.7 -4.12406e-08
33842 -4.04145e-08
33844.3 -3.95678e-08
33846.7 -4.14981e-08
33849 -4.40653e-08
33851.3 -4.39764e-08
33853.7 -4.2611e-08
33856 -4.35807e-08
33858.3 -4.63405e-08
33860.7 -4.71519e-08
33863 -4.56958e-08
33865.3 -4.56375e-08
33867.6 -4.81428e-08
33870 -4.98153e-08
33872.3 -4.87037e-08
33874.6 -4.7754e-08
33877 -4.95985e-08
33879.3 -5.18989e-08
33881.6 -5.14818e-08
33884 -4.99525e-08
33886.3 -5.08558e-08
33888.6 -5.34053e-08
33890.9 -5.38736e-08
33893.3 -5.21858e-08
33895.6 -5.20525e-08
33897.9 -5.44063e-08
33900.3 -5.57513e-08
33902.6 -5.43466e-08
33904.9 -5.32863e-08
33907.2 -5.5027e-08
33909.6 -5.70416e-08
33911.9 -5.62888e-08
33914.2 -5.45933e-08
33916.6 -5.54188e-08
33918.9 -5.77408e-08
33921.2 -5.78581e-08
33923.6 -5.59398e-08
33925.9 -5.57271e-08
33928.2 -5.79158e-08
33930.5 -5.89246e-08
33932.9 -5.72298e-08
33935.2 -5.60611e-08
33937.5 -5.76896e-08
33939.9 -5.94096e-08
33942.2 -5.83244e-08
33944.5 -5.64703e-08
33946.9 -5.72159e-08
33949.2 -5.93031e-08
33951.5 -5.90719e-08
33953.8 -5.69345e-08
33956.2 -5.66472e-08
33958.5 -5.86663e-08
33960.8 -5.93405e-08
33963.2 -5.73688e-08
33965.5 -5.61032e-08
33967.8 -5.76197e-08
33970.2 -5.90462e-08
33972.5 -5.76419e-08
33974.8 -5.56462e-08
33977.1 -5.63184e-08
33979.5 -5.81726e-08
33981.8 -5.76052e-08
33984.1 -5.52694e-08
33986.5 -5.49207e-08
33988.8 -5.67747e-08
33991.1 -5.71249e-08
33993.4 -5.4899e-08
33995.8 -5.35562e-08
33998.1 -5.49695e-08
34000.4 -5.61123e-08
34002.8 -5.44116e-08
34005.1 -5.22996e-08
34007.4 -5.29128e-08
34009.8 -5.4544e-08
34012.1 -5.36616e-08
34014.4 -5.11566e-08
34016.7 -5.07676e-08
34019.1 -5.24685e-08
34021.4 -5.25141e-08
34023.7 -5.00647e-08
34026.1 -4.86723e-08
34028.4 -4.99984e-08
34030.7 -5.08752e-08
34033.1 -4.89085e-08
34035.4 -4.67131e-08
34037.7 -4.72888e-08
34040 -4.87144e-08
34042.4 -4.75458e-08
34044.7 -4.49081e-08
34047 -4.45065e-08
34049.4 -4.60731e-08
34051.7 -4.58406e-08
34054 -4.32058e-08
34056.4 -4.17975e-08
34058.7 -4.30586e-08
34061 -4.36938e-08
34063.3 -4.14985e-08
34065.7 -3.92586e-08
34068 -3.98238e-08
34070.3 -4.10674e-08
34072.7 -3.96477e-08
34075 -3.69194e-08
34077.3 -3.6538e-08
34079.6 -3.79947e-08
34082 -3.75161e-08
34084.3 -3.47391e-08
34086.6 -3.33535e-08
34089 -3.45764e-08
34091.3 -3.49995e-08
34093.6 -3.26177e-08
34096 -3.03764e-08
34098.3 -3.09622e-08
34100.6 -3.20515e-08
34102.9 -3.04203e-08
34105.3 -2.76472e-08
34107.6 -2.73222e-08
34109.9 -2.86967e-08
34112.3 -2.80081e-08
34114.6 -2.51353e-08
34116.9 -2.38135e-08
34119.3 -2.50279e-08
34121.6 -2.52714e-08
34123.9 -2.27482e-08
34126.2 -2.05506e-08
34128.6 -2.11901e-08
34130.9 -2.21553e-08
34133.2 -2.03542e-08
34135.6 -1.75839e-08
34137.9 -1.73525e-08
34140.2 -1.86741e-08
34142.6 -1.78132e-08
34144.9 -1.48923e-08
34147.2 -1.36758e-08
34149.5 -1.49121e-08
34151.9 -1.50097e-08
34154.2 -1.23906e-08
34156.5 -1.02817e-08
34158.9 -1.10078e-08
34161.2 -1.18794e-08
34163.5 -9.95041e-09
34165.8 -7.22974e-09
34168.2 -7.12832e-09
34170.5 -8.42612e-09
34172.8 -7.43034e-09
34175.2 -4.50785e-09
34177.5 -3.43679e-09
34179.8 -4.72396e-09
34182.2 -4.70857e-09
34184.5 -2.03795e-09
34186.8 -6.07781e-11
34189.1 -9.04204e-10
34191.5 -1.71137e-09
34193.8 3.04989e-10
34196.1 2.93171e-09
34198.5 2.86946e-09
34200.8 1.56867e-09
34203.1 2.66373e-09
34205.5 5.54382e-09
34207.8 6.43278e-09
34210.1 5.06838e-09
34212.4 5.16615e-09
34214.8 7.84673e-09
34217.1 9.65297e-09
34219.4 8.66485e-09
34221.8 7.89571e-09
34224.1 9.96192e-09
34226.4 1.24542e-08
34228.8 1.21988e-08
34231.1 1.08715e-08
34233.4 1.20333e-08
34235.7 1.48311e-08
34238.1 1.55058e-08
34240.4 1.40419e-08
34242.7 1.41948e-08
34245.1 1.68477e-08
34247.4 1.84487e-08
34249.7 1.72932e-08
34252 1.65395e-08
34254.4 1.8622e-08
34256.7 2.09443e-08
34259 2.04715e-08
34261.4 1.90986e-08
34263.7 2.02988e-08
34266 2.29791e-08
34268.4 2.34131e-08
34270.7 2.18325e-08
34273 2.20176e-08
34275.3 2.46101e-08
34277.7 2.59772e-08
34280 2.46374e-08
34282.3 2.38813e-08
34284.7 2.59513e-08
34287 2.8074e-08
34289.3 2.73657e-08
34291.7 2.59334e-08
34294 2.71483e-08
34296.3 2.96819e-08
34298.6 2.98553e-08
34301 2.81466e-08
34303.3 2.8346e-08
34305.6 3.08511e-08
34308 3.19626e-08
34310.3 3.04279e-08
34312.6 2.96571e-08
34315 3.16914e-08
34317.3 3.35916e-08
34319.6 3.26366e-08
34321.9 3.11371e-08
34324.3 3.23489e-08
34326.6 3.47131e-08
34328.9 3.4613e-08
34331.3 3.27716e-08
34333.6 3.29734e-08
34335.9 3.53702e-08
34338.2 3.62116e-08
34340.6 3.44787e-08
34342.9 3.36872e-08
34345.2 3.56688e-08
34347.6 3.73306e-08
34349.9 3.61253e-08
34352.2 3.45576e-08
34354.6 3.57545e-08
34356.9 3.79336e-08
34359.2 3.75551e-08
34361.5 3.55834e-08
34363.9 3.5782e-08
34366.2 3.80566e-08
34368.5 3.86209e-08
34370.9 3.66939e-08
34373.2 3.58821e-08
34375.5 3.78008e-08
34377.9 3.92159e-08
34380.2 3.77643e-08
34382.5 3.61342e-08
34384.8 3.7311e-08
34387.2 3.92963e-08
34389.5 3.86419e-08
34391.8 3.65495e-08
34394.2 3.67458e-08
34396.5 3.88908e-08
34398.8 3.91787e-08
34401.1 3.7069e-08
34403.5 3.6244e-08
34405.8 3.80955e-08
34408.1 3.92627e-08
34410.5 3.75763e-08
34412.8 3.58962e-08
34415.1 3.70536e-08
34417.5 3.88431e-08
34419.8 3.79228e-08
34422.1 3.57259e-08
34424.4 3.59265e-08
34426.8 3.7941e-08
34429.1 3.79598e-08
34431.4 3.56856e-08
34433.8 3.48602e-08
34436.1 3.66463e-08
34438.4 3.75708e-08
34440.8 3.56675e-08
34443.1 3.39555e-08
34445.4 3.50999e-08
34447.7 3.66975e-08
34450.1 3.55273e-08
34452.4 3.3248e-08
34454.7 3.34648e-08
34457.1 3.5353e-08
34459.4 3.51162e-08
34461.7 3.27012e-08
34464.1 3.18932e-08
34466.4 3.36206e-08
34468.7 3.43131e-08
34471 3.22162e-08
34473.4 3.04954e-08
34475.7 3.16375e-08
34478 3.30521e-08
34480.4 3.16533e-08
34482.7 2.93182e-08
34485 2.95674e-08
34487.3 3.13381e-08
34489.7 3.08637e-08
34492 2.83362e-08
34494.3 2.75673e-08
34496.7 2.92466e-08
34499 2.9722e-08
34501.3 2.74592e-08
34503.7 2.57563e-08
34506 2.69104e-08
34508.3 2.81549e-08
34510.6 2.65527e-08
34513 2.41918e-08
34515.3 2.44926e-08
34517.6 2.61581e-08
34520 2.5468e-08
34522.3 2.28595e-08
34524.6 2.21542e-08
34527 2.37991e-08
34529.3 2.40758e-08
34531.6 2.16779e-08
34533.9 2.00219e-08
34536.3 2.12049e-08
34538.6 2.2295e-08
34540.9 2.05176e-08
34543.3 1.81634e-08
34545.6 1.8537e-08
34547.9 2.0112e-08
34550.3 1.92309e-08
34552.6 1.65749e-08
34554.9 1.59593e-08
34557.2 1.75854e-08
34559.6 1.76844e-08
34561.9 1.51839e-08
34564.2 1.36054e-08
34566.6 1.48356e-08
34568.9 1.57892e-08
34571.2 1.38667e-08
34573.5 1.15526e-08
34575.9 1.20213e-08
34578.2 1.35221e-08
34580.5 1.24763e-08
34582.9 9.80735e-09
34585.2 9.30812e-09
34587.5 1.0932e-08
34589.9 1.08755e-08
34592.2 8.30619e-09
34594.5 6.83577e-09
34596.8 8.1317e-09
34599.2 8.96779e-09
34601.5 6.93104e-09
34603.8 4.69036e-09
34606.2 5.27606e-09
34608.5 6.7197e-09
34610.8 5.53604e-09
34613.2 2.88843e-09
34615.5 2.53144e-09
34617.8 4.1697e-09
34620.1 3.98031e-09
34622.5 1.37536e-09
34624.8 4.24573e-11
34627.1 1.42207e-09
34629.5 2.15943e-09
34631.8 3.88406e-11
34634.1 -2.09645e-09
34636.5 -1.37317e-09
34638.8 2.94028e-11
34641.1 -1.2657e-09
34643.4 -3.85919e-09
34645.8 -4.05011e-09
34648.1 -2.38236e-09
34650.4 -2.6828e-09
34652.8 -5.29165e-09
34655.1 -6.46001e-09
34657.4 -4.98097e-09
34659.7 -4.3248e-09
34662.1 -6.50035e-09
34664.4 -8.50092e-09
34666.7 -7.62234e-09
34669.1 -6.24654e-09
34671.4 -7.62838e-09
34673.7 -1.01376e-08
34676.1 -1.01419e-08
34678.4 -8.43213e-09
34680.7 -8.82372e-09
34683 -1.14074e-08
34685.4 -1.23877e-08
34687.7 -1.07968e-08
34690 -1.02066e-08
34692.4 -1.24108e-08
34694.7 -1.4251e-08
34697 -1.32032e-08
34699.4 -1.18428e-08
34701.7 -1.32893e-08
34704 -1.56877e-08
34706.3 -1.54891e-08
34708.7 -1.37282e-08
34711 -1.41939e-08
34713.3 -1.67266e-08
34715.7 -1.75e-08
34718 -1.57888e-08
34720.3 -1.52525e-08
34722.7 -1.74623e-08
34725 -1.91208e-08
34727.3 -1.78945e-08
34729.6 -1.65416e-08
34732 -1.80339e-08
34734.3 -2.02992e-08
34736.6 -1.98861e-08
34739 -1.80692e-08
34741.3 -1.85952e-08
34743.6 -2.10553e-08
34745.9 -2.16074e-08
34748.3 -1.97721e-08
34750.6 -1.92814e-08
34752.9 -2.14774e-08
34755.3 -2.29377e-08
34757.6 -2.15283e-08
34759.9 -2.01792e-08
34762.3 -2.17021e-08
34764.6 -2.38163e-08
34766.9 -2.31823e-08
34769.2 -2.13088e-08
34771.6 -2.18852e-08
34773.9 -2.42551e-08
34776.2 -2.45767e-08
34778.6 -2.26182e-08
34780.9 -2.21684e-08
34783.2 -2.43355e-08
34785.6 -2.55857e-08
34787.9 -2.39938e-08
34790.2 -2.26488e-08
34792.5 -2.41909e-08
34794.9 -2.61407e-08
34797.2 -2.52843e-08
34799.5 -2.33582e-08
34801.9 -2.39788e-08
34804.2 -2.62451e-08
34806.5 -2.63321e-08
34808.9 -2.4256e-08
34811.2 -2.38466e-08
34813.5 -2.59733e-08
34815.8 -2.70066e-08
34818.2 -2.52375e-08
34820.5 -2.39012e-08
34822.8 -2.5455e-08
34825.2 -2.72316e-08
34827.5 -2.61563e-08
34829.8 -2.41859e-08
34832.1 -2.48483e-08
34834.5 -2.70021e-08
34836.8 -2.68551e-08
34839.1 -2.46717e-08
34841.5 -2.4306e-08
34843.8 -2.6385e-08
34846.1 -2.71991e-08
34848.5 -2.5263e-08
34850.8 -2.39439e-08
34853.1 -2.55058e-08
34855.4 -2.71049e-08
34857.8 -2.5819e-08
34859.9 -2.39297e-08
34862 -2.41445e-08
34864.1 -2.60468e-08
34866.1 -2.67267e-08
34868.3 -2.4953e-08
34870.6 -2.33537e-08
34872.8 -2.43618e-08
34875 -2.61911e-08
34877.2 -2.57237e-08
34879.4 -2.35424e-08
34881.6 -2.2985e-08
34883.8 -2.47556e-08
34886 -2.57928e-08
34888.2 -2.42138e-08
34890.4 -2.23505e-08
34892.6 -2.29814e-08
34894.8 -2.48485e-08
34897 -2.4693e-08
34899.2 -2.25153e-08
34901.4 -2.15699e-08
34903.6 -2.31103e-08
34905.8 -2.43698e-08
34908.1 -2.30311e-08
34910.3 -2.09638e-08
34912.5 -2.12026e-08
34914.7 -2.30495e-08
34916.9 -2.32058e-08
34919.1 -2.10976e-08
34921.3 -1.97977e-08
34923.5 -2.10631e-08
34925.7 -2.25027e-08
34927.9 -2.14408e-08
34930.1 -1.92344e-08
34932.3 -1.90782e-08
34934.5 -2.08478e-08
34936.7 -2.13058e-08
34938.9 -1.93291e-08
34941.1 -1.77179e-08
34943.3 -1.86723e-08
34945.6 -2.02442e-08
34947.8 -1.94862e-08
34950 -1.72084e-08
34952.2 -1.66658e-08
34954.4 -1.83037e-08
34956.6 -1.90435e-08
34958.8 -1.7255e-08
34961 -1.53841e-08
34963.2 -1.6001e-08
34965.4 -1.76536e-08
34967.6 -1.72164e-08
34969.8 -1.49354e-08
34972 -1.40264e-08
34974.2 -1.54825e-08
34976.4 -1.64756e-08
34978.6 -1.49247e-08
34980.8 -1.28523e-08
34983 -1.31154e-08
34985.3 -1.47951e-08
34987.5 -1.4685e-08
34989.7 -1.24676e-08
34991.9 -1.12224e-08
34994.1 -1.24528e-08
34996.3 -1.36629e-08
34998.5 -1.23905e-08
35000.7 -1.01796e-08
35002.9 -1.00833e-08
35005.1 -1.17362e-08
35007.3 -1.19491e-08
35009.5 -9.85869e-09
35011.7 -8.31688e-09
35013.9 -9.28448e-09
35016.1 -1.0669e-08
35018.3 -9.70692e-09
35020.5 -7.4232e-09
35022.8 -6.97232e-09
35025 -8.54582e-09
35027.2 -9.06782e-09
35029.4 -7.16256e-09
35031.6 -5.37163e-09
35033.8 -6.04776e-09
35036 -7.5594e-09
35038.2 -6.92901e-09
35040.4 -4.63912e-09
35042.6 -3.84891e-09
35044.8 -5.29332e-09
35047 -6.10108e-09
35049.2 -4.43254e-09
35051.4 -2.44647e-09
35053.6 -2.81134e-09
35055.8 -4.39938e-09
35058 -4.1118e-09
35060.3 -1.88139e-09
35062.5 -7.76718e-10
35064.7 -2.04682e-09
35066.9 -3.10873e-09
35069.1 -1.72054e-09
35071.3 4.01807e-10
35073.5 3.58602e-10
35075.7 -1.25355e-09
35077.9 -1.30941e-09
35080.1 7.98731e-10
35082.3 2.18407e-09
35084.5 1.12777e-09
35086.7 -1.49497e-10
35088.9 9.23762e-10
35091.1 3.12032e-09
35093.3 3.39952e-09
35095.5 1.81565e-09
35097.7 1.42593e-09
35100 3.35345e-09
35102.2 4.97778e-09
35104.4 4.16798e-09
35106.6 2.72004e-09
35108.8 3.45351e-09
35111 5.66076e-09
35113.2 6.25351e-09
35115.4 4.74882e-09
35117.6 4.0446e-09
35119.8 5.73919e-09
35122 7.55419e-09
35124.2 7.01577e-09
35126.4 5.44633e-09
35128.6 5.8255e-09
35130.8 7.9803e-09
35133 8.86845e-09
35135.2 7.49077e-09
35137.5 6.50048e-09
35139.7 7.91724e-09
35141.9 9.86929e-09
35144.1 9.61872e-09
35146.3 7.97997e-09
35148.5 8.00093e-09
35150.7 1.00422e-08
35152.9 1.11988e-08
35155.1 9.99162e-09
35157.3 8.75182e-09
35159.5 9.85442e-09
35161.7 1.18862e-08
35163.9 1.1931e-08
35166.1 1.02766e-08
35168.3 9.94601e-09
35170.5 1.18165e-08
35172.7 1.32066e-08
35175 1.22077e-08
35177.2 1.07619e-08
35179.4 1.15236e-08
35181.6 1.35758e-08
35183.8 1.39142e-08
35186 1.22974e-08
35188.2 1.16324e-08
35190.4 1.32803e-08
35192.6 1.48621e-08
35194.8 1.41022e-08
35197 1.24996e-08
35199.2 1.29042e-08
35201.4 1.4917e-08
35203.6 1.55382e-08
35205.8 1.40106e-08
35208 1.30379e-08
35210.2 1.44183e-08
35212.4 1.61441e-08
35214.7 1.56464e-08
35216.9 1.39401e-08
35219.1 1.39819e-08
35221.3 1.58971e-08
35223.5 1.67814e-08
35225.7 1.53909e-08
35227.9 1.41462e-08
35230.1 1.52226e-08
35232.3 1.70406e-08
35234.5 1.68194e-08
35236.7 1.5065e-08
35238.9 1.47492e-08
35241.1 1.65116e-08
35243.3 1.76313e-08
35245.5 1.64207e-08
35247.7 1.49474e-08
35249.9 1.56926e-08
35252.2 1.7548e-08
35254.4 1.76087e-08
35256.6 1.58623e-08
35258.8 1.52047e-08
35261 1.67643e-08
35263.2 1.80839e-08
35265.4 1.70898e-08
35267.6 1.54372e-08
35269.8 1.58342e-08
35272 1.76716e-08
35274.2 1.80104e-08
35276.4 1.63266e-08
35278.6 1.53531e-08
35280.8 1.66661e-08
35283 1.8144e-08
35285.2 1.73954e-08
35287.4 1.56176e-08
35289.7 1.56598e-08
35291.9 1.74243e-08
35294.1 1.80283e-08
35296.3 1.64589e-08
35298.5 1.52042e-08
35300.7 1.62345e-08
35302.9 1.78245e-08
35305.1 1.73419e-08
35307.3 1.54955e-08
35309.5 1.5187e-08
35311.7 1.68263e-08
35313.9 1.76743e-08
35316.1 1.62661e-08
35318.3 1.47728e-08
35320.5 1.54933e-08
35322.7 1.71456e-08
35324.9 1.69404e-08
35327.2 1.50832e-08
35329.4 1.44383e-08
35331.6 1.59043e-08
35333.8 1.69671e-08
35336 1.57611e-08
35338.2 1.4078e-08
35340.4 1.44708e-08
35342.6 1.61343e-08
35344.8 1.62089e-08
35347 1.43972e-08
35349.2 1.34401e-08
35351.4 1.46902e-08
35353.6 1.59323e-08
35355.8 1.4962e-08
35358 1.31426e-08
35360.2 1.31999e-08
35362.4 1.48233e-08
35364.6 1.5171e-08
35366.9 1.34589e-08
35369.1 1.22223e-08
35371.3 1.3221e-08
35373.5 1.46013e-08
35375.7 1.38923e-08
35377.9 1.19929e-08
35380.1 1.17169e-08
35382.3 1.32505e-08
35384.5 1.38561e-08
35386.7 1.22932e-08
35388.9 1.08177e-08
35391.1 1.1537e-08
35393.3 1.30108e-08
35395.5 1.25797e-08
35397.7 1.06581e-08
35399.9 1.00606e-08
35402.1 1.14581e-08
35404.4 1.22983e-08
35406.6 1.09286e-08
35408.8 9.26093e-09
35411 9.68187e-09
35413.2 1.12018e-08
35415.4 1.10565e-08
35417.6 9.16957e-09
35419.8 8.27182e-09
35422 9.4913e-09
35424.2 1.0536e-08
35426.4 9.39672e-09
35428.6 7.58839e-09
35430.8 7.70075e-09
35433 9.21866e-09
35435.2 9.35792e-09
35437.4 7.56064e-09
35439.6 6.39216e-09
35441.9 7.39764e-09
35444.1 8.61077e-09
35446.3 7.73137e-09
35448.5 5.83712e-09
35450.7 5.63994e-09
35452.9 7.10833e-09
35455.1 7.52226e-09
35457.3 5.86572e-09
35459.5 4.4635e-09
35461.7 5.22568e-09
35463.9 6.5665e-09
35466.1 5.96809e-09
35468.3 4.04419e-09
35470.5 3.54557e-09
35472.7 4.91885e-09
35474.9 5.58935e-09
35477.1 4.11957e-09
35479.3 2.52693e-09
35481.6 3.02396e-09
35483.8 4.44838e-09
35486 4.1432e-09
35488.2 2.24589e-09
35490.4 1.46264e-09
35492.6 2.69855e-09
35494.8 3.59997e-09
35497 2.35664e-09
35499.2 6.21782e-10
35501.4 8.39908e-10
35503.6 2.30172e-09
35505.8 2.29304e-09
35508 4.76891e-10
35510.2 -5.66062e-10
35512.4 4.94727e-10
35514.6 1.59475e-09
35516.8 6.1022e-10
35519.1 -1.2151e-09
35521.3 -1.28129e-09
35523.5 1.71102e-10
35525.7 4.53201e-10
35527.9 -1.23038e-09
35530.1 -2.50073e-09
35532.3 -1.64725e-09
35534.5 -3.8657e-10
35536.7 -1.08811e-09
35538.9 -2.95011e-09
35541.2 -3.26712e-09
35543.5 -1.79777e-09
35545.8 -1.41741e-09
35548 -3.13301e-09
35550.3 -4.35983e-09
35552.6 -3.34844e-09
35554.9 -2.17953e-09
35557.2 -3.19968e-09
35559.5 -5.00344e-09
35561.8 -4.84131e-09
35564 -3.32777e-09
35566.3 -3.38763e-09
35568.6 -5.24724e-09
35570.9 -6.0481e-09
35573.2 -4.74227e-09
35575.5 -3.88572e-09
35577.7 -5.26051e-09
35580 -6.82393e-09
35582.3 -6.20754e-09
35584.6 -4.77226e-09
35586.9 -5.27665e-09
35589.2 -7.15319e-09
35591.5 -7.48139e-09
35593.7 -5.98898e-09
35596 -5.51681e-09
35598.3 -7.15358e-09
35600.6 -8.3726e-09
35602.9 -7.35928e-09
35605.2 -6.11753e-09
35607.4 -7.0371e-09
35609.7 -8.8019e-09
35612 -8.64486e-09
35614.3 -7.08601e-09
35616.6 -7.0406e-09
35618.9 -8.82685e-09
35621.2 -9.62224e-09
35623.4 -8.29729e-09
35625.7 -7.34843e-09
35628 -8.62233e-09
35630.3 -1.01545e-08
35632.6 -9.5343e-09
35634.9 -8.03234e-09
35637.1 -8.42329e-09
35639.4 -1.02349e-08
35641.7 -1.05578e-08
35644 -9.02784e-09
35646.3 -8.44804e-09
35648.6 -9.98835e-09
35650.9 -1.11834e-08
35653.1 -1.01549e-08
35655.4 -8.82719e-09
35657.7 -9.63065e-09
35660 -1.13408e-08
35662.3 -1.11762e-08
35664.6 -9.56117e-09
35666.8 -9.39768e-09
35669.1 -1.1096e-08
35671.4 -1.18734e-08
35673.7 -1.052e-08
35676 -9.46904e-09
35678.3 -1.06295e-08
35680.6 -1.21181e-08
35682.8 -1.14855e-08
35685.1 -9.90968e-09
35687.4 -1.01775e-08
35689.7 -1.19128e-08
35692 -1.22219e-08
35694.3 -1.0649e-08
35696.5 -9.95506e-09
35698.8 -1.13895e-08
35701.1 -1.25521e-08
35703.4 -1.15039e-08
35705.7 -1.00866e-08
35708 -1.07674e-08
35710.3 -1.24151e-08
35712.5 -1.22385e-08
35714.8 -1.05658e-08
35717.1 -1.0281e-08
35719.4 -1.18853e-08
35721.7 -1.26403e-08
35724 -1.12579e-08
35726.2 -1.01047e-08
35728.5 -1.11484e-08
35730.8 -1.25895e-08
35733.1 -1.19441e-08
35735.4 -1.02967e-08
35737.7 -1.04414e-08
35740 -1.20978e-08
35742.2 -1.23926e-08
35744.5 -1.07802e-08
35746.8 -9.97547e-09
35749.1 -1.13041e-08
35751.4 -1.24339e-08
35753.7 -1.13697e-08
35755.9 -9.86861e-09
35758.2 -1.043e-08
35760.5 -1.20161e-08
35762.8 -1.18309e-08
35765.1 -1.01077e-08
35767.4 -9.7082e-09
35769.7 -1.12216e-08
35771.9 -1.19576e-08
35774.2 -1.05537e-08
35776.5 -9.30751e-09
35778.8 -1.02407e-08
35781.1 -1.16385e-08
35783.4 -1.09875e-08
35785.7 -9.27904e-09
35787.9 -9.31009e-09
35790.2 -1.08938e-08
35792.5 -1.11813e-08
35794.8 -9.54045e-09
35797.1 -8.63693e-09
35799.4 -9.86861e-09
35801.6 -1.09732e-08
35803.9 -9.90363e-09
35806.2 -8.33243e-09
35808.5 -8.78632e-09
35810.8 -1.03199e-08
35813.1 -1.01364e-08
35815.4 -8.37684e-09
35817.6 -7.87702e-09
35819.9 -9.31104e-09
35822.2 -1.00385e-08
35824.5 -8.62692e-09
35826.8 -7.30366e-09
35829.1 -8.14041e-09
35831.3 -9.50662e-09
35833.6 -8.86324e-09
35835.9 -7.11031e-09
35838.2 -7.04409e-09
35840.5 -8.56875e-09
35842.8 -8.8621e-09
35845.1 -7.209e-09
35847.3 -6.2246e-09
35849.6 -7.37519e-09
35851.9 -8.46855e-09
35854.2 -7.40929e-09
35856.5 -5.78636e-09
35858.8 -6.15062e-09
35861 -7.64713e-09
35863.3 -7.48081e-09
35865.6 -5.703e-09
35867.9 -5.1221e-09
35870.2 -6.49386e-09
35872.5 -7.22866e-09
35874.8 -5.82707e-09
35877 -4.44653e-09
35879.3 -5.20567e-09
35881.6 -6.55712e-09
35883.9 -5.93874e-09
35886.2 -4.16096e-09
35888.5 -4.01749e-09
35890.7 -5.50122e-09
35893 -5.81789e-09
35895.3 -4.17175e-09
35897.6 -3.127e-09
35899.9 -4.21593e-09
35902.2 -5.31602e-09
35904.5 -4.2859e-09
35906.7 -2.63176e-09
35909 -2.92676e-09
35911.3 -4.405e-09
35913.6 -4.27454e-09
35915.9 -2.4987e-09
35918.2 -1.85753e-09
35920.4 -3.18673e-09
35922.7 -3.94777e-09
35925 -2.57596e-09
35927.3 -1.15902e-09
35929.6 -1.86089e-09
35931.9 -3.21681e-09
35934.2 -2.643e-09
35936.4 -8.61041e-10
35938.7 -6.60976e-10
35941 -2.12339e-09
35943.3 -2.48284e-09
35945.6 -8.64019e-10
35947.9 2.20339e-10
35950.1 -8.26828e-10
35952.4 -1.95302e-09
35954.7 -9.7211e-10
35957 6.92595e-10
35959.3 4.46825e-10
35961.6 -1.03242e-09
35963.9 -9.57542e-10
35966.1 7.95874e-10
35968.4 1.4772e-09
35970.7 1.71439e-10
35973 -6.35073e-10
35975.3 6.86813e-10
35977.6 2.12006e-09
35979.8 1.45645e-09
35982.1 7.73645e-11
35984.4 5.87011e-10
35986.7 2.35309e-09
35989 2.59079e-09
35991.3 1.13159e-09
35993.6 7.10569e-10
35995.8 2.28228e-09
35998.1 3.38719e-09
36000.4 2.36414e-09
36002.7 1.19404e-09
36005 2.10662e-09
36007.3 3.76278e-09
36009.5 3.54879e-09
36011.8 2.05178e-09
36014.1 2.05301e-09
36016.4 3.76508e-09
36018.7 4.46904e-09
36021 3.17077e-09
36023.3 2.30213e-09
36025.5 3.55584e-09
36027.8 4.98772e-09
36030.1 4.34685e-09
36032.4 2.92945e-09
36034.7 3.35793e-09
36037 5.09054e-09
36039.3 5.35032e-09
36041.5 3.88039e-09
36043.8 3.38254e-09
36046.1 4.8902e-09
36048.4 5.9999e-09
36050.7 4.98772e-09
36053 3.76033e-09
36055.2 4.58897e-09
36057.5 6.22078e-09
36059.8 6.02539e-09
36062.1 4.49887e-09
36064.4 4.41283e-09
36066.7 6.06828e-09
36069 6.78144e-09
36071.2 5.47988e-09
36073.5 4.53771e-09
36075.8 5.70932e-09
36078.1 7.12618e-09
36080.4 6.49752e-09
36082.7 5.03235e-09
36084.9 5.36784e-09
36087.2 7.05376e-09
36089.5 7.32479e-09
36091.8 5.83594e-09
36094.1 5.25188e-09
36096.4 6.68349e-09
36098.7 7.78684e-09
36100.9 6.77774e-09
36103.2 5.48597e-09
36105.5 6.22079e-09
36107.8 7.81726e-09
36110.1 7.63248e-09
36112.4 6.07087e-09
36114.6 5.89026e-09
36116.9 7.4792e-09
36119.2 8.19313e-09
36121.5 6.88334e-09
36123.8 5.86279e-09
36126.1 6.94445e-09
36128.4 8.33785e-09
36130.6 7.71626e-09
36132.9 6.20032e-09
36135.2 6.43758e-09
36137.5 8.06916e-09
36139.8 8.34581e-09
36142.1 6.83588e-09
36144.3 6.16299e-09
36146.6 7.51278e-09
36148.9 8.60394e-09
36151.2 7.59569e-09
36153.5 6.23893e-09
36155.8 6.87669e-09
36158.1 8.4326e-09
36160.3 8.25561e-09
36162.6 6.65939e-09
36164.9 6.38364e-09
36167.2 7.90245e-09
36169.5 8.61394e-09
36171.8 7.29646e-09
36174 6.19919e-09
36176.3 7.18964e-09
36178.6 8.55673e-09
36180.9 7.94223e-09
36183.2 6.37839e-09
36185.5 6.51881e-09
36187.8 8.09457e-09
36190 8.37636e-09
36192.3 6.84847e-09
36194.6 6.09042e-09
36196.9 7.35905e-09
36199.2 8.43763e-09
36201.5 7.43293e-09
36203.7 6.01628e-09
36206 6.56017e-09
36208.3 8.07618e-09
36210.6 7.90913e-09
36212.9 6.28379e-09
36215.2 5.91842e-09
36217.5 7.36963e-09
36219.7 8.08078e-09
36222 6.76079e-09
36224.3 5.59384e-09
36226.6 6.49796e-09
36228.9 7.84156e-09
36231.2 7.23881e-09
36233.4 5.63473e-09
36235.7 5.68541e-09
36238 7.20973e-09
36240.3 7.50111e-09
36242.6 5.96277e-09
36244.9 5.12829e-09
36247.2 6.32223e-09
36249.4 7.39315e-09
36251.7 6.399e-09
36254 4.93194e-09
36256.3 5.39053e-09
36258.6 6.8728e-09
36260.9 6.72241e-09
36263.1 5.07748e-09
36265.4 4.63262e-09
36267.7 6.02417e-09
36270 6.74193e-09
36272.3 5.4286e-09
36274.6 4.20298e-09
36276.9 5.03057e-09
36279.1 6.35856e-09
36281.4 5.77636e-09
36283.7 4.14325e-09
36286 4.11551e-09
36288.3 5.59767e-09
36290.6 5.9075e-09
36292.9 4.36967e-09
36295.1 3.47096e-09
36297.4 4.60104e-09
36299.7 5.67378e-09
36302 4.70084e-09
36304.3 3.19591e-09
36306.6 3.58135e-09
36308.8 5.04036e-09
36311.1 4.91722e-09
36313.4 3.26512e-09
36315.7 2.75381e-09
36318 4.09737e-09
36320.3 4.83261e-09
36322.6 3.53808e-09
36324.8 2.26724e-09
36327.1 3.03101e-09
36329.4 4.3549e-09
36331.7 3.80527e-09
36334 2.15657e-09
36336.3 2.06388e-09
36338.5 3.51615e-09
36340.8 3.8565e-09
36343.1 2.33246e-09
36345.4 1.38345e-09
36347.7 2.46266e-09
36350 3.54952e-09
36352.3 2.6109e-09
36354.5 1.08214e-09
36356.8 1.40798e-09
36359.1 2.85639e-09
36361.4 2.77346e-09
36363.7 1.12818e-09
36366 5.64365e-10
36368.2 1.8729e-09
36370.5 2.63854e-09
36372.8 1.37665e-09
36375.1 7.47397e-11
36377.4 7.87992e-10
36379.7 2.12058e-09
36382 1.61712e-09
36384.2 -3.28974e-11
36386.5 -1.76953e-10
36388.8 1.25818e-09
36391.1 1.64228e-09
36393.4 1.46235e-10
36395.7 -8.39224e-10
36397.9 2.01854e-10
36400.2 1.31561e-09
36402.5 4.25221e-10
36404.8 -1.11327e-09
36407.1 -8.34144e-10
36409.4 6.15955e-10
36411.7 5.8659e-10
36413.9 -1.0377e-09
36416.2 -1.64082e-09
36418.5 -3.55349e-10
36420.8 4.5322e-10
36423.1 -7.62103e-10
36425.4 -2.08152e-09
36427.6 -1.40689e-09
36429.9 -5.3925e-11
36432.2 -4.98001e-10
36434.5 -2.13555e-09
36436.8 -2.31879e-09
36439.1 -8.89831e-10
36441.4 -4.498e-10
36443.6 -1.90422e-09
36445.9 -2.91347e-09
36448.2 -1.89981e-09
36450.5 -7.48194e-10
36452.8 -1.57746e-09
36455.1 -3.11262e-09
36457.3 -2.86929e-09
36459.6 -1.40759e-09
36461.9 -1.37172e-09
36464.2 -2.96197e-09
36466.5 -3.59292e-09
36468.8 -2.32114e-09
36471.1 -1.45948e-09
36473.3 -2.61584e-09
36475.6 -3.94072e-09
36477.9 -3.29525e-09
36480.2 -1.9131e-09
36482.5 -2.28673e-09
36484.8 -3.8996e-09
36487 -4.11197e-09
36489.3 -2.68121e-09
36491.6 -2.17594e-09
36493.9 -3.57711e-09
36496.2 -4.59939e-09
36498.5 -3.60527e-09
36500.8 -2.40816e-09
36503 -3.16602e-09
36505.3 -4.68675e-09
36507.6 -4.47079e-09
36509.9 -2.99098e-09
36512.2 -2.8815e-09
36514.5 -4.42704e-09
36516.7 -5.07663e-09
36519 -3.81234e-09
36521.3 -2.89114e-09
36523.6 -3.97925e-09
36525.9 -5.29989e-09
36528.2 -4.67693e-09
36530.5 -3.26059e-09
36532.7 -3.55645e-09
36535 -5.13522e-09
36537.3 -5.36928e-09
36539.6 -3.93226e-09
36541.9 -3.35653e-09
36544.2 -4.69626e-09
36546.5 -5.72351e-09
36548.7 -4.74421e-09
36551 -3.49808e-09
36553.3 -4.17833e-09
36555.6 -5.67669e-09
36557.9 -5.4826e-09
36560.2 -3.98198e-09
36562.4 -3.79493e-09
36564.7 -5.2889e-09
36567 -5.95091e-09
36569.3 -4.69133e-09
36571.6 -3.70853e-09
36573.9 -4.72339e-09
36576.2 -6.03351e-09
36578.4 -5.42961e-09
36580.7 -3.97808e-09
36583 -4.19345e-09
36585.3 -5.73276e-09
36587.6 -5.98429e-09
36589.9 -4.54017e-09
36592.1 -3.89333e-09
36594.4 -5.16797e-09
36596.7 -6.19575e-09
36599 -5.22987e-09
36601.3 -3.93534e-09
36603.6 -4.53655e-09
36605.9 -6.00877e-09
36608.1 -5.83439e-09
36610.4 -4.31397e-09
36612.7 -4.05e-09
36615 -5.49017e-09
36617.3 -6.1621e-09
36619.6 -4.90786e-09
36621.8 -3.86556e-09
36624.1 -4.807e-09
36626.4 -6.10456e-09
36628.7 -5.51964e-09
36631 -4.03562e-09
36633.3 -4.1724e-09
36635.6 -5.67143e-09
36637.8 -5.93994e-09
36640.1 -4.49122e-09
36642.4 -3.77669e-09
36644.7 -4.98731e-09
36647 -6.01536e-09
36649.3 -5.0648e-09
36651.5 -3.72606e-09
36653.8 -4.25123e-09
36656.1 -5.698e-09
36658.4 -5.54479e-09
36660.7 -4.00874e-09
36663 -3.6724e-09
36665.3 -5.06102e-09
36667.5 -5.74437e-09
36669.8 -4.49919e-09
36672.1 -3.40281e-09
36674.4 -4.27483e-09
36676.7 -5.56198e-09
36679 -4.99933e-09
36681.2 -3.48843e-09
36683.5 -3.55208e-09
36685.8 -5.01424e-09
36688.1 -5.30289e-09
36690.4 -3.85489e-09
36692.7 -3.07908e-09
36695 -4.23052e-09
36697.2 -5.2624e-09
36699.5 -4.33212e-09
36701.8 -2.95594e-09
36704.1 -3.41123e-09
36706.4 -4.83701e-09
36708.7 -4.70972e-09
36710.9 -3.16471e-09
36713.2 -2.76316e-09
36715.5 -4.10582e-09
36717.8 -4.80551e-09
36720.1 -3.57578e-09
36722.4 -2.43297e-09
36724.7 -3.2423e-09
36726.9 -4.52454e-09
36729.2 -3.99032e-09
36731.5 -2.46026e-09
36733.8 -2.45842e-09
36736.1 -3.89e-09
36738.4 -4.20497e-09
36740.6 -2.7653e-09
36742.9 -1.93641e-09
36745.2 -3.03584e-09
36747.5 -4.07801e-09
36749.8 -3.17541e-09
36752.1 -1.77025e-09
36754.4 -2.16363e-09
36756.6 -3.57537e-09
36758.9 -3.48131e-09
36761.2 -1.93586e-09
36763.5 -1.47763e-09
36765.8 -2.78185e-09
36768.1 -3.50522e-09
36770.3 -2.2994e-09
36772.6 -1.11911e-09
36774.9 -1.87384e-09
36777.2 -3.15865e-09
36779.5 -2.66121e-09
36781.8 -1.12118e-09
36784.1 -1.0625e-09
36786.3 -2.47125e-09
36788.6 -2.8207e-09
36790.9 -1.39863e-09
36793.2 -5.25841e-10
36795.5 -1.58137e-09
36797.8 -2.64183e-09
36800.1 -1.77607e-09
36802.3 -3.51548e-10
36804.6 -6.91577e-10
36806.9 -2.09718e-09
36809.2 -2.04523e-09
36811.5 -5.09178e-10
36813.8 -3.38374e-12
36816 -1.27714e-09
36818.3 -2.03265e-09
36820.6 -8.60536e-10
36822.9 3.47575e-10
36825.2 -3.60822e-10
36827.5 -1.65626e-09
36829.8 -1.20498e-09
36832 3.34932e-10
36834.3 4.41633e-10
36836.6 -9.52036e-10
36838.9 -1.34477e-09
36841.2 4.95786e-11
36843.5 9.56787e-10
36845.7 -6.26542e-11
36848 -1.14946e-09
36850.3 -3.3032e-10
36852.6 1.10356e-09
36854.9 8.08628e-10
36857.2 -5.98268e-10
36859.5 -5.97394e-10
36861.7 9.19039e-10
36864 1.46342e-09
36866.3 2.12904e-10
36868.6 -5.827e-10
36870.9 5.45845e-10
36873.2 1.7721e-09
36875.4 1.10251e-09
36877.7 -2.10541e-10
36880 1.85563e-10
36882.3 1.71534e-09
36884.6 1.86187e-09
36886.9 4.7676e-10
36889.2 3.29966e-11
36891.4 1.38983e-09
36893.7 2.32251e-09
36896 1.33257e-09
36898.3 2.12901e-10
36900.6 9.76565e-10
36902.9 2.41031e-09
36905.1 2.15327e-09
36907.4 7.39343e-10
36909.7 6.81678e-10
36912 2.16911e-09
36914.3 2.74404e-09
36916.6 1.5112e-09
36918.9 6.69527e-10
36921.1 1.74596e-09
36923.4 2.98166e-09
36925.7 2.34482e-09
36928 1.00926e-09
36930.3 1.34311e-09
36932.6 2.85399e-09
36934.8 3.03344e-09
36937.1 1.65242e-09
36939.4 1.15222e-09
36941.7 2.46354e-09
36944 3.41394e-09
36946.3 2.4487e-09
36948.6 1.29211e-09
36950.8 1.99374e-09
36953.1 3.4194e-09
36955.4 3.19462e-09
36957.7 1.77032e-09
36960 1.6493e-09
36962.3 3.10036e-09
36964.5 3.69933e-09
36966.8 2.48068e-09
36969.1 1.5897e-09
36971.4 2.60805e-09
36973.7 3.84627e-09
36976 3.23796e-09
36978.3 1.87759e-09
36980.5 2.14501e-09
36982.8 3.63049e-09
36985.1 3.83768e-09
36987.4 2.45855e-09
36989.7 1.89948e-09
36992 3.15998e-09
36994.2 4.1224e-09
36996.5 3.17903e-09
36998.8 1.98422e-09
37001.1 2.62029e-09
37003.4 4.03236e-09
37005.7 3.83607e-09
37008 2.4004e-09
37010.2 2.21434e-09
37012.5 3.62457e-09
37014.8 4.24313e-09
37017.1 3.03722e-09
37019.4 2.09655e-09
37021.7 3.05396e-09
37024 4.29029e-09
37026.2 3.70819e-09
37028.5 2.32314e-09
37030.8 2.52312e-09
37033.1 3.97958e-09
37035.4 4.21149e-09
37037.7 2.83412e-09
37039.9 2.21656e-09
37042.2 3.42415e-09
37044.5 4.39539e-09
37046.8 3.47304e-09
37049.1 2.24115e-09
37051.4 2.8113e-09
37053.7 4.20716e-09
37055.9 4.0378e-09
37058.2 2.59185e-09
37060.5 2.34183e-09
37062.8 3.70989e-09
37065.1 4.3462e-09
37067.4 3.15357e-09
37069.6 2.16518e-09
37071.9 3.06195e-09
37074.2 4.2949e-09
37076.5 3.73888e-09
37078.8 2.33133e-09
37081.1 2.4656e-09
37083.4 3.8926e-09
37085.6 4.14873e-09
37087.9 2.77495e-09
37090.2 2.10162e-09
37092.5 3.25724e-09
37094.8 4.237e-09
37097.1 3.33693e-09
37099.3 2.07106e-09
37101.6 2.57758e-09
37103.9 3.95771e-09
37106.2 3.81616e-09
37108.5 2.36289e-09
37110.8 2.05227e-09
37113.1 3.37979e-09
37115.3 4.03477e-09
37117.6 2.85799e-09
37119.9 1.82578e-09
37122.2 2.66473e-09
37124.5 3.89574e-09
37126.8 3.36804e-09
37129 1.94195e-09
37131.3 2.01436e-09
37133.6 3.41421e-09
37135.9 3.69673e-09
37138.2 2.33029e-09
37140.5 1.60569e-09
37142.8 2.71262e-09
37145 3.70335e-09
37147.3 2.82908e-09
37149.6 1.53398e-09
37151.9 1.98107e-09
37154.2 3.3485e-09
37156.5 3.23816e-09
37158.7 1.78233e-09
37161 1.41599e-09
37163.3 2.7067e-09
37165.6 3.38383e-09
37167.9 2.22754e-09
37170.2 1.15681e-09
37172.5 1.9424e-09
37174.7 3.17522e-09
37177 2.68037e-09
37179.3 1.24127e-09
37181.6 1.2569e-09
37183.9 2.63375e-09
37186.2 2.94709e-09
37188.4 1.59356e-09
37190.7 8.23323e-10
37193 1.88621e-09
37195.3 2.89235e-09
37197.6 2.04936e-09
37199.9 7.31076e-10
37202.2 1.12392e-09
37204.4 2.48314e-09
37206.7 2.40932e-09
37209 9.57215e-10
37211.3 5.40903e-10
37213.6 1.7995e-09
37215.9 2.50383e-09
37218.1 1.37434e-09
37220.4 2.71401e-10
37222.7 1.00874e-09
37225 2.24817e-09
37227.3 1.79223e-09
37229.6 3.46839e-10
37231.9 3.11365e-10
37234.1 1.66994e-09
37236.4 2.01974e-09
37238.7 6.86014e-10
37241 -1.23527e-10
37243.3 9.00218e-10
37245.6 1.92687e-09
37247.8 1.12185e-09
37250.1 -2.127e-10
37252.4 1.31299e-10
37254.7 1.48704e-09
37257 1.45583e-09
37259.3 1.46912e-11
37261.6 -4.45459e-10
37263.8 7.85697e-10
37266.1 1.5226e-09
37268.4 4.2699e-10
37270.7 -7.01275e-10
37273 -7.1815e-12
37275.3 1.24357e-09
37277.6 8.33027e-10
37279.8 -6.11289e-10
37282.1 -6.92111e-10
37284.4 6.52537e-10
37286.7 1.04438e-09
37289 -2.62198e-10
37291.3 -1.10441e-09
37293.5 -1.15254e-10
37295.8 9.3656e-10
37298.1 1.76264e-10
37300.4 -1.16726e-09
37302.7 -8.6687e-10
37305 4.89433e-10
37307.3 5.06606e-10
37309.5 -9.16141e-10
37311.8 -1.41395e-09
37314.1 -2.06215e-10
37316.4 5.67847e-10
37318.7 -4.86955e-10
37321 -1.63356e-09
37323.2 -9.78111e-10
37325.5 2.87692e-10
37327.8 -7.15981e-11
37330.1 -1.50754e-09
37332.4 -1.62814e-09
37334.7 -2.93942e-10
37337 1.44471e-10
37339.2 -1.12805e-09
37341.5 -1.99646e-09
37343.8 -1.038e-09
37346.1 4.24109e-11
37348.4 -6.67319e-10
37350.7 -2.01284e-09
37352.9 -1.75124e-09
37355.2 -3.91444e-10
37357.5 -3.21463e-10
37359.8 -1.71911e-09
37362.1 -2.24877e-09
37364.4 -1.06129e-09
37366.7 -2.46915e-10
37368.9 -1.25518e-09
37371.2 -2.41366e-09
37373.5 -1.79286e-09
37375.8 -5.09619e-10
37378.1 -8.1337e-10
37380.4 -2.23457e-09
37382.6 -2.38997e-09
37384.9 -1.06382e-09
37387.2 -5.75969e-10
37389.5 -1.80893e-09
37391.8 -2.69779e-09
37394.1 -1.76696e-09
37396.4 -6.56066e-10
37398.6 -1.31112e-09
37400.9 -2.65283e-09
37403.2 -2.42599e-09
37405.5 -1.06106e-09
37407.8 -9.35697e-10
37410.1 -2.3031e-09
37412.3 -2.85974e-09
37414.6 -1.69042e-09
37416.9 -8.34321e-10
37419.2 -1.79223e-09
37421.5 -2.9575e-09
37423.8 -2.36837e-09
37426.1 -1.06674e-09
37428.3 -1.31269e-09
37430.6 -2.71455e-09
37432.9 -2.9009e-09
37435.2 -1.5816e-09
37437.5 -1.04335e-09
37439.8 -2.23334e-09
37442 -3.13842e-09
37444.3 -2.23331e-09
37446.6 -1.09163e-09
37448.9 -1.69009e-09
37451.2 -3.02406e-09
37453.5 -2.82923e-09
37455.8 -1.45887e-09
37458 -1.27755e-09
37460.3 -2.61179e-09
37462.6 -3.19217e-09
37464.9 -2.04014e-09
37467.2 -1.14261e-09
37469.5 -2.04862e-09
37471.7 -3.21755e-09
37474 -2.65848e-09
37476.3 -1.33896e-09
37478.6 -1.52691e-09
37480.9 -2.90707e-09
37483.2 -3.12221e-09
37485.5 -1.80993e-09
37487.7 -1.22205e-09
37490 -2.36791e-09
37492.3 -3.287e-09
37494.6 -2.40711e-09
37496.9 -1.23586e-09
37499.2 -1.77786e-09
37501.4 -3.10242e-09
37503.7 -2.93854e-09
37506 -1.56379e-09
37508.3 -1.32768e-09
37510.6 -2.62806e-09
37512.9 -3.23097e-09
37515.2 -2.09681e-09
37517.4 -1.15958e-09
37519.7 -2.01413e-09
37522 -3.18583e-09
37524.3 -2.65686e-09
37526.6 -1.32126e-09
37528.9 -1.45268e-09
37531.2 -2.81097e-09
37533.4 -3.05468e-09
37535.7 -1.75093e-09
37538 -1.11557e-09
37540.3 -2.21806e-09
37542.6 -3.15104e-09
37544.9 -2.29747e-09
37547.1 -1.09904e-09
37549.4 -1.58628e-09
37551.7 -2.90179e-09
37554 -2.76968e-09
37556.3 -1.39285e-09
37558.6 -1.10439e-09
37560.9 -2.37198e-09
37563.1 -2.99814e-09
37565.4 -1.8839e-09
37567.7 -9.09819e-10
37570 -1.7148e-09
37572.3 -2.89019e-09
37574.6 -2.39312e-09
37576.8 -1.04441e-09
37579.1 -1.12188e-09
37581.4 -2.45971e-09
37583.7 -2.73362e-09
37586 -1.44127e-09
37588.3 -7.61556e-10
37590.6 -1.82272e-09
37592.8 -2.77122e-09
37595.1 -1.94667e-09
37597.4 -7.24515e-10
37599.7 -1.15965e-09
37602 -2.46793e-09
37604.3 -2.37005e-09
37606.5 -9.94735e-10
37608.8 -6.57174e-10
37611.1 -1.89416e-09
37613.4 -2.54588e-09
37615.7 -1.45507e-09
37618 -4.47888e-10
37620.3 -1.20596e-09
37622.5 -2.38731e-09
37624.8 -1.92544e-09
37627.1 -5.67717e-10
37629.4 -5.94511e-10
37631.7 -1.91425e-09
37634 -2.22134e-09
37636.2 -9.44614e-10
37638.5 -2.24435e-10
37640.8 -1.24691e-09
37643.1 -2.21364e-09
37645.4 -1.42218e-09
37647.7 -1.80707e-10
37650 -5.66936e-10
37652.2 -1.87052e-09
37654.5 -1.81057e-09
37656.8 -4.41481e-10
37659.1 -5.86963e-11
37661.4 -1.26769e-09
37663.7 -1.94817e-09
37665.9 -8.85496e-10
37668.2 1.50196e-10
37670.5 -5.63987e-10
37672.8 -1.75405e-09
37675.1 -1.33169e-09
37677.4 2.99642e-11
37679.7 5.01239e-11
37681.9 -1.25407e-09
37684.2 -1.59801e-09
37686.5 -3.42106e-10
37688.8 4.13999e-10
37691.1 -5.72571e-10
37693.4 -1.5605e-09
37695.6 -8.06962e-10
37697.9 4.48576e-10
37700.2 1.07813e-10
37702.5 -1.19358e-09
37704.8 -1.17565e-09
37707.1 1.81696e-10
37709.4 6.05354e-10
37711.6 -5.78187e-10
37713.9 -1.29063e-09
37716.2 -2.61319e-10
37718.5 7.97726e-10
37720.8 1.24342e-10
37723.1 -1.07692e-09
37725.3 -6.98519e-10
37727.6 6.61453e-10
37729.9 7.24586e-10
37732.2 -5.66334e-10
37734.5 -9.50538e-10
37736.8 2.79075e-10
37739.1 1.06616e-09
37741.3 1.1282e-10
37743.6 -8.98781e-10
37745.9 -1.87875e-10
37748.2 1.07618e-09
37750.5 7.77379e-10
37752.8 -5.2385e-10
37755 -5.51514e-10
37757.3 7.88513e-10
37759.6 1.24852e-09
37761.9 8.82418e-11
37764.2 -6.58607e-10
37766.5 3.32455e-10
37768.8 1.40954e-09
37771 7.74008e-10
37773.3 -4.40221e-10
37775.6 -1.09494e-10
37777.9 1.2433e-09
37780.2 1.34541e-09
37782.5 6.60364e-11
37784.8 -3.60889e-10
37787 8.37512e-10
37789.3 1.65069e-09
37791.6 7.28244e-10
37793.9 -3.08597e-10
37796.2 3.55883e-10
37798.5 1.62323e-09
37800.7 1.36303e-09
37803 6.06782e-11
37805.3 -1.50499e-11
37807.6 1.30285e-09
37809.9 1.79489e-09
37812.2 6.56138e-10
37814.5 -1.26503e-10
37816.7 8.22535e-10
37819 1.91286e-09
37821.3 1.31251e-09
37823.6 8.44358e-11
37825.9 3.65045e-10
37828.2 1.70611e-09
37830.4 1.84355e-09
37832.7 5.74574e-10
37835 1.0369e-10
37837.3 1.26722e-09
37839.6 2.10226e-09
37841.9 1.20877e-09
37844.2 1.46141e-10
37846.4 7.61814e-10
37848.7 2.02827e-09
37851 1.80378e-09
37853.3 4.99697e-10
37855.6 3.74781e-10
37857.9 1.66711e-09
37860.1 2.18759e-09
37862.4 1.06914e-09
37864.7 2.50387e-10
37867 1.15511e-09
37869.3 2.25497e-09
37871.6 1.68775e-09
37873.9 4.45662e-10
37876.1 6.75117e-10
37878.4 2.00128e-09
37880.7 2.17125e-09
37883 9.1211e-10
37885.3 3.97145e-10
37887.6 1.52366e-09
37889.8 2.37747e-09
37892.1 1.51165e-09
37894.4 4.2346e-10
37896.7 9.89369e-10
37899 2.2522e-09
37901.3 2.06142e-09
37903.6 7.55673e-10
37905.8 5.81585e-10
37908.1 1.84642e-09
37910.4 2.39301e-09
37912.7 1.29437e-09
37915 4.40048e-10
37917.3 1.29961e-09
37919.5 2.40683e-09
37921.8 1.87156e-09
37924.1 6.1604e-10
37926.4 7.94465e-10
37928.7 2.10415e-09
37931 2.30508e-09
37933.3 1.05602e-09
37935.5 4.97745e-10
37937.8 1.58655e-09
37940.1 2.45759e-09
37942.4 1.61915e-09
37944.7 5.06417e-10
37947 1.02278e-09
37949.2 2.2808e-09
37951.5 2.12306e-09
37953.8 8.16492e-10
37956.1 5.94171e-10
37958.4 1.83102e-09
37960.7 2.40289e-09
37963 1.32457e-09
37965.2 4.36016e-10
37967.5 1.25073e-09
37969.8 2.36464e-09
37972.1 1.8615e-09
37974.4 5.93981e-10
37976.7 7.22396e-10
37978.9 2.0154e-09
37981.2 2.24725e-09
37983.5 1.00953e-09
37985.8 4.0949e-10
37988.1 1.461e-09
37990.4 2.34919e-09
37992.7 1.53915e-09
37994.9 4.03707e-10
37997.2 8.71575e-10
37999.5 2.12495e-09
38001.8 2.00098e-09
38004.1 6.95505e-10
38006.4 4.26607e-10
38008.6 1.63603e-09
38010.9 2.23374e-09
38013.2 1.17754e-09
38015.5 2.56868e-10
38017.8 1.02781e-09
38020.1 2.14895e-09
38022.4 1.6795e-09
38024.6 4.02349e-10
38026.9 4.82439e-10
38029.2 1.75947e-09
38031.5 2.02349e-09
38033.8 7.99535e-10
38036.1 1.60001e-10
38038.4 1.17528e-09
38040.6 2.08164e-09
38042.9 1.30225e-09
38045.2 1.46811e-10
38047.5 5.6782e-10
38049.8 1.81745e-09
38052.1 1.72917e-09
38054.3 4.27739e-10
38056.6 1.14512e-10
38058.9 1.29756e-09
38061.2 1.92262e-09
38063.5 8.9141e-10
38065.8 -5.84861e-11
38068.1 6.70153e-10
38070.3 1.7997e-09
38072.6 1.36646e-09
38074.9 8.30038e-11
38077.2 1.16914e-10
38079.5 1.37905e-09
38081.8 1.67723e-09
38084 4.70467e-10
38086.3 -2.0569e-10
38088.6 7.74704e-10
38090.9 1.70069e-09
38093.2 9.55082e-10
38095.5 -2.16858e-10
38097.8 1.59226e-10
38100 1.40625e-09
38102.3 1.3562e-09
38104.6 6.25992e-11
38106.9 -2.92166e-10
38109.2 8.65712e-10
38111.5 1.51993e-09
38113.7 5.17332e-10
38116 -4.58255e-10
38118.3 2.29799e-10
38120.6 1.369e-09
38122.9 9.74995e-10
38125.2 -3.10756e-10
38127.5 -3.20484e-10
38129.7 9.27831e-10
38132 1.26237e-09
38134.3 7.67625e-11
38136.6 -6.32549e-10
38138.9 3.14406e-10
38141.2 1.26142e-09
38143.4 5.53024e-10
38145.7 -6.31307e-10
38148 -2.97892e-10
38150.3 9.47536e-10
38152.6 9.38216e-10
38154.9 -3.4331e-10
38157.2 -7.36412e-10
38159.4 3.97477e-10
38161.7 1.08244e-09
38164 1.12234e-10
38166.3 -8.85003e-10
38168.6 -2.35628e-10
38170.9 9.14202e-10
38173.1 5.62283e-10
38175.4 -7.2143e-10
38177.7 -7.71922e-10
38180 4.63526e-10
38182.3 8.36208e-10
38184.6 -3.24208e-10
38186.9 -1.06289e-09
38189.1 -1.47882e-10
38191.4 8.21146e-10
38193.7 1.53112e-10
38196 -1.03932e-09
38198.3 -7.46124e-10
38200.6 4.98442e-10
38202.8 5.31874e-10
38205.1 -7.33455e-10
38207.4 -1.16143e-09
38209.7 -5.04236e-11
38212 6.66328e-10
38214.3 -2.6814e-10
38216.6 -1.28295e-09
38218.8 -6.703e-10
38221.1 4.90742e-10
38223.4 1.83133e-10
38225.7 -1.09444e-09
38228 -1.18268e-09
38230.3 4.06351e-11
38232.5 4.52601e-10
38234.8 -6.79173e-10
38237.1 -1.44345e-09
38239.4 -5.58915e-10
38241.7 4.32607e-10
38244 -1.92685e-10
38246.3 -1.38929e-09
38248.5 -1.13386e-09
38250.8 1.10277e-10
38253.1 1.87718e-10
38255.4 -1.05796e-09
38257.7 -1.51752e-09
38260 -4.28402e-10
38262.2 3.20546e-10
38264.5 -5.75704e-10
38266.8 -1.60446e-09
38269.1 -1.02663e-09
38271.4 1.45772e-10
38273.7 -1.1621e-10
38276 -1.38431e-09
38278.2 -1.50758e-09
38280.5 -2.95862e-10
38282.8 1.55787e-10
38285.1 -9.44874e-10
38287.4 -1.73158e-09
38289.7 -8.76214e-10
38292 1.3776e-10
38294.2 -4.43428e-10
38296.5 -1.64115e-09
38298.8 -1.42136e-09
38301.1 -1.7753e-10
38303.4 -5.5691e-11
38305.7 -1.27934e-09
38307.9 -1.76785e-09
38310.2 -6.99909e-10
38312.5 8.10765e-11
38314.8 -7.75563e-10
38317.1 -1.8156e-09
38319.4 -1.27114e-09
38321.7 -8.75715e-11
38323.9 -3.03496e-10
38326.2 -1.55994e-09
38328.5 -1.71623e-09
38330.8 -5.15903e-10
38333.1 -2.48279e-11
38335.4 -1.09299e-09
38337.6 -1.89994e-09
38339.9 -1.07294e-09
38342.2 -3.69883e-11
38344.5 -5.73593e-10
38346.8 -1.77052e-09
38349.1 -1.585e-09
38351.4 -3.41765e-10
38353.6 -1.7579e-10
38355.9 -1.37614e-09
38358.2 -1.89196e-09
38360.5 -8.45011e-10
38362.8 -3.26232e-11
38365.1 -8.49167e-10
38367.3 -1.89894e-09
38369.6 -1.3872e-09
38371.9 -1.93114e-10
38374.2 -3.63216e-10
38376.5 -1.6069e-09
38378.8 -1.79518e-09
38381.1 -6.06662e-10
38383.3 -7.68728e-11
38385.6 -1.11207e-09
38387.9 -1.93818e-09
38390.2 -1.13955e-09
38392.5 -8.25275e-11
38394.8 -5.74731e-10
38397 -1.77002e-09
38399.3 -1.61847e-09
38401.6 -3.76688e-10
38403.9 -1.67304e-10
38406.2 -1.34391e-09
38408.5 -1.88654e-09
38410.8 -8.61219e-10
38413 -1.85321e-11
38415.3 -7.95094e-10
38417.6 -1.8541e-09
38419.9 -1.37539e-09
38422.2 -1.72034e-10
38424.5 -2.96951e-10
38426.7 -1.52757e-09
38429 -1.74792e-09
38431.3 -5.72379e-10
38433.6 -5.02397e-12
38435.9 -1.00731e-09
38438.2 -1.85248e-09
38440.5 -1.08321e-09
38442.7 -6.61351e-12
38445 -4.5498e-10
38447.3 -1.64847e-09
38449.6 -1.53155e-09
38451.9 -2.92863e-10
38454.2 -4.1182e-11
38456.4 -1.19409e-09
38458.7 -1.76386e-09
38461 -7.61743e-10
38463.3 1.09627e-10
38465.6 -6.27388e-10
38467.9 -1.69571e-09
38470.2 -1.25134e-09
38472.4 -4.07024e-11
38474.7 -1.21487e-10
38477 -1.33908e-09
38479.3 -1.59236e-09
38481.6 -4.31885e-10
38483.9 1.71381e-10
38486.1 -7.98306e-10
38488.4 -1.66294e-09
38490.7 -9.24902e-10
38493 1.69045e-10
38495.3 -2.36322e-10
38497.6 -1.42818e-09
38499.9 -1.34729e-09
38502.1 -1.14186e-10
38504.4 1.78211e-10
38506.7 -9.51233e-10
38509 -1.54893e-09
38511.3 -5.72418e-10
38513.6 3.25326e-10
38515.8 -3.72803e-10
38518.1 -1.45078e-09
38520.4 -1.04266e-09
38522.7 1.72485e-10
38525 1.34429e-10
38527.3 -1.07032e-09
38529.6 -1.35773e-09
38531.8 -2.15157e-10
38534.1 4.2173e-10
38536.4 -5.1585e-10
38538.7 -1.40051e-09
38541 -6.96111e-10
38543.3 4.12278e-10
38545.6 4.86899e-11
38547.8 -1.14172e-09
38550.1 -1.0985e-09
38552.4 1.25867e-10
38554.7 4.56839e-10
38557 -6.49457e-10
38559.3 -1.27591e-09
38561.5 -3.27828e-10
38563.8 5.93359e-10
38566.1 -6.68506e-11
38568.4 -1.15471e-09
38570.7 -7.84913e-10
38573 4.31391e-10
38575.3 4.34165e-10
38577.5 -7.57935e-10
38579.8 -1.0806e-09
38582.1 4.09175e-11
38584.4 7.08622e-10
38586.7 -1.97548e-10
38589 -1.10258e-09
38591.2 -4.34264e-10
38593.5 6.85174e-10
38595.8 3.61765e-10
38598.1 -8.27303e-10
38600.4 -8.23184e-10
38602.7 3.89077e-10
38605 7.56052e-10
38607.2 -3.2751e-10
38609.5 -9.83258e-10
38611.8 -6.6351e-11
38614.1 8.74968e-10
38616.4 2.51443e-10
38618.7 -8.46381e-10
38620.9 -5.16636e-10
38623.2 6.97402e-10
38625.5 7.38751e-10
38627.8 -4.40897e-10
38630.1 -7.99573e-10
38632.4 2.9793e-10
38634.7 9.93385e-10
38636.9 1.17779e-10
38639.2 -8.07726e-10
38641.5 -1.77508e-10
38643.8 9.49611e-10
38646.1 6.64545e-10
38648.4 -5.23181e-10
38650.6 -5.59139e-10
38652.9 6.37977e-10
38655.2 1.03822e-09
38657.5 -2.31338e-11
38659.8 -7.08337e-10
38662.1 1.75178e-10
38664.4 1.13346e-09
38666.6 5.45213e-10
38668.9 -5.62469e-10
38671.2 -2.73966e-10
38673.5 9.3477e-10
38675.8 1.0124e-09
38678.1 -1.54994e-10
38680.3 -5.49965e-10
38682.6 5.21181e-10
38684.9 1.24152e-09
38687.2 3.9549e-10
38689.5 -5.50317e-10
38691.8 4.04344e-11
38694.1 1.17233e-09
38696.3 9.23797e-10
38698.6 -2.62565e-10
38700.9 -3.39038e-10
38703.2 8.40535e-10
38705.5 1.27159e-09
38707.8 2.31901e-10
38710 -4.82624e-10
38712.3 3.65969e-10
38714.6 1.33856e-09
38716.9 7.84268e-10
38719.2 -3.3305e-10
38721.5 -8.63947e-11
38723.8 1.1147e-09
38726 1.2266e-09
38728.3 7.12812e-11
38730.6 -3.59929e-10
38732.9 6.83232e-10
38735.2 1.4261e-09
38737.5 6.08828e-10
38739.7 -3.56998e-10
38742 1.9351e-10
38744.3 1.32799e-09
38746.6 1.11447e-09
38748.9 -7.03986e-11
38751.2 -1.87449e-10
38753.5 9.72917e-10
38755.7 1.43286e-09
38758 4.14455e-10
38760.3 -3.29054e-10
38762.6 4.83694e-10
38764.9 1.46865e-09
38767.2 9.47343e-10
38769.4 -1.79267e-10
38771.7 2.53238e-11
38774 1.21719e-09
38776.3 1.36196e-09
38778.6 2.18729e-10
38780.9 -2.48413e-10
38783.2 7.65769e-10
38785.4 1.52963e-09
38787.7 7.40667e-10
38790 -2.44676e-10
38792.3 2.65257e-10
38794.6 1.40089e-09
38796.9 1.22153e-09
38799.2 3.85357e-11
38801.4 -1.18866e-10
38803.7 1.02132e-09
38806 1.50903e-09
38808.3 5.11984e-10
38810.6 -2.59938e-10
38812.9 5.16542e-10
38815.1 1.51273e-09
38817.4 1.02412e-09
38819.7 -1.11124e-10
38822 5.155e-11
38824.3 1.23326e-09
38826.6 1.41028e-09
38828.9 2.79705e-10
38831.1 -2.22797e-10
38833.4 7.61907e-10
38835.7 1.54595e-09
38838 7.85584e-10
38840.3 -2.18409e-10
38842.6 2.50955e-10
38844.8 1.38701e-09
38847.1 1.24175e-09
38849.4 6.15572e-11
38851.7 -1.35676e-10
38854 9.83771e-10
38856.3 1.49889e-09
38858.6 5.24007e-10
38860.8 -2.75378e-10
38863.1 4.64691e-10
38865.4 1.47157e-09
38867.7 1.01615e-09
38870 -1.26526e-10
38872.3 -5.40199e-12
38874.5 1.16566e-09
38876.8 1.37505e-09
38879.1 2.58336e-10
38881.4 -2.78584e-10
38883.7 6.76375e-10
38886 1.48038e-09
38888.3 7.49614e-10
38890.5 -2.71684e-10
38892.8 1.57317e-10
38895.1 1.29335e-09
38897.4 1.18279e-09
38899.7 6.98861e-12
38902 -2.29256e-10
38904.2 8.69101e-10
38906.5 1.41176e-09
38908.8 4.60504e-10
38911.1 -3.64942e-10
38913.4 3.38747e-10
38915.7 1.35605e-09
38918 9.34896e-10
38920.2 -2.13388e-10
38922.5 -1.33148e-10
38924.8 1.02684e-09
38927.1 1.26911e-09
38929.4 1.68155e-10
38931.7 -4.01813e-10
38933.9 5.23229e-10
38936.2 1.34714e-09
38938.5 6.47539e-10
38940.8 -3.89088e-10
38943.1 -2.11217e-15
38945.4 1.13563e-09
38947.7 1.06071e-09
38949.9 -1.08516e-10
38952.2 -3.82519e-10
38954.5 6.94448e-10
38956.8 1.26486e-09
38959.1 3.39247e-10
38961.4 -5.1026e-10
38963.6 1.57275e-10
38965.9 1.18469e-09
38968.2 7.99196e-10
38970.5 -3.52277e-10
38972.8 -3.11868e-10
38975.1 8.36663e-10
38977.4 1.11237e-09
38979.6 2.95369e-11
38981.9 -5.7156e-10
38984.2 3.23581e-10
38986.5 1.16727e-09
38988.8 5.00628e-10
38991.1 -5.48806e-10
38993.3 -1.98823e-10
38995.6 9.35978e-10
38997.9 8.97642e-10
39000.2 -2.62385e-10
39002.5 -5.72399e-10
39004.8 4.82987e-10
39007.1 1.08126e-09
39009.3 1.83437e-10
39011.6 -6.87624e-10
39013.9 -5.57192e-11
39016.2 9.81429e-10
39018.5 6.32904e-10
39020.8 -5.18986e-10
39023 -5.16905e-10
39025.3 6.19822e-10
39027.6 9.29348e-10
39029.9 -1.32925e-10
39032.2 -7.62771e-10
39034.5 1.02728e-10
39036.8 9.65902e-10
39039 3.33867e-10
39041.3 -7.25586e-10
39043.6 -4.13507e-10
39045.9 7.20031e-10
39048.2 7.18933e-10
39050.5 -4.29258e-10
39052.8 -7.73144e-10
39055 2.60673e-10
39057.3 8.86661e-10
39059.6 1.85525e-11
39061.9 -8.71362e-10
39064.2 -2.74213e-10
39066.5 7.72216e-10
39068.7 4.61608e-10
39071 -6.88015e-10
39073.3 -7.22444e-10
39075.6 4.02284e-10
39077.9 7.45681e-10
39080.2 -2.93905e-10
39082.5 -9.50021e-10
39084.7 -1.13616e-10
39087 7.68616e-10
39089.3 1.7241e-10
39091.6 -8.94416e-10
39093.9 -6.18792e-10
39096.2 5.13123e-10
39098.4 5.49582e-10
39100.7 -5.8454e-10
39103 -9.6011e-10
39105.3 5.23528e-11
39107.6 7.05755e-10
39109.9 -1.31192e-10
39112.2 -1.03748e-09
39114.4 -4.74049e-10
39116.7 5.81227e-10
39119 3.09091e-10
39121.3 -8.35983e-10
39123.6 -9.05125e-10
39125.9 2.07568e-10
39128.1 5.84709e-10
39130.4 -4.3057e-10
39132.7 -1.11073e-09
39135 -3.02772e-10
39137.3 5.98093e-10
39139.6 3.85047e-11
39141.9 -1.03352e-09
39144.1 -7.92974e-10
39146.4 3.371e-10
39148.7 4.1114e-10
39151 -7.07201e-10
39153.3 -1.11259e-09
39155.6 -1.21173e-10
39157.8 5.59283e-10
39160.1 -2.45516e-10
39162.4 -1.16619e-09
39164.7 -6.35516e-10
39167 4.28261e-10
39169.3 1.94844e-10
39171.6 -9.44003e-10
39173.8 -1.04638e-09
39176.1 5.42701e-11
39178.4 4.64918e-10
39180.7 -5.24936e-10
39183 -1.22745e-09
39185.3 -4.47436e-10
39187.5 4.71666e-10
39189.8 -5.08332e-11
39192.1 -1.12646e-09
39194.4 -9.19986e-10
39196.7 2.07998e-10
39199 3.19568e-10
39201.3 -7.81803e-10
39203.5 -1.21568e-09
39205.8 -2.45199e-10
39208.1 4.61943e-10
39210.4 -3.10048e-10
39212.7 -1.24373e-09
39215 -7.45279e-10
39217.2 3.26579e-10
39219.5 1.32027e-10
39221.8 -9.99416e-10
39224.1 -1.13414e-09
39226.4 -4.57852e-11
39228.7 3.9808e-10
39231 -5.65543e-10
39233.2 -1.28932e-09
39235.5 -5.37151e-10
39237.8 3.9967e-10
39240.1 -8.54326e-11
39242.4 -1.16359e-09
39244.7 -9.90748e-10
39246.9 1.34602e-10
39249.2 2.83544e-10
39251.5 -7.99987e-10
39253.8 -1.26162e-09
39256.1 -3.12429e-10
39258.4 4.20865e-10
39260.7 -3.17829e-10
39262.9 -1.26361e-09
39265.2 -7.97437e-10
39267.5 2.81743e-10
39269.8 1.26053e-10
39272.1 -9.97102e-10
39274.4 -1.16384e-09
39276.6 -8.85095e-11
39278.9 3.88099e-10
39281.2 -5.48682e-10
39283.5 -1.29308e-09
39285.8 -5.69289e-10
39288.1 3.84414e-10
39290.4 -6.30878e-11
39292.6 -1.14297e-09
39294.9 -1.00389e-09
39297.2 1.17814e-10
39299.5 3.03791e-10
39301.8 -7.61188e-10
39304.1 -1.25027e-09
39306.4 -3.23308e-10
39308.6 4.35274e-10
39310.9 -2.6975e-10
39313.2 -1.22699e-09
39315.5 -7.93676e-10
39317.8 2.9163e-10
39320.1 1.74638e-10
39322.3 -9.39464e-10
39324.6 -1.1383e-09
39326.9 -7.72598e-11
39329.2 4.31274e-10
39331.5 -4.78098e-10
39333.8 -1.24268e-09
39336.1 -5.48269e-10
39338.3 4.20986e-10
39340.6 1.11101e-11
39342.9 -1.06975e-09
39345.2 -9.64913e-10
39347.5 1.51602e-10
39349.8 3.7393e-10
39352 -6.71796e-10
39354.3 -1.18817e-09
39356.6 -2.84805e-10
39358.9 4.9771e-10
39361.2 -1.73389e-10
39363.5 -1.14144e-09
39365.8 -7.41839e-10
39368 3.47831e-10
39370.3 2.69055e-10
39372.6 -8.35239e-10
39374.9 -1.06633e-09
39377.2 -2.13197e-11
39379.5 5.17893e-10
39381.7 -3.63636e-10
39384 -1.14793e-09
39386.3 -4.84149e-10
39388.6 4.98815e-10
39390.9 1.26309e-10
39393.2 -9.54766e-10
39395.5 -8.84683e-10
39397.7 2.24631e-10
39400 4.82198e-10
39402.3 -5.43673e-10
39404.6 -1.08709e-09
39406.9 -2.08989e-10
39409.2 5.95627e-10
39411.4 -4.15808e-11
39413.7 -1.01974e-09
39416 -6.54774e-10
39418.3 4.37126e-10
39420.6 3.95646e-10
39422.9 -6.98129e-10
39425.2 -9.61545e-10
39427.4 6.54908e-11
39429.7 6.33624e-10
39432 -2.19864e-10
39434.3 -1.0233e-09
39436.6 -3.91437e-10
39438.9 6.03018e-10
39441.1 2.67213e-10
39443.4 -8.13339e-10
39445.7 -7.78402e-10
39448 3.21563e-10
39450.3 6.12798e-10
39452.6 -3.92831e-10
39454.9 -9.6295e-10
39457.1 -1.1169e-10
39459.4 7.12851e-10
39461.7 1.09143e-10
39464 -8.78381e-10
39466.3 -5.48775e-10
39468.6 5.43052e-10
39470.8 5.37558e-10
39473.1 -5.45146e-10
39475.4 -8.40762e-10
39477.7 1.66471e-10
39480 7.6151e-10
39482.3 -6.40573e-11
39484.6 -8.85992e-10
39486.8 -2.87083e-10
39489.1 7.1657e-10
39491.4 4.16481e-10
39493.7 -6.6289e-10
39496 -6.63232e-10
39498.3 4.25365e-10
39500.5 7.48498e-10
39502.8 -2.36757e-10
39505.1 -8.33054e-10
39507.4 -9.93551e-12
39509.7 8.32362e-10
39512 2.61504e-10
39514.3 -7.34726e-10
39516.5 -4.40891e-10
39518.8 6.48801e-10
39521.1 6.77828e-10
39523.4 -3.93457e-10
39525.7 -7.20958e-10
39528 2.64957e-10
39530.2 8.84922e-10
39532.5 8.69476e-11
39534.8 -7.52863e-10
39537.1 -1.87603e-10
39539.4 8.23216e-10
39541.7 5.57716e-10
39544 -5.19983e-10
39546.2 -5.55559e-10
39548.5 5.20039e-10
39550.8 8.73362e-10
39553.1 -9.15539e-11
39555.4 -7.13519e-10
39557.7 8.05145e-11
39560 9.38641e-10
39562.2 3.99868e-10
39564.5 -6.0453e-10
39566.8 -3.46671e-10
39569.1 7.39209e-10
39571.4 8.01403e-10
39573.7 -2.58292e-10
39575.9 -6.17371e-10
39578.2 3.46104e-10
39580.5 9.89311e-10
39582.8 2.18526e-10
39585.1 -6.38642e-10
39587.4 -1.07491e-10
39589.7 9.08873e-10
39591.9 6.76981e-10
39594.2 -3.98716e-10
39596.5 -4.69431e-10
39598.8 5.91928e-10
39601.1 9.74065e-10
39603.4 2.93821e-11
39605.6 -6.17855e-10
39607.9 1.46397e-10
39610.2 1.01889e-09
39612.5 5.11614e-10
39614.8 -5.00519e-10
39617.1 -2.78794e-10
39619.4 8.02006e-10
39621.6 8.96338e-10
39623.9 -1.51598e-10
39626.2 -5.41989e-10
39628.5 3.98174e-10
39630.8 1.06338e-09
39633.1 3.19565e-10
39635.3 -5.54529e-10
39637.6 -5.78799e-11
39639.9 9.62805e-10
39642.2 7.63911e-10
39644.5 -3.09414e-10
39646.8 -4.15204e-10
39649.1 6.30939e-10
39651.3 1.04097e-09
39653.6 1.16671e-10
39655.9 -5.55457e-10
39658.2 1.78419e-10
39660.5 1.06422e-09
39662.8 5.88235e-10
39665 -4.3113e-10
39667.3 -2.45699e-10
39669.6 8.28995e-10
39671.9 9.54932e-10
39674.2 -8.07973e-11
39676.5 -5.02245e-10
39678.8 4.13822e-10
39681 1.10021e-09
39683.3 3.83579e-10
39685.6 -5.06884e-10
39687.9 -4.51201e-11
39690.2 9.78932e-10
39692.5 8.12889e-10
39694.7 -2.57371e-10
39697 -3.98146e-10
39699.3 6.31879e-10
39701.6 1.06928e-09
39703.9 1.65953e-10
39706.2 -5.30538e-10
39708.5 1.72368e-10
39710.7 1.07065e-09
39713 6.26244e-10
39715.3 -3.99523e-10
39717.6 -2.50491e-10
39719.9 8.1718e-10
39722.2 9.74542e-10
39724.4 -4.80563e-11
39726.7 -5.0013e-10
39729 3.9108e-10
39731.3 1.09803e-09
39733.6 4.0925e-10
39735.9 -4.96667e-10
39738.2 -7.01039e-11
39740.4 9.5642e-10
39742.7 8.23446e-10
39744.8 -1.46513e-10
39746.8 -5.0845e-10
39748.9 2.51705e-10
39750.9 1.0435e-09
39753.1 6.87637e-10
39755.3 -3.15344e-10
39757.4 -4.00741e-10
39759.6 5.6089e-10
39761.8 1.06422e-09
39763.9 3.21947e-10
39766.1 -5.0749e-10
39768.3 -1.31752e-10
39770.4 8.57782e-10
39772.6 9.12559e-10
39774.7 -5.4105e-11
39776.9 -5.3434e-10
39779.1 2.17621e-10
39781.2 1.02262e-09
39783.4 6.20751e-10
39785.6 -3.61767e-10
39787.7 -3.9352e-10
39789.9 5.69907e-10
39792.1 1.01928e-09
39794.2 2.50462e-10
39796.4 -5.37887e-10
39798.5 -1.18858e-10
39800.7 8.47444e-10
39802.9 8.47727e-10
39805 -1.20665e-10
39807.2 -5.48355e-10
39809.4 2.27217e-10
39811.5 9.89023e-10
39813.7 5.43672e-10
39815.9 -4.15737e-10
39818 -3.95e-10
39820.2 5.67317e-10
39822.3 9.62827e-10
39824.5 1.70624e-10
39826.7 -5.75112e-10
39828.8 -1.15027e-10
39831 8.25763e-10
39833.2 7.73034e-10
39835.3 -1.9392e-10
39837.5 -5.68891e-10
39839.6 2.27444e-10
39841.8 9.44884e-10
39844 4.58621e-10
39846.1 -4.7515e-10
39848.3 -4.03116e-10
39850.5 5.55288e-10
39852.6 8.97165e-10
39854.8 8.47409e-11
39857 -6.16968e-10
39859.1 -1.18105e-10
39861.3 7.95045e-10
39863.4 6.90898e-10
39865.6 -2.71522e-10
39867.8 -5.93751e-10
39869.9 2.20552e-10
39872.1 8.92652e-10
39874.3 3.68115e-10
39876.4 -5.37631e-10
39878.6 -4.15597e-10
39880.8 5.36209e-10
39882.9 8.24842e-10
39885.1 -4.69667e-12
39887.2 -6.61121e-10
39889.4 -1.2575e-10
39891.6 7.57774e-10
39893.7 6.03887e-10
39895.9 -3.51033e-10
39898.1 -6.20628e-10
39900.2 2.08911e-10
39902.4 8.34856e-10
39904.6 2.74689e-10
39906.7 -6.00765e-10
39908.9 -4.30116e-10
39911 5.1253e-10
39913.2 7.4846e-10
39915.4 -9.51127e-11
39917.5 -7.05158e-10
39919.7 -1.35608e-10
39921.9 7.16498e-10
39924 5.14695e-10
39926.2 -4.29838e-10
39928.4 -6.47048e-10
39930.5 1.95028e-10
39932.7 7.74185e-10
39934.8 1.81073e-10
39937 -6.62022e-10
39939.2 -4.44251e-10
39941.3 4.86795e-10
39943.5 6.70712e-10
39945.7 -1.83883e-10
39947.8 -7.46676e-10
39950 -1.45275e-10
39952.2 6.73762e-10
39954.3 4.25916e-10
39956.5 -5.05523e-10
39958.6 -6.70801e-10
39960.8 1.81191e-10
39963 7.13105e-10
39965.1 8.97449e-11
39967.3 -7.1909e-10
39969.5 -4.55795e-10
39971.6 4.61307e-10
39973.8 5.94066e-10
39976 -2.68608e-10
39978.1 -7.83456e-10
39980.3 -1.52601e-10
39982.4 6.31895e-10
39984.6 3.39981e-10
39986.8 -5.75772e-10
39988.9 -6.89721e-10
39991.1 1.6956e-10
39993.3 6.53943e-10
39995.4 3.03926e-12
39997.6 -7.69844e-10
39999.7 -4.62782e-10
40001.9 4.38158e-10
40004.1 5.20744e-10
40006.2 -3.47141e-10
40008.4 -8.13563e-10
40010.6 -1.5569e-10
40012.7 5.92928e-10
40014.9 2.59019e-10
40017.1 -6.38621e-10
40019.2 -7.02031e-10
40021.4 1.61953e-10
40023.5 5.9868e-10
40025.7 -7.70435e-11
40027.9 -8.12486e-10
40030 -4.63517e-10
40032.2 4.19131e-10
40034.4 4.52662e-10
40036.5 -4.17636e-10
40038.7 -8.35354e-10
40040.9 -1.52985e-10
40043 5.58562e-10
40045.2 1.84808e-10
40047.3 -6.92411e-10
40049.5 -7.06297e-10
40051.7 1.59843e-10
40053.8 5.48938e-10
40056 -1.4889e-10
40058.2 -8.45565e-10
40060.3 -4.5671e-10
40062.5 4.05589e-10
40064.7 3.91331e-10
40066.8 -4.78633e-10
40069 -8.47588e-10
40071.1 -1.43283e-10
40073.3 5.30142e-10
40075.5 1.18772e-10
40077.6 -7.35881e-10
40079.8 -7.01403e-10
40082 1.6433e-10
40084.1 5.05954e-10
40086.3 -2.11227e-10
40088.5 -8.68005e-10
40090.6 -4.41398e-10
40092.8 3.98597e-10
40094.9 3.37903e-10
40097.1 -5.29093e-10
40099.3 -8.49413e-10
40101.4 -1.25802e-10
40103.6 5.08527e-10
40105.8 6.18224e-11
40107.9 -7.68249e-10
40110.1 -6.86729e-10
40112.3 1.76049e-10
40114.4 4.70479e-10
40116.6 -2.63362e-10
40118.7 -8.79302e-10
40120.9 -4.17172e-10
40123.1 3.98604e-10
40125.2 2.92924e-10
40127.4 -5.68525e-10
40129.6 -8.40497e-10
40131.7 -1.00245e-10
40133.9 4.94135e-10
40136 1.44172e-11
40138.2 -7.89186e-10
40140.4 -6.62124e-10
40142.5 1.95189e-10
40144.7 4.42808e-10
40146.9 -3.04993e-10
40149 -8.79282e-10
40151.2 -3.83992e-10
40153.4 4.05742e-10
40155.5 2.56624e-10
40157.7 -5.968e-10
40159.8 -8.20877e-10
40162 -6.66854e-11
40164.2 4.87007e-10
40166.3 -2.33884e-11
40168.5 -7.98763e-10
40170.7 -6.27749e-10
40172.8 2.21616e-10
40175 4.2289e-10
40177.2 -3.36224e-10
40179.3 -8.682e-10
40181.5 -3.42155e-10
40183.6 4.19773e-10
40185.8 2.28778e-10
40188 -6.14207e-10
40190.1 -7.90965e-10
40192.4 6.63849e-12
40194.6 4.82652e-10
40196.9 -1.50573e-10
40199.1 -8.40163e-10
40201.3 -4.40791e-10
40203.6 3.85761e-10
40205.8 2.7e-10
40208.1 -5.93273e-10
40210.3 -7.69685e-10
40212.6 3.4584e-11
40214.8 4.8669e-10
40217 -1.60698e-10
40219.3 -8.306e-10
40221.5 -4.09767e-10
40223.8 4.0502e-10
40226 2.64407e-10
40228.3 -5.94976e-10
40230.5 -7.44658e-10
40232.7 6.53865e-11
40235 4.93322e-10
40237.2 -1.67497e-10
40239.5 -8.1728e-10
40241.7 -3.75635e-10
40243.9 4.26661e-10
40246.2 2.61535e-10
40248.4 -5.93196e-10
40250.7 -7.16302e-10
40252.9 9.86433e-11
40255.2 5.02168e-10
40257.4 -1.7137e-10
40259.6 -8.00629e-10
40261.9 -3.3883e-10
40264.1 4.50254e-10
40266.4 2.60943e-10
40268.6 -5.88394e-10
40270.8 -6.85066e-10
40273.1 1.33894e-10
40275.3 5.12793e-10
40277.6 -1.72755e-10
40279.8 -7.81091e-10
40282.1 -2.99797e-10
40284.3 4.7539e-10
40286.5 2.62228e-10
40288.8 -5.80986e-10
40291 -6.51395e-10
40293.3 1.7072e-10
40295.5 5.24779e-10
40297.8 -1.72066e-10
40300 -7.59116e-10
40302.2 -2.59001e-10
40304.5 5.01623e-10
40306.7 2.6496e-10
40309 -5.7143e-10
40311.2 -6.15778e-10
40313.4 2.08645e-10
40315.7 5.37676e-10
40317.9 -1.6976e-10
40320.2 -7.35199e-10
40322.4 -2.16914e-10
40324.7 5.28493e-10
40326.9 2.68705e-10
40329.1 -5.6018e-10
40331.4 -5.78683e-10
40333.6 2.47201e-10
40335.9 5.51059e-10
40338.1 -1.66276e-10
40340.4 -7.09792e-10
40342.6 -1.7403e-10
40344.8 5.55542e-10
40347.1 2.72988e-10
40349.3 -5.47745e-10
40351.6 -5.4064e-10
40353.8 2.85887e-10
40356 5.64437e-10
40358.3 -1.62113e-10
40360.5 -6.83446e-10
40362.8 -1.30897e-10
40365 5.82243e-10
40367.3 2.77313e-10
40369.5 -5.34622e-10
40371.7 -5.02181e-10
40374 3.24174e-10
40376.2 5.77316e-10
40378.5 -1.57764e-10
40380.7 -6.56671e-10
40382.9 -8.80155e-11
40385.2 6.08136e-10
40387.4 2.81256e-10
40389.7 -5.2128e-10
40391.9 -4.63802e-10
40394.2 3.61584e-10
40396.4 5.8926e-10
40398.6 -1.53657e-10
40400.9 -6.2993e-10
40403.1 -4.58718e-11
40405.4 6.32746e-10
40407.6 2.8435e-10
40409.9 -5.08185e-10
40412.1 -4.25976e-10
40414.3 3.97643e-10
40416.6 5.99828e-10
40418.8 -1.50228e-10
40421.1 -6.0367e-10
40423.3 -4.93224e-12
40425.5 6.55666e-10
40427.8 2.86221e-10
40430 -4.9573e-10
40432.3 -3.89154e-10
40434.5 4.31935e-10
40436.8 6.08632e-10
40439 -1.47847e-10
40441.2 -5.78329e-10
40443.5 3.43703e-11
40445.7 6.76483e-10
40448 2.86482e-10
40450.2 -4.84318e-10
40452.5 -3.53743e-10
40454.7 4.64056e-10
40456.9 6.15331e-10
40459.2 -1.46866e-10
40461.4 -5.54246e-10
40463.7 7.16646e-11
40465.9 6.94854e-10
40468.1 2.84823e-10
40470.4 -4.74261e-10
40472.6 -3.20093e-10
40474.9 4.93671e-10
40477.1 6.19594e-10
40479.4 -1.47607e-10
40481.6 -5.31774e-10
40483.8 1.06616e-10
40486.1 7.10454e-10
40488.3 2.80959e-10
40490.6 -4.65867e-10
40492.8 -2.88507e-10
40495 5.2047e-10
40497.3 6.21167e-10
40499.5 -1.50289e-10
40501.8 -5.11159e-10
40504 1.38957e-10
40506.3 7.23068e-10
40508.5 2.74687e-10
40510.7 -4.59335e-10
40513 -2.59203e-10
40515.2 5.44256e-10
40517.5 6.19886e-10
40519.7 -1.55071e-10
40522 -4.92584e-10
40524.2 1.68511e-10
40526.4 7.32549e-10
40528.7 2.65894e-10
40530.9 -4.54782e-10
40533.2 -2.32348e-10
40535.4 5.64881e-10
40537.6 6.15616e-10
40539.9 -1.62086e-10
40542.1 -4.76163e-10
40544.4 1.95155e-10
40546.6 7.38766e-10
40548.9 2.54463e-10
40551.1 -4.52325e-10
40553.3 -2.08033e-10
40555.6 5.8226e-10
40557.8 6.08313e-10
40560.1 -1.71355e-10
40562.3 -4.61952e-10
40564.5 2.18819e-10
40566.8 7.41684e-10
40569 2.40367e-10
40571.3 -4.51991e-10
40573.5 -1.86327e-10
40575.8 5.96333e-10
40578 5.97929e-10
40580.2 -1.82942e-10
40582.5 -4.50023e-10
40584.7 2.39437e-10
40587 7.41277e-10
40589.2 2.23627e-10
40591.5 -4.53787e-10
40593.7 -1.67216e-10
40595.9 6.07122e-10
40598.2 5.84512e-10
40600.4 -1.96783e-10
40602.7 -4.40324e-10
40604.9 2.57065e-10
40607.1 7.37608e-10
40609.4 2.04289e-10
40611.6 -4.57648e-10
40613.9 -1.50651e-10
40616.1 6.14725e-10
40618.4 5.68178e-10
40620.6 -2.12768e-10
40622.8 -4.32746e-10
40625.1 2.7183e-10
40627.3 7.30812e-10
40629.6 1.82522e-10
40631.8 -4.63456e-10
40634.1 -1.36532e-10
40636.3 6.19193e-10
40638.5 5.49006e-10
40640.8 -2.30805e-10
40643 -4.27232e-10
40645.3 2.83801e-10
40647.5 7.20983e-10
40649.7 1.58397e-10
40652 -4.71105e-10
40654.2 -1.24721e-10
40656.5 6.20743e-10
40658.7 5.272e-10
40661 -2.50714e-10
40663.2 -4.23583e-10
40665.4 2.93161e-10
40667.7 7.08356e-10
40669.9 1.32173e-10
40672.2 -4.80367e-10
40674.4 -1.15019e-10
40676.6 6.1957e-10
40678.9 5.03e-10
40681.1 -2.72272e-10
40683.4 -4.21593e-10
40685.6 3.00152e-10
40687.9 6.9317e-10
40690.1 1.04089e-10
40692.3 -4.91031e-10
40694.6 -1.07211e-10
40696.8 6.15925e-10
40699.1 4.76658e-10
40701.3 -2.95203e-10
40703.6 -4.21016e-10
40705.8 3.05016e-10
40708 6.75689e-10
40710.3 7.44132e-11
40712.5 -5.02832e-10
40714.8 -1.01023e-10
40717 6.10083e-10
40719.2 4.48478e-10
40721.5 -3.19256e-10
40723.7 -4.2161e-10
40726 3.08037e-10
40728.2 6.56231e-10
40730.5 4.34609e-11
40732.7 -5.1548e-10
40734.9 -9.61681e-11
40737.2 6.02394e-10
40739.4 4.18814e-10
40741.7 -3.44076e-10
40743.9 -4.23005e-10
40746.2 3.09578e-10
40748.4 6.35201e-10
40750.6 1.16196e-11
40752.9 -5.28606e-10
40755.1 -9.22901e-11
40757.4 5.93208e-10
40759.6 3.8803e-10
40761.8 -3.69297e-10
40764.1 -4.24907e-10
40766.3 3.09943e-10
40768.6 6.12901e-10
40770.8 -2.07784e-11
40773.1 -5.41929e-10
40775.3 -8.91161e-11
40777.5 5.82836e-10
40779.8 3.56474e-10
40782 -3.94632e-10
40784.3 -4.27024e-10
40786.5 3.09438e-10
40788.7 5.89691e-10
40791 -5.33979e-11
40793.2 -5.55102e-10
40795.5 -8.63174e-11
40797.7 5.71626e-10
40800 3.24491e-10
40802.2 -4.19717e-10
40804.4 -4.29022e-10
40806.7 3.08416e-10
40808.9 5.65933e-10
40811.2 -8.58647e-11
40813.4 -5.67819e-10
40815.7 -8.35865e-11
40817.9 5.59913e-10
40820.1 2.92449e-10
40822.4 -4.44215e-10
40824.6 -4.30606e-10
40826.9 3.07143e-10
40829.1 5.41929e-10
40831.3 -1.17874e-10
40833.6 -5.7979e-10
40835.8 -8.06457e-11
40838.1 5.47975e-10
40840.3 2.60644e-10
40842.6 -4.67854e-10
40844.8 -4.3151e-10
40847 3.05921e-10
40849.3 5.18001e-10
40851.5 -1.49109e-10
40853.8 -5.90718e-10
40856 -7.72444e-11
40858.3 5.3612e-10
40860.5 2.29389e-10
40862.7 -4.90325e-10
40865 -4.3148e-10
40867.2 3.04999e-10
40869.5 4.94436e-10
40871.7 -1.79276e-10
40873.9 -6.00352e-10
40876.2 -7.31152e-11
40878.4 5.24593e-10
40880.7 1.98985e-10
40882.9 -5.11346e-10
40885.2 -4.30255e-10
40887.4 3.04629e-10
40889.6 4.71501e-10
40891.9 -2.08107e-10
40894.1 -6.08438e-10
40896.4 -6.80487e-11
40898.6 5.13643e-10
40900.8 1.6966e-10
40903.1 -5.30702e-10
40905.3 -4.27626e-10
40907.6 3.05016e-10
40909.8 4.49421e-10
40912.1 -2.3537e-10
40914.3 -6.14781e-10
40916.5 -6.18368e-11
40918.8 5.03493e-10
40921 1.41665e-10
40923.3 -5.48169e-10
40925.5 -4.23432e-10
40927.8 3.06348e-10
40930 4.284e-10
40932.2 -2.60845e-10
40934.5 -6.19168e-10
40936.7 -5.43222e-11
40939 4.94283e-10
40941.2 1.15168e-10
40943.4 -5.63566e-10
40945.7 -4.17484e-10
40947.9 3.08762e-10
40950.2 4.08602e-10
40952.4 -2.84381e-10
40954.7 -6.21491e-10
40956.9 -4.53791e-11
40959.1 4.86184e-10
40961.4 9.03286e-11
40963.6 -5.76749e-10
40965.9 -4.09681e-10
40968.1 3.12399e-10
40970.4 3.90186e-10
40972.6 -3.05815e-10
40974.8 -6.2159e-10
40977.1 -3.48901e-11
40979.3 4.79308e-10
40981.6 6.72979e-11
40983.8 -5.87604e-10
40986 -3.9991e-10
40988.3 3.17348e-10
40990.5 3.73227e-10
40992.8 -3.25066e-10
40995 -6.19419e-10
40997.3 -2.27886e-11
40999.5 4.73725e-10
41001.7 4.6123e-11
41004 -5.96089e-10
41006.2 -3.8816e-10
41008.5 3.23638e-10
41010.7 3.57802e-10
41012.9 -3.42082e-10
41015.2 -6.14941e-10
41017.4 -9.06397e-12
41019.7 4.69448e-10
41021.9 2.68398e-11
41024.2 -6.02153e-10
41026.4 -3.74394e-10
41028.6 3.31293e-10
41030.9 3.43906e-10
41033.1 -3.56867e-10
41035.4 -6.0816e-10
41037.6 6.27383e-12
41039.9 4.66507e-10
41042.1 9.45122e-12
41044.3 -6.05852e-10
41046.6 -3.58681e-10
41048.8 3.40255e-10
41051.1 3.3151e-10
41053.3 -3.69467e-10
41055.5 -5.99155e-10
41057.8 2.31436e-11
41060 4.64795e-10
41062.3 -6.12192e-12
41064.5 -6.07257e-10
41066.8 -3.41106e-10
41069 3.50461e-10
41071.2 3.20536e-10
41073.5 -3.79965e-10
41075.7 -5.88042e-10
41078 4.14404e-11
41080.2 4.64234e-10
41082.4 -1.99708e-11
41084.7 -6.06498e-10
41086.9 -3.21808e-10
41089.2 3.61759e-10
41091.4 3.10879e-10
41093.7 -3.8848e-10
41095.9 -5.74935e-10
41098.1 6.10443e-11
41100.4 4.64732e-10
41102.6 -3.22054e-11
41104.9 -6.03702e-10
41107.1 -3.00904e-10
41109.4 3.74078e-10
41111.6 3.02448e-10
41113.8 -3.95127e-10
41116.1 -5.59991e-10
41118.3 8.18173e-11
41120.6 4.66157e-10
41122.8 -4.29414e-11
41125 -5.99001e-10
41127.3 -2.78557e-10
41129.5 3.87242e-10
41131.8 2.95089e-10
41134 -4.00073e-10
41136.3 -5.43377e-10
41138.5 1.03579e-10
41140.7 4.68354e-10
41143 -5.23332e-11
41145.2 -5.92582e-10
41147.5 -2.5495e-10
41149.7 4.01112e-10
41152 2.88679e-10
41154.2 -4.03462e-10
41156.4 -5.25279e-10
41158.7 1.26177e-10
41160.9 4.71196e-10
41163.2 -6.05396e-11
41165.4 -5.84624e-10
41167.6 -2.30286e-10
41169.9 4.155e-10
41172.1 2.83027e-10
41174.4 -4.05504e-10
41176.6 -5.05909e-10
41178.9 1.4938e-10
41181.1 4.74469e-10
41183.3 -6.77393e-11
41185.6 -5.75344e-10
41187.8 -2.04791e-10
41190.1 4.30178e-10
41192.3 2.77943e-10
41194.5 -4.06398e-10
41196.8 -4.8553e-10
41199 1.72942e-10
41201.3 4.77949e-10
41203.5 -7.41821e-11
41205.8 -5.65013e-10
41208 -1.78723e-10
41210.2 4.44915e-10
41212.5 2.73203e-10
41214.7 -4.06401e-10
41217 -4.6437e-10
41219.2 1.96628e-10
41221.5 4.81427e-10
41223.7 -8.0059e-11
41225.9 -5.53837e-10
41228.2 -1.52356e-10
41230.4 4.59481e-10
41232.7 2.68593e-10
41234.9 -4.05706e-10
41237.1 -4.42696e-10
41239.4 2.20199e-10
41241.6 4.84698e-10
41243.9 -8.55663e-11
41246.1 -5.42046e-10
41248.4 -1.25892e-10
41250.6 4.73671e-10
41252.8 2.63929e-10
41255.1 -4.0453e-10
41257.3 -4.20713e-10
41259.6 2.43422e-10
41261.8 4.87553e-10
41264.1 -9.09219e-11
41266.3 -5.29875e-10
41268.5 -9.95925e-11
41270.8 4.87246e-10
41273 2.59026e-10
41275.3 -4.03076e-10
41277.5 -3.98663e-10
41279.7 2.6609e-10
41282 4.89812e-10
41284.2 -9.6288e-11
41286.5 -5.17514e-10
41288.7 -7.36316e-11
41291 5.0005e-10
41293.2 2.53708e-10
41295.4 -4.01503e-10
41297.7 -3.76721e-10
41299.9 2.87996e-10
41302.2 4.91283e-10
41304.4 -1.01833e-10
41306.6 -5.05135e-10
41308.9 -4.82258e-11
41311.1 5.11899e-10
41313.4 2.47829e-10
41315.6 -3.99977e-10
41317.9 -3.55081e-10
41320.1 3.08973e-10
41322.3 4.91814e-10
41324.6 -1.07715e-10
41326.8 -4.92914e-10
41329.1 -2.35638e-11
41331.3 5.22593e-10
41333.6 2.41209e-10
41335.8 -3.98687e-10
41338 -3.33937e-10
41340.3 3.28841e-10
41341.4 5.24797e-10
