0 -0 0
0.000367493 -2.74092e-06 7.47155e-07
0.000734987 3.63029e-06 7.45415e-06
0.00110248 4.10823e-06 -5.13467e-06
0.00146997 -3.08577e-06 2.4387e-07
0.00183747 1.53133e-06 1.02562e-06
0.00220496 3.34626e-07 -6.81957e-07
0.00257245 4.19691e-07 3.37634e-07
0.00293995 9.88625e-07 1.44278e-07
0.00330744 1.18353e-06 2.01832e-07
0.00367493 1.60228e-06 3.20628e-07
0.00404243 2.29706e-06 8.7409e-07
0.00440992 4.20617e-06 -7.09152e-07
0.00477741 -4.67846e-06 3.05852e-06
0.00514491 4.50728e-05 2.30312e-05
0.0055124 -6.75513e-05 -0.00018845
0.00587989 -0.000244855 0.000882063
0.00624739 0.00303547 -0.00236926
0.00661488 -0.0147934 0.0071385
0.00698237 0.0805637 -0.00179555
0.00734987 -0.0882629 -0.104328
0.00771736 -0.014031 0.0537341
0.00808485 2.68346e-05 0.000362254
0.00845234 0.00241096 0.00112145
0.00881984 -0.000197238 -0.00044564
0.00918733 2.23074e-05 7.58647e-05
0.00955482 9.30769e-06 -1.04593e-05
0.00992232 1.74698e-06 3.25363e-06
0.0102898 3.51313e-06 2.44613e-06
0.0106573 2.7691e-06 1.36082e-06
0.0110248 2.14302e-06 2.9148e-07
0.0113923 -1.7776e-07 1.86885e-06
0.0117598 9.29528e-06 6.8156e-07
0.0121273 -2.03391e-05 -1.95018e-05
0.0124948 1.68485e-05 9.91571e-05
0.0128623 0.000158202 -0.000301118
0.0132298 -0.000960127 0.000509782
0.0135973 0.00327296 8.78076e-05
0.0139647 -0.00777035 -0.00496147
0.0143322 0.0049362 0.0184061
0.0146997 0.0132699 -0.018088
0.0150672 -0.0133004 -0.000488981
0.0154347 0.00142814 0.00299598
0.0158022 0.000270258 0.00022136
0.0161697 0.000182849 -0.000175964
0.0165372 -4.96933e-05 -5.21415e-06
0.0169047 4.08109e-06 -1.37005e-06
0.0172722 -1.19037e-06 -2.44894e-06
0.0176397 -7.79971e-07 -2.69048e-06
0.0180072 -7.44901e-07 -2.57647e-06
0.0183747 -4.08913e-07 -2.97295e-06
0.0187422 -1.63578e-06 -3.49167e-06
0.0191096 2.86847e-06 6.23511e-08
0.0194771 -8.75618e-07 -2.29113e-05
0.0198446 -4.08016e-05 3.9445e-05
0.0202121 0.000161639 -2.69123e-05
0.0205796 -0.000358031 -0.000202107
0.0209471 0.000392797 0.000816711
0.0213146 0.000399312 -0.00168215
0.0216821 -0.00206545 0.00127755
0.0220496 0.00219043 0.00067207
0.0224171 -0.000478082 -0.00123272
0.0227846 -0.000189135 0.000326014
0.0231521 2.80363e-05 -2.05963e-05
0.0235196 2.57075e-05 -1.56849e-05
0.0238871 -2.31273e-06 -1.72906e-05
0.0242546 2.02405e-05 -1.96901e-06
0.024622 1.58979e-05 -1.55011e-06
0.0249895 1.29904e-05 3.15306e-06
0.025357 9.11039e-06 3.59735e-06
0.0257245 8.60225e-06 4.44187e-06
0.026092 5.85399e-06 -1.36927e-06
0.0264595 -2.20176e-06 6.29546e-06
0.026827 1.69286e-05 2.55212e-06
0.0271945 -1.63099e-05 -9.12808e-06
0.027562 4.83924e-05 2.74236e-05
0.0279295 -6.32844e-05 -0.000144979
0.028297 -0.00011929 0.000272942
0.0286645 0.000313094 -0.000173651
0.029032 -0.000472856 0.000146073
0.0293995 0.000791051 0.000422526
0.029767 0.000200835 -0.000885245
0.0301344 -0.000461501 -6.43442e-05
0.0305019 -3.90816e-05 0.000149416
0.0308694 4.86113e-05 4.14455e-05
0.0312369 1.62089e-05 -1.00888e-05
0.0316044 -1.10223e-06 7.36422e-06
0.0319719 5.5059e-06 7.47568e-06
0.0323394 3.44085e-06 5.4522e-06
0.0327069 3.53091e-06 5.26654e-06
0.0330744 4.55543e-07 3.65368e-06
0.0334419 2.49394e-06 8.85437e-06
0.0338094 5.49099e-06 -1.2113e-06
0.0341769 -1.08283e-05 1.00819e-05
0.0345444 2.77029e-05 1.29115e-05
0.0349119 -1.82537e-05 -3.75109e-05
0.0352794 -1.77523e-05 6.96564e-05
0.0356468 8.12541e-05 -4.50451e-05
0.0360143 -0.000107755 -1.98168e-05
0.0363818 6.22998e-05 0.000103546
0.0367493 3.85653e-05 -8.93394e-05
0.0371168 -6.1915e-05 1.26453e-05
0.0374843 1.69714e-05 2.88986e-05
0.0378518 1.07045e-05 -4.22813e-06
0.0382193 -3.16174e-06 -2.73644e-06
0.0385868 -1.22881e-06 6.75573e-06
0.0389543 4.87375e-06 1.5435e-06
0.0393218 -1.11504e-06 -4.29737e-07
0.0396893 4.35518e-07 2.00115e-06
0.0400568 -3.05858e-07 -3.88494e-07
0.0404243 -9.84339e-07 3.81781e-06
0.0407918 4.22976e-06 1.21303e-06
0.0411592 7.92905e-08 -3.79074e-06
0.0415267 -2.5508e-06 1.45096e-06
0.0418942 1.1915e-06 2.85785e-06
0.0422617 1.7913e-06 1.8406e-06
0.0426292 5.97645e-06 -2.48127e-06
0.0429967 -9.55623e-06 -6.12862e-06
0.0433642 1.00654e-06 2.2658e-05
0.0437317 2.75629e-05 -1.8327e-05
0.0440992 -3.55668e-05 -1.77801e-05
0.0444667 -2.04538e-06 4.05937e-05
0.0448342 2.74097e-05 -4.11581e-06
0.0452017 -4.77657e-06 -5.39178e-06
0.0455692 6.19518e-06 7.35281e-06
0.0459367 3.24547e-06 -5.4494e-06
0.0463042 -5.92698e-06 2.90659e-06
0.0466716 3.66085e-06 5.5902e-06
0.0470391 1.01853e-06 -1.48442e-07
0.0474066 4.13306e-07 3.97134e-06
0.0477741 3.10753e-06 -7.03972e-07
0.0481416 -2.88747e-06 7.53278e-07
0.0485091 2.17086e-07 5.58098e-06
0.0488766 1.93249e-06 2.45027e-06
0.0492441 2.52149e-06 1.65187e-06
0.0496116 -1.17218e-06 -1.10617e-06
0.0499791 -4.93814e-06 7.04587e-06
0.0503466 6.4981e-06 4.99686e-06
0.0507141 -2.08925e-06 -3.79579e-06
0.0510816 -3.16675e-06 1.08759e-05
0.0514491 1.03677e-05 -8.16073e-07
0.0518165 -1.07399e-05 -8.06608e-06
0.052184 -4.64248e-06 1.97434e-05
0.0525515 2.11514e-05 4.54314e-07
0.052919 -7.7167e-06 -1.70703e-05
0.0532865 -8.99345e-06 1.41015e-05
0.053654 1.6059e-05 4.39156e-06
0.0540215 9.268e-07 -7.63344e-06
0.054389 2.94318e-06 1.99314e-06
0.0547565 3.62414e-06 -6.34477e-06
0.055124 -3.40741e-06 4.55779e-06
0.0554915 1.19007e-05 3.17863e-06
0.055859 4.08739e-06 -1.04223e-05
0.0562265 -1.70178e-06 -7.41986e-07
0.056594 4.84471e-07 -2.42723e-06
0.0569615 -1.85311e-06 3.17426e-06
0.0573289 1.11793e-05 -3.07987e-06
0.0576964 -7.79337e-06 -1.35449e-05
0.0580639 -6.78817e-06 1.17473e-05
0.0584314 1.47389e-05 -8.87704e-06
0.0587989 -2.11517e-05 -1.18697e-05
0.0591664 1.88946e-08 2.71982e-05
0.0595339 2.50635e-05 -1.93681e-05
0.0599014 -3.27088e-05 -1.8237e-05
0.0602689 -5.7136e-06 3.59616e-05
0.0606364 2.49739e-05 -7.51304e-06
0.0610039 -1.70082e-05 -1.21961e-05
0.0613714 -6.33144e-07 1.37895e-05
0.0617389 -1.33872e-06 -5.98337e-06
0.0621064 -1.13534e-05 1.33983e-05
0.0624739 1.72261e-05 3.97839e-06
0.0628413 -5.6038e-06 -1.56577e-05
0.0632088 -1.23631e-05 9.02159e-06
0.0635763 2.06494e-06 2.07503e-06
0.0639438 -9.39555e-07 3.11975e-06
0.0643113 1.01455e-05 -5.5128e-06
0.0646788 -1.67953e-05 -1.3801e-05
0.0650463 -6.28822e-06 1.86407e-05
0.0654138 1.71139e-05 -1.24972e-05
0.0657813 -2.82205e-05 -6.53434e-06
0.0661488 1.03848e-05 2.90394e-05
0.0665163 1.67753e-05 -3.47423e-05
0.0668838 -5.02561e-05 2.6468e-06
0.0672513 1.86952e-05 4.80395e-05
0.0676188 2.47631e-05 -3.31867e-05
0.0679863 -3.89799e-05 7.528e-07
0.0683537 1.34959e-05 3.13172e-05
0.0687212 4.35436e-06 -1.37577e-05
0.0690887 -9.70589e-06 2.09697e-05
0.0694562 2.81073e-05 5.06947e-06
0.0698237 -9.26453e-06 -1.27487e-05
0.0701912 -3.66457e-07 2.21274e-05
0.0705587 1.93457e-05 2.65827e-07
0.0709262 4.14119e-06 6.31209e-06
0.0712937 2.13353e-05 -3.72337e-06
0.0716612 -1.10396e-05 -1.61737e-05
0.0720287 2.69186e-06 2.67828e-05
0.0723962 2.90024e-05 -1.32261e-05
0.0727637 -2.08248e-05 -1.29914e-05
0.0731312 1.58266e-05 1.4208e-05
0.0734987 2.19395e-07 -3.683e-05
0.0738661 -4.06237e-05 2.31282e-05
0.0742336 4.6275e-05 1.68555e-05
0.0746011 -9.20579e-06 -6.40947e-05
0.0749686 -5.46232e-05 3.01706e-05
0.0753361 3.86651e-05 2.1669e-05
0.0757036 -1.02331e-05 -4.03316e-05
0.0760711 -1.91835e-05 2.54933e-05
0.0764386 2.20443e-05 -6.57343e-06
0.0768061 -2.87411e-05 -7.02066e-06
0.0771736 1.19739e-05 2.94387e-05
0.0775411 1.34514e-05 -1.99005e-05
0.0779086 -1.84756e-05 1.18853e-05
0.0782761 2.54656e-05 1.92697e-06
0.0786436 -1.78027e-05 -2.08487e-05
0.0790111 -2.88796e-06 3.61146e-05
0.0793785 3.66803e-05 -1.71434e-05
0.079746 -2.07811e-05 -2.36151e-05
0.0801135 4.04254e-06 1.11716e-05
0.080481 -8.01126e-06 -1.67245e-05
0.0808485 -1.09954e-06 3.04759e-05
0.081216 5.64991e-05 -2.96776e-05
0.0815835 -5.68818e-05 -5.08159e-05
0.081951 -2.26548e-05 7.7161e-05
0.0823185 7.73473e-05 -1.49292e-05
0.082686 -3.98304e-05 -4.41496e-05
0.0830535 -6.6124e-06 5.32567e-05
0.083421 2.53566e-05 -2.40491e-05
0.0837885 -4.21154e-05 1.74626e-05
0.084156 4.57078e-05 4.16978e-05
0.0845234 1.18219e-06 -4.92098e-05
0.0848909 -4.41774e-05 3.29681e-05
0.0852584 4.44686e-05 1.66892e-05
0.0856259 -2.08575e-05 -2.75877e-05
0.0859934 -3.91062e-06 4.12533e-05
0.0863609 4.24753e-05 -2.93976e-05
0.0867284 -3.33658e-05 -2.58444e-05
0.0870959 8.09968e-07 2.29276e-05
0.0874634 7.41474e-06 -1.00609e-05
0.0878309 2.5204e-05 9.43334e-06
0.0881984 2.91244e-05 -6.30993e-05
0.0885659 -8.43703e-05 -1.19601e-05
0.0889334 3.9542e-05 8.51656e-05
0.0893009 7.31491e-05 -8.31905e-05
0.0896684 -9.23602e-05 -2.74602e-05
0.0900358 2.86235e-05 6.1958e-05
0.0904033 1.48981e-05 -7.54776e-05
0.0907708 -7.15677e-05 3.43112e-05
0.0911383 7.59075e-05 2.00792e-05
0.0915058 -3.04365e-05 -0.000106931
0.0918733 -7.44713e-05 5.13404e-05
0.0922408 6.26018e-05 1.09855e-05
0.0926083 -3.31286e-05 -5.87346e-05
0.0929758 -1.00982e-05 3.04224e-05
0.0933433 2.34484e-05 -4.17782e-05
0.0937108 -6.3125e-05 2.43208e-07
0.0940783 1.95204e-05 4.43422e-05
0.0944458 1.36408e-05 -2.4967e-05
0.0948133 -1.30557e-05 1.61958e-05
0.0951808 -1.0473e-05 -1.57041e-05
0.0955482 -6.70899e-05 4.56292e-05
0.0959157 6.86722e-05 7.52054e-05
0.0962832 8.96004e-06 -8.51327e-05
0.0966507 -0.000117201 5.80337e-05
0.0970182 8.06668e-05 7.9891e-05
0.0973857 -1.30493e-05 -8.43028e-05
0.0977532 -7.89668e-05 9.36824e-05
0.0981207 0.000113923 1.84881e-05
0.0984882 -5.7134e-05 -0.000103191
0.0988557 -6.00532e-05 0.000110443
0.0992232 0.000107824 6.95773e-06
0.0995907 -3.04878e-05 -6.46208e-05
0.0999582 3.67687e-06 4.47364e-05
0.100326 1.90316e-05 -3.74587e-05
0.100693 -4.63247e-05 3.85225e-05
0.101061 8.7059e-05 3.68025e-05
0.101428 4.97851e-06 -8.01014e-05
0.101796 -6.27832e-05 3.54992e-05
0.102163 3.34034e-05 3.49571e-05
0.102531 1.18013e-05 8.71719e-06
0.102898 4.43438e-05 9.2005e-07
0.103266 -3.53768e-05 -6.09295e-05
0.103633 -4.16813e-05 8.42315e-05
0.104001 0.000125824 1.19501e-05
0.104368 -3.42561e-05 -9.8279e-05
0.104736 -1.99303e-05 8.77223e-05
0.105103 0.000137584 -4.23014e-05
0.105471 -6.49746e-05 -7.85165e-05
0.105838 2.31702e-05 0.000109956
0.106206 0.000137961 -7.49507e-05
0.106573 -4.94739e-05 -7.05356e-05
0.106941 2.97956e-05 4.63366e-05
0.107308 2.39548e-05 -6.49421e-05
0.107676 -2.61424e-05 3.14228e-05
0.108043 0.000104511 -2.1335e-05
0.108411 -6.52698e-05 -0.000135913
0.108778 -0.000116456 6.52437e-05
0.109145 7.37762e-05 4.09522e-05
0.109513 4.98278e-06 -9.70923e-05
0.10988 -9.23871e-05 -5.20516e-05
0.110248 -8.68227e-05 1.95969e-05
0.110615 3.29293e-06 5.35575e-05
0.110983 2.00984e-05 -6.60022e-05
0.11135 -0.000109115 -3.2019e-05
0.111718 2.73835e-06 6.84937e-05
0.112085 8.65761e-06 -6.72686e-05
0.112453 -0.00011365 4.52786e-05
0.11282 9.41428e-05 8.98783e-05
0.113188 2.93176e-05 -0.000122349
0.113555 -0.000136184 4.60218e-05
0.113923 6.59252e-05 9.56131e-05
0.11429 1.95136e-05 -6.25974e-05
0.114658 -3.69009e-05 5.60977e-05
0.115025 6.78917e-05 -1.53929e-05
0.115393 -8.48067e-05 -7.97779e-05
0.11576 -5.57355e-05 0.000111043
0.116128 0.000119451 2.5973e-05
0.116495 1.51836e-06 -0.000129366
0.116863 -0.000115519 -1.65803e-05
0.11723 -1.96447e-07 0.000111619
0.117598 0.000109214 -2.99052e-06
0.117965 -4.06504e-05 -8.82226e-05
0.118333 -4.90706e-05 9.5631e-05
0.1187 0.000110746 2.46891e-05
0.119068 -8.3075e-05 -5.00474e-05
0.119435 -2.4275e-05 0.000198147
0.119803 0.000210851 -2.50032e-06
0.12017 -0.000111264 -0.000132789
0.120538 -0.000105865 0.000209075
0.120905 0.000192425 7.04693e-05
0.121273 5.24429e-06 -0.000105063
0.12164 -4.14165e-05 5.08172e-05
0.122008 4.94768e-05 -6.07088e-06
0.122375 -5.98577e-06 -7.70037e-06
0.122743 5.83048e-05 2.22992e-05
0.12311 5.93997e-05 -6.99372e-05
0.123478 2.47236e-06 -8.02034e-05
0.123845 -3.89177e-05 -2.68909e-05
0.124213 2.97579e-05 5.52398e-05
0.12458 0.000119513 -0.000105219
0.124948 -0.000107119 -0.000137817
0.125315 -3.15753e-05 0.000118938
0.125683 0.000121622 -0.000108102
0.12605 -0.000191384 -0.00010258
0.126418 3.41851e-05 0.00019482
0.126785 0.000162558 -0.00019692
0.127153 -0.00030457 -0.000119998
0.12752 -9.3424e-06 0.000269665
0.127888 0.00021196 -0.000103415
0.128255 -0.000144006 -0.0001293
0.128623 -5.8807e-05 7.59241e-05
0.12899 -7.96421e-07 1.26017e-05
0.129358 4.48627e-05 8.38741e-05
0.129725 9.97712e-05 -9.50919e-05
0.130093 -0.00014013 -5.8909e-05
0.13046 2.24367e-05 0.000156643
0.130828 9.0509e-05 -4.67868e-05
0.131195 -6.06476e-05 2.04051e-05
0.131563 8.97933e-05 9.24684e-06
0.13193 -9.52242e-05 -8.38178e-05
0.132298 -5.20686e-05 0.000174788
0.132665 0.000143536 -5.80497e-05
0.133033 -0.000168762 -5.89486e-05
0.1334 4.49446e-05 0.000182388
0.133768 5.78844e-05 -0.000197287
0.134135 -0.000290851 6.22113e-05
0.134503 0.000177436 0.000248939
0.13487 9.33447e-05 -0.000254748
0.135238 -0.00025317 1.93257e-05
0.135605 8.29347e-05 0.000128274
0.135973 -3.527e-05 -3.55714e-05
0.13634 5.89596e-05 0.000143467
0.136707 0.000139883 -0.000213132
0.137075 -0.000304728 -2.30245e-05
0.137442 0.000118865 0.000335128
0.13781 0.000227684 -0.000226647
0.138177 -0.000216366 -6.83543e-05
0.138545 0.000114414 0.000144914
0.138912 1.63379e-05 -0.000167113
0.13928 -0.000103221 0.000108163
0.139647 0.000220561 5.09978e-06
0.140015 -3.30737e-05 -0.000162246
0.140382 -2.6754e-05 5.43659e-05
0.14075 2.05847e-05 -7.02415e-05
0.141117 -3.86995e-05 0.000132477
0.141485 0.000278439 -9.80003e-06
0.141852 -0.000132024 -0.000296121
0.14222 -0.000185131 0.000260605
0.142587 0.000298909 3.10552e-05
0.142955 -0.000151559 -0.000191988
0.143322 7.56517e-06 0.000222893
0.14369 0.00017248 -0.000240105
0.144057 -0.000409759 -1.07986e-05
0.144425 0.000171777 0.000385133
0.144792 0.00023559 -0.000368572
0.14516 -0.000426503 -4.13795e-05
0.145527 0.000107673 0.000302748
0.145895 7.22818e-05 -0.000243041
0.146262 -0.000249895 0.000115715
0.14663 0.000198796 0.000165836
0.146997 -1.2918e-05 -0.000231195
0.147365 -0.000237605 6.8417e-05
0.147732 2.53647e-05 0.000222242
0.1481 0.000177013 7.63623e-05
0.148467 7.79053e-05 -0.000232311
0.148835 -0.000335499 -3.76881e-05
0.149202 8.24519e-05 0.000440362
0.14957 0.000408145 -0.000212953
0.149937 -0.000305899 -0.000265124
0.150305 4.24369e-05 0.000332641
0.150672 0.000305526 -0.000245835
0.15104 -0.000298061 -9.37146e-05
0.151407 0.000256008 0.00026876
0.151775 0.000245641 -0.000432012
0.152142 -0.000391276 -3.06021e-05
0.15251 0.000231935 0.000290169
0.152877 0.000184711 -0.000335535
0.153245 -0.000274224 2.92861e-05
0.153612 0.000187995 0.000172011
0.15398 3.25055e-05 -0.000277054
0.154347 -0.000301694 9.09907e-05
0.154715 0.00012217 0.000296878
0.155082 0.000241959 -0.000177626
0.15545 -0.000238559 -0.000263545
0.155817 -0.000298566 0.000310504
0.156185 0.000357657 0.000277133
0.156552 0.000205207 -0.000449455
0.15692 -0.000427868 -7.57179e-05
0.157287 9.84021e-05 0.000381613
0.157655 0.000264359 -0.000234408
0.158022 -0.000209186 -0.000120962
0.15839 0.000129445 0.000131033
0.158757 3.59929e-05 -0.000297037
0.159125 -0.000323545 1.16973e-05
0.159492 0.000159737 0.00017911
0.15986 8.01205e-05 -0.000306932
0.160227 -0.000365025 -9.32329e-05
0.160595 -7.08486e-05 0.000138267
0.160962 -2.89878e-05 -0.000138394
0.16133 -0.000281001 2.84228e-05
0.161697 1.34287e-05 0.000150702
0.162065 7.28142e-06 -0.000255332
0.162432 -0.000460269 -1.58941e-05
0.1628 -5.08968e-05 0.000486989
0.163167 0.000393823 -6.99372e-05
0.163535 -0.000207386 -0.00030909
0.163902 -0.000254271 0.0003441
0.164269 0.000277599 0.000260439
0.164637 0.000149801 -5.28994e-05
0.165004 5.33802e-05 0.000102951
0.165372 0.000101011 6.11253e-05
0.165739 -1.63163e-06 8.34774e-05
0.166107 9.77804e-05 0.000190884
0.166474 0.000182591 0.000110743
0.166842 0.000136692 -6.83083e-05
0.167209 -0.000108767 -0.000129959
0.167577 -0.000136678 0.000219696
0.167944 0.000238989 0.000148428
0.168312 6.90205e-05 -0.000234892
0.168679 -0.000102732 -4.47786e-05
0.169047 -8.65096e-06 -2.66671e-05
0.169414 -0.000158122 0.000120059
0.169782 0.000295398 0.000212648
0.170149 0.000222935 -0.000413213
0.170517 -0.000440764 1.89281e-05
0.170884 0.000199049 0.00045312
0.171252 0.000290655 -0.000255056
0.171619 -0.000181002 4.79072e-05
0.171987 0.000275633 0.000127746
0.172354 -6.73911e-05 -0.00030776
0.172722 -0.000154222 0.000248453
0.173089 0.000392496 -1.39052e-05
0.173457 -8.38486e-05 -0.00031878
0.173824 2.72888e-05 1.95668e-05
0.174192 7.92036e-05 -0.000373042
0.174559 -0.000318645 3.07535e-05
0.174927 0.000442399 0.000134584
0.175294 0.000184 -0.000732016
0.175662 -0.000507651 -0.000123526
0.176029 0.000113187 0.0002442
0.176397 0.00019088 -0.000173282
0.176764 0.000119547 -0.000175244
0.177132 -0.000192796 -0.000337445
0.177499 -0.000443536 0.00032902
0.177867 0.000476323 0.000274508
0.178234 -7.38101e-05 -0.000560797
0.178602 -0.000577459 0.000359882
0.178969 0.000365796 0.000167838
0.179337 -0.000362186 -0.000402518
0.179704 -0.00028017 0.000619772
0.180072 0.000486324 -0.000136659
0.180439 -0.000568635 -0.000364519
0.180807 -7.30238e-05 0.000582011
0.181174 0.000277178 -0.000263607
0.181542 -0.000525386 0.000109959
0.181909 0.000467551 0.000397272
0.182277 5.35729e-05 -0.000670595
0.182644 -0.000764291 0.000381067
0.183012 0.000505597 0.000609534
0.183379 0.000289895 -0.000473748
0.183747 -0.000360743 -5.32323e-05
0.184114 -0.000170574 0.000178329
0.184482 -1.6838e-05 0.000340651
0.184849 0.00050015 -3.66207e-05
0.185217 -0.000282353 -0.00053179
0.185584 -0.000363063 0.000471226
0.185952 0.000580454 -5.32299e-05
0.186319 -0.000377859 -0.00039009
0.186687 0.000107327 0.000597762
0.187054 0.000653377 -0.000627839
0.187422 -0.000809697 -0.00029986
0.187789 0.000284109 0.000890826
0.188157 0.000677964 -0.000617461
0.188524 -0.000577641 -0.000130146
0.188892 0.000463954 0.000447063
0.189259 1.11782e-05 -0.000608251
0.189627 -0.000545853 0.000534882
0.189994 0.000895349 0.000332275
0.190362 -1.32629e-05 -0.000817362
0.190729 -0.000692122 0.000306252
0.191096 0.000289839 0.000416672
0.191464 0.00024158 -0.000113329
0.191831 4.16037e-05 -0.000186609
0.192199 -0.000344122 -0.000154484
0.192566 -1.91833e-05 0.000353091
0.192934 0.000325478 -0.000255707
0.193301 -0.000479468 -5.44871e-05
0.193669 0.000396902 0.000408687
0.194036 0.000200379 -0.000929056
0.194404 -0.00114014 0.000196221
0.194771 0.000623327 0.000942914
0.195139 0.000502389 -0.00104203
0.195506 -0.00104798 -9.68922e-05
0.195874 0.000186934 0.000590028
0.196241 -9.08205e-05 -0.00044882
0.196609 -0.000384849 0.000438417
0.196976 0.000569428 -9.00588e-05
0.197344 -0.000626895 -0.000656822
0.197711 -0.000549811 0.00074155
0.198079 0.000669366 0.000271178
0.198446 1.61162e-05 -0.000454196
0.198814 -0.000337962 5.20721e-05
0.199181 9.34187e-06 0.000342161
0.199549 0.0004099 0.000218232
0.199916 9.13519e-05 -0.000240691
0.200284 -0.000171736 0.000399375
0.200651 0.000850609 0.000222454
0.201019 -9.10046e-05 -0.000741295
0.201386 -0.000654047 0.000815109
0.201754 0.00131422 0.000519609
0.202121 0.000258167 -0.00123262
0.202489 -0.000906233 0.000320026
0.202856 0.000604926 0.000545973
0.203224 0.00026314 -0.000494093
0.203591 -1.53513e-06 7.8522e-05
0.203959 0.000208434 -0.00038535
0.204326 -0.000605793 -0.00013637
0.204694 0.000182227 0.000616358
0.205061 0.000541664 -0.00035946
0.205429 -0.000413745 -0.000432756
0.205796 -0.00035481 0.000205282
0.206164 5.32391e-05 0.00031126
0.206531 0.000310405 -6.50064e-05
0.206899 -0.000250819 -0.000417438
0.207266 -0.000286409 0.000377758
0.207634 0.000519181 -6.88039e-05
0.208001 -0.000475978 -0.00053295
0.208369 -0.000130093 0.000727767
0.208736 0.00104903 -0.000384134
0.209104 -0.000634643 -0.00100583
0.209471 -0.000483897 0.000652949
0.209839 0.000832617 -7.29269e-05
0.210206 -2.04422e-05 -0.000655804
0.210574 -8.24887e-05 -0.000232343
0.210941 -0.000287102 -0.000463585
0.211309 -0.00027289 0.00037037
0.211676 0.000641136 -7.41877e-05
0.212044 -0.000349157 -0.000822401
0.212411 -0.000590067 0.000214457
0.212779 5.24452e-05 0.000111942
0.213146 -0.000337271 0.000131621
0.213514 0.000148191 0.000215845
0.213881 -0.000202377 -0.000404394
0.214249 -0.000625612 0.00044985
0.214616 0.000132411 0.000431738
0.214984 -0.000191526 0.00011333
0.215351 0.000300406 0.000488259
0.215719 0.000171285 -0.000486793
0.216086 -0.00094068 0.0003795
0.216454 0.000625628 0.00108581
0.216821 0.000667091 -0.000540247
0.217189 -0.000492545 1.88642e-05
0.217556 0.00024046 0.00020461
0.217924 -0.000350575 -7.37727e-05
0.218291 0.000251079 0.000854908
0.218658 0.000832959 -0.000754897
0.219026 -0.00113781 -0.000598934
0.219393 -5.80435e-05 0.00105935
0.219761 0.000623908 -0.000593794
0.220128 -0.000849012 -0.000262608
0.220496 0.000392195 0.000493943
0.220863 0.000151796 -0.000879308
0.221231 -0.000944938 7.34499e-05
0.221598 0.000279987 0.000614267
0.221966 0.00056002 -0.000137183
0.222333 0.000235155 -0.000441591
0.222701 -0.000675757 -0.000387771
0.223068 -0.000246145 0.00120321
0.223436 0.00161944 0.000208635
0.223803 -0.000246911 -0.00123467
0.224171 -0.000713559 0.000823737
0.224538 0.000961199 0.00016636
0.224906 -0.000423742 -0.000276743
0.225273 0.000482921 0.000856062
0.225641 0.000686494 -0.0012561
0.226008 -0.00154993 -5.74696e-05
0.226376 0.000766199 0.00142684
0.226743 0.000851043 -0.00136828
0.227111 -0.00131741 -0.000117698
0.227478 0.000691314 0.000893865
0.227846 0.000251579 -0.00103306
0.228213 -0.00100822 0.000319275
0.228581 0.000583657 0.000839559
0.228948 0.000533706 -0.000394624
0.229316 -0.000427216 -0.000478336
0.229683 -0.000974782 0.000479945
0.230051 0.00048193 0.00145918
0.230418 0.00123969 -0.000894434
0.230786 -0.00164485 -0.000974565
0.231153 -0.000396104 0.00177716
0.231521 0.00134055 -0.000435515
0.231888 -0.00105571 -0.000668097
0.232256 0.000449519 0.000824125
0.232623 0.000463165 -0.00138553
0.232991 -0.00148376 0.00040382
0.233358 0.00147565 0.00104468
0.233726 0.000695586 -0.00189695
0.234093 -0.00125413 0.000270919
0.234461 0.00106082 0.000766345
0.234828 0.000254986 -0.000959129
0.235196 -0.000220563 0.000515993
0.235563 0.000978216 4.22654e-05
0.235931 -6.32496e-05 -0.000643898
0.236298 -0.000251084 7.25269e-05
0.236666 5.3094e-06 0.000407609
0.237033 0.000954144 0.000356375
0.237401 0.000468139 -0.00162602
0.237768 -0.00182623 -0.000197601
0.238136 0.000799979 0.00164643
0.238503 0.0012996 -0.0016991
0.238871 -0.00162952 -0.0006778
0.239238 0.000581744 0.000870041
0.239606 8.00933e-05 -0.00144235
0.239973 -0.00132309 0.000657345
0.240341 0.00141914 0.000421199
0.240708 -0.000492682 -0.0016847
0.241076 -0.00144819 0.000877698
0.241443 0.000571437 0.00035183
0.241811 -0.000705389 -0.000254175
0.242178 2.96029e-05 0.000773038
0.242546 -9.95986e-05 -0.00101587
0.242913 -0.00173471 0.000239877
0.243281 0.000242449 0.00120356
0.243648 0.000274955 -0.000524262
0.244016 -0.000375728 -0.000365528
0.244383 -0.00048442 -0.000704706
0.244751 -0.00115851 0.000744664
0.245118 0.00137032 0.000880136
0.245485 0.000353539 -0.00208235
0.245853 -0.00175031 0.000363622
0.24622 0.00108946 0.00101545
0.246588 -0.000182017 -0.00117752
0.246955 -0.00070792 0.00116071
0.247323 0.00140272 -4.49761e-05
0.24769 -0.00125842 -0.000812935
0.248058 -0.000498032 0.00173136
0.248425 0.000781709 -9.82771e-05
0.248793 -0.000987681 0.000579076
0.24916 0.00107053 0.000980213
0.249528 -0.000449658 -0.00138849
0.249895 -0.00176186 0.00197859
0.250263 0.00226469 0.00171048
0.25063 0.000619421 -0.00169087
0.250998 -0.00112442 0.000586652
0.251365 0.000624758 0.00108257
0.251733 0.000602932 0.000668739
0.2521 0.00161982 0.00012271
0.252468 3.2913e-05 -0.00121718
0.252835 -0.000675694 0.00132713
0.253203 0.00188953 0.000383699
0.25357 -0.000137541 -0.00119424
0.253938 0.00018509 0.00105726
0.254305 0.00121873 -0.00119088
0.254673 -0.00168076 -0.000633268
0.25504 0.000832989 0.0013775
0.255408 0.000886229 -0.00185959
0.255775 -0.00164433 -8.72124e-05
0.256143 0.00131733 0.000143843
0.25651 -0.000805384 -0.0022082
0.256878 -0.0013572 0.0017832
0.257245 0.00282186 -0.000171722
0.257613 -0.000889647 -0.00306432
0.25798 -0.00174091 0.00145225
0.258348 0.00179318 0.000713275
0.258715 0.000430618 -0.0011821
0.259083 0.000131858 -0.000330802
0.25945 -0.000349032 -0.000493693
0.259818 -0.000108929 0.000950742
0.260185 0.00143876 -0.00043703
0.260553 -0.000674178 -0.00094612
0.26092 0.000259535 0.000747807
0.261288 0.000418876 -0.00155412
0.261655 -0.00185769 0.000316151
0.262023 0.00157472 0.00126487
0.26239 0.000307811 -0.00270108
0.262758 -0.00246455 0.000290857
0.263125 0.00103236 0.000984627
0.263493 -0.000740088 -0.00138013
0.26386 -0.000918758 0.00143444
0.264228 0.00151173 -0.000869591
0.264595 -0.00261334 -0.0012958
0.264963 -0.00106314 0.00303817
0.26533 0.00207662 -0.000221111
0.265698 -0.00139476 -0.00134301
0.266065 -0.00109066 0.00137676
0.266433 -2.31368e-05 0.000424159
0.2668 -0.000242108 0.000570636
0.267168 0.00055725 -5.07833e-06
0.267535 -0.000660151 -0.000206008
0.267903 0.000125059 0.000578882
0.26827 3.38103e-06 -0.000745933
0.268638 -0.000756192 0.00107134
0.269005 0.00211922 0.000443606
0.269373 -9.53301e-05 -0.0025906
0.26974 -0.00189064 0.000899375
0.270108 0.00161774 0.00121172
0.270475 0.000591466 -0.00118778
0.270843 0.000103135 -6.87215e-06
0.27121 0.000189021 -0.00112271
0.271578 -0.00183329 0.000606235
0.271945 0.00161614 0.00203807
0.272313 0.00163513 -0.00222746
0.27268 -0.00245206 -0.000569204
0.273047 8.52565e-05 0.00209413
0.273415 0.00117785 -0.000457155
0.273782 -0.000496642 -7.24291e-05
0.27415 0.000278225 0.000456789
0.274517 -2.19431e-05 -0.000307756
0.274885 -0.000223012 0.000298754
0.275252 -3.93806e-05 0.000578133
0.27562 0.000450659 0.000780371
0.275987 0.000927319 -0.000677001
0.276355 -0.00114132 -0.00074086
0.276722 -0.000766931 0.00162669
0.27709 0.00105281 0.000485442
0.277457 0.000185417 -0.000726334
0.277825 -0.000220232 -0.000595678
0.278192 -0.00153297 -0.000341724
0.27856 -0.000573192 0.00192712
0.278927 0.00249736 -0.000283374
0.279295 -0.000921527 -0.00280433
0.279662 -0.00241937 0.00131714
0.28003 0.00166563 0.00137229
0.280397 0.000776312 -0.00160027
0.280765 -0.000962536 -1.026e-05
0.281132 0.000496754 0.000521861
0.2815 0.000286319 -0.000557415
0.281867 -0.000541457 0.000274794
0.282235 0.00057084 0.00102891
0.282602 0.00143922 -0.000701839
0.28297 -0.000867052 -0.00132693
0.283337 -0.00100066 0.0015955
0.283705 0.00194893 0.000663756
0.284072 0.000323493 -0.00156582
0.28444 -0.000457979 0.000499962
0.284807 0.000772051 -0.000349137
0.285175 -0.00107444 -7.64048e-05
0.285542 0.00144362 0.00199611
0.28591 0.00230396 -0.00195704
0.286277 -0.00251124 -0.00114991
0.286645 9.96124e-05 0.00293756
0.287012 0.00275426 -0.000397473
0.28738 -0.000652518 -0.00126549
0.287747 -0.000398604 0.000800535
0.288115 0.00060043 -0.000121577
0.288482 -0.000208622 -0.000200775
0.28885 -0.00029907 0.000267634
0.289217 0.000561635 4.77579e-05
0.289585 0.000521579 -0.00199397
0.289952 -0.00274054 -0.00115143
0.29032 -0.000375308 0.00260121
0.290687 0.00309609 -0.00189713
0.291055 -0.00257212 -0.00358573
0.291422 -0.00201479 0.00207638
0.29179 0.00176207 -0.000525036
0.292157 -0.00144572 -0.001256
0.292525 0.000588501 0.00107233
0.292892 0.000111655 -0.00251598
0.29326 -0.00333584 0.000915396
0.293627 0.0019224 0.00275603
0.293995 0.000997378 -0.00243326
0.294362 -0.00256487 0.000379422
0.29473 0.000926933 0.00142944
0.295097 -0.000256239 -0.000825197
0.295465 -0.000722591 0.00129592
0.295832 0.00134131 6.26513e-05
0.2962 0.000132079 -0.000843891
0.296567 -0.000215993 -0.000445353
0.296935 -0.00145188 0.000363449
0.297302 0.00153183 0.00251441
0.29767 0.00329562 -0.00261363
0.298037 -0.0038518 -0.00227269
0.298405 -0.00101933 0.00451473
0.298772 0.00371088 -0.000360907
0.29914 -0.0016581 -0.00156066
0.299507 -0.000444621 0.00182164
0.299875 -0.000583664 -0.000907182
0.300242 -0.00222845 0.00255005
0.300609 0.0027734 0.00163595
0.300977 -0.00119952 -0.00288001
0.301344 -0.00280449 0.00259506
0.301712 0.00241528 0.00108572
0.302079 -0.00129711 -0.00145535
0.302447 -0.000112189 0.00252266
0.302814 0.00280789 -0.0012835
0.303182 -0.00154208 -0.00156379
0.303549 0.000256797 0.00171878
0.303917 0.00179634 -0.000334587
0.304284 0.00143613 -0.000128222
0.304652 0.00159935 -0.00228771
0.305019 -0.00256025 -0.00116473
0.305387 0.0010629 0.00321281
0.305754 0.00366956 -0.0023157
0.306122 -0.00239625 -0.00267884
0.306489 -0.000593014 0.00122483
0.306857 0.000253628 -0.00107163
0.307224 -0.000941897 0.000921813
0.307592 0.00200318 -0.000944577
0.307959 -0.00230726 -0.00288494
0.308327 -0.00161094 0.00294669
0.308694 0.0026541 -0.000276625
0.309062 -0.00203541 -0.00145792
0.309429 0.000685655 0.00274639
0.309797 0.00201154 -0.00204627
0.310164 -0.0035934 0.000275231
0.310532 0.0016223 0.00418592
0.310899 0.0030602 -0.00179675
0.311267 -0.00208353 -0.000798748
0.311634 -0.000432906 0.00176765
0.312002 0.000108928 0.000631916
0.312369 0.00090414 0.00105282
0.312737 0.000745052 -0.00172038
0.313104 -0.00264211 -0.000706381
0.313472 -0.000310819 0.00175139
0.313839 0.000571458 -0.000679412
0.314207 -0.000626414 -0.000338261
0.314574 0.000267099 -0.00115844
0.314942 -0.00213464 -0.000843874
0.315309 -0.000215715 0.00212344
0.315677 0.00173487 -0.00117237
0.316044 -0.00144342 -0.000615604
0.316412 0.00113941 0.00137092
0.316779 6.8119e-05 -0.00216408
0.317147 -0.00254424 0.002161
0.317514 0.00422839 0.00299098
0.317882 0.00200845 -0.0043359
0.318249 -0.00439438 -0.000110237
0.318617 0.0013597 0.00424647
0.318984 0.00381597 -0.000980578
0.319352 -0.000295826 -0.00218215
0.319719 -0.000755456 -0.000130149
0.320087 0.000391404 0.000428154
0.320454 0.00118897 0.000292226
0.320822 0.00128339 -0.000862536
0.321189 0.000483075 -0.00161215
0.321557 -0.000600708 -0.00079825
0.321924 -0.000136109 0.00101919
0.322292 0.00157578 2.64352e-05
0.322659 6.07322e-05 -0.0014229
0.323027 -0.000556136 0.000467494
0.323394 0.000445127 -0.000563066
0.323762 -0.00230324 -0.000649359
0.324129 -0.000522512 0.00301133
0.324497 0.00314591 -0.000936763
0.324864 -0.00270543 -0.00438545
0.325232 -0.0049116 0.00236923
0.325599 0.00233217 0.00335949
0.325967 0.00215267 -0.00379401
0.326334 -0.00403524 -0.00281898
0.326702 -0.00200195 0.00246938
0.327069 0.00160722 0.000209968
0.327436 -0.000827704 -0.00150745
0.327804 -0.000199911 0.000388767
0.328171 0.000245949 -0.00152308
0.328539 -0.00301004 0.000312788
0.328906 0.000772341 0.00304086
0.329274 0.00220558 -0.00183977
0.329641 -0.00265362 -0.000624689
0.330009 8.90869e-05 0.0024594
0.330376 0.000510209 -0.0013007
0.330744 -0.00208079 0.00154724
0.331111 0.00284098 0.00246895
0.331479 0.00117142 -0.00343368
0.331846 -0.00384308 4.63045e-05
0.332214 0.00081859 0.00434256
0.332581 0.0040184 0.000117342
0.332949 0.000305854 -0.00297731
0.333316 -0.0028622 0.000554525
0.333684 0.00102178 0.00417186
0.334051 0.00352986 -0.000606074
0.334419 -0.00172149 -0.00134842
0.334786 0.000287336 0.00303648
0.335154 0.00174417 -0.00127472
0.335521 -0.00348416 0.000907466
0.335889 0.00257393 0.00449939
0.336256 0.00280419 -0.00365504
0.336624 -0.00486237 -0.000313647
0.336991 0.00136418 0.00403589
0.337359 0.00184893 -0.00204568
0.337726 -0.00143688 0.00112954
0.338094 0.00334141 -0.000325717
0.338461 -0.00173618 -0.0039514
0.338829 -0.00197408 0.00377794
0.339196 0.00546405 0.000641557
0.339564 0.000725024 -0.00512565
0.339931 -0.00206823 -0.000649438
0.340299 0.000281742 0.00100701
0.340666 0.00193529 0.000423961
0.341034 0.00229799 -0.00348326
0.341401 -0.00295233 -0.0025878
0.341769 8.99731e-05 0.0025312
0.342136 0.00216703 -0.00332658
0.342504 -0.00395586 -0.00119119
0.342871 0.00256561 0.00297986
0.343239 0.00169665 -0.0057298
0.343606 -0.00650607 -0.000144245
0.343974 0.00214984 0.00481194
0.344341 0.00240335 -0.00292919
0.344709 -0.00225096 0.000151844
0.345076 0.000849579 -0.000105687
0.345444 -0.00352671 0.000243982
0.345811 0.00131399 0.00618013
0.346179 0.00526089 -0.0029143
0.346546 -0.00518797 -0.00302146
0.346914 -0.00170288 0.00574392
0.347281 0.00309955 0.000487136
0.347649 -0.000320219 -0.000749362
0.348016 0.000723403 -0.000875671
0.348384 -0.00299572 -0.00133435
0.348751 -0.000585935 0.00326008
0.349119 0.00293177 -0.00208554
0.349486 -0.00319081 -0.00163104
0.349854 0.000855278 0.0021417
0.350221 0.000314011 -0.00433577
0.350589 -0.00502073 0.00126498
0.350956 0.00296217 0.0038826
0.351324 0.00132674 -0.00388101
0.351691 -0.00326075 -0.000403187
0.352059 -0.00072209 0.000928132
0.352426 -0.0020335 0.00258609
0.352794 0.00419327 0.00287709
0.353161 0.0014859 -0.00637106
0.353529 -0.00716588 0.00151188
0.353896 0.00389198 0.00672932
0.354264 0.00430323 -0.00455966
0.354631 -0.00267117 -0.000434484
0.354998 0.00327306 0.00128466
0.355366 -0.00022472 -0.00288581
0.355733 -0.000106533 0.00324393
0.356101 0.00558961 -0.000660041
0.356468 -0.000619799 -0.00354333
0.356836 -0.000683543 0.00131024
0.357203 0.000836969 -0.000378719
0.357571 -0.000648661 0.00135087
0.357938 0.00228057 -5.49044e-05
0.358306 -0.00166222 -0.0029412
0.358673 -0.00295471 0.0015206
0.359041 -0.00096247 0.00100336
0.359408 -0.00116194 0.00190794
0.359776 0.0029875 -0.00083425
0.360143 -0.0044448 -0.00496001
0.360511 -0.00602098 0.00659575
0.360878 0.00744456 0.00300352
0.361246 -0.000760758 -0.00747022
0.361613 -0.00581623 0.00430867
0.361981 0.00518619 0.00256894
0.362348 -0.00117396 -0.00439964
0.362716 -0.00199747 0.00467953
0.363083 0.00572648 0.000480484
0.363451 -0.0012912 -0.00499113
0.363818 -0.00343418 0.00193266
0.364186 0.00210806 0.00302336
0.364553 0.00333258 -0.00141689
0.364921 -0.000695461 -0.00452808
0.365288 -0.0039452 0.000407645
0.365656 0.0018673 0.00283355
0.366023 0.00174598 -0.00261966
0.366391 -0.000634304 -0.000182265
0.366758 0.00234461 -0.00191032
0.367126 -0.00433362 -0.00199843
0.367493 0.000553003 0.00747143
0.367861 0.00917959 -0.00263354
0.368228 -0.0051615 -0.00638988
0.368596 -0.00300595 0.00839355
0.368963 0.00834814 0.000808221
0.369331 -0.00226647 -0.00420011
0.369698 -0.00146105 0.00557824
0.370066 0.00521277 -0.000505845
0.370433 -0.00248695 -0.00370277
0.370801 -0.00330005 0.00376801
0.371168 0.00321988 0.00303168
0.371536 0.00344136 -0.00444836
0.371903 -0.00499644 -0.00498674
0.372271 -0.00481705 0.00515138
0.372638 0.00585599 0.00174774
0.373006 0.00029854 -0.00735402
0.373373 -0.0043999 0.000171455
0.373741 0.000960192 1.58888e-05
0.374108 -0.00313667 -0.000950693
0.374476 0.00244981 0.00410999
0.374843 0.00424098 -0.00609611
0.375211 -0.00871323 -0.00264315
0.375578 -4.14817e-05 0.00799892
0.375946 0.00575441 -0.00313813
0.376313 -0.00473291 -0.00283297
0.376681 -0.000363963 0.00322186
0.377048 0.000923388 -0.00281031
0.377416 -0.00369267 -5.1946e-05
0.377783 0.000411744 0.0024585
0.378151 0.00218784 -0.000928334
0.378518 0.000526355 -0.00345394
0.378886 -0.00496462 -0.00141209
0.379253 -0.000944676 0.00710407
0.379621 0.00853303 -6.03919e-05
0.379988 -0.00227015 -0.00655626
0.380356 -0.00501489 0.0055196
0.380723 0.0043982 0.00374976
0.381091 0.000321759 0.000195455
0.381458 0.00207285 0.00351922
0.381825 0.000742899 -0.00256868
0.382193 -0.00508316 0.00332382
0.38256 0.00435282 0.0060778
0.382928 0.00212411 -0.00314891
0.383295 -0.00276242 0.0013695
0.383663 0.00291151 -0.000103585
0.38403 -0.00288696 -0.00218902
0.384398 -4.56613e-06 0.00498526
0.384765 0.00588881 -0.00289936
0.385133 -0.00242025 -0.00505027
0.3855 -0.00157452 0.00142155
0.385868 0.000120656 -0.000139951
0.386235 0.00148804 0.00164449
0.386603 0.00460632 -0.00387536
0.38697 -0.00541698 -0.00465724
0.387338 -0.00275866 0.00618237
0.387705 0.00587073 3.6877e-05
0.388073 -0.00103608 -0.00391406
0.38844 -0.00106187 0.000328964
0.388808 -0.000965703 -0.00137346
0.389175 -0.000412301 0.00266528
0.389543 0.00473633 -0.00142095
0.38991 -0.00202559 -0.00400123
0.390278 0.00118526 0.00271545
0.390645 0.00373596 -0.00493147
0.391013 -0.0057863 -0.000508798
0.39138 0.00605682 0.00604321
0.391748 0.00659471 -0.00959173
0.392115 -0.00952552 -0.00320419
0.392483 0.000309312 0.00787086
0.39285 0.00539296 -0.00247946
0.393218 -0.00177516 -0.00290183
0.393585 -0.0026346 -0.00133194
0.393953 -0.00597272 0.00105074
0.39432 0.000158373 0.00554412
0.394688 0.00231851 -0.00236275
0.395055 -0.00597475 -0.00183837
0.395423 -0.0038115 0.00276719
0.39579 -0.00247165 0.00249695
0.396158 0.000908557 0.00403616
0.396525 0.00104336 -0.00324726
0.396893 -0.00670649 0.000895091
0.39726 0.0028394 0.006472
0.397628 0.00165454 -0.00448138
0.397995 -0.00618143 0.00461707
0.398363 0.00949315 0.00520601
0.39873 0.00103893 -0.0111204
0.399098 -0.011087 0.00485443
0.399465 0.00849852 0.00931557
0.399833 0.00645922 -0.00826417
0.4002 -0.00553792 -0.00310108
0.400568 -0.00129749 0.00214566
0.400935 0.000597884 0.00194109
0.401303 0.0046394 0.000431085
0.40167 0.000700737 -0.0058478
0.402038 -0.00384186 6.07434e-05
0.402405 0.00168758 0.00212394
0.402773 0.000338623 0.00109764
0.40314 0.00436446 0.002158
0.403508 0.00203219 -0.00551967
0.403875 -0.00595281 0.00336542
0.404243 0.00601071 0.00695322
0.40461 0.00232586 -0.00499952
0.404978 -0.0028312 0.00522748
0.405345 0.00912641 0.000930006
0.405713 -0.00541059 -0.00787344
0.40608 -0.00507272 0.0111336
0.406448 0.0142275 0.00124367
0.406815 -0.00194844 -0.0122289
0.407183 -0.00745835 0.00345148
0.40755 0.00413954 0.00210479
0.407918 0.00137336 -0.0022421
0.408285 0.00206479 -0.00246217
0.408653 -0.00307651 -0.00558404
0.40902 -0.00380646 0.00228863
0.409387 0.00250133 -0.000651126
0.409755 -0.00312186 -0.0022733
0.410122 0.00121341 0.000991083
0.41049 -0.0016912 -0.00691474
0.410857 -0.00910752 0.00289769
0.411225 0.00474492 0.00465642
0.411592 -1.78183e-05 -0.00716413
0.41196 -0.00474667 0.0024091
0.412327 0.00324298 -0.00233849
0.412695 -0.00801552 -0.00226392
0.413062 0.00350713 0.0114095
0.41343 0.0114429 -0.00893667
0.413797 -0.0123417 -0.00733561
0.414165 -0.00056237 0.0133618
0.414532 0.0111564 -0.00201303
0.4149 -0.00310711 -0.00407921
0.415267 0.000924015 0.00242219
0.415635 -0.000520186 -0.00151093
0.416002 -0.000801916 0.00553753
0.41637 0.00489945 -0.000538539
0.416737 -0.00355384 -0.00213656
0.417105 0.00113754 0.00399418
0.417472 -0.00037301 -0.0037524
0.41784 -0.00645173 0.00459357
0.418207 0.00688588 0.00408586
0.418575 -0.000317183 -0.00729982
0.418942 -0.00582472 0.00322411
0.41931 0.0019042 0.000782136
0.419677 -0.0039949 0.00181864
0.420045 0.00740729 0.00576178
0.420412 0.00261208 -0.012929
0.42078 -0.0160809 0.00289864
0.421147 0.008394 0.0149117
0.421515 0.00928186 -0.0117669
0.421882 -0.011494 -0.00356204
0.42225 0.00131881 0.00647729
0.422617 0.000520413 -0.00365856
0.422985 -0.00185142 0.00265905
0.423352 0.00505204 -0.00344334
0.42372 -0.00510645 -0.00481128
0.424087 -0.000968753 0.00371737
0.424455 0.00169784 -0.00362877
0.424822 -0.0021528 0.00146516
0.42519 0.00688791 -6.51791e-05
0.425557 -0.00244108 -0.00792644
0.425925 -0.00496769 0.00488639
0.426292 0.00622768 0.0029329
0.42666 0.00122541 -0.000866695
0.427027 0.00379027 7.64293e-05
0.427395 -0.00326876 -0.00673532
0.427762 -0.0081042 0.0103014
0.42813 0.0134797 0.00779199
0.428497 0.00109944 -0.0140806
0.428865 -0.0131285 0.00429592
0.429232 0.00554664 0.00825192
0.4296 -0.000206802 -0.00476826
0.429967 -0.0030138 0.00430522
0.430335 0.00470401 -0.00212748
0.430702 -0.0068778 -0.00337536
0.43107 -0.00206167 0.00758014
0.431437 0.00453617 0.000317518
0.431805 -0.000448145 5.58678e-05
0.432172 0.00209479 -0.000405839
0.43254 -0.00444314 -0.00185395
0.432907 -0.00163535 0.00901542
0.433275 0.00878391 0.00215973
0.433642 0.000388325 -0.00586496
0.43401 -0.0033332 -9.71617e-06
0.434377 -0.00194335 0.0027094
0.434745 0.00319382 0.00521463
0.435112 0.00865025 -0.00627065
0.43548 -0.00600212 -0.00974775
0.435847 -0.00387047 0.00659092
0.436214 0.0091414 -0.0021369
0.436582 -0.00176573 -0.00859356
0.436949 0.000826965 0.00209451
0.437317 0.0053676 -0.0061898
0.437684 -0.00637983 -0.0042392
0.438052 0.00136382 0.00631362
0.438419 0.0075432 -0.00226245
0.438787 -0.00149695 -0.00431697
0.439154 -0.00329648 0.000507495
0.439522 -0.00257549 0.0037916
0.439889 0.00282654 0.00628509
0.440257 0.00512717 -0.00239145
0.440624 -0.00488138 -0.00524815
0.440992 -0.00700434 0.00503392
0.441359 0.00320077 0.00806595
0.441727 0.00809097 -0.00339943
0.442094 -0.00417178 -0.00966268
0.442462 -0.00893219 0.00482283
0.442829 0.00696301 0.00584631
0.443197 0.00370856 -0.00918985
0.443564 -0.00692923 -0.00125569
0.443932 0.00239156 0.00276315
0.444299 -0.00110117 -0.00652317
0.444667 -0.00735053 0.00201122
0.445034 0.00244806 0.00459501
0.445402 0.000599558 -0.00546542
0.445769 -0.00807559 -0.00342771
0.446137 -0.00680487 0.00455925
0.446504 4.98026e-05 0.00582966
0.446872 0.00223208 -0.00190605
0.447239 -0.00421626 -0.00464299
0.447607 -0.00609775 0.00208387
0.447974 -0.00183851 0.00657936
0.448342 0.00690838 0.00472815
0.448709 0.00760948 -0.00822479
0.449077 -0.00922835 -0.00441651
0.449444 -0.000211115 0.01526
0.449812 0.0175939 -0.000330031
0.450179 -0.00105455 -0.0105841
0.450547 -0.00221018 0.00816005
0.450914 0.00967152 3.85433e-06
0.451282 -0.00335713 -0.00369517
0.451649 0.00201988 0.00852759
0.452017 0.00873319 -0.00356622
0.452384 -0.00534314 -0.00635154
0.452752 -0.00521267 0.00390471
0.453119 0.0003166 0.0041948
0.453487 0.00414898 0.000601
0.453854 0.000302585 -0.00810043
0.454222 -0.0104079 -0.000690345
0.454589 -0.000595395 0.00880947
0.454957 0.00483052 -0.000729827
0.455324 0.000652528 -0.00126187
0.455692 0.000491173 -0.003643
0.456059 -0.00947721 0.000707979
0.456427 0.00355951 0.0130059
0.456794 0.0127817 -0.00697439
0.457162 -0.0108796 -0.00698309
0.457529 -0.000855523 0.0105898
0.457897 0.00660028 -0.00723787
0.458264 -0.01004 -0.000365095
0.458632 0.00775761 0.00767869
0.458999 0.00427847 -0.0165128
0.459367 -0.0154122 -0.00276239
0.459734 0.00296402 0.00972022
0.460102 0.00620641 -0.00586506
0.460469 -0.000970422 -0.00569181
0.460837 -0.0025274 -0.00603621
0.461204 -0.00834913 0.00410038
0.461572 0.00774592 0.00921366
0.461939 0.00704539 -0.00913103
0.462307 -0.00834708 -0.00103589
0.462674 0.000455476 0.00734659
0.463042 0.000127295 0.00258868
0.463409 0.00389804 0.00692124
0.463776 0.00510141 -0.00471629
0.464144 -0.00980005 0.00150817
0.464511 0.00512526 0.0112435
0.464879 0.00397494 -0.00666192
0.465246 -0.00867543 0.00677898
0.465614 0.0139855 0.00567531
0.465981 -0.00178026 -0.0168529
0.466349 -0.0159059 0.0115218
0.466716 0.0161855 0.0117969
0.467084 0.00596288 -0.0156712
0.467451 -0.00995484 -0.000156008
0.467819 0.000526482 0.00457341
0.468186 -0.00121931 0.00266007
0.468554 0.00863335 0.00270206
0.468921 0.00208576 -0.0126427
0.469289 -0.0135743 0.00101346
0.469656 0.00444681 0.00906615
0.470024 0.00686477 -0.00666292
0.470391 -0.00158667 -0.00437124
0.470759 -0.00129219 -0.00448509
0.471126 -0.00434672 -0.000141585
0.471494 0.00694259 0.00146395
0.471861 0.00145483 -0.0102087
0.472229 -0.00479652 0.0019498
0.472596 0.0104839 -0.00355623
0.472964 -0.00807808 -0.0131085
0.473331 -0.00729014 0.0144793
0.473699 0.0204439 -0.000683749
0.474066 -0.00584831 -0.0209615
0.474434 -0.0155247 0.00927
0.474801 0.00877814 0.00822624
0.475169 0.00225131 -0.00541554
0.475536 -0.000957078 -0.000334181
0.475904 -0.00408272 -0.00470693
0.476271 -0.0097983 0.00609987
0.476639 0.00652264 0.00898248
0.477006 0.00396155 -0.00686073
0.477374 -0.00801791 -0.00235193
0.477741 -0.003724 0.00377802
0.478109 -0.00118361 0.00457495
0.478476 0.00277679 0.00256426
0.478844 -0.00117841 -0.00438026
0.479211 -0.0048115 0.00112523
0.479579 -0.00128945 0.000803136
0.479946 -0.00818715 0.00252203
0.480314 0.00246715 0.00988175
0.480681 0.00791014 -0.00942879
0.481049 -0.0177888 -0.00747657
0.481416 -0.00887787 0.0177779
0.481784 0.0130148 0.00263633
0.482151 -0.00199705 -0.0107469
0.482519 -0.00864454 0.00215324
0.482886 -0.00148518 0.00472993
0.483254 0.00195178 0.0046371
0.483621 0.00711835 0.00168947
0.483989 0.0025326 -0.00376956
0.484356 -0.00152447 0.00176843
0.484724 0.00354417 0.00542454
0.485091 0.0060628 0.00378934
0.485459 0.00732691 0.00152765
0.485826 0.0060098 -0.00248651
0.486194 -0.000249397 -0.00239558
0.486561 -0.0023592 0.00498659
0.486929 0.00879219 0.00751253
0.487296 0.0127687 -0.00801515
0.487664 -0.0072696 -0.011971
0.488031 -0.00930924 0.00852993
0.488399 0.0116148 0.00715479
0.488766 0.00806144 -0.0101328
0.489134 -0.0068574 -0.00699187
0.489501 -0.00628838 0.00312058
0.489869 0.00229276 0.00633315
0.490236 0.00668336 -0.000195146
0.490604 -0.00208438 -0.00543891
0.490971 -0.0059836 0.00204494
0.491338 0.000314712 0.00464489
0.491706 0.000339325 0.00187983
0.492073 -0.000154389 0.000690539
0.492441 0.000215422 -0.00148504
0.492808 0.000161326 -0.00249642
0.493176 -0.00440669 -0.00420071
0.493543 -0.00522129 0.00518843
0.493911 0.0140883 0.00163046
0.494278 0.00389313 -0.0233443
0.494646 -0.0220185 -0.00325317
0.495013 0.0078871 0.017137
0.495381 0.0187806 -0.016037
0.495748 -0.0120662 -0.0150464
0.496116 -0.00451322 0.00622695
0.496483 0.00319244 -0.00190358
0.496851 -0.00134796 0.00225831
0.497218 0.00638843 -0.00197615
0.497586 -0.00662043 -0.00864395
0.497953 -0.00929746 0.00903056
0.498321 0.00444901 0.00722455
0.498688 0.000440482 -0.00148496
0.499056 -0.00144898 0.000432357
0.499423 -0.00372047 0.00130611
0.499791 -0.00191363 0.00625788
0.500158 0.00255486 0.00100688
0.500526 -0.000176359 0.00446189
0.500893 0.0118726 0.00209395
0.501261 -0.00390534 -0.0158198
0.501628 -0.017621 0.0143913
0.501996 0.0255491 0.0172937
0.502363 0.0100563 -0.028505
0.502731 -0.0284878 0.000477684
0.503098 0.00851027 0.02024
0.503466 0.0083938 -0.0128875
0.503833 -0.0129088 0.000423726
0.504201 0.00422074 0.00137808
0.504568 -0.00915413 -0.0117354
0.504936 -0.0124524 0.00862726
0.505303 0.00559309 0.0028224
0.505671 -0.00148177 -0.00857536
0.506038 -0.00536814 -0.00499572
0.506406 -0.00949817 -0.000963823
0.506773 -0.000482134 0.0102222
0.507141 0.0117294 -0.00309589
0.507508 -0.00372489 -0.00707174
0.507876 0.000535063 0.00380089
0.508243 -0.00101125 -0.0034482
0.508611 -0.00342211 0.0156176
0.508978 0.025417 0.00405235
0.509346 -0.00527309 -0.0266954
0.509713 -0.0242124 0.0188323
0.510081 0.024847 0.0191035
0.510448 0.00495716 -0.0226643
0.510816 -0.0172652 0.00595708
0.511183 0.0110057 0.00726625
0.511551 -0.00467063 -0.00878551
0.511918 -0.0067525 0.0111266
0.512286 0.0104185 0.00171549
0.512653 -0.000369288 -0.00531529
0.513021 -0.00351445 0.000666722
0.513388 -0.0078055 0.00521418
0.513756 0.00644848 0.0166137
0.514123 0.0167278 -0.00624524
0.514491 -0.0137301 -0.00873851
0.514858 -0.00662889 0.0175766
0.515226 0.0102561 0.0053462
0.515593 0.00240823 0.00180501
0.515961 0.00758424 -0.00473619
0.516328 -0.013514 -0.0108318
0.516696 -0.00765108 0.0209242
0.517063 0.0258098 -0.000908429
0.517431 -0.00640724 -0.0253196
0.517798 -0.0121786 0.00900014
0.518165 0.0138911 -0.000578896
0.518533 -0.00289408 -0.0106942
0.5189 0.00406581 0.00420451
0.519268 0.00940002 -0.00978134
0.519635 -0.00449642 -0.00464727
0.520003 0.00411745 0.000324581
0.52037 6.61878e-05 -0.00137246
0.520738 0.00965717 0.0079044
0.521105 0.0123425 -0.0161088
0.521473 -0.0187332 -0.00860783
0.52184 0.00150422 0.0215527
0.522208 0.0208023 -0.00528221
0.522575 -0.00480592 -0.0161798
0.522943 -0.00810249 -0.00179863
0.52331 -0.00495537 0.00383974
0.523678 0.00675025 0.0072423
0.524045 0.00841442 -0.0153509
0.524413 -0.0168287 -0.00934002
0.52478 -0.0029815 0.0119975
0.525148 0.00299094 -0.00561828
0.525515 -0.00990069 0.00209335
0.525883 0.00716543 0.0026013
0.52625 -0.00929107 -0.0129181
0.526618 -0.0173218 0.0134144
0.526985 0.00869543 0.00866025
0.527353 -0.00495805 -0.0063084
0.52772 -0.00500944 0.00669102
0.528088 -0.00173419 -0.00727952
0.528455 -0.0194523 0.00539692
0.528823 0.00852352 0.0190702
0.52919 0.0136413 -0.0167692
0.529558 -0.0183154 -0.0121572
0.529925 -0.00853173 0.0134273
0.530293 0.00974886 0.00616118
0.53066 0.010337 -0.00968212
0.531028 -0.00655328 -0.0132189
0.531395 -0.00952417 0.00984449
0.531763 0.012483 0.00411841
0.53213 -0.00371677 -0.0101849
0.532498 -0.00236779 0.0148467
0.532865 0.0171608 -0.00514127
0.533233 -0.0199939 -0.012942
0.5336 -0.00808152 0.0299091
0.533968 0.027654 0.00409388
0.534335 -0.00665222 -0.0154854
0.534703 -0.00897301 0.0119677
0.53507 0.00541946 0.00516923
0.535438 -0.000310981 0.0109882
0.535805 0.0188082 0.00695965
0.536173 0.0040032 -0.0177011
0.53654 -0.0150196 0.00678254
0.536908 0.0109144 0.0191098
0.537275 0.0183222 -0.00374087
0.537643 0.00266974 -0.0136707
0.53801 -0.0121439 -0.00163662
0.538378 0.00231982 0.0147945
0.538745 0.0152058 -0.00972224
0.539113 -0.0151371 -0.0119905
0.53948 -0.000229038 0.0140384
0.539848 0.0114353 -0.0203162
0.540215 -0.0312195 -0.0103753
0.540583 0.00134819 0.02847
0.54095 0.0238131 -0.0200685
0.541318 -0.025575 -0.0227396
0.541685 -0.011647 0.0178579
0.542053 0.00972136 0.00210778
0.54242 0.00130732 -0.00189439
0.542788 0.00774718 -0.00709009
0.543155 -0.0112941 -0.00876237
0.543523 -0.0066731 0.0190987
0.54389 0.0199509 0.00547391
0.544258 0.00636915 -0.013758
0.544625 -0.00638745 -0.00317436
0.544993 -0.00574174 0.00763006
0.54536 0.0107457 0.00999829
0.545727 0.0127209 -0.0136592
0.546095 -0.0141116 -0.00506914
0.546462 0.00606591 0.01276
0.54683 0.0069741 -0.0171628
0.547197 -0.0204101 0.00557222
0.547565 0.0190125 0.0196959
0.547932 0.00985463 -0.0279973
0.5483 -0.0323784 0.00125044
0.548667 0.00579493 0.0288124
0.549035 0.0139305 -0.00591536
0.549402 -0.00741268 -0.00311563
0.54977 -0.0047212 0.00161694
0.550137 -0.0131882 0.00811781
0.550505 0.00611454 0.0186301
0.550872 0.0131197 -0.00871477
0.55124 -0.0124899 -0.00744293
0.551607 -0.00555183 0.00831252
0.551975 0.00283933 0.00304552
0.552342 0.00906345 0.00185729
0.55271 0.00695902 -0.01344
0.553077 -0.0102953 -0.00626676
0.553445 0.00665247 0.0042223
0.553812 0.00416277 -0.0109077
0.55418 -0.00235134 0.00565464
0.554547 0.0213077 -0.00872115
0.554915 -0.0123111 -0.0277443
0.555282 -0.0191511 0.0208896
0.55565 0.0270387 0.00919603
0.556017 0.00271771 -0.027905
0.556385 -0.0172596 -0.00160041
0.556752 -0.00320307 0.0056042
0.55712 -0.00251124 0.00623087
0.557487 0.0128132 -0.000209819
0.557855 -0.00312146 -0.0183443
0.558222 -0.0170382 0.00703197
0.55859 0.00799935 0.00986713
0.558957 0.00236803 -0.00473239
0.559325 0.00183499 0.0051714
0.559692 0.00492257 -0.00578155
0.56006 -0.0106784 0.000729004
0.560427 0.00088816 0.0127834
0.560795 0.00251402 0.00378374
0.561162 0.00455574 0.00564266
0.56153 0.0018058 -0.0135705
0.561897 -0.0312665 0.00204688
0.562265 0.00183043 0.0342459
0.562632 0.0255508 -0.0147419
0.563 -0.0250357 -0.0212993
0.563367 -0.017725 0.0182285
0.563735 0.00406814 0.00446392
0.564102 0.00185473 0.00155113
0.56447 0.00932057 -0.00968441
0.564837 -0.0182897 -0.0126398
0.565205 -0.00660638 0.0214419
0.565572 0.0234586 -0.00104277
0.56594 -0.00585868 -0.0110611
0.566307 0.000977964 0.0119372
0.566675 0.0097725 -0.00789552
0.567042 -0.00994904 0.0018974
0.56741 0.00795076 0.0147953
0.567777 0.0106477 -0.00391504
0.568145 0.00359293 -0.00598071
0.568512 -0.00662127 -0.00932195
0.56888 -0.0142598 0.0174291
0.569247 0.0297953 0.0147471
0.569615 0.0112254 -0.0359851
0.569982 -0.0312489 0.00199713
0.57035 0.0142293 0.0248903
0.570717 0.014748 -0.011727
0.571085 8.21346e-05 0.00363889
0.571452 0.0124257 -0.0078769
0.57182 -0.0189237 -0.00359533
0.572187 0.00815951 0.0314009
0.572554 0.0272366 -0.0133651
0.572922 -0.0211616 -0.011677
0.573289 0.00165046 0.0200171
0.573657 0.00772622 -0.0111871
0.574024 -0.0178828 0.00445019
0.574392 0.0115556 0.00858312
0.574759 0.00161134 -0.0214555
0.575127 -0.0183121 -0.0049548
0.575494 -0.00973497 0.0034597
0.575862 0.00120256 0.0073597
0.576229 0.0197049 -0.0148556
0.576597 -0.0235993 -0.0310537
0.576964 -0.0265799 0.0272345
0.577332 0.0338978 0.00711476
0.577699 -0.00568731 -0.0312505
0.578067 -0.0153915 0.0167086
0.578434 0.0164191 -0.00421668
0.578802 -0.0204956 -0.00425153
0.579169 0.0123883 0.0317616
0.579537 0.0247659 -0.0220361
0.579904 -0.0289852 -0.00732173
0.580272 0.00825701 0.0267081
0.580639 0.0131211 -0.0128125
0.581007 -0.00958314 0.00681844
0.581374 0.023013 0.00154947
0.581742 -0.00569681 -0.0259151
0.582109 -0.0181519 0.0135615
0.582477 0.0187353 0.0120527
0.582844 0.0155028 -0.0118977
0.583212 -0.00104707 -0.0190967
0.583579 -0.0276007 -0.00121894
0.583947 0.00451184 0.037877
0.584314 0.037704 -0.0133114
0.584682 -0.0319413 -0.0270945
0.585049 -0.017436 0.0374667
0.585417 0.0243873 -0.00187439
0.585784 -0.0258783 -0.00593482
0.586152 0.0041973 0.029794
0.586519 0.0143321 -0.0237068
0.586887 -0.0345979 -0.00156737
0.587254 0.00778521 0.0279241
0.587622 0.0116186 -0.0165528
0.587989 -0.00802595 -0.000861218
0.588357 0.015627 -0.00795756
0.588724 -0.0165667 -0.0190303
0.589092 -0.00596084 0.0223701
0.589459 0.0341047 -0.00604618
0.589827 -0.000770113 -0.032381
0.590194 -0.0200345 -0.00545185
0.590562 -0.00841719 0.0122589
0.590929 0.0195144 0.0113433
0.591297 0.0144992 -0.0315941
0.591664 -0.0408164 -0.0138473
0.592032 -0.00516833 0.0367382
0.592399 0.0236594 -0.0113703
0.592767 -0.0251922 -0.010524
0.593134 0.00215384 0.0220482
0.593502 0.00721045 -0.0150955
0.593869 -0.0260187 0.00978015
0.594237 0.0152509 0.0268233
0.594604 0.0143648 -0.0103401
0.594972 -0.00730309 0.00557044
0.595339 0.00462859 0.00652303
0.595707 -0.00840727 0.00881781
0.596074 0.0165709 0.0265822
0.596442 0.0246705 -0.0142885
0.596809 -0.023488 -0.0127595
0.597177 -0.00959484 0.0261831
0.597544 0.0192409 0.0100715
0.597912 0.00810252 -0.0108832
0.598279 -0.0103658 -0.0156638
0.598647 -0.0203323 0.00502017
0.599014 0.00808668 0.017256
0.599382 0.0113837 -0.0143337
0.599749 -0.0142654 -0.00938455
0.600116 0.000440032 0.00408954
0.600484 -0.00260756 -0.00686593
0.600851 -0.00599389 0.0106873
0.601219 0.0189383 0.00268245
0.601586 0.00386719 -0.0170264
0.601954 -0.00875933 0.00117076
0.602321 0.00230571 0.00740125
0.602689 0.0101148 0.00864067
0.603056 0.0239733 -0.00609336
0.603424 -0.0021257 -0.0275541
0.603791 -0.021298 0.00865218
0.604159 0.0222454 0.0215677
0.604526 0.0265447 -0.0234169
0.604894 -0.012996 -0.0242197
0.605261 -0.00999874 0.00784704
0.605629 0.0129981 0.00524281
0.605996 0.00689238 -0.0125439
0.606364 -0.00398578 -0.00577709
0.606731 0.0042955 -0.00194726
0.607099 -0.00817082 -0.00920442
0.607466 -0.0158733 0.0128571
0.607834 0.0145553 0.0120919
0.608201 0.00369078 -0.0179709
0.608569 -0.025243 -0.00171376
0.608936 -0.0114106 0.0138372
0.609304 -0.00238416 0.00855566
0.609671 0.00758342 0.0051214
0.610039 -0.00102419 -0.0214399
0.610406 -0.0363516 -0.00647204
0.610774 -0.00759666 0.0329251
0.611141 0.0293275 -0.000487285
0.611509 -0.00571176 -0.0325038
0.611876 -0.0318536 -0.000622211
0.612244 -0.00210879 0.0266463
0.612611 0.0228956 -0.000942087
0.612979 -0.0087421 -0.0213039
0.613346 -0.0169165 0.0143266
0.613714 0.0158322 0.00522158
0.614081 -0.0141485 -0.0153706
0.614449 -0.011734 0.029555
0.614816 0.0360238 0.00275626
0.615184 -0.0119686 -0.0332673
0.615551 -0.0255693 0.0217383
0.615919 0.0236113 0.0174625
0.616286 0.0106819 -0.0078168
0.616654 0.0106304 -0.00142221
0.617021 0.000803291 -0.0185489
0.617389 -0.0186773 0.0185939
0.617756 0.0332786 0.0303537
0.618124 0.027736 -0.0288121
0.618491 -0.0220852 -0.0120053
0.618859 -0.00517221 0.0252956
0.619226 0.0152413 0.0155402
0.619594 0.0161397 -0.00643356
0.619961 -0.0104228 -0.0157533
0.620329 -0.0169733 0.0188596
0.620696 0.0150052 0.00657257
0.621064 -0.0138774 -0.0155246
0.621431 -0.00514082 0.0238184
0.621799 0.0286797 -0.0158236
0.622166 -0.0344714 -0.0288231
0.622534 -0.0138243 0.0392386
0.622901 0.0417632 -0.00424451
0.623269 -0.00925495 -0.030951
0.623636 -0.00808421 0.00540971
0.624004 0.000418908 -0.00865223
0.624371 -0.0073028 0.0145477
0.624739 0.0346253 -0.00172662
0.625106 -0.00802553 -0.044691
0.625474 -0.0344974 0.0141475
0.625841 0.0208539 0.0143517
0.626209 0.00367195 -0.0247758
0.626576 -0.00885973 -0.00476303
0.626944 -0.003323 -0.0121725
0.627311 -0.0186745 -0.000878276
0.627678 0.00638308 0.0074509
0.628046 0.001274 -0.0101706
0.628413 -0.00231553 0.00496302
0.628781 0.0037739 -0.0148552
0.629148 -0.0306585 0.00553259
0.629516 0.0176779 0.0460774
0.629883 0.0365953 -0.0220523
0.630251 -0.0349902 -0.0149566
0.630618 -0.00436094 0.0416854
0.630986 0.0196843 0.00912141
0.631353 0.00083373 0.0112125
0.631721 0.0187172 -0.00491037
0.632088 -0.0260535 -0.0160941
0.632456 -0.0140199 0.0447415
0.632823 0.0425759 0.00020937
0.633191 -0.0161222 -0.036418
0.633558 -0.0191901 0.0196776
0.633926 0.0167047 -0.00506373
0.634293 -0.0178892 -0.0144944
0.634661 -0.000464266 0.0157532
0.635028 0.0167352 -0.012715
0.635396 -0.0111728 -0.0197777
0.635763 -0.0195981 0.000957776
0.636131 -0.00627862 0.024315
0.636498 0.0320818 0.00713258
0.636866 0.000688559 -0.0420483
0.637233 -0.0456266 0.0101149
0.637601 0.0156675 0.0422996
0.637968 0.0262962 -0.0159624
0.638336 -0.00700078 -0.0100596
0.638703 0.0034397 -0.00413973
0.639071 -0.0174556 -0.00071718
0.639438 0.0145 0.0295024
0.639806 0.0443797 -0.0261822
0.640173 -0.023031 -0.0325496
0.640541 -0.00656265 0.0283249
0.640908 0.0344739 -0.00903972
0.641276 -0.00690922 -0.0189289
0.641643 0.00536061 0.0172105
0.642011 0.0208876 -0.0150304
0.642378 -0.0208393 -0.0182219
0.642746 -0.018386 0.0267201
0.643113 0.0210148 0.0222392
0.643481 0.0125049 -0.0248689
0.643848 -0.0418658 -0.0167351
0.644216 -0.0288517 0.0429055
0.644583 0.0271796 0.0196025
0.644951 -0.00162 -0.02752
0.645318 -0.0281935 0.00190122
0.645686 -0.00648204 0.0124086
0.646053 -0.00457728 0.00926001
0.646421 0.0160832 0.0111985
0.646788 0.0131843 -0.0217249
0.647156 -0.0232457 -0.00736801
0.647523 0.00355435 0.0239142
0.647891 0.0244592 -0.00377084
0.648258 -0.000214922 -0.0112144
0.648626 0.00318302 -0.000447461
0.648993 0.00351253 -0.012979
0.649361 -0.0148679 -0.00111218
0.649728 0.00418401 0.017793
0.650096 0.0273705 -0.0158793
0.650463 -0.0137023 -0.0397762
0.650831 -0.0368797 0.0144574
0.651198 0.0218316 0.0292667
0.651566 0.0282944 -0.0309916
0.651933 -0.0218562 -0.0223792
0.652301 -0.0103073 0.0178116
0.652668 0.011228 0.00864794
0.653036 0.0134994 0.00204433
0.653403 0.0129638 -0.00662171
0.653771 -0.00796903 -0.00258743
0.654138 -0.00139046 0.0164472
0.654505 0.0104732 0.00665283
0.654873 0.00321078 0.00702936
0.65524 0.0109868 0.000433876
0.655608 -0.009699 -0.0160998
0.655975 -0.0242245 0.0126392
0.656343 0.00671833 0.0201361
0.65671 0.0135872 -0.0113091
0.657078 -0.0104403 -0.026914
0.657445 -0.0388625 -0.00562353
0.657813 -0.0112692 0.0348127
0.65818 0.0380515 -0.00549445
0.658548 -0.0152866 -0.0461751
0.658915 -0.0420936 0.0147168
0.659283 0.0107236 0.0216184
0.65965 0.00620376 -0.00687003
0.660018 0.00288682 0.00217139
0.660385 -0.00532929 -0.0155354
0.660753 -0.0270255 0.0116626
0.66112 0.0189252 0.0243576
0.661488 0.00759163 -0.0193836
0.661855 -0.0185813 0.00978473
0.662223 0.0230205 0.00122842
0.66259 -0.0156325 -0.0274796
0.662958 -0.0218922 0.0356421
0.663325 0.0468125 0.012987
0.663693 0.0109124 -0.0449324
0.66406 -0.0311913 -0.00167575
0.664428 -0.00287293 0.0344126
0.664795 0.0358107 0.0212504
0.665163 0.0315814 -0.0282648
0.66553 -0.0334757 -0.0148704
0.665898 -0.00750916 0.0520387
0.666265 0.0427502 0.0093716
0.666633 -0.00313572 -0.0104909
0.667 0.00714372 0.0169328
0.667368 0.00120844 -0.0157535
0.667735 -0.0255751 0.0244066
0.668103 0.0395222 0.0235382
0.66847 0.00732634 -0.0445685
0.668838 -0.0293984 0.00919903
0.669205 0.0274472 0.00363692
0.669573 -0.0177351 -0.0307467
0.66994 -0.00832028 0.0303625
0.670308 0.0503707 -0.021367
0.670675 -0.0307093 -0.0546102
0.671043 -0.040159 0.0284697
0.67141 0.0296956 0.0185546
0.671778 0.0204677 -0.0292963
0.672145 -0.0211262 -0.0317655
0.672513 -0.0409748 0.00951975
0.67288 0.0163019 0.0307682
0.673248 0.0250867 -0.0316954
0.673615 -0.0330935 -0.012803
0.673983 0.00967662 0.0155412
0.67435 0.00118259 -0.0306855
0.674718 -0.0240064 0.0233508
0.675085 0.0498425 0.0115663
0.675453 -0.000700361 -0.0567789
0.67582 -0.0350271 0.0191801
0.676188 0.0332328 0.0154581
0.676555 -0.00414501 -0.0206275
0.676923 0.00538417 0.020116
0.67729 0.0217294 -0.0306364
0.677658 -0.054059 -0.0107545
0.678025 -0.00242659 0.0575025
0.678393 0.0413572 -0.0128421
0.67876 -0.0291418 -0.0336858
0.679128 -0.0410985 0.0171832
0.679495 -0.00824259 0.0349272
0.679863 0.0222647 0.0115075
0.68023 -0.0118647 -0.0274621
0.680598 -0.041003 0.0224518
0.680965 0.0215035 0.0296995
0.681333 -0.00653192 -0.0173972
0.6817 -0.0202827 0.0382343
0.682067 0.0479177 0.00681506
0.682435 -0.0181654 -0.0387491
0.682802 -0.0295557 0.0447505
0.68317 0.0429766 0.0165837
0.683537 0.00628589 -0.0249794
0.683905 0.00640008 0.00043133
0.684272 -0.00507054 -0.0268949
0.68464 -0.0303999 0.0201547
0.685007 0.0518492 0.021778
0.685375 0.0226401 -0.0661405
0.685742 -0.0534542 -0.0166177
0.68611 0.000600574 0.0321876
0.686477 0.0316126 -0.00357419
0.686845 0.0154468 -0.0257526
0.687212 -0.0201566 -0.0230573
0.68758 -0.0164754 0.0281049
0.687947 0.0349667 0.0117729
0.688315 -0.00538309 -0.0194322
0.688682 -0.00290838 0.0307765
0.68905 0.0341167 -0.00902924
0.689417 -0.0347447 -0.0136039
0.689785 -0.00223214 0.0559446
0.690152 0.0482968 -0.00357115
0.69052 -0.012294 -0.0237744
0.690887 -0.00936064 0.00702727
0.691255 -0.0136901 -0.00302806
0.691622 0.0022963 0.0345232
0.69199 0.0516262 -0.0187544
0.692357 -0.0351443 -0.0616762
0.692725 -0.0466851 0.0352978
0.693092 0.0382271 0.0221719
0.69346 0.00711924 -0.0324474
0.693827 -0.0186338 -0.0139401
0.694195 -0.0217739 -0.00567834
0.694562 -0.0156493 0.0249708
0.69493 0.0160688 0.0046726
0.695297 -0.0173613 -0.0176092
0.695665 -0.00984798 0.0147294
0.696032 -0.00175554 -0.0143756
0.6964 -0.0407442 0.0128795
0.696767 0.0259025 0.0372853
0.697135 0.0283712 -0.0409271
0.697502 -0.0372246 -0.0121379
0.69787 0.00408026 0.0247353
0.698237 0.0142727 0.00178921
0.698605 0.0303303 0.012403
0.698972 0.0320532 -0.0411069
0.69934 -0.0445803 -0.011564
0.699707 0.0205319 0.0638805
0.700075 0.0639035 -0.0230874
0.700442 -0.0223452 -0.0290336
0.70081 0.000579552 0.0274626
0.701177 0.0109732 -0.00551558
0.701545 -0.0127531 0.0142064
0.701912 0.0225166 0.00828886
0.70228 -0.00250635 -0.0202495
0.702647 -0.0166574 0.00435725
0.703015 -0.0121681 -0.00038312
0.703382 -0.00849249 0.0222207
0.70375 0.0384765 -0.00011633
0.704117 -0.0155642 -0.0509658
0.704485 -0.0470735 0.0197847
0.704852 0.0280468 0.0273158
0.70522 0.0167821 -0.0177905
0.705587 0.0035083 -0.0114156
0.705955 -0.0171099 -0.0310352
0.706322 -0.0402651 0.031837
0.70669 0.0531128 0.0348579
0.707057 0.012979 -0.072865
0.707425 -0.071606 0.000487207
0.707792 0.0204092 0.0406436
0.70816 0.00843231 -0.0406479
0.708527 -0.0373291 0.00281945
0.708894 0.0208209 0.00455528
0.709262 -0.00794044 -0.0400885
0.709629 -0.0325112 0.00193573
0.709997 0.0040985 0.0169626
0.710364 0.0247796 0.000752971
0.710732 0.0154131 -0.0337741
0.711099 -0.0399177 -0.0148045
0.711467 -0.00367234 0.0542006
0.711834 0.0510365 0.00604526
0.712202 -0.00192379 -0.0248158
0.712569 -0.00919018 0.00603912
0.712937 -0.0191724 0.00829322
0.713304 -0.00598325 0.0568748
0.713672 0.0624779 0.000175608
0.714039 -0.0330469 -0.0636902
0.714407 -0.063769 0.0597166
0.714774 0.0530558 0.0404177
0.715142 -0.00294713 -0.0493223
0.715509 -0.0362198 0.0252939
0.715877 0.0288098 0.0133783
0.716244 -0.0189946 -0.0267656
0.716612 -0.0268496 0.0316269
0.716979 0.0334264 0.0278404
0.717347 0.0264045 -0.0230429
0.717714 -0.0286787 -0.0255789
0.718082 -0.0321771 0.0410224
0.718449 0.0502412 0.0406672
0.718817 0.029559 -0.0457347
0.719184 -0.0397952 -0.0113233
0.719552 0.00509084 0.0205161
0.719919 7.27293e-05 -0.00938103
0.720287 0.0106087 0.0187635
0.720654 0.0446407 -0.0424166
0.721022 -0.0505683 -0.0518755
0.721389 -0.0194593 0.053124
0.721757 0.0669125 -0.0146877
0.722124 -0.0151512 -0.055575
0.722492 -0.0133896 0.0184854
0.722859 0.0240267 -0.0143911
0.723227 -0.0210421 -0.00937077
0.723594 0.00830322 0.0367781
0.723962 0.035643 -0.00196658
0.724329 -0.00535428 -0.0296046
0.724697 -0.0426388 0.011101
0.725064 0.00326113 0.0700508
0.725432 0.0685943 -0.000356622
0.725799 -0.0251935 -0.0633906
0.726167 -0.0538664 0.0475492
0.726534 0.0482624 0.0380986
0.726902 0.00603843 -0.0344532
0.727269 -0.00787173 0.0111649
0.727637 0.021464 -0.0216316
0.728004 -0.0397541 -0.00916639
0.728372 0.0129989 0.0403758
0.728739 0.0338007 -0.0366955
0.729107 -0.0350062 -0.0178439
0.729474 0.00122429 0.0132855
0.729842 -0.0156327 -0.0237856
0.730209 -0.0256413 0.0264179
0.730577 0.0313775 0.00287655
0.730944 -0.0175866 -0.0421341
0.731312 -0.0410326 0.00614343
0.731679 -0.013822 0.0237802
0.732047 0.0195221 0.0267865
0.732414 0.0416557 -0.0396333
0.732782 -0.0578517 -0.045399
0.733149 -0.0261682 0.0784997
0.733517 0.0906157 0.0061421
0.733884 -1.12004e-05 -0.0669959
0.734252 -0.0188421 0.0219315
0.734619 0.029299 0.000474542
0.734987 0.000100092 -4.77966e-05
0.735354 0.0432308 0.00693202
0.735722 0.00752821 -0.0438033
0.736089 -0.0239734 0.0144313
0.736456 0.0314638 -0.00688379
0.736824 -0.0305946 -0.0237007
0.737191 0.00413199 0.0484327
0.737559 0.043406 -0.0491581
0.737926 -0.0793253 -0.0420592
0.738294 -0.0242799 0.0715364
0.738661 0.0397019 -0.00346452
0.739029 -0.021813 -0.0227414
0.739396 -0.0129604 -0.00594972
0.739764 -0.0502655 0.000816694
0.740131 -0.00896848 0.0729169
0.740499 0.0623443 -0.0134178
0.740866 -0.0451048 -0.0491486
0.741234 -0.0390146 0.0507084
0.741601 0.0198077 0.017729
0.741969 -0.00301825 0.00730515
0.742336 0.0218579 -0.00692608
0.742704 -0.0339295 -0.034067
0.743071 -0.0234933 0.040698
0.743439 0.0381271 -0.0136253
0.743806 -0.0407076 -0.0216165
0.744174 0.0238223 0.0386666
0.744541 0.0304528 -0.0784236
0.744909 -0.100801 0.000383288
0.745276 0.0427885 0.0993587
0.745644 0.0778045 -0.0725615
0.746011 -0.0723292 -0.034214
0.746379 -0.00394238 0.0672325
0.746746 0.0256571 0.00645377
0.747114 0.00839057 0.0231202
0.747481 0.0361136 -0.00352213
0.747849 -0.0290829 -0.00707174
0.748216 -0.00384993 0.0537645
0.748584 0.0363442 0.0123319
0.748951 0.0135074 0.0110684
0.749319 0.0290644 -0.00644111
0.749686 -0.0269402 -0.0173538
0.750054 0.00487101 0.0564423
0.750421 0.0627124 -0.0114899
0.750789 -0.0202624 -0.0241437
0.751156 0.0262812 0.0257518
0.751524 0.0124331 -0.0564655
0.751891 -0.0655351 0.0379917
0.752259 0.0900924 0.0612044
0.752626 0.0376445 -0.119795
0.752994 -0.119234 -0.000808736
0.753361 0.0324617 0.0913934
0.753729 0.0594133 -0.0549162
0.754096 -0.0416626 -0.036709
0.754464 -0.0117406 0.00630424
0.754831 -0.00772379 -0.012585
0.755199 0.00433441 -0.00130795
0.755566 0.00944074 -0.0248472
0.755934 -0.00511718 -0.0181388
0.756301 0.0103782 -0.0321436
0.756669 -0.0277874 -0.023788
0.757036 0.00865627 0.0325263
0.757404 0.0481008 -0.0362581
0.757771 -0.0283307 -0.0445373
0.758139 -0.00750412 0.017356
0.758506 -0.00236819 -0.0127643
0.758874 -0.017904 0.0300972
0.759241 0.0617139 -0.00326962
0.759609 -0.03695 -0.0817189
0.759976 -0.0953981 0.0647242
0.760344 0.0695393 0.0698027
0.760711 0.0317229 -0.0794699
0.761079 -0.0802621 -0.0101524
0.761446 -0.0123305 0.0555597
0.761814 0.0210833 0.00619233
0.762181 0.0010339 -0.00480991
0.762549 -0.00746143 -0.000864738
0.762916 -0.0100596 0.00726457
0.763284 -0.00606194 0.00625169
0.763651 -0.0145702 0.0190107
0.764018 0.0163445 0.0255217
0.764386 0.0134657 -0.0243466
0.764753 -0.0445234 -0.00878158
0.765121 -0.0255813 0.0393501
0.765488 0.00955817 0.0204342
0.765856 0.0127772 -0.00499002
0.766223 -0.0143833 -0.0346949
0.766591 -0.0680978 0.00145028
0.766958 -0.00276138 0.0653378
0.767326 0.0655793 -0.0130808
0.767693 -0.0216397 -0.0617094
0.768061 -0.0486403 0.0202852
0.768428 0.0277808 0.0373507
0.768796 0.0421002 -0.00699197
0.769163 0.0141115 -0.014104
0.769531 0.00932776 -0.00304341
0.769898 0.0125332 0.00314148
0.770266 0.0105389 0.0202335
0.770633 0.0349913 0.0233233
0.771001 0.037793 -0.0236122
0.771368 -0.0153891 -0.0253231
0.771736 -0.0175819 0.0235062
0.772103 0.0154472 0.0198867
0.772471 0.0283613 -0.00512622
0.772838 0.0136709 -0.0447853
0.773206 -0.0592085 -0.027474
0.773573 -0.0249677 0.0646863
0.773941 0.0725476 0.00602827
0.774308 -0.00975351 -0.0714733
0.774676 -0.0604181 0.0189194
0.775043 0.0137303 0.0414523
0.775411 0.0105518 0.00215799
0.775778 -0.0017706 0.0117423
0.776146 0.000942321 -0.000416068
0.776513 -0.0163408 0.0067566
0.776881 -0.0128135 0.0192634
0.777248 -0.00567564 0.025139
0.777616 0.0342083 0.00851428
0.777983 0.00543337 -0.0531304
0.778351 -0.0627637 -0.00124768
0.778718 0.014969 0.0444427
0.779086 0.0464922 -0.0350453
0.779453 -0.00216698 -0.0390462
0.779821 -0.00725715 -0.0353508
0.780188 -0.0436563 -0.00701546
0.780556 0.0388045 0.0554867
0.780923 0.0829421 -0.0693548
0.781291 -0.0804854 -0.0691763
0.781658 -0.0272032 0.0861591
0.782026 0.0818947 -0.00149984
0.782393 -0.024385 -0.0402518
0.782761 -0.0117 0.0389689
0.783128 0.0204092 -0.00700169
0.783496 -0.0270386 0.00939119
0.783863 0.00837437 0.0365299
0.784231 0.0167456 0.00554768
0.784598 0.0187527 -0.00193697
0.784966 -0.00980144 -0.0305256
0.785333 -0.041426 0.0359833
0.785701 0.0655879 0.0474528
0.786068 0.0435815 -0.0681815
0.786436 -0.0497648 -0.0201014
0.786803 0.0023305 0.0246156
0.787171 0.00575422 0.00626439
0.787538 0.0391502 0.0150141
0.787906 0.0179259 -0.0838817
0.788273 -0.109361 -0.0131451
0.788641 0.0153187 0.0984398
0.789008 0.0608872 -0.0641917
0.789376 -0.0921205 -0.0484176
0.789743 -0.016303 0.0479437
0.790111 0.000779145 -0.0391976
0.790478 -0.0655201 0.0115007
0.790845 0.0260776 0.0253026
0.791213 0.00195611 -0.0537224
0.79158 -0.045455 -0.00107357
0.791948 -0.0103845 0.0147021
0.792315 0.00169691 0.0237119
0.792683 0.0584458 0.00455934
0.79305 -0.00107872 -0.0635744
0.793418 -0.0601044 0.0299312
0.793785 0.0451329 0.0584205
0.794153 0.0424922 -0.0185551
0.79452 0.00683816 -0.0111175
0.794888 -0.014317 -0.0250223
0.795255 -0.047868 0.0439285
0.795623 0.0639372 0.0582714
0.79599 0.029148 -0.0750314
0.796358 -0.0785477 0.00887215
0.796725 0.0296726 0.0549472
0.797093 -0.00220342 -0.0397482
0.79746 -0.0400446 0.0517306
0.797828 0.074245 0.0225737
0.798195 -0.0221663 -0.0695812
0.798563 -0.0721159 0.0549435
0.79893 0.0485605 0.0650342
0.799298 0.0386005 -0.0140919
0.799665 -0.00569496 -0.0169321
0.800033 -0.0364668 -0.00466422
0.8004 -0.0168753 0.0583802
0.800768 0.0622743 0.024918
0.801135 0.0120014 -0.0561919
0.801503 -0.0392007 -0.0164826
0.80187 -0.0118287 0.0149139
0.802238 0.0146226 0.0206408
0.802605 0.0466484 -0.0294435
0.802973 -0.0217152 -0.0685193
0.80334 -0.0324039 0.0251695
0.803708 0.0509102 -0.00199684
0.804075 -0.0178951 -0.0493804
0.804443 -0.00120403 0.0407135
0.80481 0.0736646 -0.0351699
0.805178 -0.0569031 -0.0689771
0.805545 -0.0415512 0.0798228
0.805913 0.0963566 0.0255687
0.80628 0.0190117 -0.0824389
0.806648 -0.0614694 -0.0121228
0.807015 -0.0117026 0.0491907
0.807383 0.0428211 0.0234142
0.80775 0.0328906 -0.0383222
0.808118 -0.0289577 -0.0386333
0.808485 -0.0345552 0.0228637
0.808853 0.0106001 0.0362897
0.80922 0.0348733 -0.00431151
0.809588 -0.00352176 -0.0430062
0.809955 -0.057261 0.00985182
0.810323 0.000577603 0.0547886
0.81069 0.0214223 -0.0167903
0.811058 -0.0403127 0.00256066
0.811425 0.0082399 0.0418233
0.811793 -0.000395363 -0.0357153
0.81216 -0.0752708 0.0135883
0.812528 0.0177562 0.0803699
0.812895 0.062615 -0.03008
0.813263 -0.0476108 -0.0632521
0.81363 -0.0590882 0.0382904
0.813998 0.0411886 0.0549026
0.814365 0.0601555 -0.0381742
0.814733 -0.0215385 -0.0615117
0.8151 -0.0314728 0.00984982
0.815468 0.0208629 0.0200036
0.815835 0.0315071 -0.0054081
0.816203 0.0329376 -0.0333175
0.81657 -0.0212857 -0.0467103
0.816938 -0.0361826 0.0325807
0.817305 0.047305 0.0243951
0.817673 0.00952749 -0.0420507
0.81804 -0.0222141 0.0133093
0.818407 0.0227427 -0.00880951
0.818775 -0.0427391 -0.0206533
0.819142 -0.00743464 0.0743378
0.81951 0.0819106 -0.00314261
0.819877 -0.0158783 -0.072715
0.820245 -0.0537215 0.0280809
0.820612 0.0249409 0.0612011
0.82098 0.061715 0.00527956
0.821347 0.0248506 -0.0554993
0.821715 -0.0497752 -0.0119196
0.822082 -0.00186219 0.0640778
0.82245 0.0456123 -0.00368135
0.822817 -0.00902253 -0.0284543
0.823185 -0.00652277 -0.00933248
0.823552 -0.0430315 -0.0261971
0.82392 -0.0450384 0.0331965
0.824287 0.0292548 -0.00496264
0.824655 -0.0368009 -0.0521389
0.825022 -0.0415836 0.0100827
0.82539 -0.0174204 -0.0373001
0.825757 -0.0807839 0.0138733
0.826125 0.0441555 0.0713815
0.826492 0.049157 -0.0957067
0.82686 -0.12174 -0.0300665
0.827227 -0.00883025 0.119912
0.827595 0.0859166 0.00771732
0.827962 0.00464546 -0.0365411
0.82833 -0.0192699 0.000296994
0.828697 -0.0262119 0.0414528
0.829065 0.0462941 0.062061
0.829432 0.0572741 -0.0332267
0.8298 -0.0295676 -0.0129872
0.830167 0.012315 0.0294633
0.830535 0.00766681 -0.0168503
0.830902 0.00283636 0.0290916
0.83127 0.0558942 -0.0106624
0.831637 -0.0195695 -0.0430528
0.832005 -0.00406999 0.0240004
0.832372 0.0157266 -0.0142673
0.83274 -0.0268196 0.0438026
0.833107 0.0870594 0.0301227
0.833475 -0.00635094 -0.10765
0.833842 -0.122303 0.0728724
0.83421 0.0874497 0.125269
0.834577 0.0653729 -0.0809203
0.834945 -0.0779274 -0.0153936
0.835312 -0.0122979 0.0575993
0.83568 0.00408016 0.0260052
0.836047 0.038205 0.0150346
0.836415 0.0193571 -0.0624619
0.836782 -0.055811 -0.00933058
0.83715 0.0237793 0.0270933
0.837517 0.0236538 -0.0436472
0.837885 0.00466931 -0.00982565
0.838252 0.0385896 -0.0476453
0.83862 -0.0347534 -0.0524228
0.838987 0.000890011 0.0209045
0.839355 0.030845 -0.0323681
0.839722 -0.00446162 -0.0136378
0.84009 0.0409277 -0.0399322
0.840457 -0.0733718 -0.0671598
0.840825 -0.05237 0.103383
0.841192 0.12596 -0.0013903
0.84156 -0.0438534 -0.130869
0.841927 -0.10418 0.0620136
0.842295 0.0463551 0.0451199
0.842662 -0.00147716 -0.0291029
0.84303 0.00752438 0.0161622
0.843397 -0.00224325 -0.0389102
0.843765 -0.0613233 0.0209459
0.844132 0.0365175 0.0523137
0.8445 0.0283483 -0.0203741
0.844867 -0.00661015 0.0089701
0.845234 0.00541549 -0.0146641
0.845602 -0.0469864 0.0182707
0.845969 0.0210283 0.0715481
0.846337 0.0349647 -0.0180376
0.846704 -0.0293826 -0.013513
0.847072 -0.0256265 -0.00450329
0.847439 -0.0740454 0.0346083
0.847807 0.039291 0.0923146
0.848174 0.0710965 -0.100924
0.848542 -0.152245 -0.05973
0.848909 -0.0261888 0.138806
0.849277 0.103418 -0.0372642
0.849644 -0.0582595 -0.0617187
0.850012 0.0019207 0.04433
0.850379 0.0234963 -0.0460946
0.850747 -0.0429677 0.0177568
0.851114 0.0561021 0.0438404
0.851482 0.0345881 -0.0431108
0.851849 -0.00710426 -0.0114092
0.852217 -0.0023581 -0.00553138
0.852584 -0.0184094 0.040925
0.852952 0.0665066 0.0293368
0.853319 0.0273198 -0.0699277
0.853687 -0.0458281 -0.00707679
0.854054 -0.00945549 0.0223713
0.854422 -0.00257878 0.0351838
0.854789 0.0943862 0.0111353
0.855157 0.00401122 -0.130093
0.855524 -0.146591 0.047741
0.855892 0.103008 0.136115
0.856259 0.098748 -0.122493
0.856627 -0.116042 -0.0160596
0.856994 0.0336406 0.093749
0.857362 0.0329983 -0.050645
0.857729 -0.050475 0.0335461
0.858097 0.0515875 0.0381196
0.858464 -0.00408288 -0.0500319
0.858832 -0.0462588 0.00815356
0.859199 -0.0212112 0.0174055
0.859567 -0.00602829 0.0341835
0.859934 0.0472548 -0.0275367
0.860302 -0.0572974 -0.0777042
0.860669 -0.0715072 0.0475857
0.861037 0.0355208 0.0197744
0.861404 0.00133963 -0.0245965
0.861772 0.0210329 -0.0201325
0.862139 -0.0520137 -0.0723749
0.862507 -0.0777834 0.0907568
0.862874 0.140819 0.0592427
0.863242 0.0139095 -0.143868
0.863609 -0.120433 0.0452541
0.863977 0.0842852 0.0801275
0.864344 0.0275501 -0.0600124
0.864712 -0.0241918 0.0410765
0.865079 0.0705425 -0.00787124
0.865447 -0.0203305 -0.050556
0.865814 -0.011081 0.0450905
0.866182 0.041395 0.00713114
0.866549 0.0348484 -0.011835
0.866917 0.0377367 -0.059038
0.867284 -0.0727473 -0.0326219
0.867652 9.40201e-05 0.0957236
0.868019 0.108044 -0.0306328
0.868387 -0.037503 -0.0790356
0.868754 -0.0448361 0.0344586
0.869122 -0.00928498 0.0145163
0.869489 -0.00773457 0.0496166
0.869857 0.0590408 -0.00958359
0.870224 -0.0690196 -0.0675138
0.870592 -0.0736631 0.0856274
0.870959 0.0565802 0.0283203
0.871327 -0.0345269 -0.0334906
0.871694 -0.00322649 0.0394018
0.872062 0.0209283 -0.0541088
0.872429 -0.0840214 -0.00269609
0.872796 0.0273072 0.067309
0.873164 0.0591924 -0.0519607
0.873531 -0.0136108 -0.0414133
0.873899 -0.0122433 -0.0336922
0.874266 -0.0585866 0.00500982
0.874634 0.055456 0.0688569
0.875001 0.0873162 -0.0984067
0.875369 -0.114755 -0.0845238
0.875736 -0.0569697 0.0882698
0.876104 0.068918 0.0204693
0.876471 0.00947728 -0.049458
0.876839 -0.0480271 -0.0321256
0.877206 -0.0576495 0.0298923
0.877574 0.0277281 0.053697
0.877941 0.0139979 -0.0252356
0.878309 -0.0372291 0.0375332
0.878676 0.0664636 0.0307035
0.879044 -0.0196294 -0.0524222
0.879411 -0.0595815 0.107628
0.879779 0.126431 0.0759846
0.880146 0.0397905 -0.0807862
0.880514 -0.0554401 0.0301007
0.880881 0.0256301 0.0538172
0.881249 0.0139336 0.0298838
0.881616 0.0656973 0.0301706
0.881984 0.0264866 -0.0886311
0.882351 -0.107307 -0.0147297
0.882719 0.00500637 0.0993058
0.883086 0.0933489 -0.0265104
0.883454 -0.0174586 -0.109214
0.883821 -0.0943774 -0.0167757
0.884189 -0.0023637 0.0752081
0.884556 0.0774442 -0.0353836
0.884924 -0.0569315 -0.0817227
0.885291 -0.0277503 0.0668961
0.885659 0.0799056 -0.0330941
0.886026 -0.0939643 -0.0612289
0.886394 -0.0112699 0.128124
0.886761 0.148629 -0.0420696
0.887129 -0.0780564 -0.119446
0.887496 -0.0732961 0.0895562
0.887864 0.0897975 0.0229422
0.888231 0.0251481 -0.0567778
0.888599 0.00573244 -0.0293202
0.888966 -0.0214724 -0.047655
0.889334 -0.0260794 0.0235175
0.889701 0.0602891 0.0173882
0.890069 0.0385842 -0.0594217
0.890436 -0.0280747 -0.0602995
0.890804 -0.0672273 0.0143914
0.891171 0.0279753 0.0861735
0.891539 0.0795185 -0.0554498
0.891906 -0.10098 -0.0535836
0.892274 -0.0288598 0.114573
0.892641 0.0520933 -0.031139
0.893009 -0.122216 0.00606716
0.893376 0.0394421 0.139463
0.893744 0.067981 -0.107427
0.894111 -0.190259 -0.0217742
0.894479 -0.00216554 0.181332
0.894846 0.11392 -0.0317862
0.895214 -0.0616821 -0.0704051
0.895581 -0.0523416 0.022279
0.895949 -0.0179902 0.0368802
0.896316 0.0456561 0.0471366
0.896684 0.0427282 -0.0594348
0.897051 -0.0541334 -0.0217917
0.897419 0.0140808 0.0393045
0.897786 -0.00307631 -0.00584806
0.898154 0.0105603 0.0553418
0.898521 0.081691 -0.0431667
0.898889 -0.0735232 -0.0516598
0.899256 -0.00924644 0.100243
0.899624 0.0707592 -0.0340306
0.899991 -0.049541 0.00106428
0.900358 0.0950862 0.0480907
0.900726 0.0108131 -0.144685
0.901093 -0.138264 0.0668945
0.901461 0.158672 0.124059
0.901828 0.104661 -0.15934
0.902196 -0.100741 -0.0353113
0.902563 0.0212155 0.0667632
0.902931 0.0423834 0.0192758
0.903298 0.0826282 0.00859845
0.903666 0.0171249 -0.103008
0.904033 -0.105494 0.0365014
0.904401 0.0676216 0.0911432
0.904768 0.0231649 -0.0767332
0.905136 -0.0627588 0.0320385
0.905503 0.0476492 0.00249593
0.905871 -0.0800154 -0.062877
0.906238 -0.0490939 0.079715
0.906606 0.0588936 -0.0176081
0.906973 -0.0443517 -0.036805
0.907341 0.00998434 -0.0103406
0.907708 -0.0620507 -0.0781962
0.908076 -0.0583962 0.108994
0.908443 0.16395 0.00100281
0.908811 -0.0475454 -0.186825
0.909178 -0.125481 0.0707629
0.909546 0.0892594 0.0539091
0.909913 0.00254098 -0.0540815
0.910281 0.0135024 3.05982e-05
0.910648 -0.0198823 -0.0911534
0.911016 -0.120073 0.0550525
0.911383 0.0892319 0.0776062
0.911751 0.0132506 -0.133096
0.912118 -0.113137 0.0232766
0.912486 0.0483976 0.036545
0.912853 -0.0422158 -0.0603637
0.913221 -0.0333776 0.0835755
0.913588 0.0903263 -0.00207113
0.913956 -0.0317084 -0.0568628
0.914323 -0.0305329 0.0483181
0.914691 0.00946911 0.055675
0.915058 0.0616835 0.0786425
0.915426 0.0926931 -0.0576123
0.915793 -0.109275 -0.0353392
0.916161 -0.00755984 0.18067
0.916528 0.145955 -0.00677093
0.916896 -0.0519728 -0.069878
0.917263 -0.00540976 0.0684712
0.917631 0.0143563 -0.041768
0.917998 -0.079656 0.0384846
0.918366 0.0926032 0.0411782
0.918733 0.00155 -0.135982
0.919101 -0.121078 0.0200466
0.919468 0.0437403 0.034781
0.919836 -0.0146194 -0.0683336
0.920203 -0.0231008 0.0404193
0.920571 0.0578305 -0.0430243
0.920938 -0.0822833 -0.0743886
0.921306 -0.0566808 0.0893365
0.921673 0.0832193 0.0523361
0.922041 0.0505032 -0.0687424
0.922408 -0.0690014 -0.0661369
0.922776 -0.0830326 0.0901475
0.923143 0.110579 0.0972786
0.923511 0.0796802 -0.120628
0.923878 -0.106082 -0.0343465
0.924246 0.0263339 0.0845075
0.924613 0.0570867 -0.0516413
0.924981 -0.0224839 0.00228218
0.925348 0.082463 0.0060783
0.925716 0.000368566 -0.098522
0.926083 -0.064004 0.0312866
0.926451 0.0666459 0.0447949
0.926818 0.0225292 -0.0398548
0.927185 -0.0117756 0.00928485
0.927553 0.010138 -0.0250302
0.92792 -0.081158 0.00620747
0.928288 -0.0205436 0.124136
0.928655 0.0973906 0.010575
0.929023 -0.0385971 -0.111717
0.92939 -0.159417 0.0544721
0.929758 0.0205189 0.167351
0.930125 0.127079 -0.0388023
0.930493 -0.0669452 -0.108237
0.93086 -0.0869213 0.0848347
0.931228 0.0700072 0.0572456
0.931595 0.0272246 -0.0467594
0.931963 0.00653154 0.00934634
0.93233 0.0459385 -0.0240716
0.932698 -0.0256882 -0.0406565
0.933065 -0.00554327 0.0364141
0.933433 0.0663594 0.000433525
0.9338 0.0256926 -0.0631262
0.934168 -0.0252507 -0.0487097
0.934535 -0.0278895 -0.0126723
0.934903 -0.005374 0.00869091
0.93527 0.0359334 -0.00264474
0.935638 0.0457447 -0.0742174
0.936005 -0.073037 -0.091128
0.936373 -0.0916307 0.0835781
0.93674 0.131447 0.0740501
0.937108 0.0671136 -0.155698
0.937475 -0.150434 -0.0173801
0.937843 0.0241969 0.134932
0.93821 0.0899079 -0.0384339
0.938578 -0.0405326 -0.00617153
0.938945 0.0315087 0.0436469
0.939313 -0.00679803 -0.0489281
0.93968 -0.06013 0.0460398
0.940048 0.0472206 0.0592828
0.940415 0.0217613 -0.0363978
0.940783 -0.0298418 -0.0343846
0.94115 -0.0564192 -0.0119954
0.941518 -0.0409723 0.0655048
0.941885 0.0587284 0.014282
0.942253 -0.0145448 -0.0912391
0.94262 -0.0839609 -0.00481913
0.942988 -0.0387932 0.0356671
0.943355 -0.012399 0.050313
0.943723 0.0729154 -0.00751283
0.94409 -0.0554091 -0.114186
0.944458 -0.143971 0.0916116
0.944825 0.10185 0.1024
0.945193 0.0232436 -0.111799
0.94556 -0.0971351 0.0418312
0.945928 0.0705042 0.0349538
0.946295 -0.0396133 -0.0723745
0.946663 -0.0424782 0.0997709
0.94703 0.120646 0.00555937
0.947398 -0.00820505 -0.0962456
0.947765 -0.032244 0.0202819
0.948133 0.00706491 0.0194764
0.9485 0.0333185 0.0630703
0.948868 0.136071 -0.0330156
0.949235 -0.0484415 -0.117206
0.949603 -0.0938854 0.116922
0.94997 0.126674 0.0866934
0.950338 0.0640301 -0.0662835
0.950705 -0.0193666 -0.0126488
0.951073 -0.0456593 0.00935073
0.95144 -0.0164844 0.0995911
0.951808 0.125728 0.0184147
0.952175 -0.0294095 -0.103665
0.952543 -0.0726862 0.0705644
0.95291 0.084011 -0.00351849
0.953278 -0.061147 -0.0590987
0.953645 0.00662401 0.099156
0.954013 0.109275 -0.0864676
0.95438 -0.106896 -0.0965172
0.954747 -0.0342529 0.0837494
0.955115 0.0444984 -0.0167184
0.955482 -0.00594593 -0.00592754
0.95585 0.0501359 -0.0613471
0.956217 -0.129875 -0.0923288
0.956585 -0.0855477 0.156707
0.956952 0.165455 0.0178473
0.95732 -0.0398012 -0.169224
0.957687 -0.143119 0.0343905
0.958055 0.0144714 0.0717434
0.958422 0.0409578 0.00184811
0.95879 0.0294555 -0.0441947
0.959157 -0.0466 -0.0464882
0.959525 -0.00179336 0.0506705
0.959892 0.060821 -0.0199978
0.96026 -0.0295465 0.00241668
0.960627 0.0928 0.0486918
0.960995 0.0579482 -0.124057
0.961362 -0.12511 0.0253578
0.96173 0.0782282 0.13537
0.962097 0.0914355 -0.0819807
0.962465 -0.0618567 -0.0132566
0.962832 0.00698575 0.0266566
0.9632 -0.0745272 -0.0100837
0.963567 -0.00914786 0.125071
0.963935 0.122145 -0.0370467
0.964302 -0.11761 -0.1123
0.96467 -0.115577 0.129233
0.965037 0.097647 0.0729203
0.965405 0.0269537 -0.0652305
0.965772 -0.0515251 -0.00644003
0.96614 -0.00737093 0.0412298
0.966507 0.0373442 0.0191444
0.966875 0.00632295 -0.00681274
0.967242 0.0223382 0.0461633
0.96761 0.0998062 -0.0385379
0.967977 -0.06526 -0.104747
0.968345 -0.0748792 0.113132
0.968712 0.17452 0.0296517
0.96908 0.0174817 -0.194132
0.969447 -0.140557 -0.0136635
0.969815 0.0224192 0.040206
0.970182 0.0219895 -0.0595776
0.97055 0.00682102 -0.0355988
0.970917 -0.00460261 -0.103736
0.971285 -0.111194 -0.0452791
0.971652 -0.000543982 0.0828116
0.97202 0.0895418 -0.0334411
0.972387 -0.0391886 -0.0890695
0.972755 -0.0681135 0.0301421
0.973122 0.0269642 0.0678437
0.97349 0.0272912 0.00247349
0.973857 -0.0343985 0.0287606
0.974225 0.0422321 0.0663271
0.974592 0.0249966 -0.0504744
0.97496 -0.137104 0.0353905
0.975327 0.0351263 0.178994
0.975695 0.150174 -0.0681867
0.976062 -0.123306 -0.123799
0.97643 -0.117459 0.115978
0.976797 0.0755641 0.0679171
0.977165 0.0439947 -0.0567249
0.977532 -0.0312266 -0.0679009
0.9779 -0.0945838 -0.0140686
0.978267 -0.0315998 0.0927825
0.978635 0.0752789 0.0196624
0.979002 -0.0106801 -0.0675968
0.97937 -0.0710522 0.0085586
0.979737 -0.0337177 0.064239
0.980105 0.0100155 0.0581096
0.980472 0.0150732 0.00102059
0.98084 -0.0258681 0.0181516
0.981207 0.0207192 0.0309527
0.981574 -0.0320871 -0.0374091
0.981942 -0.0552042 0.094167
0.982309 0.165832 0.0660879
0.982677 0.0557353 -0.168426
0.983044 -0.135638 0.00606507
0.983412 0.0888999 0.123721
0.983779 0.140864 -0.0491941
0.984147 0.0424122 -0.054075
0.984514 0.0227286 -0.058419
0.984882 -0.0408233 0.0234219
0.985249 0.101809 0.106508
0.985617 0.123574 -0.0899215
0.985984 -0.0737497 -0.066737
0.986352 -0.00976326 0.0695687
0.986719 0.0325532 0.00113989
0.987087 -0.0077451 0.0104244
0.987454 0.0293835 -0.0153632
0.987822 -0.0301034 -0.0443249
0.988189 -0.0399869 5.42869e-05
0.988557 -0.0383495 0.00537694
0.988924 0.0235347 0.0621413
0.989292 0.104797 -0.0852906
0.989659 -0.133532 -0.135611
0.990027 -0.0903096 0.158104
0.990394 0.179702 0.0208552
0.990762 -0.0336023 -0.160044
0.991129 -0.08431 0.0383177
0.991497 0.0327322 -0.0152507
0.991864 -0.0743296 0.000503439
0.992232 0.0534711 0.0556379
0.992599 0.0266956 -0.143203
0.992967 -0.147768 -0.0155168
0.993334 0.0151086 0.0782867
0.993702 0.0128213 -0.0733084
0.994069 -0.0410464 -0.00680494
0.994437 0.0356788 -0.0303009
0.994804 -0.0613873 -0.061736
0.995172 -0.0425898 0.0441378
0.995539 0.0456954 0.0290226
0.995907 0.0664763 -0.00834615
0.996274 0.00503195 -0.104624
0.996642 -0.160882 0.0252937
0.997009 0.0792573 0.218532
0.997377 0.199199 -0.112085
0.997744 -0.17679 -0.117917
0.998112 -0.0563333 0.198558
0.998479 0.122246 0.00594869
0.998847 -0.0632655 -0.0201248
0.999214 0.0321554 0.0587927
0.999582 -0.0189196 -0.0749879
0.999949 -0.107861 0.0800376
1.00032 0.0791203 0.0685521
1.00068 -0.00625734 -0.0630902
1.00105 -0.0353209 0.0496471
1.00142 0.0242001 -0.025839
1.00179 -0.09037 0.000527228
1.00215 0.0266955 0.110976
1.00252 0.0813923 -0.0294406
1.00289 -0.0280025 -0.0591472
1.00326 -0.0606493 -0.0215875
1.00362 -0.0669067 0.0965756
1.00399 0.146962 0.0881464
1.00436 0.0658967 -0.221281
1.00473 -0.227908 -0.0309223
1.00509 0.0513607 0.189996
1.00546 0.127352 -0.106621
1.00583 -0.0808751 -0.0680283
1.0062 0.0298965 0.0049793
1.00656 -0.0471604 -0.0619838
1.00693 -0.0281062 0.0940895
1.0073 0.119371 -0.0280273
1.00767 -0.0525472 -0.0707902
1.00803 -0.00266365 0.0759115
1.0084 0.0214312 -0.0378541
1.00877 -0.0788024 0.0797772
1.00914 0.129157 0.108306
1.0095 0.04546 -0.116734
1.00987 -0.123461 0.0328414
1.01024 0.0252019 0.125577
1.01061 0.0683585 0.0485879
1.01097 0.0941815 -0.0184862
1.01134 -0.0357818 -0.104268
1.01171 -0.106466 0.11536
1.01208 0.15649 0.0950938
1.01244 0.0503937 -0.137327
1.01281 -0.0580303 0.0259756
1.01318 0.0609711 -0.0133961
1.01355 -0.0873071 -0.0353874
1.01391 0.0448597 0.116376
1.01428 0.10756 -0.117743
1.01465 -0.155632 -0.0601092
1.01502 0.00582323 0.0885214
1.01538 0.00872791 -0.0874814
1.01575 -0.0819206 0.0696385
1.01612 0.137979 -0.00401558
1.01649 -0.0813075 -0.200659
1.01685 -0.154708 0.124032
1.01722 0.1659 0.0940518
1.01759 0.0718853 -0.14917
1.01796 -0.055625 -0.0645622
1.01832 -0.0310082 0.0252842
1.01869 0.0696671 0.0829919
1.01906 0.150248 -0.0873005
1.01943 -0.0672102 -0.112753
1.01979 0.0129382 0.093081
1.02016 0.104712 -0.0974969
1.02053 -0.117088 -0.0315661
1.0209 0.103661 0.10804
1.02126 0.0676475 -0.208393
1.02163 -0.224793 -0.0183522
1.022 0.0559889 0.131106
1.02237 0.0123443 -0.125732
1.02273 -0.116601 0.0384574
1.0231 0.069278 -0.0318449
1.02347 -0.178354 -0.107724
1.02384 -0.111235 0.229789
1.0242 0.194014 0.0112977
1.02457 -0.0898273 -0.181155
1.02494 -0.182866 0.109145
1.02531 0.0158631 0.157165
1.02567 0.092198 0.0295073
1.02604 0.00254278 -0.0973373
1.02641 -0.168286 0.0462132
1.02678 0.0460597 0.169061
1.02714 0.070701 -0.107144
1.02751 -0.146989 0.0272804
1.02788 0.114261 0.102869
1.02825 -0.000364022 -0.210348
1.02861 -0.210394 0.0718439
1.02898 0.161955 0.130288
1.02935 0.0503798 -0.188624
1.02972 -0.113728 0.0130935
1.03008 0.0669743 0.00794377
1.03045 -0.0764483 -0.020772
1.03082 0.0612628 0.164646
1.03119 0.177405 -0.101714
1.03155 -0.149012 -0.0849745
1.03192 -0.0491943 0.21014
1.03229 0.155135 0.0826948
1.03266 0.0748132 -0.0403982
1.03302 -0.0324393 -0.0382627
1.03339 -0.0809761 0.0917415
1.03376 0.121455 0.119871
1.03413 0.0832541 -0.0965504
1.03449 -0.0736073 0.0286434
1.03486 0.121614 0.0288725
1.03523 -0.0211932 -0.14325
1.0356 -0.0820933 0.132904
1.03596 0.220495 0.0324047
1.03633 0.00259954 -0.220811
1.0367 -0.123594 0.0452776
1.03707 0.0619213 0.0599718
1.03743 0.0027634 -0.0161281
1.0378 0.06054 -0.00395476
1.03817 -0.0254945 -0.135225
1.03854 -0.173768 0.0498464
1.0389 0.0609188 0.112179
1.03927 0.0553255 -0.113216
1.03964 -0.0879929 -0.0573185
1.04001 -0.0468445 -0.011987
1.04037 -0.0481507 -0.00323589
1.04074 0.0424883 0.0109226
1.04111 0.0261023 -0.0920401
1.04148 -0.0403431 -0.0338512
1.04184 0.0232488 -0.0344388
1.04221 -0.0562535 -0.0224544
1.04258 0.0449583 0.100343
1.04295 0.138269 -0.0924258
1.04331 -0.110315 -0.104018
1.04368 -0.0704355 0.132579
1.04405 0.0836833 0.0591486
1.04442 0.0477332 -0.0160295
1.04478 0.00339882 -0.0571714
1.04515 -0.145726 0.00342681
1.04552 -0.00855023 0.189455
1.04589 0.17488 -0.0240687
1.04625 -0.085726 -0.121786
1.04662 -0.0914152 0.108916
1.04699 0.0802188 0.0346165
1.04736 0.00031326 -0.0239474
1.04772 0.0103674 0.0389554
1.04809 0.028238 -0.0171099
1.04846 -0.00645332 -0.023232
1.04883 -0.0362268 0.00738254
1.04919 -0.0127845 0.0920297
1.04956 0.120032 -0.00171604
1.04993 -0.0445575 -0.153191
1.0503 -0.161515 0.0768479
1.05066 0.0634361 0.103835
1.05103 0.0303279 -0.0722351
1.0514 -0.0191542 -0.0307119
1.05177 -0.0464539 -0.0913363
1.05213 -0.155868 0.0608902
1.0525 0.145955 0.14148
1.05287 0.129501 -0.226617
1.05324 -0.217472 -0.0767455
1.0536 0.0357945 0.173666
1.05397 0.1525 -0.0730728
1.05434 -0.0309494 -0.0582221
1.05471 0.0413998 0.0158729
1.05507 0.0318448 -0.0461713
1.05544 -0.00805314 0.00168588
1.05581 -0.00700562 0.0195592
1.05618 0.0553916 0.046345
1.05654 0.0940485 -0.111374
1.05691 -0.184961 -0.0923164
1.05728 -0.0704412 0.211553
1.05765 0.188894 -0.034666
1.05801 -0.111896 -0.148482
1.05838 -0.0855144 0.10171
1.05875 -0.00500997 -0.0424536
1.05912 -0.132562 0.091826
1.05948 0.165492 0.120625
1.05985 -0.01355 -0.221415
1.06022 -0.27452 0.122576
1.06059 0.148277 0.223049
1.06095 0.0636986 -0.118794
1.06132 -0.119095 0.0690027
1.06169 0.0761591 0.0543279
1.06206 -0.0558914 -0.0437277
1.06242 -0.0337136 0.117675
1.06279 0.0897808 0.016608
1.06316 0.0340776 -0.0491492
1.06353 -0.00895706 -0.0930368
1.06389 -0.146116 0.0152995
1.06426 0.117555 0.175639
1.06463 0.207773 -0.214075
1.065 -0.229489 -0.14132
1.06536 0.0108157 0.20036
1.06573 0.154404 -0.109546
1.0661 -0.105583 -0.00503865
1.06647 0.140375 0.0606441
1.06683 -0.0351992 -0.200685
1.0672 -0.159817 0.180061
1.06757 0.247858 0.104962
1.06794 -0.0241522 -0.197504
1.0683 -0.0962831 0.141521
1.06867 0.167997 0.0113816
1.06904 -0.101186 -0.0669298
1.06941 0.0261936 0.180932
1.06977 0.194107 -0.0707657
1.07014 -0.0602704 -0.105443
1.07051 -0.048474 0.053246
1.07088 0.0172145 0.0676302
1.07124 0.167931 0.0337891
1.07161 0.0550256 -0.242041
1.07198 -0.275045 -0.00115662
1.07235 0.110306 0.2297
1.07271 0.15465 -0.209
1.07308 -0.21461 -0.0656128
1.07345 0.0311989 0.0800112
1.07382 -0.0665309 -0.142032
1.07418 -0.134705 0.127645
1.07455 0.156939 -0.0279164
1.07492 -0.160515 -0.198382
1.07529 -0.127148 0.168435
1.07565 0.121059 -0.0394264
1.07602 -0.151617 -0.073175
1.07639 0.0436706 0.157086
1.07676 0.115822 -0.143452
1.07712 -0.19003 -0.043229
1.07749 0.0257106 0.176699
1.07786 0.145915 -0.00703808
1.07823 0.0457271 -0.0645035
1.07859 -0.0538792 -0.0897955
1.07896 -0.116403 0.11693
1.07933 0.203625 0.150845
1.0797 0.103994 -0.220912
1.08006 -0.203986 -0.0203644
1.08043 0.0659889 0.135736
1.0808 0.0384746 -0.0713117
1.08117 -0.0402036 0.0638487
1.08153 0.109976 -0.0468248
1.0819 -0.122059 -0.0964718
1.08227 -0.0516792 0.168402
1.08264 0.114084 -0.00852633
1.083 -0.065927 -0.0245512
1.08337 0.0508344 0.0748766
1.08374 -0.0211237 -0.0974261
1.08411 -0.159037 0.118556
1.08447 0.146608 0.153328
1.08484 0.0711306 -0.14678
1.08521 -0.149009 -0.0293049
1.08558 -0.0386728 0.0842246
1.08594 0.019989 0.051667
1.08631 0.0835106 -0.0191039
1.08668 -0.0181282 -0.159026
1.08705 -0.140208 0.000824436
1.08741 0.043354 0.0795518
1.08778 0.0600239 -0.0811313
1.08815 -0.0099016 -0.0561488
1.08852 0.0118098 -0.0480618
1.08888 -0.0610624 -0.0202675
1.08925 -0.000633466 0.058264
1.08962 0.0625703 -0.0047787
1.08999 0.0232956 -0.0174755
1.09035 -0.013109 -0.0540101
1.09072 -0.131078 0.0112527
1.09109 0.0251376 0.189582
1.09145 0.196484 -0.0445858
1.09182 -0.11225 -0.183981
1.09219 -0.165021 0.132679
1.09256 0.135583 0.133114
1.09292 0.0872382 -0.0913237
1.09329 -0.0628769 -0.0368901
1.09366 -0.00908107 0.0471318
1.09403 0.0142209 0.032381
1.09439 0.00983693 0.0610163
1.09476 0.0730578 0.0335723
1.09513 0.00872776 -0.0508168
1.0955 -0.094372 0.0547345
1.09586 0.0333196 0.121056
1.09623 0.046733 -0.0154152
1.0966 -0.0491427 0.0402021
1.09697 0.0601465 0.0309943
1.09733 -0.0544105 -0.107693
1.0977 -0.130939 0.129192
1.09807 0.199549 0.116222
1.09844 0.0976282 -0.264092
1.0988 -0.229191 -0.0797226
1.09917 0.0195663 0.207855
1.09954 0.243392 -0.0508008
1.09991 0.0078329 -0.243249
1.10027 -0.130647 -0.0162349
1.10064 0.0790669 0.0984005
1.10101 0.105556 -0.108335
1.10138 -0.0665143 -0.0595172
1.10174 0.0715937 0.039036
1.10211 0.0115665 -0.143727
1.10248 -0.177044 0.046496
1.10285 0.12886 0.127514
1.10321 0.0655767 -0.192279
1.10358 -0.189049 0.010749
1.10395 0.0743375 0.0893874
1.10432 -0.0238139 -0.12284
1.10468 -0.0852109 0.136068
1.10505 0.21896 0.00260941
1.10542 -0.0793024 -0.248512
1.10579 -0.202625 0.157122
1.10615 0.196405 0.165657
1.10652 0.127084 -0.17302
1.10689 -0.134153 -0.101123
1.10726 -0.115911 0.112911
1.10762 0.0790623 0.108183
1.10799 0.0522072 -0.123415
1.10836 -0.173438 -0.0270031
1.10873 -0.00968615 0.101665
1.10909 -0.053248 -0.134243
1.10946 -0.234403 0.0945323
1.10983 0.139694 0.143505
1.1102 -0.0214331 -0.26907
1.11056 -0.32567 0.0588412
1.11093 0.0947142 0.202457
1.1113 0.0438104 -0.10695
1.11167 -0.0785917 0.0732569
1.11203 0.11464 -0.0195803
1.1124 -0.129028 -0.0490219
1.11277 0.0136007 0.276373
1.11314 0.274516 -0.014106
1.1135 -0.0413626 -0.146897
1.11387 -0.0517225 0.122119
1.11424 0.0862595 0.0849797
1.11461 0.0967086 0.0283994
1.11497 0.0931494 -0.0785729
1.11534 -0.0688794 -0.0363054
1.11571 0.0495632 0.077635
1.11608 0.0536553 -0.106071
1.11644 -0.0812032 0.0526644
1.11681 0.197158 0.0447692
1.11718 -0.00993466 -0.267273
1.11755 -0.235927 0.113106
1.11791 0.190339 0.191943
1.11828 0.101861 -0.167082
1.11865 -0.0977677 -0.0127006
1.11902 -0.00873738 0.0315127
1.11938 -0.0830874 0.0978266
1.11975 0.150889 0.138537
1.12012 0.0889052 -0.202774
1.12049 -0.241455 0.00915878
1.12085 0.0579293 0.197941
1.12122 0.103553 -0.119021
1.12159 -0.0726232 -0.0364439
1.12196 0.0488983 -0.0190879
1.12232 -0.0634307 -0.110776
1.12269 -0.0290082 0.0265885
1.12306 0.0728758 -0.0737125
1.12343 -0.0408106 -0.0718697
1.12379 0.0376506 -0.0599032
1.12416 -0.0715613 -0.147837
1.12453 -0.106083 0.0958648
1.1249 0.146056 0.0323697
1.12526 -0.00970606 -0.182239
1.12563 -0.139343 -0.00771793
1.126 -0.0604141 0.0728697
1.12637 0.0081939 0.116801
1.12673 0.15243 -0.0372871
1.1271 -0.136373 -0.184059
1.12747 -0.212191 0.224358
1.12784 0.228681 0.155569
1.1282 0.0305656 -0.192806
1.12857 -0.15235 0.0909878
1.12894 0.108179 0.0850453
1.12931 -0.0231009 -0.0629749
1.12967 -0.0262487 0.140022
1.13004 0.143903 0.0290763
1.13041 -0.0112746 -0.0973308
1.13078 -0.0793979 0.0447087
1.13114 0.00442897 0.115349
1.13151 0.0889188 0.0480586
1.13188 0.0334618 -0.0941989
1.13225 -0.10438 -0.013543
1.13261 -0.0309282 0.0847909
1.13298 -0.00569561 0.0231051
1.13335 0.050749 0.0358471
1.13372 0.0708928 -0.135134
1.13408 -0.218785 -0.0786861
1.13445 -0.0264572 0.234254
1.13482 0.26221 -0.0746389
1.13519 -0.10384 -0.212081
1.13555 -0.0947485 0.125307
1.13592 0.137424 -0.0169249
1.13629 -0.0496657 -0.0795643
1.13666 0.0259337 0.105052
1.13702 0.146609 -0.0776515
1.13739 -0.0752263 -0.146046
1.13776 -0.117565 0.0963278
1.13813 0.123932 0.133745
1.13849 0.165861 -0.145412
1.13886 -0.140151 -0.164979
1.13923 -0.114353 0.153131
1.1396 0.156289 0.0545491
1.13996 0.0272664 -0.106329
1.14033 -0.00227748 0.0155293
1.1407 0.0012842 -0.0726382
1.14107 -0.135301 0.0610849
1.14143 0.140421 0.16446
1.1418 0.108841 -0.166569
1.14217 -0.207952 -0.0183951
1.14254 0.0330406 0.160601
1.1429 0.0509702 -0.0712116
1.14327 -0.121823 0.0476115
1.14364 0.0649177 0.0685922
1.14401 -3.34324e-05 -0.13485
1.14437 -0.167868 -0.00246916
1.14474 -0.0512183 0.141545
1.14511 0.124157 0.0306152
1.14548 0.0390894 -0.196337
1.14584 -0.247838 -0.0456452
1.14621 -0.0250869 0.250881
1.14658 0.223123 -0.0472568
1.14695 -0.0726514 -0.15604
1.14731 -0.0666364 0.0768322
1.14768 0.0115238 0.00439717
1.14805 -0.0125046 0.0947332
1.14842 0.187058 0.00776994
1.14878 -0.0543803 -0.191638
1.14915 -0.130814 0.140395
1.14952 0.206074 0.0535766
1.14989 -0.019626 -0.161524
1.15025 -0.0342896 0.0958746
1.15062 0.177513 -0.0746481
1.15099 -0.0991093 -0.142096
1.15136 -0.0439713 0.129744
1.15172 0.161982 -0.00662413
1.15209 0.0461312 -0.121126
1.15246 -0.0690093 -0.0736519
1.15283 -0.127106 0.074332
1.15319 0.108458 0.149643
1.15356 0.115164 -0.137525
1.15393 -0.204739 -0.0475095
1.1543 -0.0581772 0.150868
1.15466 0.00250164 0.0138825
1.15503 -0.0250132 0.0968229
1.1554 0.0769887 -0.0585139
1.15577 -0.216894 -0.0967034
1.15613 -0.0649009 0.257387
1.1565 0.206484 -0.0378439
1.15687 -0.149975 -0.126449
1.15724 0.00758524 0.147107
1.1576 0.109032 -0.141343
1.15797 -0.199827 0.0020354
1.15834 0.130132 0.196906
1.15871 0.176107 -0.201801
1.15907 -0.178136 -0.110931
1.15944 -0.0631096 0.122262
1.15981 0.073059 0.0553181
1.16018 0.103322 -0.0519894
1.16054 -0.0742251 -0.153678
1.16091 -0.172839 0.0881489
1.16128 0.0988977 0.103138
1.16165 -0.00488824 -0.0795122
1.16201 -0.0325958 0.077756
1.16238 0.0862424 -0.0770217
1.16275 -0.171459 -0.00715391
1.16312 0.0819754 0.265923
1.16348 0.218727 -0.11193
1.16385 -0.116258 -0.0341791
1.16422 0.130876 0.167471
1.16459 0.0638467 -0.107652
1.16495 -0.089507 0.175744
1.16532 0.339682 0.112048
1.16569 0.0495216 -0.290574
1.16606 -0.242571 0.0945827
1.16642 0.143724 0.190406
1.16679 0.162613 -0.101928
1.16716 -0.0136128 -0.152268
1.16753 -0.166981 -0.088121
1.16789 -0.0626145 0.127915
1.16826 0.172946 -0.0688433
1.16863 -0.118307 -0.212876
1.169 -0.093963 0.056961
1.16936 0.055717 -0.115098
1.16973 -0.181094 -0.0356801
1.1701 0.0803857 0.127759
1.17047 0.0675246 -0.205735
1.17083 -0.191465 0.0121909
1.1712 0.0876086 0.0812222
1.17157 -0.0745361 -0.112792
1.17194 -0.0356147 0.200124
1.1723 0.252288 -0.100607
1.17267 -0.248007 -0.241062
1.17304 -0.141632 0.284114
1.17341 0.281346 0.0130092
1.17377 -0.0377471 -0.216461
1.17414 -0.101416 -0.0257829
1.17451 -0.0687658 -0.0101633
1.17488 0.0230003 0.127253
1.17524 0.167574 -0.104299
1.17561 -0.166397 -0.161938
1.17598 -0.060655 0.175297
1.17635 0.0942462 -0.0154215
1.17671 -0.126916 0.0439051
1.17708 0.0960969 0.117083
1.17745 -0.0437958 -0.11746
1.17782 -0.187078 0.194048
1.17818 0.122259 0.117946
1.17855 -0.103767 -0.0380956
1.17892 0.0110944 0.219505
1.17929 0.103837 -0.142873
1.17965 -0.337623 0.027335
1.18002 0.141009 0.373305
1.18039 0.260291 -0.241724
1.18076 -0.284323 -0.102011
1.18112 0.0448715 0.218958
1.18149 0.107717 -0.0801759
1.18186 -0.0137945 0.0531431
1.18223 0.167006 -0.0664165
1.18259 -0.106187 -0.123596
1.18296 -0.00453796 0.174186
1.18333 0.153105 -0.048569
1.1837 -0.026023 -0.0262377
1.18406 0.121756 -0.00159321
1.18443 -0.0875315 -0.140659
1.1848 -0.0771373 0.181673
1.18517 0.248768 -0.0233438
1.18553 -0.0686066 -0.163577
1.1859 0.0124172 0.0790598
1.18627 0.0415667 -0.18255
1.18664 -0.179102 0.115157
1.187 0.353815 0.146397
1.18737 0.0541522 -0.461497
1.18774 -0.388463 0.10968
1.18811 0.289311 0.274349
1.18847 0.111541 -0.283719
1.18884 -0.192216 0.0574343
1.18921 0.134256 0.0464018
1.18958 -0.111962 -0.0962196
1.18994 -0.0688611 0.181745
1.19031 0.096181 -0.0227061
1.19068 -0.0901881 -0.0335558
1.19105 -0.0151726 0.00659701
1.19141 -0.156883 -0.0452398
1.19178 -0.0366393 0.202606
1.19215 0.195117 -0.0789754
1.19252 -0.163711 -0.168348
1.19288 -0.0661948 0.107853
1.19325 0.0185413 -0.0481186
1.19362 -0.0470272 0.123859
1.19399 0.274785 -0.062607
1.19435 -0.189277 -0.350709
1.19472 -0.272563 0.339205
1.19509 0.410572 0.122128
1.19546 -0.0552389 -0.398056
1.19582 -0.253955 0.160579
1.19619 0.182668 0.0752297
1.19656 -0.101803 -0.133106
1.19693 -0.0386481 0.146932
1.19729 0.136487 -0.0550187
1.19766 -0.0950856 -0.0572398
1.19803 -0.0173674 0.0653653
1.1984 0.0037467 0.0267191
1.19876 0.0991251 0.111833
1.19913 0.140635 -0.0961717
1.1995 -0.117322 -0.0454761
1.19987 0.0473135 0.167002
1.20023 0.126897 0.0137432
1.2006 0.0712155 0.0408598
1.20097 0.12888 -0.120198
1.20134 -0.208768 -0.0785913
1.2017 0.0207517 0.32234
1.20207 0.341545 -0.146716
1.20244 -0.228989 -0.291033
1.20281 -0.142727 0.224451
1.20317 0.172696 -0.0580927
1.20354 -0.148658 -0.14394
1.20391 -0.0173279 0.0915872
1.20428 0.0377432 -0.149806
1.20464 -0.208874 -0.0686883
1.20501 -0.0474739 0.114779
1.20538 0.0533891 -0.000374324
1.20575 -0.0175741 -0.0768282
1.20611 -0.125247 -0.070891
1.20648 -0.108665 0.116193
1.20685 0.0895004 0.0873485
1.20722 0.0103738 -0.0719016
1.20758 -0.0228397 -0.00732893
1.20795 -0.0281523 -0.0465614
1.20832 -0.113657 0.119674
1.20869 0.203563 0.121161
1.20905 0.0960301 -0.270405
1.20942 -0.241425 0.0148443
1.20979 0.116106 0.201447
1.21016 0.111363 -0.151153
1.21052 -0.0986141 0.0170752
1.21089 0.114891 0.0582354
1.21126 -0.0324342 -0.132547
1.21163 -0.143487 0.0938146
1.21199 0.0804724 0.152524
1.21236 0.103122 -0.0267948
1.21273 -0.0696048 -0.108379
1.2131 -0.214599 0.0990906
1.21346 0.0565636 0.280573
1.21383 0.184316 -0.0600837
1.2142 -0.134802 -0.089228
1.21457 -0.0538629 0.147451
1.21493 0.0127222 0.0544388
1.2153 0.0292605 0.14261
1.21567 0.232473 -0.0441085
1.21604 -0.124326 -0.180213
1.2164 -0.0992805 0.253005
1.21677 0.301178 0.0111988
1.21714 -0.041627 -0.19004
1.21751 -0.00526945 0.140265
1.21787 0.167983 -0.131771
1.21824 -0.153574 -0.118536
1.21861 0.0386808 0.146151
1.21898 0.144417 -0.107678
1.21934 -0.0302235 -0.142564
1.21971 -0.0453046 -0.127675
1.22008 -0.160571 0.0300169
1.22045 0.154345 0.157164
1.22081 0.175453 -0.304218
1.22118 -0.283741 -0.129788
1.22155 -0.00024671 0.224411
1.22192 0.124648 -0.0518701
1.22228 0.0090031 0.00337076
1.22265 0.0977498 -0.0890862
1.22302 -0.211813 -0.0398383
1.22339 0.0505418 0.306524
1.22375 0.255645 -0.139992
1.22412 -0.238593 -0.0721989
1.22449 0.0807323 0.233751
1.22486 0.0828065 -0.220692
1.22522 -0.275892 0.107967
1.22559 0.237347 0.192724
1.22596 0.0275721 -0.328053
1.22633 -0.262939 0.0707487
1.22669 0.114721 0.0854302
1.22706 -0.0889276 -0.0990825
1.22743 0.0399222 0.116405
1.22779 0.102114 -0.222064
1.22816 -0.324913 -0.0137844
1.22853 0.0689568 0.275711
1.2289 0.156734 -0.155886
1.22926 -0.137091 -0.0389619
1.22963 -0.0212275 0.0241204
1.23 -0.140313 0.0292582
1.23037 0.116919 0.179343
1.23073 0.107136 -0.223062
1.2311 -0.286596 0.0243829
1.23147 0.180135 0.165162
1.23184 -0.0076089 -0.288447
1.2322 -0.220372 0.233891
1.23257 0.435146 0.0315992
1.23294 -0.143416 -0.487957
1.23331 -0.313766 0.342033
1.23367 0.461721 0.126864
1.23404 -0.0229137 -0.372074
1.23441 -0.13972 0.159953
1.23478 0.168214 -0.0176635
1.23514 -0.147401 -0.0156705
1.23551 0.126117 0.202608
1.23588 0.118374 -0.176464
1.23625 -0.217768 -0.00111464
1.23661 -0.000971014 0.130302
1.23698 -0.00941193 0.0216913
1.23735 0.0577276 0.0469808
1.23772 -0.0529275 -0.185217
1.23808 -0.235795 0.0957711
1.23845 0.176338 0.100288
1.23882 -0.114823 -0.230265
1.23919 -0.160562 0.256509
1.23955 0.365828 -0.0960782
1.23992 -0.363103 -0.360973
1.24029 -0.263079 0.552672
1.24066 0.565727 0.0297403
1.24102 -0.208061 -0.474208
1.24139 -0.349195 0.346473
1.24176 0.236568 0.169776
1.24213 -0.0465153 -0.101961
1.24249 -0.00282423 0.12247
1.24286 0.0275821 -0.0731348
1.24323 -0.154787 0.0585146
1.2436 0.0884417 0.14389
1.24396 0.103614 -0.0265919
1.24433 0.0617297 -0.0349775
1.2447 -0.0086531 -0.0911636
1.24507 -0.0266338 0.12165
1.24543 0.253501 0.0393619
1.2458 0.0195584 -0.176536
1.24617 0.0197162 0.151855
1.24654 0.273298 -0.101385
1.2469 -0.232144 -0.141432
1.24727 0.0367528 0.417478
1.24764 0.479881 -0.145436
1.24801 -0.287523 -0.342894
1.24837 -0.230929 0.382838
1.24874 0.338763 0.104501
1.24911 -0.000636227 -0.213614
1.24948 -0.121769 0.044987
1.24984 0.00602665 0.0105451
1.25021 -0.0101448 0.023207
1.25058 0.0895442 0.030892
1.25095 0.0620761 -0.0798295
1.25131 0.0167721 -0.0855148
1.25168 -0.0152354 -0.050334
1.25205 0.0269537 0.0655662
1.25242 0.16869 -0.0569597
1.25278 0.00970005 -0.204161
1.25315 -0.0684542 -0.0339601
1.25352 0.0154357 -0.0506673
1.25389 -0.0554902 -0.0671205
1.25425 0.0580316 -0.0394352
1.25462 -0.00937949 -0.248156
1.25499 -0.276209 -0.103749
1.25536 -0.0600579 0.118236
1.25572 0.0997795 -0.10882
1.25609 -0.125708 -0.198022
1.25646 -0.197369 -0.0175493
1.25683 -0.0609316 0.0808344
1.25719 0.0271355 0.0188512
1.25756 -0.0417929 -0.0410537
1.25793 -0.0679576 0.0267181
1.2583 -0.0284921 0.053628
1.25866 -0.0568061 0.0918973
1.25903 0.0227457 0.129018
1.2594 0.0823786 0.0259377
1.25977 -0.0225377 -0.0194772
1.26013 -0.132264 0.0601162
1.2605 -0.0431175 0.208527
1.26087 0.222145 0.0710652
1.26124 -0.0163963 -0.243367
1.2616 -0.336578 0.0845255
1.26197 0.0982014 0.282106
1.26234 0.163268 -0.145916
1.26271 -0.189957 -0.0539501
1.26307 -0.0302643 0.104246
1.26344 -0.0438235 -0.0333037
1.26381 -0.0699115 0.15326
1.26418 0.133495 0.0528214
1.26454 -0.0683676 -0.10352
1.26491 -0.105018 0.130117
1.26528 0.0570902 0.107996
1.26565 0.01441 0.0510931
1.26601 0.072981 0.0477859
1.26638 0.0399386 -0.0200614
1.26675 0.00723329 0.0221351
1.26712 -0.00360546 0.01115
1.26748 0.0646267 0.164816
1.26785 0.363926 -0.0471645
1.26822 -0.0836787 -0.402358
1.26859 -0.301248 0.274519
1.26895 0.524627 0.255233
1.26932 0.179995 -0.524266
1.26969 -0.369961 0.0247035
1.27006 0.252578 0.217599
1.27042 0.0893292 -0.247841
1.27079 -0.131059 0.103119
1.27116 0.230953 -0.0178509
1.27153 -0.097814 -0.232781
1.27189 -0.147631 0.164703
1.27226 0.131303 0.0512698
1.27263 0.0106653 -0.0945097
1.273 -0.0167218 -0.0355585
1.27336 -0.0985504 -0.0149757
1.27373 -0.0248704 0.0932929
1.2741 0.0483587 -0.041435
1.27447 -0.0517948 0.0491553
1.27483 0.143772 -0.0243661
1.2752 -0.193489 -0.245728
1.27557 -0.229445 0.357119
1.27594 0.480644 0.0915579
1.2763 -0.129217 -0.53694
1.27667 -0.436011 0.274725
1.27704 0.372087 0.197858
1.27741 -0.045221 -0.366574
1.27777 -0.211172 0.174364
1.27814 0.261061 -0.0321667
1.27851 -0.184214 -0.241541
1.27888 -0.114385 0.224245
1.27924 0.246919 -0.0270879
1.27961 -0.0157012 -0.179811
1.27998 -0.0748558 -0.0186974
1.28035 -0.0607911 0.0345195
1.28071 0.113973 0.112397
1.28108 0.140399 -0.140586
1.28145 -0.153401 -0.0580502
1.28182 0.0432184 0.095846
1.28218 -0.00313139 -0.0725052
1.28255 -0.0377755 0.182192
1.28292 0.256798 -0.0836649
1.28329 -0.253229 -0.270079
1.28365 -0.161901 0.387175
1.28402 0.382987 -0.0044141
1.28439 -0.201248 -0.302043
1.28476 -0.120746 0.273618
1.28512 0.239397 -0.0719293
1.28549 -0.243829 -0.122083
1.28586 0.00705698 0.27137
1.28623 0.225495 -0.116828
1.28659 -0.159256 -0.134932
1.28696 -0.101919 0.0966435
1.28733 -0.00279686 0.0800135
1.2877 0.117811 0.0525679
1.28806 0.0247256 -0.218045
1.28843 -0.2885 -0.0361358
1.2888 -0.00278619 0.212148
1.28917 0.103013 -0.0691764
1.28953 -0.0621922 -0.0972161
1.2899 -0.0679582 -0.121819
1.29027 -0.234656 0.0275114
1.29064 0.0800494 0.225313
1.291 0.168447 -0.242842
1.29137 -0.293167 -0.0946742
1.29174 0.0305173 0.263407
1.29211 0.105671 -0.130897
1.29247 -0.193115 0.0695565
1.29284 0.187443 0.215977
1.29321 0.0768655 -0.151051
1.29358 -0.198734 0.0932215
1.29394 0.0786155 0.217136
1.29431 0.10439 0.079903
1.29468 0.106886 0.0449139
1.29505 -0.0118618 -0.111269
1.29541 -0.156264 0.135388
1.29578 0.179861 0.234719
1.29615 0.198867 -0.119036
1.29652 -0.0385773 -0.134932
1.29688 -0.07724 0.0131473
1.29725 0.0248755 0.165104
1.29762 0.273845 -0.00712635
1.29799 0.00200123 -0.271051
1.29835 -0.173534 0.111924
1.29872 0.177443 0.0864618
1.29909 -0.046222 -0.151025
1.29946 -0.05448 0.175762
1.29982 0.198868 -0.0693063
1.30019 -0.223763 -0.188045
1.30056 -0.122336 0.241928
1.30093 0.192486 0.0117302
1.30129 -0.0557477 -0.1371
1.30166 -0.0236682 -0.0263295
1.30203 -0.0408423 -0.0860378
1.3024 -0.0327568 0.103238
1.30276 0.217489 -0.0251007
1.30313 0.05298 -0.237345
1.3035 -0.0544396 -0.0430167
1.30387 0.0298365 0.0293461
1.30423 0.123412 0.0244495
1.3046 0.182018 -0.170394
1.30497 -0.132969 -0.154747
1.30534 -0.0326308 0.152527
1.3057 0.135024 -0.128743
1.30607 -0.196046 -0.0658349
1.30644 0.0830824 0.163033
1.30681 0.0262425 -0.310969
1.30717 -0.446386 0.0209575
1.30754 0.104353 0.343872
1.30791 0.146237 -0.252879
1.30828 -0.331135 -0.0802816
1.30864 -0.0539831 0.186366
1.30901 -0.0209634 0.0280695
1.30938 -0.001448 0.136294
1.30975 0.111923 -0.06202
1.31011 -0.172545 -0.0270858
1.31048 -0.0307238 0.254197
1.31085 0.15042 0.0627977
1.31122 0.0496521 -0.0118528
1.31158 -0.00775294 -0.0218233
1.31195 -0.120479 0.0833784
1.31232 0.128368 0.128078
1.31269 0.0526482 -0.18871
1.31305 -0.188345 0.0846851
1.31342 0.234973 0.036207
1.31379 -0.105844 -0.397039
1.31416 -0.318141 0.254304
1.31452 0.434362 0.139657
1.31489 0.00436307 -0.536235
1.31526 -0.373985 0.0957424
1.31563 0.210366 0.213275
1.31599 0.074899 -0.137841
1.31636 0.0208359 0.0364964
1.31673 0.0755397 -0.111549
1.3171 -0.194154 0.0620292
1.31746 0.114425 0.259938
1.31783 0.206643 -0.0942465
1.3182 -0.0595472 -0.0857037
1.31857 -0.085148 0.0439495
1.31893 -0.0157135 0.136767
1.3193 0.208566 0.0107594
1.31967 -0.0542563 -0.220817
1.32004 -0.141106 0.142889
1.3204 0.247717 -0.0603881
1.32077 -0.230402 -0.254374
1.32114 -0.10614 0.371944
1.32151 0.450446 -0.15424
1.32187 -0.334148 -0.434603
1.32224 -0.283742 0.413983
1.32261 0.336161 0.0581621
1.32298 -0.123148 -0.244189
1.32334 -0.109739 0.126353
1.32371 -0.0325548 -0.0524379
1.32408 -0.218422 0.105058
1.32445 0.113773 0.151787
1.32481 0.0195787 -0.139689
1.32518 -0.175194 -0.000823865
1.32555 -0.0966055 0.0508877
1.32592 -0.0162039 0.14206
1.32628 0.193494 -0.00624509
1.32665 -0.116971 -0.199096
1.32702 -0.106869 0.19528
1.32739 0.231714 -0.0122169
1.32775 -0.160102 -0.0537899
1.32812 0.153461 0.30675
1.32849 0.296081 -0.299868
1.32886 -0.413012 -0.0324176
1.32922 0.177585 0.53047
1.32959 0.410698 -0.242004
1.32996 -0.257982 -0.109429
1.33033 0.0823072 0.273586
1.33069 0.113697 -0.0867976
1.33106 -0.0220789 0.107747
1.33143 0.225114 -0.00549605
1.3318 -0.0648193 -0.130116
1.33216 0.0198902 0.108442
1.33253 0.100388 -0.0873503
1.3329 -0.0443924 0.0637869
1.33327 0.223348 -0.0337645
1.33363 -0.0897348 -0.274333
1.334 -0.124044 0.169985
1.33437 0.192217 -0.0253492
1.33474 -0.108581 -0.114628
1.3351 0.123923 0.0459301
1.33547 -0.0594472 -0.326375
1.33584 -0.382309 0.226265
1.33621 0.425998 0.204729
1.33657 0.0277937 -0.56602
1.33694 -0.471594 0.143865
1.33731 0.251683 0.198035
1.33768 -0.0126273 -0.290004
1.33804 -0.0674018 0.114846
1.33841 0.159764 -0.189546
1.33878 -0.291549 -0.109869
1.33915 0.129382 0.217343
1.33951 0.144672 -0.295053
1.33988 -0.244239 -0.00772732
1.34025 0.182906 0.0315265
1.34062 -0.116015 -0.275172
1.34098 -0.182142 0.204103
1.34135 0.194949 -0.0237591
1.34172 -0.137541 -0.155581
1.34209 -0.0508869 0.0534096
1.34245 -0.208397 -0.0948978
1.34282 -0.166368 0.374597
1.34319 0.42469 -0.023959
1.34356 -0.385066 -0.407243
1.34392 -0.372685 0.566932
1.34429 0.468192 0.119259
1.34466 -0.224536 -0.226769
1.34503 -0.0533396 0.410169
1.34539 0.212372 -0.163007
1.34576 -0.3841 0.103832
1.34613 0.293654 0.467694
1.3465 0.212615 -0.341618
1.34686 -0.33822 0.0794242
1.34723 0.249761 0.217922
1.3476 -0.0186051 -0.194788
1.34797 -0.0689578 0.212961
1.34833 0.293869 -0.115698
1.3487 -0.162564 -0.205217
1.34907 -0.0283752 0.130027
1.34944 0.0309807 -0.0817617
1.3498 0.0475867 0.118462
1.35017 0.272604 -0.230444
1.35054 -0.418833 -0.228208
1.35091 -0.00470561 0.525373
1.35127 0.497903 -0.230594
1.35164 -0.406486 -0.229617
1.35201 0.0828848 0.4354
1.35238 0.258019 -0.320956
1.35274 -0.426962 0.100764
1.35311 0.375613 0.388471
1.35348 0.185945 -0.485583
1.35385 -0.381705 0.101279
1.35421 0.2809 0.235328
1.35458 0.0448983 -0.226421
1.35495 0.0246889 0.132178
1.35532 0.240037 -0.191399
1.35568 -0.26942 -0.109805
1.35605 0.0904868 0.262643
1.35642 0.224806 -0.177388
1.35679 -0.10524 -0.0749175
1.35715 -0.0153724 -0.0603649
1.35752 -0.235417 0.000197265
1.35789 0.128093 0.265631
1.35826 0.13501 -0.339272
1.35862 -0.512491 -0.0308723
1.35899 0.126848 0.348925
1.35936 0.0726132 -0.345446
1.35973 -0.435133 0.136253
1.36009 0.289674 0.211476
1.36046 -0.0369207 -0.411897
1.36083 -0.345602 0.229666
1.3612 0.284866 0.164319
1.36156 -0.0030927 -0.196422
1.36193 0.0203544 0.141065
1.3623 0.120584 -0.147352
1.36267 -0.237722 0.0743633
1.36303 0.283235 0.303803
1.3634 0.255203 -0.304168
1.36377 -0.279991 -0.0987569
1.36413 0.00457019 0.210152
1.3645 0.164064 0.0252471
1.36487 0.127466 -0.107825
1.36524 -0.0989958 -0.230738
1.3656 -0.174156 0.127089
1.36597 0.239217 0.0729874
1.36634 -0.0441423 -0.257248
1.36671 -0.117955 0.118005
1.36707 0.22335 -0.0793267
1.36744 -0.224826 -0.16454
1.36781 -0.0521459 0.306639
1.36818 0.27634 -0.0998529
1.36854 -0.185588 -0.129268
1.36891 -0.0231371 0.195996
1.36928 0.0104546 -0.100689
1.36965 -0.186786 0.14446
1.37001 0.231663 0.162142
1.37038 -0.00417815 -0.313442
1.37075 -0.386376 0.0357344
1.37112 0.0400329 0.307156
1.37148 0.231731 -0.0828891
1.37185 -0.11433 -0.285629
1.37222 -0.278495 0.0463788
1.37259 0.107449 0.187435
1.37295 0.101546 -0.209447
1.37332 -0.208187 -0.0146424
1.37369 0.187635 0.113629
1.37406 -0.012732 -0.311041
1.37442 -0.354391 0.198259
1.37479 0.353703 0.285915
1.37516 0.124843 -0.381843
1.37553 -0.387658 0.0802207
1.37589 0.117234 0.267837
1.37626 0.0577745 -0.0970101
1.37663 -0.0739506 0.127623
1.377 0.11594 -0.00138533
1.37736 -0.122929 -0.110806
1.37773 -0.0901394 0.175525
1.3781 0.141272 0.144373
1.37847 0.168567 -0.0834015
1.37883 -0.0780873 -0.178612
1.3792 -0.151244 0.248982
1.37957 0.354105 0.191687
1.37994 0.0443344 -0.309722
1.3803 -0.196548 0.255944
1.38067 0.444789 0.123475
1.38104 -0.157002 -0.382196
1.38141 -0.260299 0.479275
1.38177 0.647963 0.095542
1.38214 -0.144309 -0.572407
1.38251 -0.394103 0.307362
1.38288 0.371953 0.135304
1.38324 0.0210417 -0.281043
1.38361 -0.0385886 -0.0237126
1.38398 -0.0156537 -0.213368
1.38435 -0.161622 0.0428811
1.38471 0.216585 0.00865029
1.38508 -0.0300238 -0.316168
1.38545 -0.106419 -0.0125384
1.38582 0.0360806 -0.126173
1.38618 -0.186226 0.0302229
1.38655 0.21903 0.0669298
1.38692 -0.0664634 -0.375383
1.38729 -0.331114 0.250547
1.38765 0.33503 0.0825451
1.38802 -0.254372 -0.361628
1.38839 -0.202122 0.486546
1.38876 0.49715 -0.0922957
1.38912 -0.448189 -0.411876
1.38949 -0.202996 0.548961
1.38986 0.459824 -0.0402253
1.39023 -0.211133 -0.232906
1.39059 0.00112192 0.135272
1.39096 -0.046804 -0.161163
1.39133 -0.134585 0.312237
1.3917 0.440718 -0.0274356
1.39206 -0.252614 -0.423557
1.39243 -0.248837 0.407016
1.3928 0.31702 0.0280876
1.39317 -0.243573 -0.127936
1.39353 0.042033 0.265532
1.3939 0.0203993 -0.217971
1.39427 -0.40072 0.195111
1.39464 0.21057 0.263352
1.395 -0.0710101 -0.190379
1.39537 -0.147762 0.284261
1.39574 0.199927 -0.0840211
1.39611 -0.355056 -0.0155866
1.39647 0.200376 0.504073
1.39684 0.36202 -0.30706
1.39721 -0.323531 -0.0305632
1.39758 0.292463 0.284344
1.39794 0.0883856 -0.248454
1.39831 -0.0421472 0.311985
1.39868 0.619584 -0.144502
1.39905 -0.271265 -0.477986
1.39941 -0.115405 0.531332
1.39978 0.631817 -0.166957
1.40015 -0.246027 -0.427305
1.40052 0.012938 0.298599
1.40088 0.260679 -0.324342
1.40125 -0.372212 -0.13115
1.40162 0.157912 0.262452
1.40199 0.190196 -0.29593
1.40235 -0.22095 -0.158156
1.40272 -0.112834 0.00121512
1.40309 -0.0752281 0.170152
1.40346 0.315135 0.0504744
1.40382 -0.0975671 -0.445584
1.40419 -0.411776 0.280211
1.40456 0.398825 0.243836
1.40493 -0.0823475 -0.384242
1.40529 -0.230606 0.315304
1.40566 0.405242 -0.0752133
1.40603 -0.409997 -0.334087
1.4064 -0.126753 0.520789
1.40676 0.501345 -0.240309
1.40713 -0.453185 -0.376625
1.4075 -0.117307 0.404666
1.40787 0.285248 -0.273652
1.40823 -0.411197 -0.179422
1.4086 0.0135589 0.345895
1.40897 0.220639 -0.266385
1.40934 -0.357686 -0.235307
1.4097 -0.23502 0.303821
1.41007 0.202557 0.21447
1.41044 0.139578 -0.286064
1.41081 -0.438594 -0.149994
1.41117 -0.152463 0.547392
1.41154 0.44858 0.0305303
1.41191 -0.213627 -0.334478
1.41228 -0.176033 0.384092
1.41264 0.32827 0.034418
1.41301 -0.218108 -0.112485
1.41338 0.0936207 0.404005
1.41375 0.386294 -0.180226
1.41411 -0.319599 -0.12458
1.41448 0.0646684 0.437831
1.41485 0.387341 -0.113921
1.41522 -0.180681 -0.117012
1.41558 0.0450235 0.275041
1.41595 0.248243 -0.125416
1.41632 -0.196346 -0.113846
1.41669 -0.0394353 0.314193
1.41705 0.372069 -0.0228643
1.41742 -0.0616678 -0.401834
1.41779 -0.383148 0.165167
1.41816 0.25388 0.331162
1.41852 0.2753 -0.356653
1.41889 -0.30536 -0.170799
1.41926 -0.0155555 0.235146
1.41963 0.134474 -0.118795
1.41999 -0.102038 -0.0385595
1.42036 0.128587 0.0683683
1.42073 0.0091395 -0.222151
1.4211 -0.24263 -0.00342265
1.42146 0.0641447 0.191334
1.42183 0.169324 -0.0778873
1.4222 -0.0950637 -0.174021
1.42257 -0.14678 0.0273784
1.42293 0.0420519 0.0772542
1.4233 0.0084224 -0.0379486
1.42367 0.00616042 0.0374025
1.42404 0.152411 -0.126896
1.4244 -0.20015 -0.170116
1.42477 -0.101692 0.330441
1.42514 0.433556 -0.00506458
1.42551 -0.0705884 -0.375039
1.42587 -0.213146 0.220393
1.42624 0.246177 0.0752213
1.42661 -0.0592236 -0.132391
1.42698 0.0243309 0.197321
1.42734 0.153791 -0.127057
1.42771 -0.239136 -0.0744506
1.42808 -0.0112578 0.214206
1.42845 0.0535118 -0.0123966
1.42881 -0.0473016 0.0437699
1.42918 0.0604863 -0.119549
1.42955 -0.285495 -0.0708297
1.42992 -0.05379 0.349192
1.43028 0.284855 -0.0748665
1.43065 -0.107932 -0.219097
1.43102 -0.10485 0.0870533
1.43139 -0.0419166 0.0853693
1.43175 0.150316 0.170824
1.43212 0.288565 -0.228871
1.43249 -0.300206 -0.155031
1.43286 0.0372667 0.38444
1.43322 0.367685 -0.206478
1.43359 -0.238333 -0.139686
1.43396 0.142726 0.228446
1.43433 0.118794 -0.367432
1.43469 -0.323596 0.0179715
1.43506 0.251884 0.136796
1.43543 -0.0284936 -0.385392
1.4358 -0.205391 0.0734457
1.43616 0.210405 -0.150113
1.43653 -0.347713 -0.237427
1.4369 -0.0316771 0.360981
1.43727 0.378051 -0.274411
1.43763 -0.398952 -0.294487
1.438 -0.192161 0.377214
1.43837 0.204121 0.0808817
1.43874 0.024453 -0.0443781
1.4391 -0.09056 -0.0562761
1.43947 -0.310076 0.171783
1.43984 0.156993 0.373335
1.44021 0.15072 -0.193443
1.44057 -0.360028 0.107164
1.44094 0.172842 0.247416
1.44131 -0.0584237 -0.257229
1.44168 -0.246243 0.346955
1.44204 0.439319 0.0463975
1.44241 -0.216061 -0.446413
1.44278 -0.216759 0.387079
1.44315 0.409243 -0.0419278
1.44351 -0.279611 -0.245182
1.44388 0.0717558 0.364751
1.44425 0.322675 -0.314128
1.44462 -0.496665 -0.0928242
1.44498 0.0777246 0.509568
1.44535 0.370694 -0.181257
1.44572 -0.237753 -0.162509
1.44609 -0.147263 0.197023
1.44645 0.0374907 0.168089
1.44682 0.177352 0.0628147
1.44719 -0.034781 -0.132251
1.44756 -0.100319 0.179275
1.44792 0.274083 -0.00625641
1.44829 -0.165535 -0.129123
1.44866 0.121127 0.432209
1.44903 0.596939 -0.307184
1.44939 -0.373124 -0.371998
1.44976 0.024495 0.584077
1.45013 0.638999 -0.208861
1.4505 -0.191165 -0.326134
1.45086 0.14563 0.269848
1.45123 0.20216 -0.334366
1.4516 -0.358571 0.0363971
1.45197 0.338517 0.280726
1.45233 0.163859 -0.484551
1.4527 -0.502206 -0.109795
1.45307 -0.041111 0.260502
1.45344 0.152006 -0.105478
1.4538 -0.138614 -0.230666
1.45417 -0.297368 -0.0211829
1.45454 0.0312678 0.136189
1.45491 0.0532326 -0.263514
1.45527 -0.43224 0.0376077
1.45564 0.25112 0.388198
1.45601 0.28115 -0.519437
1.45638 -0.683716 -0.0292467
1.45674 0.188335 0.674312
1.45711 0.464006 -0.373336
1.45748 -0.425775 -0.151981
1.45785 0.056641 0.326794
1.45821 0.050677 -0.202636
1.45858 -0.185735 0.175897
1.45895 0.329487 0.0437074
1.45932 -0.137709 -0.410007
1.45968 -0.332869 0.175943
1.46005 0.23083 0.20075
1.46042 0.142751 -0.206097
1.46079 -0.163849 -0.178895
1.46115 -0.171163 0.152308
1.46152 0.237396 0.197525
1.46189 0.0621922 -0.274596
1.46226 -0.329575 0.165574
1.46262 0.382333 0.318065
1.46299 0.0613001 -0.425199
1.46336 -0.52266 0.296782
1.46373 0.484423 0.450749
1.46409 0.192371 -0.480305
1.46446 -0.456492 0.134638
1.46483 0.216143 0.28575
1.4652 0.0565981 -0.174934
1.46556 -0.00946329 0.14008
1.46593 0.174608 -0.176698
1.4663 -0.267023 -0.137674
1.46667 0.0638485 0.253674
1.46703 0.23218 -0.150566
1.4674 -0.0760361 -0.163007
1.46777 -0.0146141 -0.0930129
1.46814 -0.134265 0.00307922
1.4685 0.138782 0.144508
1.46887 0.123782 -0.309569
1.46924 -0.274035 -0.0424662
1.46961 0.122256 0.118259
1.46997 -0.106077 -0.269735
1.47034 -0.194329 0.220616
1.47071 0.365281 -0.0641948
1.47108 -0.298659 -0.426794
1.47144 -0.310657 0.31586
1.47181 0.293986 0.021775
1.47218 -0.142743 -0.177789
1.47255 -0.0293274 0.0953396
1.47291 -0.0909997 -0.207442
1.47328 -0.283072 0.267942
1.47365 0.324063 0.206579
1.47402 -0.101995 -0.321651
1.47438 -0.275236 0.285251
1.47475 0.244966 0.130583
1.47512 -0.216789 -0.0568764
1.47549 -0.00701343 0.40581
1.47585 0.318315 -0.0610202
1.47622 -0.213005 -0.082804
1.47659 -0.0897801 0.288198
1.47696 0.112418 0.168336
1.47732 0.23981 0.104495
1.47769 0.0885325 -0.258817
1.47806 -0.382489 0.0805947
1.47843 0.248966 0.422344
1.47879 0.298447 -0.277765
1.47916 -0.247207 -0.0228869
1.47953 0.194626 0.0819757
1.4799 -0.1316 -0.225765
1.48026 -0.0848115 0.415955
1.48063 0.532306 -0.143719
1.481 -0.350947 -0.449089
1.48137 -0.165486 0.536711
1.48173 0.526561 -0.0782574
1.4821 -0.265479 -0.325699
1.48247 0.014722 0.407041
1.48284 0.452632 -0.133018
1.4832 -0.171547 -0.277989
1.48357 -0.0736336 0.229647
1.48394 0.374265 0.155669
1.48431 0.3663 -0.289072
1.48467 -0.222083 -0.37687
1.48504 -0.139431 0.372017
1.48541 0.670417 0.021515
1.48578 -0.0563348 -0.649515
1.48614 -0.30709 0.174348
1.48651 0.414213 -0.107431
1.48688 -0.30265 -0.392319
1.48725 -0.0449825 0.34502
1.48761 0.400165 -0.48467
1.48798 -0.686015 -0.378451
1.48835 -0.10609 0.573099
1.48872 0.378162 -0.357214
1.48908 -0.534391 -0.303763
1.48945 -0.135403 0.370465
1.48982 0.0901097 -0.141697
1.49019 -0.31538 -0.0590318
1.49055 -0.113208 0.225723
1.49092 0.0631544 0.112119
1.49129 0.0110574 -0.177211
1.49166 -0.437774 -0.0324033
1.49202 -0.000691378 0.607511
1.49239 0.538293 -0.233646
1.49276 -0.559779 -0.44856
1.49313 -0.175762 0.664051
1.49349 0.550039 -0.184298
1.49386 -0.493724 -0.307245
1.49423 0.0987406 0.475078
1.4946 0.326428 -0.483206
1.49496 -0.663535 -0.0266836
1.49533 0.25716 0.529246
1.4957 0.283206 -0.456749
1.49607 -0.42815 0.0251725
1.49643 0.107235 0.243688
1.4968 -0.102627 -0.08205
1.49717 -0.00779953 0.328926
1.49754 0.215658 -0.0466139
1.4979 -0.253317 0.00291059
1.49827 0.0254945 0.248836
1.49864 -0.0481515 0.0969488
1.49901 0.146331 0.381669
1.49937 0.351313 -0.318517
1.49974 -0.577754 -0.0873409
1.50011 0.227391 0.77979
1.50047 0.61389 -0.43693
1.50084 -0.523281 -0.163717
1.50121 0.344214 0.514527
1.50158 0.250995 -0.517007
1.50194 -0.456863 0.204243
1.50231 0.591947 0.265206
1.50268 -0.00330475 -0.551776
1.50305 -0.297826 0.296965
1.50341 0.35011 -0.0966121
1.50378 -0.387012 -0.143928
1.50415 0.196076 0.482337
1.50452 0.292972 -0.596763
1.50488 -0.729265 -0.107563
1.50525 0.166228 0.544348
1.50562 0.232336 -0.316902
1.50599 -0.188436 -0.0615953
1.50635 0.0921212 -0.165643
1.50672 -0.372533 0.0342633
1.50709 0.335631 0.457712
1.50746 0.353554 -0.571997
1.50782 -0.526808 0.0592247
1.50819 0.440095 0.438024
1.50856 0.0652685 -0.470996
1.50893 -0.268633 0.43458
1.50929 0.683738 0.0373144
1.50966 -0.363581 -0.465305
1.51003 -0.104638 0.644911
1.5104 0.58503 -0.281325
1.51076 -0.567526 -0.156906
1.51113 0.344234 0.570982
1.5115 0.333903 -0.778875
1.51187 -0.824087 0.0884493
1.51223 0.531373 0.617238
1.5126 0.338138 -0.75559
1.51297 -0.507417 -0.0522409
1.51334 0.2066 0.195709
1.5137 -0.0315067 -0.146749
1.51407 0.176248 0.110861
1.51444 0.0962845 -0.393299
1.51481 -0.414698 0.157623
1.51517 0.340946 0.180154
1.51554 -0.151678 -0.414889
1.51591 -0.189633 0.417895
1.51628 0.438902 -0.274033
1.51664 -0.699966 -0.385437
1.51701 0.00756526 0.716564
1.51738 0.556185 -0.529978
1.51775 -0.761188 -0.308501
1.51811 0.210606 0.486284
1.51848 0.209073 -0.666235
1.51885 -0.645544 0.182976
1.51922 0.623934 0.29626
1.51958 -0.00239435 -0.848061
1.51995 -0.640106 0.312167
1.52032 0.462705 0.306009
1.52069 0.00382552 -0.421896
1.52105 -0.197179 0.116179
1.52142 -0.0100424 -0.0415977
1.52179 -0.258834 0.113939
1.52216 0.121318 0.0915783
1.52252 -0.238285 -0.150748
1.52289 -0.138183 0.322374
1.52326 0.123348 -0.261459
1.52363 -0.667611 0.0165444
1.52399 0.149871 0.716644
1.52436 0.354212 -0.458742
1.52473 -0.713923 -0.0753403
1.5251 0.0889899 0.624992
1.52546 0.126459 -0.131315
1.52583 -0.222951 0.324688
1.5262 0.447378 0.0915686
1.52657 -0.340797 -0.260422
1.52693 -0.233234 0.778389
1.5273 0.71473 0.144963
1.52767 -0.116516 -0.370688
1.52804 -0.191212 0.417417
1.5284 0.285654 0.135541
1.52877 0.0336122 -0.0343913
1.52914 0.142178 0.0841635
1.52951 0.0795304 -0.0616316
1.52987 0.103223 -0.0231845
1.53024 0.0735084 -0.201868
1.53061 -0.101958 0.107466
1.53098 0.407147 0.0911236
1.53134 0.158043 -0.491692
1.53171 -0.254285 0.00333818
1.53208 0.200417 0.179541
1.53245 0.123718 -0.0786286
1.53281 0.22738 0.0377492
1.53318 0.108105 -0.33722
1.53355 -0.445575 0.123047
1.53392 0.362839 0.517818
1.53428 0.477594 -0.428943
1.53465 -0.424177 -0.190455
1.53502 0.0235555 0.384874
1.53539 0.331997 -0.130244
1.53575 -0.0328944 -0.155449
1.53612 0.0404743 0.0205189
1.53649 0.131083 -0.154551
1.53686 -0.00560251 -0.237332
1.53722 -0.132827 0.00593881
1.53759 0.20794 0.042504
1.53796 0.108602 -0.503857
1.53833 -0.433323 -0.144262
1.53869 0.0714198 0.216639
1.53906 0.0128522 -0.392892
1.53943 -0.382336 0.0194135
1.5398 0.199833 0.0200216
1.54016 -0.39921 -0.468325
1.54053 -0.536094 0.477172
1.5409 0.50672 0.1386
1.54127 -0.296109 -0.590524
1.54163 -0.608303 0.392754
1.542 0.279715 0.275124
1.54237 -0.0510864 -0.199278
1.54274 -0.16745 0.17526
1.5431 0.0782919 0.0680016
1.54347 0.0236156 0.0113769
1.54384 -0.0191893 0.0363788
1.54421 -0.023657 0.253271
1.54457 0.490604 0.0494628
1.54494 -0.0685579 -0.544017
1.54531 -0.518905 0.475995
1.54568 0.754104 0.387936
1.54604 0.101098 -0.799627
1.54641 -0.586966 0.330554
1.54678 0.518168 0.239993
1.54715 -0.245227 -0.494831
1.54751 -0.187439 0.582966
1.54788 0.633964 -0.204767
1.54825 -0.661267 -0.449521
1.54862 -0.152759 0.771617
1.54898 0.606594 -0.173686
1.54935 -0.440029 -0.228667
1.54972 0.0282645 0.42243
1.55009 0.194468 -0.211315
1.55045 -0.240452 0.103214
1.55082 0.139314 0.183297
1.55119 0.0460892 -0.0212842
1.55156 0.250141 -0.049507
1.55192 -0.233891 -0.418176
1.55229 -0.412427 0.555458
1.55266 0.925379 0.133828
1.55303 -0.159703 -1.04751
1.55339 -0.774343 0.468383
1.55376 0.695588 0.217186
1.55413 -0.169195 -0.645712
1.5545 -0.161663 0.413935
1.55486 0.426128 -0.429546
1.55523 -0.766737 -0.220589
1.5556 0.240506 0.781955
1.55597 0.46999 -0.621826
1.55633 -0.791074 -0.0866503
1.5567 0.288776 0.540342
1.55707 0.0810693 -0.465179
1.55744 -0.505309 0.320314
1.5578 0.426539 0.219145
1.55817 -0.0861341 -0.340325
1.55854 -0.166527 0.25756
1.55891 0.0197565 -0.032875
1.55927 -0.152897 0.334146
1.55964 0.617938 0.118567
1.56001 -0.27076 -0.580112
1.56038 -0.504822 0.688565
1.56074 0.772185 0.270629
1.56111 -0.152608 -0.433808
1.56148 -0.139027 0.498993
1.56185 0.336335 -0.203379
1.56221 -0.512581 0.110608
1.56258 0.477157 0.609173
1.56295 0.270072 -0.705364
1.56332 -0.67102 0.169383
1.56368 0.568193 0.408403
1.56405 0.012643 -0.632364
1.56442 -0.307078 0.363952
1.56479 0.733939 -0.104065
1.56515 -0.310969 -0.641891
1.56552 -0.202666 0.475617
1.56589 0.612939 -0.141484
1.56626 -0.114134 -0.35772
1.56662 0.0371344 0.0692237
1.56699 -0.0536804 -0.244006
1.56736 -0.0961472 0.249318
1.56773 0.420867 -0.0870375
1.56809 -0.298172 -0.375673
1.56846 -0.13147 0.283029
1.56883 0.206909 -0.177789
1.5692 -0.307129 0.0293896
1.56956 0.304769 0.14875
1.56993 -0.0214873 -0.553048
1.5703 -0.38954 0.27016
1.57067 0.476616 0.123125
1.57103 -0.141946 -0.453098
1.5714 -0.0474343 0.363694
1.57177 0.500099 -0.319904
1.57214 -0.629874 -0.333789
1.5725 0.0103238 0.74306
1.57287 0.722776 -0.346729
1.57324 -0.578154 -0.557396
1.57361 -0.422714 0.467937
1.57397 0.224774 0.101881
1.57434 -0.0954636 -0.173514
1.57471 -0.236418 -0.106648
1.57508 -0.359166 -0.0147654
1.57544 -0.164163 0.207532
1.57581 -0.051044 0.0147326
1.57618 -0.158333 0.0137009
1.57655 -0.0364957 -0.0371405
1.57691 -0.248262 0.0266528
1.57728 -0.0102856 0.348718
1.57765 0.229968 -0.0659986
1.57802 -0.143759 0.0523855
1.57838 0.27761 0.317224
1.57875 0.132338 -0.314957
1.57912 -0.410269 0.26502
1.57949 0.59267 0.605298
1.57985 0.512541 -0.586001
1.58022 -0.649157 -0.239697
1.58059 0.0086819 0.667034
1.58096 0.651436 -0.058991
1.58132 -0.0756113 -0.496284
1.58169 -0.289504 0.0235537
1.58206 0.130468 0.0839212
1.58243 0.0167694 -0.127687
1.58279 -0.0352517 0.0724332
1.58316 0.238973 -0.139431
1.58353 -0.240031 -0.279096
1.5839 -0.253994 0.434576
1.58426 0.445259 0.13733
1.58463 -0.123524 -0.341829
1.585 -0.259658 0.41439
1.58537 0.354993 0.0793418
1.58573 -0.31908 -0.245624
1.5861 -0.159388 0.61591
1.58647 0.605251 0.018228
1.58684 -0.255117 -0.577493
1.5872 -0.481699 0.337456
1.58757 0.393003 0.366942
1.58794 0.306544 -0.424101
1.58831 -0.324763 -0.357281
1.58867 -0.131961 0.247929
1.58904 0.362185 -0.0441995
1.58941 -0.152133 -0.396395
1.58978 -0.105409 0.22722
1.59014 0.457072 -0.213201
1.59051 -0.500593 -0.42397
1.59088 -0.222406 0.686039
1.59125 0.750685 -0.132139
1.59161 -0.483438 -0.543881
1.59198 -0.341339 0.667454
1.59235 0.466768 -0.0505904
1.59272 -0.413382 -0.13861
1.59308 0.141323 0.597022
1.59345 0.362388 -0.405655
1.59382 -0.616217 -0.0487191
1.59419 0.213137 0.734725
1.59455 0.610989 -0.200325
1.59492 -0.146959 -0.337596
1.59529 -0.13246 0.219226
1.59566 0.289566 0.338291
1.59602 0.490277 -0.173906
1.59639 -0.169328 -0.34603
1.59676 -0.0173966 0.457892
1.59713 0.609453 -0.199294
1.59749 -0.478955 -0.465743
1.59786 -0.0358465 0.706462
1.59823 0.800543 -0.399516
1.5986 -0.723261 -0.684372
1.59896 -0.276976 0.644355
1.59933 0.539394 -0.247377
1.5997 -0.415191 -0.321788
1.60007 0.0783541 0.112214
1.60043 -0.124302 -0.599627
1.6008 -0.578966 0.314386
1.60117 0.586765 0.268887
1.60154 0.0496897 -0.828326
1.6019 -0.593171 9.04485e-05
1.60227 0.0921978 0.316175
1.60264 0.144953 -0.027326
1.60301 0.1735 -0.215465
1.60337 -0.282907 -0.302026
1.60374 -0.230739 0.433633
1.60411 0.426487 -0.0693833
1.60448 -0.394201 -0.358976
1.60484 -0.0853017 0.550091
1.60521 0.430576 -0.349268
1.60558 -0.723091 -0.325264
1.60595 -0.0821704 0.688354
1.60631 0.418145 -0.192051
1.60668 -0.339115 -0.176005
1.60705 -0.00854316 0.087387
1.60742 -0.341483 -0.0457122
1.60778 -0.0605853 0.681299
1.60815 0.626131 -0.190854
1.60852 -0.58018 -0.416693
1.60889 -0.302009 0.807924
1.60925 0.423744 0.108024
1.60962 -0.25713 -0.0287675
1.60999 0.13892 0.334013
1.61036 -0.0978116 -0.216186
1.61072 -0.425516 0.400535
1.61109 0.425051 0.305181
1.61146 0.0135805 -0.254357
1.61183 -0.143424 0.218706
1.61219 0.150344 -0.055463
1.61256 -0.141344 0.106636
1.61293 0.350406 0.30051
1.6133 0.216266 -0.266953
1.61366 -0.0266057 0.0451276
1.61403 0.23622 -0.0386187
1.6144 -0.141175 0.142794
1.61477 0.604411 0.361755
1.61513 0.419781 -0.819257
1.6155 -0.762386 0.0548201
1.61587 0.62997 0.729739
1.61624 0.577969 -0.897953
1.6166 -0.658918 -0.101789
1.61697 0.53937 0.405696
1.61734 0.2116 -0.821589
1.61771 -0.564223 0.0799683
1.61807 0.511304 0.322317
1.61844 0.228674 -0.626154
1.61881 -0.446294 -0.239428
1.61918 -0.171025 0.259486
1.61954 0.241332 0.20805
1.61991 0.165717 -0.408056
1.62028 -0.559078 -0.184831
1.62065 -0.0438962 0.492122
1.62101 0.142711 -0.223649
1.62138 -0.446893 0.117369
1.62175 0.482754 0.189292
1.62212 -0.249524 -0.79079
1.62248 -0.880569 0.693638
1.62285 1.06469 0.457546
1.62322 -0.0108539 -1.28538
1.62359 -1.09313 0.480037
1.62395 0.780687 0.539468
1.62432 0.0387196 -0.98436
1.62469 -0.756704 0.287059
1.62506 0.466821 0.355013
1.62542 0.025374 -0.675565
1.62579 -0.67665 -0.0843254
1.62616 -0.182197 0.541495
1.62653 0.460712 0.0821213
1.62689 -0.128519 -0.72513
1.62726 -0.928874 0.264053
1.62763 0.339013 0.834527
1.628 0.341032 -0.491721
1.62836 -0.551944 0.176699
1.62873 0.478803 0.404838
1.6291 -0.216536 -0.435788
1.62947 -0.320511 0.965267
1.62983 1.33022 0.204578
1.6302 -0.281548 -0.979256
1.63057 -0.62572 0.959724
1.63094 1.1873 0.384806
1.6313 0.0438158 -0.719801
1.63167 -0.288109 0.466403
1.63204 0.594572 0.00726318
1.63241 -0.0865784 -0.444828
1.63277 -0.22798 0.178557
1.63314 0.156142 0.152168
1.63351 0.346564 -0.30144
1.63388 -0.292054 -0.679727
1.63424 -0.735287 0.376387
1.63461 0.614023 0.425034
1.63498 0.163888 -0.944066
1.63535 -0.792437 0.107361
1.63571 0.341406 0.372978
1.63608 -0.157 -0.451035
1.63645 -0.215836 0.545553
1.63681 0.691015 -0.138535
1.63718 -0.583488 -0.542645
1.63755 -0.234896 0.765425
1.63792 0.677701 -0.0795508
1.63828 -0.299936 -0.314656
1.63865 0.0857606 0.237209
1.63902 0.10533 -0.42152
1.63939 -0.387188 0.115321
1.63975 0.375557 0.159342
1.64012 0.132124 -0.513275
1.64049 -0.161855 -0.149346
1.64086 -0.127023 -0.119313
1.64122 -0.156467 0.240112
1.64159 0.574633 0.00777119
1.64196 -0.160873 -0.653027
1.64233 -0.631163 0.441218
1.64269 0.442018 0.384484
1.64306 -0.0172295 -0.267307
1.64343 -0.210578 0.350718
1.6438 0.0455192 0.0161117
1.64416 -0.382744 0.179484
1.64453 0.217591 0.418165
1.6449 -0.0493767 -0.215192
1.64527 -0.290192 0.366516
1.64563 0.480301 -0.0430438
1.646 -0.466828 -0.3943
1.64637 -0.175436 0.81521
1.64674 0.94401 -0.181881
1.6471 -0.328044 -0.7783
1.64747 -0.392519 0.489172
1.64784 0.454106 0.192359
1.64821 0.225994 -0.198107
1.64857 0.144909 -0.247832
1.64894 -0.344568 -0.189773
1.64931 -0.0783741 0.42575
1.64968 0.464127 -0.0787448
1.65004 -0.10937 -0.312593
1.65041 -0.111 -0.0709798
1.65078 -0.256088 -0.133263
1.65115 0.0157559 0.401164
1.65151 0.510413 -0.365558
1.65188 -0.627716 -0.509085
1.65225 -0.00279947 0.642841
1.65262 0.616906 -0.536738
1.65298 -0.882079 -0.268162
1.65335 0.353902 0.924685
1.65372 0.855002 -0.813227
1.65409 -1.03221 -0.362294
1.65445 -0.0435468 1.0548
1.65482 0.746809 -0.098848
1.65519 -0.128154 -0.280179
1.65556 -0.261922 0.107038
1.65592 -0.307087 0.340567
1.65629 0.278793 0.442769
1.65666 0.134693 -0.235783
1.65703 -0.373221 0.124115
1.65739 0.0849967 0.0253759
1.65776 -0.443527 -0.0452537
1.65813 0.194553 0.703128
1.6585 0.638364 -0.678019
1.65886 -0.946991 -0.363497
1.65923 0.257366 0.937928
1.6596 0.608343 -0.740558
1.65997 -0.844771 0.0345463
1.66033 0.841523 0.670815
1.6607 0.214087 -1.18197
1.66107 -1.18165 0.4518
1.66144 0.92752 0.87105
1.6618 0.395414 -0.924474
1.66217 -0.712914 0.0555686
1.66254 0.132619 0.268289
1.66291 -0.0244185 0.0287646
1.66327 0.336953 0.154296
1.66364 -0.0186196 -0.493277
1.66401 -0.274462 0.244056
1.66438 0.565249 -0.0570461
1.66474 -0.330133 -0.281092
1.66511 0.358681 0.648943
1.66548 0.834257 -0.840693
1.66585 -0.88325 -0.239486
1.66621 0.538274 0.960987
1.66658 0.640033 -0.882186
1.66695 -0.65558 0.132408
1.66732 0.878873 0.245668
1.66768 -0.496066 -1.11578
1.66805 -0.808127 1.06683
1.66842 1.4418 -0.0121008
1.66879 -0.772099 -1.50989
1.66915 -1.08911 0.869239
1.66952 0.738671 0.0881972
1.66989 -0.47579 -0.629031
1.67026 -0.264901 0.218865
1.67062 -0.224127 -0.425992
1.67099 -0.55993 0.365897
1.67136 0.38229 0.0668095
1.67173 -0.579337 -0.379033
1.67209 -0.0782214 0.728484
1.67246 0.409767 -0.458916
1.67283 -1.04485 0.100055
1.6732 0.468025 0.975608
1.67356 0.395415 -0.743085
1.67393 -0.763438 0.354469
1.6743 0.635825 0.270193
1.67467 -0.549664 -0.593451
1.67503 -0.0479618 1.26259
1.6754 1.43671 -0.657141
1.67577 -1.3724 -1.09087
1.67614 -0.277079 1.6883
1.6765 1.56816 -0.352326
1.67687 -0.769625 -0.834742
1.67724 -0.10873 0.761661
1.67761 0.35203 -0.282607
1.67797 -0.408377 0.396607
1.67834 0.617406 0.29751
1.67871 -0.22401 -0.434422
1.67908 -0.184128 0.698938
1.67944 0.398109 -0.0101199
1.67981 -0.505711 0.259494
1.68018 0.650325 0.700664
1.68055 0.248703 -0.666446
1.68091 -0.661757 0.460979
1.68128 0.733882 0.418538
1.68165 -0.0597615 -0.373564
1.68202 0.272058 0.666105
1.68238 0.841541 -0.875031
1.68275 -1.14887 -0.36711
1.68312 0.579326 1.34373
1.68349 1.2612 -1.19237
1.68385 -1.11298 -0.763438
1.68422 0.246894 0.725523
1.68459 0.413745 -0.805592
1.68496 -0.623142 -0.0471744
1.68532 0.602037 -0.0157078
1.68569 -0.226257 -0.922656
1.68606 -0.620807 0.234826
1.68643 0.216665 -0.0385933
1.68679 -0.177415 -0.182475
1.68716 0.238819 0.00613198
1.68753 -0.304041 -0.615388
1.6879 -0.644371 0.455608
1.68826 0.627577 0.367613
1.68863 0.0446235 -0.455794
1.689 -0.18764 0.145425
1.68937 0.0333295 -0.168834
1.68973 -0.398152 0.425152
1.6901 0.760462 0.495153
1.69047 0.11244 -0.938416
1.69084 -0.915887 0.360488
1.6912 0.623232 0.616964
1.69157 -0.0084782 -0.712763
1.69194 -0.577242 0.400028
1.69231 0.58548 0.131876
1.69267 -0.391894 -0.650117
1.69304 -0.605684 0.478786
1.69341 0.37804 0.274177
1.69378 0.0164988 -0.240198
1.69414 -0.222178 -0.0943301
1.69451 -0.385117 0.0279668
1.69488 -0.116579 0.580632
1.69525 0.455737 0.171792
1.69561 -0.0626545 -0.405928
1.69598 -0.439998 0.0113598
1.69635 -0.189277 0.517903
1.69672 0.50872 0.406774
1.69708 0.418741 -0.717931
1.69745 -0.782188 -0.29819
1.69782 0.106591 0.904786
1.69819 0.873697 -0.414943
1.69855 -0.435553 -0.603164
1.69892 0.0982156 0.506798
1.69929 0.60325 -0.371716
1.69966 -0.390662 -0.333538
1.70002 0.119856 0.448943
1.70039 0.582818 -0.131248
1.70076 -0.0185744 -0.398428
1.70113 -0.306165 -0.0251316
1.70149 -0.0154473 0.389875
1.70186 0.42474 0.090245
1.70223 -0.000535492 -0.370954
1.7026 -0.244205 -0.0567667
1.70296 -0.237509 0.0120001
1.70333 -0.229874 0.473589
1.7037 0.75044 0.0490386
1.70407 -0.254386 -1.15695
1.70443 -1.28136 0.572147
1.7048 0.819821 0.869642
1.70517 0.292724 -1.1474
1.70554 -1.04758 0.197416
1.7059 0.434736 0.565218
1.70627 -0.211828 -0.65851
1.70664 -0.64881 0.601418
1.70701 0.619086 0.37996
1.70737 -0.170393 -0.519669
1.70774 -0.551534 0.197511
1.70811 -0.115032 0.385244
1.70848 0.16553 0.471383
1.70884 0.433122 -0.277165
1.70921 -0.547151 -0.419252
1.70958 -0.12262 0.672729
1.70995 0.534184 -0.0794238
1.71031 -0.138275 -0.0538877
1.71068 0.686 0.0529608
1.71105 -0.120695 -0.883446
1.71142 -0.64967 0.813113
1.71178 1.43669 0.340591
1.71215 -0.0357416 -1.28307
1.71252 -0.667088 0.80246
1.71289 1.09467 0.0793809
1.71325 -0.632591 -0.704304
1.71362 -0.134546 1.30088
1.71399 1.2146 -0.374226
1.71436 -0.934189 -0.78235
1.71472 -0.375301 1.08344
1.71509 0.630343 0.162986
1.71546 0.0188277 -0.0977439
1.71583 0.253084 -0.283128
1.71619 -0.605427 -0.183622
1.71656 0.150866 0.965763
1.71693 1.03738 -0.502792
1.7173 -0.428455 -0.591543
1.71766 0.211579 0.443147
1.71803 0.214463 -0.499358
1.7184 -0.224381 0.282252
1.71877 0.946723 -0.214591
1.71913 -0.599204 -0.958542
1.7195 -0.414151 0.770602
1.71987 0.825129 -0.673001
1.72024 -1.25096 -0.658052
1.7206 0.106849 1.10512
1.72097 0.74872 -1.41953
1.72134 -1.89248 -0.610389
1.72171 0.0625167 1.42442
1.72207 0.834639 -0.884566
1.72244 -0.928607 -0.526787
1.72281 -0.0462547 0.335323
1.72318 -0.277768 -0.0731608
1.72354 0.15105 0.770729
1.72391 0.869591 -0.430862
1.72428 -0.780534 -0.351703
1.72465 -0.0606265 1.07404
1.72501 0.681315 0.0350225
1.72538 -0.00762532 0.0679358
1.72575 0.270975 0.00266804
1.72612 -0.528628 -0.108893
1.72648 0.170786 0.828463
1.72685 0.631111 -0.568565
1.72722 -1.0108 -0.122095
1.72759 0.53329 0.7702
1.72795 0.288652 -1.31651
1.72832 -1.59602 0.396599
1.72869 1.00031 1.22361
1.72906 0.563095 -1.58454
1.72942 -1.54958 0.0330611
1.72979 0.323672 1.10274
1.73016 0.250656 -0.402934
1.73053 -0.254182 0.266526
1.73089 0.333346 -0.0705052
1.73126 -0.693821 -0.0983372
1.73163 -0.0867731 0.880851
1.732 0.641754 -0.0304974
1.73236 -0.102446 -0.276503
1.73273 -0.15274 -0.0593177
1.7331 -0.266889 0.101683
1.73347 0.418833 0.391272
1.73383 0.469708 -0.620032
1.7342 -0.420128 -0.239457
1.73457 0.465439 0.101752
1.73494 -0.0729679 -0.723807
1.7353 -0.41224 0.625118
1.73567 1.36932 0.0169129
1.73604 -0.25246 -1.51125
1.73641 -1.25638 0.783597
1.73677 1.01104 0.85816
1.73714 0.372615 -0.908278
1.73751 -0.730838 0.0982004
1.73788 -0.0490568 0.422433
1.73824 -0.179129 0.0891318
1.73861 -0.020788 0.393406
1.73898 0.103513 0.0802032
1.73935 -0.228905 -0.00200147
1.73971 -0.203365 0.104673
1.74008 -0.170983 0.365657
1.74045 0.266555 0.419769
1.74082 0.275517 -0.21729
1.74118 -0.136973 -0.125164
1.74155 -0.0809236 0.191066
1.74192 -0.0597706 0.416681
1.74229 0.652327 0.360123
1.74265 0.493094 -0.77806
1.74302 -0.930769 -0.207531
1.74339 0.00710462 1.08609
1.74376 1.08254 -0.17831
1.74412 -0.128835 -0.844276
1.74449 -0.526498 0.0933619
1.74486 0.100831 0.281329
1.74523 0.430514 -0.0694201
1.74559 0.210268 -0.468724
1.74596 -0.217937 -0.255785
1.74633 0.149277 0.065436
1.7467 0.285056 -0.209859
1.74706 0.0403373 -0.106276
1.74743 0.272761 -0.0627339
1.7478 0.31918 -0.268417
1.74817 0.0537386 -0.319945
1.74853 -0.335427 0.0198144
1.7489 0.385583 0.561989
1.74927 1.00104 -0.632723
1.74964 -0.864314 -0.959355
1.75 -0.722728 1.06932
1.75037 1.27135 0.198723
1.75074 -0.0728261 -1.19482
1.75111 -0.839097 0.192117
1.75147 0.125547 0.11601
1.75184 -0.243957 -0.15414
1.75221 0.162185 0.240865
1.75258 0.0592472 -0.679781
1.75294 -0.910279 -0.210707
1.75331 -0.11635 0.556413
1.75368 0.211108 -0.164174
1.75405 -0.323379 -0.332916
1.75441 -0.431672 -0.124886
1.75478 -0.345173 0.135354
1.75515 -0.163738 -0.0834545
1.75552 -0.593514 -0.0373961
1.75588 0.110896 0.458147
1.75625 0.191594 -0.942174
1.75662 -1.7603 -0.20716
1.75699 0.126035 1.78205
1.75735 1.46134 -0.890015
1.75772 -1.65083 -1.02238
1.75809 -0.558557 1.70431
1.75846 1.1806 -0.0482148
1.75882 -0.732841 -0.277525
1.75919 0.128486 1.0802
1.75956 0.628382 -0.36576
1.75993 -0.747103 0.189952
1.76029 0.230075 1.23353
1.76066 0.831509 0.134944
1.76103 0.189283 -0.288028
1.7614 -0.279822 0.158146
1.76176 0.0508587 0.83231
1.76213 0.874689 0.165948
1.7625 0.127811 -0.366331
1.76287 0.208213 0.359502
1.76323 0.275011 -0.507747
1.7636 -0.846668 0.361038
1.76397 1.25419 1.18661
1.76434 0.983281 -1.71303
1.7647 -2.06486 -0.21249
1.76507 0.591355 2.01643
1.76544 1.41974 -1.07296
1.76581 -1.38175 -0.510381
1.76617 0.192097 1.16525
1.76654 0.647718 -0.666209
1.76691 -0.843015 -0.0879736
1.76728 0.242573 0.703263
1.76764 0.697248 -0.334167
1.76801 0.0446624 -0.649534
1.76838 -0.512387 -0.209001
1.76875 0.230713 0.640598
1.76911 1.3395 -0.454243
1.76948 -0.148947 -1.19727
1.76985 -0.315013 0.178928
1.77022 0.576708 -0.28121
1.77058 -0.0351197 -0.129637
1.77095 0.879133 -0.0526613
1.77132 -0.182623 -1.6376
1.77169 -1.53627 0.497786
1.77205 1.16753 1.03055
1.77242 0.319963 -1.70476
1.77279 -1.67579 -0.0745834
1.77315 0.263349 0.810232
1.77352 -0.0336392 -0.59183
1.77389 -0.713976 0.250258
1.77426 0.167249 0.181913
1.77462 -0.163509 -0.0970541
1.77499 -0.125341 0.169856
1.77536 -0.386007 0.164786
1.77573 0.187035 0.951312
1.77609 1.00761 -0.248418
1.77646 -0.833419 -0.634488
1.77683 -0.457671 1.22823
1.7772 0.995375 0.277786
1.77756 -0.0532193 -0.464349
1.77793 -0.124528 -0.110713
1.7783 -0.551405 -0.324549
1.77867 -0.356481 0.78748
1.77903 0.941309 -0.316089
1.7794 -0.716627 -1.29781
1.77977 -0.74299 0.533534
1.78014 0.448474 -0.200633
1.7805 -0.642394 -0.381865
1.78087 0.340773 0.407956
1.78124 0.26089 -0.93782
1.78161 -1.07366 0.16361
1.78197 0.493676 0.766328
1.78234 0.324662 -0.40682
1.78271 -0.0600111 0.467881
1.78308 0.527199 -0.218769
1.78344 -0.860095 -0.161551
1.78381 0.222092 1.42262
1.78418 1.28559 -0.277832
1.78455 -0.52968 -0.806589
1.78491 -0.472291 0.429008
1.78528 0.158875 0.445301
1.78565 0.597148 0.188304
1.78602 0.234121 -0.960228
1.78638 -1.02678 -0.0296437
1.78675 0.523641 0.819595
1.78712 0.216137 -0.976898
1.78749 -1.04255 0.541554
1.78785 1.25104 0.626252
1.78822 -0.332735 -1.61265
1.78859 -1.7743 1.12514
1.78896 1.30931 1.279
1.78932 0.200844 -1.14874
1.78969 -1.08547 0.363034
1.79006 0.0983652 0.318278
1.79043 -0.622875 0.234613
1.79079 0.406568 0.951911
1.79116 0.603857 -0.942645
1.79153 -1.16162 -0.427086
1.7919 -0.16379 1.02734
1.79226 0.740391 0.160487
1.79263 0.52446 -0.603984
1.793 -0.323719 -0.72289
1.79337 -0.459802 0.865651
1.79373 1.4194 0.35124
1.7941 -0.0373029 -1.3144
1.79447 -0.609658 1.15281
1.79484 1.90998 0.20595
1.7952 -0.691183 -1.68002
1.79557 -1.01837 1.79929
1.79594 2.36576 0.539085
1.79631 -0.17834 -1.8843
1.79667 -1.14182 0.752775
1.79704 0.90675 0.465846
1.79741 0.12246 -0.330069
1.79778 0.502813 0.0684237
1.79814 0.175769 -1.01774
1.79851 -0.872279 0.156175
1.79888 0.599047 0.743993
1.79925 0.732271 -0.642656
1.79961 -0.181542 -0.67898
1.79998 -0.676511 -0.0891903
1.80035 -0.132906 0.814651
1.80072 0.994104 -0.302811
1.80108 -0.827619 -0.994618
1.80145 -0.702685 1.08043
1.80182 0.926625 -0.433911
1.80219 -1.39729 -0.905362
1.80255 -0.304396 1.6674
1.80292 1.488 -0.902083
1.80329 -1.64095 -1.51625
1.80366 -0.753876 1.47405
1.80402 1.26342 -0.10637
1.80439 -0.346774 -1.02148
1.80476 -0.214981 -0.106903
1.80513 -0.145676 -0.356382
1.80549 -0.253693 0.39633
1.80586 0.704327 -0.0410075
1.80623 0.0405373 -0.790985
1.8066 -0.463727 -0.0832621
1.80696 -0.355215 0.293916
1.80733 0.175175 0.529946
1.8077 0.501267 -0.383033
1.80807 -0.854589 -0.297858
1.80843 -0.258749 0.87617
1.8088 0.208105 -0.20826
1.80917 -0.880974 0.545624
1.80954 0.875828 0.993867
1.8099 0.208873 -1.32537
1.81027 -1.84023 0.654566
1.81064 0.901609 2.0024
1.81101 1.27467 -0.806487
1.81137 -0.772966 -0.405787
1.81174 -0.148334 0.8486
1.81211 0.277866 0.557626
1.81248 0.6532 0.286795
1.81284 0.404182 -0.54048
1.81321 -0.455738 0.0192306
1.81358 0.135104 0.302882
1.81395 0.0385218 -0.21629
1.81431 0.213001 0.123371
1.81468 0.276281 -0.664729
1.81505 -0.750773 -0.466486
1.81542 0.0250849 0.0937261
1.81578 -0.13217 -0.519651
1.81615 -0.180214 0.447656
1.81652 1.05019 -0.749465
1.81689 -1.26215 -1.43256
1.81725 -0.959366 1.78749
1.81762 2.00683 0.3614
1.81799 -0.154562 -1.73901
1.81836 -1.06965 0.525698
1.81872 0.318696 0.696782
1.81909 0.275416 0.386697
1.81946 0.89565 -0.108095
1.81983 -0.407141 -0.868841
1.82019 -0.660499 0.948755
1.82056 1.14601 0.25929
1.82093 -0.0969702 -0.721566
1.8213 -0.00309493 0.508947
1.82166 0.529932 -0.569966
1.82203 -0.678763 -0.155791
1.8224 0.311861 0.597001
1.82277 0.0192306 -0.359366
1.82313 -0.098344 0.352928
1.8235 0.352569 -0.727433
1.82387 -1.84513 0.00407884
1.82424 0.234742 2.11314
1.8246 1.43879 -1.25196
1.82497 -2.11136 -0.780156
1.82534 -0.407426 1.92154
1.82571 0.638595 -0.333064
1.82607 -0.637443 0.290495
1.82644 0.93699 0.182329
1.82681 -0.848894 -0.967397
1.82718 -0.554054 1.67642
1.82754 2.04595 -0.0246963
1.82791 -0.482528 -1.18223
1.82828 -0.01156 1.05232
1.82865 1.11739 -0.656488
1.82901 -0.606839 -0.138347
1.82938 1.01971 0.748968
1.82975 0.710585 -1.18947
1.83012 -0.401536 -0.237893
1.83048 0.251627 -0.264457
1.83085 -0.493905 0.163754
1.83122 1.45612 0.416533
1.83159 0.295082 -2.41312
1.83195 -2.37397 0.534536
1.83232 1.69834 1.62823
1.83269 0.714096 -2.23393
1.83306 -1.66315 0.582583
1.83342 1.42166 0.525809
1.83379 -0.833681 -1.49134
1.83416 -0.689085 1.96859
1.83453 2.09671 -0.230908
1.83489 -1.39689 -1.45313
1.83526 -0.537429 1.60316
1.83563 0.944494 -0.467065
1.836 -1.26282 0.00660228
1.83636 0.715608 0.784893
1.83673 0.0678307 -1.66476
1.8371 -1.70089 0.163995
1.83747 0.101319 0.756503
1.83783 0.182247 -0.33067
1.8382 0.437661 -0.770827
1.83857 -1.38644 -1.52127
1.83894 -1.70071 1.82944
1.8393 2.53975 0.577447
1.83967 -0.634112 -2.9251
1.84004 -2.36067 1.65004
1.84041 1.99117 0.843908
1.84077 -0.914547 -1.71033
1.84114 -0.935174 2.11134
1.84151 1.99312 -0.293458
1.84188 -1.61674 -1.27481
1.84224 -0.475053 2.09833
1.84261 1.27365 -0.259305
1.84298 -0.85549 -0.109001
1.84335 0.849568 0.742343
1.84371 -0.0570588 -1.14066
1.84408 -1.21761 1.02867
1.84445 1.43357 1.03853
1.84482 0.817811 -0.846438
1.84518 -0.301434 -0.261166
1.84555 -0.739806 0.31477
1.84592 0.35386 1.89718
1.84629 2.42725 -0.223921
1.84665 -1.2545 -1.78127
1.84702 -1.31551 2.39462
1.84739 2.46624 0.573655
1.84776 -0.747003 -1.45405
1.84812 -0.611838 1.72636
1.84849 1.60043 -0.627874
1.84886 -1.44652 -1.03003
1.84923 -0.0472206 1.59582
1.84959 1.34241 -0.916324
1.84996 -0.71594 -0.96553
1.85033 0.211778 0.0167452
1.8507 -0.253491 -0.827288
1.85106 -0.22665 0.547861
1.85143 1.38779 -0.496732
1.8518 -0.460041 -1.50651
1.85217 -0.892053 0.367665
1.85253 0.361363 0.449921
1.8529 0.534751 0.041571
1.85327 0.336386 -0.807068
1.85364 -1.26014 -0.469484
1.854 -0.189039 1.47063
1.85437 1.26812 -0.243717
1.85474 -0.742185 -0.81235
1.85511 -0.0158662 0.711852
1.85547 0.58116 -0.608996
1.85584 -0.864695 0.0786261
1.85621 0.804772 0.831784
1.85658 0.94508 -1.09185
1.85694 -0.63645 -0.452552
1.85731 -0.135635 0.419787
1.85768 0.13936 0.265451
1.85805 0.815323 0.196894
1.85841 0.207392 -1.08293
1.85878 -1.67287 -0.0588043
1.85915 -0.198646 1.54131
1.85952 0.991079 -0.0672632
1.85988 -0.676794 -0.867459
1.86025 -1.38067 0.329116
1.86062 -0.333061 0.952231
1.86099 0.304122 0.101816
1.86135 -0.582999 -0.268203
1.86172 -0.288797 0.508902
1.86209 0.352023 -0.330744
1.86246 -0.85723 -0.147688
1.86282 0.315987 1.18605
1.86319 1.51191 -0.575484
1.86356 -0.324784 -1.00912
1.86393 -0.21866 0.422346
1.86429 0.50718 0.124082
1.86466 0.714556 0.268008
1.86503 1.22161 -0.779937
1.8654 -0.828497 -1.46482
1.86576 -1.07005 1.04383
1.86613 1.45132 0.814732
1.8665 0.668162 -1.5542
1.86687 -1.42365 -1.05386
1.86723 -1.05185 0.875161
1.8676 0.886658 0.77834
1.86797 0.325726 -1.33199
1.86834 -1.57384 -0.120405
1.8687 0.56129 1.25793
1.86907 0.425239 -1.07556
1.86944 -1.74771 0.720816
1.86981 1.47818 1.82663
1.87017 1.02685 -1.62505
1.87054 -2.01498 0.379273
1.87091 0.59037 1.93282
1.87128 0.754163 -0.335936
1.87164 -0.202112 0.433626
1.87201 0.497073 -0.408734
1.87238 -1.47336 -0.472429
1.87275 -0.159009 1.77616
1.87311 1.64251 -0.568747
1.87348 -0.851647 -1.6582
1.87385 -1.13707 0.256272
1.87422 -0.0537765 0.56083
1.87458 0.751616 0.0461977
1.87495 0.195157 -1.42932
1.87532 -1.48024 0.0626787
1.87569 0.728102 1.22864
1.87605 0.34818 -1.2979
1.87642 -1.34792 0.903075
1.87679 1.98347 1.07778
1.87716 -0.176536 -2.23553
1.87752 -2.16479 1.53828
1.87789 2.37522 1.65758
1.87826 0.712915 -1.86877
1.87863 -1.02782 0.468831
1.87899 0.960616 0.160125
1.87936 -0.2877 -0.0991791
1.87973 1.20014 1.14332
1.8801 1.27883 -1.69505
1.88046 -1.41929 -0.421857
1.88083 0.795539 1.38259
1.8812 0.968644 -0.748938
1.88157 -0.228698 -0.109501
1.88193 0.507342 -0.370674
1.8823 -0.860979 -0.335927
1.88267 0.00858942 0.877256
1.88304 0.301291 -0.707456
1.8834 -0.793867 0.182427
1.88377 0.693178 -0.226513
1.88414 -1.56979 -1.46127
1.88451 -1.2708 2.1054
1.88487 2.44152 -0.0768004
1.88524 -1.25048 -2.7251
1.88561 -1.93469 1.29431
1.88598 1.11997 0.51153
1.88634 -0.374416 -0.543993
1.88671 0.482109 0.164433
1.88708 -0.333519 -1.65272
1.88745 -1.91675 1.09247
1.88781 1.67088 1.2861
1.88818 0.29981 -2.1618
1.88855 -1.63925 0.450983
1.88892 0.90001 0.729939
1.88928 -0.406489 -0.985558
1.88965 -0.616744 0.830705
1.89002 1.00254 0.221332
1.89039 0.00960131 -0.586443
1.89075 -0.465937 -0.251854
1.89112 -0.837612 0.634581
1.89149 1.10783 1.76651
1.89186 1.77484 -1.36075
1.89222 -2.09394 -1.04928
1.89259 -0.358528 2.66069
1.89296 2.04919 0.208797
1.89333 -0.357993 -0.578817
1.89369 0.275872 0.501741
1.89406 -0.460114 -0.533983
1.89443 -0.90483 1.82005
1.8948 2.23279 0.670258
1.89516 -0.328133 -2.14704
1.89553 -1.85117 1.21716
1.8959 1.35976 0.959092
1.89627 -0.0102048 -1.28042
1.89663 -0.701725 0.726408
1.897 1.12852 0.13962
1.89737 -0.0911451 -1.33015
1.89774 -1.006 0.186844
1.8981 0.501109 1.26475
1.89847 1.79119 -0.498903
1.89884 -0.322459 -2.18524
1.89921 -1.75277 0.735811
1.89957 1.51352 1.5686
1.89994 1.24053 -1.86572
1.90031 -1.18705 -0.848763
1.90068 0.300689 0.274245
1.90104 -0.18903 -0.880799
1.90141 -0.286158 0.397978
1.90178 1.45117 -0.799116
1.90215 -0.79737 -1.8773
1.90251 -1.2104 0.73128
1.90288 1.00304 0.212061
1.90325 0.00923443 -1.003
1.90362 -0.470479 0.20343
1.90398 0.137672 -0.068058
1.90435 -0.756159 -0.180434
1.90472 -0.663381 1.2419
1.90509 0.894766 0.955572
1.90545 0.262193 -1.10133
1.90582 -2.18936 0.0217854
1.90619 -0.439724 2.6902
1.90656 2.01218 0.110015
1.90692 -0.853654 -1.66932
1.90729 -1.5255 1.22013
1.90766 0.747761 0.870399
1.90803 0.0585426 -0.532334
1.90839 -0.0140058 0.178632
1.90876 0.222839 -0.424949
1.90913 -0.703269 -0.246441
1.90949 -0.0508773 0.368254
1.90986 0.255757 -0.0156303
1.91023 0.118959 -0.00766905
1.9106 -0.0673722 -0.658361
1.91096 -1.05039 -0.19623
1.91133 -0.331387 1.18464
1.9117 0.792426 0.453391
1.91207 0.346483 -0.826884
1.91243 -1.02241 -0.690387
1.9128 -1.16111 1.57526
1.91317 1.80512 1.61549
1.91354 1.48247 -1.88691
1.9139 -1.66329 -0.563102
1.91427 0.351544 2.01981
1.91464 1.86409 -0.0794081
1.91501 0.604615 -0.487456
1.91537 0.84751 -0.211283
1.91574 -0.016565 -0.369968
1.91611 0.480429 0.862538
1.91648 1.43096 -0.431464
1.91684 -0.314707 -0.578241
1.91721 0.501455 0.436856
1.91758 0.307504 -1.33939
1.91795 -1.80629 0.149402
1.91831 0.496249 1.51989
1.91868 1.06004 -1.48014
1.91905 -1.70803 -1.45864
1.91942 -1.79782 0.898518
1.91978 0.14648 1.3147
1.92015 1.32983 -0.7374
1.92052 -1.12443 -1.86245
1.92089 -2.02028 1.26168
1.92125 1.16646 1.21356
1.92162 0.462963 -1.05974
1.92199 -0.321004 0.407258
1.92236 0.570711 -0.381263
1.92272 -1.22098 -0.239285
1.92309 0.621758 1.69539
1.92346 1.59435 -1.15215
1.92383 -1.43702 -0.909253
1.92419 0.239916 0.837018
1.92456 0.357147 -1.30213
1.92493 -1.31092 0.380531
1.9253 1.53347 0.57486
1.92566 0.376819 -2.53733
1.92603 -2.24849 -0.183792
1.9264 0.271378 1.79816
1.92677 1.76181 -0.301376
1.92713 0.0791753 -1.55365
1.9275 -1.69826 0.208702
1.92787 0.290741 2.25272
1.92824 1.8916 -0.171651
1.9286 -1.00301 -0.487581
1.92897 -0.00652225 1.82516
1.92934 0.944145 -0.575293
1.92971 -1.7276 0.470924
1.93007 1.0519 2.28749
1.93044 1.30623 -1.78455
1.93081 -2.13208 -0.544658
1.93118 0.278245 1.52834
1.93154 0.452055 -0.854228
1.93191 -0.508952 0.105916
1.93228 1.24116 -0.747414
1.93265 -1.24375 -1.75316
1.93301 -1.35894 1.54153
1.93338 1.95401 0.515813
1.93375 0.54252 -2.09362
1.93412 -1.81095 -0.684696
1.93448 -1.06114 1.47641
1.93485 1.54379 0.794479
1.93522 0.462892 -2.04856
1.93559 -2.34307 0.0290913
1.93595 0.695465 1.59603
1.93632 0.575195 -1.7641
1.93669 -1.93924 0.488202
1.93706 1.72539 1.22721
1.93742 0.472481 -2.60669
1.93779 -2.22962 0.474535
1.93816 1.22714 1.59931
1.93853 0.809211 -0.937773
1.93889 0.0386565 0.200697
1.93926 0.353305 -0.647749
1.93963 -1.75509 0.512742
1.94 1.01167 2.6052
1.94036 2.20576 -0.946074
1.94073 -1.64985 -1.09831
1.9411 -1.39907 1.82424
1.94147 0.846723 1.76389
1.94183 1.5261 0.00143233
1.9422 -0.745573 -1.41927
1.94257 -1.87111 1.33003
1.94294 1.70079 1.41467
1.9433 0.202725 -1.59017
1.94367 -1.25574 1.11082
1.94404 2.13266 0.0441896
1.94441 -0.851768 -2.31687
1.94477 -1.43426 1.92688
1.94514 2.43526 0.378426
1.94551 -0.0234468 -2.02946
1.94588 -0.473525 0.236937
1.94624 -0.044456 -0.652109
1.94661 -1.09406 0.893832
1.94698 2.1896 0.800829
1.94735 0.334304 -2.90608
1.94771 -2.6897 0.201842
1.94808 0.816424 1.7687
1.94845 1.2783 -0.763144
1.94882 0.194267 -0.833815
1.94918 -0.379456 -0.935862
1.94955 -0.589475 0.835034
1.94992 1.78573 0.470312
1.95029 0.245025 -1.52662
1.95065 -0.0507808 0.733787
1.95102 1.76837 -0.855274
1.95139 -1.71639 -1.04184
1.95176 0.263764 2.54447
1.95212 2.84564 -1.40817
1.95249 -1.9238 -1.99263
1.95286 -1.04972 1.56881
1.95323 0.432044 -0.321076
1.95359 -0.587177 0.364899
1.95396 0.975942 -0.462448
1.95433 -2.24587 -1.93712
1.9547 -2.10874 2.37176
1.95506 2.0361 0.606861
1.95543 -1.11888 -1.83964
1.9558 -1.62003 1.12317
1.95617 0.227221 0.204042
1.95653 -1.03128 0.436015
1.9569 0.38057 1.08807
1.95727 0.0419727 -0.566079
1.95764 -0.453789 0.490647
1.958 0.212828 -0.216322
1.95837 -1.24464 0.573654
1.95874 1.69149 1.6815
1.95911 1.58379 -2.56908
1.95947 -2.70457 -0.739909
1.95984 0.578439 2.25022
1.96021 1.95672 -0.979024
1.96058 0.0305045 -0.896498
1.96094 0.29259 -1.14539
1.96131 -1.65058 -0.214467
1.96168 1.111 2.57833
1.96205 2.68934 -1.9027
1.96241 -2.57008 -1.68927
1.96278 -0.349962 2.87944
1.96315 1.93287 -0.255379
1.96352 -1.37873 -0.328341
1.96388 0.338646 1.60031
1.96425 0.838714 -0.547153
1.96462 -1.11552 0.173224
1.96499 -0.296144 1.18115
1.96535 0.703886 0.884056
1.96572 1.51886 -0.363894
1.96609 -0.813594 -1.62376
1.96646 -1.6273 1.44943
1.96682 2.0769 1.25982
1.96719 1.02425 -1.70005
1.96756 -0.705253 -0.667677
1.96793 -0.583856 -0.6673
1.96829 -1.2176 0.916602
1.96866 2.0918 1.02422
1.96903 0.533451 -3.604
1.9694 -3.93132 -0.304496
1.96976 0.567039 2.71961
1.97013 1.26582 -2.0254
1.9705 -2.40874 -0.780308
1.97087 0.100523 1.21843
1.97123 0.125305 -1.38679
1.9716 -2.02306 -0.0118978
1.97197 0.239399 1.83158
1.97234 1.89331 -0.250812
1.9727 -0.462043 -1.88718
1.97307 -2.08467 0.96896
1.97344 1.68437 2.74555
1.97381 2.57001 -1.08132
1.97417 -1.11209 -0.812796
1.97454 0.361165 1.52416
1.97491 0.786761 -0.0325719
1.97528 -0.240249 1.55581
1.97564 2.46313 0.423195
1.97601 -0.511776 -2.55492
1.97638 -2.33689 1.92337
1.97675 2.17526 1.79422
1.97711 0.482441 -2.14685
1.97748 -1.47137 0.244555
1.97785 0.73724 0.511794
1.97822 -0.39624 -0.968796
1.97858 -0.88415 0.737732
1.97895 1.2626 0.982692
1.97932 1.40944 -1.39768
1.97969 -1.87601 -1.57768
1.98005 -1.51683 2.91422
1.98042 3.83526 1.41219
1.98079 0.466198 -4.03991
1.98116 -3.61175 0.768928
1.98152 1.88669 2.46415
1.98189 0.997111 -2.31153
1.98226 -1.37441 -0.00335421
1.98263 1.46546 -0.577095
1.98299 -1.31303 -2.10833
1.98336 -0.765166 1.31931
1.98373 2.14799 -1.2462
1.9841 -0.849265 -2.12585
1.98446 -0.0912421 0.343243
1.98483 0.40316 -1.36719
1.9852 -0.916416 0.0352495
1.98557 1.32838 0.679703
1.98593 0.497054 -1.18781
1.9863 -0.753662 -0.484184
1.98667 -1.14821 0.136385
1.98704 -0.342631 2.56774
1.9874 3.06478 -0.0432375
1.98777 -2.05805 -3.81959
1.98814 -4.0922 3.26286
1.98851 3.34379 2.626
1.98887 0.0197926 -3.53011
1.98924 -2.9694 0.782322
1.98961 0.679695 0.695381
1.98998 -1.49081 -0.43301
1.99034 0.197059 1.72961
1.99071 0.775333 -1.63333
1.99108 -2.45102 0.278237
1.99145 0.813511 1.5525
1.99181 -0.667427 -1.21458
1.99218 -1.2714 2.62858
1.99255 2.74462 0.295817
1.99292 -1.92959 -2.29567
1.99328 -1.88386 3.02098
1.99365 1.98953 1.10798
1.99402 -0.186706 -0.416006
1.99439 0.916287 -0.117327
1.99475 -1.24307 -1.75322
1.99512 -1.56346 2.96187
1.99549 4.19221 0.500442
1.99586 -0.0877526 -4.07589
1.99622 -1.79762 1.24531
1.99659 1.94241 0.372198
1.99696 -0.165755 -0.636645
1.99733 1.93378 0.80954
1.99769 0.748086 -2.39424
1.99806 -2.15818 1.28001
1.99843 2.39356 1.43296
1.9988 -0.47826 -1.63626
1.99916 -0.492627 3.04119
1.99953 3.21725 -1.19206
1.9999 -3.83421 -2.10886
2.00027 -0.71687 5.56003
2.00063 4.93899 -0.721732
2.001 -2.18568 -3.17249
2.00137 -1.24472 2.43864
2.00174 1.47121 0.102165
2.0021 -0.00998526 0.265246
2.00247 1.99184 -0.472031
2.00284 -0.771478 -2.08289
2.00321 -0.813496 1.29336
2.00357 1.48767 -0.586384
2.00394 -0.723372 -0.601473
2.00431 1.22858 0.129744
2.00468 -0.876069 -2.95686
2.00504 -2.71705 1.28626
2.00541 2.18329 0.695321
2.00578 -1.30075 -2.61944
2.00615 -1.3545 1.52402
2.00651 1.55898 -2.06502
2.00688 -4.31807 -0.976384
2.00725 0.926427 4.94001
2.00762 4.55504 -3.62655
2.00798 -4.68164 -3.11184
2.00835 -0.84424 5.25852
2.00872 4.41531 -0.106507
2.00909 -0.248108 -2.27643
2.00945 -0.237523 0.77981
2.00982 0.562114 0.602619
2.01019 1.02008 0.746704
2.01056 1.10262 -0.734027
2.01092 -0.309763 0.200319
2.01129 1.3321 0.0329591
2.01166 -0.920595 -1.89962
2.01203 -1.40861 1.82714
2.01239 2.50952 0.0470188
2.01276 -1.17499 -2.79879
2.01313 -1.66852 1.11071
2.0135 0.509493 -0.579347
2.01386 -2.42012 0.1893
2.01423 1.56473 2.18754
2.0146 1.07283 -3.78056
2.01497 -5.53519 0.00209622
2.01533 0.619135 5.14078
2.0157 3.64799 -1.97467
2.01607 -2.74594 -2.43374
2.01644 -2.01638 2.30129
2.0168 1.02091 1.05044
2.01717 0.696183 -0.673669
2.01754 -0.389906 -0.66071
2.01791 -0.505727 0.120498
2.01827 0.307131 -0.650602
2.01864 -0.891786 -0.559265
2.01901 0.363681 1.27569
2.01938 1.74995 -1.51508
2.01974 -1.61508 -2.14488
2.02011 -1.11506 1.31084
2.02048 0.948493 0.492609
2.02085 0.288755 -0.164277
2.02121 0.76165 -0.652528
2.02158 -1.65641 -1.08926
2.02195 -1.88347 2.9203
2.02232 2.69527 2.03648
2.02268 0.766472 -2.14708
2.02305 -2.67406 0.450852
2.02342 -0.248877 2.83291
2.02379 1.46508 1.06618
2.02415 0.405125 -0.0235826
2.02452 -0.291467 0.500526
2.02489 0.299303 0.609728
2.02526 -0.11518 0.41538
2.02562 0.149592 1.80793
2.02599 2.31276 0.457102
2.02636 0.279704 -1.95259
2.02673 -1.71384 0.855194
2.02709 0.736242 1.9051
2.02746 1.37549 -0.0882302
2.02783 1.05904 -0.975798
2.0282 -0.944126 -1.75684
2.02856 -2.33906 1.44124
2.02893 2.5052 1.89738
2.0293 2.01477 -3.34911
2.02967 -2.70479 -1.36404
2.03003 0.0205176 1.6084
2.0304 1.6339 -0.969545
2.03077 0.27462 -0.926508
2.03114 0.652008 -0.574333
2.0315 0.305373 -0.913711
2.03187 0.409442 -0.606835
2.03224 -0.12399 -0.187109
2.03261 1.1166 1.05681
2.03297 2.36346 -1.93759
2.03334 -2.09786 -2.2545
2.03371 -1.13728 2.62282
2.03408 2.72498 0.124517
2.03444 -0.0734081 -2.00594
2.03481 -0.550355 -0.451766
2.03518 -1.58524 -0.991999
2.03555 -1.24336 2.5363
2.03591 3.90618 0.140204
2.03628 -1.42964 -4.76999
2.03665 -4.44066 2.32498
2.03702 2.98579 2.58547
2.03738 0.519407 -2.84571
2.03775 -2.46979 0.687763
2.03812 0.585856 0.647358
2.03849 -0.922061 -0.678696
2.03885 -0.949125 1.11885
2.03922 -0.337486 0.241942
2.03959 -0.195745 0.182114
2.03996 -0.141213 -1.52553
2.04032 -3.56101 -0.207532
2.04069 -0.100061 3.20835
2.04106 2.62062 -2.08846
2.04143 -2.8247 -2.34088
2.04179 -1.35956 1.83001
2.04216 0.198803 -0.0917122
2.04253 0.0731808 1.34825
2.0429 2.83166 -1.02774
2.04326 -2.79073 -2.8162
2.04363 -1.92894 4.76973
2.044 5.25533 1.14493
2.04437 -0.672887 -3.25848
2.04473 -1.49798 2.75159
2.0451 2.60998 0.501529
2.04547 -1.1144 -0.413657
2.04583 0.927969 2.55425
2.0462 2.426 -1.16588
2.04657 -0.859137 -0.984233
2.04694 -0.307782 0.584094
2.0473 -0.130391 0.707141
2.04767 2.30893 0.954647
2.04804 1.47921 -3.17781
2.04841 -3.53459 -0.752142
2.04877 0.494594 2.99177
2.04914 2.19603 -0.963571
2.04951 -0.701983 -0.512102
2.04988 -0.0582963 -0.572778
2.05024 -2.64391 -0.21992
2.05061 0.0387529 3.82412
2.05098 2.78249 -1.25438
2.05135 -3.45869 -1.8918
2.05171 -0.77556 3.18445
2.05208 1.49815 -1.25396
2.05245 -3.0168 0.106631
2.05282 1.83082 2.46118
2.05318 1.91797 -3.75352
2.05355 -3.572 -1.15423
2.05392 0.371767 2.61575
2.05429 2.86442 -0.85284
2.05465 1.15133 -2.3607
2.05502 -0.956575 -2.09411
2.05539 -1.55194 1.22765
2.05576 2.66424 1.62309
2.05612 1.68962 -2.57504
2.05649 -1.85492 -0.990582
2.05686 -0.701294 0.915654
2.05723 -0.486648 1.26257
2.05759 1.19332 1.18293
2.05796 -0.0174313 -2.07791
2.05833 -3.12729 1.02424
2.0587 1.27073 2.82913
2.05906 0.380787 -1.76834
2.05943 -2.19594 1.81919
2.0598 3.44302 2.08243
2.06017 0.454191 -3.25817
2.06053 -3.48918 1.98371
2.0609 3.2682 3.94462
2.06127 3.7008 -2.13869
2.06164 -1.55437 -1.87594
2.062 -1.47395 1.68273
2.06237 1.69645 2.01926
2.06274 2.49477 -1.1345
2.06311 -1.00727 -2.60858
2.06347 -2.08614 -0.0775261
2.06384 -0.169759 0.494841
2.06421 0.497238 -0.338424
2.06458 0.570794 -2.15377
2.06494 -2.24846 -2.57424
2.06531 -1.87254 1.37868
2.06568 1.95712 -0.195599
2.06605 -0.884388 -2.61417
2.06641 -0.982627 1.18948
2.06678 2.08709 -0.815726
2.06715 -1.90442 -2.02672
2.06752 -0.845881 3.17883
2.06788 4.08217 0.663205
2.06825 0.266677 -3.43956
2.06862 -2.89719 0.380495
2.06899 0.663511 3.17856
2.06935 3.08541 0.113992
2.06972 0.0508699 -2.79577
2.07009 -2.38085 -0.206837
2.07046 0.000408409 1.67028
2.07082 0.568185 -0.0442944
2.07119 0.0773065 -0.462542
2.07156 -0.0747863 -1.67151
2.07193 -2.61112 -0.35211
2.07229 -0.547973 2.5259
2.07266 1.43049 -0.604666
2.07303 -1.48896 -0.638079
2.0734 -0.20626 1.43326
2.07376 -0.876193 -0.753199
2.07413 -2.71146 2.30419
2.0745 2.36688 3.03146
2.07487 1.20424 -2.63482
2.07523 -4.07142 -0.380746
2.0756 -1.0818 3.74336
2.07597 2.37756 1.26168
2.07634 0.968238 -2.0517
2.0767 -2.15771 -1.55852
2.07707 -1.32009 1.91578
2.07744 2.1447 0.67139
2.07781 0.661993 -1.84473
2.07817 0.0736607 -0.281014
2.07854 0.626966 -0.981841
2.07891 -1.06865 0.0678958
2.07928 1.62836 1.45576
2.07964 1.87526 -1.39324
2.08001 -0.488626 -0.0445823
2.08038 1.09219 -0.00819782
2.08075 -1.21153 -0.687614
2.08111 0.366268 3.81042
2.08148 4.87648 -0.738698
2.08185 -2.07969 -4.59951
2.08222 -3.49012 3.39501
2.08258 3.93571 3.11185
2.08295 2.29395 -2.90203
2.08332 -1.742 -1.85068
2.08369 -1.44466 1.11178
2.08405 0.958702 2.07952
2.08442 1.91964 -0.918294
2.08479 -1.20003 -1.59433
2.08516 -0.864519 1.06285
2.08552 -0.126406 -0.0852364
2.08589 -1.42339 0.722589
2.08626 0.856899 0.788939
2.08663 -0.62563 -1.64184
2.08699 -1.96718 0.630825
2.08736 0.133159 -0.0772378
2.08773 -1.84114 -0.058032
2.0881 1.32603 2.24343
2.08846 2.49604 -3.79571
2.08883 -4.75762 -2.04259
2.0892 -0.11665 5.29644
2.08957 5.47785 -1.25173
2.08993 -0.964482 -4.54857
2.0903 -2.30527 0.940651
2.09067 0.885825 1.74078
2.09104 1.99554 -0.161634
2.0914 0.969191 -2.20521
2.09177 -1.65159 -0.663024
2.09214 -0.141939 1.2356
2.09251 0.355549 -0.575939
2.09287 -0.0636495 0.614531
2.09324 1.60758 -0.339315
2.09361 -1.51441 -1.59019
2.09398 -1.23841 2.09382
2.09434 1.81826 0.862594
2.09471 -0.0107895 0.276097
2.09508 1.5343 0.642311
2.09545 -0.534847 -2.28048
2.09581 -2.96542 3.22376
2.09618 4.47382 3.69245
2.09655 2.25334 -4.47946
2.09692 -4.16106 -0.400118
2.09728 0.448936 3.29285
2.09765 1.68871 -0.555689
2.09802 0.211266 -1.02411
2.09839 -0.358421 -1.84321
2.09875 -2.2135 -0.653072
2.09912 -0.183063 0.353482
2.09949 -0.190952 -1.42715
2.09986 -0.533683 -0.49594
2.10022 0.103506 -2.52257
2.10059 -3.40299 -1.75296
2.10096 -0.895441 2.59901
2.10133 1.8815 -0.663636
2.10169 -0.968978 -1.68516
2.10206 -0.674028 -0.651729
2.10243 -2.90174 0.33015
2.1028 0.0707868 5.06067
2.10316 5.40892 -1.49427
2.10353 -3.66264 -4.62141
2.1039 -3.57888 5.78787
2.10427 5.05155 2.06647
2.10463 -0.0598705 -3.28359
2.105 -0.954229 1.67512
2.10537 1.57075 -0.229601
2.10574 -1.21756 -0.226168
2.1061 1.16995 1.58346
2.10647 1.47959 -0.625352
2.10684 0.339526 -0.0354614
2.10721 0.0416903 -1.11478
2.10757 -2.35433 1.22829
2.10794 1.71355 3.45151
2.10831 1.88752 -1.7139
2.10868 -2.51233 -0.325337
2.10904 -1.08255 1.64237
2.10941 -2.09466 1.97808
2.10978 2.03606 3.92432
2.11015 2.90686 -4.25386
2.11051 -7.60877 -1.47388
2.11088 0.0935664 8.32798
2.11125 7.25678 -2.7257
2.11162 -3.89686 -4.4002
2.11198 -0.69776 4.29675
2.11235 3.95365 -1.70237
2.11272 -1.07342 -1.41977
2.11309 2.33233 1.66973
2.11345 2.44554 -2.5412
2.11382 -0.188748 -1.52955
2.11419 0.46548 -0.515606
2.11456 0.195284 0.931371
2.11492 3.29061 -0.416508
2.11529 -0.110687 -4.77296
2.11566 -3.32526 0.673971
2.11603 1.70569 1.30862
2.11639 -0.181462 -1.93989
2.11676 0.682573 0.28
2.11713 0.47132 -4.0138
2.1175 -6.02242 0.669379
2.11786 3.2784 5.89268
2.11823 4.71014 -5.78421
2.1186 -6.69194 -1.88066
2.11897 0.708749 5.98602
2.11933 3.26955 -2.218
2.1197 -3.01206 0.2779
2.12007 1.84718 2.53528
2.12044 0.228923 -2.56273
2.1208 -3.11133 1.06281
2.12117 0.00555897 2.24524
2.12154 0.653614 0.335064
2.12191 0.863459 -1.99316
2.12227 -4.00166 -2.59175
2.12264 -3.38396 4.1115
2.12301 4.03173 0.534366
2.12338 -1.11926 -4.86885
2.12374 -3.40335 0.901859
2.12411 0.013559 0.127937
2.12448 -1.54907 0.568555
2.12485 2.87506 1.66542
2.12521 0.52925 -4.08618
2.12558 -4.68431 1.38635
2.12595 2.84468 3.76746
2.12632 1.64655 -2.25215
2.12668 -1.58654 1.7491
2.12705 2.89465 0.56082
2.12742 -1.21566 -2.25444
2.12779 -1.46548 3.44905
2.12815 3.37283 1.48215
2.12852 1.44984 -2.00122
2.12889 -0.321108 -1.61687
2.12926 -2.47919 0.347043
2.12962 1.1444 4.42836
2.12999 5.9488 -1.58836
2.13036 -2.03436 -5.06985
2.13073 -3.66409 3.26508
2.13109 3.36953 3.10111
2.13146 2.50638 -1.40609
2.13183 -0.38474 -1.26979
2.1322 -1.8718 0.400926
2.13256 0.227212 2.75219
2.13293 1.90437 -0.312869
2.1333 -1.9663 -0.733171
2.13367 0.417556 1.52675
2.13403 0.752335 -2.97182
2.1344 -4.41271 -0.317903
2.13477 0.829944 3.11305
2.13514 2.86942 -3.5548
2.1355 -2.6148 -3.32035
2.13587 -1.96747 0.344809
2.13624 -0.53939 0.288496
2.13661 1.77316 0.485738
2.13697 1.9756 -3.20629
2.13734 -3.84235 -2.39999
2.13771 -2.34777 3.72114
2.13808 3.57153 2.16974
2.13844 1.87939 -2.94501
2.13881 -3.75687 -1.73829
2.13918 -2.20596 4.23481
2.13955 4.30181 1.78444
2.13991 -0.0202304 -3.64908
2.14028 -2.70122 2.31749
2.14065 4.16665 1.19042
2.14102 -0.963567 -3.95485
2.14138 -2.70371 4.14451
2.14175 6.49328 1.70391
2.14212 0.565693 -5.89099
2.14249 -4.63005 1.58119
2.14285 2.02941 3.66396
2.14322 2.38016 -0.855432
2.14359 -0.307595 -1.11627
2.14396 -2.20886 -0.535019
2.14432 -2.04778 1.9344
2.14469 0.611751 1.80741
2.14506 0.213552 0.165567
2.14543 -0.372356 -1.2361
2.14579 -3.56087 -1.1318
2.14616 -1.79568 4.95364
2.14653 5.09227 0.464483
2.1469 -2.09198 -5.16624
2.14726 -2.73596 3.88188
2.14763 5.31646 -0.0366397
2.148 -2.93676 -3.67954
2.14837 0.192815 5.62535
2.14873 8.03702 -3.43877
2.1491 -4.76066 -6.59631
2.14947 -3.09145 5.95291
2.14984 6.93694 0.485595
2.1502 0.932605 -5.72976
2.15057 -2.85115 -1.89195
2.15094 -2.22403 0.783444
2.15131 1.60146 2.04152
2.15167 2.36958 -3.34234
2.15204 -3.69308 -2.12336
2.15241 -0.27461 2.11297
2.15278 -0.258815 -1.44856
2.15314 -2.24897 2.97733
2.15351 4.26964 0.947984
2.15388 -2.11148 -3.80006
2.15425 -3.05267 5.41681
2.15461 4.38634 1.19129
2.15498 -2.82505 -1.07128
2.15535 2.08988 6.18618
2.15572 4.61154 -4.52148
2.15608 -8.31557 -1.06288
2.15645 1.91557 9.49798
2.15682 7.71233 -3.66997
2.15719 -4.671 -4.81961
2.15755 -2.70347 2.42652
2.15792 0.339135 0.979286
2.15829 2.25505 1.0254
2.15866 1.55273 -5.16026
2.15902 -6.20144 -1.86256
2.15939 0.835994 4.63384
2.15976 2.57496 -3.42317
2.16013 -3.76721 -0.216421
2.16049 2.67565 1.38727
2.16086 -1.25453 -3.97108
2.16123 -3.24833 3.69889
2.1616 4.09562 0.973922
2.16196 -1.16152 -2.22543
2.16233 1.2387 2.26387
2.1627 1.21713 -4.23431
2.16307 -5.09907 2.40233
2.16343 7.10029 5.2845
2.1638 4.06416 -8.62373
2.16417 -6.7832 -0.56792
2.16454 3.40702 4.9303
2.1649 2.97191 -2.72692
2.16527 0.356281 0.132025
2.16564 2.11932 -3.13156
2.16601 -4.76726 -0.403292
2.16637 1.66184 5.63444
2.16674 3.31964 -4.06309
2.16711 -5.06249 -1.08671
2.16748 0.594438 3.06982
2.16784 -1.57459 -2.74003
2.16821 -3.98146 2.92809
2.16858 3.07514 1.10525
2.16895 -1.98816 -3.42594
2.16931 -3.36158 1.32001
2.16968 -1.12388 0.353976
2.17005 -0.813964 3.00799
2.17042 4.74976 -0.593463
2.17078 -3.8338 -6.22424
2.17115 -5.65138 6.12701
2.17152 7.08049 3.2739
2.17189 -0.327745 -5.91006
2.17225 -3.60269 2.53734
2.17262 2.50329 0.200889
2.17299 -3.07061 -0.731663
2.17336 1.39828 4.14519
2.17372 3.26376 -3.55426
2.17409 -4.1934 -1.15327
2.17446 0.758756 3.05316
2.17483 1.04199 -1.68439
2.17519 -0.470643 1.95127
2.17556 4.2391 -0.12505
2.17593 -0.953402 -3.95096
2.1763 -2.39638 2.78432
2.17666 3.60098 3.84437
2.17703 4.60169 -0.56565
2.1774 0.801636 -4.05452
2.17777 -4.76373 0.992077
2.17813 2.42465 8.07457
2.1785 7.68276 -2.37395
2.17887 -4.00982 -5.1194
2.17924 -2.50469 5.40893
2.1796 3.85037 0.726054
2.17997 -2.03702 -1.61659
2.18034 0.563836 1.97281
2.18071 1.4227 -3.03734
2.18107 -3.83917 -0.914858
2.18144 0.0745019 2.05929
2.18181 1.32584 -1.53136
2.18217 -0.0266961 -0.787686
2.18254 1.01376 -2.12817
2.18291 -2.42452 -2.53486
2.18328 -1.51548 2.78179
2.18364 4.48995 1.34334
2.18401 2.62235 -5.49709
2.18438 -5.22179 -3.49414
2.18475 -2.98968 5.54053
2.18511 6.5532 1.55077
2.18548 0.894151 -8.10347
2.18585 -6.88431 -0.749234
2.18622 0.65154 3.80304
2.18658 1.80571 -3.16216
2.18695 -2.07644 -1.50172
2.18732 0.785653 -0.234302
2.18769 -1.30571 -2.7262
2.18805 -2.55577 0.979806
2.18842 1.63821 1.97161
2.18879 1.51976 -0.451255
2.18916 -0.78632 -0.557352
2.18952 -1.72559 1.13109
2.18989 -0.526499 3.52691
2.19026 1.30003 3.26786
2.19063 1.6929 0.775544
2.19099 -0.935922 -1.77206
2.19136 -5.12026 2.61773
2.19173 1.71004 7.45846
2.1921 6.18103 -3.14451
2.19246 -5.54791 -5.29812
2.19283 -3.49786 6.23304
2.1932 5.50363 0.259712
2.19357 -1.58379 -4.46532
2.19393 -0.772504 1.91269
2.1943 2.55135 -2.58878
2.19467 -3.47506 -2.13091
2.19504 -0.0406783 3.39118
2.1954 3.15161 -0.807712
2.19577 -0.525622 -2.63684
2.19614 -2.32304 -0.941868
2.19651 -2.48226 2.73837
2.19687 2.61542 3.24885
2.19724 2.13486 -3.34838
2.19761 -3.32967 -1.35487
2.19798 -1.03662 2.4526
2.19834 0.32077 1.70333
2.19871 3.97514 1.17201
2.19908 3.15234 -5.66015
2.19945 -5.81929 -0.697749
2.19981 3.31864 7.07912
2.20018 7.72375 -5.02374
2.20055 -3.81596 -3.15333
2.20092 2.29491 4.64954
2.20128 3.42503 -4.48382
2.20165 -4.58515 0.174238
2.20202 3.21544 4.71505
2.20239 2.45118 -3.99327
2.20275 -4.53089 -1.77954
2.20312 -3.03068 1.77454
2.20349 -1.9137 3.32497
2.20386 2.91726 1.25121
2.20422 -1.72336 -6.2145
2.20459 -8.87151 1.9404
2.20496 0.935599 6.91083
2.20533 3.14476 -1.74463
2.20569 -1.55812 -1.6956
2.20606 -2.10158 -0.566828
2.20643 -3.21405 3.23185
2.2068 5.06254 4.32067
2.20716 3.45523 -5.47621
2.20753 -5.17294 0.18754
2.2079 3.71807 3.84509
2.20827 1.90365 -4.6282
2.20863 -2.98045 2.51335
2.209 6.08373 1.04257
2.20937 0.0938568 -7.32926
2.20974 -4.1395 1.19323
2.2101 2.43489 1.85042
2.21047 1.1934 -1.24742
2.21084 3.05237 -1.74977
2.21121 -1.64433 -5.40655
2.21157 -5.73398 4.33115
2.21194 6.6428 5.30854
2.21231 4.25666 -6.43415
2.21268 -5.08808 -0.705932
2.21304 -0.308259 4.95448
2.21341 2.42899 2.21657
2.21378 2.99534 0.318405
2.21415 -0.40956 -2.04597
2.21451 -2.44999 2.42553
2.21488 2.65663 1.3396
2.21525 -1.27121 -1.70622
2.21562 0.16512 3.26814
2.21598 4.27463 -4.01784
2.21635 -6.17212 -4.73777
2.21672 -2.22237 5.84502
2.21709 5.65074 -2.06053
2.21745 -2.48167 -5.48029
2.21782 -2.13624 0.182283
2.21819 -1.97925 -2.0127
2.21856 -2.83524 2.42375
2.21892 4.76043 0.240729
2.21929 -1.85046 -7.06201
2.21966 -7.55287 1.72573
2.22003 1.93298 4.47802
2.22039 2.77786 -2.58041
2.22076 -2.50106 -2.28285
2.22113 -2.41537 0.831749
2.2215 1.00922 1.07641
2.22186 0.560687 -1.42452
2.22223 -1.83559 1.58146
2.2226 4.29916 1.43634
2.22297 0.709797 -6.33992
2.22333 -7.3769 2.93197
2.2237 5.29465 8.42382
2.22407 6.5975 -6.25499
2.22444 -6.77057 -2.97197
2.2248 -1.70359 7.00201
2.22517 3.24352 1.87926
2.22554 0.856739 0.477379
2.22591 0.997956 -0.651885
2.22627 -3.68671 -0.533773
2.22664 -1.87135 5.59101
2.22701 4.578 2.42272
2.22738 0.886286 -3.1066
2.22774 -3.29612 -0.155267
2.22811 -0.363265 3.43361
2.22848 2.88381 0.737223
2.22885 -0.779647 -2.02581
2.22921 -0.763016 2.17988
2.22958 4.25451 -1.46692
2.22995 -4.26493 -5.07852
2.23032 -4.64112 6.44447
2.23068 9.16585 1.7751
2.23105 0.128725 -10.5334
2.23142 -9.79293 1.03553
2.23179 1.65798 6.34622
2.23215 4.83819 -2.50958
2.23252 -0.35237 -3.90938
2.23289 -3.18399 -1.86328
2.23326 -2.39176 2.53394
2.23362 4.18181 2.49228
2.23399 3.28574 -3.26482
2.23436 -1.38297 -1.97708
2.23473 -0.0876732 0.83439
2.23509 1.81878 1.7181
2.23546 3.64157 0.462024
2.23583 1.4084 -1.81904
2.2362 0.624223 0.737022
2.23656 1.75676 -1.12028
2.23693 -3.37386 0.259123
2.2373 2.18574 5.83241
2.23767 6.13566 -4.3911
2.23803 -7.40553 -5.45542
2.2384 -4.85635 7.31811
2.23877 5.26227 2.06322
2.23914 -0.424581 -3.90284
2.2395 -3.29989 -1.00178
2.23987 -3.72745 0.451265
2.24024 -0.993926 5.03004
2.24061 4.51662 0.602232
2.24097 -1.83648 -4.11715
2.24134 -3.15099 2.75565
2.24171 2.06335 2.40165
2.24208 -0.0225314 0.417299
2.24244 1.62242 1.3
2.24281 2.2212 -2.18245
2.24318 -1.2597 -1.42341
2.24355 -1.11789 0.593375
2.24391 1.5469 1.52798
2.24428 6.17704 -2.5513
2.24465 -1.23798 -8.9302
2.24502 -7.38061 1.59699
2.24538 6.45196 4.48752
2.24575 5.25691 -8.81839
2.24612 -5.72678 -3.56818
2.24649 0.305222 2.19092
2.24685 0.509183 -1.71168
2.24722 -0.172358 2.09329
2.24759 3.11001 -1.63747
2.24796 -4.08884 -2.75746
2.24832 -2.60434 5.14651
2.24869 2.38945 1.43258
2.24906 -1.7407 -0.402181
2.24943 -0.210241 2.14372
2.24979 -0.235592 -1.16916
2.25016 -3.85186 0.0974922
2.25053 -0.971604 3.53387
2.2509 4.22382 1.49909
2.25126 2.22122 -6.17145
2.25163 -8.47982 -3.59733
2.252 -1.9088 9.72638
2.25237 11.4709 -0.616246
2.25273 -3.718 -11.5208
2.2531 -9.59785 4.43838
2.25347 4.58607 5.04274
2.25384 0.16865 -3.65758
2.2542 -3.54507 1.12005
2.25457 -0.6945 -0.996109
2.25494 -5.22145 0.152443
2.25531 -1.66658 4.77833
2.25567 0.739553 -0.248319
2.25604 -2.10858 -0.410681
2.25641 -0.805423 0.734203
2.25678 -2.14702 0.642143
2.25714 -0.320911 3.49388
2.25751 3.62022 2.02272
2.25788 3.82696 -0.6939
2.25825 0.388395 -3.06244
2.25861 -4.06908 3.85014
2.25898 7.60007 9.83731
2.25935 11.2669 -6.26233
2.25972 -7.21368 -5.76889
2.26008 -1.60196 11.3814
2.26045 10.0667 1.79927
2.26082 -0.246727 -4.57759
2.26119 -0.624218 1.60399
2.26155 0.269335 -1.10242
2.26192 -2.61493 1.9837
2.26229 2.90964 1.12026
2.26266 0.586518 -3.48122
2.26302 -0.795689 -0.374376
2.26339 -0.558753 -2.53082
2.26376 -3.20651 1.10492
2.26413 5.09838 3.3352
2.26449 3.86938 -5.52236
2.26486 -4.16321 -2.24781
2.26523 -0.459122 2.25915
2.2656 1.50519 2.20168
2.26596 5.47963 0.442495
2.26633 0.632848 -8.58678
2.2667 -8.5748 0.485333
2.26707 4.60133 6.75315
2.26743 4.8262 -7.61733
2.2678 -5.42046 -3.21576
2.26817 2.11526 -0.018936
2.26854 -1.96843 -5.39182
2.2689 -2.05617 3.03711
2.26927 6.27892 -2.62081
2.26964 -3.16503 -5.94448
2.27001 -1.62945 2.57458
2.27037 0.927188 -2.40631
2.27074 -3.83622 3.12102
2.27111 6.49095 3.35209
2.27148 -0.843969 -9.0675
2.27184 -10.6439 3.9349
2.27221 3.67457 9.26861
2.27258 3.97514 -3.15409
2.27295 -3.57481 -3.52407
2.27331 -5.84173 0.246301
2.27368 -2.82878 7.24976
2.27405 6.73752 0.386559
2.27442 -3.97277 -8.67166
2.27478 -6.58197 5.78484
2.27515 5.93805 0.994934
2.27552 -5.59396 -5.4546
2.27589 -1.47095 7.93021
2.27625 8.2197 -3.8327
2.27662 -8.32519 -5.03434
2.27699 -1.42936 8.72131
2.27736 5.42137 -2.01122
2.27772 -3.43643 1.02309
2.27809 5.36702 2.34442
2.27846 -2.63846 -7.75926
2.27883 -7.7521 8.19886
2.27919 11.184 6.44551
2.27956 3.81039 -10.9189
2.27993 -8.16644 -1.76591
2.2803 -0.990951 6.27742
2.28066 6.09842 2.91729
2.28103 5.97217 -6.9081
2.2814 -7.20357 -5.60619
2.28177 -1.82099 8.91533
2.28213 9.02696 -2.75603
2.2825 -6.09319 -5.05308
2.28287 1.10203 9.24047
2.28324 6.90756 -6.43132
2.2836 -11.7572 -2.36753
2.28397 1.71152 13.2347
2.28434 8.14295 -3.79131
2.28471 -7.09593 -2.02027
2.28507 0.578536 4.96088
2.28544 -1.53719 -1.36303
2.28581 -2.73388 8.15782
2.28618 9.3799 0.540108
2.28654 -2.93237 -9.51502
2.28691 -7.65285 5.51124
2.28728 4.96103 6.15373
2.28765 5.25459 -3.41706
2.28801 -0.259542 -6.06064
2.28838 -6.19136 -0.662563
2.28875 1.06149 5.80437
2.28912 5.44111 -5.11558
2.28948 -5.81688 -3.66168
2.28985 1.75519 3.98312
2.29022 1.49155 -8.34822
2.29059 -10.4886 1.2447
2.29095 6.1819 9.03276
2.29132 6.51035 -9.93737
2.29169 -9.34531 -3.1995
2.29206 0.43128 7.78918
2.29242 4.67597 0.812205
2.29279 3.44115 0.854609
2.29316 4.33261 -3.04178
2.29353 -3.83315 0.0732766
2.29389 2.57415 8.66513
2.29426 9.55296 -0.565308
2.29463 1.32619 -4.02222
2.295 -0.716533 1.29774
2.29536 0.883384 1.47072
2.29573 3.02627 0.530762
2.2961 2.02703 -2.84314
2.29647 -1.8148 -1.28118
2.29683 0.657599 -2.31816
2.2972 -4.15279 -4.72871
2.29757 -3.80547 4.62792
2.29794 6.32736 -0.748159
2.2983 -3.48024 -10.7091
2.29867 -10.414 1.82215
2.29904 0.480092 6.7019
2.29941 3.21755 -1.32451
2.29977 -1.19588 -5.16867
2.30014 -7.69452 -1.92171
2.30051 -4.52997 7.95846
2.30088 6.99719 2.55051
2.30124 0.157274 -8.05169
2.30161 -7.32298 -0.161187
2.30198 0.250749 3.73362
2.30235 3.11677 -1.85739
2.30271 0.334127 -3.40198
2.30308 -0.950406 -1.45656
2.30345 2.08211 -1.37829
2.30382 0.0404748 -4.87084
2.30418 -4.15117 2.16253
2.30455 6.35903 3.88323
2.30492 3.84286 -9.31166
2.30529 -9.41435 -0.906927
2.30565 -0.136098 9.62954
2.30602 4.45475 0.6279
2.30639 0.0853804 -0.450191
2.30676 -1.5226 -1.32427
2.30712 -9.16633 4.01867
2.30749 2.02011 12.7958
2.30786 9.73624 -3.17517
2.30823 -8.0762 -5.07717
2.30859 -5.26401 9.93273
2.30896 5.54398 3.75492
2.30933 1.63079 -0.868958
2.3097 0.765788 0.339086
2.31006 -0.77886 0.202755
2.31043 1.66688 1.76878
2.3108 0.550819 -1.10963
2.31117 -0.540063 5.02241
2.31153 9.5218 -0.645146
2.3119 -4.31147 -10.966
2.31227 -10.2901 9.41297
2.31264 11.5509 6.21377
2.313 0.881423 -11.8834
2.31337 -8.02466 1.63668
2.31374 1.62609 -0.393969
2.31411 -6.0304 -1.74073
2.31447 4.58324 5.93556
2.31484 6.02841 -12.0168
2.31521 -12.6434 -4.76199
2.31558 3.26176 8.61672
2.31594 8.10502 -6.93268
2.31631 -3.17906 -2.22619
2.31668 5.20824 0.315467
2.31705 0.390613 -5.48304
2.31741 -1.17682 4.46907
2.31778 5.15687 1.93904
2.31815 2.46676 -0.319741
2.31851 4.04862 -2.94314
2.31888 -8.47579 -2.96135
2.31925 -3.07894 15.1726
2.31962 16.0442 -1.64172
2.31998 -8.79234 -14.1337
2.32035 -10.488 12.7171
2.32072 9.90553 2.59328
2.32109 -4.5015 -5.2806
2.32145 1.51632 6.56283
2.32182 2.54847 -7.90714
2.32219 -11.7118 3.42379
2.32256 8.63784 10.1379
2.32292 3.37353 -10.3831
2.32329 -9.60791 3.83991
2.32366 7.30378 4.35732
2.32403 -3.80374 -7.4151
2.32439 -6.48874 8.30639
2.32476 8.3733 1.01239
2.32513 -2.0439 -8.17465
2.3255 -6.27917 -0.496545
2.32586 -4.70362 2.24907
2.32623 5.03308 6.03528
2.3266 9.78005 -11.3201
2.32697 -15.1618 -9.44966
2.32733 -2.48823 15.9973
2.3277 17.3437 -4.48828
2.32807 -5.88025 -10.0718
2.32844 -0.00454936 7.32549
2.3288 5.2536 -5.71183
2.32917 -5.29504 3.887
2.32954 12.2688 6.00756
2.32991 1.5283 -12.8534
2.33027 -8.82229 5.48099
2.33064 10.6378 4.05925
2.33101 -2.11615 -8.52713
2.33138 -3.11724 7.12072
2.33174 10.2666 -3.70979
2.33211 -6.96024 -9.65835
2.33248 -6.6288 6.63354
2.33285 5.01428 2.57115
2.33321 3.41887 -4.4595
2.33358 -3.62125 -8.65911
2.33395 -13.5063 2.21849
2.33432 4.0335 13.2303
2.33468 9.17672 -8.92027
2.33505 -14.0874 -5.58106
2.33542 -2.90984 11.231
2.33579 2.78167 -1.77652
2.33615 -7.23116 4.29307
2.33652 5.66001 4.57706
2.33689 -3.09515 -8.27677
2.33726 -9.93597 7.80162
2.33762 5.62575 5.86123
2.33799 -1.11266 -4.91847
2.33836 -0.55591 2.72193
2.33873 2.78953 -5.31958
2.33909 -9.19538 -1.79027
2.33946 2.84518 8.46924
2.33983 10.3737 -5.86008
2.3402 -3.66773 -8.64557
2.34056 -5.81027 1.13574
2.34093 1.04423 5.46038
2.3413 8.77325 1.36809
2.34167 1.28663 -8.39935
2.34203 -9.06734 1.86582
2.3424 3.25063 9.01904
2.34277 4.0851 -1.27537
2.34314 -2.55329 2.85053
2.3435 4.15433 3.10872
2.34387 -0.693739 -1.76006
2.34424 -2.51044 6.4248
2.34461 5.77725 5.52927
2.34497 5.77988 0.457062
2.34534 3.79001 -2.02347
2.34571 -3.4424 -1.55937
2.34608 -0.191572 9.90219
2.34644 14.4416 3.00086
2.34681 2.94115 -12.6006
2.34718 -10.4363 -0.977813
2.34755 1.90597 8.40567
2.34791 8.4856 -2.41595
2.34828 -1.12725 -9.73368
2.34865 -7.60389 -3.95099
2.34902 -1.86616 1.94326
2.34938 1.52914 -2.4605
2.34975 -2.23545 -4.25057
2.35012 -1.02742 -3.36534
2.35049 -3.10843 -3.39489
2.35085 -3.23136 2.4342
2.35122 2.03604 -0.0721478
2.35159 -1.28187 -1.57052
2.35196 2.42246 2.78343
2.35232 1.359 -5.65154
2.35269 -9.96025 2.04091
2.35306 6.44746 13.0133
2.35343 13.2512 -8.97261
2.35379 -11.3246 -10.9284
2.35416 -7.5108 11.7425
2.35453 12.3548 5.52232
2.3549 5.64998 -11.1888
2.35526 -8.85902 -6.25719
2.35563 -4.26201 7.11236
2.356 6.7215 1.42652
2.35637 -1.84609 -6.66792
2.35673 -3.59553 2.98278
2.3571 3.34658 -2.03395
2.35747 -9.78257 -2.89468
2.35784 -2.34782 11.9186
2.3582 9.72233 -2.85985
2.35857 -9.44149 -5.78458
2.35894 -3.85017 9.96705
2.35931 3.93557 -2.6045
2.35967 -7.67703 3.12212
2.36004 8.48315 9.41255
2.36041 4.53248 -13.7302
2.36078 -16.1058 -0.0905996
2.36114 5.14917 16.313
2.36151 14.3043 -5.96386
2.36188 -4.38122 -11.8106
2.36225 -7.42387 2.42828
2.36261 4.18297 7.60678
2.36298 8.95502 -4.45283
2.36335 -4.41347 -7.59831
2.36372 -0.788268 6.03002
2.36408 7.11643 -5.06503
2.36445 -10.9893 -3.53208
2.36482 3.3818 14.8251
2.36519 15.049 -9.885
2.36555 -15.2406 -10.2722
2.36592 -4.23615 16.1157
2.36629 11.9747 -0.789508
2.36666 -3.74828 -3.76567
2.36702 3.20822 2.35065
2.36739 -2.43662 -7.51146
2.36776 -8.37947 10.128
2.36813 13.3023 7.65414
2.36849 2.98518 -13.1557
2.36886 -11.3978 1.33891
2.36923 -0.159143 9.76557
2.3696 3.32103 2.29604
2.36996 0.9549 -2.99683
2.37033 -7.02485 -0.972118
2.3707 -3.36537 8.12412
2.37107 1.70606 -3.00976
2.37143 -11.4295 -0.320296
2.3718 3.40727 12.0551
2.37217 7.79775 -12.5075
2.37254 -18.9143 -6.68567
2.3729 -0.104255 17.1541
2.37327 15.7635 -4.79511
2.37364 -3.50664 -10.8734
2.37401 -2.48841 -0.176448
2.37437 -0.557803 1.19164
2.37474 7.03488 7.4814
2.37511 13.7241 -8.77484
2.37548 -8.20292 -10.6246
2.37584 -3.55268 11.7412
2.37621 11.7224 0.860625
2.37658 -0.309604 -7.07626
2.37695 -1.16955 0.464943
2.37731 -1.01303 -2.18533
2.37768 -2.19988 1.74699
2.37805 3.58177 -0.575146
2.37842 -1.06754 -1.50669
2.37878 3.50401 1.74294
2.37915 1.99745 -7.24819
2.37952 -6.75133 4.07982
2.37989 9.56612 11.3278
2.38025 10.3878 -6.8785
2.38062 -4.22293 -3.75407
2.38099 -1.84986 6.88802
2.38136 2.27256 9.15895
2.38172 10.8511 2.45596
2.38209 0.345097 -13.6382
2.38246 -17.4859 3.46951
2.38283 4.14614 14.3009
2.38319 7.21929 -12.1879
2.38356 -13.3316 -7.73591
2.38393 -3.7108 3.8272
2.3843 -2.66989 -7.78028
2.38466 -9.48029 -1.8806
2.38503 1.30389 1.36073
2.3854 0.596636 -8.27079
2.38577 -8.21847 -6.24549
2.38613 -7.41869 4.44811
2.3865 4.6072 8.24803
2.38687 7.43317 -5.01262
2.38724 -7.30808 -4.4278
2.3876 -3.67986 9.99345
2.38797 4.05803 5.67116
2.38834 2.18704 5.00921
2.38871 8.16184 0.0346302
2.38907 -6.51298 -7.26451
2.38944 -9.84308 13.6226
2.38981 16.0559 6.75312
2.39018 2.49235 -16.0651
2.39054 -11.6003 2.19955
2.39091 6.9364 3.54575
2.39128 1.2121 -9.91152
2.39165 -3.64131 3.06507
2.39201 9.49183 1.27868
2.39238 3.13202 -12.0272
2.39275 -9.39591 -2.25753
2.39312 -0.346364 14.9026
2.39348 16.7629 4.12049
2.39385 0.649265 -15.2581
2.39422 -17.4479 7.25012
2.39459 6.14693 20.1474
2.39495 8.9997 -3.66871
2.39532 -6.6955 -0.711944
2.39569 0.0760581 3.50766
2.39606 -6.83201 -0.927493
2.39642 -1.18888 10.5838
2.39679 12.9734 -5.99304
2.39716 -8.31377 -13.7888
2.39753 -4.88672 6.68158
2.39789 11.2404 -5.54994
2.39826 -3.3067 -10.3302
2.39863 1.96758 2.81472
2.399 9.99979 -9.15093
2.39936 -4.14527 -10.9151
2.39973 -5.83109 3.82507
2.4001 6.21927 6.39187
2.40047 11.0941 -8.51624
2.40083 -10.4244 -13.6953
2.4012 -16.0639 13.9915
2.40157 13.2798 11.8323
2.40194 4.29217 -14.949
2.4023 -15.1984 0.600109
2.40267 -2.39531 9.43192
2.40304 -1.53103 2.52558
2.40341 3.8617 5.96311
2.40377 3.2742 -6.29514
2.40414 -13.3895 1.82229
2.40451 3.55046 13.8397
2.40488 7.36738 -4.72763
2.40524 -8.31221 2.46134
2.40561 5.53091 6.85828
2.40598 0.273714 -9.1171
2.40635 -10.8655 5.35413
2.40671 6.135 9.80257
2.40708 6.52533 -6.91671
2.40745 -5.22743 -7.15942
2.40782 -9.24339 2.42528
2.40818 0.89867 10.6826
2.40855 12.5455 -3.06143
2.40892 -4.95861 -12.1552
2.40929 -10.1665 6.22889
2.40965 4.43417 5.88731
2.41002 2.88193 -0.0615687
2.41039 4.78355 -0.89481
2.41076 -2.92956 -8.66547
2.41112 -7.7012 6.35005
2.41149 12.1656 6.54629
2.41186 3.7197 -10.2837
2.41223 -3.09228 2.19831
2.41259 11.1843 -2.66011
2.41296 -4.7234 -8.18681
2.41333 -1.15044 13.3918
2.4137 21.1836 -1.71578
2.41406 0.527939 -18.6028
2.41443 -13.0548 4.86426
2.4148 6.17176 13.5011
2.41517 14.6114 -4.02962
2.41553 -1.27114 -12.3506
2.4159 -11.7563 3.55951
2.41627 3.19549 9.12856
2.41664 4.34447 -4.46402
2.417 -3.60279 0.558666
2.41737 2.44817 -1.21908
2.41774 -8.339 -6.30567
2.41811 -6.02931 9.88516
2.41847 8.65056 -0.138302
2.41884 -6.25236 -8.99536
2.41921 -4.08483 3.63488
2.41958 0.282878 -6.74897
2.41994 -14.211 0.661066
2.42031 5.85618 11.6974
2.42068 10.6804 -15.3942
2.42105 -19.4948 -12.1935
2.42141 -11.7033 15.2617
2.42178 14.3233 7.24989
2.42215 7.74822 -15.0308
2.42252 -17.2606 -8.55329
2.42288 -8.48602 17.0548
2.42325 17.0433 4.78633
2.42362 -1.24256 -11.855
2.42399 -7.92318 7.53426
2.42435 8.54021 1.09232
2.42472 -4.51103 -2.96713
2.42509 3.01951 12.495
2.42546 11.4354 -5.75269
2.42582 -5.74719 -4.3546
2.42619 5.43264 6.73815
2.42656 1.648 -5.90008
2.42693 -4.45109 9.22172
2.42729 18.3425 2.16741
2.42766 -3.5675 -18.1928
2.42803 -18.4093 10.5888
2.4284 9.62167 14.2108
2.42876 7.8104 -7.44621
2.42913 -7.35147 -7.59877
2.4295 -15.2464 2.05325
2.42987 -2.54789 16.9099
2.43023 14.3541 -2.12909
2.4306 -11.3812 -13.5049
2.43097 -9.56243 12.5923
2.43134 9.40037 0.902896
2.4317 -7.62954 -1.68038
2.43207 6.51726 9.83795
2.43244 7.62658 -13.1282
2.43281 -13.0092 1.24746
2.43317 8.2089 8.7774
2.43354 1.98959 -11.2085
2.43391 -0.83349 5.00795
2.43428 13.6229 -11.7584
2.43464 -19.7814 -15.8713
2.43501 -2.84687 20.3508
2.43538 26.3594 -11.2556
2.43575 -13.6563 -22.876
2.43611 -10.8696 9.62419
2.43648 7.14457 0.00109474
2.43685 -0.169827 1.55242
2.43722 6.97399 -0.595326
2.43758 -8.05565 -5.86844
2.43795 -3.89777 15.6712
2.43832 9.23313 4.70582
2.43869 -6.22565 6.1714
2.43905 10.4152 12.6517
2.43942 1.48174 -10.1194
2.43979 -16.5851 14.9974
2.44016 17.0113 17.1066
2.44052 5.89866 -11.5691
2.44089 -4.44402 5.77354
2.44126 6.82054 -6.99455
2.44163 -16.827 -0.886788
2.44199 15.6097 21.4809
2.44236 22.5791 -30.5708
2.44273 -32.9962 -16.7578
2.4431 2.17167 27.5212
2.44346 23.5717 -13.9669
2.44383 -13.5209 -14.1178
2.4442 -0.451807 4.98477
2.44457 0.575072 -6.26857
2.44493 -4.80461 5.7096
2.4453 4.05467 -0.103934
2.44567 -4.22134 0.0112621
2.44604 6.56837 3.52952
2.4464 -6.81567 -10.7266
2.44677 -14.3439 14.8951
2.44714 21.1729 7.90126
2.44751 1.46603 -20.8847
2.44787 -13.1969 3.02487
2.44824 5.15524 -0.618984
2.44861 -3.40919 -0.108664
2.44898 18.8119 4.2641
2.44934 5.61493 -33.19
2.44971 -30.8171 1.50627
2.45008 20.5598 25.9322
2.45045 21.2293 -28.1013
2.45081 -23.8869 -9.31214
2.45118 2.93372 16.8474
2.45155 4.7267 -5.75962
2.45192 -9.7049 5.12039
2.45228 2.11527 5.60008
2.45265 -7.12892 -0.380233
2.45302 -8.86163 6.06378
2.45339 -10.8142 2.53875
2.45375 -7.66982 13.2638
2.45412 7.53286 0.467375
2.45449 -14.283 -13.7776
2.45485 -16.0344 10.0244
2.45522 7.05993 6.32532
2.45559 2.37397 -3.82988
2.45596 4.19649 -6.56397
2.45632 -8.16779 -11.7496
2.45669 -8.22662 18.065
2.45706 25.9806 7.81598
2.45743 1.82487 -24.8987
2.45779 -17.5666 8.7417
2.45816 13.767 14.4021
2.45853 2.64673 -8.47771
2.4589 -5.32111 7.10393
2.45926 10.8035 1.25063
2.45963 -5.03317 -8.97677
2.46 -9.06867 7.88665
2.46037 9.24938 8.01151
2.46073 11.5525 -6.45353
2.4611 -2.38266 -10.7433
2.46147 -7.75165 3.74441
2.46184 8.64816 10.4452
2.4622 13.177 -2.7262
2.46257 4.38388 -7.37643
2.46294 -2.96327 -5.193
2.46331 -7.37002 10.6213
2.46367 14.6074 14.4644
2.46404 12.4772 -16.8631
2.46441 -19.7096 -5.55645
2.46478 -1.62683 20.5848
2.46514 11.0826 -4.96755
2.46551 -10.708 -6.10657
2.46588 0.583681 10.1347
2.46625 6.02536 -7.584
2.46661 -13.9823 -8.25611
2.46698 -7.04044 12.9585
2.46735 17.1881 6.90915
2.46772 6.91764 -21.5495
2.46808 -24.1111 -8.702
2.46845 -1.52907 23.5423
2.46882 23.9391 -2.99019
2.46919 -5.2134 -18.9233
2.46955 -7.81382 0.725568
2.46992 -2.23043 -2.41021
2.47029 -4.77756 10.4258
2.47066 20.3651 -1.06635
2.47102 -6.63419 -29.114
2.47139 -25.2331 13.7498
2.47176 19.9521 14.944
2.47213 3.05226 -21.826
2.47249 -15.1369 7.65283
2.47286 12.71 7.22307
2.47323 -2.53747 -11.2968
2.4736 -8.27259 10.093
2.47396 8.76863 12.5732
2.47433 12.4605 1.83238
2.4747 3.09999 -12.3867
2.47507 -20.338 7.23206
2.47543 12.6109 34.5155
2.4758 30.7908 -15.4271
2.47617 -21.1745 -18.2003
2.47654 -5.30152 25.2356
2.4769 14.5073 -1.23284
2.47727 -5.01442 -2.07954
2.47764 13.5546 -4.56338
2.47801 -13.2506 -22.6986
2.47837 -17.5245 18.6473
2.47874 26.4938 -3.54092
2.47911 -11.3966 -29.6564
2.47948 -12.6479 13.2507
2.47984 13.0713 -11.6676
2.48021 -21.9039 -12.075
2.48058 3.1099 19.4354
2.48095 12.8137 -16.6617
2.48131 -20.0527 -7.63251
2.48168 -1.24515 8.14654
2.48205 -6.14003 -0.653759
2.48242 4.73411 14.3731
2.48278 15.5079 -20.0782
2.48315 -29.8467 -10.0156
2.48352 2.42572 32.005
2.48389 26.4407 -13.531
2.48425 -11.973 -12.6108
2.48462 4.49611 7.47402
2.48499 -2.49536 -8.97148
2.48536 -1.57152 14.5345
2.48572 21.8593 -7.13573
2.48609 -18.1792 -13.0159
2.48646 -1.4847 19.6028
2.48683 7.96758 -17.1167
2.48719 -31.2221 9.47014
2.48756 20.4398 26.8606
2.48793 3.38103 -40.0597
2.4883 -50.4694 10.3326
2.48866 15.0879 40.0461
2.48903 12.2951 -19.6741
2.4894 -20.343 1.89427
2.48977 3.44406 9.07004
2.49013 -13.0614 7.59344
2.4905 8.70172 28.7833
2.49087 21.6518 -10.1164
2.49124 -17.7064 -2.25028
2.4916 1.41315 24.1287
2.49197 10.0406 2.66152
2.49234 5.89877 5.78295
2.49271 9.91462 -8.77713
2.49307 -13.3221 -3.14824
2.49344 13.4923 9.84362
2.49381 6.98 -25.7329
2.49418 -17.8961 9.67462
2.49454 40.8884 4.44165
2.49491 -1.8162 -55.6282
2.49528 -44.993 24.1259
2.49565 48.6519 33.2447
2.49601 22.8052 -53.589
2.49638 -39.9955 -1.80078
2.49675 9.94514 30.458
2.49712 14.5204 -6.15523
2.49748 3.12321 1.57089
2.49785 6.92495 -4.04157
2.49822 -11.0959 1.23194
2.49859 3.78035 14.6409
2.49895 13.6365 1.9044
2.49932 7.53905 -1.55005
2.49969 -1.75063 -8.86666
2.50006 -10.5921 6.36764
2.50042 15.6535 9.0194
2.50079 0.222119 -18.9918
2.50116 -15.4466 7.02558
2.50153 21.3589 -5.70298
2.50189 -19.9885 -34.4341
2.50226 -29.0121 28.227
2.50263 41.9442 4.99667
2.503 -6.90535 -55.5163
2.50336 -48.6236 11.9324
2.50373 16.8115 29.7323
2.5041 15.8791 -23.5296
2.50447 -20.9512 -11.1075
2.50483 -10.6197 10.0583
2.5052 0.0699554 2.28848
2.50557 -2.62972 -0.97594
2.50594 -1.48433 3.02586
2.5063 5.1456 -6.01768
2.50667 -7.73708 -12.955
2.50704 -8.39375 11.934
2.50741 19.0456 7.01766
2.50777 7.13714 -18.1323
2.50814 -6.26487 -0.10885
2.50851 4.29042 5.32767
2.50888 -4.93973 4.93176
2.50924 9.9121 13.0711
2.50961 13.9064 -13.8677
2.50998 -24.4975 -7.13076
2.51035 -11.6273 27.2736
2.51071 21.0647 6.78776
2.51108 2.61245 -17.7479
2.51145 -20.6985 -1.71877
2.51182 -6.08536 17.3805
2.51218 16.2017 2.79378
2.51255 -1.06315 -10.9961
2.51292 -8.03242 8.2913
2.51329 9.65809 -0.142327
2.51365 -9.32277 -9.22829
2.51402 -8.61842 16.7887
2.51439 15.5791 2.52496
2.51476 -1.62497 -18.1173
2.51512 -18.2614 -4.04342
2.51549 -16.4316 12.8741
2.51586 10.6442 18.0217
2.51623 18.4039 -23.4978
2.51659 -39.6912 -21.8243
2.51696 -22.6167 39.5829
2.51733 34.0192 6.33982
2.5177 -6.74619 -27.4662
2.51806 -19.1509 9.22936
2.51843 4.35576 3.3114
2.5188 -0.400909 5.26961
2.51917 19.0747 8.34576
2.51953 7.86603 -15.9169
2.5199 -4.76539 5.68388
2.52027 19.7402 9.11466
2.52064 5.58508 -1.38221
2.521 7.49972 13.8757
2.52137 19.0423 -3.42192
2.52174 -3.94464 -5.07054
2.52211 -8.82941 7.99693
2.52247 -7.88375 13.9798
2.52284 21.009 14.5753
2.52321 10.5202 -37.4488
2.52358 -59.9188 -4.03261
2.52394 8.09611 62.6722
2.52431 55.1051 -27.6519
2.52468 -43.2878 -34.7682
2.52505 -13.8563 47.7944
2.52541 36.6228 -1.05868
2.52578 -12.3795 -6.47386
2.52615 12.4757 23.8468
2.52652 17.3215 -15.8824
2.52688 -14.4281 2.0905
2.52725 11.7164 16.3931
2.52762 15.0968 -8.55648
2.52799 10.9858 -11.6311
2.52835 1.71349 -19.4308
2.52872 -9.49872 -2.57222
2.52909 15.251 -5.6268
2.52946 4.73843 -22.3958
2.52982 4.45027 -9.01936
2.53019 -0.652987 -35.7172
2.53056 -37.9134 -3.71304
2.53093 27.537 30.4302
2.53129 26.9857 -56.4362
2.53166 -64.8538 -20.4893
2.53203 6.81018 49.7792
2.5324 35.0077 -28.2552
2.53276 -37.6913 -10.7309
2.53313 8.65707 30.8745
2.5335 14.7004 -19.3068
2.53387 -28.5309 9.19713
2.53423 8.37054 31.6582
2.5346 17.0784 -4.98236
2.53497 -7.13901 -10.4825
2.53534 -23.3946 3.19174
2.5357 -7.447 25.7332
2.53607 26.1748 -3.75861
2.53644 -12.9808 -33.694
2.53681 -28.614 4.79492
2.53717 1.90848 3.87115
2.53754 -3.37579 -1.13129
2.53791 11.3842 -3.58795
2.53828 -15.796 -32.2096
2.53864 -39.8768 23.9516
2.53901 26.7292 32.2005
2.53938 -0.783824 -32.3224
2.53975 -43.661 15.5323
2.54011 13.1713 28.1416
2.54048 -9.00153 -16.5901
2.54085 -31.0719 20.6536
2.54122 19.239 18.8141
2.54158 10.2182 -17.5565
2.54195 -16.2858 -4.64487
2.54232 -7.86687 16.2018
2.54269 27.3792 21.9207
2.54305 39.6764 -17.1617
2.54342 -13.0943 -25.1665
2.54379 -11.8122 28.0168
2.54416 37.0921 24.1531
2.54452 30.5146 -12.3069
2.54489 -3.57941 -22.1302
2.54526 -25.4958 8.26844
2.54563 15.8399 37.4116
2.54599 36.2913 -19.3564
2.54636 -27.7608 -25.9322
2.54673 -8.11351 31.01
2.5471 24.135 -7.59694
2.54746 -24.8748 -11.2369
2.54783 2.13987 28.927
2.5482 24.0671 -12.7706
2.54857 -23.5197 -16.4178
2.54893 -16.5385 18.0094
2.5493 8.76226 14.2687
2.54967 15.1152 -1.3844
2.55004 -3.31212 -24.8131
2.5504 -28.1913 -2.66571
2.55077 3.97668 25.8822
2.55114 23.9502 -1.12939
2.55151 7.06358 -23.2134
2.55187 -16.4888 -20.4223
2.55224 -21.0444 25.108
2.55261 36.2551 22.6559
2.55298 13.7978 -49.7883
2.55334 -43.8904 -0.925126
2.55371 21.7447 31.1865
2.55408 9.0385 -37.7045
2.55445 -32.9512 8.95303
2.55481 39.8435 17.1292
2.55518 5.52624 -49.1938
2.55555 -42.1778 10.1602
2.55592 25.812 32.0624
2.55628 28.4271 -16.614
2.55665 -4.00296 -14.7181
2.55702 -15.1795 0.386544
2.55739 -1.96635 30.2015
2.55775 32.7411 8.57986
2.55812 -3.56443 -24.9186
2.55849 -16.6088 10.9707
2.55886 6.27846 6.43352
2.55922 -7.83798 7.84929
2.55959 23.0317 7.38694
2.55996 0.665929 -32.3852
2.56033 -31.0751 20.4986
2.56069 30.4866 15.7966
2.56106 -8.08234 -34.3909
2.56143 -16.9189 34.892
2.5618 46.4224 -7.21041
2.56216 -39.9703 -50.6154
2.56253 -33.7898 52.3802
2.5629 58.7078 8.92832
2.56327 -9.65194 -58.1664
2.56363 -39.4281 -5.01388
2.564 -4.21188 8.58617
2.56437 13.3698 8.68883
2.56474 27.7667 -34.523
2.5651 -35.5326 -48.2865
2.56547 -25.7913 32.1467
2.56584 39.3154 2.22814
2.56621 -6.02016 -39.0005
2.56657 -15.5998 0.239314
2.56694 -3.13624 -1.81245
2.56731 -11.1395 10.9549
2.56768 8.80141 -0.65684
2.56804 -23.3579 -3.73957
2.56841 0.509931 35.4334
2.56878 16.1972 -26.9126
2.56915 -65.0706 1.38202
2.56951 12.0788 82.2023
2.56988 59.1858 -31.9741
2.57025 -58.0168 -37.3152
2.57062 -20.4231 63.1251
2.57098 37.7074 16.4413
2.57135 6.29262 -5.43798
2.57172 15.7517 -9.80717
2.57209 -24.0118 -11.6041
2.57245 -12.6951 52.4228
2.57282 53.3275 8.27063
2.57319 -2.68102 -42.9517
2.57356 -37.9377 17.1178
2.57392 -0.639416 28.3749
2.57429 5.97197 -4.68351
2.57466 -14.4479 -11.8724
2.57503 -24.0193 14.525
2.57539 8.8646 3.75425
2.57576 -22.3162 -35.1285
2.57613 -41.9907 40.1922
2.5765 61.8682 33.8011
2.57686 16.5003 -78.7241
2.57723 -69.3641 15.7805
2.5776 51.4236 77.7122
2.57797 67.7925 -35.4037
2.57833 -16.0273 -15.9191
2.5787 21.0887 32.0568
2.57907 26.744 -2.44645
2.57944 9.39146 10.1524
2.5798 39.4917 2.49091
2.58017 15.9438 -33.5569
2.58054 -22.5337 -13.5603
2.58091 4.90762 12.8515
2.58127 31.812 -19.417
2.58164 -11.6513 -40.0807
2.58201 -18.6751 -2.84399
2.58238 12.6447 -18.9426
2.58274 -33.091 -13.622
2.58311 -2.48047 47.3476
2.58348 46.6258 -32.0988
2.58385 -66.0859 -46.8913
2.58421 -48.1904 91.0194
2.58458 72.1299 31.8175
2.58495 -5.01416 -66.1118
2.58532 -61.9735 22.5426
2.58568 12.8951 58.1808
2.58605 35.533 -7.87408
2.58642 -6.88727 -29.054
2.58679 -15.462 15.3954
2.58715 27.487 6.63509
2.58752 -1.8456 -42.5344
2.58789 -25.4632 8.36845
2.58826 38.5426 1.71816
2.58862 -3.49898 -63.0481
2.58899 -39.4472 -9.3159
2.58936 6.22776 -3.10782
2.58973 -12.8683 -12.1841
2.59009 25.8538 -1.55906
2.59046 0.745399 -70.1755
2.59083 -84.5955 23.6377
2.59119 50.2678 89.2034
2.59156 66.89 -61.8636
2.59193 -71.2513 -17.8243
2.5923 -13.1672 78.4141
2.59266 30.8016 21.8884
2.59303 22.4341 7.93778
2.5934 7.01246 -22.3108
2.59377 -51.6592 16.1344
2.59413 34.1761 47.7865
2.5945 36.4395 -57.0089
2.59487 -49.5573 -1.29346
2.59524 42.0986 24.3716
2.5956 14.9645 -74.243
2.59597 -47.9291 9.40848
2.59634 29.3683 33.1823
2.59671 13.0316 -24.1067
2.59707 -1.29837 -20.4099
2.59744 -52.3673 -26.4687
2.59781 -58.0463 84.2541
2.59818 92.2501 24.1583
2.59854 -39.9636 -119.581
2.59891 -126.542 71.787
2.59928 69.9342 59.5939
2.59965 -14.2253 -83.4414
2.60001 -47.2382 42.2549
2.60038 54.5248 -25.7295
2.60075 -66.7829 -49.3671
2.60112 9.682 79.9807
2.60148 78.0046 -47.9469
2.60185 -56.3761 -37.3546
2.60222 20.286 44.7468
2.60259 17.5403 -35.0572
2.60295 -42.4091 36.7684
2.60332 50.4397 29.3605
2.60369 2.00992 -40.2494
2.60406 -37.2681 23.9302
2.60442 -24.5833 35.4416
2.60479 12.7854 68.4251
2.60516 86.9659 -25.1961
2.60553 -92.4638 -67.1872
2.60589 -54.3648 157.281
2.60626 175.056 7.10048
2.60663 -55.2335 -121.203
2.607 -55.8295 140.997
2.60736 151.365 -4.54173
2.60773 -65.1604 -98.8296
2.6081 -23.4808 125.009
2.60847 127.397 -24.2176
2.60883 -49.3652 -89.2249
2.6092 -30.2858 50.8179
2.60957 25.3643 3.89351
2.60994 -1.39398 5.11312
2.6103 29.7787 -35.8941
2.61067 -65.6044 -46.6435
2.61104 -36.7806 63.4082
2.61141 53.1788 3.04224
2.61177 5.19335 -28.5156
2.61214 -3.00064 -22.9802
2.61251 -65.2011 -6.85916
2.61288 30.9344 102.249
2.61324 142.513 -70.2394
2.61361 -98.7781 -112.192
2.61398 -17.2911 134.749
2.61435 187.507 -43.8947
2.61471 -60.3325 -124.869
2.61508 -29.1552 101.535
2.61545 137.597 -45.6499
2.61582 -43.105 -119.269
2.61618 -58.501 43.616
2.61655 42.0394 9.71265
2.61692 28.2053 -55.4314
2.61729 -35.7004 -73.469
2.61765 -120.551 17.0515
2.61802 5.80529 97.5173
2.61839 69.0136 -66.3343
2.61876 -106.45 -68.1115
2.61912 -76.995 89.8333
2.61949 36.7058 56.3244
2.61986 22.0696 10.1079
2.62023 -14.768 -0.245989
2.62059 -66.0485 31.5055
2.62096 -0.485872 80.5807
2.62133 46.0375 -15.5481
2.6217 -30.2585 -35.8887
2.62206 19.4368 19.0899
2.62243 48.3077 -31.543
2.6228 -21.7175 -9.71617
2.62317 2.90827 32.4007
2.62353 25.7231 -11.0175
2.6239 -12.8002 -54.1864
2.62427 -81.4747 -65.0442
2.62464 -66.9456 23.0102
2.625 93.7174 24.4646
2.62537 52.02 -121.442
2.62574 -141.973 -24.0556
2.62611 -21.894 169.806
2.62647 133.934 26.0637
2.62684 -66.2363 -103.401
2.62721 -135.834 84.5568
2.62758 107.327 76.6827
2.62794 48.266 -115.804
2.62831 -91.2932 56.1236
2.62868 147.726 117.036
2.62905 101.084 -134.542
2.62941 -145.647 23.2826
2.62978 65.7002 176.118
2.63015 139.027 -88.7727
2.63052 -77.4064 -96.2715
2.63088 -42.1536 52.1118
2.63125 31.3683 17.3053
2.63162 20.6179 0.217058
2.63199 2.72829 -34.0333
2.63235 -76.1426 -45.5931
2.63272 -83.6085 28.3027
2.63309 8.65157 63.3746
2.63346 70.6371 -48.6296
2.63382 -93.5541 -118.894
2.63419 -128.374 153.458
2.63456 179.192 111.814
2.63493 -43.7021 -227.506
2.63529 -265.241 124.43
2.63566 250.768 169.074
2.63603 68.4923 -337.692
2.6364 -330.064 73.7533
2.63676 246.525 298.634
2.63713 244.248 -256.081
2.6375 -281.408 -75.2587
2.63787 -50.1112 264.6
2.63823 190.649 13.9448
2.6386 28.4987 -160.492
2.63897 -148.605 -58.9924
2.63934 -34.6279 145.608
2.6397 207.032 9.40753
2.64007 -0.406446 -139.519
2.64044 -66.0018 98.7627
2.64081 94.3772 26.2767
2.64117 -49.006 -5.30105
2.64154 90.3436 88.1427
2.64191 57.6053 -159.431
2.64228 -152.437 87.281
2.64264 249.82 143.467
2.64301 39.0337 -296.527
2.64338 -291.895 185.24
2.64375 318.773 271.488
2.64411 92.8464 -409.926
2.64448 -448.943 -13.4456
2.64485 92.2897 371.076
2.64522 320.849 -137.847
2.64558 -158.849 -351.9
2.64595 -374.285 84.5947
2.64632 181.02 390.2
2.64669 432.987 -319.398
2.64705 -489.002 -438.127
2.64742 -226.99 591.874
2.64779 771.865 -5.56633
2.64816 -256.375 -711.711
2.64852 -591.947 500.338
2.64889 715.609 348.624
2.64926 204.114 -805.663
2.64963 -790.837 6.83591
2.64999 148.1 759.97
2.65036 767.843 -344.192
2.65073 -445.776 -829.054
2.6511 -776.552 599.448
2.65146 810.619 618.993
2.65183 395.533 -1127.92
2.6522 -1215.29 -148.156
2.65257 291.403 1223.24
2.65293 973.043 -643.64
2.6533 -1077.72 -749.268
2.65367 -351.147 1086.77
2.65404 1233.51 25.0898
2.6544 -321.669 -867.416
2.65477 -1013.77 662.971
2.65514 582.435 685.023
2.65551 656.772 -804.917
2.65587 -732.453 -307.94
2.65624 -319.345 1118.38
2.65661 817.723 112.322
2.65698 -240.311 -1055.8
2.65734 -755.237 374.635
2.65771 715.516 683.677
2.65808 280.664 -716.394
2.65845 -907.599 -119.408
2.65881 174.517 591.347
2.65918 664.275 -439.255
2.65955 -475.01 -453.201
2.65992 -431.792 567.526
2.66028 599.45 234.003
2.66065 228.055 -726.727
2.66102 -799.241 -8.38391
2.66139 50.0465 911.04
2.66175 847.574 -346.666
2.66212 -530.483 -731.412
2.66249 -547.668 929.941
2.66286 909.454 364.512
2.66322 -69.1336 -1036.49
2.66359 -880.189 377.608
2.66396 789.362 864.466
2.66433 600.98 -890.732
2.66469 -1068.73 -300.602
2.66506 117.225 1143.4
2.66543 1237.77 -303.739
2.6658 -539.504 -992.42
2.66616 -791.007 788.875
2.66653 1010.88 590.037
2.6669 416.503 -922.086
2.66727 -985.171 31.7013
2.66763 61.4424 948.812
2.668 706.536 -426.137
2.66837 -537.871 -589.884
2.66874 -349.36 878.262
2.6691 665.085 248.38
2.66947 -376.56 -852.714
2.66984 -734.267 275.764
2.67021 693.056 544.425
2.67057 382.071 -464.352
2.67094 -625.768 -184.752
2.67131 -230.453 267.469
2.67168 492.205 194.325
2.67204 675.278 -410.43
2.67241 -541.181 -522.99
2.67278 -357.955 962.163
2.67315 1430.04 -79.5844
2.67351 -402.486 -1489.96
2.67388 -872.641 1206.17
2.67425 1965.65 321.647
2.67462 -393.355 -2071.66
2.67498 -1417.15 1235.24
2.67535 2206.68 642.754
2.67572 33.5795 -2211.62
2.67609 -1423.49 780.601
2.67645 1600.71 537.708
2.67682 131.004 -1371.52
2.67719 -367.542 658.802
2.67756 1156.26 -361.349
2.67792 -629.914 -761.27
2.67829 362.373 1221.11
2.67866 1412.65 -763.33
2.67903 -954.525 -633.958
2.67939 405.713 1211.7
2.67976 1106.95 -665.424
2.68013 -768.703 -175.276
2.6805 622.257 876.628
2.68086 718.373 -782.406
2.68123 -712.159 42.7828
2.6816 539.51 689.603
2.68197 499.479 -585.864
2.68233 -300.882 87.5493
2.6827 548.912 204.955
2.68307 20.8131 -625.955
2.68344 -391.037 489.883
2.6838 960.831 448.293
2.68417 248.218 -1005.04
2.68454 -822.426 -18.4469
2.68491 132.028 1118.41
2.68527 1192.03 -361.402
2.68564 -1032.33 -574.554
2.68601 324.719 950.645
2.68638 112.152 -712.735
2.68674 -1154.53 904.194
2.68711 1487.47 786.501
2.68748 5.0617 -1862.22
2.68785 -2073.94 1072.08
2.68821 1283.49 1597.19
2.68858 597.485 -1314.61
2.68895 -746.752 494.588
2.68932 510.038 104.521
2.68968 -1247.67 52.6075
2.69005 1183.13 2099.32
2.69042 1938.35 -1775.55
2.69079 -2983.36 -408.917
2.69115 934.317 2897.3
2.69152 1460.88 -2475.61
2.69189 -597.631 4399.73
2.69226 219.464 -7420.54
2.69262 -1065.45 8449.17
2.69299 1165.28 -5513.94
2.69336 -944.697 3330.96
2.69373 2112.08 -2033.25
2.69409 -3746.52 -567.957
2.69446 1022.74 3139.23
2.69483 1991.46 -2248.4
2.6952 -2885.65 -764.418
2.69556 -41.4949 1900.67
2.69593 563.003 -908.589
2.6963 -1248.52 369.005
2.69667 549.63 544.23
2.69703 -738.847 -1061.9
2.6974 -1434.67 1258.12
2.69777 1025.15 1038.64
2.69814 -44.3199 -1151.22
2.6985 -1623.71 384.049
2.69887 128.353 1489.32
2.69924 715.999 -234.922
2.69961 -669.448 -324.191
2.69997 -387.244 566.815
2.70034 187.065 360.814
2.70071 225.926 118.965
2.70108 395.953 -190.18
2.70144 -334.353 -551.197
2.70181 -424.506 743.47
2.70218 1293.76 390.173
2.70255 297.602 -1324.07
2.70291 -969.076 -12.2444
2.70328 345.239 666.424
2.70365 486.902 19.3002
2.70402 522.187 -367.077
2.70438 -581.472 -1247.02
2.70475 -1403.31 1224.22
2.70512 1883.78 1265.09
2.70549 -85.8978 -2652.86
2.70585 -2315.84 1525.61
2.70622 3549.25 -721.217
2.70659 -6681.76 1817.44
2.70696 9292.45 -1227.26
2.70732 -8034.57 -280.247
2.70769 3710.05 1063.31
2.70806 -1112.55 -214.83
2.70843 819.833 1467.83
2.70879 741.127 -1652.36
2.70916 -1529.69 187.866
2.70953 683.18 1827.91
2.7099 1087.3 -367.166
2.71026 28.4625 -629.744
2.71063 -247.596 -215.825
2.711 -540.797 754.435
2.71137 1019.81 630.641
2.71173 774.967 -1359.73
2.7121 -1019.66 -487.833
2.71247 -169.555 708.649
2.71284 525.064 -253.783
2.7132 217.658 -411.814
2.71357 217.613 -693.843
2.71394 -1186.57 -444.762
2.71431 344.351 974.007
2.71467 676.264 -806.001
2.71504 -524.909 -373.355
2.71541 -424.015 48.5121
2.71578 -98.2918 272.171
2.71614 254.238 159.431
2.71651 -197.328 -277.953
2.71688 -442.095 291.474
2.71725 309.32 239.899
2.71761 -321.346 -192.869
2.71798 -315.505 693.348
2.71835 743.436 59.0602
2.71872 -266.681 -489.918
2.71908 -308.809 665.685
2.71945 609.869 86.2629
2.71982 -11.8795 -187.572
2.72019 345.775 357.093
2.72055 326.108 -459.464
2.72092 -372.653 29.5297
2.72129 539.06 468.098
2.72166 480.246 -436.425
2.72202 -228.738 -316.063
2.72239 -20.8379 -22.3512
2.72276 7.60482 37.3148
2.72313 232.545 -89.0035
2.72349 -146.661 -650.181
2.72386 -522.144 37.6385
2.72423 207.781 63.8921
2.7246 -339.45 -576.21
2.72496 -422.053 207.561
2.72533 315.566 -212.78
2.7257 -687.88 -442.718
2.72607 -315.721 616.738
2.72643 502.691 -235.635
2.7268 -604.025 -304.35
2.72717 -175.787 649.343
2.72753 328.349 -110.667
2.7279 -317.683 56.9988
2.72827 140.752 435.004
2.72864 41.0316 -102.824
2.729 -115.886 278.626
2.72937 295.939 135.919
2.72974 -134.433 -9.88475
2.73011 160.072 242.981
2.73047 173.086 -307.05
2.73084 -367.984 151.182
2.73121 356.291 272.528
2.73158 122.498 -540.343
2.73194 -344.399 78.2329
2.73231 189.198 100.422
2.73268 -235.764 -189.032
2.73305 51.921 381.708
2.73341 361.717 -297.784
2.73378 -704.729 -159.699
2.73415 -109.328 820.114
2.73452 616.566 88.9984
2.73488 -77.466 -181.418
2.73525 -160.735 65.3278
2.73562 -307.536 116.281
2.73599 15.3063 681.888
2.73635 616.567 98.6887
2.73672 -20.5498 -357.836
2.73709 53.7951 138.762
2.73746 202.176 -214.358
2.73782 -226.753 92.5854
2.73819 682.813 259.077
2.73856 631.16 -912.698
2.73893 -592.12 -632.898
2.73929 -341.796 227.599
2.73966 190.077 172.135
2.74003 490.046 -77.6012
2.7404 143.114 -995.336
2.74076 -1439.08 -806.329
2.74113 -1710.07 1156.88
2.7415 -226.908 2330.85
2.74187 1668.38 1977.91
2.74223 2961.55 -78.7168
2.7426 1778.01 -2401.85
2.74297 -570.787 -2596.54
2.74334 -1963.78 -1404.39
2.7437 -2105.6 548.303
2.74407 -296.289 1740.91
2.74444 999.615 311.578
2.74481 -30.5269 -645.928
2.74517 -504.287 178.76
2.74554 -208.56 498.421
2.74591 -63.7988 757.477
2.74628 784.311 643.538
2.74664 718.859 -482.714
2.74701 -466.783 -497.319
2.74738 -392.976 390.93
2.74775 452.759 314.431
2.74811 562.88 -378.072
2.74848 79.1377 -795.142
2.74885 -336.07 -574.232
2.74922 -250.878 21.9139
2.74958 128.956 409.561
2.74995 403.248 210.075
2.75032 -59.6708 -561.109
2.75069 -1096.38 -495.116
2.75105 -900.048 517.376
2.75142 297.508 407.418
2.75179 368.275 -344.216
2.75216 -113.872 -238.45
2.75252 -240.875 44.0136
2.75289 -262.825 598.191
2.75326 579.114 1065.45
2.75363 1149.65 -58.8288
2.75399 -31.1905 -865.138
2.75436 -632.261 180.879
2.75473 242.594 715.034
2.7551 835.506 144.485
2.75546 1090.55 -748.728
2.75583 321.602 -2077.86
2.7562 -1985.71 -2018.5
2.75657 -3118.54 367.835
2.75693 -1501.88 2679.17
2.7573 1179.77 2769.32
2.75767 2512.84 791.719
2.75804 1740.78 -1048.98
2.7584 349.899 -1429.3
2.75877 -763.367 -917.371
2.75914 -982.423 228.518
2.75951 136.235 622.332
2.75987 419.23 -314.56
2.76024 -458.67 -479.121
2.76061 -610.252 -68.5804
2.76098 -565.957 153.145
2.76134 -126.133 609.895
2.76171 592.797 -7.66429
2.76208 -70.0907 -604.021
2.76245 -404.898 378.759
2.76281 351.538 666.408
2.76318 405.6 178.651
2.76355 258.934 118.344
2.76392 -36.5967 -44.583
2.76428 -423.691 3.93039
2.76465 1.8869 -110.204
2.76502 215.179 -241.831
2.76539 401.017 68.5568
2.76575 487.419 -363.832
2.76612 -268.485 -311.97
2.76649 12.7111 517.251
2.76686 475.595 -32.9128
2.76722 -260.495 -277.96
2.76759 -141.201 254.026
2.76796 16.8863 -62.1287
2.76833 -346.657 60.939
2.76869 128.62 150.995
2.76906 69.1553 -259.593
2.76943 -222.798 103.865
2.7698 113.325 130.246
2.77016 32.9052 -29.0705
2.77053 127.054 144.888
2.7709 71.2676 -155.044
2.77127 -143.219 60.3562
2.77163 364.411 124.51
2.772 33.9902 -290.377
2.77237 -241.156 185.331
2.77274 371.761 -32.6442
2.7731 -136.9 -389.21
2.77347 -192.372 264.039
2.77384 333.687 -248.993
2.77421 -331.98 -408.746
2.77457 -82.0278 406.138
2.77494 337.113 -248.715
2.77531 -417.69 -434.735
2.77568 -153.229 275.571
2.77604 219.397 -38.4689
2.77641 -148.536 -213.836
2.77678 -97.0081 -44.9226
2.77715 -46.073 77.7468
2.77751 86.2164 95.7527
2.77788 -52.0504 -245.242
2.77825 -224.8 184.722
2.77862 392.253 262.189
2.77898 4.65229 -429.36
2.77935 -444.963 232.043
2.77972 413.56 430.95
2.78009 94.4656 -278.03
2.78045 -294.834 140.175
2.78082 246.527 75.9652
2.78119 -231.569 -60.3454
2.78156 -106.167 473.646
2.78192 425.633 -241.227
2.78229 -358.554 -374.832
2.78266 -304.112 531.745
2.78303 303.25 26.1987
2.78339 -16.3997 -434.658
2.78376 -155.536 67.8553
2.78413 -66.9945 201.845
2.7845 52.2034 -108.35
2.78486 20.9457 -275.967
2.78523 -153.748 276.76
2.7856 187.821 246.349
2.78597 -65.0343 -535.197
2.78633 -397.208 148.241
2.7867 326.147 575.671
2.78707 43.6861 -372.544
2.78744 -463.974 -170.516
2.7878 225.655 245.434
2.78817 25.1441 -28.1591
2.78854 -246.555 99.5934
2.78891 324.118 -232.393
2.78927 34.3157 -290.843
2.78964 -128.314 388.642
2.79001 320.506 0.968876
2.79038 211.565 -407.693
2.79074 120.782 127.449
2.79111 129.123 249.374
2.79148 86.1452 -2.33753
2.79185 216.415 -68.0699
2.79221 77.9069 180.385
2.79258 -3.05712 305.99
2.79295 -68.3637 -85.4493
2.79332 -221.071 97.746
2.79368 115.692 361.963
2.79405 -114.661 -179.774
2.79442 -619.771 4.51137
2.79479 38.5345 302.685
2.79515 109.427 -292.818
2.79552 -563.601 -93.1915
2.79589 -102.237 225.934
2.79626 198.398 -331.65
2.79662 -187.414 -216.859
2.79699 -8.65223 165.745
2.79736 196.53 -112.702
2.79773 142.4 -287.722
2.79809 108.394 -101.535
2.79846 142.664 226.414
2.79883 400.777 10.5227
2.7992 194.127 -459.447
2.79956 -65.7823 100.93
2.79993 354.973 440.778
2.8003 279.279 -216.753
2.80067 -49.8806 -289.321
2.80103 48.5187 89.6266
2.8014 -65.5358 322.118
2.80177 159.578 116.735
2.80214 142.522 -603.676
2.8025 -568.43 2.99748
2.80287 -49.9023 843.819
2.80324 423.425 -359.105
2.80361 -514.378 -653.117
2.80397 -391.315 677.483
2.80434 342.037 381.98
2.80471 -116.002 -588.147
2.80508 -494.816 -113.179
2.80544 -22.2287 666.624
2.80581 400.22 88.3652
2.80618 -233.102 -803.359
2.80655 -656.203 174.347
2.80691 478.439 790.291
2.80728 501.871 -658.046
2.80765 -675.239 -716.968
2.80802 -172.693 430.217
2.80838 503.18 168.98
2.80875 210.533 -494.135
2.80912 -148.032 -712.959
2.80949 -481.762 62.9479
2.80985 377.967 696.576
2.81022 745.615 -725.887
2.81059 -768.882 -791.469
2.81096 -409.102 1026.25
2.81132 953.024 338.818
2.81169 -68.1856 -846.122
2.81206 -857.498 307.821
2.81243 153.094 1064.15
2.81279 666.847 44.5898
2.81316 -405.409 -569.012
2.81353 -925.377 774.842
2.8139 616.494 1140.99
2.81426 641.74 -713.778
2.81463 -1086.28 -350.384
2.815 -281.724 1181.88
2.81537 876.764 101.803
2.81573 -0.0918404 -777.321
2.8161 -510.872 -166.801
2.81647 -245.963 368.464
2.81684 588.379 224.098
2.8172 562.95 -1013.48
2.81757 -959.074 -618.912
2.81794 -215.376 994.667
2.81831 1239.73 -250.781
2.81867 -231.886 -1265.49
2.81904 -939.15 401.655
2.81941 480.647 798.015
2.81978 739.454 -470.84
2.82014 -458.762 -587.463
2.82051 -704.782 783.818
2.82088 779.095 876.459
2.82125 631.243 -775.555
2.82161 -1040.01 -98.9891
2.82198 19.4457 1368.58
2.82235 1129.37 -73.4613
2.82272 -245.841 -733.914
2.82308 -516.494 449.736
2.82345 355.866 513.157
2.82382 651.614 -164.075
2.82419 142.778 -767.523
2.82455 -758.516 -146.336
2.82492 206.342 796.005
2.82529 1090.15 -555.078
2.82566 -529.971 -1128.88
2.82602 -817.817 470.659
2.82639 586.431 429.097
2.82676 370.69 -685.917
2.82713 -665.696 -468.203
2.82749 -600.797 476.801
2.82786 426.068 430.172
2.82823 182.559 -647.667
2.8286 -1000.89 -74.4652
2.82896 -12.489 948.096
2.82933 767.098 -289.871
2.8297 -567.944 -561.101
2.83007 -413.641 668.758
2.83043 679.055 282.299
2.8308 378.635 -456.776
2.83117 -172.397 -280.971
2.83154 -192.464 227.653
2.8319 535.78 392.902
2.83227 705.682 -520.157
2.83264 -428.217 -594.851
2.83301 -330.896 463.79
2.83337 564.337 159.34
2.83374 112.995 -550.486
2.83411 -494.032 -250.187
2.83448 -364.046 202.652
2.83484 72.2512 176.308
2.83521 -34.2241 -364.661
2.83558 -669.104 -125.469
2.83595 -167.493 517.203
2.83631 277.107 -151.019
2.83668 -548.254 -244.909
2.83705 -257.679 638.296
2.83742 517.533 180.644
2.83778 -83.4778 -297.136
2.83815 -316.135 305.922
2.83852 236.953 425.518
2.83889 340.762 53.9421
2.83925 75.0881 -134.886
2.83962 -142.857 6.77399
2.83999 62.892 235.842
2.84036 282.49 -36.1538
2.84072 12.8507 -301.864
2.84109 -147.143 -164.072
2.84146 -89.4395 -35.4964
2.84183 33.6406 -2.11536
2.84219 103.869 -245.105
2.84256 -241.955 -275.597
2.84293 -225.244 208.024
2.8433 168.883 92.1454
2.84366 -118.011 -150.69
2.84403 -184.29 286.541
2.8444 167.22 182.963
2.84477 -189.053 -4.1133
2.84513 -134.624 518.597
2.8455 437.164 256.522
2.84587 -18.2179 -228.791
2.84624 -280.369 323.556
2.8466 364.454 404.339
2.84697 355.695 -149.251
2.84734 15.5555 -110.441
2.84771 131.936 26.3334
2.84807 180.535 -42.5272
2.84844 167.261 -30.9046
2.84881 240.964 -102.778
2.84918 191.267 -266.205
2.84954 -117.457 -269.712
2.84991 -221.913 122.743
2.85028 273.808 148.984
2.85065 183.379 -442.346
2.85101 -456.981 -246.844
2.85138 -236.759 213.072
2.85175 -6.87436 30.0805
2.85212 12.3668 97.9675
2.85248 244.103 -215.547
2.85285 -411.149 -455.495
2.85322 -456.294 546.396
2.85359 694.456 418.045
2.85395 348.523 -616.144
2.85432 -385.835 -146.904
2.85469 47.167 283.47
2.85506 180.142 76.1755
2.85542 251.807 73.6061
2.85579 306.945 -271.654
2.85616 -151.411 -352.944
2.85653 -291.36 1.20121
2.85689 -56.8167 209.984
2.85726 397.011 28.097
2.85763 173.663 -730.361
2.858 -799.026 -428.638
2.85836 -357.137 542.696
2.85873 393.104 82.0729
2.8591 21.7009 -327.218
2.85947 -128.632 -290.615
2.85983 -606.359 -213.186
2.8602 -494.985 803.806
2.86057 757.44 473.492
2.86094 150.491 -762.859
2.8613 -828.909 12.7109
2.86167 -187.106 625.342
2.86204 93.1926 318.998
2.86241 316.703 203.051
2.86277 229.385 -433.393
2.86314 -599.955 -242.394
2.86351 -279.477 542.104
2.86387 392.81 324.511
2.86424 509.943 -145.23
2.86461 107.695 -696.487
2.86498 -811.816 -178.453
2.86534 -79.6057 945.262
2.86571 908.972 60.5983
2.86608 32.3547 -628.766
2.86645 -331.496 -81.4184
2.86681 -389.096 75.1224
2.86718 -251.019 732.875
2.86755 849.853 338.213
2.86792 148.984 -906.119
2.86828 -938.589 -20.1921
2.86865 -125.465 722.868
2.86902 350.579 311.34
2.86939 531.74 6.6642
2.86975 161.858 -669.489
2.87012 -761.056 -62.8462
2.87049 64.2097 895.815
2.87086 815.986 143.978
2.87122 385.777 -368.748
2.87159 -17.1106 -481.406
2.87196 -668.452 51.5653
2.87233 139.689 1006.47
2.87269 1091.73 -164.338
2.87306 -166.979 -894.374
2.87343 -522.303 95.092
2.8738 -91.2358 121.726
2.87416 -78.6834 320.07
2.87453 721.801 59.3027
2.8749 103.523 -1031.87
2.87527 -951.383 -140.688
2.87563 -28.5 677.127
2.876 525.711 90.8674
2.87637 424.218 -330.207
2.87674 -138.656 -712.988
2.8771 -826.301 155.359
2.87747 259.805 870.063
2.87784 726.522 -236.005
2.87821 -84.1064 -453.997
2.87857 -205.539 -200.911
2.87894 -565.427 66.5255
2.87931 102.832 803.231
2.87968 944.333 -327.196
2.88004 -432.503 -930.429
2.88041 -624.201 338.551
2.88078 217.293 178.034
2.88115 -12.7946 10.8315
2.88151 434.243 47.81
2.88188 50.9522 -781.591
2.88225 -843.922 -1.14376
2.88262 81.2323 737.269
2.88298 527.893 -40.4846
2.88335 91.2241 -380.695
2.88372 -366.209 -364.469
2.88409 -645.243 368.194
2.88445 329.183 639.412
2.88482 397.434 -431.448
2.88519 -430.995 -249.529
2.88556 -149.717 90.4233
2.88592 -366.374 -17.5379
2.88629 -4.40447 616.375
2.88666 738.599 -256.052
2.88703 -523.812 -734.591
2.88739 -551.086 604.206
2.88776 482.253 252.458
2.88813 -44.6733 -179.871
2.8885 116.592 198.194
2.88886 87.8583 -368.478
2.88923 -592.259 134.742
2.8896 197.876 650.468
2.88997 444.72 -179.929
2.89033 -143.575 -247.316
2.8907 -231.304 11.4892
2.89107 -210.821 300.446
2.89144 371.209 298.674
2.8918 214.742 -411.227
2.89217 -376.897 0.80566
2.89254 167.687 223.504
2.89291 -60.6296 -177.255
2.89327 -54.4448 438.254
2.89364 625.322 -100.556
2.89401 -379.609 -537.177
2.89438 -350.266 659.379
2.89474 653.04 173.281
2.89511 -106.459 -377.262
2.89548 -105.275 303.944
2.89585 233.661 -99.1542
2.89621 -288.27 30.6139
2.89658 233.134 372.27
2.89695 291.485 -294.007
2.89732 -227.693 -83.8056
2.89768 70.9968 153.052
2.89805 88.9074 -9.87927
2.89842 215.518 36.4155
2.89879 117.56 -307.418
2.89915 -238.485 42.6729
2.89952 329.773 163.333
2.89989 77.3163 -402.192
2.90026 -224.259 162.661
2.90062 443.12 -26.7585
2.90099 -215.594 -509.714
2.90136 -277.78 403.522
2.90173 564.539 -56.1603
2.90209 -242.964 -568.742
2.90246 -285.8 294.022
2.90283 306.772 -50.0335
2.9032 -181.067 -225.818
2.90356 42.7423 117.504
2.90393 43.4961 -276.05
2.9043 -291.545 61.3626
2.90467 198.654 136.117
2.90503 4.07335 -249.162
2.9054 -120.341 66.2393
2.90577 49.4879 -110.981
2.90614 -264.48 24.8783
2.9065 202.611 227.906
2.90687 70.8237 -414.211
2.90724 -473.396 66.2416
2.90761 221.872 246.952
2.90797 -58.1659 -378.606
2.90834 -345.341 236.024
2.90871 339.438 25.548
2.90908 -299.145 -424.292
2.90944 -354.843 402.255
2.90981 332.782 72.4855
2.91018 -184.333 -255.218
2.91055 -148.509 183.484
2.91091 -42.0361 -48.4087
2.91128 -222.026 216.139
2.91165 251.658 153.817
2.91202 -128.745 -239.776
2.91238 -229.166 308.891
2.91275 226.27 54.9653
2.91312 -243.076 -16.9652
2.91349 151.041 411.96
2.91385 266.709 -324.273
2.91422 -492.651 36.1193
2.91459 263.985 535.934
2.91496 299.129 -330.119
2.91532 -318.302 78.3457
2.91569 327.132 234.77
2.91606 -10.9755 -300.404
2.91643 -185.514 335.002
2.91679 458.706 80.8302
2.91716 -63.8348 -292.086
2.91753 -86.394 217.269
2.9179 157.628 -9.79088
2.91826 -42.7778 97.5539
2.91863 295.748 30.2031
2.919 -126.818 -282.791
2.91937 -125.106 347.624
2.91973 436.443 -75.1799
2.9201 -280.61 -254.34
2.92047 96.7327 436.018
2.92084 433.467 -403.048
2.9212 -544.842 -152.299
2.92157 263.711 568.023
2.92194 457.099 -525.511
2.92231 -503.287 -133.368
2.92267 253.54 361.517
2.92304 167.729 -414.914
2.92341 -268.981 88.4221
2.92378 333.453 35.7632
2.92414 -119.65 -361.79
2.92451 -144.861 173.314
2.92488 191.59 -107.437
2.92525 -140.326 -97.6983
2.92561 119.306 -24.1658
2.92598 -190.381 -288.516
2.92635 -148.907 305.434
2.92672 407.487 -189.523
2.92708 -452.168 -372.52
2.92745 -54.0459 517.168
2.92782 444.248 -380.237
2.92819 -655.621 -205.532
2.92855 177.872 636.642
2.92892 398.051 -563.917
2.92929 -740.232 -64.7978
2.92966 236.179 590.205
2.93002 227.617 -457.715
2.93039 -481.683 83.8026
2.93076 222.446 228.226
2.93113 -128.391 -265.743
2.93149 -178.038 282.186
2.93186 212.063 -55.5285
2.93223 -244.276 -80.7575
2.9326 60.457 164.867
2.93296 -93.1762 -173.722
2.93333 -142.372 332.76
2.9337 412.194 -106.032
2.93407 -435.651 -317.239
2.93443 -69.3911 634.254
2.9348 526.777 -268.115
2.93517 -584.8 -199.338
2.93554 186.644 657.546
2.9359 385.761 -515.957
2.93627 -720.212 42.8142
2.93664 388.701 627.392
2.93701 269.595 -565.488
2.93737 -549.627 128.188
2.93774 333.492 315.031
2.93811 -23.6512 -310.538
2.93848 -122.932 287.344
2.93884 305.548 -91.0597
2.93921 -248.928 -91.462
2.93958 158.128 276.954
2.93995 82.9124 -230.88
2.94031 -156.893 260.39
2.94068 457.609 -16.5961
2.94105 -307.84 -342.611
2.94142 -70.4577 592.883
2.94178 596.968 -220.547
2.94215 -469.491 -280.315
2.94252 140.394 565.831
2.94289 376.242 -460.277
2.94325 -569.864 26.4084
2.94362 440.566 458.337
2.94399 172.821 -628.696
2.94436 -516.953 173.853
2.94472 436.404 229.244
2.94509 -52.2996 -411.307
2.94546 -129.469 259.485
2.94583 302.199 -182.002
2.94619 -323.661 -100.764
2.94656 216.361 298.634
2.94693 102.504 -400.401
2.9473 -327.038 194.506
2.94766 444.755 69.4435
2.94803 -245.92 -452.438
2.9484 -191.959 485.802
2.94877 567.467 -183.84
2.94913 -433.01 -395.161
2.9495 -8.0123 480.46
2.94987 365.304 -355.481
2.95024 -433.041 -85.0979
2.9506 290.6 274.062
2.95097 38.2733 -504.318
2.95134 -380.466 203.654
2.95171 393.294 68.0302
2.95207 -194.808 -376.245
2.95244 -105.999 282.361
2.95281 208.664 -250.98
2.95318 -436.078 -6.46725
2.95354 269.781 307.384
2.95391 -5.7701 -522.827
2.95428 -529.982 289.599
2.95465 459.385 198.264
2.95501 -251.862 -525.149
2.95538 -362.196 506.354
2.95575 521.956 -40.0701
2.95612 -444.19 -402.584
2.95648 -169.941 555.127
2.95685 395.528 -141.766
2.95722 -358.333 -148.426
2.95759 39.6311 295.757
2.95795 25.2817 -163.748
2.95832 -167.074 204.961
2.95869 221.652 -1.47417
2.95906 -254.006 -98.1504
2.95942 76.3618 327.023
2.95979 113.163 -270.152
2.96016 -408.029 220.589
2.96053 466.023 295.873
2.96089 -81.1908 -565.185
2.96126 -510.612 498.287
2.96163 683.279 246.061
2.962 -195.554 -595.283
2.96236 -353.606 595.788
2.96273 678.903 41.7193
2.9631 -325.337 -444.178
2.96347 -138.796 613.875
2.96383 594.616 -60.4021
2.9642 -220.523 -302.898
2.96457 -52.1793 334.774
2.96494 267.598 33.7268
2.9653 94.0035 -46.9976
2.96567 48.5317 -101.383
2.96604 -88.9046 120.213
2.96641 358.208 96.9201
2.96677 -24.6652 -412.713
2.96714 -257.555 338.493
2.96751 665.859 28.3198
2.96788 -242.009 -693.628
2.96824 -389.775 575.664
2.96861 846.97 -18.4146
2.96898 -339.201 -781.217
2.96935 -361.784 594.748
2.96971 745.74 -126.012
2.97008 -413.854 -629.467
2.97045 -225.54 541.037
2.97082 591.941 -188.84
2.97118 -351.872 -518.436
2.97155 -262.054 329.473
2.97192 332.829 14.8342
2.97229 -13.8022 -380.699
2.97265 -343.635 -83.2613
2.97302 -25.7748 278.365
2.97339 323.478 -217.63
2.97376 -432.723 -391.353
2.97412 -217.108 531.316
2.97449 583.147 -207.686
2.97486 -617.061 -562.537
2.97523 -296.989 793.557
2.97559 769.549 -210.319
2.97596 -693.56 -628.967
2.97633 -327.186 854.009
2.9767 724.184 -161.975
2.97706 -619.961 -502.129
2.97743 -254.614 745.457
2.9778 571.688 -111.411
2.97817 -468.188 -380.356
2.97853 -281.036 578.28
2.9789 451.6 121.109
2.97927 -110.328 -375.51
2.97964 -452.752 256.307
2.98 264.745 493.209
2.98037 331.721 -343.377
2.98074 -578.517 -76.8488
2.98111 130.19 757.855
2.98147 615.57 -362.865
2.98184 -699.936 -237.028
2.98221 137.151 939.796
2.98258 801.913 -449.938
2.98294 -772.788 -353.948
2.98331 102.548 980.597
2.98368 851.69 -403.281
2.98405 -621.47 -406.962
2.98441 51.2906 772.94
2.98478 716.051 -285.103
2.98515 -391.072 -385.584
2.98552 -28.5791 531.425
2.98588 625.198 -102.526
2.98625 -123.839 -503.205
2.98662 -309.801 292.99
2.98699 552.048 251.206
2.98735 232.545 -657.164
2.98772 -604.936 10.5415
2.98809 428.451 538.496
2.98846 436.301 -744.74
2.98882 -796.316 -112.307
2.98919 413.397 687.22
2.98956 502.803 -856.636
2.98993 -950.572 -168.029
2.99029 349.286 785.222
2.99066 554.889 -788.547
2.99103 -871.696 -271.846
2.9914 144.854 674.123
2.99176 462.494 -518.855
2.99213 -618.41 -294.511
2.9925 -47.3578 483.389
2.99287 380.818 -245.047
2.99323 -406.34 -392.53
2.9936 -343.147 399.041
2.99397 434.751 111.183
2.99434 -152.305 -606.401
2.9947 -685.522 304.267
2.99507 469.91 448.208
2.99544 45.6951 -733.255
2.99581 -862.856 280.232
2.99617 542.628 608.02
2.99654 112.827 -816.241
2.99691 -943.389 324.347
2.99728 589.711 718.05
2.99764 220.362 -772.247
2.99801 -860.794 232.657
2.99838 427.379 713.808
2.99875 300.195 -489.801
2.99911 -569.327 85.5349
2.99948 201.748 566.674
2.99985 341.604 -192.659
3.00021 -318.645 -92.5653
3.00058 -33.3232 498.24
3.00095 514.449 44.0818
3.00132 -148.485 -401.882
3.00168 -330.029 490.809
3.00205 711.218 261.474
3.00242 -9.39114 -673.551
3.00279 -519.398 472.391
3.00315 819.344 332.869
3.00352 4.68658 -809.568
3.00389 -573.447 490.558
3.00426 861.475 311.443
3.00462 4.61846 -848.746
3.00499 -572.878 400.663
3.00536 704.572 302.807
3.00573 95.4591 -690.475
3.00609 -439.034 147.208
3.00646 372.645 233.653
3.00683 179.548 -418.3
3.0072 -279.358 -112.793
3.00756 72.9095 211.29
3.00793 327.226 -233.808
3.0083 -261.056 -401.485
3.00867 -213.985 335.172
3.00903 552.188 -79.8118
3.0094 -278.739 -671.948
3.00977 -442.366 438.934
3.01014 650.994 15.0037
3.0105 -330.452 -734.462
3.01087 -478.794 515.079
3.01124 644.212 -17.6778
3.01161 -420.537 -677.045
3.01197 -461.935 551.471
3.01234 549.164 12.4829
3.01271 -340.437 -540.109
3.01308 -418.538 381.202
3.01344 274.15 112.466
3.01381 -140.382 -269.896
3.01418 -302.871 130.918
3.01455 12.7756 211.844
3.01491 80.3656 -76.6201
3.01528 -295.29 -85.466
3.01565 -145.669 422.53
3.01602 376.133 1.45406
3.01638 -350.157 -311.438
3.01675 -261.5 603.917
3.01712 560.797 44.7138
3.01749 -359.194 -375.831
3.01785 -198.596 644.387
3.01822 571.841 -45.953
3.01859 -405.007 -294.493
3.01896 -54.8621 640.731
3.01932 544.72 -124.475
3.01969 -334.444 -234.401
3.02006 -8.59856 476.174
3.02043 389.302 -46.919
3.02079 -82.7001 -122.068
3.02116 25.0783 169.161
3.02153 166.715 58.5858
3.0219 159.838 -38.8989
3.02226 -17.3774 -77.6465
3.02263 51.0916 214.738
3.023 384.396 -95.4015
3.02337 -169.668 -277.426
3.02373 -17.1752 379.532
3.0241 519.001 -168.279
3.02447 -267.738 -360.484
3.02484 3.17023 388.156
3.0252 443.209 -272.76
3.02557 -335.171 -256.371
3.02594 123.206 324.763
3.02631 302.768 -381.183
3.02667 -355.535 -151.046
3.02704 138.704 216.257
3.02741 147.216 -310.052
3.02778 -204.061 -86.6464
3.02814 50.8549 -4.41714
3.02851 -56.7205 -127.886
3.02888 -7.64682 -22.0599
3.02925 -61.7379 -178.183
3.02961 -156.836 50.0237
3.02998 123.121 -67.8005
3.03035 -243.259 -227.555
3.03072 -134.838 241.135
3.03108 214.077 -164.102
3.03145 -374.566 -207.081
3.03182 -79.6956 322.881
3.03219 163.414 -197.354
3.03255 -364.612 -54.3295
3.03292 52.8586 255.441
3.03329 3.51258 -220.138
3.03366 -308.229 143.184
3.03402 156.587 170.961
3.03439 -96.9557 -157.927
3.03476 -160.383 215.183
3.03513 111.455 38.2046
3.03549 -169.392 26.3068
3.03586 63.8301 222.919
3.03623 38.9155 -100.303
3.0366 -178.501 162.709
3.03696 181.794 151.653
3.03733 -56.6316 -96.8419
3.0377 -41.1437 252.495
3.03807 226.043 -20.9447
3.03843 -171.18 -44.9747
3.0388 81.8388 288.895
3.03917 201.744 -106.275
3.03954 -135.685 30.4677
3.0399 161.67 146.901
3.04027 30.0251 -114.477
3.04064 -20.7821 174.152
3.04101 244.748 -36.8926
3.04137 -113.904 -110.796
3.04174 83.9879 212.438
3.04211 199.499 -167.074
3.04248 -161.932 -5.53205
3.04284 227.141 145.085
3.04321 91.9704 -283.404
3.04358 -172.319 82.9624
3.04395 266.991 63.6189
3.04431 11.3089 -256.434
3.04468 -61.3825 85.4443
3.04505 183.1 -89.556
3.04542 -103.848 -133.283
3.04578 57.3435 85.4494
3.04615 92.9549 -176.866
3.04652 -115.924 -51.791
3.04689 60.7909 -19.0272
3.04725 -76.2308 -110.613
3.04762 7.40733 63.7792
3.04799 59.5157 -194.009
3.04836 -247.907 -30.4503
3.04872 103.837 146.582
3.04909 16.863 -268.031
3.04946 -279.921 79.0619
3.04983 185.864 113.277
3.05019 -87.346 -279.778
3.05056 -252.434 187.571
3.05093 213.414 71.614
3.0513 -121.845 -213.077
3.05166 -160.857 172.502
3.05203 107.103 10.4514
3.0524 -123.071 -49.0579
3.05277 -16.1241 110.981
3.05313 -2.40616 -50.0937
3.0535 -88.9994 54.1399
3.05387 24.4932 24.5392
3.05424 -84.0789 21.067
3.0546 63.4267 95.4597
3.05497 -6.26118 -129.885
3.05534 -178.911 137.78
3.05571 207.232 131.641
3.05607 -31.7567 -213.168
3.05644 -175.583 207.157
3.05681 261.159 78.7385
3.05718 -102.13 -193.1
3.05754 -96.1062 264.05
3.05791 275.281 -1.31998
3.05828 -127.167 -155.246
3.05865 -37.8766 217.689
3.05901 184.635 -18.6133
3.05938 -50.5133 -53.3294
3.05975 44.1764 66.3184
3.06012 33.3316 -36.7102
3.06048 22.2612 47.0975
3.06085 76.0107 -47.5526
3.06122 -41.1552 3.49579
3.06159 120.956 34.1104
3.06195 -12.2969 -149.816
3.06232 -91.0901 125.263
3.06269 228.492 -0.413232
3.06306 -93.0269 -218.134
3.06342 -98.6367 182.491
3.06379 219.743 -57.4555
3.06416 -162.287 -164.417
3.06453 -12.4095 196.269
3.06489 172.898 -147.223
3.06526 -211.291 -102.56
3.06563 23.7444 170.979
3.066 106.454 -124.555
3.06636 -116.411 -46.7998
3.06673 18.7996 26.0839
3.0671 -37.2259 -43.203
3.06747 12.4518 49.0989
3.06783 27.4709 -92.2504
3.0682 -108.393 21.1632
3.06857 86.9083 46.631
3.06894 -54.4235 -122.523
3.0693 -84.7309 136.198
3.06967 164.798 -24.8346
3.07004 -148.456 -133.057
3.07041 -47.9207 198.104
3.07077 153.03 -76.7101
3.07114 -173.94 -53.1191
3.07151 55.4664 169.763
3.07188 72.3753 -152.503
3.07224 -187.651 47.0594
3.07261 124.485 137.753
3.07298 25.776 -142.549
3.07335 -103.432 66.2766
3.07371 81.4039 28.8352
3.07408 -58.2275 -20.891
3.07445 50.703 92.113
3.07482 38.9376 -102.152
3.07518 -118.825 61.7057
3.07555 119.809 74.325
3.07592 -31.3923 -119.064
3.07629 -62.4432 124.645
3.07665 143.635 -32.8758
3.07702 -128.741 -89.1841
3.07739 11.6694 160.955
3.07776 120.135 -105.111
3.07812 -135.685 -18.9496
3.07849 93.3897 93.3533
3.07886 8.19925 -144.117
3.07923 -101.159 98.5909
3.07959 170.974 12.9078
3.07996 -71.8675 -148.68
3.08033 -46.8034 133.22
3.0807 128.726 -53.6146
3.08106 -107.266 -43.4976
3.08143 72.6886 100.24
3.0818 31.2387 -143.691
3.08217 -139.893 66.2823
3.08253 140.635 62.8899
3.0829 -36.3928 -148.16
3.08327 -81.8399 107.443
3.08364 116.248 -29.6335
3.084 -113.323 -67.808
3.08437 21.8314 129.243
3.08474 74.5366 -99.5378
3.08511 -119.953 8.43701
3.08547 75.3922 67.6721
3.08584 -31.0827 -80.8096
3.08621 -33.2238 116.464
3.08658 126.986 -57.7504
3.08694 -149.361 -62.7326
3.08731 31.0188 184.078
3.08768 122.189 -119.821
3.08805 -162.62 -9.04087
3.08841 100.326 125.244
3.08878 22.1108 -159.639
3.08915 -139.289 87.4273
3.08952 163.088 50.4854
3.08988 -44.7545 -163.717
3.09025 -82.0931 106.492
3.09062 121.272 -23.8627
3.09099 -83.4303 -68.1191
3.09135 27.9252 89.2481
3.09172 53.4982 -96.4949
3.09209 -93.2402 12.4853
3.09246 64.5611 42.1335
3.09282 -26.9588 -57.9262
3.09319 8.69736 72.0637
3.09356 62.2683 -92.7259
3.09393 -152.151 8.75253
3.09429 102.648 143.693
3.09466 70.8894 -175.405
3.09503 -180.206 38.6643
3.0954 131.731 110.424
3.09576 -0.658126 -169.727
3.09613 -123.407 104.785
3.0965 162.031 27.3557
3.09687 -72.3802 -149.231
3.09723 -75.4491 122.964
3.0976 114.478 -17.5575
3.09797 -80.6428 -59.1713
3.09834 6.70926 74.224
3.0987 17.2074 -65.407
3.09907 -81.4299 33.6721
3.09944 45.7078 32.5644
3.09981 -39.2723 -38.4025
3.10017 -3.53291 54.9532
3.10054 6.707 -62.6912
3.10091 -112.469 58.6059
3.10128 116.106 86.4732
3.10164 -3.52681 -152.079
3.10201 -145.105 99.9053
3.10238 151.015 78.1005
3.10275 -27.54 -136.488
3.10311 -78.1383 126.326
3.10348 152.943 2.50801
3.10385 -76.3341 -99.3442
3.10422 -20.6839 135.2
3.10458 121.575 -30.4942
3.10495 -57.9218 -47.2724
3.10532 25.8252 61.1432
3.10569 26.404 -42.0008
3.10605 -22.3545 34.4427
3.10642 68.668 -6.44446
3.10679 -27.0779 -41.3134
3.10716 16.3328 44.5106
3.10752 26.449 -49.0756
3.10789 -41.2505 35.5004
3.10826 102.054 14.9794
3.10863 -34.3351 -109.443
3.10899 -65.2884 98.4801
3.10936 135.843 2.19103
3.10973 -56.6958 -106.614
3.1101 -31.1799 97.8101
3.11046 100.766 -49.7633
3.11083 -92.3347 -58.8324
3.1112 16.0721 91.4428
3.11157 69.329 -79.4093
3.11193 -78.7857 -36.2867
3.1123 14.3957 31.4832
3.11267 -4.72852 -45.8441
3.11304 -12.5612 15.9647
3.1134 31.3669 -49.8752
3.11377 -72.6191 -32.2631
3.11414 5.49304 46.2138
3.11451 16.1204 -52.2912
3.11487 -49.5395 7.06335
3.11524 28.9145 -4.9978
3.11561 -61.3342 -47.6159
3.11598 -25.0383 77.5681
3.11634 62.8804 -34.4126
3.11671 -86.8142 -39.5124
3.11708 -1.88446 78.3191
3.11745 29.8401 -50.618
3.11781 -84.8876 19.9054
3.11818 48.7643 62.2744
3.11855 4.4026 -69.2925
3.11892 -70.184 40.3714
3.11928 38.1166 39.8808
3.11965 -16.9489 -12.8022
3.12002 9.45233 47.382
3.12039 19.0366 -32.0174
3.12075 -68.7034 30.579
3.12112 46.1928 75.8378
3.12149 27.8453 -39.6887
3.12186 -41.5406 26.1393
3.12222 26.6625 26.562
3.12259 -19.7429 3.20462
3.12296 23.9402 53.4266
3.12333 35.0424 -37.2162
3.12369 -47.207 11.9537
3.12406 48.3674 41.9529
3.12443 6.55458 -48.0624
3.1248 -21.1902 47.0891
3.12516 84.846 -7.73786
3.12553 -33.9965 -64.4232
3.1259 -12.799 67.0081
3.12627 77.92 -22.5009
3.12663 -28.2836 -34.24
3.127 29.9473 32.5005
3.12737 17.7641 -59.5463
3.12774 -47.2413 25.1735
3.1281 73.7573 26.0824
3.12847 4.68165 -79.3786
3.12884 -44.7618 18.4434
3.12921 39.0401 4.73411
3.12957 -7.11236 -25.0272
3.12994 17.7958 7.07702
3.13031 5.01014 -46.9949
3.13068 -29.5653 12.7336
3.13104 42.4555 -1.86159
3.13141 -24.2791 -41.5626
3.13178 3.03317 39.4538
3.13215 46.2637 -54.5005
3.13251 -82.2977 -23.8429
3.13288 22.462 77.0718
3.13325 48.7021 -70.3739
3.13362 -85.9678 -14.979
3.13398 18.7081 47.897
3.13435 -8.6025 -55.2062
3.13472 -57.2454 38.2336
3.13509 47.8114 4.46941
3.13545 -51.5436 -62.9713
3.13582 -50.4897 58.2806
3.13619 39.5916 3.03701
3.13655 -34.535 -26.3851
3.13692 -7.81999 24.7775
3.13729 -4.37345 -14.3473
3.13766 -23.041 28.5657
3.13802 26.6832 6.31317
3.13839 -22.4983 -7.24571
3.13876 18.6194 38.6748
3.13913 12.6774 -40.9194
3.13949 -63.262 34.9184
3.13986 73.2723 60.4771
3.14023 21.2928 -86.829
3.1406 -83.2565 30.9917
3.14096 61.1263 52.2907
3.14133 5.57344 -58.496
3.1417 -28.3594 39.9377
3.14207 57.2492 -12.1042
3.14243 -47.963 -39.1968
3.1428 -1.93072 71.7796
3.14317 65.0514 -23.897
3.14354 -38.1332 -28.7052
3.1439 3.49863 41.1676
3.14427 17.7813 -9.92189
3.14464 -10.5336 16.5261
3.14501 24.1253 7.00254
3.14537 -9.44249 -4.09019
3.14574 11.8225 16.7959
3.14611 -7.22078 -23.3794
3.14648 -24.4465 44.3715
3.14684 72.2075 5.90443
3.14721 -28.6839 -81.814
3.14758 -58.2146 57.6571
3.14795 79.8763 16.2176
3.14831 -17.1169 -71.3192
3.14868 -25.8709 34.4814
3.14905 45.5081 -27.256
3.14942 -50.0563 -27.2874
3.14978 15.4039 53.6726
3.15015 45.4674 -52.0819
3.15052 -56.1968 -23.2535
3.15089 5.01675 41.6674
3.15125 15.8328 -20.9802
3.15162 -18.7443 2.45848
3.15199 11.3765 1.95448
3.15236 -13.3053 -9.55946
3.15272 -3.54695 10.9905
3.15309 -5.05949 -3.1555
3.15346 3.60511 25.8628
3.15383 38.5316 -22.4194
3.15419 -46.8763 -31.6809
3.15456 -6.21846 70.6361
3.15493 75.1073 -17.547
3.1553 -38.1752 -47.4463
3.15566 -7.73194 53.4363
3.15603 43.5934 -18.655
3.1564 -37.2434 -8.82123
3.15677 24.405 39.7927
3.15713 22.8309 -43.8557
3.1575 -50.0626 1.21141
3.15787 14.6386 33.7419
3.15824 10.9994 -24.4929
3.1586 -17.5636 0.0226081
3.15897 2.42823 -5.0407
3.15934 -20.0823 -9.21411
3.15971 -2.27144 13.1682
3.16007 7.29563 -6.99953
3.16044 -1.47678 -5.91904
3.16081 -3.17046 -20.2775
3.16118 -32.6289 6.38471
3.16154 24.2437 37.1157
3.16191 30.6451 -45.2233
3.16228 -53.9823 -16.9608
3.16265 6.15374 47.0195
3.16301 28.4994 -24.6611
3.16338 -29.9817 -7.84928
3.16375 13.11 16.4306
3.16412 -1.48115 -27.4795
3.16448 -27.8564 13.5767
3.16485 19.1308 13.5117
3.16522 0.332954 -17.965
3.16559 -9.0467 4.64814
3.16595 -0.798851 -4.0808
3.16632 -16.0288 11.4563
3.16669 15.3218 22.8312
3.16706 13.0927 -13.9204
3.16742 -17.9958 -3.21303
3.16779 -10.2944 20.4462
3.16816 5.51918 25.6982
3.16853 24.5873 4.12988
3.16889 -7.52292 -23.0891
3.16926 -31.0681 23.4132
3.16963 19.7092 31.6617
3.17 13.7886 -14.8668
3.17036 -10.7961 1.07296
3.17073 3.78027 5.04981
3.1711 -8.62044 1.37735
3.17147 6.88959 16.6749
3.17183 18.1828 -8.11077
3.1722 -6.41635 -5.65941
3.17257 5.77877 5.61224
3.17294 1.41383 -7.42357
3.1733 -0.833693 15.9113
3.17367 31.732 3.31266
3.17404 5.4729 -32.2557
3.17441 -23.1515 2.24158
3.17477 14.4717 24.8648
3.17514 33.7979 -12.3767
3.17551 1.04187 -32.122
3.17588 -15.8893 -1.64531
3.17624 13.0596 9.28518
3.17661 16.1374 -16.9189
3.17698 0.890397 -11.3558
3.17735 9.96225 -12.8748
3.17771 -11.6146 -20.7057
3.17808 -8.84931 13.8346
3.17845 26.9328 -3.33494
3.17882 -7.7182 -31.2715
3.17918 -22.2274 5.85092
3.17955 6.34744 3.27507
3.17992 -11.9972 -7.01209
3.18029 -6.45291 13.8477
3.18065 9.50472 -10.902
3.18102 -26.1217 -17.6326
3.18139 -27.2799 25.4717
3.18176 17.9687 19.5482
3.18212 9.36871 -30.3585
3.18249 -41.4485 -12.4524
3.18286 -12.5059 37.9882
3.18323 28.35 -5.96316
3.18359 -22.4139 -25.8001
3.18396 -13.3027 25.5333
3.18433 19.5376 -10.5581
3.1847 -34.1873 -14.5138
3.18506 -4.20065 40.0229
3.18543 31.6049 -14.8972
3.1858 -34.7914 -23.4801
3.18617 -17.8648 34.1769
3.18653 16.6902 4.78342
3.1869 -11.6285 -2.51593
3.18727 1.7339 12.3263
3.18764 -0.406142 -7.28521
3.188 -18.5607 11.9419
3.18837 9.46861 28.4543
3.18874 30.0213 1.39487
3.18911 1.81064 -21.1311
3.18947 -27.0238 18.6448
3.18984 31.353 46.7114
3.19021 47.8533 -26.3955
3.19058 -30.8002 -13.8733
3.19094 13.0143 48.6932
3.19131 43.2119 -21.9128
3.19168 -29.2696 -7.85052
3.19205 24.2869 41.5398
3.19241 34.1743 -40.2006
3.19278 -42.9169 -13.8123
3.19315 11.1267 37.2302
3.19352 26.7701 -23.0254
3.19388 -15.9139 -15.6426
3.19425 2.87459 -3.11726
3.19462 -10.6271 -12.9898
3.19499 -5.34294 13.0089
3.19535 19.5461 -6.49974
3.19572 -1.2234 -22.5756
3.19609 -15.7977 -9.45291
3.19646 -15.7579 14.5288
3.19682 27.4288 17.6908
3.19719 17.0997 -43.2783
3.19756 -49.2951 -7.11947
3.19793 14.869 40.2629
3.19829 25.1208 -37.6821
3.19866 -41.3245 -4.60061
3.19903 25.6141 23.146
3.1994 6.21407 -52.4521
3.19976 -49.8638 10.1042
3.20013 30.7206 28.5026
3.2005 12.5787 -43.5968
3.20087 -29.3006 -3.24755
3.20123 3.59371 7.4054
3.2016 -11.086 -0.849554
3.20197 8.60437 16.9161
3.20234 10.0071 -16.9649
3.2027 -27.7593 2.38119
3.20307 -3.35669 23.6306
3.20344 -0.0995202 8.85976
3.20381 7.20253 14.8252
3.20417 0.425188 -15.3189
3.20454 -37.3398 13.5145
3.20491 18.1356 37.9862
3.20528 14.0717 -23.9904
3.20564 -29.7554 11.4328
3.20601 26.5171 16.2822
3.20638 -8.44885 -31.5068
3.20675 -23.9289 34.9821
3.20711 48.9617 10.0501
3.20748 -5.13119 -42.5262
3.20785 -23.984 19.9012
3.20822 20.5251 9.72651
3.20858 1.17946 -3.66957
3.20895 16.7715 2.41142
3.20932 -5.21373 -26.1247
3.20969 -24.2689 18.3136
3.21005 29.2428 13.2972
3.21042 1.97418 -27.2203
3.21079 -11.7517 5.41969
3.21116 10.6848 -8.67223
3.21152 -12.9312 -4.39737
3.21189 15.1271 13.0156
3.21226 11.7858 -24.8596
3.21263 -12.6786 -1.18687
3.21299 16.6216 0.695396
3.21336 -10.0517 -12.3039
3.21373 4.7146 24.8196
3.2141 32.9238 -19.4302
3.21446 -29.1273 -21.3292
3.21483 -8.76891 33.572
3.2152 20.6396 -2.57499
3.21557 -7.66194 -4.76015
3.21593 4.65741 -2.66643
3.2163 -26.3637 -13.3437
3.21667 -14.1247 36.1639
3.21704 36.4943 -4.68109
3.2174 -24.4931 -35.0374
3.21777 -25.0174 26.366
3.21814 19.3443 3.3355
3.21851 -11.5199 -11.0495
3.21887 -0.565669 11.9687
3.21924 6.2416 -9.96799
3.21961 -12.2557 -1.64384
3.21998 -3.41331 6.77219
3.22034 -1.53546 9.0201
3.22071 17.7136 2.48484
3.22108 -6.65426 -26.1916
3.22145 -31.6689 16.2383
3.22181 22.5768 21.9814
3.22218 7.34768 -23.4192
3.22255 -14.2911 5.90377
3.22292 10.1192 -5.22733
3.22328 -22.5699 -4.90552
3.22365 12.4552 36.3734
3.22402 37.5599 -25.7749
3.22439 -34.5209 -23.0729
3.22475 -1.97461 40.6185
3.22512 35.9216 -3.28343
3.22549 -6.74233 -12.5306
3.22586 4.28966 13.0872
3.22622 12.5023 -4.09879
3.22659 -3.85281 -0.909333
3.22696 -1.50978 10.9518
3.22733 16.5717 10.9797
3.22769 17.5139 -22.9616
3.22806 -34.7595 -15.0713
3.22843 -5.21659 42.2815
3.2288 43.0351 -14.1695
3.22916 -28.5349 -36.2588
3.22953 -15.983 27.8224
3.2299 19.8721 -13.3236
3.23027 -29.5616 -7.05993
3.23063 13.9026 26.2633
3.231 14.0135 -37.3181
3.23137 -45.2695 -0.865847
3.23174 10.9876 36.5372
3.2321 17.9756 -19.8342
3.23247 -19.0555 -5.15003
3.23284 1.86813 9.83375
3.23321 -1.56442 -2.68305
3.23357 -2.58449 3.65674
3.23394 1.61746 2.70933
3.23431 13.1909 4.20517
3.23468 6.23887 -27.18
3.23504 -37.5552 2.2073
3.23541 27.8166 43.6437
3.23578 43.3455 -46.9703
3.23615 -54.6242 -22.6944
3.23651 8.2982 51.8146
3.23688 38.2522 -27.9367
3.23725 -32.6527 -7.57593
3.23762 18.7055 25.1557
3.23798 3.67482 -31.5705
3.23835 -32.2076 21.0658
3.23872 29.1385 21.6372
3.23909 -0.862937 -25.0447
3.23945 -16.9593 14.0665
3.23982 8.4339 3.59666
3.24019 -10.9702 3.87176
3.24056 12.4447 13.0791
3.24092 3.34431 -13.4056
3.24129 -6.13201 7.20371
3.24166 8.40264 -9.02095
3.24203 -21.3567 5.85391
3.24239 31.8067 26.9244
3.24276 20.003 -56.0875
3.24313 -61.934 -0.417931
3.2435 29.755 51.2517
3.24386 30.3541 -50.6191
3.24423 -46.6765 -9.09275
3.2446 16.5965 18.0975
3.24497 -8.18028 -32.0928
3.24533 -22.8911 21.3916
3.2457 28.7922 -8.20663
3.24607 -25.4142 -29.432
3.24644 -11.571 23.1108
3.2468 9.0017 -12.7893
3.24717 -21.3339 6.94357
3.24754 25.3426 12.0069
3.24791 -8.02247 -31.1419
3.24827 -26.7543 26.6991
3.24864 27.6835 12.863
3.24901 -8.05146 -8.71717
3.24938 9.61151 21.7038
3.24974 6.50183 -25.5405
3.25011 -41.1127 21.8506
3.25048 38.8017 40.1457
3.25085 13.5754 -44.9941
3.25121 -42.5123 14.0062
3.25158 23.6771 22.9855
3.25195 -9.06285 -19.1129
3.25232 -5.09575 29.1302
3.25268 27.8549 -15.6612
3.25305 -34.7809 -10.4306
3.25342 7.34848 36.1116
3.25379 15.7401 -18.8405
3.25415 -20.7884 16.8833
3.25452 34.8034 10.0699
3.25489 -18.792 -35.887
3.25526 -25.2224 46.9558
3.25562 54.099 10.0951
3.25599 -11.1632 -38.6872
3.25636 -14.4041 22.5338
3.25673 19.8363 -4.66275
3.25709 -10.2463 2.36317
3.25746 28.6596 6.74918
3.25783 2.07662 -38.4562
3.2582 -18.8696 13.4115
3.25856 31.7298 0.608325
3.25893 -5.84872 -23.5126
3.2593 11.0546 14.5107
3.25967 21.8076 -31.8929
3.26003 -31.6895 -3.05537
3.2604 26.5736 25.6511
3.26077 13.4168 -36.3435
3.26114 -23.5123 11.4451
3.2615 31.4574 -0.41922
3.26187 -27.3847 -33.5343
3.26224 -16.2551 46.8427
3.26261 53.2065 -14.4291
3.26297 -36.6497 -50.013
3.26334 -29.5322 38.1003
3.26371 30.0634 0.987587
3.26408 -10.6653 -22.8194
3.26444 -5.71321 -0.824323
3.26481 -12.2536 -10.5969
3.26518 -10.9262 14.0485
3.26555 11.4392 -7.63196
3.26591 -20.0018 -8.06868
3.26628 2.02509 14.409
3.26665 -7.04435 -21.9791
3.26702 -34.8311 19.3576
3.26738 25.839 20.1018
3.26775 -10.132 -33.9353
3.26812 -34.5475 22.8372
3.26849 20.9482 6.56239
3.26885 -25.436 -16.2981
3.26922 -2.82454 39.1839
3.26959 35.2609 -23.9345
3.26996 -44.47 -23.3604
3.27032 -5.39033 52.2064
3.27069 44.2524 -6.74997
3.27106 -12.1077 -24.6621
3.27143 -8.91812 14.9005
3.27179 6.71254 10.0448
3.27216 10.7086 9.43454
3.27253 9.40099 -5.17385
3.27289 -7.94771 6.44278
3.27326 11.4988 9.59857
3.27363 -7.66512 -7.74865
3.274 -7.03175 30.7897
3.27436 35.086 1.38615
3.27473 -17.9399 -27.7607
3.2751 -17.5756 33.4836
3.27547 30.3469 6.65983
3.27583 -9.02283 -11.6177
3.2762 9.70962 18.3307
3.27657 15.6141 -22.168
3.27694 -28.3276 5.76201
3.2773 24.4166 32.7371
3.27767 29.398 -28.7005
3.27804 -21.019 -13.1564
3.27841 0.174996 16.6268
3.27877 11.9513 -1.78563
3.27914 7.353 -7.82966
3.27951 -1.1922 -12.8566
3.27988 -6.95608 -1.19256
3.28024 4.23716 -8.73659
3.28061 -14.1891 -9.24147
3.28098 5.79735 13.3985
3.28135 18.2869 -28.6413
3.28171 -34.8063 -20.3803
3.28208 -3.72793 29.723
3.28245 26.0542 -12.3823
3.28282 -12.5876 -15.5683
3.28318 2.00068 5.36848
3.28355 -5.54353 -9.56866
3.28392 -7.92504 21.5233
3.28429 30.9689 3.33693
3.28465 -6.89515 -25.9737
3.28502 -19.766 17.8212
3.28539 15.8368 12.2281
3.28576 3.45795 -6.4516
3.28612 0.13441 1.06386
3.28649 -3.93141 -5.48577
3.28686 -5.40123 4.7027
3.28723 4.07625 -2.45863
3.28759 -9.59831 0.660439
3.28796 10.4214 6.56013
3.28833 0.0976862 -26.344
3.2887 -32.7568 8.03077
3.28906 15.4936 27.1455
3.28943 12.6664 -23.6778
3.2898 -22.9759 -3.19502
3.29017 -0.957929 10.6411
3.29053 -10.45 2.51412
3.2909 6.0667 19.3447
3.29127 15.9127 -19.5316
3.29164 -32.7944 -8.56463
3.292 -0.324549 32.2717
3.29237 22.6409 -10.7016
3.29274 -12.0704 -10.2572
3.29311 4.10312 5.76732
3.29347 0.365489 -10.9808
3.29384 -3.37497 6.5774
3.29421 14.4532 -2.89968
3.29458 -0.372484 -9.2748
3.29494 7.16988 -1.54189
3.29531 -4.84386 -13.8035
3.29568 -11.6125 17.3817
3.29605 28.5851 5.01341
3.29641 -4.40286 -29.2362
3.29678 -23.6348 13.5057
3.29715 9.56528 10.6841
3.29752 -4.89222 -1.40387
3.29788 8.40772 9.73946
3.29825 -2.37728 -20.5957
3.29862 -33.2852 14.2061
3.29899 21.1387 28.9072
3.29935 11.4211 -23.798
3.29972 -24.4224 6.48908
3.30009 12.1005 13.3324
3.30046 -4.90821 -10.1221
3.30082 -5.84528 21.3807
3.30119 21.4912 0.122154
3.30156 -8.58251 -14.5355
3.30193 -7.97198 10.2054
3.30229 0.606864 5.08805
3.30266 4.25713 10.4071
3.30303 16.5677 -11.9661
3.3034 -20.8285 -17.2169
3.30376 -10.2541 23.9194
3.30413 21.368 -1.28331
3.3045 -4.87098 -12.3799
3.30487 3.96942 1.14502
3.30523 -5.22519 -14.9165
3.3056 -11.1816 18.7362
3.30597 33.1653 5.26469
3.30634 -3.09006 -30.8425
3.3067 -15.1699 17.3509
3.30707 26.8058 3.13308
3.30744 -8.85989 -14.8995
3.30781 2.59017 23.4277
3.30817 29.411 -13.3025
3.30854 -18.1476 -18.6477
3.30891 -7.67633 22.4661
3.30928 18.8515 2.7786
3.30964 7.25413 -11.3743
3.31001 -3.13672 -13.3586
3.31038 -18.6829 1.9182
3.31075 8.26312 18.0681
3.31111 17.0972 -15.7798
3.31148 -14.8319 -10.5321
3.31185 -2.60463 5.77235
3.31222 -6.02888 -4.3652
3.31258 -1.16956 15.0253
3.31295 18.2626 -10.3534
3.31332 -24.6353 -17.9104
3.31369 -10.26 26.4993
3.31405 19.3236 -8.01098
3.31442 -23.4153 -12.1468
3.31479 0.990783 20.637
3.31516 12.8469 -22.7008
3.31552 -33.4244 -9.12378
3.31589 0.468772 26.7833
3.31626 21.5352 -12.9035
3.31663 -12.6982 -19.8278
3.31699 -15.8791 3.58261
3.31736 -1.05464 12.7424
3.31773 15.8959 3.00646
3.3181 0.210167 -16.26
3.31846 -16.2654 4.98765
3.31883 5.23415 12.6988
3.3192 1.22144 2.98212
3.31957 6.02609 11.5903
3.31993 8.75402 -10.9622
3.3203 -20.8795 2.15827
3.32067 9.08613 29.2272
3.32104 20.1594 -11.4839
3.3214 -15.1079 -3.19235
3.32177 12.1115 16.0192
3.32214 7.03724 -16.2116
3.32251 -17.8205 10.1952
3.32287 24.0105 17.8182
3.32324 15.0068 -25.4708
3.32361 -22.4844 -5.41973
3.32398 -1.33045 20.3006
3.32434 16.6702 3.20702
3.32471 5.35223 -13.383
3.32508 -14.7426 -7.48341
3.32545 -8.71097 12.5227
3.32581 7.70692 2.63425
3.32618 -3.70782 -5.50696
3.32655 0.534376 0.469269
3.32692 -3.19371 -12.6091
3.32728 -17.0898 5.17422
3.32765 12.7957 11.8195
3.32802 10.2471 -19.7732
3.32839 -11.6909 -4.78274
3.32875 6.69205 2.37715
3.32912 -2.23572 -10.0532
3.32949 1.09516 11.4611
3.32986 24.6622 -7.46931
3.33022 -9.98308 -26.5008
3.33059 -19.9877 12.6119
3.33096 17.2616 14.3941
3.33133 12.1356 -16.1493
3.33169 -14.5843 -13.3508
3.33206 -15.1421 7.44658
3.33243 3.23334 10.7331
3.3328 3.27877 -5.25102
3.33316 -9.94096 -2.63014
3.33353 -3.55674 3.59452
3.3339 -6.97232 -0.166022
3.33427 -7.36181 13.6297
3.33463 10.5743 7.84722
3.335 -0.241344 -6.33592
3.33537 -7.77691 7.87061
3.33574 1.07751 8.94703
3.3361 -1.14945 10.9507
3.33647 13.6379 11.6276
3.33684 7.35925 -13.6482
3.33721 -21.4517 0.527279
3.33757 1.62696 26.7753
3.33794 23.3993 -1.96282
3.33831 -3.60069 -21.0802
3.33868 -16.8664 0.787121
3.33904 2.06475 12.0853
3.33941 12.4063 -4.64383
3.33978 -0.533087 -14.0015
3.34015 -4.20913 -2.88602
3.34051 1.79199 -1.56278
3.34088 -0.902682 -0.25935
3.34125 8.39666 2.94882
3.34162 9.15397 -8.35124
3.34198 -4.08155 -2.71478
3.34235 2.05285 5.52234
3.34272 3.74151 1.61883
3.34309 7.72816 7.27229
3.34345 14.1258 -7.59164
3.34382 -10.8754 -13.1317
3.34419 -8.24553 16.5626
3.34456 22.4365 6.97445
3.34492 8.30634 -21.2529
3.34529 -14.215 -9.48269
3.34566 -4.86427 8.48135
3.34603 11.3754 2.85993
3.34639 6.65977 -13.8807
3.34676 -9.3067 -8.79751
3.34713 -4.1468 2.673
3.3475 -2.74735 -2.04681
3.34786 -4.32901 4.86602
3.34823 6.40919 -1.77223
3.3486 -11.3826 -12.3996
3.34897 -17.2044 9.40722
3.34933 2.2606 7.04738
3.3497 -5.7393 -2.03318
3.35007 -1.71969 2.92723
3.35044 -5.52896 -13.96
3.3508 -24.8436 5.8071
3.35117 9.29311 22.2912
3.35154 15.7658 -19.0247
3.35191 -20.5855 -13.766
3.35227 -6.86709 15.2329
3.35264 9.32899 4.43874
3.35301 5.31858 -2.98686
3.35338 1.84324 -6.62421
3.35374 -6.44335 1.43144
3.35411 2.26642 8.67924
3.35448 1.98169 1.02109
3.35485 3.23935 8.3292
3.35521 11.0973 -4.50552
3.35558 -14.5179 -6.44274
3.35595 -4.84967 22.2205
3.35632 18.704 2.61997
3.35668 -2.80441 -6.77
3.35705 2.55695 4.90336
3.35742 -3.71096 -7.5446
3.35779 -10.5031 20.5022
3.35815 32.2299 11.1379
3.35852 2.84504 -33.1813
3.35889 -29.4452 12.3676
3.35926 19.4523 24.8106
3.35962 13.5745 -15.8701
3.35999 -9.05146 -0.926351
3.36036 2.99894 3.29297
3.36073 -5.07069 -1.4963
3.36109 0.0465547 5.5376
3.36146 2.50943 -2.65034
3.36183 -0.115113 -0.345823
3.3622 0.79642 -11.2164
3.36256 -17.5837 -3.23378
3.36293 5.98888 17.591
3.3633 17.1605 -16.0586
3.36367 -15.6825 -12.9554
3.36403 2.01099 7.42663
3.3644 1.18936 -9.07878
3.36477 -3.1244 13.2752
3.36514 29.0052 -7.05727
3.3655 -15.9131 -32.2012
3.36587 -22.1899 29.317
3.36624 36.7693 10.173
3.36661 -1.18323 -33.2717
3.36697 -19.8932 9.48361
3.36734 11.9274 5.84736
3.36771 -4.38266 -8.41935
3.36808 -1.40294 7.15225
3.36844 5.77045 -4.14002
3.36881 -4.35383 -3.96243
3.36918 -4.69774 -1.04497
3.36955 -8.21696 9.84264
3.36991 14.9268 11.9078
3.37028 5.51086 -19.9733
3.37065 -24.5677 5.55497
3.37102 9.68256 23.1447
3.37138 7.05553 -9.22334
3.37175 -7.54514 7.96499
3.37212 13.6792 -2.31514
3.37249 -20.285 -11.9296
3.37285 -6.40633 30.762
3.37322 33.4123 -8.34163
3.37359 -18.2346 -29.2149
3.37396 -16.079 19.578
3.37432 17.8931 -2.31177
3.37469 -6.83983 -14.1867
3.37506 0.629646 4.71364
3.37543 5.1853 -12.1999
3.37579 -10.8169 -6.84684
3.37616 -3.08185 4.46143
3.37653 3.23453 4.7841
3.3769 11.4645 -5.71337
3.37726 -10.921 -19.5628
3.37763 -21.6956 17.4328
3.378 21.4589 17.3716
3.37837 6.38945 -21.6807
3.37873 -17.345 2.87362
3.3791 5.17913 7.72048
3.37947 -5.08631 -0.560928
3.37984 7.6496 14.8813
3.3802 16.1947 -14.0055
3.38057 -19.2335 -7.44886
3.38094 2.04423 21.4838
3.38131 16.0086 -5.21449
3.38167 -6.66965 -2.50196
3.38204 5.42426 5.26131
3.38241 -1.78913 -9.11435
3.38278 -11.2899 8.13955
3.38314 4.53222 10.1058
3.38351 3.09406 -2.30032
3.38388 -2.3464 -6.97806
3.38425 -18.3883 -2.61614
3.38461 -10.2416 23.3263
3.38498 20.9893 3.74511
3.38535 -5.93705 -22.8397
3.38572 -22.0248 9.29473
3.38608 5.13477 15.244
3.38645 8.11238 -0.432729
3.38682 7.05206 -3.87772
3.38719 -3.37526 -7.6635
3.38755 -5.13265 10.7181
3.38792 17.1612 5.29731
3.38829 5.00222 -9.64805
3.38866 2.73808 5.27226
3.38902 12.3791 -7.36796
3.38939 -8.52448 -6.36033
3.38976 4.73664 13.8829
3.39013 17.9117 -8.39244
3.39049 -3.47183 -14.0616
3.39086 -4.60393 -1.33825
3.39123 -3.01257 0.863258
3.3916 7.16698 6.01493
3.39196 13.1807 -12.7249
3.39233 -12.4844 -13.7333
3.3927 -9.09581 10.9134
3.39307 9.97244 6.89983
3.39343 9.68946 -3.88147
3.3938 -1.66318 -11.4934
3.39417 -17.2863 3.77976
3.39454 7.32312 19.7058
3.3949 13.3306 -11.3786
3.39527 -18.2913 -3.9346
3.39564 4.24971 12.9752
3.39601 1.97702 -17.127
3.39637 -23.6694 6.43235
3.39674 14.204 14.8072
3.39711 5.71356 -28.0422
3.39748 -27.3025 -5.75942
3.39784 -1.92251 13.8374
3.39821 5.92626 -5.07282
3.39858 -0.0516617 -8.33095
3.39895 -7.31553 -10.354
3.39931 -13.571 5.5406
3.39968 5.17184 8.67997
3.40005 1.88818 -4.28214
3.40042 -0.68603 1.82915
3.40078 -3.07048 -7.07575
3.40115 -17.7139 11.5505
3.40152 16.6513 20.8076
3.40189 9.17801 -21.2603
3.40225 -24.6385 5.91576
3.40262 16.1548 19.1047
3.40299 1.36858 -18.7245
3.40336 -16.5373 19.3129
3.40372 33.2035 9.20297
3.40409 -3.58668 -31.7016
3.40446 -26.1586 20.5885
3.40483 25.4563 21.4366
3.40519 14.2667 -15.5528
3.40556 -6.8528 -3.24486
3.40593 -7.03264 6.01045
3.4063 2.03382 17.3243
3.40666 19.1123 0.597455
3.40703 -7.1059 -10.6216
3.4074 -5.06133 12.8467
3.40777 6.79104 -4.73649
3.40813 -12.8511 4.89062
3.4085 17.7308 12.5926
3.40887 4.64464 -28.8356
3.40923 -25.4828 5.58671
3.4096 21.0418 12.1822
3.40997 0.1849 -26.2467
3.41034 -11.2074 12.8638
3.4107 29.5072 -9.115
3.41107 -20.0859 -31.3806
3.41144 -14.832 28.9444
3.41181 36.2958 -1.05368
3.41217 -6.37753 -31.1108
3.41254 -17.144 4.9902
3.41291 0.467588 5.26274
3.41328 4.0763 6.27658
3.41364 11.845 -11.3281
3.41401 -18.7184 -14.2151
3.41438 -5.84008 18.5832
3.41475 13.7865 -6.44284
3.41511 -13.7666 -3.43441
3.41548 11.6337 10.0453
3.41585 2.19272 -22.4982
3.41622 -22.3387 12.2923
3.41658 21.7521 14.7363
3.41695 0.965009 -21.0201
3.41732 -10.6467 13.3961
3.41769 14.9657 -3.43822
3.41805 -23.5524 -7.50625
3.41842 1.94245 31.6451
3.41879 24.4616 -16.1463
3.41916 -30.8663 -14.9742
3.41952 -10.2995 26.0819
3.41989 9.06806 -0.804151
3.42026 -6.8551 0.364937
3.42063 2.04314 -4.03224
3.42099 -19.0054 -5.55712
3.42136 -2.51678 22.2138
3.42173 16.6107 -7.05077
3.4221 -13.5345 -5.68337
3.42246 7.21398 12.7656
3.42283 3.34075 -13.082
3.4232 -12.9247 13.3257
3.42357 25.0849 10.7508
3.42393 3.8545 -20.9041
3.4243 -10.4919 7.81265
3.42467 10.8487 1.56315
3.42504 -3.7743 0.280893
3.4254 17.4268 8.63997
3.42577 6.1813 -28.1397
3.42614 -27.6399 3.39932
3.42651 18.4691 21.3862
3.42687 13.6635 -22.2536
3.42724 -14.5017 -2.77597
3.42761 7.02556 2.04881
3.42798 -7.46155 -5.0521
3.42834 2.3997 16.6585
3.42871 14.7611 -9.29125
3.42908 -14.5324 -5.53155
3.42945 1.93862 15.1059
3.42981 2.28795 -4.44106
3.43018 -8.37522 11.298
3.43055 16.2492 4.81238
3.43092 -5.48999 -16.3499
3.43128 -15.5829 10.2879
3.43165 7.04735 8.88845
3.43202 5.50716 -1.76577
3.43239 7.15869 -10.1584
3.43275 -16.3003 -15.8186
3.43312 -12.9379 21.102
3.43349 28.1803 1.80455
3.43386 -5.62835 -30.9183
3.43422 -19.5564 8.38393
3.43459 11.1987 3.50423
3.43496 -7.24061 -8.8318
3.43533 0.940705 9.48241
3.43569 8.6007 -12.1011
3.43606 -17.3206 -3.92401
3.43643 0.0627453 13.9834
3.4368 5.95563 -3.87948
3.43716 -2.19658 2.80016
3.43753 7.18964 -1.03872
3.4379 -7.51168 -6.87884
3.43827 -4.20109 12.5287
3.43863 14.0539 6.8063
3.439 9.95488 -6.29745
3.43937 -1.47525 -10.9933
3.43974 -13.5046 6.12294
3.4401 14.2536 22.8097
3.44047 24.2713 -16.6819
3.44084 -20.3385 -15.5855
3.44121 -4.4444 22.5647
3.44157 16.7247 -3.61393
3.44194 -10.6822 -6.42674
3.44231 3.07852 8.90172
3.44268 2.03715 -13.6425
3.44304 -19.1692 1.31266
3.44341 3.09288 12.9419
3.44378 5.65384 -8.02857
3.44415 -7.48842 -5.8939
3.44451 -6.48953 -1.70228
3.44488 -6.76401 3.73496
3.44525 4.13012 5.95568
3.44562 4.58224 -5.81998
3.44598 -2.97923 -6.44004
3.44635 -8.03512 -2.52286
3.44672 -6.29789 13.0703
3.44709 19.3553 5.33253
3.44745 1.5851 -26.1387
3.44782 -25.6871 5.5324
3.44819 12.8996 19.9748
3.44856 9.70456 -18.5021
3.44892 -15.1675 -0.368519
3.44929 10.0477 7.02154
3.44966 -2.31821 -14.6236
3.45003 -12.986 9.40427
3.45039 14.8915 9.30469
3.45076 6.40977 -11.6923
3.45113 -9.02047 -2.17575
3.4515 -5.06655 9.03635
3.45186 6.95503 13.1696
3.45223 13.3689 -1.89606
3.4526 -6.26532 -6.99619
3.45297 -6.88147 10.7226
3.45333 3.19854 8.33472
3.4537 3.49988 8.09116
3.45407 11.9247 -3.65917
3.45444 -12.7936 -13.9547
3.4548 -14.2351 20.7976
3.45517 23.9667 6.79089
3.45554 -2.37332 -23.0159
3.45591 -14.3308 9.54352
3.45627 13.7689 1.36114
3.45664 -7.43053 -13.0205
3.45701 -3.67239 13.6802
3.45738 17.4249 -3.10363
3.45774 -4.85685 -15.7188
3.45811 -9.43068 3.19098
3.45848 1.57261 8.49534
3.45885 11.6109 3.65332
3.45921 7.42203 -16.7432
3.45958 -17.2834 -7.69192
3.45995 -1.17724 16.6057
3.46032 14.8353 -3.57901
3.46068 0.127284 -11.2616
3.46105 0.27629 -7.59532
3.46142 -9.79587 -5.16131
3.46179 1.18583 13.5561
3.46215 20.3776 -9.94663
3.46252 -11.0724 -18.4203
3.46289 -6.69131 12.8735
3.46326 11.191 -3.52884
3.46362 -10.3951 -3.06927
3.46399 5.09615 13.5647
3.46436 6.95152 -11.0071
3.46473 -18.5041 -0.640045
3.46509 -3.13293 16.7718
3.46546 4.07664 4.21735
3.46583 1.63957 0.780234
3.4662 -4.57834 -8.24742
3.46656 -19.7932 7.24291
3.46693 6.59624 20.1357
3.4673 13.9635 -11.4986
3.46767 -12.4854 -9.04591
3.46803 -4.97839 7.70451
3.4684 1.30992 2.31243
3.46877 6.43818 3.57808
3.46914 7.51604 -9.73062
3.4695 -11.5695 -4.53912
3.46987 1.1544 9.36938
3.47024 4.65351 -5.744
3.47061 -5.88202 4.59361
3.47097 11.0745 1.00968
3.47134 -7.79829 -16.8248
3.47171 -16.0911 13.7156
3.47208 15.8358 10.4778
3.47244 3.19872 -14.4347
3.47281 -7.25361 -0.521033
3.47318 0.539415 0.323241
3.47355 -2.84664 7.09374
3.47391 16.8727 7.50723
3.47428 9.751 -17.1395
3.47465 -12.4179 0.124491
3.47502 8.13472 15.123
3.47538 14.5643 -2.40802
3.47575 4.23286 -4.64347
3.47612 -0.0517312 -3.02973
3.47649 -2.58317 3.56062
3.47685 5.69108 2.12219
3.47722 -2.82804 -5.02247
3.47759 -1.34836 4.64026
3.47796 6.0362 -12.0078
3.47832 -22.3641 -9.91278
3.47869 -6.7381 22.0249
3.47906 20.4075 -8.30869
3.47943 -15.6944 -23.0268
3.47979 -17.7633 11.9261
3.48016 4.68368 6.10377
3.48053 -0.898665 -1.65051
3.4809 4.14012 -1.45758
3.48126 -7.25936 -9.27544
3.48163 -13.9231 11.1804
3.482 10.768 11.6929
3.48237 7.10586 -9.04043
3.48273 -7.85949 -3.62513
3.4831 -5.06375 4.42138
3.48347 2.41567 4.87426
3.48384 5.65141 -2.96966
3.4842 -3.36396 -3.2778
3.48457 3.6496 2.29182
3.48494 1.64114 -11.9355
3.48531 -15.6483 4.30324
3.48567 14.2978 18.2035
3.48604 17.4439 -20.6815
3.48641 -23.5227 -9.2248
3.48678 -2.76239 25.7317
3.48714 18.8736 2.52122
3.48751 -0.252762 -5.52182
3.48788 -1.93953 3.41328
3.48825 -5.46246 3.7121
3.48861 -0.447446 15.57
3.48898 14.0095 5.28194
3.48935 0.0184086 -7.83079
3.48972 -7.7657 3.43148
3.49008 1.2993 7.86373
3.49045 6.34787 3.68565
3.49082 5.36864 -4.47803
3.49119 -1.25957 -4.91628
3.49155 2.0376 -1.08174
3.49192 -1.51085 -4.56603
3.49229 -1.79904 6.59976
3.49266 17.7438 -2.64026
3.49302 -2.41914 -23.9113
3.49339 -21.1981 6.103
3.49376 12.6277 14.6897
3.49413 12.0212 -17.3291
3.49449 -11.854 -9.65684
3.49486 -4.47674 3.00398
3.49523 -1.4023 -0.661962
3.4956 2.87297 1.64209
3.49596 5.90645 -8.31962
3.49633 -6.8754 -8.94176
3.4967 -4.64021 3.15727
3.49707 4.13787 1.61258
3.49743 4.42586 -2.59193
3.4978 2.69053 -5.32949
3.49817 -2.70605 -3.89558
3.49854 -3.79024 2.12195
3.4989 0.110194 5.83973
3.49927 8.69825 3.15511
3.49964 3.09677 -11.5034
3.50001 -19.3994 -2.1138
3.50037 -3.9334 21.5333
3.50074 17.5957 -0.146882
3.50111 -8.44283 -15.3602
3.50148 -16.9408 7.93799
3.50184 1.62354 9.36677
3.50221 1.21018 0.0628274
3.50258 -0.981956 0.601294
3.50295 -3.19263 -3.26563
3.50331 -7.50212 1.65383
3.50368 -0.535623 7.48516
3.50405 4.02794 1.98394
3.50442 0.942831 -3.00403
3.50478 -2.79172 -2.10711
3.50515 -3.7639 1.94718
3.50552 -2.20411 4.63343
3.50589 4.39292 5.08959
3.50625 8.88211 -7.31188
3.50662 -10.9118 -12.7748
3.50699 -14.0255 14.3681
3.50736 19.0123 11.9202
3.50772 9.90593 -21.1226
3.50809 -18.414 -5.63388
3.50846 -0.172101 15.4179
3.50883 12.5805 0.952542
3.50919 3.80724 -4.48102
3.50956 1.46529 -2.17097
3.50993 -0.96936 1.18997
3.5103 2.2599 6.84459
3.51066 6.35581 3.9375
3.51103 6.54693 -0.00107456
3.5114 2.61305 -4.11543
3.51177 -6.01496 1.47028
3.51213 0.941894 8.58518
3.5125 6.59692 -0.112911
3.51287 2.21675 -2.47037
3.51324 -0.178827 -6.84731
3.5136 -14.4486 -3.11096
3.51397 -1.18332 17.5827
3.51434 21.0091 -5.55857
3.51471 -12.0989 -22.3842
3.51507 -19.0519 12.7392
3.51544 11.7581 10.2902
3.51581 2.91113 -8.15442
3.51618 -4.17778 -0.0577992
3.51654 -2.40613 -2.43765
3.51691 -7.24256 4.53773
3.51728 4.82415 7.49784
3.51765 3.68795 -4.01962
3.51801 -0.506435 -1.08353
3.51838 0.34107 -4.9953
3.51875 -7.92536 1.45737
3.51912 8.8399 9.38056
3.51948 13.0275 -12.2684
3.51985 -6.51486 -10.2862
3.52022 -0.960093 1.69624
3.52059 2.42676 0.986277
3.52095 11.0058 4.12494
3.52132 11.1647 -16.812
3.52169 -17.9527 -8.42241
3.52206 1.13977 20.9668
3.52242 18.1169 -5.81689
3.52279 -10.3093 -9.22153
3.52316 -1.12612 8.76219
3.52353 0.15923 -4.97424
3.52389 -11.2161 8.2275
3.52426 9.49592 7.20581
3.52463 -0.897619 -11.4825
3.525 -9.25352 4.50058
3.52536 1.73814 1.22498
3.52573 -6.61419 1.64591
3.5261 9.81177 8.37221
3.52647 7.53135 -16.6796
3.52683 -18.8355 -3.75194
3.5272 1.43208 15.3814
3.52757 11.9539 -3.49537
3.52794 0.682681 -9.29706
3.5283 -8.53129 -9.7958
3.52867 -15.5427 7.48339
3.52904 11.4201 11.1252
3.52941 3.92097 -21.7712
3.52977 -23.8533 -2.02258
3.53014 3.59604 10.9234
3.53051 -2.85838 -13.9101
3.53088 -13.8918 8.46894
3.53124 14.3502 2.52874
3.53161 -8.25329 -17.0446
3.53198 -13.6989 13.4794
3.53235 12.5252 6.53031
3.53271 -0.596872 -2.38717
3.53308 5.67372 8.4738
3.53345 3.45666 -8.26064
3.53382 -13.7623 9.71238
3.53418 14.0921 21.6145
3.53455 15.3618 -8.48026
3.53492 -8.86385 -6.24777
3.53529 -7.18478 9.26751
3.53565 3.77193 15.1421
3.53602 17.0882 -0.145074
3.53639 -5.57305 -18.1873
3.53676 -16.2486 12.3147
3.53712 15.6721 9.6014
3.53749 -2.15939 -14.2855
3.53786 -7.21712 12.3011
3.53823 18.0671 -2.63028
3.53859 -13.5792 -14.7368
3.53896 -8.43123 22.3372
3.53933 22.2497 2.59734
3.5397 -3.37743 -13.5734
3.54006 -4.99289 6.38683
3.54043 2.18321 -0.660948
3.5408 -3.74135 6.61437
3.54117 14.1616 3.78511
3.54153 3.59328 -17.8889
3.5419 -13.0064 -2.48777
3.54227 1.92666 8.28865
3.54264 11.5376 -2.36254
3.543 8.49144 -15.3079
3.54337 -9.79902 -12.7827
3.54374 -3.77778 10.0563
3.54411 16.871 -4.65102
3.54447 -4.08721 -14.6947
3.54484 -0.385777 8.02911
3.54521 11.1313 -10.4117
3.54557 -17.1131 -7.19068
3.54594 2.14189 21.3842
3.54631 19.9688 -8.33608
3.54668 -14.5553 -14.9003
3.54704 -11.7538 12.5338
3.54741 5.15942 6.84959
3.54778 2.3534 -0.120455
3.54815 0.394734 -6.23181
3.54851 -11.6927 -5.04721
3.54888 -6.94214 10.3843
3.54925 6.73199 3.57672
3.54962 1.3423 -6.66919
3.54998 -5.88169 -5.56129
3.55035 -10.1309 2.95227
3.55072 1.69528 9.76488
3.55109 5.74279 -5.20371
3.55145 -9.78983 -2.10371
3.55182 -0.176608 7.20828
3.55219 -1.97087 -6.45937
3.55256 -13.4179 8.32081
3.55292 10.4173 12.0006
3.55329 4.88195 -15.8819
3.55366 -18.0893 -2.54361
3.55403 -1.50309 15.3551
3.55439 11.264 2.46665
3.55476 6.53794 -9.34911
3.55513 -5.86763 -9.24837
3.5555 -7.1814 9.54183
3.55586 14.1597 8.78129
3.55623 10.4074 -11.506
3.5566 -3.74356 -4.41289
3.55697 -0.0233916 3.73512
3.55733 1.59796 4.6265
3.5577 8.51822 2.62064
3.55807 2.73957 -6.77327
3.55844 -5.75747 2.92355
3.5588 3.35841 2.71912
3.55917 -5.33164 -1.59051
3.55954 0.718791 12.5761
3.55991 13.0256 -5.57797
3.56027 -12.8858 -11.3924
3.56064 -8.81309 15.2148
3.56101 11.6289 5.45231
3.56138 3.42622 -5.2639
3.56174 0.983735 -5.25501
3.56211 -10.4994 -3.91105
3.56248 -3.14971 16.3183
3.56285 20.1197 -1.10722
3.56321 -4.77832 -19.0383
3.56358 -13.3135 5.90562
3.56395 4.7623 3.51598
3.56432 -0.680282 -3.68922
3.56468 2.11381 -1.35809
3.56505 -3.85275 -9.8634
3.56542 -9.40978 0.43116
3.56579 0.885265 -0.146491
3.56615 -5.51958 -0.490093
3.56652 6.43073 4.3809
3.56689 2.39556 -18.0798
3.56726 -22.3122 3.05354
3.56762 10.4574 22.833
3.56799 15.5999 -13.3048
3.56836 -11.9484 -3.69384
3.56873 4.22262 9.48456
3.56909 -1.46933 -0.48998
3.56946 2.96753 16.1972
3.56983 20.4761 -5.40862
3.5702 -12.4817 -12.3403
3.57056 -5.16593 19.954
3.57093 16.8766 0.28743
3.5713 -3.5288 -6.57528
3.57167 3.34312 4.65365
3.57203 1.45287 -8.59185
3.5724 -8.1139 3.23675
3.57277 5.42702 4.52684
3.57314 1.30481 -2.91319
3.5735 4.68557 -2.49488
3.57387 -8.11555 -12.6365
3.57424 -17.3108 16.4663
3.57461 23.2862 12.4656
3.57497 1.75361 -28.2112
3.57534 -27.1595 8.12579
3.57571 11.2744 15.7466
3.57608 0.936374 -12.4033
3.57644 -4.30655 7.66981
3.57681 11.2824 -8.53854
3.57718 -17.4938 -9.32058
3.57755 2.6448 18.221
3.57791 19.0349 -12.6962
3.57828 -11.4523 -10.8428
3.57865 4.05305 6.54346
3.57902 5.04811 -12.0297
3.57938 -6.71838 2.48823
3.57975 11.0032 2.98996
3.58012 2.28897 -11.0449
3.58049 -3.97683 -3.20494
3.58085 -7.6997 -1.05567
3.58122 -2.86038 15.4084
3.58159 20.8697 -3.80499
3.58196 -15.8386 -24.6099
3.58232 -23.415 23.6321
3.58269 23.2964 11.9678
3.58306 -3.61505 -19.399
3.58343 -12.2038 11.7057
3.58379 8.64881 -0.666695
3.58416 -13.8231 -0.589786
3.58453 7.06016 19.9904
3.5849 13.4308 -12.4742
3.58526 -16.9912 -2.4978
3.58563 4.10099 15.4946
3.586 4.27714 -4.69179
3.58637 -5.80614 6.55667
3.58673 9.98586 0.453164
3.5871 -6.02285 -10.3992
3.58747 -9.29821 6.97975
3.58784 1.80124 3.89663
3.5882 4.30098 0.595198
3.58857 6.46098 -12.7055
3.58894 -20.2958 -10.4458
3.58931 -4.89627 22.8992
3.58967 26.7848 -6.33979
3.59004 -11.0175 -22.1189
3.59041 -9.12747 14.4092
3.59078 13.6191 -1.86217
3.59114 -6.67874 -3.0448
3.59151 9.80031 11.6573
3.59188 9.29994 -13.7668
3.59225 -13.8674 0.531277
3.59261 6.73046 13.1994
3.59298 6.57456 -3.85971
3.59335 0.928432 2.24386
3.59372 5.39463 -6.23345
3.59408 -12.0285 -3.2357
3.59445 0.467081 14.0822
3.59482 12.8312 -3.44425
3.59519 -2.20642 -8.95891
3.59555 -5.90062 -2.88534
3.59592 -8.81923 4.90429
3.59629 8.65017 13.1157
3.59666 12.333 -13.0323
3.59702 -18.6922 -7.8282
3.59739 -2.83245 18.1472
3.59776 10.6712 -2.09987
3.59813 -8.38098 -0.955214
3.59849 2.94022 6.51815
3.59886 -1.19612 -8.55206
3.59923 -11.5626 5.33801
3.5996 3.87418 7.18477
3.59996 1.44893 -4.62053
3.60033 0.937502 -3.34605
3.6007 -4.39426 -9.48781
3.60107 -12.1306 6.34097
3.60143 13.7446 9.29835
3.6018 10.2513 -18.3243
3.60217 -13.7978 -6.92562
3.60254 -1.53672 10.3498
3.6029 8.94808 3.42611
3.60327 9.21418 -3.0267
3.60364 -0.653841 -8.9479
3.60401 -9.31895 5.9201
3.60437 8.27 11.5111
3.60474 7.29002 -4.78434
3.60511 -2.28471 0.253166
3.60548 3.55286 0.378803
3.60584 -3.72147 -0.996058
3.60621 1.92303 7.58102
3.60658 8.40508 -3.8349
3.60695 -1.2108 -3.908
3.60731 3.17582 -1.58729
3.60768 -5.48692 -6.73807
3.60805 -3.08582 11.4531
3.60842 19.502 -0.998836
3.60878 -5.50703 -22.0098
3.60915 -20.6864 7.4611
3.60952 8.42129 14.1551
3.60989 8.45448 -8.91737
3.61025 -9.47205 -8.85608
3.61062 -12.2412 2.24008
3.61099 -2.53116 7.9348
3.61136 2.9721 -1.37373
3.61172 -6.10578 -4.19428
3.61209 -2.27958 0.227066
3.61246 -4.22497 -6.488
3.61283 -9.48465 6.24939
3.61319 11.4667 5.77127
3.61356 3.6819 -15.883
3.61393 -11.2798 0.186244
3.6143 5.83417 5.1812
3.61466 -0.0925488 -4.71419
3.61503 2.53388 8.03318
3.6154 13.247 -8.6417
3.61577 -14.8786 -11.9335
3.61613 -8.67272 20.1438
3.6165 18.9014 5.60506
3.61687 -0.382387 -15.9488
3.61724 -15.5554 1.23559
3.6176 -3.00453 13.3957
3.61797 7.08996 4.74156
3.61834 -1.02535 -5.10422
3.61871 -6.39257 5.52767
3.61907 5.61444 5.44769
3.61944 -5.41829 -2.9446
3.61981 -4.70861 17.279
3.62018 21.4235 5.2417
3.62054 -2.50361 -16.2003
3.62091 -14.6655 14.0825
3.62128 14.9853 13.1034
3.62165 6.65796 -6.82493
3.62201 0.612627 2.43692
3.62238 3.13633 -6.5534
3.62275 -11.5893 0.132238
3.62312 7.45457 13.5402
3.62348 15.0778 -13.2336
3.62385 -11.7834 -15.5395
3.62422 -8.84881 5.99533
3.62459 7.32581 2.95265
3.62495 6.70481 -9.51497
3.62532 -4.98928 -10.5118
3.62569 -4.35443 3.09947
3.62606 7.72816 -2.00841
3.62642 -4.88187 -7.14946
3.62679 0.701831 11.6861
3.62716 17.5201 -6.27118
3.62753 -12.0669 -15.4725
3.62789 -9.32583 18.516
3.62826 20.6417 5.7209
3.62863 1.91721 -14.7096
3.629 -7.17429 -0.365253
3.62936 -1.12737 0.760868
3.62973 -0.995484 6.39319
3.6301 12.3113 0.0561426
3.63047 -1.08117 -17.3912
3.63083 -14.6373 1.58942
3.6312 3.47331 9.94843
3.63157 5.34073 -4.24737
3.63194 -2.48881 -5.85885
3.6323 -7.30909 -2.17061
3.63267 -6.64018 6.92431
3.63304 1.73017 2.77418
3.63341 -5.92101 -2.00431
3.63377 -2.57796 6.875
3.63414 0.802463 -5.53415
3.63451 -17.4439 -0.18652
3.63488 -0.310371 18.1693
3.63524 13.4142 -5.70865
3.63561 -10.4577 -11.2163
3.63598 -8.43892 7.29275
3.63635 2.46712 5.43469
3.63671 6.94305 2.98689
3.63708 8.50396 -9.60565
3.63745 -10.8756 -7.49546
3.63782 -2.71343 14.762
3.63818 15.5722 0.557778
3.63855 0.342007 -9.42014
3.63892 -1.57349 2.46419
3.63929 1.08259 -0.964886
3.63965 -2.81064 3.63912
3.64002 7.08932 4.6678
3.64039 4.24419 -4.41704
3.64076 -2.1776 -2.24662
3.64112 -3.64284 -0.385157
3.64149 -1.51012 9.34993
3.64186 14.2496 4.80377
3.64223 2.90755 -14.2553
3.64259 -12.7702 1.85452
3.64296 4.52429 12.2257
3.64333 7.59003 0.199094
3.6437 4.09541 -1.78023
3.64406 -0.767683 -8.35445
3.64443 -12.9303 4.37924
3.6448 6.88215 14.6286
3.64517 10.0483 -11.2144
3.64553 -13.2405 -6.44849
3.6459 -1.9226 7.92483
3.64627 0.847973 -5.66697
3.64664 -8.14052 1.32774
3.647 5.49091 3.34895
3.64737 1.66566 -11.5214
3.64774 -10.8677 -4.84096
3.64811 -4.97189 7.32374
3.64847 8.62255 5.59703
3.64884 9.64939 -11.9067
3.64921 -11.8989 -11.0574
3.64958 -7.20304 14.1662
3.64994 14.6482 4.7689
3.65031 3.17398 -10.5371
3.65068 -2.88177 -1.32177
3.65105 -2.51252 -1.32883
3.65141 -4.90129 7.41383
3.65178 12.7144 4.38597
3.65215 2.39991 -15.1954
3.65252 -14.0265 2.80688
3.65288 6.13007 9.1622
3.65325 3.02939 -7.70973
3.65362 -5.18392 4.43868
3.65399 8.51335 3.15798
3.65435 -1.73767 -9.14848
3.65472 -9.97043 6.35137
3.65509 5.83051 13.326
3.65546 11.4429 -1.43288
3.65582 -3.54144 -9.93079
3.65619 -14.1657 6.64197
3.65656 5.2868 17.2268
3.65693 13.079 -5.53746
3.65729 -7.84899 -9.65358
3.65766 -6.83399 5.06137
3.65803 0.287371 1.56159
3.6584 1.06852 1.6478
3.65876 7.32294 -6.2187
3.65913 -7.27458 -13.2391
3.6595 -9.19654 5.15934
3.65987 9.35968 1.2384
3.66023 -0.184596 -10.4265
3.6606 -4.07436 0.667556
3.66097 3.9703 -4.3198
3.66134 -7.6515 -5.08652
3.6617 -3.67359 10.8148
3.66207 11.062 1.84986
3.66244 0.00356356 -11.9966
3.66281 -13.4718 0.956339
3.66317 -1.81777 15.4805
3.66354 13.0636 2.59655
3.66391 1.00591 -11.5777
3.66428 -9.69423 1.87148
3.66464 1.73741 8.83181
3.66501 5.58019 1.1775
3.66538 5.7073 -0.11214
3.66575 3.8015 -5.52282
3.66611 -6.60659 -0.649918
3.66648 1.82537 9.91906
3.66685 9.56123 -0.474852
3.66722 -1.05385 -3.70276
3.66758 -1.29294 1.7856
3.66795 -3.04827 -1.28281
3.66832 -7.30354 6.55455
3.66869 5.1596 8.4448
3.66905 5.03814 -8.63591
3.66942 -14.5085 -7.34883
3.66979 -12.0631 13.6442
3.67016 11.6053 9.50472
3.67052 6.95552 -14.1081
3.67089 -14.4358 -5.528
3.67126 -2.52391 11.7105
3.67163 9.94053 -0.448319
3.67199 2.26733 -3.76612
3.67236 5.20591 -1.07138
3.67273 0.713372 -7.14908
3.6731 -2.65198 3.53877
3.67346 10.8286 3.83246
3.67383 5.72343 -7.95016
3.6742 -0.915722 -3.33142
3.67457 1.83158 -4.36212
3.67493 -4.99719 -1.5041
3.6753 2.68124 6.35725
3.67567 9.70542 -7.72488
3.67604 -6.04327 -13.6638
3.6764 -13.0336 2.38764
3.67677 1.38675 11.5604
3.67714 14.0876 -4.07375
3.67751 -5.21324 -17.6244
3.67787 -18.1275 7.74967
3.67824 9.07477 15.5497
3.67861 7.92112 -8.64568
3.67898 -9.11678 0.797064
3.67934 2.42087 6.02155
3.67971 -4.41553 -2.27924
3.68008 -4.7042 11.605
3.68045 9.08654 1.50534
3.68081 -6.13269 -7.77961
3.68118 -6.10805 5.46596
3.68155 -0.663259 -1.58868
3.68191 -7.87867 2.51314
3.68228 7.36043 3.30363
3.68265 0.444551 -15.4144
3.68302 -16.7833 -0.569042
3.68338 0.584702 10.9025
3.68375 8.52954 -2.16131
3.68412 2.04175 -7.65005
3.68449 -9.61175 -5.70054
3.68485 -8.53107 13.1403
3.68522 16.0056 8.25893
3.68559 2.66212 -13.2761
3.68596 -11.4829 6.07709
3.68632 7.81717 7.0683
3.68669 -1.47381 -3.14001
3.68706 1.90033 11.7722
3.68743 13.4794 -5.15959
3.68779 -8.56268 -7.57282
3.68816 0.584739 12.0424
3.68853 9.95036 -1.86113
3.6889 0.230961 1.04969
3.68926 11.8925 -1.05526
3.68963 -5.11391 -12.6173
3.69 -9.22791 14.9935
3.69037 20.5459 7.30189
3.69073 3.00799 -16.4703
3.6911 -11.2022 2.04736
3.69147 0.518945 6.10424
3.69184 1.08025 4.79897
3.6922 7.91968 -0.370666
3.69257 -5.18621 -11.5295
3.69294 -10.3101 6.30685
3.69331 7.14498 2.4723
3.69367 -4.56971 -6.38755
3.69404 1.09246 4.92079
3.69441 6.91636 -13.1087
3.69478 -15.8308 -5.726
3.69514 2.05765 12.5893
3.69551 10.293 -9.93544
3.69588 -5.21771 -6.41398
3.69625 2.156 -3.44591
3.69661 -11.5397 -6.30756
3.69698 -1.60018 16.5121
3.69735 21.1266 -7.8368
3.69772 -14.9872 -20.6413
3.69808 -15.374 16.2803
3.69845 13.5777 6.00306
3.69882 0.173912 -8.51463
3.69919 -2.68702 0.678477
3.69955 -2.74598 -2.135
3.69992 -3.62815 6.63743
3.70029 7.23323 2.96218
3.70066 -0.521896 -2.25587
3.70102 3.57138 4.60273
3.70139 2.09064 -6.46892
3.70176 -11.0782 6.2827
3.70213 10.8517 13.6209
3.70249 8.40394 -10.4346
3.70286 -10.7611 -0.80463
3.70323 -0.852767 5.42745
3.7036 -5.05872 2.41783
3.70396 5.31588 11.3279
3.70433 9.04423 -13.7531
3.7047 -23.6533 -7.86488
3.70507 -3.79075 23.6781
3.70543 18.4437 -3.59631
3.7058 -9.4304 -13.19
3.70617 -6.87651 6.90707
3.70654 3.64497 0.930752
3.7069 -0.818728 1.84964
3.70727 4.99825 1.50056
3.70764 2.42394 -4.08615
3.70801 0.936802 -1.26623
3.70837 -1.60343 -1.28014
3.70874 0.547321 6.94155
3.70911 14.0986 -1.67523
3.70948 -0.860949 -14.6999
3.70984 -9.21461 2.97924
3.71021 6.05824 3.52596
3.71058 3.0151 -4.319
3.71095 5.10975 -3.41527
3.71131 -2.12744 -13.6044
3.71168 -14.6431 4.49411
3.71205 11.1509 13.1386
3.71242 10.0048 -15.2542
3.71278 -15.1411 -4.97457
3.71315 -1.32472 12.6547
3.71352 4.62337 0.5135
3.71389 -3.27821 2.17752
3.71425 2.21859 4.47814
3.71462 -0.550949 -0.888398
3.71499 -7.14888 2.59729
3.71536 -3.66435 9.58413
3.71572 8.6251 6.29821
3.71609 3.73449 -10.2163
3.71646 -14.8969 -2.65697
3.71683 -1.26608 13.039
3.71719 10.8227 -1.81037
3.71756 -0.887503 -7.1315
3.71793 -1.86301 -4.2537
3.7183 -7.44525 -3.33912
3.71866 -0.860089 10.7963
3.71903 14.6484 -3.19858
3.7194 -6.48685 -15.8756
3.71977 -11.8741 7.41113
3.72013 7.1487 6.32126
3.7205 0.640883 -4.89215
3.72087 -2.43049 1.81064
3.72124 2.19194 -0.565348
3.7216 -2.61276 -2.26936
3.72197 -3.90576 3.426
3.72234 4.03294 8.41992
3.72271 13.79 -2.93341
3.72307 -3.72727 -14.5834
3.72344 -11.9564 10.5183
3.72381 17.4799 13.1687
3.72418 12.0455 -13.807
3.72454 -6.32952 -4.01118
3.72491 2.47881 3.28179
3.72528 -0.722662 2.82565
3.72565 8.67326 8.06199
3.72601 9.41232 -13.1744
3.72638 -16.0692 -5.53997
3.72675 -1.475 15.4737
3.72712 8.24261 -4.78299
3.72748 -8.23193 -5.0325
3.72785 -0.971628 2.62998
3.72822 -4.24135 -5.91766
3.72859 -9.01425 2.35653
3.72895 0.851034 2.45832
3.72932 0.955906 -1.21486
3.72969 2.34106 -5.64525
3.73006 -11.2466 -8.11886
3.73042 -7.49647 15.8304
3.73079 20.4534 3.33009
3.73116 -2.54174 -20.2307
3.73153 -15.2067 6.97177
3.73189 7.68063 7.71397
3.73226 0.69204 -3.04911
3.73263 4.4957 2.09395
3.733 0.536097 -12.498
3.73336 -15.4966 3.53214
3.73373 9.60451 11.2268
3.7341 5.84475 -13.851
3.73447 -9.41693 0.650767
3.73483 6.89356 1.23121
3.7352 -5.77849 -7.82925
3.73557 -1.79756 12.5569
3.73594 14.6823 -1.32111
3.7363 -4.9528 -8.357
3.73667 -2.95523 6.77466
3.73704 0.898763 3.32581
3.73741 1.62182 11.4219
3.73777 13.7547 -2.34582
3.73814 -11.2954 -11.6656
3.73851 -10.1726 18.8278
3.73888 14.9961 5.84369
3.73924 -2.7868 -9.58456
3.73961 -3.21739 2.71373
3.73998 -2.1749 -4.77751
3.74035 -8.31621 6.95437
3.74071 12.1264 2.47507
3.74108 -2.76921 -15.4023
3.74145 -8.73162 6.62606
3.74182 9.12029 -2.80575
3.74218 -11.2713 -6.53565
3.74255 3.72589 15.9996
3.74292 16.3518 -13.8572
3.74329 -19.7256 -11.1686
3.74365 -3.74395 19.6204
3.74402 13.76 -1.73433
3.74439 -2.38563 -6.79703
3.74476 -0.166244 -3.22237
3.74512 -9.32324 -2.75003
3.74549 0.0972632 13.0475
3.74586 15.1451 -6.11662
3.74623 -6.59182 -12.2325
3.74659 -4.20594 5.44622
3.74696 2.04948 -0.682446
3.74733 1.14151 4.54836
3.7477 11.4108 -3.12573
3.74806 -8.01473 -8.36191
3.74843 -3.58489 13.6226
3.7488 10.859 -2.27904
3.74917 -11.3337 0.693314
3.74953 8.24796 17.5241
3.7499 9.40873 -16.3682
3.75027 -26.3277 1.54088
3.75064 6.75018 29.3496
3.751 19.4111 -10.2987
3.75137 -14.1017 -10.5487
3.75174 -5.94393 10.6089
3.75211 3.15451 4.50555
3.75247 5.76919 2.48387
3.75284 6.03059 -8.85114
3.75321 -7.58334 -4.96582
3.75358 0.492033 5.50886
3.75394 4.34296 -2.06394
3.75431 3.76576 0.0976675
3.75468 6.16198 -9.40633
3.75505 -11.2893 -6.42839
3.75541 1.09154 11.4829
3.75578 10.2591 -8.26081
3.75615 -10.3913 -4.60993
3.75652 6.42577 6.01967
3.75688 0.857673 -16.5627
3.75725 -19.0354 7.06039
3.75762 16.77 14.9371
3.75799 11.4255 -23.3673
3.75835 -20.0375 -4.78009
3.75872 2.18281 16.6151
3.75909 13.4865 -2.6236
3.75946 2.95044 -7.74742
3.75982 -2.1802 -3.11693
3.76019 -2.31174 4.07287
3.76056 5.59292 2.04649
3.76093 1.21101 -3.0169
3.76129 1.65561 1.69722
3.76166 0.383475 -7.98714
3.76203 -14.1472 -0.373488
3.7624 1.93914 11.9368
3.76276 6.00481 -9.4277
3.76313 -14.0296 -5.54139
3.7635 -4.14152 5.06058
3.76387 -6.25417 -3.71639
3.76423 -8.01014 9.62071
3.7646 10.1962 0.18032
3.76497 -10.053 -14.7694
3.76534 -17.9059 12.6199
3.7657 9.45357 13.4559
3.76607 6.24714 -7.25426
3.76644 -7.59533 -2.9205
3.76681 -6.35633 6.34621
3.76717 3.15894 8.68241
3.76754 7.44787 -1.2907
3.76791 -2.91082 -2.51076
3.76828 1.81088 3.93798
3.76864 3.03167 -5.34737
3.76901 -6.21469 3.30392
3.76938 9.59723 8.37336
3.76975 8.54438 -11.7689
3.77011 -8.43952 -4.71415
3.77048 -0.674362 7.84609
3.77085 4.70885 4.24307
3.77122 8.83459 0.86059
3.77158 2.99053 -10.0411
3.77195 -13.6057 3.16263
3.77232 4.51669 18.6279
3.77269 15.0462 -2.60924
3.77305 -3.62622 -6.42504
3.77342 -4.43357 5.8486
3.77379 0.261552 6.48624
3.77416 6.08867 6.37034
3.77452 7.50854 -4.51549
3.77489 -5.0058 -3.87996
3.77526 0.484033 5.10436
3.77563 4.00091 -2.78821
3.77599 -1.20697 0.449325
3.77636 8.14471 -0.746412
3.77673 1.21831 -11.9942
3.7771 -8.82764 -1.69797
3.77746 0.371289 4.82943
3.77783 6.84538 -1.08126
3.7782 5.09457 -11.0459
3.77857 -12.9791 -11.4917
3.77893 -11.1786 12.2789
3.7793 16.2438 4.05402
3.77967 0.414155 -19.6096
3.78004 -16.0647 0.0849873
3.7804 2.57262 5.52201
3.78077 0.81993 -4.73941
3.78114 0.657373 2.34606
3.78151 5.4879 -6.19838
3.78187 -6.84871 -5.79937
3.78224 -1.08907 7.49874
3.78261 6.97181 1.53723
3.78298 2.59048 -2.13694
3.78334 1.3991 -2.95083
3.78371 -4.68641 -0.425035
3.78408 -1.75355 7.82636
3.78445 4.58232 3.21623
3.78481 2.33715 -1.61452
3.78518 -2.70186 -5.53602
3.78555 -14.0058 2.28433
3.78592 1.42714 17.0942
3.78628 15.3771 -7.20182
3.78665 -14.862 -14.4039
3.78702 -11.24 15.8499
3.78739 12.8416 3.46197
3.78775 -4.13088 -8.3129
3.78812 -2.92905 6.74808
3.78849 6.05733 -3.62494
3.78886 -8.28909 -2.9025
3.78922 -1.57513 10.5
3.78959 8.73624 0.239263
3.78996 0.626083 -7.66587
3.79033 -7.82225 -2.35171
3.79069 -5.52056 7.2003
3.79106 7.20684 3.37133
3.79143 3.14514 -9.22901
3.7918 -6.41475 -4.00842
3.79216 -3.85903 -0.276695
3.79253 -2.83534 3.5625
3.7929 10.9284 4.24148
3.79327 6.0415 -15.9572
3.79363 -17.4189 -2.18702
3.794 5.6993 18.5456
3.79437 16.9228 -7.36235
3.79474 -8.41359 -6.19364
3.7951 1.37831 10.9466
3.79547 6.84222 -3.03059
3.79584 -6.88227 2.12415
3.79621 4.10026 10.5075
3.79657 7.88526 -3.48446
3.79694 -5.0826 -6.15687
3.79731 -9.36695 4.39649
3.79768 1.89275 10.778
3.79804 10.7838 -3.27227
3.79841 -6.14123 -11.9863
3.79878 -11.4414 4.6573
3.79915 2.40229 6.68232
3.79951 3.28639 1.04666
3.79988 4.6371 -2.98805
3.80025 -6.75007 -9.5276
3.80062 -12.4125 11.4508
3.80098 13.5478 12.485
3.80135 5.26173 -13.6273
3.80172 -13.1399 1.25303
3.80209 5.06725 9.37444
3.80245 1.66466 -4.7616
3.80282 -4.16195 4.91106
3.80319 9.73675 1.09246
3.80356 1.61266 -10.3638
3.80392 -6.34664 -1.15068
3.80429 1.30088 4.42614
3.80466 10.6976 0.256588
3.80503 8.71688 -12.6453
3.80539 -8.88468 -8.93942
3.80576 -1.75071 9.46288
3.80613 13.2937 0.059082
3.8065 3.2671 -8.33239
3.80686 -1.14837 -3.52997
3.80723 -5.72969 -1.15448
3.8076 -1.84102 11.2098
3.80797 12.4949 0.529496
3.80833 -5.37103 -11.7006
3.8087 -10.5846 8.52081
3.80907 5.32639 4.2771
3.80944 -4.81007 -3.3036
3.8098 0.171486 7.52574
3.81017 6.75984 -6.32825
3.81054 -11.2331 -5.98623
3.81091 -3.58415 10.098
3.81127 9.18453 1.22883
3.81164 2.99172 -6.77043
3.81201 -4.40605 -7.33394
3.81238 -9.40375 2.07244
3.81274 4.86628 9.51165
3.81311 8.59054 -8.37938
3.81348 -10.066 -9.33116
3.81385 -7.22883 3.93686
3.81421 -1.21529 1.62157
3.81458 -0.732958 1.25839
3.81495 0.971221 -6.24281
3.81532 -10.3382 -5.16612
3.81568 -4.34943 7.85629
3.81605 3.27063 -1.4675
3.81642 -5.21368 0.0699854
3.81679 5.80591 4.72846
3.81715 1.30703 -9.25837
3.81752 -11.8346 6.19921
3.81789 10.5569 15.3938
3.81825 13.1866 -6.76171
3.81862 -5.16674 -4.5238
3.81899 -2.6955 7.46936
3.81936 3.91055 9.13421
3.81972 11.1364 3.70437
3.82009 4.15507 -9.84312
3.82046 -10.6404 -0.295928
3.82083 0.801643 12.0091
3.82119 8.72136 -0.626631
3.82156 -0.00296009 -6.68318
3.82193 -4.39983 -2.33509
3.8223 -4.18531 3.19349
3.82266 2.3057 2.54919
3.82303 0.405064 -3.73266
3.8234 -1.97826 2.28726
3.82377 3.92558 -1.78716
3.82413 -8.44088 -6.05709
3.8245 -5.81568 12.8162
3.82487 15.4925 3.74818
3.82524 -0.590373 -15.7691
3.8256 -14.4527 1.98125
3.82597 3.01005 10.3785
3.82634 8.15135 -1.69311
3.82671 2.41436 -7.15261
3.82707 -4.03099 -7.68235
3.82744 -6.68399 1.88732
3.82781 5.40131 5.72529
3.82818 9.29681 -7.53375
3.82854 -3.24382 -11.0541
3.82891 -7.20343 1.1541
3.82928 3.438 5.2065
3.82965 5.63298 -4.13716
3.83001 -2.93375 -2.56098
3.83038 1.19577 2.82531
3.83075 -0.114873 -4.57995
3.83112 -9.38845 5.22602
3.83148 6.71018 13.5593
3.83185 9.796 -8.62564
3.83222 -13.96 -6.84296
3.83259 -7.23649 16.0535
3.83295 11.1904 7.25403
3.83332 3.04055 -7.70218
3.83369 -6.53125 -2.10176
3.83406 -3.23804 5.5213
3.83442 1.52903 4.53822
3.83479 3.15254 1.02713
3.83516 3.73207 -2.79697
3.83553 -3.4719 -4.94888
3.83589 -7.57073 5.71999
3.83626 6.61613 7.288
3.83663 4.90554 -7.47031
3.837 -7.13564 -0.955913
3.83736 1.61332 2.93228
3.83773 -3.0784 -5.04308
3.8381 -3.88896 8.47523
3.83847 14.6052 -0.12639
3.83883 -2.86098 -18.3624
3.8392 -14.8255 5.69002
3.83957 11.3234 11.3817
3.83994 12.333 -11.2499
3.8403 -3.95319 -10.1268
3.84067 -4.42573 1.92378
3.84104 4.76203 5.39958
3.84141 9.45984 -4.11155
3.84177 -1.05245 -6.71789
3.84214 -0.982453 2.18883
3.84251 1.2698 -3.27177
3.84288 -5.76871 1.75024
3.84324 6.263 5.92909
3.84361 2.08717 -10.1211
3.84398 -11.9979 -0.269465
3.84435 1.44038 5.96754
3.84471 -2.13562 -2.42584
3.84508 -1.11003 7.48708
3.84545 8.86316 -7.50974
3.84582 -15.9658 -9.13971
3.84618 -6.4561 21.1627
3.84655 19.1806 1.07156
3.84692 -4.95818 -15.9019
3.84729 -11.6496 5.54103
3.84765 0.28909 6.75904
3.84802 1.88677 3.21827
3.84839 4.73251 -5.12656
3.84876 -9.51075 -7.63509
3.84912 -6.99356 8.12911
3.84949 4.42522 -1.32752
3.84986 -6.5543 -3.31775
3.85023 1.89722 3.58093
3.85059 -0.356081 -10.5596
3.85096 -12.6872 2.46881
3.85133 5.50631 9.05784
3.8517 3.37041 -5.04182
3.85206 -0.267071 2.46276
3.85243 3.63023 -4.43953
3.8528 -12.383 4.40603
3.85317 10.5824 20.7613
3.85353 19.2252 -12.2307
3.8539 -15.5516 -6.68456
3.85427 0.156343 19.9818
3.85464 13.1977 -0.496332
3.855 0.0763943 -0.382134
3.85537 7.67302 0.363924
3.85574 -4.5918 -7.29905
3.85611 -3.35766 9.91769
3.85647 13.1567 -0.333006
3.85684 -1.59529 -7.92174
3.85721 0.377231 1.82572
3.85758 0.246786 -7.24264
3.85794 -7.90457 5.04421
3.85831 9.94599 6.50726
3.85868 1.95402 -11.3558
3.85905 -8.78603 0.281223
3.85941 -1.7356 2.46486
3.85978 -5.3894 6.01938
3.86015 10.6599 5.85267
3.86052 0.54612 -18.3595
3.86088 -22.1588 4.55435
3.86125 10.4476 16.5837
3.86162 9.25792 -15.8419
3.86199 -11.8787 -2.11575
3.86235 7.27539 2.6817
3.86272 -1.84437 -11.4761
3.86309 -3.7352 6.95233
3.86346 13.8262 -2.51363
3.86382 -1.79589 -12.9153
3.86419 -2.76616 1.05143
3.86456 1.54254 -1.80696
3.86493 -1.51974 4.16592
3.86529 10.1611 -0.922167
3.86566 -3.76745 -12.4992
3.86603 -12.1166 6.60392
3.8664 3.16983 8.17247
3.86676 2.52692 -0.634316
3.86713 2.23773 -3.22093
3.8675 -10.3662 -6.23837
3.86787 -10.8848 15.4725
3.86823 17.0653 7.11973
3.8686 -0.704363 -16.4655
3.86897 -13.9896 8.5758
3.86934 10.1936 8.0246
3.8697 -0.629704 -6.74055
3.87007 -2.2563 9.54473
3.87044 10.6251 -0.751862
3.87081 -5.54278 -7.02293
3.87117 -4.39397 7.4065
3.87154 3.54659 2.60894
3.87191 1.60531 0.162786
3.87228 2.97078 -5.94423
3.87264 -10.5204 -7.00195
3.87301 -7.0976 9.38676
3.87338 9.71501 1.12328
3.87375 1.07142 -11.7328
3.87411 -8.39238 -6.08661
3.87448 -7.8282 2.83507
3.87485 5.50415 8.23293
3.87522 11.7487 -8.58322
3.87558 -9.72889 -10.523
3.87595 -4.82508 10.5369
3.87632 10.5889 1.39739
3.87669 -1.4077 -2.85614
3.87705 2.96882 5.27132
3.87742 4.24284 -5.76287
3.87779 -7.67866 1.34159
3.87816 2.63164 10.1456
3.87852 6.3643 -1.26469
3.87889 0.178801 -3.32606
3.87926 -2.78957 -2.72182
3.87963 -7.40017 3.90158
3.87999 4.03774 8.95442
3.88036 8.8458 -5.33172
3.88073 -5.63036 -8.03936
3.8811 -9.23351 4.34017
3.88146 1.17833 10.3871
3.88183 10.7156 0.500068
3.8822 -2.26537 -10.498
3.88257 -11.7868 5.80212
3.88293 5.6461 9.73778
3.8833 1.4185 -4.37828
3.88367 -4.55142 5.30374
3.88404 7.53252 -0.340352
3.8844 -7.61399 -8.70448
3.88477 -8.34986 11.2026
3.88514 12.121 3.45211
3.88551 2.12717 -11.6297
3.88587 -5.99151 -2.53627
3.88624 -2.5182 0.780143
3.88661 1.95115 3.87363
3.88698 10.9468 -2.29903
3.88734 0.715794 -11.0049
3.88771 -6.63033 0.0024096
3.88808 2.26904 5.54772
3.88845 8.34727 3.10563
3.88881 8.34593 -6.8133
3.88918 -8.3942 -7.54785
3.88955 -3.29637 13.1262
3.88992 15.2931 0.329341
3.89028 -5.52244 -9.9739
3.89065 -1.98328 10.5334
3.89102 12.2035 -7.16285
3.89139 -14.0922 -8.01721
3.89175 -0.363532 17.4403
3.89212 17.8734 -7.65036
3.89249 -9.67315 -14.8515
3.89286 -8.7151 7.20004
3.89322 3.21666 3.45004
3.89359 3.32683 0.19204
3.89396 2.46653 -7.80721
3.89433 -12.9921 -5.15384
3.89469 -5.58381 11.4931
3.89506 5.81092 1.02121
3.89543 -3.67129 -3.78633
3.8958 -3.50827 -2.57743
3.89616 -11.2902 -1.05171
3.89653 -2.47933 13.7761
3.8969 11.3401 -5.50753
3.89727 -12.7773 -10.1563
3.89763 -2.26448 13.5666
3.898 10.1566 -7.48923
3.89837 -14.0579 -2.74419
3.89874 9.11246 15.5642
3.8991 14.1198 -15.6942
3.89947 -17.4516 -5.50279
3.89984 1.82256 16.118
3.90021 12.1075 -2.705
3.90057 1.07967 -3.87455
3.90094 -1.02829 -4.82924
3.90131 -10.6319 3.08788
3.90168 6.48703 13.8747
3.90204 10.3462 -8.41327
3.90241 -10.5304 -3.83767
3.90278 -0.18995 7.79388
3.90315 -0.502188 0.31425
3.90351 0.911333 9.9658
3.90388 11.5834 -2.89913
3.90425 -8.94072 -5.66207
3.90462 -0.857648 14.732
3.90498 10.1888 -1.38435
3.90535 -4.70606 2.20361
3.90572 11.5842 7.32009
3.90609 1.22078 -14.8092
3.90645 -15.0244 7.9419
3.90682 14.9415 11.7952
3.90719 6.87898 -15.3962
3.90756 -8.92433 -4.17215
3.90792 -0.321708 -2.47507
3.90829 -5.36384 0.0522025
3.90866 8.7694 3.28449
3.90903 3.3341 -19.4071
3.90939 -16.8103 -3.50918
3.90976 4.54769 8.49951
3.91013 2.65345 -9.875
3.9105 -5.85242 0.915657
3.91086 6.69436 -2.39797
3.91123 -7.54285 -7.37599
3.9116 -5.05293 9.7193
3.91197 7.17272 1.45443
3.91233 0.475483 -1.50667
3.9127 2.74685 -2.52871
3.91307 -9.8332 -4.17963
3.91344 -2.61129 16.6542
3.9138 19.5762 -1.53257
3.91417 -6.92824 -16.6801
3.91454 -9.99454 9.85096
3.91491 8.40463 2.91485
3.91527 -1.87808 -1.82234
3.91564 6.15887 2.30997
3.91601 -1.51228 -11.9434
3.91638 -14.398 7.93123
3.91674 10.0438 11.1246
3.91711 1.75322 -11.0315
3.91748 -11.2433 4.8428
3.91785 3.08197 5.70931
3.91821 -6.14981 -3.41151
3.91858 -6.05001 9.15009
3.91895 5.23239 4.15816
3.91932 -0.599644 -3.91468
3.91968 -6.82988 -3.13614
3.92005 -8.55235 7.53737
3.92042 11.2174 11.8048
3.92079 11.5587 -15.6999
3.92115 -17.1238 -7.44151
3.92152 2.22829 17.7896
3.92189 16.6081 -5.04642
3.92226 -3.42782 -6.8907
3.92262 4.80714 2.21483
3.92299 0.386843 -7.7065
3.92336 -5.14932 8.19264
3.92373 14.8275 3.10338
3.92409 0.688788 -14.502
3.92446 -9.30762 3.55844
3.92483 5.60596 4.06415
3.9252 0.300938 -4.33112
3.92556 -0.0868895 2.31164
3.92593 4.37006 -2.5869
3.9263 -2.00309 -5.14397
3.92667 -4.97787 1.34916
3.92703 1.42517 9.08225
3.9274 13.8903 -1.11509
3.92777 -3.16115 -16.4488
3.92814 -16.5742 9.58867
3.9285 13.2367 15.6242
3.92887 8.52612 -14.1342
3.92924 -12.7661 -1.50429
3.92961 1.91992 7.46569
3.92997 -3.03419 -4.04012
3.93034 -5.10082 7.07825
3.93071 8.38669 -1.61804
3.93108 -7.5217 -10.7266
3.93144 -10.6451 5.33658
3.93181 2.60746 2.86906
3.93218 0.833148 -2.97171
3.93255 0.565649 -3.11512
3.93291 -3.71355 -5.60232
3.93328 -5.04841 1.77839
3.93365 2.64107 4.41318
3.93402 6.64363 0.37902
3.93438 4.78359 -8.41115
3.93475 -10.5433 -5.20966
3.93512 -2.98507 16.3861
3.93549 19.0147 1.14574
3.93585 -3.06066 -16.5487
3.93622 -11.5652 7.81314
3.93659 8.47917 5.5794
3.93696 -0.911748 -5.76065
3.93732 -0.67026 5.39276
3.93769 6.37688 -3.89434
3.93806 -7.12011 -5.10276
3.93843 -2.37691 7.19633
3.93879 5.56987 2.40532
3.93916 3.17476 -0.682625
3.93953 1.50858 -4.33097
3.9399 -6.90999 -0.156772
3.94026 -0.0841125 11.8871
3.94063 9.89057 2.31327
3.941 1.27991 -6.62171
3.94137 -6.04315 -1.82468
3.94173 -6.95625 7.5906
3.9421 6.77474 9.75139
3.94247 8.89891 -11.3905
3.94284 -14.3787 -8.86892
3.9432 -5.5702 11.9751
3.94357 8.71908 -3.13778
3.94394 -5.11917 -8.53568
3.94431 -1.27494 1.13344
3.94467 0.159639 -6.97704
3.94504 -7.45124 -1.11694
3.94541 2.37791 3.64883
3.94578 2.52243 -3.60538
3.94614 -0.774846 -1.78561
3.94651 -2.13145 -3.20283
3.94688 -7.34082 5.01906
3.94725 6.1442 10.4164
3.94761 8.38064 -6.43782
3.94798 -8.24058 -4.67439
3.94835 -5.56703 9.36429
3.94872 5.50499 8.14407
3.94908 9.68992 -1.59098
3.94945 -0.867301 -8.85275
3.94982 -9.20711 4.76979
3.95019 7.71339 9.76629
3.95055 8.87992 -5.89166
3.95092 -2.24394 -1.59495
3.95129 2.74059 1.02606
3.95166 -2.0293 -2.46578
3.95202 -0.0152399 7.3791
3.95239 8.21255 0.171505
3.95276 -2.95659 -5.64427
3.95312 -4.04455 2.45106
3.95349 -2.322 1.29278
3.95386 -3.38416 6.63485
3.95423 7.4708 1.34947
3.95459 -2.87878 -11.824
3.95496 -13.7423 3.85932
3.95533 3.30914 11.178
3.9557 9.05655 -4.20836
3.95606 -1.15295 -9.06556
3.95643 -6.88159 -0.941486
3.9568 1.40093 6.76769
3.95717 10.0663 -2.37833
3.95753 0.588818 -7.17336
3.9579 1.33579 0.337299
3.95827 3.35642 -6.30931
3.95864 -5.89035 -0.0148853
3.959 7.72906 6.66859
3.95937 8.12243 -12.8682
3.95974 -10.6514 -7.11322
3.96011 -1.92785 6.07858
3.96047 1.76982 -1.9903
3.96084 -0.0652924 0.157339
3.96121 4.61397 -6.48039
3.96158 -11.5801 -7.63467
3.96194 -8.54449 13.0429
3.96231 12.3762 4.92531
3.96268 1.63689 -10.9591
3.96305 -11.8553 0.365891
3.96341 -3.92632 11.4371
3.96378 7.73398 5.82565
3.96415 1.75849 -4.96934
3.96452 -8.23201 3.79432
3.96488 3.83282 6.91283
3.96525 -1.02275 -5.94406
3.96562 -9.12391 8.92944
3.96599 12.4772 6.81989
3.96635 0.163826 -16.9335
3.96672 -16.9484 3.71369
3.96709 6.45514 11.0551
3.96746 4.93216 -8.21898
3.96782 -3.53757 -2.10845
3.96819 0.81856 -4.33647
3.96856 -9.78753 -1.20533
3.96893 2.53731 12.2707
3.96929 13.245 -6.00698
3.96966 -7.97988 -11.1516
3.97003 -9.07038 8.0225
3.9704 6.77251 8.85948
3.97076 9.02925 -3.1438
3.97113 -3.312 -7.43882
3.9715 -5.80477 6.28257
3.97187 10.0832 4.54755
3.97223 0.445502 -7.8998
3.9726 -3.58391 7.99518
3.97297 16.2661 -0.72697
3.97334 -4.46864 -15.507
3.9737 -10.4939 13.4646
3.97407 18.5669 6.40502
3.97444 3.09833 -16.0949
3.97481 -8.99516 2.34039
3.97517 2.65396 3.52354
3.97554 -2.35686 0.520899
3.97591 5.02746 4.62641
3.97628 2.72598 -9.35571
3.97664 -13.6542 -1.76448
3.97701 -2.30118 10.5176
3.97738 6.00472 -0.0777217
3.97775 -0.839651 -5.97649
3.97811 -7.34491 -4.01592
3.97848 -6.40224 5.36191
3.97885 5.29548 2.92727
3.97922 -1.05361 -7.0084
3.97958 -3.73132 2.68198
3.97995 5.26386 -3.55686
3.98032 -10.4234 -5.87396
3.98069 -2.21488 14.3977
3.98105 16.903 -3.77709
3.98142 -8.64806 -15.2909
3.98179 -12.1377 10.1275
3.98216 7.98754 6.60636
3.98252 3.18866 -3.73482
3.98289 0.0579719 -1.95731
3.98326 -4.69694 -3.56792
3.98363 -4.45131 7.17779
3.98399 9.05426 5.16695
3.98436 3.25256 -5.52693
3.98473 -1.95193 0.297288
3.9851 2.18096 1.10023
3.98546 0.0733283 3.57554
3.98583 6.36697 5.59499
3.9862 6.71803 -3.34244
3.98657 -0.515912 -1.94166
3.98693 -1.27248 2.11994
3.9873 -1.34634 5.8342
3.98767 8.398 5.31151
3.98804 5.60948 -10.2496
3.9884 -13.1621 -4.33681
3.98877 -3.88589 12.0718
3.98914 9.40928 1.09478
3.98951 0.669578 -8.77465
3.98987 -7.07746 -5.21609
3.99024 -7.33841 3.05289
3.99061 4.07555 6.57374
3.99098 7.3819 -7.21028
3.99134 -6.37975 -7.5756
3.99171 -2.31082 4.97339
3.99208 5.16506 -0.935188
3.99245 -1.73995 -2.9322
3.99281 2.54956 2.57587
3.99318 6.36059 -5.12244
3.99355 -5.13308 -7.33756
3.99392 -6.50313 4.67319
3.99428 8.29874 4.49125
3.99465 6.72076 -11.8161
3.99502 -11.5271 -9.21973
3.99539 -6.62145 6.50311
3.99575 6.6161 0.660394
3.99612 1.05615 -6.69059
3.99649 -3.05469 -4.81733
3.99686 -6.977 -3.04021
3.99722 -4.81024 8.49101
3.99759 9.13465 4.91851
3.99796 0.137158 -9.11124
3.99833 -11.6348 3.60121
3.99869 0.896824 12.3265
3.99906 4.08395 2.33607
3.99943 -2.86817 1.92855
3.9998 -1.12925 5.66544
4.00016 0.586516 1.99317
4.00053 -5.35037 0.704023
4.0009 -3.09831 9.99499
4.00127 11.6691 2.83128
4.00163 -1.66431 -15.3527
4.002 -16.871 4.89756
4.00237 10.2231 14.1742
4.00274 10.3836 -13.2402
4.0031 -11.2097 -5.48373
4.00347 1.71101 5.43775
4.00384 0.527614 -4.20371
4.00421 -2.7901 6.35072
4.00457 10.1692 -1.01374
4.00494 -4.95884 -10.2588
4.00531 -8.30579 8.84922
4.00568 6.44568 5.78043
4.00604 1.71168 -2.93022
4.00641 1.14963 0.0886856
4.00678 -0.867136 -2.0251
4.00715 -2.59271 3.72487
4.00751 5.15498 2.91486
4.00788 5.25501 0.0275014
4.00825 8.10983 -3.4504
4.00862 -3.76124 -9.98333
4.00898 -6.79103 12.5252
4.00935 23.0918 7.51741
4.00972 5.11207 -22.5895
4.01009 -17.2055 4.33824
4.01045 11.5658 12.2083
4.01082 4.10892 -10.303
4.01119 -5.67428 4.04812
4.01156 7.16881 -2.28302
4.01192 -10.5439 -7.07731
4.01229 -5.06434 11.1804
4.01266 6.70544 -2.92389
4.01303 -7.07797 -4.10756
4.01339 -0.33962 1.90059
4.01376 -5.60394 -7.24234
4.01413 -8.20532 8.01746
4.0145 10.7904 3.58405
4.01486 -0.328681 -11.0518
4.01523 -6.75248 -0.30752
4.0156 -1.8947 1.66732
4.01597 0.821341 8.84454
4.01633 15.432 -2.36053
4.0167 -6.80245 -18.5057
4.01707 -14.3819 13.3469
4.01744 17.5797 8.27098
4.0178 0.361603 -16.0266
4.01817 -7.43313 4.33463
4.01854 7.47452 -3.13817
4.01891 -9.4871 -4.76558
4.01927 3.42711 10.0417
4.01964 9.28677 -11.0985
4.02001 -10.2246 -3.4408
4.02038 4.72533 5.68424
4.02074 -0.869427 -7.91456
4.02111 -4.7465 9.97229
4.02148 15.3317 0.555527
4.02185 -6.11449 -13.873
4.02221 -10.6697 11.5132
4.02258 8.91256 7.83598
4.02295 2.52517 -2.71478
4.02332 0.509158 -2.91432
4.02368 -9.57061 -3.26714
4.02405 -5.34112 14.0889
4.02442 13.3385 -0.761683
4.02479 -7.53756 -12.6415
4.02515 -7.18882 8.59046
4.02552 4.562 -3.21632
4.02589 -10.2713 -1.38396
4.02626 6.51595 8.51962
4.02662 3.79392 -14.1824
4.02699 -16.5362 0.676161
4.02736 5.49328 9.66851
4.02773 1.6068 -7.83694
4.02809 -5.19152 5.63188
4.02846 7.92169 -3.36062
4.02883 -12.0188 -8.38741
4.0292 -4.76157 16.6547
4.02956 15.4456 -0.275172
4.02993 -4.55964 -12.3835
4.0303 -7.93879 4.10936
4.03067 0.715172 5.63918
4.03103 5.05543 3.98354
4.0314 6.03601 -6.07149
4.03177 -7.48827 -2.76473
4.03214 1.38614 9.67165
4.0325 5.87636 -2.76372
4.03287 -4.42746 4.16048
4.03324 10.4496 6.66209
4.03361 0.490396 -10.7253
4.03397 -11.9508 9.17921
4.03434 11.2608 12.8493
4.03471 5.34152 -6.25126
4.03508 -3.47918 2.16493
4.03544 2.2439 0.00334151
4.03581 -6.7578 3.99359
4.03618 7.79213 12.3902
4.03655 12.3748 -10.9463
4.03691 -11.1059 -8.22299
4.03728 -3.2843 11.6151
4.03765 10.5805 1.65009
4.03802 5.23626 -8.24512
4.03838 -2.29916 -6.78315
4.03875 -4.25562 1.60169
4.03912 5.12029 1.05003
4.03949 1.60389 -7.49001
4.03985 -1.92427 0.284282
4.04022 5.517 -4.61869
4.04059 -7.21883 -9.59328
4.04096 -5.49108 7.47648
4.04132 9.97054 0.0342685
4.04169 -0.800811 -10.7188
4.04206 -5.22386 -2.44682
4.04243 -3.35972 -0.460108
4.04279 -0.29433 6.26547
4.04316 12.3125 -1.7432
4.04353 -1.81786 -14.6662
4.0439 -12.067 4.62141
4.04426 7.27619 9.90578
4.04463 9.07195 -5.79843
4.045 -2.01659 -6.19317
4.04537 -5.47237 0.442769
4.04573 -0.728517 4.99661
4.0461 3.94175 -0.679375
4.04647 -3.60741 -2.67041
4.04684 -2.0624 1.34901
4.0472 -3.35182 -5.80428
4.04757 -11.3881 3.36905
4.04794 2.86101 8.30513
4.04831 0.939957 -8.80952
4.04867 -11.7083 -1.13625
4.04904 -2.56252 5.57982
4.04941 -4.85956 2.04035
4.04978 0.994263 8.64519
4.05014 7.01948 -6.14956
4.05051 -14.2849 -3.48757
4.05088 -3.46426 18.5075
4.05125 13.882 1.42513
4.05161 -2.43813 -7.16322
4.05198 -3.95863 4.60911
4.05235 1.08609 2.80034
4.05272 2.55576 2.75929
4.05308 5.19438 -2.12154
4.05345 -0.208789 -2.87228
4.05382 3.36982 -1.71136
4.05419 -2.3303 -5.65783
4.05455 -1.613 8.4257
4.05492 16.5354 -1.96451
4.05529 -3.81957 -17.0517
4.05566 -10.8009 10.0482
4.05602 12.4349 6.18038
4.05639 0.292532 -6.8023
4.05676 1.00811 6.08189
4.05713 3.54301 -5.83963
4.05749 -14.1019 4.49239
4.05786 9.27978 16.9834
4.05823 11.369 -11.6022
4.0586 -14.7834 -2.49311
4.05896 0.999976 12.0837
4.05933 5.58182 -3.08857
4.0597 -1.5828 0.816505
4.06007 3.74398 -1.14339
4.06043 -1.82705 -4.35864
4.0608 0.482723 -0.458272
4.06117 -2.38486 -1.9433
4.06154 1.96776 6.89456
4.0619 12.4575 -9.74971
4.06227 -15.215 -13.9341
4.06264 -8.85157 18.4827
4.06301 17.8734 -0.770011
4.06337 -7.49109 -15.2025
4.06374 -7.54809 6.51313
4.06411 0.444168 -3.80615
4.06448 -10.2751 4.63382
4.06484 11.8109 6.89455
4.06521 0.268067 -18.5773
4.06558 -18.1453 5.04773
4.06595 10.6839 11.6871
4.06631 5.14087 -9.97926
4.06668 -4.34148 2.65441
4.06705 7.45124 -0.0274992
4.06742 -1.94713 -3.00076
4.06778 1.64553 7.0678
4.06815 5.30477 0.598011
4.06852 4.11377 2.31799
4.06889 5.78284 -5.55423
4.06925 -12.8491 -0.895397
4.06962 2.84851 18.8706
4.06999 17.6959 -8.08434
4.07036 -13.3712 -11.0692
4.07072 -5.32549 12.9039
4.07109 5.86829 -2.48263
4.07146 -4.46037 1.54755
4.07183 9.31415 0.518052
4.07219 -6.33567 -14.1748
4.07256 -11.3677 11.0776
4.07293 15.3014 4.35653
4.0733 -1.62576 -13.2347
4.07366 -5.64327 5.06857
4.07403 6.26694 -3.05883
4.0744 -7.77338 -2.78904
4.07477 2.4745 8.39419
4.07513 6.39475 -7.28612
4.0755 -6.63268 -4.8908
4.07587 -3.54815 0.282824
4.07624 -4.81807 1.71331
4.0766 6.50296 4.29473
4.07697 3.76262 -14.3819
4.07734 -16.705 -2.99852
4.07771 3.09394 11.5973
4.07807 7.78941 -7.96508
4.07844 -5.48773 -1.71195
4.07881 4.58312 -0.524691
4.07918 -5.38146 -5.55974
4.07954 -0.956469 12.4053
4.07991 13.0243 -1.91574
4.08028 -6.86786 -7.429
4.08065 -1.13886 9.63595
4.08101 4.36427 -2.37159
4.08138 -8.74162 4.17313
4.08175 7.9201 8.612
4.08212 2.61014 -11.2799
4.08248 -14.7025 1.76339
4.08285 -0.287837 11.1374
4.08322 4.85807 0.281387
4.08359 1.53345 -3.88592
4.08395 -7.75237 -5.60186
4.08432 -9.74623 9.95492
4.08469 10.5617 8.13281
4.08506 2.45925 -9.60384
4.08542 -8.41131 2.45213
4.08579 2.31884 4.25744
4.08616 -2.33791 1.62776
4.08653 4.63395 7.38971
4.08689 6.07399 -7.07348
4.08726 -7.98023 -0.469457
4.08763 4.79505 7.34556
4.088 2.57797 -6.35202
4.08836 -2.73623 4.65459
4.08873 13.4365 -1.19186
4.0891 -3.92274 -15.259
4.08946 -10.327 7.44117
4.08983 13.4992 5.92186
4.0902 7.24582 -11.792
4.09057 -5.22495 -6.73377
4.09093 -5.31193 0.823622
4.0913 2.59459 7.50636
4.09167 10.8919 -2.43133
4.09204 -3.78014 -9.70156
4.0924 -6.7018 4.55945
4.09277 2.60964 4.31849
4.09314 -0.0548621 3.19044
4.09351 4.93398 1.21525
4.09387 -3.1441 -6.76181
4.09424 -7.87538 7.81256
4.09461 7.38868 5.14944
4.09498 -2.04686 -5.51284
4.09534 -1.03201 7.02893
4.09571 8.41953 -5.69488
4.09608 -12.3601 -6.8293
4.09645 -1.5159 15.3279
4.09681 16.4918 -4.02855
4.09718 -6.26933 -14.5553
4.09755 -9.57832 4.57878
4.09792 3.0799 4.5674
4.09828 3.12716 -1.69222
4.09865 -0.102512 -6.02962
4.09902 -6.68562 -3.51565
4.09939 -3.28376 3.50771
4.09975 -0.552189 0.432488
4.10012 0.0370287 1.24418
4.10049 3.85567 -4.82351
4.10086 -8.7772 -4.82285
4.10122 -3.34249 11.2806
4.10159 11.4342 -0.739925
4.10196 -2.8471 -6.14691
4.10233 1.37623 7.10295
4.10269 5.55392 -5.34837
4.10306 -8.18772 2.71575
4.10343 11.902 13.3031
4.1038 12.6941 -13.4655
4.10416 -14.5558 -5.89533
4.10453 0.564033 15.5008
4.1049 14.3501 -1.60704
4.10527 -1.25359 -10.1125
4.10563 -6.17289 -0.297479
4.106 0.266792 3.01203
4.10637 2.12482 -2.18209
4.10674 -3.50048 -2.668
4.1071 0.472053 1.75395
4.10747 0.955672 -7.05833
4.10784 -12.3356 -1.23282
4.10821 0.590056 11.614
4.10857 8.29844 -5.81654
4.10894 -10.5532 -5.58621
4.10931 -4.04272 7.34298
4.10968 -0.0327121 -1.59209
4.11004 -5.56635 5.56489
4.11041 8.55054 2.69637
4.11078 -3.33982 -14.5243
4.11115 -16.1263 5.8735
4.11151 8.45903 13.5999
4.11188 10.58 -11.1929
4.11225 -9.33377 -10.3289
4.11262 -6.32569 6.9443
4.11298 7.33124 5.15203
4.11335 4.54533 -7.03407
4.11372 -4.86365 -1.99297
4.11409 2.72216 4.81074
4.11445 1.31375 -4.32205
4.11482 -7.81428 4.3474
4.11519 7.53056 9.73487
4.11556 5.56458 -7.55126
4.11592 -11.0293 0.136964
4.11629 -0.501796 10.6141
4.11666 3.92525 2.64763
4.11703 2.08197 3.03532
4.11739 3.44424 -3.28078
4.11776 -7.9853 -1.3926
4.11813 -0.821634 13.2423
4.1185 13.0778 2.31345
4.11886 2.38925 -8.92633
4.11923 -5.87099 0.0627117
4.1196 -0.628046 8.03268
4.11997 8.95327 4.19783
4.12033 5.62904 -7.23192
4.1207 -5.64508 -1.51889
4.12107 1.33892 4.8752
4.12144 1.76891 -3.42658
4.1218 -2.02688 2.53256
4.12217 7.32364 -0.291718
4.12254 -2.42862 -11.0282
4.12291 -8.09654 1.49932
4.12327 4.82419 3.35877
4.12364 4.19435 -4.68283
4.12401 2.44638 -7.04773
4.12438 -4.21827 -8.87234
4.12474 -5.15249 5.95819
4.12511 12.9458 2.38915
4.12548 3.07915 -15.2715
4.12585 -8.34317 -0.524696
4.12621 4.41755 3.46764
4.12658 -0.345156 -3.77207
4.12695 0.413511 3.14083
4.12732 4.34659 -4.98254
4.12768 -8.6009 -3.95195
4.12805 -3.78749 6.47606
4.12842 1.78791 0.610148
4.12879 -1.00688 -0.125012
4.12915 -0.82635 -3.86233
4.12952 -9.38291 -1.47774
4.12989 -1.91967 9.49927
4.13026 5.84262 -0.64813
4.13062 -2.55389 -3.13762
4.13099 -0.515116 -0.364636
4.13136 -7.46828 0.137949
4.13173 -0.455061 14.4444
4.13209 16.0082 -4.21671
4.13246 -12.1925 -14.3682
4.13283 -11.9992 17.8772
4.1332 15.217 3.81958
4.13356 -5.97144 -12.8018
4.13393 -7.90581 9.27688
4.1343 6.59729 -1.22508
4.13467 -9.37851 -6.7772
4.13503 -4.23704 8.5763
4.1354 6.89319 0.418254
4.13577 -0.550811 -6.14042
4.13614 -5.40005 -2.68825
4.1365 -4.05451 6.8998
4.13687 9.92197 7.14333
4.13724 6.13431 -8.44379
4.13761 -5.79572 0.65621
4.13797 5.04816 6.27747
4.13834 1.02341 0.726834
4.13871 6.46254 10.0806
4.13908 15.0553 -8.91917
4.13944 -14.6736 -8.84744
4.13981 -1.33224 22.3927
4.14018 24.0182 -4.68417
4.14055 -9.07408 -17.2571
4.14091 -6.95483 11.7976
4.14128 11.8742 -3.30046
4.14165 -7.02935 -8.54124
4.14202 -1.0666 8.00967
4.14238 8.16101 -5.37798
4.14275 -6.02393 -9.33135
4.14312 -8.10551 3.69499
4.14349 1.30695 8.18757
4.14385 8.00235 -2.52192
4.14422 -5.5942 -10.266
4.14459 -11.3623 7.98487
4.14496 5.50034 7.96503
4.14532 -0.319237 -4.69765
4.14569 -1.66511 3.78043
4.14606 3.61936 -5.28002
4.14643 -13.1819 -2.21868
4.14679 2.92593 14.7936
4.14716 15.634 -10.0709
4.14753 -12.0357 -12.1503
4.1479 -3.49395 10.307
4.14826 10.091 -4.45733
4.14863 -4.31615 -5.39617
4.149 3.4401 4.04026
4.14937 5.04206 -8.70239
4.14973 -8.49238 -3.33415
4.1501 -1.23924 9.0462
4.15047 8.51435 1.57613
4.15084 1.90665 -8.22143
4.1512 -10.5119 -1.26595
4.15157 -3.49158 12.6798
4.15194 9.80818 2.84971
4.15231 -1.32258 -6.42967
4.15267 -5.79916 4.44473
4.15304 0.991662 3.31192
4.15341 -1.19206 2.53168
4.15378 5.14992 4.8423
4.15414 3.66887 -5.00553
4.15451 -5.62992 -0.546363
4.15488 2.60873 5.6365
4.15525 4.37874 -0.846765
4.15561 0.667544 0.498912
4.15598 3.96004 -2.37149
4.15635 -2.97652 -5.29923
4.15672 -5.32806 4.83669
4.15708 5.22349 4.3636
4.15745 4.79409 -8.26563
4.15782 -8.25529 -8.14004
4.15819 -9.22354 5.65298
4.15855 5.19425 4.96838
4.15892 4.34657 -9.21121
4.15929 -7.42184 -6.56102
4.15966 -5.51055 2.31311
4.16002 0.74661 3.12979
4.16039 5.67797 -0.403107
4.16076 0.694053 -7.28249
4.16113 -7.12589 0.771496
4.16149 3.77752 6.67268
4.16186 3.87377 -3.24881
4.16223 -3.42554 2.62532
4.1626 6.49707 3.03679
4.16296 -0.33286 -6.8028
4.16333 -8.203 5.63956
4.1637 5.80071 8.22997
4.16407 6.60483 -4.6254
4.16443 -2.87458 -4.98517
4.1648 -7.38973 2.17636
4.16517 0.450881 9.6552
4.16554 11.0418 -0.770348
4.1659 -2.84265 -8.94297
4.16627 -7.66407 4.67788
4.16664 2.21673 3.98457
4.16701 0.48569 2.75628
4.16737 6.64102 1.69794
4.16774 -2.95749 -10.1461
4.16811 -12.2154 7.46513
4.16848 10.832 9.34932
4.16884 1.65209 -11.5417
4.16921 -8.97858 4.4748
4.16958 9.3604 0.72828
4.16995 -6.97965 -10.2803
4.17031 -5.84555 12.3423
4.17068 16.1652 -1.35451
4.17105 -3.57519 -15.051
4.17142 -8.22715 4.17339
4.17178 4.11474 3.1479
4.17215 4.6401 -0.0546926
4.17252 6.44694 -5.88347
4.17289 -6.83034 -7.16671
4.17325 -2.22552 8.43078
4.17362 9.1779 -1.53946
4.17399 -3.26997 -3.22863
4.17436 4.72753 2.11557
4.17472 -1.1926 -11.0533
4.17509 -10.9839 8.181
4.17546 13.9361 6.45709
4.17583 -0.662589 -16.4496
4.17619 -10.304 6.53496
4.17656 9.62623 0.360709
4.17693 -10.9066 -7.61115
4.1773 -0.159482 15.8481
4.17766 15.8426 -10.3018
4.17803 -19.5908 -10.8238
4.1784 -6.44531 20.2281
4.17877 12.935 -1.08739
4.17913 -6.69903 -6.03501
4.1795 -4.42833 3.56832
4.17987 -6.53552 0.620443
4.18024 -1.53452 9.90908
4.1806 6.39635 -2.76394
4.18097 -9.58639 -2.81498
4.18134 0.922869 7.92964
4.18171 0.943988 -5.89987
4.18207 -7.68144 7.40292
4.18244 13.643 3.93386
4.18281 -1.87079 -13.6478
4.18318 -7.30981 10.0053
4.18354 12.6945 0.469975
4.18391 -5.65973 -5.61429
4.18428 7.22807 12.2873
4.18465 11.7012 -15.586
4.18501 -20.9751 -2.35459
4.18538 9.53888 22.7305
4.18575 18.4395 -14.6951
4.18612 -15.8656 -8.52367
4.18648 -0.494937 11.4788
4.18685 5.2313 -1.90658
4.18722 0.554527 3.01426
4.18759 5.84505 -4.24617
4.18795 -6.94483 -3.41925
4.18832 2.45961 9.18067
4.18869 5.78945 -2.84066
4.18906 -1.9297 3.05665
4.18942 10.0499 0.281005
4.18979 -4.25594 -7.70374
4.19016 -3.40569 11.9429
4.19053 13.0422 -1.25308
4.19089 -4.84528 -6.83782
4.19126 2.98585 5.94548
4.19163 1.87125 -12.9317
4.192 -15.939 3.62602
4.19236 14.1448 10.364
4.19273 4.98747 -24.6771
4.1931 -23.0159 -3.31699
4.19347 4.23168 11.1101
4.19383 4.24217 -11.1791
4.1942 -7.22713 -3.29263
4.19457 0.674439 -3.80643
4.19494 -8.24966 -3.70334
4.1953 -2.18195 7.07777
4.19567 3.55024 -1.9912
4.19604 -2.31084 -0.609083
4.19641 0.129223 -0.398918
4.19677 -8.43147 0.858916
4.19714 0.900247 12.4339
4.19751 10.5115 -2.71866
4.19788 -6.97836 -4.44666
4.19824 -1.56351 6.93591
4.19861 1.28476 -1.29245
4.19898 -1.44089 7.19908
4.19935 12.3701 -0.358931
4.19971 -5.7723 -13.9412
4.20008 -10.264 10.9588
4.20045 13.7751 6.31058
4.20082 0.685626 -10.4327
4.20118 -5.46038 3.42573
4.20155 3.45041 1.05714
4.20192 -4.70415 0.547291
4.20229 0.324797 7.39555
4.20265 3.58625 -0.238609
4.20302 -2.53721 -0.336435
4.20339 -4.18117 1.28885
4.20376 -5.28708 6.33361
4.20412 5.89357 7.32166
4.20449 3.99682 -7.14448
4.20486 -8.79464 -2.40112
4.20523 -0.810113 5.976
4.20559 4.00223 1.70796
4.20596 6.70825 -1.18004
4.20633 2.71487 -11.5422
4.2067 -9.8311 -0.557126
4.20706 7.9005 11.1586
4.20743 12.2667 -10.9641
4.2078 -7.46325 -7.48929
4.20817 2.03884 5.86252
4.20853 3.96475 -4.57067
4.2089 -3.72174 0.155074
4.20927 4.78971 1.06281
4.20964 -0.0102137 -5.49536
4.21 -4.58137 -0.0430331
4.21037 -2.31455 0.594431
4.21074 -0.274674 3.44046
4.21111 5.62895 -1.42697
4.21147 -4.40638 -7.47608
4.21184 -6.58103 4.46297
4.21221 3.49146 4.24987
4.21258 2.1215 1.02095
4.21294 4.91151 -2.53112
4.21331 -7.05995 -7.63803
4.21368 -9.03983 14.3554
4.21405 16.8401 7.1915
4.21441 -0.902657 -16.5909
4.21478 -14.9919 8.10079
4.21515 8.14472 8.76456
4.21552 -2.31515 -7.1196
4.21588 -4.46508 7.38057
4.21625 7.14463 -1.90285
4.21662 -8.44708 -6.26367
4.21699 -3.96412 7.43271
4.21735 5.24208 0.516686
4.21772 1.37712 -1.70628
4.21809 1.71244 -5.2752
4.21846 -6.53985 -2.60807
4.21882 2.8273 8.90472
4.21919 9.34957 -4.11156
4.21956 -2.44897 -4.0807
4.21993 4.028 -0.0399111
4.22029 -4.08033 -4.68584
4.22066 -1.75323 12.6755
4.22103 18.0926 -3.80037
4.2214 -9.33369 -16.5986
4.22176 -9.48685 15.125
4.22213 14.9927 0.252499
4.2225 -7.00449 -10.0716
4.22287 0.37207 10.4825
4.22323 9.32657 -9.21648
4.2236 -13.7799 -4.07391
4.22397 3.31187 13.9298
4.22434 11.0594 -5.42775
4.2247 -3.66486 -5.14123
4.22507 -1.55952 -0.204648
4.22544 -4.57124 3.71318
4.2258 7.2012 8.2113
4.22617 6.36056 -11.0788
4.22654 -11.8988 -2.6685
4.22691 1.26823 7.59059
4.22727 -0.458402 -4.89614
4.22764 -2.73228 3.7353
4.22801 6.74472 -7.06557
4.22838 -15.04 -8.21023
4.22874 -3.5532 13.6528
4.22911 10.374 -8.8039
4.22948 -14.3221 -5.86212
4.22985 2.23945 10.9374
4.23021 2.83217 -13.435
4.23058 -17.5298 4.01342
4.23095 9.98347 14.6035
4.23132 5.7377 -12.9934
4.23168 -12.6316 0.318198
4.23205 1.76018 8.25442
4.23242 0.615622 3.16245
4.23279 6.66892 4.89002
4.23315 3.31382 -9.51644
4.23352 -11.3333 3.77027
4.23389 7.66791 12.3032
4.23426 8.00111 -6.25042
4.23462 -1.41772 -0.770769
4.23499 2.59572 -1.56736
4.23536 -5.49911 1.74627
4.23573 8.50012 8.40437
4.23609 6.52209 -11.4239
4.23646 -11.8767 1.85828
4.23683 8.94421 8.00159
4.2372 -0.731475 -11.9139
4.23756 -11.4138 11.3229
4.23793 15.4363 5.08993
4.2383 -5.12837 -17.0879
4.23867 -14.5884 11.2876
4.23903 10.0584 7.90285
4.2394 -0.494156 -7.19056
4.23977 -1.47523 2.08842
4.24014 0.128018 -4.12383
4.2405 -7.56051 4.3854
4.24087 8.63378 6.32988
4.24124 5.76674 -9.19037
4.24161 -4.42298 -2.17025
4.24197 -0.627138 0.769783
4.24234 0.433416 3.30537
4.24271 10.8255 -0.314832
4.24308 -1.18948 -12.9456
4.24344 -9.3627 4.69066
4.24381 10.0654 1.65471
4.24418 -4.34012 -10.1972
4.24455 -3.28093 9.35303
4.24491 12.8322 -8.21176
4.24528 -15.5128 -12.473
4.24565 -6.07066 18.6328
4.24602 17.1313 -2.31614
4.24638 -7.30782 -12.8768
4.24675 -6.94388 8.00142
4.24712 2.79585 2.69655
4.24749 -1.05916 3.2947
4.24785 5.60749 2.63244
4.24822 -1.16048 -2.74549
4.24859 -3.22779 4.77516
4.24896 1.31555 3.32324
4.24932 1.29898 5.99632
4.24969 8.25201 0.121365
4.25006 -4.49617 -8.18634
4.25043 -5.46183 8.65505
4.25079 9.73585 1.6624
4.25116 -3.43886 -6.00748
4.25153 2.48164 4.41684
4.2519 5.54742 -12.1323
4.25226 -15.587 -1.27163
4.25263 7.45406 14.6882
4.253 13.9962 -15.608
4.25337 -14.5131 -9.87483
4.25373 -3.15281 10.6764
4.2541 6.34859 -1.39622
4.25447 0.740434 -3.05986
4.25484 0.382944 -4.31505
4.2552 -7.04835 -0.910611
4.25557 1.31309 5.57162
4.25594 3.23729 -4.39215
4.25631 -3.97827 0.30418
4.25667 4.36155 -0.558727
4.25704 -3.56386 -7.27999
4.25741 -4.02318 5.97981
4.25778 7.65811 -0.359507
4.25814 -1.10013 -6.18165
4.25851 1.06691 0.175214
4.25888 -2.11743 -5.51154
4.25925 -6.64149 7.23581
4.25961 13.0662 3.9916
4.25998 -0.865716 -14.9812
4.26035 -15.6006 5.73312
4.26072 4.85655 9.87765
4.26108 1.48095 -4.17326
4.26145 -3.80679 1.89786
4.26182 -3.55387 -2.74981
4.26219 -11.5187 4.01836
4.26255 3.6065 10.1204
4.26292 2.44937 -7.29365
4.26329 -11.6585 -0.101258
4.26366 0.381911 6.4584
4.26402 -0.396839 -2.0125
4.26439 -3.5949 4.70306
4.26476 4.44441 1.65614
4.26513 -0.386988 -3.03757
4.26549 -2.79398 2.21771
4.26586 -1.93157 5.44956
4.26623 6.31278 7.6988
4.2666 8.41134 -6.41895
4.26696 -11.6165 -3.20513
4.26733 -0.517915 16.4429
4.2677 14.545 -1.45098
4.26807 -4.75023 -6.09217
4.26843 1.04899 7.75538
4.2688 5.90243 -5.0436
4.26917 -5.74777 2.65209
4.26954 11.1793 8.87976
4.2699 9.43733 -12.2567
4.27027 -7.81003 -2.89313
4.27064 5.08433 9.39305
4.27101 9.70562 -2.49586
4.27137 2.08664 -3.59593
4.27174 3.34538 -0.491784
4.27211 1.6071 -2.04424
4.27248 -2.56349 0.224509
4.27284 1.88967 5.47057
4.27321 10.4166 -2.61587
4.27358 -5.31396 -13.7389
4.27395 -15.6061 7.29206
4.27431 12.0957 10.9004
4.27468 6.88621 -17.3314
4.27505 -17.0889 -3.35436
4.27542 3.3713 9.61247
4.27578 5.35843 -10.4398
4.27615 -9.30514 -0.609768
4.27652 6.84602 5.05399
4.27689 4.50418 -12.6499
4.27725 -10.52 -3.02766
4.27762 1.08117 8.35758
4.27799 8.86128 -4.04398
4.27836 -1.97287 -9.71733
4.27872 -6.73872 -0.275809
4.27909 -0.105033 1.1217
4.27946 -1.9024 -3.35854
4.27983 -1.15589 1.82095
4.28019 3.6965 -7.0748
4.28056 -14.2179 -9.99624
4.28093 -9.28259 14.6652
4.2813 16.2455 1.50922
4.28166 -6.93156 -18.8471
4.28203 -17.4329 9.27722
4.2824 9.78688 10.885
4.28277 1.66661 -7.28783
4.28313 -7.60151 5.12958
4.2835 4.91386 6.20883
4.28387 0.724377 -0.842124
4.28424 -4.26879 5.91552
4.2846 2.24962 8.75331
4.28497 7.43554 1.59386
4.28534 -1.76234 -4.875
4.28571 -8.31049 6.44854
4.28607 6.59039 7.65042
4.28644 3.80025 -6.65229
4.28681 -4.77158 0.204115
4.28718 2.30364 -1.78189
4.28754 -7.33937 -4.06501
4.28791 0.897119 10.4985
4.28828 12.4413 -8.46124
4.28865 -13.2582 -12.0316
4.28901 -6.03403 14.0651
4.28938 11.6323 0.03177
4.28975 -4.74651 -6.5645
4.29012 -1.11894 4.67173
4.29048 0.800886 -2.17154
4.29085 -4.96938 4.813
4.29122 5.9978 4.27263
4.29159 1.55748 -3.56896
4.29195 0.240932 2.49833
4.29232 0.970957 -2.72422
4.29269 -4.25854 4.49676
4.29306 11.9701 6.0967
4.29342 4.89911 -12.3807
4.29379 -9.75267 0.596772
4.29416 6.31257 6.19545
4.29453 3.69117 -3.92747
4.29489 2.04088 1.70062
4.29526 3.53742 -7.82611
4.29563 -10.2062 -0.323962
4.296 5.13642 11.092
4.29636 5.59538 -8.5493
4.29673 -9.399 0.674529
4.2971 5.6628 4.62528
4.29747 -5.48402 -7.41006
4.29783 -8.02999 12.7423
4.2982 14.1486 2.15375
4.29857 -5.8998 -12.0144
4.29894 -8.78659 9.4365
4.2993 6.26082 2.13813
4.29967 -2.55003 0.326593
4.30004 7.5265 4.22227
4.30041 0.986155 -12.1883
4.30077 -11.8875 4.67751
4.30114 10.5828 10.5939
4.30151 8.03321 -9.84913
4.30188 -4.10381 -4.68488
4.30224 -0.665525 -0.3024
4.30261 -0.442444 3.7458
4.30298 9.42954 -0.445996
4.30335 -0.920707 -12.3911
4.30371 -6.01136 5.02734
4.30408 10.7728 -1.36417
4.30445 -7.58471 -11.5223
4.30482 -2.60204 12.5592
4.30518 17.7668 -6.42471
4.30555 -12.5449 -15.7074
4.30592 -7.61073 14.0318
4.30629 13.8966 -1.00434
4.30665 -4.71488 -7.72652
4.30702 -0.158828 3.78848
4.30739 -0.437529 -7.6368
4.30776 -10.1861 5.52543
4.30812 9.05419 8.20668
4.30849 3.08609 -12.6082
4.30886 -12.6719 -1.9208
4.30923 -2.61587 8.77583
4.30959 4.05829 2.05527
4.30996 1.56158 -5.99843
4.31033 -8.93654 -3.58537
4.3107 -3.54723 8.82493
4.31106 5.83053 -3.06236
4.31143 -9.40172 -4.09216
4.3118 0.660849 10.9974
4.31217 7.39832 -9.23583
4.31253 -16.7815 -4.67652
4.3129 0.445672 17.2497
4.31327 12.3498 -6.5759
4.31364 -12.0691 -7.91665
4.314 -3.33622 9.23873
4.31437 3.63854 -1.79911
4.31474 -5.64343 1.72302
4.31511 4.82974 3.56533
4.31547 0.894006 -8.21861
4.31584 -9.39026 2.74755
4.31621 3.04931 10.4806
4.31658 9.23806 -2.31519
4.31694 -2.02827 -5.71261
4.31731 -5.0668 6.79838
4.31768 6.40286 7.4428
4.31805 3.97701 -2.44564
4.31841 -1.7603 5.3823
4.31878 7.90899 4.18151
4.31915 -1.70442 -6.4247
4.31952 -7.04977 10.4513
4.31988 14.2834 8.9141
4.32025 5.29153 -13.4884
4.32062 -11.9139 -0.408042
4.32099 3.90803 10.7824
4.32135 9.29617 -3.79431
4.32172 -0.897089 -6.4297
4.32209 -0.113626 -0.699974
4.32246 1.59933 -2.11498
4.32282 -1.77995 -1.10872
4.32319 3.02827 2.2938
4.32356 6.34879 -6.08575
4.32393 -7.51509 -7.07896
4.32429 -5.13241 7.37313
4.32466 7.77472 -1.05976
4.32503 -5.2434 -6.6274
4.3254 -2.70387 5.99775
4.32576 4.44641 -7.44861
4.32613 -13.62 -4.05115
4.3265 1.14933 15.1816
4.32687 14.2019 -8.54603
4.32723 -11.0092 -13.2831
4.3276 -6.98194 10.1646
4.32797 9.09833 4.40761
4.32834 5.38152 -5.19296
4.3287 0.253025 -6.16839
4.32907 -5.05977 1.28303
4.32944 4.10074 7.34504
4.32981 6.03777 -4.25263
4.33017 -2.69889 -0.38738
4.33054 3.57586 1.16969
4.33091 -5.26033 -4.67775
4.33128 -4.05576 9.38354
4.33164 9.0622 -1.10162
4.33201 -9.16862 -6.92306
4.33238 -3.30464 9.15175
4.33275 3.93983 -6.40338
4.33311 -14.4217 2.30842
4.33348 8.16021 13.6002
4.33385 6.90148 -15.9398
4.33422 -18.6896 1.29785
4.33458 6.13569 16.6511
4.33495 8.16561 -6.63934
4.33532 -2.86493 0.953032
4.33569 4.93663 -0.230597
4.33605 -6.87626 0.409956
4.33642 6.51148 11.9086
4.33679 11.6325 -9.87395
4.33716 -10.0556 -3.39103
4.33752 4.60066 6.8047
4.33789 2.31472 -9.77857
4.33826 -4.26246 3.53875
4.33863 10.9156 -4.02328
4.33899 -7.58116 -13.9224
4.33936 -4.12311 6.24267
4.33973 7.68948 -6.27297
4.3401 -7.38612 -3.7555
4.34046 7.41457 1.8486
4.34083 -3.18381 -15.2207
4.3412 -14.0822 11.5442
4.34157 16.7998 6.76373
4.34193 -3.94526 -16.6644
4.3423 -11.5332 12.5778
4.34267 10.5091 1.93658
4.34304 -11.4481 -4.29783
4.3434 2.57605 16.4835
4.34377 9.76924 -10.9355
4.34414 -19.1977 -1.56766
4.34451 4.96217 15.6129
4.34487 5.88696 -10.1694
4.34524 -10.5611 3.26048
4.34561 8.42044 1.85703
4.34598 -6.39664 -11.0131
4.34634 -7.07013 11.2329
4.34671 9.8276 0.609607
4.34708 -3.31908 -6.58595
4.34745 -1.25665 0.538726
4.34781 -8.61204 -1.16463
4.34818 -2.20962 16.2278
4.34855 17.2538 -5.6717
4.34892 -17.3815 -13.6043
4.34928 -8.58544 24.0177
4.34965 18.4229 -2.60604
4.35002 -14.0494 -8.49811
4.35039 2.65711 18.6544
4.35075 11.9064 -12.2304
4.35112 -17.7372 -0.156563
4.35149 11.5887 18.3015
4.35186 11.8644 -13.3846
4.35222 -9.98035 1.09783
4.35259 11.1205 6.5354
4.35296 1.33038 -8.01839
4.35333 -1.70694 9.19844
4.35369 14.4224 0.0540162
4.35406 1.03364 -8.75691
4.35443 -3.06692 1.38032
4.3548 -1.30803 4.67012
4.35516 10.5114 7.38465
4.35553 10.8986 -15.0843
4.3559 -20.1479 -5.7519
4.35627 3.58482 21.4913
4.35663 19.1388 -13.2296
4.357 -17.0405 -9.51879
4.35737 3.05257 14.244
4.35774 8.45608 -15.5247
4.3581 -16.5387 -0.257065
4.35847 10.6821 11.5684
4.35884 5.40573 -18.3
4.35921 -14.7098 -1.13299
4.35957 5.28474 6.74317
4.35994 0.252867 -7.27511
4.36031 -3.68163 1.5405
4.36068 3.46592 -3.08994
4.36104 -5.89918 -4.02626
4.36141 -4.43889 3.00083
4.36178 -0.526175 2.11712
4.36214 4.66308 -0.0950748
4.36251 -2.43198 -11.1456
4.36288 -15.1918 3.87504
4.36325 9.75138 12.228
4.36361 7.73786 -15.0182
4.36398 -15.142 -1.18284
4.36435 6.86991 9.5967
4.36472 3.28605 -10.2421
4.36508 -8.75889 6.02046
4.36545 11.2763 4.41796
4.36582 -1.30949 -12.1357
4.36619 -10.3528 6.62977
4.36655 4.8673 7.00499
4.36692 1.44389 -3.11207
4.36729 -1.4727 -1.14187
4.36766 -5.8056 -0.688221
4.36802 -5.14486 7.37963
4.36839 5.07008 2.59147
4.36876 -1.22689 -3.26991
4.36913 -3.13891 2.2572
4.36949 -2.93773 0.680982
4.36986 -1.3856 7.65551
4.37023 9.69725 2.08302
4.3706 -3.24685 -7.26754
4.37096 -4.76242 8.20769
4.37133 9.4501 1.44354
4.3717 -3.36637 -3.54617
4.37207 2.67707 7.8363
4.37243 8.7289 -7.99375
4.3728 -9.0206 -4.45823
4.37317 1.30426 8.30026
4.37354 6.32636 -5.04115
4.3739 -0.814263 -3.55485
4.37427 1.62496 -5.34187
4.37464 -9.57433 -3.82777
4.37501 0.554113 10.3395
4.37537 11.8078 -6.1868
4.37574 -8.8377 -10.391
4.37611 -7.84819 6.45072
4.37648 2.62358 4.79562
4.37684 3.85484 1.85482
4.37721 0.634102 -5.48045
4.37758 -10.2339 1.59744
4.37795 4.47948 11.7177
4.37831 5.39442 -5.84758
4.37868 -9.33905 4.19128
4.37905 11.5493 7.90266
4.37942 1.3523 -13.2146
4.37978 -12.7744 9.79329
4.38015 15.4537 9.06267
4.38052 3.29498 -13.5781
4.38089 -6.28063 5.49796
4.38125 7.67894 -0.473327
4.38162 -7.3559 -3.6952
4.38199 4.37534 11.8496
4.38236 10.9589 -10.1585
4.38272 -14.073 -7.41021
4.38309 -3.23046 11.4164
4.38346 6.81313 0.526476
4.38383 0.611841 -4.00865
4.38419 -3.99663 -6.33156
4.38456 -8.99543 4.69098
4.38493 8.52256 7.16765
4.3853 1.47234 -11.9507
4.38566 -8.8368 5.77934
4.38603 14.2895 2.72503
4.3864 -5.82515 -14.3906
4.38677 -7.44609 16.0307
4.38713 24.1948 -0.044192
4.3875 -6.05742 -18.969
4.38787 -8.19224 13.7154
4.38824 16.2687 -0.938182
4.3886 -4.60929 -8.38424
4.38897 3.15842 7.59653
4.38934 5.71122 -11.6452
4.38971 -11.7879 -1.63965
4.39007 5.76199 7.63257
4.39044 3.07519 -9.51222
4.39081 -6.09697 -3.14538
4.39118 -1.34949 -3.28714
4.39154 -6.96544 1.06801
4.39191 4.19442 3.1138
4.39228 -2.01171 -10.582
4.39265 -9.28605 5.17311
4.39301 6.10833 1.01297
4.39338 -11.3275 -6.19098
4.39375 -2.22786 16.9582
4.39412 14.8262 -7.3147
4.39448 -20.2612 -9.79996
4.39485 -5.50339 22.8003
4.39522 15.48 -2.78977
4.39559 -11.0323 -6.66805
4.39595 -1.55833 8.46978
4.39632 -0.516768 -5.07275
4.39669 -6.62454 8.2014
4.39706 11.5105 1.77604
4.39742 -4.76535 -12.3555
4.39779 -6.40747 8.44784
4.39816 8.84667 1.11157
4.39853 -3.17687 -3.46962
4.39889 3.51789 4.82734
4.39926 3.57673 -4.47762
4.39963 -4.12816 3.46719
4.4 3.89427 2.42026
4.40036 -2.5474 1.44863
4.40073 7.45846 8.5752
4.4011 4.51135 -11.4978
4.40147 -17.1144 3.43336
4.40183 10.6251 18.1249
4.4022 11.7284 -12.3985
4.40257 -11.9025 -1.91011
4.40294 5.62313 6.5331
4.4033 -0.113397 -4.8026
4.40367 1.32534 10.4112
4.40404 15.6887 -7.03987
4.40441 -10.4707 -11.3354
4.40477 -1.8737 15.8608
4.40514 15.6039 -2.98965
4.40551 -4.50793 -8.53078
4.40588 0.814277 5.6136
4.40624 3.77394 -4.20772
4.40661 -4.39548 -1.13866
4.40698 1.10938 1.1186
4.40735 0.538397 -0.428691
4.40771 3.56188 -4.48617
4.40808 -8.49545 -11.1722
4.40845 -9.48998 10.2326
4.40882 15.2132 0.813912
4.40918 -6.30495 -20.5129
4.40955 -13.6714 6.73641
4.40992 10.4879 0.177647
4.41029 -8.47967 -10.2323
4.41065 -1.37562 9.79057
4.41102 10.8263 -11.176
4.41139 -17.2655 -6.38574
4.41176 -0.22042 17.6646
4.41212 12.0403 -6.70951
4.41249 -9.8846 -4.53365
4.41286 -1.28406 9.33678
4.41323 0.385079 -0.618319
4.41359 -3.8685 4.73604
4.41396 2.94212 4.26894
4.41433 -0.399597 0.557253
4.4147 -0.721626 -0.601214
4.41506 -6.99567 1.85861
4.41543 3.5266 13.9214
4.4158 14.2416 -8.14795
4.41617 -14.7955 -10.1601
4.41653 -1.91792 20.4251
4.4169 18.7981 -4.65052
4.41727 -11.1414 -9.96871
4.41764 1.24617 14.3742
4.418 10.5021 -7.95308
4.41837 -13.6155 -1.13285
4.41874 5.86549 12.9695
4.41911 7.07617 -9.12513
4.41947 -10.4405 0.515299
4.41984 1.86303 5.55662
4.42021 -1.64543 -2.66011
4.42058 -0.290849 6.11038
4.42094 5.66038 -3.35377
4.42131 -5.35889 -4.70549
4.42168 -0.386337 4.22119
4.42205 3.36723 2.1066
4.42241 7.92893 1.27701
4.42278 6.19218 -12.6246
4.42315 -11.8613 -0.986716
4.42352 9.90796 16.0427
4.42388 17.244 -14.5248
4.42425 -12.1434 -9.54598
4.42462 3.12341 10.9628
4.42499 7.41817 -9.12758
4.42535 -7.7737 -1.88698
4.42572 6.93408 1.42878
4.42609 -2.79015 -11.9184
4.42646 -9.2358 2.89891
4.42682 3.98643 -1.05993
4.42719 -6.41522 -4.60198
4.42756 -0.68587 5.47513
4.42793 2.04039 -8.28981
4.42829 -13.2495 -0.469597
4.42866 -0.00205333 12.9973
4.42903 6.20611 -1.13291
4.4294 -3.21947 -3.21061
4.42976 -5.31751 1.72479
4.43013 -5.32244 9.09406
4.4305 7.98772 7.4124
4.43087 3.7641 -9.01437
4.43123 -9.86474 1.34424
4.4316 2.25428 7.2866
4.43197 1.46592 -3.53253
4.43234 0.266543 2.60926
4.4327 5.65585 -4.88566
4.43307 -8.90285 -6.03405
4.43344 -1.1635 8.00432
4.43381 7.78311 -4.43793
4.43417 -6.40567 -4.11306
4.43454 1.51377 3.51945
4.43491 0.582524 -7.75845
4.43528 -9.72345 4.27902
4.43564 7.09018 9.33489
4.43601 6.02071 -9.29517
4.43638 -9.71154 -2.28694
4.43675 -1.71037 11.0264
4.43711 8.33707 3.22436
4.43748 2.68689 -4.83716
4.43785 -3.62274 1.94507
4.43822 3.46008 5.40617
4.43858 3.09237 -3.15003
4.43895 -2.11304 3.56198
4.43932 9.47461 3.9279
4.43969 1.81936 -11.0405
4.44005 -9.70925 2.85674
4.44042 8.25494 8.67685
4.44079 5.11482 -8.79212
4.44116 -6.92117 -2.27865
4.44152 1.51073 1.21086
4.44189 -3.38059 -3.11339
4.44226 -3.33724 5.16913
4.44263 6.24685 -2.48637
4.44299 -4.90801 -9.94975
4.44336 -11.5446 4.16514
4.44373 3.09221 8.70675
4.4441 8.29058 -7.46049
4.44446 -9.62413 -8.91736
4.44483 -7.71401 11.6854
4.4452 12.2009 2.1525
4.44557 -3.74286 -11.2666
4.44593 -7.12298 11.1727
4.4463 13.2945 1.655
4.44667 -6.5548 -11.5335
4.44704 -7.13226 14.2207
4.4474 14.7281 3.27683
4.44777 -3.33273 -10.3496
4.44814 -4.46634 6.81454
4.44851 5.032 0.558666
4.44887 -3.69883 1.5881
4.44924 7.63566 5.01029
4.44961 4.61074 -9.72933
4.44998 -9.41055 0.437475
4.45034 2.72463 9.65923
4.45071 10.5526 -0.321271
4.45108 4.35721 -8.06045
4.45145 -9.48732 -3.32453
4.45181 -0.983238 13.5944
4.45218 17.0297 -2.66594
4.45255 -7.934 -12.8812
4.45292 -6.17502 12.9845
4.45328 13.7837 -5.06224
4.45365 -13.1914 -9.5869
4.45402 -0.679986 17.0765
4.45439 14.9613 -11.4988
4.45475 -16.3749 -11.13
4.45512 -0.720885 14.1854
4.45549 8.12266 -7.94638
4.45586 -8.94364 -1.46371
4.45622 8.74723 3.06825
4.45659 -2.5944 -13.4274
4.45696 -11.4137 7.84637
4.45733 12.298 5.15729
4.45769 2.70972 -11.0344
4.45806 -5.44865 -1.55883
4.45843 -3.23459 -0.370652
4.4588 0.0712332 5.84627
4.45916 9.77979 -4.27072
4.45953 -9.34369 -10.8266
4.4599 -4.33687 9.41797
4.46027 8.65914 -7.08526
4.46063 -15.2999 -3.8624
4.461 5.49406 14.0533
4.46137 8.99964 -18.9391
4.46174 -25.1437 -1.20965
4.4621 6.02379 21.4631
4.46247 9.80567 -14.0106
4.46284 -16.0542 1.06253
4.46321 5.36033 11.0333
4.46357 -4.40888 -6.15455
4.46394 -7.0749 14.3396
4.46431 13.2759 3.29832
4.46468 -8.68404 -6.41584
4.46504 -5.57747 13.7788
4.46541 7.43838 2.16974
4.46578 -3.20657 2.11455
4.46615 4.43959 4.21454
4.46651 -1.58405 -4.80223
4.46688 -1.06907 6.64334
4.46725 7.33204 -2.55896
4.46762 -5.57804 -1.3632
4.46798 10.3789 5.7081
4.46835 4.8214 -17.1595
4.46872 -16.7948 4.68279
4.46909 16.6348 13.6342
4.46945 9.9595 -20.7033
4.46982 -16.1269 -0.175139
4.47019 6.66436 9.60441
4.47056 2.33236 -6.58124
4.47092 -0.0857799 5.35116
4.47129 6.38427 -6.06084
4.47166 -12.8929 -2.802
4.47203 3.51888 14.308
4.47239 10.6194 -7.74395
4.47276 -10.1988 -3.58674
4.47313 3.4557 7.07475
4.4735 4.3488 -6.11595
4.47386 -3.55124 2.40931
4.47423 6.65139 1.27457
4.4746 2.12542 -5.31302
4.47497 2.25829 -0.135929
4.47533 -0.270407 -3.94003
4.4757 -3.0369 4.74902
4.47607 11.2878 0.934236
4.47644 -1.57813 -12.6103
4.4768 -12.1203 3.18735
4.47717 2.29472 4.82728
4.47754 -0.0746811 -3.17752
4.47791 -1.23215 -2.19671
4.47827 -7.72651 -8.44327
4.47864 -13.5411 6.42079
4.47901 7.85487 8.33209
4.47938 0.62682 -13.5098
4.47974 -15.247 1.15331
4.48011 3.75326 9.56268
4.48048 1.85961 -5.02549
4.48085 -6.64364 4.69284
4.48121 7.92403 6.36521
4.48158 3.63779 -6.34001
4.48195 -8.48314 2.85778
4.48232 3.86538 12.4372
4.48268 13.4706 -1.41026
4.48305 -2.23164 -8.07862
4.48342 -5.64856 6.68536
4.48379 8.89066 2.89122
4.48415 1.19001 -6.04243
4.48452 0.0612076 4.16954
4.48489 8.3282 -6.61255
4.48526 -8.53126 -9.14519
4.48562 -1.6087 11.8787
4.48599 15.1048 -3.67166
4.48636 -5.1375 -14.2391
4.48673 -6.39265 6.64938
4.48709 8.30357 2.95599
4.48746 -0.904234 -5.37293
4.48783 -2.99122 4.20793
4.4882 6.71578 2.73471
4.48856 -0.528207 -7.55226
4.48893 -13.002 3.6449
4.4893 6.97251 15.7002
4.48967 15.0373 -13.0487
4.49003 -21.2622 -12.8851
4.4904 -6.1329 22.3748
4.49077 22.6171 -6.22168
4.49114 -13.7582 -18.9317
4.4915 -7.21697 13.8709
4.49187 14.3455 -8.33452
4.49224 -14.081 -9.95153
4.49261 0.66502 13.3158
4.49297 10.6689 -12.708
4.49334 -14.7632 -6.62146
4.49371 -0.2952 11.2895
4.49408 3.5318 -5.60547
4.49444 -7.4554 -0.782794
4.49481 -0.159812 3.46846
4.49518 -3.05678 -0.557324
4.49555 -4.05609 0.125948
4.49591 -7.23054 2.41456
4.49628 3.15312 11.8192
4.49665 9.09738 -11.5301
4.49702 -24.4481 -6.57377
4.49738 0.96598 30.6533
4.49775 27.6101 -11.1729
4.49812 -23.5815 -17.3502
4.49848 -4.82767 28.3678
4.49885 22.394 -4.80436
4.49922 -14.1155 -5.62475
4.49959 6.33282 17.6811
4.49995 9.43545 -10.9951
4.50032 -13.8279 6.95263
4.50069 12.5172 13.8208
4.50106 3.74897 -9.17639
4.50142 -4.21978 8.25465
4.50179 8.74305 0.578169
4.50216 -6.65854 -1.3032
4.50253 6.67145 10.3951
4.50289 7.13957 -7.99468
4.50326 -5.57106 2.2497
4.50363 9.51005 -1.82253
4.504 -8.53971 -7.52214
4.50436 3.76786 17.4583
4.50473 20.8741 -16.1589
4.5051 -21.8596 -15.2767
4.50547 0.727389 23.732
4.50583 19.3032 -12.567
4.5062 -15.466 -8.9325
4.50657 7.46569 9.6773
4.50694 2.02037 -15.343
4.5073 -13.256 8.69864
4.50767 16.9792 3.63712
4.50804 -3.61474 -15.4871
4.50841 -4.65929 10.3931
4.50877 9.76088 -7.28539
4.50914 -12.9174 -1.26757
4.50951 13.7067 14.2733
4.50988 9.17464 -21.9865
4.51024 -21.2126 0.461717
4.51061 12.2619 13.372
4.51098 5.06835 -15.2003
4.51135 -7.95781 2.13929
4.51171 8.05437 -5.37721
4.51208 -11.8815 -7.4974
4.51245 0.62475 11.4508
4.51282 6.44465 -12.1961
4.51318 -13.9852 -1.81574
4.51355 4.74634 5.34771
4.51392 -8.32654 -11.0068
4.51429 -10.0936 13.8066
4.51465 13.8845 -1.12292
4.51502 -14.9964 -9.81381
4.51539 -4.72124 17.0111
4.51576 8.09947 -7.15937
4.51612 -16.5419 5.50803
4.51649 15.1876 16.3785
4.51686 3.73889 -23.9325
4.51723 -25.999 10.8268
4.51759 20.9553 22.5368
4.51796 11.2144 -22.9179
4.51833 -18.036 -1.05567
4.5187 6.7701 11.0274
4.51906 5.32266 -5.19908
4.51943 0.488842 -2.89088
4.5198 -1.01264 -5.9719
4.52017 -2.83945 3.21863
4.52053 6.09228 -3.58896
4.5209 -9.58139 -6.56407
4.52127 0.876562 11.6318
4.52164 9.17431 -10.5324
4.522 -19.1166 -3.8128
4.52237 3.41767 17.2599
4.52274 6.94006 -10.8763
4.52311 -17.0576 5.4958
4.52347 12.1625 11.3456
4.52384 -3.07019 -17.2934
4.52421 -19.5884 17.2617
4.52458 22.2209 13.7484
4.52494 2.94927 -23.6769
4.52531 -20.0667 6.98415
4.52568 9.80035 16.6398
4.52605 10.9135 -7.58069
4.52641 -3.03888 -6.54656
4.52678 -4.1875 4.13745
4.52715 4.86327 6.01791
4.52752 3.85839 -6.72874
4.52788 -7.44054 2.44928
4.52825 8.36923 7.38467
4.52862 -1.14566 -14.2408
4.52899 -17.5872 7.53686
4.52935 13.1466 12.7534
4.52972 1.8361 -16.3026
4.53009 -15.6925 5.04042
4.53046 9.48323 6.20647
4.53082 -4.02128 -8.36807
4.53119 -3.61446 13.0251
4.53156 16.875 -2.6242
4.53193 -6.37127 -11.5194
4.53229 -4.5765 14.219
4.53266 15.2041 5.38974
4.53303 7.10161 -6.18752
4.5334 0.488699 -0.570659
4.53376 0.892593 5.36352
4.53413 9.40157 3.86406
4.5345 4.41444 -4.97043
4.53487 -0.504361 5.87474
4.53523 12.5201 -2.34028
4.5356 -7.06193 -13.2486
4.53597 -6.41965 15.1124
4.53634 20.6009 -1.07268
4.5367 -6.29562 -21.595
4.53707 -10.6351 6.61408
4.53744 8.71428 -1.19077
4.53781 -5.31607 -6.67971
4.53817 5.13234 0.505762
4.53854 0.726541 -16.5681
4.53891 -15.7577 2.42749
4.53928 9.25989 7.50481
4.53964 3.15899 -16.0136
4.54001 -10.9102 -0.877651
4.54038 1.62928 1.6548
4.54075 -3.90164 -5.37353
4.54111 -1.87501 0.555523
4.54148 -2.36701 -3.98934
4.54185 -4.10943 1.45557
4.54222 2.88246 -7.61953
4.54258 -14.5215 -6.08547
4.54295 -0.111147 14.9579
4.54332 14.4106 -12.9174
4.54369 -17.5625 -12.6316
4.54405 -3.10391 15.6606
4.54442 9.07024 -5.453
4.54479 -7.07412 -0.428208
4.54516 8.7911 2.71257
4.54552 -8.92494 -10.3673
4.54589 -11.0713 20.305
4.54626 21.5669 4.63356
4.54663 -9.84182 -16.1476
4.54699 -15.866 18.9615
4.54736 11.4653 7.23125
4.54773 -6.45091 -5.00445
4.5481 -5.25385 10.9042
4.54846 0.0680159 1.2858
4.54883 -5.43423 3.68481
4.5492 0.774434 2.77678
4.54957 -7.43219 4.45171
4.54993 6.16283 11.0706
4.5503 5.57581 -11.3396
4.55067 -16.6765 5.93479
4.55104 10.967 18.756
4.5514 8.57314 -11.5081
4.55177 -9.30465 5.39084
4.55214 11.3427 5.46289
4.55251 -7.05843 -7.70849
4.55287 0.133906 17.9342
4.55324 22.7503 -8.81673
4.55361 -15.3609 -16.5012
4.55398 -2.66786 17.7814
4.55434 20.2155 -8.37298
4.55471 -6.67398 -11.6417
4.55508 5.25089 4.43813
4.55545 7.5704 -13.6002
4.55581 -5.06125 -1.88852
4.55618 9.05662 2.36506
4.55655 5.46924 -7.30383
4.55692 5.09764 -3.71559
4.55728 -1.87488 -7.10575
4.55765 -6.29948 11.3227
4.55802 18.2421 4.61164
4.55839 -1.21391 -16.0042
4.55875 -12.3046 12.4294
4.55912 10.8074 6.34641
4.55949 -6.13222 -4.23416
4.55986 1.94882 14.4586
4.56022 7.85984 -8.65929
4.56059 -19.1767 0.165972
4.56096 6.66916 17.5444
4.56133 7.36589 -12.3093
4.56169 -15.4653 2.55626
4.56206 9.45223 5.96375
4.56243 -3.67684 -16.4047
4.5628 -14.7617 8.67007
4.56316 11.4891 4.21605
4.56353 -0.170202 -16.2556
4.5639 -11.31 -3.99563
4.56427 -7.69246 2.09853
4.56463 0.947605 5.53017
4.565 8.41852 -10.652
4.56537 -16.2605 -12.1992
4.56574 -8.40768 13.3701
4.5661 10.5363 -3.40164
4.56647 -7.37733 -5.61455
4.56684 3.38793 5.62712
4.56721 0.0690318 -10.7756
4.56757 -8.10749 10.0886
4.56794 20.6343 6.34798
4.56831 -0.573114 -16.7561
4.56868 -5.93379 14.5239
4.56904 24.9958 1.69626
4.56941 -4.81767 -14.393
4.56978 -2.77046 18.5267
4.57015 24.9059 -1.31039
4.57051 -2.89498 -15.5874
4.57088 -8.21867 8.39039
4.57125 6.54959 5.49307
4.57162 7.54395 -3.19035
4.57198 -1.26768 -11.1993
4.57235 -16.492 0.970944
4.57272 3.18446 11.7933
4.57309 4.63629 -10.7924
4.57345 -14.6904 0.143176
4.57382 1.61658 4.68875
4.57419 -9.98092 -7.76
4.57456 -8.96131 17.4326
4.57492 14.6566 -1.75113
4.57529 -18.823 -13.6049
4.57566 -9.93831 23.411
4.57603 15.5589 -3.00233
4.57639 -18.5968 -9.39262
4.57676 -1.07456 18.3541
4.57713 12.1194 -12.2583
4.5775 -20.1354 -7.57617
4.57786 -0.521963 13.9025
4.57823 11.3313 -8.42389
4.5786 -4.52609 -10.4299
4.57897 -6.20353 -4.55289
4.57933 -3.8269 3.11229
4.5797 12.3346 1.1889
4.58007 0.26518 -15.092
4.58044 -10.3445 4.75438
4.5808 12.0738 2.89806
4.58117 -4.40004 -7.29303
4.58154 -0.203068 17.0559
4.58191 18.5812 -5.48911
4.58227 -13.6692 -7.02245
4.58264 1.68287 25.4475
4.58301 17.8242 -2.42843
4.58338 -8.86248 1.18598
4.58374 12.1951 16.0222
4.58411 4.74532 -10.2455
4.58448 -14.924 14.7277
4.58485 21.2339 17.9268
4.58521 8.14123 -16.0126
4.58558 -15.9307 4.22833
4.58595 3.86767 12.8413
4.58632 5.64016 0.971062
4.58668 3.07766 -2.36329
4.58705 -6.49707 -7.74871
4.58742 -7.13992 6.64274
4.58779 8.60053 -1.00625
4.58815 -7.56922 -10.6943
4.58852 -2.53411 5.26659
4.58889 8.82132 -11.7068
4.58926 -13.76 -9.10914
4.58962 1.42865 7.69071
4.58999 8.39956 -13.2994
4.59036 -6.05289 -4.47643
4.59073 8.42788 -3.43798
4.59109 -8.16869 -15.8575
4.59146 -5.80893 13.982
4.59183 25.7071 -3.54447
4.5922 -8.81423 -26.9113
4.59256 -17.7976 12.4693
4.59293 18.0126 9.08635
4.5933 4.5061 -13.9143
4.59367 -8.43899 -1.30538
4.59403 -0.825787 2.87472
4.5944 1.11508 3.74297
4.59477 3.66475 0.80374
4.59514 -1.89792 -1.55105
4.5955 0.659952 3.84615
4.59587 0.848203 -0.345186
4.59624 -3.86132 5.06999
4.59661 6.44106 4.24362
4.59697 0.072209 -3.92428
4.59734 -2.85851 6.32909
4.59771 4.69084 -1.34828
4.59808 -9.31161 -0.593467
4.59844 2.88478 15.2431
4.59881 11.2157 -10.3273
4.59918 -20.4565 -10.1332
4.59955 -7.76153 21.3522
4.59991 15.644 -0.0669466
4.60028 -9.86801 -16.5106
4.60065 -15.3858 6.15756
4.60102 3.28474 7.01652
4.60138 -0.444987 -5.69741
4.60175 -6.60984 -1.16029
4.60212 2.64142 1.71324
4.60249 0.592737 -5.77613
4.60285 -7.65245 2.7783
4.60322 8.71327 8.08743
4.60359 10.4336 -9.66314
4.60396 -7.74375 -2.94812
4.60432 3.36053 8.13767
4.60469 7.19327 -4.714
4.60506 -0.215697 0.863188
4.60543 9.06335 -2.06647
4.60579 -3.67114 -13.4467
4.60616 -8.42558 5.96953
4.60653 12.3848 4.09212
4.6069 4.01628 -15.3516
4.60726 -10.1502 -6.05257
4.60763 -2.92491 5.97556
4.608 5.43652 2.27467
4.60837 0.623327 -6.54464
4.60873 -8.1456 2.80626
4.6091 2.87724 9.22407
4.60947 -2.91438 -4.47002
4.60984 -13.8819 12.151
4.6102 11.5643 15.5646
4.61057 0.359349 -11.337
4.61094 -20.3957 8.39067
4.61131 4.98098 16.3199
4.61167 2.1701 -1.10929
4.61204 -1.14812 5.68265
4.61241 3.38342 -9.10308
4.61278 -16.7942 0.388102
4.61314 9.73029 20.835
4.61351 19.0363 -17.8799
4.61388 -17.2428 -12.6727
4.61425 2.4913 14.8924
4.61461 12.7588 -6.99442
4.61498 -2.94048 -4.18466
4.61535 7.1822 -0.282627
4.61572 -0.209906 -4.45435
4.61608 1.74462 5.909
4.61645 4.27977 -4.10092
4.61682 -5.13819 6.45824
4.61719 13.3007 7.09481
4.61755 -2.30528 -13.5027
4.61792 -12.9507 13.0215
4.61829 15.1726 9.66888
4.61866 -0.7553 -8.18228
4.61902 1.27982 6.84545
4.61939 6.00259 -11.5156
4.61976 -16.8699 6.82839
4.62013 24.1949 17.7795
4.62049 15.3396 -35.228
4.62086 -30.0343 0.282023
4.62123 20.7412 24.4559
4.6216 17.3718 -28.7039
4.62196 -18.4243 -3.3825
4.62233 13.7782 8.84726
4.6227 0.418524 -18.4757
4.62307 -11.3904 2.84218
4.62343 7.70535 -0.896631
4.6238 -5.1427 -8.85952
4.62417 -5.01031 -3.8009
4.62454 -10.9212 -7.99433
4.6249 -6.68062 9.23946
4.62527 8.8586 -7.90354
4.62564 -18.2731 -13.3199
4.62601 -4.27807 13.296
4.62637 6.45122 -10.8237
4.62674 -19.7858 4.00277
4.62711 17.0533 14.9129
4.62748 1.35366 -27.8263
4.62784 -32.7551 17.2585
4.62821 27.0171 25.5777
4.62858 6.20967 -30.8786
4.62895 -29.7088 13.1944
4.62931 18.5708 18.4986
4.62968 -1.94609 -20.1746
4.63005 -17.2987 14.2975
4.63042 15.6456 8.10217
4.63078 -3.11008 -15.7671
4.63115 -13.1582 3.35136
4.63152 -0.695224 10.7934
4.63189 9.35083 5.95321
4.63225 4.84702 -14.6981
4.63262 -20.9364 -0.146029
4.63299 5.22963 25.8611
4.63336 16.0024 -9.42593
4.63372 -15.8548 -2.2062
4.63409 8.37148 16.2722
4.63446 1.75235 -11.1271
4.63482 -16.1186 15.3016
4.63519 24.1638 11.1824
4.63556 -1.06445 -23.3408
4.63593 -18.9833 15.877
4.63629 21.7006 8.50153
4.63666 -1.44318 -19.075
4.63703 -8.03576 13.1082
4.6374 19.9731 -0.64417
4.63776 -3.28072 -19.2872
4.63813 -9.49708 6.88262
4.6385 11.8621 8.22979
4.63887 14.5195 -10.1299
4.63923 -2.4743 -17.7291
4.6396 -14.1328 5.82201
4.63997 14.9064 15.5331
4.64034 17.6116 -18.1539
4.6407 -13.2684 -9.88443
4.64107 -0.363339 12.2725
4.64144 7.815 -2.46212
4.64181 0.219693 -0.27882
4.64217 5.31297 -1.28356
4.64254 -7.50129 -4.70719
4.64291 -4.63089 8.41149
4.64328 5.28889 -1.00359
4.64364 -8.51747 -2.1078
4.64401 -3.14377 5.94028
4.64438 -0.606907 -6.71879
4.64475 -12.9157 -0.79898
4.64511 -4.79854 9.57392
4.64548 2.6577 -0.988045
4.64585 -2.73199 -8.06838
4.64622 -10.8624 -2.32229
4.64658 -6.44158 9.8455
4.64695 9.6279 3.1774
4.64732 3.91301 -11.1318
4.64769 -8.77375 -2.86015
4.64805 -3.08061 8.15035
4.64842 10.9965 5.17043
4.64879 10.7957 -10.5413
4.64916 -9.63066 -6.84236
4.64952 0.820252 13.0318
4.64989 16.1634 -5.37691
4.65026 -8.31731 -8.25439
4.65063 1.75873 12.7427
4.65099 13.0625 -11.3131
4.65136 -16.8941 -7.08257
4.65173 -0.929553 19.5868
4.6521 15.2531 -6.63695
4.65246 -9.8937 -11.95
4.65283 -9.0743 8.56713
4.6532 1.78304 6.75306
4.65357 5.75473 -0.0998369
4.65393 0.834381 -5.89987
4.6543 -5.73655 5.03755
4.65467 6.28859 4.89934
4.65504 -0.0301303 -2.32822
4.6554 6.22494 12.2318
4.65577 15.3669 -9.19278
4.65614 -17.7309 -7.30303
4.65651 5.97851 24.7091
4.65687 23.0626 -15.2819
4.65724 -23.8349 -10.2551
4.65761 7.26212 20.6569
4.65798 13.2429 -26.8927
4.65834 -34.8053 -2.21809
4.65871 12.6313 25.8655
4.65908 16.1491 -32.5047
4.65945 -35.4167 -12.1863
4.65981 -6.25079 23.1734
4.66018 11.8553 -3.29425
4.66055 -2.59772 -11.2058
4.66092 -14.4449 -4.93285
4.66128 -11.7897 15.8183
4.66165 15.3718 6.38202
4.66202 -5.69477 -12.3084
4.66239 -7.93975 17.5645
4.66275 17.417 -3.11444
4.66312 -16.8225 -7.08886
4.66349 7.0174 29.3851
4.66386 25.3561 -18.0102
4.66422 -24.0076 -8.33598
4.66459 16.5946 25.6009
4.66496 16.3578 -27.3031
4.66533 -27.7422 6.78235
4.66569 32.9529 21.6222
4.66606 12.0661 -40.5063
4.66643 -36.5675 7.86361
4.6668 20.1113 27.1786
4.66716 16.5765 -19.0185
4.66753 -11.9151 -4.10168
4.6679 -7.83526 4.90217
4.66827 -5.61463 14.3881
4.66863 16.2869 5.17681
4.669 -9.87207 -15.4944
4.66937 -15.9482 18.5837
4.66974 16.2322 1.20369
4.6701 -16.5003 -9.8392
4.67047 1.02724 22.9073
4.67084 18.5254 -19.3863
4.67121 -26.0741 -7.99529
4.67157 11.6168 21.6307
4.67194 12.0919 -25.9952
4.67231 -19.4061 3.58446
4.67268 26.9005 5.95516
4.67304 -6.31217 -34.6862
4.67341 -22.2385 19.4821
4.67378 34.0808 5.43372
4.67415 -5.28377 -31.4741
4.67451 -18.4686 10.7715
4.67488 9.93394 1.35163
4.67525 -6.28017 -2.10174
4.67562 5.42489 4.53397
4.67598 -7.95204 -14.259
4.67635 -14.5797 13.0825
4.67672 12.4336 3.70408
4.67709 -13.3051 -8.52613
4.67745 -1.17557 15.6881
4.67782 10.9551 -13.2575
4.67819 -22.6409 1.20096
4.67856 10.1774 22.6799
4.67892 11.9375 -14.9468
4.67929 -11.5984 5.13765
4.67966 11.6113 6.49726
4.68003 -10.6827 -4.9124
4.68039 4.23815 27.1698
4.68076 26.8924 -11.74
4.68113 -27.4503 -12.9366
4.6815 -3.02229 33.9628
4.68186 24.7122 -6.50816
4.68223 -14.8942 -9.30985
4.6826 1.84622 11.9424
4.68297 4.03248 -9.54891
4.68333 -6.80954 6.20246
4.6837 12.1526 1.27789
4.68407 -1.8578 -9.42809
4.68444 4.41457 5.76088
4.6848 6.23998 -10.0048
4.68517 -11.528 3.3788
4.68554 15.2935 10.825
4.68591 9.00648 -15.3824
4.68627 -10.9999 -1.74402
4.68664 -1.2571 1.28756
4.68701 -3.84823 4.88097
4.68738 17.5248 4.71004
4.68774 -0.0728049 -30.8252
4.68811 -32.8812 4.47945
4.68848 20.2527 24.1075
4.68885 17.1703 -28.8291
4.68921 -23.7855 -7.64832
4.68958 7.69671 11.2158
4.68995 5.83956 -11.7719
4.69032 -5.02833 4.11094
4.69068 10.1002 -1.32825
4.69105 -2.68426 -7.51366
4.69142 -0.895909 4.34061
4.69179 -1.74355 -2.86855
4.69215 -5.49794 6.28172
4.69252 7.97167 0.701819
4.69289 -7.52911 -11.0388
4.69326 -13.112 2.24387
4.69362 -6.15951 2.55548
4.69399 -2.53168 7.48715
4.69436 8.66039 -10.359
4.69473 -24.5381 -20.3516
4.69509 -19.583 27.0724
4.69546 26.8072 4.5454
4.69583 -12.3362 -28.8093
4.6962 -20.7135 17.1482
4.69656 16.0579 7.77578
4.69693 -9.05022 -7.25865
4.6973 -1.80051 17.0831
4.69767 14.0137 -2.58472
4.69803 -9.52274 -0.610821
4.6984 0.15441 15.2765
4.69877 7.64378 4.14557
4.69914 6.71397 5.18884
4.6995 5.53581 -2.66662
4.69987 -7.02468 2.26244
4.70024 7.7154 9.54184
4.70061 7.98685 -3.4458
4.70097 3.88459 2.79177
4.70134 9.06534 -11.2488
4.70171 -16.3742 -3.18896
4.70208 11.1628 25.5708
4.70244 25.4796 -22.0605
4.70281 -29.1001 -14.0754
4.70318 3.06241 31.7543
4.70355 21.6293 -15.5579
4.70391 -25.6916 -6.05584
4.70428 7.70386 24.2338
4.70465 11.6858 -17.7229
4.70502 -25.3668 -1.55385
4.70538 3.53211 19.2554
4.70575 12.2922 -5.33578
4.70612 -1.90963 -7.97258
4.70649 -7.39082 -5.93608
4.70685 -3.82333 9.62626
4.70722 19.9375 2.83696
4.70759 3.00074 -19.4131
4.70796 -6.0722 -0.685457
4.70832 8.10185 -4.67846
4.70869 -5.79405 0.6902
4.70906 18.4255 6.6598
4.70943 6.14815 -34.4245
4.70979 -34.052 4.54159
4.71016 20.5705 26.2913
4.71053 10.3543 -35.7993
4.7109 -36.3056 1.60568
4.71126 15.3751 21.6607
4.71163 0.927161 -27.6217
4.712 -31.5667 8.11368
4.71237 12.1912 20.7239
4.71273 7.44498 -12.8885
4.7131 -13.8173 -3.63438
4.71347 -9.74846 9.29915
4.71384 4.52324 19.8409
4.7142 21.3154 -1.05592
4.71457 -8.12184 -14.9093
4.71494 -9.09623 18.8285
4.71531 15.5754 9.25643
4.71567 2.14024 -0.136113
4.71604 13.1862 2.12996
4.71641 -3.19462 -17.6242
4.71678 -19.2167 18.0009
4.71714 28.0668 11.1707
4.71751 0.117495 -32.9174
4.71788 -25.1134 11.4041
4.71825 17.6706 6.07901
4.71861 -9.8546 -25.1834
4.71898 -15.5456 14.2439
4.71935 17.2114 -0.25173
4.71972 -9.76701 -20.8982
4.72008 -13.5359 2.86184
4.72045 0.154634 4.34933
4.72082 5.46877 4.39686
4.72119 10.7318 -14.2925
4.72155 -15.5527 -12.0045
4.72192 -0.971776 20.6718
4.72229 21.9612 -3.1627
4.72266 -1.37505 -12.399
4.72302 3.85551 2.46428
4.72339 0.905447 -5.09562
4.72376 -0.442387 10.0669
4.72413 19.2183 -3.63277
4.72449 -6.94657 -13.8674
4.72486 -3.30908 12.2286
4.72523 9.73852 -8.33732
4.7256 -15.9842 0.463659
4.72596 10.4893 17.837
4.72633 6.42489 -21.0349
4.7267 -28.7367 2.55124
4.72707 4.19347 24.7309
4.72743 4.99286 -5.65381
4.7278 -11.2492 2.31837
4.72817 -2.88107 1.21035
4.72854 -17.868 6.38071
4.7289 1.34231 20.3826
4.72927 9.85964 -11.0386
4.72964 -17.851 -4.95818
4.73001 -4.91321 14.835
4.73037 3.07013 1.60137
4.73074 3.07235 0.513489
4.73111 0.553513 -6.06197
4.73148 -10.4912 7.06766
4.73184 12.8355 6.37092
4.73221 -4.08683 -16.1488
4.73258 -13.3893 22.3865
4.73295 32.2299 4.38099
4.73331 -12.7933 -36.2916
4.73368 -29.3278 28.9119
4.73405 37.6717 17.7586
4.73442 5.26088 -35.6236
4.73478 -19.753 3.93545
4.73515 11.2934 7.61943
4.73552 3.17107 -3.08574
4.73589 14.9251 1.42244
4.73625 8.82163 -19.9812
4.73662 -12.2189 -0.34894
4.73699 11.6503 9.65645
4.73736 13.7286 -7.8911
4.73772 6.60068 -6.57722
4.73809 -3.82042 -9.46584
4.73846 -5.64773 10.8167
4.73883 21.6136 0.481781
4.73919 -10.9136 -17.9875
4.73956 -9.79488 25.1589
4.73993 31.8505 -9.01555
4.7403 -29.8633 -26.9944
4.74066 -17.4015 47.2619
4.74103 46.9859 -1.8942
4.7414 -19.2838 -40.1196
4.74177 -25.4721 28.8206
4.74213 22.3397 11.3134
4.7425 -0.163798 -11.2696
4.74287 3.70746 2.14954
4.74324 -2.49041 -10.0215
4.7436 -12.3737 9.60201
4.74397 12.7129 5.4291
4.74434 0.274993 -11.0813
4.74471 -4.57391 -1.03817
4.74507 -7.43446 -9.55153
4.74544 -13.5506 7.8088
4.74581 12.2158 2.00853
4.74618 -11.4461 -20.3711
4.74654 -14.3352 11.6061
4.74691 11.9651 -7.73909
4.74728 -27.1608 -9.43664
4.74765 2.67452 32.4515
4.74801 30.2518 -21.2593
4.74838 -35.7919 -15.7473
4.74875 -4.25296 42.8004
4.74912 31.9091 -4.57031
4.74948 -10.9609 -10.0595
4.74985 1.24496 16.4308
4.75022 3.59 -2.87397
4.75059 -2.35472 10.4133
4.75095 16.7053 1.8698
4.75132 -4.89278 -10.7899
4.75169 -1.97322 4.47635
4.75206 5.54992 -11.3958
4.75242 -10.4764 -1.25225
4.75279 10.7876 2.53957
4.75316 2.47382 -25.0595
4.75353 -16.0188 -6.30264
4.75389 -0.981651 2.75749
4.75426 -1.62189 -2.14733
4.75463 9.83082 -4.90598
4.755 -7.60472 -23.8517
4.75536 -29.7416 14.194
4.75573 20.906 23.4862
4.7561 11.2814 -27.6564
4.75647 -29.6225 1.55851
4.75683 5.6602 21.5144
4.7572 6.54411 -7.61716
4.75757 -4.80966 7.20344
4.75794 11.3918 0.875623
4.7583 -5.73054 -7.79925
4.75867 1.37926 13.2425
4.75904 14.6505 -1.24471
4.75941 -3.72775 -2.91472
4.75977 8.20919 9.393
4.76014 11.2952 -7.91754
4.76051 -13.6974 -1.043
4.76088 -3.39912 21.574
4.76124 21.2488 6.10644
4.76161 -0.712992 -19.9416
4.76198 -35.8527 6.8344
4.76235 -0.871851 38.6332
4.76271 28.3189 -5.80802
4.76308 -23.3268 -21.9966
4.76345 -27.0631 26.7587
4.76382 15.4673 15.6604
4.76418 -0.0216724 -8.5394
4.76455 -7.78646 10.357
4.76492 6.42154 3.01596
4.76529 -5.16159 -2.316
4.76565 0.238691 15.4738
4.76602 16.9842 4.65814
4.76639 4.6583 -10.9611
4.76676 -3.6432 2.66565
4.76712 9.77781 4.25547
4.76749 3.24675 -9.25459
4.76786 0.872782 4.39036
4.76823 24.2624 -7.3557
4.76859 -5.9179 -34.63
4.76896 -24.4392 11.0952
4.76933 36.2157 14.5418
4.7697 18.6027 -46.7029
4.77006 -33.3981 -13.2777
4.77043 10.8705 19.34
4.7708 22.3036 -18.0654
4.77116 -6.82286 -11.4021
4.77153 4.87891 0.108711
4.7719 4.67081 -9.10578
4.77227 -2.7761 0.388689
4.77263 0.888503 5.63634
4.773 10.2685 1.88025
4.77337 6.56865 -14.8224
4.77374 -21.2167 -1.4648
4.7741 0.554517 23.4804
4.77447 17.6238 -11.006
4.77484 -15.3205 -11.2043
4.77521 -3.55498 7.75395
4.77557 -8.27823 -12.2502
4.77594 -14.6286 14.3994
4.77631 25.0526 -1.09634
4.77668 -18.8088 -36.609
4.77704 -32.5601 23.2384
4.77741 27.7231 10.7102
4.77778 -9.68257 -27.9537
4.77815 -20.6619 16.3014
4.77851 12.2032 1.14838
4.77888 -18.3018 -6.29027
4.77925 -7.12532 19.8042
4.77962 2.33478 -2.37351
4.77998 -11.5521 5.72524
4.78035 -0.00159119 -0.305165
4.78072 -26.6737 -4.07689
4.78109 -2.55713 30.7972
4.78145 27.8791 -14.6054
4.78182 -29.8029 -23.8145
4.78219 -13.4398 26.6452
4.78256 21.9141 2.15969
4.78292 4.6463 -4.01728
4.78329 9.49503 -7.31438
4.78366 -16.8587 -6.03004
4.78403 8.12886 39.4654
4.78439 42.5303 -7.61736
4.78476 -24.4644 -16.9851
4.78513 0.863443 42.566
4.7855 31.2883 -6.81269
4.78586 -26.6481 0.7811
4.78623 13.8819 34.2034
4.7866 16.7697 -22.3246
4.78697 -27.3609 5.19886
4.78733 13.3245 15.953
4.7877 -3.70131 -18.4096
4.78807 -4.10482 15.2189
4.78844 26.6711 -18.915
4.7888 -28.3822 -28.7622
4.78917 -6.77869 30.2774
4.78954 37.5879 -7.41007
4.78991 -3.45467 -30.0338
4.79027 -12.4852 -3.16655
4.79064 -6.17671 11.4869
4.79101 19.8228 18.2247
4.79138 17.0419 -27.8581
4.79174 -36.1188 -2.95292
4.79211 11.8717 39.4801
4.79248 17.6191 -23.7563
4.79285 -35.9849 6.40797
4.79321 28.358 29.3142
4.79358 8.4416 -40.9561
4.79395 -44.0434 12.8133
4.79432 31.4903 27.4821
4.79468 15.5722 -36.0247
4.79505 -18.6758 1.76778
4.79542 17.7611 -2.51762
4.79579 -7.97749 -18.4856
4.79615 5.4394 18.4994
4.79652 29.8363 -16.3819
4.79689 -13.643 -26.1786
4.79726 -10.5008 12.5514
4.79762 11.8709 11.1042
4.79799 13.0216 -3.77527
4.79836 -6.69428 -16.1434
4.79873 -23.8042 15.9418
4.79909 14.4089 22.1226
4.79946 -3.34213 -18.4761
4.79983 -26.6127 22.3326
4.8002 26.8955 15.5841
4.80056 -14.6839 -35.1036
4.80093 -38.1562 31.5026
4.8013 42.1155 24.3373
4.80167 8.12765 -45.4787
4.80203 -33.8799 0.959878
4.8024 15.7655 17.4191
4.80277 14.9569 -13.3689
4.80314 3.2102 -9.0689
4.8035 3.93649 -18.0222
4.80387 -10.7283 -8.09642
4.80424 3.38652 7.10961
4.80461 11.0588 -13.2728
4.80497 -5.97451 -21.2663
4.80534 -15.6478 -4.13399
4.80571 -3.68416 8.63564
4.80608 4.89701 -10.2267
4.80644 -17.5021 -9.40469
4.80681 -4.70256 19.0622
4.80718 10.5009 -7.75301
4.80755 -29.6665 -7.07177
4.80791 -8.00476 39.4724
4.80828 29.9894 3.30904
4.80865 -17.6542 -23.8736
4.80902 -29.4476 22.6922
4.80938 13.6212 27.704
4.80975 17.7267 -7.81361
4.81012 -8.72358 -17.2074
4.81049 -17.0421 6.63543
4.81085 6.89068 17.1711
4.81122 16.5901 -5.34042
4.81159 1.86324 -13.6602
4.81196 -8.61421 -2.7192
4.81232 -6.57038 13.9155
4.81269 14.2276 8.71247
4.81306 0.59473 -12.8869
4.81343 -19.0988 13.818
4.81379 9.27902 14.5434
4.81416 -10.9726 -14.5108
4.81453 -23.8378 26.1978
4.8149 23.4726 18.0319
4.81526 -4.66812 -28.1273
4.81563 -28.5514 9.74597
4.816 10.6264 20.5739
4.81637 12.1709 -1.91588
4.81673 12.7024 -8.52022
4.8171 -0.174645 -19.3138
4.81747 -8.90086 15.5642
4.81784 34.8498 14.5098
4.8182 22.0256 -27.3502
4.81857 -3.49336 -4.11298
4.81894 12.0374 5.34345
4.81931 6.70893 2.3625
4.81967 21.0802 4.51836
4.82004 9.04555 -17.6313
4.82041 -10.46 7.36616
4.82078 16.9248 2.6899
4.82114 -13.1626 -12.2091
4.82151 -1.35119 31.2579
4.82188 34.5277 -19.9243
4.82225 -41.0121 -32.0008
4.82261 -17.7024 48.0638
4.82298 39.4912 -6.4015
4.82335 -22.2931 -31.6989
4.82372 -10.5109 14.2296
4.82408 0.897187 -13.0901
4.82445 -20.3106 7.27361
4.82482 23.9367 1.69345
4.82519 -7.45508 -35.0952
4.82555 -24.7486 14.1323
4.82592 17.3085 0.731588
4.82629 -10.7131 -16.3273
4.82666 0.923283 14.8045
4.82702 8.43366 -15.511
4.82739 -21.7093 -3.27346
4.82776 4.0343 10.552
4.82813 -6.58491 -1.80462
4.82849 6.5386 16.5938
4.82886 13.9182 -32.5621
4.82923 -52.2967 -3.34435
4.8296 17.1277 58.1275
4.82996 46.5567 -42.0562
4.83033 -50.8664 -26.924
4.8307 1.98343 44.3913
4.83107 25.8164 -18.9956
4.83143 -16.8445 -0.303848
4.8318 24.2876 4.58813
4.83217 -13.2784 -26.5324
4.83254 -14.4702 31.3438
4.8329 38.1283 -2.28487
4.83327 -17.9921 -22.197
4.83364 -4.56661 29.7767
4.83401 22.3181 -10.6433
4.83437 -21.393 -2.8945
4.83474 3.88478 27.6022
4.83511 10.8281 -1.41122
4.83548 1.82765 0.0935467
4.83584 -6.96509 -9.4209
4.83621 -29.7761 27.66
4.83658 39.0155 31.2886
4.83695 13.278 -56.4193
4.83731 -63.8127 9.47771
4.83768 25.1992 46.7657
4.83805 20.3129 -44.8914
4.83842 -32.1377 -3.65648
4.83878 20.0539 1.18769
4.83915 -19.1777 -34.7773
4.83952 -11.3476 23.1544
4.83989 41.0609 -19.9913
4.84025 -24.6544 -38.3808
4.84062 -8.85962 21.6874
4.84099 23.6371 -13.3835
4.84136 -16.9716 -5.86426
4.84172 8.59351 20.5192
4.84209 9.78917 -11.1191
4.84246 -17.3298 2.54046
4.84283 -13.4101 19.6328
4.84319 0.22434 29.7117
4.84356 27.0789 -0.0207419
4.84393 -30.0496 -28.2859
4.8443 -40.1655 49.9324
4.84466 50.0126 23.9899
4.84503 -3.58855 -45.2222
4.8454 -31.8546 27.5838
4.84577 35.2656 8.09686
4.84613 -11.1063 -25.847
4.8465 -0.167765 35.3864
4.84687 42.6346 -9.96969
4.84724 -17.222 -27.0009
4.8476 -4.72787 25.2449
4.84797 19.7619 3.74244
4.84834 -1.4682 1.13286
4.84871 10.2566 -1.0739
4.84907 -10.0277 -12.1693
4.84944 -17.8531 17.9056
4.84981 5.28491 14.9375
4.85018 8.84365 -1.96779
4.85054 -1.89023 -18.7658
4.85091 -38.513 -0.250752
4.85128 3.24622 43.2118
4.85165 45.2783 -22.6374
4.85201 -32.9872 -36.6617
4.85238 -10.5797 37.6758
4.85275 45.2031 -13.2573
4.85312 -11.5179 -28.6635
4.85348 10.4297 20.4311
4.85385 38.3507 -22.1508
4.85422 -2.85556 -22.0814
4.85459 8.19564 8.7507
4.85495 17.7866 -1.28347
4.85532 21.7753 -5.60133
4.85569 8.16278 -26.8891
4.85606 -30.7068 -0.115236
4.85642 6.1432 27.5537
4.85679 19.6663 -18.5082
4.85716 -22.4025 -19.3238
4.85753 -27.3595 0.758921
4.85789 -22.5942 10.9767
4.85826 12.0356 11.6712
4.85863 0.57211 -35.8498
4.859 -52.0465 -3.6785
4.85936 4.21294 34.92
4.85973 19.6498 -20.0026
4.8601 -24.6696 -2.3004
4.86047 7.41784 15.2116
4.86083 1.05888 -11.7968
4.8612 -7.57456 15.2702
4.86157 12.2662 4.06123
4.86194 -8.10766 -0.0129971
4.8623 13.4813 9.13716
4.86267 -5.52297 -26.6762
4.86304 -37.7794 19.9193
4.86341 33.66 26.4801
4.86377 12.2358 -48.5226
4.86414 -49.4416 -5.8939
4.86451 -0.610172 30.5373
4.86488 17.907 -3.70496
4.86524 1.31319 -12.3373
4.86561 -17.2896 -11.0012
4.86598 -16.1715 22.1015
4.86635 22.3147 14.8321
4.86671 -4.66753 -11.7112
4.86708 -5.54596 20.0275
4.86745 20.0781 -6.94007
4.86782 -26.4981 -0.240801
4.86818 12.5751 43.2938
4.86855 37.9782 -23.516
4.86892 -24.2779 -11.6685
4.86929 14.6202 30.1179
4.86965 13.9322 -19.2507
4.87002 -14.3259 19.6641
4.87039 47.6618 14.7905
4.87076 -4.28988 -45.9358
4.87112 -47.2373 27.5737
4.87149 34.1055 37.9192
4.87186 19.6131 -31.1402
4.87223 -33.7435 -12.8826
4.87259 -19.5935 18.1596
4.87296 9.72529 10.3085
4.87333 2.57348 -22.4669
4.8737 -29.4949 -5.37323
4.87406 14.512 15.1453
4.87443 10.2227 -42.4379
4.8748 -47.9123 3.70801
4.87517 37.3797 41.7925
4.87553 39.0216 -57.7082
4.8759 -54.4907 -15.0582
4.87627 12.8408 44.9546
4.87664 31.4508 -22.0482
4.877 -12.0559 -0.890918
4.87737 18.3445 1.91798
4.87774 -18.4349 -23.2541
4.87811 -16.5428 37.9801
4.87847 43.8243 11.8855
4.87884 -4.13145 -38.5522
4.87921 -34.7501 9.88368
4.87958 9.92487 33.3223
4.87994 27.11 -1.10875
4.88031 -8.66557 -22.9035
4.88068 -20.0709 20.0292
4.88105 35.3791 18.5404
4.88141 1.74095 -36.81
4.88178 -35.2122 25.2995
4.88215 54.8199 28.6837
4.88252 16.5692 -60.2634
4.88288 -55.6927 10.4763
4.88325 30.3331 45.0721
4.88362 31.7344 -31.3026
4.88399 -22.3624 -13.8161
4.88435 -9.57697 4.15718
4.88472 -14.2882 5.62218
4.88509 7.92913 16.0178
4.88546 7.86349 -25.8275
4.88582 -35.9384 -16.9776
4.88619 -17.4742 19.5597
4.88656 8.08184 4.31434
4.88693 5.94238 -17.6814
4.88729 -12.9265 -21.6226
4.88766 -13.4354 13.4785
4.88803 25.9204 4.36282
4.8884 0.520091 -26.4346
4.88876 -3.85319 20.1912
4.88913 40.0539 -2.88236
4.8895 -17.1575 -33.8762
4.88987 -18.3765 34.0635
4.89023 43.7765 9.0701
4.8906 -3.03334 -34.9225
4.89097 -26.9949 -2.30806
4.89134 -11.418 2.85593
4.8917 -2.8466 12.9054
4.89207 18.1429 -15.273
4.89244 -29.9124 -37.8782
4.89281 -32.2221 25.6683
4.89317 21.8732 14.4522
4.89354 -8.30277 -14.6596
4.89391 -10.7868 15.7377
4.89428 1.75185 4.90038
4.89464 -19.6479 17.8348
4.89501 2.74441 30.1606
4.89538 3.64541 11.4636
4.89575 2.08673 14.8821
4.89611 -6.43509 -8.23678
4.89648 -34.1211 21.75
4.89685 30.4548 40.1123
4.89722 27.7609 -42.2027
4.89758 -41.12 -15.4894
4.89795 10.5775 24.9663
4.89832 16.9552 -17.3354
4.89869 3.65466 1.37629
4.89905 29.6634 -28.5497
4.89942 -31.0886 -29.1254
4.89979 -0.963226 44.6114
4.90016 50.0304 -21.6885
4.90052 -27.0683 -36.2013
4.90089 -3.21597 33.3794
4.90126 26.4817 -13.1334
4.90163 -24.3746 -9.66702
4.90199 7.72035 28.4078
4.90236 27.0151 -2.11672
4.90273 2.56767 -14.6952
4.9031 -18.9303 -4.37007
4.90346 -2.48139 44.3613
4.90383 65.7231 11.1761
4.9042 -3.04221 -63.4933
4.90457 -52.8445 31.4564
4.90493 53.018 41.6026
4.9053 19.5568 -45.3784
4.90567 -22.2249 5.1645
4.90604 21.9812 -7.45742
4.9064 -29.6629 -16.3304
4.90677 6.62361 37.1691
4.90714 35.4755 -40.9978
4.9075 -54.5332 -26.5737
4.90787 -4.55742 41.4098
4.90824 20.3817 -30.3779
4.90861 -42.5763 -9.53989
4.90897 1.86858 29.1114
4.90934 4.98484 -22.7957
4.90971 -33.0676 -9.75347
4.91008 -19.4386 19.5707
4.91044 4.9526 24.5818
4.91081 24.6557 -19.0616
4.91118 -39.4878 -37.3063
4.91155 -33.9825 57.1025
4.91191 61.9856 18.7649
4.91228 -4.10906 -58.2948
4.91265 -32.2115 23.3335
4.91302 32.9387 15.0942
4.91338 -6.11394 -10.403
4.91375 17.3011 25.5616
4.91412 29.0756 -27.9447
4.91449 -36.5103 0.807385
4.91485 18.2748 41.8512
4.91522 24.5942 -23.3744
4.91559 -22.7022 6.48906
4.91596 20.71 16.9044
4.91632 -6.13022 -26.1412
4.91669 -26.7513 24.6193
4.91706 27.5369 23.4178
4.91743 11.7856 -23.4884
4.91779 -19.9311 -10.4912
4.91816 -19.6824 17.998
4.91853 13.2461 30.09
4.9189 31.5537 -20.9027
4.91926 -28.1371 -29.2128
4.91963 -19.8402 31.3509
4.92 24.4832 0.94542
4.92037 -5.0971 -20.1117
4.92073 5.21643 2.16378
4.9211 2.88406 -24.1354
4.92147 -22.1286 -2.49775
4.92184 19.1706 9.75725
4.9222 11.067 -22.1544
4.92257 -8.52623 -1.90653
4.92294 10.8968 -14.6804
4.92331 -24.2754 -16.3726
4.92367 -5.84917 37.8315
4.92404 44.8392 -10.362
4.92441 -20.2033 -57.6492
4.92478 -52.2165 19.3817
4.92514 22.7602 40.0573
4.92551 33.7321 -34.9178
4.92588 -28.3926 -38.1267
4.92625 -22.3644 20.7197
4.92661 21.8097 10.5935
4.92698 6.9845 -17.1061
4.92735 -2.1083 2.41494
4.92772 7.03421 -0.967424
4.92808 -11.1601 0.623122
4.92845 0.283637 21.8048
4.92882 10.2871 7.46428
4.92919 -8.00859 7.08639
4.92955 0.0748899 10.6314
4.92992 -12.7469 -1.01089
4.93029 -26.5371 28.9157
4.93066 16.8674 32.0664
4.93102 20.819 -23.8328
4.93139 -40.831 -18.9164
4.93176 -32.6776 52.5684
4.93213 53.3508 30.2956
4.93249 24.2766 -60.5508
4.93286 -61.0054 -4.87772
4.93323 12.8137 59.313
4.9336 50.482 -29.0182
4.93396 -22.5772 -25.8756
4.93433 9.39131 22.487
4.9347 15.8302 -27.8301
4.93507 -20.9498 -0.702704
4.93543 28.887 14.2362
4.9358 8.80524 -32.0559
4.93617 -17.5982 1.8336
4.93654 15.4039 -1.92092
4.9369 -15.171 -7.68157
4.93727 4.00706 29.9388
4.93764 28.9303 -15.9187
4.93801 -26.5313 -18.6876
4.93837 -18.897 30.8984
4.93874 15.1833 22.6187
4.93911 27.6473 -2.32703
4.93948 -3.63809 -33.3111
4.93984 -45.1804 20.6117
4.94021 41.349 49.8761
4.94058 42.1307 -47.5627
4.94095 -44.712 -6.34496
4.94131 26.3733 34.8142
4.94168 15.7808 -39.9
4.94205 -32.2136 22.1721
4.94242 42.5761 15.9828
4.94278 -13.6783 -55.4055
4.94315 -44.6605 20.6558
4.94352 13.2434 7.5881
4.94389 -29.6244 -16.483
4.94425 1.54148 10.9747
4.94462 -4.13121 -51.1237
4.94499 -73.2434 9.3933
4.94536 23.6314 51.5036
4.94572 32.8467 -47.9378
4.94609 -38.9687 -12.4589
4.94646 -0.567366 28.3458
4.94683 7.44331 14.2547
4.94719 31.7815 21.3389
4.94756 18.0012 -22.7239
4.94793 -29.7261 20.8396
4.9483 38.3514 31.8275
4.94866 4.76163 -33.9035
4.94903 -22.5803 33.8196
4.9494 59.5744 -5.94502
4.94977 -24.9768 -68.6203
4.95013 -35.3443 35.1351
4.9505 51.7199 -7.06192
4.95087 -6.0712 -46.1519
4.95124 11.3022 -1.55265
4.9516 -3.39057 -46.8135
4.95197 -47.2801 32.6892
4.95234 76.0113 40.9807
4.95271 16.9242 -80.9599
4.95307 -87.9659 25.3978
4.95344 28.2089 74.0971
4.95381 27.4796 -19.1107
4.95418 -30.5227 6.3788
4.95454 -14.9416 14.483
4.95491 -17.8133 14.5431
4.95528 11.0171 10.0239
4.95565 -17.5985 -19.276
4.95601 -14.0482 21.5032
4.95638 37.0117 -27.847
4.95675 -43.4277 -44.0827
4.95712 -14.0742 47.8477
4.95748 59.2423 -25.8853
4.95785 -25.0297 -51.6049
4.95822 -11.1683 16.3345
4.95859 0.475691 -19.3465
4.95895 -22.2063 23.1529
4.95932 53.8066 4.70767
4.95969 -26.768 -70.6856
4.96006 -73.6435 51.6059
4.96042 58.7522 53.3023
4.96079 12.4368 -52.7615
4.96116 -54.1788 13.0843
4.96153 8.08735 36.386
4.96189 5.47158 2.9997
4.96226 -4.29578 12.6662
4.96263 2.31798 6.25881
4.963 8.65863 8.5254
4.96336 6.21335 -7.6158
4.96373 -22.2745 12.9231
4.9641 33.3785 35.3214
4.96447 42.656 -34.83
4.96483 -35.0386 -10.9074
4.9652 5.23568 45.4069
4.96557 34.4893 0.915182
4.96594 6.92151 4.08012
4.9663 10.7602 -3.05596
4.96667 -33.0782 -6.7871
4.96704 -6.67287 51.1301
4.96741 47.9643 -3.23414
4.96777 -27.2776 -43.3271
4.96814 -32.849 23.0797
4.96851 25.67 4.53262
4.96888 -2.78211 -25.1912
4.96924 -4.78473 2.34816
4.96961 24.6054 -13.8601
4.96998 -0.458662 -33.3498
4.97035 -22.1558 2.83419
4.97071 23.4629 24.823
4.97108 43.7769 -31.099
4.97145 -27.9106 -43.9865
4.97182 -33.3559 24.6385
4.97218 27.6041 16.4367
4.97255 16.7129 -24.7633
4.97292 -8.06647 -27.1656
4.97329 -28.8659 -17.9147
4.97365 -11.9572 31.8343
4.97402 50.3415 7.27225
4.97439 1.2049 -54.915
4.97476 -40.2348 10.2515
4.97512 29.0383 35.5229
4.97549 20.59 -16.6798
4.97586 -18.4306 4.31481
4.97623 12.8141 24.1263
4.97659 18.1242 -7.27264
4.97696 -31.3261 -12.4023
4.97733 -32.1439 40.9954
4.9777 46.6796 24.4001
4.97806 3.40595 -67.0209
4.97843 -89.571 0.981941
4.9788 6.53803 63.7118
4.97917 36.9522 -33.6793
4.97953 -38.1042 -24.8647
4.9799 -11.7663 2.59957
4.98027 -29.933 -9.99209
4.98064 -3.76404 50.8997
4.981 58.5161 -19.4683
4.98137 -48.212 -53.2849
4.98174 -35.1833 67.8024
4.98211 61.0027 16.2641
4.98247 -10.5597 -37.4191
4.98284 -12.4527 29.235
4.98321 31.5757 5.06498
4.98358 -0.569201 -16.6268
4.98394 -6.25194 2.74574
4.98431 14.7995 21.6363
4.98468 54.3131 -9.14692
4.98505 -11.0215 -69.9874
4.98541 -56.6434 34.9463
4.98578 80.7083 48.2659
4.98615 30.6843 -89.1697
4.98652 -73.4901 -1.51255
4.98688 30.7356 37.0166
4.98725 -0.877084 -33.6951
4.98762 -21.4186 31.7665
4.98799 36.6863 -24.2084
4.98835 -62.1657 -35.6574
4.98872 -19.4216 73.7756
4.98909 47.5347 -14.8709
4.98946 -44.5389 -25.1261
4.98982 -1.0402 41.6132
4.99019 7.80379 -17.508
4.99056 -36.4243 20.5843
4.99093 28.8977 30.277
4.99129 9.41101 -19.3333
4.99166 -10.9653 2.54371
4.99203 -14.0925 -6.32399
4.9924 -17.629 42.2019
4.99276 67.3009 7.46447
4.99313 -19.8299 -89.8585
4.9935 -78.3412 41.8361
4.99387 64.318 42.8313
4.99423 3.97067 -72.2869
4.9946 -45.4465 10.7477
4.99497 22.8673 -2.82716
4.99534 -37.7688 -18.0739
4.9957 1.5261 36.0078
4.99607 23.0697 -35.1416
4.99644 -38.2254 5.07406
4.99681 27.1321 23.2484
4.99717 -16.4459 -36.1675
4.99754 -19.9193 63.8234
4.99791 91.9861 16.4247
4.99828 -11.6731 -63.5312
4.99864 -36.7801 56.7759
4.99901 65.6106 47.8979
4.99938 38.217 -0.0121818
4.99975 28.5562 -1.8453
5.00011 -15.6724 -17.1291
5.00048 -14.6448 66.8941
5.00085 77.4828 21.4853
5.00122 -3.35781 -65.459
5.00158 -43.5668 13.9391
5.00195 12.5993 6.83414
5.00232 -11.4517 -15.4558
5.00269 12.2793 -15.1496
5.00305 -19.0248 -52.0812
5.00342 -32.4496 11.5973
5.00379 36.7997 -25.3066
5.00416 -46.444 -50.689
5.00452 -7.19225 65.5195
5.00489 85.5096 -45.1323
5.00526 -75.2234 -80.7154
5.00563 -44.1855 99.4152
5.00599 97.1442 18.0884
5.00636 -7.05661 -77.9577
5.00673 -48.2875 9.58989
5.0071 3.31911 29.777
5.00746 17.9937 9.00116
5.00783 20.3887 -30.1424
5.0082 -18.3536 -30.8193
5.00857 -9.71502 5.23587
5.00893 -1.42557 -10.0557
5.0093 6.73143 4.17748
5.00967 35.6858 -30.4682
5.01004 -43.1375 -37.4008
5.0104 -19.6789 51.2864
5.01077 47.4924 -17.3509
5.01114 -51.8427 -23.014
5.01151 0.678495 68.2444
5.01187 39.2489 -45.2967
5.01224 -98.7303 -10.8845
5.01261 -0.411548 115.81
5.01298 78.7895 -28.8804
5.01334 -70.3811 -58.6564
5.01371 -57.0129 73.6547
5.01408 44.8349 43.2266
5.01445 20.3911 -35.4245
5.01481 -38.3949 -13.0945
5.01518 -12.8907 42.0278
5.01555 30.2643 -3.84568
5.01592 -26.2812 -20.8225
5.01628 4.78876 46.2551
5.01665 46.68 -32.9755
5.01702 -63.3283 -37.3164
5.01739 -6.52802 72.5549
5.01775 64.8629 -17.9591
5.01812 -39.2803 -35.7278
5.01849 0.629896 29.1515
5.01886 12.4801 -30.2891
5.01922 -38.5569 30.5123
5.01959 63.0465 34.6147
5.01996 22.916 -81.2474
5.02033 -68.7619 5.6614
5.02069 25.2893 69.5633
5.02106 63.9674 -19.2702
5.02143 2.76335 -52.6379
5.0218 -38.7834 3.9465
5.02216 18.9327 53.6433
5.02253 59.427 -28.4443
5.0229 -37.2267 -31.7935
5.02327 3.77972 62.0605
5.02363 51.6276 -30.0914
5.024 -67.136 -18.7816
5.02437 -0.410361 89.7354
5.02474 57.2644 -16.4815
5.0251 -48.3472 -29.4441
5.02547 -28.7285 38.1596
5.02584 -16.6561 21.0319
5.02621 7.8177 39.8736
5.02657 46.7778 -43.1444
5.02694 -70.5653 -49.5321
5.02731 -28.3191 80.4096
5.02768 88.1422 -2.55884
5.02804 8.83236 -66.0971
5.02841 -13.729 0.241094
5.02878 1.95704 3.06891
5.02915 20.4868 21.1642
5.02951 53.5869 -23.8656
5.02988 -30.5773 -37.0072
5.03025 -14.4803 35.2756
5.03062 29.1217 -28.2668
5.03098 -47.426 -17.6793
5.03135 8.05256 37.6866
5.03172 27.1862 -53.4186
5.03209 -45.675 -31.1647
5.03245 -6.64704 25.1435
5.03282 14.9845 14.1139
5.03319 51.3004 6.13711
5.03356 20.1087 -63.7147
5.03392 -76.155 28.1924
5.03429 64.4358 105.102
5.03466 89.9501 -65.5246
5.03503 -69.9326 -29.0751
5.03539 8.65119 69.554
5.03576 40.8129 -29.9956
5.03613 -24.5596 -6.34902
5.0365 29.4129 2.25959
5.03686 -6.11399 -59.5113
5.03723 -36.0796 -5.57694
5.0376 6.46689 2.45008
5.03797 -5.70156 -17.2645
5.03833 -3.16936 -26.2575
5.0387 -39.1349 -35.1302
5.03907 -51.3564 24.9587
5.03944 -4.61817 11.8475
5.0398 -21.8627 -16.8264
5.04017 -13.9625 -6.96667
5.04054 -51.536 -27.6003
5.04091 -62.6529 59.4054
5.04127 76.2336 35.7783
5.04164 -0.361371 -93.1857
5.04201 -101.171 41.8998
5.04238 60.4763 78.6374
5.04274 39.2306 -62.0846
5.04311 -54.2447 16.6215
5.04348 39.447 44.2439
5.04384 18.5526 -48.1722
5.04421 -44.7859 4.80619
5.04458 17.5422 45.8498
5.04495 51.2904 -21.4339
5.04531 -11.8966 -56.1939
5.04568 -53.8608 23.5181
5.04605 30.5695 64.564
5.04642 51.3055 -22.356
5.04678 -30.5281 -14.4162
5.04715 -24.1461 38.3619
5.04752 -18.5076 36.828
5.04789 15.5749 64.6317
5.04825 47.8372 -13.0082
5.04862 -76.2489 -30.3951
5.04899 -40.0334 102.712
5.04936 92.4802 24.0235
5.04972 -12.5004 -60.656
5.05009 -37.1164 41.1734
5.05046 60.0935 17.7012
5.05083 17.5702 -35.3828
5.05119 -13.0241 19.8477
5.05156 44.4197 24.6946
5.05193 55.6174 -43.5941
5.0523 -31.0209 -49.6142
5.05266 -35.1298 51.5418
5.05303 82.57 17.905
5.0534 27.0111 -96.4633
5.05377 -64.0559 -20.859
5.05413 -1.04164 24.5425
5.0545 17.4267 -7.28892
5.05487 39.384 -13.9827
5.05524 -0.0554334 -77.8433
5.0556 -84.6081 7.30713
5.05597 47.8151 75.3156
5.05634 61.9389 -70.8248
5.05671 -68.7931 -28.6594
5.05707 15.1773 48.3141
5.05744 26.3453 -34.6838
5.05781 -34.3832 8.12202
5.05818 32.9 24.0647
5.05854 23.7983 -31.0215
5.05891 -15.4057 -11.2934
5.05928 -27.3441 10.1795
5.05965 7.28546 48.2763
5.06001 65.4812 -15.4954
5.06038 -47.3469 -64.8259
5.06075 -66.1659 53.2025
5.06112 43.7384 24.2262
5.06148 -5.62022 -28.788
5.06185 -7.55868 2.80837
5.06222 -27.5283 -46.214
5.06259 -63.709 43.5521
5.06295 72.3851 44.3604
5.06332 -4.38231 -93.4631
5.06369 -86.8024 36.1091
5.06406 61.3569 39.151
5.06442 -28.207 -63.0332
5.06479 -54.6397 67.2129
5.06516 79.8532 -1.42829
5.06553 -42.0018 -87.2449
5.06589 -66.6148 45.5387
5.06626 43.0089 25.3054
5.06663 32.0325 -33.4736
5.067 6.60459 -49.2475
5.06736 -53.7974 -17.091
5.06773 19.2423 75.4329
5.0681 96.6583 -28.6948
5.06847 -37.9525 -53.2364
5.06883 -9.78817 57.0397
5.0692 35.2335 -1.28644
5.06957 -24.755 29.8616
5.06994 47.8148 22.6663
5.0703 -25.4066 -61.4182
5.07067 -52.6665 64.9841
5.07104 67.8803 9.76088
5.07141 -52.4492 -64.1985
5.07177 -14.4433 77.7934
5.07214 94.0699 -44.6985
5.07251 -95.3472 -73.1197
5.07288 -35.0915 110.183
5.07324 107.839 -2.8038
5.07361 -24.1955 -74.9206
5.07398 -67.1797 13.2223
5.07435 -32.5314 41.9244
5.07471 31.5186 48.6927
5.07508 32.4929 -61.2652
5.07545 -109.48 -39.7577
5.07582 -33.2821 90.8337
5.07618 56.9803 -5.45133
5.07655 -32.7393 -30.0369
5.07692 -6.07701 18.2657
5.07729 -9.70144 -8.40709
5.07765 -10.8146 46.3334
5.07802 46.8521 1.8734
5.07839 -22.1165 -15.4389
5.07876 27.6794 51.941
5.07912 46.0261 -57.2067
5.07949 -73.5729 -2.47242
5.07986 68.0283 98.386
5.08023 109.555 -82.1586
5.08059 -69.0716 -65.009
5.08096 -1.38405 72.2063
5.08133 75.4796 14.3621
5.0817 32.3165 -12.6979
5.08206 11.1938 -30.2809
5.08243 -52.6222 1.67215
5.0828 -6.42931 87.1814
5.08317 52.7115 1.84726
5.08353 -35.8843 -50.6446
5.0839 -48.8619 23.4646
5.08427 0.754455 27.2849
5.08464 5.86553 -4.07221
5.085 5.15024 -11.7297
5.08537 17.1328 5.83822
5.08574 35.8263 -13.1267
5.08611 -15.7767 -22.6448
5.08647 7.1643 69.1355
5.08684 116.128 10.5235
5.08721 -2.65447 -105.306
5.08758 -95.8227 33.7657
5.08794 59.9126 72.094
5.08831 51.7179 -88.3303
5.08868 -72.929 -67.5556
5.08905 -25.7327 1.93724
5.08941 2.36385 -44.8502
5.08978 -30.9112 -37.5222
5.09015 10.6717 -24.416
5.09052 -1.25498 -66.9736
5.09088 -62.8111 -14.4307
5.09125 0.306759 40.9154
5.09162 30.9723 -23.8151
5.09199 -36.4917 -1.54599
5.09235 3.84414 42.0944
5.09272 -2.63125 -25.9638
5.09309 -59.3645 49.5996
5.09346 69.9241 92.556
5.09382 60.9807 -77.8883
5.09419 -106.663 -25.1251
5.09456 -1.17743 135.884
5.09493 123.928 15.1504
5.09529 -5.94988 -95.1317
5.09566 -89.8819 15.7491
5.09603 16.0227 85.89
5.0964 59.3882 -31.436
5.09676 -61.6531 -64.9602
5.09713 -41.3986 42.2977
5.0975 35.1121 -22.2231
5.09787 -69.4107 -43.6149
5.09823 -19.801 64.1979
5.0986 53.7189 -29.0911
5.09897 -65.1961 -30.8334
5.09934 -11.5433 60.881
5.0997 9.24259 -9.94773
5.10007 -43.4199 61.6387
5.10044 81.8672 37.5283
5.10081 -27.9251 -105.279
5.10117 -119.956 83.974
5.10154 105.484 99.9572
5.10191 68.295 -118.373
5.10228 -70.9009 -49.3013
5.10264 -7.61746 43.4576
5.10301 51.0863 24.446
5.10338 83.5556 -50.3371
5.10375 -18.8522 -85.0128
5.10411 -35.898 60.235
5.10448 85.2055 9.31975
5.10485 -24.5764 -64.2045
5.10522 -13.3639 73.5564
5.10558 69.4674 -22.5157
5.10595 -84.3812 -44.431
5.10632 -21.2163 90.1763
5.10669 47.8236 -2.25491
5.10705 -30.4981 8.40009
5.10742 28.6605 -1.657
5.10779 -72.7727 -40.5501
5.10816 -37.4255 140.776
5.10852 145.53 -1.40846
5.10889 -69.6819 -126.523
5.10926 -87.5902 105.748
5.10963 83.2174 28.3695
5.10999 -27.2511 -44.043
5.11036 15.442 33.8091
5.11073 9.81223 -64.4481
5.1111 -80.125 23.5105
5.11146 60.4357 49.1152
5.11183 11.5366 -61.32
5.1122 -32.5923 30.4252
5.11257 43.5524 -24.1415
5.11293 -61.4162 -27.0063
5.1133 14.2347 93.5786
5.11367 80.4503 -39.2855
5.11404 -34.086 -53.8689
5.1144 -1.19973 9.99452
5.11477 -14.9217 12.4563
5.11514 67.9851 61.8401
5.11551 112.975 -120.171
5.11587 -126.667 -63.6258
5.11624 28.7679 171.886
5.11661 168.291 -86.0023
5.11698 -104.233 -92.9248
5.11734 11.2297 123.155
5.11771 87.729 -73.421
5.11808 -106.667 -33.0383
5.11845 27.2765 91.0475
5.11881 52.801 -61.9471
5.11918 -63.9619 -30.8874
5.11955 -14.5982 13.5252
5.11992 -20.8685 14.3972
5.12028 37.777 38.9538
5.12065 34.7995 -66.0069
5.12102 -76.8125 -14.3664
5.12139 -13.9033 71.2512
5.12175 26.7894 19.3064
5.12212 39.0576 -15.9943
5.12249 -29.3669 -95.0818
5.12286 -148.079 35.5271
5.12322 78.277 109.726
5.12359 88.0911 -175.528
5.12396 -189.563 -72.0886
5.12433 4.54548 121.32
5.12469 92.0409 -118.069
5.12506 -115.99 -63.7336
5.12543 8.29759 87.0494
5.1258 55.6962 -70.7564
5.12616 -83.5811 -41.4435
5.12653 -34.579 82.1542
5.1269 32.4151 49.0787
5.12727 18.4988 -19.1007
5.12763 -54.9226 -22.7748
5.128 -65.1201 84.5382
5.12837 44.3359 83.2072
5.12874 47.1461 -17.5342
5.1291 -9.55876 -17.4084
5.12947 -39.5348 24.9293
5.12984 1.09512 95.447
5.13021 121.761 30.8511
5.13057 21.2565 -95.2111
5.13094 -85.7633 39.8528
5.13131 66.4368 87.972
5.13168 58.2678 -47.5384
5.13204 -40.3503 -0.218216
5.13241 23.4125 25.3865
5.13278 5.89211 -42.9677
5.13315 -53.7531 9.44794
5.13351 0.575984 54.8965
5.13388 50.9676 -13.8672
5.13425 -21.6253 -67.6765
5.13462 -98.4118 26.9895
5.13498 3.07626 91.9265
5.13535 72.4075 -23.0988
5.13572 -21.7364 -65.5365
5.13609 -66.1282 11.8443
5.13645 -5.41949 55.372
5.13682 85.7765 6.26927
5.13719 36.6192 -83.951
5.13756 -51.0173 -5.89957
5.13792 63.6977 35.6582
5.13829 60.4468 -68.704
5.13866 -13.5388 16.2546
5.13903 99.8695 16.1658
5.13939 22.4514 -112.986
5.13976 -75.7352 22.3983
5.14013 56.6274 64.5879
5.1405 45.3054 -58.9044
5.14086 -28.5266 -50.8628
5.14123 -58.4341 -23.5194
5.1416 -60.2159 49.2729
5.14197 56.7098 30.3358
5.14233 7.81674 -93.023
5.1427 -105.498 -14.9951
5.14307 -36.1591 67.098
5.14344 34.8188 48.5526
5.1438 57.1276 -19.5636
5.14417 -71.4491 -58.2417
5.14454 -73.0357 128.609
5.14491 145.911 61.9369
5.14527 -38.7559 -112.254
5.14564 -108.861 135.872
5.14601 172.241 41.0406
5.14638 -57.924 -169.326
5.14674 -148.765 136.925
5.14711 167.728 60.748
5.14748 16.3802 -191.516
5.14785 -126.632 -6.86163
5.14821 7.19935 41.39
5.14858 39.1307 -25.1661
5.14895 59.2765 -69.4289
5.14932 -46.695 -94.2223
5.14968 -64.7788 50.5654
5.15005 72.463 31.623
5.15042 30.7649 -34.7431
5.15079 10.3845 -15.5671
5.15115 -57.0889 -32.429
5.15152 -39.9271 125.886
5.15189 157.077 26.5007
5.15226 -60.911 -138.377
5.15262 -98.8479 146.15
5.15299 180.839 22.4635
5.15336 -87.6212 -151.092
5.15373 -78.2594 174.618
5.15409 226.122 -8.30763
5.15446 -77.303 -192.811
5.15483 -133.214 119.772
5.1552 122.892 62.4498
5.15556 40.2102 -86.9878
5.15593 -45.9138 -47.5731
5.1563 -88.3222 -4.17354
5.15667 -4.3606 88.4281
5.15703 80.2157 -30.1299
5.1574 -84.5833 -61.668
5.15777 -45.4204 52.5213
5.15814 -7.87623 -21.6863
5.1585 -70.399 61.7488
5.15887 66.9623 35.5359
5.15924 -46.8511 -111.462
5.15961 -99.8988 76.0788
5.15997 71.4548 25.8214
5.16034 -64.45 -62.7921
5.16071 12.1008 86.1111
5.16108 108.894 -105.137
5.16144 -150.375 -72.5788
5.16181 9.94311 166.563
5.16218 176.689 -49.6067
5.16255 -38.3745 -101.428
5.16291 -44.1509 46.386
5.16328 9.97416 57.6367
5.16365 66.549 69.2399
5.16402 59.7738 -58.1245
5.16438 -103.293 -8.98848
5.16475 20.1002 131.339
5.16512 75.2911 -26.4247
5.16549 -68.0759 2.37929
5.16585 52.2045 71.8945
5.16622 52.6985 -58.8609
5.16659 -56.9757 -1.66661
5.16696 16.1998 50.0286
5.16732 70.9176 18.3172
5.16769 88.9475 -47.6858
5.16806 -68.5517 -102.445
5.16843 -98.7614 111.86
5.16879 173.06 72.2764
5.16916 30.4554 -181.969
5.16953 -174.696 -1.00393
5.1699 10.9644 89.8468
5.17026 23.8826 -26.1762
5.17063 -17.9129 -7.14776
5.171 -33.2935 -67.8563
5.17137 -114.235 6.18666
5.17173 31.449 86.1807
5.1721 54.9521 -79.5352
5.17247 -76.9833 -41.5953
5.17284 21.5633 54.4824
5.1732 67.6323 -36.4545
5.17357 -12.7011 -43.8318
5.17394 5.71867 43.8242
5.17431 121.428 30.4243
5.17467 66.429 -137.023
5.17504 -151.684 -25.0852
5.17541 56.0168 203.672
5.17578 216.934 -110.994
5.17614 -172.193 -197.783
5.17651 -133.026 165.629
5.17688 142.563 37.2617
5.17725 -40.8212 -118.183
5.17761 -76.1756 15.0588
5.17798 -12.9695 -9.08446
5.17835 -62.3283 50.1202
5.17872 32.172 74.7595
5.17908 19.9789 -26.7966
5.17945 -40.3156 32.3808
5.17982 -11.52 76.7014
5.18018 6.09889 70.9258
5.18055 47.267 30.8228
5.18092 1.81732 9.29528
5.18129 22.4406 43.5959
5.18165 13.1713 -68.7864
5.18202 -94.139 30.1698
5.18239 148.698 99.8043
5.18276 112.43 -251.135
5.18312 -242.085 -84.5071
5.18349 63.1338 197.352
5.18386 189.928 -161.816
5.18423 -143.872 -146.404
5.18459 -28.7441 68.9275
5.18496 27.6861 -56.6193
5.18533 -66.0334 -0.438499
5.1857 26.1714 10.3097
5.18606 -26.6349 -39.8538
5.18643 -37.3043 19.9273
5.1868 -39.8536 -14.7073
5.18717 -36.2151 80.209
5.18753 125.062 36.7163
5.1879 -6.65248 -116.554
5.18827 -89.5707 54.3066
5.18864 79.9236 81.2343
5.189 60.6737 16.9874
5.18937 87.151 -16.4063
5.18974 -39.8733 -131.334
5.19011 -133.988 135.863
5.19047 197.755 129.575
5.19084 27.7552 -237.269
5.19121 -230.423 30.8869
5.19158 72.1858 129.806
5.19194 -14.4547 -118.743
5.19231 -130.354 37.9335
5.19268 38.1482 12.7256
5.19305 -79.6801 -54.4379
5.19341 -59.4602 62.9821
5.19378 -18.6837 -12.7702
5.19415 -63.5374 80.5129
5.19452 102.461 46.2789
5.19488 -54.0248 -128.764
5.19525 -154.77 128.859
5.19562 134.922 154.861
5.19599 104.048 -99.5437
5.19635 -62.6136 -72.3316
5.19672 -77.0677 64.7188
5.19709 76.3491 154.708
5.19746 214.857 -90.7447
5.19782 -97.3287 -190.506
5.19819 -89.176 187.464
5.19856 234.604 33.6904
5.19893 -19.7823 -178.816
5.19929 -48.6458 113.185
5.19966 148.187 -6.60673
5.20003 -77.5108 -92.7254
5.2004 -7.64404 106.406
5.20076 116.281 -25.002
5.20113 -31.959 -28.9172
5.2015 34.5638 20.387
5.20187 -9.59843 -58.6304
5.20223 -40.7488 102.459
5.2026 143.674 51.2571
5.20297 28.5192 -150.01
5.20334 -131.719 -1.98675
5.2037 -4.8233 152.674
5.20407 141.772 25.1895
5.20444 14.1181 -177.52
5.20481 -207.988 -16.0809
5.20517 10.4093 176.5
5.20554 136.211 -117.653
5.20591 -147.452 -129.046
5.20628 -32.6202 101.634
5.20664 81.1872 -108.512
5.20701 -138.031 -83.238
5.20738 11.7246 117.449
5.20775 127.991 -89.4262
5.20811 -79.1215 -137.899
5.20848 -73.346 52.0894
5.20885 52.2312 72.9622
5.20922 76.1853 -23.7984
5.20958 0.928592 -95.7416
5.20995 -88.3756 -7.02609
5.21032 -32.3595 101.265
5.21069 69.0978 34.1552
5.21105 47.4229 -99.2194
5.21142 -107.402 -68.3866
5.21179 -83.4115 117.367
5.21216 110.768 26.5893
5.21252 -6.96036 -126.295
5.21289 -83.5034 59.2049
5.21326 77.2855 36.7092
5.21363 -32.0515 -81.3582
5.21399 -60.1519 108.896
5.21436 117.336 93.033
5.21473 39.4873 -62.9645
5.2151 -93.4261 -1.19819
5.21546 -79.8998 141.454
5.21583 88.9065 157.66
5.2162 118.545 -103.856
5.21657 -183.71 -110.084
5.21693 -126.367 202.925
5.2173 163.186 67.3579
5.21767 40.0805 -174.732
5.21804 -123.74 -79.5699
5.2184 -74.6678 50.8596
5.21877 106.404 23.9917
5.21914 90.7998 -178.663
5.21951 -141.357 -56.1892
5.21987 65.4652 118.003
5.22024 113.166 -178.682
5.22061 -195.851 -22.2316
5.22098 79.4097 208.246
5.22134 127.371 -168.925
5.22171 -202.138 -56.512
5.22208 -11.5136 170.405
5.22245 15.7954 -0.125319
5.22281 -21.1088 56.0219
5.22318 82.7956 -80.2848
5.22355 -194.48 -62.2403
5.22392 -29.8255 273.55
5.22428 290.592 -26.8459
5.22465 -41.1533 -207.074
5.22502 -128.805 122.528
5.22539 108.722 159.496
5.22575 182.051 -13.8984
5.22612 5.30197 -133.011
5.22649 -153.809 103.46
5.22686 172.503 157.737
5.22722 45.7568 -226.735
5.22759 -284.148 106.916
5.22796 216.244 194.456
5.22833 24.8276 -367.633
5.22869 -419.374 95.2337
5.22906 177.751 281.19
5.22943 107 -291.565
5.2298 -257.36 0.648897
5.23016 51.0304 138.747
5.23053 -42.2182 -51.8394
5.2309 2.31623 142.376
5.23127 172.962 -56.4958
5.23163 -131.066 -87.0995
5.232 -15.3144 170.925
5.23237 195.697 17.1164
5.23274 102.188 -57.935
5.2331 37.5146 -69.8034
5.23347 -26.4756 15.5335
5.23384 190.495 56.5062
5.23421 95.5195 -201.754
5.23457 -115.297 44.0307
5.23494 277.054 19.0071
5.23531 -43.9642 -376.925
5.23568 -330.078 206.016
5.23604 366.603 173.87
5.23641 37.5393 -508.927
5.23678 -458.834 38.4274
5.23715 115.472 277.298
5.23751 128.519 -170.33
5.23788 -121.394 -46.5051
5.23825 -60.1739 35.918
5.23862 -88.2117 93.0046
5.23898 92.3378 114.563
5.23935 14.7836 -76.9368
5.23972 -109.399 86.558
5.24009 103.408 54.948
5.24045 -44.5877 -78.3747
5.24082 -67.8684 120.468
5.24119 96.1638 -27.3776
5.24156 -39.3607 -124.012
5.24192 -15.1342 -54.9357
5.24229 -115.421 -117.039
5.24266 -84.1582 107.492
5.24303 257.836 -78.7947
5.24339 -144.946 -362.48
5.24376 -367.378 162.299
5.24413 180.724 206.235
5.2445 116.443 -236.159
5.24486 -224.316 -85.5859
5.24523 -139.377 150.177
5.2456 66.9904 168.941
5.24597 156.799 -15.9121
5.24633 -130.198 -84.7352
5.2467 -117.245 238.187
5.24707 242.869 80.4778
5.24744 -24.1412 -177.768
5.2478 -111.41 188.598
5.24817 303.671 110.768
5.24854 77.2295 -238.364
5.24891 -222.143 75.7158
5.24927 115.789 244.25
5.24964 224.469 -118.068
5.25001 -119.428 -189.478
5.25038 -170.57 105.921
5.25074 91.4668 143.129
5.25111 83.5778 -28.5474
5.25148 -100.223 -26.796
5.25185 -152.979 13.1843
5.25221 -122.71 69.9664
5.25258 60.5181 85.881
5.25295 111.134 -146.685
5.25332 -104.752 -117.471
5.25368 22.8802 211.755
5.25405 246.381 97.0866
5.25442 -45.9002 -97.5623
5.25479 -164.253 137.239
5.25515 147.207 37.578
5.25552 -60.1017 -339.398
5.25589 -294.14 5.21434
5.25626 335.67 167.337
5.25662 320.482 -458.129
5.25699 -442.628 -108.579
5.25736 21.2991 567.269
5.25773 411.604 -114.784
5.25809 -356.473 -314.591
5.25846 -262.327 274.411
5.25883 230.469 -6.42081
5.2592 -13.138 -161.67
5.25956 51.1684 143.887
5.25993 200.103 55.7783
5.2603 22.322 62.4447
5.26067 -10.8894 167.907
5.26103 37.4561 111.131
5.2614 115.338 -22.9685
5.26177 27.4749 -125.872
5.26214 -21.5433 14.7437
5.2625 91.6661 -17.164
5.26287 -12.195 13.7884
5.26324 155.687 84.1143
5.26361 -14.3165 -382.753
5.26397 -551.477 -19.1354
5.26434 221.75 454.275
5.26471 435.852 -493.036
5.26508 -618.132 -305.477
5.26544 -111.194 611.4
5.26581 438.166 -50.1859
5.26618 -279.843 -250.978
5.26655 -189.098 203.868
5.26691 145.032 -13.0714
5.26728 92.8881 -91.8488
5.26765 78.8197 -69.4261
5.26802 28.5398 122.531
5.26838 342.05 143.112
5.26875 63.9813 -317.3
5.26912 -410.77 71.4934
5.26949 203.693 202.923
5.26985 189.429 -506.62
5.27022 -243.046 -324.61
5.27059 28.4042 -86.1601
5.27096 28.0999 -41.9721
5.27132 211.548 107.329
5.27169 46.495 -340.21
5.27206 -585.792 51.6132
5.27243 12.0693 514.239
5.27279 160.705 -252.31
5.27316 -437.746 -112.034
5.27353 -30.1179 302.879
5.2739 45.2253 48.0289
5.27426 -89.4729 202.625
5.27463 50.0638 57.9262
5.275 -197.011 121.308
5.27537 145.414 266.455
5.27573 34.66 -346.49
5.2761 -428.548 126.397
5.27647 464.484 374.748
5.27684 281.779 -629.782
5.2772 -635.544 -90.7172
5.27757 154.93 518.459
5.27794 409.521 -274.437
5.27831 -281.557 -320.983
5.27867 -280.715 124.158
5.27904 23.1626 208.282
5.27941 156.129 -56.2435
5.27978 -248.246 -171.153
5.28014 -221.137 340.667
5.28051 246.392 71.9633
5.28088 -261.145 -182.769
5.28125 -100.553 444.267
5.28161 468.535 -11.6197
5.28198 -184.47 -227.155
5.28235 7.08398 396.152
5.28272 412.04 -36.2823
5.28308 -61.8842 11.2182
5.28345 345.599 228.695
5.28382 213.185 -457.318
5.28419 -387.718 134.5
5.28455 491.855 544.482
5.28492 497.846 -548.741
5.28529 -569.849 -327.285
5.28566 -143.746 613.499
5.28602 558.925 67.692
5.28639 -99.4281 -590.407
5.28676 -602.167 109.835
5.28713 226.236 517.028
5.28749 335.803 -424.493
5.28786 -669.922 -249.44
5.28823 -32.0585 669.647
5.2886 682.994 -269.077
5.28896 -460.697 -594.366
5.28933 -352.058 566.679
5.2897 679.087 173.516
5.29007 127.906 -555.766
5.29043 -322.473 -36.5917
5.2908 37.9223 198.68
5.29117 163.384 44.2095
5.29154 200.374 -146.32
5.2919 -72.5971 -357.511
5.29227 -386.801 37.7039
5.29264 81.7297 335.239
5.29301 376.901 -298.117
5.29337 -303.895 -484.729
5.29374 -392.828 350.237
5.29411 428.019 231.977
5.29448 123.78 -583.252
5.29484 -509.571 56.1474
5.29521 285.298 580.834
5.29558 504.164 -382.001
5.29595 -474.085 -365.545
5.29631 -205.442 705.858
5.29668 767.923 261.095
5.29705 94.2606 -800.374
5.29742 -857.167 14.6077
5.29778 196.654 919.789
5.29815 835.14 -339.283
5.29852 -593.204 -793.035
5.29889 -674.49 578.623
5.29925 555.255 348.583
5.29962 70.6113 -632.48
5.29999 -609.92 -81.3151
5.30036 -59.0913 366.367
5.30072 238.716 -83.2806
5.30109 -186.839 -290.033
5.30146 -362.462 202.474
5.30183 236.908 286.24
5.30219 206.437 -393.728
5.30256 -396.699 -74.5247
5.30293 42.8032 446.188
5.3033 268.294 -42.0146
5.30366 69.2699 -165.308
5.30403 23.098 -313.655
5.3044 -574.646 94.152
5.30477 352.518 804.819
5.30513 1001.44 -919.562
5.3055 -1287.99 -952.521
5.30587 -618.019 1701.96
5.30624 1850.74 -23.1733
5.3066 -583.904 -2060.82
5.30697 -1818.17 1102.81
5.30734 1477.65 1608.05
5.30771 1010.47 -1853.11
5.30807 -2345.15 -596.232
5.30844 -137.061 2769.02
5.30881 2849.33 -338.23
5.30918 -1436.23 -2759.71
5.30954 -2742.86 2546.29
5.30991 3362.91 2397.81
5.31028 1317.34 -3818.77
5.31065 -4359.68 29.1037
5.31101 1149.07 4299.77
5.31138 3828.72 -2165.09
5.31175 -2854.12 -2817.45
5.31212 -1911.67 3487.02
5.31248 3574.85 918.471
5.31285 178.332 -3775.3
5.31322 -3398.81 605.137
5.31359 1502.61 3337.27
5.31395 2910.28 -2403.57
5.31432 -3140.61 -2565.18
5.31469 -1498.53 3857.76
5.31506 4185.31 615.044
5.31542 -866.045 -4342.31
5.31579 -3793.63 1588.79
5.31616 2985.91 3164.65
5.31652 2296.66 -2834.21
5.31689 -3640.6 -1081.75
5.31726 -463.065 3041.6
5.31763 3668.39 -703.787
5.31799 -503.66 -2768.15
5.31836 -2610.91 2306.18
5.31873 2266.21 2227.01
5.3191 1538.71 -3878
5.31946 -3241.06 -925.046
5.31983 1164.46 4307.74
5.3202 3621.64 -1474.01
5.32057 -3361.31 -3335.9
5.32093 -2094.19 2958.28
5.3213 4282.74 733.514
5.32167 -11.3467 -3477.42
5.32204 -3763.89 1154.43
5.3224 1405.21 2527.19
5.32277 2239.4 -2559.13
5.32314 -2739.23 -1469.37
5.32351 -1061.03 3246.76
5.32387 3132.27 -131.716
5.32424 -996.313 -3455.91
5.32461 -3145.26 2117.95
5.32498 2579.38 2672.22
5.32534 1478.7 -3572.84
5.32571 -3676.57 -928.437
5.32608 382.647 3727.34
5.32645 3300.28 -905.409
5.32681 -1991.3 -2952.53
5.32718 -2406.69 1973.66
5.32755 2845.64 1531.92
5.32792 1137.62 -3005.04
5.32828 -3436.25 -329.014
5.32865 519.25 3208.97
5.32902 3505.81 -1679.18
5.32939 -2497.64 -2868.56
5.32975 -2588.57 3457.7
5.33012 3971.13 1196.07
5.33049 671.426 -4524.58
5.33086 -4234.31 1172.75
5.33122 1478.72 4573.95
5.33159 3022.23 -2881.08
5.33196 -3387.29 -2990.14
5.33233 -1104.48 4118.9
5.33269 4142.12 1104.37
5.33306 -1249.24 -3591.71
5.33343 -3851.68 1421.37
5.3338 2833.56 2365.08
5.33416 2290.08 -2926.36
5.33453 -3456.31 -348.357
5.3349 -444.143 3559.5
5.33527 2947.11 -1144.35
5.33563 -1183.21 -2941.93
5.336 -1931.23 2191.28
5.33637 2003.15 1887.49
5.33674 526.013 -2227.91
5.3371 -2095.3 -338.936
5.33747 437.759 1700.23
5.33784 995.292 -527.469
5.33821 -964.44 -521.487
5.33857 -95.1418 521.226
5.33894 360.558 -195.394
5.33931 -265.313 -38.1504
5.33968 -3.02232 -99.9657
5.34004 -120.456 -129.389
5.34041 474.072 284.752
5.34078 389.482 -577.278
5.34115 -720.798 -7.22059
5.34151 405.497 811.61
5.34188 797.128 -398.463
5.34225 -215.944 -185.232
5.34262 19.2752 368.901
5.34298 -106.654 372.716
5.34335 486.093 664.377
5.34372 590.192 -534.076
5.34409 -993.124 22.6453
5.34445 201.126 1285.77
5.34482 922.37 -455.351
5.34519 -584.495 -227.929
5.34556 196.076 784.718
5.34592 386.104 -320.873
5.34629 -136.734 -91.8359
5.34666 324.722 50.9734
5.34703 53.6331 203.074
5.34739 834.946 7.51508
5.34776 -150.162 -1328.68
5.34813 -1186.37 1010.12
5.3485 1954.48 945.389
5.34886 243.446 -2596.12
5.34923 -2326.63 545.827
5.3496 1525.97 1523.11
5.34997 482.617 -2060.85
5.35033 -1672.32 146.14
5.3507 993.966 414.336
5.35107 -335.695 -1443.19
5.35144 -745.921 629.582
5.3518 1212.2 -316.982
5.35217 -424.671 -1188.62
5.35254 -216.346 384.111
5.35291 725.019 -395.415
5.35327 125.728 -362.611
5.35364 400.108 -217.109
5.35401 -9.97883 -164.579
5.35438 863.503 102
5.35474 -37.4233 -1247.39
5.35511 -1317.73 1156.29
5.35548 2427.74 700.228
5.35585 -440.181 -3380.31
5.35621 -3454.67 1976.79
5.35658 3073.44 1986.43
5.35695 -262.245 -4296.8
5.35732 -3990.38 1815.25
5.35768 2805.77 1670.13
5.35805 -1399.61 -3809.42
5.35842 -3210.61 2923.36
5.35879 3617.79 483.341
5.35915 -2826.29 -3906.32
5.35952 -3072.19 4131.77
5.35989 4067.09 15.7311
5.36026 -3288.13 -3551.45
5.36062 -2329.06 4364.94
5.36099 3604.26 -1097.77
5.36136 -4334.18 -2936.92
5.36173 -1488.11 4788.54
5.36209 3648.38 -2230.53
5.36246 -4861.89 -3244.24
5.36283 -1335.52 4267.8
5.3632 2917.73 -2659.15
5.36356 -4621.92 -2614.67
5.36393 -43.8637 3233.54
5.3643 2054.29 -4005.65
5.36467 -5342.78 -1654.41
5.36503 1168.47 3566.76
5.3654 2414.28 -4615.49
5.36577 -5315.44 -1379.84
5.36614 1315.56 3263.31
5.3665 1638.47 -4254.66
5.36687 -4547.96 122.789
5.36724 2587.36 2580.76
5.36761 591.724 -5122.27
5.36797 -4983.02 1117.97
5.36834 3204.39 2945.85
5.36871 862.043 -5056.54
5.36908 -4107.56 441.232
5.36944 2536.15 1687.7
5.36981 -109.182 -3686.29
5.37018 -2188.13 1167.32
5.37055 3181.34 -217.175
5.37091 -1222.07 -3618.8
5.37128 -1817.75 2017.9
5.37165 3406.94 -329.295
5.37202 -1003.99 -3110.99
5.37238 -1216.93 1914.48
5.37275 2706.26 -760.955
5.37312 -1667.06 -2429.6
5.37349 -905.366 2639.92
5.37385 3123.36 -708.677
5.37422 -1674.39 -3112.76
5.37459 -1599.99 2276.97
5.37496 2675.27 -44.9649
5.37532 -1173.07 -2420.35
5.37569 -151.246 1792.03
5.37606 2821.13 -1884.7
5.37643 -3136.09 -1875.66
5.37679 1092.46 4322.26
5.37716 5629.93 -3251.34
5.37753 -4126.92 -3346.55
5.3779 306.86 5675.72
5.37826 6277.84 -2480.14
5.37863 -3295.56 -2662.61
5.379 1754.18 5295.35
5.37937 4802.62 -3985.04
5.37973 -4693.49 -586.432
5.3801 4060.03 5976.43
5.38047 4343.33 -5509.65
5.38084 -5295.42 162.173
5.3812 4858.42 4853.17
5.38157 2421.47 -5517.63
5.38194 -4447.27 2325.22
5.38231 6534.96 2931.76
5.38267 909.02 -6308.59
5.38304 -4410.48 3256.58
5.38341 5574.92 2712.92
5.38378 1021.84 -4144.35
5.38414 -1331.5 2919.35
5.38451 3459.23 -1398.62
5.38488 -3778.01 265.011
5.38525 3558.29 4318.18
5.38561 2376.34 -2509.66
5.38598 -2395.02 -1172.52
5.38635 -1158.47 2012.69
5.38672 1056.47 2839.98
5.38708 3236 -94.2677
5.38745 -772.501 -4601.5
5.38782 -4246.82 1852.55
5.38819 2670.24 4026.01
5.38855 2094.77 -2574.55
5.38892 88.5396 -1607.07
5.38929 -258.197 -2641.36
5.38966 -5136.29 2702.42
5.39002 5944.83 4968.04
5.39039 4692.44 -10226.6
5.39076 -10271.8 620.284
5.39113 6193.1 8471.68
5.39149 -8480.74 -13386.8
5.39186 19152.6 20360.3
5.39223 -22728.6 -29424.8
5.3926 11801.7 25436.1
5.39296 -4068.91 -12901.4
5.39333 -191.803 7324.65
5.3937 5255.44 -6979.87
5.39407 -9634.88 194.54
5.39443 2954.47 8275.44
5.3948 5718.53 -5052.28
5.39517 -3730.64 -2094.91
5.39554 -441.521 2724.26
5.3959 643.589 966.416
5.39627 3003.76 1340.56
5.39664 2113.41 -3082.97
5.39701 -3271.93 -95.3191
5.39737 1555.5 3418.37
5.39774 3115.68 -1329.83
5.39811 -62.3855 -1530.67
5.39848 -755.002 -1058.54
5.39884 -1346.73 982.094
5.39921 2455.44 898.27
5.39958 1142.8 -4156.34
5.39995 -4418.8 -1527.41
5.40031 -176.628 2888.21
5.40068 2291.86 -1849.85
5.40105 -1234.22 -2874.82
5.40142 -2834.32 -924.502
5.40178 -2089.77 2095.91
5.40215 2708.39 973.056
5.40252 -116.937 -3890.4
5.40289 -4712.09 541.004
5.40325 -487.71 2916.1
5.40362 847.58 1234.38
5.40399 2231.56 251.319
5.40436 -2815.48 -4330.46
5.40472 -6816.19 5276.41
5.40509 9089.65 6125.05
5.40546 -218.399 -10208.6
5.40583 -8386.07 11320.8
5.40619 12679.4 -17150.5
5.40656 -18512.3 28916.2
5.40693 25282.6 -26052.2
5.4073 -17344.4 11756.5
5.40766 7388.96 -2445.88
5.40803 -3942.46 -519.948
5.4084 6477.47 5345.55
5.40877 2462.39 -8187.66
5.40913 -8213.19 12.1137
5.4095 3479.97 5937.22
5.40987 3659.93 -2708.1
5.41024 -1760.48 -1543.99
5.4106 -904.723 -1838.47
5.41097 -3581.12 1173.02
5.41134 1935.78 4467.96
5.41171 2905.07 -4226.42
5.41207 -5069.61 -2769.78
5.41244 -1701.45 4398.47
5.41281 1858.27 613.686
5.41318 -376.593 -367.795
5.41354 1190.11 -1352.6
5.41391 -3913.25 569.755
5.41428 1845.43 3953.62
5.41465 1835.55 -1441.95
5.41501 -214.767 199.356
5.41538 367.9 853.81
5.41575 -93.8481 455.784
5.41612 1396.19 1398.64
5.41648 2066.45 -790.899
5.41685 -855.349 -702.254
5.41722 810.796 841.864
5.41759 1430.2 -1441.18
5.41795 -783.219 -339.309
5.41832 1252.85 147.589
5.41869 840.557 -2566.28
5.41906 -1278.73 -966.188
5.41942 -99.2556 278.55
5.41979 446.92 -810.243
5.42016 336.399 -1355.5
5.42053 -1262.32 -1234.71
5.42089 -1532.95 852.578
5.42126 547.721 377.558
5.42163 -348.155 -678.625
5.422 -1105.17 486.289
5.42236 -864.263 152.692
5.42273 -1362.46 1180.03
5.4231 907.337 1832.71
5.42347 206.865 -1063.32
5.42383 -2214.65 644.189
5.4242 767.815 2296.87
5.42457 1077.13 -225.48
5.42494 -464.978 345.119
5.4253 1000.3 418.08
5.42567 361.811 -267.553
5.42604 426.853 871.204
5.42641 1418.66 -267.309
5.42677 632.469 -654.314
5.42714 786.949 -247.296
5.42751 78.3612 -691.472
5.42788 354.376 207.276
5.42824 1408.44 -917.403
5.42861 -643.832 -1331.91
5.42898 -292.804 118.817
5.42935 328.705 -1299.84
5.42971 -1242.15 -356.331
5.43008 522.232 308.456
5.43045 -240.917 -2253.07
5.43082 -2263.64 -101.506
5.43118 226.664 1154.79
5.43155 37.798 -1065.87
5.43192 -1020.44 -250.076
5.43229 -346.757 20.5343
5.43265 -1170.74 503.916
5.43302 275.756 1269.08
5.43339 601.497 -669.971
5.43376 -1290.92 284.151
5.43412 -2.92394 1386.96
5.43449 195.936 72.7612
5.43486 -46.7836 820.361
5.43523 666.093 117.909
5.43559 -894.319 -240.928
5.43596 38.5579 1245.94
5.43633 1025.66 -289.035
5.4367 -782.042 -243.605
5.43706 329.533 633.634
5.43743 416.584 -886.449
5.4378 -876.116 198.66
5.43817 480.67 579.136
5.43853 249.115 -702.969
5.4389 -200.546 12.6625
5.43927 -128.793 -156.161
5.43964 -766.006 487.736
5.44 946.714 824.306
5.44037 390.304 -1096.03
5.44074 -1535.11 410.482
5.44111 614.958 1357.62
5.44147 710.382 -516.11
5.44184 -491.194 370.724
5.44221 540.331 343.353
5.44258 -133.459 -359.577
5.44294 131.297 932.598
5.44331 1171 -60.8185
5.44368 -88.7579 -783.81
5.44405 47.2757 373.124
5.44441 738.735 78.8442
5.44478 349.45 -305.456
5.44515 323.265 -436.292
5.44552 42.3641 -208.865
5.44588 340.189 103.191
5.44625 124.577 -674.783
5.44662 -453.1 4.61529
5.44699 649.876 229.616
5.44735 -167.531 -1099.69
5.44772 -1212.28 232.194
5.44809 664.534 674.203
5.44846 163.973 -983.674
5.44882 -1175.32 2.49815
5.44919 167.769 517.01
5.44956 49.6392 -430.686
5.44993 -585.627 299.96
5.45029 370.038 249.112
5.45066 45.8993 -634.904
5.45103 -725.098 252.838
5.4514 251.49 845.703
5.45176 852.688 -414.989
5.45213 -360.41 -725.306
5.4525 -560.667 671.916
5.45286 729.952 421.747
5.45323 379.555 -715.646
5.4536 -325.194 -20.8406
5.45397 220.646 153.888
5.45433 -19.6475 -421.455
5.4547 -108.832 190.995
5.45507 547.985 58.0302
5.45544 -43.3643 -735.811
5.4558 -619.548 -89.9129
5.45617 201.808 473.445
5.45654 385.255 -337.605
5.45691 -491.64 -445.9
5.45727 -127.477 336.854
5.45764 339.445 -225.493
5.45801 -767.464 -275.29
5.45838 -144.369 842.98
5.45874 978.128 -307.302
5.45911 -781.604 -860.502
5.45948 -867.866 958.87
5.45985 883.409 488.927
5.46021 201.26 -592.98
5.46058 -485.638 39.1868
5.46095 -165.427 187.735
5.46132 71.969 317.604
5.46168 414.094 73.6382
5.46205 -142.059 -363.642
5.46242 -189.815 58.902
5.46279 96.61 -128.236
5.46315 -321.164 66.3741
5.46352 330.739 49.6471
5.46389 -21.9087 -879.486
5.46426 -763.122 163.459
5.46462 389.928 248.946
5.46499 -259.896 -882.581
5.46536 -667.344 461.131
5.46573 633.774 178.509
5.46609 -571.013 -801.209
5.46646 -790.222 733.679
5.46683 546.785 531.251
5.4672 -181.964 -156.116
5.46756 -334.406 322.024
5.46793 -177.654 303.809
5.4683 -22.1374 850.833
5.46867 588.751 142.772
5.46903 -468.51 -239.368
5.4694 75.0789 1082.54
5.46977 965.447 -131.183
5.47014 -577.802 -293.185
5.4705 504.974 934.451
5.47087 967.75 -695.905
5.47124 -792.198 -99.9675
5.47161 778.588 803.541
5.47197 755.697 -1108.12
5.47234 -955.575 -13.1375
5.47271 503.597 767.675
5.47308 481.531 -717.899
5.47344 -467.165 -89.6166
5.47381 -84.2148 192.507
5.47418 -271.322 65.3696
5.47455 221.441 222.607
5.47491 -56.2955 -275.325
5.47528 -357.831 399.396
5.47565 520.046 -85.5075
5.47602 -507.301 -335.157
5.47638 153.46 1162.15
5.47675 1381.51 -626.039
5.47712 -784.553 -976.021
5.47749 121.016 1255.81
5.47785 1380.44 -573.261
5.47822 -664.651 -708.577
5.47859 650.656 796.211
5.47896 987.193 -1298.53
5.47932 -1414.39 -617.955
5.47969 154.183 1146.48
5.48006 1192.86 -622.999
5.48043 -516.674 -1093.06
5.48079 -947.616 -139.015
5.48116 -419.142 486.057
5.48153 476.437 306.555
5.4819 -22.0222 -715.143
5.48226 -733.989 -39.0286
5.48263 61.1485 182.808
5.483 -572.612 17.4652
5.48337 155.125 1163.26
5.48373 1612.23 -660.86
5.4841 -929.008 -1563.45
5.48447 -1231.37 1117.85
5.48484 807.822 545.959
5.4852 21.7382 -170.065
5.48557 808.975 577.232
5.48594 893.101 -1681.83
5.48631 -2023.34 -1258.14
5.48667 -1029.1 1747.84
5.48704 1320.88 535.995
5.48741 178.217 -1492.43
5.48778 -1452.35 -988.484
5.48814 -1854.75 679.548
5.48851 -609.863 1877.14
5.48888 940.922 1061.72
5.48925 960.916 -244.732
5.48961 -344.604 -968.009
5.48998 -2512.18 656.421
5.49035 -394.204 5062.79
5.49072 6596.76 4130.27
5.49108 8514.81 -3702.98
5.49145 3093.01 -9683.12
5.49182 -5193.49 -10059.7
5.49219 -12361.6 -2828.02
5.49255 -9801.72 8373.7
5.49292 945.244 10985.8
5.49329 6787.88 4511.45
5.49366 5133.36 -1380.22
5.49402 925.518 -3258.56
5.49439 -2040.85 -805.956
5.49476 -286.951 2487.37
5.49513 3134.05 1116.58
5.49549 2743.37 -2666.81
5.49586 -694.371 -3532.49
5.49623 -2774.39 -620.108
5.4966 -677.023 1801.78
5.49696 1689.11 61.3352
5.49733 258.318 -1789.23
5.4977 -1526.94 -954.898
5.49807 -2108.74 302.773
5.49843 -1383.92 2411.71
5.4988 1820.01 2306.64
5.49917 1643.24 -1593.47
5.49954 -2239.04 -1330.34
5.4999 -1632.72 2239.78
5.50027 1040.77 1974.65
5.50064 1495.98 493.421
5.50101 1765.11 -706.176
5.50137 313.01 -1820.27
5.50174 -1206.09 -16.031
5.50211 824.691 1587.83
5.50248 2925.19 -153.444
5.50284 1764.27 -2834.81
5.50321 -1842.87 -2929.44
5.50358 -3014.44 759.219
5.50395 261.717 2407.39
5.50431 1665.66 -405.444
5.50468 -406.724 -2818.96
5.50505 -4377.48 -3092.63
5.50542 -8239.5 2469.44
5.50578 -2568.98 10598.2
5.50615 8929.05 8106.83
5.50652 12283.5 -1258.95
5.50689 8643.74 -7621.17
5.50725 118.956 -10436.5
5.50762 -9574.12 -5057.2
5.50799 -8283.35 4012.22
5.50836 -786.282 4594.78
5.50872 1773.85 437.975
5.50909 677.123 -1613.97
5.50946 -1249.04 -921.292
5.50983 -1067.83 1339.99
5.51019 899.956 1610.39
5.51056 1720.87 847.253
5.51093 1867.17 -456.53
5.5113 -421.476 -1468.3
5.51166 -1468.12 1315.1
5.51203 1493.99 1441.17
5.5124 563.142 -1637.59
5.51277 -1100.25 -613.525
5.51313 273.689 -807.863
5.5135 -1548.59 -1304.57
5.51387 -914.62 1643.02
5.51424 2180.08 -124.065
5.5146 -354.687 -2264.18
5.51497 -1411.67 274.946
5.51534 428.049 212.349
5.51571 -148.699 -208.596
5.51607 54.8067 808.724
5.51644 153.627 279.909
5.51681 -428.475 342.651
5.51718 -415.952 260.324
5.51754 -917.104 548.346
5.51791 354.099 681.069
5.51828 310.929 -1192.05
5.51865 -1334.84 13.0843
5.51901 604.709 899.12
5.51938 396.262 -1366.11
5.51975 -838.609 335.196
5.52012 1766.2 780.537
5.52048 553.457 -1264.35
5.52085 -1109.89 1528.04
5.52122 813.3 2134.64
5.52159 -947.94 -399.864
5.52195 -1777.22 -181.708
5.52232 309.517 -792.513
5.52269 141.266 -875.751
5.52306 661.184 396.008
5.52342 970.192 -9.63145
5.52379 243.613 443.785
5.52416 361.276 345.517
5.52453 -638.452 0.335377
5.52489 20.2632 945.005
5.52526 861.8 -470.645
5.52563 -964.8 -466.649
5.526 86.8714 857.044
5.52636 519.138 -916.413
5.52673 -1292.87 -8.10572
5.5271 814.553 937.91
5.52747 925.154 -1659.25
5.52783 -1276.26 -207.041
5.5282 560.48 1476.96
5.52857 985.056 -419.863
5.52894 -319.881 -185.088
5.5293 85.0893 355.167
5.52967 -55.2909 94.5644
5.53004 343.306 255.944
5.53041 386.128 -265.211
5.53077 -187.992 314.245
5.53114 519.224 64.5071
5.53151 -315.335 -780.736
5.53188 -363.038 632.395
5.53224 1088.14 -176.774
5.53261 -382.168 -1167.44
5.53298 -314.141 653.107
5.53335 879.027 -251.61
5.53371 -919.907 -649.582
5.53408 -87.901 932.811
5.53445 1029.56 -764.117
5.53482 -1207.86 -818.959
5.53518 -417.362 1173.09
5.53555 1039.39 -144.906
5.53592 -459.469 -690.66
5.53629 -608.383 415.398
5.53665 195.06 154.966
5.53702 252.118 -173.872
5.53739 -95.6134 -183.981
5.53776 -250.027 282.516
5.53812 607.771 113.459
5.53849 -21.8928 -659.122
5.53886 -654.692 491.461
5.53923 876.262 203.97
5.53959 0.107063 -1189.82
5.53996 -813.003 558.413
5.54033 971.248 283.259
5.5407 -219.389 -1368.31
5.54106 -882.434 600.004
5.54143 1048 295.58
5.5418 -302.595 -1300.21
5.54217 -865.792 537.874
5.54253 872.472 374.428
5.5429 -264.916 -791.759
5.54327 -717.831 439.94
5.54364 446.345 323.156
5.544 -142.191 -245.659
5.54437 -487.209 192.95
5.54474 -182.046 246.058
5.54511 53.0074 285.84
5.54547 -87.0163 -186.856
5.54584 -671.093 65.357
5.54621 286.799 494.778
5.54658 136.132 -585.641
5.54694 -994.04 315.298
5.54731 838.007 694.428
5.54768 397.659 -1300.2
5.54805 -1463.38 397.277
5.54841 914.235 1241.07
5.54878 795.685 -1290.08
5.54915 -1187.58 97.6385
5.54952 424.832 1018.61
5.54988 252.823 -703.273
5.55025 -546.85 251.153
5.55062 442.925 352.464
5.55099 -314.845 -399.372
5.55135 -262.695 309.559
5.55172 233.702 -69.0657
5.55209 -382.59 153.614
5.55246 287.607 167.88
5.55282 -47.5732 -519.456
5.55319 -238.311 576.408
5.55356 596.033 95.7076
5.55393 -391.869 -219.096
5.55429 474.943 977.324
5.55466 880.456 -617.653
5.55503 -1244.36 -19.2382
5.5554 727.944 1669.54
5.55576 1442.07 -834.018
5.55613 -1246.41 -329.036
5.5565 257.413 1270.24
5.55687 927.37 -527.335
5.55723 -479.987 -41.0327
5.5576 329.335 210.573
5.55797 -39.0187 -605.404
5.55834 37.2167 291.024
5.5587 397.899 -448.47
5.55907 -653.542 -333.37
5.55944 577.786 276.236
5.55981 255.349 -998.321
5.56017 -987.152 253.031
5.56054 825.811 266.823
5.56091 -52.7993 -1099.67
5.56128 -654.923 794.779
5.56164 920.426 -79.6774
5.56201 -752.914 -959.079
5.56238 -200.135 1272.21
5.56275 1158.16 -342.078
5.56311 -1030.67 -846.337
5.56348 -30.092 1011.56
5.56385 896.318 -393.737
5.56422 -629.839 -343.272
5.56458 279.351 210.103
5.56495 167.596 -528.28
5.56532 -132.861 292.629
5.56569 501.782 -482.42
5.56605 -490.23 -485.426
5.56642 403.111 606.862
5.56679 297.664 -906.529
5.56716 -1037.07 65.5701
5.56752 985.236 652.394
5.56789 -90.607 -1245.91
5.56826 -1553.12 739.367
5.56863 1188.74 682.985
5.56899 -165.242 -1288.78
5.56936 -1476.61 965.001
5.56973 674.887 488.172
5.5701 -339.437 -852.41
5.57046 -593.789 839.294
5.57083 225.841 8.5188
5.5712 -633.244 -354.106
5.57157 225.359 432.282
5.57193 18.7125 -263.004
5.5723 -519.694 265.236
5.57267 648.952 -181.454
5.57304 -219.206 -459.859
5.5734 -118.856 722.958
5.57377 506.118 -501.54
5.57414 -485.553 -128.015
5.57451 701.549 722.058
5.57487 8.91578 -1104.7
5.57524 -1298.32 491.362
5.57561 1361.96 1062.29
5.57598 226.22 -1522.36
5.57634 -1767.83 256.285
5.57671 880.51 1054.04
5.57708 446.647 -796.012
5.57745 -973.95 107.358
5.57781 287.887 120.828
5.57818 131.852 -122.416
5.57855 20.5214 575.017
5.57892 -48.5657 -336.489
5.57928 -120.876 113.17
5.57965 877.001 619.451
5.58002 -304.039 -139.245
5.58039 -577.708 471.294
5.58075 1061.28 165.672
5.58112 -55.8918 206.677
5.58149 -450.026 878.153
5.58186 192.467 -704.482
5.58222 -344.55 166.627
5.58259 638.598 1440.13
5.58296 -79.8299 -1069.57
5.58333 -1295.73 -599.142
5.58369 1036.15 1093.47
5.58406 562.889 -405.823
5.58443 -1338.57 -559.442
5.5848 475.251 -216.003
5.58516 817.089 -264.103
5.58553 -370.52 451.994
5.5859 -154.46 -559.653
5.58627 241.367 -692.82
5.58663 769.53 580.314
5.587 -185.256 -40.3237
5.58737 -714.88 -190.87
5.58774 1090.49 -60.9763
5.5881 306.213 -194.293
5.58847 -888.559 818.525
5.58884 580.209 -204.869
5.5892 281.464 -892.707
5.58957 -99.734 1013.98
5.58994 469.499 148.274
5.59031 -352.444 -951.3
5.59067 370.758 375.568
5.59104 866.209 30.6329
5.59141 -471.715 -221.47
5.59178 230.051 42.4334
5.59214 613.449 -568.872
5.59251 -109.047 297.2
5.59288 312.305 292.56
5.59325 -274.021 -680.536
5.59361 -316.883 181.098
5.59398 374.803 237.265
5.59435 -636.101 22.1983
5.59472 -604.189 80.0494
5.59508 -463.077 -725.148
5.59545 -862.598 562.126
5.59582 210.129 631.95
5.59619 -976.423 -1625.18
5.59655 -1671.17 -62.5761
5.59692 986.026 871.692
5.59729 -45.7 -1178.12
5.59766 -1646.02 -620.492
5.59802 680.968 -131.841
5.59839 922.893 -455.888
5.59876 -158.951 109.055
5.59913 105.27 -741.479
5.59949 697.121 -344.883
5.59986 1503.26 698.2
5.60023 73.0409 -208.271
5.6006 -520.283 222.974
5.60096 1635.9 573.3
5.60133 576.347 316.451
5.6017 -1010.9 998.976
5.60207 -147.464 131.889
5.60243 -50.2903 600.365
5.6028 250.822 1498.15
5.60317 -1102.71 -628.044
5.60354 -2156.47 328.931
5.6039 897.262 1616.2
5.60427 28.4964 -871.863
5.60464 -2692.99 -176.1
5.60501 103.95 788.065
5.60537 770.345 -694.792
5.60574 -1033.47 32.8752
5.60611 -194.16 -91.6791
5.60648 330.527 -645.048
5.60684 645.76 210.598
5.60721 223.496 -437.261
5.60758 -259.421 -150.596
5.60795 1369.14 110.656
5.60831 577.129 -754.443
5.60868 -403.487 359.133
5.60905 1127.72 -30.0224
5.60942 331.972 -654.033
5.60978 185.409 646.369
5.61015 788.668 -567.911
5.61052 -537.25 -315.504
5.61089 692.536 1110.02
5.61125 814.589 -823.678
5.61162 -948.854 -85.0215
5.61199 764.664 1158.79
5.61236 464.437 -491.439
5.61272 -856.349 533.736
5.61309 859.652 792.483
5.61346 -19.2988 -330.149
5.61383 -897.463 990.78
5.61419 428.918 601.675
5.61456 -85.6798 -153.406
5.61493 -483.387 393.982
5.6153 -758.303 38.5987
5.61566 -374.424 496.471
5.61603 765.595 -514.427
5.6164 -1332.77 -1343.67
5.61677 -1180.39 826.891
5.61713 1574.68 -576.993
5.6175 -433.319 -2266.52
5.61787 -1221.31 57.6042
5.61824 958.686 -285.068
5.6186 630.709 -1346.12
5.61897 259.813 -764.872
5.61934 -151.486 -657.415
5.61971 351.257 612.327
5.62007 1996.13 -291.208
5.62044 -367.243 -1437.23
5.62081 -1050.51 1597.81
5.62118 2084.47 1343.61
5.62154 646.323 -1227.07
5.62191 -1708.21 418.054
5.62228 -295.797 1978.46
5.62265 1157.5 991.538
5.62301 243.542 -1006.71
5.62338 -2527.04 -387.036
5.62375 -943.094 2808.91
5.62412 2526.32 193.641
5.62448 -1230.78 -3032.44
5.62485 -3184.72 1134.06
5.62522 1505.91 2024.71
5.62559 1479.77 -2049.87
5.62595 -1904.76 -1713.55
5.62632 -1280.28 1036.16
5.62669 1485.94 1035.98
5.62706 1500.58 -1864.7
5.62742 -2052.94 -1858.58
5.62779 -1221.92 2314.63
5.62816 3051.89 801.058
5.62853 240.661 -3194.36
5.62889 -3116.2 146.395
5.62926 552.005 2870.29
5.62963 2561.74 -492.753
5.63 -705.399 -2512
5.63036 -2880.92 607.607
5.63073 622.97 3350.04
5.6311 3404.65 -853.572
5.63147 -1762.36 -3432.74
5.63183 -3356.14 2696.75
5.6322 3164.36 3261.91
5.63257 2357.43 -3145.96
5.63294 -3303.1 -1326.5
5.6333 -808.518 3665.88
5.63367 3326.45 1062.5
5.63404 803.152 -2801.18
5.63441 -2819.45 -315.529
5.63477 -134.84 3514.88
5.63514 3612.58 119.102
5.63551 -423.025 -3650.9
5.63588 -3490.57 1084.35
5.63624 1534.92 3340.42
5.63661 2878.13 -1989.94
5.63698 -2056.95 -2902.17
5.63735 -2671.5 1826.74
5.63771 1784.32 2447.84
5.63808 2497.49 -2449.48
5.63845 -2807.08 -3002.38
5.63882 -2838.11 3196.34
5.63918 3728.53 2233.35
5.63955 1562.75 -4407.53
5.63992 -4430.58 -769.096
5.64029 80.6473 4458.33
5.64065 4123.91 -475.182
5.64102 -595.581 -3422.86
5.64139 -2789.3 1150.32
5.64176 1388.69 3089.24
5.64212 3342.61 -1076.33
5.64249 -890.724 -2947.32
5.64286 -2496.76 1694.14
5.64323 2473.36 2518.54
5.64359 2583.94 -2735.52
5.64396 -2429.86 -2072.75
5.64433 -1331.24 2324.54
5.6447 2528.36 754.878
5.64506 1055.99 -2893.02
5.64543 -2806.82 -1492.04
5.6458 -1480.67 2630.59
5.64617 3065.19 662.54
5.64653 107.038 -3947.02
5.6469 -4453.37 279.279
5.64727 585.045 3980.61
5.64764 3111.27 -1484.82
5.648 -2316.68 -2492.17
5.64837 -2501.47 2457.86
5.64874 1680.43 2105.95
5.64911 1467.2 -1286.38
5.64947 -1530.93 -1113.77
5.64984 -1438.25 1857.21
5.65021 1994.95 1473
5.65058 1333.69 -2080.55
5.65094 -1977.92 -747.092
5.65131 83.9767 1870.67
5.65168 2197.77 -586.433
5.65205 -84.64 -2072.65
5.65241 -1343.12 -254.655
5.65278 128.854 987.619
5.65315 1743.86 -472.266
5.65352 -370.202 -2480.79
5.65388 -2692.74 354.152
5.65425 861.288 2273.99
5.65462 1689.18 -1674.55
5.65499 -2532.99 -1328.98
5.65535 -1361.01 2355.87
5.65572 1403.46 854.633
5.65609 -165.393 -783.688
5.65646 -1230.1 448.665
5.65682 -289.489 1399.2
5.65719 994.02 900.619
5.65756 439.351 -477.651
5.65793 -756.164 430.051
5.65829 912.573 1252.59
5.65866 1260.71 -553.657
5.65903 -291.435 -315.79
5.6594 515.035 458.839
5.65976 773.574 -433.201
5.66013 274.316 -342.756
5.6605 244.622 -736.608
5.66087 -684.248 -490.571
5.66123 169.161 443.414
5.6616 466.303 -1139.52
5.66197 -1568.82 -865.831
5.66234 -646.871 925.14
5.6627 369.797 -344.871
5.66307 -1083.55 -554.46
5.66344 -763.641 630.467
5.66381 -83.4043 356.278
5.66417 -245.578 335.507
5.66454 -78.7837 391.226
5.66491 21.4547 599.625
5.66528 630.097 604.827
5.66564 305.867 7.99209
5.66601 168.586 871.572
5.66638 1612.83 469.02
5.66675 529.458 -948.872
5.66711 -346.263 576.574
5.66748 1590.39 480.988
5.66785 787.999 -1364.25
5.66822 -568.098 -313.727
5.66858 442.01 -13.7777
5.66895 147.741 -862.22
5.66932 -302.86 -422.814
5.66969 -231.531 -611.72
5.67005 -784.242 -468.407
5.67042 -416.795 93.8593
5.67079 -327.428 -271.319
5.67116 -789.481 -4.87723
5.67152 -416.895 401.72
5.67189 -206.623 350.124
5.67226 -206.048 362.478
5.67263 -356.502 473.352
5.67299 119.909 1105.11
5.67336 1077.35 294.005
5.67373 -267.161 -598.628
5.6741 -518.952 1295.14
5.67446 1943.92 815.795
5.67483 837.27 -1718.67
5.6752 -1074.54 -236.988
5.67557 871.426 776.005
5.67593 1212.68 -1213.27
5.6763 -384.893 -1221.81
5.67667 -106.834 -391.898
5.67704 141.609 -756.895
5.6774 -317.468 -679.734
5.67777 -311.748 -457.996
5.67814 -364.784 -475.117
5.67851 -624.9 -232.575
5.67887 -709.768 158.907
5.67924 -496.601 295.562
5.67961 -537.018 302.208
5.67998 -495.534 720.553
5.68034 -40.6402 483.554
5.68071 -600.516 137.423
5.68108 -521.271 1321.47
5.68145 1139.56 903.776
5.68181 325.877 -872.894
5.68218 -953.436 503.208
5.68255 1049.89 1328.62
5.68292 1356 -847.334
5.68328 -458.434 -656.814
5.68365 327.319 554.719
5.68402 857.179 -571.43
5.68439 -334.461 -658.683
5.68475 -10.9988 98.0322
5.68512 239.288 -627.174
5.68549 -814.394 -653.277
5.68586 -760.637 239.445
5.68622 -86.8543 24.9434
5.68659 -541.995 -474.858
5.68696 -1069.45 91.0613
5.68733 -429.352 611.63
5.68769 -57.5248 164.083
5.68806 -490.366 311.68
5.68843 56.8369 767.23
5.6888 359.18 172.429
5.68916 -220.856 599.039
5.68953 781.365 1153.21
5.6899 1087.48 -223.988
5.69027 -220.456 63.3503
5.69063 694.873 1123.14
5.691 1283.23 -343.848
5.69137 -108.703 -511.688
5.69174 404.59 422.116
5.6921 793.028 -672.613
5.69247 -414.722 -746.257
5.69284 -1.66314 162.712
5.69321 623.288 -569.689
5.69357 -334.414 -1080.71
5.69394 -903.282 -136.489
5.69431 2.39163 575
5.69468 576.701 -369.09
5.69504 -762.84 -754.44
5.69541 -952.564 857.571
5.69578 493.014 785.929
5.69615 -53.8436 -192.182
5.69651 -382.335 553.173
5.69688 298.186 246.585
5.69725 -432.731 84.5176
5.69762 192.05 918.397
5.69798 1045.18 -316.245
5.69835 -204.763 -679.22
5.69872 104.674 356.461
5.69909 807.692 -410.753
5.69945 141.684 -550.911
5.69982 509.929 -90.1796
5.70019 572.908 -796.341
5.70056 -253.605 -766.596
5.70092 -355.47 15.9703
5.70129 289.569 302.926
5.70166 572.996 -754.777
5.70203 -1084.22 -1162.22
5.70239 -1351.81 934.352
5.70276 751.461 651.162
5.70313 -193.127 -1218.49
5.7035 -1319.05 175.896
5.70386 89.4353 518.955
5.70423 -358.631 -304.255
5.7046 -289.378 720.648
5.70497 853.412 30.2875
5.70533 -309.162 -591.914
5.7057 -402.317 735.325
5.70607 686.906 536.231
5.70644 409.79 -51.7733
5.7068 133.311 -36.3502
5.70717 -166.875 -38.2428
5.70754 -131.375 300.575
5.70791 39.968 34.0819
5.70827 -148.532 -23.1937
5.70864 177.588 -400.419
5.70901 -819.15 -875.944
5.70938 -985.626 717.815
5.70974 1019.92 164.964
5.71011 -257.6 -1607.28
5.71048 -1382.87 420.839
5.71085 680.415 708.472
5.71121 39.2744 -753.351
5.71158 -587.57 635.144
5.71195 691.917 457.179
5.71232 -329.255 -361.688
5.71268 -577.346 1001.11
5.71305 678.573 806.42
5.71342 243.731 -235.323
5.71379 -554.835 -0.559954
5.71415 -370.482 748.719
5.71452 694.288 583.889
5.71489 448.845 -750.388
5.71526 -679.548 -165.552
5.71562 392.301 603.381
5.71599 519.51 -441.339
5.71636 -49.957 217.314
5.71673 1089.9 5.47513
5.71709 -208.872 -990.573
5.71746 -752.163 1143.84
5.71783 1584.39 794.703
5.7182 317.161 -1241.67
5.71856 -1081.17 382.845
5.71893 343.599 728.98
5.7193 -19.346 -215.939
5.71967 -142.204 431.256
5.72003 551.376 -247.283
5.7204 -404.35 -904.904
5.72077 -855.928 174.175
5.72114 319.634 882.864
5.7215 1499.53 -350.567
5.72187 90.3003 -1857.98
5.72224 -1514.08 112.373
5.72261 720.811 1593.16
5.72297 1585.3 -587.629
5.72334 -77.7306 -810.258
5.72371 -3.24394 -148.634
5.72408 -700.262 -232.382
5.72444 -319.843 1399.28
5.72481 1919.3 145.669
5.72518 -26.568 -2226.69
5.72554 -1969.67 -147.246
5.72591 -71.9537 1105.81
5.72628 807.856 -79.2831
5.72665 610.906 -774.071
5.72701 -97.1089 -1430.25
5.72738 -1320.12 -529.163
5.72775 -509.713 1136.93
5.72812 1279.51 725.659
5.72848 1349.05 -1288.76
5.72885 -1230.27 -1903.45
5.72922 -2448.12 1206.09
5.72959 903.538 2457.62
5.72995 1861.51 -934.893
5.73032 -1079.14 -1608.25
5.73069 -1652.3 210.191
5.73106 -1096.42 884.153
5.73142 212.635 1584.57
5.73179 1894.22 -417.6
5.73216 -648.039 -2563.49
5.73253 -2747.76 290.115
5.73289 -40.8136 2443.11
5.73326 2068.69 514.718
5.73363 1033.04 -1634.67
5.734 -1306.35 -1383.14
5.73436 -1814.3 1203.97
5.73473 601.472 2244.65
5.7351 2055.33 171.022
5.73547 619.176 -1843.72
5.73583 -2108.4 -1217.08
5.7362 -2158.04 2115.5
5.73657 1782.8 2487.47
5.73694 2353.34 -1668.74
5.7373 -1464.15 -2271.58
5.73767 -2105.43 759.773
5.73804 -137.754 1820.31
5.73841 1536.26 1209.5
5.73877 2039.68 -1084.34
5.73914 -875.419 -2314.86
5.73951 -2683.49 1110.97
5.73988 704.092 3385.87
5.74024 3294.23 341.599
5.74061 829.953 -2581.36
5.74098 -2418.68 -809.76
5.74135 -1324.42 2503.17
5.74171 1991.86 1940.91
5.74208 2216.98 -1095.26
5.74245 -169.115 -2194.86
5.74282 -2079.05 -634.563
5.74318 -1054.01 2121.28
5.74355 2569.57 1612.53
5.74392 2414.94 -2521
5.74429 -1779.07 -2644.72
5.74465 -2150.33 1205.99
5.74502 881.447 2002.33
5.74539 2088.89 -46.6215
5.74576 1032.68 -1911.33
5.74612 -1546.96 -1857.46
5.74649 -2468.93 1266.63
5.74686 972.164 2850.69
5.74723 3135.63 -785.936
5.74759 -393.477 -3382.85
5.74796 -3225.97 -195.15
5.74833 -474.84 2691.88
5.7487 2412.23 644.861
5.74906 1260.14 -1967.18
5.74943 -955.726 -1764.63
5.7498 -1729.08 78.4521
5.75017 -297.644 1909.93
5.75053 2361.64 860.904
5.7509 1573.59 -2498.62
5.75127 -2248.4 -1974.93
5.75164 -2076.41 1905.62
5.752 1428.65 1897.57
5.75237 1662.19 -1109.94
5.75274 -565.164 -1765.46
5.75311 -1804.74 -566.118
5.75347 -1631.94 1217.81
5.75384 849.283 1905.12
5.75421 2171.69 -1138.21
5.75458 -1321.52 -2760.72
5.75494 -2982.26 893.154
5.75531 470.367 2540.16
5.75568 1930.26 -196.724
5.75605 17.3163 -1461.86
5.75641 -1194.48 -471.444
5.75678 -1159.85 823.717
5.75715 98.2134 1665.69
5.75752 1628.11 442.835
5.75788 560.037 -1697.68
5.75825 -2065.22 -807.898
5.75862 -1304.09 2139.11
5.75899 1845.87 1372.46
5.75935 1108.85 -1645.28
5.75972 -1378.7 -911.359
5.76009 -776.878 759.296
5.76046 -18.1535 646.913
5.76082 632.733 850.413
5.76119 1421.99 -661.534
5.76156 -927.323 -1589.59
5.76193 -1660.66 1372.55
5.76229 1315.04 1773.64
5.76266 1313.88 -776.276
5.76303 -491.137 -631.099
5.7634 -510.85 375.39
5.76376 -243.37 734.384
5.76413 501.511 882.307
5.7645 999.939 -109.777
5.76487 37.9065 -846.577
5.76523 -989.153 -60.8597
5.7656 -228.595 1344.59
5.76597 1701.72 507.141
5.76634 591.707 -1653.41
5.7667 -1408.14 -150.62
5.76707 442.573 1269.2
5.76744 1021.2 -482.445
5.76781 -193.886 -168.85
5.76817 708.222 66.0287
5.76854 -109.641 -948.385
5.76891 -738.655 693.643
5.76928 1225.54 588.144
5.76964 487.317 -1241.25
5.77001 -758.873 -240.182
5.77038 91.8448 302.561
5.77075 204.203 -142.621
5.77111 328.965 -196.954
5.77148 103.305 -672.504
5.77185 -384.978 -266.72
5.77222 36.5402 -42.5391
5.77258 24.3252 -100.058
5.77295 519.134 -94.6951
5.77332 61.818 -1166.33
5.77369 -1246.71 54.8858
5.77405 704.292 1112.19
5.77442 915.471 -1277.18
5.77479 -1379.58 -574.559
5.77516 21.2359 989.371
5.77552 445.535 -585.151
5.77589 -762.178 -28.6902
5.77626 376.633 276.545
5.77663 -230.123 -877.954
5.77699 -979.019 311.671
5.77736 266.185 448.889
5.77773 86.3921 -445.099
5.7781 -280.346 -327.318
5.77846 -645.008 -274.593
5.77883 -524.306 634.529
5.7792 666.142 114.443
5.77957 -394.192 -821.187
5.77993 -716.032 466.5
5.7803 188.806 -7.58778
5.78067 -889.002 42.5242
5.78104 270.348 1140.92
5.7814 680.916 -965.586
5.78177 -1796.9 -281.315
5.78214 -124.589 1854.14
5.78251 1047.23 -308.924
5.78287 -858.161 -334.33
5.78324 -20.1377 794.55
5.78361 48.9026 -221.981
5.78398 -563.796 617.047
5.78434 733.03 661.785
5.78471 354.459 -396.607
5.78508 -233.355 39.3758
5.78545 -194.924 301.58
5.78581 207.781 967.539
5.78618 1345.64 47.8033
5.78655 -334.84 -1053.96
5.78692 -752.55 1109.35
5.78728 1316.18 522.866
5.78765 -169.802 -723.239
5.78802 -71.1669 980.97
5.78839 1141.88 -518.975
5.78875 -1171.98 -571.276
5.78912 134.677 1695.01
5.78949 1617.36 -625.528
5.78986 -855.241 -885.579
5.79022 -15.3183 977.116
5.79059 743.344 -353.151
5.79096 -301.397 8.69684
5.79133 748.165 340.521
5.79169 327.831 -729.858
5.79206 -277.272 24.9307
5.79243 278.583 130.282
5.7928 282.787 174.125
5.79316 937.635 -372.933
5.79353 -459.458 -1237.62
5.7939 -770.901 933.915
5.79427 1647 100.181
5.79463 -316.873 -1824.9
5.795 -916.285 710.623
5.79537 1313.03 -266.82
5.79574 -879.103 -1362.32
5.7961 -351.258 1095.73
5.79647 1397.94 -852.014
5.79684 -1295.53 -1224.92
5.79721 -354.375 1152.94
5.79757 909.896 -593.949
5.79794 -830.072 -527.535
5.79831 45.5232 427.9
5.79868 -122.851 -606.221
5.79904 -644.041 325.212
5.79941 327.033 89.9536
5.79978 -420.696 -319.107
5.80015 -37.0881 205.385
5.80051 -360.741 -620.395
5.80088 -902.621 807.606
5.80125 1231.62 307.078
5.80162 -610.769 -1669.34
5.80198 -1515.75 1216.95
5.80235 1456.2 542.516
5.80272 -648.859 -1444.85
5.80309 -933.594 1279.81
5.80345 1214.25 -172.957
5.80382 -1350.02 -884.079
5.80419 -383.218 1681.26
5.80456 1161.29 -435.532
5.80492 -1175.66 -544.814
5.80529 -165.381 996.593
5.80566 112.056 -245.522
5.80603 -478.73 607.361
5.80639 703.689 86.0531
5.80676 -688.834 -509.285
5.80713 -172.779 1098.38
5.8075 676.343 -233.569
5.80786 -711.636 264.619
5.80823 1013.94 777.581
5.8086 1.75712 -1244.52
5.80897 -1274.91 1254.38
5.80933 1872.17 951.198
5.8097 -55.6964 -1607.22
5.81007 -1011.12 1266.13
5.81044 1582.58 280.268
5.8108 -748.614 -954.402
5.81117 -68.4329 1596.78
5.81154 1563.38 -606.069
5.81191 -1077.95 -717.177
5.81227 190.076 1196.09
5.81264 709.492 -497.465
5.81301 -282.651 282.111
5.81338 1000.34 -140.927
5.81374 -724.107 -802.421
5.81411 -26.5545 1394.96
5.81448 1489.83 -658.699
5.81485 -1043.6 -649.253
5.81521 573.172 1147.63
5.81558 645.222 -1334.19
5.81595 -1375.63 451.005
5.81632 1620.31 880.705
5.81668 91.9207 -2015.79
5.81705 -1417.28 840.353
5.81742 1596.99 328.367
5.81779 -503.86 -1485.47
5.81815 -392.697 1081.68
5.81852 1340.71 -788.766
5.81889 -1203.84 -873.119
5.81926 269.288 1098.9
5.81962 735.523 -1010.23
5.81999 -756.958 -25.9753
5.82036 822.857 -62.273
5.82073 -832.49 -973.035
5.82109 -174.258 1373.15
5.82146 1527.28 -1036.03
5.82183 -1781.04 -1027.8
5.8222 154.557 1724.3
5.82256 1073.1 -1456.07
5.82293 -1906.58 -134.211
5.8233 1035.73 1230.88
5.82367 97.631 -1986.53
5.82403 -1911.4 805.707
5.8244 1442.63 762.268
5.82477 -509.745 -1653.17
5.82514 -1051 1071.02
5.8255 984.906 -221.827
5.82587 -1240.41 -524.41
5.82624 168.176 1251.46
5.82661 444.753 -998.858
5.82697 -1322.95 368.081
5.82734 759.779 621.809
5.82771 -710.615 -845.781
5.82808 -412.686 1498.05
5.82844 1382.88 -752.928
5.82881 -2032.73 -719.878
5.82918 241.144 2323.14
5.82955 1524.75 -1429.37
5.82991 -2167.68 -228.419
5.83028 969.088 1842.82
5.83065 560.217 -1778.86
5.83102 -1874.87 903.354
5.83138 1751.42 1175.75
5.83175 -145.127 -1744.47
5.83212 -1202.95 1246.8
5.83249 1317.37 358.792
5.83285 -672.458 -476.791
5.83322 367.553 1186.06
5.83359 557.353 -895.538
5.83396 -1197.7 661.869
5.83432 1304.08 927.776
5.83469 -166.947 -1100.1
5.83506 -435.345 1375.36
5.83543 1618.22 -457.441
5.83579 -1506.32 -713.604
5.83616 635.949 2226.93
5.83653 1893.67 -1603.59
5.8369 -2046.69 -411.143
5.83726 1238.51 1947.92
5.83763 1068.6 -1954.21
5.838 -1714.66 578.049
5.83837 1945.68 1002.43
5.83873 20.262 -2130.44
5.8391 -1273.03 1083.07
5.83947 1615.21 221.752
5.83984 -509.167 -1139.02
5.8402 87.9826 742.674
5.84057 488.654 -1088.94
5.84094 -1191.6 307.426
5.84131 1349.66 529.12
5.84167 -244.761 -1743.95
5.84204 -939.849 1010.61
5.84241 1537.12 -394.436
5.84278 -1317.4 -1173.67
5.84314 237.504 1709.67
5.84351 1547.15 -1647.18
5.84388 -2178.69 -566.616
5.84425 952.298 1832.31
5.84461 915.143 -2011.16
5.84498 -1960.21 322.371
5.84535 1488.66 939.229
5.84572 -308.482 -1998.57
5.84608 -1449.73 1163.32
5.84645 1499.2 115.241
5.84682 -929.021 -1309.87
5.84719 -429.892 1017.97
5.84755 443.771 -790.143
5.84792 -1300.89 247.084
5.84829 1015.14 655.645
5.84866 -516.394 -1569.54
5.84902 -1347.89 1320.87
5.84939 1517.82 162.236
5.84976 -1223.26 -1172.42
5.85013 -362.556 1812.3
5.85049 1303.1 -916.485
5.85086 -1998.69 -308.024
5.85123 661.269 2017.44
5.8516 883.363 -1513.17
5.85196 -1877.01 392.01
5.85233 1168.71 1218.45
5.8527 -162.684 -1376.19
5.85307 -1017.43 1264.5
5.85343 1530.86 61.8162
5.8538 -983.833 -1025.73
5.85417 -162.789 1467.6
5.85454 1015.13 -631.841
5.8549 -1035.67 97.1142
5.85527 1066.07 837.933
5.85564 -130.64 -1344.59
5.85601 -1039.07 1367.27
5.85637 1908.27 318.679
5.85674 -797.136 -1434.15
5.85711 -481.496 1703.82
5.85748 1637.79 -510.994
5.85784 -1380.37 -612.787
5.85821 569.381 1709.07
5.85858 1167.38 -1332.07
5.85895 -1488.09 7.53576
5.85931 984.905 1119.01
5.85968 275.109 -1161.14
5.86005 -571.86 726.572
5.86042 1242.79 -217.719
5.86078 -936.379 -812.307
5.86115 175.856 1342.97
5.86152 1146.02 -963.354
5.86188 -1182.76 -209.752
5.86225 862.657 834.634
5.86262 31.4257 -1398.89
5.86299 -1060 978.412
5.86335 1725.85 147.171
5.86372 -822.134 -1736.59
5.86409 -833.421 1458.42
5.86446 1638.85 -400.509
5.86482 -1206.7 -1119.81
5.86519 42.0081 1361.83
5.86556 1080.81 -1126.88
5.86593 -1431.25 -377.238
5.86629 530.804 1038.61
5.86666 413.962 -1018.32
5.86703 -700.042 212.781
5.8674 591.303 -97.602
5.86776 -791.131 -457.681
5.86813 220.659 1024.31
5.8685 723.43 -1016.01
5.86887 -1384.14 -69.6178
5.86923 714.309 996.454
5.8696 102.393 -1246.36
5.86997 -1159.08 821.852
5.87034 1412.66 322.816
5.8707 -758.966 -1492.47
5.87107 -937.468 1524.23
5.87144 1634.17 -81.9216
5.87181 -1043.73 -1184.6
5.87217 -327.316 1429.89
5.87254 1106.46 -590.172
5.87291 -1207.93 -403.543
5.87328 306.45 1146.43
5.87364 559.102 -785.186
5.87401 -854.844 55.6199
5.87438 318.86 370.806
5.87475 -288.995 -263.014
5.87511 117.714 579.957
5.87548 336.001 -722.849
5.87585 -1120.61 167.564
5.87622 740.219 906.794
5.87658 180.464 -1141.4
5.87695 -1079.95 644.494
5.87732 1200.6 455.426
5.87769 -498.458 -1230.8
5.87805 -777.01 1339.13
5.87842 1605.42 11.8012
5.87879 -822.633 -1181.02
5.87916 -440.505 1374.5
5.87952 1239.03 -284.94
5.87989 -821.727 -521.671
5.88026 257.292 1014.4
5.88063 652.027 -710.465
5.88099 -817.206 -4.13077
5.88136 480.869 627.253
5.88173 220.393 -475.794
5.8821 -137.235 172.364
5.88246 245.331 -286.32
5.88283 -546.176 133.454
5.8832 664.839 566.393
5.88357 192.916 -977.78
5.88393 -897.957 438.68
5.8843 958.323 476.936
5.88467 -245.189 -1016.49
5.88504 -652.892 957.654
5.8854 1287.7 1.08917
5.88577 -715.676 -1074.19
5.88614 -503.706 1171.59
5.88651 1147.1 -185.478
5.88687 -654.19 -674.266
5.88724 41.3003 741.938
5.88761 503.558 -629.472
5.88798 -743.949 -18.4653
5.88834 562.697 521.273
5.88871 244.748 -812.739
5.88908 -505.082 51.2836
5.88945 319.006 42.2714
5.88981 -206.37 -214.101
5.89018 279.127 240.37
5.89055 143.781 -724.484
5.89092 -767.582 183.846
5.89128 597.332 426.68
5.89165 -79.8825 -855.258
5.89202 -661.394 518.768
5.89239 777.899 65.3386
5.89275 -596.2 -821.252
5.89312 -496.862 900.905
5.89349 874.21 -107.313
5.89386 -610.048 -610.864
5.89422 -185.693 657.599
5.89459 345.258 -299.487
5.89496 -548.951 112.309
5.89533 467.465 417.3
5.89569 -24.4537 -646.931
5.89606 -596.128 430.567
5.89643 512.465 288.696
5.8968 -196.619 -343.767
5.89716 -83.2871 429.195
5.89753 238.878 -292.542
5.8979 -642.497 103.018
5.89827 372.285 586.45
5.89863 156.174 -606.992
5.899 -660.609 263.196
5.89937 475.439 329.351
5.89974 -187.831 -509.867
5.9001 -318.487 581.807
5.90047 664.653 -24.049
5.90084 -367.865 -447.347
5.90121 -106.274 571.122
5.90157 437.01 -71.5114
5.90194 -153.214 18.4199
5.90231 376.947 145.015
5.90268 -105.87 -341.23
5.90304 -150.337 568.783
5.90341 739.828 -39.3838
5.90378 -292.945 -463.938
5.90415 5.30658 563.728
5.90451 536.776 -345.202
5.90488 -514.221 -138.843
5.90525 429.846 540.324
5.90562 415.944 -731.143
5.90598 -664.916 -29.0252
5.90635 438.419 441.746
5.90672 231.145 -571.298
5.90709 -309.044 92.8163
5.90745 383.245 -6.43592
5.90782 -186.075 -390.181
5.90819 -136.948 288.273
5.90856 301.987 -86.0774
5.90892 -92.4546 -220.263
5.90929 -61.8562 -121.888
5.90966 -339.774 -49.0671
5.91003 112.6 367.81
5.91039 344.01 -540.998
5.91076 -778.026 -273.704
5.91113 77.1686 620.519
5.9115 358.586 -623.693
5.91186 -816.865 -90.3672
5.91223 354.411 568.198
5.9126 191.214 -833.229
5.91297 -939.89 109.683
5.91333 411.97 654.438
5.9137 229.509 -618.691
5.91407 -624.698 47.6927
5.91444 144.246 344.077
5.9148 -39.9848 -170.111
5.91517 -223.897 221.905
5.91554 130.253 133.81
5.91591 -14.5409 -89.7104
5.91627 -237.612 -10.49
5.91664 -237.021 396.634
5.91701 480.567 288.178
5.91738 32.8923 -606.866
5.91774 -763.282 359.438
5.91811 615.711 699.37
5.91848 254.203 -725.069
5.91885 -763.719 367.51
5.91921 730.47 619.605
5.91958 96.8544 -788.362
5.91995 -767.552 541.195
5.92032 811.999 632.136
5.92068 202.942 -735.285
5.92105 -615.694 267.265
5.92142 406.544 501.643
5.92179 250.138 -266.484
5.92215 -136.923 19.8873
5.92252 154.744 161.65
5.92289 233.235 -101.772
5.92326 -83.7238 -191.765
5.92362 -21.9543 314.633
5.92399 698.6 -62.7011
5.92436 -162.324 -781.485
5.92473 -511.603 517.839
5.92509 1003.69 199.605
5.92546 -61.6727 -1069.49
5.92583 -661.017 483.372
5.9262 929.705 130.192
5.92656 -251.447 -987.215
5.92693 -562.72 607.587
5.9273 897.19 20.0087
5.92767 -299.434 -931.562
5.92803 -590.216 422.053
5.9284 497.711 179.95
5.92877 20.9508 -499.341
5.92914 -320.13 -86.5406
5.9295 -96.0475 140.231
5.92987 164.262 -7.7023
5.93024 -125.48 -312.16
5.93061 -290.157 252.027
5.93097 435.886 2.87025
5.93134 -394.198 -597.136
5.93171 -490.761 694.278
5.93208 847.934 32.7283
5.93244 -534.481 -875.982
5.93281 -614.208 806.152
5.93318 791.48 -13.3681
5.93355 -644.254 -649.989
5.93391 -315.127 813.269
5.93428 648.453 -290.685
5.93465 -761.692 -435.359
5.93502 -210.357 756.592
5.93538 441.078 -113.872
5.93575 -280.116 -205.837
5.93612 -152.152 140.612
5.93649 -192.094 190.01
5.93685 245.213 332.092
5.93722 126.659 -344.911
5.93759 -473.984 261.962
5.93796 462.538 387.225
5.93832 -67.7633 -453.003
5.93869 -328.816 624.734
5.93906 829.328 70.3478
5.93943 -397.713 -622.553
5.93979 -238.985 814.357
5.94016 818.589 -122.551
5.94053 -445.339 -363.409
5.9409 193.493 612.396
5.94126 421.814 -512.208
5.94163 -589.287 101.025
5.942 535.567 487.002
5.94237 166.542 -564.384
5.94273 -310.226 258.426
5.9431 390.283 -36.3752
5.94347 -390.076 -114.83
5.94384 339.892 586.752
5.9442 399.906 -704.789
5.94457 -855.778 65.3288
5.94494 550.811 686.514
5.94531 255.074 -764.606
5.94567 -624.208 263.451
5.94604 638.413 211.842
5.94641 -181.116 -648.967
5.94678 -279.434 468.905
5.94714 537.501 -122.982
5.94751 -243.139 -284.735
5.94788 191.485 136.166
5.94825 -114.108 -416.385
5.94861 -208.383 479.96
5.94898 776.496 -247.583
5.94935 -652.197 -652.965
5.94972 -82.1487 881.522
5.95008 794.097 -618.123
5.95045 -1032.44 -303.338
5.95082 490.089 1006.27
5.95119 593.524 -1197.89
5.95155 -1409.1 73.9497
5.95192 819.715 1090.93
5.95229 492.874 -1271.08
5.95266 -1179.75 159.227
5.95302 675.456 706.702
5.95339 164.896 -818.844
5.95376 -604.708 222.866
5.95413 361.497 272.303
5.95449 93.2433 -265.586
5.95486 -144.795 -188.713
5.95523 -471.447 142.07
5.9556 424.124 620.913
5.95596 470.968 -971.287
5.95633 -1447.64 -60.2261
5.9567 631.34 1372.48
5.95707 810.419 -1451.58
5.95743 -1858.61 21.3649
5.9578 979.916 1482.76
5.95817 590.313 -1825.9
5.95854 -2027.33 432.029
5.9589 1339.4 1459.85
5.95927 468.219 -1906.55
5.95964 -1866.06 449.393
5.96001 1045.65 1257.5
5.96037 406.7 -1269.14
5.96074 -1186.43 206.212
5.96111 428.538 841.116
5.96148 443.962 -495.7
5.96184 -656.555 -321.533
5.96221 -437.2 856.301
5.96258 1086.49 359.439
5.96295 -174.974 -1408.59
5.96331 -1637.19 973.192
5.96368 1721.12 1362.56
5.96405 380.892 -2198.8
5.96442 -2271.17 959.455
5.96478 2029.64 1706.85
5.96515 389.328 -2441.87
5.96552 -2307.16 1237.44
5.96589 2307.84 1612.25
5.96625 302.058 -2506.93
5.96662 -2193.34 1168.75
5.96699 1957.81 1550.21
5.96736 549.781 -1955.97
5.96772 -1611.06 484.507
5.96809 1036.58 1260.76
5.96846 843.652 -1094.15
5.96883 -1051.32 -370.268
5.96919 82.6529 1272.61
5.96956 1618.01 -418.173
5.96993 -861.586 -1647.12
5.9703 -1156.25 1688.75
5.97066 2615.14 416.73
5.97103 -544.42 -2852.11
5.9714 -2150.01 1828.01
5.97177 3017.1 940.334
5.97213 -439.293 -3268.41
5.9725 -2376.97 1907.34
5.97287 3084.03 912.429
5.97324 -519.989 -3304.1
5.9736 -2403.7 1754.49
5.97397 2677.33 1016.47
5.97434 -96.7952 -2880.03
5.97471 -2186.02 866.486
5.97507 1537.41 1165.8
5.97544 552.27 -1937.07
5.97581 -1789.54 -212.648
5.97618 365.863 1434.62
5.97654 1357.99 -1202.9
5.97691 -1850.84 -1334.87
5.97728 -733.224 2229.94
5.97765 2491.64 -587.591
5.97801 -2007.69 -2540.6
5.97838 -1794.71 2905.16
5.97875 3210.15 58.2506
5.97912 -1931.54 -3099.45
5.97948 -2218.52 3090.97
5.97985 3306.43 325.502
5.98022 -1805.13 -3035.52
5.98059 -2234 2962.34
5.98095 3054.04 637.904
5.98132 -1140.41 -2729.48
5.98169 -2227.77 2117.16
5.98206 2168.59 1274.44
5.98242 64.7936 -1995.26
5.98279 -2003.07 790.33
5.98316 1072.69 1856.63
5.98353 1213.51 -1339.03
5.98389 -2030.75 -345.519
5.98426 359.899 2662.15
5.98463 2460.88 -1183.26
5.985 -2443.03 -1478.37
5.98536 -301.323 3551.3
5.98573 3542.1 -979.093
5.9861 -2493.34 -2347.28
5.98647 -746.896 3756.17
5.98683 3808.63 -754.226
5.9872 -2209.25 -2524.14
5.98757 -801.586 3419.23
5.98794 3602.7 -515.726
5.9883 -1577.42 -2522.53
5.98867 -1092.06 2568.49
5.98904 2966.71 251.577
5.98941 -291.703 -2366.21
5.98977 -1491.38 1088.88
5.99014 1875.22 1117.83
5.99051 942.422 -2060.05
5.99088 -1885.01 -168.618
5.99124 1150.85 1870.07
5.99161 1861.43 -2240.54
5.99198 -2684.91 -1046.62
5.99235 712.016 2795.97
5.99271 2706.69 -2464.02
5.99308 -3237.7 -1806.64
5.99345 180.964 3217.61
5.99382 2891.69 -2237.15
5.99418 -3133.35 -1968.87
5.99455 -118.144 2969.78
5.99492 2528.96 -1830.71
5.99529 -2690.31 -1875.12
5.99565 -615.342 2476.06
5.99602 2113.78 -862.091
5.99639 -1609.18 -1963.59
5.99676 -1487.4 1504.45
5.99712 1438.71 536.679
5.99749 -255.037 -1895.54
5.99786 -2175.35 539.458
5.99822 991.18 1638.95
5.99859 662.629 -2018.2
5.99896 -2879.54 157.536
5.99933 1061.86 2611.24
5.99969 1397.73 -2343.69
6.00006 -3417.29 -83.7777
6.00043 1013.53 3220.75
6.0008 1770.19 -2190.16
6.00116 -3175.69 -144.439
6.00153 893.069 3037.89
6.0019 1604.34 -1722.4
6.00227 -2515.72 -64.2458
6.00263 640.258 2577.63
6.003 1564.24 -971.756
6.00337 -1538.37 -477.132
6.00374 -196.358 1933.21
6.0041 1628.68 274.281
6.00447 -193.467 -1112.56
6.00484 -1105.87 1090.27
6.00521 1631.55 1307.23
6.00557 740.916 -1666.25
6.00594 -1729.33 689.927
6.00631 1951.38 1821.7
6.00668 1108.06 -2330.48
6.00704 -2228.38 602.73
6.00741 2193.65 2024.98
6.00778 1223.96 -2608.72
6.00815 -2168.64 423.705
6.00851 1979.18 1624.17
6.00888 935.423 -2295.78
6.00925 -1602.35 304.452
6.00962 1549.12 961.826
6.00998 698.583 -1777.54
6.01035 -1063.34 -172.103
6.01072 605.121 622.702
6.01109 921.386 -837.591
6.01145 -393.659 -1132.69
6.01182 -721.881 334.377
6.01219 1106.43 247.075
6.01256 98.9164 -1842.57
6.01292 -1613.79 282.739
6.01329 1313.67 723.926
6.01366 -73.2839 -2284.4
6.01403 -2098.97 700.141
6.01439 1603.31 832.022
6.01476 -380.6 -2427.23
6.01513 -2140.03 953.111
6.0155 1396.07 673.459
6.01586 -658.903 -1837.86
6.01623 -1504.96 996.079
6.0166 912.791 223.195
6.01697 -860.387 -1006.61
6.01733 -895.881 846.925
6.0177 296.366 205.486
6.01807 -381.56 -189.995
6.01844 -498.311 72.7616
6.0188 -690.63 532.101
6.01917 397.973 720.72
6.01954 -104.205 -729.067
6.01991 -1306.34 823.955
6.02027 985.586 1039.84
6.02064 -212.871 -1094.82
6.02101 -1252.89 1370.17
6.02138 1582.28 775.538
6.02174 -539.467 -1245.62
6.02211 -917.635 1708.42
6.02248 1698.81 436.259
6.02285 -585.479 -815.066
6.02321 -131.354 1478.05
6.02358 1218.27 -129.121
6.02395 -583.001 -47.2978
6.02432 651.566 1062.9
6.02468 702.488 -455.245
6.02505 -189.185 359.285
6.02542 818.716 242.924
6.02579 25.6893 -179.986
6.02615 640.719 581.552
6.02652 712.272 -785.461
6.02689 -540.285 147.37
6.02726 1189.39 460.733
6.02762 281.109 -1269.46
6.02799 -477.758 522.304
6.02836 1442.1 -197.964
6.02873 -452.658 -1329.09
6.02909 -189.375 844.992
6.02946 1300.67 -755.099
6.02983 -810.46 -971.521
6.0302 226.798 569.802
6.03056 469.068 -1116.74
6.03093 -864.606 -110.62
6.0313 772.16 44.3209
6.03167 -393.444 -1328.5
6.03203 -754.391 491.703
6.0324 777.325 -417.748
6.03277 -909.215 -904.107
6.03314 -179.162 606.776
6.0335 293.277 -946.887
6.03387 -1234.49 -151.868
6.03424 359.663 516.215
6.03461 -238.637 -1041.38
6.03497 -1006.24 432.837
6.03534 450.918 42.6501
6.03571 -882.357 -570.071
6.03608 -381.122 898.085
6.03644 310.187 -447.086
6.03681 -1173.5 37.1269
6.03718 135.409 826.07
6.03755 -272.11 -510.006
6.03791 -822.034 885.093
6.03828 709.254 217.231
6.03865 -1023.23 -484.25
6.03902 -370.668 1582.31
6.03938 1024.06 -213.667
6.03975 -1192.49 -202.482
6.04012 207.405 1513.78
6.04049 699.062 -509.646
6.04085 -988.105 430.178
6.04122 821.778 1088.02
6.04159 297.804 -621.132
6.04196 -506.048 718.35
6.04232 853.495 460.52
6.04269 -45.6261 -169.978
6.04306 350.876 665.979
6.04343 542.142 -329.2
6.04379 -276.986 338.02
6.04416 919.655 346.854
6.04453 57.906 -604.322
6.0449 101.871 725.463
6.04526 1143.79 -486.336
6.04563 -711.767 -504.429
6.046 626.37 1124.02
6.04637 1223.59 -1156.9
6.04673 -1067.13 -363.276
6.0471 870.912 961.218
6.04747 751.712 -1320.15
6.04784 -893.583 47.6797
6.0482 1033.11 390.673
6.04857 126.833 -1257.74
6.04894 -601.719 236.422
6.04931 693.511 -93.285
6.04967 -182.925 -688.399
6.05004 -6.81068 -36.1797
6.05041 -75.7986 -615.192
6.05078 -398.27 96.6833
6.05114 473.364 -330.082
6.05151 -674.971 -732.467
6.05188 -197.257 520.145
6.05225 392.148 -818.271
6.05261 -1240.09 -248.759
6.05298 382.55 816.573
6.05335 186.466 -1293.69
6.05372 -1548.7 212.812
6.05408 662.471 826.308
6.05445 -149.587 -1198.42
6.05482 -1227.47 600.31
6.05519 699.07 398.828
6.05555 -557.434 -814.836
6.05592 -724.698 798.673
6.05629 462.509 112.388
6.05666 -498.421 -214.28
6.05702 -148.639 418.341
6.05739 -215.97 -25.4229
6.05776 -190.5 618.132
6.05813 448.473 -74.2949
6.05849 -712.136 -63.0839
6.05886 168.947 1001.21
6.05923 472.287 -421.776
6.0596 -835.793 376.64
6.05996 794.298 879.511
6.06033 122.602 -825.989
6.0607 -840.249 866.394
6.06107 1188.16 622.131
6.06143 -135.37 -865.04
6.0618 -446.64 957.853
6.06217 1076.79 96.6279
6.06254 -396.445 -496.433
6.0629 122.281 837.024
6.06327 766.745 -330.901
6.06364 -322.685 -129.028
6.06401 404.068 301.886
6.06437 111.712 -314.06
6.06474 162.098 353.98
6.06511 601.6 -474.176
6.06548 -571.21 -224.873
6.06584 489.415 614.992
6.06621 477.466 -846.288
6.06658 -668.362 75.8624
6.06695 775.838 260.1
6.06731 -123.268 -990.944
6.06768 -507.894 578.846
6.06805 993.643 -168.228
6.06842 -532.083 -908.319
6.06878 -189.696 661.101
6.06915 674.92 -530.074
6.06952 -702.43 -343.609
6.06989 339.64 475.424
6.07025 181.856 -825.718
6.07062 -692.633 137.726
6.07099 476.806 151.719
6.07136 -297.819 -561.037
6.07172 -180.974 412.383
6.07209 299.351 -478.304
6.07246 -845.415 -72.3986
6.07283 317.241 622.355
6.07319 95.0105 -785.024
6.07356 -859.615 284.435
6.07393 499.683 328.301
6.0743 -395.688 -599.634
6.07466 -409.946 719.939
6.07503 604.425 -174.657
6.0754 -744.642 -300.077
6.07577 41.1922 794.29
6.07613 297.249 -441.889
6.0765 -667.37 284.36
6.07687 602.651 421.377
6.07724 -246.066 -666.035
6.0776 -510.557 786.551
6.07797 850.472 68.9717
6.07834 -495.08 -519.132
6.07871 -50.4084 762.443
6.07907 525.079 -403.375
6.07944 -668.288 40.8324
6.07981 558.475 598.457
6.08018 173.577 -753.854
6.08054 -606.173 392.709
6.08091 697.79 259.174
6.08128 -188.68 -522.461
6.08165 -78.3882 561.694
6.08201 538.145 -294.505
6.08238 -518.332 -83.6455
6.08275 399.866 509.959
6.08312 151.511 -553.602
6.08348 -392.712 413.796
6.08385 743.207 1.57042
6.08422 -501.364 -606.399
6.08459 -108.356 914.344
6.08495 942.227 -447.258
6.08532 -818.54 -523.331
6.08569 148.53 867.602
6.08606 579.089 -649.202
6.08642 -742.004 -20.7475
6.08679 555.519 454.377
6.08716 15.8177 -802.195
6.08753 -588.799 414.168
6.08789 632.914 111.526
6.08826 -295.497 -533.596
6.08863 -130.342 418.785
6.089 255.671 -319.677
6.08936 -496.82 53.9618
6.08973 383.569 260.844
6.0901 -163.457 -542.501
6.09047 -330.19 483.552
6.09083 569.328 -204.163
6.0912 -694.284 -351.291
6.09157 172.648 864.967
6.09194 670.761 -749.66
6.0923 -1036.79 -159.478
6.09267 449.051 930.94
6.09304 472.694 -822.756
6.09341 -797.683 155.572
6.09377 630.351 459.707
6.09414 -70.3566 -699.951
6.09451 -444.424 529.66
6.09488 658.738 41.0985
6.09524 -318.619 -419.892
6.09561 -54.0177 421.711
6.09598 193.792 -259.239
6.09635 -324.469 171.197
6.09671 439.695 98.6779
6.09708 -282.124 -459.845
6.09745 -174.353 531.111
6.09782 511.114 -276.073
6.09818 -621.93 -166.996
6.09855 354.993 649.305
6.09892 330.961 -814.028
6.09929 -952.121 207.311
6.09965 704.961 698.717
6.10002 162.543 -943.695
6.10039 -798.724 367.334
6.10076 662.331 320.679
6.10112 -234.704 -649.551
6.10149 -339.347 543.074
6.10186 537.503 -130.448
6.10223 -440.27 -321.101
6.10259 13.8435 388.61
6.10296 107.016 -282.099
6.10333 -263.676 206.535
6.1037 402.32 -39.0925
6.10406 -385.974 -355.83
6.10443 -55.1698 583.498
6.1048 474.556 -301.559
6.10517 -534.081 -82.3528
6.10553 366.565 500.849
6.1059 114.47 -613.774
6.10627 -639.122 440.497
6.10664 789.02 376.382
6.107 -128.41 -789.908
6.10737 -548.413 607.131
6.10774 714.482 138.082
6.10811 -312.29 -479.909
6.10847 -90.8565 558.977
6.10884 443.865 -252.503
6.10921 -436.072 -94.603
6.10958 241.669 368.417
6.10994 91.0481 -334.751
6.11031 -180.026 260.839
6.11068 420.071 -100.895
6.11105 -385.453 -247.965
6.11141 111.21 563.328
6.11178 465.551 -402.269
6.11215 -501.391 -96.3139
6.11252 311.842 384.539
6.11288 73.915 -492.431
6.11325 -345.948 315.073
6.11362 608.443 -3.1617
6.11399 -330.619 -598.826
6.11435 -230.62 518.991
6.11472 574.364 -224.199
6.11509 -412.515 -366.076
6.11546 95.6383 347.758
6.11582 194.028 -474.044
6.11619 -445.57 65.2535
6.11656 382.885 169.778
6.11693 -114.595 -491.155
6.11729 -248.334 290.291
6.11766 336.45 -158.743
6.11803 -464.765 -182.288
6.1184 115.977 485.795
6.11876 267.03 -461.445
6.11913 -614.802 5.93988
6.1195 208.412 421.69
6.11987 24.7595 -350.037
6.12023 -294.864 232.36
6.1206 273.368 -17.8983
6.12097 -376.604 -184.965
6.12134 -0.225675 465.182
6.1217 267.787 -262.781
6.12207 -427.193 25.1626
6.12244 243.673 298.102
6.12281 -81.3486 -360.521
6.12317 -333.691 422.79
6.12354 503.68 76.1406
6.12391 -319.856 -392.814
6.12428 -193.914 528.408
6.12464 380.417 -108.187
6.12501 -407.887 -74.6747
6.12538 204.764 449.985
6.12575 184.6 -400.193
6.12611 -489.196 167.59
6.12648 366.049 387.887
6.12685 129.184 -327.509
6.12722 -168.267 163.768
6.12758 228.254 27.4492
6.12795 -93.6564 0.663672
6.12832 273.599 214.184
6.12869 127.486 -292.239
6.12905 -167.868 203.194
6.12942 455.694 37.1356
6.12979 -162.99 -337.769
6.13016 -16.5438 461.509
6.13052 591.195 -262.124
6.13089 -425.113 -375.296
6.13126 39.1573 518.049
6.13163 453.676 -334.979
6.13199 -376.461 -170.665
6.13236 225.942 253.805
6.13273 78.3624 -443.869
6.1331 -358.419 146.487
6.13346 368.436 126.77
6.13383 -39.3615 -413.372
6.1342 -226.545 103.298
6.13456 103.13 -16.798
6.13493 -92.3988 -22.2783
6.1353 137.076 -28.8206
6.13567 -185.47 -262.714
6.13603 -150.845 261.126
6.1364 286.592 -160.015
6.13677 -404.368 -234.908
6.13714 36.2624 404.339
6.1375 297.864 -432.108
6.13787 -628.915 -131.441
6.13824 152.99 499.254
6.13861 260.633 -460.376
6.13897 -506.232 -35.7191
6.13934 162.956 271.375
6.13971 -47.2981 -299.234
6.14008 -249.691 238.093
6.14044 271.432 32.7772
6.14081 -219.476 -212.938
6.14118 -137.918 277.277
6.14155 114.907 22.4677
6.14191 -88.2426 78.3043
6.14228 110.775 29.3611
6.14265 -210.738 -66.7549
6.14302 -5.74978 373.115
6.14338 275.467 -125.743
6.14375 -321.301 -24.6026
6.14412 197.934 380.894
6.14449 166.886 -344.04
6.14485 -436.783 189.881
6.14522 430.498 392.925
6.14559 132.953 -467.235
6.14596 -402.166 195.461
6.14632 330.798 249.546
6.14669 -2.03794 -232.688
6.14706 -63.6007 224.628
6.14743 231.777 -101.452
6.14779 -225.046 -76.014
6.14816 104.741 250.132
6.14853 142.2 -175.382
6.1489 -109.275 29.7987
6.14926 177.35 -33.5224
6.14963 -143.854 -139.103
6.15 62.7599 237.407
6.15037 259.648 -236.158
6.15073 -235.89 -94.2859
6.1511 191.976 172.096
6.15147 44.1845 -324.284
6.15184 -230.488 190.91
6.1522 435.284 52.9437
6.15257 -127.707 -464.337
6.15294 -288.422 293.667
6.15331 366.1 42.8256
6.15367 -124.648 -271.125
6.15404 -46.1746 168.286
6.15441 96.5952 -178.668
6.15478 -254.905 43.0737
6.15514 203.9 161.592
6.15551 -0.852044 -289.377
6.15588 -209.411 134.071
6.15625 194.076 13.8677
6.15661 -171.329 -142.87
6.15698 9.2468 244.774
6.15735 189.033 -173.891
6.15772 -263.626 -48.1142
6.15808 76.3373 189.941
6.15845 -0.639819 -156.884
6.15882 -123.003 167.43
6.15919 222.897 -63.0081
6.15955 -288.396 -218.403
6.15992 -101.072 356.918
6.16029 291.444 -111.303
6.16066 -259.554 -175.83
6.16102 -5.23584 196.797
6.16139 43.6798 -167.684
6.16176 -191.646 128.944
6.16213 261.465 66.2069
6.16249 -104.285 -288.864
6.16286 -169.158 250.326
6.16323 282.344 10.4014
6.1636 -145.714 -156.091
6.16396 30.6214 239.421
6.16433 196.418 -157.961
6.1647 -226.67 -29.6753
6.16507 102.944 216.605
6.16543 108.895 -130.573
6.1658 -70.304 21.2168
6.16617 71.7657 -49.8438
6.16654 -163.998 -21.7741
6.1669 102.089 203.79
6.16727 149.728 -228.099
6.16764 -260.748 -33.7363
6.16801 97.8691 180.43
6.16837 14.2249 -160.402
6.16874 -128.423 146.873
6.16911 222.59 -6.89292
6.16948 -197.114 -188.099
6.16984 -114.315 317.249
6.17021 260.505 -28.6257
6.17058 -191.135 -125.046
6.17095 -4.30749 239.954
6.17131 113.568 -127.912
6.17168 -233.196 22.7791
6.17205 125.466 216.611
6.17242 124.716 -175.693
6.17278 -157.769 -47.4604
6.17315 -0.524376 81.7783
6.17352 47.1553 33.2197
6.17389 133.199 -23.0347
6.17425 -22.923 -179.597
6.17462 -124.733 97.565
6.17499 189.067 65.9382
6.17536 -9.85816 -153.145
6.17572 -36.0652 122.218
6.17609 172.376 -74.3682
6.17646 -179.581 -96.7104
6.17683 22.451 254.476
6.17719 228.907 -116.668
6.17756 -174.859 -104.462
6.17793 31.9217 174.634
6.1783 101.647 -118.056
6.17866 -134.17 37.8195
6.17903 169.221 122.843
6.1794 90.3351 -219.101
6.17977 -182.919 -14.3603
6.18013 62.452 173.397
6.1805 177.801 -53.2878
6.18087 -1.47076 -164.972
6.18124 -131.033 -9.30431
6.1816 31.2121 125.586
6.18197 115.119 -93.223
6.18234 -118.186 -102.907
6.18271 -16.7567 73.9158
6.18307 23.859 -122.326
6.18344 -194.961 -21.437
6.18381 46.9522 116.637
6.18418 53.8187 -184.823
6.18454 -222.898 -54.7417
6.18491 -10.3499 111.424
6.18528 20.3398 -91.3229
6.18565 -105.492 14.4516
6.18601 60.3203 32.0445
6.18638 -41.7135 -127.067
6.18675 -162.474 77.8157
6.18712 89.6391 158.419
6.18748 121.107 -108.299
6.18785 -154.752 -92.6323
6.18822 -102.147 187.122
6.18859 157.5 84.525
6.18895 3.77841 -125.467
6.18932 -122.29 69.7523
6.18969 68.3143 82.881
6.19006 -23.8779 -58.5832
6.19042 -62.5754 115.992
6.19079 129.683 54.0507
6.19116 -25.03 -102.713
6.19153 -107.234 93.9117
6.19189 82.5175 121.242
6.19226 63.6751 -7.6291
6.19263 -5.57241 14.7508
6.193 7.5278 32.481
6.19336 -5.42529 51.5017
6.19373 23.9753 91.4612
6.1941 100.417 39.4702
6.19447 45.4118 -89.3169
6.19483 -116.614 3.45752
6.1952 43.5002 171.942
6.19557 193.541 -72.0132
6.19594 -74.5233 -149.337
6.1963 -35.753 96.8488
6.19667 129.729 -45.2017
6.19704 -45.8622 -85.5282
6.19741 55.4056 60.9687
6.19777 117.237 -131.77
6.19814 -97.1372 -94.0588
6.19851 7.67332 77.72
6.19888 100.546 -36.2247
6.19924 31.4351 -77.4957
6.19961 -4.03544 -87.4217
6.19998 -83.9967 -13.3437
6.20035 37.5427 78.3108
6.20071 101.054 -85.9617
6.20108 -50.7551 -104.761
6.20145 -56.5391 -9.03336
6.20182 -38.5163 13.2758
6.20218 52.3893 31.3303
6.20255 54 -125.801
6.20292 -150.937 -59.0601
6.20329 -16.4767 104.433
6.20365 45.1495 -70.4943
6.20402 -109.74 3.86427
6.20439 39.9757 60.4712
6.20476 -47.5471 -117.934
6.20512 -173.12 79.5755
6.20549 49.883 114.711
6.20586 -11.8614 -57.8541
6.20623 -78.8054 22.8558
6.20659 -49.4127 -9.13647
6.20696 -129.186 80.953
6.20733 79.4674 135.691
6.2077 63.6456 -133.505
6.20806 -179.679 -18.1598
6.20843 -4.82787 158.319
6.2088 91.2981 5.14919
6.20917 15.4254 -24.9925
6.20953 -7.40468 -23.5892
6.2099 -45.1979 40.4889
6.21027 66.4648 68.3695
6.21064 36.0373 -40.3484
6.211 -15.1646 44.8411
6.21137 85.7712 -12.6658
6.21174 -72.8674 -55.0413
6.21211 -16.438 155.479
6.21247 163.426 -13.9907
6.21284 -48.7307 -100.019
6.21321 -16.9799 88.4705
6.21358 57.8014 -9.58916
6.21394 -27.3877 52.1102
6.21431 156.866 53.0016
6.21468 33.4862 -157.702
6.21505 -138.698 74.1468
6.21541 143.374 144.992
6.21578 129.865 -111.587
6.21615 -55.667 -48.1489
6.21652 -3.69769 44.9168
6.21688 39.989 10.4059
6.21725 35.2997 -33.4449
6.21762 -20.7269 -35.0282
6.21799 13.8284 -10.3148
6.21835 -17.4837 -109.329
6.21872 -134.656 9.8529
6.21909 81.4746 79.5533
6.21946 55.5123 -197.835
6.21982 -204.424 -58.835
6.22019 4.93395 112.789
6.22056 44.4669 -86.6378
6.22093 -69.4358 -1.45559
6.22129 56.0084 -11.1048
6.22166 -93.0005 -95.5506
6.22203 -85.8371 140.705
6.2224 154.866 44.9853
6.22276 -13.9585 -136.564
6.22313 -121.909 37.0232
6.2235 27.3157 87.2082
6.22387 57.8959 -10.5408
6.22423 -16.2865 -39.5795
6.2246 -25.5293 26.045
6.22497 59.7284 -11.9378
6.22534 -59.965 -70.2066
6.2257 -53.4543 134.315
6.22607 198.602 5.42393
6.22644 -58.05 -209.959
6.22681 -182.509 145.45
6.22717 161.61 132.931
6.22754 29.2068 -121.694
6.22791 -81.1401 56.6186
6.22828 34.8154 20.7742
6.22864 -98.0747 17.4301
6.22901 30.2844 153.446
6.22938 108.417 -61.8702
6.22975 -117.172 -62.1289
6.23011 -52.4585 110.512
6.23048 65.2467 37.4252
6.23085 38.2656 -40.3367
6.23122 -21.872 -51.5852
6.23158 -16.2654 30.5356
6.23195 73.7834 -27.3591
6.23232 -58.1982 -66.1079
6.23269 30.1917 115.99
6.23305 188.383 -120.179
6.23342 -181.024 -168.046
6.23379 -69.3252 228.282
6.23416 250.033 -36.0975
6.23452 -92.5897 -190.721
6.23489 -86.1977 99.8401
6.23526 57.6205 -30.6879
6.23563 -78.518 4.77168
6.23599 85.5945 61.1408
6.23636 8.15101 -144.606
6.23673 -137.791 28.7204
6.2371 60.5158 87.2555
6.23746 38.2977 -36.0523
6.23783 10.0802 -1.66616
6.2382 -7.79641 -40.7525
6.23857 -45.895 64.0483
6.23893 84.4772 39.7628
6.2393 -29.957 -41.6876
6.23967 15.7454 102.987
6.24004 88.3877 -92.9339
6.2404 -206.279 -13.4225
6.24077 59.6867 250.602
6.24114 186.235 -157.296
6.24151 -235.384 -100.486
6.24187 -16.5639 196.103
6.24224 90.2554 -71.9582
6.24261 -92.1046 3.59005
6.24298 79.1074 14.0609
6.24334 -65.9496 -120.195
6.24371 -70.9989 117.062
6.24408 129.987 -4.30058
6.24445 -42.3368 -79.9982
6.24481 28.6606 46.6398
6.24518 16.4863 -83.8443
6.24555 -85.1871 69.984
6.24592 141.671 47.4937
6.24628 1.68713 -134.991
6.24665 -56.4756 52.7333
6.24702 53.1322 -39.6965
6.24739 -98.8644 8.2335
6.24775 133.597 105.001
6.24812 63.8052 -228.287
6.24849 -241.534 19.0986
6.24886 122.146 173.878
6.24922 86.0622 -157.314
6.24959 -101.396 18.1042
6.24996 76.1925 3.08878
6.25033 -95.7283 -49.1209
6.25069 23.3102 159.933
6.25106 121.865 -92.5675
6.25143 -148.135 -21.0899
6.2518 58.0048 123.322
6.25216 -5.52161 -113.032
6.25253 -134.302 125.377
6.2529 175.32 59.3753
6.25327 -68.6649 -192.428
6.25363 -163.058 112.885
6.254 85.8829 51.9606
6.25437 -31.4368 -36.3697
6.25474 40.0705 10.9109
6.2551 -62.1598 -136.331
6.25547 -147.343 128.841
6.25584 177.025 81.6714
6.25621 -21.0948 -168.127
6.25657 -93.9276 86.375
6.25694 83.1685 -7.71643
6.25731 -105.972 13.4061
6.25768 111.361 148.17
6.25804 84.2541 -174.52
6.25841 -183.991 58.1397
6.25878 160.463 144.873
6.25915 19.6155 -166.33
6.25951 -91.5895 140.515
6.25988 248.924 5.02543
6.26025 -87.4063 -213.362
6.26062 -98.3417 188.937
6.26098 235.856 25.1539
6.26135 9.61063 -148.567
6.26172 -21.2712 5.1964
6.26209 -14.5778 -20.1071
6.26245 16.2929 95.4901
6.26282 150.309 -64.4751
6.26319 -111.028 -115.365
6.26356 -21.559 127.752
6.26392 70.1951 -83.389
6.26429 -142.908 23.48
6.26466 138.037 91.2265
6.26503 -21.4997 -234.942
6.26539 -236.682 117.413
6.26576 193.763 101.906
6.26613 -38.5738 -224.914
6.2665 -132.114 128.362
6.26686 173.707 -47.1453
6.26723 -170.096 -166.95
6.2676 -44.5814 212.098
6.26797 215.561 -87.8356
6.26833 -136.075 -180.521
6.2687 -90.1447 87.8739
6.26907 35.9987 18.0039
6.26944 28.2434 -6.53789
6.2698 1.55762 -120.319
6.27017 -174.845 -4.8977
6.27054 48.8821 129.671
6.2709 22.315 -140.971
6.27127 -173.372 67.8231
6.27164 146.222 76.5681
6.27201 -86.4854 -199.191
6.27237 -192.769 216.228
6.27274 245.943 96.6027
6.27311 -66.6664 -187.376
6.27348 -114.206 190.989
6.27384 154.288 25.2596
6.27421 -121 -10.8291
6.27458 73.3922 222.4
6.27495 151.911 -116.624
6.27531 -183.34 -15.701
6.27568 28.2933 209.536
6.27605 119.315 -6.44714
6.27642 14.4968 -32.4696
6.27678 -24.6189 -48.5074
6.27715 -91.3004 84.6113
6.27752 143.991 84.7494
6.27789 25.0901 -173.2
6.27825 -121.158 82.0322
6.27862 171.697 34.2976
6.27899 -79.1 -172.339
6.27936 -78.8183 195.335
6.27972 260.223 -17.7324
6.28009 -102.196 -199.477
6.28046 -76.7927 156.333
6.28083 147.514 -19.1132
6.28119 -51.1888 -34.1214
6.28156 106.301 50.9993
6.28193 19.9718 -178.952
6.2823 -140.671 59.7724
6.28266 160.02 84.8335
6.28303 69.4101 -163.044
6.2834 -45.321 -40.0428
6.28377 11.1687 -42.6169
6.28413 -31.6212 24.9752
6.2845 136.216 6.46785
6.28487 -8.45222 -175.792
6.28524 -113.376 60.7663
6.2856 114.124 8.45727
6.28597 -86.0217 -105.97
6.28634 -35.5733 141.394
6.28671 127.235 -86.8079
6.28707 -185.788 -105.349
6.28744 -57.3542 169.343
6.28781 76.461 -31.3322
6.28818 -81.1837 -27.1998
6.28854 12.6219 -6.33387
6.28891 -116.149 -64.9139
6.28928 -63.0023 157.92
6.28965 149.41 -34.9483
6.29001 -111.201 -134.907
6.29038 -73.4266 111.579
6.29075 49.8775 -14.0687
6.29112 -69.1322 10.802
6.29148 67.4815 43.1681
6.29185 -29.7573 -102.64
6.29222 -109.87 77.2628
6.29259 66.6045 46.282
6.29295 -36.4378 -35.3438
6.29332 10.1947 62.8704
6.29369 22.3914 -80.6719
6.29406 -129.869 31.2659
6.29442 74.2245 122.109
6.29479 69.53 -80.0652
6.29516 -42.0299 -0.820062
6.29553 27.7312 -2.58443
6.29589 -60.2414 32.0294
6.29626 117.987 127.457
6.29663 125.967 -147.747
6.297 -170.337 -13.3162
6.29736 72.4898 188.873
6.29773 121.79 -89.1924
6.2981 -89.9202 8.16162
6.29847 72.1765 74.1963
6.29883 -7.70171 -85.9073
6.2992 -80.915 68.5134
6.29957 68.3661 51.1431
6.29994 3.94115 -41.5441
6.3003 -11.8663 -21.2768
6.30067 -62.5936 -32.6686
6.30104 -33.6946 102.534
6.30141 124.013 -5.82156
6.30177 -40.3801 -116.157
6.30214 -49.0677 53.601
6.30251 34.242 -9.59619
6.30288 -39.3694 42.2175
6.30324 140.773 30.4831
6.30361 -14.5071 -195.56
6.30398 -187.014 99.6944
6.30435 174.999 126.907
6.30471 46.825 -199.295
6.30508 -144.337 27.116
6.30545 88.9885 42.0357
6.30582 -28.8572 -110.862
6.30618 -59.0508 61.805
6.30655 87.7248 -4.39511
6.30692 -2.88282 -83.981
6.30729 -38.7872 -22.1179
6.30765 -49.2147 38.6261
6.30802 76.2971 90.8215
6.30839 103.986 -104.084
6.30876 -126.94 -37.1542
6.30912 17.073 148.63
6.30949 80.0589 -32.533
6.30986 -38.1739 42.4381
6.31023 115.492 20.858
6.31059 -83.2325 -124.109
6.31096 -105.456 181.414
6.31133 225.171 33.2188
6.3117 -56.6254 -202.311
6.31206 -123.837 106.168
6.31243 120.918 -1.05163
6.3128 -68.8571 -98.7475
6.31317 -14.3416 80.3302
6.31353 80.7182 -77.866
6.3139 -85.2534 -83.1434
6.31427 -48.3382 33.3733
6.31464 -2.14842 28.7672
6.315 66.3806 -1.2402
6.31537 -20.6912 -139.897
6.31574 -176.966 46.0705
6.31611 84.5088 133.848
6.31647 49.203 -129.534
6.31684 -121.364 20.554
6.31721 66.358 29.5507
6.31758 -78.4453 -86.1276
6.31794 -35.4165 151.219
6.31831 176.388 -56.4575
6.31868 -127.052 -143.56
6.31905 -41.1017 153.051
6.31941 136.871 -42.583
6.31978 -86.1132 -46.0937
6.32015 56.8373 92.9677
6.32052 58.0884 -108.358
6.32088 -125.333 20.0542
6.32125 38.2983 114.215
6.32162 51.3838 -21.0833
6.32199 -3.92112 -16.8191
6.32235 -72.527 -30.4901
6.32272 -103.069 130.016
6.32309 136.893 87.8356
6.32346 -9.17287 -148.504
6.32382 -159.652 84.2554
6.32419 82.2764 92.751
6.32456 -21.4035 -55.9476
6.32493 -7.9704 103.349
6.32529 104.424 -52.5228
6.32566 -116.291 -39.6029
6.32603 36.5512 151.293
6.3264 115.276 -69.1213
6.32676 -68.8409 -9.46217
6.32713 90.262 51.9545
6.3275 1.09246 -117.603
6.32787 -88.2107 79.2291
6.32823 147.26 46.3538
6.3286 27.2362 -143.679
6.32897 -74.6833 -14.8419
6.32934 -2.89364 5.57616
6.3297 13.9644 32.6465
6.33007 119.485 -35.81
6.33044 -44.9633 -157.542
6.33081 -109.581 75.4916
6.33117 128.868 56.6262
6.33154 23.4066 -99.4574
6.33191 -26.2032 23.1185
6.33228 42.0456 -33.0846
6.33264 -63.1251 5.26811
6.33301 53.3569 86.2804
6.33338 48.6231 -71.7944
6.33375 -63.7694 2.48423
6.33411 36.73 13.1577
6.33448 -67.3186 -48.412
6.33485 -27.838 108.238
6.33522 126.354 -50.0061
6.33558 -106.134 -135.03
6.33595 -103.935 98.6425
6.33632 67.337 28.44
6.33669 -9.80334 -48.0504
6.33705 -11.4145 -19.0719
6.33742 -66.4226 -45.5337
6.33779 -74.5879 82.4861
6.33816 73.6841 44.5399
6.33852 -9.53551 -78.575
6.33889 -76.8918 14.9832
6.33926 -15.6968 35.8899
6.33963 -17.7385 28.638
6.33999 28.455 17.2643
6.34036 0.84712 -38.2431
6.34073 -29.3066 10.6091
6.3411 1.91146 -0.0540947
6.34146 -25.7818 26.3779
6.34183 87.6324 56.1277
6.3422 66.5963 -114.587
6.34257 -132.551 -20.2287
6.34293 38.1053 158.361
6.3433 156.309 -39.3444
6.34367 -42.9966 -79.5581
6.34404 -31.7607 65.0963
6.3444 44.1927 27.0492
6.34477 9.5496 21.9892
6.34514 43.337 27.1092
6.34551 19.0115 -38.4798
6.34587 -46.7487 2.43617
6.34624 3.9898 65.1506
6.34661 62.7576 6.89298
6.34698 10.7884 -51.5261
6.34734 -25.225 -5.28425
6.34771 14.3986 0.336873
6.34808 -11.8774 -17.7793
6.34845 16.4616 38.0347
6.34881 85.2609 -53.1391
6.34918 -70.7612 -118.589
6.34955 -105.812 82.7171
6.34992 112.188 70.1608
6.35028 46.5186 -149.302
6.35065 -146.686 -58.1605
6.35102 -40.8181 95.3994
6.35139 61.783 -8.65567
6.35175 -35.5715 -73.1875
6.35212 -50.2677 3.43628
6.35249 5.05501 -15.4336
6.35286 -53.5958 -24.2098
6.35322 -10.9287 59.0258
6.35359 82.4215 -28.3317
6.35396 -40.3354 -78.5073
6.35433 -48.922 61.8477
6.35469 60.0907 21.8529
6.35506 -3.37083 -16.0175
6.35543 35.6011 46.1902
6.3558 37.2037 -64.111
6.35616 -116.296 2.03
6.35653 19.9401 151.235
6.3569 126.759 -33.0517
6.35727 -75.6532 -101.277
6.35763 -110.747 74.7264
6.358 32.2929 95.8802
6.35837 56.0989 -19.7432
6.35874 -44.8273 -47.075
6.3591 -58.5925 52.3077
6.35947 27.3421 40.7544
6.35984 -18.464 -1.18372
6.36021 11.2378 76.4539
6.36057 81.436 -21.9678
6.36094 -74.2905 -44.4933
6.36131 -21.562 125.287
6.36168 117.391 18.0725
6.36204 -5.99673 -47.176
6.36241 11.4787 23.5668
6.36278 7.43438 -52.215
6.36315 -54.6055 48.9356
6.36351 121.191 47.9065
6.36388 47.9384 -164.283
6.36425 -120.506 -34.0337
6.36462 32.3028 73.9595
6.36498 73.8457 -52.5459
6.36535 5.4193 -68.2393
6.36572 -12.3228 -48.777
6.36609 -24.5801 6.39843
6.36645 36.675 13.6432
6.36682 10.8925 -30.3289
6.36719 13.411 20.3969
6.36756 35.5749 -42.7713
6.36792 -88.6323 -9.1972
6.36829 15.8721 122.809
6.36866 107.451 -37.0898
6.36903 -62.8484 -64.9719
6.36939 -33.3982 51.5403
6.36976 0.00669329 4.1987
6.37013 -1.78123 48.3238
6.3705 90.3142 -40.8159
6.37086 -81.575 -119.596
6.37123 -96.6815 102.175
6.3716 114.112 33.7371
6.37197 -6.98574 -116.393
6.37233 -72.935 13.2763
6.3727 2.04868 8.27851
6.37307 -41.919 -5.32441
6.37344 -1.62835 28.5865
6.3738 -2.87161 -20.8378
6.37417 -39.7521 -0.495136
6.37454 -35.6206 -10.4903
6.37491 -66.626 36.8437
6.37527 43.8966 70.0855
6.37564 37.4136 -82.6364
6.37601 -105.48 -27.9473
6.37638 -6.04609 81.7269
6.37674 51.0321 6.47209
6.37711 37.5743 -6.14002
6.37748 33.4704 -69.8859
6.37785 -86.8268 -9.60004
6.37821 44.0124 135.415
6.37858 149.737 -56.8046
6.37895 -62.0412 -90.5901
6.37932 -27.3133 87.0981
6.37968 65.9414 8.43808
6.38005 -16.1198 -5.02846
6.38042 24.9172 33.1468
6.38079 8.93617 -35.1519
6.38115 -49.2231 2.67242
6.38152 -16.7876 36.7564
6.38189 8.79206 36.0131
6.38226 46.7237 -13.805
6.38262 -35.6447 -71.2886
6.38299 -80.6607 52.6142
6.38336 49.3261 71.3632
6.38373 45.1402 -35.5628
6.38409 -5.47138 -30.4621
6.38446 -39.3358 -19.1747
6.38483 -53.9133 73.387
6.3852 94.6654 57.8514
6.38556 33.2702 -114.611
6.38593 -117.558 -0.469093
6.3863 16.0861 77.8183
6.38667 25.0571 -45.2595
6.38703 -30.7975 3.57207
6.3874 37.0782 -10.9085
6.38777 -35.3447 -66.0068
6.38814 -50.3851 30.4057
6.3885 43.3819 32.4848
6.38887 49.4595 -28.1881
6.38924 6.29633 -58.8773
6.38961 -57.1751 -4.52202
6.38997 17.8061 88.5133
6.39034 99.8861 -2.4301
6.39071 7.19992 -54.8961
6.39108 -20.8307 6.73624
6.39144 -17.3204 29.8981
6.39181 36.2812 74.6484
6.39218 101.542 -36.3791
6.39255 -65.058 -82.4708
6.39291 -52.3269 93.3203
6.39328 94.0892 8.83175
6.39365 -30.1073 -58.2256
6.39402 -4.82451 54.0384
6.39438 55.1198 -56.4267
6.39475 -84.3073 -39.2772
6.39512 -6.64022 94.2118
6.39549 81.4753 -12.525
6.39585 -9.76188 -72.2824
6.39622 -59.3062 -15.0536
6.39659 -40.0699 60.6842
6.39696 64.1977 40.9275
6.39732 29.7033 -89.5936
6.39769 -80.6094 -27.8721
6.39806 -16.9287 35.5814
6.39843 -5.40581 -2.33817
6.39879 35.246 6.23265
6.39916 28.4909 -109.041
6.39953 -130.62 -36.5267
6.3999 24.9094 104.126
6.40026 93.6738 -102.355
6.40063 -106.744 -57.8006
6.401 26.2075 71.6015
6.40137 33.1736 -98.9892
6.40173 -119.659 15.7458
6.4021 59.8678 101.67
6.40247 59.4014 -84.6031
6.40284 -97.0857 -28.2368
6.4032 -50.2401 81.3466
6.40357 25.8377 73.0915
6.40394 64.3993 -8.7451
6.40431 -53.5623 -59.1058
6.40467 -83.4084 88.971
6.40504 62.4835 67.5946
6.40541 10.6637 -15.4051
6.40578 17.3725 38.4723
6.40614 8.73046 -50.3535
6.40651 -99.4825 52.8436
6.40688 103.217 122.124
6.40724 72.1332 -115.855
6.40761 -127.057 11.9769
6.40798 66.0366 92.7919
6.40835 11.4517 -83.8265
6.40871 -84.022 74.7449
6.40908 111.602 37.8603
6.40945 -22.4529 -130.714
6.40982 -115.219 50.2591
6.41018 44.896 77.3194
6.41055 56.8909 -26.4287
6.41092 15.3082 -66.6758
6.41129 -76.4006 -30.4737
6.41165 -0.571879 106.234
6.41202 132.777 -19.3238
6.41239 -18.1712 -81.7074
6.41276 12.1533 45.9137
6.41312 54.8186 -47.7266
6.41349 -41.3199 29.5034
6.41386 126.538 56.2524
6.41423 46.9482 -144.469
6.41459 -96.036 19.5454
6.41496 87.1856 47.2588
6.41533 -2.99083 -86.6563
6.4157 -15.7376 47.9461
6.41606 95.256 -72.3962
6.41643 -117.785 -97.4537
6.4168 -49.7063 114.47
6.41717 103.24 -22.102
6.41753 -30.3897 -87.0239
6.4179 -55.1742 -12.4176
6.41827 -72.9196 19.3147
6.41864 19.9182 91.5488
6.419 76.6536 -64.8363
6.41937 -125.712 -50.2633
6.41974 -30.921 114.306
6.42011 42.5261 -28.2032
6.42047 -77.2082 17.7757
6.42084 48.7584 47.922
6.42121 -25.7864 -94.3554
6.42158 -97.9792 53.6545
6.42194 57.0286 31.4335
6.42231 -27.2307 -51.6815
6.42268 10.8264 28.7511
6.42305 16.8314 -100.5
6.42341 -136.053 17.5009
6.42378 87.0158 122.125
6.42415 87.8224 -128.477
6.42452 -120.335 -30.1372
6.42488 8.30088 78.9296
6.42525 12.3503 5.48715
6.42562 32.7665 60.4535
6.42599 54.1815 -61.0502
6.42635 -115.797 -0.762217
6.42672 33.4526 147.065
6.42709 88.9789 -37.114
6.42746 -57.9735 0.767127
6.42782 48.2113 48.2825
6.42819 -2.64177 -40.4177
6.42856 -21.739 74.0248
6.42893 88.3208 5.9014
6.42929 -4.24778 -37.2496
6.42966 37.4593 20.4575
6.43003 -12.4917 -62.2481
6.4304 -57.9565 96.4905
6.43076 173.954 34.0284
6.43113 -20.3478 -183.721
6.4315 -153.38 87.855
6.43187 111.623 82.1692
6.43223 3.14002 -96.2543
6.4326 -40.4096 32.0197
6.43297 25.7599 -54.5089
6.43334 -111.008 -14.4874
6.4337 36.4521 91.3148
6.43407 64.4288 -99.4402
6.43444 -82.5759 -43.1763
6.43481 12.2354 18.3201
6.43517 -14.3774 -39.3749
6.43554 12.499 34.8682
6.43591 71.0012 -57.4784
6.43628 -47.5235 -46.8042
6.43664 9.52742 24.9604
6.43701 -12.4439 -28.5988
6.43738 5.50431 82.9702
6.43775 127.192 -58.7993
6.43811 -140.081 -127.013
6.43848 -84.3443 189.275
6.43885 185.316 9.08926
6.43922 -77.3524 -138.072
6.43958 -75.358 99.098
6.43995 65.517 -13.8622
6.44032 -78.4537 -6.13333
6.44069 41.8089 90.4592
6.44105 51.2409 -76.233
6.44142 -77.8688 -1.72428
6.44179 15.1608 60.4587
6.44216 5.47992 11.5596
6.44252 36.5556 38.5299
6.44289 29.6459 -57.7286
6.44326 -85.1726 7.44104
6.44363 16.0012 73.6318
6.44399 14.5283 -15.5669
6.44436 4.86066 24.3104
6.44473 27.25 -81.3219
6.4451 -157.329 -22.5437
6.44546 26.681 171.069
6.44583 152.389 -117.835
6.4462 -159.9 -118.613
6.44657 -30.074 141.788
6.44693 105.116 -47.9361
6.4473 -68.3277 -39.1773
6.44767 47.6578 57.8779
6.44804 41.4355 -74.7625
6.4484 -60.9637 13.7733
6.44877 42.0472 50.6884
6.44914 39.2 -9.68386
6.44951 40.2219 -4.25265
6.44987 -9.8115 -54.2893
6.45024 -60.6633 44.451
6.45061 74.8491 52.305
6.45098 31.9853 -64.3707
6.45134 -28.1841 -12.652
6.45171 -13.2385 -32.1029
6.45208 -68.3775 40.3062
6.45245 94.2839 76.9614
6.45281 45.9263 -148.004
6.45318 -173.552 -1.39721
6.45355 41.5559 149.499
6.45392 75.5681 -68.7994
6.45428 -87.5487 -2.92029
6.45465 23.9254 61.0224
6.45502 -14.164 -34.7329
6.45539 -56.6448 60.8565
6.45575 45.3667 45.4215
6.45612 8.83889 -23.2663
6.45649 -15.0081 -12.0066
6.45686 -44.0159 -5.68727
6.45722 -4.62028 72.0532
6.45759 95.4674 -14.8972
6.45796 -21.0264 -99.729
6.45833 -48.7392 15.4239
6.45869 28.2297 10.9954
6.45906 20.0153 3.32162
6.45943 73.4736 -35.4352
6.4598 -30.8042 -105.968
6.46016 -78.8653 66.1078
6.46053 99.5877 51.0777
6.4609 19.9442 -95.3706
6.46127 -50.0842 15.3394
6.46163 29.977 8.43084
6.462 -39.691 -13.5432
6.46237 8.50242 62.8544
6.46274 61.5111 -22.0954
6.4631 -24.2918 -34.6061
6.46347 -22.042 11.6321
6.46384 -15.8785 31.5234
6.46421 60.0647 55.4029
6.46457 72.4742 -74.5484
6.46494 -87.0576 -50.4448
6.46531 -20.5286 95.7583
6.46568 78.3359 9.63584
6.46604 10.679 -44.4736
6.46641 -19.0419 -35.45
6.46678 -70.4516 -2.26617
6.46715 -3.44122 67.5488
6.46751 49.2972 -45.321
6.46788 -74.4528 -48.7343
6.46825 -26.7259 33.8965
6.46862 -19.9086 -48.1831
6.46898 -78.6581 29.6562
6.46935 54.2533 39.661
6.46972 -6.04363 -92.8466
6.47009 -91.5932 10.4611
6.47045 10.0123 46.2378
6.47082 2.60326 15.1566
6.47119 46.2191 23.8541
6.47156 13.7209 -80.7506
6.47192 -103.182 28.0516
6.47229 55.2478 125.456
6.47266 99.3123 -46.9141
6.47303 -34.5167 -53.1392
6.47339 -30.8381 28.6715
6.47376 4.37134 55.2565
6.47413 75.5237 20.0255
6.4745 14.1412 -78.5376
6.47486 -61.396 30.4633
6.47523 66.5576 38.1797
6.4756 -14.7599 -61.6546
6.47597 -31.5082 87.6909
6.47633 125.541 -2.90976
6.4767 -59.9873 -106.017
6.47707 -73.3781 116.367
6.47744 108.573 44.3352
6.4778 -5.56801 -52.2876
6.47817 -4.86667 31.7623
6.47854 -2.09609 -31.3482
6.47891 -70.4607 54.458
6.47927 85.548 65.1135
6.47964 40.966 -108.472
6.48001 -93.9754 -23.4297
6.48038 -10.707 50.8886
6.48074 39.0546 0.850511
6.48111 49.8015 -54.3476
6.48148 -44.6764 -84.9865
6.48185 -52.7375 45.0453
6.48221 84.4915 -12.9644
6.48258 -39.152 -85.0714
6.48295 -12.2693 73.0419
6.48332 99.5427 -76.0298
6.48368 -133.149 -86.9516
6.48405 -21.9944 163.339
6.48442 154.482 -45.6598
6.48479 -90.9952 -117.914
6.48515 -58.7643 81.8375
6.48552 40.9664 1.95076
6.48589 -25.3766 10.0366
6.48626 54.5715 8.73346
6.48662 -21.6422 -80.9339
6.48699 -76.1726 46.552
6.48736 49.421 55.7092
6.48773 33.6685 -23.1687
6.48809 2.043 -20.049
6.48846 -46.1452 -12.8917
6.48883 -25.8022 81.6806
6.4892 69.2883 17.4011
6.48956 -46.3539 -34.7446
6.48993 -14.9959 75.7283
6.4903 36.6481 -44.293
6.49067 -134.895 15.1399
6.49103 43.6854 161.843
6.4914 118.556 -109.549
6.49177 -160.672 -74.3264
6.49214 -33.4213 155.174
6.4925 106.933 -9.62263
6.49287 -11.3345 -56.301
6.49324 8.41003 -4.66199
6.49361 -19.3452 -22.1222
6.49397 2.26626 51.5327
6.49434 86.6946 -12.2531
6.49471 6.5358 -57.8216
6.49508 -4.63631 0.758608
6.49544 2.19047 -13.6701
6.49581 2.36784 27.5009
6.49618 62.2613 -9.93957
6.49655 -14.8927 -59.3612
6.49691 -22.9833 14.2757
6.49728 9.12142 -21.544
6.49765 -41.1892 20.8908
6.49802 79.5037 40.3636
6.49838 31.8174 -126.214
6.49875 -136.945 3.8536
6.49912 48.743 132.278
6.49949 113.543 -58.638
6.49985 -44.9537 -61.6596
6.50022 -30.1539 34.6889
6.50059 5.44512 31.0514
6.50096 38.818 31.0093
6.50132 33.0403 -39.8586
6.50169 -58.3596 -24.7305
6.50206 -19.8413 38.3544
6.50243 4.95544 -9.28329
6.50279 -30.6487 1.26931
6.50316 4.78283 -11.6847
6.50353 -37.7275 -59.1336
6.5039 -73.0065 8.17017
6.50426 -11.8233 33.1902
6.50463 13.8624 -13.4229
6.505 -6.43343 -50.3574
6.50537 -71.6612 -26.1211
6.50573 -45.427 75.1159
6.5061 70.7388 37.6715
6.50647 21.0023 -62.0549
6.50684 -60.3823 2.34777
6.5072 -11.9996 64.0036
6.50757 36.7274 43.4248
6.50794 49.4842 -0.707524
6.50831 -0.67657 -34.4932
6.50867 -36.3312 24.0263
6.50904 31.4977 49.5379
6.50941 44.8644 -13.7877
6.50978 6.4679 -16.1298
6.51014 20.2505 -7.16032
6.51051 -2.21131 -24.8171
6.51088 -23.4466 27.0268
6.51125 58.4035 45.0894
6.51161 67.0976 -58.889
6.51198 -71.4464 -50.3138
6.51235 -52.2712 99.0836
6.51272 94.9376 54.4846
6.51308 26.5508 -69.4606
6.51345 -73.3373 5.15286
6.51382 -12.8482 56.2005
6.51419 11.1581 20.8923
6.51455 17.7025 17.8506
6.51492 16.338 -28.6095
6.51529 -42.689 -27.4098
6.51566 -16.8702 33.0411
6.51602 40.0806 7.48132
6.51639 25.6202 -38.1269
6.51676 -0.87029 -43.6908
6.51713 -12.9127 -22.6054
6.51749 -1.46806 -2.87544
6.51786 12.9889 1.04209
6.51823 48.1385 -16.4194
6.5186 12.1398 -93.0308
6.51896 -109.975 -20.4288
6.51933 10.5446 118.545
6.5197 128.947 -55.4534
6.52007 -83.9991 -125.812
6.52043 -92.6035 82.4261
6.5208 70.1604 38.3147
6.52117 -2.38783 -46.6504
6.52154 -12.3482 15.1641
6.5219 12.3953 -25.345
6.52227 -43.6131 8.71035
6.52264 20.4383 57.5915
6.52301 41.753 -11.4454
6.52337 1.97695 -12.1119
6.52374 -1.73499 -1.38892
6.52411 -27.52 23.5008
6.52448 19.55 49.9481
6.52484 39.9107 -10.0077
6.52521 -10.0382 -20.7884
6.52558 -38.6758 -13.2125
6.52595 -63.7759 41.6703
6.52631 56.2828 73.5807
6.52668 59.904 -104.572
6.52705 -149.643 -55.2897
6.52742 -28.0284 131.533
6.52778 102.188 -30.7882
6.52815 -57.2431 -71.2878
6.52852 -20.6082 37.7968
6.52889 13.4244 -33.5951
6.52925 -45.7475 16.6308
6.52962 50.5125 37.3145
6.52999 24.3373 -58.8569
6.53036 -38.1819 -6.23196
6.53072 1.04732 12.6601
6.53109 -6.91997 13.8668
6.53146 44.2888 20.9095
6.53183 23.6902 -61.5007
6.53219 -61.3754 -17.0611
6.53256 -6.04612 44.3226
6.53293 31.3634 16.7237
6.5333 44.4168 -15.8859
6.53366 -18.1486 -76.3252
6.53403 -91.966 42.026
6.5344 73.3365 101.891
6.53477 67.6977 -79.3281
6.53513 -86.6387 -11.5912
6.5355 22.5385 76.2926
6.53587 15.3574 -20.7399
6.53624 -40.5483 55.5478
6.5366 67.9496 32.7894
6.53697 -13.1711 -60.8284
6.53734 -67.1232 46.1311
6.53771 20.2336 49.5942
6.53807 14.0211 1.97821
6.53844 23.7378 -11.4432
6.53881 -30.4036 -53.164
6.53918 -68.5901 38.407
6.53954 50.9208 55.2914
6.53991 51.6829 -51.8778
6.54028 -26.8903 -50.0257
6.54065 -49.502 4.54673
6.54101 0.786052 69.9024
6.54138 94.9965 -1.06595
6.54175 -12.5286 -93.7307
6.54212 -67.286 44.9447
6.54248 64.8969 40.4028
6.54285 2.7015 -49.3546
6.54322 -5.91886 42.2725
6.54358 79.9176 -24.036
6.54395 -38.2991 -69.3185
6.54432 -25.6685 55.0646
6.54469 83.4996 10.1033
6.54505 40.2413 -51.9706
6.54542 6.59871 -43.912
6.54579 -31.6833 -23.1674
6.54616 8.44126 57.2683
6.54652 95.5736 -7.4427
6.54689 0.742145 -92.1857
6.54726 -69.6698 -8.01402
6.54763 -15.1029 52.7588
6.54799 41.1809 26.6614
6.54836 20.9019 -62.7125
6.54873 -92.7539 -40.5985
6.5491 -43.8054 75.2793
6.54946 37.2571 -5.46702
6.54983 -53.7851 -33.605
6.5502 -12.3727 35.2438
6.55057 8.04709 -49.1965
6.55093 -87.0293 -5.38067
6.5513 8.21816 71.5281
6.55167 51.9174 -33.497
6.55204 -29.707 -45.3054
6.5524 -35.0518 -3.35877
6.55277 -30.3865 30.2749
6.55314 40.8991 42.423
6.55351 42.1393 -68.1682
6.55387 -79.7018 -47.1638
6.55424 -43.1077 62.6554
6.55461 32.3547 24.1438
6.55498 17.786 -32.4589
6.55534 -29.6699 -46.53
6.55571 -68.2958 23.1257
6.55608 17.0795 59.0941
6.55645 27.9906 -29.6741
6.55681 -30.9602 10.3357
6.55718 30.6303 27.7976
6.55755 -21.2515 -22.8665
6.55792 -27.6072 87.8573
6.55828 103.649 51.5158
6.55865 16.7068 -51.8907
6.55902 -44.3332 43.4795
6.55939 27.2105 59.4038
6.55975 28.7852 42.8464
6.56012 65.7862 15.5216
6.56049 -3.43428 -64.5804
6.56086 -74.0802 40.7129
6.56122 56.4034 73.289
6.56159 56.246 -55.6452
6.56196 -30.4365 -45.9989
6.56233 -25.6981 -5.21672
6.56269 -6.58345 14.5904
6.56306 40.2949 -7.46649
6.56343 -1.43573 -51.3015
6.5638 -17.5728 6.2876
6.56416 23.5726 -29.7511
6.56453 -58.9238 -15.9529
6.5649 24.9958 88.0297
6.56527 95.7325 -65.8215
6.56563 -90.8736 -80.3079
6.566 -38.0819 93.3932
6.56637 75.8357 8.79608
6.56674 4.37608 -39.3083
6.5671 18.303 -30.4022
6.56747 -39.1807 -52.1708
6.56784 -31.1348 66.1472
6.56821 107.137 1.72389
6.56857 8.55907 -114.638
6.56894 -60.7046 -0.723262
6.56931 17.0585 29.7575
6.56968 24.8759 -5.69703
6.57004 22.5994 -23.0186
6.57041 -24.9663 -21.2903
6.57078 -13.5013 31.6883
6.57115 0.370965 -15.1681
6.57151 -64.5063 36.1153
6.57188 55.2291 73.6394
6.57225 19.78 -101.848
6.57262 -158.859 14.8207
6.57298 24.1011 143.687
6.57335 78.0633 -54.1248
6.57372 -67.8678 -36.866
6.57409 -14.3201 27.3415
6.57445 -32.2994 -2.06265
6.57482 8.62727 67.2218
6.57519 87.419 -39.8683
6.57556 -59.441 -74.6529
6.57592 -44.6099 65.1752
6.57629 54.3761 16.9068
6.57666 14.0888 -22.5023
6.57703 5.79365 -16.441
6.57739 -31.6766 -18.2634
6.57776 -5.79949 28.7095
6.57813 18.4807 -15.2341
6.5785 -22.0779 15.5913
6.57886 61.5449 -1.15087
6.57923 -31.0915 -102.019
6.5796 -94.4612 81.0012
6.57997 130.103 70.6564
6.58033 38.2141 -138.865
6.5807 -93.507 10.3553
6.58107 49.0263 56.9307
6.58144 17.4314 -20.9921
6.5818 28.6181 31.4382
6.58217 47.3389 -54.6901
6.58254 -75.3481 -10.6699
6.58291 15.7269 84.6335
6.58327 50.3893 -24.4434
6.58364 -29.7621 -9.6669
6.58401 -0.262839 1.77512
6.58438 -48.5165 -11.2475
6.58474 -19.2277 56.4015
6.58511 26.6523 -11.1624
6.58548 -31.9319 -17.9754
6.58585 -2.12707 -8.40133
6.58621 -67.3861 -23.2893
6.58658 -21.0219 103.346
6.58695 126.661 -29.3297
6.58732 -76.1541 -123.37
6.58768 -88.6993 109.168
6.58805 102.168 35.9227
6.58842 -4.49 -64.9073
6.58879 -5.14087 24.748
6.58915 6.11907 -39.1472
6.58952 -61.9835 26.4653
6.58989 63.9994 44.8838
6.59026 17.6449 -74.7745
6.59062 -49.4712 9.78771
6.59099 29.1011 -5.62258
6.59136 -38.1536 -22.9255
6.59173 19.1476 63.7163
6.59209 67.9208 -44.4282
6.59246 -44.7151 -38.2734
6.59283 -7.8206 40.005
6.5932 4.69673 28.188
6.59356 54.8123 59.3391
6.59393 75.3928 -70.8516
6.5943 -115.306 -28.6402
6.59467 7.21856 161.443
6.59503 137.49 -24.8197
6.5954 -52.2061 -65.7879
6.59577 -11.5381 54.9837
6.59614 14.3871 -24.6227
6.5965 -27.5641 38.3013
6.59687 79.1998 1.71254
6.59724 -29.3085 -93.7154
6.59761 -50.9032 36.6856
6.59797 45.8897 -15.2112
6.59834 -50.9018 -29.1526
6.59871 26.0225 43.0598
6.59908 35.5346 -93.5433
6.59944 -108.944 -20.3894
6.59981 -1.31262 79.58
6.60018 36.5223 -22.2654
6.60055 -3.95997 -23.0539
6.60091 -22.9019 -47.7922
6.60128 -96.314 30.309
6.60165 58.1363 93.6178
6.60202 73.7179 -96.0839
6.60238 -96.4779 -33.1442
6.60275 14.8346 65.1948
6.60312 26.1924 -35.5612
6.60349 -3.35923 31.4725
6.60385 81.2195 -25.5235
6.60422 -47.0639 -67.5276
6.60459 -15.5705 77.3331
6.60496 75.9671 -14.3506
6.60532 -33.5137 -18.2109
6.60569 42.0336 39.7454
6.60606 0.435742 -78.6534
6.60643 -107.183 51.0007
6.60679 72.7341 91.7717
6.60716 40.5978 -82.7806
6.60753 -88.8181 -11.2472
6.6079 -28.7596 50.1165
6.60826 -1.59004 39.2822
6.60863 47.9405 14.7646
6.609 -15.8505 -63.8618
6.60937 -75.255 39.1065
6.60973 49.8379 51.4472
6.6101 7.49941 -30.5666
6.61047 -2.96822 38.2683
6.61084 49.6584 -38.2472
6.6112 -68.7824 -27.5579
6.61157 14.6703 87.3081
6.61194 72.2457 -48.4043
6.61231 -47.3527 -39.2108
6.61267 22.8539 12.3162
6.61304 -23.2097 -67.0894
6.61341 -56.6934 55.804
6.61378 111.627 5.21071
6.61414 -13.7136 -148.219
6.61451 -120.115 22.6684
6.61488 45.6995 75.4834
6.61525 63.4459 -46.5816
6.61561 -17.3106 -55.3341
6.61598 -50.9033 4.0659
6.61635 4.70212 62.9862
6.61672 53.112 -1.90306
6.61708 -25.1089 -13.2939
6.61745 12.4924 45.6412
6.61782 15.0547 -29.6895
6.61819 -73.0514 37.0377
6.61855 52.403 84.4896
6.61892 46.3907 -65.9593
6.61929 -75.3564 -4.55937
6.61966 5.77133 47.9332
6.62002 -9.68121 -16.4887
6.62039 -2.47902 49.4605
6.62076 72.4711 -31.413
6.62113 -75.7742 -80.9231
6.62149 -75.1682 93.0998
6.62186 96.459 56.8763
6.62223 35.0914 -82.4678
6.6226 -83.0607 -26.5822
6.62296 -37.8718 74.5076
6.62333 59.8077 40.246
6.6237 12.8977 -48.5797
6.62407 -50.6001 11.6238
6.62443 29.7149 24.297
6.6248 -13.0038 -43.7201
6.62517 -36.4278 53.8574
6.62554 96.2241 15.1248
6.6259 7.94842 -105.437
6.62627 -65.561 17.5005
6.62664 54.2682 41.3072
6.62701 45.6119 -32.1912
6.62737 30.9176 -14.7119
6.62774 20.526 -50.1274
6.62811 -42.979 2.4463
6.62848 38.2255 69.1507
6.62884 80.0699 -27.2969
6.62921 -14.4403 -63.5252
6.62958 -53.9658 11.9343
6.62995 5.33481 66.2315
6.63031 64.7575 -4.79189
6.63068 -21.8788 -67.9061
6.63105 -50.1853 29.3786
6.63142 32.6081 9.33873
6.63178 -37.1187 -36.7697
6.63215 -8.4205 50.5869
6.63252 72.0402 -44.4669
6.63289 -72.9692 -78.5185
6.63325 -56.9831 68.5532
6.63362 63.0986 14.4798
6.63399 7.12865 -53.9778
6.63436 -31.6029 -31.2069
6.63472 -63.5733 -6.36021
6.63509 -17.499 64.1172
6.63546 58.9835 -15.6458
6.63583 -51.5381 -71.3191
6.63619 -69.4475 31.1212
6.63656 -2.65153 19.2786
6.63693 -15.8733 7.6359
6.6373 19.0179 -4.79132
6.63766 -29.5268 -46.6583
6.63803 -45.0111 37.6175
6.6384 38.9865 18.1955
6.63877 -5.02509 -14.7721
6.63913 28.8936 37.8324
6.6395 39.4514 -47.8049
6.63987 -69.0802 5.25389
6.64024 40.6304 101.245
6.6406 85.8823 -23.725
6.64097 -22.9757 -30.6
6.64134 -19.6111 16.0368
6.64171 -29.6471 44.1726
6.64207 53.4115 78.0922
6.64244 61.7405 -78.1829
6.64281 -120.364 -36.9191
6.64318 -11.8773 126.871
6.64354 82.7127 -17.3082
6.64391 -49.3236 -34.2073
6.64428 5.79822 41.9569
6.64465 9.6474 -27.3054
6.64501 -39.3582 33.813
6.64538 47.4953 38.8977
6.64575 26.9803 -24.7618
6.64612 7.58215 -1.77394
6.64648 -9.40245 -18.8976
6.64685 -26.5724 49.3436
6.64722 88.4165 29.8457
6.64759 22.5937 -96.8359
6.64795 -65.2191 -7.12124
6.64832 18.6417 16.8554
6.64869 -1.09215 -17.0378
6.64906 49.0467 -0.0875835
6.64942 23.1762 -124.276
6.64979 -129.174 -17.3124
6.65016 49.9537 105.102
6.65053 96.4519 -108.246
6.65089 -94.4007 -57.9734
6.65126 8.74216 68.6428
6.65163 29.0806 -43.9268
6.652 -50.9736 20.2684
6.65236 51.4089 50.7834
6.65273 21.395 -44.7355
6.6531 -54.5129 0.136233
6.65347 -21.5617 52.7483
6.65383 35.569 56.6155
6.6542 59.1655 -31.5601
6.65457 -63.827 -59.7793
6.65494 -50.0409 78.2532
6.6553 72.5561 23.1379
6.65567 -8.3509 -47.3903
6.65604 -3.73595 10.5665
6.65641 -0.727248 -51.7529
6.65677 -81.2504 28.3682
6.65714 64.6667 72.4552
6.65751 39.1677 -106.235
6.65788 -118.268 -9.92102
6.65824 14.2653 80.0997
6.65861 17.9384 -47.2165
6.65898 -61.371 19.3344
6.65935 37.9338 30.0499
6.65971 -12.3867 -66.8287
6.66008 -79.9448 23.2351
6.66045 22.0833 72.0037
6.66082 68.0816 -20.7569
6.66118 -7.61096 -77.0798
6.66155 -72.2335 11.8099
6.66192 37.1329 89.2249
6.66229 100.518 -40.7771
6.66265 -25.5028 -69.4251
6.66302 -12.877 37.5014
6.66339 35.9884 1.85073
6.66376 -0.230085 7.43716
6.66412 55.1654 8.81662
6.66449 3.25449 -63.1618
6.66486 -66.2183 26.4848
6.66523 35.8052 48.6081
6.66559 16.2452 -40.0003
6.66596 -33.7703 11.5311
6.66633 17.5956 4.58332
6.6667 -37.3222 -34.1942
6.66706 -45.1684 56.7173
6.66743 58.7876 41.7346
6.6678 23.8959 -65.8313
6.66817 -81.143 -22.5013
6.66853 -34.0956 87.3883
6.6689 76.8592 39.6994
6.66927 25.1475 -70.3485
6.66964 -73.9186 -15.1284
6.67 -20.2905 61.95
6.67037 35.1625 14.1215
6.67074 11.8288 -22.8905
6.67111 -11.4472 -26.2947
6.67147 -35.4914 -11.04
6.67184 -10.6417 22.185
6.67221 28.5716 -1.3488
6.67258 7.61067 -28.8211
6.67294 -6.33895 -20.9895
6.67331 -9.0349 -15.2376
6.67368 -10.3818 17.249
6.67405 34.5039 31.1655
6.67441 54.3339 -30.7153
6.67478 -19.663 -52.6957
6.67515 -49.7572 45.9964
6.67552 55.5948 74.3226
6.67588 74.6532 -45.1822
6.67625 -37.676 -50.042
6.67662 -33.4317 45.6753
6.67699 28.7347 33.0976
6.67735 30.8264 -3.99054
6.67772 20.2676 -29.8226
6.67809 -33.4339 -27.3336
6.67846 -24.7082 36.917
6.67882 37.8176 11.2934
6.67919 3.86151 -26.2797
6.67956 -2.2998 -0.394551
6.67992 -5.47246 -26.7778
6.68029 -52.0603 14.2933
6.68066 18.8071 58.7046
6.68103 48.1811 -33.7986
6.68139 -43.5636 -50.8528
6.68176 -61.8858 25.6862
6.68213 -0.9453 52.8001
6.6825 53.6623 -8.37162
6.68286 -14.5555 -78.9854
6.68323 -84.957 5.36935
6.6836 13.7209 47.3291
6.68397 30.9996 -40.3397
6.68433 -16.8316 -20.9856
6.6847 8.21904 -22.6788
6.68507 -38.6029 -30.3735
6.68544 -3.79851 45.9609
6.6858 57.3721 -15.582
6.68617 -26.6703 -36.7746
6.68654 -4.69239 25.2468
6.68691 2.66577 -17.6671
6.68727 -44.8983 48.4572
6.68764 66.7845 58.5397
6.68801 24.3558 -77.5243
6.68838 -99.8838 13.6953
6.68874 7.28729 107.612
6.68911 70.6259 9.55497
6.68948 9.70589 -40.9164
6.68985 -45.6688 -7.28131
6.69021 -20.1792 69.9878
6.69058 76.1323 32.7392
6.69095 20.456 -52.9747
6.69132 -27.1783 14.9701
6.69168 29.8619 9.78729
6.69205 -15.4548 -5.62779
6.69242 22.9651 48.8232
6.69279 50.416 -44.24
6.69315 -56.0386 -30.9783
6.69352 -2.53453 45.4996
6.69389 7.68675 -26.4637
6.69426 -34.306 19.4204
6.69462 60.2106 -6.18444
6.69499 -40.609 -99.7912
6.69536 -100.548 57.225
6.69573 83.4981 60.5257
6.69609 51.5395 -99.2304
6.69646 -66.2008 -41.6248
6.69683 -22.6521 38.0803
6.6972 44.1447 26.3397
6.69756 63.4185 -33.2436
6.69793 -11.3865 -49.8934
6.6983 -14.532 23.4852
6.69867 35.6918 -1.69481
6.69903 -4.82131 -2.69079
6.6994 41.8035 19.936
6.69977 18.0047 -73.2016
6.70014 -79.7998 -3.67357
6.7005 20.3061 57.6563
6.70087 23.4308 -44.8616
6.70124 -36.8494 -6.96858
6.70161 11.7639 -18.6304
6.70197 -73.9181 -38.8076
6.70234 -37.7845 92.7601
6.70271 94.4378 0.866507
6.70308 -45.0232 -93.2401
6.70344 -97.4593 55.8767
6.70381 26.9872 77.7034
6.70418 33.5873 0.221999
6.70455 -15.9434 -13.6768
6.70491 -42.2245 17.2568
6.70528 -3.74961 46.9468
6.70565 8.72377 8.4212
6.70602 -15.6458 22.5468
6.70638 39.8023 1.25992
6.70675 -22.3602 -65.4171
6.70712 -67.4597 45.3567
6.70749 68.4799 43.5118
6.70785 34.4408 -80.7958
6.70822 -37.3685 -20.3866
6.70859 4.19181 -0.010449
6.70896 -18.8243 6.50369
6.70932 52.4887 41.6832
6.70969 60.3301 -71.8428
6.71006 -81.5912 -32.3618
6.71043 -8.66499 96.4107
6.71079 83.0022 11.7018
6.71116 6.18263 -39.1317
6.71153 -25.9221 8.46745
6.7119 -4.66996 35.1607
6.71226 29.4195 23.8181
6.71263 13.3544 -11.7169
6.713 4.10384 15.5695
6.71337 40.3302 -15.5077
6.71373 -35.0936 -35.5726
6.7141 -12.9229 66.5523
6.71447 96.5416 -3.00513
6.71484 -6.02014 -85.2674
6.7152 -54.293 13.3594
6.71557 10.2859 24.1783
6.71594 16.3647 11.2729
6.71631 41.0496 -21.6601
6.71667 -47.5875 -75.0694
6.71704 -89.1607 48.6291
6.71741 53.7094 56.5854
6.71778 19.7581 -71.1903
6.71814 -69.9343 -25.3216
6.71851 -25.2297 17.6459
6.71888 -7.60767 8.0411
6.71925 12.0477 0.93518
6.71961 -1.40638 -33.8975
6.71998 -16.7638 -6.42855
6.72035 6.59461 -9.77064
6.72072 -25.5553 2.32637
6.72108 33.4182 43.8874
6.72145 58.6941 -51.9814
6.72182 -58.1147 -38.8096
6.72219 -18.5379 63.3927
6.72255 44.3464 16.6371
6.72292 20.8734 -7.20543
6.72329 10.6199 -35.9139
6.72366 -71.5943 -11.2752
6.72402 -6.2105 101.782
6.72439 96.9479 -10.6523
6.72476 -39.9481 -75.5375
6.72513 -47.3973 53.6915
6.72549 36.6506 25.4744
6.72586 -4.82636 1.48091
6.72623 26.4108 22.7935
6.7266 18.3656 -28.1228
6.72696 -33.1508 7.55378
6.72733 -1.49852 34.7235
6.7277 17.9521 22.8941
6.72807 43.921 -5.55954
6.72843 -21.1825 -60.3761
6.7288 -76.9909 30.2217
6.72917 39.9166 54.3808
6.72954 32.1668 -50.1824
6.7299 -33.4424 -27.7441
6.73027 -22.1248 -24.0712
6.73064 -51.612 10.9641
6.73101 44.9314 51.8709
6.73137 52.2471 -88.3201
6.73174 -93.2782 -40.6317
6.73211 4.59566 75.6424
6.73248 54.1935 -31.8931
6.73284 -29.9823 -11.3291
6.73321 36.0134 21.5958
6.73358 9.5899 -49.9582
6.73395 -44.6955 16.0712
6.73431 28.7625 45.1956
6.73468 47.2638 -9.83211
6.73505 12.1772 -47.658
6.73542 -59.4477 -24.6188
6.73578 -17.1184 78.6576
6.73615 90.8063 4.40808
6.73652 -15.6956 -83.8552
6.73689 -58.5362 20.0104
6.73725 7.94305 25.6226
6.73762 -9.89881 24.0245
6.73799 42.8309 15.1855
6.73836 -16.9432 -68.0187
6.73872 -89.7213 54.7455
6.73909 52.6951 79.865
6.73946 13.1458 -51.004
6.73983 -55.0161 32.9499
6.74019 35.9962 30.0456
6.74056 -31.5468 -31.5184
6.74093 -35.44 58.3613
6.7413 58.4854 19.833
6.74166 13.0632 -46.3562
6.74203 -29.0624 -24.7014
6.7424 -33.5762 17.7719
6.74277 47.2655 48.7652
6.74313 78.3724 -70.7211
6.7435 -62.7769 -73.6522
6.74387 -24.3544 56.3514
6.74424 58.3257 -2.88813
6.7446 8.81181 -26.3463
6.74497 25.3131 -26.1241
6.74534 -45.5296 -45.1976
6.74571 -35.0118 73.8619
6.74607 88.0423 3.97098
6.74644 -28.8852 -73.9742
6.74681 -38.6908 52.7574
6.74718 43.4566 -9.23421
6.74754 -49.8625 -15.1146
6.74791 25.7543 74.8084
6.74828 68.0177 -45.7279
6.74865 -54.3338 -39.4781
6.74901 -12.6026 51.9693
6.74938 37.3602 28.2897
6.74975 48.5405 1.81362
6.75012 10.3734 -62.2929
6.75048 -74.8125 10.0879
6.75085 27.7935 81.2637
6.75122 46.8992 -37.5174
6.75159 -39.6852 -22.3536
6.75195 -6.55828 -4.60415
6.75232 -61.0015 -13.6573
6.75269 -13.05 69.3208
6.75306 58.8461 -48.6433
6.75342 -87.641 -60.9653
6.75379 -27.6159 65.177
6.75416 26.9682 -39.1062
6.75453 -66.8862 9.64028
6.75489 63.7437 52.8454
6.75526 21.9828 -102.693
6.75563 -106.995 21.4516
6.756 50.7592 99.6012
6.75636 72.2765 -36.5217
6.75673 -7.71567 -33.6204
6.7571 -21.2189 -4.33363
6.75747 -18.8529 54.7027
6.75783 80.1004 30.6606
6.7582 22.5037 -78.8753
6.75857 -47.3238 11.4589
6.75894 35.0789 13.9195
6.7593 -17.963 -26.3287
6.75967 25.741 43.8264
6.76004 61.0009 -64.3679
6.76041 -80.3052 -32.1551
6.76077 17.276 72.1689
6.76114 43.3338 -46.0037
6.76151 -46.7129 23.3957
6.76188 68.9876 25.1699
6.76224 -34.6341 -91.0728
6.76261 -95.4854 92.9606
6.76298 103.521 73.7169
6.76335 14.9133 -98.0296
6.76371 -89.8887 2.89606
6.76408 -17.5327 48.2613
6.76445 8.67578 29.2305
6.76482 43.8598 -25.6415
6.76518 -47.3353 -76.0092
6.76555 -62.5445 45.2081
6.76592 53.9833 6.2008
6.76629 -20.9185 -54.9948
6.76665 -2.5524 23.8893
6.76702 29.2747 -58.4295
6.76739 -74.5301 -13.9836
6.76776 30.4015 67.0758
6.76812 38.6469 -51.1893
6.76849 -46.6421 2.42576
6.76886 30.8983 10.2245
6.76923 -49.5508 -30.6033
6.76959 -23.7896 101.086
6.76996 105.635 -11.9081
6.77033 -56.0607 -89.0716
6.7707 -67.4544 81.4415
6.77106 55.6713 44.2914
6.77143 21.4511 -16.1147
6.7718 20.93 -14.8984
6.77217 -35.4078 -21.1058
6.77253 -17.7979 75.8919
6.7729 85.4346 14.157
6.77327 -5.66894 -44.2879
6.77364 -11.0701 42.8381
6.774 25.2409 -5.67939
6.77437 -38.0239 21.3297
6.77474 42.2497 61.0736
6.77511 32.8696 -43.1651
6.77547 -50.4032 -4.42967
6.77584 -6.06136 28.9749
6.77621 -11.3918 17.9384
6.77658 43.4399 28.9212
6.77694 33.4863 -84.1469
6.77731 -97.3249 -20.8274
6.77768 22.7145 88.1807
6.77805 87.7567 -52.601
6.77841 -25.8555 -55.602
6.77878 6.01756 2.59663
6.77915 -0.972437 -30.8142
6.77952 2.7961 25.3179
6.77988 69.0018 -19.4062
6.78025 -14.0126 -69.5742
6.78062 -31.5442 6.89986
6.78099 15.7702 -1.71343
6.78135 -4.99702 -3.22171
6.78172 22.4009 -5.10014
6.78209 -3.40367 -54.637
6.78246 -49.3303 -9.15205
6.78282 -15.1482 33.9979
6.78319 27.8805 21.4804
6.78356 44.8756 -44.1644
6.78393 -60.8464 -62.9564
6.78429 -69.2624 87.4617
6.78466 98.3148 55.5765
6.78503 23.0469 -96.4008
6.7854 -85.8627 13.2073
6.78576 19.0343 59.6531
6.78613 7.81202 -19.3206
6.7865 -23.6818 21.9643
6.78687 20.4424 0.795461
6.78723 -33.6077 -37.5017
6.7876 -54.4394 21.4628
6.78797 -3.13209 30.618
6.78834 9.03811 -13.4739
6.7887 -24.2987 -35.6264
6.78907 -50.7027 -1.28549
6.78944 -23.7945 23.4939
6.78981 -6.04835 15.3555
6.79017 25.1114 10.7221
6.79054 8.34372 -51.5052
6.79091 -92.8837 3.77453
6.79128 16.144 121.63
6.79164 122.797 -25.5173
6.79201 -52.4063 -80.8286
6.79238 -54.2475 85.7841
6.79275 82.4498 41.5019
6.79311 24.5896 -35.2209
6.79348 -0.330094 16.5259
6.79385 30.2442 -3.26661
6.79422 0.904134 -15.7606
6.79458 1.12544 20.0232
6.79495 38.3633 20.1597
6.79532 45.5701 -38.0622
6.79569 -32.9077 -45.9638
6.79605 -30.3173 52.3401
6.79642 59.4887 23.6462
6.79679 6.78179 -40.9074
6.79716 -16.1106 10.7875
6.79752 -5.32626 -12.0653
6.79789 -56.6686 35.7224
6.79826 54.8422 75.4699
6.79863 47.4182 -81.2189
6.79899 -113.959 -17.8792
6.79936 1.5099 105.801
6.79973 68.2653 -22.6776
6.8001 -31.9213 -33.8374
6.80046 0.606776 9.12529
6.80083 0.314159 -25.943
6.8012 -12.9807 9.96698
6.80157 27.56 -0.514856
6.80193 22.3752 -28.8523
6.8023 12.9578 -45.1252
6.80267 -50.2929 -29.4444
6.80304 -9.34523 62.8245
6.8034 92.7453 -25.0287
6.80377 -33.0013 -95.692
6.80414 -65.4054 35.2328
6.80451 25.0968 18.636
6.80487 -3.79744 -6.72022
6.80524 34.2633 3.03652
6.80561 -17.4178 -69.0538
6.80598 -79.4877 43.8868
6.80634 72.2688 65.9117
6.80671 34.17 -66.1195
6.80708 -44.9021 15.7917
6.80745 39.9105 22.4707
6.80781 -14.4675 -18.7491
6.80818 1.77425 62.6107
6.80855 67.5069 -4.8625
6.80892 -15.9763 -35.2793
6.80928 -19.358 19.143
6.80965 -16.2659 13.9606
6.81002 14.3809 49.4066
6.81039 63.1759 -41.954
6.81075 -80.9474 -76.9172
6.81112 -67.251 77.2622
6.81149 68.2551 20.4937
6.81186 -3.98169 -62.6929
6.81222 -35.4424 -20.0026
6.81259 -39.2883 -16.3796
6.81296 -20.6732 47.9957
6.81333 64.2714 -5.75426
6.81369 -33.1394 -74.8962
6.81406 -44.2886 41.1138
6.81443 44.5512 -0.796114
6.8148 -43.4305 -23.3236
6.81516 11.1193 58.4033
6.81553 56.4575 -53.671
6.8159 -73.4568 -36.2331
6.81626 -13.3999 64.4766
6.81663 39.2669 -9.1477
6.817 2.16867 -12.4287
6.81737 15.5301 -29.0923
6.81773 -58.803 -24.0808
6.8181 -9.30053 81.6296
6.81847 90.7141 -5.12796
6.81884 -19.1918 -69.6607
6.8192 -50.6521 31.2725
6.81957 12.0548 49.7172
6.81994 33.0992 28.0772
6.82031 27.5014 -19.4984
6.82067 -45.1873 -5.8353
6.82104 -8.75318 68.945
6.82141 32.6374 2.7193
6.82178 -32.9191 9.64981
6.82214 33.5379 44.404
6.82251 9.31543 -58.0921
6.82288 -90.0562 21.3513
6.82325 43.5461 81.7165
6.82361 60.4987 -57.9859
6.82398 -52.8048 -34.2592
6.82435 -12.0024 24.7862
6.82472 5.42277 3.88059
6.82508 24.059 25.4841
6.82545 46.2973 -34.3427
6.82582 -40.503 -46.2446
6.82619 -29.0821 50.9119
6.82655 54.3499 32.5913
6.82692 32.2096 -36.9897
6.82729 -22.0107 -29.1555
6.82766 -19.1291 20.2734
6.82802 26.8652 16.2066
6.82839 13.3999 -24.7761
6.82876 4.06552 0.940042
6.82913 42.0123 -28.7169
6.82949 -31.7621 -57.5906
6.82986 -29.2449 54.6744
6.83023 103.888 14.9222
6.8306 23.2406 -111.945
6.83096 -81.9807 -8.21148
6.83133 19.6937 65.3384
6.8317 53.4988 -15.4706
6.83207 -5.18124 -33.1788
6.83243 -21.4587 -12.83
6.8328 -37.2434 8.78532
6.83317 -16.795 45.1119
6.83354 28.82 6.5265
6.8339 -16.2108 -49.194
6.83427 -70.3372 8.3118
6.83464 -8.80476 51.2038
6.83501 18.3429 -15.879
6.83537 -29.1199 -10.4316
6.83574 9.93081 21.373
6.83611 3.49496 -41.3291
6.83648 -63.5036 8.27439
6.83684 35.2527 75.3632
6.83721 81.6118 -47.3022
6.83758 -57.4871 -71.8733
6.83795 -59.968 61.4716
6.83831 60.2048 54.2947
6.83868 44.4367 -50.7536
6.83905 -47.7006 -42.3091
6.83942 -38.9839 30.4706
6.83978 13.1531 21.7476
6.84015 4.71993 -6.13177
6.84052 7.07931 -8.77571
6.84089 -15.6984 -33.2182
6.84125 -51.1174 21.3555
6.84162 32.4575 50.7313
6.84199 38.6571 -35.8951
6.84236 -33.3818 -1.431
6.84272 24.036 32.7075
6.84309 6.75549 -21.557
6.84346 -19.9418 54.1522
6.84383 83.1306 36.4219
6.84419 18.3334 -76.6166
6.84456 -70.1806 17.2408
6.84493 29.7909 77.6927
6.8453 64.6367 -15.2191
6.84566 -1.05762 -58.6287
6.84603 -49.2669 -16.4721
6.8464 -12.96 43.4603
6.84677 45.9128 -9.91738
6.84713 -11.679 -59.7676
6.8475 -26.2639 -5.31555
6.84787 -3.77871 -19.4346
6.84824 -38.8172 0.237636
6.8486 26.2841 28.5842
6.84897 23.0742 -53.397
6.84934 -60.5918 -10.4145
6.84971 -3.77929 41.0197
6.85007 2.52752 1.35365
6.85044 3.84362 33.6183
6.85081 38.6056 -24.804
6.85118 -66.6905 -33.9424
6.85154 -29.9491 91.1003
6.85191 81.5535 13.5789
6.85228 -4.13101 -62.8958
6.85265 -35.6274 3.9324
6.85301 -9.08297 15.9232
6.85338 13.1965 29.4289
6.85375 54.6803 -21.1615
6.85412 -24.8729 -51.5804
6.85448 -32.1768 36.6586
6.85485 32.0149 7.91017
6.85522 -11.7768 -6.94847
6.85559 17.4309 31.587
6.85595 12.6261 -33.2664
6.85632 -59.0289 4.33257
6.85669 -0.460715 60.7007
6.85706 27.0324 15.5837
6.85742 14.8426 -8.52255
6.85779 -21.4695 -41.4035
6.85816 -71.2092 43.0931
6.85853 62.5397 87.0113
6.85889 73.0201 -79.7785
6.85926 -75.1364 -42.6211
6.85963 2.33341 65.2576
6.86 47.976 -11.9872
6.86036 9.7882 -5.07459
6.86073 46.3023 -22.2924
6.8611 -23.5558 -47.4345
6.86147 -17.9451 43.4691
6.86183 60.4465 0.0270903
6.8622 -0.0120951 -41.9367
6.86257 -2.76447 1.07637
6.86294 4.16425 -27.8887
6.8633 -30.724 2.72275
6.86367 17.3725 26.0797
6.86404 29.9712 -23.2366
6.86441 0.628869 -42.585
6.86477 -50.3555 -20.9738
6.86514 -25.1251 73.3397
6.86551 103.818 10.8465
6.86588 -6.59454 -118.378
6.86624 -108.433 40.269
6.86661 55.6453 78.4955
6.86698 31.4848 -61.9155
6.86735 -45.3338 4.39474
6.86771 16.2258 6.32486
6.86808 -45.6799 -31.4179
6.86845 -30.7509 50.5907
6.86882 43.7102 -2.40044
6.86918 -28.5545 -48.2874
6.86955 -46.2065 4.66646
6.86992 -17.5324 11.4575
6.87029 -1.49266 17.176
6.87065 15.5941 -11.4123
6.87102 -16.5721 -24.3388
6.87139 -19.3234 1.24076
6.87176 -23.8874 17.5689
6.87212 22.0062 54.7734
6.87249 72.5848 -38.4922
6.87286 -70.6772 -66.1321
6.87323 -50.7527 104.508
6.87359 110.218 25.4231
6.87396 -10.2403 -84.2218
6.87433 -50.4821 40.7937
6.8747 41.6974 9.15759
6.87506 -24.8998 -24.1844
6.87543 2.47454 48.4667
6.8758 49.0657 -20.5214
6.87617 -25.9785 -39.8558
6.87653 -26.8468 25.8653
6.8769 11.8946 40.7892
6.87727 45.419 12.2277
6.87764 13.2674 -44.3592
6.878 -49.4865 12.2496
6.87837 10.6629 64.6502
6.87874 34.036 10.4334
6.87911 20.3805 3.36511
6.87947 8.8589 -29.7167
6.87984 -68.25 11.5901
6.88021 26.5689 89.8807
6.88058 87.2995 -53.157
6.88094 -66.9357 -63.0265
6.88131 -22.0651 58.8506
6.88168 45.6738 -24.8741
6.88205 -30.416 -24.5733
6.88241 21.2548 17.1508
6.88278 15.0092 -57.0604
6.88315 -49.3055 -16.6463
6.88352 -7.02967 26.1395
6.88388 14.589 7.15472
6.88425 28.1705 -19.5103
6.88462 -30.2325 -55.202
6.88499 -74.1354 39.9318
6.88535 42.7642 63.1225
6.88572 42.9355 -46.2017
6.88609 -36.0506 -27.9776
6.88646 -29.1977 10.9912
6.88682 -7.99395 39.4304
6.88719 71.6326 23.1243
6.88756 27.5983 -77.6058
6.88793 -64.609 1.94174
6.88829 46.3726 54.383
6.88866 45.0867 -39.5687
6.88903 -10.9531 11.7327
6.8894 54.0003 -0.451188
6.88976 -14.4645 -48.3463
6.89013 -29.8087 50.5983
6.8905 47.5832 23.7921
6.89087 2.41433 -27.5009
6.89123 -11.2904 -5.13906
6.8916 -38.5554 -12.3859
6.89197 -43.5018 54.7363
6.89234 52.5586 24.9333
6.8927 -4.87128 -70.106
6.89307 -76.5479 0.62861
6.89344 -15.035 45.1067
6.89381 25.9008 17.4182
6.89417 33.4944 -31.6689
6.89454 -39.7564 -48.4706
6.89491 -35.4432 49.3127
6.89528 61.6059 13.9573
6.89564 -6.58374 -47.1622
6.89601 -5.201 24.7435
6.89638 41.0654 -38.038
6.89675 -62.8871 -28.6571
6.89711 4.02315 68.2919
6.89748 70.432 -45.6268
6.89785 -46.3278 -65.0946
6.89822 -37.5617 19.4791
6.89858 -3.38023 -0.39575
6.89895 6.51752 6.33256
6.89932 29.6786 -35.0865
6.89969 -50.6547 -45.5002
6.90005 -40.579 43.2637
6.90042 36.0912 25.9271
6.90079 20.5164 -12.9342
6.90116 -8.37032 -18.5219
6.90152 -44.3699 15.2613
6.90189 13.6882 72.5596
6.90226 51.4416 -4.89839
6.90263 -36.8279 -3.75362
6.90299 14.133 54.416
6.90336 14.3549 -26.9071
6.90373 -64.4898 41.5466
6.9041 62.4302 74.307
6.90446 42.0467 -76.9406
6.90483 -87.5566 -9.80837
6.9052 -0.456466 71.2204
6.90557 41.0116 2.07618
6.90593 18.5086 -17.7212
6.9063 -12.17 -42.3676
6.90667 -58.4172 17.6966
6.90704 33.4628 62.6401
6.9074 49.2263 -33.147
6.90777 -28.5904 -26.9983
6.90814 -15.1807 10.2693
6.90851 -12.7047 22.3793
6.90887 30.81 30.6709
6.90924 23.2769 -46.6797
6.90961 -41.2448 -6.22307
6.90998 29.2216 22.1432
6.91034 -5.37934 -45.7364
6.91071 -21.518 39.9631
6.91108 99.6486 -12.4047
6.91145 -19.0657 -109.085
6.91181 -65.15 44.861
6.91218 82.0562 32.6159
6.91255 39.4796 -58.1365
6.91292 4.3604 -20.7433
6.91328 -13.0988 -31.5168
6.91365 -32.2756 45.0126
6.91402 80.4461 35.7231
6.91439 17.0979 -81.9723
6.91475 -72.0406 6.20434
6.91512 7.75251 42.0769
6.91549 0.326262 -0.723224
6.91586 7.63243 8.16663
6.91622 -7.3964 -38.7202
6.91659 -55.0124 11.8664
6.91696 12.0031 21.7331
6.91733 -22.6304 -24.828
6.91769 -4.53218 42.4987
6.91806 47.0872 -50.2827
6.91843 -103.906 -47.7343
6.9188 -19.6622 112.977
6.91916 96.0358 -27.7425
6.91953 -66.1239 -66.9188
6.9199 -34.5484 48.4122
6.92027 4.26864 -13.0935
6.92063 -37.5963 37.1651
6.921 56.8546 14.9395
6.92137 -30.5888 -80.4743
6.92174 -73.1685 51.8169
6.9221 50.5974 41.7236
6.92247 3.49938 -32.9134
6.92284 0.777948 11.1232
6.92321 11.5582 -22.0578
6.92357 -27.5753 21.8379
6.92394 42.7429 31.1785
6.92431 20.0479 -20.7853
6.92468 21.9992 18.3403
6.92504 24.6209 -44.7773
6.92541 -72.5208 22.8581
6.92578 77.7371 101.486
6.92615 85.7829 -104.828
6.92651 -120.036 -31.7828
6.92688 18.5148 108.395
6.92725 61.8382 -43.8322
6.92762 -44.0703 -5.26685
6.92798 37.6703 11.4057
6.92835 -30.5569 -50.4561
6.92872 -38.0846 66.8807
6.92909 71.7832 7.9304
6.92945 -16.3067 -49.3933
6.92982 -12.2454 31.8608
6.93019 12.359 -11.2117
6.93056 -27.6562 20.7271
6.93092 47.3278 28.0113
6.93129 12.4894 -42.6867
6.93166 -26.6842 -1.23913
6.93203 -7.65807 -11.871
6.93239 -26.838 29.4184
6.93276 78.339 16.7094
6.93313 -2.56455 -134.291
6.9335 -133.248 16.0421
6.93386 66.2478 87.5828
6.93423 52.3223 -104.784
6.9346 -81.6011 -30.6688
6.93497 10.7719 17.8645
6.93533 -23.5049 -31.9143
6.9357 -13.2378 46.3262
6.93607 52.3545 -22.9468
6.93644 -47.9151 -36.3477
6.9368 -17.8341 52.8733
6.93717 17.2721 2.75158
6.93754 -17.3695 30.0607
6.93791 45.3839 24.9516
6.93827 -7.16763 -40.4799
6.93864 -42.9858 37.2648
6.93901 29.1559 47.2371
6.93938 29.7734 9.27563
6.93974 34.3641 -20.6536
6.94011 -35.9306 -45.3382
6.94048 -46.1026 74.6388
6.94085 93.07 38.6577
6.94121 13.071 -92.8065
6.94158 -68.6807 12.0023
6.94195 16.4893 35.2244
6.94232 -11.9685 -11.4949
6.94268 3.00582 22.4832
6.94305 17.2169 -37.6023
6.94342 -65.0134 -13.725
6.94379 -12.6473 45.6634
6.94415 16.4007 -11.2886
6.94452 -10.0651 1.35881
6.94489 19.0791 -14.7036
6.94526 -34.4806 -35.8478
6.94562 -20.8124 48.7114
6.94599 70.2919 17.926
6.94636 30.3169 -56.7088
6.94673 -24.9658 -23.2584
6.94709 -9.12753 31.0266
6.94746 50.7203 33.6677
6.94783 55.3843 -42.1971
6.9482 -28.781 -36.6297
6.94856 -11.7956 34.7933
6.94893 24.7913 1.04151
6.9493 -4.52447 -3.32808
6.94967 17.345 0.360472
6.95003 -18.3868 -38.5048
6.9504 -50.6865 16.4809
6.95077 13.9833 30.1207
6.95114 7.65167 -15.747
6.9515 -13.3451 -8.16491
6.95187 -16.448 -18.0705
6.95224 -41.5632 19.3877
6.9526 19.0832 56.921
6.95297 49.8288 -23.0168
6.95334 -30.9577 -47.6774
6.95371 -53.9886 39.9093
6.95407 28.7938 70.6268
6.95444 63.1895 -24.9371
6.95481 -36.9459 -56.1473
6.95518 -48.2751 49.1781
6.95554 41.1309 26.672
6.95591 -3.24519 -37.2312
6.95628 -11.8736 13.7725
6.95665 25.2931 -25.441
6.95701 -43.9596 -30.8149
6.95738 -5.48633 41.1913
6.95775 48.2355 -17.6167
6.95812 -8.10716 -35.3792
6.95848 1.44225 -6.03023
6.95885 -10.8667 -14.8075
6.95922 -5.16499 41.4419
6.95959 68.6477 7.40184
6.95995 9.65575 -64.1726
6.96032 -54.1667 5.81532
6.96069 -0.586771 59.6683
6.96106 60.6893 18.5718
6.96142 31.4792 -63.5698
6.96179 -76.284 -23.5554
6.96216 -12.0232 81.9791
6.96253 72.9477 -18.0992
6.96289 -35.2742 -47.8675
6.96326 -7.39972 38.8966
6.96363 21.3368 -40.8718
6.964 -64.56 2.81993
6.96436 38.6964 67.1069
6.96473 40.7346 -59.1968
6.9651 -68.4687 -14.1583
6.96547 1.12905 43.1159
6.96583 -6.25381 -4.17253
6.9662 -9.21135 39.8258
6.96657 39.8747 -24.0048
6.96694 -64.6234 -47.5895
6.9673 -52.1607 65.9784
6.96767 42.6281 22.9875
6.96804 9.98157 -44.7248
6.96841 -32.26 -39.8724
6.96877 -57.4544 7.23951
6.96914 22.6063 47.9662
6.96951 52.6061 -54.9571
6.96988 -53.138 -35.4128
6.97024 16.533 39.142
6.97061 23.3357 -48.5634
6.97098 -51.1148 35.1858
6.97135 85.2009 55.6229
6.97171 26.2524 -92.4547
6.97208 -87.9999 36.3302
6.97245 52.9192 88.9231
6.97282 34.9318 -25.4453
6.97318 -9.68489 21.4542
6.97355 25.6271 -4.27931
6.97392 -51.9726 6.82494
6.97429 19.5352 82.6479
6.97465 77.4952 -29.6661
6.97502 -32.5413 -43.8693
6.97539 -21.2221 32.9462
6.97576 19.5087 16.3083
6.97612 36.9868 2.69523
6.97649 20.9193 -43.74
6.97686 -41.3074 -6.82074
6.97723 25.3695 27.8462
6.97759 8.09174 -44.633
6.97796 -39.7704 29.821
6.97833 66.4914 5.82646
6.9787 -34.3068 -100.379
6.97906 -97.2286 57.4131
6.97943 73.5385 52.218
6.9798 14.7186 -90.0162
6.98017 -64.545 -9.25143
6.98053 -6.86091 10.474
6.9809 -18.4351 6.82994
6.98127 43.0587 19.7094
6.98164 25.2176 -72.674
6.982 -69.8894 -13.107
6.98237 17.9842 56.7321
6.98274 53.1368 -19.1762
6.98311 2.22966 -24.6436
6.98347 -3.59932 -15.9188
6.98384 -17.2117 4.79977
6.98421 21.6793 22.9604
6.98458 11.0567 -23.7131
6.98494 -17.7055 3.17435
6.98531 22.114 -12.7218
6.98568 -47.3575 -33.7537
6.98605 -37.5754 67.4385
6.98641 70.9425 7.33819
6.98678 -20.1654 -75.3233
6.98715 -73.1919 29.5573
6.98752 4.70293 54.3977
6.98788 22.9264 17.4214
6.98825 23.0508 -7.76178
6.98862 -36.3662 -21.6414
6.98899 -47.7407 64.3398
6.98935 51.4071 56.8427
6.98972 23.5561 -27.9596
6.99009 -30.1426 5.66794
6.99046 0.442718 19.4255
6.99082 -7.19381 8.447
6.99119 10.8116 23.4394
6.99156 32.9691 -20.0943
6.99193 -7.46196 -41.7708
6.99229 -26.6326 -7.75132
6.99266 0.547543 15.4258
6.99303 43.1036 -8.08937
6.9934 21.5365 -56.9836
6.99376 -36.7802 -30.253
6.99413 -14.8842 20.1575
6.9945 28.3445 11.7503
6.99487 35.5408 -17.275
6.99523 -6.11158 -45.1461
6.9956 -52.7557 6.60095
6.99597 17.7422 61.7217
6.99634 57.7813 -14.2235
6.9967 -24.0023 -36.6509
6.99707 -20.6259 27.8736
6.99744 24.1523 11.3938
6.99781 -5.26802 -1.26091
6.99817 8.51679 26.9678
6.99854 41.1862 -15.9007
6.99891 -24.9995 -45.3636
6.99928 -54.3088 42.5036
6.99964 54.0288 54.3743
7.00001 46.7963 -70.5939
7.00038 -81.6677 -37.8749
7.00075 -29.7082 66.7704
7.00111 37.2219 -0.0426486
7.00148 -21.4919 -23.1619
7.00185 -10.9927 1.41548
7.00222 -31.8025 -29.9792
7.00258 -55.0118 37.6568
7.00295 39.6161 38.9885
7.00332 9.76289 -60.9067
7.00369 -65.859 -4.81092
7.00405 2.29496 49.316
7.00442 25.6743 -6.47172
7.00479 -10.4864 -8.34376
7.00516 10.4542 18.7172
7.00552 29.7915 -7.85847
7.00589 -22.7162 -21.0209
7.00626 -20.9289 59.3194
7.00663 95.8447 34.264
7.00699 22.1065 -98.1765
7.00736 -108.901 20.4876
7.00773 52.8986 109.169
7.0081 86.8379 -60.6896
7.00846 -59.4498 -36.4132
7.00883 0.519316 43.9523
7.0092 14.597 -19.05
7.00957 -13.1632 29.8277
7.00993 62.0222 5.40789
7.0103 -7.6441 -66.1475
7.01067 -45.7926 29.9969
7.01104 43.1447 38.4372
7.0114 29.8907 -24.3239
7.01177 -0.604919 -12.6232
7.01214 -3.74626 -2.68618
7.01251 -2.93942 7.15041
7.01287 1.66497 -1.44139
7.01324 -0.689984 14.8596
7.01361 40.8062 -12.5035
7.01398 -36.3823 -78.7866
7.01434 -87.8616 49.2725
7.01471 81.0133 59.883
7.01508 29.6057 -117.36
7.01545 -109.358 -19.9765
7.01581 14.3109 57.9084
7.01618 21.854 -37.0043
7.01655 -22.7156 2.40192
7.01692 30.8136 -18.2591
7.01728 -34.0284 -41.0225
7.01765 -24.7455 45.7671
7.01802 40.8019 7.79533
7.01839 6.99369 -24.4796
7.01875 3.39298 -11.9837
7.01912 -29.2335 -13.6599
7.01949 -15.7089 42.9164
7.01986 51.0778 2.91202
7.02022 -3.06131 -42.6398
7.02059 -24.8776 -2.78757
7.02096 -22.069 -0.925271
7.02133 -9.81815 45.5552
7.02169 65.2403 1.40532
7.02206 -28.6528 -75.4731
7.02243 -76.7963 53.0087
7.0228 47.1442 58.9468
7.02316 7.37919 -28.2095
7.02353 -24.7369 23.8208
7.0239 5.45328 6.61325
7.02427 -42.4529 18.6695
7.02463 8.62267 54.9828
7.025 21.2188 -11.3314
7.02537 -20.9487 7.91978
7.02574 8.89796 -0.884907
7.0261 -39.3836 -15.8853
7.02647 3.96651 61.2179
7.02684 81.4365 -29.8569
7.02721 -38.1696 -83.67
7.02757 -46.8486 30.7331
7.02794 45.8689 22.657
7.02831 38.3986 -30.3238
7.02868 6.75077 -53.0652
7.02904 -44.3359 -20.469
7.02941 4.10105 53.8181
7.02978 55.5244 -14.1445
7.03015 -22.3438 -34.7648
7.03051 -6.51122 21.1719
7.03088 -3.63536 -8.29439
7.03125 -27.9015 38.4345
7.03162 48.4753 23.2005
7.03198 -8.26093 -43.307
7.03235 -36.1596 39.3057
7.03272 35.7288 12.3362
7.03309 -24.7446 -9.49738
7.03345 24.2477 60.8137
7.03382 67.038 -47.7603
7.03419 -66.7566 -40.5554
7.03456 -10.3748 90.2101
7.03492 87.1519 8.87956
7.03529 9.96484 -62.3258
7.03566 -43.9973 -11.926
7.03603 -22.8735 47.1929
7.03639 44.78 26.4984
7.03676 10.9362 -57.1086
7.03713 -54.4477 -2.04081
7.0375 5.63379 21.1351
7.03786 -26.2386 -27.3778
7.03823 -18.9364 40.9828
7.0386 60.3929 -22.3401
7.03897 -55.4958 -65.3265
7.03933 -40.6083 63.1349
7.0397 66.2597 2.02844
7.04007 -12.9441 -31.0801
7.04044 19.3457 29.7053
7.0408 26.3007 -49.9605
7.04117 -56.0128 13.4882
7.04154 55.1642 72.7921
7.04191 70.5227 -58.3192
7.04227 -40.9484 -47.8902
7.04264 -22.3216 30.7301
7.04301 29.4422 25.4812
7.04338 48.68 -29.5616
7.04374 -16.654 -62.6811
7.04411 -35.0615 15.5915
7.04448 35.1942 -4.88553
7.04485 -20.9041 -37.7404
7.04521 6.78564 36.8085
7.04558 51.7559 -54.34
7.04595 -83.9593 -46.3048
7.04632 -15.3086 91.8732
7.04668 72.0031 -12.9059
7.04705 -42.2394 -39.4389
7.04742 -18.8904 28.6554
7.04779 -21.3743 -8.16847
7.04815 -42.4443 58.9694
7.04852 55.898 21.0452
7.04889 -26.4965 -77.5644
7.04926 -88.5215 34.0164
7.04962 13.2309 54.7182
7.04999 15.8421 -22.2349
7.05036 -14.7665 -28.3574
7.05073 -38.8573 -12.3568
7.05109 -19.1901 29.1241
7.05146 24.4859 -12.5385
7.05183 -26.165 -18.4677
7.0522 13.6752 29.781
7.05256 17.922 -51.2817
7.05293 -75.6028 6.42807
7.0533 35.5659 84.1473
7.05367 59.6718 -47.6002
7.05403 -55.8948 -21.5695
7.0544 -3.81713 46.5256
7.05477 2.40159 12.4909
7.05514 16.2441 46.6473
7.0555 59.2566 -27.4484
7.05587 -59.0378 -36.9938
7.05624 -23.8735 94.0711
7.05661 89.0015 20.2861
7.05697 10.3595 -47.9276
7.05734 -21.5897 16.1622
7.05771 7.57928 27.3124
7.05808 27.7887 23.5222
7.05844 33.192 -5.87937
7.05881 -5.94774 2.09775
7.05918 20.8323 14.6731
7.05955 -1.00617 -23.7671
7.05991 -23.1945 45.473
7.06028 69.3494 23.4428
7.06065 3.34794 -76.3975
7.06102 -58.2207 17.484
7.06138 30.9048 35.2561
7.06175 12.2606 -22.4559
7.06212 16.5138 -6.09464
7.06249 10.2675 -58.1155
7.06285 -65.1635 -2.58133
7.06322 34.0201 56.7627
7.06359 63.3366 -63.6937
7.06396 -44.4296 -54.2158
7.06432 -20.316 17.5364
7.06469 11.813 -3.26564
7.06506 13.4814 -8.99025
7.06543 7.05465 -30.8673
7.06579 -24.1072 -18.8418
7.06616 -8.96386 -4.2359
7.06653 -24.6204 -1.69288
7.0669 10.0833 32.5452
7.06726 42.6098 -49.0969
7.06763 -70.0407 -47.3321
7.068 -30.227 74.9695
7.06837 61.1336 3.00844
7.06873 -8.00866 -37.1585
7.0691 -2.55888 7.76633
7.06947 -19.0727 -12.4646
7.06984 -24.1523 53.5734
7.0702 72.0798 19.5707
7.07057 -7.68042 -61.4572
7.07094 -57.4597 32.408
7.07131 21.4112 27.1458
7.07167 -9.01119 -9.85315
7.07204 -0.270839 20.0543
7.07241 2.21289 -29.2735
7.07278 -46.2326 -10.0108
7.07314 -14.0435 22.4157
7.07351 -6.80629 12.102
7.07388 24.0845 6.00778
7.07425 -3.72182 -62.9411
7.07461 -89.3811 19.8473
7.07498 35.6746 89.6615
7.07535 60.5282 -50.4375
7.07572 -51.3859 -20.5106
7.07608 1.02165 35.5519
7.07645 -8.22575 1.62488
7.07682 19.9029 54.1111
7.07719 72.2216 -39.533
7.07755 -64.3258 -50.0032
7.07792 -3.95303 79.935
7.07829 81.8187 -27.3056
7.07866 -33.2578 -37.846
7.07902 23.1717 31.5093
7.07939 31.2105 -57.6731
7.07976 -46.6954 -1.7777
7.08013 27.1181 34.7802
7.08049 24.3186 -29.3366
7.08086 1.2996 -17.8562
7.08123 -28.1726 -25.716
7.0816 -54.0211 55.035
7.08196 68.435 44.0731
7.08233 1.57083 -80.9051
7.0827 -91.9181 34.49
7.08307 22.8534 55.3178
7.08343 -13.8217 -13.7921
7.0838 3.45394 49.4863
7.08417 32.4255 -48.64
7.08454 -101.514 -7.16418
7.0849 31.3672 107.035
7.08527 79.7145 -68.0592
7.08564 -77.6635 -28.4647
7.08601 32.9297 56.5087
7.08637 26.0074 -62.3504
7.08674 -50.7475 25.76
7.08711 70.4441 28.152
7.08748 12.3645 -73.7844
7.08784 -45.8035 6.95344
7.08821 2.60283 19.8071
7.08858 7.36354 21.5236
7.08894 51.2496 -14.3794
7.08931 -46.4497 -64.6975
7.08968 -61.0207 69.5809
7.09005 75.9752 24.963
7.09041 -15.4246 -51.5271
7.09078 -10.8337 42.8036
7.09115 36.2834 -38.4244
7.09152 -65.4966 9.83111
7.09188 66.9456 88.9658
7.09225 68.3422 -84.3651
7.09262 -74.8782 -4.9914
7.09299 54.3596 65.793
7.09335 22.7244 -48.292
7.09372 -26.9244 46.9813
7.09409 89.3154 -1.13072
7.09446 -36.0359 -83.3925
7.09482 -63.3975 62.6149
7.09519 58.2244 25.2415
7.09556 9.19331 -50.5986
7.09593 -21.6567 -32.9268
7.09629 -56.5542 -21.8042
7.09666 -16.0145 51.0902
7.09703 65.3613 -31.3394
7.0974 -50.556 -74.4397
7.09776 -32.8431 35.8161
7.09813 29.7424 -25.6082
7.0985 -45.1131 -5.05102
7.09887 40.2272 36.1797
7.09923 17.5572 -74.8444
7.0996 -72.0252 15.1615
7.09997 35.36 44.1266
7.10034 -3.55758 -40.4957
7.1007 -13.6215 36.5075
7.10107 51.9772 -32.2998
7.10144 -80.6538 -49.0134
7.10181 -23.2139 94.4421
7.10217 97.8797 -12.5013
7.10254 -28.3821 -76.9759
7.10291 -50.1209 23.9103
7.10328 10.9218 29.7569
7.10364 32.3686 20.9199
7.10401 34.1709 -24.6821
7.10438 -39.5753 -18.4499
7.10475 -8.10669 58.2077
7.10511 37.4607 16.4339
7.10548 -6.81305 9.66471
7.10585 16.2907 17.6588
7.10622 -16.7356 -13.249
7.10658 -32.1915 49.7375
7.10695 31.1574 24.2325
7.10732 -16.1477 -17.5876
7.10769 -8.84894 26.2622
7.10805 1.97303 -29.3709
7.10842 -69.6722 7.9487
7.10879 28.3557 68.1572
7.10916 54.6809 -64.2904
7.10952 -80.3197 -51.211
7.10989 -29.1138 63.2529
7.11026 54.2389 8.83587
7.11063 8.53639 -41.6225
7.11099 -19.843 -18.6931
7.11136 -10.251 6.72002
7.11173 9.61305 14.0229
7.1121 17.3242 -0.561557
7.11246 21.8315 -16.1752
7.11283 -1.33814 -33.1004
7.1132 -32.9281 9.93525
7.11357 27.0033 30.6268
7.11393 38.6259 -40.3815
7.1143 -18.6704 -26.9501
7.11467 2.36374 1.06836
7.11504 -7.3649 -19.6487
7.1154 0.394008 25.894
7.11577 59.9418 -9.35294
7.11614 -14.761 -66.3094
7.11651 -58.1124 26.992
7.11687 35.3568 59.3593
7.11724 47.6957 -18.379
7.11761 -24.7108 -28.779
7.11798 -38.1348 35.0126
7.11834 16.5791 47.4665
7.11871 11.0802 -1.12639
7.11908 -17.0224 20.1739
7.11945 23.1974 15.6842
7.11981 -23.3797 -24.639
7.12018 -39.957 54.4514
7.12055 64.8717 35.1557
7.12092 16.6783 -55.8649
7.12128 -39.6781 4.29993
7.12165 11.0175 15.5324
7.12202 1.74643 9.50427
7.12239 45.3881 20.8786
7.12275 25.2327 -69.8135
7.12312 -74.7312 -14.0888
7.12349 14.4378 71.8559
7.12386 58.503 -25.3492
7.12422 -20.7805 -46.1821
7.12459 -25.6438 -6.8136
7.12496 -21.107 14.9961
7.12533 19.563 21.761
7.12569 15.6635 -41.6472
7.12606 -35.0494 -8.25049
7.12643 16.2775 14.3727
7.1268 -13.1209 -31.5503
7.12716 -18.7473 39.0652
7.12753 69.6308 -0.691755
7.1279 -15.0853 -64.3728
7.12827 -36.083 29.4593
7.12863 32.9106 11.4013
7.129 4.12393 -0.212109
7.12937 45.3889 -6.6089
7.12974 -21.5199 -81.7923
7.1301 -81.0131 48.3842
7.13047 82.0381 51.6493
7.13084 19.3076 -110.62
7.13121 -89.4158 -7.32487
7.13157 12.3884 30.2162
7.13194 -15.765 -35.0856
7.13231 -17.2604 13.7755
7.13268 16.8883 -33.8239
7.13304 -60.2484 -22.9305
7.13341 -20.4616 37.3122
7.13378 3.8166 -6.6139
7.13415 -12.8202 14.9525
7.13451 11.9219 -9.69613
7.13488 -51.4711 -13.1684
7.13525 -7.58598 64.6499
7.13562 43.3463 0.816214
7.13598 -19.4576 0.445409
7.13635 26.6736 15.9165
7.13672 -21.351 -29.9465
7.13709 -27.3428 90.0287
7.13745 119.541 20.1894
7.13782 -21.4148 -104.245
7.13819 -76.3217 82.6658
7.13856 94.2079 53.109
7.13892 -0.852694 -62.2519
7.13929 -28.1629 49.473
7.13966 51.9406 -0.738617
7.14003 -45.1399 -28.477
7.14039 -16.8759 66.3859
7.14076 52.2122 11.2496
7.14113 -1.25733 -29.8657
7.1415 -31.9158 -5.87783
7.14186 -28.0274 42.5067
7.14223 47.7024 47.2939
7.1426 30.6767 -48.7188
7.14297 -49.0945 -2.89805
7.14333 20.5825 39.5952
7.1437 3.71558 -14.5909
7.14407 1.8179 41.4601
7.14444 76.9672 -32.4203
7.1448 -59.9014 -72.0146
7.14517 -39.1926 90.6406
7.14554 107.724 -9.27521
7.14591 -28.8748 -98.601
7.14627 -41.7003 39.8012
7.14664 51.7038 -21.9621
7.14701 -41.6139 -60.1334
7.14738 -13.4422 35.5425
7.14774 58.3481 -30.1142
7.14811 -20.8214 -81.4841
7.14848 -55.3723 -6.308
7.14885 13.5391 42.1204
7.14921 69.5308 -23.2841
7.14958 -10.2596 -82.6526
7.14995 -58.6668 18.6057
7.15032 37.0896 49.1205
7.15068 30.3793 -22.2811
7.15105 -1.63872 3.05752
7.15142 10.2919 -11.2742
7.15179 -51.8749 6.04142
7.15215 5.36026 73.9935
7.15252 57.6395 -22.1163
7.15289 -56.0851 -39.9939
7.15326 -37.2899 52.0533
7.15362 24.8212 2.27988
7.15399 -25.9684 -12.6123
7.15436 -5.1196 27.6522
7.15473 19.1994 -20.4996
7.15509 -30.7623 -25.2265
7.15546 -27.5605 40.0128
7.15583 37.9449 39.8062
7.1562 39.532 -36.7165
7.15656 -43.3348 -28.3715
7.15693 -31.4055 63.5877
7.1573 46.3411 36.4785
7.15767 18.7054 -30.6108
7.15803 -25.8111 -11.1509
7.1584 -29.2688 14.7418
7.15877 -7.63993 27.6708
7.15914 26.7328 -5.83431
7.1595 -10.2555 -40.8822
7.15987 -33.4237 -5.99264
7.16024 -3.39968 -1.7971
7.16061 -1.70965 -5.40463
7.16097 21.067 -1.5916
7.16134 14.3338 -39.7633
7.16171 -26.2129 -12.8144
7.16208 6.09231 32.7424
7.16244 35.4214 11.5622
7.16281 27.8601 -10.4473
7.16318 -0.262887 -15.53
7.16355 -24.8869 27.7826
7.16391 23.7285 47.5418
7.16428 38.0205 -7.43992
7.16465 -5.85956 -16.1596
7.16502 -24.9761 0.612078
7.16538 -23.4587 25.1055
7.16575 35.0636 20.5965
7.16612 15.4423 -56.9683
7.16649 -63.0888 -15.3645
7.16685 9.01223 28.8484
7.16722 10.9497 -42.7145
7.16759 -40.0797 13.3237
7.16796 45.867 13.0626
7.16832 -11.3185 -75.9678
7.16869 -79.1908 39.7081
7.16906 46.287 75.7305
7.16943 41.6905 -41.558
7.16979 -47.6115 -18.8373
7.17016 -35.4266 46.0752
7.17053 8.75166 50.6377
7.1709 34.9838 1.29065
7.17126 -12.973 -28.1545
7.17163 -25.3392 15.9716
7.172 5.71315 4.00093
7.17237 0.856118 8.1794
7.17273 54.6118 -2.74215
7.1731 9.07291 -80.2077
7.17347 -49.5749 11.2597
7.17384 75.3623 33.2113
7.1742 31.5874 -76.1889
7.17457 -32.1741 19.5487
7.17494 80.5598 7.55714
7.17531 -20.1465 -74.3641
7.17567 -61.124 78.7642
7.17604 95.1482 46.3429
7.17641 8.72895 -86.0641
7.17678 -91.8237 17.9912
7.17714 -10.7232 72.7523
7.17751 32.4977 11.4849
7.17788 2.60678 -36.3666
7.17825 -56.3777 -13.7588
7.17861 -20.2813 37.8585
7.17898 23.7203 -9.17532
7.17935 -6.77159 -7.59808
7.17972 32.0404 -7.1284
7.18008 -15.0812 -60.1231
7.18045 -40.03 42.3572
7.18082 82.7401 24.1876
7.18119 1.78275 -80.6206
7.18155 -46.632 30.6012
7.18192 52.5936 4.46579
7.18229 -45.7079 -45.7433
7.18266 -26.5581 70.5839
7.18302 70.9742 -23.3785
7.18339 -67.706 -75.1544
7.18376 -72.0145 58.7327
7.18413 36.2584 28.1344
7.18449 8.17485 -37.6053
7.18486 -33.9017 -26.0193
7.18523 -43.1794 13.1676
7.1856 15.745 36.935
7.18596 27.7354 -17.6368
7.18633 -16.0277 2.27167
7.1867 27.7234 10.2616
7.18707 -9.95112 -17.2357
7.18743 -6.80083 70.9813
7.1878 85.3204 13.7404
7.18817 -12.9332 -53.3593
7.18854 -26.7745 60.2248
7.1889 47.5173 20.5694
7.18927 -19.9177 -1.88074
7.18964 30.8813 42.0557
7.19001 23.2602 -56.0646
7.19037 -85.8574 5.00437
7.19074 23.871 72.6703
7.19111 53.6807 -49.309
7.19148 -42.0536 -42.1319
7.19184 -24.5674 7.94044
7.19221 -1.22524 6.27247
7.19258 29.6445 -1.68295
7.19295 6.8473 -45.9888
7.19331 -26.4262 -3.06552
7.19368 25.6369 0.963559
7.19405 -13.399 -22.8887
7.19442 6.19025 38.6445
7.19478 60.5176 -33.9796
7.19515 -44.7308 -45.9843
7.19552 -16.2314 53.5959
7.19589 40.3992 -7.99231
7.19625 -7.05481 -7.40256
7.19662 32.9578 -6.55252
7.19699 -40.886 -57.6065
7.19736 -54.6072 67.0528
7.19772 93.8886 25.5198
7.19809 -5.24197 -97.5219
7.19846 -79.5596 14.972
7.19883 17.4242 32.7578
7.19919 8.00131 -8.85117
7.19956 11.2827 -4.22334
7.19993 -15.6033 -39.0589
7.2003 -38.1895 22.6831
7.20066 27.2929 22.4339
7.20103 -13.3446 -14.8732
7.2014 -0.471317 32.485
7.20177 22.8573 -24.7036
7.20213 -63.6748 3.67488
7.2025 3.33204 71.4615
7.20287 29.556 -12.0092
7.20324 -27.9094 7.41268
7.2036 2.1434 3.40323
7.20397 -62.2147 -5.22577
7.20434 -3.63192 93.1998
7.20471 84.4663 -31.9093
7.20507 -78.4857 -71.334
7.20544 -42.4079 83.6133
7.20581 65.2245 5.50436
7.20618 -16.0713 -26.7311
7.20654 20.5494 12.4559
7.20691 6.9866 -42.9424
7.20728 -28.704 31.4941
7.20765 62.6969 23.7068
7.20801 23.5351 -45.9672
7.20838 4.96694 7.72841
7.20875 23.9601 -13.9665
7.20912 -16.8489 10.1342
7.20948 53.5173 30.2109
7.20985 33.1354 -47.6314
7.21022 -29.5413 -1.33567
7.21059 11.9476 5.34663
7.21095 -16.2845 2.37302
7.21132 38.6549 35.8046
7.21169 27.4105 -79.1597
7.21206 -100.49 -9.32141
7.21242 32.1012 87.0266
7.21279 53.2775 -66.7849
7.21316 -73.2946 -15.5562
7.21353 29.8672 40.1782
7.21389 0.364361 -56.4564
7.21426 -55.4278 38.4337
7.21463 63.2264 28.5361
7.215 5.41755 -66.1411
7.21536 -48.1245 9.52229
7.21573 6.29242 20.6838
7.2161 10.2587 4.94065
7.21647 29.018 -12.9215
7.21683 -21.7277 -46.0083
7.2172 -38.5578 15.372
7.21757 17.0733 10.2522
7.21794 -0.564402 -8.41406
7.2183 17.4065 -19.117
7.21867 -41.2366 -62.7102
7.21904 -71.0346 59.8044
7.21941 78.6512 41.0176
7.21977 -9.82683 -106.329
7.22014 -99.4139 36.636
7.22051 53.4074 55.6608
7.22088 -11.8472 -59.0645
7.22124 -55.2168 51.9364
7.22161 67.0775 28.2366
7.22198 -10.8579 -55.9026
7.22235 -54.0674 39.8199
7.22271 38.3933 52.9801
7.22308 51.4487 -7.52656
7.22345 8.07324 -29.2017
7.22382 -27.0572 7.86358
7.22418 23.9402 46.7898
7.22455 49.6807 -3.25012
7.22492 13.5002 -10.8436
7.22528 18.9597 -19.5712
7.22565 -40.0428 -12.6349
7.22602 -0.978617 80.124
7.22639 90.5356 -23.075
7.22675 -59.855 -87.0761
7.22712 -71.5153 75.8458
7.22749 56.4788 20.1603
7.22786 -35.1417 -56.7005
7.22822 -38.9736 36.7513
7.22859 23.1028 -13.3778
7.22896 -50.8515 -39.5646
7.22933 -32.2844 33.3454
7.22969 36.0264 13.0485
7.23006 24.1593 -42.2198
7.23043 -30.911 -42.9025
7.2308 -22.2148 36.9602
7.23116 69.8301 26.312
7.23153 29.8992 -53.8931
7.2319 -15.6185 0.376308
7.23227 28.5945 4.61922
7.23263 -17.8847 3.37172
7.233 27.8286 52.6286
7.23337 50.3293 -52.0538
7.23374 -79.3932 -26.8657
7.2341 -14.5525 75.3267
7.23447 32.3185 -23.951
7.23484 -45.8748 -15.2072
7.23521 2.97288 12.9306
7.23557 -27.61 -42.8238
7.23594 -46.1211 29.6004
7.23631 40.4391 18.2359
7.23668 6.63632 -34.2278
7.23704 -6.21717 -3.60822
7.23741 -8.09714 -0.74842
7.23778 2.52635 59.9543
7.23815 83.7445 15.3426
7.23851 -6.15609 -54.6428
7.23888 -37.0388 64.9036
7.23925 54.7957 44.4616
7.23962 -4.18261 -6.5227
7.23998 10.731 34.0241
7.24035 3.10253 -28.728
7.24072 -64.1426 25.8337
7.24109 34.3654 32.3111
7.24145 -8.49498 -63.6722
7.24182 -41.0207 21.8123
7.24219 45.6783 -36.1594
7.24256 -66.4709 -71.1263
7.24292 -2.26027 72.0513
7.24329 107.707 -58.4661
7.24366 -52.6844 -91.5723
7.24403 -7.99123 50.4508
7.24439 60.2941 -13.0798
7.24476 6.41136 3.41419
7.24513 60.7455 -6.12371
7.2455 -27.1282 -50.3732
7.24586 -36.353 81.7341
7.24623 75.2018 24.7302
7.2466 -16.9128 -45.418
7.24697 -29.6133 24.7812
7.24733 -22.2464 -6.59883
7.2477 -38.1815 38.2942
7.24807 46.7166 -4.68465
7.24844 -56.0665 -67.1738
7.2488 -43.1875 58.627
7.24917 59.7332 -42.0579
7.24954 -89.328 -43.4955
7.24991 23.5424 104.947
7.25027 99.0592 -97.2808
7.25064 -123.502 -55.5164
7.25101 11.2509 131.363
7.25138 92.631 -41.6272
7.25174 -50.023 -29.0183
7.25211 18.0869 33.2937
7.25248 -22.9549 -24.1871
7.25285 -32.1446 67.7089
7.25321 65.6209 -0.389005
7.25358 -39.8202 -54.8261
7.25395 -43.9444 35.4907
7.25432 -6.80486 1.20573
7.25468 -14.1225 24.8298
7.25505 44.5308 -18.9578
7.25542 -60.8899 -57.7547
7.25579 -30.1296 70.7808
7.25615 71.114 -23.4955
7.25652 -58.0694 -28.2643
7.25689 42.3578 75.8597
7.25726 64.8568 -92.3561
7.25762 -109.823 8.70438
7.25799 79.7108 126.168
7.25836 99.0069 -94.8103
7.25873 -78.2317 -16.3398
7.25909 40.2754 74.9467
7.25946 31.4237 -30.6194
7.25983 -6.91927 32.4611
7.2602 57.0964 -4.8098
7.26056 -37.1894 -35.6165
7.26093 -19.9313 43.4058
7.2613 19.5998 -7.51129
7.26167 -21.47 4.04157
7.26203 13.3677 -14.689
7.2624 -56.9787 -49.6894
7.26277 -41.9819 51.8453
7.26314 41.9748 -9.01533
7.2635 -41.1495 -44.5754
7.26387 -6.42281 15.797
7.26424 -7.63988 -42.9788
7.26461 -59.8325 44.2857
7.26497 84.3639 41.1748
7.26534 11.46 -103.048
7.26571 -91.9761 40.3301
7.26608 62.3703 73.2909
7.26644 31.3714 -49.7413
7.26681 -22.7723 17.1603
7.26718 28.8293 4.41614
7.26755 -25.4037 -10.2859
7.26791 12.9191 43.0131
7.26828 36.6193 -21.0712
7.26865 -25.3664 -11.7056
7.26902 9.33755 10.3554
7.26938 -8.03482 -20.3567
7.26975 -19.369 27.8922
7.27012 34.3433 5.26247
7.27049 0.234756 -38.8901
7.27085 -32.3489 -3.14626
7.27122 -23.0691 30.8521
7.27159 33.3265 38.6343
7.27196 52.0163 -43.8692
7.27232 -61.9793 -34.6351
7.27269 -23.4293 88.2891
7.27306 85.8309 16.7202
7.27343 3.18032 -43.5448
7.27379 -16.5628 30.5479
7.27416 20.6343 7.83506
7.27453 -6.893 10.9575
7.2749 35.3919 30.7845
7.27526 29.3073 -37.4698
7.27563 -34.7401 -24.0662
7.276 -1.60931 21.1368
7.27637 27.2953 -14.4303
7.27673 -2.10357 -36.6582
7.2771 -2.08942 -21.8753
7.27747 9.75513 -37.8629
7.27784 -33.8305 -37.8409
7.2782 -14.5158 27.6028
7.27857 71.0224 -22.5075
7.27894 -25.0205 -102.424
7.27931 -92.0391 29.2325
7.27967 52.5923 56.8878
7.28004 32.9885 -67.686
7.28041 -61.9125 -12.2334
7.28078 -2.71429 27.3746
7.28114 -7.6936 -13.2995
7.28151 -19.8468 28.5521
7.28188 24.8117 10.1728
7.28225 -6.74675 -34.1625
7.28261 -40.0792 3.25828
7.28298 -13.1971 45.727
7.28335 37.9188 16.808
7.28372 5.72611 -47.6032
7.28408 -53.0503 8.64973
7.28445 7.54884 43.0277
7.28482 -2.03362 -17.1966
7.28519 -19.6477 30.0931
7.28555 40.3098 -7.95178
7.28592 -69.0739 -49.1206
7.28629 -54.6856 94.012
7.28666 89.4806 16.0059
7.28702 -43.2148 -76.9569
7.28739 -67.4546 63.9824
7.28776 45.7821 21.7002
7.28813 -28.3183 -19.4078
7.28849 -5.81187 53.3086
7.28886 34.2282 -11.0542
7.28923 -26.895 -6.28137
7.2896 -2.17654 35.6199
7.28996 9.43021 23.2224
7.29033 43.0458 21.8666
7.2907 26.2413 -46.3611
7.29107 -61.0068 13.8987
7.29143 42.704 75.7587
7.2918 65.8584 -41.7263
7.29217 -24.3274 -14.8503
7.29254 18.2871 10.2119
7.2929 -14.8558 -14.946
7.29327 26.271 56.8556
7.29364 82.0262 -51.5032
7.29401 -69.9698 -60.3497
7.29437 0.766783 79.738
7.29474 85.4917 -35.9666
7.29511 -40.1795 -36.7017
7.29548 30.3824 36.3772
7.29584 32.9864 -59.0407
7.29621 -43.5029 14.6967
7.29658 50.4577 32.067
7.29695 11.3231 -45.4197
7.29731 -8.78629 18.9545
7.29768 20.2738 -22.925
7.29805 -63.6558 -0.549378
7.29842 25.6895 66.5157
7.29878 45.5629 -63.2945
7.29915 -85.4331 -36.9235
7.29952 -27.0393 44.6285
7.29989 11.7825 -3.14759
7.30025 10.2908 -11.0663
7.30062 -4.32991 -64.138
7.30099 -74.6878 -5.30053
7.30136 37.7796 59.8994
7.30172 46.9491 -67.3001
7.30209 -52.2021 -9.16495
7.30246 51.5005 28.4487
7.30283 -4.9567 -59.9002
7.30319 -46.9655 62.5758
7.30356 96.0788 19.8034
7.30393 -17.0083 -86.1226
7.3043 -64.0713 51.3206
7.30466 41.5146 15.2024
7.30503 -28.4452 -31.3786
7.3054 0.473927 34.1558
7.30577 18.5214 -51.7014
7.30613 -76.8416 -23.2491
7.3065 -2.40197 58.0144
7.30687 45.0501 -12.0204
7.30724 -9.71162 -37.0595
7.3076 -34.4023 -6.97463
7.30797 -15.7204 50.9293
7.30834 53.4257 28.7638
7.30871 -3.06009 -37.5681
7.30907 -30.771 46.3515
7.30944 49.1931 17.8539
7.30981 -45.0718 -27.6455
7.31018 -16.0964 90.8608
7.31054 100.032 -18.804
7.31091 -64.9979 -89.849
7.31128 -65.5888 78.5907
7.31165 81.1784 15.0214
7.31201 -6.57209 -72.1122
7.31238 -35.5379 0.590403
7.31275 1.31789 -19.2128
7.31312 -29.7053 -6.91661
7.31348 9.76686 21.4099
7.31385 14.1456 -36.7702
7.31422 -42.7631 -31.3435
7.31459 -38.3487 30.7636
7.31495 15.154 35.0275
7.31532 14.5878 -28.3019
7.31569 -46.935 -6.44056
7.31606 1.11455 57.1987
7.31642 27.5271 -14.5806
7.31679 -48.7863 8.46413
7.31716 39.1136 76.9113
7.31753 64.6999 -45.138
7.31789 -73.8931 -20.0944
7.31826 6.97944 100.752
7.31863 97.5667 -1.68561
7.319 -7.52569 -54.3497
7.31936 -30.7379 20.2698
7.31973 20.1553 30.3823
7.3201 31.4509 7.21452
7.32047 18.9283 -17.4493
7.32083 -9.04903 -20.6487
7.3212 -20.9665 8.94471
7.32157 1.36691 34.9629
7.32194 39.268 1.05864
7.3223 -8.26757 -44.9837
7.32267 -49.9984 28.0883
7.32304 30.355 40.0844
7.32341 7.15556 -38.0291
7.32377 -30.9688 26.4127
7.32414 51.1797 16.0906
7.32451 -11.6963 -61.7389
7.32488 -43.808 38.8751
7.32524 73.8154 35.2623
7.32561 35.1654 -64.7739
7.32598 -27.1577 -23.5382
7.32635 9.20059 10.995
7.32671 28.9374 9.34021
7.32708 45.7771 -20.7548
7.32745 3.52026 -56.2853
7.32782 -24.2536 -4.54123
7.32818 9.9821 9.95409
7.32855 12.2492 -10.8521
7.32892 21.2807 -30.6549
7.32929 -26.8903 -50.697
7.32965 -47.5284 22.4841
7.33002 32.2485 8.54858
7.33039 -10.8842 -47.0805
7.33076 -23.1083 17.165
7.33112 16.4027 -28.4388
7.33149 -70.3206 -17.7453
7.33186 2.38786 83.6531
7.33223 64.7869 -37.6236
7.33259 -76.7537 -51.1342
7.33296 -38.0871 68.2455
7.33333 26.1514 10.9796
7.3337 -22.0672 -3.14163
7.33406 3.28975 -0.512618
7.33443 -32.4169 -23.8243
7.3348 -35.1269 38.928
7.33517 23.6918 8.30465
7.33553 -8.69793 -19.1326
7.3359 -0.389142 7.62061
7.33627 -15.6299 -17.1155
7.33664 -29.9644 28.9179
7.337 36.416 20.7629
7.33737 -1.86955 -22.3347
7.33774 -12.4263 12.3736
7.33811 -5.16801 -20.7416
7.33847 -46.3996 34.9435
7.33884 64.0332 52.5535
7.33921 26.9727 -97.1102
7.33958 -100.657 2.28844
7.33994 41.7661 88.5122
7.34031 58.6221 -47.6585
7.34068 -29.3232 -14.4113
7.34105 22.5682 14.7661
7.34141 -9.77092 -4.20696
7.34178 13.6538 49.8391
7.34215 54.8978 -16.4766
7.34252 -26.8469 -14.017
7.34288 5.27864 45.14
7.34325 21.0855 -9.05056
7.34362 -13.6428 14.9288
7.34399 27.6869 18.3368
7.34435 3.24897 -22.8361
7.34472 -8.22729 -1.80146
7.34509 -8.39912 -0.169658
7.34546 1.38436 38.2048
7.34582 66.8552 -23.122
7.34619 -43.433 -84.5331
7.34656 -64.6836 72.2428
7.34693 88.5357 26.5891
7.34729 -6.72974 -94.5044
7.34766 -52.4381 19.3915
7.34803 24.7966 -0.379279
7.3484 -39.1298 -18.3945
7.34876 19.9727 37.6012
7.34913 34.9138 -58.3506
7.3495 -75.0403 -13.0737
