# time   dipole_moment
0 -0
0.01 -4.47116e-11
0.055 -1.35352e-09
0.2575 -2.97976e-08
1.16875 -6.18584e-07
5.26937 -1.03529e-05
9.37 -1.86089e-05
13.7531 -1.61133e-05
17.5612 -1.44264e-05
21.3693 -2.02225e-05
25.1774 -2.91751e-05
28.4817 -3.42352e-05
31.7859 -3.63057e-05
35.2255 -3.87177e-05
38.6651 -4.4194e-05
42.1047 -5.21905e-05
45.5443 -6.03387e-05
48.9839 -6.73151e-05
52.4235 -7.39272e-05
55.8631 -8.17037e-05
59.3027 -9.10875e-05
62.7422 -0.000101373
66.1818 -0.000111814
69.6214 -0.00012242
73.061 -0.000133744
76.5006 -0.000146048
79.9402 -0.000159061
83.3798 -0.000172472
86.8194 -0.000186342
90.259 -0.000201026
93.6986 -0.000216683
96.7705 -0.000231246
99.8424 -0.000246065
102.914 -0.000261089
105.986 -0.000276522
109.058 -0.000292647
112.13 -0.000309547
115.202 -0.000327037
118.274 -0.000344864
121.346 -0.000362863
124.418 -0.000381016
127.49 -0.000399544
130.562 -0.00041881
133.633 -0.000438916
136.705 -0.000459449
139.777 -0.000479865
142.849 -0.000500183
145.921 -0.000520972
148.993 -0.000542566
152.065 -0.000564682
155.137 -0.000586896
158.209 -0.000609068
161.281 -0.000631337
164.353 -0.000654043
167.425 -0.000677376
170.496 -0.000700934
173.568 -0.000724199
176.64 -0.00074739
179.712 -0.000771091
182.784 -0.000795279
185.856 -0.00081952
188.928 -0.000843654
191.624 -0.000864753
194.319 -0.000885796
197.112 -0.000907726
199.905 -0.000929981
202.698 -0.000952383
205.491 -0.000974579
208.284 -0.000996567
211.078 -0.00101857
213.871 -0.0010406
216.664 -0.00106257
219.457 -0.0010845
222.25 -0.00110636
225.043 -0.00112802
227.836 -0.00114955
230.629 -0.00117114
233.422 -0.00119264
236.215 -0.00121379
239.008 -0.0012346
241.801 -0.00125525
244.594 -0.00127575
247.388 -0.00129614
250.181 -0.0013165
252.974 -0.00133664
255.767 -0.00135622
258.56 -0.00137524
261.353 -0.00139394
263.866 -0.00141068
266.38 -0.00142741
268.893 -0.00144406
271.407 -0.00146035
273.92 -0.00147596
276.433 -0.00149098
278.947 -0.00150577
281.46 -0.00152056
283.974 -0.00153519
286.487 -0.00154938
289.001 -0.00156302
291.514 -0.00157621
294.027 -0.00158903
296.541 -0.00160156
299.054 -0.00161376
301.568 -0.00162551
304.081 -0.00163673
306.595 -0.00164744
309.108 -0.00165775
311.621 -0.00166769
314.135 -0.00167726
316.648 -0.00168641
319.162 -0.00169505
321.675 -0.00170304
324.189 -0.0017104
326.791 -0.00171755
329.394 -0.0017243
331.997 -0.00173061
334.6 -0.00173641
337.203 -0.00174163
339.805 -0.00174619
342.408 -0.00175002
345.011 -0.00175322
347.614 -0.00175591
350.217 -0.00175813
352.819 -0.00175983
355.422 -0.00176098
358.025 -0.0017615
360.628 -0.00176128
363.231 -0.00176033
365.833 -0.00175876
368.436 -0.00175668
371.039 -0.00175408
373.642 -0.00175091
376.245 -0.00174711
378.847 -0.00174263
381.45 -0.00173742
384.053 -0.00173159
386.656 -0.0017252
389.259 -0.00171823
391.861 -0.00171057
394.464 -0.00170223
397.067 -0.00169333
399.67 -0.00168391
402.273 -0.00167392
404.876 -0.00166327
407.478 -0.00165186
410.081 -0.00163971
412.684 -0.00162696
415.287 -0.00161372
417.89 -0.00160001
420.492 -0.00158576
423.095 -0.00157089
425.698 -0.00155536
428.301 -0.0015391
430.904 -0.00152207
433.506 -0.00150442
436.109 -0.00148636
438.712 -0.00146801
441.315 -0.00144924
443.918 -0.00142981
446.52 -0.00140956
449.123 -0.00138847
451.726 -0.00136673
454.329 -0.00134465
456.932 -0.00132237
459.534 -0.00129976
462.137 -0.00127652
464.74 -0.0012525
467.343 -0.0012278
469.946 -0.00120252
472.548 -0.00117678
475.151 -0.0011507
477.754 -0.00112431
480.357 -0.00109751
482.96 -0.00107015
485.562 -0.00104216
488.165 -0.00101359
490.768 -0.000984564
493.371 -0.000955225
495.974 -0.000925553
498.576 -0.0008954
501.179 -0.000864726
503.782 -0.000833677
506.385 -0.000802342
508.988 -0.000770619
511.591 -0.000738408
514.193 -0.000705742
516.796 -0.000672653
519.399 -0.000639154
522.002 -0.000605378
524.605 -0.000571472
527.207 -0.000537345
529.81 -0.000502764
532.413 -0.000467667
535.016 -0.000432157
537.619 -0.000396311
540.221 -0.000360219
542.824 -0.000324031
545.427 -0.000287754
548.03 -0.000251176
550.633 -0.000214158
553.235 -0.000176782
555.838 -0.000139142
558.441 -0.000101252
561.044 -6.31883e-05
563.647 -2.50466e-05
566.249 1.32271e-05
568.852 5.17313e-05
571.455 9.04441e-05
574.058 0.000129358
576.661 0.000168566
579.263 0.000208037
581.866 0.000247562
584.469 0.000287072
586.781 0.000322261
589.093 0.000357566
591.405 0.000392917
593.717 0.000428335
596.029 0.000463953
598.342 0.00049981
600.654 0.000535742
602.966 0.000571583
605.278 0.000607348
607.59 0.000643145
609.902 0.000679008
612.214 0.00071492
614.526 0.000750915
616.838 0.00078702
619.15 0.000823157
621.462 0.000859224
623.775 0.000895229
626.087 0.000931247
628.399 0.000967266
630.711 0.00100321
633.023 0.0010391
635.335 0.00107505
637.647 0.0011111
639.959 0.00114709
642.271 0.00118287
644.583 0.00121849
646.895 0.00125407
649.207 0.00128972
651.52 0.00132537
653.832 0.00136094
656.144 0.00139637
658.456 0.00143161
660.768 0.00146669
663.08 0.00150167
665.392 0.0015366
667.704 0.00157146
670.016 0.00160621
672.328 0.00164085
674.64 0.00167533
676.953 0.00170962
679.265 0.00174369
681.577 0.00177755
683.889 0.00181125
686.201 0.0018448
688.513 0.0018782
690.825 0.00191147
693.137 0.00194461
695.449 0.00197757
697.761 0.00201019
700.073 0.00204243
702.386 0.00207436
704.698 0.00210615
707.01 0.00213782
709.322 0.00216931
711.634 0.00220052
713.946 0.00223143
716.258 0.00226204
718.57 0.0022923
720.882 0.00232215
723.194 0.00235165
725.506 0.00238093
727.818 0.00241005
730.131 0.00243887
732.443 0.00246723
734.755 0.00249512
737.067 0.00252265
739.379 0.00254985
741.691 0.0025767
744.003 0.00260316
746.315 0.00262925
748.627 0.00265492
750.939 0.00268004
753.251 0.00270461
755.564 0.00272879
757.876 0.00275269
760.188 0.00277622
762.5 0.00279923
764.812 0.00282166
767.124 0.00284352
769.436 0.00286476
771.748 0.00288537
774.06 0.00290553
776.372 0.00292538
778.684 0.00294485
780.996 0.00296368
783.309 0.00298175
785.621 0.00299914
787.933 0.00301592
790.333 0.00303263
792.733 0.00304865
795.133 0.00306415
797.533 0.00307916
799.934 0.00309348
802.334 0.00310694
804.734 0.00311958
807.134 0.00313145
809.534 0.0031425
811.935 0.00315276
814.335 0.00316236
816.735 0.00317137
819.135 0.00317958
821.535 0.00318687
823.935 0.00319333
826.336 0.00319902
828.736 0.00320378
831.136 0.00320755
833.536 0.00321049
835.936 0.00321279
838.337 0.00321434
840.737 0.00321493
843.137 0.00321453
845.537 0.0032132
847.937 0.00321095
850.338 0.00320774
852.738 0.00320366
855.138 0.00319874
857.538 0.00319293
859.938 0.00318611
862.338 0.00317832
864.739 0.00316958
867.139 0.00315981
869.539 0.00314904
871.939 0.00313741
874.339 0.00312493
876.74 0.00311142
879.14 0.00309675
881.54 0.00308101
883.94 0.00306434
886.34 0.00304676
888.74 0.00302821
891.141 0.00300874
893.541 0.00298829
895.941 0.00296668
898.341 0.00294385
900.741 0.00291995
903.142 0.00289522
905.542 0.00286964
907.942 0.00284308
910.342 0.00281549
912.742 0.00278683
915.142 0.002757
917.543 0.00272598
919.943 0.00269393
922.343 0.00266107
924.743 0.00262738
927.143 0.00259272
929.544 0.002557
931.944 0.00252016
934.344 0.00248215
936.744 0.00244298
939.144 0.00240286
941.544 0.00236203
943.945 0.00232047
946.345 0.00227791
948.745 0.00223412
951.145 0.00218911
953.545 0.00214309
955.946 0.00209623
958.346 0.00204858
960.746 0.0020001
963.146 0.00195072
965.546 0.00190035
967.947 0.00184891
970.347 0.0017964
972.504 0.0017484
974.662 0.0016998
976.82 0.00165064
978.978 0.00160082
981.136 0.00155024
983.294 0.00149891
985.451 0.00144689
987.609 0.00139418
989.767 0.00134072
991.925 0.00128655
994.083 0.00123181
996.319 0.00117456
998.556 0.00111668
1000.79 0.00105805
1003.03 0.000998675
1005.27 0.000938683
1007.5 0.000878094
1009.74 0.000816834
1011.98 0.000754929
1014.21 0.000692519
1016.45 0.00062965
1018.68 0.0005662
1020.92 0.000502079
1023.16 0.000437384
1025.39 0.000372252
1027.63 0.000306666
1029.87 0.000240534
1032.1 0.000173881
1034.34 0.00010682
1036.58 3.93627e-05
1038.81 -2.85702e-05
1041.05 -9.69671e-05
1043.29 -0.000165704
1045.52 -0.000234739
1047.76 -0.000304171
1050.08 -0.000376533
1052.39 -0.00044924
1054.71 -0.000522181
1057.02 -0.000595431
1059.34 -0.000669062
1061.66 -0.000742957
1063.97 -0.000816986
1066.29 -0.000891227
1068.6 -0.000965817
1070.92 -0.00104067
1073.24 -0.0011156
1075.55 -0.00119055
1077.87 -0.00126567
1080.18 -0.00134098
1082.5 -0.00141636
1084.81 -0.00149178
1087.13 -0.00156728
1089.45 -0.00164282
1091.76 -0.00171827
1094.08 -0.00179363
1096.39 -0.00186903
1098.71 -0.00194445
1101.03 -0.00201973
1103.34 -0.00209479
1105.66 -0.00216974
1107.97 -0.00224463
1110.29 -0.00231933
1112.61 -0.00239374
1114.92 -0.00246793
1117.24 -0.00254194
1119.55 -0.00261564
1121.87 -0.00268893
1124.19 -0.00276194
1126.5 -0.00283478
1128.82 -0.00290727
1131.13 -0.00297921
1133.45 -0.00305067
1135.76 -0.00312183
1138.08 -0.0031926
1140.4 -0.00326275
1142.71 -0.0033323
1145.03 -0.00340145
1147.34 -0.00347022
1149.66 -0.00353836
1151.98 -0.00360573
1154.29 -0.0036725
1156.61 -0.00373876
1158.92 -0.00380438
1161.24 -0.00386916
1163.56 -0.00393321
1165.87 -0.00399665
1168.19 -0.00405942
1170.5 -0.00412134
1172.82 -0.00418242
1175.13 -0.00424275
1177.45 -0.00430231
1179.77 -0.00436093
1182.08 -0.00441857
1184.4 -0.00447531
1186.71 -0.0045312
1189.03 -0.0045862
1191.35 -0.00464029
1193.66 -0.00469345
1195.98 -0.00474557
1198.29 -0.00479654
1200.61 -0.00484639
1202.93 -0.00489525
1205.24 -0.00494313
1207.56 -0.00498991
1209.87 -0.00503554
1212.19 -0.00508009
1214.51 -0.00512355
1216.82 -0.00516582
1219.14 -0.00520678
1221.45 -0.00524649
1223.77 -0.00528504
1226.08 -0.00532239
1228.4 -0.00535849
1230.72 -0.00539335
1233.03 -0.00542698
1235.35 -0.00545932
1237.66 -0.00549028
1239.98 -0.00551985
1242.3 -0.00554807
1244.61 -0.00557496
1246.93 -0.00560051
1249.24 -0.0056247
1251.56 -0.00564753
1253.88 -0.00566895
1256.19 -0.00568892
1258.51 -0.00570744
1260.82 -0.00572448
1263.14 -0.00574006
1265.46 -0.0057542
1267.77 -0.00576693
1270.09 -0.00577821
1272.4 -0.00578793
1274.72 -0.00579609
1277.03 -0.00580274
1279.35 -0.00580793
1281.67 -0.00581161
1283.98 -0.00581374
1286.3 -0.00581433
1288.61 -0.0058134
1290.93 -0.00581087
1293.25 -0.00580671
1295.56 -0.00580097
1297.88 -0.00579374
1300.19 -0.005785
1302.51 -0.00577467
1304.83 -0.00576273
1307.14 -0.00574918
1309.46 -0.00573401
1311.77 -0.0057172
1314.09 -0.0056988
1316.41 -0.00567889
1318.72 -0.00565742
1321.04 -0.0056343
1323.35 -0.00560955
1325.67 -0.0055832
1327.98 -0.00555529
1330.3 -0.00552575
1332.62 -0.00549459
1334.93 -0.00546187
1337.25 -0.00542758
1339.56 -0.00539165
1341.88 -0.00535404
1344.2 -0.00531488
1346.51 -0.00527426
1348.83 -0.0052321
1351.14 -0.00518831
1353.46 -0.00514288
1355.78 -0.00509587
1358.09 -0.00504726
1360.41 -0.00499707
1362.72 -0.00494537
1365.04 -0.00489223
1367.36 -0.00483761
1369.67 -0.00478143
1371.99 -0.00472365
1374.3 -0.00466431
1376.62 -0.00460347
1378.93 -0.0045411
1381.25 -0.00447725
1383.57 -0.00441197
1385.88 -0.00434529
1388.2 -0.00427717
1390.51 -0.00420759
1392.83 -0.00413657
1395.15 -0.00406406
1397.46 -0.00399006
1399.78 -0.00391463
1402.09 -0.00383789
1404.41 -0.00375986
1406.73 -0.00368049
1409.04 -0.00359975
1411.36 -0.00351768
1413.67 -0.00343429
1415.99 -0.00334953
1418.3 -0.0032634
1420.62 -0.00317602
1422.94 -0.00308746
1425.25 -0.0029977
1427.57 -0.00290671
1429.88 -0.00281452
1432.2 -0.00272117
1434.52 -0.00262662
1436.83 -0.00253082
1439.15 -0.00243386
1441.46 -0.00233582
1443.78 -0.00223675
1446.1 -0.00213661
1448.41 -0.00203542
1450.73 -0.00193324
1453.04 -0.00183003
1455.36 -0.00172575
1457.68 -0.00162042
1459.99 -0.00151417
1462.31 -0.00140708
1464.62 -0.00129911
1466.94 -0.00119023
1469.25 -0.00108049
1471.57 -0.000969934
1473.89 -0.000858551
1476.2 -0.000746315
1478.52 -0.000633292
1480.83 -0.000519593
1483.15 -0.000405254
1485.47 -0.000290226
1487.78 -0.000174478
1490.1 -5.8064e-05
1492.41 5.89324e-05
1494.73 0.000176479
1497.05 0.000294588
1499.36 0.000413249
1501.68 0.000532402
1503.99 0.000651989
1506.31 0.000772002
1508.63 0.000892451
1510.94 0.00101331
1513.26 0.00113451
1515.57 0.00125602
1517.89 0.00137784
1520.2 0.00149994
1522.52 0.00162224
1524.84 0.00174471
1527.15 0.00186736
1529.47 0.00199018
1531.78 0.00211314
1534.1 0.00223615
1536.42 0.00235922
1538.73 0.00248232
1541.05 0.00260539
1543.36 0.00272836
1545.68 0.00285122
1548 0.00297401
1550.31 0.0030967
1552.63 0.00321921
1554.94 0.00334151
1557.26 0.00346358
1559.58 0.00358534
1561.89 0.00370673
1564.21 0.00382775
1566.52 0.00394844
1568.84 0.00406879
1571.15 0.0041887
1573.47 0.0043081
1575.79 0.00442698
1578.1 0.00454532
1580.42 0.00466303
1582.73 0.0047801
1585.05 0.00489658
1587.37 0.00501245
1589.68 0.00512758
1592 0.00524189
1594.31 0.00535542
1596.63 0.0054682
1598.95 0.00558014
1601.26 0.00569112
1603.58 0.00580119
1605.89 0.00591036
1608.21 0.00601857
1610.53 0.00612569
1612.84 0.00623174
1615.16 0.00633678
1617.47 0.00644073
1619.79 0.00654348
1622.1 0.00664501
1624.42 0.00674537
1626.74 0.00684451
1629.05 0.0069423
1631.37 0.00703873
1633.68 0.00713389
1636 0.00722774
1638.32 0.00732013
1640.63 0.00741101
1642.95 0.00750045
1645.26 0.00758846
1647.58 0.00767487
1649.9 0.00775961
1652.21 0.00784278
1654.53 0.00792445
1656.84 0.00800447
1659.16 0.00808269
1661.47 0.00815919
1663.79 0.00823403
1666.11 0.00830709
1668.42 0.0083782
1670.74 0.00844743
1673.05 0.00851491
1675.37 0.00858058
1677.45 0.008638
1679.54 0.00869378
1681.62 0.00874798
1683.71 0.00880062
1685.87 0.00885358
1688.04 0.00890464
1690.21 0.00895387
1692.37 0.00900135
1694.54 0.00904705
1696.71 0.00909084
1698.87 0.00913269
1701.04 0.00917266
1703.21 0.00921075
1705.37 0.00924684
1707.54 0.00928087
1709.71 0.00931289
1711.87 0.009343
1714.04 0.00937114
1716.21 0.0093972
1718.37 0.00942115
1720.54 0.00944307
1722.7 0.00946295
1724.95 0.00948131
1727.2 0.00949731
1729.45 0.00951102
1731.7 0.00952249
1733.95 0.00953164
1736.2 0.00953837
1738.44 0.00954273
1740.69 0.00954478
1742.94 0.00954448
1745.19 0.00954173
1747.44 0.00953652
1749.69 0.00952893
1751.94 0.00951895
1754.18 0.00950649
1756.43 0.0094915
1758.68 0.00947408
1760.93 0.00945425
1763.18 0.00943196
1765.43 0.00940714
1767.67 0.00937983
1769.92 0.00935004
1772.17 0.00931775
1774.42 0.00928292
1776.67 0.00924555
1778.92 0.0092057
1781.17 0.00916333
1783.41 0.00911843
1785.66 0.00907103
1787.91 0.00902115
1790.16 0.00896877
1792.41 0.00891382
1794.66 0.0088563
1796.91 0.00879627
1799.15 0.00873375
1801.4 0.00866868
1803.65 0.0086011
1805.9 0.00853109
1808.15 0.00845865
1810.4 0.00838369
1812.64 0.00830617
1814.89 0.00822615
1817.14 0.00814367
1819.39 0.00805874
1821.64 0.00797135
1823.89 0.00788154
1826.14 0.00778937
1828.38 0.00769479
1830.63 0.00759774
1832.88 0.00749826
1835.13 0.00739643
1837.38 0.00729227
1839.63 0.00718575
1841.88 0.00707688
1844.12 0.00696572
1846.37 0.00685225
1848.62 0.00673646
1850.87 0.0066184
1853.12 0.00649816
1855.37 0.00637575
1857.61 0.00625112
1859.86 0.00612423
1862.11 0.00599517
1864.36 0.005864
1866.61 0.0057307
1868.86 0.00559527
1871.11 0.00545781
1873.35 0.00531841
1875.6 0.00517702
1877.85 0.00503356
1880.1 0.00488808
1882.35 0.00474068
1884.6 0.0045914
1886.85 0.0044402
1889.09 0.00428714
1891.34 0.00413234
1893.59 0.00397584
1895.84 0.00381754
1898.09 0.00365743
1900.34 0.00349562
1902.59 0.00333222
1904.83 0.00316718
1907.08 0.00300049
1909.33 0.00283226
1911.58 0.00266261
1913.83 0.0024915
1916.08 0.00231884
1918.32 0.00214474
1920.57 0.00196933
1922.82 0.00179266
1925.07 0.00161465
1927.32 0.00143531
1929.57 0.0012548
1931.82 0.00107317
1934.06 0.000890369
1936.31 0.000706389
1938.56 0.000521402
1940.81 0.000335535
1943.06 0.000148722
1945.31 -3.91234e-05
1947.56 -0.000227905
1949.8 -0.000417455
1952.05 -0.000607749
1954.3 -0.000798851
1956.55 -0.000990697
1958.8 -0.00118312
1961.05 -0.00137606
1963.29 -0.00156961
1965.54 -0.00176375
1967.79 -0.00195834
1970.04 -0.00215327
1972.29 -0.0023486
1974.54 -0.00254434
1976.79 -0.00274035
1979.03 -0.00293649
1981.28 -0.00313276
1983.53 -0.00332923
1985.78 -0.00352581
1988.03 -0.00372235
1990.28 -0.00391881
1992.53 -0.00411528
1994.77 -0.0043117
1997.02 -0.00450788
1999.27 -0.00470377
2001.52 -0.0048994
2003.77 -0.00509478
2006.02 -0.00528973
2008.26 -0.00548415
2010.51 -0.00567809
2012.76 -0.0058716
2015.01 -0.00606456
2017.26 -0.00625679
2019.51 -0.00644831
2021.76 -0.00663916
2024 -0.00682924
2026.25 -0.00701837
2028.5 -0.00720652
2030.75 -0.00739379
2033 -0.00758015
2035.25 -0.00776544
2037.5 -0.00794952
2039.74 -0.00813245
2041.99 -0.00831426
2044.24 -0.00849481
2046.49 -0.00867396
2048.74 -0.00885172
2050.99 -0.00902811
2053.23 -0.00920306
2055.48 -0.00937641
2057.73 -0.00954816
2059.98 -0.00971836
2062.23 -0.00988697
2064.48 -0.0100538
2066.73 -0.0102189
2068.97 -0.010382
2071.22 -0.0105434
2073.47 -0.0107028
2075.72 -0.0108601
2077.97 -0.0110155
2080.22 -0.0111689
2082.47 -0.0113202
2084.71 -0.0114694
2086.96 -0.0116162
2089.21 -0.0117608
2091.46 -0.0119031
2093.71 -0.0120431
2095.96 -0.0121806
2098.21 -0.0123157
2100.45 -0.0124483
2102.7 -0.0125785
2104.95 -0.012706
2107.2 -0.012831
2109.45 -0.0129533
2111.7 -0.0130728
2113.94 -0.0131896
2116.19 -0.0133036
2118.44 -0.0134148
2120.69 -0.0135231
2122.94 -0.0136285
2125.19 -0.0137311
2127.44 -0.0138306
2129.68 -0.0139271
2131.93 -0.0140205
2134.18 -0.0141108
2136.43 -0.014198
2138.68 -0.014282
2140.93 -0.0143628
2143.18 -0.0144403
2145.42 -0.0145147
2147.67 -0.0145857
2149.92 -0.0146534
2152.17 -0.0147176
2154.42 -0.0147785
2156.67 -0.014836
2158.91 -0.01489
2161.16 -0.0149405
2163.41 -0.0149875
2165.66 -0.015031
2167.91 -0.0150709
2170.16 -0.0151071
2172.41 -0.0151398
2174.65 -0.0151689
2176.9 -0.0151942
2179.15 -0.0152159
2181.4 -0.0152338
2183.65 -0.015248
2185.9 -0.0152586
2188.15 -0.0152652
2190.39 -0.0152681
2192.64 -0.0152673
2194.89 -0.0152626
2197.14 -0.0152541
2199.39 -0.0152416
2201.64 -0.0152253
2203.88 -0.0152052
2206.13 -0.0151812
2208.38 -0.0151531
2210.63 -0.0151213
2212.88 -0.0150855
2215.13 -0.0150459
2217.38 -0.0150022
2219.62 -0.0149546
2221.87 -0.014903
2224.12 -0.0148476
2226.37 -0.0147881
2228.62 -0.0147246
2230.87 -0.0146572
2233.12 -0.014586
2235.36 -0.0145107
2237.61 -0.0144314
2239.86 -0.0143481
2242.11 -0.014261
2244.36 -0.0141699
2246.61 -0.0140747
2248.85 -0.0139757
2251.1 -0.0138728
2253.35 -0.013766
2255.6 -0.0136552
2257.85 -0.0135405
2260.1 -0.0134219
2262.35 -0.0132995
2264.59 -0.0131732
2266.84 -0.0130429
2269.09 -0.0129089
2271.34 -0.0127712
2273.59 -0.0126297
2275.84 -0.0124842
2278.09 -0.012335
2280.33 -0.0121822
2282.58 -0.0120257
2284.83 -0.0118653
2287.08 -0.0117013
2289.33 -0.0115337
2291.58 -0.0113626
2293.82 -0.0111878
2296.07 -0.0110093
2298.32 -0.0108274
2300.57 -0.010642
2302.82 -0.0104532
2305.07 -0.0102608
2307.32 -0.0100651
2309.56 -0.009866
2311.81 -0.00966362
2314.06 -0.00945785
2316.31 -0.00924879
2318.56 -0.00903657
2320.81 -0.00882122
2323.06 -0.00860266
2325.3 -0.00838095
2327.55 -0.00815622
2329.8 -0.00792853
2332.05 -0.00769783
2334.3 -0.00746412
2336.55 -0.00722754
2338.8 -0.0069882
2341.04 -0.00674607
2343.29 -0.00650113
2345.54 -0.00625347
2347.79 -0.00600323
2350.04 -0.00575044
2352.29 -0.00549506
2354.53 -0.00523714
2356.78 -0.0049768
2359.03 -0.00471413
2361.28 -0.00444914
2363.53 -0.00418183
2365.78 -0.0039123
2368.03 -0.00364066
2370.27 -0.00336696
2372.52 -0.00309117
2374.77 -0.00281338
2377.02 -0.00253367
2379.27 -0.00225215
2381.52 -0.00196884
2383.77 -0.00168377
2386.01 -0.00139702
2388.26 -0.0011087
2390.51 -0.000818878
2392.76 -0.000527562
2395.01 -0.000234805
2397.26 5.92953e-05
2399.5 0.000354642
2401.75 0.000651178
2404 0.000948869
2406.25 0.00124764
2408.5 0.00154738
2410.75 0.00184801
2413 0.00214949
2415.24 0.0024518
2417.49 0.00275483
2419.74 0.00305848
2421.99 0.00336267
2424.24 0.00366737
2426.49 0.00397251
2428.74 0.00427797
2430.98 0.00458365
2433.23 0.00488952
2435.48 0.00519555
2437.73 0.00550163
2439.98 0.00580766
2442.23 0.00611358
2444.47 0.00641932
2446.72 0.00672479
2448.97 0.00702989
2451.22 0.00733454
2453.24 0.00760785
2455.26 0.00788073
2457.28 0.00815309
2459.3 0.00842485
2461.32 0.00869598
2463.34 0.00896645
2465.36 0.00923618
2467.38 0.00950509
2469.4 0.00977311
2471.42 0.0100402
2473.44 0.0103063
2475.46 0.0105714
2477.48 0.0108354
2479.5 0.0110982
2481.52 0.0113599
2483.54 0.0116203
2485.56 0.0118794
2487.58 0.012137
2489.61 0.0123933
2491.63 0.012648
2493.65 0.0129012
2495.67 0.0131527
2497.69 0.0134026
2499.71 0.0136507
2501.73 0.0138971
2503.75 0.0141417
2505.77 0.0143843
2507.79 0.014625
2509.88 0.0148718
2511.97 0.0151165
2514.06 0.0153588
2516.15 0.0155988
2518.24 0.0158363
2520.33 0.0160715
2522.41 0.0163041
2524.5 0.0165342
2526.59 0.0167616
2528.68 0.0169862
2530.77 0.0172082
2532.86 0.0174273
2534.95 0.0176435
2537.04 0.0178567
2539.13 0.0180669
2541.22 0.0182741
2543.31 0.0184783
2545.4 0.0186792
2547.49 0.0188769
2549.58 0.0190713
2551.67 0.0192624
2553.76 0.01945
2555.85 0.0196342
2557.94 0.0198149
2560.03 0.019992
2562.12 0.0201656
2564.21 0.0203355
2566.3 0.0205016
2568.39 0.020664
2570.48 0.0208226
2572.57 0.0209773
2574.66 0.0211281
2576.75 0.0212749
2578.84 0.0214177
2580.93 0.0215565
2583.01 0.0216911
2585.1 0.0218216
2587.19 0.0219479
2589.28 0.02207
2591.37 0.0221877
2593.46 0.0223012
2595.55 0.0224103
2597.64 0.0225149
2599.73 0.0226151
2601.82 0.0227108
2603.91 0.022802
2606 0.0228886
2608.09 0.0229706
2610.18 0.023048
2612.27 0.0231207
2614.36 0.0231887
2616.45 0.0232519
2618.54 0.0233104
2620.63 0.023364
2622.72 0.0234128
2624.81 0.0234567
2626.9 0.0234958
2628.99 0.0235299
2631.08 0.023559
2633.17 0.0235831
2635.26 0.0236023
2637.35 0.0236165
2639.44 0.0236256
2641.53 0.0236295
2643.61 0.0236285
2645.7 0.0236223
2647.79 0.0236109
2649.88 0.0235944
2651.97 0.0235727
2654.06 0.0235458
2656.15 0.0235138
2658.24 0.0234766
2660.33 0.023434
2662.42 0.0233863
2664.51 0.0233333
2666.6 0.0232751
2668.69 0.0232116
2670.78 0.0231427
2672.87 0.0230687
2674.96 0.0229893
2677.05 0.0229047
2679.14 0.0228148
2681.23 0.0227196
2683.32 0.0226191
2685.41 0.0225134
2687.5 0.0224023
2689.59 0.0222858
2691.68 0.0221642
2693.77 0.0220373
2695.86 0.0219051
2697.95 0.0217676
2700.04 0.0216249
2702.12 0.0214771
2704.21 0.0213239
2706.3 0.0211655
2708.39 0.0210019
2710.48 0.0208331
2712.57 0.0206592
2714.66 0.0204801
2716.75 0.0202958
2718.84 0.0201065
2720.93 0.0199121
2723.02 0.0197127
2725.11 0.0195081
2727.2 0.0192985
2729.29 0.0190839
2731.38 0.0188644
2733.47 0.0186399
2735.56 0.0184105
2737.65 0.0181762
2739.74 0.0179371
2741.83 0.0176933
2743.92 0.0174446
2746.01 0.017191
2748.1 0.0169328
2750.19 0.01667
2752.28 0.0164026
2754.37 0.0161306
2756.46 0.0158539
2758.55 0.0155728
2760.64 0.0152873
2762.72 0.0149973
2764.81 0.0147029
2766.9 0.0144041
2768.99 0.0141012
2771.08 0.013794
2773.17 0.0134827
2775.26 0.0131671
2777.35 0.0128475
2779.44 0.0125239
2781.53 0.0121964
2783.62 0.0118649
2785.71 0.0115295
2787.8 0.0111904
2789.89 0.0108476
2791.98 0.0105011
2794.07 0.0101509
2796.16 0.00979716
2798.25 0.00943999
2800.34 0.00907942
2802.43 0.00871542
2804.52 0.00834809
2806.61 0.00797758
2808.7 0.00760398
2810.79 0.00722729
2812.88 0.0068475
2814.97 0.00646474
2817.06 0.00607916
2819.15 0.00569081
2821.24 0.00529969
2823.32 0.00490585
2825.41 0.00450947
2827.5 0.00411065
2829.59 0.00370941
2831.68 0.00330575
2833.77 0.00289979
2835.86 0.00249169
2837.95 0.00208153
2840.04 0.00166931
2842.13 0.00125507
2844.22 0.000838972
2846.31 0.00042116
2848.4 1.67161e-06
2850.49 -0.000419488
2852.58 -0.000842221
2854.67 -0.00126635
2856.76 -0.00169178
2858.85 -0.00211848
2860.94 -0.00254643
2863.03 -0.00297549
2865.12 -0.00340551
2867.21 -0.00383641
2869.3 -0.00426816
2871.39 -0.0047007
2873.48 -0.00513385
2875.57 -0.00556749
2877.66 -0.00600157
2879.75 -0.00643608
2881.83 -0.0068709
2883.92 -0.00730587
2886.01 -0.00774088
2888.1 -0.0081759
2890.19 -0.00861085
2892.28 -0.00904561
2894.37 -0.00948001
2896.46 -0.00991401
2898.55 -0.0103476
2900.64 -0.0107806
2902.73 -0.0112129
2904.82 -0.0116444
2906.91 -0.012075
2909 -0.0125047
2911.09 -0.0129334
2913.18 -0.0133608
2915.27 -0.013787
2917.36 -0.0142118
2919.45 -0.0146353
2921.54 -0.0150571
2923.63 -0.0154773
2925.72 -0.0158957
2927.81 -0.0163123
2929.9 -0.016727
2931.99 -0.0171396
2934.08 -0.0175501
2936.17 -0.0179583
2938.26 -0.0183643
2940.35 -0.0187678
2942.43 -0.0191687
2944.52 -0.0195671
2946.61 -0.0199627
2948.7 -0.0203556
2950.79 -0.0207455
2952.88 -0.0211324
2954.97 -0.0215162
2957.06 -0.0218968
2959.15 -0.0222741
2961.24 -0.0226481
2963.33 -0.0230185
2965.42 -0.0233854
2967.51 -0.0237486
2969.6 -0.0241081
2971.69 -0.0244637
2973.78 -0.0248154
2975.87 -0.0251631
2977.96 -0.0255066
2980.05 -0.0258459
2982.14 -0.0261809
2984.23 -0.0265115
2986.32 -0.0268377
2988.41 -0.0271592
2990.5 -0.0274761
2992.59 -0.0277883
2994.68 -0.0280957
2996.77 -0.0283981
2998.86 -0.0286955
3000.95 -0.0289878
3003.03 -0.0292751
3005.12 -0.0295571
3007.21 -0.0298337
3009.3 -0.0301049
3011.39 -0.0303706
3013.48 -0.0306309
3015.57 -0.0308854
3017.66 -0.0311342
3019.75 -0.0313772
3021.84 -0.0316144
3023.93 -0.0318457
3026.02 -0.0320709
3028.11 -0.03229
3030.2 -0.032503
3032.29 -0.0327099
3034.38 -0.0329104
3036.47 -0.0331045
3038.56 -0.0332922
3040.65 -0.0334734
3042.74 -0.0336481
3044.83 -0.0338162
3046.92 -0.0339776
3049.01 -0.0341322
3051.1 -0.0342801
3053.19 -0.0344212
3055.28 -0.0345553
3057.37 -0.0346824
3059.46 -0.0348025
3061.54 -0.0349157
3063.63 -0.0350217
3065.72 -0.0351204
3067.81 -0.035212
3069.9 -0.0352963
3071.99 -0.0353734
3074.08 -0.0354431
3076.17 -0.0355053
3078.26 -0.0355601
3080.35 -0.0356075
3082.44 -0.0356475
3084.53 -0.0356798
3086.62 -0.0357045
3088.71 -0.0357216
3090.8 -0.0357311
3092.89 -0.035733
3094.98 -0.035727
3097.07 -0.0357133
3099.16 -0.035692
3101.25 -0.0356628
3103.34 -0.0356259
3105.43 -0.035581
3107.52 -0.0355283
3109.61 -0.0354679
3111.7 -0.0353995
3113.79 -0.0353232
3115.88 -0.035239
3117.97 -0.0351468
3120.06 -0.0350468
3122.14 -0.0349389
3124.23 -0.0348229
3126.32 -0.034699
3128.41 -0.0345673
3130.5 -0.0344276
3132.59 -0.0342799
3134.68 -0.0341242
3136.77 -0.0339606
3138.86 -0.0337891
3140.95 -0.0336097
3143.04 -0.0334223
3145.13 -0.033227
3147.22 -0.0330238
3149.31 -0.0328128
3151.4 -0.032594
3153.49 -0.0323672
3155.58 -0.0321326
3157.67 -0.0318903
3159.76 -0.0316402
3161.85 -0.0313823
3163.94 -0.0311167
3166.03 -0.0308434
3168.12 -0.0305624
3170.21 -0.0302739
3172.3 -0.0299777
3174.39 -0.0296739
3176.48 -0.0293626
3178.57 -0.0290439
3180.66 -0.0287178
3182.74 -0.0283842
3184.83 -0.0280432
3186.92 -0.027695
3189.01 -0.0273395
3191.1 -0.0269768
3193.19 -0.026607
3195.28 -0.02623
3197.37 -0.025846
3199.46 -0.0254551
3201.55 -0.0250572
3203.64 -0.0246524
3205.73 -0.0242408
3207.82 -0.0238225
3209.91 -0.0233975
3212 -0.022966
3214.09 -0.0225278
3216.18 -0.0220832
3218.27 -0.0216323
3220.36 -0.021175
3222.45 -0.0207114
3224.54 -0.0202417
3226.63 -0.0197659
3228.72 -0.0192841
3230.81 -0.0187964
3232.9 -0.0183029
3234.99 -0.0178036
3237.08 -0.0172986
3239.17 -0.0167881
3241.25 -0.0162721
3243.34 -0.0157507
3245.43 -0.0152239
3247.52 -0.014692
3249.61 -0.014155
3251.7 -0.013613
3253.87 -0.0130468
3256.03 -0.0124755
3258.19 -0.0118992
3260.35 -0.011318
3262.52 -0.010732
3264.68 -0.0101412
3266.84 -0.00954586
3269 -0.00894614
3271.17 -0.00834213
3273.33 -0.00773388
3275.49 -0.0071215
3277.65 -0.0065052
3279.82 -0.00588514
3281.98 -0.00526139
3284.14 -0.00463403
3286.31 -0.00400323
3288.47 -0.0033692
3290.63 -0.00273205
3292.79 -0.00209184
3294.96 -0.00144869
3297.12 -0.000802814
3299.28 -0.000154397
3301.44 0.000496481
3303.61 0.00114973
3305.77 0.00180517
3307.93 0.00246259
3310.09 0.00312187
3312.26 0.00378294
3314.42 0.00444565
3316.58 0.00510979
3318.74 0.00577516
3320.91 0.00644168
3323.07 0.00710925
3325.23 0.00777768
3327.4 0.00844675
3329.56 0.00911634
3331.72 0.00978636
3333.88 0.0104567
3336.05 0.011127
3338.21 0.0117972
3340.37 0.0124672
3342.53 0.0131369
3344.7 0.013806
3346.86 0.0144744
3349.02 0.0151418
3351.18 0.0158084
3353.35 0.0164737
3355.51 0.0171377
3357.67 0.0178002
3359.84 0.018461
3362 0.01912
3364.16 0.0197771
3366.32 0.020432
3368.49 0.0210846
3370.65 0.0217348
3372.81 0.0223823
3374.97 0.0230271
3377.14 0.0236689
3379.3 0.0243077
3381.46 0.0249432
3383.62 0.0255753
3385.79 0.0262038
3387.95 0.0268285
3390.11 0.0274494
3392.27 0.0280662
3394.44 0.0286789
3396.6 0.0292871
3398.76 0.0298908
3400.93 0.0304899
3403.09 0.0310842
3405.25 0.0316734
3407.41 0.0322574
3409.58 0.0328362
3411.74 0.0334096
3413.9 0.0339773
3416.06 0.0345393
3418.23 0.0350953
3420.39 0.0356453
3422.55 0.0361891
3424.71 0.0367266
3426.88 0.0372575
3429.04 0.0377817
3431.2 0.0382992
3433.36 0.0388097
3435.53 0.0393131
3437.69 0.0398093
3439.85 0.0402981
3442.02 0.0407795
3444.18 0.0412531
3446.34 0.041719
3448.5 0.0421769
3450.67 0.0426268
3452.83 0.0430685
3454.99 0.0435018
3457.15 0.0439267
3459.32 0.044343
3461.48 0.0447506
3463.64 0.0451494
3465.8 0.0455392
3467.97 0.0459198
3470.13 0.0462913
3472.29 0.0466535
3474.45 0.0470062
3476.62 0.0473494
3478.78 0.0476828
3480.94 0.0480065
3483.11 0.0483203
3485.27 0.0486241
3487.43 0.0489177
3489.59 0.0492011
3491.76 0.0494742
3493.92 0.0497369
3496.08 0.0499891
3498.24 0.0502306
3500.41 0.0504614
3502.57 0.0506815
3504.73 0.0508907
3506.89 0.0510888
3509.06 0.0512758
3511.22 0.0514518
3513.38 0.0516165
3515.55 0.0517699
3517.71 0.0519119
3519.87 0.0520424
3522.03 0.0521615
3524.2 0.0522689
3526.36 0.0523646
3528.52 0.0524486
3530.68 0.0525208
3532.85 0.0525812
3535.01 0.0526297
3537.17 0.0526661
3539.33 0.0526906
3541.5 0.052703
3543.66 0.0527034
3545.82 0.0526915
3547.98 0.0526674
3550.15 0.0526312
3552.31 0.0525827
3554.47 0.0525218
3556.64 0.0524486
3558.8 0.0523631
3560.96 0.0522652
3563.12 0.0521549
3565.29 0.0520321
3567.45 0.0518969
3569.61 0.0517493
3571.77 0.0515892
3573.94 0.0514166
3576.1 0.0512316
3578.26 0.051034
3580.42 0.050824
3582.59 0.0506016
3584.75 0.0503666
3586.91 0.0501192
3589.07 0.0498594
3591.24 0.0495871
3593.4 0.0493024
3595.56 0.0490053
3597.73 0.0486959
3599.89 0.0483742
3602.05 0.0480401
3604.21 0.0476937
3606.38 0.0473351
3608.54 0.0469643
3610.7 0.0465814
3612.86 0.0461864
3615.03 0.0457792
3617.19 0.0453601
3619.35 0.044929
3621.51 0.044486
3623.68 0.0440312
3625.84 0.0435646
3628 0.0430863
3630.16 0.0425963
3632.33 0.0420948
3634.49 0.0415817
3636.65 0.0410573
3638.82 0.0405215
3640.98 0.0399744
3643.14 0.0394162
3645.3 0.0388469
3647.47 0.0382667
3649.63 0.0376755
3651.79 0.0370735
3653.95 0.0364608
3656.12 0.0358375
3658.28 0.0352038
3660.44 0.0345597
3662.6 0.0339052
3664.77 0.0332407
3666.93 0.0325662
3669.09 0.0318817
3671.25 0.0311874
3673.42 0.0304834
3675.58 0.0297699
3677.74 0.0290471
3679.91 0.0283149
3682.07 0.0275736
3684.23 0.0268233
3686.39 0.0260642
3688.56 0.0252964
3690.72 0.0245199
3692.88 0.0237351
3695.04 0.022942
3697.21 0.0221408
3699.37 0.0213316
3701.53 0.0205147
3703.69 0.0196901
3705.86 0.0188581
3708.02 0.0180187
3710.18 0.0171722
3712.35 0.0163187
3714.51 0.0154585
3716.67 0.0145916
3718.83 0.0137183
3721 0.0128387
3723.16 0.011953
3725.32 0.0110615
3727.48 0.0101642
3729.65 0.00926137
3731.81 0.00835324
3733.97 0.00743997
3736.13 0.00652172
3738.3 0.0055987
3740.46 0.00467114
3742.62 0.00373923
3744.78 0.00280314
3746.95 0.00186306
3749.11 0.000919228
3751.27 -2.81235e-05
3753.44 -0.000978829
3755.6 -0.00193271
3757.76 -0.00288952
3759.92 -0.00384902
3762.09 -0.00481102
3764.25 -0.00577535
3766.41 -0.00674177
3768.57 -0.00771004
3770.74 -0.00867991
3772.9 -0.00965124
3775.06 -0.0106238
3777.22 -0.0115974
3779.39 -0.0125716
3781.55 -0.0135465
3783.71 -0.0145217
3785.87 -0.015497
3788.04 -0.0164721
3790.2 -0.0174468
3792.36 -0.018421
3794.53 -0.0193945
3796.69 -0.0203668
3798.85 -0.0213379
3801.01 -0.0223075
3803.18 -0.0232754
3805.34 -0.0242413
3807.5 -0.025205
3809.66 -0.0261663
3811.83 -0.027125
3813.99 -0.0280809
3816.15 -0.0290336
3818.31 -0.0299829
3820.48 -0.0309287
3822.64 -0.0318707
3824.8 -0.0328087
3826.96 -0.0337424
3829.13 -0.0346716
3831.29 -0.0355961
3833.45 -0.0365156
3835.62 -0.03743
3837.78 -0.0383389
3839.94 -0.0392422
3842.1 -0.0401396
3844.27 -0.041031
3846.43 -0.0419159
3848.59 -0.0427943
3850.75 -0.043666
3852.92 -0.0445307
3855.08 -0.0453881
3857.24 -0.0462381
3859.4 -0.0470803
3861.57 -0.0479148
3863.73 -0.0487411
3865.89 -0.049559
3868.06 -0.0503683
3870.22 -0.0511689
3872.38 -0.0519606
3874.54 -0.052743
3876.71 -0.0535159
3878.87 -0.0542792
3881.03 -0.0550328
3883.19 -0.0557763
3885.36 -0.0565094
3887.52 -0.0572322
3889.68 -0.0579442
3891.84 -0.0586455
3894.01 -0.0593356
3896.17 -0.0600144
3898.33 -0.0606818
3900.49 -0.0613376
3902.66 -0.0619815
3904.82 -0.0626134
3906.98 -0.0632329
3909.15 -0.0638402
3911.31 -0.0644348
3913.47 -0.0650166
3915.63 -0.0655854
3917.8 -0.0661412
3919.96 -0.0666836
3922.12 -0.0672126
3924.28 -0.0677278
3926.45 -0.0682292
3928.61 -0.0687168
3930.77 -0.0691901
3932.93 -0.0696491
3935.1 -0.0700936
3937.26 -0.0705236
3939.42 -0.0709388
3941.58 -0.0713391
3943.75 -0.0717242
3945.91 -0.0720942
3948.07 -0.072449
3950.24 -0.0727882
3952.4 -0.0731118
3954.56 -0.0734196
3956.72 -0.0737116
3958.89 -0.0739877
3961.05 -0.0742476
3963.21 -0.0744913
3965.37 -0.0747186
3967.54 -0.0749296
3969.7 -0.075124
3971.86 -0.0753018
3974.02 -0.0754627
3976.19 -0.0756069
3978.35 -0.0757342
3980.51 -0.0758444
3982.67 -0.0759375
3984.84 -0.0760134
3987 -0.0760721
3989.16 -0.0761134
3991.33 -0.0761373
3993.49 -0.0761438
3995.65 -0.0761327
3997.81 -0.0761041
3999.98 -0.0760578
4002.14 -0.0759938
4004.3 -0.075912
4006.46 -0.0758125
4008.63 -0.0756952
4010.79 -0.07556
4012.95 -0.075407
4015.11 -0.075236
4017.28 -0.0750471
4019.44 -0.0748403
4021.6 -0.0746155
4023.77 -0.0743727
4025.93 -0.074112
4028.09 -0.0738333
4030.25 -0.0735366
4032.42 -0.0732219
4034.58 -0.0728894
4036.74 -0.0725388
4038.9 -0.0721704
4041.07 -0.071784
4043.23 -0.0713798
4045.39 -0.0709578
4047.55 -0.070518
4049.72 -0.0700604
4051.88 -0.0695852
4054.04 -0.0690922
4056.2 -0.0685817
4058.37 -0.0680536
4060.53 -0.0675081
4062.69 -0.0669452
4064.86 -0.0663649
4067.02 -0.0657673
4069.18 -0.0651525
4071.34 -0.0645207
4073.51 -0.0638719
4075.67 -0.0632062
4077.83 -0.0625236
4079.99 -0.0618243
4082.16 -0.0611084
4084.32 -0.060376
4086.48 -0.0596272
4088.64 -0.0588622
4090.81 -0.058081
4092.97 -0.0572838
4095.13 -0.0564707
4097.29 -0.0556418
4099.46 -0.0547974
4101.62 -0.0539375
4103.78 -0.0530623
4105.95 -0.0521718
4108.11 -0.0512664
4110.27 -0.0503462
4112.43 -0.0494112
4114.6 -0.0484618
4116.76 -0.0474979
4118.92 -0.04652
4121.08 -0.045528
4123.25 -0.0445222
4125.41 -0.0435028
4127.57 -0.04247
4129.73 -0.041424
4131.9 -0.0403648
4134.06 -0.0392929
4136.22 -0.0382083
4138.38 -0.0371114
4140.55 -0.0360022
4142.71 -0.0348811
4144.87 -0.0337481
4147.04 -0.0326037
4149.2 -0.0314479
4151.36 -0.0302811
4153.52 -0.0291034
4155.69 -0.027915
4157.85 -0.0267164
4160.01 -0.0255076
4162.17 -0.0242889
4164.34 -0.0230606
4166.5 -0.0218229
4168.66 -0.0205762
4170.82 -0.0193205
4172.99 -0.0180562
4175.15 -0.0167836
4177.31 -0.015503
4179.47 -0.0142146
4181.64 -0.0129187
4183.8 -0.0116154
4185.96 -0.0103053
4188.13 -0.00898853
4190.29 -0.00766529
4192.45 -0.00633592
4194.61 -0.00500076
4196.78 -0.00366011
4198.94 -0.00231421
4201.1 -0.00096332
4203.26 0.000392209
4205.43 0.00175205
4207.59 0.00311592
4209.75 0.00448357
4211.91 0.00585467
4214.08 0.00722887
4216.24 0.00860587
4218.4 0.00998539
4220.57 0.0113671
4222.73 0.0127507
4224.89 0.0141359
4227.05 0.0155223
4229.22 0.0169097
4231.38 0.0182977
4233.54 0.019686
4235.7 0.0210742
4237.87 0.0224621
4240.03 0.0238493
4242.19 0.0252356
4244.35 0.0266205
4246.52 0.0280038
4248.68 0.0293851
4250.84 0.0307641
4253 0.0321404
4255.17 0.0335139
4257.33 0.034884
4259.49 0.0362506
4261.66 0.0376132
4263.82 0.0389715
4265.98 0.0403252
4268.14 0.0416741
4270.31 0.0430176
4272.47 0.0443556
4274.63 0.0456877
4276.79 0.0470136
4278.96 0.0483329
4281.12 0.0496453
4283.28 0.0509505
4285.44 0.0522481
4287.61 0.0535379
4289.77 0.0548195
4291.93 0.0560926
4294.09 0.0573569
4296.26 0.058612
4298.42 0.0598577
4300.58 0.0610935
4302.75 0.0623193
4304.91 0.0635346
4307.07 0.0647392
4309.23 0.0659327
4311.4 0.0671149
4313.56 0.0682855
4315.72 0.069444
4317.88 0.0705903
4320.05 0.0717239
4322.21 0.0728447
4324.37 0.0739523
4326.53 0.0750464
4328.7 0.0761267
4330.86 0.077193
4333.02 0.0782449
4335.18 0.0792822
4337.35 0.0803045
4339.51 0.0813115
4341.67 0.0823031
4343.84 0.0832789
4346 0.0842387
4348.16 0.0851821
4350.32 0.0861089
4352.49 0.0870189
4354.65 0.0879117
4356.81 0.0887872
4358.97 0.089645
4361.14 0.0904849
4363.3 0.0913067
4365.46 0.0921101
4367.62 0.0928948
4369.79 0.0936607
4371.95 0.0944075
4374.11 0.0951349
4376.28 0.0958428
4378.44 0.0965308
4380.6 0.0971989
4382.76 0.0978468
4384.93 0.0984742
4387.09 0.0990809
4389.25 0.0996668
4391.41 0.100232
4393.58 0.100775
4395.74 0.101297
4397.9 0.101798
4400.06 0.102277
4402.23 0.102733
4404.39 0.103168
4406.55 0.10358
4408.71 0.10397
4410.88 0.104337
4413.04 0.104681
4415.2 0.105003
4417.37 0.105301
4419.53 0.105576
4421.69 0.105827
4423.85 0.106055
4426.02 0.10626
4428.18 0.106441
4430.34 0.106597
4432.5 0.10673
4434.67 0.106839
4436.83 0.106923
4438.99 0.106984
4441.15 0.10702
4443.32 0.107031
4445.48 0.107018
4447.64 0.10698
4449.8 0.106918
4451.97 0.106831
4454.13 0.106719
4456.29 0.106582
4458.46 0.106421
4460.62 0.106234
4462.78 0.106023
4464.94 0.105786
4467.11 0.105525
4469.27 0.105238
4471.43 0.104926
4473.59 0.10459
4475.76 0.104228
4477.92 0.103841
4480.08 0.10343
4482.24 0.102993
4484.41 0.102531
4486.57 0.102044
4488.73 0.101533
4490.89 0.100996
4493.06 0.100435
4495.22 0.0998485
4497.38 0.0992376
4499.55 0.0986019
4501.71 0.0979417
4503.87 0.097257
4506.03 0.0965478
4508.27 0.0957889
4510.51 0.0950041
4512.74 0.0941935
4514.98 0.0933572
4517.21 0.0924953
4519.45 0.0916079
4521.69 0.0906952
4523.92 0.0897573
4526.16 0.0887944
4528.39 0.0878066
4530.63 0.086794
4532.86 0.085757
4535.1 0.0846956
4537.34 0.0836099
4539.57 0.0825003
4541.81 0.0813669
4544.04 0.0802099
4546.28 0.0790294
4548.52 0.0778258
4550.75 0.0765992
4552.99 0.0753499
4555.22 0.0740781
4557.46 0.0727839
4559.7 0.0714678
4561.93 0.07013
4564.17 0.0687706
4566.4 0.0673899
4568.64 0.0659883
4570.88 0.064566
4573.11 0.0631233
4575.35 0.0616604
4577.58 0.0601777
4579.82 0.0586754
4582.06 0.057154
4584.29 0.0556136
4586.53 0.0540545
4588.76 0.0524773
4591 0.050882
4593.24 0.0492692
4595.47 0.047639
4597.71 0.0459919
4599.94 0.0443282
4602.18 0.0426483
4604.42 0.0409524
4606.65 0.0392411
4608.89 0.0375146
4611.12 0.0357734
4613.36 0.0340177
4615.6 0.0322481
4617.83 0.0304648
4620.07 0.0286683
4622.3 0.026859
4624.54 0.0250372
4626.78 0.0232034
4629.01 0.0213581
4631.25 0.0195015
4633.48 0.0176341
4635.72 0.0157563
4637.96 0.0138687
4640.19 0.0119716
4642.43 0.0100654
4644.66 0.00815051
4646.9 0.00622753
4649.14 0.00429682
4651.37 0.00235877
4653.61 0.000413873
4655.84 -0.00153736
4658.08 -0.0034945
4660.31 -0.00545714
4662.55 -0.0074248
4664.79 -0.00939695
4667.02 -0.0113731
4669.26 -0.0133529
4671.49 -0.0153359
4673.73 -0.0173214
4675.97 -0.0193091
4678.2 -0.0212985
4680.44 -0.0232891
4682.67 -0.0252804
4684.91 -0.0272719
4687.15 -0.0292631
4689.38 -0.0312536
4691.62 -0.0332429
4693.85 -0.0352304
4696.09 -0.0372156
4698.33 -0.0391981
4700.56 -0.0411775
4702.8 -0.0431531
4705.03 -0.0451244
4707.27 -0.047091
4709.51 -0.0490525
4711.74 -0.0510082
4713.98 -0.0529576
4716.21 -0.0549004
4718.45 -0.0568359
4720.69 -0.0587638
4722.92 -0.0606834
4725.16 -0.0625942
4727.39 -0.0644959
4729.63 -0.0663879
4731.87 -0.0682697
4734.1 -0.0701407
4736.34 -0.0720005
4738.57 -0.0738487
4740.81 -0.0756847
4743.05 -0.0775079
4745.28 -0.079318
4747.52 -0.0811145
4749.75 -0.0828969
4751.99 -0.0846645
4754.23 -0.0864171
4756.46 -0.0881541
4758.7 -0.089875
4760.93 -0.0915793
4763.17 -0.0932666
4765.41 -0.0949365
4767.64 -0.0965884
4769.88 -0.0982219
4772.11 -0.0998364
4774.35 -0.101432
4776.59 -0.103007
4778.82 -0.104562
4781.06 -0.106097
4783.29 -0.10761
4785.53 -0.109102
4787.76 -0.110571
4790 -0.112019
4792.24 -0.113443
4794.47 -0.114844
4796.71 -0.116221
4798.94 -0.117574
4801.18 -0.118903
4803.42 -0.120207
4805.65 -0.121485
4807.89 -0.122737
4810.12 -0.123964
4812.36 -0.125163
4814.6 -0.126336
4816.83 -0.127482
4819.07 -0.1286
4821.3 -0.129689
4823.54 -0.130751
4825.78 -0.131783
4828.01 -0.132787
4830.25 -0.133761
4832.48 -0.134705
4834.72 -0.13562
4836.96 -0.136503
4839.19 -0.137356
4841.43 -0.138178
4843.66 -0.138969
4845.9 -0.139728
4848.14 -0.140455
4850.37 -0.14115
4852.61 -0.141812
4854.84 -0.142442
4857.08 -0.143039
4859.32 -0.143602
4861.55 -0.144132
4863.79 -0.144628
4866.02 -0.14509
4868.26 -0.145518
4870.5 -0.145911
4872.73 -0.14627
4874.97 -0.146594
4877.2 -0.146883
4879.44 -0.147137
4881.68 -0.147355
4883.91 -0.147538
4886.15 -0.147685
4888.38 -0.147797
4890.62 -0.147872
4892.86 -0.147912
4895.09 -0.147915
4897.33 -0.147881
4899.56 -0.147812
4901.8 -0.147705
4904.03 -0.147562
4906.27 -0.147383
4908.51 -0.147166
4910.74 -0.146913
4912.98 -0.146623
4915.21 -0.146296
4917.45 -0.145932
4919.69 -0.14553
4921.92 -0.145092
4924.16 -0.144617
4926.39 -0.144105
4928.63 -0.143556
4930.87 -0.14297
4933.1 -0.142346
4935.34 -0.141686
4937.57 -0.140989
4939.81 -0.140256
4942.05 -0.139485
4944.28 -0.138678
4946.52 -0.137834
4948.75 -0.136954
4950.99 -0.136038
4953.23 -0.135085
4955.46 -0.134096
4957.7 -0.133071
4959.93 -0.13201
4962.17 -0.130913
4964.41 -0.129781
4966.64 -0.128614
4968.88 -0.127411
4971.11 -0.126174
4973.35 -0.124901
4975.59 -0.123594
4977.82 -0.122253
4980.06 -0.120877
4982.29 -0.119468
4984.53 -0.118025
4986.77 -0.116548
4989 -0.115039
4991.24 -0.113496
4993.47 -0.111921
4995.71 -0.110314
4997.95 -0.108674
5000.18 -0.107003
5002.42 -0.105301
5004.65 -0.103567
5006.89 -0.101803
5009.13 -0.100009
5011.36 -0.0981845
5013.6 -0.0963305
5015.83 -0.0944472
5018.07 -0.092535
5020.31 -0.0905943
5022.54 -0.0886256
5024.78 -0.0866292
5027.01 -0.0846055
5029.25 -0.0825549
5031.48 -0.0804779
5033.72 -0.078375
5035.96 -0.0762465
5038.19 -0.0740929
5040.43 -0.0719147
5042.66 -0.0697123
5044.9 -0.0674863
5047.14 -0.0652371
5049.37 -0.0629651
5051.61 -0.060671
5053.84 -0.0583552
5056.08 -0.0560181
5058.32 -0.0536604
5060.55 -0.0512825
5062.79 -0.0488851
5065.02 -0.0464685
5067.26 -0.0440334
5069.5 -0.0415803
5071.73 -0.0391098
5073.97 -0.0366225
5076.2 -0.0341189
5078.44 -0.0315995
5080.68 -0.0290649
5082.91 -0.0265159
5085.15 -0.0239529
5087.38 -0.0213765
5089.62 -0.0187873
5091.86 -0.016186
5094.09 -0.0135732
5096.33 -0.0109494
5098.56 -0.0083153
5100.8 -0.00567154
5103.04 -0.00301874
5105.27 -0.000357472
5107.51 0.00231159
5109.74 0.00498776
5111.98 0.00767042
5114.22 0.010359
5116.45 0.0130527
5118.69 0.015751
5120.92 0.0184531
5123.16 0.0211585
5125.4 0.0238665
5127.63 0.0265764
5129.87 0.0292875
5132.1 0.0319992
5134.34 0.0347108
5136.58 0.0374216
5138.81 0.0401309
5141.05 0.0428381
5143.28 0.0455425
5145.52 0.0482434
5147.75 0.0509401
5149.99 0.053632
5152.23 0.0563184
5154.46 0.0589986
5156.7 0.0616718
5158.93 0.0643375
5161.17 0.0669949
5163.41 0.0696435
5165.64 0.0722823
5167.88 0.0749109
5170.11 0.0775285
5172.35 0.0801345
5174.59 0.0827281
5176.82 0.0853087
5179.06 0.0878755
5181.29 0.0904281
5183.53 0.0929657
5185.77 0.0954875
5188 0.0979929
5190.24 0.100481
5192.47 0.102952
5194.71 0.105404
5196.95 0.107838
5199.18 0.110251
5201.42 0.112645
5203.65 0.115017
5205.89 0.117368
5208.13 0.119697
5210.36 0.122002
5212.6 0.124285
5214.83 0.126543
5217.07 0.128776
5219.31 0.130984
5221.54 0.133166
5223.78 0.135321
5226.01 0.137449
5228.25 0.13955
5230.49 0.141621
5232.72 0.143664
5234.96 0.145678
5237.19 0.147661
5239.43 0.149614
5241.67 0.151535
5243.9 0.153424
5246.14 0.155281
5248.37 0.157105
5250.61 0.158896
5252.85 0.160653
5255.08 0.162375
5257.32 0.164062
5259.55 0.165714
5261.79 0.167329
5264.03 0.168908
5266.26 0.17045
5268.5 0.171955
5270.73 0.173422
5272.97 0.17485
5275.2 0.176239
5277.44 0.177589
5279.68 0.178899
5281.91 0.180169
5284.15 0.181399
5286.38 0.182587
5288.62 0.183734
5290.86 0.18484
5293.09 0.185903
5295.33 0.186923
5297.56 0.187901
5299.8 0.188835
5302.04 0.189726
5304.27 0.190573
5306.51 0.191375
5308.74 0.192133
5310.98 0.192846
5313.22 0.193514
5315.45 0.194137
5317.69 0.194713
5319.92 0.195244
5322.16 0.195728
5324.4 0.196166
5326.63 0.196558
5328.87 0.196902
5331.1 0.197199
5333.34 0.197449
5335.58 0.197651
5337.81 0.197806
5340.05 0.197913
5342.28 0.197971
5344.52 0.197982
5346.76 0.197944
5348.99 0.197858
5351.23 0.197723
5353.46 0.19754
5355.7 0.197308
5357.94 0.197027
5360.17 0.196698
5362.41 0.196319
5364.64 0.195892
5366.88 0.195415
5369.12 0.19489
5371.35 0.194316
5373.59 0.193693
5375.82 0.19302
5378.06 0.192299
5380.3 0.191529
5382.53 0.19071
5384.77 0.189843
5387 0.188927
5389.24 0.187962
5391.48 0.186949
5393.71 0.185887
5395.95 0.184777
5398.18 0.183619
5400.42 0.182413
5402.65 0.18116
5404.89 0.179859
5407.13 0.17851
5409.36 0.177114
5411.6 0.175671
5413.83 0.174182
5416.07 0.172645
5418.31 0.171063
5420.54 0.169434
5422.78 0.16776
5425.01 0.16604
5427.25 0.164275
5429.49 0.162465
5431.72 0.160611
5433.96 0.158712
5436.19 0.156769
5438.43 0.154783
5440.67 0.152754
5442.9 0.150681
5445.14 0.148567
5447.37 0.14641
5449.61 0.144211
5451.85 0.141972
5454.08 0.139691
5456.32 0.13737
5458.55 0.13501
5460.79 0.132609
5463.03 0.13017
5465.26 0.127693
5467.5 0.125177
5469.73 0.122624
5471.97 0.120034
5474.21 0.117407
5476.44 0.114744
5478.68 0.112046
5480.91 0.109314
5483.15 0.106547
5485.39 0.103746
5487.62 0.100912
5489.86 0.0980458
5492.09 0.0951476
5494.33 0.0922181
5496.57 0.089258
5498.8 0.0862678
5501.04 0.0832481
5503.27 0.0801998
5505.51 0.0771234
5507.75 0.0740196
5509.98 0.0708889
5512.22 0.0677322
5514.45 0.0645503
5516.69 0.0613436
5518.92 0.0581129
5521.16 0.054859
5523.4 0.0515827
5525.63 0.0482845
5527.87 0.0449653
5530.1 0.0416257
5532.34 0.0382667
5534.58 0.0348889
5536.81 0.031493
5539.05 0.0280799
5541.28 0.0246503
5543.52 0.0212052
5545.76 0.0177451
5547.99 0.0142709
5550.23 0.0107834
5552.46 0.00728357
5554.7 0.00377207
5556.94 0.000249692
5559.17 -0.00328271
5561.41 -0.0068242
5563.64 -0.010374
5565.88 -0.0139313
5568.12 -0.0174953
5570.35 -0.021065
5572.59 -0.0246397
5574.82 -0.0282184
5577.06 -0.0318004
5579.3 -0.0353847
5581.53 -0.0389704
5583.77 -0.0425568
5586 -0.0461429
5588.24 -0.0497279
5590.48 -0.0533108
5592.71 -0.0568908
5594.95 -0.0604671
5597.18 -0.0640387
5599.42 -0.0676047
5601.66 -0.0711642
5603.89 -0.0747164
5606.13 -0.0782604
5608.36 -0.0817953
5610.6 -0.0853201
5612.84 -0.088834
5615.07 -0.0923362
5617.31 -0.0958256
5619.54 -0.0993015
5621.78 -0.102763
5624.02 -0.106209
5626.25 -0.109639
5628.49 -0.113051
5630.72 -0.116446
5632.96 -0.119822
5635.2 -0.123178
5637.43 -0.126513
5639.67 -0.129826
5641.9 -0.133118
5644.14 -0.136386
5646.37 -0.139629
5648.61 -0.142848
5650.85 -0.146041
5653.08 -0.149207
5655.32 -0.152346
5657.55 -0.155456
5659.79 -0.158536
5662.03 -0.161587
5664.26 -0.164606
5666.5 -0.167594
5668.73 -0.170549
5670.97 -0.173471
5673.21 -0.176358
5675.44 -0.179211
5677.68 -0.182027
5679.91 -0.184807
5682.15 -0.187549
5684.39 -0.190253
5686.62 -0.192918
5688.86 -0.195543
5691.09 -0.198128
5693.33 -0.200671
5695.57 -0.203172
5697.8 -0.205631
5700.04 -0.208046
5702.27 -0.210417
5704.51 -0.212742
5706.75 -0.215022
5708.98 -0.217256
5711.22 -0.219443
5713.45 -0.221582
5715.69 -0.223673
5717.93 -0.225715
5720.16 -0.227707
5722.4 -0.229649
5724.63 -0.231539
5726.87 -0.233379
5729.11 -0.235166
5731.34 -0.236901
5733.58 -0.238582
5735.81 -0.24021
5738.05 -0.241783
5740.29 -0.243301
5742.52 -0.244764
5744.76 -0.246171
5746.99 -0.247521
5749.23 -0.248814
5751.47 -0.25005
5753.7 -0.251228
5755.94 -0.252348
5758.17 -0.253409
5760.41 -0.254411
5762.65 -0.255353
5764.88 -0.256235
5767.12 -0.257056
5769.35 -0.257817
5771.59 -0.258517
5773.82 -0.259155
5776.06 -0.259731
5778.3 -0.260245
5780.53 -0.260697
5782.77 -0.261086
5785 -0.261412
5787.24 -0.261675
5789.48 -0.261875
5791.71 -0.26201
5793.95 -0.262082
5796.18 -0.26209
5798.42 -0.262033
5800.66 -0.261912
5802.89 -0.261727
5805.13 -0.261477
5807.36 -0.261162
5809.6 -0.260782
5811.84 -0.260337
5814.07 -0.259827
5816.31 -0.259252
5818.54 -0.258611
5820.78 -0.257906
5823.02 -0.257135
5825.25 -0.2563
5827.49 -0.255399
5829.72 -0.254433
5831.96 -0.253402
5834.2 -0.252306
5836.43 -0.251145
5838.67 -0.24992
5840.9 -0.24863
5843.14 -0.247275
5845.38 -0.245857
5847.61 -0.244374
5849.85 -0.242827
5852.08 -0.241217
5854.32 -0.239543
5856.56 -0.237806
5858.79 -0.236006
5861.03 -0.234143
5863.26 -0.232218
5865.5 -0.230231
5867.74 -0.228182
5869.97 -0.226072
5872.21 -0.223901
5874.44 -0.221669
5876.68 -0.219377
5878.92 -0.217025
5881.15 -0.214614
5883.39 -0.212144
5885.62 -0.209615
5887.86 -0.207028
5890.09 -0.204384
5892.33 -0.201682
5894.57 -0.198924
5896.8 -0.196111
5899.04 -0.193241
5901.27 -0.190317
5903.51 -0.187339
5905.75 -0.184307
5907.98 -0.181222
5910.22 -0.178085
5912.45 -0.174896
5914.69 -0.171655
5916.93 -0.168365
5919.16 -0.165024
5921.4 -0.161635
5923.63 -0.158197
5925.87 -0.154712
5928.11 -0.15118
5930.34 -0.147602
5932.58 -0.143978
5934.81 -0.14031
5937.05 -0.136598
5939.29 -0.132844
5941.52 -0.129047
5943.76 -0.12521
5945.99 -0.121331
5948.23 -0.117414
5950.47 -0.113457
5952.7 -0.109463
5954.94 -0.105433
5957.17 -0.101366
5959.41 -0.0972642
5961.65 -0.0931285
5963.88 -0.0889596
5966.12 -0.0847586
5968.35 -0.0805265
5970.59 -0.0762642
5972.83 -0.0719726
5975.06 -0.0676529
5977.3 -0.063306
5979.53 -0.058933
5981.77 -0.0545347
5984.01 -0.0501124
5986.24 -0.045667
5988.48 -0.0411997
5990.71 -0.0367114
5992.95 -0.0322032
5995.19 -0.0276762
5997.42 -0.0231316
5999.66 -0.0185703
6001.89 -0.0139935
6004.13 -0.0094023
6006.37 -0.00479787
6008.6 -0.000181243
6010.84 0.0044465
6013.07 0.00908415
6015.31 0.0137305
6017.54 0.0183845
6019.78 0.0230451
6022.02 0.027711
6024.25 0.0323811
6026.49 0.0370542
6028.72 0.0417292
6030.96 0.046405
6033.2 0.0510803
6035.43 0.055754
6037.67 0.0604249
6039.9 0.0650919
6042.14 0.0697537
6044.38 0.0744092
6046.61 0.0790572
6048.85 0.0836967
6051.08 0.0883263
6053.32 0.0929448
6055.56 0.0975512
6057.79 0.102144
6060.03 0.106723
6062.26 0.111286
6064.5 0.115832
6066.74 0.120359
6068.97 0.124868
6071.21 0.129357
6073.44 0.133823
6075.68 0.138268
6077.92 0.142688
6080.15 0.147083
6082.39 0.151452
6084.62 0.155794
6086.86 0.160108
6089.1 0.164392
6091.33 0.168645
6093.57 0.172866
6095.8 0.177055
6098.04 0.18121
6100.28 0.185329
6102.51 0.189412
6104.75 0.193458
6106.98 0.197466
6109.22 0.201434
6111.46 0.205362
6113.69 0.209248
6115.93 0.213091
6118.16 0.216891
6120.4 0.220646
6122.64 0.224355
6124.87 0.228018
6127.11 0.231633
6129.34 0.235199
6131.58 0.238716
6133.82 0.242182
6136.05 0.245596
6138.29 0.248958
6140.52 0.252266
6142.76 0.25552
6144.99 0.258719
6147.23 0.261861
6149.47 0.264947
6151.7 0.267974
6153.94 0.270943
6156.17 0.273852
6158.41 0.2767
6160.65 0.279487
6162.88 0.282212
6165.12 0.284874
6167.35 0.287472
6169.59 0.290006
6171.83 0.292475
6174.06 0.294877
6176.3 0.297213
6178.53 0.299482
6180.77 0.301683
6183.01 0.303815
6185.24 0.305877
6187.48 0.30787
6189.71 0.309792
6191.95 0.311642
6194.19 0.313421
6196.42 0.315127
6198.66 0.316761
6200.89 0.318321
6203.13 0.319807
6205.37 0.321218
6207.6 0.322554
6209.84 0.323815
6212.07 0.325
6214.31 0.326108
6216.55 0.32714
6218.78 0.328094
6221.02 0.328971
6223.25 0.32977
6225.49 0.33049
6227.73 0.331132
6229.96 0.331695
6232.2 0.332178
6234.43 0.332582
6236.67 0.332906
6238.91 0.33315
6241.14 0.333314
6243.38 0.333398
6245.61 0.3334
6247.62 0.333334
6249.63 0.333202
6251.64 0.333005
6253.65 0.332742
6255.66 0.332413
6257.67 0.332019
6259.68 0.331559
6261.69 0.331034
6263.7 0.330442
6265.71 0.329785
6267.72 0.329062
6269.72 0.328273
6271.73 0.327419
6273.74 0.326498
6275.75 0.325513
6277.76 0.324461
6279.77 0.323344
6281.78 0.322162
6283.79 0.320914
6285.8 0.319601
6287.81 0.318223
6289.82 0.316781
6291.83 0.315273
6293.84 0.313701
6295.85 0.312064
6297.85 0.310363
6299.86 0.308598
6301.87 0.30677
6303.88 0.304877
6305.89 0.302922
6307.9 0.300903
6309.91 0.298821
6311.92 0.296677
6313.93 0.294471
6315.94 0.292202
6317.95 0.289872
6319.96 0.287481
6321.97 0.285028
6323.98 0.282515
6325.98 0.279942
6327.99 0.277308
6330 0.274615
6332.01 0.271863
6334.02 0.269053
6336.03 0.266183
6338.04 0.263257
6340.05 0.260272
6342.06 0.257231
6344.07 0.254133
6346.08 0.250979
6348.09 0.247769
6350.1 0.244505
6352.11 0.241185
6354.11 0.237812
6356.12 0.234386
6358.13 0.230906
6360.14 0.227374
6362.15 0.22379
6364.16 0.220155
6366.17 0.21647
6368.18 0.212734
6370.19 0.208949
6372.2 0.205115
6374.21 0.201233
6376.22 0.197303
6378.23 0.193327
6380.24 0.189304
6382.24 0.185236
6384.25 0.181123
6386.26 0.176965
6388.27 0.172764
6390.28 0.168521
6392.29 0.164236
6394.3 0.159909
6396.31 0.155541
6398.32 0.151134
6400.33 0.146688
6402.34 0.142204
6404.35 0.137682
6406.36 0.133124
6408.37 0.128529
6410.37 0.1239
6412.38 0.119236
6414.39 0.114539
6416.4 0.109809
6418.41 0.105048
6420.42 0.100255
6422.43 0.095433
6424.44 0.0905815
6426.45 0.0857016
6428.46 0.0807944
6430.47 0.0758606
6432.48 0.0709013
6434.49 0.0659172
6436.49 0.0609093
6438.5 0.0558785
6440.51 0.0508258
6442.52 0.0457521
6444.53 0.0406582
6446.54 0.0355453
6448.55 0.0304141
6450.56 0.0252658
6452.57 0.0201012
6454.58 0.0149213
6456.59 0.00972703
6458.6 0.00451951
6460.61 -0.000700364
6462.62 -0.00593162
6464.62 -0.0111732
6466.63 -0.0164242
6468.64 -0.0216835
6470.65 -0.0269501
6472.66 -0.032223
6474.67 -0.0375013
6476.68 -0.0427838
6478.69 -0.0480696
6480.7 -0.0533576
6482.71 -0.0586469
6484.72 -0.0639362
6486.73 -0.0692247
6488.74 -0.0745112
6490.75 -0.0797948
6492.75 -0.0850745
6494.76 -0.090349
6496.77 -0.0956174
6498.78 -0.100879
6500.79 -0.106132
6502.8 -0.111375
6504.81 -0.116609
6506.82 -0.121831
6508.83 -0.127041
6510.84 -0.132237
6512.85 -0.137418
6514.86 -0.142584
6516.87 -0.147734
6518.88 -0.152865
6520.88 -0.157978
6522.89 -0.163071
6524.9 -0.168143
6526.91 -0.173193
6528.92 -0.178221
6530.93 -0.183224
6532.94 -0.188202
6534.95 -0.193154
6536.96 -0.198079
6538.97 -0.202975
6541.05 -0.208007
6543.12 -0.213007
6545.2 -0.217973
6547.28 -0.222904
6549.36 -0.227799
6551.43 -0.232658
6553.51 -0.237479
6555.59 -0.24226
6557.66 -0.247001
6559.74 -0.251701
6561.82 -0.256359
6563.9 -0.260972
6565.97 -0.265542
6568.05 -0.270065
6570.13 -0.274542
6572.21 -0.278971
6574.28 -0.283351
6576.36 -0.287682
6578.44 -0.291961
6580.52 -0.296188
6582.59 -0.300363
6584.67 -0.304483
6586.75 -0.308549
6588.83 -0.312558
6590.9 -0.31651
6592.98 -0.320405
6595.06 -0.32424
6597.13 -0.328016
6599.21 -0.331731
6601.29 -0.335384
6603.37 -0.338974
6605.44 -0.342501
6607.52 -0.345964
6609.6 -0.349361
6611.68 -0.352692
6613.75 -0.355956
6615.83 -0.359152
6617.91 -0.362279
6619.99 -0.365337
6622.06 -0.368324
6624.14 -0.37124
6626.22 -0.374084
6628.3 -0.376855
6630.37 -0.379553
6632.45 -0.382177
6634.53 -0.384726
6636.6 -0.387199
6638.68 -0.389596
6640.76 -0.391915
6642.84 -0.394157
6644.91 -0.396321
6646.99 -0.398406
6649.07 -0.400411
6651.15 -0.402336
6653.22 -0.40418
6655.3 -0.405943
6657.38 -0.407624
6659.46 -0.409222
6661.53 -0.410738
6663.61 -0.41217
6665.76 -0.413564
6667.91 -0.414867
6670.06 -0.416079
6672.21 -0.4172
6674.36 -0.418229
6676.51 -0.419166
6678.66 -0.42001
6680.81 -0.42076
6682.96 -0.421417
6685.11 -0.421981
6687.26 -0.422449
6689.41 -0.422824
6691.56 -0.423103
6693.71 -0.423288
6695.86 -0.423377
6698.01 -0.42337
6700.16 -0.423267
6702.31 -0.423069
6704.46 -0.422774
6706.61 -0.422383
6708.76 -0.421895
6710.92 -0.421311
6713.07 -0.42063
6715.22 -0.419853
6717.37 -0.418978
6719.52 -0.418007
6721.67 -0.41694
6723.82 -0.415775
6725.97 -0.414514
6728.12 -0.413156
6730.27 -0.411702
6732.42 -0.410151
6734.57 -0.408505
6736.72 -0.406762
6738.87 -0.404923
6741.02 -0.402989
6743.17 -0.400959
6745.32 -0.398834
6747.47 -0.396614
6749.62 -0.3943
6751.77 -0.391891
6753.92 -0.389388
6756.07 -0.386792
6758.22 -0.384103
6760.37 -0.381321
6762.52 -0.378447
6764.67 -0.375481
6766.82 -0.372423
6768.97 -0.369275
6771.12 -0.366036
6773.27 -0.362708
6775.42 -0.359291
6777.57 -0.355784
6779.72 -0.35219
6781.87 -0.348509
6784.02 -0.344741
6786.17 -0.340887
6788.32 -0.336947
6790.47 -0.332923
6792.62 -0.328815
6794.77 -0.324624
6796.92 -0.320351
6799.07 -0.315997
6801.22 -0.311561
6803.37 -0.307046
6805.52 -0.302453
6807.67 -0.297781
6809.82 -0.293032
6811.97 -0.288206
6814.12 -0.283306
6816.27 -0.278331
6818.42 -0.273284
6820.57 -0.268164
6822.73 -0.262972
6824.88 -0.257711
6827.03 -0.252381
6829.18 -0.246982
6831.33 -0.241517
6833.48 -0.235986
6835.63 -0.23039
6837.85 -0.224537
6840.07 -0.218617
6842.3 -0.212631
6844.52 -0.206582
6846.74 -0.200471
6848.97 -0.194298
6851.19 -0.188065
6853.42 -0.181775
6855.64 -0.175427
6857.86 -0.169024
6860.09 -0.162568
6862.31 -0.156059
6864.53 -0.149499
6866.76 -0.142889
6868.98 -0.136232
6871.21 -0.129529
6873.43 -0.122781
6875.65 -0.11599
6877.88 -0.109158
6880.1 -0.102285
6882.32 -0.0953748
6884.55 -0.0884278
6886.77 -0.0814459
6889 -0.0744308
6891.22 -0.0673841
6893.44 -0.0603077
6895.67 -0.0532032
6897.89 -0.0460721
6900.11 -0.0389165
6902.34 -0.031738
6904.56 -0.0245383
6906.79 -0.0173191
6909.01 -0.0100822
6911.23 -0.0028296
6913.46 0.00443712
6915.68 0.0117162
6917.9 0.0190058
6920.13 0.0263041
6922.35 0.0336092
6924.58 0.0409194
6926.8 0.048233
6929.02 0.0555479
6931.25 0.0628625
6933.47 0.0701748
6935.69 0.0774831
6937.92 0.0847856
6940.14 0.0920803
6942.37 0.0993654
6944.59 0.106639
6946.81 0.1139
6949.04 0.121145
6951.26 0.128374
6953.48 0.135584
6955.71 0.142774
6957.93 0.149941
6960.16 0.157084
6962.38 0.1642
6964.6 0.17129
6966.83 0.178349
6969.05 0.185377
6971.27 0.192372
6973.5 0.199332
6975.72 0.206255
6977.94 0.213139
6980.17 0.219983
6982.39 0.226785
6984.62 0.233544
6986.84 0.240256
6989.06 0.246921
6991.29 0.253538
6993.51 0.260103
6995.73 0.266616
6997.96 0.273075
7000.18 0.279478
7002.41 0.285824
7004.63 0.292111
7006.85 0.298336
7009.08 0.3045
7011.3 0.3106
7013.52 0.316634
7015.75 0.322601
7017.97 0.328499
7020.2 0.334327
7022.42 0.340083
7024.64 0.345767
7026.87 0.351375
7029.09 0.356907
7031.31 0.362362
7033.54 0.367738
7035.76 0.373033
7037.99 0.378246
7040.21 0.383376
7042.43 0.388421
7044.66 0.393381
7046.88 0.398253
7049.1 0.403037
7051.33 0.407731
7053.55 0.412334
7055.78 0.416845
7058 0.421262
7060.22 0.425584
7062.45 0.429811
7064.67 0.433941
7066.89 0.437973
7069.12 0.441906
7071.34 0.445738
7073.57 0.44947
7075.79 0.453099
7078.01 0.456624
7080.24 0.460046
7082.46 0.463363
7084.68 0.466573
7086.91 0.469677
7089.13 0.472672
7091.36 0.475559
7093.58 0.478337
7095.8 0.481004
7098.03 0.48356
7100.25 0.486005
7102.47 0.488337
7104.7 0.490556
7106.92 0.492661
7109.14 0.494652
7111.37 0.496527
7113.59 0.498287
7115.82 0.499931
7118.04 0.501458
7120.26 0.502867
7122.49 0.504159
7124.71 0.505333
7126.93 0.506389
7129.16 0.507325
7131.38 0.508142
7133.61 0.508839
7135.83 0.509417
7138.05 0.509874
7140.28 0.51021
7142.5 0.510426
7144.72 0.510521
7146.95 0.510495
7149.17 0.510347
7151.4 0.510078
7153.62 0.509687
7155.84 0.509175
7158.07 0.508541
7160.29 0.507785
7162.51 0.506908
7164.74 0.505909
7166.96 0.504788
7169.19 0.503546
7171.41 0.502183
7173.63 0.500698
7175.86 0.499092
7178.08 0.497366
7180.3 0.495518
7182.53 0.493551
7184.75 0.491463
7186.98 0.489255
7189.2 0.486928
7191.42 0.484481
7193.65 0.481916
7195.87 0.479232
7198.09 0.47643
7200.32 0.473511
7202.54 0.470475
7204.77 0.467322
7206.99 0.464053
7209.21 0.460669
7211.44 0.45717
7213.66 0.453556
7215.88 0.449829
7218.11 0.445989
7220.33 0.442036
7222.56 0.437973
7224.78 0.433798
7227 0.429513
7229.23 0.425118
7231.45 0.420616
7233.67 0.416005
7235.9 0.411288
7238.12 0.406464
7240.34 0.401536
7242.57 0.396504
7244.79 0.391368
7247.02 0.38613
7249.24 0.380791
7251.46 0.375352
7253.69 0.369814
7255.91 0.364178
7258.13 0.358445
7260.36 0.352616
7262.58 0.346693
7264.81 0.340676
7267.03 0.334566
7269.25 0.328366
7271.48 0.322076
7273.7 0.315697
7275.92 0.309231
7278.15 0.302679
7280.37 0.296042
7282.6 0.289322
7284.82 0.28252
7287.04 0.275638
7289.27 0.268676
7291.49 0.261637
7293.71 0.254522
7295.94 0.247331
7298.16 0.240068
7300.39 0.232733
7302.61 0.225328
7304.83 0.217854
7307.06 0.210313
7309.28 0.202707
7311.5 0.195037
7313.73 0.187305
7315.95 0.179513
7318.18 0.171661
7320.4 0.163753
7322.62 0.155789
7324.85 0.147772
7327.07 0.139703
7329.29 0.131584
7331.52 0.123416
7333.74 0.115202
7335.97 0.106944
7338.19 0.0986424
7340.41 0.0903001
7342.64 0.0819187
7344.86 0.0735002
7347.08 0.0650464
7349.31 0.0565593
7351.53 0.0480407
7353.76 0.0394927
7355.98 0.0309173
7358.2 0.0223162
7360.43 0.0136917
7362.65 0.00504557
7364.87 -0.00362001
7367.1 -0.0123031
7369.32 -0.0210017
7371.55 -0.0297137
7373.77 -0.0384371
7375.99 -0.0471697
7378.22 -0.0559097
7380.44 -0.0646547
7382.66 -0.0734028
7384.89 -0.0821519
7387.11 -0.0908999
7389.33 -0.0996446
7391.56 -0.108384
7393.78 -0.117116
7396.01 -0.125838
7398.23 -0.134549
7400.45 -0.143245
7402.68 -0.151926
7404.9 -0.160588
7407.12 -0.16923
7409.35 -0.17785
7411.57 -0.186445
7413.8 -0.195014
7416.02 -0.203553
7418.24 -0.212062
7420.47 -0.220537
7422.69 -0.228977
7424.91 -0.23738
7427.14 -0.245743
7429.36 -0.254065
7431.59 -0.262342
7433.81 -0.270574
7436.03 -0.278758
7438.26 -0.286891
7440.48 -0.294973
7442.7 -0.303
7444.93 -0.31097
7447.15 -0.318882
7449.38 -0.326734
7451.6 -0.334523
7453.82 -0.342247
7456.05 -0.349904
7458.27 -0.357493
7460.49 -0.365011
7462.72 -0.372456
7464.94 -0.379827
7467.17 -0.387121
7469.39 -0.394336
7471.61 -0.401471
7473.84 -0.408523
7476.06 -0.415491
7478.28 -0.422373
7480.51 -0.429166
7482.73 -0.43587
7484.96 -0.442482
7487.18 -0.449
7489.4 -0.455422
7491.63 -0.461748
7493.85 -0.467974
7496.07 -0.4741
7498.3 -0.480123
7500.52 -0.486042
7502.75 -0.491856
7504.97 -0.497562
7507.19 -0.503159
7509.42 -0.508646
7511.64 -0.51402
7513.86 -0.519281
7516.09 -0.524426
7518.31 -0.529455
7520.53 -0.534366
7522.76 -0.539157
7524.98 -0.543827
7527.21 -0.548375
7529.43 -0.552799
7531.65 -0.557098
7533.88 -0.561271
7536.1 -0.565316
7538.32 -0.569232
7540.55 -0.573018
7542.77 -0.576673
7545 -0.580196
7547.22 -0.583585
7549.44 -0.58684
7551.67 -0.589959
7553.89 -0.592941
7556.11 -0.595786
7558.34 -0.598493
7560.56 -0.60106
7562.79 -0.603486
7565.01 -0.605772
7567.23 -0.607915
7569.46 -0.609916
7571.68 -0.611773
7573.9 -0.613486
7576.13 -0.615054
7578.35 -0.616476
7580.58 -0.617752
7582.8 -0.618882
7585.02 -0.619864
7587.25 -0.620698
7589.47 -0.621384
7591.69 -0.621922
7593.92 -0.62231
7596.14 -0.622549
7598.37 -0.622637
7600.59 -0.622576
7602.81 -0.622365
7605.04 -0.622002
7607.26 -0.62149
7609.48 -0.620826
7611.71 -0.620011
7613.93 -0.619045
7616.16 -0.617928
7618.38 -0.616659
7620.6 -0.61524
7622.83 -0.61367
7625.05 -0.611948
7627.27 -0.610076
7629.5 -0.608053
7631.72 -0.60588
7633.95 -0.603557
7636.17 -0.601084
7638.39 -0.598461
7640.62 -0.59569
7642.84 -0.592769
7645.06 -0.589701
7647.29 -0.586484
7649.51 -0.58312
7651.73 -0.57961
7653.96 -0.575953
7656.18 -0.572151
7658.41 -0.568203
7660.63 -0.564112
7662.85 -0.559877
7665.08 -0.5555
7667.3 -0.55098
7669.52 -0.54632
7671.75 -0.541519
7673.97 -0.53658
7676.2 -0.531502
7678.42 -0.526286
7680.64 -0.520935
7682.87 -0.515448
7685.09 -0.509827
7687.31 -0.504073
7689.54 -0.498187
7691.76 -0.492171
7693.99 -0.486025
7696.21 -0.479751
7698.43 -0.47335
7700.66 -0.466824
7702.88 -0.460174
7705.1 -0.453401
7707.33 -0.446507
7709.55 -0.439493
7711.78 -0.432361
7714 -0.425112
7716.22 -0.417748
7718.45 -0.41027
7720.67 -0.402681
7722.89 -0.394981
7725.12 -0.387173
7727.34 -0.379258
7729.57 -0.371238
7731.79 -0.363115
7734.01 -0.354891
7736.24 -0.346567
7738.46 -0.338146
7740.68 -0.329629
7742.91 -0.321018
7745.13 -0.312316
7747.36 -0.303523
7749.58 -0.294644
7751.8 -0.285678
7754.03 -0.276629
7756.25 -0.267499
7758.47 -0.258289
7760.7 -0.249003
7762.92 -0.239641
7765.15 -0.230207
7767.37 -0.220703
7769.59 -0.21113
7771.82 -0.201492
7774.04 -0.19179
7776.26 -0.182027
7778.49 -0.172205
7780.71 -0.162327
7782.94 -0.152394
7785.16 -0.142411
7787.38 -0.132378
7789.61 -0.122298
7791.83 -0.112175
7794.05 -0.102009
7796.28 -0.0918046
7798.5 -0.0815635
7800.72 -0.0712883
7802.95 -0.0609815
7805.17 -0.0506458
7807.4 -0.0402837
7809.62 -0.0298979
7811.84 -0.0194909
7814.07 -0.00906528
7816.29 0.00137616
7818.51 0.0118309
7820.74 0.0222962
7822.96 0.0327696
7825.19 0.0432483
7827.41 0.0537296
7829.63 0.0642109
7831.86 0.0746897
7834.08 0.085163
7836.3 0.0956282
7838.53 0.106083
7840.75 0.116524
7842.98 0.126949
7845.2 0.137356
7847.42 0.147741
7849.65 0.158102
7851.87 0.168436
7854.09 0.178741
7856.32 0.189014
7858.54 0.199252
7860.77 0.209453
7862.99 0.219614
7865.21 0.229732
7867.44 0.239806
7869.66 0.249831
7871.88 0.259806
7874.11 0.269729
7876.33 0.279596
7878.56 0.289404
7880.78 0.299153
7883 0.308838
7885.23 0.318458
7887.45 0.32801
7889.67 0.337491
7891.9 0.346899
7894.12 0.356233
7896.35 0.365488
7898.57 0.374664
7900.79 0.383757
7903.02 0.392765
7905.24 0.401686
7907.46 0.410518
7909.69 0.419259
7911.91 0.427905
7914.14 0.436456
7916.36 0.444908
7918.58 0.453261
7920.81 0.461511
7923.03 0.469656
7925.25 0.477695
7927.48 0.485625
7929.7 0.493444
7931.92 0.501151
7934.15 0.508744
7936.37 0.51622
7938.6 0.523578
7940.82 0.530816
7943.04 0.537932
7945.27 0.544924
7947.49 0.551791
7949.71 0.558531
7951.94 0.565141
7954.16 0.571622
7956.39 0.577971
7958.61 0.584185
7960.83 0.590265
7963.06 0.596208
7965.28 0.602013
7967.5 0.607679
7969.73 0.613203
7971.95 0.618586
7974.18 0.623825
7976.4 0.628919
7978.62 0.633867
7980.85 0.638667
7983.07 0.643319
7985.29 0.647822
7987.52 0.652174
7989.74 0.656374
7991.97 0.660421
7994.19 0.664315
7996.41 0.668054
7998.64 0.671637
8000.86 0.675064
8003.08 0.678334
8005.31 0.681445
8007.53 0.684397
8009.76 0.68719
8011.98 0.689823
8014.2 0.692295
8016.43 0.694605
8018.65 0.696753
8020.87 0.698738
8023.1 0.70056
8025.32 0.702218
8027.55 0.703712
8029.77 0.705042
8031.99 0.706207
8034.22 0.707206
8036.44 0.70804
8038.66 0.708709
8040.89 0.709211
8043.11 0.709547
8045.34 0.709717
8047.56 0.70972
8049.78 0.709557
8052.01 0.709227
8054.23 0.708731
8056.45 0.708068
8058.68 0.707239
8060.9 0.706243
8063.13 0.70508
8065.35 0.703752
8067.57 0.702257
8069.8 0.700597
8072.02 0.698771
8074.24 0.69678
8076.47 0.694624
8078.69 0.692303
8080.91 0.689819
8083.14 0.68717
8085.36 0.684358
8087.59 0.681383
8089.81 0.678246
8092.03 0.674947
8094.26 0.671486
8096.48 0.667865
8098.7 0.664084
8100.93 0.660144
8103.15 0.656045
8105.38 0.651788
8107.6 0.647373
8109.82 0.642803
8112.05 0.638076
8114.27 0.633195
8116.49 0.628161
8118.72 0.622973
8120.94 0.617633
8123.17 0.612142
8125.39 0.606502
8127.61 0.600712
8129.84 0.594774
8132.06 0.588689
8134.28 0.582459
8136.51 0.576084
8138.73 0.569566
8140.96 0.562906
8143.18 0.556105
8145.4 0.549164
8147.63 0.542085
8149.85 0.534868
8152.07 0.527517
8154.3 0.52003
8156.52 0.512412
8158.75 0.504661
8160.97 0.496781
8163.19 0.488773
8165.42 0.480638
8167.64 0.472377
8169.86 0.463993
8172.09 0.455487
8174.31 0.446861
8176.54 0.438116
8178.76 0.429254
8180.98 0.420277
8183.21 0.411187
8185.43 0.401985
8187.65 0.392674
8189.88 0.383254
8192.1 0.373729
8194.33 0.3641
8196.55 0.354369
8198.77 0.344537
8201 0.334608
8203.22 0.324583
8205.44 0.314464
8207.67 0.304253
8209.89 0.293952
8212.11 0.283564
8214.34 0.273091
8216.56 0.262535
8218.79 0.251898
8221.01 0.241182
8223.23 0.23039
8225.46 0.219524
8227.68 0.208587
8229.9 0.19758
8232.13 0.186507
8234.35 0.175369
8236.58 0.164169
8238.8 0.15291
8241.02 0.141594
8243.25 0.130224
8245.47 0.118801
8247.69 0.10733
8249.92 0.0958113
8252.14 0.0842489
8254.37 0.072645
8256.59 0.0610023
8258.81 0.0493235
8261.04 0.0376114
8263.26 0.0258685
8265.48 0.0140976
8267.71 0.00230153
8269.93 -0.00951695
8272.16 -0.0213551
8274.38 -0.0332102
8276.6 -0.0450793
8278.83 -0.0569596
8281.05 -0.0688483
8283.27 -0.0807425
8285.5 -0.0926394
8287.72 -0.104536
8289.95 -0.116429
8292.17 -0.128317
8294.39 -0.140196
8296.62 -0.152062
8298.84 -0.163914
8301.06 -0.175748
8303.29 -0.187562
8305.51 -0.199352
8307.74 -0.211116
8309.96 -0.22285
8312.18 -0.234551
8314.41 -0.246218
8316.63 -0.257845
8318.85 -0.269432
8321.08 -0.280975
8323.3 -0.29247
8325.53 -0.303915
8327.75 -0.315307
8329.97 -0.326644
8332.2 -0.337921
8334.42 -0.349137
8336.64 -0.360288
8338.87 -0.371371
8341.09 -0.382384
8343.31 -0.393323
8345.54 -0.404187
8347.76 -0.414971
8349.99 -0.425673
8352.21 -0.436291
8354.43 -0.446821
8356.66 -0.457261
8358.88 -0.467608
8361.1 -0.477859
8363.33 -0.488011
8365.55 -0.498063
8367.78 -0.50801
8370 -0.517851
8372.22 -0.527582
8374.45 -0.537202
8376.67 -0.546707
8378.89 -0.556096
8381.12 -0.565365
8383.34 -0.574512
8385.57 -0.583534
8387.79 -0.592429
8390.01 -0.601196
8392.24 -0.60983
8394.46 -0.61833
8396.68 -0.626694
8398.91 -0.634919
8401.13 -0.643004
8403.36 -0.650945
8405.58 -0.658741
8407.8 -0.666389
8410.03 -0.673888
8412.25 -0.681235
8414.47 -0.688428
8416.7 -0.695466
8418.92 -0.702346
8421.15 -0.709066
8423.37 -0.715625
8425.59 -0.722021
8427.82 -0.728252
8430.04 -0.734315
8432.26 -0.74021
8434.49 -0.745935
8436.71 -0.751488
8438.94 -0.756868
8441.16 -0.762073
8443.38 -0.767101
8445.61 -0.771951
8447.83 -0.776622
8450.05 -0.781111
8452.28 -0.785419
8454.5 -0.789544
8456.73 -0.793484
8458.95 -0.797238
8461.17 -0.800805
8463.4 -0.804185
8465.62 -0.807375
8467.84 -0.810375
8470.07 -0.813184
8472.29 -0.815802
8474.52 -0.818226
8476.74 -0.820457
8478.96 -0.822493
8481.19 -0.824335
8483.41 -0.82598
8485.63 -0.82743
8487.86 -0.828682
8490.08 -0.829736
8492.3 -0.830593
8494.53 -0.831251
8496.75 -0.831711
8498.98 -0.831971
8501.2 -0.832031
8503.42 -0.831892
8505.65 -0.831553
8507.87 -0.831014
8510.09 -0.830275
8512.32 -0.829335
8514.54 -0.828195
8516.77 -0.826855
8518.99 -0.825315
8521.21 -0.823574
8523.44 -0.821634
8525.66 -0.819494
8527.88 -0.817154
8530.11 -0.814616
8532.33 -0.811879
8534.33 -0.809255
8536.32 -0.806472
8538.32 -0.803531
8540.31 -0.800431
8542.3 -0.797172
8544.3 -0.793757
8546.29 -0.790184
8548.29 -0.786454
8550.28 -0.782569
8552.28 -0.778527
8554.27 -0.774331
8556.26 -0.769981
8558.26 -0.765477
8560.25 -0.76082
8562.25 -0.756011
8564.24 -0.75105
8566.24 -0.745938
8568.23 -0.740677
8570.22 -0.735266
8572.22 -0.729707
8574.21 -0.724001
8576.21 -0.718148
8578.2 -0.71215
8580.2 -0.706007
8582.19 -0.699721
8584.19 -0.693292
8586.18 -0.686721
8588.17 -0.680011
8590.17 -0.673161
8592.16 -0.666173
8594.16 -0.659048
8596.15 -0.651787
8598.15 -0.644392
8600.14 -0.636864
8602.13 -0.629204
8604.13 -0.621413
8606.12 -0.613493
8608.12 -0.605446
8610.11 -0.597271
8612.11 -0.588972
8614.1 -0.580549
8616.09 -0.572004
8618.09 -0.563339
8620.08 -0.554554
8622.08 -0.545652
8624.07 -0.536635
8626.07 -0.527503
8628.06 -0.518258
8630.06 -0.508903
8632.05 -0.499438
8634.04 -0.489866
8636.04 -0.480189
8638.03 -0.470407
8640.03 -0.460524
8642.02 -0.45054
8644.02 -0.440458
8646.01 -0.430279
8648 -0.420006
8650 -0.40964
8651.99 -0.399184
8653.99 -0.388639
8655.98 -0.378007
8657.98 -0.367291
8659.97 -0.356492
8661.97 -0.345613
8663.96 -0.334655
8665.95 -0.323622
8667.95 -0.312514
8669.94 -0.301334
8671.94 -0.290084
8673.93 -0.278768
8675.93 -0.267386
8677.92 -0.25594
8679.91 -0.244435
8681.91 -0.23287
8683.9 -0.22125
8685.9 -0.209576
8687.89 -0.19785
8689.89 -0.186076
8691.88 -0.174255
8693.87 -0.162389
8695.87 -0.150482
8697.86 -0.138535
8699.86 -0.126551
8701.85 -0.114533
8703.85 -0.102482
8705.84 -0.0904022
8707.84 -0.078295
8709.83 -0.0661633
8711.82 -0.0540095
8713.82 -0.0418361
8715.81 -0.0296456
8717.81 -0.0174406
8719.87 -0.00478597
8721.94 0.00787862
8724 0.0205504
8726.07 0.0332265
8728.14 0.0459041
8730.2 0.0585804
8732.27 0.0712523
8734.33 0.0839172
8736.4 0.0965722
8738.46 0.109214
8740.53 0.121841
8742.6 0.134449
8744.66 0.147035
8746.73 0.159598
8748.79 0.172133
8750.86 0.184639
8752.93 0.197111
8754.99 0.209548
8757.06 0.221947
8759.12 0.234305
8761.19 0.246619
8763.25 0.258886
8765.32 0.271103
8767.39 0.283268
8769.45 0.295379
8771.52 0.307431
8773.58 0.319423
8775.65 0.331353
8777.71 0.343216
8779.78 0.355011
8781.85 0.366734
8783.91 0.378384
8785.98 0.389958
8788.04 0.401453
8790.11 0.412867
8792.17 0.424197
8794.24 0.43544
8796.31 0.446594
8798.37 0.457657
8800.51 0.469004
8802.65 0.480247
8804.78 0.491385
8806.92 0.502414
8809.06 0.513333
8811.19 0.524139
8813.33 0.534828
8815.47 0.5454
8817.61 0.555851
8819.74 0.56618
8821.88 0.576383
8824.02 0.586458
8826.15 0.596404
8828.29 0.606217
8830.43 0.615896
8832.57 0.62544
8834.7 0.634844
8836.84 0.644108
8838.98 0.653229
8841.11 0.662206
8843.25 0.671037
8845.39 0.679719
8847.52 0.688251
8849.66 0.696631
8851.8 0.704857
8853.94 0.712927
8856.07 0.72084
8858.21 0.728595
8860.35 0.736189
8862.48 0.743621
8864.62 0.750889
8866.76 0.757992
8868.89 0.764929
8871.03 0.771698
8873.17 0.778298
8875.31 0.784727
8877.44 0.790984
8879.58 0.797069
8881.72 0.802979
8883.85 0.808714
8885.99 0.814272
8888.13 0.819653
8890.27 0.824856
8892.4 0.829878
8894.54 0.834721
8896.68 0.839382
8898.81 0.843861
8900.95 0.848157
8903.09 0.852269
8905.22 0.856197
8907.36 0.859939
8909.5 0.863496
8911.64 0.866866
8913.77 0.87005
8915.91 0.873045
8918.05 0.875853
8920.18 0.878472
8922.32 0.880901
8924.46 0.883142
8926.6 0.885193
8928.73 0.887054
8930.87 0.888724
8933.01 0.890204
8935.14 0.891493
8937.28 0.892591
8939.42 0.893498
8941.55 0.894214
8943.69 0.894739
8945.83 0.895072
8947.97 0.895214
8950.1 0.895164
8952.24 0.894924
8954.38 0.894492
8956.51 0.893869
8958.65 0.893056
8960.79 0.892051
8962.93 0.890857
8965.06 0.889472
8967.2 0.887897
8969.34 0.886133
8971.47 0.884179
8973.61 0.882037
8975.75 0.879706
8977.88 0.877187
8980.02 0.874481
8982.16 0.871587
8984.3 0.868507
8986.43 0.865242
8988.57 0.86179
8990.71 0.858154
8992.84 0.854334
8994.98 0.85033
8997.12 0.846144
8999.26 0.841775
9001.39 0.837226
9003.53 0.832496
9005.67 0.827586
9007.8 0.822497
9009.94 0.81723
9012.08 0.811786
9014.21 0.806167
9016.35 0.800371
9018.56 0.794191
9020.77 0.787825
9022.99 0.781275
9025.2 0.774541
9027.41 0.767626
9029.62 0.76053
9031.83 0.753255
9034.04 0.745801
9036.26 0.738171
9038.47 0.730366
9040.68 0.722386
9042.89 0.714234
9045.1 0.705911
9047.31 0.697418
9049.52 0.688757
9051.74 0.67993
9053.95 0.670938
9056.16 0.661782
9058.37 0.652465
9060.58 0.642989
9062.79 0.633354
9065 0.623563
9067.22 0.613617
9069.43 0.603518
9071.64 0.593269
9073.85 0.582871
9076.06 0.572326
9078.27 0.561636
9080.48 0.550803
9082.7 0.539829
9084.91 0.528716
9087.12 0.517467
9089.33 0.506083
9091.54 0.494567
9093.75 0.482921
9095.97 0.471146
9098.18 0.459247
9100.39 0.447224
9102.6 0.43508
9104.81 0.422818
9107.02 0.41044
9109.23 0.397949
9111.45 0.385346
9113.66 0.372635
9115.87 0.359818
9118.08 0.346899
9120.29 0.333878
9122.5 0.32076
9124.71 0.307547
9126.93 0.294241
9129.14 0.280846
9131.35 0.267364
9133.56 0.253799
9135.77 0.240152
9137.98 0.226428
9140.19 0.212628
9142.41 0.198757
9144.62 0.184816
9146.83 0.17081
9149.04 0.156741
9151.25 0.142612
9153.46 0.128427
9155.68 0.114188
9157.89 0.0998999
9160.1 0.0855645
9162.31 0.0711856
9164.52 0.0567664
9166.73 0.0423104
9168.94 0.0278207
9171.16 0.0133009
9173.37 -0.0012457
9175.58 -0.0158156
9177.79 -0.0304054
9180 -0.0450116
9182.21 -0.0596308
9184.42 -0.0742593
9186.64 -0.0888937
9188.85 -0.10353
9191.06 -0.118166
9193.27 -0.132797
9195.48 -0.147419
9197.69 -0.162029
9199.9 -0.176624
9202.12 -0.191199
9204.33 -0.205752
9206.54 -0.220278
9208.75 -0.234774
9210.96 -0.249236
9213.17 -0.26366
9215.39 -0.278043
9217.6 -0.292382
9219.81 -0.306672
9222.02 -0.32091
9224.23 -0.335092
9226.44 -0.349214
9228.65 -0.363274
9230.87 -0.377266
9233.08 -0.391188
9235.29 -0.405037
9237.5 -0.418807
9239.71 -0.432496
9241.92 -0.446101
9244.13 -0.459617
9246.35 -0.473041
9248.56 -0.486369
9250.77 -0.499599
9252.98 -0.512726
9255.19 -0.525747
9257.4 -0.538658
9259.61 -0.551457
9261.83 -0.564139
9264.04 -0.576702
9266.25 -0.589142
9268.46 -0.601456
9270.67 -0.61364
9272.88 -0.625691
9275.1 -0.637606
9277.31 -0.649382
9279.52 -0.661015
9281.73 -0.672503
9283.94 -0.683843
9286.15 -0.695031
9288.36 -0.706065
9290.58 -0.716941
9292.79 -0.727656
9295 -0.738209
9297.21 -0.748595
9299.42 -0.758813
9301.63 -0.768859
9303.84 -0.778731
9306.06 -0.788426
9308.27 -0.797942
9310.48 -0.807276
9312.69 -0.816425
9314.9 -0.825388
9317.11 -0.834161
9319.32 -0.842743
9321.54 -0.851131
9323.75 -0.859323
9325.96 -0.867317
9328.17 -0.875111
9330.38 -0.882702
9332.59 -0.890089
9334.81 -0.89727
9337.02 -0.904242
9339.23 -0.911005
9341.44 -0.917555
9343.65 -0.923893
9345.86 -0.930015
9348.07 -0.93592
9350.29 -0.941607
9352.5 -0.947074
9354.71 -0.95232
9356.92 -0.957344
9359.13 -0.962143
9361.34 -0.966717
9363.55 -0.971065
9365.77 -0.975185
9367.98 -0.979077
9370.19 -0.982739
9372.4 -0.98617
9374.61 -0.98937
9376.82 -0.992337
9379.03 -0.995072
9381.25 -0.997572
9383.46 -0.999837
9385.67 -1.00187
9387.88 -1.00366
9390.09 -1.00522
9392.3 -1.00654
9394.52 -1.00762
9396.73 -1.00847
9398.94 -1.00908
9401.15 -1.00945
9403.36 -1.00958
9405.57 -1.00948
9407.78 -1.00913
9410 -1.00855
9412.21 -1.00773
9414.42 -1.00667
9416.63 -1.00537
9418.84 -1.00383
9421.05 -1.00206
9423.26 -1.00004
9425.48 -0.997795
9427.69 -0.995309
9429.9 -0.992587
9432.11 -0.989629
9434.32 -0.986436
9436.53 -0.983008
9438.74 -0.979347
9440.96 -0.975452
9443.17 -0.971324
9445.38 -0.966965
9447.59 -0.962376
9449.8 -0.957556
9452.01 -0.952508
9454.23 -0.947231
9456.44 -0.941728
9458.65 -0.936
9460.86 -0.930046
9463.07 -0.92387
9465.28 -0.917471
9467.49 -0.910851
9469.71 -0.904013
9471.92 -0.896956
9474.13 -0.889682
9476.34 -0.882194
9478.55 -0.874492
9480.76 -0.866578
9482.97 -0.858454
9485.19 -0.850122
9487.4 -0.841582
9489.61 -0.832838
9491.82 -0.823891
9494.03 -0.814742
9496.24 -0.805394
9498.45 -0.795848
9500.67 -0.786107
9502.88 -0.776173
9505.09 -0.766048
9507.3 -0.755734
9509.51 -0.745233
9511.72 -0.734548
9513.94 -0.72368
9516.15 -0.712633
9518.36 -0.701408
9520.57 -0.690008
9522.78 -0.678436
9524.99 -0.666695
9527.2 -0.654786
9529.42 -0.642712
9531.63 -0.630477
9533.84 -0.618082
9536.05 -0.605531
9538.26 -0.592826
9540.47 -0.579971
9542.68 -0.566969
9544.9 -0.553821
9547.11 -0.540532
9549.32 -0.527105
9551.53 -0.513542
9553.74 -0.499846
9555.95 -0.486022
9558.16 -0.472072
9560.38 -0.457999
9562.59 -0.443807
9564.8 -0.429499
9567.01 -0.415079
9569.22 -0.400551
9571.43 -0.385916
9573.65 -0.37118
9575.86 -0.356346
9578.07 -0.341417
9580.28 -0.326398
9582.49 -0.311291
9584.7 -0.2961
9586.91 -0.28083
9589.13 -0.265485
9591.34 -0.250067
9593.55 -0.234581
9595.76 -0.219031
9597.97 -0.20342
9600.18 -0.187753
9602.39 -0.172034
9604.61 -0.156267
9606.82 -0.140456
9609.03 -0.124604
9611.24 -0.108716
9613.45 -0.0927965
9615.66 -0.076849
9617.87 -0.0608779
9620.09 -0.0448872
9622.3 -0.0288811
9624.51 -0.0128639
9626.72 0.0031602
9628.93 0.0191871
9631.14 0.0352125
9633.36 0.0512323
9635.57 0.0672421
9637.78 0.0832378
9639.99 0.0992152
9642.2 0.11517
9644.41 0.131098
9646.62 0.146995
9648.84 0.162857
9651.05 0.17868
9653.26 0.194459
9655.47 0.21019
9657.68 0.22587
9659.89 0.241494
9662.1 0.257057
9664.32 0.272557
9666.53 0.287988
9668.74 0.303347
9670.95 0.31863
9673.16 0.333833
9675.37 0.348951
9677.58 0.363981
9679.8 0.37892
9682.01 0.393763
9684.22 0.408506
9686.43 0.423146
9688.64 0.437679
9690.85 0.452101
9693.07 0.466408
9695.28 0.480598
9697.49 0.494666
9699.7 0.508609
9701.91 0.522424
9704.12 0.536106
9706.33 0.549654
9708.55 0.563063
9710.76 0.57633
9712.97 0.589452
9715.18 0.602426
9717.39 0.615249
9719.6 0.627918
9721.81 0.640429
9724.03 0.652781
9726.24 0.664969
9728.45 0.676992
9730.66 0.688846
9732.87 0.700529
9735.08 0.712038
9737.29 0.723371
9739.51 0.734525
9741.72 0.745498
9743.93 0.756287
9746.14 0.76689
9748.35 0.777305
9750.56 0.787529
9752.78 0.797561
9754.99 0.807398
9757.2 0.817039
9759.41 0.826481
9761.62 0.835722
9763.83 0.844761
9766.04 0.853596
9768.26 0.862226
9770.47 0.870647
9772.68 0.87886
9774.89 0.886862
9777.1 0.894651
9779.31 0.902228
9781.52 0.909589
9783.74 0.916734
9785.95 0.923662
9788.16 0.93037
9790.37 0.936859
9792.58 0.943127
9794.79 0.949173
9797 0.954996
9799.22 0.960596
9801.43 0.96597
9803.64 0.971119
9805.85 0.976041
9808.06 0.980736
9810.27 0.985203
9812.49 0.989442
9814.7 0.993452
9816.91 0.997232
9819.12 1.00078
9821.33 1.0041
9823.54 1.00719
9825.75 1.01005
9827.97 1.01267
9830.18 1.01507
9832.39 1.01723
9834.6 1.01916
9836.81 1.02086
9839.02 1.02232
9841.23 1.02356
9843.45 1.02456
9845.66 1.02532
9847.87 1.02586
9850.08 1.02616
9852.29 1.02623
9854.5 1.02607
9856.71 1.02568
9858.93 1.02506
9861.14 1.0242
9863.35 1.02312
9865.56 1.0218
9867.77 1.02026
9869.98 1.01848
9872.2 1.01648
9874.41 1.01425
9876.62 1.01179
9878.83 1.0091
9881.04 1.00619
9883.25 1.00305
9885.46 0.999683
9887.68 0.996094
9889.89 0.992281
9892.1 0.988246
9894.31 0.983988
9896.52 0.979509
9898.73 0.97481
9900.94 0.969891
9903.16 0.964754
9905.37 0.9594
9907.58 0.953829
9909.79 0.948043
9912 0.942043
9914.21 0.935829
9916.42 0.929403
9918.64 0.922767
9920.85 0.915921
9923.06 0.908867
9925.27 0.901605
9927.48 0.894138
9929.69 0.886466
9931.91 0.878591
9934.12 0.870515
9936.33 0.862238
9938.54 0.853763
9940.75 0.84509
9942.96 0.836222
9945.17 0.827159
9947.39 0.817904
9949.6 0.808458
9951.81 0.798823
9954.02 0.789
9956.23 0.778991
9958.44 0.768798
9960.65 0.758424
9962.87 0.747868
9965.08 0.737135
9967.29 0.726225
9969.5 0.71514
9971.71 0.703882
9973.92 0.692454
9976.13 0.680858
9978.35 0.669095
9980.56 0.657168
9982.77 0.645079
9984.98 0.63283
9987.19 0.620424
9989.4 0.607862
9991.62 0.595148
9993.83 0.582282
9996.04 0.569269
9998.25 0.556111
10000.5 0.542809
10002.7 0.529367
10004.9 0.515786
10007.1 0.502071
10009.3 0.488222
10011.5 0.474244
10013.7 0.460139
10015.9 0.445909
10018.2 0.431558
10020.4 0.417088
10022.6 0.402503
10024.8 0.387805
10027 0.372997
10029.2 0.358082
10031.4 0.343064
10033.6 0.327945
10035.8 0.31273
10038.1 0.29742
10040.3 0.282019
10042.5 0.266531
10044.7 0.250959
10046.9 0.235306
10049.1 0.219576
10051.3 0.203771
10053.5 0.187897
10055.7 0.171956
10058 0.155951
10060.2 0.139887
10062.4 0.123767
10064.6 0.107594
10066.8 0.0913733
10069 0.0751075
10071.2 0.0588006
10073.4 0.0424566
10075.7 0.0260792
10077.9 0.00967242
10080.1 -0.0067599
10082.3 -0.0232138
10084.5 -0.0396854
10086.7 -0.0561706
10088.9 -0.0726653
10091.1 -0.0891656
10093.3 -0.105667
10095.6 -0.122167
10097.8 -0.138659
10100 -0.15514
10102.2 -0.171607
10104.4 -0.188054
10106.6 -0.204478
10108.8 -0.220875
10111 -0.237239
10113.2 -0.253568
10115.5 -0.269856
10117.7 -0.2861
10119.9 -0.302296
10122.1 -0.318438
10124.3 -0.334523
10126.5 -0.350547
10128.7 -0.366506
10130.9 -0.382394
10133.2 -0.398209
10135.4 -0.413945
10137.6 -0.429599
10139.8 -0.445166
10142 -0.460643
10144.2 -0.476024
10146.4 -0.491306
10148.6 -0.506486
10150.8 -0.521558
10153.1 -0.536518
10155.3 -0.551364
10157.5 -0.566089
10159.7 -0.580692
10161.9 -0.595167
10164.1 -0.609511
10166.3 -0.62372
10168.5 -0.63779
10170.7 -0.651717
10173 -0.665497
10175.2 -0.679127
10177.4 -0.692604
10179.6 -0.705923
10181.8 -0.71908
10184 -0.732073
10186.2 -0.744898
10188.4 -0.757551
10190.6 -0.770029
10192.9 -0.782329
10195.1 -0.794447
10197.3 -0.806381
10199.5 -0.818126
10201.7 -0.82968
10203.9 -0.84104
10206.1 -0.852203
10208.3 -0.863166
10210.6 -0.873926
10212.8 -0.884481
10215 -0.894827
10217.2 -0.904961
10219.4 -0.914882
10221.6 -0.924587
10223.8 -0.934073
10226 -0.943338
10228.2 -0.952379
10230.5 -0.961194
10232.7 -0.969782
10234.9 -0.978139
10237.1 -0.986264
10239.3 -0.994155
10241.5 -1.00181
10243.7 -1.00923
10245.9 -1.0164
10248.1 -1.02334
10250.4 -1.03003
10252.6 -1.03648
10254.8 -1.04268
10257 -1.04863
10259.2 -1.05434
10261.4 -1.05979
10263.6 -1.06499
10265.8 -1.06994
10268.1 -1.07464
10270.3 -1.07908
10272.5 -1.08326
10274.7 -1.08719
10276.9 -1.09086
10279.1 -1.09427
10281.3 -1.09742
10283.5 -1.10031
10285.7 -1.10294
10288 -1.10531
10290.2 -1.10742
10292.4 -1.10927
10294.6 -1.11085
10296.8 -1.11218
10299 -1.11324
10301.2 -1.11403
10303.4 -1.11457
10305.6 -1.11484
10307.9 -1.11485
10310.1 -1.1146
10312.3 -1.11408
10314.5 -1.1133
10316.7 -1.11226
10318.9 -1.11096
10321.1 -1.1094
10323.3 -1.10758
10325.5 -1.10549
10327.8 -1.10315
10330 -1.10055
10332.2 -1.09769
10334.4 -1.09457
10336.6 -1.0912
10338.8 -1.08757
10341 -1.08369
10343.2 -1.07955
10345.5 -1.07516
10347.7 -1.07051
10349.9 -1.06562
10352.1 -1.06047
10354.3 -1.05508
10356.5 -1.04944
10358.7 -1.04356
10360.9 -1.03743
10363.1 -1.03105
10365.4 -1.02444
10367.6 -1.01759
10369.8 -1.01049
10372 -1.00316
10374.2 -0.995596
10376.4 -0.987797
10378.6 -0.979765
10380.8 -0.971504
10383 -0.963014
10385.3 -0.954298
10387.5 -0.945358
10389.7 -0.936194
10391.9 -0.926811
10394.1 -0.917208
10396.3 -0.90739
10398.5 -0.897357
10400.7 -0.887112
10403 -0.876658
10405.2 -0.865995
10407.4 -0.855128
10409.6 -0.844058
10411.8 -0.832788
10414 -0.82132
10416.2 -0.809656
10418.4 -0.7978
10420.6 -0.785754
10422.9 -0.77352
10425.1 -0.761101
10427.3 -0.7485
10429.5 -0.735721
10431.7 -0.722765
10433.9 -0.709635
10436.1 -0.696335
10438.3 -0.682867
10440.5 -0.669235
10442.8 -0.655442
10445 -0.641491
10447.2 -0.627384
10449.4 -0.613126
10451.6 -0.59872
10453.8 -0.584168
10456 -0.569474
10458.2 -0.554642
10460.4 -0.539676
10462.7 -0.524578
10464.9 -0.509352
10467.1 -0.494002
10469.3 -0.478532
10471.5 -0.462945
10473.7 -0.447244
10475.9 -0.431435
10478.1 -0.41552
10480.4 -0.399504
10482.6 -0.38339
10484.8 -0.367183
10487 -0.350886
10489.2 -0.334503
10491.4 -0.318039
10493.6 -0.301498
10495.8 -0.284883
10498 -0.268199
10500.3 -0.251451
10502.5 -0.234642
10504.7 -0.217777
10506.9 -0.200859
10509.1 -0.183895
10511.3 -0.166887
10513.5 -0.14984
10515.7 -0.132758
10517.9 -0.115647
10520.2 -0.0985102
10522.4 -0.0813524
10524.6 -0.064178
10526.8 -0.0469915
10529 -0.0297974
10531.2 -0.0126004
10533.4 0.00459508
10535.6 0.0217845
10537.9 0.0389634
10540.1 0.0561271
10542.3 0.073271
10544.5 0.0903908
10546.7 0.107482
10548.9 0.124539
10551.1 0.141559
10553.3 0.158537
10555.5 0.175467
10557.8 0.192347
10560 0.20917
10562.2 0.225934
10564.4 0.242633
10566.6 0.259263
10568.8 0.275819
10571 0.292298
10573.2 0.308695
10575.4 0.325006
10577.7 0.341226
10579.9 0.357351
10582.1 0.373378
10584.3 0.389302
10586.5 0.405119
10588.7 0.420825
10590.9 0.436416
10593.1 0.451888
10595.3 0.467237
10597.6 0.48246
10599.8 0.497553
10602 0.512512
10604.2 0.527333
10606.4 0.542013
10608.6 0.556548
10610.8 0.570934
10613 0.58517
10615.3 0.59925
10617.5 0.613172
10619.7 0.626932
10621.9 0.640528
10624.1 0.653957
10626.3 0.667214
10628.5 0.680298
10630.7 0.693205
10632.9 0.705933
10635.2 0.718479
10637.4 0.73084
10639.6 0.743013
10641.8 0.754997
10644 0.766788
10646.2 0.778384
10648.4 0.789783
10650.6 0.800983
10652.8 0.81198
10655.1 0.822774
10657.3 0.833362
10659.5 0.843742
10661.7 0.853912
10663.9 0.86387
10666.1 0.873614
10668.3 0.883143
10670.5 0.892455
10672.8 0.901548
10675 0.910421
10677.2 0.919072
10679.4 0.9275
10681.6 0.935703
10683.8 0.94368
10686 0.951429
10688.2 0.95895
10690.4 0.966242
10692.7 0.973303
10694.9 0.980132
10697.1 0.986728
10699.3 0.99309
10701.5 0.999218
10703.7 1.00511
10705.9 1.01077
10708.1 1.01618
10710.3 1.02137
10712.6 1.02631
10714.8 1.03101
10717 1.03548
10719.2 1.0397
10721.4 1.04369
10723.6 1.04743
10725.8 1.05093
10728 1.05419
10730.3 1.05721
10732.5 1.05999
10734.7 1.06252
10736.9 1.06482
10739.1 1.06687
10741.3 1.06868
10743.5 1.07024
10745.7 1.07157
10747.9 1.07265
10750.2 1.07349
10752.4 1.07409
10754.6 1.07445
10756.8 1.07456
10759 1.07444
10761.2 1.07407
10763.4 1.07346
10765.6 1.07262
10767.8 1.07153
10770.1 1.07021
10772.3 1.06864
10774.5 1.06684
10776.7 1.0648
10778.9 1.06252
10781.1 1.06001
10783.3 1.05726
10785.5 1.05428
10787.7 1.05106
10790 1.04761
10792.2 1.04393
10794.4 1.04002
10796.6 1.03587
10798.8 1.0315
10801 1.02689
10803.2 1.02206
10805.4 1.017
10807.7 1.01172
10809.9 1.00621
10812.1 1.00047
10814.3 0.994518
10816.5 0.98834
10818.7 0.981942
10820.9 0.975324
10823.1 0.968489
10825.3 0.961437
10827.6 0.95417
10829.8 0.946689
10832 0.938995
10834.2 0.93109
10836.4 0.922975
10838.6 0.914651
10840.8 0.906121
10843 0.897386
10845.2 0.888447
10847.5 0.879305
10849.7 0.869964
10851.9 0.860423
10854.1 0.850685
10856.3 0.840752
10858.5 0.830625
10860.7 0.820306
10862.9 0.809797
10865.2 0.7991
10867.4 0.788217
10869.6 0.77715
10871.8 0.7659
10874 0.75447
10876.2 0.742862
10878.4 0.731077
10880.6 0.719119
10882.8 0.706989
10885.1 0.694689
10887.3 0.682222
10889.5 0.66959
10891.7 0.656795
10893.9 0.64384
10896.1 0.630727
10898.3 0.617459
10900.5 0.604038
10902.7 0.590466
10905 0.576746
10907.2 0.562882
10909.4 0.548874
10911.6 0.534727
10913.8 0.520443
10916 0.506025
10918.2 0.491476
10920.4 0.476797
10922.6 0.461994
10924.9 0.447067
10927.1 0.432022
10929.3 0.416859
10931.5 0.401583
10933.7 0.386197
10935.9 0.370704
10938.1 0.355107
10940.3 0.339409
10942.6 0.323614
10944.8 0.307726
10947 0.291747
10949.2 0.27568
10951.4 0.259531
10953.6 0.243301
10955.8 0.226995
10958 0.210616
10960.2 0.194167
10962.5 0.177654
10964.7 0.161078
10966.9 0.144445
10969.1 0.127758
10971.3 0.11102
10973.5 0.0942361
10975.7 0.0774097
10977.9 0.0605447
10980.1 0.0436453
10982.4 0.0267155
10984.6 0.00975942
10986.8 -0.00721896
10989 -0.0242155
10991.2 -0.041226
10993.4 -0.0582462
10995.6 -0.0752719
10997.8 -0.0922989
11000.1 -0.109323
11002.3 -0.12634
11004.5 -0.143345
11006.7 -0.160334
11008.9 -0.177303
11011.1 -0.194247
11013.3 -0.211162
11015.5 -0.228044
11017.7 -0.244887
11020 -0.261689
11022.2 -0.278443
11024.4 -0.295147
11026.6 -0.311794
11028.8 -0.328382
11031 -0.344905
11033.2 -0.361359
11035.4 -0.37774
11037.6 -0.394043
11039.9 -0.410263
11042.1 -0.426397
11044.3 -0.44244
11046.5 -0.458387
11048.7 -0.474234
11050.9 -0.489978
11053.1 -0.505612
11055.3 -0.521135
11057.5 -0.53654
11059.8 -0.551823
11062 -0.566981
11064.2 -0.58201
11066.4 -0.596905
11068.6 -0.611661
11070.8 -0.626276
11073 -0.640745
11075.2 -0.655064
11077.5 -0.669229
11079.7 -0.683237
11081.9 -0.697082
11084.1 -0.710763
11086.3 -0.724274
11088.5 -0.737613
11090.7 -0.750775
11092.9 -0.763758
11095.1 -0.776557
11097.4 -0.78917
11099.6 -0.801592
11101.8 -0.813821
11104 -0.825853
11106.2 -0.837685
11108.4 -0.849314
11110.6 -0.860737
11112.8 -0.871952
11115 -0.882954
11117.3 -0.893742
11119.5 -0.904312
11121.7 -0.914663
11123.9 -0.92479
11126.1 -0.934693
11128.3 -0.944367
11130.5 -0.953812
11132.7 -0.963024
11135 -0.972002
11137.2 -0.980743
11139.4 -0.989245
11141.6 -0.997506
11143.8 -1.00552
11146 -1.0133
11148.2 -1.02083
11150.4 -1.02811
11152.6 -1.03514
11154.9 -1.04191
11157.1 -1.04844
11159.3 -1.05471
11161.5 -1.06073
11163.7 -1.06649
11165.9 -1.07199
11168.1 -1.07723
11170.3 -1.08221
11172.5 -1.08694
11174.8 -1.0914
11177 -1.09559
11179.2 -1.09953
11181.4 -1.1032
11183.6 -1.1066
11185.8 -1.10974
11188 -1.11262
11190.2 -1.11523
11192.4 -1.11757
11194.7 -1.11965
11196.9 -1.12146
11199.1 -1.123
11201.3 -1.12428
11203.5 -1.12529
11205.7 -1.12603
11207.9 -1.12651
11210.1 -1.12672
11212.4 -1.12666
11214.6 -1.12634
11216.8 -1.12575
11219 -1.1249
11221.2 -1.12379
11223.4 -1.12241
11225.6 -1.12077
11227.8 -1.11886
11230 -1.1167
11232.3 -1.11427
11234.5 -1.11158
11236.7 -1.10864
11238.9 -1.10544
11241.1 -1.10197
11243.3 -1.09826
11245.5 -1.09429
11247.7 -1.09006
11249.9 -1.08559
11252.2 -1.08086
11254.4 -1.07588
11256.6 -1.07066
11258.8 -1.06518
11261 -1.05946
11263.2 -1.0535
11265.4 -1.0473
11267.6 -1.04085
11269.9 -1.03417
11272.1 -1.02725
11274.3 -1.02009
11276.5 -1.0127
11278.7 -1.00507
11280.9 -0.997221
11283.1 -0.989139
11285.3 -0.980831
11287.5 -0.972299
11289.8 -0.963544
11292 -0.954568
11294.2 -0.945375
11296.4 -0.935966
11298.6 -0.926343
11300.8 -0.916508
11303 -0.906465
11305.2 -0.896214
11307.4 -0.885759
11309.7 -0.875101
11311.9 -0.864244
11314.1 -0.85319
11316.3 -0.84194
11318.5 -0.830499
11320.7 -0.818868
11322.9 -0.80705
11325.1 -0.795048
11327.4 -0.782865
11329.6 -0.770503
11331.8 -0.757965
11334 -0.745254
11336.2 -0.732372
11338.4 -0.719324
11340.6 -0.706111
11342.8 -0.692737
11345 -0.679205
11347.3 -0.665518
11349.5 -0.651679
11351.7 -0.637691
11353.9 -0.623558
11356.1 -0.609282
11358.3 -0.594868
11360.5 -0.580318
11362.7 -0.565636
11364.9 -0.550826
11367.2 -0.53589
11369.4 -0.520833
11371.6 -0.505657
11373.8 -0.490367
11376 -0.474966
11378.2 -0.459459
11380.4 -0.443847
11382.6 -0.428136
11384.8 -0.41233
11387.1 -0.396431
11389.3 -0.380444
11391.5 -0.364373
11393.7 -0.348222
11395.9 -0.331994
11398.1 -0.315695
11400.3 -0.299327
11402.5 -0.282895
11404.8 -0.266403
11407 -0.249855
11409.2 -0.233256
11411.4 -0.216609
11413.6 -0.199919
11415.8 -0.18319
11418 -0.166426
11420.2 -0.149631
11422.4 -0.132811
11424.7 -0.115969
11426.9 -0.0991092
11429.1 -0.0822364
11431.3 -0.0653549
11433.5 -0.048469
11435.7 -0.0315831
11437.9 -0.0147016
11440.1 0.00217106
11442.3 0.0190306
11444.6 0.0358725
11446.8 0.0526925
11449 0.069486
11451.2 0.0862489
11453.4 0.102977
11455.6 0.119665
11457.8 0.136309
11460 0.152906
11462.3 0.169449
11464.5 0.185936
11466.7 0.202362
11468.9 0.218723
11471.1 0.235014
11473.3 0.251231
11475.5 0.267371
11477.7 0.283428
11479.9 0.2994
11482.2 0.315281
11484.4 0.331068
11486.6 0.346756
11488.8 0.362343
11491 0.377824
11493.2 0.393194
11495.4 0.408451
11497.6 0.423591
11499.8 0.438609
11502.1 0.453503
11504.3 0.468268
11506.5 0.482902
11508.7 0.4974
11510.9 0.511759
11513.1 0.525976
11515.3 0.540047
11517.5 0.55397
11519.7 0.567741
11522 0.581357
11524.2 0.594814
11526.4 0.608111
11528.6 0.621244
11530.8 0.634209
11533 0.647005
11535.2 0.659629
11537.4 0.672077
11539.7 0.684348
11541.9 0.696439
11544.1 0.708347
11546.3 0.720069
11548.5 0.731605
11550.7 0.742951
11552.9 0.754104
11555.1 0.765064
11557.3 0.775828
11559.6 0.786393
11561.8 0.796758
11564 0.806922
11566.2 0.816881
11568.4 0.826635
11570.6 0.836182
11572.8 0.845519
11575 0.854647
11577.2 0.863562
11579.5 0.872263
11581.7 0.88075
11583.9 0.889021
11586.1 0.897073
11588.3 0.904907
11590.5 0.912521
11592.7 0.919914
11594.9 0.927085
11597.2 0.934033
11599.4 0.940756
11601.6 0.947254
11603.8 0.953526
11606 0.959571
11608.2 0.965389
11610.4 0.970978
11612.6 0.976339
11614.8 0.98147
11617.1 0.98637
11619.3 0.99104
11621.5 0.995479
11623.7 0.999685
11625.9 1.00366
11628.1 1.0074
11630.3 1.01091
11632.5 1.01419
11634.7 1.01723
11637 1.02004
11639.2 1.02262
11641.4 1.02496
11643.6 1.02707
11645.8 1.02894
11648 1.03059
11650.2 1.03199
11652.4 1.03317
11654.6 1.03411
11656.9 1.03482
11659.1 1.03529
11661.3 1.03553
11663.5 1.03554
11665.7 1.03532
11667.9 1.03486
11670.1 1.03417
11672.3 1.03326
11674.6 1.03211
11676.8 1.03073
11679 1.02912
11681.2 1.02729
11683.4 1.02522
11685.6 1.02293
11687.8 1.02041
11690 1.01766
11692.2 1.01469
11694.5 1.01149
11696.7 1.00807
11698.9 1.00443
11701.1 1.00056
11703.3 0.99647
11705.5 0.992161
11707.7 0.987632
11709.9 0.982885
11712.1 0.97792
11714.4 0.972738
11716.6 0.967341
11718.8 0.961729
11721 0.955904
11723.2 0.949867
11725.4 0.943619
11727.6 0.937161
11729.8 0.930495
11732.1 0.923621
11734.3 0.916542
11736.5 0.909258
11738.7 0.901771
11740.9 0.894082
11743.1 0.886193
11745.3 0.878105
11747.5 0.86982
11749.7 0.861339
11752 0.852663
11754.2 0.843796
11756.4 0.834737
11758.6 0.825489
11760.8 0.816053
11763 0.806431
11765.2 0.796625
11767.4 0.786637
11769.6 0.776469
11771.9 0.766122
11774.1 0.755598
11776.3 0.7449
11778.5 0.734029
11780.7 0.722987
11782.9 0.711777
11785.1 0.7004
11787.3 0.688859
11789.6 0.677155
11791.8 0.665292
11794 0.653271
11796.2 0.641094
11798.4 0.628764
11800.6 0.616283
11802.8 0.603654
11805 0.59088
11807.2 0.577961
11809.5 0.564902
11811.7 0.551704
11813.9 0.538371
11816.1 0.524904
11818.3 0.511307
11820.5 0.497583
11822.7 0.483733
11824.9 0.469762
11827.1 0.455671
11829.4 0.441464
11831.6 0.427143
11833.8 0.412712
11836 0.398173
11838.2 0.38353
11840.4 0.368785
11842.6 0.353942
11844.8 0.339004
11847 0.323974
11849.3 0.308856
11851.5 0.293652
11853.7 0.278367
11855.9 0.263002
11858.1 0.247562
11860.3 0.232051
11862.5 0.216471
11864.7 0.200826
11867 0.18512
11869.2 0.169357
11871.4 0.153539
11873.6 0.137671
11875.8 0.121756
11878 0.105798
11880.2 0.0898006
11882.4 0.073768
11884.6 0.0577037
11886.9 0.0416117
11889.1 0.0254958
11891.3 0.00936004
11893.5 -0.00679181
11895.7 -0.0229557
11897.9 -0.0391276
11900.1 -0.0553034
11902.3 -0.0714792
11904.5 -0.087651
11906.8 -0.103814
11909 -0.119965
11911.2 -0.1361
11913.4 -0.152214
11915.6 -0.168303
11917.8 -0.184364
11920 -0.200391
11922.2 -0.21638
11924.5 -0.232328
11926.7 -0.248231
11928.9 -0.264083
11931.1 -0.27988
11933.3 -0.29562
11935.5 -0.311296
11937.7 -0.326906
11939.9 -0.342444
11942.1 -0.357907
11944.4 -0.373291
11946.6 -0.38859
11948.8 -0.403801
11951 -0.418921
11953.2 -0.433944
11955.4 -0.448866
11957.6 -0.463684
11959.8 -0.478393
11962 -0.492989
11964.3 -0.507469
11966.5 -0.521828
11968.7 -0.536062
11970.9 -0.550168
11973.1 -0.564141
11975.3 -0.577978
11977.5 -0.591674
11979.7 -0.605227
11981.9 -0.618631
11984.2 -0.631885
11986.4 -0.644983
11988.6 -0.657923
11990.8 -0.670701
11993 -0.683313
11995.2 -0.695757
11997.4 -0.708028
11999.6 -0.720124
12001.9 -0.73204
12004.1 -0.743775
12006.3 -0.755325
12008.5 -0.766687
12010.7 -0.777857
12012.9 -0.788834
12015.1 -0.799614
12017.3 -0.810194
12019.5 -0.820572
12021.8 -0.830745
12024 -0.84071
12026.2 -0.850466
12028.4 -0.860009
12030.6 -0.869338
12032.8 -0.878449
12035 -0.887342
12037.2 -0.896013
12039.4 -0.904461
12041.7 -0.912684
12043.9 -0.92068
12046.1 -0.928447
12048.3 -0.935983
12050.5 -0.943287
12052.7 -0.950356
12054.9 -0.957191
12057.1 -0.963789
12059.4 -0.970148
12061.6 -0.976268
12063.8 -0.982147
12066 -0.987784
12068.2 -0.993179
12070.4 -0.998329
12072.6 -1.00324
12074.8 -1.0079
12077 -1.01231
12079.3 -1.01648
12081.5 -1.02039
12083.7 -1.02406
12085.9 -1.02749
12088.1 -1.03066
12090.3 -1.03358
12092.5 -1.03626
12094.7 -1.03868
12096.9 -1.04085
12099.2 -1.04277
12101.4 -1.04445
12103.6 -1.04587
12105.8 -1.04704
12108 -1.04796
12110.2 -1.04863
12112.4 -1.04906
12114.6 -1.04923
12116.8 -1.04915
12119.1 -1.04883
12121.3 -1.04826
12123.5 -1.04744
12125.7 -1.04638
12127.9 -1.04507
12130.1 -1.04351
12132.3 -1.04171
12134.5 -1.03967
12136.8 -1.03738
12139 -1.03485
12141.2 -1.03209
12143.4 -1.02908
12145.6 -1.02584
12147.8 -1.02235
12150 -1.01864
12152.2 -1.01468
12154.4 -1.0105
12156.7 -1.00608
12158.9 -1.00143
12161.1 -0.996554
12163.3 -0.991449
12165.5 -0.986117
12167.7 -0.980561
12169.9 -0.974783
12172.1 -0.968783
12174.3 -0.962563
12176.6 -0.956125
12178.8 -0.949472
12181 -0.942604
12183.2 -0.935523
12185.4 -0.928232
12187.6 -0.920732
12189.8 -0.913025
12192 -0.905114
12194.3 -0.897
12196.5 -0.888685
12198.7 -0.880172
12200.9 -0.871463
12203.1 -0.862559
12205.3 -0.853463
12207.5 -0.844177
12209.7 -0.834704
12211.9 -0.825045
12214.2 -0.815204
12216.4 -0.805182
12218.6 -0.794982
12220.8 -0.784606
12223 -0.774057
12225.2 -0.763337
12227.4 -0.75245
12229.6 -0.741396
12231.8 -0.73018
12234.1 -0.718804
12236.3 -0.70727
12238.5 -0.695581
12240.7 -0.68374
12242.9 -0.671749
12245.1 -0.659612
12247.3 -0.647331
12249.5 -0.63491
12251.7 -0.622351
12254 -0.609657
12256.2 -0.596831
12258.4 -0.583876
12260.6 -0.570795
12262.8 -0.557591
12265 -0.544268
12267.2 -0.530828
12269.4 -0.517275
12271.7 -0.503613
12273.9 -0.489843
12276.1 -0.47597
12278.3 -0.461996
12280.5 -0.447926
12282.7 -0.433762
12284.9 -0.419509
12287.1 -0.405168
12289.3 -0.390745
12291.6 -0.376242
12293.8 -0.361663
12296 -0.347011
12298.2 -0.33229
12300.4 -0.317504
12302.6 -0.302656
12304.8 -0.287751
12307 -0.27279
12309.2 -0.25778
12311.5 -0.242722
12313.7 -0.227621
12315.9 -0.21248
12318.1 -0.197304
12320.3 -0.182096
12322.5 -0.16686
12324.7 -0.151599
12326.9 -0.136318
12329.2 -0.121021
12331.4 -0.10571
12333.6 -0.0903913
12335.8 -0.0750672
12338 -0.059742
12340.2 -0.0444196
12342.4 -0.0291039
12344.6 -0.0137986
12346.8 0.0014922
12349.1 0.0167647
12351.3 0.032015
12353.5 0.0472393
12355.7 0.0624337
12357.9 0.0775943
12360.1 0.0927173
12362.3 0.107799
12364.5 0.122835
12366.7 0.137823
12369 0.152757
12371.2 0.167635
12373.4 0.182452
12375.6 0.197206
12377.8 0.211892
12380 0.226506
12382.2 0.241045
12384.4 0.255506
12386.7 0.269885
12388.9 0.284177
12391.1 0.298381
12393.3 0.312492
12395.5 0.326506
12397.7 0.340422
12399.9 0.354234
12402.1 0.36794
12404.3 0.381537
12406.6 0.395021
12408.8 0.408389
12411 0.421638
12413.2 0.434765
12415.4 0.447768
12417.6 0.460642
12419.8 0.473385
12422 0.485994
12424.2 0.498467
12426.5 0.510801
12428.7 0.522992
12430.9 0.535038
12433.1 0.546938
12435.3 0.558687
12437.5 0.570284
12439.7 0.581726
12441.9 0.593011
12444.1 0.604137
12446.4 0.615101
12448.6 0.6259
12450.8 0.636534
12453 0.647
12455.2 0.657295
12457.4 0.667418
12459.6 0.677367
12461.8 0.68714
12464.1 0.696735
12466.3 0.706151
12468.5 0.715386
12470.7 0.724437
12472.9 0.733305
12475.1 0.741986
12477.3 0.750479
12479.5 0.758784
12481.7 0.766899
12484 0.774822
12486.2 0.782551
12488.4 0.790087
12490.6 0.797428
12492.8 0.804572
12495 0.811519
12497.2 0.818267
12499.4 0.824815
12501.6 0.831164
12503.9 0.83731
12506.1 0.843255
12508.3 0.848997
12510.5 0.854534
12512.7 0.859868
12514.9 0.864996
12517.1 0.869919
12519.3 0.874635
12521.6 0.879144
12523.8 0.883446
12526 0.88754
12528.2 0.891425
12530.4 0.895103
12532.6 0.898571
12534.8 0.901829
12537 0.904879
12539.2 0.907718
12541.5 0.910348
12543.7 0.912767
12545.9 0.914976
12548.1 0.916975
12550.3 0.918763
12552.5 0.920341
12554.7 0.921709
12556.9 0.922867
12559.1 0.923814
12561.4 0.924552
12563.6 0.92508
12565.8 0.925398
12568 0.925506
12570.2 0.925406
12572.4 0.925097
12574.6 0.924579
12576.8 0.923854
12579 0.92292
12581.3 0.92178
12583.5 0.920433
12585.7 0.91888
12587.9 0.917121
12590.1 0.915157
12592.3 0.912988
12594.5 0.910616
12596.7 0.908041
12599 0.905263
12601.2 0.902283
12603.4 0.899103
12605.6 0.895722
12607.8 0.892142
12610 0.888363
12612.2 0.884387
12614.4 0.880214
12616.6 0.875845
12618.9 0.871281
12621.1 0.866524
12623.3 0.861574
12625.5 0.856432
12627.7 0.851099
12629.9 0.845577
12632.1 0.839867
12634.3 0.833969
12636.5 0.827885
12638.8 0.821617
12641 0.815165
12643.2 0.808531
12645.4 0.801717
12647.6 0.794722
12649.8 0.78755
12652 0.780201
12654.2 0.772677
12656.5 0.764979
12658.7 0.757109
12660.9 0.749068
12663.1 0.740858
12665.3 0.73248
12667.5 0.723937
12669.7 0.71523
12671.9 0.70636
12674.1 0.697329
12676.4 0.688139
12678.6 0.678793
12680.8 0.66929
12683 0.659635
12685.2 0.649828
12687.4 0.639871
12689.6 0.629767
12691.8 0.619517
12694 0.609123
12696 0.599675
12698 0.590115
12700 0.580443
12702 0.570663
12704 0.560774
12706 0.55078
12707.9 0.540681
12709.9 0.530479
12711.9 0.520176
12713.9 0.509773
12715.9 0.499273
12717.9 0.488677
12719.8 0.477986
12721.8 0.467203
12723.8 0.45633
12725.8 0.445368
12727.8 0.434319
12729.8 0.423185
12731.8 0.411967
12733.7 0.400669
12735.7 0.389291
12737.7 0.377836
12739.7 0.366306
12741.7 0.354702
12743.7 0.343028
12745.6 0.331284
12747.6 0.319473
12749.6 0.307597
12751.6 0.295658
12753.6 0.283658
12755.6 0.2716
12757.6 0.259485
12759.5 0.247317
12761.5 0.235096
12763.5 0.222825
12765.5 0.210507
12767.5 0.198144
12769.5 0.185737
12771.4 0.17329
12773.4 0.160805
12775.4 0.148284
12777.4 0.13573
12779.4 0.123144
12781.4 0.110529
12783.4 0.0978883
12785.3 0.0852234
12787.3 0.0725371
12789.3 0.0598317
12791.4 0.0466419
12793.4 0.0334372
12795.5 0.0202203
12797.5 0.00699399
12799.6 -0.00623892
12801.7 -0.0194755
12803.7 -0.032713
12805.8 -0.0459484
12807.8 -0.0591791
12809.9 -0.0724019
12811.9 -0.0856141
12814 -0.0988127
12816.1 -0.111995
12818.1 -0.125158
12820.2 -0.138298
12822.3 -0.151935
12824.5 -0.16554
12826.6 -0.179112
12828.7 -0.192647
12830.9 -0.206141
12833 -0.219591
12835.1 -0.232994
12837.3 -0.246346
12839.4 -0.259645
12841.6 -0.272886
12843.7 -0.286067
12845.8 -0.299184
12848 -0.312234
12850.1 -0.325214
12852.3 -0.33812
12854.4 -0.350949
12856.5 -0.363698
12858.7 -0.376364
12860.8 -0.388943
12863 -0.401433
12865.1 -0.41383
12867.2 -0.42613
12869.4 -0.438332
12871.5 -0.450431
12873.7 -0.462425
12875.8 -0.474311
12877.9 -0.486085
12880.1 -0.497745
12882.2 -0.509287
12884.4 -0.52071
12886.5 -0.532009
12888.6 -0.543183
12890.8 -0.554227
12892.9 -0.565141
12895.1 -0.57592
12897.2 -0.586562
12899.3 -0.597065
12901.5 -0.607426
12903.6 -0.617642
12905.8 -0.627711
12907.9 -0.63763
12910 -0.647397
12912.2 -0.65701
12914.3 -0.666466
12916.4 -0.675764
12918.6 -0.6849
12920.7 -0.693873
12922.9 -0.702681
12925 -0.711322
12927.1 -0.719793
12929.3 -0.728092
12931.4 -0.736219
12933.6 -0.74417
12935.7 -0.751945
12937.8 -0.759541
12940 -0.766958
12942.1 -0.774192
12944.3 -0.781244
12946.4 -0.78811
12948.5 -0.794791
12950.7 -0.801284
12952.8 -0.807588
12955 -0.813702
12957.1 -0.819625
12959.2 -0.825356
12961.4 -0.830893
12963.5 -0.836235
12965.7 -0.841383
12967.8 -0.846334
12969.9 -0.851088
12972.1 -0.855643
12974.2 -0.860001
12976.4 -0.864158
12978.5 -0.868116
12980.6 -0.871874
12982.8 -0.87543
12984.9 -0.878785
12987.1 -0.881938
12989.2 -0.884889
12991.3 -0.887637
12993.5 -0.890182
12995.6 -0.892525
12997.7 -0.894664
12999.9 -0.8966
13002 -0.898333
13004.2 -0.899863
13006.3 -0.901189
13008.4 -0.902313
13010.6 -0.903233
13012.7 -0.903951
13014.9 -0.904467
13017 -0.90478
13019.1 -0.904892
13021.3 -0.904802
13023.4 -0.904511
13025.6 -0.90402
13027.7 -0.903329
13029.8 -0.902438
13032 -0.901349
13034.1 -0.900062
13036.3 -0.898577
13038.4 -0.896896
13040.5 -0.895018
13042.7 -0.892946
13044.8 -0.890679
13047 -0.888219
13049.1 -0.885567
13051.2 -0.882723
13053.4 -0.879689
13055.5 -0.876466
13057.7 -0.873054
13059.8 -0.869455
13061.9 -0.86567
13064.1 -0.8617
13066.2 -0.857547
13068.4 -0.853211
13070.5 -0.848694
13072.6 -0.843997
13074.8 -0.839122
13076.9 -0.83407
13079 -0.828842
13081.2 -0.82344
13083.3 -0.817865
13085.5 -0.812119
13087.6 -0.806203
13089.7 -0.800118
13091.9 -0.793868
13094 -0.787452
13096.2 -0.780873
13098.3 -0.774132
13100.4 -0.767231
13102.6 -0.760172
13104.7 -0.752956
13106.9 -0.745585
13109 -0.738062
13111.1 -0.730387
13113.3 -0.722563
13115.4 -0.714592
13117.6 -0.706475
13119.7 -0.698215
13121.8 -0.689812
13124 -0.681271
13126.1 -0.672591
13128.3 -0.663776
13130.4 -0.654827
13132.5 -0.645747
13134.7 -0.636538
13136.8 -0.627201
13139 -0.617739
13141.1 -0.608154
13143.2 -0.598448
13145.4 -0.588624
13147.5 -0.578683
13149.7 -0.568628
13151.8 -0.558462
13153.9 -0.548186
13156.1 -0.537803
13158.2 -0.527316
13160.3 -0.516726
13162.5 -0.506036
13164.6 -0.495249
13166.8 -0.484366
13168.9 -0.473391
13171 -0.462326
13173.2 -0.451174
13175.3 -0.439936
13177.5 -0.428616
13179.6 -0.417215
13181.7 -0.405738
13183.9 -0.394186
13186 -0.382562
13188.2 -0.370868
13190.3 -0.359108
13192.4 -0.347283
13194.6 -0.335398
13196.7 -0.323453
13198.9 -0.311453
13201 -0.299399
13203.1 -0.287295
13205.3 -0.275144
13207.4 -0.262947
13209.6 -0.250709
13211.7 -0.238432
13213.8 -0.226118
13216 -0.21377
13218.1 -0.201392
13220.3 -0.188986
13222.4 -0.176555
13224.5 -0.164102
13226.7 -0.15163
13228.8 -0.139141
13231 -0.126639
13233.1 -0.114126
13235.2 -0.101606
13237.4 -0.0890809
13239.5 -0.0765541
13241.6 -0.0640282
13243.8 -0.0515063
13245.9 -0.0389913
13248.1 -0.0264861
13250.2 -0.0139935
13252.3 -0.00151638
13254.5 0.0109423
13256.6 0.0233796
13258.8 0.0357928
13260.9 0.0481789
13263 0.0605352
13265.2 0.0728587
13267.3 0.0851467
13269.5 0.0973963
13271.6 0.109605
13273.7 0.121769
13275.9 0.133887
13278 0.145955
13280.2 0.157971
13282.3 0.169932
13284.4 0.181835
13286.6 0.193678
13288.7 0.205458
13290.9 0.217172
13293 0.228818
13295.1 0.240393
13297.3 0.251895
13299.4 0.263321
13301.6 0.274668
13303.7 0.285934
13305.8 0.297117
13308 0.308214
13310.1 0.319223
13312.3 0.330141
13314.4 0.340967
13316.5 0.351697
13318.7 0.36233
13320.8 0.372863
13322.9 0.383294
13325.1 0.393621
13327.2 0.403842
13329.4 0.413955
13331.5 0.423957
13333.6 0.433847
13335.8 0.443623
13337.9 0.453282
13340.1 0.462824
13342.2 0.472245
13344.3 0.481545
13346.5 0.490721
13348.6 0.499772
13350.8 0.508696
13352.9 0.517491
13355 0.526156
13357.2 0.534689
13359.3 0.543089
13361.5 0.551353
13363.6 0.559482
13365.7 0.567472
13367.9 0.575324
13370 0.583034
13372.2 0.590603
13374.3 0.598029
13376.4 0.60531
13378.6 0.612446
13380.7 0.619435
13382.9 0.626276
13385 0.632969
13387.1 0.639511
13389.3 0.645903
13391.4 0.652142
13393.6 0.658229
13395.7 0.664162
13397.8 0.66994
13400 0.675563
13402.1 0.68103
13404.2 0.686339
13406.4 0.691491
13408.5 0.696485
13410.7 0.701319
13412.8 0.705994
13414.9 0.710508
13417.1 0.714862
13419.2 0.719054
13421.4 0.723084
13423.5 0.726952
13425.6 0.730657
13427.8 0.734199
13429.9 0.737577
13432.1 0.740792
13434.2 0.743842
13436.3 0.746728
13438.5 0.749449
13440.6 0.752005
13442.8 0.754395
13444.9 0.756621
13447 0.758681
13449.2 0.760575
13451.3 0.762304
13453.5 0.763867
13455.6 0.765265
13457.7 0.766496
13459.9 0.767562
13462 0.768462
13464.2 0.769197
13466.3 0.769766
13468.4 0.77017
13470.6 0.770409
13472.7 0.770483
13474.9 0.770392
13477 0.770136
13479.1 0.769717
13481.3 0.769133
13483.4 0.768386
13485.5 0.767476
13487.7 0.766402
13489.8 0.765167
13492 0.763769
13494.1 0.76221
13496.2 0.76049
13498.4 0.758609
13500.5 0.756568
13502.7 0.754367
13504.8 0.752008
13506.9 0.74949
13509.1 0.746814
13511.2 0.743982
13513.4 0.740993
13515.5 0.737849
13517.6 0.734549
13519.8 0.731096
13521.9 0.727489
13524.1 0.723729
13526.2 0.719818
13528.3 0.715756
13530.5 0.711543
13532.6 0.707182
13534.8 0.702673
13536.9 0.698016
13539 0.693213
13541.2 0.688264
13543.3 0.683172
13545.5 0.677936
13547.6 0.672558
13549.7 0.667039
13551.9 0.66138
13554 0.655582
13556.2 0.649647
13558.3 0.643575
13560.4 0.637368
13562.6 0.631027
13564.7 0.624554
13566.8 0.617949
13569 0.611214
13571.1 0.60435
13573.3 0.597359
13575.4 0.590242
13577.5 0.583
13579.7 0.575635
13581.8 0.568148
13584 0.560541
13586.1 0.552816
13588.2 0.544974
13590.4 0.537015
13592.5 0.528943
13594.7 0.520759
13596.8 0.512464
13598.9 0.504059
13601.1 0.495547
13603.2 0.48693
13605.4 0.478209
13607.5 0.469385
13609.6 0.460461
13611.8 0.451439
13613.9 0.44232
13616.1 0.433106
13618.2 0.423799
13620.3 0.4144
13622.5 0.404913
13624.6 0.395338
13626.8 0.385678
13628.9 0.375935
13631 0.366111
13633.2 0.356207
13635.3 0.346227
13637.5 0.336171
13639.6 0.326042
13641.7 0.315843
13643.9 0.305575
13646 0.295241
13648.1 0.284842
13650.3 0.274381
13652.4 0.263861
13654.6 0.253282
13656.7 0.242649
13658.8 0.231963
13661 0.221226
13663.1 0.21044
13665.3 0.199609
13667.4 0.188734
13669.5 0.177818
13671.7 0.166863
13673.8 0.155872
13676 0.144847
13678.1 0.13379
13680.2 0.122704
13682.4 0.111592
13684.5 0.100456
13686.7 0.0892978
13688.8 0.0781209
13690.9 0.0669276
13693.2 0.0553334
13695.4 0.0437271
13697.6 0.0321116
13699.8 0.0204897
13702 0.0088643
13704.2 -0.00276183
13706.4 -0.0143857
13708.6 -0.0260045
13710.9 -0.0376152
13713.1 -0.049215
13715.3 -0.0608011
13717.5 -0.0723703
13719.7 -0.0839199
13721.9 -0.0954469
13724.1 -0.106948
13726.4 -0.118421
13728.6 -0.129863
13730.8 -0.141271
13733 -0.152641
13735.2 -0.163971
13737.4 -0.175258
13739.6 -0.186499
13741.8 -0.197691
13744.1 -0.208832
13746.3 -0.219918
13748.5 -0.230946
13750.7 -0.241914
13752.9 -0.252819
13755.1 -0.263658
13757.3 -0.274427
13759.5 -0.285126
13761.8 -0.295749
13764 -0.306296
13766.2 -0.316762
13768.4 -0.327146
13770.6 -0.337444
13772.8 -0.347654
13775 -0.357773
13777.3 -0.367799
13779.5 -0.377728
13781.7 -0.387559
13783.9 -0.397289
13786.1 -0.406915
13788.3 -0.416435
13790.5 -0.425846
13792.7 -0.435147
13795 -0.444333
13797.2 -0.453404
13799.4 -0.462357
13801.6 -0.471189
13803.8 -0.479899
13806 -0.488483
13808.2 -0.496941
13810.5 -0.50527
13812.7 -0.513467
13814.9 -0.521531
13817.1 -0.52946
13819.3 -0.537252
13821.5 -0.544904
13823.7 -0.552416
13825.9 -0.559785
13828.2 -0.56701
13830.4 -0.574088
13832.6 -0.581018
13834.8 -0.587799
13837 -0.594429
13839.2 -0.600907
13841.4 -0.60723
13843.7 -0.613398
13845.9 -0.61941
13848.1 -0.625263
13850.3 -0.630957
13852.5 -0.63649
13854.7 -0.641862
13856.9 -0.64707
13859.1 -0.652115
13861.4 -0.656995
13863.6 -0.66171
13865.8 -0.666257
13868 -0.670637
13870.2 -0.674849
13872.4 -0.678891
13874.6 -0.682764
13876.9 -0.686466
13879.1 -0.689997
13881.3 -0.693357
13883.5 -0.696544
13885.7 -0.699559
13887.9 -0.702401
13890.1 -0.705069
13892.3 -0.707564
13894.6 -0.709885
13896.8 -0.712032
13899 -0.714004
13901.2 -0.715803
13903.4 -0.717426
13905.6 -0.718876
13907.8 -0.720151
13910.1 -0.721251
13912.3 -0.722177
13914.5 -0.72293
13916.7 -0.723508
13918.9 -0.723913
13921.1 -0.724144
13923.3 -0.724202
13925.5 -0.724088
13927.8 -0.723801
13930 -0.723343
13932.2 -0.722713
13934.4 -0.721912
13936.6 -0.720942
13938.8 -0.719801
13941 -0.718492
13943.3 -0.717015
13945.5 -0.71537
13947.7 -0.713558
13949.9 -0.711581
13952.1 -0.709438
13954.3 -0.707131
13956.5 -0.704661
13958.7 -0.702028
13961 -0.699234
13963.2 -0.69628
13965.4 -0.693166
13967.6 -0.689894
13969.8 -0.686465
13972 -0.682879
13974.2 -0.679139
13976.4 -0.675245
13978.7 -0.671199
13980.9 -0.667002
13983.1 -0.662654
13985.3 -0.658159
13987.5 -0.653515
13989.7 -0.648727
13991.9 -0.643793
13994.2 -0.638717
13996.4 -0.633499
13998.6 -0.628141
14000.8 -0.622645
14003 -0.617011
14005.2 -0.611243
14007.4 -0.60534
14009.6 -0.599305
14011.9 -0.59314
14014.1 -0.586845
14016.3 -0.580424
14018.5 -0.573877
14020.7 -0.567206
14022.9 -0.560413
14025.1 -0.5535
14027.4 -0.546469
14029.6 -0.539321
14031.8 -0.532059
14034 -0.524684
14036.2 -0.517198
14038.4 -0.509603
14040.6 -0.501901
14042.8 -0.494094
14045.1 -0.486183
14047.3 -0.478172
14049.5 -0.470062
14051.7 -0.461855
14053.9 -0.453554
14056.1 -0.445159
14058.3 -0.436674
14060.6 -0.4281
14062.8 -0.41944
14065 -0.410696
14067.2 -0.40187
14069.4 -0.392964
14071.6 -0.383981
14073.8 -0.374922
14076 -0.36579
14078.3 -0.356588
14080.5 -0.347317
14082.7 -0.33798
14084.9 -0.328579
14087.1 -0.319117
14089.3 -0.309595
14091.5 -0.300017
14093.8 -0.290384
14096 -0.2807
14098.2 -0.270965
14100.4 -0.261184
14102.6 -0.251358
14104.8 -0.24149
14107 -0.231581
14109.2 -0.221636
14111.5 -0.211655
14113.7 -0.201642
14115.9 -0.191599
14118.1 -0.181528
14120.3 -0.171432
14122.5 -0.161314
14124.7 -0.151175
14127 -0.141019
14129.2 -0.130848
14131.4 -0.120664
14133.6 -0.11047
14135.8 -0.100269
14138 -0.0900625
14140.2 -0.0798534
14142.4 -0.0696444
14144.7 -0.0594377
14146.9 -0.0492359
14149.1 -0.0390414
14151.3 -0.0288569
14153.5 -0.0186848
14155.7 -0.00852743
14157.9 0.00161267
14160.2 0.011733
14162.4 0.0218311
14164.6 0.0319045
14166.8 0.041951
14169 0.051968
14171.2 0.0619531
14173.4 0.0719039
14175.6 0.0818181
14177.9 0.0916933
14180.1 0.101527
14182.3 0.111317
14184.5 0.121061
14186.7 0.130757
14188.9 0.140403
14191.1 0.149995
14193.4 0.159533
14195.6 0.169013
14197.8 0.178433
14200 0.187792
14202.2 0.197088
14204.4 0.206317
14206.6 0.215478
14208.8 0.224569
14211.1 0.233588
14213.3 0.242532
14215.5 0.251401
14217.7 0.260191
14219.9 0.268901
14222.1 0.277529
14224.3 0.286073
14226.5 0.294531
14228.8 0.302902
14231 0.311183
14233.2 0.319372
14235.4 0.327469
14237.6 0.335471
14239.8 0.343377
14242 0.351185
14244.3 0.358893
14246.5 0.366499
14248.7 0.374003
14250.9 0.381403
14253.1 0.388697
14255.3 0.395884
14257.5 0.402962
14259.7 0.40993
14262 0.416786
14264.2 0.42353
14266.4 0.43016
14268.6 0.436674
14270.8 0.443072
14273 0.449353
14275.2 0.455514
14277.5 0.461556
14279.7 0.467476
14281.9 0.473275
14284.1 0.47895
14286.3 0.484502
14288.5 0.489928
14290.7 0.495228
14292.9 0.500402
14295.2 0.505448
14297.4 0.510365
14299.6 0.515153
14301.8 0.519811
14304 0.524338
14306.2 0.528733
14308.4 0.532997
14310.7 0.537127
14312.9 0.541125
14315.1 0.544988
14317.3 0.548716
14319.5 0.55231
14321.7 0.555768
14323.9 0.55909
14326.1 0.562275
14328.4 0.565324
14330.6 0.568235
14332.8 0.571009
14335 0.573645
14337.2 0.576143
14339.4 0.578503
14341.6 0.580723
14343.9 0.582805
14346.1 0.584748
14348.3 0.586552
14350.5 0.588217
14352.7 0.589742
14354.9 0.591128
14357.1 0.592374
14359.3 0.59348
14361.6 0.594448
14363.8 0.595275
14366 0.595964
14368.2 0.596513
14370.4 0.596923
14372.6 0.597194
14374.8 0.597326
14377.1 0.59732
14379.3 0.597175
14381.5 0.596892
14383.7 0.596471
14385.9 0.595912
14388.1 0.595216
14390.3 0.594384
14392.5 0.593414
14394.8 0.592309
14397 0.591068
14399.2 0.589691
14401.4 0.58818
14403.6 0.586535
14405.8 0.584756
14408 0.582843
14410.3 0.580798
14412.5 0.578621
14414.7 0.576313
14416.9 0.573874
14419.1 0.571304
14421.3 0.568606
14423.5 0.565779
14425.7 0.562824
14428 0.559742
14430.2 0.556533
14432.4 0.553199
14434.6 0.549741
14436.8 0.546158
14439 0.542453
14441.2 0.538626
14443.4 0.534678
14445.7 0.530609
14447.9 0.526422
14450.1 0.522117
14452.3 0.517694
14454.5 0.513156
14456.7 0.508502
14458.9 0.503735
14461.2 0.498855
14463.4 0.493864
14465.6 0.488763
14467.8 0.483552
14470 0.478233
14472.2 0.472808
14474.4 0.467277
14476.6 0.461642
14478.9 0.455904
14481.1 0.450064
14483.3 0.444125
14485.5 0.438086
14487.7 0.431951
14489.9 0.425719
14492.1 0.419393
14494.4 0.412973
14496.6 0.406462
14498.8 0.399861
14501 0.393171
14503.2 0.386395
14505.4 0.379532
14507.6 0.372586
14509.8 0.365557
14512.1 0.358448
14514.3 0.35126
14516.5 0.343994
14518.7 0.336653
14520.9 0.329237
14523.1 0.32175
14525.3 0.314191
14527.6 0.306564
14529.8 0.29887
14532 0.291111
14534.2 0.283288
14536.4 0.275404
14538.6 0.26746
14540.8 0.259458
14543 0.2514
14545.3 0.243288
14547.5 0.235124
14549.7 0.226909
14551.9 0.218646
14554.1 0.210337
14556.3 0.201983
14558.5 0.193586
14560.8 0.18515
14563 0.176674
14565.2 0.168163
14567.4 0.159617
14569.6 0.151038
14571.8 0.14243
14574 0.133793
14576.2 0.12513
14578.5 0.116442
14580.7 0.107733
14582.9 0.099004
14585.1 0.0902572
14587.3 0.0814946
14589.5 0.0727185
14591.7 0.0639309
14594 0.0551342
14596.2 0.0463302
14598.4 0.0375213
14600.6 0.0287095
14602.8 0.0198971
14605 0.0110862
14607.2 0.00227883
14609.4 -0.00652272
14611.7 -0.0153163
14613.9 -0.0240997
14616.1 -0.0328708
14618.3 -0.0416275
14620.5 -0.0503675
14622.7 -0.0590887
14624.9 -0.067789
14627.2 -0.0764662
14629.4 -0.0851182
14631.6 -0.0937427
14633.8 -0.102338
14636 -0.110901
14638.2 -0.11943
14640.4 -0.127924
14642.6 -0.136379
14644.9 -0.144795
14647.1 -0.153168
14649.3 -0.161496
14651.5 -0.169779
14653.7 -0.178012
14655.9 -0.186196
14658.1 -0.194326
14660.4 -0.202402
14662.6 -0.210421
14664.8 -0.218382
14667 -0.226282
14669.2 -0.23412
14671.4 -0.241893
14673.6 -0.249599
14675.8 -0.257237
14678.1 -0.264805
14680.3 -0.272301
14682.5 -0.279722
14684.7 -0.287068
14686.9 -0.294336
14689.1 -0.301525
14691.3 -0.308633
14693.5 -0.315657
14695.8 -0.322597
14698 -0.329451
14700.2 -0.336217
14702.4 -0.342893
14704.6 -0.349478
14706.8 -0.35597
14709 -0.362367
14711.3 -0.368669
14713.5 -0.374874
14715.7 -0.380979
14717.9 -0.386984
14720.1 -0.392888
14722.3 -0.398689
14724.5 -0.404385
14726.7 -0.409975
14729 -0.415459
14731.2 -0.420834
14733.4 -0.4261
14735.6 -0.431256
14737.8 -0.436299
14740 -0.44123
14742.2 -0.446047
14744.5 -0.450749
14746.7 -0.455335
14748.9 -0.459805
14751.1 -0.464156
14753.3 -0.468389
14755.5 -0.472502
14757.7 -0.476494
14759.9 -0.480366
14762.2 -0.484116
14764.4 -0.487742
14766.6 -0.491246
14768.8 -0.494625
14771 -0.49788
14773.2 -0.50101
14775.4 -0.504014
14777.7 -0.506892
14779.9 -0.509643
14782.1 -0.512267
14784.3 -0.514763
14786.5 -0.517132
14788.7 -0.519372
14790.9 -0.521484
14793.1 -0.523467
14795.4 -0.525321
14797.6 -0.527046
14799.8 -0.528642
14802 -0.530108
14804.2 -0.531445
14806.4 -0.532652
14808.6 -0.533729
14810.9 -0.534677
14813.1 -0.535496
14815.3 -0.536185
14817.5 -0.536744
14819.7 -0.537175
14821.9 -0.537476
14824.1 -0.537649
14826.3 -0.537693
14828.6 -0.537609
14830.8 -0.537396
14833 -0.537057
14835.2 -0.536589
14837.4 -0.535995
14839.6 -0.535275
14841.8 -0.534429
14844.1 -0.533457
14846.3 -0.53236
14848.5 -0.531138
14850.7 -0.529793
14852.9 -0.528324
14855.1 -0.526733
14857.3 -0.52502
14859.5 -0.523185
14861.8 -0.52123
14864 -0.519155
14866.2 -0.516961
14868.4 -0.514649
14870.6 -0.512218
14872.8 -0.509672
14875 -0.507009
14877.3 -0.504232
14879.5 -0.50134
14881.7 -0.498335
14883.9 -0.495219
14886.1 -0.491991
14888.3 -0.488653
14890.5 -0.485206
14892.7 -0.48165
14895 -0.477988
14897.2 -0.47422
14899.4 -0.470347
14901.6 -0.466371
14903.8 -0.462292
14906 -0.458112
14908.2 -0.453831
14910.4 -0.449452
14912.7 -0.444975
14914.9 -0.440402
14917.1 -0.435733
14919.3 -0.430971
14921.5 -0.426117
14923.7 -0.421171
14925.9 -0.416136
14928.2 -0.411012
14930.4 -0.405801
14932.6 -0.400505
14934.8 -0.395124
14937 -0.389661
14939.2 -0.384116
14941.4 -0.378492
14943.6 -0.37279
14945.9 -0.36701
14948.1 -0.361156
14950.3 -0.355228
14952.5 -0.349227
14954.7 -0.343157
14956.9 -0.337017
14959.1 -0.33081
14961.4 -0.324537
14963.6 -0.3182
14965.8 -0.311801
14968 -0.30534
14970.2 -0.298821
14972.4 -0.292244
14974.6 -0.285612
14976.8 -0.278925
14979.1 -0.272186
14981.3 -0.265396
14983.5 -0.258558
14985.7 -0.251672
14987.9 -0.244741
14990.1 -0.237766
14992.3 -0.230749
14994.6 -0.223693
14996.8 -0.216597
14999 -0.209466
15001.2 -0.202299
15003.4 -0.1951
15005.6 -0.18787
15007.8 -0.18061
15010 -0.173323
15012.3 -0.16601
15014.5 -0.158673
15016.7 -0.151314
15018.9 -0.143935
15021.1 -0.136538
15023.3 -0.129124
15025.5 -0.121695
15027.8 -0.114253
15030 -0.106801
15032.2 -0.0993392
15034.4 -0.0918699
15036.6 -0.0843952
15038.8 -0.0769168
15041 -0.0694364
15043.2 -0.061956
15045.5 -0.0544772
15047.7 -0.0470021
15049.9 -0.0395324
15052.1 -0.0320697
15054.3 -0.024616
15056.5 -0.0171731
15058.7 -0.00974284
15061 -0.00232679
15063.2 0.00507322
15065.4 0.0124553
15067.6 0.0198178
15069.8 0.0271589
15072 0.0344771
15074.2 0.0417704
15076.4 0.0490371
15078.7 0.0562756
15080.9 0.0634843
15083.1 0.0706613
15085.3 0.0778051
15087.5 0.0849139
15089.7 0.0919863
15091.9 0.0990204
15094.2 0.106015
15096.4 0.112968
15098.6 0.119878
15100.8 0.126743
15103 0.133563
15105.2 0.140334
15107.4 0.147057
15109.6 0.153729
15111.9 0.160349
15114.1 0.166915
15116.3 0.173426
15118.5 0.179881
15120.7 0.186278
15122.9 0.192616
15125.1 0.198893
15127.4 0.205108
15129.6 0.211259
15131.8 0.217346
15134 0.223368
15136.2 0.229321
15138.4 0.235207
15140.6 0.241023
15142.8 0.246768
15145.1 0.252441
15147.3 0.258041
15149.5 0.263566
15151.7 0.269016
15153.9 0.27439
15156.1 0.279685
15158.3 0.284903
15160.5 0.29004
15162.8 0.295097
15165 0.300072
15167.2 0.304964
15169.4 0.309773
15171.6 0.314498
15173.8 0.319137
15176 0.32369
15178.3 0.328156
15180.5 0.332534
15182.7 0.336823
15184.9 0.341023
15187.1 0.345133
15189.3 0.349152
15191.5 0.353079
15193.7 0.356914
15196 0.360656
15198.2 0.364305
15200.4 0.367859
15202.6 0.371319
15204.8 0.374684
15207 0.377953
15209.2 0.381125
15211.5 0.384201
15213.7 0.387179
15215.9 0.39006
15218.1 0.392843
15220.3 0.395527
15222.5 0.398112
15224.7 0.400598
15226.9 0.402984
15229.2 0.405271
15231.4 0.407457
15233.6 0.409543
15235.8 0.411528
15238 0.413413
15240.2 0.415196
15242.4 0.416878
15244.7 0.418459
15246.9 0.419938
15249.1 0.421315
15251.3 0.422591
15253.5 0.423765
15255.7 0.424837
15257.9 0.425807
15260.1 0.426675
15262.4 0.427442
15264.6 0.428106
15266.8 0.428669
15269 0.42913
15271.2 0.42949
15273.4 0.429748
15275.6 0.429904
15277.9 0.42996
15280.1 0.429914
15282.3 0.429768
15284.5 0.429521
15286.7 0.429174
15288.9 0.428726
15291.1 0.428179
15293.3 0.427532
15295.6 0.426787
15297.8 0.425942
15300 0.424999
15302.2 0.423958
15304.4 0.422819
15306.6 0.421583
15308.8 0.42025
15311.1 0.418821
15313.3 0.417295
15315.5 0.415675
15317.7 0.413959
15319.9 0.41215
15322.1 0.410246
15324.3 0.408249
15326.5 0.40616
15328.8 0.403978
15331 0.401706
15333.2 0.399342
15335.4 0.396888
15337.6 0.394345
15339.8 0.391714
15342 0.388994
15344.3 0.386187
15346.5 0.383294
15348.7 0.380315
15350.9 0.37725
15353.1 0.374102
15355.3 0.370871
15357.5 0.367557
15359.7 0.364162
15362 0.360685
15364.2 0.357129
15366.4 0.353494
15368.6 0.349781
15370.8 0.345991
15373 0.342125
15375.2 0.338184
15377.5 0.334169
15379.7 0.33008
15381.9 0.325919
15384.1 0.321688
15386.3 0.317386
15388.5 0.313015
15390.7 0.308576
15392.9 0.304071
15395.2 0.2995
15397.4 0.294864
15399.6 0.290165
15401.8 0.285403
15404 0.280581
15406.2 0.275698
15408.4 0.270757
15410.6 0.265758
15412.9 0.260702
15415.1 0.255592
15417.3 0.250428
15419.5 0.245211
15421.7 0.239942
15423.9 0.234624
15426.1 0.229257
15428.4 0.223842
15430.6 0.218381
15432.8 0.212875
15435 0.207326
15437.2 0.201734
15439.4 0.196102
15441.6 0.19043
15443.8 0.18472
15446.1 0.178974
15448.3 0.173192
15450.5 0.167376
15452.7 0.161527
15454.9 0.155647
15457.1 0.149738
15459.3 0.1438
15461.6 0.137836
15463.8 0.131846
15466 0.125832
15468.2 0.119796
15470.4 0.113738
15472.6 0.107661
15474.8 0.101566
15477 0.0954543
15479.3 0.0893274
15481.5 0.0831868
15483.7 0.0770341
15485.9 0.0708706
15488.1 0.0646979
15490.3 0.0585176
15492.5 0.052331
15494.8 0.0461396
15497 0.0399451
15499.2 0.0337489
15501.4 0.0275524
15503.6 0.0213572
15505.8 0.0151648
15508 0.0089767
15510.2 0.00279441
15512.5 -0.00338064
15514.7 -0.00954695
15516.9 -0.015703
15519.1 -0.0218472
15521.3 -0.0279781
15523.5 -0.0340945
15525.7 -0.0401945
15528 -0.0462769
15530.2 -0.0523401
15532.4 -0.0583827
15534.6 -0.0644032
15536.8 -0.0704002
15539 -0.0763722
15541.2 -0.0823177
15543.4 -0.0882355
15545.7 -0.0941239
15547.9 -0.0999816
15550.1 -0.105807
15552.3 -0.111599
15554.5 -0.117357
15556.7 -0.123078
15558.9 -0.128761
15561.2 -0.134405
15563.4 -0.140009
15565.6 -0.145571
15567.8 -0.15109
15570 -0.156565
15572.2 -0.161994
15574.4 -0.167377
15576.6 -0.172711
15578.9 -0.177995
15581.1 -0.183229
15583.3 -0.188411
15585.5 -0.19354
15587.7 -0.198614
15589.9 -0.203633
15592.1 -0.208595
15594.4 -0.2135
15596.6 -0.218345
15598.8 -0.22313
15601 -0.227854
15603.2 -0.232516
15605.4 -0.237114
15607.6 -0.241648
15609.8 -0.246116
15612.1 -0.250518
15614.3 -0.254852
15616.5 -0.259118
15618.7 -0.263315
15620.9 -0.267441
15623.1 -0.271496
15625.3 -0.275479
15627.5 -0.279389
15629.8 -0.283225
15632 -0.286987
15634.2 -0.290673
15636.4 -0.294283
15638.6 -0.297816
15640.8 -0.301271
15643 -0.304647
15645.3 -0.307944
15647.5 -0.311162
15649.7 -0.314299
15651.9 -0.317355
15654.1 -0.320329
15656.3 -0.323221
15658.5 -0.32603
15660.7 -0.328756
15663 -0.331398
15665.2 -0.333955
15667.4 -0.336428
15669.6 -0.338815
15671.8 -0.341116
15674 -0.343332
15676.2 -0.345461
15678.5 -0.347503
15680.7 -0.349458
15682.9 -0.351325
15685.1 -0.353104
15687.3 -0.354796
15689.5 -0.356399
15691.7 -0.357914
15693.9 -0.359341
15696.2 -0.360678
15698.4 -0.361926
15700.6 -0.363086
15702.8 -0.364156
15705 -0.365137
15707.2 -0.366029
15709.4 -0.366831
15711.7 -0.367545
15713.9 -0.368169
15716.1 -0.368703
15718.3 -0.369149
15720.5 -0.369505
15722.7 -0.369772
15724.9 -0.369951
15727.1 -0.370041
15729.4 -0.370042
15731.6 -0.369955
15733.8 -0.36978
15736 -0.369517
15738.2 -0.369167
15740.4 -0.368729
15742.6 -0.368204
15744.9 -0.367593
15747.1 -0.366895
15749.3 -0.366111
15751.5 -0.365242
15753.7 -0.364287
15755.9 -0.363248
15758.1 -0.362124
15760.3 -0.360916
15762.6 -0.359626
15764.8 -0.358252
15767 -0.356796
15769.2 -0.355258
15771.4 -0.353638
15773.6 -0.351939
15775.8 -0.350159
15778.1 -0.348299
15780.3 -0.346361
15782.5 -0.344345
15784.7 -0.342251
15786.9 -0.34008
15789.1 -0.337833
15791.3 -0.335511
15793.5 -0.333114
15795.8 -0.330643
15798 -0.328099
15800.2 -0.325483
15802.4 -0.322795
15804.6 -0.320036
15806.8 -0.317207
15809 -0.314309
15811.3 -0.311343
15813.5 -0.30831
15815.7 -0.30521
15817.9 -0.302045
15820.1 -0.298815
15822.3 -0.295521
15824.5 -0.292164
15826.7 -0.288746
15829 -0.285266
15831.2 -0.281727
15833.4 -0.278129
15835.6 -0.274473
15837.8 -0.27076
15840 -0.266992
15842.2 -0.263168
15844.5 -0.259291
15846.7 -0.255361
15848.9 -0.25138
15851.1 -0.247348
15853.3 -0.243266
15855.5 -0.239136
15857.7 -0.234959
15859.9 -0.230736
15862.2 -0.226468
15864.4 -0.222156
15866.6 -0.217802
15868.8 -0.213406
15871 -0.208969
15873.2 -0.204494
15875.4 -0.19998
15877.6 -0.19543
15879.9 -0.190844
15882.1 -0.186223
15884.3 -0.18157
15886.5 -0.176884
15888.7 -0.172167
15890.9 -0.167421
15893.1 -0.162647
15895.4 -0.157845
15897.6 -0.153018
15899.8 -0.148166
15902 -0.14329
15904.2 -0.138393
15906.4 -0.133474
15908.6 -0.128536
15910.8 -0.123579
15913.1 -0.118605
15915.3 -0.113615
15917.5 -0.10861
15919.7 -0.103592
15921.9 -0.098562
15924.1 -0.0935209
15926.3 -0.0884701
15928.6 -0.0834108
15930.8 -0.0783443
15933 -0.073272
15935.2 -0.068195
15937.4 -0.0631145
15939.6 -0.0580317
15941.8 -0.052948
15944 -0.0478646
15946.3 -0.0427828
15948.5 -0.0377036
15950.7 -0.0326283
15952.9 -0.0275583
15955.1 -0.0224947
15957.3 -0.0174386
15959.5 -0.0123913
15961.8 -0.00735402
15964 -0.002328
15966.2 0.0026857
15968.4 0.00768588
15970.6 0.0126713
15972.8 0.0176408
15975 0.0225932
15977.2 0.0275275
15979.5 0.0324425
15981.7 0.0373369
15983.9 0.0422097
15986.1 0.0470598
15988.3 0.0518861
15990.5 0.0566875
15992.7 0.0614628
15995 0.066211
15997.2 0.0709312
15999.4 0.075622
16001.6 0.0802826
16003.8 0.0849119
16006 0.0895088
16008.2 0.0940725
16010.4 0.0986017
16012.7 0.103096
16014.9 0.107553
16017.1 0.111974
16019.3 0.116356
16021.5 0.120698
16023.7 0.125001
16025.9 0.129263
16028.2 0.133483
16030.4 0.137659
16032.6 0.141793
16034.8 0.145881
16037 0.149925
16039.2 0.153921
16041.4 0.157871
16043.6 0.161773
16045.9 0.165627
16048.1 0.16943
16050.3 0.173184
16052.5 0.176886
16054.7 0.180537
16056.9 0.184136
16059.1 0.187681
16061.4 0.191172
16063.6 0.194609
16065.8 0.197991
16068 0.201317
16070.2 0.204586
16072.4 0.207799
16074.6 0.210953
16076.8 0.21405
16079.1 0.217087
16081.3 0.220066
16083.5 0.222984
16085.7 0.225842
16087.9 0.228639
16090.1 0.231375
16092.3 0.234048
16094.5 0.23666
16096.8 0.239208
16099 0.241693
16101.2 0.244115
16103.4 0.246473
16105.6 0.248766
16107.8 0.250994
16110 0.253157
16112.3 0.255255
16114.5 0.257287
16116.7 0.259253
16118.9 0.261153
16121.1 0.262986
16123.3 0.264752
16125.5 0.266451
16127.7 0.268083
16130 0.269647
16132.2 0.271144
16134.4 0.272572
16136.6 0.273933
16138.8 0.275225
16141 0.276449
16143.2 0.277605
16145.5 0.278692
16147.7 0.27971
16149.9 0.28066
16152.1 0.281541
16154.3 0.282353
16156.5 0.283097
16158.7 0.283771
16160.9 0.284377
16163.2 0.284914
16165.4 0.285382
16167.6 0.285782
16169.8 0.286113
16172 0.286376
16174.2 0.28657
16176.4 0.286696
16178.7 0.286753
16180.9 0.286743
16183.1 0.286665
16185.3 0.286519
16187.5 0.286305
16189.7 0.286024
16191.9 0.285676
16194.1 0.285261
16196.4 0.28478
16198.6 0.284232
16200.8 0.283618
16203 0.282938
16205.2 0.282193
16207.4 0.281382
16209.6 0.280507
16211.9 0.279567
16214.1 0.278562
16216.3 0.277494
16218.5 0.276363
16220.7 0.275168
16222.9 0.27391
16225.1 0.272591
16227.3 0.271209
16229.6 0.269766
16231.8 0.268262
16234 0.266698
16236.2 0.265074
16238.4 0.26339
16240.6 0.261647
16242.8 0.259846
16245.1 0.257986
16247.3 0.256069
16249.5 0.254096
16251.7 0.252066
16253.9 0.24998
16256.1 0.247839
16258.3 0.245644
16260.5 0.243395
16262.8 0.241092
16265 0.238736
16267.2 0.236329
16269.4 0.23387
16271.6 0.231361
16273.8 0.228801
16276 0.226192
16278.3 0.223534
16280.5 0.220828
16282.7 0.218075
16284.9 0.215276
16287.1 0.21243
16289.3 0.209539
16291.5 0.206604
16293.7 0.203626
16296 0.200605
16298.2 0.197541
16300.4 0.194437
16302.6 0.191291
16304.8 0.188107
16307 0.184883
16309.2 0.181621
16311.5 0.178322
16313.7 0.174987
16315.9 0.171616
16318.1 0.168211
16320.3 0.164772
16322.5 0.161299
16324.7 0.157795
16326.9 0.154259
16329.2 0.150693
16331.4 0.147098
16333.6 0.143474
16335.8 0.139822
16338 0.136143
16340.2 0.132439
16342.4 0.12871
16344.6 0.124957
16346.9 0.12118
16349.1 0.117382
16351.3 0.113562
16353.5 0.109722
16355.7 0.105862
16357.9 0.101985
16360.1 0.0980894
16362.4 0.0941776
16364.6 0.0902503
16366.8 0.0863084
16369 0.0823529
16371.2 0.0783847
16373.4 0.0744048
16375.6 0.0704143
16377.8 0.0664139
16380.1 0.0624048
16382.3 0.0583878
16384.5 0.054364
16386.7 0.0503343
16388.9 0.0462998
16391.1 0.0422612
16393.3 0.0382198
16395.6 0.0341764
16397.8 0.0301321
16400 0.0260876
16402.2 0.0220441
16404.4 0.0180026
16406.6 0.0139639
16408.8 0.00992909
16411 0.00589906
16413.3 0.00187487
16415.5 -0.00214254
16417.7 -0.00615229
16419.9 -0.0101534
16422.1 -0.0141449
16424.3 -0.0181258
16426.5 -0.0220951
16428.8 -0.0260521
16431 -0.0299957
16433.2 -0.0339248
16435.4 -0.0378388
16437.6 -0.0417366
16439.8 -0.0456173
16442 -0.04948
16444.2 -0.0533237
16446.5 -0.0571476
16448.7 -0.0609509
16450.9 -0.0647325
16453.1 -0.0684916
16455.3 -0.0722273
16457.5 -0.0759389
16459.7 -0.0796253
16462 -0.0832857
16464.2 -0.0869194
16466.4 -0.0905254
16468.6 -0.094103
16470.8 -0.0976512
16473 -0.101169
16475.2 -0.104657
16477.4 -0.108112
16479.7 -0.111535
16481.9 -0.114925
16484.1 -0.11828
16486.3 -0.121601
16488.5 -0.124887
16490.7 -0.128136
16492.9 -0.131348
16495.2 -0.134522
16497.4 -0.137658
16499.6 -0.140755
16501.8 -0.143811
16504 -0.146828
16506.2 -0.149803
16508.4 -0.152737
16510.6 -0.155628
16512.9 -0.158475
16515.1 -0.16128
16517.3 -0.16404
16519.5 -0.166755
16521.7 -0.169424
16523.9 -0.172048
16526.1 -0.174625
16528.4 -0.177155
16530.6 -0.179637
16532.8 -0.182071
16535 -0.184457
16537.2 -0.186793
16539.4 -0.18908
16541.6 -0.191317
16543.8 -0.193503
16546.1 -0.195638
16548.3 -0.197722
16550.5 -0.199754
16552.7 -0.201735
16554.9 -0.203662
16557.1 -0.205537
16559.3 -0.207358
16561.5 -0.209126
16563.8 -0.21084
16566 -0.2125
16568.2 -0.214105
16570.4 -0.215656
16572.6 -0.217152
16574.8 -0.218592
16577 -0.219977
16579.3 -0.221306
16581.5 -0.222579
16583.7 -0.223796
16585.9 -0.224957
16588.1 -0.226062
16590.3 -0.22711
16592.5 -0.228101
16594.7 -0.229036
16597 -0.229913
16599.2 -0.230734
16601.4 -0.231497
16603.6 -0.232204
16605.8 -0.232853
16608 -0.233445
16610.2 -0.23398
16612.5 -0.234458
16614.7 -0.234878
16616.9 -0.235241
16619.1 -0.235548
16621.3 -0.235797
16623.5 -0.235989
16625.7 -0.236124
16627.9 -0.236203
16630.2 -0.236225
16632.4 -0.23619
16634.6 -0.236099
16636.8 -0.235952
16639 -0.235748
16641.2 -0.235489
16643.4 -0.235174
16645.7 -0.234804
16647.9 -0.234378
16650.1 -0.233897
16652.3 -0.233362
16654.5 -0.232772
16656.7 -0.232128
16658.9 -0.23143
16661.1 -0.230678
16663.4 -0.229873
16665.6 -0.229015
16667.8 -0.228104
16670 -0.227141
16672.2 -0.226126
16674.4 -0.22506
16676.6 -0.223942
16678.9 -0.222774
16681.1 -0.221555
16683.3 -0.220287
16685.5 -0.218969
16687.7 -0.217602
16689.9 -0.216186
16692.1 -0.214722
16694.1 -0.213365
16696.1 -0.21197
16698.1 -0.210537
16700.1 -0.209067
16702.1 -0.207559
16704.1 -0.206015
16706.1 -0.204435
16708.1 -0.202819
16710 -0.201167
16712 -0.19948
16714 -0.197759
16716 -0.196003
16718 -0.194214
16720 -0.192391
16722 -0.190535
16724 -0.188646
16726 -0.186726
16728 -0.184774
16729.9 -0.182791
16731.9 -0.180777
16733.9 -0.178733
16735.9 -0.176659
16737.9 -0.174556
16739.9 -0.172425
16741.9 -0.170265
16743.9 -0.168077
16745.9 -0.165862
16747.9 -0.16362
16749.8 -0.161352
16751.8 -0.159058
16753.8 -0.156739
16755.8 -0.154395
16757.8 -0.152027
16759.8 -0.149635
16761.8 -0.14722
16763.8 -0.144783
16765.8 -0.142323
16767.8 -0.139842
16769.7 -0.13734
16771.7 -0.134818
16773.7 -0.132275
16775.7 -0.129713
16777.7 -0.127133
16779.7 -0.124534
16781.7 -0.121917
16783.7 -0.119284
16785.7 -0.116633
16787.7 -0.113967
16789.7 -0.111285
16791.6 -0.108589
16793.6 -0.105878
16795.6 -0.103154
16797.6 -0.100416
16799.6 -0.0976656
16801.6 -0.0949034
16803.6 -0.0921297
16805.6 -0.0893451
16807.6 -0.0865501
16809.6 -0.0837456
16811.5 -0.080932
16813.6 -0.0780141
16815.7 -0.0750876
16817.7 -0.0721534
16819.8 -0.0692119
16821.8 -0.0662639
16823.9 -0.0633099
16825.9 -0.0603505
16828 -0.0573864
16830.1 -0.0544184
16832.1 -0.051447
16834.2 -0.0484727
16836.2 -0.0454962
16838.3 -0.0425183
16840.3 -0.0395396
16842.4 -0.0365605
16844.5 -0.0335817
16846.5 -0.030604
16848.6 -0.0276278
16850.6 -0.024654
16852.7 -0.0216829
16854.8 -0.0187152
16856.8 -0.0157516
16858.9 -0.0127928
16860.9 -0.00983917
16863 -0.00689139
16865 -0.00395007
16867.1 -0.00101588
16869.2 0.00191062
16871.2 0.00482891
16873.3 0.00773841
16875.3 0.0106385
16877.4 0.0135285
16879.4 0.0164079
16881.5 0.0192763
16883.6 0.0221329
16885.6 0.0249773
16887.7 0.0278088
16889.7 0.030627
16891.8 0.0334312
16893.8 0.036221
16895.9 0.0389958
16898 0.041755
16900 0.0444981
16902.1 0.0472248
16904.1 0.0499342
16906.2 0.052626
16908.2 0.0552997
16910.3 0.0579548
16912.4 0.0605908
16914.4 0.0632071
16916.5 0.0658033
16918.5 0.0683789
16920.6 0.0709335
16922.6 0.0734665
16924.7 0.0759776
16926.8 0.0784661
16928.8 0.0809318
16930.9 0.0833742
16932.9 0.0857928
16935 0.0881871
16937.1 0.0905568
16939.1 0.0929014
16941.2 0.0952207
16943.2 0.097514
16945.3 0.099781
16947.3 0.102021
16949.4 0.104235
16951.5 0.106421
16953.5 0.108579
16955.6 0.110709
16957.6 0.11281
16959.7 0.114883
16961.7 0.116926
16963.8 0.11894
16965.9 0.120923
16967.9 0.122877
16970 0.1248
16972 0.126692
16974.1 0.128554
16976.1 0.130383
16978.2 0.132181
16980.3 0.133947
16982.3 0.135681
16984.4 0.137382
16986.4 0.139051
16988.5 0.140686
16990.5 0.142288
16992.6 0.143857
16994.7 0.145391
16996.7 0.146892
16998.8 0.148359
17000.8 0.149791
17002.9 0.151189
17005 0.152552
17007 0.15388
17009.1 0.155172
17011.1 0.15643
17013.2 0.157652
17015.2 0.158838
17017.3 0.159989
17019.4 0.161103
17021.4 0.162182
17023.5 0.163225
17025.5 0.164231
17027.6 0.165201
17029.6 0.166134
17031.7 0.167031
17033.8 0.167891
17035.8 0.168714
17037.9 0.169501
17039.9 0.170251
17042 0.170964
17044 0.171639
17046.1 0.172278
17048.2 0.17288
17050.2 0.173444
17052.3 0.173972
17054.3 0.174462
17056.4 0.174916
17058.4 0.175332
17060.5 0.175711
17062.6 0.176053
17064.6 0.176358
17066.7 0.176625
17068.7 0.176856
17070.8 0.17705
17072.8 0.177207
17074.9 0.177327
17077 0.17741
17079 0.177457
17081.1 0.177467
17083.1 0.177441
17085.2 0.177378
17087.3 0.177278
17089.3 0.177143
17091.4 0.176971
17093.4 0.176763
17095.5 0.17652
17097.5 0.17624
17099.6 0.175925
17101.7 0.175575
17103.7 0.175189
17105.8 0.174769
17107.8 0.174313
17109.9 0.173822
17111.9 0.173297
17114.1 0.172717
17116.2 0.172101
17118.3 0.171449
17120.5 0.17076
17122.6 0.170036
17124.7 0.169275
17126.8 0.16848
17129 0.167649
17131.1 0.166783
17133.2 0.165882
17135.3 0.164947
17137.5 0.163978
17139.6 0.162975
17141.7 0.161939
17143.9 0.160869
17146 0.159767
17148.1 0.158631
17150.2 0.157464
17152.4 0.156264
17154.5 0.155033
17156.6 0.153771
17158.8 0.152477
17160.9 0.151153
17163 0.149798
17165.1 0.148414
17167.3 0.147
17169.4 0.145557
17171.5 0.144085
17173.7 0.142585
17175.8 0.141057
17177.9 0.139501
17180 0.137918
17182.2 0.136307
17184.3 0.134671
17186.4 0.133008
17188.5 0.13132
17190.7 0.129607
17192.8 0.127869
17194.9 0.126106
17197.1 0.12432
17199.2 0.12251
17201.3 0.120677
17203.4 0.118821
17205.6 0.116944
17207.7 0.115044
17209.8 0.113124
17212 0.111182
17214.1 0.109221
17216.2 0.107239
17218.3 0.105239
17220.5 0.103219
17222.6 0.101181
17224.7 0.0991248
17226.8 0.0970514
17229 0.094961
17231.1 0.0928541
17233.2 0.0907313
17235.4 0.0885931
17237.5 0.0864399
17239.6 0.0842722
17241.7 0.0820906
17243.9 0.0798955
17246 0.0776875
17248.1 0.075467
17250.3 0.0732346
17252.4 0.0709909
17254.5 0.0687362
17256.6 0.0664712
17258.8 0.0641962
17260.9 0.061912
17263 0.059619
17265.2 0.0573177
17267.3 0.0550085
17269.4 0.0526921
17271.5 0.0503691
17273.7 0.0480399
17275.8 0.0457049
17277.9 0.0433648
17280 0.0410201
17282.2 0.0386714
17284.3 0.0363191
17286.4 0.0339637
17288.6 0.0316058
17290.7 0.029246
17292.8 0.0268847
17294.9 0.0245225
17297.1 0.0221598
17299.2 0.0197973
17301.3 0.0174355
17303.5 0.0150748
17305.6 0.0127158
17307.7 0.010359
17309.8 0.00800497
17312 0.00565421
17314.1 0.00330717
17316.2 0.000964388
17318.3 -0.00137358
17320.5 -0.00370621
17322.6 -0.00603304
17324.7 -0.00835359
17326.9 -0.0106673
17329 -0.0129737
17331.1 -0.0152722
17333.2 -0.0175625
17335.4 -0.0198439
17337.5 -0.0221161
17339.6 -0.0243783
17341.8 -0.0266304
17343.9 -0.0288717
17346 -0.0311018
17348.1 -0.0333201
17350.3 -0.0355262
17352.4 -0.0377197
17354.5 -0.0399001
17356.7 -0.0420668
17358.8 -0.0442196
17360.9 -0.0463578
17363 -0.0484811
17365.2 -0.0505891
17367.3 -0.0526811
17369.4 -0.0547569
17371.5 -0.0568161
17373.7 -0.0588581
17375.8 -0.0608826
17377.9 -0.0628891
17380.1 -0.0648772
17382.2 -0.0668466
17384.3 -0.0687968
17386.4 -0.0707274
17388.6 -0.072638
17390.7 -0.0745282
17392.8 -0.0763978
17395 -0.0782462
17397.1 -0.0800731
17399.2 -0.0818782
17401.3 -0.0836611
17403.5 -0.0854214
17405.6 -0.0871588
17407.7 -0.0888729
17409.8 -0.0905635
17412 -0.0922301
17414.1 -0.0938726
17416.2 -0.0954904
17418.4 -0.0970834
17420.5 -0.0986513
17422.6 -0.100194
17424.7 -0.10171
17426.9 -0.103201
17429 -0.104665
17431.1 -0.106103
17433.3 -0.107514
17435.4 -0.108897
17437.5 -0.110254
17439.6 -0.111583
17441.8 -0.112884
17443.9 -0.114156
17446 -0.115401
17448.2 -0.116617
17450.3 -0.117805
17452.4 -0.118963
17454.5 -0.120092
17456.7 -0.121192
17458.8 -0.122263
17460.9 -0.123304
17463 -0.124315
17465.2 -0.125296
17467.3 -0.126247
17469.4 -0.127168
17471.6 -0.128059
17473.7 -0.128918
17475.8 -0.129748
17477.9 -0.130546
17480.1 -0.131314
17482.2 -0.13205
17484.3 -0.132756
17486.5 -0.13343
17488.6 -0.134073
17490.7 -0.134685
17492.8 -0.135266
17495 -0.135815
17497.1 -0.136333
17499.2 -0.136819
17501.3 -0.137273
17503.5 -0.137696
17505.6 -0.138088
17507.7 -0.138448
17509.9 -0.138776
17512 -0.139073
17514.1 -0.139338
17516.2 -0.139572
17518.4 -0.139774
17520.5 -0.139944
17522.6 -0.140084
17524.8 -0.140191
17526.9 -0.140268
17529 -0.140313
17531.1 -0.140327
17533.3 -0.14031
17535.4 -0.140261
17537.5 -0.140182
17539.7 -0.140072
17541.8 -0.139931
17543.9 -0.13976
17546 -0.139558
17548.2 -0.139325
17550.3 -0.139063
17552.4 -0.13877
17554.5 -0.138447
17556.7 -0.138094
17558.8 -0.137712
17560.9 -0.1373
17563.1 -0.136859
17565.2 -0.136389
17567.3 -0.135889
17569.4 -0.135361
17571.6 -0.134804
17573.7 -0.134219
17575.8 -0.133606
17578 -0.132965
17580.1 -0.132296
17582.2 -0.131599
17584.3 -0.130876
17586.5 -0.130125
17588.6 -0.129347
17590.7 -0.128543
17592.9 -0.127712
17595 -0.126856
17597.1 -0.125973
17599.2 -0.125065
17601.4 -0.124132
17603.5 -0.123174
17605.6 -0.122192
17607.7 -0.121185
17609.9 -0.120154
17612 -0.119099
17614.2 -0.117983
17616.4 -0.116842
17618.6 -0.115678
17620.8 -0.114489
17623 -0.113276
17625.2 -0.11204
17627.4 -0.110781
17629.6 -0.1095
17631.8 -0.108196
17634 -0.10687
17636.2 -0.105523
17638.4 -0.104155
17640.6 -0.102766
17642.8 -0.101357
17645 -0.0999279
17647.2 -0.0984794
17649.4 -0.0970119
17651.6 -0.0955257
17653.8 -0.0940213
17656 -0.092499
17658.2 -0.0909593
17660.4 -0.0894028
17662.6 -0.0878296
17664.8 -0.0862403
17667 -0.0846353
17669.2 -0.0830151
17671.4 -0.0813801
17673.6 -0.0797306
17675.8 -0.0780673
17678 -0.0763905
17680.2 -0.0747007
17682.4 -0.0729982
17684.6 -0.0712836
17686.8 -0.0695574
17689 -0.0678199
17691.2 -0.0660716
17693.4 -0.0643129
17695.6 -0.0625444
17697.8 -0.0607666
17700 -0.0589797
17702.2 -0.0571843
17704.4 -0.0553808
17706.6 -0.0535699
17708.8 -0.0517518
17711 -0.049927
17713.2 -0.048096
17715.4 -0.0462592
17717.6 -0.0444173
17719.8 -0.0425704
17722 -0.0407192
17724.2 -0.038864
17726.4 -0.0370055
17728.6 -0.035144
17730.8 -0.0332798
17733 -0.0314136
17735.2 -0.0295458
17737.4 -0.0276769
17739.6 -0.0258071
17741.8 -0.0239371
17744 -0.0220673
17746.2 -0.0201981
17748.4 -0.01833
17750.6 -0.0164633
17752.8 -0.0145986
17755 -0.0127363
17757.3 -0.0108769
17759.5 -0.00902063
17761.7 -0.00716809
17763.9 -0.00531972
17766.1 -0.0034759
17768.3 -0.001637
17770.5 0.000196517
17772.7 0.00202417
17774.9 0.00384556
17777.1 0.00566035
17779.3 0.00746813
17781.5 0.00926841
17783.7 0.0110608
17785.9 0.0128449
17788.1 0.0146204
17790.3 0.0163869
17792.5 0.0181438
17794.7 0.0198909
17796.9 0.0216279
17799.1 0.0233543
17801.3 0.0250696
17803.5 0.0267736
17805.7 0.0284659
17807.9 0.0301463
17810.1 0.0318141
17812.3 0.0334691
17814.5 0.035111
17816.7 0.0367395
17818.9 0.0383542
17821.1 0.0399546
17823.3 0.0415406
17825.5 0.0431118
17827.7 0.0446679
17829.9 0.0462085
17832.1 0.0477333
17834.3 0.0492421
17836.5 0.0507346
17838.7 0.0522103
17840.9 0.053669
17843.1 0.0551105
17845.3 0.0565346
17847.5 0.0579407
17849.7 0.0593288
17851.9 0.0606985
17854.1 0.0620496
17856.3 0.0633819
17858.5 0.064695
17860.7 0.0659887
17862.9 0.0672628
17865.1 0.0685171
17867.3 0.0697513
17869.5 0.0709651
17871.7 0.0721585
17873.9 0.0733312
17876.1 0.0744829
17878.3 0.0756134
17880.5 0.0767225
17882.7 0.0778102
17884.9 0.0788762
17887.1 0.0799202
17889.3 0.0809421
17891.5 0.0819418
17893.7 0.0829192
17895.9 0.0838739
17898.1 0.0848059
17900.3 0.0857151
17902.5 0.0866013
17904.7 0.0874643
17906.9 0.088304
17909.1 0.0891204
17911.3 0.0899132
17913.5 0.0906825
17915.7 0.091428
17917.9 0.0921496
17920.1 0.0928474
17922.3 0.0935212
17924.5 0.0941708
17926.7 0.0947963
17928.9 0.0953975
17931.1 0.0959744
17933.3 0.096527
17935.5 0.0970551
17937.7 0.0975588
17939.9 0.0980379
17942.1 0.0984926
17944.3 0.0989226
17946.5 0.0993279
17948.7 0.0997087
17950.9 0.100065
17953.1 0.100396
17955.3 0.100703
17957.5 0.100985
17959.7 0.101243
17961.9 0.101476
17964.1 0.101684
17966.3 0.101867
17968.5 0.102026
17970.7 0.102161
17972.9 0.102271
17975.1 0.102357
17977.3 0.102418
17979.5 0.102455
17981.7 0.102467
17983.9 0.102456
17986.1 0.10242
17988.3 0.10236
17990.5 0.102276
17992.7 0.102168
17994.9 0.102037
17997.1 0.101882
17999.3 0.101703
18001.5 0.101501
18003.7 0.101275
18005.9 0.101026
18008.1 0.100754
18010.3 0.100459
18012.5 0.100141
18014.7 0.0997998
18016.9 0.0994365
18019.1 0.0990507
18021.3 0.0986425
18023.5 0.0982123
18025.7 0.09776
18027.9 0.097286
18030.1 0.0967902
18032.3 0.0962729
18034.5 0.0957344
18036.7 0.0951748
18038.9 0.0945942
18041.1 0.0939928
18043.3 0.0933709
18045.5 0.0927287
18047.7 0.0920663
18049.9 0.091384
18052.1 0.0906819
18054.4 0.0899603
18056.6 0.0892195
18058.8 0.0884595
18061 0.0876807
18063.2 0.0868833
18065.4 0.0860675
18067.6 0.0852336
18069.8 0.0843817
18072 0.0835122
18074.2 0.0826253
18076.4 0.0817212
18078.6 0.0808002
18080.8 0.0798626
18083 0.0789086
18085.2 0.0779385
18087.4 0.0769524
18089.6 0.0759508
18091.8 0.074934
18094 0.0739021
18096.2 0.0728554
18098.4 0.0717942
18100.6 0.0707188
18102.8 0.0696296
18105 0.0685268
18107.2 0.0674106
18109.4 0.0662813
18111.6 0.0651394
18113.8 0.0639851
18116 0.0628186
18118.2 0.0616402
18120.4 0.0604504
18122.6 0.0592494
18124.8 0.0580374
18127 0.0568149
18129.2 0.0555821
18131.4 0.0543393
18133.6 0.0530869
18135.8 0.0518251
18138 0.0505544
18140.2 0.049275
18142.4 0.0479872
18144.6 0.0466913
18146.8 0.0453878
18149 0.0440769
18151.2 0.0427589
18153.4 0.0414342
18155.6 0.040103
18157.8 0.0387658
18160 0.0374229
18162.2 0.0360745
18164.4 0.0347211
18166.6 0.0333629
18168.8 0.0320003
18171 0.0306337
18173.2 0.0292632
18175.4 0.0278894
18177.6 0.0265125
18179.8 0.0251329
18182 0.0237508
18184.2 0.0223666
18186.4 0.0209807
18188.6 0.0195935
18190.8 0.0182051
18193 0.0168159
18195.2 0.0154264
18197.4 0.0140368
18199.6 0.0126474
18201.8 0.0112586
18204 0.00987065
18206.2 0.00848401
18208.4 0.00709893
18210.6 0.0057157
18212.8 0.00433467
18215 0.0029562
18217.2 0.00158062
18219.4 0.000208184
18221.6 -0.00116078
18223.8 -0.00252591
18226 -0.00388687
18228.2 -0.00524339
18230.4 -0.00659519
18232.6 -0.00794192
18234.8 -0.00928322
18237 -0.0106188
18239.2 -0.0119485
18241.4 -0.0132719
18243.6 -0.0145886
18245.8 -0.0158984
18248 -0.0172011
18250.2 -0.0184963
18252.4 -0.0197836
18254.6 -0.0210629
18256.8 -0.0223339
18259 -0.0235962
18261.2 -0.0248496
18263.4 -0.0260938
18265.6 -0.0273285
18267.8 -0.0285535
18270 -0.0297685
18272.2 -0.0309732
18274.4 -0.0321673
18276.6 -0.0333506
18278.8 -0.0345229
18281 -0.0356839
18283.2 -0.0368332
18285.4 -0.0379708
18287.6 -0.0390963
18289.8 -0.0402095
18292 -0.0413102
18294.2 -0.042398
18296.4 -0.043473
18298.6 -0.0445347
18300.8 -0.0455829
18303 -0.0466175
18305.2 -0.0476382
18307.4 -0.0486449
18309.6 -0.0496372
18311.8 -0.050615
18314 -0.0515781
18316.2 -0.0525265
18318.4 -0.0534597
18320.6 -0.0543776
18322.8 -0.0552801
18325 -0.056167
18327.2 -0.0570381
18329.4 -0.0578932
18331.6 -0.0587322
18333.8 -0.059555
18336 -0.0603613
18338.2 -0.0611511
18340.4 -0.061924
18342.6 -0.0626802
18344.8 -0.0634193
18347 -0.0641413
18349.2 -0.064846
18351.4 -0.0655333
18353.7 -0.0662031
18355.9 -0.0668553
18358.1 -0.0674898
18360.3 -0.0681064
18362.5 -0.068705
18364.7 -0.0692857
18366.9 -0.0698483
18369.1 -0.0703926
18371.3 -0.0709186
18373.5 -0.0714263
18375.7 -0.0719155
18377.9 -0.0723862
18380.1 -0.0728384
18382.3 -0.073272
18384.5 -0.0736869
18386.7 -0.074083
18388.9 -0.0744604
18391.1 -0.074819
18393.3 -0.0751588
18395.5 -0.0754797
18397.7 -0.0757817
18399.9 -0.0760648
18402.1 -0.0763291
18404.3 -0.0765744
18406.5 -0.0768007
18408.7 -0.0770081
18410.9 -0.0771967
18413.1 -0.0773663
18415.3 -0.077517
18417.5 -0.0776488
18419.7 -0.0777617
18421.9 -0.0778559
18424.1 -0.0779313
18426.3 -0.0779878
18428.5 -0.0780257
18430.7 -0.0780449
18432.9 -0.0780456
18435.1 -0.0780276
18437.3 -0.0779911
18439.5 -0.0779362
18441.7 -0.077863
18443.9 -0.0777714
18446.1 -0.0776616
18448.3 -0.0775337
18450.5 -0.0773878
18452.7 -0.0772239
18454.9 -0.0770421
18457.1 -0.0768425
18459.3 -0.0766254
18461.5 -0.0763907
18463.7 -0.0761385
18465.9 -0.0758689
18468.1 -0.0755822
18470.3 -0.0752785
18472.5 -0.0749577
18474.7 -0.0746201
18476.9 -0.0742658
18479.1 -0.073895
18481.3 -0.0735078
18483.5 -0.0731043
18485.7 -0.0726846
18487.9 -0.0722491
18490.1 -0.0717977
18492.3 -0.0713306
18494.5 -0.0708481
18496.7 -0.0703502
18498.9 -0.0698372
18501.1 -0.0693092
18503.3 -0.0687664
18505.5 -0.068209
18507.7 -0.0676371
18509.9 -0.067051
18512.1 -0.0664507
18514.3 -0.0658366
18516.5 -0.0652089
18518.7 -0.0645676
18520.9 -0.063913
18523.1 -0.0632453
18525.3 -0.0625648
18527.5 -0.0618716
18529.7 -0.0611659
18531.9 -0.0604478
18534.1 -0.0597178
18536.3 -0.058976
18538.5 -0.0582225
18540.7 -0.0574575
18542.9 -0.0566814
18545.1 -0.0558945
18547.3 -0.0550968
18549.5 -0.0542885
18551.7 -0.0534699
18553.9 -0.0526414
18556.1 -0.0518031
18558.3 -0.0509551
18560.5 -0.0500978
18562.7 -0.0492314
18564.9 -0.0483562
18567.1 -0.0474724
18569.3 -0.0465801
18571.5 -0.0456798
18573.7 -0.0447715
18575.9 -0.0438557
18578.1 -0.0429324
18580.3 -0.0420019
18582.5 -0.0410645
18584.7 -0.0401206
18586.9 -0.0391701
18589.1 -0.0382135
18591.3 -0.037251
18593.5 -0.0362829
18595.7 -0.0353094
18597.9 -0.0343306
18600.1 -0.033347
18602.3 -0.0323588
18604.5 -0.0313662
18606.7 -0.0303693
18608.9 -0.0293686
18611.1 -0.0283643
18613.3 -0.0273567
18615.5 -0.0263458
18617.7 -0.0253321
18619.9 -0.0243157
18622.1 -0.023297
18624.3 -0.0222762
18626.5 -0.0212535
18628.7 -0.0202291
18630.9 -0.0192035
18633.1 -0.0181767
18635.3 -0.0171489
18637.5 -0.0161206
18639.7 -0.0150919
18641.9 -0.0140631
18644.1 -0.0130344
18646.3 -0.012006
18648.5 -0.0109783
18650.8 -0.00995145
18653 -0.00892567
18655.2 -0.00790116
18657.4 -0.00687823
18659.6 -0.00585717
18661.8 -0.00483816
18664 -0.00382137
18666.2 -0.00280707
18668.4 -0.00179558
18670.6 -0.000787091
18672.8 0.000218242
18675 0.00122019
18677.2 0.00221843
18679.4 0.00321273
18681.6 0.00420296
18683.8 0.00518892
18686 0.00617033
18688.2 0.00714691
18690.4 0.0081185
18692.6 0.00908498
18694.8 0.0100461
18697 0.0110015
18699.2 0.0119511
18701.4 0.0128947
18703.6 0.0138321
18705.8 0.0147631
18708 0.0156874
18710.2 0.0166049
18712.4 0.0175154
18714.6 0.0184188
18716.8 0.0193147
18719 0.020203
18721.2 0.0210836
18723.4 0.0219563
18725.6 0.0228208
18727.8 0.023677
18730 0.0245248
18732.2 0.0253641
18734.4 0.0261944
18736.6 0.0270158
18738.8 0.027828
18741 0.028631
18743.2 0.0294246
18745.4 0.0302085
18747.6 0.0309826
18749.8 0.0317469
18752 0.0325012
18754.2 0.0332453
18756.4 0.033979
18758.6 0.0347022
18760.8 0.0354149
18763 0.0361169
18765.2 0.036808
18767.4 0.037488
18769.6 0.0381571
18771.8 0.0388149
18774 0.0394613
18776.2 0.0400963
18778.4 0.0407198
18780.6 0.0413316
18782.8 0.0419316
18785 0.0425197
18787.2 0.0430959
18789.4 0.04366
18791.6 0.044212
18793.8 0.0447517
18796 0.0452791
18798.2 0.0457941
18800.4 0.0462966
18802.6 0.0467865
18804.8 0.0472638
18807 0.0477284
18809.2 0.0481803
18811.4 0.0486192
18813.6 0.0490453
18815.8 0.0494584
18818 0.0498586
18820.2 0.0502457
18822.4 0.0506196
18824.6 0.0509804
18826.8 0.0513281
18829 0.0516625
18831.2 0.0519837
18833.4 0.0522915
18835.6 0.052586
18837.8 0.0528672
18840 0.053135
18842.2 0.0533894
18844.4 0.0536304
18846.6 0.053858
18848.8 0.0540721
18851 0.0542728
18853.2 0.05446
18855.4 0.0546338
18857.6 0.0547942
18859.8 0.0549411
18862 0.0550746
18864.2 0.0551947
18866.4 0.0553013
18868.6 0.0553946
18870.8 0.0554745
18873 0.055541
18875.2 0.0555943
18877.4 0.0556342
18879.6 0.0556608
18881.8 0.0556742
18884 0.0556745
18886.2 0.0556616
18888.4 0.0556356
18890.6 0.0555965
18892.8 0.0555444
18895 0.0554794
18897.2 0.0554014
18899.4 0.0553106
18901.6 0.055207
18903.8 0.0550907
18906 0.0549617
18908.2 0.0548201
18910.4 0.054666
18912.6 0.0544995
18914.8 0.0543205
18917 0.0541293
18919.2 0.0539258
18921.4 0.0537102
18923.6 0.0534826
18925.8 0.053243
18928 0.0529915
18930.2 0.0527283
18932.4 0.0524534
18934.6 0.052167
18936.8 0.051869
18939 0.0515596
18941.2 0.051239
18943.4 0.0509072
18945.6 0.0505644
18947.9 0.0502106
18950.1 0.049846
18952.3 0.0494707
18954.5 0.0490848
18956.7 0.0486884
18958.9 0.0482816
18961.1 0.0478647
18963.3 0.0474376
18965.5 0.0470006
18967.7 0.0465537
18969.9 0.0460972
18972.1 0.045631
18974.3 0.0451554
18976.5 0.0446705
18978.7 0.0441765
18980.9 0.0436735
18983.1 0.0431616
18985.3 0.0426409
18987.5 0.0421117
18989.7 0.0415741
18991.9 0.0410281
18994.1 0.040474
18996.3 0.039912
18998.5 0.0393421
19000.7 0.0387646
19002.9 0.0381795
19005.1 0.0375871
19007.3 0.0369876
19009.5 0.036381
19011.7 0.0357675
19013.9 0.0351473
19016.1 0.0345206
19018.3 0.0338876
19020.5 0.0332483
19022.7 0.0326029
19024.9 0.0319517
19027.1 0.0312949
19029.3 0.0306325
19031.5 0.0299647
19033.7 0.0292917
19035.9 0.0286138
19038.1 0.027931
19040.3 0.0272436
19042.5 0.0265516
19044.7 0.0258554
19046.9 0.0251551
19049.1 0.0244508
19051.3 0.0237427
19053.5 0.023031
19055.7 0.022316
19057.9 0.0215977
19060.1 0.0208763
19062.3 0.020152
19064.5 0.0194251
19066.7 0.0186957
19068.9 0.0179639
19071.1 0.0172299
19073.3 0.016494
19075.5 0.0157563
19077.7 0.015017
19079.9 0.0142762
19082.1 0.0135342
19084.3 0.0127911
19086.5 0.0120472
19088.7 0.0113025
19090.9 0.0105573
19093.1 0.00981177
19095.3 0.00906608
19097.5 0.00832035
19099.7 0.0075748
19101.9 0.00682966
19104.1 0.00608507
19106.3 0.00534117
19108.5 0.00459813
19110.7 0.0038562
19112.9 0.00311555
19115.1 0.00237629
19117.3 0.00163858
19119.5 0.000902656
19121.7 0.000168708
19123.9 -0.000563137
19126.1 -0.00129275
19128.3 -0.00201992
19130.5 -0.00274443
19132.7 -0.00346615
19134.9 -0.00418497
19137.1 -0.00490069
19139.3 -0.00561311
19141.5 -0.00632206
19143.7 -0.00702744
19145.9 -0.00772911
19148.1 -0.00842684
19150.3 -0.00912045
19152.5 -0.00980985
19154.7 -0.0104949
19156.9 -0.0111754
19159.1 -0.0118512
19161.3 -0.0125222
19163.5 -0.0131882
19165.7 -0.0138491
19167.9 -0.0145047
19170.1 -0.0151548
19172.3 -0.0157995
19174.5 -0.0164384
19176.7 -0.0170715
19178.9 -0.0176986
19181.1 -0.0183196
19183.3 -0.0189344
19185.5 -0.0195428
19187.7 -0.0201447
19189.9 -0.02074
19192.1 -0.0213285
19194.3 -0.0219102
19196.5 -0.0224849
19198.7 -0.0230524
19200.9 -0.0236128
19203.1 -0.0241658
19205.3 -0.0247114
19207.5 -0.0252493
19209.7 -0.0257796
19211.9 -0.0263022
19214.1 -0.0268169
19216.3 -0.0273235
19218.5 -0.0278221
19220.7 -0.0283125
19222.9 -0.0287947
19225.1 -0.0292685
19227.3 -0.0297338
19229.5 -0.0301906
19231.7 -0.0306388
19233.9 -0.0310783
19236.1 -0.031509
19238.3 -0.0319308
19240.5 -0.0323437
19242.7 -0.0327476
19244.9 -0.0331424
19247.2 -0.033528
19249.4 -0.0339044
19251.6 -0.0342716
19253.8 -0.0346294
19256 -0.0349778
19258.2 -0.0353168
19260.4 -0.0356463
19262.6 -0.0359662
19264.8 -0.0362765
19267 -0.0365771
19269.2 -0.0368681
19271.4 -0.0371494
19273.6 -0.0374209
19275.8 -0.0376825
19278 -0.0379344
19280.2 -0.0381764
19282.4 -0.0384085
19284.6 -0.0386307
19286.8 -0.0388429
19289 -0.0390453
19291.2 -0.0392376
19293.4 -0.0394199
19295.6 -0.0395922
19297.8 -0.0397546
19300 -0.0399069
19302.2 -0.0400492
19304.4 -0.0401814
19306.6 -0.0403037
19308.8 -0.040416
19311 -0.0405182
19313.2 -0.0406104
19315.4 -0.0406926
19317.6 -0.0407649
19319.8 -0.0408272
19322 -0.0408795
19324.2 -0.0409219
19326.4 -0.0409544
19328.6 -0.0409771
19330.8 -0.0409899
19333 -0.0409928
19335.2 -0.040986
19337.4 -0.0409695
19339.6 -0.0409432
19341.8 -0.0409072
19344 -0.0408615
19346.2 -0.0408064
19348.4 -0.0407417
19350.6 -0.0406674
19352.8 -0.0405837
19355 -0.0404906
19357.2 -0.0403883
19359.4 -0.0402765
19361.6 -0.0401556
19363.8 -0.0400255
19366 -0.0398863
19368.2 -0.0397381
19370.4 -0.0395808
19372.6 -0.0394147
19374.8 -0.0392398
19377 -0.0390562
19379.2 -0.0388638
19381.4 -0.0386628
19383.6 -0.0384533
19385.8 -0.0382354
19388 -0.038009
19390.2 -0.0377744
19392.4 -0.0375316
19394.6 -0.0372808
19396.8 -0.0370218
19399 -0.0367549
19401.2 -0.0364802
19403.4 -0.0361978
19405.6 -0.0359078
19407.8 -0.0356101
19410 -0.035305
19412.2 -0.0349925
19414.4 -0.0346729
19416.6 -0.034346
19418.8 -0.0340121
19421 -0.0336712
19423.2 -0.0333236
19425.4 -0.0329692
19427.6 -0.0326081
19429.8 -0.0322406
19432 -0.0318667
19434.2 -0.0314865
19436.4 -0.0311
19438.6 -0.0307076
19440.8 -0.0303092
19443 -0.029905
19445.2 -0.0294951
19447.4 -0.0290795
19449.6 -0.0286586
19451.8 -0.0282323
19454 -0.0278007
19456.2 -0.027364
19458.4 -0.0269224
19460.6 -0.0264759
19462.8 -0.0260247
19465 -0.0255688
19467.2 -0.0251085
19469.4 -0.0246438
19471.6 -0.024175
19473.8 -0.0237019
19476 -0.0232249
19478.2 -0.0227441
19480.4 -0.0222596
19482.6 -0.0217714
19484.8 -0.0212797
19487 -0.0207848
19489.2 -0.0202867
19491.4 -0.0197855
19493.6 -0.0192813
19495.8 -0.0187743
19498 -0.0182647
19500.2 -0.0177526
19502.4 -0.017238
19504.6 -0.016721
19506.8 -0.016202
19509 -0.015681
19511.2 -0.015158
19513.4 -0.0146333
19515.6 -0.0141069
19517.8 -0.0135792
19520 -0.01305
19522.2 -0.0125195
19524.4 -0.0119879
19526.6 -0.0114554
19528.8 -0.0109221
19531 -0.010388
19533.2 -0.00985331
19535.4 -0.00931821
19537.6 -0.00878281
19539.8 -0.00824717
19542 -0.00771139
19544.3 -0.00717572
19546.5 -0.00664028
19548.7 -0.00610513
19550.9 -0.00557034
19553.1 -0.00503612
19555.3 -0.00450265
19557.5 -0.00397
19559.7 -0.00343821
19561.9 -0.00290744
19564.1 -0.00237791
19566.3 -0.00184972
19568.5 -0.00132288
19570.7 -0.000797533
19572.9 -0.000273874
19575.1 0.000247953
19577.3 0.000767917
19579.5 0.00128595
19581.7 0.00180185
19583.9 0.00231545
19586.1 0.0028267
19588.3 0.00333555
19590.5 0.00384186
19592.7 0.00434544
19594.9 0.00484618
19597.1 0.00534408
19599.3 0.00583903
19601.5 0.00633083
19603.7 0.00681936
19605.9 0.00730459
19608.1 0.00778648
19610.3 0.00826483
19612.5 0.00873949
19614.7 0.00921043
19616.9 0.00967762
19619.1 0.0101409
19621.3 0.0106001
19623.5 0.0110552
19625.7 0.0115062
19627.9 0.0119529
19630.1 0.0123952
19632.3 0.012833
19634.5 0.0132662
19636.7 0.0136949
19638.9 0.0141189
19641.1 0.0145379
19643.3 0.0149521
19645.5 0.0153614
19647.7 0.0157657
19649.9 0.0161648
19652.1 0.0165587
19654.3 0.0169473
19656.5 0.0173307
19658.7 0.0177086
19660.9 0.018081
19663.1 0.0184478
19665.3 0.0188091
19667.5 0.0191647
19669.7 0.0195145
19671.9 0.0198585
19674.1 0.0201966
19676.3 0.0205289
19678.5 0.0208552
19680.7 0.0211753
19682.9 0.0214894
19685.1 0.0217975
19687.3 0.0220993
19689.5 0.0223948
19691.7 0.022684
19693.9 0.0229669
19696.1 0.0232435
19698.3 0.0235136
19700.5 0.0237772
19702.7 0.0240343
19704.9 0.024285
19707.1 0.024529
19709.3 0.0247663
19711.5 0.0249971
19713.7 0.0252212
19715.9 0.0254386
19718.1 0.0256492
19720.3 0.025853
19722.5 0.0260501
19724.7 0.0262404
19726.9 0.0264238
19729.1 0.0266004
19731.3 0.0267701
19733.5 0.026933
19735.7 0.0270889
19737.9 0.0272379
19740.1 0.02738
19742.3 0.0275151
19744.5 0.0276434
19746.7 0.0277646
19748.9 0.0278788
19751.1 0.0279862
19753.3 0.0280866
19755.5 0.0281799
19757.7 0.0282663
19759.9 0.0283458
19762.1 0.0284183
19764.3 0.0284839
19766.5 0.0285424
19768.7 0.0285941
19770.9 0.0286389
19773.1 0.0286767
19775.3 0.0287076
19777.5 0.0287316
19779.7 0.0287488
19781.9 0.0287591
19784.1 0.0287626
19786.3 0.0287592
19788.5 0.0287491
19790.7 0.0287322
19792.9 0.0287086
19795.1 0.0286782
19797.3 0.0286412
19799.5 0.0285975
19801.7 0.0285472
19803.9 0.0284903
19806.1 0.0284268
19808.3 0.0283568
19810.5 0.0282804
19812.7 0.0281974
19814.9 0.0281081
19817.1 0.0280124
19819.3 0.0279104
19821.5 0.0278021
19823.7 0.0276875
19825.9 0.0275668
19828.1 0.02744
19830.3 0.027307
19832.5 0.027168
19834.7 0.027023
19836.9 0.0268721
19839.1 0.0267153
19841.4 0.0265526
19843.6 0.0263841
19845.8 0.02621
19848 0.0260302
19850.2 0.0258448
19852.4 0.0256538
19854.6 0.0254574
19856.8 0.0252556
19859 0.0250484
19861.2 0.0248359
19863.4 0.0246182
19865.6 0.0243954
19867.8 0.0241675
19870 0.0239346
19872.2 0.0236967
19874.4 0.0234539
19876.6 0.0232064
19878.8 0.0229542
19881 0.0226972
19883.2 0.0224357
19885.4 0.0221697
19887.6 0.0218993
19889.8 0.0216245
19892 0.0213455
19894.2 0.0210623
19896.4 0.0207749
19898.6 0.0204836
19900.8 0.0201882
19903 0.019889
19905.2 0.0195861
19907.4 0.0192794
19909.6 0.0189691
19911.8 0.0186553
19914 0.0183381
19916.2 0.0180175
19918.4 0.0176935
19920.6 0.0173664
19922.8 0.0170363
19925 0.0167031
19927.2 0.016367
19929.4 0.016028
19931.6 0.0156864
19933.8 0.0153421
19936 0.0149951
19938.2 0.0146457
19940.4 0.014294
19942.6 0.01394
19944.8 0.0135837
19947 0.0132253
19949.2 0.012865
19951.4 0.0125027
19953.6 0.0121386
19955.8 0.0117727
19958 0.0114052
19960.2 0.0110361
19962.4 0.0106657
19964.6 0.0102938
19966.8 0.00992058
19969 0.00954625
19971.2 0.00917088
19973.4 0.00879448
19975.6 0.00841714
19977.8 0.00803902
19980 0.00766024
19982.2 0.00728083
19984.4 0.00690083
19986.6 0.00652041
19988.8 0.00613971
19991 0.00575877
19993.2 0.00537762
19995.4 0.00499639
19997.6 0.00461524
19999.8 0.00423424
20002 0.00385341
20004.2 0.00347286
20006.4 0.00309272
20008.6 0.00271312
20010.8 0.00233408
20013 0.00195565
20015.2 0.00157798
20017.4 0.00120121
20019.6 0.00082538
20021.8 0.000450519
20024 7.67441e-05
20026.2 -0.000295789
20028.4 -0.000667009
20030.6 -0.0010369
20032.8 -0.00140539
20035 -0.0017723
20037.2 -0.00213755
20039.4 -0.00250112
20041.6 -0.00286295
20043.8 -0.0032229
20046 -0.00358086
20048.2 -0.00393677
20050.4 -0.00429063
20052.6 -0.00464233
20054.8 -0.0049917
20057 -0.00533871
20059.2 -0.00568333
20061.4 -0.0060255
20063.6 -0.00636506
20065.8 -0.00670194
20068 -0.00703611
20070.2 -0.00736755
20072.4 -0.00769611
20074.6 -0.00802169
20076.8 -0.00834427
20079 -0.00866382
20081.2 -0.00898026
20083.4 -0.00929345
20085.6 -0.00960333
20087.8 -0.00990992
20090 -0.0102132
20092.2 -0.0105129
20094.4 -0.0108091
20096.6 -0.0111017
20098.8 -0.0113907
20101 -0.011676
20103.2 -0.0119575
20105.4 -0.0122352
20107.6 -0.0125091
20109.8 -0.0127791
20112 -0.013045
20114.2 -0.0133069
20116.4 -0.0135648
20118.6 -0.0138185
20120.8 -0.0140681
20123 -0.0143134
20125.2 -0.0145545
20127.4 -0.0147913
20129.6 -0.0150238
20131.8 -0.0152518
20134 -0.0154753
20136.2 -0.0156945
20138.5 -0.0159092
20140.7 -0.0161192
20142.9 -0.0163247
20145.1 -0.0165256
20147.3 -0.0167218
20149.5 -0.0169134
20151.7 -0.0171002
20153.9 -0.0172823
20156.1 -0.0174596
20158.3 -0.0176322
20160.5 -0.0177999
20162.7 -0.0179627
20164.9 -0.0181207
20167.1 -0.0182739
20169.3 -0.0184221
20171.5 -0.0185653
20173.7 -0.0187036
20175.9 -0.018837
20178.1 -0.0189654
20180.3 -0.0190888
20182.5 -0.0192072
20184.7 -0.0193206
20186.9 -0.019429
20189.1 -0.0195323
20191.3 -0.0196306
20193.5 -0.0197239
20195.7 -0.0198121
20197.9 -0.0198953
20200.1 -0.0199733
20202.3 -0.0200464
20204.5 -0.0201144
20206.7 -0.0201773
20208.9 -0.0202352
20211.1 -0.020288
20213.3 -0.0203358
20215.5 -0.0203786
20217.7 -0.0204163
20219.9 -0.020449
20222.1 -0.0204767
20224.3 -0.0204995
20226.5 -0.0205172
20228.7 -0.0205299
20230.9 -0.0205378
20233.1 -0.0205407
20235.3 -0.0205386
20237.5 -0.0205316
20239.7 -0.0205198
20241.9 -0.0205031
20244.1 -0.0204816
20246.3 -0.0204552
20248.5 -0.0204241
20250.7 -0.0203882
20252.9 -0.0203476
20255.1 -0.0203022
20257.3 -0.0202521
20259.5 -0.0201974
20261.7 -0.0201381
20263.9 -0.0200742
20266.1 -0.0200056
20268.3 -0.0199326
20270.5 -0.0198551
20272.7 -0.0197732
20274.9 -0.0196867
20277.1 -0.0195959
20279.3 -0.0195008
20281.5 -0.0194014
20283.7 -0.0192977
20285.9 -0.0191897
20288.1 -0.0190776
20290.3 -0.0189614
20292.5 -0.018841
20294.7 -0.0187165
20296.9 -0.0185881
20299.1 -0.0184557
20301.3 -0.0183194
20303.5 -0.0181792
20305.7 -0.0180352
20307.9 -0.0178874
20310.1 -0.0177359
20312.3 -0.0175807
20314.5 -0.0174219
20316.7 -0.0172595
20318.9 -0.0170936
20321.1 -0.0169243
20323.3 -0.0167514
20325.5 -0.0165753
20327.7 -0.0163959
20329.9 -0.0162132
20332.1 -0.0160273
20334.3 -0.0158382
20336.5 -0.0156461
20338.7 -0.015451
20340.9 -0.0152529
20343.1 -0.0150519
20345.3 -0.014848
20347.5 -0.0146414
20349.7 -0.0144321
20351.9 -0.01422
20354.1 -0.0140053
20356.3 -0.0137881
20358.5 -0.0135685
20360.7 -0.0133463
20362.9 -0.0131218
20365.1 -0.0128951
20367.3 -0.0126661
20369.5 -0.0124349
20371.7 -0.0122015
20373.9 -0.0119662
20376.1 -0.0117289
20378.3 -0.0114896
20380.5 -0.0112485
20382.7 -0.0110055
20384.9 -0.0107609
20387.1 -0.0105147
20389.3 -0.0102667
20391.5 -0.0100172
20393.7 -0.00976635
20395.9 -0.00951407
20398.1 -0.00926039
20400.3 -0.0090054
20402.5 -0.00874926
20404.7 -0.00849201
20406.9 -0.00823363
20409.1 -0.00797419
20411.3 -0.00771383
20413.5 -0.00745264
20415.7 -0.00719061
20417.9 -0.00692776
20420.1 -0.00666423
20422.3 -0.00640013
20424.5 -0.00613548
20426.7 -0.00587028
20428.9 -0.00560461
20431.1 -0.00533863
20433.3 -0.00507238
20435.5 -0.00480585
20437.8 -0.00453909
20440 -0.00427224
20442.2 -0.00400541
20444.4 -0.00373857
20446.6 -0.00347174
20448.8 -0.00320505
20451 -0.00293863
20453.2 -0.00267248
20455.4 -0.00240659
20457.6 -0.00214106
20459.8 -0.00187603
20462 -0.00161155
20464.2 -0.00134758
20466.4 -0.00108419
20468.6 -0.000821526
20470.8 -0.000559663
20473 -0.000298586
20475.2 -3.83047e-05
20477.4 0.000221052
20479.6 0.000479364
20481.8 0.000736629
20484 0.000992866
20486.2 0.00124798
20488.4 0.00150184
20490.6 0.00175439
20492.8 0.00200568
20495 0.00225566
20497.2 0.00250417
20499.4 0.00275116
20501.6 0.00299663
20503.8 0.00324059
20506 0.00348292
20508.2 0.00372349
20510.4 0.00396233
20512.6 0.00419944
20514.8 0.00443475
20517 0.00466812
20519.2 0.00489953
20521.4 0.005129
20523.6 0.00535651
20525.8 0.00558191
20528 0.00580514
20530.2 0.00602623
20532.4 0.00624518
20534.6 0.00646189
20536.8 0.00667623
20539 0.00688824
20541.2 0.00709793
20543.4 0.00730524
20545.6 0.00751004
20547.8 0.0077123
20550 0.00791208
20552.2 0.00810934
20554.4 0.00830397
20556.6 0.00849588
20558.8 0.00868514
20561 0.00887175
20563.2 0.00905561
20565.4 0.00923662
20567.6 0.00941481
20569.8 0.00959021
20572 0.00976277
20574.2 0.00993236
20576.4 0.010099
20578.6 0.0102627
20580.8 0.0104234
20583 0.0105811
20585.2 0.0107357
20587.4 0.0108872
20589.6 0.0110357
20591.8 0.0111811
20594 0.0113233
20596.2 0.0114622
20598.4 0.0115981
20600.6 0.0117308
20602.8 0.0118602
20605 0.0119862
20607.2 0.0121091
20609.4 0.0122288
20611.6 0.0123451
20613.8 0.012458
20616 0.0125676
20618.2 0.0126739
20620.4 0.0127769
20622.6 0.0128764
20624.8 0.0129725
20627 0.0130653
20629.2 0.0131547
20631.4 0.0132406
20633.6 0.0133231
20635.8 0.0134022
20638 0.0134779
20640.2 0.0135501
20642.4 0.0136188
20644.6 0.013684
20646.8 0.0137459
20649 0.0138043
20651.2 0.0138591
20653.4 0.0139105
20655.6 0.0139585
20657.8 0.0140031
20660 0.0140441
20662.2 0.0140816
20664.4 0.0141157
20666.6 0.0141464
20668.8 0.0141736
20671 0.0141973
20673.2 0.0142176
20675.4 0.0142345
20677.6 0.0142479
20679.8 0.0142579
20682 0.0142645
20684.2 0.0142677
20686.4 0.0142676
20688.6 0.014264
20690.8 0.014257
20693 0.0142467
20695.2 0.0142331
20697.4 0.0142162
20699.6 0.0141959
20701.8 0.0141723
20704 0.0141455
20706.2 0.0141154
20708.4 0.014082
20710.6 0.0140454
20712.8 0.0140056
20715 0.0139627
20717.2 0.0139165
20719.4 0.0138672
20721.6 0.0138148
20723.8 0.0137593
20726 0.0137007
20728.2 0.013639
20730.4 0.0135743
20732.6 0.0135066
20734.9 0.013436
20737.1 0.0133624
20739.3 0.0132858
20741.5 0.0132063
20743.7 0.0131241
20745.9 0.0130389
20748.1 0.0129509
20750.3 0.0128601
20752.5 0.0127667
20754.7 0.0126705
20756.9 0.0125715
20759.1 0.0124699
20761.3 0.0123658
20763.5 0.012259
20765.7 0.0121497
20767.9 0.0120378
20770.1 0.0119235
20772.3 0.0118067
20774.5 0.0116875
20776.7 0.0115659
20778.9 0.0114419
20781.1 0.0113157
20783.3 0.0111873
20785.5 0.0110565
20787.7 0.0109235
20789.9 0.0107885
20792.1 0.0106513
20794.3 0.010512
20796.5 0.0103707
20798.7 0.0102274
20800.9 0.0100822
20803.1 0.00993507
20805.3 0.009786
20807.5 0.00963515
20809.7 0.00948255
20811.9 0.00932819
20814.1 0.00917206
20816.3 0.0090143
20818.5 0.00885498
20820.7 0.00869408
20822.9 0.0085316
20825.1 0.00836763
20827.3 0.00820227
20829.5 0.00803554
20831.7 0.00786741
20833.9 0.00769794
20836.1 0.00752725
20838.3 0.0073554
20840.5 0.00718234
20842.7 0.00700811
20844.9 0.00683281
20847.1 0.00665655
20849.3 0.00647929
20851.5 0.00630103
20853.7 0.00612187
20855.9 0.00594191
20858.1 0.00576118
20860.3 0.00557964
20862.5 0.00539735
20864.7 0.00521445
20866.9 0.00503097
20869.1 0.00484689
20871.3 0.00466224
20873.5 0.00447712
20875.7 0.00429164
20877.9 0.00410576
20880.1 0.00391949
20882.3 0.00373291
20884.5 0.00354614
20886.7 0.0033592
20888.9 0.00317205
20891.1 0.00298476
20893.3 0.00279745
20895.5 0.00261017
20897.7 0.00242288
20899.9 0.00223561
20902.1 0.00204848
20904.3 0.00186158
20906.5 0.00167487
20908.7 0.00148836
20910.9 0.00130214
20913.1 0.00111632
20915.3 0.000930905
20917.5 0.000745868
20919.7 0.000561269
20921.9 0.000377228
20924.1 0.000193791
20926.3 1.09241e-05
20928.5 -0.000171353
20930.7 -0.000352924
20932.9 -0.000533711
20935.1 -0.000713735
20937.3 -0.000893008
20939.5 -0.00107144
20941.7 -0.00124892
20943.9 -0.00142545
20946.1 -0.00160106
20948.3 -0.0017757
20950.5 -0.00194925
20952.7 -0.00212166
20954.9 -0.00229298
20957.1 -0.00246319
20959.3 -0.00263218
20961.5 -0.00279988
20963.7 -0.00296631
20965.9 -0.00313148
20968.1 -0.00329533
20970.3 -0.00345773
20972.5 -0.0036187
20974.7 -0.00377828
20976.9 -0.0039364
20979.1 -0.00409297
20981.3 -0.00424795
20983.5 -0.00440138
20985.7 -0.00455325
20987.9 -0.00470346
20990.1 -0.00485194
20992.3 -0.00499872
20994.5 -0.00514383
20996.7 -0.00528719
20998.9 -0.0054287
21001.1 -0.00556837
21003.3 -0.00570625
21005.5 -0.00584229
21007.7 -0.00597639
21009.9 -0.00610852
21012.1 -0.00623874
21014.3 -0.00636704
21016.5 -0.00649332
21018.7 -0.00661752
21020.9 -0.00673969
21023.1 -0.00685986
21025.3 -0.00697794
21027.5 -0.00709386
21029.7 -0.00720763
21032 -0.00731931
21034.2 -0.00742885
21036.4 -0.00753616
21038.6 -0.00764123
21040.8 -0.00774412
21043 -0.00784481
21045.2 -0.00794323
21047.4 -0.00803933
21049.6 -0.00813316
21051.8 -0.00822474
21054 -0.00831402
21056.2 -0.00840092
21058.4 -0.00848546
21060.6 -0.00856772
21062.8 -0.00864764
21065 -0.00872514
21067.2 -0.00880023
21069.4 -0.00887296
21071.6 -0.00894335
21073.8 -0.00901131
21076 -0.0090768
21078.2 -0.00913988
21080.4 -0.0092006
21082.6 -0.00925889
21084.8 -0.00931468
21087 -0.00936802
21089.2 -0.00941898
21091.4 -0.00946751
21093.6 -0.00951354
21095.8 -0.00955709
21098 -0.00959823
21100.2 -0.00963696
21102.4 -0.00967321
21104.6 -0.00970695
21106.8 -0.00973826
21109 -0.00976718
21111.2 -0.00979366
21113.4 -0.00981763
21115.6 -0.00983915
21117.8 -0.00985829
21120 -0.00987502
21122.2 -0.00988928
21124.4 -0.00990108
21126.6 -0.00991052
21128.8 -0.00991759
21131 -0.00992224
21133.2 -0.00992444
21135.4 -0.00992427
21137.6 -0.0099218
21139.8 -0.00991695
21142 -0.0099097
21144.2 -0.00990009
21146.4 -0.00988821
21148.6 -0.00987404
21150.8 -0.00985751
21153 -0.00983865
21155.2 -0.00981756
21157.4 -0.00979424
21159.6 -0.00976865
21161.8 -0.00974076
21164 -0.00971067
21166.2 -0.00967843
21168.4 -0.009644
21170.6 -0.00960734
21172.8 -0.00956851
21175 -0.00952761
21177.2 -0.00948461
21179.4 -0.00943945
21181.6 -0.00939218
21183.8 -0.00934289
21186 -0.0092916
21188.2 -0.00923826
21190.4 -0.00918286
21192.6 -0.0091255
21194.8 -0.00906624
21197 -0.00900504
21199.2 -0.00894186
21201.4 -0.00887677
21203.6 -0.00880988
21205.8 -0.00874116
21208 -0.00867056
21210.2 -0.00859813
21212.4 -0.00852397
21214.6 -0.0084481
21216.8 -0.00837047
21219 -0.00829109
21221.2 -0.00821005
21223.4 -0.00812742
21225.6 -0.00804316
21227.8 -0.00795724
21230 -0.00786974
21232.2 -0.00778075
21234.4 -0.00769027
21236.6 -0.00759825
21238.8 -0.00750472
21241 -0.00740981
21243.2 -0.00731354
21245.4 -0.00721585
21247.6 -0.00711676
21249.8 -0.00701637
21252 -0.00691474
21254.2 -0.00681185
21256.4 -0.00670765
21258.6 -0.00660225
21260.8 -0.00649572
21263 -0.00638808
21265.2 -0.00627926
21267.4 -0.00616932
21269.6 -0.00605837
21271.8 -0.00594644
21274 -0.00583348
21276.2 -0.0057195
21278.4 -0.0056046
21280.6 -0.00548886
21282.8 -0.00537225
21285 -0.00525472
21287.2 -0.00513638
21289.4 -0.00501731
21291.6 -0.00489752
21293.8 -0.00477695
21296 -0.00465566
21298.2 -0.00453376
21300.4 -0.00441128
21302.6 -0.00428817
21304.8 -0.00416444
21307 -0.0040402
21309.2 -0.00391552
21311.4 -0.00379036
21313.6 -0.00366471
21315.8 -0.00353863
21318 -0.00341224
21320.2 -0.00328553
21322.4 -0.00315845
21324.6 -0.00303105
21326.8 -0.00290344
21329.1 -0.00277566
21331.3 -0.00264765
21333.5 -0.00251943
21335.7 -0.0023911
21337.9 -0.00226273
21340.1 -0.00213429
21342.3 -0.00200574
21344.5 -0.00187718
21346.7 -0.00174871
21348.9 -0.0016203
21351.1 -0.00149193
21353.3 -0.00136363
21355.5 -0.00123552
21357.7 -0.00110763
21359.9 -0.000979902
21362.1 -0.000852348
21364.3 -0.000725077
21366.5 -0.000598158
21368.7 -0.000471544
21370.9 -0.00034521
21373.1 -0.000219244
21375.3 -9.37432e-05
21377.5 3.1307e-05
21379.7 0.000155959
21381.9 0.000280162
21384.1 0.000403802
21386.3 0.000526855
21388.5 0.000649381
21390.7 0.000771372
21392.9 0.000892718
21395.1 0.00101335
21397.3 0.00113333
21399.5 0.00125267
21401.7 0.0013713
21403.9 0.00148912
21406.1 0.00160614
21408.3 0.00172242
21410.5 0.00183792
21412.7 0.00195252
21414.9 0.0020662
21417.1 0.00217902
21419.3 0.00229099
21421.5 0.00240199
21423.7 0.00251197
21425.9 0.00262097
21428.1 0.00272903
21430.3 0.00283607
21432.5 0.00294199
21434.7 0.00304682
21436.9 0.00315061
21439.1 0.00325333
21441.3 0.00335486
21443.5 0.00345519
21445.7 0.00355439
21447.9 0.00365246
21450.1 0.00374929
21452.3 0.00384482
21454.5 0.00393912
21456.7 0.00403222
21458.9 0.00412404
21461.1 0.00421449
21463.3 0.00430361
21465.5 0.00439146
21467.7 0.00447799
21469.9 0.00456311
21472.1 0.00464679
21474.3 0.00472912
21476.5 0.00481011
21478.7 0.00488964
21480.9 0.00496766
21483.1 0.00504425
21485.3 0.00511944
21487.5 0.00519316
21489.7 0.00526533
21491.9 0.00533597
21494.1 0.00540516
21496.3 0.00547287
21498.5 0.00553899
21500.7 0.00560351
21502.9 0.00566652
21505.1 0.00572803
21507.3 0.00578794
21509.5 0.0058462
21511.7 0.00590288
21513.9 0.00595803
21516.1 0.00601158
21518.3 0.00606345
21520.5 0.00611368
21522.7 0.00616235
21524.9 0.00620942
21527.1 0.0062548
21529.3 0.00629849
21531.5 0.00634058
21533.7 0.00638107
21535.9 0.00641988
21538.1 0.00645697
21540.3 0.00649241
21542.5 0.00652625
21544.7 0.00655843
21546.9 0.00658887
21549.1 0.00661762
21551.3 0.00664476
21553.5 0.00667027
21555.7 0.00669405
21557.9 0.00671612
21560.1 0.00673655
21562.3 0.00675536
21564.5 0.00677249
21566.7 0.00678788
21568.9 0.00680161
21571.1 0.00681375
21573.3 0.00682423
21575.5 0.006833
21577.7 0.00684008
21579.9 0.00684558
21582.1 0.00684947
21584.3 0.00685166
21586.5 0.00685217
21588.7 0.00685109
21590.9 0.00684845
21593.1 0.00684416
21595.3 0.00683819
21597.5 0.00683063
21599.7 0.00682154
21601.9 0.00681087
21604.1 0.00679855
21606.3 0.00678463
21608.5 0.00676921
21610.7 0.00675227
21612.9 0.00673374
21615.1 0.00671361
21617.3 0.00669201
21619.5 0.00666894
21621.7 0.00664434
21623.9 0.00661818
21626.1 0.00659055
21628.4 0.00656152
21630.6 0.00653103
21632.8 0.00649903
21635 0.00646558
21637.2 0.00643076
21639.4 0.00639457
21641.6 0.00635693
21643.8 0.00631787
21646 0.00627748
21648.2 0.00623579
21650.4 0.00619274
21652.6 0.0061483
21654.8 0.00610256
21657 0.0060556
21659.2 0.00600737
21661.4 0.00595781
21663.6 0.00590699
21665.8 0.005855
21668 0.00580183
21670.2 0.00574741
21672.4 0.00569177
21674.6 0.00563502
21676.8 0.00557718
21679 0.00551818
21681.2 0.00545802
21683.4 0.00539678
21685.6 0.00533454
21687.8 0.00527125
21690 0.00520686
21692.2 0.00514144
21694.4 0.00507509
21696.6 0.0050078
21698.8 0.0049395
21701 0.00487022
21703.2 0.00480007
21705.4 0.00472908
21707.6 0.00465718
21709.8 0.00458437
21712 0.00451074
21714.2 0.00443637
21716.4 0.0043612
21718.6 0.0042852
21720.8 0.00420843
21723 0.00413099
21725.2 0.00405288
21727.4 0.00397402
21729.6 0.00389446
21731.8 0.0038143
21734 0.00373357
21736.2 0.00365221
21738.4 0.00357021
21740.6 0.00348767
21742.8 0.00340466
21745 0.00332114
21747.2 0.00323707
21749.4 0.00315251
21751.6 0.00306756
21753.8 0.00298223
21756 0.00289644
21758.2 0.00281022
21760.4 0.00272369
21762.6 0.00263688
21764.8 0.00254973
21767 0.00246223
21769.2 0.00237447
21771.4 0.00228653
21773.6 0.00219837
21775.8 0.00210995
21778 0.00202132
21780.2 0.0019326
21782.4 0.00184378
21784.6 0.00175479
21786.8 0.00166567
21789 0.00157652
21791.2 0.00148737
21793.4 0.00139818
21795.6 0.00130891
21797.8 0.00121968
21800 0.00113056
21802.2 0.00104149
21804.4 0.000952447
21806.6 0.000863489
21808.8 0.000774715
21811 0.000686119
21813.2 0.000597637
21815.4 0.0005093
21817.6 0.000421213
21819.8 0.000333409
21822 0.000245826
21824.2 0.000158453
21826.4 7.13843e-05
21828.6 -1.53106e-05
21830.8 -0.000101674
21833 -0.000187751
21835.2 -0.000273474
21837.4 -0.000358749
21839.6 -0.000443586
21841.8 -0.000528047
21844 -0.000612105
21846.2 -0.000695656
21848.4 -0.000778672
21850.6 -0.000861215
21852.8 -0.000943297
21855 -0.00102483
21857.2 -0.00110574
21859.4 -0.00118608
21861.6 -0.00126589
21863.8 -0.00134511
21866 -0.00142364
21868.2 -0.00150151
21870.4 -0.00157877
21872.6 -0.0016554
21874.8 -0.00173129
21877 -0.00180643
21879.2 -0.00188088
21881.4 -0.00195465
21883.6 -0.00202766
21885.8 -0.00209983
21888 -0.00217123
21890.2 -0.0022419
21892.4 -0.00231177
21894.6 -0.00238076
21896.8 -0.00244889
21899 -0.00251622
21901.2 -0.00258272
21903.4 -0.00264831
21905.6 -0.00271297
21907.8 -0.00277675
21910 -0.00283968
21912.2 -0.00290167
21914.4 -0.00296267
21916.6 -0.00302272
21918.8 -0.00308188
21921 -0.00314008
21923.2 -0.00319725
21925.5 -0.00325341
21927.7 -0.00330862
21929.9 -0.00336287
21932.1 -0.00341605
21934.3 -0.00346817
21936.5 -0.00351928
21938.7 -0.00356941
21940.9 -0.00361847
21943.1 -0.00366642
21945.3 -0.00371331
21947.5 -0.00375919
21949.7 -0.003804
21951.9 -0.00384767
21954.1 -0.00389022
21956.3 -0.00393173
21958.5 -0.00397218
21960.7 -0.00401147
21962.9 -0.00404961
21965.1 -0.00408666
21967.3 -0.00412265
21969.5 -0.00415749
21971.7 -0.00419114
21973.9 -0.00422367
21976.1 -0.00425512
21978.3 -0.00428543
21980.5 -0.00431455
21982.7 -0.0043425
21984.9 -0.00436936
21987.1 -0.00439511
21989.3 -0.00441966
21991.5 -0.00444301
21993.7 -0.00446525
21995.9 -0.00448638
21998.1 -0.00450634
22000.3 -0.00452509
22002.5 -0.00454269
22004.7 -0.0045592
22006.9 -0.00457456
22009.1 -0.00458872
22011.3 -0.0046017
22013.5 -0.00461359
22015.7 -0.00462436
22017.9 -0.00463394
22020.1 -0.00464234
22022.3 -0.00464963
22024.5 -0.00465583
22026.7 -0.00466088
22028.9 -0.00466474
22031.1 -0.00466748
22033.3 -0.00466915
22035.5 -0.00466971
22037.7 -0.0046691
22039.9 -0.00466736
22042.1 -0.00466456
22044.3 -0.0046607
22046.5 -0.00465569
22048.7 -0.00464956
22050.9 -0.00464237
22053.1 -0.00463415
22055.3 -0.00462484
22057.5 -0.00461441
22059.7 -0.00460293
22061.9 -0.00459045
22064.1 -0.00457694
22066.3 -0.00456233
22068.5 -0.00454667
22070.7 -0.00453004
22072.9 -0.00451243
22075.1 -0.00449377
22077.3 -0.00447407
22079.5 -0.00445341
22081.7 -0.00443182
22083.9 -0.00440924
22086.1 -0.00438564
22088.3 -0.0043611
22090.5 -0.00433567
22092.7 -0.00430932
22094.9 -0.00428198
22097.1 -0.00425371
22099.3 -0.00422459
22101.5 -0.00419461
22103.7 -0.0041637
22105.9 -0.00413188
22108.1 -0.00409923
22110.3 -0.00406579
22112.5 -0.00403148
22114.7 -0.00399629
22116.9 -0.00396029
22119.1 -0.00392355
22121.3 -0.00388601
22123.5 -0.00384765
22125.7 -0.00380849
22127.9 -0.00376864
22130.1 -0.00372806
22132.3 -0.00368672
22134.5 -0.00364461
22136.7 -0.00360183
22138.9 -0.00355841
22141.1 -0.00351429
22143.3 -0.00346944
22145.5 -0.00342395
22147.7 -0.00337787
22149.9 -0.00333117
22152.1 -0.0032838
22154.3 -0.00323582
22156.5 -0.0031873
22158.7 -0.00313823
22160.9 -0.00308856
22163.1 -0.0030383
22165.3 -0.00298755
22167.5 -0.00293632
22169.7 -0.00288457
22171.9 -0.00283227
22174.1 -0.00277951
22176.3 -0.00272634
22178.5 -0.00267273
22180.7 -0.00261863
22182.9 -0.00256409
22185.1 -0.0025092
22187.3 -0.00245395
22189.5 -0.00239828
22191.7 -0.0023422
22193.9 -0.00228582
22196.1 -0.00222916
22198.3 -0.00217214
22200.5 -0.00211477
22202.7 -0.00205713
22204.9 -0.00199927
22207.1 -0.00194115
22209.3 -0.00188272
22211.5 -0.00182406
22213.7 -0.00176523
22215.9 -0.00170623
22218.1 -0.00164699
22220.3 -0.00158754
22222.6 -0.00152798
22224.8 -0.00146832
22227 -0.0014085
22229.2 -0.00134851
22231.4 -0.00128844
22233.6 -0.00122835
22235.8 -0.00116818
22238 -0.00110789
22240.2 -0.00104755
22242.4 -0.000987245
22244.6 -0.000926948
22246.8 -0.000866601
22249 -0.000806232
22251.2 -0.000745933
22253.4 -0.000685727
22255.6 -0.000625546
22257.8 -0.000565381
22260 -0.000505318
22262.2 -0.000445414
22264.4 -0.000385619
22266.6 -0.000325889
22268.8 -0.000266288
22271 -0.000206897
22273.2 -0.000147699
22275.4 -8.86288e-05
22277.6 -2.97126e-05
22279.8 2.89541e-05
22282 8.73525e-05
22284.2 0.00014555
22286.4 0.00020356
22288.6 0.000261294
22290.8 0.000318696
22293 0.000375819
22295.2 0.000432708
22297.4 0.000489302
22299.6 0.000545516
22301.8 0.000601372
22304 0.000656937
22306.2 0.000712186
22308.4 0.000767023
22310.6 0.000821431
22312.8 0.000875481
22315 0.000929186
22317.2 0.000982459
22319.4 0.00103525
22321.6 0.0010876
22323.8 0.00113957
22326 0.0011911
22328.2 0.0012421
22330.4 0.0012926
22332.6 0.00134266
22334.8 0.00139226
22337 0.00144131
22339.2 0.00148979
22341.4 0.00153778
22343.6 0.00158529
22345.8 0.00163223
22348 0.00167856
22350.2 0.00172432
22352.4 0.00176958
22354.6 0.00181426
22356.8 0.0018583
22359 0.00190171
22361.2 0.00194456
22363.4 0.00198684
22365.6 0.00202845
22367.8 0.00206939
22370 0.00210971
22372.2 0.00214945
22374.4 0.00218852
22376.6 0.00222686
22378.8 0.00226454
22381 0.00230162
22383.2 0.00233802
22385.4 0.00237368
22387.6 0.00240862
22389.8 0.00244292
22392 0.00247655
22394.2 0.00250943
22396.4 0.00254155
22398.6 0.00257298
22400.8 0.00260374
22403 0.00263375
22405.2 0.00266297
22407.4 0.00269145
22409.6 0.00271926
22411.8 0.00274633
22414 0.00277259
22416.2 0.00279807
22418.4 0.00282284
22420.6 0.0028469
22422.8 0.00287014
22425 0.00289257
22427.2 0.00291427
22429.4 0.00293525
22431.6 0.00295544
22433.8 0.00297479
22436 0.00299336
22438.2 0.00301122
22440.4 0.00302831
22442.6 0.00304456
22444.8 0.00305999
22447 0.0030747
22449.2 0.00308866
22451.4 0.00310179
22453.6 0.00311409
22455.8 0.00312563
22458 0.00313644
22460.2 0.00314645
22462.4 0.0031556
22464.6 0.00316398
22466.8 0.00317164
22469 0.00317853
22471.2 0.00318456
22473.4 0.0031898
22475.6 0.00319431
22477.8 0.00319808
22480 0.00320103
22482.2 0.00320316
22484.4 0.00320455
22486.6 0.00320522
22488.8 0.00320511
22491 0.00320417
22493.2 0.00320248
22495.4 0.0032001
22497.6 0.00319697
22499.8 0.00319302
22502 0.00318831
22504.2 0.00318291
22506.4 0.0031768
22508.6 0.00316991
22510.8 0.00316224
22513 0.00315389
22515.2 0.00314486
22517.4 0.0031351
22519.6 0.00312456
22521.9 0.00311332
22524.1 0.00310145
22526.3 0.00308888
22528.5 0.00307556
22530.7 0.00306153
22532.9 0.00304689
22535.1 0.0030316
22537.3 0.0030156
22539.5 0.00299888
22541.7 0.00298155
22543.9 0.00296363
22546.1 0.00294505
22548.3 0.00292576
22550.5 0.00290586
22552.7 0.0028854
22554.9 0.00286434
22557.1 0.0028426
22559.3 0.00282025
22561.5 0.00279736
22563.7 0.00277392
22565.9 0.00274986
22568.1 0.00272518
22570.3 0.00269999
22572.5 0.00267429
22574.7 0.00264803
22576.9 0.00262117
22579.1 0.0025938
22581.3 0.00256597
22583.5 0.00253764
22585.7 0.00250874
22587.9 0.00247933
22590.1 0.0024495
22592.3 0.00241923
22594.5 0.00238844
22596.7 0.00235715
22598.9 0.00232545
22601.1 0.00229338
22603.3 0.00226085
22605.5 0.00222784
22607.7 0.00219442
22609.9 0.00216068
22612.1 0.00212656
22614.3 0.00209199
22616.5 0.00205702
22618.7 0.00202176
22620.9 0.00198619
22623.1 0.00195022
22625.3 0.00191387
22627.5 0.00187724
22629.7 0.00184037
22631.9 0.00180316
22634.1 0.0017656
22636.3 0.00172778
22638.5 0.00168975
22640.7 0.00165146
22642.9 0.00161287
22645.1 0.00157401
22647.3 0.00153498
22649.5 0.00149577
22651.7 0.00145631
22653.9 0.00141659
22656.1 0.00137673
22658.3 0.00133675
22660.5 0.00129658
22662.7 0.00125619
22664.9 0.00121567
22667.1 0.00117507
22669.3 0.00113436
22671.5 0.00109347
22673.7 0.00105245
22675.9 0.0010114
22678.1 0.000970296
22680.3 0.000929072
22682.5 0.000887736
22684.7 0.000846387
22686.9 0.000805054
22689.1 0.000763663
22691.3 0.000722185
22693.5 0.000680705
22695.7 0.00063929
22697.9 0.000597889
22700.1 0.000556441
22702.3 0.000514999
22704.5 0.000473655
22706.7 0.000432395
22708.9 0.000391141
22711.1 0.000349905
22713.3 0.000308787
22715.5 0.000267813
22717.7 0.000226909
22719.9 0.000186047
22722.1 0.00014531
22724.3 0.000104765
22726.5 6.43583e-05
22728.7 2.40295e-05
22730.9 -1.61681e-05
22733.1 -5.61439e-05
22735.3 -9.59139e-05
22737.5 -0.000135557
22739.7 -0.000175059
22741.9 -0.000214325
22744.1 -0.000253327
22746.3 -0.000292142
22748.5 -0.000330798
22750.7 -0.000369211
22752.9 -0.000407319
22755.1 -0.000445174
22757.3 -0.00048284
22759.5 -0.000520261
22761.7 -0.00055735
22763.9 -0.000594125
22766.1 -0.000630665
22768.3 -0.000666957
22770.5 -0.000702905
22772.7 -0.000738487
22774.7 -0.00077024
22776.7 -0.000801786
22778.7 -0.000833072
22780.7 -0.000864032
22782.6 -0.000894683
22784.6 -0.000925086
22786.6 -0.000955253
22788.6 -0.00098512
22790.5 -0.00101464
22792.5 -0.00104383
22794.5 -0.00107276
22796.5 -0.00110143
22798.5 -0.00112976
22800.4 -0.00115771
22802.4 -0.00118534
22804.4 -0.00121268
22806.4 -0.00123973
22808.4 -0.00126641
22810.3 -0.00129271
22812.3 -0.00131866
22814.3 -0.00134432
22816.3 -0.00136965
22818.3 -0.00139458
22820.2 -0.00141912
22822.2 -0.0014433
22824.2 -0.00146718
22826.2 -0.0014907
22828.2 -0.0015138
22830.1 -0.00153649
22832.1 -0.00155883
22834.1 -0.00158084
22836.1 -0.00160247
22838.1 -0.00162366
22840 -0.00164444
22842 -0.00166486
22844 -0.00168493
22846 -0.00170459
22848 -0.00172381
22849.9 -0.0017426
22851.9 -0.00176104
22853.9 -0.00177911
22855.9 -0.00179675
22857.8 -0.00181393
22859.8 -0.0018307
22861.8 -0.0018471
22863.8 -0.00186312
22865.8 -0.00187869
22867.7 -0.0018938
22869.7 -0.00190849
22871.7 -0.00192282
22873.7 -0.00193674
22875.7 -0.0019502
22877.6 -0.0019632
22879.6 -0.00197579
22881.6 -0.00198801
22883.6 -0.00199981
22885.6 -0.00201113
22887.5 -0.002022
22889.5 -0.00203247
22891.5 -0.00204256
22893.5 -0.00205221
22895.5 -0.00206139
22897.4 -0.00207012
22899.4 -0.00207845
22901.4 -0.0020864
22903.4 -0.0020939
22905.4 -0.00210093
22907.3 -0.00210751
22909.3 -0.00211371
22911.3 -0.00211952
22913.3 -0.00212487
22915.3 -0.00212975
22917.2 -0.0021342
22919.2 -0.00213827
22921.2 -0.00214195
22923.2 -0.00214516
22925.1 -0.00214791
22927.1 -0.00215025
22929.1 -0.00215221
22931.1 -0.00215378
22933.1 -0.00215488
22935 -0.00215552
22937 -0.00215577
22939 -0.00215566
22941 -0.00215514
22943 -0.00215416
22944.9 -0.00215274
22946.9 -0.00215094
22948.9 -0.00214878
22950.9 -0.00214621
22952.9 -0.00214319
22954.8 -0.00213975
22956.8 -0.00213595
22958.8 -0.0021318
22960.8 -0.00212722
22962.8 -0.00212221
22964.7 -0.00211681
22966.7 -0.00211106
22968.7 -0.00210496
22970.7 -0.00209844
22972.7 -0.00209151
22974.6 -0.0020842
22976.6 -0.00207656
22978.6 -0.00206857
22980.6 -0.00206018
22982.5 -0.00205138
22984.5 -0.00204224
22986.5 -0.00203278
22988.5 -0.00202298
22990.5 -0.00201278
22992.4 -0.0020022
22994.4 -0.00199129
22996.4 -0.00198009
22998.4 -0.00196855
23000.4 -0.00195662
23002.3 -0.00194434
23004.3 -0.00193176
23006.3 -0.00191889
23008.3 -0.00190569
23010.3 -0.00189212
23012.2 -0.00187823
23014.2 -0.00186407
23016.2 -0.00184962
23018.2 -0.00183485
23020.2 -0.00181974
23022.2 -0.00180377
23024.3 -0.00178754
23026.3 -0.00177101
23028.4 -0.00175415
23030.4 -0.00173695
23032.5 -0.00171947
23034.5 -0.00170175
23036.6 -0.00168374
23038.6 -0.0016654
23040.7 -0.00164676
23042.7 -0.00162789
23044.8 -0.00160879
23046.8 -0.0015894
23048.9 -0.00156971
23050.9 -0.00154977
23053 -0.00152963
23055 -0.00150926
23057.1 -0.00148862
23059.1 -0.0014677
23061.2 -0.00144659
23063.2 -0.0014253
23065.3 -0.00140378
23067.3 -0.001382
23069.4 -0.00136
23071.4 -0.00133784
23073.5 -0.00131551
23075.5 -0.00129296
23077.6 -0.00127019
23079.6 -0.00124724
23081.7 -0.00122416
23083.7 -0.00120092
23085.8 -0.00117748
23087.8 -0.00115385
23089.9 -0.00113009
23091.9 -0.00110622
23094 -0.0010822
23096 -0.00105799
23098.1 -0.00103364
23100.1 -0.00100921
23102.2 -0.000984674
23104.2 -0.000959996
23106.3 -0.000935168
23108.3 -0.000910245
23110.4 -0.000885266
23112.4 -0.000860199
23114.5 -0.000835001
23116.5 -0.000809693
23118.6 -0.000784337
23120.6 -0.000758946
23122.7 -0.000733472
23124.7 -0.000707893
23126.8 -0.00068225
23128.8 -0.000656597
23130.9 -0.000630921
23132.9 -0.000605173
23135 -0.000579353
23137 -0.000553517
23139.1 -0.0005277
23141.1 -0.000501867
23143.2 -0.000475979
23145.2 -0.000450059
23147.3 -0.000424169
23149.3 -0.000398316
23151.4 -0.000372454
23153.4 -0.000346561
23155.5 -0.000320684
23157.5 -0.000294871
23159.6 -0.000269107
23161.6 -0.000243343
23163.7 -0.000217583
23165.7 -0.000191885
23167.8 -0.000166277
23169.8 -0.000140724
23171.9 -0.000115188
23173.9 -8.96962e-05
23176 -6.43077e-05
23178 -3.90263e-05
23180.1 -1.38044e-05
23182.1 1.13755e-05
23184.2 3.64655e-05
23186.2 6.142e-05
23188.3 8.62592e-05
23190.3 0.00011103
23192.4 0.000135725
23194.5 0.000161138
23196.6 0.000186383
23198.7 0.000211504
23200.9 0.000236535
23203 0.000261433
23205.1 0.000286143
23207.2 0.000310679
23209.3 0.000335095
23211.5 0.000359384
23213.6 0.000383485
23215.7 0.000407374
23217.8 0.000431096
23220 0.000454684
23222.1 0.000478095
23224.2 0.000501275
23226.3 0.000524241
23228.4 0.000547045
23230.6 0.00056968
23232.7 0.000592085
23234.8 0.000614239
23236.9 0.000636187
23239 0.000657963
23241.2 0.000679521
23243.3 0.000700809
23245.4 0.000721847
23247.5 0.000742686
23249.7 0.00076332
23251.8 0.000783686
23253.9 0.000803766
23256 0.000823608
23258.1 0.000843242
23260.3 0.000862624
23262.4 0.000881702
23264.5 0.000900499
23266.6 0.000919067
23268.7 0.000937396
23270.9 0.000955426
23273 0.000973141
23275.1 0.000990589
23277.2 0.0010078
23279.4 0.00102473
23281.5 0.00104133
23283.6 0.00105762
23285.7 0.00107366
23287.8 0.00108943
23290 0.00110488
23292.1 0.00111998
23294.2 0.0011348
23296.3 0.00114936
23298.4 0.00116361
23300.6 0.00117751
23302.7 0.00119109
23304.8 0.00120439
23306.9 0.0012174
23309.1 0.00123007
23311.2 0.00124238
23313.3 0.00125439
23315.4 0.00126611
23317.5 0.00127752
23319.7 0.00128856
23321.8 0.00129926
23323.9 0.00130966
23326 0.00131977
23328.2 0.00132953
23330.3 0.00133891
23332.4 0.00134797
23334.5 0.00135675
23336.6 0.0013652
23338.8 0.00137327
23340.9 0.00138098
23343 0.00138841
23345.1 0.00139552
23347.2 0.00140227
23349.4 0.00140865
23351.5 0.00141471
23353.6 0.00142047
23355.7 0.0014259
23357.9 0.00143094
23360 0.00143564
23362.1 0.00144003
23364.2 0.00144412
23366.3 0.00144785
23368.5 0.0014512
23370.6 0.00145423
23372.7 0.00145697
23374.8 0.00145938
23376.9 0.0014614
23379.1 0.00146308
23381.2 0.00146447
23383.3 0.00146556
23385.4 0.00146628
23387.6 0.00146664
23389.7 0.00146669
23391.8 0.00146646
23393.9 0.00146589
23396 0.00146496
23398.2 0.00146369
23400.3 0.00146214
23402.4 0.0014603
23404.5 0.00145811
23406.6 0.00145557
23408.8 0.00145273
23410.9 0.00144962
23413 0.00144619
23415.1 0.00144241
23417.3 0.00143831
23419.4 0.00143395
23421.5 0.00142931
23423.6 0.00142434
23425.7 0.00141902
23427.9 0.00141344
23430 0.0014076
23432.1 0.00140147
23434.2 0.001395
23436.3 0.00138823
23438.5 0.00138122
23440.6 0.00137396
23442.7 0.00136638
23444.8 0.00135849
23447 0.00135035
23449.1 0.00134198
23451.2 0.00133334
23453.3 0.00132438
23455.4 0.00131516
23457.6 0.00130571
23459.7 0.00129604
23461.8 0.00128608
23463.9 0.00127584
23466 0.00126537
23468.2 0.0012547
23470.3 0.00124379
23472.4 0.00123259
23474.5 0.00122115
23476.7 0.00120953
23478.8 0.0011977
23480.9 0.00118562
23483 0.00117328
23485.1 0.00116075
23487.3 0.00114805
23489.4 0.00113514
23491.5 0.00112198
23493.6 0.0011086
23495.7 0.00109508
23497.9 0.00108138
23500 0.00106746
23502.1 0.00105332
23504.2 0.00103902
23506.4 0.00102459
23508.5 0.00100998
23510.6 0.000995152
23512.7 0.000980148
23514.8 0.000965026
23517 0.000949773
23519.1 0.000934331
23521.2 0.000918701
23523.3 0.000902949
23525.4 0.000887102
23527.6 0.00087111
23529.7 0.000854938
23531.8 0.000838627
23533.9 0.000822236
23536.1 0.00080575
23538.2 0.000789111
23540.3 0.000772323
23542.4 0.00075545
23544.5 0.000738519
23546.7 0.000721481
23548.8 0.000704299
23550.9 0.000687018
23553 0.000669694
23555.2 0.000652312
23557.3 0.000634816
23559.4 0.000617208
23561.5 0.000599554
23563.6 0.000581879
23565.8 0.000564135
23567.9 0.000546285
23570 0.000528374
23572.1 0.000510459
23574.2 0.000492524
23576.4 0.000474511
23578.5 0.000456425
23580.6 0.000438331
23582.7 0.000420254
23584.9 0.000402145
23587 0.000383968
23589.1 0.000365768
23591.2 0.000347601
23593.3 0.00032945
23595.5 0.00031126
23597.6 0.000293034
23599.7 0.000274837
23601.8 0.000256694
23603.9 0.000238555
23606.1 0.000220385
23608.2 0.000202228
23610.3 0.000184142
23612.4 0.000166107
23614.6 0.000148068
23616.7 0.00013003
23618.8 0.000112056
23620.9 9.41719e-05
23623 7.63263e-05
23625.2 5.84848e-05
23627.3 4.06919e-05
23629.4 2.30036e-05
23631.5 5.40109e-06
23633.6 -1.2172e-05
23635.8 -2.97103e-05
23637.9 -4.71496e-05
23640 -6.4467e-05
23642.1 -8.17131e-05
23644.3 -9.89221e-05
23646.4 -0.00011605
23648.5 -0.000133041
23650.6 -0.000149914
23652.7 -0.000166727
23654.9 -0.000183473
23657 -0.000200089
23659.1 -0.000216553
23661.2 -0.000232915
23663.3 -0.00024921
23665.5 -0.000265394
23667.6 -0.000281412
23669.7 -0.000297283
23671.8 -0.000313066
23674 -0.000328753
23676.1 -0.000344282
23678.2 -0.000359631
23680.3 -0.000374852
23682.4 -0.000389979
23684.6 -0.000404967
23686.7 -0.000419763
23688.8 -0.000434388
23690.9 -0.000448899
23693 -0.000463289
23695.2 -0.000477495
23697.3 -0.000491499
23699.4 -0.00050535
23701.5 -0.000519084
23703.7 -0.000532656
23705.8 -0.000546014
23707.9 -0.000559178
23710 -0.000572206
23712.1 -0.000585092
23714.3 -0.000597774
23716.4 -0.000610233
23718.5 -0.000622519
23720.6 -0.000634669
23722.7 -0.000646637
23724.9 -0.000658372
23727 -0.000669896
23729.1 -0.000681265
23731.2 -0.000692475
23733.4 -0.000703464
23735.5 -0.000714213
23737.6 -0.000724774
23739.7 -0.000735182
23741.8 -0.000745394
23744 -0.000755357
23746.1 -0.000765096
23748.2 -0.000774666
23750.3 -0.000784063
23752.4 -0.000793226
23754.6 -0.000802137
23756.7 -0.000810848
23758.8 -0.000819395
23760.9 -0.000827733
23763.1 -0.000835813
23765.2 -0.000843658
23767.3 -0.000851325
23769.4 -0.000858809
23771.5 -0.00086605
23773.7 -0.000873031
23775.8 -0.000879805
23777.9 -0.000886406
23780 -0.000892791
23782.2 -0.000898912
23784.3 -0.000904792
23786.4 -0.000910489
23788.5 -0.000915997
23790.6 -0.000921256
23792.8 -0.000926253
23794.9 -0.000931038
23797 -0.000935646
23799.1 -0.000940036
23801.2 -0.000944159
23803.4 -0.00094804
23805.5 -0.000951735
23807.6 -0.000955239
23809.7 -0.000958495
23811.9 -0.000961487
23814 -0.000964269
23816.1 -0.000966874
23818.2 -0.000969261
23820.3 -0.000971382
23822.5 -0.000973265
23824.6 -0.000974963
23826.7 -0.000976473
23828.8 -0.000977737
23830.9 -0.000978742
23833.1 -0.000979541
23835.2 -0.000980166
23837.3 -0.000980577
23839.4 -0.000980728
23841.6 -0.000980647
23843.7 -0.000980388
23845.8 -0.000979945
23847.9 -0.000979263
23850 -0.00097833
23852.2 -0.000977198
23854.3 -0.000975901
23856.4 -0.000974396
23858.5 -0.000972642
23860.6 -0.000970664
23862.8 -0.000968517
23864.9 -0.000966196
23867 -0.000963645
23869.1 -0.000960855
23871.3 -0.000957878
23873.4 -0.000954744
23875.5 -0.000951415
23877.6 -0.000947849
23879.7 -0.000944071
23881.9 -0.000940137
23884 -0.000936041
23886.1 -0.000931729
23888.2 -0.00092719
23890.3 -0.00092248
23892.5 -0.000917626
23894.6 -0.000912591
23896.7 -0.000907333
23898.8 -0.000901881
23901 -0.000896287
23903.1 -0.000890546
23905.2 -0.000884604
23907.3 -0.000878454
23909.4 -0.000872148
23911.6 -0.000865715
23913.7 -0.000859118
23915.8 -0.000852315
23917.9 -0.000845336
23920 -0.000838233
23922.2 -0.000831001
23924.3 -0.000823586
23926.4 -0.000815981
23928.6 -0.00080797
23930.8 -0.000799843
23933 -0.000791554
23935.2 -0.000783067
23937.4 -0.000774422
23939.6 -0.000765671
23941.8 -0.000756791
23944 -0.000747728
23946.2 -0.000738498
23948.4 -0.000729161
23950.6 -0.000719723
23952.8 -0.000710128
23955 -0.000700364
23957.1 -0.000690485
23959.3 -0.000680524
23961.5 -0.000670439
23963.7 -0.000660191
23965.9 -0.000649819
23968.1 -0.000639375
23970.3 -0.000628838
23972.5 -0.000618156
23974.7 -0.000607343
23976.9 -0.000596458
23979.1 -0.000585508
23981.3 -0.000574441
23983.5 -0.00056324
23985.7 -0.000551961
23987.9 -0.000540638
23990.1 -0.000529229
23992.3 -0.000517696
23994.5 -0.000506075
23996.7 -0.00049442
23998.9 -0.000482711
24001 -0.000470898
24003.2 -0.00045899
24005.4 -0.000447048
24007.6 -0.000435081
24009.8 -0.000423036
24012 -0.000410897
24014.2 -0.000398718
24016.4 -0.000386533
24018.6 -0.000374303
24020.8 -0.000361988
24023 -0.000349625
24025.2 -0.000337265
24027.4 -0.000324892
24029.6 -0.000312455
24031.8 -0.000299963
24034 -0.000287475
24036.2 -0.000275
24038.4 -0.000262489
24040.6 -0.000249924
24042.8 -0.000237357
24045 -0.000224822
24047.1 -0.000212283
24049.3 -0.000199699
24051.5 -0.000187105
24053.7 -0.000174553
24055.9 -0.000162027
24058.1 -0.000149476
24060.3 -0.00013691
24062.5 -0.000124385
24064.7 -0.000111912
24066.9 -9.94417e-05
24069.1 -8.69565e-05
24071.3 -7.45062e-05
24073.5 -6.2126e-05
24075.7 -4.97793e-05
24077.9 -3.74273e-05
24080.1 -2.51018e-05
24082.3 -1.28544e-05
24084.5 -6.70496e-07
24086.7 1.15e-05
24088.9 2.36498e-05
24091.1 3.57225e-05
24093.2 4.77069e-05
24095.4 5.96519e-05
24097.6 7.1576e-05
24099.8 8.34299e-05
24102 9.5179e-05
24104.2 0.000106859
24106.4 0.00011851
24108.6 0.0001301
24110.8 0.000141577
24113 0.000152958
24115.2 0.000164291
24117.4 0.00017557
24119.6 0.00018674
24121.8 0.000197788
24124 0.000208765
24126.2 0.000219689
24128.4 0.000230512
24130.6 0.000241198
24132.8 0.000251785
24135 0.000262311
24137.2 0.000272747
24139.3 0.00028304
24141.5 0.000293207
24143.7 0.000303298
24145.9 0.000313307
24148.1 0.000323177
24150.3 0.000332899
24152.5 0.000342521
24154.7 0.000352064
24156.9 0.000361479
24159.1 0.000370732
24161.3 0.000379859
24163.5 0.0003889
24165.7 0.000397827
24167.9 0.000406587
24170.1 0.000415196
24172.3 0.000423706
24174.5 0.000432111
24176.7 0.000440355
24178.9 0.000448428
24181.1 0.00045638
24183.3 0.000464232
24185.4 0.000471936
24187.6 0.000479457
24189.8 0.000486831
24192 0.000494103
24194.2 0.000501241
24196.4 0.000508194
24198.6 0.000514977
24200.8 0.000521645
24203 0.000528192
24205.2 0.000534562
24207.4 0.000540743
24209.6 0.000546789
24211.8 0.000552722
24214 0.000558492
24216.2 0.000564065
24218.4 0.000569478
24220.6 0.000574776
24222.8 0.000579929
24225 0.000584886
24227.2 0.000589661
24229.3 0.000594309
24231.5 0.000598829
24233.7 0.000603162
24235.9 0.000607297
24238.1 0.000611288
24240.3 0.000615158
24242.5 0.00061886
24244.7 0.000622357
24246.9 0.000625686
24249.1 0.000628896
24251.3 0.000631958
24253.5 0.000634817
24255.7 0.000637489
24257.9 0.000640032
24260.1 0.000642444
24262.3 0.000644668
24264.5 0.00064669
24266.7 0.000648565
24268.9 0.000650321
24271.1 0.000651909
24273.3 0.00065329
24275.4 0.000654504
24277.6 0.0006556
24279.8 0.000656551
24282 0.000657302
24284.2 0.000657867
24286.4 0.000658305
24288.6 0.000658618
24290.8 0.000658748
24293 0.000658678
24295.2 0.000658467
24297.4 0.000658144
24299.6 0.000657659
24301.8 0.000656974
24304 0.000656127
24306.2 0.000655171
24308.4 0.000654079
24310.6 0.000652796
24312.8 0.000651334
24315 0.000649755
24317.2 0.000648062
24319.4 0.000646197
24321.5 0.000644142
24323.7 0.000641956
24325.9 0.000639671
24328.1 0.000637238
24330.3 0.000634616
24332.5 0.000631845
24334.7 0.000628978
24336.9 0.00062599
24339.1 0.000622826
24341.3 0.000619496
24343.5 0.000616064
24345.7 0.000612535
24347.9 0.00060885
24350.1 0.000604991
24352.3 0.000601016
24354.5 0.00059696
24356.7 0.000592776
24358.9 0.000588419
24361.1 0.00058393
24363.3 0.000579363
24365.5 0.000574698
24367.6 0.000569874
24369.8 0.000564902
24372 0.000559847
24374.2 0.000554718
24376.4 0.000549454
24378.6 0.000544036
24380.8 0.000538521
24383 0.000532947
24385.2 0.000527268
24387.4 0.000521438
24389.6 0.000515496
24391.8 0.0005095
24394 0.000503429
24396.2 0.000497222
24398.4 0.000490889
24400.6 0.000484496
24402.8 0.000478054
24405 0.000471502
24407.2 0.000464818
24409.4 0.00045806
24411.6 0.00045127
24413.7 0.0004444
24415.9 0.000437404
24418.1 0.000430318
24420.3 0.000423203
24422.5 0.000416042
24424.7 0.00040877
24426.9 0.000401395
24429.1 0.000393986
24431.3 0.000386556
24433.5 0.000379043
24435.7 0.000371421
24437.9 0.000363752
24440.1 0.000356077
24442.3 0.000348351
24444.5 0.000340524
24446.7 0.000332632
24448.9 0.000324739
24451.1 0.000316827
24453.3 0.000308833
24455.5 0.00030076
24457.6 0.000292679
24459.8 0.000284605
24462 0.000276478
24464.2 0.000268267
24466.4 0.000260033
24468.6 0.000251822
24470.8 0.00024359
24473 0.000235283
24475.2 0.000226935
24477.4 0.000218613
24479.6 0.000210303
24481.8 0.000201937
24484 0.000193518
24486.2 0.000185115
24488.4 0.00017675
24490.6 0.000168358
24492.8 0.00015991
24495 0.000151461
24497.2 0.000143064
24499.4 0.000134675
24501.6 0.000126237
24503.7 0.000117782
24505.9 0.000109379
24508.1 0.000101016
24510.3 9.2625e-05
24512.5 8.42037e-05
24514.7 7.58234e-05
24516.9 6.7508e-05
24519.1 5.91948e-05
24521.3 5.0848e-05
24523.5 4.25244e-05
24525.7 3.42777e-05
24527.9 2.60674e-05
24530.1 1.7833e-05
24532.3 9.60314e-06
24534.5 1.44868e-06
24536.7 -6.63807e-06
24538.9 -1.47269e-05
24541.1 -2.28245e-05
24543.3 -3.08595e-05
24545.5 -3.88043e-05
24547.7 -4.67206e-05
24549.8 -5.46481e-05
24552 -6.25324e-05
24554.2 -7.03169e-05
24556.4 -7.80392e-05
24558.6 -8.57624e-05
24560.8 -9.34618e-05
24563 -0.000101065
24565.2 -0.000108577
24567.4 -0.000116066
24569.6 -0.000123546
24571.8 -0.000130944
24574 -0.00013823
24576.2 -0.000145464
24578.4 -0.000152689
24580.6 -0.000159854
24582.8 -0.0001669
24585 -0.00017386
24587.2 -0.000180802
24589.4 -0.000187703
24591.6 -0.000194491
24593.8 -0.000201167
24595.9 -0.0002078
24598.1 -0.000214407
24600.3 -0.000220917
24602.5 -0.000227297
24604.7 -0.000233605
24606.9 -0.000239888
24609.1 -0.000246096
24611.3 -0.00025217
24613.5 -0.000258141
24615.7 -0.000264074
24617.9 -0.000269955
24620.1 -0.00027571
24622.3 -0.000281335
24624.5 -0.000286902
24626.7 -0.000292428
24628.9 -0.000297848
24631.1 -0.000303123
24633.3 -0.000308309
24635.5 -0.000313458
24637.7 -0.000318522
24639.8 -0.000323441
24642 -0.000328242
24644.2 -0.000332992
24646.4 -0.000337681
24648.6 -0.000342235
24650.8 -0.000346647
24653 -0.000350988
24655.2 -0.000355279
24657.4 -0.000359456
24659.6 -0.00036348
24661.8 -0.000367403
24664 -0.000371279
24666.2 -0.000375065
24668.4 -0.000378698
24670.6 -0.000382204
24672.8 -0.000385651
24675 -0.000389029
24677.2 -0.000392269
24679.4 -0.00039536
24681.6 -0.00039837
24683.8 -0.000401326
24685.9 -0.000404165
24688.1 -0.000406846
24690.3 -0.000409418
24692.5 -0.000411938
24694.7 -0.000414367
24696.9 -0.000416641
24699.1 -0.000418781
24701.3 -0.000420858
24703.5 -0.000422865
24705.7 -0.000424733
24707.9 -0.000426449
24710.1 -0.00042808
24712.3 -0.000429656
24714.5 -0.000431116
24716.7 -0.000432417
24718.9 -0.000433608
24721.1 -0.000434744
24723.3 -0.000435792
24725.5 -0.000436687
24727.7 -0.000437447
24729.9 -0.000438142
24732 -0.000438771
24734.2 -0.000439265
24736.4 -0.000439608
24738.6 -0.000439865
24740.8 -0.00044007
24743 -0.000440165
24745.2 -0.000440105
24747.4 -0.000439935
24749.6 -0.000439713
24751.8 -0.00043941
24754 -0.000438959
24756.2 -0.000438376
24758.4 -0.000437732
24760.6 -0.000437027
24762.8 -0.000436196
24765 -0.000435218
24767.2 -0.000434159
24769.4 -0.000433054
24771.6 -0.000431848
24773.8 -0.000430494
24776 -0.000429036
24778.1 -0.000427532
24780.3 -0.000425955
24782.5 -0.000424242
24784.7 -0.000422403
24786.9 -0.000420509
24789.1 -0.000418564
24791.3 -0.000416504
24793.5 -0.000414307
24795.7 -0.000412035
24797.9 -0.000409726
24800.1 -0.00040733
24802.3 -0.000404796
24804.5 -0.000402166
24806.7 -0.0003995
24808.9 -0.000396774
24811.1 -0.000393924
24813.3 -0.000390959
24815.5 -0.000387947
24817.7 -0.000384898
24819.9 -0.000381747
24822.1 -0.000378472
24824.2 -0.000375132
24826.4 -0.000371767
24828.6 -0.00036833
24830.8 -0.00036477
24833 -0.000361124
24835.2 -0.000357454
24837.4 -0.000353739
24839.6 -0.000349916
24841.8 -0.000345991
24844 -0.000342031
24846.2 -0.000338048
24848.4 -0.00033398
24850.6 -0.000329804
24852.8 -0.000325574
24855 -0.000321333
24857.2 -0.000317037
24859.4 -0.000312636
24861.6 -0.000308162
24863.8 -0.000303677
24866 -0.000299164
24868.1 -0.000294561
24870.3 -0.000289872
24872.5 -0.000285161
24874.7 -0.000280443
24876.9 -0.00027566
24879.1 -0.000270783
24881.3 -0.000265869
24883.5 -0.000260959
24885.7 -0.000256011
24887.9 -0.000250976
24890.1 -0.000245885
24892.3 -0.000240798
24894.5 -0.000235701
24896.7 -0.000230532
24898.9 -0.000225294
24901.1 -0.00022005
24903.3 -0.000214815
24905.5 -0.000209535
24907.7 -0.00020418
24909.9 -0.000198802
24912.1 -0.000193445
24914.2 -0.000188069
24916.4 -0.000182626
24918.6 -0.000177142
24920.8 -0.000171679
24923 -0.000166223
24925.2 -0.000160716
24927.4 -0.000155157
24929.6 -0.000149608
24931.8 -0.000144086
24934 -0.000138537
24936.2 -0.000132932
24938.4 -0.000127321
24940.6 -0.000121747
24942.8 -0.000116174
24945 -0.000110551
24947.2 -0.000104907
24949.4 -9.92977e-05
24951.6 -9.37145e-05
24953.8 -8.8099e-05
24956 -8.24494e-05
24958.2 -7.68256e-05
24960.3 -7.12461e-05
24962.5 -6.56583e-05
24964.7 -6.0033e-05
24966.9 -5.4418e-05
24969.1 -4.88563e-05
24971.3 -4.3313e-05
24973.5 -3.77389e-05
24975.7 -3.21592e-05
24977.9 -2.66314e-05
24980.1 -2.11463e-05
24982.3 -1.56469e-05
24984.5 -1.01305e-05
24986.7 -4.65548e-06
24988.9 7.58909e-07
24991.1 6.16429e-06
24993.3 1.15902e-05
24995.5 1.699e-05
24997.7 2.23211e-05
24999.9 2.76172e-05
25002.1 3.29274e-05
25004.3 3.82275e-05
25006.4 4.34608e-05
25008.6 4.86356e-05
25010.8 5.38084e-05
25013 5.8983e-05
25015.2 6.41015e-05
25017.4 6.91445e-05
25019.6 7.41629e-05
25021.8 7.91867e-05
25024 8.41704e-05
25026.2 8.90712e-05
25028.4 9.39222e-05
25030.6 9.87726e-05
25032.8 0.000103599
25035 0.000108346
25037.2 0.00011302
25039.4 0.000117678
25041.6 0.000122324
25043.8 0.000126902
25046 0.000131392
25048.2 0.000135843
25050.4 0.000140287
25052.5 0.000144679
25054.7 0.000148976
25056.9 0.00015321
25059.1 0.000157432
25061.3 0.000161619
25063.5 0.000165715
25065.7 0.000169726
25067.9 0.00017371
25070.1 0.000177671
25072.3 0.000181555
25074.5 0.000185338
25076.7 0.000189073
25078.9 0.000192791
25081.1 0.000196447
25083.3 0.000199999
25085.5 0.000203478
25087.7 0.000206935
25089.9 0.000210349
25092.1 0.000213664
25094.3 0.000216884
25096.4 0.000220069
25098.6 0.000223224
25100.8 0.000226293
25103 0.000229255
25105.2 0.000232159
25107.4 0.00023504
25109.6 0.000237854
25111.8 0.000240555
25114 0.000243177
25116.2 0.000245771
25118.4 0.000248317
25120.6 0.000250757
25122.8 0.000253097
25125 0.000255396
25127.2 0.000257661
25129.4 0.000259835
25131.6 0.000261897
25133.8 0.000263897
25136 0.000265869
25138.2 0.000267771
25140.4 0.000269558
25142.5 0.00027126
25144.7 0.000272932
25146.9 0.000274553
25149.1 0.000276066
25151.3 0.000277476
25153.5 0.000278842
25155.7 0.000280173
25157.9 0.000281412
25160.1 0.000282537
25162.3 0.000283597
25164.5 0.00028463
25166.7 0.000285593
25168.9 0.000286439
25171.1 0.0002872
25173.3 0.00028793
25175.5 0.000288611
25177.7 0.000289185
25179.9 0.000289655
25182.1 0.000290081
25184.3 0.000290475
25186.5 0.000290779
25188.6 0.000290968
25190.8 0.000291095
25193 0.000291197
25195.2 0.000291232
25197.4 0.000291152
25199.6 0.000290989
25201.8 0.000290798
25204 0.000290562
25206.2 0.000290222
25208.4 0.000289781
25210.6 0.000289299
25212.8 0.00028879
25215 0.000288196
25217.2 0.000287491
25219.4 0.000286727
25221.6 0.000285944
25223.8 0.0002851
25226 0.000284145
25228.2 0.000283111
25230.4 0.000282055
25232.6 0.000280962
25234.7 0.00027977
25236.9 0.000278481
25239.1 0.000277158
25241.3 0.000275816
25243.5 0.000274396
25245.7 0.00027287
25247.9 0.000271292
25250.1 0.000269702
25252.3 0.00026806
25254.5 0.000266314
25256.7 0.000264495
25258.9 0.000262662
25261.1 0.000260801
25263.3 0.00025885
25265.5 0.000256809
25267.7 0.000254741
25269.9 0.000252665
25272.1 0.00025052
25274.3 0.000248276
25276.5 0.000245988
25278.7 0.000243698
25280.8 0.000241367
25283 0.000238941
25285.2 0.000236449
25287.4 0.000233953
25289.6 0.000231442
25291.8 0.000228849
25294 0.000226175
25296.2 0.000223483
25298.4 0.000220794
25300.6 0.000218049
25302.8 0.000215214
25305 0.000212342
25307.2 0.000209481
25309.4 0.000206592
25311.6 0.000203617
25313.8 0.000200584
25316 0.00019756
25318.2 0.000194532
25320.4 0.000191435
25322.6 0.000188265
25324.7 0.000185088
25326.9 0.000181927
25329.1 0.000178722
25331.3 0.000175437
25333.5 0.000172125
25335.7 0.000168836
25337.9 0.000165533
25340.1 0.000162155
25342.3 0.000158728
25344.5 0.000155321
25346.7 0.000151925
25348.9 0.000148472
25351.1 0.000144955
25353.3 0.000141442
25355.5 0.000137959
25357.7 0.000134446
25359.9 0.000130862
25362.1 0.000127261
25364.3 0.000123696
25366.5 0.000120131
25368.7 0.000116503
25370.8 0.000112835
25373 0.000109198
25375.2 0.000105588
25377.4 0.000101933
25379.6 9.82233e-05
25381.8 9.45275e-05
25384 9.08757e-05
25386.2 8.72077e-05
25388.4 8.34797e-05
25390.6 7.97431e-05
25392.8 7.6056e-05
25395 7.2383e-05
25397.2 6.86584e-05
25399.4 6.4903e-05
25401.6 6.11894e-05
25403.8 5.75164e-05
25406 5.38123e-05
25408.2 5.00621e-05
25410.4 4.63353e-05
25412.6 4.26661e-05
25414.8 3.89944e-05
25416.9 3.52729e-05
25419.1 3.1551e-05
25421.3 2.78904e-05
25423.5 2.42582e-05
25425.7 2.05858e-05
25427.9 1.68905e-05
25430.1 1.32469e-05
25432.3 9.65774e-06
25434.5 6.0501e-06
25436.7 2.40467e-06
25438.9 -1.20899e-06
25441.1 -4.75273e-06
25443.3 -8.28541e-06
25445.5 -1.18586e-05
25447.7 -1.54249e-05
25449.9 -1.89193e-05
25452.1 -2.23719e-05
25454.3 -2.5854e-05
25456.5 -2.93521e-05
25458.7 -3.27898e-05
25460.9 -3.61605e-05
25463 -3.95378e-05
25465.2 -4.29454e-05
25467.4 -4.63143e-05
25469.6 -4.96023e-05
25471.8 -5.28668e-05
25474 -5.61632e-05
25476.2 -5.94469e-05
25478.4 -6.26497e-05
25480.6 -6.57984e-05
25482.8 -6.89668e-05
25485 -7.21454e-05
25487.2 -7.52569e-05
25489.4 -7.82902e-05
25491.6 -8.13191e-05
25493.8 -8.43721e-05
25496 -8.73813e-05
25498.2 -9.03001e-05
25500.4 -9.31842e-05
25502.6 -9.60928e-05
25504.8 -9.89844e-05
25507 -0.000101788
25509.1 -0.000104527
25511.3 -0.000107276
25513.5 -0.000110032
25515.7 -0.000112716
25517.9 -0.000115312
25520.1 -0.000117894
25522.3 -0.000120495
25524.5 -0.000123049
25526.7 -0.000125505
25528.9 -0.000127917
25531.1 -0.000130347
25533.3 -0.000132757
25535.5 -0.000135074
25537.7 -0.000137318
25539.9 -0.000139565
25542.1 -0.000141816
25544.3 -0.000143991
25546.5 -0.000146071
25548.7 -0.00014813
25550.9 -0.000150204
25553 -0.000152229
25555.2 -0.000154151
25557.4 -0.000156021
25559.6 -0.000157904
25561.8 -0.000159767
25564 -0.000161534
25566.2 -0.00016322
25568.4 -0.000164904
25570.6 -0.000166589
25572.8 -0.000168199
25575 -0.000169709
25577.2 -0.00017119
25579.4 -0.000172685
25581.6 -0.000174131
25583.8 -0.000175472
25586 -0.000176754
25588.2 -0.000178046
25590.4 -0.000179319
25592.6 -0.000180495
25594.8 -0.000181585
25597 -0.000182668
25599.1 -0.000183754
25601.3 -0.000184766
25603.5 -0.000185674
25605.7 -0.000186549
25607.9 -0.000187437
25610.1 -0.000188279
25612.3 -0.000189014
25614.5 -0.000189687
25616.7 -0.000190368
25618.9 -0.000191031
25621.1 -0.0001916
25623.3 -0.000192081
25625.5 -0.000192551
25627.7 -0.000193027
25629.9 -0.00019343
25632.1 -0.000193731
25634.3 -0.000193995
25636.5 -0.000194272
25638.7 -0.000194507
25640.9 -0.000194638
25643.1 -0.000194704
25645.2 -0.000194777
25647.4 -0.000194838
25649.6 -0.000194807
25651.8 -0.000194687
25654 -0.000194557
25656.2 -0.000194434
25658.4 -0.000194245
25660.6 -0.000193953
25662.8 -0.000193624
25665 -0.000193311
25667.2 -0.000192961
25669.4 -0.000192511
25671.6 -0.000191995
25673.8 -0.000191488
25676 -0.000190973
25678.2 -0.000190373
25680.4 -0.000189685
25682.6 -0.000188987
25684.8 -0.0001883
25687 -0.000187554
25689.2 -0.00018671
25691.3 -0.000185829
25693.5 -0.000184966
25695.7 -0.000184074
25697.9 -0.000183087
25700.1 -0.000182036
25702.3 -0.000180996
25704.5 -0.000179955
25706.7 -0.000178835
25708.9 -0.000177631
25711.1 -0.000176419
25713.3 -0.000175224
25715.5 -0.000173977
25717.7 -0.000172637
25719.9 -0.000171263
25722.1 -0.000169911
25724.3 -0.000168538
25726.5 -0.000167078
25728.7 -0.000165557
25730.9 -0.000164049
25733.1 -0.000162548
25735.3 -0.000160978
25737.4 -0.000159328
25739.6 -0.000157672
25741.8 -0.00015604
25744 -0.000154365
25746.2 -0.000152605
25748.4 -0.000150813
25750.6 -0.000149049
25752.8 -0.000147272
25755 -0.000145416
25757.2 -0.000143505
25759.4 -0.000141612
25761.6 -0.000139732
25763.8 -0.000137793
25766 -0.000135781
25768.2 -0.000133767
25770.4 -0.000131783
25772.6 -0.000129767
25774.8 -0.000127673
25777 -0.000125552
25779.2 -0.000123464
25781.3 -0.000121374
25783.5 -0.000119213
25785.7 -0.000117003
25787.9 -0.000114816
25790.1 -0.000112651
25792.3 -0.000110436
25794.5 -0.000108155
25796.7 -0.000105879
25798.9 -0.000103639
25801.1 -0.000101376
25803.3 -9.90445e-05
25805.5 -9.66921e-05
25807.7 -9.43789e-05
25809.9 -9.2072e-05
25812.1 -8.97048e-05
25814.3 -8.72948e-05
25816.5 -8.49137e-05
25818.7 -8.25627e-05
25820.9 -8.01718e-05
25823.1 -7.77237e-05
25825.3 -7.52848e-05
25827.4 -7.28899e-05
25829.6 -7.04824e-05
25831.8 -6.80146e-05
25834 -6.55326e-05
25836.2 -6.3096e-05
25838.4 -6.06747e-05
25840.6 -5.8203e-05
25842.8 -5.56957e-05
25845 -5.32232e-05
25847.2 -5.07889e-05
25849.4 -4.83245e-05
25851.6 -4.58111e-05
25853.8 -4.3313e-05
25856 -4.0866e-05
25858.2 -3.84157e-05
25860.4 -3.59142e-05
25862.6 -3.3405e-05
25864.8 -3.09475e-05
25867 -2.85139e-05
25869.2 -2.60393e-05
25871.4 -2.35364e-05
25873.5 -2.10743e-05
25875.7 -1.86579e-05
25877.9 -1.62208e-05
25880.1 -1.37427e-05
25882.3 -1.12859e-05
25884.5 -8.88681e-06
25886.7 -6.49324e-06
25888.9 -4.05703e-06
25891.1 -1.61952e-06
25893.3 7.60258e-07
25895.5 3.10819e-06
25897.7 5.48847e-06
25899.9 7.89005e-06
25902.1 1.02453e-05
25904.3 1.25477e-05
25906.5 1.48624e-05
25908.7 1.72107e-05
25910.9 1.9532e-05
25913.1 2.17895e-05
25915.3 2.40336e-05
25917.5 2.63126e-05
25919.6 2.85869e-05
25921.8 3.07981e-05
25924 3.29704e-05
25926.2 3.51674e-05
25928.4 3.73793e-05
25930.6 3.95397e-05
25932.8 4.16413e-05
25935 4.37479e-05
25937.2 4.58813e-05
25939.4 4.79828e-05
25941.6 5.00151e-05
25943.8 5.20273e-05
25946 5.40678e-05
25948.2 5.60985e-05
25950.4 5.80612e-05
25952.6 5.99792e-05
25954.8 6.19154e-05
25957 6.38612e-05
25959.2 6.57511e-05
25961.4 6.75772e-05
25963.5 6.94021e-05
25965.7 7.12485e-05
25967.9 7.30587e-05
25970.1 7.47955e-05
25972.3 7.65067e-05
25974.5 7.82409e-05
25976.7 7.99611e-05
25978.9 8.16096e-05
25981.1 8.32086e-05
25983.3 8.48208e-05
25985.5 8.64385e-05
25987.7 8.79969e-05
25989.9 8.94875e-05
25992.1 9.09724e-05
25994.3 9.24748e-05
25996.5 9.39377e-05
25998.7 9.53239e-05
26000.9 9.66807e-05
26003.1 9.80565e-05
26005.3 9.94154e-05
26007.5 0.0001007
26009.6 0.000101931
26011.8 0.000103173
26014 0.000104417
26016.2 0.000105599
26018.4 0.000106711
26020.6 0.000107814
26022.8 0.000108932
26025 0.000110009
26027.2 0.000111007
26029.4 0.000111972
26031.6 0.000112955
26033.8 0.000113919
26036 0.000114807
26038.2 0.00011564
26040.4 0.000116481
26042.6 0.000117324
26044.8 0.000118103
26047 0.000118811
26049.2 0.000119508
26051.4 0.000120219
26053.6 0.000120889
26055.7 0.000121478
26057.9 0.000122034
26060.1 0.000122606
26062.3 0.00012316
26064.5 0.000123637
26066.7 0.000124058
26068.9 0.000124487
26071.1 0.000124917
26073.3 0.000125285
26075.5 0.00012558
26077.7 0.000125865
26079.9 0.000126165
26082.1 0.000126423
26084.3 0.000126601
26086.5 0.000126746
26088.7 0.000126909
26090.9 0.000127054
26093.1 0.000127123
26095.3 0.000127136
26097.5 0.000127158
26099.7 0.000127183
26101.8 0.000127148
26104 0.00012704
26106.2 0.000126922
26108.4 0.000126822
26110.6 0.000126683
26112.8 0.000126464
26115 0.000126214
26117.2 0.000125983
26119.4 0.000125737
26121.6 0.000125417
26123.8 0.000125043
26126 0.000124679
26128.2 0.000124322
26130.4 0.000123907
26132.6 0.000123421
26134.8 0.000122927
26137 0.000122454
26139.2 0.000121945
26141.4 0.000121359
26143.6 0.000120743
26145.8 0.00012015
26147.9 0.000119546
26150.1 0.000118871
26152.3 0.000118143
26154.5 0.000117429
26156.7 0.000116727
26158.9 0.00011597
26161.1 0.000115143
26163.3 0.000114312
26165.5 0.000113507
26167.7 0.00011267
26169.9 0.000111759
26172.1 0.000110819
26174.3 0.000109908
26176.5 0.000108991
26178.7 0.000108007
26180.9 0.000106971
26183.1 0.000105954
26185.3 0.000104954
26187.5 0.000103904
26189.7 0.000102786
26191.8 0.000101668
26194 0.000100581
26196.2 9.94688e-05
26198.4 9.82845e-05
26200.6 9.70751e-05
26202.8 9.58988e-05
26205 9.47237e-05
26207.2 9.34844e-05
26209.4 9.21971e-05
26211.6 9.09325e-05
26213.8 8.96919e-05
26216 8.84058e-05
26218.2 8.70561e-05
26220.4 8.57089e-05
26222.6 8.43993e-05
26224.8 8.30703e-05
26227 8.16732e-05
26229.2 8.0254e-05
26231.4 7.88734e-05
26233.6 7.7501e-05
26235.8 7.60691e-05
26237.9 7.45921e-05
26240.1 7.31423e-05
26242.3 7.17236e-05
26244.5 7.02653e-05
26246.7 6.87465e-05
26248.9 6.72339e-05
26251.1 6.57654e-05
26253.3 6.42844e-05
26255.5 6.27393e-05
26257.7 6.1175e-05
26259.9 5.9655e-05
26262.1 5.81506e-05
26264.3 5.65919e-05
26266.5 5.49908e-05
26268.7 5.34213e-05
26270.9 5.18904e-05
26273.1 5.03263e-05
26275.3 4.87048e-05
26277.5 4.70928e-05
26279.7 4.55316e-05
26281.9 4.39652e-05
26284 4.23389e-05
26286.2 4.0696e-05
26288.4 3.91028e-05
26290.6 3.75331e-05
26292.8 3.59144e-05
26295 3.42558e-05
26297.2 3.2633e-05
26299.4 3.10561e-05
26301.6 2.94526e-05
26303.8 2.77949e-05
26306 2.61496e-05
26308.2 2.45615e-05
26310.4 2.29758e-05
26312.6 2.13344e-05
26314.8 1.96786e-05
26317 1.80775e-05
26319.2 1.65076e-05
26321.4 1.48943e-05
26323.6 1.32433e-05
26325.8 1.16315e-05
26328 1.0073e-05
26330.1 8.49458e-06
26332.3 6.86488e-06
26334.5 5.2498e-06
26336.7 3.69801e-06
26338.9 2.15608e-06
26341.1 5.62543e-07
26343.3 -1.04374e-06
26345.5 -2.59087e-06
26347.7 -4.09928e-06
26349.9 -5.6456e-06
26352.1 -7.2278e-06
26354.3 -8.76802e-06
26356.5 -1.02483e-05
26358.7 -1.17416e-05
26360.9 -1.32837e-05
26363.1 -1.48096e-05
26365.3 -1.62668e-05
26367.5 -1.77069e-05
26369.7 -1.91946e-05
26371.9 -2.06941e-05
26374.1 -2.21309e-05
26376.2 -2.35218e-05
26378.4 -2.49452e-05
26380.6 -2.64033e-05
26382.8 -2.78175e-05
26385 -2.91656e-05
26387.2 -3.05202e-05
26389.4 -3.19213e-05
26391.6 -3.33056e-05
26393.8 -3.46168e-05
26396 -3.59037e-05
26398.2 -3.72346e-05
26400.4 -3.85771e-05
26402.6 -3.98543e-05
26404.8 -4.1079e-05
26407 -4.2331e-05
26409.2 -4.3617e-05
26411.4 -4.48583e-05
26413.6 -4.60282e-05
26415.8 -4.71983e-05
26418 -4.84131e-05
26420.1 -4.96113e-05
26422.3 -5.0733e-05
26424.5 -5.18239e-05
26426.7 -5.29554e-05
26428.9 -5.40989e-05
26431.1 -5.51757e-05
26433.3 -5.61943e-05
26435.5 -5.72352e-05
26437.7 -5.831e-05
26439.9 -5.93403e-05
26442.1 -6.02948e-05
26444.3 -6.12439e-05
26446.5 -6.22361e-05
26448.7 -6.3213e-05
26450.9 -6.4111e-05
26453.1 -6.49724e-05
26455.3 -6.58713e-05
26457.5 -6.67835e-05
26459.7 -6.76287e-05
26461.9 -6.84107e-05
26464.1 -6.92106e-05
26466.2 -7.00447e-05
26468.4 -7.08358e-05
26470.6 -7.15478e-05
26472.8 -7.22492e-05
26475 -7.29926e-05
26477.2 -7.37228e-05
26479.4 -7.4373e-05
26481.6 -7.49817e-05
26483.8 -7.5625e-05
26486 -7.62837e-05
26488.2 -7.68762e-05
26490.4 -7.74017e-05
26492.6 -7.79411e-05
26494.8 -7.85156e-05
26497 -7.90494e-05
26499.2 -7.95022e-05
26501.4 -7.99397e-05
26503.6 -8.04187e-05
26505.8 -8.08874e-05
26508 -8.12763e-05
26510.2 -8.16194e-05
26512.3 -8.1995e-05
26514.5 -8.23884e-05
26516.7 -8.27179e-05
26518.9 -8.29775e-05
26521.1 -8.32475e-05
26523.3 -8.35541e-05
26525.5 -8.38233e-05
26527.7 -8.40108e-05
26529.9 -8.41791e-05
26532.1 -8.43886e-05
26534.3 -8.45916e-05
26536.5 -8.47162e-05
26538.7 -8.47919e-05
26540.9 -8.48981e-05
26543.1 -8.50253e-05
26545.3 -8.50918e-05
26547.5 -8.50868e-05
26549.7 -8.50893e-05
26551.9 -8.51301e-05
26554.1 -8.51379e-05
26556.3 -8.50644e-05
26558.4 -8.49687e-05
26560.6 -8.49142e-05
26562.8 -8.48577e-05
26565 -8.47253e-05
26567.2 -8.45418e-05
26569.4 -8.43875e-05
26571.6 -8.42577e-05
26573.8 -8.40715e-05
26576 -8.38132e-05
26578.2 -8.35602e-05
26580.4 -8.33475e-05
26582.6 -8.3107e-05
26584.8 -8.27868e-05
26587 -8.24421e-05
26589.2 -8.21391e-05
26591.4 -8.1839e-05
26593.6 -8.14666e-05
26595.8 -8.1042e-05
26598 -8.06455e-05
26600.2 -8.02775e-05
26602.4 -7.98582e-05
26604.5 -7.93673e-05
26606.7 -7.88801e-05
26608.9 -7.84356e-05
26611.1 -7.7969e-05
26613.3 -7.74252e-05
26615.5 -7.68557e-05
26617.7 -7.63284e-05
26619.9 -7.58094e-05
26622.1 -7.52227e-05
26624.3 -7.45835e-05
26626.5 -7.39719e-05
26628.7 -7.33929e-05
26630.9 -7.27683e-05
26633.1 -7.20738e-05
26635.3 -7.1382e-05
26637.5 -7.07353e-05
26639.7 -7.00725e-05
26641.9 -6.93362e-05
26644.1 -6.85736e-05
26646.3 -6.78541e-05
26648.4 -6.71484e-05
26650.6 -6.63803e-05
26652.8 -6.55603e-05
26655 -6.47678e-05
26657.2 -6.4012e-05
26659.4 -6.32169e-05
26661.6 -6.23545e-05
26663.8 -6.14941e-05
26666 -6.06814e-05
26668.2 -5.9859e-05
26670.4 -5.89674e-05
26672.6 -5.80497e-05
26674.8 -5.71761e-05
26677 -5.63218e-05
26679.2 -5.54109e-05
26681.4 -5.44496e-05
26683.6 -5.35159e-05
26685.8 -5.26231e-05
26688 -5.16974e-05
26690.2 -5.07076e-05
26692.4 -4.97199e-05
26694.5 -4.87825e-05
26696.7 -4.78416e-05
26698.9 -4.68364e-05
26701.1 -4.58058e-05
26703.3 -4.48206e-05
26705.5 -4.386e-05
26707.7 -4.28488e-05
26709.9 -4.17895e-05
26712.1 -4.07581e-05
26714.3 -3.97716e-05
26716.5 -3.87587e-05
26718.7 -3.76853e-05
26720.9 -3.66146e-05
26723.1 -3.55966e-05
26725.3 -3.45813e-05
26727.5 -3.35068e-05
26729.7 -3.24082e-05
26731.9 -3.13562e-05
26734.1 -3.03339e-05
26736.3 -2.92672e-05
26738.5 -2.81548e-05
26740.6 -2.7071e-05
26742.8 -2.60358e-05
26745 -2.49806e-05
26747.2 -2.38689e-05
26749.4 -2.27607e-05
26751.6 -2.17073e-05
26753.8 -2.06625e-05
26756 -1.95638e-05
26758.2 -1.84426e-05
26760.4 -1.73692e-05
26762.6 -1.63302e-05
26764.8 -1.52527e-05
26767 -1.41324e-05
26769.2 -1.30414e-05
26771.4 -1.20024e-05
26773.6 -1.09492e-05
26775.8 -9.84375e-06
26778 -8.74272e-06
26780.2 -7.69863e-06
26782.4 -6.66833e-06
26784.6 -5.58929e-06
26786.7 -4.48952e-06
26788.9 -3.43868e-06
26791.1 -2.42643e-06
26793.3 -1.38122e-06
26795.5 -2.96172e-07
26797.7 7.58698e-07
26799.9 1.75889e-06
26802.1 2.76775e-06
26804.3 3.82487e-06
26806.5 4.87645e-06
26808.7 5.8694e-06
26810.9 6.84392e-06
26813.1 7.8624e-06
26815.3 8.8997e-06
26817.5 9.88711e-06
26819.7 1.08324e-05
26821.9 1.18057e-05
26824.1 1.28159e-05
26826.3 1.37951e-05
26828.5 1.47174e-05
26830.7 1.56436e-05
26832.8 1.66144e-05
26835 1.75785e-05
26837.2 1.84826e-05
26839.4 1.93644e-05
26841.6 2.02859e-05
26843.8 2.12244e-05
26846 2.21122e-05
26848.2 2.29551e-05
26850.4 2.38216e-05
26852.6 2.47225e-05
26854.8 2.55918e-05
26857 2.64022e-05
26859.2 2.72127e-05
26861.4 2.80645e-05
26863.6 2.89087e-05
26865.8 2.96918e-05
26868 3.04495e-05
26870.2 3.12434e-05
26872.4 3.20528e-05
26874.6 3.28108e-05
26876.7 3.35218e-05
26878.9 3.42529e-05
26881.1 3.50163e-05
26883.3 3.57474e-05
26885.5 3.64184e-05
26887.7 3.70865e-05
26889.9 3.77933e-05
26892.1 3.84918e-05
26894.3 3.91284e-05
26896.5 3.97373e-05
26898.7 4.03797e-05
26900.9 4.10364e-05
26903.1 4.16415e-05
26905.3 4.21978e-05
26907.5 4.27718e-05
26909.7 4.33765e-05
26911.9 4.39487e-05
26914.1 4.44598e-05
26916.3 4.49658e-05
26918.5 4.55089e-05
26920.7 4.60431e-05
26922.8 4.65151e-05
26925 4.69578e-05
26927.2 4.74321e-05
26929.4 4.79202e-05
26931.6 4.83565e-05
26933.8 4.8743e-05
26936 4.91455e-05
26938.2 4.95779e-05
26940.4 4.99778e-05
26942.6 5.03162e-05
26944.8 5.06481e-05
26947 5.10161e-05
26949.2 5.13753e-05
26951.4 5.16722e-05
26953.6 5.19388e-05
26955.8 5.22362e-05
26958 5.25472e-05
26960.2 5.28067e-05
26962.4 5.30159e-05
26964.6 5.32402e-05
26966.8 5.34944e-05
26968.9 5.37165e-05
26971.1 5.38769e-05
26973.3 5.40302e-05
26975.5 5.42194e-05
26977.7 5.44005e-05
26979.9 5.45195e-05
26982.1 5.46077e-05
26984.3 5.47266e-05
26986.5 5.48598e-05
26988.7 5.49421e-05
26990.9 5.49738e-05
26993.1 5.50206e-05
26995.3 5.5098e-05
26997.5 5.51442e-05
26999.7 5.51288e-05
27001.9 5.51062e-05
27004.1 5.51204e-05
27006.3 5.51274e-05
27008.5 5.50729e-05
27010.7 5.49876e-05
27012.9 5.49337e-05
27015 5.48954e-05
27017.2 5.4807e-05
27019.4 5.46682e-05
27021.6 5.45451e-05
27023.8 5.4454e-05
27026 5.43331e-05
27028.2 5.41508e-05
27030.4 5.39619e-05
27032.6 5.38111e-05
27034.8 5.36549e-05
27037 5.34379e-05
27039.2 5.31904e-05
27041.4 5.29756e-05
27043.6 5.27785e-05
27045.8 5.25324e-05
27048 5.22363e-05
27050.2 5.1957e-05
27052.4 5.17118e-05
27054.6 5.14385e-05
27056.8 5.11044e-05
27059 5.07644e-05
27061.1 5.04648e-05
27063.3 5.01619e-05
27065.5 4.9799e-05
27067.7 4.94063e-05
27069.9 4.90482e-05
27072.1 4.87103e-05
27074.3 4.83249e-05
27076.5 4.789e-05
27078.7 4.74733e-05
27080.9 4.70936e-05
27083.1 4.66878e-05
27085.3 4.62219e-05
27087.5 4.57511e-05
27089.7 4.53233e-05
27091.9 4.48949e-05
27094.1 4.44077e-05
27096.3 4.38913e-05
27098.5 4.34117e-05
27100.7 4.29555e-05
27102.9 4.24536e-05
27105 4.19026e-05
27107.2 4.13716e-05
27109.4 4.08808e-05
27111.6 4.03664e-05
27113.8 3.97926e-05
27116 3.92149e-05
27118.2 3.86834e-05
27120.4 3.81545e-05
27122.6 3.75679e-05
27124.8 3.69527e-05
27127 3.63769e-05
27129.2 3.58281e-05
27131.4 3.52356e-05
27133.6 3.45944e-05
27135.8 3.39749e-05
27138 3.33994e-05
27140.2 3.28032e-05
27142.4 3.21481e-05
27144.6 3.14902e-05
27146.8 3.08818e-05
27149 3.02798e-05
27151.1 2.96213e-05
27153.3 2.89345e-05
27155.5 2.82896e-05
27157.7 2.76761e-05
27159.9 2.7021e-05
27162.1 2.63174e-05
27164.3 2.56371e-05
27166.5 2.50049e-05
27168.7 2.43553e-05
27170.9 2.36474e-05
27173.1 2.29372e-05
27175.3 2.22801e-05
27177.5 2.16335e-05
27179.7 2.09318e-05
27181.9 2.02018e-05
27184.1 1.95163e-05
27186.3 1.88666e-05
27188.5 1.81778e-05
27190.7 1.74404e-05
27192.9 1.67277e-05
27195.1 1.60674e-05
27197.2 1.53933e-05
27199.4 1.46613e-05
27201.6 1.39274e-05
27203.8 1.32499e-05
27206 1.25874e-05
27208.2 1.18713e-05
27210.4 1.11266e-05
27212.6 1.04286e-05
27214.8 9.77113e-06
27217 9.07735e-06
27219.2 8.33471e-06
27221.4 7.61749e-06
27223.6 6.95701e-06
27225.8 6.28671e-06
27228 5.55898e-06
27230.2 4.82908e-06
27232.4 4.15877e-06
27234.6 3.50818e-06
27236.8 2.80571e-06
27239 2.07388e-06
27241.2 1.39043e-06
27243.3 7.52258e-07
27245.5 8.08955e-08
27247.7 -6.39779e-07
27249.9 -1.33476e-06
27252.1 -1.969e-06
27254.3 -2.6088e-06
27256.5 -3.30553e-06
27258.7 -4.00516e-06
27260.9 -4.64252e-06
27263.1 -5.25535e-06
27265.3 -5.91817e-06
27267.5 -6.61138e-06
27269.7 -7.25514e-06
27271.9 -7.84902e-06
27274.1 -8.47275e-06
27276.3 -9.14636e-06
27278.5 -9.79462e-06
27280.7 -1.03785e-05
27282.9 -1.09636e-05
27285.1 -1.16051e-05
27287.2 -1.22506e-05
27289.4 -1.28318e-05
27291.6 -1.33837e-05
27293.8 -1.39836e-05
27296 -1.46151e-05
27298.2 -1.51968e-05
27300.4 -1.57243e-05
27302.6 -1.62783e-05
27304.8 -1.68827e-05
27307 -1.74627e-05
27309.2 -1.79753e-05
27311.4 -1.84847e-05
27313.6 -1.90497e-05
27315.8 -1.96206e-05
27318 -2.01256e-05
27320.2 -2.05969e-05
27322.4 -2.11139e-05
27324.6 -2.16642e-05
27326.8 -2.21648e-05
27329 -2.26075e-05
27331.2 -2.30731e-05
27333.3 -2.35898e-05
27335.5 -2.40836e-05
27337.7 -2.45076e-05
27339.9 -2.49241e-05
27342.1 -2.53956e-05
27344.3 -2.58749e-05
27346.5 -2.62877e-05
27348.7 -2.66625e-05
27350.9 -2.70809e-05
27353.1 -2.75343e-05
27355.3 -2.79389e-05
27357.5 -2.82822e-05
27359.7 -2.8645e-05
27361.9 -2.90598e-05
27364.1 -2.94536e-05
27366.3 -2.97758e-05
27368.5 -3.00865e-05
27370.7 -3.04515e-05
27372.9 -3.08268e-05
27375.1 -3.11354e-05
27377.3 -3.14023e-05
27379.4 -3.17106e-05
27381.6 -3.20559e-05
27383.8 -3.23539e-05
27386 -3.25879e-05
27388.2 -3.2838e-05
27390.4 -3.3141e-05
27392.6 -3.34256e-05
27394.8 -3.36373e-05
27397 -3.38338e-05
27399.2 -3.4084e-05
27401.4 -3.43473e-05
27403.6 -3.45445e-05
27405.8 -3.46966e-05
27408 -3.48879e-05
27410.2 -3.51185e-05
27412.4 -3.5304e-05
27414.6 -3.54232e-05
27416.8 -3.55555e-05
27419 -3.57415e-05
27421.2 -3.59122e-05
27423.4 -3.60096e-05
27425.5 -3.60882e-05
27427.7 -3.622e-05
27429.9 -3.63679e-05
27432.1 -3.64511e-05
27434.3 -3.64863e-05
27436.5 -3.65587e-05
27438.7 -3.66727e-05
27440.9 -3.67443e-05
27443.1 -3.67482e-05
27445.3 -3.6762e-05
27447.5 -3.68306e-05
27449.7 -3.68875e-05
27451.9 -3.68712e-05
27454.1 -3.68331e-05
27456.3 -3.68474e-05
27458.5 -3.68813e-05
27460.7 -3.68526e-05
27462.9 -3.67734e-05
27465.1 -3.67293e-05
27467.3 -3.67294e-05
27469.5 -3.66906e-05
27471.6 -3.65829e-05
27473.8 -3.64824e-05
27476 -3.64376e-05
27478.2 -3.63852e-05
27480.4 -3.62605e-05
27482.6 -3.61111e-05
27484.8 -3.60134e-05
27487 -3.59392e-05
27489.2 -3.58049e-05
27491.4 -3.56183e-05
27493.6 -3.54647e-05
27495.8 -3.53578e-05
27498 -3.5216e-05
27500.2 -3.50051e-05
27502.4 -3.47986e-05
27504.6 -3.46488e-05
27506.8 -3.44956e-05
27509 -3.42718e-05
27511.2 -3.40209e-05
27513.4 -3.38209e-05
27515.5 -3.36481e-05
27517.7 -3.34186e-05
27519.9 -3.31355e-05
27522.1 -3.28834e-05
27524.3 -3.26804e-05
27526.5 -3.24469e-05
27528.7 -3.21448e-05
27530.9 -3.18445e-05
27533.1 -3.16016e-05
27535.3 -3.136e-05
27537.5 -3.10501e-05
27539.7 -3.0711e-05
27541.9 -3.04218e-05
27544.1 -3.01637e-05
27546.3 -2.98528e-05
27548.5 -2.94875e-05
27550.7 -2.91512e-05
27552.9 -2.88663e-05
27555.1 -2.85555e-05
27557.3 -2.81773e-05
27559.5 -2.77987e-05
27561.6 -2.74779e-05
27563.8 -2.7163e-05
27566 -2.67827e-05
27568.2 -2.63717e-05
27570.4 -2.60097e-05
27572.6 -2.56821e-05
27574.8 -2.53061e-05
27577 -2.48757e-05
27579.2 -2.44722e-05
27581.4 -2.41221e-05
27583.6 -2.37511e-05
27585.8 -2.33143e-05
27588 -2.28752e-05
27590.2 -2.24941e-05
27592.4 -2.21232e-05
27594.6 -2.16906e-05
27596.8 -2.12262e-05
27599 -2.08094e-05
27601.2 -2.04304e-05
27603.4 -2.00076e-05
27605.6 -1.95309e-05
27607.7 -1.90792e-05
27609.9 -1.86825e-05
27612.1 -1.82697e-05
27614.3 -1.77935e-05
27616.5 -1.73132e-05
27618.7 -1.68909e-05
27620.9 -1.6483e-05
27623.1 -1.60171e-05
27625.3 -1.55189e-05
27627.5 -1.50671e-05
27629.7 -1.46559e-05
27631.9 -1.42055e-05
27634.1 -1.37022e-05
27636.3 -1.32222e-05
27638.5 -1.27985e-05
27640.7 -1.23632e-05
27642.9 -1.18671e-05
27645.1 -1.13658e-05
27647.3 -1.09221e-05
27649.5 -1.04967e-05
27651.7 -1.00171e-05
27653.8 -9.50507e-06
27656 -9.03819e-06
27658.2 -8.61432e-06
27660.4 -8.15576e-06
27662.6 -7.64563e-06
27664.8 -7.15739e-06
27667 -6.72619e-06
27669.2 -6.28774e-06
27671.4 -5.79132e-06
27673.6 -5.28866e-06
27675.8 -4.84325e-06
27678 -4.41943e-06
27680.2 -3.94531e-06
27682.4 -3.43891e-06
27684.6 -2.97643e-06
27686.8 -2.55895e-06
27689 -2.11099e-06
27691.2 -1.61303e-06
27693.4 -1.13568e-06
27695.6 -7.15918e-07
27697.8 -2.92744e-07
27699.9 1.85568e-07
27702.1 6.70798e-07
27704.3 1.09936e-06
27706.5 1.50347e-06
27708.7 1.95422e-06
27710.9 2.43686e-06
27713.1 2.87676e-06
27715.3 3.27007e-06
27717.5 3.69004e-06
27719.7 4.15837e-06
27721.9 4.60723e-06
27724.1 4.9982e-06
27726.3 5.38921e-06
27728.5 5.83266e-06
27730.7 6.28354e-06
27732.9 6.67844e-06
27735.1 7.04646e-06
27737.3 7.45778e-06
27739.5 7.90051e-06
27741.7 8.30166e-06
27743.8 8.655e-06
27746 9.0316e-06
27748.2 9.45497e-06
27750.4 9.85994e-06
27752.6 1.02069e-05
27754.8 1.05511e-05
27757 1.09452e-05
27759.2 1.13472e-05
27761.4 1.16939e-05
27763.6 1.20118e-05
27765.8 1.23701e-05
27768 1.27593e-05
27770.2 1.3108e-05
27772.4 1.34081e-05
27774.6 1.37285e-05
27776.8 1.40942e-05
27779 1.44425e-05
27781.2 1.4733e-05
27783.4 1.50183e-05
27785.6 1.53512e-05
27787.8 1.56925e-05
27789.9 1.59796e-05
27792.1 1.62361e-05
27794.3 1.65304e-05
27796.5 1.68553e-05
27798.7 1.71409e-05
27800.9 1.73774e-05
27803.1 1.76315e-05
27805.3 1.79298e-05
27807.5 1.82118e-05
27809.7 1.84364e-05
27811.9 1.86536e-05
27814.1 1.89167e-05
27816.3 1.91887e-05
27818.5 1.94074e-05
27820.7 1.95944e-05
27822.9 1.9817e-05
27825.1 2.00699e-05
27827.3 2.02849e-05
27829.5 2.04504e-05
27831.7 2.06316e-05
27833.9 2.0856e-05
27836 2.10651e-05
27838.2 2.12173e-05
27840.4 2.13607e-05
27842.6 2.15484e-05
27844.8 2.17455e-05
27847 2.18905e-05
27849.2 2.20031e-05
27851.4 2.21495e-05
27853.6 2.23261e-05
27855.8 2.24661e-05
27858 2.25566e-05
27860.2 2.26613e-05
27862.4 2.28083e-05
27864.6 2.29413e-05
27866.8 2.30181e-05
27869 2.3085e-05
27871.2 2.3195e-05
27873.4 2.33151e-05
27875.6 2.33843e-05
27877.8 2.34206e-05
27880 2.34894e-05
27882.1 2.35886e-05
27884.3 2.36525e-05
27886.5 2.36671e-05
27888.7 2.36948e-05
27890.9 2.37645e-05
27893.1 2.38212e-05
27895.3 2.38226e-05
27897.5 2.38134e-05
27899.7 2.38466e-05
27901.9 2.38907e-05
27904.1 2.38849e-05
27906.3 2.38462e-05
27908.5 2.38393e-05
27910.7 2.3863e-05
27912.9 2.38526e-05
27915.1 2.37935e-05
27917.3 2.37468e-05
27919.5 2.3742e-05
27921.7 2.37253e-05
27923.9 2.36542e-05
27926.1 2.35722e-05
27928.2 2.35325e-05
27930.4 2.35044e-05
27932.6 2.34275e-05
27934.8 2.33179e-05
27937 2.32397e-05
27939.2 2.31928e-05
27941.4 2.31129e-05
27943.6 2.29846e-05
27945.8 2.28687e-05
27948 2.27951e-05
27950.2 2.27108e-05
27952.4 2.25727e-05
27954.6 2.24237e-05
27956.8 2.23173e-05
27959 2.22236e-05
27961.2 2.2082e-05
27963.4 2.19078e-05
27965.6 2.17652e-05
27967.8 2.1655e-05
27970 2.15128e-05
27972.1 2.13227e-05
27974.3 2.11449e-05
27976.5 2.10105e-05
27978.7 2.08665e-05
27980.9 2.06693e-05
27983.1 2.04613e-05
27985.3 2.02965e-05
27987.5 2.01459e-05
27989.7 1.99483e-05
27991.9 1.9718e-05
27994.1 1.952e-05
27996.3 1.93556e-05
27998.5 1.91605e-05
28000.7 1.89176e-05
28002.9 1.86873e-05
28005.1 1.85016e-05
28007.3 1.83079e-05
28009.5 1.80614e-05
28011.7 1.7804e-05
28013.9 1.7591e-05
28016.1 1.73939e-05
28018.2 1.71505e-05
28020.4 1.68744e-05
28022.6 1.66312e-05
28024.8 1.64236e-05
28027 1.61864e-05
28029.2 1.59012e-05
28031.4 1.5629e-05
28033.6 1.54033e-05
28035.8 1.51712e-05
28038 1.48864e-05
28040.2 1.45906e-05
28042.4 1.43407e-05
28044.6 1.41088e-05
28046.8 1.38312e-05
28049 1.35204e-05
28051.2 1.32435e-05
28053.4 1.30044e-05
28055.6 1.27372e-05
28057.8 1.24215e-05
28060 1.2119e-05
28062.2 1.1865e-05
28064.3 1.16067e-05
28066.5 1.12958e-05
28068.7 1.09734e-05
28070.9 1.06984e-05
28073.1 1.04439e-05
28075.3 1.01446e-05
28077.5 9.81128e-06
28079.7 9.5125e-06
28081.9 9.25427e-06
28084.1 8.96948e-06
28086.3 8.63569e-06
28088.5 8.31486e-06
28090.7 8.04486e-06
28092.9 7.77299e-06
28095.1 7.44841e-06
28097.3 7.11159e-06
28099.5 6.82363e-06
28101.7 6.55914e-06
28103.9 6.25065e-06
28106.1 5.90716e-06
28108.3 5.59868e-06
28110.4 5.3336e-06
28112.6 5.04385e-06
28114.8 4.70436e-06
28117 4.37735e-06
28119.2 4.10347e-06
28121.4 3.83044e-06
28123.6 3.5047e-06
28125.8 3.16559e-06
28128 2.87669e-06
28130.2 2.61436e-06
28132.4 2.30909e-06
28134.6 1.96754e-06
28136.8 1.66121e-06
28139 1.40122e-06
28141.2 1.1187e-06
28143.4 7.85578e-07
28145.6 4.64132e-07
28147.8 1.98032e-07
28150 -6.42717e-08
28152.2 -3.79233e-07
28154.4 -7.08995e-07
28156.5 -9.87441e-07
28158.7 -1.23607e-06
28160.9 -1.52642e-06
28163.1 -1.85453e-06
28165.3 -2.14754e-06
28167.5 -2.39128e-06
28169.7 -2.65522e-06
28171.9 -2.97067e-06
28174.1 -3.27561e-06
28176.3 -3.52314e-06
28178.5 -3.76377e-06
28180.7 -4.05695e-06
28182.9 -4.36664e-06
28185.1 -4.6242e-06
28187.3 -4.84864e-06
28189.5 -5.11344e-06
28191.7 -5.41766e-06
28193.9 -5.68726e-06
28196.1 -5.90473e-06
28198.3 -6.13991e-06
28200.4 -6.42757e-06
28202.6 -6.70622e-06
28204.8 -6.92564e-06
28207 -7.13493e-06
28209.2 -7.3966e-06
28211.4 -7.6768e-06
28213.6 -7.90437e-06
28215.8 -8.0955e-06
28218 -8.32552e-06
28220.2 -8.59679e-06
28222.4 -8.8343e-06
28224.6 -9.01694e-06
28226.8 -9.21467e-06
28229 -9.46592e-06
28231.2 -9.71003e-06
28233.4 -9.89331e-06
28235.6 -1.00632e-05
28237.8 -1.02852e-05
28240 -1.05281e-05
28242.2 -1.07182e-05
28244.4 -1.08686e-05
28246.5 -1.10562e-05
28248.7 -1.12872e-05
28250.9 -1.14856e-05
28253.1 -1.16266e-05
28255.3 -1.17799e-05
28257.5 -1.19879e-05
28259.7 -1.2191e-05
28261.9 -1.23319e-05
28264.1 -1.24561e-05
28266.3 -1.26322e-05
28268.5 -1.28317e-05
28270.7 -1.29787e-05
28272.9 -1.30828e-05
28275.1 -1.32224e-05
28277.3 -1.34075e-05
28279.5 -1.35618e-05
28281.7 -1.36563e-05
28283.9 -1.37603e-05
28286.1 -1.39199e-05
28288.3 -1.40774e-05
28290.5 -1.41719e-05
28292.6 -1.42461e-05
28294.8 -1.43719e-05
28297 -1.4524e-05
28299.2 -1.46243e-05
28301.4 -1.46786e-05
28303.6 -1.47665e-05
28305.8 -1.49022e-05
28308 -1.50093e-05
28310.2 -1.50546e-05
28312.4 -1.51062e-05
28314.6 -1.52147e-05
28316.8 -1.5324e-05
28319 -1.53698e-05
28321.2 -1.53921e-05
28323.4 -1.54652e-05
28325.6 -1.55679e-05
28327.8 -1.562e-05
28330 -1.56231e-05
28332.2 -1.56578e-05
28334.4 -1.57426e-05
28336.6 -1.58015e-05
28338.7 -1.57969e-05
28340.9 -1.57955e-05
28343.1 -1.58518e-05
28345.3 -1.59125e-05
28347.5 -1.59097e-05
28349.7 -1.58799e-05
28351.9 -1.59003e-05
28354.1 -1.59534e-05
28356.3 -1.59578e-05
28358.5 -1.59106e-05
28360.7 -1.58926e-05
28362.9 -1.5927e-05
28365.1 -1.59387e-05
28367.3 -1.58856e-05
28369.5 -1.58326e-05
28371.7 -1.58379e-05
28373.9 -1.58513e-05
28376.1 -1.58018e-05
28378.3 -1.57223e-05
28380.5 -1.56916e-05
28382.7 -1.56971e-05
28384.8 -1.56563e-05
28387 -1.55616e-05
28389.2 -1.54935e-05
28391.4 -1.54799e-05
28393.6 -1.54471e-05
28395.8 -1.5349e-05
28398 -1.52477e-05
28400.2 -1.52051e-05
28402.4 -1.51744e-05
28404.6 -1.50821e-05
28406.8 -1.49567e-05
28409 -1.48789e-05
28411.2 -1.48404e-05
28413.4 -1.47585e-05
28415.6 -1.46209e-05
28417.8 -1.45072e-05
28420 -1.44498e-05
28422.2 -1.43771e-05
28424.4 -1.4239e-05
28426.6 -1.40946e-05
28428.7 -1.40088e-05
28430.9 -1.39389e-05
28433.1 -1.38091e-05
28435.3 -1.36437e-05
28437.5 -1.35242e-05
28439.7 -1.3447e-05
28441.9 -1.33296e-05
28444.1 -1.31552e-05
28446.3 -1.30021e-05
28448.5 -1.29067e-05
28450.7 -1.27999e-05
28452.9 -1.26282e-05
28455.1 -1.24473e-05
28457.3 -1.23248e-05
28459.5 -1.22218e-05
28461.7 -1.20612e-05
28463.9 -1.18628e-05
28466.1 -1.17084e-05
28468.3 -1.15991e-05
28470.5 -1.1453e-05
28472.7 -1.12492e-05
28474.8 -1.1064e-05
28477 -1.09376e-05
28479.2 -1.08039e-05
28481.4 -1.06061e-05
28483.6 -1.03965e-05
28485.8 -1.02446e-05
28488 -1.01159e-05
28490.2 -9.93208e-06
28492.4 -9.7086e-06
28494.6 -9.52735e-06
28496.8 -9.39346e-06
28499 -9.22648e-06
28501.2 -9.00136e-06
28503.4 -8.79231e-06
28505.6 -8.64288e-06
28507.8 -8.48989e-06
28510 -8.27421e-06
28512.2 -8.04434e-06
28514.4 -7.87147e-06
28516.6 -7.72493e-06
28518.8 -7.52612e-06
28520.9 -7.28622e-06
28523.1 -7.08657e-06
28525.3 -6.93632e-06
28527.5 -6.7566e-06
28529.7 -6.51878e-06
28531.9 -6.2946e-06
28534.1 -6.13051e-06
28536.3 -5.96654e-06
28538.5 -5.7415e-06
28540.7 -5.50019e-06
28542.9 -5.31486e-06
28545.1 -5.15883e-06
28547.3 -4.95344e-06
28549.5 -4.70589e-06
28551.7 -4.49659e-06
28553.9 -4.33836e-06
28556.1 -4.15422e-06
28558.3 -3.91237e-06
28560.5 -3.68185e-06
28562.7 -3.5116e-06
28564.9 -3.3449e-06
28567 -3.11898e-06
28569.2 -2.87496e-06
28571.4 -2.68575e-06
28573.6 -2.52846e-06
28575.8 -2.32475e-06
28578 -2.07815e-06
28580.2 -1.86779e-06
28582.4 -1.7098e-06
28584.6 -1.52931e-06
28586.8 -1.29179e-06
28589 -1.06345e-06
28591.2 -8.95242e-07
28593.4 -7.33744e-07
28595.6 -5.15022e-07
28597.8 -2.76634e-07
28600 -9.17238e-08
28602.2 5.90234e-08
28604.4 2.53269e-07
28606.6 4.90857e-07
28608.8 6.94205e-07
28611 8.44235e-07
28613.1 1.01355e-06
28615.3 1.23903e-06
28617.5 1.45729e-06
28619.7 1.61583e-06
28621.9 1.76485e-06
28624.1 1.96901e-06
28626.3 2.19416e-06
28628.5 2.36728e-06
28630.7 2.50439e-06
28632.9 2.68218e-06
28635.1 2.9035e-06
28637.3 3.09254e-06
28639.5 3.22768e-06
28641.7 3.37916e-06
28643.9 3.58576e-06
28646.1 3.78694e-06
28648.3 3.92905e-06
28650.5 4.05921e-06
28652.7 4.24243e-06
28654.9 4.44769e-06
28657 4.60247e-06
28659.2 4.7198e-06
28661.4 4.87516e-06
28663.6 5.07403e-06
28665.8 5.24249e-06
28668 5.35681e-06
28670.2 5.48485e-06
28672.4 5.66687e-06
28674.6 5.84506e-06
28676.8 5.96503e-06
28679 6.07103e-06
28681.2 6.22809e-06
28683.4 6.40802e-06
28685.6 6.53902e-06
28687.8 6.63154e-06
28690 6.75968e-06
28692.2 6.93116e-06
28694.4 7.07395e-06
28696.6 7.16268e-06
28698.8 7.26288e-06
28701 7.41589e-06
28703.1 7.56645e-06
28705.3 7.65978e-06
28707.5 7.73755e-06
28709.7 7.86451e-06
28711.9 8.01497e-06
28714.1 8.11802e-06
28716.3 8.18193e-06
28718.5 8.27938e-06
28720.7 8.41987e-06
28722.9 8.53324e-06
28725.1 8.59284e-06
28727.3 8.66209e-06
28729.5 8.78304e-06
28731.7 8.9027e-06
28733.9 8.96619e-06
28736.1 9.01291e-06
28738.3 9.10721e-06
28740.5 9.22547e-06
28742.7 9.29776e-06
28744.9 9.33055e-06
28747.1 9.39514e-06
28749.2 9.50247e-06
28751.4 9.58406e-06
28753.6 9.61233e-06
28755.8 9.64882e-06
28758 9.73605e-06
28760.2 9.82297e-06
28762.4 9.85476e-06
28764.6 9.86894e-06
28766.8 9.92937e-06
28769 1.00141e-05
28771.2 1.00542e-05
28773.4 1.00547e-05
28775.6 1.00856e-05
28777.8 1.0159e-05
28780 1.02079e-05
28782.2 1.02039e-05
28784.4 1.02071e-05
28786.6 1.02603e-05
28788.8 1.03141e-05
28791 1.03137e-05
28793.2 1.02951e-05
28795.3 1.03218e-05
28797.5 1.03731e-05
28799.7 1.0381e-05
28801.9 1.03491e-05
28804.1 1.03468e-05
28806.3 1.03869e-05
28808.5 1.04034e-05
28810.7 1.03677e-05
28812.9 1.03383e-05
28815.1 1.03585e-05
28817.3 1.038e-05
28819.5 1.03482e-05
28821.7 1.02978e-05
28823.9 1.02921e-05
28826.1 1.03114e-05
28828.3 1.02882e-05
28830.5 1.02254e-05
28832.7 1.01915e-05
28834.9 1.02e-05
28837.1 1.01859e-05
28839.2 1.012e-05
28841.4 1.00599e-05
28843.6 1.00492e-05
28845.8 1.00407e-05
28848 9.97944e-06
28850.2 9.89941e-06
28852.4 9.86362e-06
28854.6 9.85354e-06
28856.8 9.80174e-06
28859 9.71037e-06
28861.2 9.6474e-06
28863.4 9.62722e-06
28865.6 9.58542e-06
28867.8 9.49201e-06
28870 9.40414e-06
28872.2 9.3657e-06
28874.4 9.33027e-06
28876.6 9.24271e-06
28878.8 9.13612e-06
28881 9.07366e-06
28883.2 9.03767e-06
28885.3 8.96072e-06
28887.5 8.84413e-06
28889.7 8.75571e-06
28891.9 8.71065e-06
28894.1 8.64487e-06
28896.3 8.52767e-06
28898.5 8.41569e-06
28900.7 8.3535e-06
28902.9 8.29527e-06
28905.1 8.18537e-06
28907.3 8.05615e-06
28909.5 7.97116e-06
28911.7 7.91358e-06
28913.9 7.81574e-06
28916.1 7.67811e-06
28918.3 7.56851e-06
28920.5 7.50306e-06
28922.7 7.41785e-06
28924.9 7.28126e-06
28927.1 7.1496e-06
28929.3 7.06827e-06
28931.4 6.99201e-06
28933.6 6.86444e-06
28935.8 6.71716e-06
28938 6.61436e-06
28940.2 6.54009e-06
28942.4 6.42627e-06
28944.6 6.27236e-06
28946.8 6.14639e-06
28949 6.06556e-06
28951.2 5.966e-06
28953.4 5.81499e-06
28955.6 5.66855e-06
28957.8 5.57315e-06
28960 5.48407e-06
28962.2 5.34396e-06
28964.4 5.18366e-06
28966.6 5.06816e-06
28968.8 4.98249e-06
28971 4.85799e-06
28973.2 4.69295e-06
28975.4 4.55576e-06
28977.5 4.46488e-06
28979.7 4.35637e-06
28981.9 4.19622e-06
28984.1 4.04021e-06
28986.3 3.93606e-06
28988.5 3.83962e-06
28990.7 3.69237e-06
28992.9 3.52431e-06
28995.1 3.40142e-06
28997.3 3.30982e-06
28999.5 3.18011e-06
29001.7 3.00927e-06
29003.9 2.86616e-06
29006.1 2.77066e-06
29008.3 2.65872e-06
29010.5 2.49483e-06
29012.7 2.33452e-06
29014.9 2.22699e-06
29017.1 2.12871e-06
29019.3 1.97978e-06
29021.5 1.80924e-06
29023.6 1.68424e-06
29025.8 1.59218e-06
29028 1.46274e-06
29030.2 1.2914e-06
29032.4 1.14756e-06
29034.6 1.05279e-06
29036.8 9.42887e-07
29039 7.80575e-07
29041.2 6.21104e-07
29043.4 5.15414e-07
29045.6 4.20667e-07
29047.8 2.75378e-07
29050 1.07457e-07
29052.2 -1.4587e-08
29054.4 -1.01883e-07
29056.6 -2.25765e-07
29058.8 -3.92521e-07
29061 -5.32153e-07
29063.2 -6.21141e-07
29065.4 -7.2382e-07
29067.5 -8.79503e-07
29069.7 -1.03331e-06
29071.9 -1.13231e-06
29074.1 -1.21848e-06
29076.3 -1.35513e-06
29078.5 -1.51569e-06
29080.7 -1.63012e-06
29082.9 -1.70783e-06
29085.1 -1.82124e-06
29087.3 -1.97873e-06
29089.5 -2.10968e-06
29091.7 -2.18831e-06
29093.9 -2.27902e-06
29096.1 -2.42345e-06
29098.3 -2.56725e-06
29100.5 -2.65526e-06
29102.7 -2.72835e-06
29104.9 -2.85183e-06
29107.1 -3.00078e-06
29109.3 -3.10355e-06
29111.5 -3.16742e-06
29113.6 -3.26601e-06
29115.8 -3.41009e-06
29118 -3.52849e-06
29120.2 -3.59285e-06
29122.4 -3.66745e-06
29124.6 -3.79658e-06
29126.8 -3.92667e-06
29129 -4.00007e-06
29131.2 -4.05624e-06
29133.4 -4.16266e-06
29135.6 -4.29642e-06
29137.8 -4.38417e-06
29140 -4.43074e-06
29142.2 -4.51082e-06
29144.4 -4.638e-06
29146.6 -4.74073e-06
29148.8 -4.78769e-06
29151 -4.84282e-06
29153.2 -4.95331e-06
29155.4 -5.06671e-06
29157.6 -5.12271e-06
29159.7 -5.15895e-06
29161.9 -5.24518e-06
29164.1 -5.36089e-06
29166.3 -5.4311e-06
29168.5 -5.45776e-06
29170.7 -5.51649e-06
29172.9 -5.62406e-06
29175.1 -5.70878e-06
29177.3 -5.73612e-06
29179.5 -5.76929e-06
29181.7 -5.85861e-06
29183.9 -5.95314e-06
29186.1 -5.98984e-06
29188.3 -6.00409e-06
29190.5 -6.06785e-06
29192.7 -6.16347e-06
29194.9 -6.21449e-06
29197.1 -6.21958e-06
29199.3 -6.25504e-06
29201.5 -6.34111e-06
29203.7 -6.40637e-06
29205.8 -6.4128e-06
29208 -6.42251e-06
29210.2 -6.48899e-06
29212.4 -6.56333e-06
29214.6 -6.57975e-06
29216.8 -6.57093e-06
29219 -6.61088e-06
29221.2 -6.68523e-06
29223.4 -6.7163e-06
29225.6 -6.69916e-06
29227.8 -6.71039e-06
29230 -6.77397e-06
29232.2 -6.81916e-06
29234.4 -6.80436e-06
29236.6 -6.79007e-06
29238.8 -6.833e-06
29241 -6.88668e-06
29243.2 -6.88276e-06
29245.4 -6.85077e-06
29247.6 -6.86652e-06
29249.8 -6.9193e-06
29251.9 -6.93054e-06
29254.1 -6.89143e-06
29256.3 -6.87846e-06
29258.5 -6.91947e-06
29260.7 -6.94485e-06
29262.9 -6.90939e-06
29265.1 -6.87155e-06
29267.3 -6.89114e-06
29269.5 -6.92456e-06
29271.7 -6.90108e-06
29273.9 -6.84676e-06
29276.1 -6.83889e-06
29278.3 -6.87065e-06
29280.5 -6.86301e-06
29282.7 -6.80311e-06
29284.9 -6.76689e-06
29287.1 -6.78612e-06
29289.3 -6.79276e-06
29291.5 -6.73807e-06
29293.7 -6.67802e-06
29295.8 -6.67535e-06
29298 -6.6897e-06
29300.2 -6.64826e-06
29302.4 -6.57331e-06
29304.6 -6.54325e-06
29306.8 -6.55536e-06
29309 -6.53054e-06
29311.2 -6.45183e-06
29313.4 -6.39417e-06
29315.6 -6.3932e-06
29317.8 -6.3829e-06
29320 -6.31115e-06
29322.2 -6.23106e-06
29324.4 -6.20801e-06
29326.6 -6.2052e-06
29328.8 -6.1481e-06
29331 -6.05496e-06
29333.2 -6.00491e-06
29335.4 -5.99944e-06
29337.6 -5.95983e-06
29339.8 -5.86496e-06
29341.9 -5.78838e-06
29344.1 -5.76951e-06
29346.3 -5.74471e-06
29348.5 -5.6587e-06
29350.7 -5.56138e-06
29352.9 -5.5205e-06
29355.1 -5.50307e-06
29357.3 -5.43318e-06
29359.5 -5.3249e-06
29361.7 -5.25769e-06
29363.9 -5.23731e-06
29366.1 -5.1858e-06
29368.3 -5.078e-06
29370.5 -4.9856e-06
29372.7 -4.95168e-06
29374.9 -4.91532e-06
29377.1 -4.81833e-06
29379.3 -4.70712e-06
29381.5 -4.65148e-06
29383.7 -4.62242e-06
29385.9 -4.54304e-06
29388 -4.42314e-06
29390.2 -4.34209e-06
29392.4 -4.30989e-06
29394.6 -4.24978e-06
29396.8 -4.13263e-06
29399 -4.02796e-06
29401.2 -3.98222e-06
29403.4 -3.93758e-06
29405.6 -3.83323e-06
29407.8 -3.71185e-06
29410 -3.64487e-06
29412.2 -3.60749e-06
29414.4 -3.52219e-06
29416.6 -3.39448e-06
29418.8 -3.3032e-06
29421 -3.26255e-06
29423.2 -3.19734e-06
29425.4 -3.07468e-06
29427.6 -2.96153e-06
29429.8 -2.90746e-06
29432 -2.85799e-06
29434.1 -2.75006e-06
29436.3 -2.62241e-06
29438.5 -2.54772e-06
29440.7 -2.50544e-06
29442.9 -2.4179e-06
29445.1 -2.28633e-06
29447.3 -2.1886e-06
29449.5 -2.14296e-06
29451.7 -2.07621e-06
29453.9 -1.95193e-06
29456.1 -1.8342e-06
29458.3 -1.77536e-06
29460.5 -1.72451e-06
29462.7 -1.61675e-06
29464.9 -1.48679e-06
29467.1 -1.40807e-06
29469.3 -1.3643e-06
29471.5 -1.27811e-06
29473.7 -1.14657e-06
29475.9 -1.04619e-06
29478.1 -9.99003e-07
29480.2 -9.34127e-07
29482.4 -8.11998e-07
29484.6 -6.93537e-07
29486.8 -6.33427e-07
29489 -5.84502e-07
29491.2 -4.80496e-07
29493.4 -3.52031e-07
29495.6 -2.72887e-07
29497.8 -2.30881e-07
29500 -1.49397e-07
29502.2 -2.15821e-08
29504.4 7.77869e-08
29506.6 1.23258e-07
29508.8 1.83083e-07
29511 2.99579e-07
29513.2 4.15129e-07
29515.4 4.73177e-07
29517.6 5.17127e-07
29519.8 6.14146e-07
29522 7.37576e-07
29524.1 8.13769e-07
29526.3 8.5101e-07
29528.5 9.2479e-07
29530.7 1.04554e-06
29532.9 1.14053e-06
29535.1 1.18127e-06
29537.3 1.23323e-06
29539.5 1.34102e-06
29541.7 1.45037e-06
29543.9 1.50331e-06
29546.1 1.53959e-06
29548.3 1.62683e-06
29550.5 1.74211e-06
29552.7 1.8123e-06
29554.9 1.84212e-06
29557.1 1.90565e-06
29559.3 2.01648e-06
29561.5 2.10409e-06
29563.7 2.13745e-06
29565.9 2.17918e-06
29568.1 2.2757e-06
29570.2 2.37601e-06
29572.4 2.42119e-06
29574.6 2.44752e-06
29576.8 2.5227e-06
29579 2.62724e-06
29581.2 2.68881e-06
29583.4 2.70897e-06
29585.6 2.7602e-06
29587.8 2.85882e-06
29590 2.93657e-06
29592.2 2.96031e-06
29594.4 2.98991e-06
29596.6 3.07318e-06
29598.8 3.16218e-06
29601 3.19739e-06
29603.2 3.21196e-06
29605.4 3.27337e-06
29607.6 3.36518e-06
29609.8 3.41604e-06
29612 3.42475e-06
29614.2 3.46217e-06
29616.3 3.54691e-06
29618.5 3.61288e-06
29620.7 3.62524e-06
29622.9 3.64133e-06
29625.1 3.70998e-06
29627.3 3.786e-06
29629.5 3.80958e-06
29631.7 3.81106e-06
29633.9 3.85756e-06
29636.1 3.9353e-06
29638.3 3.97392e-06
29640.5 3.96991e-06
29642.7 3.99254e-06
29644.9 4.06235e-06
29647.1 4.11526e-06
29649.3 4.11504e-06
29651.5 4.11674e-06
29653.7 4.16998e-06
29655.9 4.23203e-06
29658.1 4.24289e-06
29660.3 4.23047e-06
29662.4 4.26149e-06
29664.6 4.32444e-06
29666.8 4.34994e-06
29669 4.33245e-06
29671.2 4.33986e-06
29673.4 4.39432e-06
29675.6 4.43351e-06
29677.8 4.42006e-06
29680 4.40702e-06
29682.2 4.44467e-06
29684.4 4.49238e-06
29686.6 4.49002e-06
29688.8 4.46342e-06
29691 4.47893e-06
29693.2 4.52701e-06
29695.4 4.53909e-06
29697.6 4.50793e-06
29699.8 4.50021e-06
29702 4.53948e-06
29704.2 4.56492e-06
29706.4 4.53817e-06
29708.5 4.51055e-06
29710.7 4.53296e-06
29712.9 4.56656e-06
29715.1 4.55108e-06
29717.3 4.51054e-06
29719.5 4.51104e-06
29721.7 4.54473e-06
29723.9 4.54371e-06
29726.1 4.49922e-06
29728.3 4.47695e-06
29730.5 4.50172e-06
29732.7 4.51397e-06
29734.9 4.47439e-06
29737.1 4.43285e-06
29739.3 4.44087e-06
29741.5 4.46116e-06
29743.7 4.43321e-06
29745.9 4.37947e-06
29748.1 4.36591e-06
29750.3 4.38624e-06
29752.4 4.37298e-06
29754.6 4.31598e-06
29756.8 4.2802e-06
29759 4.29166e-06
29761.2 4.29181e-06
29763.4 4.24036e-06
29765.6 4.18602e-06
29767.8 4.18095e-06
29770 4.18923e-06
29772.2 4.14995e-06
29774.4 4.08419e-06
29776.6 4.05798e-06
29778.8 4.06639e-06
29781 4.04223e-06
29783.2 3.97402e-06
29785.4 3.92619e-06
29787.6 3.92593e-06
29789.8 3.9155e-06
29792 3.85361e-06
29794.2 3.78797e-06
29796.4 3.77151e-06
29798.5 3.76947e-06
29800.7 3.72044e-06
29802.9 3.64424e-06
29805.1 3.60712e-06
29807.3 3.60547e-06
29809.5 3.57213e-06
29811.7 3.49439e-06
29813.9 3.4363e-06
29816.1 3.42627e-06
29818.3 3.40715e-06
29820.5 3.33661e-06
29822.7 3.26151e-06
29824.9 3.23567e-06
29827.1 3.22534e-06
29829.3 3.16847e-06
29831.5 3.08372e-06
29833.7 3.03774e-06
29835.9 3.02815e-06
29838.1 2.9877e-06
29840.3 2.90237e-06
29842.5 2.83609e-06
29844.6 2.8185e-06
29846.8 2.79286e-06
29849 2.71571e-06
29851.2 2.63324e-06
29853.4 2.60026e-06
29855.6 2.58392e-06
29857.8 2.52137e-06
29860 2.43018e-06
29862.2 2.37758e-06
29864.4 2.36242e-06
29866.6 2.31712e-06
29868.8 2.22637e-06
29871 2.15413e-06
29873.2 2.13136e-06
29875.4 2.10159e-06
29877.6 2.02006e-06
29879.8 1.93243e-06
29882 1.89468e-06
29884.2 1.87479e-06
29886.4 1.80888e-06
29888.6 1.71347e-06
29890.7 1.6566e-06
29892.9 1.63835e-06
29895.1 1.59061e-06
29897.3 1.4967e-06
29899.5 1.4208e-06
29901.7 1.39532e-06
29903.9 1.3639e-06
29906.1 1.28031e-06
29908.3 1.18979e-06
29910.5 1.1497e-06
29912.7 1.12877e-06
29914.9 1.0619e-06
29917.1 9.64529e-07
29919.3 9.05722e-07
29921.5 8.86887e-07
29923.7 8.3918e-07
29925.9 7.44388e-07
29928.1 6.67084e-07
29930.3 6.41337e-07
29932.5 6.10771e-07
29934.7 5.27471e-07
29936.8 4.36262e-07
29939 3.96163e-07
29941.2 3.76696e-07
29943.4 3.11258e-07
29945.6 2.14133e-07
29947.8 1.55617e-07
29950 1.38617e-07
29952.2 9.338e-08
29954.4 -6.14136e-11
29956.6 -7.66298e-08
29958.8 -1.00343e-07
29961 -1.27627e-07
29963.2 -2.08365e-07
29965.4 -2.9817e-07
29967.6 -3.36117e-07
29969.8 -3.51771e-07
29972 -4.13458e-07
29974.2 -5.08256e-07
29976.4 -5.64449e-07
29978.6 -5.77389e-07
29980.7 -6.17848e-07
29982.9 -7.07826e-07
29985.1 -7.81718e-07
29987.3 -8.01336e-07
29989.5 -8.23095e-07
29991.7 -8.9913e-07
29993.9 -9.85629e-07
29996.1 -1.01952e-06
29998.3 -1.02925e-06
30000.5 -1.08505e-06
30002.7 -1.17562e-06
30004.9 -1.22772e-06
30007.1 -1.23466e-06
30009.3 -1.26826e-06
30011.5 -1.35285e-06
30013.7 -1.42237e-06
30015.9 -1.43615e-06
30018.1 -1.45042e-06
30020.3 -1.51983e-06
30022.5 -1.60136e-06
30024.7 -1.62962e-06
30026.8 -1.63165e-06
30029 -1.67967e-06
30031.2 -1.76434e-06
30033.4 -1.81089e-06
30035.6 -1.81027e-06
30037.8 -1.83523e-06
30040 -1.91276e-06
30042.2 -1.97652e-06
30044.4 -1.98308e-06
30046.6 -1.98828e-06
30048.8 -2.04941e-06
30051 -2.1246e-06
30053.2 -2.14601e-06
30055.4 -2.13895e-06
30057.6 -2.17766e-06
30059.8 -2.25505e-06
30062 -2.29493e-06
30064.2 -2.28558e-06
30066.4 -2.30052e-06
30068.6 -2.36965e-06
30070.8 -2.42657e-06
30072.9 -2.42494e-06
30075.1 -2.41988e-06
30077.3 -2.47147e-06
30079.5 -2.53925e-06
30081.7 -2.55298e-06
30083.9 -2.53588e-06
30086.1 -2.56413e-06
30088.3 -2.63321e-06
30090.5 -2.66566e-06
30092.7 -2.64684e-06
30094.9 -2.65082e-06
30097.1 -2.71055e-06
30099.3 -2.75991e-06
30101.5 -2.74953e-06
30103.7 -2.73349e-06
30105.9 -2.77465e-06
30108.1 -2.83433e-06
30110.3 -2.83992e-06
30112.5 -2.81229e-06
30114.7 -2.82937e-06
30116.9 -2.88948e-06
30119 -2.91411e-06
30121.2 -2.88552e-06
30123.4 -2.87803e-06
30125.6 -2.9278e-06
30127.8 -2.96925e-06
30130 -2.94995e-06
30132.2 -2.92265e-06
30134.4 -2.95295e-06
30136.6 -3.0042e-06
30138.8 -3.00159e-06
30141 -2.96336e-06
30143.2 -2.969e-06
30145.4 -3.01988e-06
30147.6 -3.03669e-06
30149.8 -2.99843e-06
30152 -2.97941e-06
30154.2 -3.01904e-06
30156.4 -3.05261e-06
30158.6 -3.02463e-06
30160.8 -2.98621e-06
30162.9 -3.00562e-06
30165.1 -3.04852e-06
30167.3 -3.03803e-06
30169.5 -2.98953e-06
30171.7 -2.98388e-06
30173.9 -3.02566e-06
30176.1 -3.03501e-06
30178.3 -2.98758e-06
30180.5 -2.95737e-06
30182.7 -2.98709e-06
30184.9 -3.01317e-06
30187.1 -2.97711e-06
30189.3 -2.92812e-06
30191.5 -2.937e-06
30193.7 -2.97197e-06
30195.9 -2.95427e-06
30198.1 -2.89623e-06
30200.3 -2.87981e-06
30202.5 -2.91297e-06
30204.7 -2.91558e-06
30206.9 -2.85983e-06
30209 -2.81914e-06
30211.2 -2.83951e-06
30213.4 -2.85884e-06
30215.6 -2.81567e-06
30217.8 -2.75699e-06
30220 -2.75602e-06
30222.2 -2.78383e-06
30224.4 -2.75993e-06
30226.6 -2.69338e-06
30228.8 -2.66705e-06
30231 -2.69237e-06
30233.2 -2.68926e-06
30235.4 -2.62638e-06
30237.6 -2.57622e-06
30239.8 -2.58811e-06
30242 -2.6017e-06
30244.2 -2.55267e-06
30246.4 -2.4855e-06
30248.6 -2.47565e-06
30250.8 -2.49729e-06
30253 -2.46847e-06
30255.1 -2.39478e-06
30257.3 -2.35964e-06
30259.5 -2.37815e-06
30261.7 -2.37057e-06
30263.9 -2.30202e-06
30266.1 -2.24368e-06
30268.3 -2.24817e-06
30270.5 -2.25724e-06
30272.7 -2.20384e-06
30274.9 -2.12964e-06
30277.1 -2.11211e-06
30279.3 -2.12875e-06
30281.5 -2.0965e-06
30283.7 -2.01725e-06
30285.9 -1.97465e-06
30288.1 -1.98754e-06
30290.3 -1.97691e-06
30292.5 -1.90433e-06
30294.7 -1.83934e-06
30296.9 -1.83766e-06
30299.1 -1.84355e-06
30301.2 -1.78745e-06
30303.4 -1.70788e-06
30305.6 -1.68402e-06
30307.8 -1.69697e-06
30310 -1.66287e-06
30312.2 -1.57983e-06
30314.4 -1.53128e-06
30316.6 -1.53983e-06
30318.8 -1.52765e-06
30321 -1.45284e-06
30323.2 -1.38287e-06
30325.4 -1.37638e-06
30327.6 -1.38048e-06
30329.8 -1.3234e-06
30332 -1.24027e-06
30334.2 -1.21157e-06
30336.4 -1.22215e-06
30338.6 -1.18782e-06
30340.8 -1.10283e-06
30343 -1.04999e-06
30345.2 -1.05555e-06
30347.3 -1.04329e-06
30349.5 -9.68057e-07
30351.7 -8.94881e-07
30353.9 -8.85025e-07
30356.1 -8.88704e-07
30358.3 -8.32355e-07
30360.5 -7.47515e-07
30362.7 -7.15541e-07
30364.9 -7.25096e-07
30367.1 -6.92082e-07
30369.3 -6.07002e-07
30371.5 -5.51555e-07
30373.7 -5.55492e-07
30375.9 -5.44569e-07
30378.1 -4.70677e-07
30380.3 -3.96094e-07
30382.5 -3.8433e-07
30384.7 -3.88912e-07
30386.9 -3.34896e-07
30389.1 -2.50163e-07
30391.2 -2.16499e-07
30393.4 -2.2632e-07
30395.6 -1.96068e-07
30397.8 -1.12645e-07
30400 -5.62842e-08
30402.2 -5.99442e-08
30404.4 -5.16617e-08
30406.6 1.92767e-08
30408.8 9.35352e-08
30411 1.0577e-07
30413.2 9.90563e-08
30415.4 1.49292e-07
30417.6 2.32222e-07
30419.8 2.66043e-07
30422 2.5473e-07
30424.2 2.80936e-07
30426.4 3.61117e-07
30428.6 4.16799e-07
30430.8 4.12138e-07
30433 4.16615e-07
30435.2 4.83175e-07
30437.3 5.55523e-07
30439.5 5.66874e-07
30441.7 5.56918e-07
30443.9 6.02123e-07
30446.1 6.81744e-07
30448.3 7.14306e-07
30450.5 7.00384e-07
30452.7 7.21443e-07
30454.9 7.97014e-07
30457.1 8.50587e-07
30459.3 8.43765e-07
30461.5 8.43432e-07
30463.7 9.04416e-07
30465.9 9.73473e-07
30468.1 9.82729e-07
30470.3 9.68568e-07
30472.5 1.00771e-06
30474.7 1.08275e-06
30476.9 1.11282e-06
30479.1 1.09532e-06
30481.3 1.11033e-06
30483.4 1.18017e-06
30485.6 1.23042e-06
30487.8 1.22044e-06
30490 1.21448e-06
30492.2 1.26893e-06
30494.4 1.33356e-06
30496.6 1.33971e-06
30498.8 1.32056e-06
30501 1.35283e-06
30503.2 1.42228e-06
30505.4 1.44884e-06
30507.6 1.42699e-06
30509.8 1.43526e-06
30512 1.49851e-06
30514.2 1.54448e-06
30516.4 1.53056e-06
30518.6 1.51836e-06
30520.8 1.56557e-06
30523 1.62491e-06
30525.2 1.62716e-06
30527.4 1.60244e-06
30529.5 1.62728e-06
30531.7 1.69041e-06
30533.9 1.7127e-06
30536.1 1.68593e-06
30538.3 1.68701e-06
30540.5 1.74308e-06
30542.7 1.78408e-06
30544.9 1.76565e-06
30547.1 1.74682e-06
30549.3 1.78636e-06
30551.5 1.83982e-06
30553.7 1.83762e-06
30555.9 1.807e-06
30558.1 1.82409e-06
30560.3 1.88042e-06
30562.5 1.89795e-06
30564.7 1.86593e-06
30566.9 1.85961e-06
30569.1 1.90818e-06
30571.3 1.94376e-06
30573.5 1.92052e-06
30575.6 1.89493e-06
30577.8 1.92661e-06
30580 1.97385e-06
30582.2 1.96691e-06
30584.4 1.93029e-06
30586.6 1.93958e-06
30588.8 1.98891e-06
30591 2.00142e-06
30593.2 1.96408e-06
30595.4 1.95039e-06
30597.6 1.9914e-06
30599.8 2.0214e-06
30602 1.99326e-06
30604.2 1.96101e-06
30606.4 1.98491e-06
30608.6 2.02587e-06
30610.8 2.01414e-06
30613 1.97163e-06
30615.2 1.97332e-06
30617.4 2.01573e-06
30619.5 2.02321e-06
30621.7 1.98067e-06
30623.9 1.9599e-06
30626.1 1.99356e-06
30628.3 2.01805e-06
30630.5 1.98515e-06
30632.7 1.94656e-06
30634.9 1.96303e-06
30637.1 1.99789e-06
30639.3 1.98153e-06
30641.5 1.93348e-06
30643.7 1.92801e-06
30645.9 1.96381e-06
30648.1 1.96648e-06
30650.3 1.91907e-06
30652.5 1.89172e-06
30654.7 1.91851e-06
30656.9 1.9378e-06
30659.1 1.90048e-06
30661.3 1.85606e-06
30663.5 1.86568e-06
30665.6 1.89489e-06
30667.8 1.87425e-06
30670 1.82117e-06
30672.2 1.8092e-06
30674.4 1.83899e-06
30676.6 1.83727e-06
30678.8 1.78549e-06
30681 1.75225e-06
30683.2 1.77286e-06
30685.4 1.78749e-06
30687.6 1.74624e-06
30689.8 1.69668e-06
30692 1.70024e-06
30694.2 1.72447e-06
30696.4 1.70011e-06
30698.6 1.64263e-06
30700.8 1.62499e-06
30703 1.64957e-06
30705.2 1.64411e-06
30707.4 1.58858e-06
30709.6 1.55027e-06
30711.7 1.56562e-06
30713.9 1.57634e-06
30716.1 1.53182e-06
30718.3 1.4779e-06
30720.5 1.47636e-06
30722.7 1.4965e-06
30724.9 1.46912e-06
30727.1 1.408e-06
30729.3 1.38565e-06
30731.5 1.406e-06
30733.7 1.39762e-06
30735.9 1.3391e-06
30738.1 1.29662e-06
30740.3 1.30775e-06
30742.5 1.31551e-06
30744.7 1.2685e-06
30746.9 1.21108e-06
30749.1 1.20549e-06
30751.3 1.22259e-06
30753.5 1.19308e-06
30755.7 1.12915e-06
30757.8 1.10308e-06
30760 1.12034e-06
30762.2 1.11001e-06
30764.4 1.04934e-06
30766.6 1.00365e-06
30768.8 1.01168e-06
30771 1.01759e-06
30773.2 9.68996e-07
30775.4 9.0897e-07
30777.6 9.00413e-07
30779.8 9.15641e-07
30782 8.84994e-07
30784.2 8.19142e-07
30786.4 7.90379e-07
30788.6 8.05716e-07
30790.8 7.94562e-07
30793 7.32658e-07
30795.2 6.84698e-07
30797.4 6.90786e-07
30799.6 6.96014e-07
30801.8 6.4684e-07
30803.9 5.85116e-07
30806.1 5.74665e-07
30808.3 5.89236e-07
30810.5 5.58549e-07
30812.7 4.91687e-07
30814.9 4.61215e-07
30817.1 4.75818e-07
30819.3 4.65009e-07
30821.5 4.02846e-07
30823.7 3.53536e-07
30825.9 3.58785e-07
30828.1 3.64548e-07
30830.3 3.15848e-07
30832.5 2.53327e-07
30834.7 2.41989e-07
30836.9 2.57092e-07
30839.1 2.27503e-07
30841.3 1.60563e-07
30843.5 1.29301e-07
30845.7 1.44286e-07
30847.8 1.35002e-07
30850 7.35774e-08
30852.2 2.37915e-08
30854.4 2.92143e-08
30856.6 3.66822e-08
30858.8 -1.04734e-08
30861 -7.29172e-08
30863.2 -8.42321e-08
30865.4 -6.74909e-08
30867.6 -9.48645e-08
30869.8 -1.60965e-07
30872 -1.92179e-07
30874.2 -1.75808e-07
30876.4 -1.82446e-07
30878.6 -2.42154e-07
30880.8 -2.91608e-07
30883 -2.85121e-07
30885.2 -2.74878e-07
30887.4 -3.19462e-07
30889.6 -3.81004e-07
30891.8 -3.91501e-07
30893.9 -3.72147e-07
30896.1 -3.96263e-07
30898.3 -4.60656e-07
30900.5 -4.91086e-07
30902.7 -4.7247e-07
30904.9 -4.75456e-07
30907.1 -5.32535e-07
30909.3 -5.80933e-07
30911.5 -5.72636e-07
30913.7 -5.58692e-07
30915.9 -5.9977e-07
30918.1 -6.59666e-07
30920.3 -6.68682e-07
30922.5 -6.45901e-07
30924.7 -6.65845e-07
30926.9 -7.27753e-07
30929.1 -7.56778e-07
30931.3 -7.35224e-07
30933.5 -7.33706e-07
30935.7 -7.87353e-07
30937.9 -8.34083e-07
30940 -8.23382e-07
30942.2 -8.04987e-07
30944.4 -8.41761e-07
30946.6 -8.99382e-07
30948.8 -9.06395e-07
30951 -8.79553e-07
30953.2 -8.94572e-07
30955.4 -9.53345e-07
30957.6 -9.80479e-07
30959.8 -9.55466e-07
30962 -9.48771e-07
30964.2 -9.98334e-07
30966.4 -1.04292e-06
30968.6 -1.02938e-06
30970.8 -1.00597e-06
30973 -1.03781e-06
30975.2 -1.09267e-06
30977.4 -1.09732e-06
30979.6 -1.06596e-06
30981.8 -1.07549e-06
30984 -1.13063e-06
30986.1 -1.15555e-06
30988.3 -1.12673e-06
30990.5 -1.11437e-06
30992.7 -1.15937e-06
30994.9 -1.20149e-06
30997.1 -1.18487e-06
30999.3 -1.15606e-06
31001.5 -1.18252e-06
31003.7 -1.2343e-06
31005.9 -1.23638e-06
31008.1 -1.20025e-06
31010.3 -1.20389e-06
31012.5 -1.25509e-06
31014.7 -1.27763e-06
31016.9 -1.24485e-06
31019.1 -1.22653e-06
31021.3 -1.26665e-06
31023.5 -1.30616e-06
31025.7 -1.28638e-06
31027.9 -1.25198e-06
31030.1 -1.27279e-06
31032.2 -1.32134e-06
31034.4 -1.32086e-06
31036.6 -1.27987e-06
31038.8 -1.27741e-06
31041 -1.32452e-06
31043.2 -1.34471e-06
31045.4 -1.30799e-06
31047.6 -1.28359e-06
31049.8 -1.31869e-06
31052 -1.35563e-06
31054.2 -1.33282e-06
31056.4 -1.29281e-06
31058.6 -1.30785e-06
31060.8 -1.3532e-06
31063 -1.35034e-06
31065.2 -1.30459e-06
31067.4 -1.29598e-06
31069.6 -1.339e-06
31071.8 -1.35706e-06
31074 -1.31663e-06
31076.1 -1.28618e-06
31078.3 -1.31627e-06
31080.5 -1.35083e-06
31082.7 -1.3253e-06
31084.9 -1.27985e-06
31087.1 -1.28915e-06
31089.3 -1.33147e-06
31091.5 -1.32659e-06
31093.7 -1.2764e-06
31095.9 -1.26174e-06
31098.1 -1.30079e-06
31100.3 -1.31707e-06
31102.5 -1.27335e-06
31104.7 -1.23709e-06
31106.9 -1.26228e-06
31109.1 -1.29478e-06
31111.3 -1.26702e-06
31113.5 -1.2165e-06
31115.7 -1.22022e-06
31117.9 -1.25976e-06
31120.1 -1.25337e-06
31122.2 -1.19922e-06
31124.4 -1.17878e-06
31126.6 -1.21409e-06
31128.8 -1.22905e-06
31131 -1.18265e-06
31133.2 -1.14095e-06
31135.4 -1.16147e-06
31137.6 -1.19232e-06
31139.8 -1.16297e-06
31142 -1.10791e-06
31144.2 -1.10635e-06
31146.4 -1.14344e-06
31148.6 -1.13615e-06
31150.8 -1.07872e-06
31153 -1.0529e-06
31155.2 -1.08478e-06
31157.4 -1.09897e-06
31159.6 -1.0506e-06
31161.8 -1.00404e-06
31164 -1.02022e-06
31166.2 -1.04986e-06
31168.3 -1.01965e-06
31170.5 -9.60753e-07
31172.7 -9.54331e-07
31174.9 -9.89363e-07
31177.1 -9.81838e-07
31179.3 -9.21911e-07
31181.5 -8.91268e-07
31183.7 -9.20085e-07
31185.9 -9.34075e-07
31188.1 -8.84559e-07
31190.3 -8.33824e-07
31192.5 -8.46105e-07
31194.7 -8.75014e-07
31196.9 -8.4471e-07
31199.1 -7.8279e-07
31201.3 -7.72053e-07
31203.5 -8.05458e-07
31205.7 -7.98373e-07
31207.9 -7.36812e-07
31210.1 -7.02032e-07
31212.3 -7.28238e-07
31214.4 -7.42597e-07
31216.6 -6.92774e-07
31218.8 -6.38676e-07
31221 -6.47583e-07
31223.2 -6.76259e-07
31225.4 -6.46623e-07
31227.6 -5.82557e-07
31229.8 -5.68152e-07
31232 -6.00406e-07
31234.2 -5.94418e-07
31236.4 -5.32107e-07
31238.6 -4.93959e-07
31240.8 -5.1807e-07
31243 -5.3336e-07
31245.2 -4.84058e-07
31247.4 -4.27454e-07
31249.6 -4.33591e-07
31251.8 -4.62542e-07
31254 -4.34306e-07
31256.2 -3.68983e-07
31258.4 -3.51623e-07
31260.5 -3.83234e-07
31262.7 -3.78972e-07
31264.9 -3.16771e-07
31267.1 -2.76061e-07
31269.3 -2.98639e-07
31271.5 -3.15409e-07
31273.7 -2.67412e-07
31275.9 -2.09159e-07
31278.1 -2.13172e-07
31280.3 -2.42914e-07
31282.5 -2.16763e-07
31284.7 -1.51038e-07
31286.9 -1.31454e-07
31289.1 -1.62952e-07
31291.3 -1.61008e-07
31293.5 -9.97223e-08
31295.7 -5.72441e-08
31297.9 -7.88679e-08
31300.1 -9.76481e-08
31302.3 -5.16783e-08
31304.4 7.4082e-09
31306.6 4.8725e-09
31308.8 -2.6164e-08
31311 -2.7284e-09
31313.2 6.2604e-08
31315.4 8.37046e-08
31317.6 5.18023e-08
31319.8 5.08788e-08
31322 1.10513e-07
31324.2 1.54015e-07
31326.4 1.3279e-07
31328.6 1.11506e-07
31330.8 1.54793e-07
31333 2.13964e-07
31335.2 2.12302e-07
31337.4 1.79501e-07
31339.6 1.99653e-07
31341.8 2.63874e-07
31344 2.85845e-07
31346.2 2.53066e-07
31348.4 2.48783e-07
31350.5 3.06107e-07
31352.7 3.49963e-07
31354.9 3.28638e-07
31357.1 3.04416e-07
31359.3 3.44441e-07
31361.5 4.03029e-07
31363.7 4.01707e-07
31365.9 3.6674e-07
31368.1 3.83113e-07
31370.3 4.45589e-07
31372.5 4.67863e-07
31374.7 4.3381e-07
31376.9 4.25755e-07
31379.1 4.80196e-07
31381.3 5.23819e-07
31383.5 5.01979e-07
31385.7 4.74471e-07
31387.9 5.10743e-07
31390.1 5.68167e-07
31392.3 5.66738e-07
31394.5 5.29295e-07
31396.6 5.41493e-07
31398.8 6.01679e-07
31401 6.23777e-07
31403.2 5.88147e-07
31405.4 5.76012e-07
31407.6 6.27093e-07
31409.8 6.69985e-07
31412 6.47309e-07
31414.2 6.16277e-07
31416.4 6.48411e-07
31418.6 7.04181e-07
31420.8 7.02291e-07
31423 6.6217e-07
31425.2 6.69912e-07
31427.4 7.27363e-07
31429.6 7.48893e-07
31431.8 7.1149e-07
31434 6.95088e-07
31436.2 7.42444e-07
31438.4 7.84198e-07
31440.6 7.60462e-07
31442.7 7.25786e-07
31444.9 7.53523e-07
31447.1 8.07251e-07
31449.3 8.04631e-07
31451.5 7.61745e-07
31453.7 7.64881e-07
31455.9 8.19267e-07
31458.1 8.39928e-07
31460.3 8.00654e-07
31462.5 7.79928e-07
31464.7 8.23323e-07
31466.9 8.6363e-07
31469.1 8.38698e-07
31471.3 8.0038e-07
31473.5 8.23599e-07
31475.7 8.75006e-07
31477.9 8.71477e-07
31480.1 8.25842e-07
31482.3 8.24359e-07
31484.5 8.75479e-07
31486.7 8.9506e-07
31488.8 8.53907e-07
31491 8.28929e-07
31493.2 8.68269e-07
31495.4 9.06922e-07
31497.6 8.80742e-07
31499.8 8.38895e-07
31502 8.57615e-07
31504.2 9.06548e-07
31506.4 9.02013e-07
31508.6 8.53738e-07
31510.8 8.47758e-07
31513 8.95546e-07
31515.2 9.13934e-07
31517.4 8.70976e-07
31519.6 8.4193e-07
31521.8 8.77261e-07
31524 9.14172e-07
31526.2 8.86769e-07
31528.4 8.41598e-07
31530.6 8.55975e-07
31532.7 9.02409e-07
31534.9 8.96861e-07
31537.1 8.46132e-07
31539.3 8.35893e-07
31541.5 8.80422e-07
31543.7 8.97608e-07
31545.9 8.52988e-07
31548.1 8.20156e-07
31550.3 8.51658e-07
31552.5 8.86857e-07
31554.7 8.58334e-07
31556.9 8.10119e-07
31559.1 8.20427e-07
31561.3 8.64471e-07
31563.5 8.57992e-07
31565.7 8.05059e-07
31567.9 7.90894e-07
31570.1 8.32369e-07
31572.3 8.48452e-07
31574.5 8.02378e-07
31576.4 7.6692e-07
31578.4 7.84711e-07
31580.4 8.22516e-07
31582.3 8.17721e-07
31584.3 7.69994e-07
31586.3 7.41605e-07
31588.3 7.66176e-07
31590.2 7.99583e-07
31592.2 7.84708e-07
31594.2 7.35026e-07
31596.2 7.14708e-07
31598.1 7.44616e-07
31600.1 7.71907e-07
31602.1 7.4753e-07
31604 6.97973e-07
31606 6.86317e-07
31608 7.19862e-07
31610 7.39595e-07
31611.9 7.06699e-07
31613.9 6.59292e-07
31615.9 6.56462e-07
31617.9 6.91769e-07
31619.8 7.02841e-07
31621.8 6.6277e-07
31623.8 6.19395e-07
31625.7 6.25118e-07
31627.7 6.6023e-07
31629.7 6.61928e-07
31631.7 6.16321e-07
31633.6 5.78629e-07
31635.6 5.92222e-07
31637.6 6.25188e-07
31639.6 6.17222e-07
31641.5 5.67934e-07
31643.5 5.37278e-07
31645.5 5.57677e-07
31647.4 5.86651e-07
31649.4 5.6916e-07
31651.4 5.1818e-07
31653.4 4.95552e-07
31655.3 5.21376e-07
31657.3 5.44698e-07
31659.3 5.18245e-07
31661.3 4.67601e-07
31663.2 4.53596e-07
31665.2 4.83209e-07
31667.2 4.99483e-07
31669.1 4.65026e-07
31671.1 4.16695e-07
31673.1 4.11487e-07
31675.1 4.43083e-07
31677 4.51241e-07
31679 4.10087e-07
31681 3.65906e-07
31683 3.69247e-07
31684.9 4.00933e-07
31686.9 4.00286e-07
31688.9 3.54027e-07
31690.8 3.1561e-07
31692.8 3.26846e-07
31694.8 3.56737e-07
31696.8 3.47002e-07
31698.7 2.97444e-07
31700.7 2.66112e-07
31702.7 2.84223e-07
31704.7 3.10528e-07
31706.6 2.91841e-07
31708.6 2.40915e-07
31710.6 2.1764e-07
31712.5 2.41291e-07
31714.5 2.624e-07
31716.5 2.35306e-07
31718.5 1.84985e-07
31720.4 1.7035e-07
31722.4 1.97957e-07
31724.4 2.12515e-07
31726.4 1.77943e-07
31728.3 1.30148e-07
31730.3 1.24326e-07
31732.3 1.54136e-07
31734.2 1.61105e-07
31736.2 1.2032e-07
31738.2 7.68356e-08
31740.2 7.95883e-08
31742.1 1.09765e-07
31744.1 1.0847e-07
31746.1 6.30168e-08
31748.1 2.54092e-08
31750 3.61031e-08
31752 6.48122e-08
31754 5.49756e-08
31755.9 6.60176e-09
31757.9 -2.38471e-08
31759.9 -6.20452e-09
31761.9 1.92946e-08
31763.8 1.04137e-09
31765.8 -4.83804e-08
31767.8 -7.07291e-08
31769.8 -4.74381e-08
31771.7 -2.67188e-08
31773.7 -5.2866e-08
31775.7 -1.01426e-07
31777.6 -1.15112e-07
31779.6 -8.7715e-08
31781.6 -7.30995e-08
31783.6 -1.06247e-07
31785.5 -1.52085e-07
31787.5 -1.56945e-07
31789.5 -1.27152e-07
31791.5 -1.19657e-07
31793.4 -1.58586e-07
31795.4 -1.99976e-07
31797.4 -1.96247e-07
31799.3 -1.6585e-07
31801.3 -1.66142e-07
31803.3 -2.09361e-07
31805.3 -2.44788e-07
31807.2 -2.33093e-07
31809.2 -2.03884e-07
31811.3 -2.13466e-07
31813.3 -2.61377e-07
31815.3 -2.86389e-07
31817.4 -2.62802e-07
31819.4 -2.40342e-07
31821.5 -2.66792e-07
31823.5 -3.13736e-07
31825.6 -3.20803e-07
31827.6 -2.89523e-07
31829.6 -2.80876e-07
31831.7 -3.20456e-07
31833.7 -3.58735e-07
31835.8 -3.48115e-07
31837.8 -3.16893e-07
31839.9 -3.25199e-07
31841.9 -3.71517e-07
31843.9 -3.95103e-07
31846 -3.70451e-07
31848 -3.46887e-07
31850.1 -3.71833e-07
31852.1 -4.17113e-07
31854.1 -4.22817e-07
31856.2 -3.90437e-07
31858.2 -3.8048e-07
31860.3 -4.18376e-07
31862.3 -4.54995e-07
31864.4 -4.43072e-07
31866.4 -4.10653e-07
31868.4 -4.17435e-07
31870.5 -4.61959e-07
31872.5 -4.83944e-07
31874.6 -4.58015e-07
31876.6 -4.33105e-07
31878.7 -4.56335e-07
31880.7 -4.99791e-07
31882.7 -5.03975e-07
31884.8 -4.70291e-07
31886.8 -4.58806e-07
31888.9 -4.94849e-07
31890.9 -5.29684e-07
31893 -5.16313e-07
31895 -4.82505e-07
31897 -4.87575e-07
31899.1 -5.30181e-07
31901.1 -5.50468e-07
31903.2 -5.23126e-07
31905.2 -4.96692e-07
31907.3 -5.18058e-07
31909.3 -5.59608e-07
31911.3 -5.62197e-07
31913.4 -5.27081e-07
31915.4 -5.13911e-07
31917.5 -5.47997e-07
31919.5 -5.81004e-07
31921.6 -5.66124e-07
31923.6 -5.30804e-07
31925.6 -5.34036e-07
31927.7 -5.74667e-07
31929.7 -5.93245e-07
31931.8 -5.64437e-07
31933.8 -5.36367e-07
31935.9 -5.5578e-07
31937.9 -5.95414e-07
31939.9 -5.96421e-07
31942 -5.59821e-07
31944 -5.44872e-07
31946.1 -5.76956e-07
31948.1 -6.08168e-07
31950.2 -5.91807e-07
31952.2 -5.54928e-07
31954.2 -5.56251e-07
31956.3 -5.94911e-07
31958.3 -6.11848e-07
31960.4 -5.81608e-07
31962.4 -5.5186e-07
31964.5 -5.69284e-07
31966.5 -6.07055e-07
31968.6 -6.05608e-07
31970.7 -5.65886e-07
31972.8 -5.53043e-07
31975 -5.87722e-07
31977.1 -6.12035e-07
31979.2 -5.84973e-07
31981.3 -5.49991e-07
31983.4 -5.63391e-07
31985.5 -6.01534e-07
31987.6 -5.99801e-07
31989.8 -5.59091e-07
31991.9 -5.44334e-07
31994 -5.77488e-07
31996.1 -6.01361e-07
31998.2 -5.7386e-07
32000.3 -5.37358e-07
32002.4 -5.48863e-07
32004.6 -5.8608e-07
32006.7 -5.84158e-07
32008.8 -5.42554e-07
32010.9 -5.25922e-07
32013 -5.57577e-07
32015.1 -5.81086e-07
32017.3 -5.53262e-07
32019.4 -5.1532e-07
32021.5 -5.2496e-07
32023.6 -5.61301e-07
32025.7 -5.593e-07
32027.8 -5.16919e-07
32029.9 -4.98474e-07
32032.1 -5.28665e-07
32034.2 -5.51895e-07
32036.3 -5.23879e-07
32038.4 -4.846e-07
32040.5 -4.92421e-07
32042.6 -5.27945e-07
32044.7 -5.25985e-07
32046.9 -4.82961e-07
32049 -4.62784e-07
32051.1 -4.91559e-07
32053.2 -5.14602e-07
32055.3 -4.86538e-07
32057.4 -4.46043e-07
32059.6 -4.52111e-07
32061.7 -4.86882e-07
32063.8 -4.85089e-07
32065.9 -4.41574e-07
32068 -4.19763e-07
32070.1 -4.4718e-07
32072.2 -4.70132e-07
32074.4 -4.42174e-07
32076.5 -4.00601e-07
32078.6 -4.04993e-07
32080.7 -4.39083e-07
32082.9 -4.36553e-07
32085.1 -3.90693e-07
32087.3 -3.71133e-07
32089.4 -4.01597e-07
32091.6 -4.18553e-07
32093.8 -3.81852e-07
32096 -3.44684e-07
32098.2 -3.60963e-07
32100.4 -3.91414e-07
32102.6 -3.71952e-07
32104.8 -3.25307e-07
32106.9 -3.21468e-07
32109.1 -3.5579e-07
32111.3 -3.57061e-07
32113.5 -3.11521e-07
32115.7 -2.86854e-07
32117.9 -3.14324e-07
32120.1 -3.34313e-07
32122.3 -3.00134e-07
32124.4 -2.59358e-07
32126.6 -2.70985e-07
32128.8 -3.02693e-07
32131 -2.87109e-07
32133.2 -2.39146e-07
32135.4 -2.30052e-07
32137.6 -2.6334e-07
32139.7 -2.68657e-07
32141.9 -2.24297e-07
32144.1 -1.95017e-07
32146.3 -2.19278e-07
32148.5 -2.42265e-07
32150.7 -2.11332e-07
32152.9 -1.67691e-07
32155.1 -1.74656e-07
32157.2 -2.07394e-07
32159.4 -1.9616e-07
32161.6 -1.47751e-07
32163.8 -1.33679e-07
32166 -1.65653e-07
32168.2 -1.75186e-07
32170.4 -1.32853e-07
32172.5 -9.95328e-08
32174.7 -1.20408e-07
32176.9 -1.46292e-07
32179.1 -1.19277e-07
32181.3 -7.35658e-08
32183.5 -7.59239e-08
32185.7 -1.09427e-07
32187.9 -1.02934e-07
32190 -5.4963e-08
32192.2 -3.62676e-08
32194.4 -6.6648e-08
32196.6 -8.04809e-08
32198.8 -4.09858e-08
32201 -4.2631e-09
32203.2 -2.16136e-08
32205.3 -5.02247e-08
32207.5 -2.77225e-08
32209.7 1.9229e-08
32211.9 2.13598e-08
32214.1 -1.26045e-08
32216.3 -1.11493e-08
32218.5 3.55121e-08
32220.7 5.8409e-08
32222.8 2.98993e-08
32225 1.17799e-08
32227.2 4.76831e-08
32229.4 8.71196e-08
32231.6 7.33938e-08
32233.8 4.23014e-08
32236 5.97879e-08
32238.2 1.07138e-07
32240.3 1.13578e-07
32242.5 7.94912e-08
32244.7 7.5726e-08
32246.9 1.20241e-07
32249.1 1.46857e-07
32251.3 1.20486e-07
32253.5 9.81964e-08
32255.6 1.29837e-07
32257.8 1.71265e-07
32260 1.61219e-07
32262.2 1.27962e-07
32264.4 1.40045e-07
32266.6 1.86964e-07
32268.8 1.97475e-07
32271 1.6363e-07
32273.1 1.54581e-07
32275.3 1.96176e-07
32277.5 2.25982e-07
32279.7 2.02e-07
32281.9 1.75757e-07
32284.1 2.0257e-07
32286.3 2.45257e-07
32288.4 2.389e-07
32290.6 2.03855e-07
32292.8 2.10274e-07
32295 2.55971e-07
32297.2 2.70263e-07
32299.4 2.37037e-07
32301.6 2.22764e-07
32303.8 2.60754e-07
32305.9 2.93193e-07
32308.1 2.71825e-07
32310.3 2.41936e-07
32312.5 2.63477e-07
32314.7 3.06704e-07
32316.9 3.04e-07
32319.1 2.67591e-07
32321.3 2.68215e-07
32323.4 3.11962e-07
32325.6 3.29712e-07
32327.8 2.97486e-07
32330 2.78159e-07
32332.2 3.11962e-07
32334.4 3.46472e-07
32336.6 3.27915e-07
32338.7 2.94765e-07
32340.9 3.10716e-07
32343.1 3.53803e-07
32345.3 3.54684e-07
32347.5 3.17368e-07
32349.7 3.1219e-07
32351.9 3.53341e-07
32354.1 3.74203e-07
32356.2 3.43356e-07
32358.4 3.19248e-07
32360.6 3.48396e-07
32362.8 3.84428e-07
32365 3.68856e-07
32367.2 3.32894e-07
32369.4 3.43064e-07
32371.5 3.85383e-07
32373.7 3.89753e-07
32375.9 3.52015e-07
32378.1 3.41146e-07
32380.3 3.79145e-07
32382.5 4.02768e-07
32384.7 3.73674e-07
32386.9 3.45147e-07
32389 3.69287e-07
32391.2 4.06317e-07
32393.4 3.93885e-07
32395.6 3.55615e-07
32397.8 3.59931e-07
32400 4.00919e-07
32402.2 4.08668e-07
32404.4 3.71011e-07
32406.5 3.54669e-07
32408.7 3.89053e-07
32410.9 4.15093e-07
32413.1 3.88117e-07
32415.3 3.55614e-07
32417.5 3.74504e-07
32419.7 4.12047e-07
32421.8 4.02892e-07
32424 3.62863e-07
32426.2 3.61366e-07
32428.4 4.00528e-07
32430.6 4.11536e-07
32432.8 3.74476e-07
32435 3.52972e-07
32437.2 3.83377e-07
32439.3 4.11499e-07
32441.5 3.87001e-07
32443.7 3.51031e-07
32445.9 3.64537e-07
32448.1 4.02147e-07
32450.3 3.9639e-07
32452.5 3.55187e-07
32454.6 3.4802e-07
32456.8 3.84932e-07
32459 3.99073e-07
32461.2 3.63132e-07
32463.4 3.36866e-07
32465.6 3.63016e-07
32467.8 3.92902e-07
32470 3.71226e-07
32472.1 3.32357e-07
32474.3 3.40446e-07
32476.5 3.7772e-07
32478.7 3.75466e-07
32480.9 3.33699e-07
32483.1 3.21102e-07
32485.3 3.55408e-07
32487.4 3.72549e-07
32489.6 3.38248e-07
32491.8 3.07693e-07
32494 3.29403e-07
32496.2 3.60748e-07
32498.4 3.42222e-07
32500.6 3.01066e-07
32502.8 3.038e-07
32504.9 3.40377e-07
32507.1 3.41711e-07
32509.3 3.00003e-07
32511.5 2.82299e-07
32513.7 3.13713e-07
32515.9 3.33713e-07
32518.1 3.01561e-07
32520.3 2.67252e-07
32522.4 2.84417e-07
32524.6 3.16935e-07
32526.8 3.01864e-07
32529 2.59063e-07
32531.2 2.56585e-07
32533.4 2.92147e-07
32535.6 2.97134e-07
32537.7 2.56111e-07
32539.9 2.33692e-07
32542.1 2.61989e-07
32544.3 2.84702e-07
32546.5 2.5519e-07
32548.7 2.17704e-07
32550.9 2.30297e-07
32553.1 2.63715e-07
32555.2 2.52373e-07
32557.4 2.08588e-07
32559.6 2.01113e-07
32561.8 2.35382e-07
32564 2.4406e-07
32566.2 2.04337e-07
32568.4 1.77651e-07
32570.5 2.02666e-07
32572.7 2.27935e-07
32574.9 2.01525e-07
32577.1 1.61475e-07
32579.3 1.69529e-07
32581.5 2.03588e-07
32583.7 1.96217e-07
32585.9 1.52111e-07
32588 1.39914e-07
32590.2 1.72643e-07
32592.4 1.85024e-07
32594.6 1.47198e-07
32596.8 1.16736e-07
32599 1.38347e-07
32601.2 1.66004e-07
32603.4 1.43124e-07
32605.5 1.01139e-07
32607.7 1.04741e-07
32609.9 1.39189e-07
32612.1 1.3599e-07
32614.3 9.22217e-08
32616.5 7.5622e-08
32618.7 1.06592e-07
32620.8 1.22653e-07
32623 8.72931e-08
32625.2 5.35744e-08
32627.4 7.17023e-08
32629.6 1.01561e-07
32631.8 8.25961e-08
32634 3.93131e-08
32636.2 3.85918e-08
32638.3 7.31761e-08
32640.5 7.43091e-08
32642.7 3.15181e-08
32644.9 1.087e-08
32647.1 3.98778e-08
32649.3 5.95622e-08
32651.5 2.7199e-08
32653.6 -9.23808e-09
32655.8 5.35461e-09
32658 3.72052e-08
32660.2 2.24939e-08
32662.4 -2.14544e-08
32664.6 -2.63382e-08
32666.8 8.12577e-09
32669 1.36964e-08
32671.1 -2.75022e-08
32673.3 -5.18196e-08
32675.5 -2.49642e-08
32677.7 -1.76014e-09
32679.9 -3.06395e-08
32682.1 -6.92477e-08
32684.3 -5.8219e-08
32686.5 -2.46148e-08
32688.6 -3.4792e-08
32690.8 -7.87846e-08
32693 -8.76453e-08
32695.2 -5.35694e-08
32697.4 -4.35128e-08
32699.6 -8.25391e-08
32701.8 -1.10129e-07
32703.9 -8.56102e-08
32706.1 -5.90391e-08
32708.3 -8.40015e-08
32710.5 -1.24232e-07
32712.7 -1.16778e-07
32714.9 -8.16931e-08
32717.1 -8.71196e-08
32719.3 -1.30557e-07
32721.4 -1.43188e-07
32723.6 -1.09782e-07
32725.8 -9.52553e-08
32728 -1.31573e-07
32730.2 -1.62028e-07
32732.4 -1.40025e-07
32734.6 -1.10293e-07
32736.7 -1.30968e-07
32738.9 -1.7228e-07
32741.1 -1.68396e-07
32743.3 -1.32137e-07
32745.5 -1.32667e-07
32747.7 -1.74979e-07
32749.9 -1.9116e-07
32752.1 -1.58718e-07
32754.2 -1.39805e-07
32756.4 -1.72932e-07
32758.6 -2.05838e-07
32760.8 -1.86527e-07
32763 -1.53895e-07
32765.2 -1.6998e-07
32767.4 -2.11846e-07
32769.5 -2.11514e-07
32771.7 -1.74422e-07
32773.9 -1.69985e-07
32776.1 -2.10641e-07
32778.3 -2.30138e-07
32780.5 -1.98968e-07
32782.7 -1.75821e-07
32784.9 -2.05334e-07
32787 -2.4028e-07
32789.2 -2.23831e-07
32791.4 -1.88611e-07
32793.6 -1.99878e-07
32795.8 -2.41795e-07
32798 -2.44985e-07
32800.2 -2.0743e-07
32802.4 -1.98031e-07
32804.5 -2.36546e-07
32806.7 -2.59118e-07
32808.9 -2.29535e-07
32811.1 -2.02373e-07
32813.3 -2.27914e-07
32815.5 -2.64497e-07
32817.7 -2.51075e-07
32819.8 -2.13627e-07
32822 -2.19922e-07
32824.2 -2.61415e-07
32826.4 -2.68087e-07
32828.6 -2.30466e-07
32830.8 -2.16183e-07
32833 -2.52121e-07
32835.2 -2.77525e-07
32837.3 -2.49853e-07
32839.5 -2.18954e-07
32841.7 -2.40231e-07
32843.9 -2.78059e-07
32846.1 -2.67825e-07
32848.3 -2.28551e-07
32850.5 -2.29794e-07
32852.6 -2.7042e-07
32854.8 -2.80525e-07
32857 -2.43258e-07
32859.2 -2.24238e-07
32861.4 -2.57215e-07
32863.6 -2.85208e-07
32865.8 -2.59773e-07
32868 -2.25474e-07
32870.1 -2.4226e-07
32872.3 -2.80957e-07
32874.5 -2.74063e-07
32876.7 -2.33405e-07
32878.9 -2.29586e-07
32881.1 -2.68934e-07
32883.3 -2.82418e-07
32885.5 -2.45942e-07
32887.6 -2.22397e-07
32889.8 -2.52082e-07
32892 -2.82419e-07
32894.2 -2.5955e-07
32896.4 -2.2224e-07
32898.6 -2.3437e-07
32900.8 -2.73577e-07
32902.9 -2.70168e-07
32905.1 -2.28599e-07
32907.3 -2.19773e-07
32909.5 -2.57469e-07
32911.7 -2.74268e-07
32913.9 -2.39033e-07
32916.1 -2.11236e-07
32918.3 -2.37345e-07
32920.4 -2.69785e-07
32922.6 -2.49808e-07
32924.8 -2.0992e-07
32927 -2.1729e-07
32929.2 -2.56661e-07
32931.4 -2.56874e-07
32933.6 -2.14896e-07
32935.7 -2.01177e-07
32937.9 -2.36878e-07
32940.1 -2.56922e-07
32942.3 -2.23389e-07
32944.5 -1.91664e-07
32946.7 -2.13957e-07
32948.9 -2.4826e-07
32951.1 -2.315e-07
32953.2 -1.89507e-07
32955.4 -1.92062e-07
32957.6 -2.31265e-07
32959.8 -2.35228e-07
32962 -1.93366e-07
32964.2 -1.74923e-07
32966.4 -2.08308e-07
32968.6 -2.31517e-07
32970.7 -2.00156e-07
32972.9 -1.64875e-07
32975.1 -1.83152e-07
32977.3 -2.19069e-07
32979.5 -2.05847e-07
32981.7 -1.6226e-07
32983.9 -1.59993e-07
32986 -1.98699e-07
32988.2 -2.06525e-07
32990.4 -1.65329e-07
32992.6 -1.42379e-07
32994.8 -1.73147e-07
32997 -1.99422e-07
32999.2 -1.7071e-07
33001.4 -1.32295e-07
33003.5 -1.46383e-07
33005.7 -1.83652e-07
33007.9 -1.74278e-07
33010.1 -1.29647e-07
33012.3 -1.22594e-07
33014.5 -1.60469e-07
33016.7 -1.72248e-07
33018.8 -1.32291e-07
33021 -1.05104e-07
33023.2 -1.32961e-07
33025.4 -1.62172e-07
33027.6 -1.36589e-07
33029.8 -9.5511e-08
33032 -1.05269e-07
33034.2 -1.43598e-07
33036.3 -1.38363e-07
33038.5 -9.32793e-08
33040.7 -8.15216e-08
33042.9 -1.18215e-07
33045.1 -1.34e-07
33047.3 -9.58729e-08
33049.5 -6.4773e-08
33051.6 -8.94354e-08
33053.8 -1.21407e-07
33056 -9.94227e-08
33058.2 -5.62074e-08
33060.4 -6.15251e-08
33062.6 -1.00586e-07
33064.8 -9.97429e-08
33067 -5.48323e-08
33069.1 -3.85065e-08
33071.3 -7.3652e-08
33073.5 -9.34381e-08
33075.7 -5.77385e-08
33077.9 -2.31154e-08
33080.1 -4.43103e-08
33082.3 -7.88094e-08
33084.5 -6.08643e-08
33086.6 -1.60905e-08
33088.8 -1.69029e-08
33091 -5.63219e-08
33093.2 -6.0066e-08
33095.4 -1.59811e-08
33097.6 4.7122e-09
33099.8 -2.85062e-08
33101.9 -5.22169e-08
33104.1 -1.95294e-08
33106.3 1.81631e-08
33108.5 6.82424e-10
33110.7 -3.60441e-08
33112.9 -2.2528e-08
33115.1 2.31811e-08
33117.3 2.6883e-08
33119.4 -1.24833e-08
33121.6 -2.09316e-08
33123.8 2.16685e-08
33126 4.64595e-08
33128.2 1.5546e-08
33130.4 -1.19306e-08
33132.6 1.71969e-08
33134.7 5.74465e-08
33136.9 4.38869e-08
33139.1 5.29524e-09
33141.3 1.40653e-08
33143.5 6.00597e-08
33145.7 6.82209e-08
33147.9 2.93442e-08
33150.1 1.61632e-08
33152.2 5.66363e-08
33154.4 8.51895e-08
33156.6 5.69424e-08
33158.8 2.59391e-08
33161 5.10178e-08
33163.2 9.32682e-08
33165.4 8.37871e-08
33167.6 4.3744e-08
33169.7 4.75367e-08
33171.9 9.31617e-08
33174.1 1.05664e-07
33176.3 6.77242e-08
33178.5 4.98723e-08
33180.7 8.76149e-08
33182.9 1.19541e-07
33185 9.42938e-08
33187.2 6.00756e-08
33189.4 8.06897e-08
33191.6 1.2436e-07
33193.8 1.19063e-07
33196 7.80201e-08
33198.2 7.66945e-08
33200.4 1.2131e-07
33202.5 1.37978e-07
33204.7 1.01423e-07
33206.9 7.90479e-08
33209.1 1.13509e-07
33211.3 1.48378e-07
33213.5 1.26434e-07
33215.7 8.93747e-08
33217.8 1.05188e-07
33220 1.49689e-07
33222.2 1.48632e-07
33224.4 1.07071e-07
33226.6 1.00574e-07
33228.8 1.43568e-07
33231 1.64181e-07
33233.2 1.29454e-07
33235.3 1.02781e-07
33237.5 1.33471e-07
33239.7 1.70826e-07
33241.9 1.52456e-07
33244.1 1.12984e-07
33246.3 1.23741e-07
33248.5 1.68485e-07
33250.7 1.71684e-07
33252.8 1.30109e-07
33255 1.18473e-07
33257.2 1.59269e-07
33259.4 1.83567e-07
33261.6 1.51103e-07
33263.8 1.20433e-07
33266 1.46924e-07
33268.1 1.86289e-07
33270.3 1.71734e-07
33272.5 1.3033e-07
33274.7 1.35856e-07
33276.9 1.80264e-07
33279.1 1.87692e-07
33281.3 1.46628e-07
33283.5 1.29971e-07
33285.6 1.6803e-07
33287.8 1.95718e-07
33290 1.65944e-07
33292.2 1.31649e-07
33294.4 1.53582e-07
33296.6 1.94462e-07
33298.8 1.83931e-07
33300.9 1.41123e-07
33303.1 1.41328e-07
33305.3 1.84832e-07
33307.5 1.9642e-07
33309.7 1.5641e-07
33311.9 1.34935e-07
33314.1 1.69763e-07
33316.3 2.0051e-07
33318.4 1.73836e-07
33320.6 1.36364e-07
33322.8 1.53449e-07
33325 1.95333e-07
33327.2 1.88997e-07
33329.4 1.45358e-07
33331.6 1.40241e-07
33333.7 1.82288e-07
33335.9 1.97918e-07
33338.1 1.59513e-07
33340.3 1.33514e-07
33342.5 1.64669e-07
33344.7 1.981e-07
33346.9 1.74911e-07
33349.1 1.34778e-07
33351.2 1.4681e-07
33353.4 1.89174e-07
33355.6 1.87151e-07
33357.8 1.4329e-07
33360 1.32947e-07
33362.2 1.73008e-07
33364.4 1.92507e-07
33366.6 1.56253e-07
33368.7 1.26111e-07
33370.9 1.53213e-07
33373.1 1.88916e-07
33375.3 1.69557e-07
33377.5 1.27339e-07
33379.7 1.34201e-07
33381.9 1.76517e-07
33384 1.78864e-07
33386.2 1.3541e-07
33388.4 1.20031e-07
33390.6 1.57618e-07
33392.8 1.80754e-07
33395 1.47172e-07
33397.2 1.13348e-07
33399.4 1.36094e-07
33401.5 1.73626e-07
33403.7 1.58383e-07
33405.9 1.14701e-07
33408.1 1.16373e-07
33410.3 1.5812e-07
33412.5 1.6483e-07
33414.7 1.22407e-07
33416.8 1.02277e-07
33419 1.36951e-07
33421.2 1.63441e-07
33423.4 1.3301e-07
33425.6 9.603e-08
33427.8 1.14199e-07
33430 1.53097e-07
33432.2 1.42193e-07
33434.3 9.76887e-08
33436.5 9.42431e-08
33438.7 1.34924e-07
33440.9 1.45924e-07
33443.1 1.05139e-07
33445.3 8.06183e-08
33447.5 1.12002e-07
33449.7 1.4152e-07
33451.8 1.14665e-07
33454 7.51017e-08
33456.2 8.85548e-08
33458.4 1.2835e-07
33460.6 1.21938e-07
33462.8 7.72611e-08
33465 6.88526e-08
33467.1 1.08004e-07
33469.3 1.2316e-07
33471.5 8.45838e-08
33473.7 5.6099e-08
33475.9 8.38775e-08
33478.1 1.16063e-07
33480.3 9.31509e-08
33482.5 5.16057e-08
33484.6 6.02807e-08
33486.8 1.00506e-07
33489 9.86768e-08
33491.2 5.44646e-08
33493.4 4.13191e-08
33495.6 7.85137e-08
33497.8 9.76406e-08
33499.9 6.18027e-08
33502.1 2.98268e-08
33504.3 5.37463e-08
33506.5 8.82132e-08
33508.7 6.95502e-08
33510.9 2.6639e-08
33513.1 3.05429e-08
33515.3 7.07376e-08
33517.4 7.35182e-08
33519.6 3.03899e-08
33521.8 1.27932e-08
33524 4.76397e-08
33526.2 7.05041e-08
33528.4 3.78872e-08
33530.6 2.93014e-09
33532.8 2.27931e-08
33534.9 5.91334e-08
33537.1 4.49628e-08
33539.3 1.30755e-09
33541.5 5.08837e-10
33543.7 4.0221e-08
33545.9 4.7576e-08
33548.1 6.12428e-09
33550.2 -1.55861e-08
33552.4 1.65566e-08
33554.6 4.28777e-08
33556.8 1.39124e-08
33559 -2.34868e-08
33561.2 -7.82451e-09
33563.4 2.99596e-08
33565.6 2.04593e-08
33567.7 -2.33201e-08
33569.9 -2.86952e-08
33572.1 1.00907e-08
33574.3 2.19212e-08
33576.5 -1.72951e-08
33578.7 -4.27351e-08
33580.9 -1.36155e-08
33583 1.58343e-08
33585.2 -9.1079e-09
33587.4 -4.83886e-08
33589.6 -3.70173e-08
33591.8 1.7614e-09
33594 -2.96148e-09
33596.2 -4.62564e-08
33598.4 -5.60255e-08
33600.5 -1.85967e-08
33602.7 -2.45612e-09
33604.9 -3.89219e-08
33607.1 -6.76663e-08
33609.3 -4.18487e-08
33611.5 -9.64361e-09
33613.7 -3.02591e-08
33615.8 -7.08482e-08
33618 -6.38023e-08
33620.2 -2.44919e-08
33622.4 -2.44067e-08
33624.6 -6.66314e-08
33626.8 -8.05585e-08
33629 -4.48975e-08
33631.2 -2.46782e-08
33633.3 -5.79344e-08
33635.5 -8.95245e-08
33637.7 -6.7241e-08
33639.9 -3.26938e-08
33642.1 -4.87552e-08
33644.3 -9.00794e-08
33646.5 -8.73361e-08
33648.7 -4.79612e-08
33650.8 -4.31154e-08
33653 -8.3721e-08
33655.2 -1.01522e-07
33657.4 -6.80103e-08
33659.6 -4.40041e-08
33661.8 -7.36583e-08
33664 -1.07614e-07
33666.1 -8.90457e-08
33668.3 -5.25985e-08
33670.5 -6.39588e-08
33672.7 -1.0546e-07
33674.9 -1.06942e-07
33677.1 -6.79623e-08
33679.3 -5.84777e-08
33681.5 -9.69654e-08
33683.6 -1.18319e-07
33685.8 -8.72997e-08
33688 -5.98492e-08
33690.2 -8.55824e-08
33692.4 -1.21417e-07
33694.6 -1.06692e-07
33696.8 -6.88034e-08
33698.9 -7.53949e-08
33701.1 -1.16543e-07
33703.3 -1.22126e-07
33705.5 -8.39841e-08
33707.7 -7.0048e-08
33709.9 -1.05978e-07
33712.1 -1.30536e-07
33714.3 -1.02313e-07
33716.4 -7.17981e-08
33718.6 -9.33662e-08
33720.8 -1.30598e-07
33723 -1.19799e-07
33725.2 -8.09313e-08
33727.4 -8.2759e-08
33729.6 -1.23063e-07
33731.8 -1.32586e-07
33733.9 -9.56992e-08
33736.1 -7.75534e-08
33738.3 -1.10547e-07
33740.5 -1.37951e-07
33742.7 -1.12785e-07
33744.9 -7.96122e-08
33747.1 -9.6842e-08
33749.2 -1.35009e-07
33751.4 -1.28175e-07
33753.6 -8.87867e-08
33755.8 -8.59186e-08
33758 -1.24932e-07
33760.2 -1.38207e-07
33762.4 -1.02967e-07
33764.6 -8.08952e-08
33766.7 -1.10637e-07
33768.9 -1.40524e-07
33771.1 -1.1864e-07
33773.3 -8.32308e-08
33775.5 -9.60127e-08
33777.7 -1.34676e-07
33779.9 -1.31814e-07
33782 -9.2355e-08
33784.2 -8.49114e-08
33786.4 -1.22235e-07
33788.6 -1.39057e-07
33790.8 -1.05827e-07
33793 -8.01458e-08
33795.2 -1.06375e-07
33797.4 -1.38389e-07
33799.5 -1.19982e-07
33801.7 -8.27656e-08
33803.9 -9.10441e-08
33806.1 -1.29793e-07
33808.3 -1.30887e-07
33810.5 -9.17939e-08
33812.7 -7.99372e-08
33814.9 -1.15212e-07
33817 -1.35368e-07
33819.2 -1.04491e-07
33821.4 -7.55397e-08
33823.6 -9.80443e-08
33825.8 -1.31838e-07
33828 -1.17077e-07
33830.2 -7.84893e-08
33832.3 -8.22539e-08
33834.5 -1.20702e-07
33836.7 -1.25716e-07
33838.9 -8.74188e-08
33841.1 -7.13459e-08
33843.3 -1.0425e-07
33845.5 -1.2752e-07
33847.7 -9.93205e-08
33849.8 -6.7459e-08
33852 -8.60673e-08
33854.2 -1.21301e-07
33856.4 -1.10335e-07
33858.6 -7.08178e-08
33860.8 -7.00963e-08
33863 -1.07876e-07
33865.1 -1.1676e-07
33867.3 -7.96815e-08
33869.5 -5.96202e-08
33871.7 -8.98612e-08
33873.9 -1.16017e-07
33876.1 -9.08039e-08
33878.3 -5.64134e-08
33880.5 -7.09882e-08
33882.6 -1.07324e-07
33884.8 -1.00284e-07
33887 -6.02869e-08
33889.2 -5.5142e-08
33891.4 -9.19022e-08
33893.6 -1.04586e-07
33895.8 -6.91438e-08
33897.9 -4.53527e-08
33900.1 -7.26618e-08
33902.3 -1.01463e-07
33904.5 -7.95308e-08
33906.7 -4.30136e-08
33908.9 -5.34497e-08
33911.1 -9.05476e-08
33913.3 -8.75424e-08
33915.4 -4.75234e-08
33917.6 -3.80527e-08
33919.8 -7.34506e-08
33922 -8.98425e-08
33924.2 -5.64489e-08
33926.4 -2.92179e-08
33928.6 -5.33496e-08
33930.8 -8.45386e-08
33932.9 -6.61627e-08
33935.1 -2.79419e-08
33937.3 -3.41665e-08
33939.5 -7.16805e-08
33941.7 -7.27923e-08
33943.9 -3.32159e-08
33946.1 -1.95525e-08
33948.2 -5.32546e-08
33950.4 -7.32351e-08
33952.6 -4.22924e-08
33954.8 -1.19419e-08
33957 -3.26739e-08
33959.2 -6.59724e-08
33961.4 -5.14045e-08
33963.6 -1.19224e-08
33965.7 -1.38957e-08
33967.9 -5.14729e-08
33970.1 -5.67522e-08
33972.3 -1.80847e-08
33974.5 -3.96668e-10
33976.7 -3.20792e-08
33978.9 -5.5498e-08
33981 -2.73927e-08
33983.2 5.72839e-09
33985.4 -1.14058e-08
33987.6 -4.65144e-08
33989.8 -3.59772e-08
33992 4.3101e-09
33994.2 6.59516e-09
33996.4 -3.06863e-08
33998.5 -4.01486e-08
34000.7 -2.85291e-09
34002.9 1.86587e-08
34005.1 -1.06906e-08
34007.3 -3.73655e-08
34009.5 -1.24638e-08
34011.7 2.30545e-08
34013.9 9.69255e-09
34016 -2.69051e-08
34018.2 -2.05889e-08
34020.4 2.00372e-08
34022.6 2.65572e-08
34024.8 -1.0063e-08
34027 -2.36873e-08
34029.2 1.1781e-08
34031.3 3.68856e-08
34033.5 1.01743e-08
34035.7 -1.95415e-08
34037.9 1.81307e-09
34040.1 3.9334e-08
34042.3 2.98976e-08
34044.5 -7.84553e-09
34046.7 -5.90691e-09
34048.8 3.45843e-08
34051 4.52878e-08
34053.2 9.70318e-09
34055.4 -8.0242e-09
34057.6 2.51697e-08
34059.8 5.36093e-08
34062 2.98343e-08
34064.1 -2.672e-09
34066.3 1.48161e-08
34068.5 5.39248e-08
34070.7 4.85479e-08
34072.9 1.00294e-08
34075.1 7.46957e-09
34077.3 4.73447e-08
34079.5 6.2153e-08
34081.6 2.79906e-08
34083.8 6.26137e-09
34086 3.67426e-08
34088.2 6.82301e-08
34090.4 4.7686e-08
34092.6 1.26808e-08
34094.8 2.60092e-08
34097 6.62677e-08
34099.1 6.5065e-08
34101.3 2.6173e-08
34103.5 1.90352e-08
34105.7 5.78036e-08
34107.9 7.66071e-08
34110.1 4.42694e-08
34112.3 1.86893e-08
34114.4 4.60301e-08
34116.6 8.02439e-08
34118.8 6.32204e-08
34121 2.60569e-08
34123.2 3.49646e-08
34125.4 7.59078e-08
34127.6 7.89688e-08
34129.8 4.01421e-08
34131.9 2.83975e-08
34134.1 6.55593e-08
34136.3 8.82094e-08
34138.5 5.81139e-08
34140.7 2.88938e-08
34142.9 5.26828e-08
34145.1 8.92603e-08
34147.2 7.60356e-08
34149.4 3.71097e-08
34151.6 4.13788e-08
34153.8 8.25126e-08
34156 8.98912e-08
34158.2 5.16057e-08
34160.4 3.52883e-08
34162.6 7.03398e-08
34164.7 9.66389e-08
34166.9 6.92109e-08
34169.1 3.66309e-08
34171.3 5.64844e-08
34173.5 9.50166e-08
34175.7 8.58452e-08
34177.9 4.56105e-08
34180 4.50804e-08
34182.2 8.58845e-08
34184.4 9.75865e-08
34186.6 6.03482e-08
34188.8 3.95671e-08
34191 7.20109e-08
34193.2 1.01704e-07
34195.4 7.73641e-08
34197.5 4.17778e-08
34199.7 5.73545e-08
34201.9 9.7387e-08
34204.1 9.24843e-08
34206.3 5.14475e-08
34208.5 4.60282e-08
34210.7 8.59651e-08
34212.9 1.01937e-07
34215 6.627e-08
34217.2 4.12158e-08
34219.4 7.05757e-08
34221.6 1.03349e-07
34223.8 8.24955e-08
34226 4.43279e-08
34228.2 5.53443e-08
34230.3 9.63823e-08
34232.5 9.59117e-08
34234.7 5.46214e-08
34236.9 4.43035e-08
34239.1 8.28319e-08
34241.3 1.02954e-07
34243.5 6.93844e-08
34245.7 4.03305e-08
34247.8 6.61669e-08
34250 1.01648e-07
34252.2 8.46435e-08
34254.4 4.43829e-08
34256.6 5.06245e-08
34258.8 9.21446e-08
34261 9.62069e-08
34263.1 5.5239e-08
34265.3 4.00978e-08
34267.5 7.66864e-08
34269.7 1.00771e-07
34271.9 6.98117e-08
34274.1 3.71094e-08
34276.3 5.90316e-08
34278.5 9.67979e-08
34280.6 8.39559e-08
34282.8 4.21417e-08
34285 4.34701e-08
34287.2 8.49311e-08
34289.4 9.356e-08
34291.6 5.35032e-08
34293.8 3.36972e-08
34296 6.7837e-08
34298.1 9.56329e-08
34300.3 6.77687e-08
34302.5 3.1839e-08
34304.7 4.95135e-08
34306.9 8.90999e-08
34309.1 8.06773e-08
34311.3 3.78879e-08
34313.4 3.42429e-08
34315.6 7.50963e-08
34317.8 8.82568e-08
34320 4.96997e-08
34322.2 2.54668e-08
34324.4 5.668e-08
34326.6 8.78745e-08
34328.8 6.35537e-08
34330.9 2.48789e-08
34333.1 3.80348e-08
34335.3 7.89402e-08
34337.5 7.51319e-08
34339.7 3.19744e-08
34341.9 2.33743e-08
34344.1 6.3072e-08
34346.2 8.06587e-08
34348.4 4.41798e-08
34350.6 1.5834e-08
34352.8 4.36802e-08
34355 7.79019e-08
34357.2 5.75276e-08
34359.4 1.66444e-08
34361.6 2.50776e-08
34363.7 6.67706e-08
34365.9 6.77026e-08
34368.1 2.48037e-08
34370.3 1.13472e-08
34372.5 4.93481e-08
34374.7 7.11822e-08
34376.9 3.73396e-08
34379.1 5.26879e-09
34381.2 2.93531e-08
34383.4 6.61726e-08
34385.6 5.00917e-08
34387.8 7.58527e-09
34390 1.11652e-08
34392.2 5.30888e-08
34394.4 5.881e-08
34396.5 1.68057e-08
34398.7 -1.32458e-09
34400.9 3.44549e-08
34403.1 6.02803e-08
34405.3 2.95977e-08
34407.5 -5.73839e-09
34409.7 1.4245e-08
34411.9 5.31775e-08
34414 4.16674e-08
34416.2 -1.8376e-09
34418.4 -3.15887e-09
34420.6 3.84222e-08
34422.8 4.88951e-08
34425 8.4151e-09
34427.2 -1.41196e-08
34429.3 1.89438e-08
34431.5 4.84254e-08
34433.7 2.13751e-08
34435.9 -1.67006e-08
34438.1 -1.08695e-09
34440.3 3.94258e-08
34442.5 3.26799e-08
34444.7 -1.11746e-08
34446.8 -1.73545e-08
34449 2.33098e-08
34451.2 3.84037e-08
34453.4 5.2184e-11
34455.6 -2.65325e-08
34457.8 3.3676e-09
34460 3.60955e-08
34462.1 1.30791e-08
34464.3 -2.71572e-08
34466.5 -1.60994e-08
34468.7 2.54275e-08
34470.9 2.35435e-08
34473.1 -2.00073e-08
34475.3 -3.09091e-08
34477.5 8.28252e-09
34479.6 2.7774e-08
34481.8 -7.89291e-09
34484 -3.80974e-08
34486.2 -1.17428e-08
34488.4 2.37593e-08
34490.6 5.09185e-09
34492.8 -3.66922e-08
34495 -3.02846e-08
34497.1 1.16768e-08
34499.3 1.46519e-08
34501.5 -2.79613e-08
34503.7 -4.33588e-08
34505.9 -6.15707e-09
34508.1 1.74241e-08
34510.3 -1.50697e-08
34512.4 -4.84041e-08
34514.6 -2.58992e-08
34516.8 1.18608e-08
34519 -2.2391e-09
34521.2 -4.4947e-08
34523.4 -4.31919e-08
34525.6 -1.36776e-09
34527.8 6.36726e-09
34529.9 -3.47159e-08
34532.1 -5.43053e-08
34534.3 -1.95554e-08
34536.5 7.73836e-09
34538.7 -2.11752e-08
34540.9 -5.71108e-08
34543.1 -3.86762e-08
34545.2 8.02129e-10
34547.4 -8.60865e-09
34549.6 -5.16284e-08
34551.8 -5.44426e-08
34554 -1.33009e-08
34556.2 -9.90451e-10
34558.4 -4.00093e-08
34560.6 -6.34269e-08
34562.7 -3.15252e-08
34564.9 -9.46128e-10
34567.1 -2.59598e-08
34569.3 -6.39507e-08
34571.5 -4.97247e-08
34573.7 -9.07127e-09
34575.9 -1.37629e-08
34578.1 -5.65125e-08
34580.2 -6.37402e-08
34582.4 -2.37858e-08
34584.6 -7.15508e-09
34586.8 -4.36433e-08
34589 -7.04833e-08
34591.2 -4.17576e-08
34593.4 -8.35306e-09
34595.5 -2.92331e-08
34597.7 -6.87343e-08
34599.9 -5.87803e-08
34602.1 -1.7484e-08
34604.3 -1.75074e-08
34606.5 -5.94471e-08
34608.7 -7.0874e-08
34610.9 -3.25644e-08
34613 -1.19237e-08
34615.2 -4.54867e-08
34617.4 -7.53181e-08
34619.6 -5.00287e-08
34621.8 -1.42759e-08
34624 -3.08699e-08
34626.2 -7.13509e-08
34628.3 -6.56665e-08
34630.5 -2.42379e-08
34632.7 -1.97134e-08
34634.9 -6.03538e-08
34637.1 -7.57202e-08
34639.3 -3.94622e-08
34641.5 -1.51631e-08
34643.7 -4.54777e-08
34645.8 -7.78578e-08
34648 -5.62021e-08
34650.2 -1.85833e-08
34652.4 -3.08129e-08
34654.6 -7.17681e-08
34656.8 -7.02944e-08
34659 -2.92154e-08
34661.2 -2.03218e-08
34663.3 -5.92273e-08
34665.5 -7.82407e-08
34667.7 -4.43889e-08
34669.9 -1.68126e-08
34672.1 -4.36247e-08
34674.3 -7.81103e-08
34676.5 -6.02274e-08
34678.6 -2.12205e-08
34680.8 -2.90737e-08
34683 -7.00292e-08
34685.2 -7.26604e-08
34687.4 -3.2379e-08
34689.6 -1.93425e-08
34691.8 -5.61335e-08
34694 -7.8479e-08
34696.1 -4.73374e-08
34698.3 -1.68832e-08
34700.5 -4.00036e-08
34702.7 -7.61601e-08
34704.9 -6.21369e-08
34707.1 -2.22073e-08
34709.3 -2.57297e-08
34711.4 -6.62489e-08
34713.6 -7.28415e-08
34715.8 -3.37686e-08
34718 -1.68523e-08
34720.2 -5.12046e-08
34722.4 -7.65548e-08
34724.6 -4.83784e-08
34726.8 -1.54542e-08
34728.9 -3.47533e-08
34731.1 -7.21622e-08
34733.3 -6.20403e-08
34735.5 -2.1634e-08
34737.7 -2.09199e-08
34739.9 -6.06064e-08
34742.1 -7.0988e-08
34744.2 -3.3496e-08
34746.4 -1.29894e-08
34748.6 -4.46321e-08
34750.8 -7.26559e-08
34753 -4.76542e-08
34755.2 -1.2668e-08
34757.4 -2.80684e-08
34759.6 -6.6333e-08
34761.7 -6.01157e-08
34763.9 -1.96552e-08
34766.1 -1.48375e-08
34768.3 -5.33357e-08
34770.5 -6.73143e-08
34772.7 -3.17371e-08
34774.9 -7.94656e-09
34777.1 -3.66576e-08
34779.2 -6.70271e-08
34781.4 -4.53695e-08
34783.6 -8.72191e-09
34785.8 -2.01907e-08
34788 -5.89393e-08
34790.2 -5.65997e-08
34792.4 -1.64813e-08
34794.5 -7.72181e-09
34796.7 -4.47154e-08
34798.9 -6.20869e-08
34801.1 -2.87228e-08
34803.3 -1.96215e-09
34805.5 -2.75623e-08
34807.7 -5.99588e-08
34809.9 -4.17807e-08
34812 -3.85985e-09
34814.2 -1.13987e-08
34816.4 -5.02862e-08
34818.6 -5.17754e-08
34820.8 -1.23682e-08
34823 1.52291e-10
34825.2 -3.50563e-08
34827.3 -5.56119e-08
34829.5 -2.47274e-08
34831.7 4.68887e-09
34833.9 -1.76557e-08
34836.1 -5.17731e-08
34838.3 -3.71835e-08
34840.5 1.63829e-09
34842.7 -1.99713e-09
34844.8 -4.07031e-08
34847 -4.5958e-08
34849.2 -7.60684e-09
34851.4 8.48399e-09
34853.6 -2.46877e-08
34855.8 -4.82192e-08
34858 -2.00563e-08
34860.2 1.1706e-08
34862.3 -7.26264e-09
34864.5 -4.28077e-08
34866.7 -3.18978e-08
34868.9 7.46752e-09
34871.1 7.6944e-09
34873.3 -3.05292e-08
34875.5 -3.9479e-08
34877.6 -2.50993e-09
34879.8 1.69572e-08
34882 -1.3945e-08
34884.2 -4.02469e-08
34886.4 -1.50309e-08
34888.6 1.87738e-08
34890.8 3.28707e-09
34893 -3.34013e-08
34895.1 -2.62516e-08
34897.3 1.33103e-08
34899.5 1.73514e-08
34901.7 -2.00995e-08
34903.9 -3.26696e-08
34906.1 2.60229e-09
34908.3 2.52509e-08
34910.4 -3.15799e-09
34912.6 -3.20245e-08
34914.8 -9.97236e-09
34917 2.55733e-08
34919.2 1.36694e-08
34921.4 -2.38792e-08
34923.6 -2.05643e-08
34925.8 1.88503e-08
34927.9 2.66545e-08
34930.1 -9.73338e-09
34932.3 -2.58438e-08
34934.5 7.41798e-09
34936.7 3.30502e-08
34938.9 7.35948e-09
34941.1 -2.3859e-08
34943.2 -5.18496e-09
34945.4 3.17955e-08
34947.6 2.3575e-08
34949.8 -1.4541e-08
34952 -1.51296e-08
34954.2 2.37873e-08
34956.4 3.52992e-08
34958.6 2.74923e-10
34960.7 -1.92839e-08
34962.9 1.165e-08
34965.1 4.0058e-08
34967.3 1.73173e-08
34969.5 -1.60228e-08
34971.7 -9.39828e-10
34973.9 3.71549e-08
34976.1 3.27177e-08
34978.2 -5.65239e-09
34980.4 -1.0202e-08
34982.6 2.78528e-08
34984.8 4.30061e-08
34987 9.66364e-09
34989.2 -1.323e-08
34991.4 1.50509e-08
34993.5 4.60066e-08
34995.7 2.64561e-08
34997.9 -8.74623e-09
35000.1 2.53808e-09
35002.3 4.14027e-08
35004.5 4.08427e-08
35006.7 2.56099e-09
35008.9 -5.98642e-09
35011 3.0823e-08
35013.2 4.95306e-08
35015.4 1.82082e-08
35017.6 -7.87286e-09
35019.8 1.74246e-08
35022 5.06701e-08
35024.2 3.45532e-08
35026.3 -2.21294e-09
35028.5 5.07884e-09
35030.7 4.43394e-08
35032.9 4.77344e-08
35035.1 9.91672e-09
35037.3 -2.63274e-09
35039.5 3.25296e-08
35041.7 5.46726e-08
35043.8 2.57259e-08
35046 -3.35085e-09
35048.2 1.86345e-08
35050.4 5.38737e-08
35052.6 4.14285e-08
35054.8 3.44191e-09
35057 6.57221e-09
35059.2 4.58227e-08
35061.3 5.32235e-08
35063.5 1.62781e-08
35065.7 -2.33787e-10
35067.9 3.2866e-08
35070.1 5.82844e-08
35072.3 3.20789e-08
35074.5 2.50523e-10
35076.6 1.86065e-08
35078.8 5.55002e-08
35081 4.69495e-08
35083.2 8.13243e-09
35085.4 6.96851e-09
35087.6 4.57727e-08
35089.8 5.71926e-08
35092 2.15557e-08
35094.1 1.17418e-09
35096.3 3.17895e-08
35098.5 6.02746e-08
35100.7 3.71769e-08
35102.9 2.89785e-09
35105.1 1.73289e-08
35107.3 5.54938e-08
35109.4 5.10333e-08
35111.6 1.18208e-08
35113.8 6.27669e-09
35116 4.41726e-08
35118.2 5.95776e-08
35120.4 2.57061e-08
35122.6 1.60855e-09
35124.8 2.93196e-08
35126.9 6.06093e-08
35129.1 4.09765e-08
35131.3 4.60638e-09
35133.5 1.48496e-08
35135.7 5.38587e-08
35137.9 5.36464e-08
35140.1 1.45148e-08
35142.3 4.56051e-09
35144.4 4.10662e-08
35146.6 6.03674e-08
35148.8 2.87306e-08
35151 1.13601e-09
35153.2 2.55353e-08
35155.4 5.9311e-08
35157.6 4.34792e-08
35159.7 5.43609e-09
35161.9 1.12715e-08
35164.1 5.06566e-08
35166.3 5.48026e-08
35168.5 1.62633e-08
35170.7 1.93315e-09
35172.9 3.65546e-08
35175.1 5.96009e-08
35177.2 3.06697e-08
35179.4 -1.3313e-10
35181.6 2.05692e-08
35183.8 5.64536e-08
35186 4.47268e-08
35188.2 5.48506e-09
35190.4 6.7464e-09
35192.5 4.60021e-08
35194.7 5.45578e-08
35196.9 1.71498e-08
35199.1 -1.44975e-09
35201.3 3.07902e-08
35203.5 5.73618e-08
35205.7 3.15975e-08
35207.9 -2.05287e-09
35210 1.46017e-08
35212.2 5.21589e-08
35214.4 4.47953e-08
35216.6 4.88159e-09
35218.8 1.46737e-09
35221 4.00575e-08
35223.2 5.30049e-08
35225.3 1.72844e-08
35227.5 -5.39868e-09
35229.7 2.39706e-08
35231.9 5.3774e-08
35234.1 3.16136e-08
35236.3 -4.45101e-09
35238.5 7.85307e-09
35240.7 4.65905e-08
35242.8 4.37881e-08
35245 3.77387e-09
35247.2 -4.3404e-09
35249.4 3.3027e-08
35251.6 5.02681e-08
35253.8 1.6794e-08
35256 -9.70149e-09
35258.2 1.63317e-08
35260.3 4.89962e-08
35262.5 3.08353e-08
35264.7 -7.14087e-09
35266.9 5.73853e-10
35269.1 3.99489e-08
35271.3 4.18303e-08
35273.5 2.31953e-09
35275.6 -1.04316e-08
35277.8 2.51494e-08
35280 4.6498e-08
35282.2 1.58141e-08
35284.4 -1.41357e-08
35286.6 8.13722e-09
35288.8 4.32179e-08
35291 2.93917e-08
35293.1 -9.93304e-09
35295.3 -6.96721e-09
35297.5 3.24653e-08
35299.7 3.90644e-08
35301.9 6.75911e-10
35304.1 -1.6554e-08
35306.3 1.66896e-08
35308.4 4.18685e-08
35310.6 1.44819e-08
35312.8 -1.84816e-08
35315 -3.3238e-10
35317.2 3.66541e-08
35319.4 2.74192e-08
35321.6 -1.26459e-08
35323.8 -1.44968e-08
35325.9 2.43938e-08
35328.1 3.56472e-08
35330.3 -1.00707e-09
35332.5 -2.24616e-08
35334.7 7.92694e-09
35336.9 3.6572e-08
35339.1 1.29322e-08
35341.3 -2.25329e-08
35343.4 -8.79365e-09
35345.6 2.95375e-08
35347.8 2.50594e-08
35350 -1.51131e-08
35352.2 -2.17503e-08
35354.4 1.60004e-08
35356.6 3.17462e-08
35358.7 -2.59122e-09
35360.9 -2.79264e-08
35363.1 -8.57293e-10
35365.3 3.08137e-08
35367.5 1.12952e-08
35369.7 -2.6105e-08
35371.9 -1.69732e-08
35374.1 2.21106e-08
35376.2 2.24558e-08
35378.4 -1.71882e-08
35380.6 -2.84835e-08
35382.8 7.55179e-09
35385 2.75353e-08
35387.2 -3.95211e-09
35389.4 -3.27467e-08
35391.5 -9.39251e-09
35393.7 2.48039e-08
35395.9 9.69427e-09
35398.1 -2.90403e-08
35400.3 -2.46193e-08
35402.5 1.46142e-08
35404.7 1.97508e-08
35406.9 -1.87471e-08
35409 -3.44814e-08
35411.2 -6.96407e-10
35413.4 2.31879e-08
35415.6 -4.98131e-09
35417.8 -3.67521e-08
35420 -1.74298e-08
35422.2 1.87488e-08
35424.4 8.24306e-09
35426.5 -3.121e-08
35428.7 -3.151e-08
35430.9 7.27764e-09
35433.1 1.70798e-08
35435.3 -1.96897e-08
35437.5 -3.9563e-08
35439.7 -8.50948e-09
35441.8 1.88698e-08
35444 -5.58825e-09
35446.2 -3.98071e-08
35448.4 -2.47497e-08
35450.6 1.28418e-08
35452.8 7.04143e-09
35455 -3.2517e-08
35457.2 -3.74591e-08
35459.3 3.10129e-10
35461.5 1.4566e-08
35463.7 -1.99425e-08
35465.9 -4.35858e-08
35468.1 -1.56807e-08
35470.3 1.47324e-08
35472.5 -5.70387e-09
35474.6 -4.1813e-08
35476.8 -3.11676e-08
35479 7.25749e-09
35481.2 6.17138e-09
35483.4 -3.28975e-08
35485.6 -4.23194e-08
35487.8 -6.10476e-09
35490 1.23157e-08
35492.1 -1.94601e-08
35494.3 -4.64477e-08
35496.5 -2.20362e-08
35498.7 1.09079e-08
35500.9 -5.28295e-09
35503.1 -4.27105e-08
35505.3 -3.65376e-08
35507.4 2.14635e-09
35509.6 5.69422e-09
35511.8 -3.23233e-08
35514 -4.59867e-08
35516.2 -1.18137e-08
35518.4 1.0415e-08
35520.6 -1.82278e-08
35522.8 -4.80906e-08
35524.9 -2.74391e-08
35527.1 7.50655e-09
35529.3 -4.30544e-09
35531.5 -4.24817e-08
35533.7 -4.0757e-08
35535.9 -2.36813e-09
35538.1 5.64973e-09
35540.3 -3.08025e-08
35542.4 -4.84029e-08
35544.6 -1.66976e-08
35546.8 8.92912e-09
35549 -1.62605e-08
35551.2 -4.85018e-08
35553.4 -3.1794e-08
35555.6 4.61456e-09
35557.7 -2.77493e-09
35559.9 -4.115e-08
35562.1 -4.37695e-08
35564.3 -6.19276e-09
35566.5 6.05713e-09
35568.7 -2.83772e-08
35570.9 -4.95582e-08
35573.1 -2.06752e-08
35575.2 7.90212e-09
35577.4 -1.35998e-08
35579.6 -4.77138e-08
35581.8 -3.50501e-08
35584 2.29172e-09
35586.2 -7.16171e-10
35588.4 -3.87771e-08
35590.5 -4.55672e-08
35592.7 -9.26827e-09
35594.9 6.91645e-09
35597.1 -2.51192e-08
35599.3 -4.94892e-08
35601.5 -2.37072e-08
35603.7 7.35559e-09
35605.9 -1.03089e-08
35608 -4.58001e-08
35610.2 -3.72038e-08
35612.4 5.68941e-10
35614.6 1.82828e-09
35616.8 -3.54566e-08
35619 -4.61894e-08
35621.2 -1.15725e-08
35623.4 8.20877e-09
35625.5 -2.11238e-08
35627.7 -4.82759e-08
35629.9 -2.57975e-08
35632.1 7.28711e-09
35634.3 -6.46891e-09
35636.5 -4.28688e-08
35638.7 -3.8297e-08
35640.8 -5.54616e-10
35643 4.8e-09
35645.2 -3.13075e-08
35647.4 -4.57187e-08
35649.6 -1.31222e-08
35651.8 9.89613e-09
35654 -1.65034e-08
35656.2 -4.6034e-08
35658.3 -2.6993e-08
35660.5 7.66858e-09
35662.7 -2.17384e-09
35664.9 -3.90541e-08
35667.1 -3.84136e-08
35669.3 -1.11282e-09
35671.5 8.12624e-09
35673.6 -2.64656e-08
35675.8 -4.42736e-08
35678 -1.39719e-08
35680.2 1.19212e-08
35682.4 -1.13816e-08
35684.6 -4.29058e-08
35686.8 -2.73795e-08
35689 8.44535e-09
35691.1 2.47195e-09
35693.3 -3.45074e-08
35695.5 -3.76721e-08
35697.7 -1.17184e-09
35699.9 1.17203e-08
35702.1 -2.1077e-08
35704.3 -4.19988e-08
35706.5 -1.42112e-08
35708.6 1.42063e-08
35710.8 -5.88906e-09
35713 -3.90505e-08
35715.2 -2.70745e-08
35717.4 9.53675e-09
35719.6 7.35544e-09
35721.8 -2.93886e-08
35723.9 -3.62163e-08
35726.1 -8.27437e-10
35728.3 1.54822e-08
35730.5 -1.52912e-08
35732.7 -3.90555e-08
35734.9 -1.39579e-08
35737.1 1.66548e-08
35739.3 -1.60088e-10
35741.4 -3.46347e-08
35743.6 -2.6219e-08
35745.8 1.08386e-08
35748 1.23565e-08
35750.2 -2.3859e-08
35752.4 -3.42044e-08
35754.6 -1.98871e-10
35756.7 1.92994e-08
35758.9 -9.25745e-09
35761.1 -3.56104e-08
35763.3 -1.33496e-08
35765.5 1.91531e-08
35767.7 5.66973e-09
35769.9 -2.9824e-08
35772.1 -2.49663e-08
35774.2 1.22289e-08
35776.4 1.73493e-08
35778.6 -1.80756e-08
35780.8 -3.1799e-08
35783 5.78787e-10
35785.2 2.30493e-08
35787.4 -3.12114e-09
35789.5 -3.18272e-08
35791.7 -1.25337e-08
35793.9 2.15754e-08
35796.1 1.1465e-08
35798.3 -2.47764e-08
35800.5 -2.34719e-08
35802.7 1.3574e-08
35804.9 2.22042e-08
35807 -1.21872e-08
35809.2 -2.91576e-08
35811.4 1.36389e-09
35813.6 2.6603e-08
35815.8 2.97838e-09
35818 -2.78596e-08
35820.2 -1.16575e-08
35822.4 2.37898e-08
35824.5 1.70932e-08
35826.7 -1.96378e-08
35828.9 -2.18841e-08
35831.1 1.47378e-08
35833.3 2.67918e-08
35835.5 -6.33096e-09
35837.7 -2.64248e-08
35839.8 2.01766e-09
35842 2.98311e-08
35844.2 8.91065e-09
35846.4 -2.38449e-08
35848.6 -1.08588e-08
35850.8 2.56654e-08
35853 2.24278e-08
35855.2 -1.45378e-08
35857.3 -2.0336e-08
35859.5 1.55897e-08
35861.7 3.09869e-08
35863.9 -6.30249e-10
35866.1 -2.37261e-08
35868.3 2.41251e-09
35870.5 3.26089e-08
35872.6 1.45563e-08
35874.8 -1.99008e-08
35877 -1.02587e-08
35879.2 2.70796e-08
35881.4 2.73512e-08
35883.6 -9.5877e-09
35885.8 -1.894e-08
35888 1.60117e-08
35890.1 3.46731e-08
35892.3 4.80781e-09
35894.5 -2.11648e-08
35896.7 2.43869e-09
35898.9 3.48223e-08
35901.1 1.98099e-08
35903.3 -1.6123e-08
35905.5 -9.95645e-09
35907.6 2.79237e-08
35909.8 3.17584e-08
35912 -4.878e-09
35914.2 -1.77836e-08
35916.4 1.59043e-08
35918.6 3.77466e-08
35920.8 9.89412e-09
35922.9 -1.88184e-08
35925.1 2.00921e-09
35927.3 3.6372e-08
35929.5 2.45817e-08
35931.7 -1.25823e-08
35933.9 -1.00247e-08
35936.1 2.81073e-08
35938.3 3.55592e-08
35940.4 -4.77553e-10
35942.6 -1.69264e-08
35944.8 1.51907e-08
35947 4.01193e-08
35949.2 1.45586e-08
35951.4 -1.67368e-08
35953.6 1.06379e-09
35955.7 3.71771e-08
35957.9 2.87989e-08
35960.1 -9.32404e-09
35962.3 -1.05069e-08
35964.5 2.7562e-08
35966.7 3.86792e-08
35968.9 3.56744e-09
35971.1 -1.63978e-08
35973.2 1.38203e-08
35975.4 4.17203e-08
35977.6 1.87503e-08
35979.8 -1.49412e-08
35982 -4.28073e-10
35984.2 3.71762e-08
35986.4 3.24048e-08
35988.6 -6.36848e-09
35990.7 -1.14147e-08
35992.9 2.62438e-08
35995.1 4.10601e-08
35997.3 7.23126e-09
35999.5 -1.61962e-08
36001.7 1.1771e-08
36003.9 4.24959e-08
36006 2.24345e-08
36008.2 -1.34249e-08
36010.4 -2.46482e-09
36012.6 3.633e-08
36014.8 3.5357e-08
36017 -3.71323e-09
36019.2 -1.2727e-08
36021.4 2.41356e-08
36023.5 4.26576e-08
36025.7 1.05051e-08
36027.9 -1.62897e-08
36030.1 9.05289e-09
36032.3 4.24109e-08
36034.5 2.55891e-08
36036.7 -1.21566e-08
36038.8 -5.01092e-09
36041 3.4623e-08
36043.2 3.76249e-08
36045.4 -1.33786e-09
36047.6 -1.43904e-08
36049.8 2.12502e-08
36052 4.34425e-08
36054.2 1.33923e-08
36056.3 -1.66192e-08
36058.5 5.70957e-09
36060.7 4.14503e-08
36062.9 2.82012e-08
36065.1 -1.10854e-08
36067.3 -7.99702e-09
36069.5 3.2067e-08
36071.6 3.91873e-08
36073.8 7.89478e-10
36076 -1.63222e-08
36078.2 1.76332e-08
36080.4 4.34001e-08
36082.6 1.59022e-08
36084.8 -1.71048e-08
36087 1.81911e-09
36089.1 3.96217e-08
36091.3 3.02631e-08
36093.5 -1.01492e-08
36095.7 -1.13231e-08
36097.9 2.87037e-08
36100.1 4.00335e-08
36102.3 2.70471e-09
36104.5 -1.84171e-08
36106.6 1.33639e-08
36108.8 4.2534e-08
36111 1.80454e-08
36113.2 -1.76543e-08
36115.4 -2.5087e-09
36117.6 3.69592e-08
36119.8 3.17715e-08
36121.9 -9.28265e-09
36124.1 -1.48646e-08
36126.3 2.46065e-08
36128.5 4.01641e-08
36130.7 4.44171e-09
36132.9 -2.05563e-08
36135.1 8.55317e-09
36137.3 4.08686e-08
36139.4 1.98316e-08
36141.6 -1.81731e-08
36143.8 -7.13838e-09
36146 3.35253e-08
36148.2 3.27286e-08
36150.4 -8.42517e-09
36152.6 -1.8482e-08
36154.7 1.98799e-08
36156.9 3.95956e-08
36159.1 6.02897e-09
36161.3 -2.26175e-08
36163.5 3.3389e-09
36165.7 3.84529e-08
36167.9 2.12705e-08
36170.1 -1.85717e-08
36172.2 -1.19173e-08
36174.4 2.94112e-08
36176.6 3.31463e-08
36178.8 -7.52474e-09
36181 -2.20308e-08
36183.2 1.46548e-08
36185.4 3.8363e-08
36187.6 7.48938e-09
36189.7 -2.44846e-08
36191.9 -2.12334e-09
36194.1 3.53606e-08
36196.3 2.23744e-08
36198.5 -1.87723e-08
36200.7 -1.66871e-08
36202.9 2.4733e-08
36205 3.30483e-08
36207.2 -6.53966e-09
36209.4 -2.5372e-08
36211.6 9.07999e-09
36213.8 3.6521e-08
36216 8.84224e-09
36218.2 -2.60532e-08
36220.4 -7.67017e-09
36222.5 3.16871e-08
36224.7 2.31609e-08
36226.9 -1.87101e-08
36229.1 -2.12924e-08
36231.3 1.96239e-08
36233.5 3.24721e-08
36235.7 -5.43684e-09
36237.8 -2.83778e-08
36240 3.31342e-09
36242.2 3.41414e-08
36244.4 1.01059e-08
36246.6 -2.72338e-08
36248.8 -1.31396e-08
36251 2.75427e-08
36253.2 2.36544e-08
36255.3 -1.8333e-08
36257.5 -2.5588e-08
36259.7 1.42263e-08
36261.9 3.14661e-08
36264.1 -4.19057e-09
36266.3 -3.09352e-08
36268.5 -2.48626e-09
36270.7 3.13079e-08
36272.8 1.1298e-08
36275 -2.79521e-08
36277.2 -1.83767e-08
36279.4 2.30468e-08
36281.6 2.3884e-08
36283.8 -1.7601e-08
36286 -2.94415e-08
36288.1 8.68574e-09
36290.3 3.00866e-08
36292.5 -2.78182e-09
36294.7 -3.29468e-08
36296.9 -8.16442e-09
36299.1 2.81112e-08
36301.3 1.24345e-08
36303.5 -2.81487e-08
36305.6 -2.3237e-08
36307.8 1.83224e-08
36310 2.38806e-08
36312.2 -1.64867e-08
36314.4 -3.27354e-08
36316.6 3.14588e-09
36318.8 2.83929e-08
36320.9 -1.20088e-09
36323.1 -3.43326e-08
36325.3 -1.35738e-08
36327.5 2.46446e-08
36329.7 1.35257e-08
36331.9 -2.77823e-08
36334.1 -2.7589e-08
36336.3 1.34925e-08
36338.4 2.36733e-08
36340.6 -1.49785e-08
36342.8 -3.53699e-08
36345 -2.25349e-09
36347.2 2.64453e-08
36349.4 5.49846e-10
36351.6 -3.5033e-08
36353.7 -1.85767e-08
36355.9 2.10028e-08
36358.1 1.45751e-08
36360.3 -2.68322e-08
36362.5 -3.13166e-08
36364.7 8.67956e-09
36366.9 2.3289e-08
36369.1 -1.30837e-08
36371.2 -3.72663e-08
36373.4 -7.37803e-09
36375.6 2.43052e-08
36377.8 2.4543e-09
36380 -3.50131e-08
36382.2 -2.30482e-08
36384.4 1.72825e-08
36386.6 1.5579e-08
36388.7 -2.53026e-08
36390.9 -3.43252e-08
36393.1 4.00431e-09
36395.3 2.2754e-08
36397.5 -1.08295e-08
36399.7 -3.83735e-08
36401.9 -1.21029e-08
36404 2.20369e-08
36406.2 4.48416e-09
36408.4 -3.4268e-08
36410.6 -2.68827e-08
36412.8 1.35815e-08
36415 1.65302e-08
36417.2 -2.3224e-08
36419.4 -3.65477e-08
36421.5 -4.18002e-10
36423.7 2.20973e-08
36425.9 -8.26143e-09
36428.1 -3.86732e-08
36430.3 -1.63192e-08
36432.5 1.97087e-08
36434.7 6.60351e-09
36436.8 -3.28237e-08
36439 -3.00011e-08
36441.2 9.99651e-09
36443.4 1.74229e-08
36445.6 -2.06502e-08
36447.8 -3.79513e-08
36450 -4.48373e-09
36452.2 2.13533e-08
36454.3 -5.43694e-09
36456.5 -3.81815e-08
36458.7 -1.99415e-08
36460.9 1.73911e-08
36463.1 8.77545e-09
36465.3 -3.07345e-08
36467.5 -3.23575e-08
36469.7 6.61692e-09
36471.8 1.8257e-08
36474 -1.76519e-08
36476.2 -3.85391e-08
36478.4 -8.10917e-09
36480.6 2.05614e-08
36482.8 -2.41791e-09
36485 -3.69464e-08
36487.1 -2.29156e-08
36489.3 1.51514e-08
36491.5 1.09674e-08
36493.7 -2.80761e-08
36495.9 -3.39426e-08
36498.1 3.51671e-09
36500.3 1.90384e-08
36502.5 -1.43085e-08
36504.6 -3.83491e-08
36506.8 -1.1238e-08
36509 1.97612e-08
36511.2 7.35602e-10
36513.4 -3.50415e-08
36515.6 -2.52222e-08
36517.8 1.30462e-08
36519.9 1.3153e-08
36522.1 -2.49369e-08
36524.3 -3.4782e-08
36526.5 7.47153e-10
36528.7 1.9776e-08
36530.9 -1.07003e-08
36533.1 -3.74467e-08
36535.3 -1.38454e-08
36537.4 1.89863e-08
36539.6 3.96924e-09
36541.8 -3.25562e-08
36544 -2.68758e-08
36546.2 1.11151e-08
36548.4 1.53111e-08
36550.6 -2.14094e-08
36552.8 -3.49304e-08
36554.9 -1.6677e-09
36557.1 2.04774e-08
36559.3 -6.90351e-09
36561.5 -3.59166e-08
36563.7 -1.5938e-08
36565.9 1.82585e-08
36568.1 7.2347e-09
36570.2 -2.95875e-08
36572.4 -2.79195e-08
36574.6 9.37525e-09
36576.8 1.74222e-08
36579 -1.75839e-08
36581.2 -3.4463e-08
36583.4 -3.73102e-09
36585.6 2.11428e-08
36587.7 -2.98809e-09
36589.9 -3.38528e-08
36592.1 -1.75495e-08
36594.3 1.7583e-08
36596.5 1.04875e-08
36598.7 -2.62321e-08
36600.9 -2.84176e-08
36603 7.82159e-09
36605.2 1.94639e-08
36607.4 -1.35457e-08
36609.6 -3.34667e-08
36611.8 -5.47007e-09
36614 2.17616e-08
36616.2 9.80847e-10
36618.4 -3.13522e-08
36620.5 -1.87331e-08
36622.7 1.69477e-08
36624.9 1.36839e-08
36627.1 -2.25836e-08
36629.3 -2.84467e-08
36631.5 6.42873e-09
36633.7 2.14079e-08
36635.8 -9.37455e-09
36638 -3.20326e-08
36640.2 -6.93008e-09
36642.4 2.23112e-08
36644.6 4.94158e-09
36646.8 -2.85094e-08
36649 -1.95552e-08
36651.2 1.63253e-08
36653.3 1.67786e-08
36655.5 -1.87296e-08
36657.7 -2.80892e-08
36659.9 5.15662e-09
36662.1 2.32194e-08
36664.3 -5.14515e-09
36666.5 -3.02513e-08
36668.7 -8.16776e-09
36670.8 2.27587e-08
36673 8.8346e-09
36675.2 -2.54142e-08
36677.4 -2.00878e-08
36679.6 1.56771e-08
36681.8 1.97247e-08
36684 -1.47521e-08
36686.1 -2.74279e-08
36688.3 3.95551e-09
36690.5 2.48583e-08
36692.7 -9.27048e-10
36694.9 -2.82095e-08
36697.1 -9.24568e-09
36699.3 2.30644e-08
36701.5 1.26028e-08
36703.6 -2.215e-08
36705.8 -2.04045e-08
36708 1.49578e-08
36710.2 2.24746e-08
36712.4 -1.07258e-08
36714.6 -2.6543e-08
36716.8 2.77072e-09
36718.9 2.62817e-08
36721.1 3.21605e-09
36723.3 -2.59875e-08
36725.5 -1.02282e-08
36727.7 2.31844e-08
36729.9 1.61931e-08
36732.1 -1.87919e-08
36734.3 -2.05769e-08
36736.4 1.41182e-08
36738.6 2.49828e-08
36740.8 -6.71665e-09
36743 -2.55082e-08
36745.2 1.54593e-09
36747.4 2.74465e-08
36749.6 7.22833e-09
36751.8 -2.36565e-08
36753.9 -1.11782e-08
36756.1 2.30738e-08
36758.3 1.9558e-08
36760.5 -1.54041e-08
36762.7 -2.06712e-08
36764.9 1.31082e-08
36767.1 2.72061e-08
36769.2 -2.77982e-09
36771.4 -2.43886e-08
36773.6 2.25629e-10
36775.8 2.83101e-08
36778 1.10632e-08
36780.2 -2.12756e-08
36782.4 -1.21541e-08
36784.6 2.26866e-08
36786.7 2.26565e-08
36788.9 -1.20372e-08
36791.1 -2.07447e-08
36793.3 1.1878e-08
36795.5 2.91049e-08
36797.7 1.0424e-09
36799.9 -2.32358e-08
36802 -1.2424e-09
36804.2 2.88302e-08
36806.4 1.46838e-08
36808.6 -1.88884e-08
36810.8 -1.32067e-08
36813 2.1977e-08
36815.2 2.54527e-08
36817.4 -8.72642e-09
36819.5 -2.08417e-08
36821.7 1.03798e-08
36823.9 3.06407e-08
36826.1 4.72019e-09
36828.3 -2.20851e-08
36830.5 -2.90339e-09
36832.7 2.89644e-08
36834.9 1.80612e-08
36837 -1.65204e-08
36839.2 -1.43736e-08
36841.4 2.09004e-08
36843.6 2.7914e-08
36845.8 -5.49128e-09
36848 -2.09888e-08
36850.2 8.57173e-09
36852.3 3.17751e-08
36854.5 8.23452e-09
36856.7 -2.09513e-08
36858.9 -4.79071e-09
36861.1 2.86702e-08
36863.3 2.11708e-08
36865.5 -1.41788e-08
36867.7 -1.56744e-08
36869.8 1.94159e-08
36872 3.00074e-08
36874.2 -2.33812e-09
36876.4 -2.11911e-08
36878.6 6.42186e-09
36880.8 3.24679e-08
36883 1.15725e-08
36885.1 -1.98287e-08
36887.3 -6.92013e-09
36889.5 2.79065e-08
36891.7 2.39882e-08
36893.9 -1.18551e-08
36896.1 -1.71067e-08
36898.3 1.74907e-08
36900.5 3.16974e-08
36902.6 7.34989e-10
36904.8 -2.14308e-08
36907 3.91485e-09
36909.2 3.26784e-08
36911.4 1.47219e-08
36913.6 -1.86932e-08
36915.8 -9.28526e-09
36917.9 2.66383e-08
36920.1 2.64856e-08
36922.3 -9.53057e-09
36924.5 -1.86438e-08
36926.7 1.51066e-08
36928.9 3.29453e-08
36931.1 3.73149e-09
36933.3 -2.16698e-08
36935.4 1.05664e-09
36937.6 3.2369e-08
36939.8 1.76663e-08
36942 -1.75085e-08
36944.2 -1.1855e-08
36946.4 2.48418e-08
36948.6 2.86299e-08
36950.8 -7.18307e-09
36952.9 -2.02371e-08
36955.1 1.22647e-08
36957.3 3.37124e-08
36959.5 6.65078e-09
36961.7 -2.18555e-08
36963.9 -2.12234e-09
36966.1 3.15097e-08
36968.2 2.03828e-08
36970.4 -1.62327e-08
36972.6 -1.45746e-08
36974.8 2.25105e-08
36977 3.03847e-08
36979.2 -4.79409e-09
36981.4 -2.18204e-08
36983.6 8.98983e-09
36985.7 3.39641e-08
36987.9 9.48463e-09
36990.1 -2.19272e-08
36992.3 -5.5674e-09
36994.5 3.00848e-08
36996.7 2.28422e-08
36998.9 -1.48262e-08
37001 -1.73703e-08
37003.2 1.96589e-08
37005.4 3.17143e-08
37007.6 -2.35265e-09
37009.8 -2.33176e-08
37012 5.33036e-09
37014.2 3.36761e-08
37016.4 1.22168e-08
37018.5 -2.1824e-08
37020.7 -9.20346e-09
37022.9 2.80962e-08
37025.1 2.50124e-08
37027.3 -1.3256e-08
37029.5 -2.01556e-08
37031.7 1.6324e-08
37033.9 3.25882e-08
37036 1.42771e-10
37038.2 -2.46497e-08
37040.4 1.35552e-09
37042.6 3.28374e-08
37044.8 1.48246e-08
37047 -2.14906e-08
37049.2 -1.29408e-08
37051.3 2.55655e-08
37053.5 2.68623e-08
37055.7 -1.14989e-08
37057.9 -2.28384e-08
37060.1 1.25627e-08
37062.3 3.29853e-08
37064.5 2.68541e-09
37066.7 -2.57404e-08
37068.8 -2.84944e-09
37071 3.1453e-08
37073.2 1.72828e-08
37075.4 -2.08797e-08
37077.6 -1.66813e-08
37079.8 2.25325e-08
37082 2.83651e-08
37084.1 -9.54031e-09
37086.3 -2.5326e-08
37088.5 8.44811e-09
37090.7 3.28955e-08
37092.9 5.2624e-09
37095.1 -2.65193e-08
37097.3 -7.18857e-09
37099.5 2.95428e-08
37101.6 1.95652e-08
37103.8 -1.99529e-08
37106 -2.0323e-08
37108.2 1.90518e-08
37110.4 2.94993e-08
37112.6 -7.37489e-09
37114.8 -2.7529e-08
37117 4.06539e-09
37119.1 3.23185e-08
37121.3 7.85556e-09
37123.5 -2.69237e-08
37125.7 -1.15592e-08
37127.9 2.71389e-08
37130.1 2.16453e-08
37132.3 -1.86816e-08
37134.4 -2.37632e-08
37136.6 1.51904e-08
37138.8 3.02482e-08
37141 -5.00547e-09
37143.2 -2.93623e-08
37145.4 -4.91033e-10
37147.6 3.12632e-08
37149.8 1.04412e-08
37151.9 -2.68998e-08
37154.1 -1.58541e-08
37156.3 2.42846e-08
37158.5 2.34956e-08
37160.7 -1.70478e-08
37162.9 -2.69007e-08
37165.1 1.10258e-08
37167.2 3.05988e-08
37169.4 -2.44539e-09
37171.6 -3.07483e-08
37173.8 -5.11875e-09
37176 2.97463e-08
37178.2 1.29881e-08
37180.4 -2.64052e-08
37182.6 -1.99633e-08
37184.7 2.10339e-08
37186.9 2.50863e-08
37189.1 -1.50474e-08
37191.3 -2.96379e-08
37193.5 6.6463e-09
37195.7 3.05422e-08
37197.9 2.79349e-10
37200 -3.16199e-08
37202.2 -9.70858e-09
37204.4 2.77943e-08
37206.6 1.54575e-08
37208.8 -2.54133e-08
37211 -2.37765e-08
37213.2 1.74529e-08
37215.4 2.6387e-08
37217.5 -1.26931e-08
37219.7 -3.18856e-08
37221.9 2.15061e-09
37224.1 3.00766e-08
37226.3 3.12913e-09
37228.5 -3.19257e-08
37230.7 -1.41467e-08
37232.9 2.54457e-08
37235 1.78037e-08
37237.2 -2.39175e-08
37239.4 -2.71886e-08
37241.6 1.36209e-08
37243.8 2.73696e-08
37246 -1.00167e-08
37248.2 -3.35692e-08
37250.3 -2.35393e-09
37252.5 2.92102e-08
37254.7 6.05163e-09
37256.9 -3.16358e-08
37259.1 -1.83201e-08
37261.3 2.27531e-08
37263.5 1.99782e-08
37265.7 -2.19341e-08
37267.8 -3.01059e-08
37270 9.62893e-09
37272.2 2.80134e-08
37274.4 -7.06837e-09
37276.6 -3.46351e-08
37278.8 -6.75647e-09
37281 2.79651e-08
37283.1 8.98577e-09
37285.3 -3.07459e-08
37287.5 -2.21235e-08
37289.7 1.97834e-08
37291.9 2.19354e-08
37294.1 -1.95022e-08
37296.3 -3.24537e-08
37298.5 5.57614e-09
37300.6 2.83093e-08
37302.8 -3.91236e-09
37305 -3.50554e-08
37307.2 -1.0949e-08
37309.4 2.63786e-08
37311.6 1.18681e-08
37313.8 -2.92776e-08
37316 -2.54671e-08
37318.1 1.66148e-08
37320.3 2.36379e-08
37322.5 -1.66807e-08
37324.7 -3.41822e-08
37326.9 1.56299e-09
37329.1 2.82626e-08
37331.3 -6.21301e-10
37333.4 -3.48305e-08
37335.6 -1.48346e-08
37337.8 2.45013e-08
37340 1.4639e-08
37342.2 -2.72762e-08
37344.4 -2.8283e-08
37346.6 1.33314e-08
37348.8 2.50609e-08
37350.9 -1.35419e-08
37353.1 -3.52691e-08
37355.3 -2.31586e-09
37357.5 2.78932e-08
37359.7 2.731e-09
37361.9 -3.39866e-08
37364.1 -1.83344e-08
37366.2 2.23935e-08
37368.4 1.72476e-08
37370.6 -2.48051e-08
37372.8 -3.05289e-08
37375 1.00164e-08
37377.2 2.61929e-08
37379.4 -1.01646e-08
37381.6 -3.57193e-08
37383.7 -5.97851e-09
37385.9 2.72323e-08
37388.1 6.07513e-09
37390.3 -3.25716e-08
37392.5 -2.13914e-08
37394.7 2.01185e-08
37396.9 1.96548e-08
37399.1 -2.19393e-08
37401.2 -3.2189e-08
37403.4 6.74508e-09
37405.6 2.70346e-08
37407.8 -6.62817e-09
37410 -3.5561e-08
37412.2 -9.36108e-09
37414.4 2.63179e-08
37416.5 9.34974e-09
37418.7 -3.06491e-08
37420.9 -2.39726e-08
37423.1 1.77371e-08
37425.3 2.18323e-08
37427.5 -1.87593e-08
37429.7 -3.32709e-08
37431.9 3.5804e-09
37434 2.75957e-08
37436.2 -3.00819e-09
37438.4 -3.48411e-08
37440.6 -1.24193e-08
37442.8 2.51897e-08
37445 1.25028e-08
37447.2 -2.82923e-08
37449.3 -2.60672e-08
37451.5 1.53032e-08
37453.7 2.3762e-08
37455.9 -1.53461e-08
37458.1 -3.38023e-08
37460.3 5.70431e-10
37462.5 2.78912e-08
37464.7 6.26192e-10
37466.8 -3.36194e-08
37469 -1.51283e-08
37471.2 2.38856e-08
37473.4 1.54914e-08
37475.6 -2.55794e-08
37477.8 -2.76838e-08
37480 1.28609e-08
37482.1 2.54332e-08
37484.3 -1.17777e-08
37486.5 -3.38257e-08
37488.7 -2.25219e-09
37490.9 2.79386e-08
37493.1 4.21352e-09
37495.3 -3.19644e-08
37497.5 -1.74809e-08
37499.6 2.24394e-08
37501.8 1.82816e-08
37504 -2.25894e-08
37506.2 -2.8847e-08
37508.4 1.04439e-08
37510.6 2.68411e-08
37512.8 -8.12717e-09
37515 -3.33952e-08
37517.1 -4.86937e-09
37519.3 2.7756e-08
37521.5 7.70053e-09
37523.7 -2.99488e-08
37525.9 -1.94853e-08
37528.1 2.08793e-08
37530.3 2.08471e-08
37532.4 -1.93993e-08
37534.6 -2.95944e-08
37536.8 8.07536e-09
37539 2.79859e-08
37541.2 -4.4606e-09
37543.4 -3.25725e-08
37545.6 -7.2766e-09
37547.8 2.73613e-08
37549.9 1.10433e-08
37552.1 -2.7647e-08
37554.3 -2.11633e-08
37556.5 1.92274e-08
37558.7 2.317e-08
37560.9 -1.60813e-08
37563.1 -2.99737e-08
37565.2 5.76724e-09
37567.4 2.88719e-08
37569.6 -8.34843e-10
37571.8 -3.14236e-08
37574 -9.48249e-09
37576.2 2.67706e-08
37578.4 1.4208e-08
37580.6 -2.51305e-08
37582.7 -2.2548e-08
37584.9 1.74981e-08
37587.1 2.52403e-08
37589.3 -1.2699e-08
37591.5 -3.00395e-08
37593.7 3.52018e-09
37595.9 2.95058e-08
37598.1 2.70465e-09
37600.2 -3.00144e-08
37602.4 -1.15076e-08
37604.6 2.5996e-08
37606.8 1.71718e-08
37609 -2.24643e-08
37611.2 -2.36816e-08
37613.4 1.56967e-08
37615.5 2.70544e-08
37617.7 -9.30454e-09
37619.9 -2.98486e-08
37622.1 1.32323e-09
37624.3 2.98945e-08
37626.5 6.12532e-09
37628.7 -2.84059e-08
37630.9 -1.33823e-08
37633 2.50435e-08
37635.2 1.99214e-08
37637.4 -1.97015e-08
37639.6 -2.46103e-08
37641.8 1.38181e-08
37644 2.86123e-08
37646.2 -5.93585e-09
37648.3 -2.94546e-08
37650.5 -8.44883e-10
37652.7 3.00415e-08
37654.9 9.40701e-09
37657.1 -2.66486e-08
37659.3 -1.5143e-08
37661.5 2.39102e-08
37663.7 2.24506e-08
37665.8 -1.68815e-08
37668 -2.53793e-08
37670.2 1.18469e-08
37672.4 2.99137e-08
37674.6 -2.61685e-09
37676.8 -2.89025e-08
37679 -3.01275e-09
37681.2 2.99435e-08
37683.3 1.25389e-08
37685.5 -2.47791e-08
37687.7 -1.6827e-08
37689.9 2.25834e-08
37692.1 2.47554e-08
37694.3 -1.4028e-08
37696.5 -2.60267e-08
37698.6 9.75963e-09
37700.8 3.09536e-08
37703 6.4043e-10
37705.2 -2.82236e-08
37707.4 -5.21105e-09
37709.6 2.95885e-08
37711.8 1.55155e-08
37714 -2.28177e-08
37716.1 -1.84654e-08
37718.3 2.10425e-08
37720.5 2.683e-08
37722.7 -1.11512e-08
37724.9 -2.65778e-08
37727.1 7.52952e-09
37729.3 3.172e-08
37731.4 3.83151e-09
37733.6 -2.74334e-08
37735.8 -7.46683e-09
37738 2.89564e-08
37740.2 1.83315e-08
37742.4 -2.07704e-08
37744.6 -2.00792e-08
37746.8 1.92617e-08
37748.9 2.86625e-08
37751.1 -8.25157e-09
37753.3 -2.70428e-08
37755.5 5.13142e-09
37757.7 3.21926e-08
37759.9 6.95446e-09
37762.1 -2.65316e-08
37764.2 -9.79782e-09
37766.4 2.8021e-08
37768.6 2.09775e-08
37770.8 -1.8631e-08
37773 -2.1674e-08
37775.2 1.72154e-08
37777.4 3.02336e-08
37779.6 -5.32451e-09
37781.7 -2.74154e-08
37783.9 2.54759e-09
37786.1 3.23446e-08
37788.3 1.00054e-08
37790.5 -2.55045e-08
37792.7 -1.22082e-08
37794.9 2.67546e-08
37797.1 2.34378e-08
37799.2 -1.63864e-08
37801.4 -2.32395e-08
37803.6 1.48831e-08
37805.8 3.15172e-08
37808 -2.36546e-09
37810.2 -2.76747e-08
37812.4 -2.2794e-10
37814.5 3.21456e-08
37816.7 1.29752e-08
37818.9 -2.43291e-08
37821.1 -1.46868e-08
37823.3 2.51319e-08
37825.5 2.56891e-08
37827.7 -1.40206e-08
37829.9 -2.47499e-08
37832 1.22538e-08
37834.2 3.24815e-08
37836.4 6.26552e-10
37838.6 -2.77886e-08
37840.8 -3.18691e-09
37843 3.15653e-08
37845.2 1.58474e-08
37847.3 -2.29772e-08
37849.5 -1.72067e-08
37851.7 2.31344e-08
37853.9 2.77015e-08
37856.1 -1.15198e-08
37858.3 -2.61666e-08
37860.5 9.32866e-09
37862.7 3.30922e-08
37864.8 3.64616e-09
37867 -2.77174e-08
37869.2 -6.30606e-09
37871.4 3.05766e-08
37873.6 1.85982e-08
37875.8 -2.14201e-08
37878 -1.97269e-08
37880.2 2.07532e-08
37882.3 2.94401e-08
37884.5 -8.87457e-09
37886.7 -2.74408e-08
37888.9 6.12273e-09
37891.1 3.33153e-08
37893.3 6.68033e-09
37895.5 -2.74178e-08
37897.6 -9.5473e-09
37899.8 2.91593e-08
37902 2.11968e-08
37904.2 -1.96315e-08
37906.4 -2.21941e-08
37908.6 1.79912e-08
37910.8 3.08671e-08
37913 -6.08248e-09
37915.1 -2.8517e-08
37917.3 2.66573e-09
37919.5 3.31199e-08
37921.7 9.70815e-09
37923.9 -2.68458e-08
37926.1 -1.28587e-08
37928.3 2.73019e-08
37930.4 2.36067e-08
37932.6 -1.75901e-08
37934.8 -2.45455e-08
37937 1.48647e-08
37939.2 3.19439e-08
37941.4 -3.14943e-09
37943.6 -2.93364e-08
37945.8 -9.98605e-10
37947.9 3.24801e-08
37950.1 1.27004e-08
37952.3 -2.59607e-08
37954.5 -1.61767e-08
37956.7 2.50038e-08
37958.9 2.57867e-08
37961.1 -1.52826e-08
37963.2 -2.67115e-08
37965.4 1.14034e-08
37967.6 3.26328e-08
37969.8 -9.09286e-11
37972 -2.98395e-08
37974.2 -4.81288e-09
37976.4 3.13772e-08
37978.6 1.56199e-08
37980.7 -2.47273e-08
37982.9 -1.94274e-08
37985.1 2.2276e-08
37987.3 2.7692e-08
37989.5 -1.27053e-08
37991.7 -2.86183e-08
37993.9 7.65114e-09
37996.1 3.28986e-08
37998.2 3.0669e-09
38000.4 -2.99699e-08
38002.6 -8.70705e-09
38004.8 2.98014e-08
38007 1.84215e-08
38009.2 -2.31193e-08
38011.4 -2.25292e-08
38013.5 1.91432e-08
38015.7 2.92757e-08
38017.9 -9.86677e-09
38020.1 -3.01915e-08
38022.3 3.66637e-09
38024.5 3.27114e-08
38026.7 6.28643e-09
38028.9 -2.96777e-08
38031 -1.25994e-08
38033.2 2.77546e-08
38035.4 2.10532e-08
38037.6 -2.11227e-08
38039.8 -2.53952e-08
38042 1.56452e-08
38044.2 3.04912e-08
38046.3 -6.78941e-09
38048.5 -3.13594e-08
38050.7 -4.77922e-10
38052.9 3.20494e-08
38055.1 9.51854e-09
38057.3 -2.89237e-08
38059.5 -1.6399e-08
38061.7 2.52526e-08
38063.8 2.34578e-08
38066 -1.87386e-08
38068.2 -2.79377e-08
38070.4 1.18378e-08
38072.6 3.12954e-08
38074.8 -3.51136e-09
38077 -3.2059e-08
38079.2 -4.69593e-09
38081.3 3.09025e-08
38083.5 1.27036e-08
38085.7 -2.76845e-08
38087.9 -2.00095e-08
38090.1 2.23278e-08
38092.3 2.55766e-08
38094.5 -1.59867e-08
38096.6 -3.00735e-08
38098.8 7.79265e-09
38101 3.16532e-08
38103.2 -8.57471e-11
38105.4 -3.22409e-08
38107.6 -8.89204e-09
38109.8 2.92758e-08
38112 1.57749e-08
38114.1 -2.59554e-08
38116.3 -2.33347e-08
38118.5 1.90301e-08
38120.7 2.73541e-08
38122.9 -1.2905e-08
38125.1 -3.17302e-08
38127.3 3.5951e-09
38129.4 3.15423e-08
38131.6 3.42226e-09
38133.8 -3.18742e-08
38136 -1.29658e-08
38138.2 2.71919e-08
38140.4 1.86638e-08
38142.6 -2.37527e-08
38144.8 -2.62846e-08
38146.9 1.54255e-08
38149.1 2.87431e-08
38151.3 -9.54815e-09
38153.5 -3.28513e-08
38155.7 -6.60399e-10
38157.9 3.09559e-08
38160.1 6.93942e-09
38162.3 -3.09491e-08
38164.4 -1.68186e-08
38166.6 2.46908e-08
38168.8 2.13045e-08
38171 -2.11126e-08
38173.2 -2.87821e-08
38175.4 1.15926e-08
38177.6 2.97089e-08
38179.7 -5.9841e-09
38181.9 -3.34006e-08
38184.1 -4.8763e-09
38186.3 2.9904e-08
38188.5 1.03901e-08
38190.7 -2.94778e-08
38192.9 -2.03596e-08
38195.1 2.18276e-08
38197.2 2.36394e-08
38199.4 -1.80885e-08
38201.6 -3.07672e-08
38203.8 7.61825e-09
38206 3.02318e-08
38208.2 -2.28848e-09
38210.4 -3.33634e-08
38212.5 -8.95768e-09
38214.7 2.8413e-08
38216.9 1.37017e-08
38219.1 -2.74921e-08
38221.3 -2.35113e-08
38223.5 1.86687e-08
38225.7 2.56224e-08
38227.9 -1.47466e-08
38230 -3.21996e-08
38232.2 3.59097e-09
38234.4 3.03073e-08
38236.6 1.46012e-09
38238.8 -3.2746e-08
38241 -1.28178e-08
38243.2 2.65223e-08
38245.3 1.68078e-08
38247.5 -2.50405e-08
38249.7 -2.62122e-08
38251.9 1.52872e-08
38254.1 2.72197e-08
38256.3 -1.11613e-08
38258.5 -3.30592e-08
38260.7 -4.03287e-10
38262.8 2.99446e-08
38265 5.18438e-09
38267.2 -3.15734e-08
38269.4 -1.63817e-08
38271.6 2.42818e-08
38273.8 1.96513e-08
38276 -2.2184e-08
38278.2 -2.84188e-08
38280.3 1.17584e-08
38282.5 2.8411e-08
38284.7 -7.41115e-09
38286.9 -3.3345e-08
38289.1 -4.28494e-09
38291.3 2.91652e-08
38293.5 8.81135e-09
38295.6 -2.98864e-08
38297.8 -1.95882e-08
38300 2.17475e-08
38302.2 2.21852e-08
38304.4 -1.89929e-08
38306.6 -3.01052e-08
38308.8 8.15667e-09
38311 2.91876e-08
38313.1 -3.57541e-09
38315.3 -3.30735e-08
38317.5 -7.98333e-09
38319.7 2.80001e-08
38321.9 1.22745e-08
38324.1 -2.77387e-08
38326.3 -2.23909e-08
38328.4 1.89797e-08
38330.6 2.43736e-08
38332.8 -1.55431e-08
38335 -3.12629e-08
38337.2 4.5528e-09
38339.4 2.95528e-08
38341.6 2.68448e-10
38343.8 -3.22767e-08
38345.9 -1.14385e-08
38348.1 2.64885e-08
38350.3 1.55157e-08
38352.5 -2.51945e-08
38354.7 -2.47589e-08
38356.9 1.60405e-08
38359.1 2.61921e-08
38361.3 -1.19136e-08
38363.4 -3.19001e-08
38365.6 1.01173e-09
38367.8 2.95204e-08
38370 4.04773e-09
38372.2 -3.10004e-08
38374.4 -1.46032e-08
38376.6 2.46758e-08
38378.7 1.8487e-08
38380.9 -2.23253e-08
38383.1 -2.66778e-08
38385.3 1.29909e-08
38387.5 2.76288e-08
38389.7 -8.18281e-09
38391.9 -3.20405e-08
38394.1 -2.40996e-09
38396.2 2.91143e-08
38398.4 7.69727e-09
38400.6 -2.93018e-08
38402.8 -1.74442e-08
38405 2.26116e-08
38407.2 2.11525e-08
38409.4 -1.92068e-08
38411.5 -2.81494e-08
38413.7 9.88831e-09
38415.9 2.86836e-08
38418.1 -4.42511e-09
38420.3 -3.17225e-08
38422.5 -5.66698e-09
38424.7 2.83668e-08
38426.9 1.11628e-08
38429 -2.72457e-08
38431.2 -1.99438e-08
38433.4 2.03466e-08
38435.6 2.34901e-08
38437.8 -1.59137e-08
38440 -2.91909e-08
38442.2 6.78304e-09
38444.4 2.93685e-08
38446.5 -7.06142e-10
38448.7 -3.09948e-08
38450.9 -8.72718e-09
38453.1 2.73154e-08
38455.3 1.44033e-08
38457.5 -2.49002e-08
38459.7 -2.21001e-08
38461.8 1.79283e-08
38464 2.54907e-08
38466.2 -1.25156e-08
38468.4 -2.98329e-08
38470.6 3.71499e-09
38472.8 2.9704e-08
38475 2.92025e-09
38477.2 -2.99129e-08
38479.3 -1.15731e-08
38481.5 2.59989e-08
38483.7 1.7392e-08
38485.9 -2.23311e-08
38488.1 -2.3925e-08
38490.3 1.53978e-08
38492.5 2.71571e-08
38494.6 -9.07208e-09
38496.8 -3.01145e-08
38499 7.1164e-10
38501.2 2.9716e-08
38503.4 6.41404e-09
38505.6 -2.85329e-08
38507.8 -1.42012e-08
38510 2.44532e-08
38512.1 2.01151e-08
38514.3 -1.95971e-08
38516.5 -2.54412e-08
38518.7 1.27862e-08
38520.9 2.85e-08
38523.1 -5.63041e-09
38525.3 -3.00787e-08
38527.4 -2.2125e-09
38529.6 2.94304e-08
38531.8 9.74874e-09
38534 -2.69069e-08
38536.2 -1.66192e-08
38538.4 2.27072e-08
38540.6 2.25688e-08
38542.8 -1.67464e-08
38544.9 -2.66772e-08
38547.1 1.01135e-08
38549.3 2.95334e-08
38551.5 -2.22478e-09
38553.7 -2.97669e-08
38555.9 -5.05406e-09
38558.1 2.88698e-08
38560.3 1.29089e-08
38562.4 -2.50787e-08
38564.6 -1.8842e-08
38566.8 2.07814e-08
38569 2.47554e-08
38571.2 -1.38154e-08
38573.4 -2.76618e-08
38575.6 7.38976e-09
38577.7 3.0271e-08
38579.9 1.12215e-09
38582.1 -2.92148e-08
38584.3 -7.81729e-09
38586.5 2.80508e-08
38588.7 1.58872e-08
38590.9 -2.30818e-08
38593.1 -2.0887e-08
38595.2 1.86876e-08
38597.4 2.66791e-08
38599.6 -1.08292e-08
38601.8 -2.84209e-08
38604 4.617e-09
38606.2 3.07229e-08
38608.4 4.39671e-09
38610.5 -2.84495e-08
38612.7 -1.05106e-08
38614.9 2.69828e-08
38617.1 1.868e-08
38619.3 -2.09395e-08
38621.5 -2.27704e-08
38623.7 1.64298e-08
38625.9 2.83432e-08
38628 -7.80333e-09
38630.2 -2.89736e-08
38632.4 1.79261e-09
38634.6 3.08941e-08
38636.8 7.59109e-09
38639 -2.74888e-08
38641.2 -1.31423e-08
38643.4 2.5669e-08
38645.5 2.12853e-08
38647.7 -1.86651e-08
38649.9 -2.45036e-08
38652.1 1.40074e-08
38654.3 2.97477e-08
38656.5 -4.74637e-09
38658.7 -2.93311e-08
38660.8 -1.08785e-09
38663 3.07841e-08
38665.2 1.07004e-08
38667.4 -2.63415e-08
38669.6 -1.57184e-08
38671.8 2.41068e-08
38674 2.36995e-08
38676.2 -1.62642e-08
38678.3 -2.60912e-08
38680.5 1.14165e-08
38682.7 3.08884e-08
38684.9 -1.66206e-09
38687.1 -2.94956e-08
38689.3 -4.02757e-09
38691.5 3.03872e-08
38693.6 1.37205e-08
38695.8 -2.50074e-08
38698 -1.82396e-08
38700.2 2.22902e-08
38702.4 2.59162e-08
38704.6 -1.37363e-08
38706.8 -2.75304e-08
38709 8.65276e-09
38711.1 3.17562e-08
38713.3 1.4481e-09
38715.5 -2.94609e-08
38717.7 -7.02661e-09
38719.9 2.96931e-08
38722.1 1.66455e-08
38724.3 -2.34793e-08
38726.5 -2.06996e-08
38728.6 2.02105e-08
38730.8 2.79243e-08
38733 -1.10766e-08
38735.2 -2.8809e-08
38737.4 5.71322e-09
38739.6 3.23364e-08
38741.8 4.58268e-09
38743.9 -2.92118e-08
38746.1 -1.00793e-08
38748.3 2.86873e-08
38750.5 1.94659e-08
38752.7 -2.17436e-08
38754.9 -2.30837e-08
38757.1 1.78588e-08
38759.3 2.9707e-08
38761.4 -8.27871e-09
38763.6 -2.99059e-08
38765.8 2.59888e-09
38768 3.26091e-08
38770.2 7.73754e-09
38772.4 -2.87258e-08
38774.6 -1.31723e-08
38776.7 2.73529e-08
38778.9 2.21662e-08
38781.1 -1.97834e-08
38783.3 -2.53673e-08
38785.5 1.52278e-08
38787.7 3.1241e-08
38789.9 -5.33692e-09
38792.1 -3.07901e-08
38794.2 -6.82615e-10
38796.4 3.25493e-08
38798.6 1.09033e-08
38800.8 -2.79739e-08
38803 -1.62819e-08
38805.2 2.56724e-08
38807.4 2.47233e-08
38809.5 -1.75803e-08
38811.7 -2.75148e-08
38813.9 1.23153e-08
38816.1 3.24956e-08
38818.3 -2.25016e-09
38820.5 -3.14224e-08
38822.7 -4.11409e-09
38824.9 3.21289e-08
38827 1.40623e-08
38829.2 -2.69238e-08
38831.4 -1.93728e-08
38833.6 2.36305e-08
38835.8 2.71052e-08
38838 -1.51188e-08
38840.2 -2.94799e-08
38842.4 9.12693e-09
38844.5 3.34339e-08
38846.7 9.74718e-10
38848.9 -3.17573e-08
38851.1 -7.6663e-09
38853.3 3.13191e-08
38855.5 1.71865e-08
38857.7 -2.55436e-08
38859.8 -2.23972e-08
38862 2.12181e-08
38864.2 2.92707e-08
38866.4 -1.23902e-08
38868.6 -3.12073e-08
38870.8 5.68027e-09
38873 3.40152e-08
38875.2 4.31991e-09
38877.3 -3.17466e-08
38879.5 -1.12962e-08
38881.7 3.00939e-08
38883.9 2.02365e-08
38886.1 -2.38061e-08
38888.3 -2.52953e-08
38890.5 1.84359e-08
38892.6 3.11712e-08
38894.8 -9.39654e-09
38897 -3.26356e-08
38899.2 2.00669e-09
38901.4 3.41981e-08
38903.6 7.75437e-09
38905.8 -3.13442e-08
38908 -1.49469e-08
38910.1 2.8435e-08
38912.3 2.31617e-08
38914.5 -2.16936e-08
38916.7 -2.79982e-08
38918.9 1.52978e-08
38921.1 3.27532e-08
38923.3 -6.15398e-09
38925.5 -3.3702e-08
38927.6 -1.8471e-09
38929.8 3.39448e-08
38932 1.12334e-08
38934.2 -3.05109e-08
38936.4 -1.85486e-08
38938.6 2.63351e-08
38940.8 2.5903e-08
38942.9 -1.92017e-08
38945.1 -3.04309e-08
38947.3 1.18339e-08
38949.5 3.39629e-08
38951.7 -2.6939e-09
38953.9 -3.43469e-08
38956.1 -5.81908e-09
38958.3 3.32258e-08
38960.4 1.46996e-08
38962.6 -2.92191e-08
38964.8 -2.20225e-08
38967 2.38019e-08
38969.2 2.83962e-08
38971.4 -1.63425e-08
38973.6 -3.25187e-08
38975.7 8.09026e-09
38977.9 3.47506e-08
38980.1 9.36498e-10
38982.3 -3.45201e-08
38984.5 -9.83454e-09
38986.7 3.20242e-08
38988.9 1.80861e-08
38991.1 -2.74571e-08
38993.2 -2.52845e-08
38995.4 2.08595e-08
38997.6 3.05764e-08
38999.8 -1.31451e-08
39002 -3.4191e-08
39004.2 4.12865e-09
39006.4 3.50754e-08
39008.6 4.67674e-09
39010.7 -3.41841e-08
39012.9 -1.38095e-08
39015.1 3.0338e-08
39017.3 2.13207e-08
39019.5 -2.52301e-08
39021.7 -2.82509e-08
39023.9 1.75488e-08
39026 3.23827e-08
39028.2 -9.65522e-09
39030.4 -3.53873e-08
39032.6 2.34421e-11
39034.8 3.49085e-08
39037 8.45576e-09
39039.2 -3.33179e-08
39041.4 -1.76554e-08
39043.5 2.81819e-08
39045.7 2.43295e-08
39047.9 -2.25621e-08
39050.1 -3.08432e-08
39052.3 1.3926e-08
39054.5 3.37626e-08
39056.7 -5.9329e-09
39058.8 -3.60606e-08
39061 -4.14174e-09
39063.2 3.4236e-08
39065.4 1.21962e-08
39067.6 -3.19187e-08
39069.8 -2.1284e-08
39072 2.55868e-08
39074.2 2.7042e-08
39076.3 -1.94936e-08
39078.5 -3.29924e-08
39080.7 1.00599e-08
39082.9 3.46748e-08
39085.1 -2.04957e-09
39087.3 -3.61803e-08
39089.5 -8.27852e-09
39091.6 3.30596e-08
39093.8 1.5818e-08
39096 -3.0002e-08
39098.2 -2.46114e-08
39100.4 2.25986e-08
39102.6 2.93943e-08
39104.8 -1.60809e-08
39107 -3.46428e-08
39109.1 6.02886e-09
39111.3 3.50913e-08
39113.5 1.91543e-09
39115.7 -3.57335e-08
39117.9 -1.22975e-08
39120.1 3.1397e-08
39122.3 1.92427e-08
39124.5 -2.76006e-08
39126.6 -2.75622e-08
39128.8 1.92765e-08
39131 3.13325e-08
39133.2 -1.23924e-08
39135.4 -3.57536e-08
39137.6 1.91745e-09
39139.8 3.49993e-08
39141.9 5.87855e-09
39144.1 -3.47257e-08
39146.3 -1.61125e-08
39148.5 2.92809e-08
39150.7 2.23966e-08
39152.9 -2.47639e-08
39155.1 -3.00728e-08
39157.3 1.56902e-08
39159.4 3.28148e-08
39161.6 -8.50643e-09
39163.8 -3.63018e-08
39166 -2.18728e-09
39168.2 3.44017e-08
39170.4 9.75577e-09
39172.6 -3.31805e-08
39174.7 -1.96439e-08
39176.9 2.67583e-08
39179.1 2.52146e-08
39181.3 -2.15551e-08
39183.5 -3.2094e-08
39185.7 1.19174e-08
39187.9 3.38141e-08
39190.1 -4.50722e-09
39192.2 -3.62826e-08
39194.4 -6.19952e-09
39196.6 3.33172e-08
39198.8 1.34663e-08
39201 -3.11388e-08
39203.2 -2.28228e-08
39205.4 2.38882e-08
39207.6 2.7643e-08
39209.7 -1.80489e-08
39211.9 -3.35937e-08
39214.1 8.03981e-09
39216.3 3.4319e-08
39218.5 -4.81319e-10
39220.7 -3.57104e-08
39222.9 -1.00391e-08
39225 3.17795e-08
39227.2 1.6937e-08
39229.4 -2.86569e-08
39231.6 -2.55943e-08
39233.8 2.07387e-08
39236 2.96425e-08
39238.2 -1.43271e-08
39240.4 -3.45586e-08
39242.5 4.13909e-09
39244.7 3.43349e-08
39246.9 3.4878e-09
39249.1 -3.46169e-08
39251.3 -1.36355e-08
39253.5 2.98355e-08
39255.7 2.01061e-08
39257.8 -2.58027e-08
39260 -2.792e-08
39262.2 1.73832e-08
39264.4 3.11903e-08
39266.6 -1.04736e-08
39268.8 -3.49939e-08
39271 2.92173e-10
39273.2 3.38825e-08
39275.3 7.32379e-09
39277.5 -3.30494e-08
39279.7 -1.69316e-08
39281.9 2.75418e-08
39284.1 2.29263e-08
39286.3 -2.26514e-08
39288.5 -2.97799e-08
39290.7 1.38953e-08
39292.8 3.228e-08
39295 -6.56981e-09
39297.2 -3.4922e-08
39299.4 -3.4332e-09
39301.6 3.29959e-08
39303.8 1.0962e-08
39306 -3.10661e-08
39308.1 -1.98861e-08
39310.3 2.49601e-08
39312.5 2.53665e-08
39314.7 -1.92795e-08
39316.9 -3.11711e-08
39319.1 1.03443e-08
39321.3 3.29204e-08
39323.5 -2.68941e-09
39325.6 -3.43791e-08
39327.8 -6.98165e-09
39330 3.1718e-08
39332.2 1.43515e-08
39334.4 -2.87311e-08
39336.6 -2.24741e-08
39338.8 2.21524e-08
39340.9 2.74108e-08
39343.1 -1.5761e-08
39345.3 -3.21062e-08
39347.5 6.79116e-09
39349.7 3.31316e-08
39351.9 1.10441e-09
39354.1 -3.3411e-08
39356.3 -1.0312e-08
39358.4 3.00962e-08
39360.6 1.74557e-08
39362.8 -2.61096e-08
39365 -2.4686e-08
39367.2 1.91767e-08
39369.4 2.90563e-08
39371.6 -1.21624e-08
39373.7 -3.2609e-08
39375.9 3.28626e-09
39378.1 3.2942e-08
39380.3 4.76105e-09
39382.5 -3.20676e-08
39384.7 -1.33964e-08
39386.9 2.81783e-08
39389.1 2.02515e-08
39391.2 -2.32636e-08
39393.4 -2.65243e-08
39395.6 1.60843e-08
39397.8 3.03105e-08
39400 -8.54107e-09
39402.2 -3.2711e-08
39404.4 -1.31296e-10
39406.6 3.23838e-08
39408.7 8.24181e-09
39410.9 -3.03995e-08
39413.1 -1.62193e-08
39415.3 2.60095e-08
39417.5 2.27265e-08
39419.7 -2.02492e-08
39421.9 -2.80005e-08
39424 1.29187e-08
39426.2 3.11872e-08
39428.4 -4.94431e-09
39430.6 -3.24469e-08
39432.8 -3.43301e-09
39435 3.149e-08
39437.2 1.15188e-08
39439.4 -2.84552e-08
39441.5 -1.87746e-08
39443.7 2.363e-08
39445.9 2.4877e-08
39448.1 -1.71154e-08
39450.3 -2.91319e-08
39452.5 9.71465e-09
39454.7 3.17047e-08
39456.8 -1.40965e-09
39459 -3.18521e-08
39461.2 -6.59924e-09
39463.4 3.02926e-08
39465.6 1.45736e-08
39467.8 -2.62781e-08
39470 -2.10632e-08
39472.2 2.10747e-08
39474.3 2.67055e-08
39476.5 -1.39027e-08
39478.7 -2.99391e-08
39480.9 6.49947e-09
39483.1 3.18825e-08
39485.3 2.03437e-09
39487.5 -3.09603e-08
39489.7 -9.61801e-09
39491.8 2.88205e-08
39494 1.73952e-08
39496.2 -2.39062e-08
39498.4 -2.30908e-08
39500.6 1.83723e-08
39502.8 2.82185e-08
39505 -1.06439e-08
39507.1 -3.04431e-08
39509.3 3.29295e-09
39511.5 3.17402e-08
39513.7 5.36722e-09
39515.9 -2.98021e-08
39518.1 -1.24835e-08
39520.3 2.70986e-08
39522.5 1.99782e-08
39524.6 -2.13709e-08
39526.8 -2.48665e-08
39529 1.55449e-08
39531.2 2.94245e-08
39533.4 -7.36395e-09
39535.6 -3.06643e-08
39537.8 1.08475e-10
39539.9 3.12952e-08
39542.1 8.57536e-09
39544.3 -2.84025e-08
39546.5 -1.51941e-08
39548.7 2.51467e-08
39550.9 2.23213e-08
39553.1 -1.86959e-08
39555.3 -2.63993e-08
39557.4 1.26087e-08
39559.6 3.03321e-08
39561.8 -4.07995e-09
39564 -3.06188e-08
39566.2 -3.0457e-09
39568.4 3.05609e-08
39570.6 1.16505e-08
39572.8 -2.67802e-08
39574.9 -1.775e-08
39577.1 2.29784e-08
39579.3 2.44246e-08
39581.5 -1.58974e-08
39583.7 -2.76963e-08
39585.9 9.57361e-09
39588.1 3.0947e-08
39590.2 -8.03093e-10
39592.4 -3.03174e-08
39594.6 -6.16444e-09
39596.8 2.95458e-08
39599 1.4587e-08
39601.2 -2.49461e-08
39603.4 -2.01507e-08
39605.6 2.06016e-08
39607.7 2.62869e-08
39609.9 -1.29849e-08
39612.1 -2.87601e-08
39614.3 6.44598e-09
39616.5 3.12703e-08
39618.7 2.45937e-09
39620.9 -2.97637e-08
39623 -9.24301e-09
39625.2 2.82519e-08
39627.4 1.73791e-08
39629.6 -2.29041e-08
39631.8 -2.23918e-08
39634 1.80195e-08
39636.2 2.79028e-08
39638.4 -9.96268e-09
39640.5 -2.95858e-08
39642.7 3.23077e-09
39644.7 3.07585e-08
39646.7 1.41573e-08
39648.6 -2.2295e-08
39650.6 -2.54586e-08
39652.6 9.20274e-09
39654.5 3.11192e-08
39656.5 8.39286e-09
39658.5 -2.57799e-08
39660.4 -2.15992e-08
39662.4 1.47653e-08
39664.4 3.02769e-08
39666.3 2.38141e-09
39668.3 -2.82021e-08
39670.3 -1.69208e-08
39672.3 1.97084e-08
39674.2 2.82785e-08
39676.2 -3.64204e-09
39678.2 -2.94812e-08
39680.1 -1.16142e-08
39682.1 2.38485e-08
39684.1 2.52151e-08
39686 -9.44506e-09
39688 -2.95814e-08
39690 -5.89169e-09
39691.9 2.7035e-08
39693.9 2.12166e-08
39695.9 -1.48068e-08
39697.8 -2.85128e-08
39699.8 2.12119e-11
39701.8 2.91555e-08
39703.7 1.64473e-08
39705.7 -1.9526e-08
39707.7 -2.63297e-08
39709.6 5.89431e-09
39711.6 3.01398e-08
39713.6 1.10986e-08
39715.5 -2.34285e-08
39717.5 -2.31286e-08
39719.5 1.15019e-08
39721.5 2.99615e-08
39723.4 5.38184e-09
39725.4 -2.63733e-08
39727.4 -1.90436e-08
39729.3 1.66307e-08
39731.3 2.86389e-08
39733.3 -4.80394e-10
39735.2 -2.82578e-08
39737.2 -1.42407e-08
39739.2 2.10882e-08
39741.1 2.62336e-08
39743.1 -6.2624e-09
39745.1 -2.90206e-08
39747 -8.91193e-09
39749 2.47092e-08
39751 2.28474e-08
39752.9 -1.17441e-08
39754.9 -2.86439e-08
39756.9 -3.26681e-09
39758.8 2.73625e-08
39760.8 1.86183e-08
39762.8 -1.67191e-08
39764.8 -2.71531e-08
39766.7 2.47502e-09
39768.7 2.89544e-08
39770.7 1.3715e-08
39772.6 -2.10026e-08
39774.6 -2.46159e-08
39776.6 8.09257e-09
39778.5 2.94326e-08
39780.5 8.32969e-09
39782.5 -2.44376e-08
39784.4 -2.11389e-08
39786.4 1.33716e-08
39788.4 2.87876e-08
39790.3 2.67126e-09
39792.3 -2.69009e-08
39794.3 -1.68633e-08
39796.2 1.81126e-08
39798.2 2.7052e-08
39800.2 -3.04323e-09
39802.1 -2.83074e-08
39804.1 -1.19595e-08
39806.1 2.21384e-08
39808.1 2.42998e-08
39810 -8.59655e-09
39812 -2.86126e-08
39814 -6.61987e-09
39815.9 2.53002e-08
39817.9 2.06427e-08
39819.9 -1.37794e-08
39821.8 -2.78141e-08
39823.8 -1.0517e-09
39825.8 2.74833e-08
39827.7 1.62255e-08
39829.7 -1.83985e-08
39831.7 -2.59512e-08
39833.6 4.53058e-09
39835.6 2.86109e-08
39837.6 1.12206e-08
39839.5 -2.22831e-08
39841.5 -2.31032e-08
39843.5 9.91396e-09
39845.4 2.86465e-08
39847.4 5.82112e-09
39849.4 -2.52917e-08
39851.4 -1.9386e-08
39853.3 1.48944e-08
39855.3 2.75951e-08
39857.3 2.33738e-10
39859.2 -2.73172e-08
39861.2 -1.49472e-08
39863.2 1.92847e-08
39865.1 2.55029e-08
39867.1 -5.32936e-09
39869.1 -2.82898e-08
39871 -9.96099e-09
39873 2.29214e-08
39875 2.2455e-08
39876.9 -1.06584e-08
39878.9 -2.81806e-08
39880.9 -4.62065e-09
39882.8 2.56701e-08
39884.9 1.76e-08
39886.9 -1.76164e-08
39888.9 -2.56369e-08
39891 5.8944e-09
39893 2.8299e-08
39895.1 7.00123e-09
39897.1 -2.51276e-08
39899.1 -1.85172e-08
39901.2 1.6608e-08
39903.2 2.60305e-08
39905.2 -4.78663e-09
39907.3 -2.82861e-08
39909.3 -8.22091e-09
39911.3 2.44232e-08
39913.4 1.92649e-08
39915.4 -1.57298e-08
39917.4 -2.65631e-08
39919.5 3.46139e-09
39921.5 2.79937e-08
39923.6 9.17729e-09
39925.6 -2.39463e-08
39927.6 -2.02736e-08
39929.7 1.45052e-08
39931.7 2.67103e-08
39933.7 -2.48711e-09
39935.8 -2.80299e-08
39937.8 -1.05193e-08
39939.8 2.30024e-08
39941.9 2.08028e-08
39943.9 -1.37161e-08
39945.9 -2.72916e-08
39948 1.0035e-09
39950 2.74895e-08
39952.1 1.12983e-08
39954.1 -2.25781e-08
39956.1 -2.18756e-08
39958.2 1.22986e-08
39960.2 2.71996e-08
39962.2 -1.58197e-10
39964.3 -2.75552e-08
39966.3 -1.27324e-08
39968.3 2.14151e-08
39970.4 2.21918e-08
39972.4 -1.15896e-08
39974.4 -2.78035e-08
39976.5 -1.45266e-09
39978.5 2.67835e-08
39980.5 1.33394e-08
39982.6 -2.10285e-08
39984.6 -2.32971e-08
39986.7 1.00093e-08
39988.7 2.74856e-08
39990.7 2.17622e-09
39992.8 -2.68568e-08
39994.8 -1.48302e-08
39996.8 1.96738e-08
39998.9 2.34111e-08
40000.9 -9.36935e-09
40002.9 -2.80835e-08
40005 -3.87745e-09
40007 2.58773e-08
40009 1.52744e-08
40011.1 -1.93086e-08
40013.1 -2.45146e-08
40015.2 7.66245e-09
40017.2 2.75589e-08
40019.2 4.48877e-09
40021.3 -2.59356e-08
40023.3 -1.67834e-08
40025.3 1.77956e-08
40027.4 2.37688e-08
40029.6 -9.79583e-09
40031.7 -2.77649e-08
40033.8 -6.23421e-10
40035.9 2.7039e-08
40038 9.77717e-09
40040.1 -2.40549e-08
40042.2 -1.88836e-08
40044.3 1.67914e-08
40046.5 2.43621e-08
40048.6 -8.60864e-09
40050.7 -2.79597e-08
40052.8 -1.90738e-09
40054.9 2.67456e-08
40057 1.09293e-08
40059.1 -2.33718e-08
40061.2 -1.98122e-08
40063.4 1.5753e-08
40065.5 2.48955e-08
40067.6 -7.39922e-09
40069.7 -2.80761e-08
40071.8 -3.1746e-09
40073.9 2.639e-08
40076 1.20519e-08
40078.1 -2.26268e-08
40080.3 -2.06781e-08
40082.4 1.46861e-08
40084.5 2.53659e-08
40086.6 -6.1742e-09
40088.7 -2.81134e-08
40090.8 -4.41814e-09
40092.9 2.5974e-08
40095 1.31387e-08
40097.1 -2.18245e-08
40099.3 -2.1477e-08
40101.4 1.35964e-08
40103.5 2.57707e-08
40105.6 -4.9408e-09
40107.7 -2.80723e-08
40109.8 -5.63142e-09
40111.9 2.55002e-08
40114 1.41835e-08
40116.2 -2.09704e-08
40118.3 -2.22052e-08
40120.4 1.24904e-08
40122.5 2.61084e-08
40124.6 -3.70618e-09
40126.7 -2.79541e-08
40128.8 -6.80812e-09
40130.9 2.49724e-08
40133.1 1.51812e-08
40135.2 -2.00703e-08
40137.4 -2.19858e-08
40139.6 1.39957e-08
40141.7 2.49525e-08
40143.9 -8.28879e-09
40146.1 -2.75954e-08
40148.3 8.12886e-10
40150.5 2.72634e-08
40152.7 5.49019e-09
40154.9 -2.64324e-08
40157.1 -1.26633e-08
40159.3 2.27291e-08
40161.5 1.78441e-08
40163.7 -1.87801e-08
40165.9 -2.30821e-08
40168.1 1.24752e-08
40170.3 2.57055e-08
40172.4 -6.53517e-09
40174.6 -2.78531e-08
40176.8 -9.50702e-10
40179 2.71244e-08
40181.2 7.26527e-09
40183.4 -2.57902e-08
40185.6 -1.42145e-08
40187.8 2.17526e-08
40190 1.92003e-08
40192.2 -1.74045e-08
40194.4 -2.40247e-08
40196.6 1.09276e-08
40198.8 2.63155e-08
40201 -4.77491e-09
40203.1 -2.79502e-08
40205.3 -2.66245e-09
40207.5 2.68554e-08
40209.7 8.97074e-09
40211.9 -2.50211e-08
40214.1 -1.56478e-08
40216.3 2.06959e-08
40218.5 2.04333e-08
40220.7 -1.59667e-08
40222.9 -2.48143e-08
40225.1 9.37207e-09
40227.3 2.67852e-08
40229.5 -3.0299e-09
40231.7 -2.78984e-08
40233.8 -4.30731e-09
40236 2.64686e-08
40238.2 1.05915e-08
40240.4 -2.41451e-08
40242.6 -1.69574e-08
40244.8 1.95767e-08
40247 2.15384e-08
40249.2 -1.44892e-08
40251.4 -2.54559e-08
40253.6 7.82589e-09
40255.8 2.71206e-08
40258 -1.31927e-09
40260.2 -2.7713e-08
40262.3 -5.87418e-09
40264.5 2.59783e-08
40266.7 1.21166e-08
40268.9 -2.31829e-08
40271.1 -1.81418e-08
40273.3 1.84123e-08
40275.5 2.25151e-08
40277.7 -1.29929e-08
40279.9 -2.59586e-08
40282.1 6.30368e-09
40284.3 2.73308e-08
40286.5 3.41111e-10
40288.7 -2.74108e-08
40290.9 -7.35573e-09
40293 2.53995e-08
40295.2 1.35392e-08
40297.4 -2.21552e-08
40299.6 -1.92036e-08
40301.8 1.72186e-08
40304 2.33664e-08
40306.2 -1.14968e-08
40308.4 -2.63343e-08
40310.6 4.81711e-09
40312.8 2.7427e-08
40315 1.939e-09
40317.2 -2.70102e-08
40319.4 -8.74859e-09
40321.6 2.47476e-08
40323.7 1.48562e-08
40325.9 -2.10818e-08
40328.1 -2.01489e-08
40330.3 1.60098e-08
40332.5 2.40987e-08
40334.7 -1.00169e-08
40336.9 -2.65974e-08
40339.1 3.3745e-09
40341.3 2.7422e-08
40343.5 3.46587e-09
40345.7 -2.653e-08
40347.9 -1.00531e-08
40350.1 2.40375e-08
40352.3 1.60685e-08
40354.4 -1.99808e-08
40356.6 -2.09872e-08
40358.8 1.47978e-08
40361 2.4721e-08
40363.2 -8.56612e-09
40365.4 -2.67641e-08
40367.6 1.98057e-09
40369.8 2.73299e-08
40372 4.91754e-09
40374.2 -2.59886e-08
40376.4 -1.12737e-08
40378.6 2.32828e-08
40380.8 1.71809e-08
40382.9 -1.88678e-08
40385.1 -2.17311e-08
40387.3 1.35913e-08
40389.5 2.5245e-08
40391.7 -7.15295e-09
40393.9 -2.68514e-08
40396.1 6.35932e-10
40398.3 2.71645e-08
40400.5 6.29424e-09
40402.7 -2.54028e-08
40404.9 -1.24182e-08
40407.1 2.24952e-08
40409.3 1.82017e-08
40411.5 -1.77548e-08
40413.6 -2.23946e-08
40415.8 1.23954e-08
40418 2.56837e-08
40420.2 -5.78127e-09
40422.4 -2.68758e-08
40424.6 -6.62553e-10
40426.8 2.6939e-08
40429 7.60062e-09
40431.2 -2.47865e-08
40433.4 -1.34975e-08
40435.6 2.16831e-08
40437.8 1.91419e-08
40440 -1.66491e-08
40442.2 -2.29931e-08
40444.3 1.1211e-08
40446.5 2.605e-08
40448.7 -4.45041e-09
40450.9 -2.68521e-08
40453.1 -1.92226e-09
40455.3 2.66638e-08
40457.5 8.84462e-09
40459.7 -2.41501e-08
40461.9 -1.45247e-08
40464.1 2.08506e-08
40466.3 2.00133e-08
40468.5 -1.55537e-08
40470.7 -2.35412e-08
40472.9 1.00346e-08
40475 2.63558e-08
40477.2 -3.15544e-09
40479.4 -2.67924e-08
40481.6 -3.15319e-09
40483.8 2.63461e-08
40486 1.00367e-08
40488.2 -2.34989e-08
40490.4 -1.5513e-08
40492.6 1.99981e-08
40494.8 2.08281e-08
40497 -1.44664e-08
40499.2 -2.40515e-08
40501.4 8.85924e-09
40503.5 2.66101e-08
40505.7 -1.88787e-09
40507.9 -2.67043e-08
40510.1 -4.36691e-09
40512.3 2.59891e-08
40514.5 1.11884e-08
40516.7 -2.28338e-08
40518.9 -1.6475e-08
40521.1 1.91219e-08
40523.3 2.15967e-08
40525.5 -1.33811e-08
40527.7 -2.4533e-08
40529.9 7.67569e-09
40532.1 2.68188e-08
40534.2 -6.37305e-10
40536.4 -2.6591e-08
40538.6 -5.57522e-09
40540.8 2.55922e-08
40543 1.23108e-08
40545.2 -2.21512e-08
40547.4 -1.74209e-08
40549.6 1.82149e-08
40551.8 2.23271e-08
40554 -1.2289e-08
40556.2 -2.49914e-08
40558.4 6.47335e-09
40560.6 2.69842e-08
40562.8 6.07477e-10
40564.9 -2.64511e-08
40567.1 -6.7886e-09
40569.3 2.51513e-08
40571.5 1.34135e-08
40573.7 -2.14436e-08
40575.9 -1.83575e-08
40578.1 1.72684e-08
40580.3 2.3024e-08
40582.5 -1.11789e-08
40584.7 -2.54272e-08
40586.9 5.24185e-09
40589.1 2.71047e-08
40591.3 1.85718e-09
40593.5 -2.62794e-08
40595.6 -8.01545e-09
40597.8 2.46592e-08
40600 1.45036e-08
40602.2 -2.07012e-08
40604.4 -1.92881e-08
40606.6 1.62724e-08
40608.8 2.36886e-08
40611 -1.00398e-08
40613.2 -2.58376e-08
40615.4 3.97187e-09
40617.6 2.71756e-08
40619.8 3.12086e-09
40622 -2.60671e-08
40624.1 -9.26091e-09
40626.3 2.41072e-08
40628.5 1.55849e-08
40630.7 -1.99124e-08
40632.9 -2.0212e-08
40635.1 1.52171e-08
40637.3 2.43189e-08
40639.5 -8.86097e-09
40641.7 -2.62157e-08
40643.9 2.65617e-09
40646.1 2.71896e-08
40648.3 4.40514e-09
40650.5 -2.58034e-08
40652.7 -1.05269e-08
40654.8 2.34853e-08
40657 1.66583e-08
40659.2 -1.90655e-08
40661.4 -2.11247e-08
40663.6 1.40938e-08
40665.8 2.49095e-08
40668 -7.63309e-09
40670.2 -2.65516e-08
40672.4 1.29036e-09
40674.6 2.71374e-08
40676.8 5.71395e-09
40679 -2.54759e-08
40681.2 -1.18117e-08
40683.4 2.27839e-08
40685.5 1.77214e-08
40687.7 -1.8149e-08
40689.9 -2.20181e-08
40692.1 1.28956e-08
40694.3 2.54531e-08
40696.5 -6.34908e-09
40698.7 -2.6833e-08
40700.9 -1.26589e-10
40703.1 2.70092e-08
40705.3 7.04826e-09
40707.5 -2.50715e-08
40709.7 -1.31096e-08
40711.9 2.19942e-08
40714 1.87689e-08
40716.2 -1.7153e-08
40718.4 -2.28812e-08
40720.6 1.16184e-08
40722.8 2.594e-08
40725 -5.00468e-09
40727.2 -2.70468e-08
40729.4 -1.59265e-09
40731.6 2.67948e-08
40733.8 8.40547e-09
40736 -2.45781e-08
40738.2 -1.44123e-08
40740.4 2.11089e-08
40742.6 1.97927e-08
40744.7 -1.60697e-08
40746.9 -2.37015e-08
40749.1 1.02605e-08
40751.3 2.63596e-08
40753.5 -3.59874e-09
40755.7 -2.71792e-08
40757.9 -3.10255e-09
40760.1 2.64843e-08
40762.3 9.78031e-09
40764.5 -2.39849e-08
40766.7 -1.57087e-08
40768.9 2.01226e-08
40771.1 2.07829e-08
40773.3 -1.48941e-08
40775.4 -2.44649e-08
40777.6 8.82316e-09
40779.8 2.67007e-08
40782 -2.13315e-09
40784.2 -2.7217e-08
40786.4 -4.64825e-09
40788.6 2.60694e-08
40790.8 1.11648e-08
40793 -2.3283e-08
40795.2 -1.69861e-08
40797.4 1.90327e-08
40799.6 2.17283e-08
40801.8 -1.3624e-08
40804 -2.5157e-08
40806.1 7.31072e-09
40808.3 2.69525e-08
40810.5 -6.12545e-10
40812.7 -2.71482e-08
40814.9 -6.2193e-09
40817.1 2.55432e-08
40819.3 1.25492e-08
40821.5 -2.24657e-08
40823.7 -1.823e-08
40825.9 1.78387e-08
40828.1 2.2617e-08
40830.3 -1.22597e-08
40832.5 -2.57635e-08
40834.6 5.72992e-09
40836.8 2.7105e-08
40839 9.5597e-10
40841.2 -2.69621e-08
40843.4 -7.80325e-09
40845.6 2.49007e-08
40847.8 1.39218e-08
40850 -2.1529e-08
40852.2 -1.94257e-08
40854.4 1.65427e-08
40856.6 2.34366e-08
40858.8 -1.08046e-08
40861 -2.62708e-08
40863.2 4.0897e-09
40865.3 2.71488e-08
40867.5 2.56278e-09
40869.7 -2.665e-08
40871.9 -9.38615e-09
40874.1 2.4139e-08
40876.3 1.52699e-08
40878.5 -2.04714e-08
40880.7 -2.05578e-08
40882.9 1.51494e-08
40885.1 2.41751e-08
40887.3 -9.26469e-09
40889.5 -2.66666e-08
40891.7 2.4013e-09
40893.9 2.70763e-08
40896 4.19625e-09
40898.2 -2.62057e-08
40900.4 -1.0953e-08
40902.6 2.32573e-08
40904.8 1.65795e-08
40907 -1.92943e-08
40909.2 -2.16114e-08
40911.4 1.36654e-08
40913.6 2.48203e-08
40915.8 -7.64875e-09
40918 -2.69398e-08
40920.2 6.77697e-10
40922.4 2.68813e-08
40924.6 5.8428e-09
40926.7 -2.56254e-08
40928.9 -1.24881e-08
40931.1 2.22571e-08
40933.3 1.78363e-08
40935.5 -1.80023e-08
40937.7 -2.25724e-08
40939.9 1.21001e-08
40942.1 2.53616e-08
40944.3 -5.96814e-09
40946.5 -2.70819e-08
40948.7 -1.06652e-09
40950.9 2.65595e-08
40953.1 7.48735e-09
40955.2 -2.49083e-08
40957.4 -1.39755e-08
40959.6 2.11425e-08
40961.8 1.90258e-08
40964 -1.66028e-08
40966.2 -2.34278e-08
40968.4 1.04648e-08
40970.6 2.57892e-08
40972.8 -4.23676e-09
40975 -2.70866e-08
40977.2 -2.81571e-09
40979.4 2.61092e-08
40981.6 9.11377e-09
40983.8 -2.40571e-08
40985.9 -1.53996e-08
40988.1 1.99203e-08
40990.3 2.01343e-08
40992.5 -1.51064e-08
40994.7 -2.41667e-08
40996.9 8.77314e-09
40999.1 2.60958e-08
41001.3 -2.4701e-09
41003.5 -2.6951e-08
41005.7 -4.55341e-09
41007.9 2.55317e-08
41010.1 1.07059e-08
41012.3 -2.30773e-08
41014.5 -1.67458e-08
41016.6 1.86001e-08
41018.8 2.11497e-08
41021 -1.35259e-08
41023.2 -2.47804e-08
41025.4 7.04027e-09
41027.6 2.62768e-08
41029.8 -6.84723e-10
41032 -2.66748e-08
41034.2 -6.26322e-09
41036.4 2.48311e-08
41038.6 1.22481e-08
41040.8 -2.19776e-08
41043 -1.80011e-08
41045.2 1.71935e-08
41047.3 2.20616e-08
41049.5 -1.18765e-08
41051.7 -2.52634e-08
41053.9 5.28191e-09
41056.1 2.633e-08
41058.3 1.10216e-09
41060.5 -2.62615e-08
41062.7 -7.92977e-09
41064.9 2.4014e-08
41067.1 1.37259e-08
41069.3 -2.07695e-08
41071.5 -1.91552e-08
41073.7 1.57137e-08
41075.8 2.28621e-08
41078 -1.01745e-08
41080.2 -2.56132e-08
41082.4 3.51405e-09
41084.6 2.62563e-08
41086.8 2.87371e-09
41089 -2.57175e-08
41091.2 -9.53915e-09
41093.4 2.30893e-08
41095.6 1.51266e-08
41097.8 -1.94665e-08
41100 -2.02001e-08
41102.2 1.41752e-08
41104.4 2.3546e-08
41106.5 -8.43696e-09
41108.7 -2.58303e-08
41110.9 1.75224e-09
41113.1 2.60589e-08
41115.3 4.61407e-09
41117.5 -2.50517e-08
41119.7 -1.10792e-08
41121.9 2.20678e-08
41124.1 1.64395e-08
41126.3 -1.80836e-08
41128.5 -2.11308e-08
41130.7 1.25928e-08
41132.9 2.41107e-08
41135.1 -6.68086e-09
41137.2 -2.59184e-08
41139.4 1.09619e-11
41141.6 2.57438e-08
41143.8 6.30866e-09
41146 -2.42755e-08
41148.2 -1.25402e-08
41150.4 2.09617e-08
41152.6 1.76564e-08
41154.8 -1.66369e-08
41157 -2.19452e-08
41159.2 1.09813e-08
41161.4 2.45564e-08
41163.6 -4.9227e-09
41165.8 -2.58836e-08
41167.9 -1.69673e-09
41170.1 2.53189e-08
41172.3 7.945e-09
41174.5 -2.34018e-08
41176.7 -1.39146e-08
41178.9 1.97845e-08
41181.1 1.87722e-08
41183.3 -1.51426e-08
41185.5 -2.26437e-08
41187.7 9.35546e-09
41189.9 2.48859e-08
41192.1 -3.17772e-09
41194.3 -2.57344e-08
41196.4 -3.35948e-09
41198.6 2.47942e-08
41200.8 9.51289e-09
41203 -2.24449e-08
41205.2 -1.51979e-08
41207.4 1.85498e-08
41209.6 1.97839e-08
41211.8 -1.36168e-08
41214 -2.32297e-08
41216.2 7.7285e-09
41218.4 2.51045e-08
41220.6 -1.45944e-09
41222.8 -2.54815e-08
41225 -4.96828e-09
41227.1 2.4181e-08
41229.3 1.10049e-08
41231.5 -2.14195e-08
41233.7 -1.6388e-08
41235.9 1.72714e-08
41238.1 2.06922e-08
41240.3 -1.20745e-08
41242.5 -2.37091e-08
41244.7 6.11227e-09
41246.9 2.52198e-08
41249.1 2.21057e-10
41251.3 -2.51366e-08
41253.5 -6.51683e-09
41255.7 2.34915e-08
41257.8 1.24165e-08
41260 -2.03404e-08
41262.2 -1.74862e-08
41264.4 1.59618e-08
41266.6 2.14998e-08
41268.8 -1.05292e-08
41271 -2.40901e-08
41273.2 4.5162e-09
41275.4 2.52408e-08
41277.6 1.85518e-09
41279.8 -2.47127e-08
41282 -8.00175e-09
41284.2 2.27375e-08
41286.4 1.37462e-08
41288.5 -1.92212e-08
41290.7 -1.84959e-08
41292.9 1.46326e-08
41295.1 2.22122e-08
41297.3 -8.99156e-09
41299.5 -2.4382e-08
41301.7 2.94741e-09
41303.9 2.51775e-08
41306.1 3.43756e-09
41308.3 -2.42223e-08
41310.5 -9.42224e-09
41312.7 2.19306e-08
41314.9 1.4995e-08
41317 -1.80742e-08
41319.2 -1.94227e-08
41321.4 1.32928e-08
41323.6 2.28358e-08
41325.8 -7.47028e-09
41328 -2.4595e-08
41330.2 1.41014e-09
41332.4 2.50398e-08
41334.6 4.96542e-09
41336.8 -2.3677e-08
41339 -1.078e-08
41341.2 2.10805e-08
41341.4 2.27062e-08
