# time   dipole_moment
0 -0
0.01 -5.79722e-11
0.055 -1.75526e-09
0.2575 -3.866e-08
1.16875 -8.10281e-07
5.26937 -1.63734e-05
8.95577 -4.25463e-05
12.8531 -7.29148e-05
17.1479 -0.000101767
21.4426 -0.000125465
25.7374 -0.000147947
30.0322 -0.000171741
34.3269 -0.000196011
38.6217 -0.00021839
43.0721 -0.000237939
47.5225 -0.000253953
51.9729 -0.00026817
56.4233 -0.000282775
60.8737 -0.00029919
65.3241 -0.00031755
69.3225 -0.000334944
73.3209 -0.000352105
77.3192 -0.000368063
81.3176 -0.000382233
85.316 -0.000394464
89.3143 -0.000405091
93.3127 -0.000415004
97.3111 -0.000425319
101.309 -0.00043682
105.308 -0.000449648
108.809 -0.000461751
112.311 -0.000474545
116.005 -0.000488891
119.7 -0.000504083
123.394 -0.000519565
127.089 -0.000534467
130.783 -0.000548321
134.062 -0.000559813
137.341 -0.000570681
140.551 -0.000580707
143.76 -0.000590068
147.307 -0.000599618
150.855 -0.00060842
154.402 -0.000616733
157.949 -0.000624974
161.496 -0.000633521
165.043 -0.000642467
168.591 -0.000651505
171.773 -0.000659213
174.955 -0.000666129
178.255 -0.000672282
181.554 -0.000677553
184.853 -0.000682399
188.153 -0.000687388
191.452 -0.000692866
194.752 -0.000698734
198.051 -0.000704518
201.351 -0.000709609
204.65 -0.000713497
207.949 -0.000716011
210.833 -0.000717317
213.716 -0.00071817
216.842 -0.000718891
219.967 -0.000719467
223.092 -0.000719773
226.217 -0.000719653
229.342 -0.000719114
232.468 -0.000718394
235.593 -0.000717797
238.338 -0.000717504
241.083 -0.000717465
243.816 -0.000717684
246.549 -0.000718114
249.207 -0.00071859
251.968 -0.000718946
254.552 -0.000719002
257.283 -0.000718681
259.862 -0.000717984
262.594 -0.000716807
265.268 -0.000715173
268.042 -0.000712863
270.8 -0.0007098
273.557 -0.000705914
276.25 -0.000701439
279.044 -0.00069633
281.766 -0.000691132
284.488 -0.000685863
287.199 -0.000680589
290.009 -0.000675081
292.667 -0.000669827
295.459 -0.000664309
298.019 -0.000659286
300.802 -0.000653771
303.359 -0.000648456
306.127 -0.000642182
308.692 -0.000635726
311.464 -0.000627935
314.049 -0.000619827
316.84 -0.000610133
319.461 -0.000600192
322.27 -0.000588769
324.903 -0.00057747
327.737 -0.000564851
330.456 -0.000552529
333.335 -0.000539501
336.165 -0.000526883
339.098 -0.000514027
342.265 -0.000500299
345.433 -0.000486717
348.601 -0.000473505
351.768 -0.000460952
354.936 -0.00044911
358.104 -0.000437801
361.271 -0.000426837
364.439 -0.000415952
367.607 -0.000404676
370.774 -0.000392588
373.942 -0.000379585
376.732 -0.000367397
379.522 -0.000354439
382.222 -0.000341068
385.025 -0.000326328
387.646 -0.000311861
390.42 -0.000295938
393.005 -0.000280599
395.753 -0.000263876
398.39 -0.000247553
401.149 -0.000230347
403.853 -0.000213432
406.556 -0.000196493
409.29 -0.000179328
412.023 -0.000162034
414.785 -0.000144242
417.546 -0.000125905
420.67 -0.000104306
423.794 -8.17881e-05
426.918 -5.86492e-05
430.043 -3.54974e-05
433.167 -1.29794e-05
436.291 8.54473e-06
439.415 2.90118e-05
442.539 4.85166e-05
445.664 6.73339e-05
448.788 8.58847e-05
451.912 0.000104476
455.036 0.000123177
458.16 0.000141956
461.284 0.000160728
464.409 0.000179343
467.533 0.000197791
470.657 0.000216331
473.781 0.000235313
476.582 0.000252935
479.384 0.000271271
482.132 0.000289923
484.879 0.000309003
487.636 0.000328335
490.488 0.000348504
493.242 0.000368303
495.996 0.000388545
498.737 0.000409186
501.477 0.00043035
504.582 0.000454781
507.687 0.000479134
510.791 0.000502805
513.511 0.000522823
516.23 0.000542239
518.956 0.000561149
521.681 0.000579543
524.357 0.000597153
527.124 0.000614922
529.71 0.000631137
532.454 0.00064801
535.036 0.000663755
537.764 0.000680396
540.369 0.00069627
543.089 0.000712717
545.71 0.000728345
548.433 0.000744305
551.071 0.000759493
553.8 0.000775018
556.478 0.000790247
559.156 0.000805618
561.861 0.000821285
564.566 0.00083697
567.604 0.000854412
570.642 0.000871447
573.68 0.000887893
576.718 0.000903704
579.756 0.000918959
582.795 0.000933782
585.833 0.000948323
588.871 0.000962744
591.909 0.000977129
594.947 0.000991489
597.986 0.00100583
601.024 0.00102012
603.722 0.00103272
606.419 0.00104523
609.224 0.00105811
612.028 0.00107073
614.832 0.00108285
617.637 0.00109425
620.441 0.00110483
623.245 0.0011146
626.049 0.00112361
628.854 0.001132
631.658 0.00113995
634.462 0.00114754
637.266 0.00115475
640.071 0.00116162
642.875 0.00116822
645.679 0.00117466
648.484 0.00118107
651.417 0.0011879
654.351 0.0011949
657.285 0.00120178
660.219 0.00120809
663.153 0.00121349
665.772 0.00121736
668.392 0.00122029
671.303 0.00122248
674.215 0.0012237
676.729 0.00122411
679.243 0.00122405
681.79 0.00122356
684.336 0.00122261
686.937 0.00122118
689.537 0.00121938
692.406 0.00121711
695.274 0.0012146
697.831 0.00121213
700.387 0.00120948
703.263 0.00120637
706.138 0.00120315
708.638 0.00120016
711.137 0.00119688
713.948 0.00119284
716.759 0.00118838
719.57 0.00118336
722.38 0.00117761
725.191 0.00117115
728.002 0.00116403
730.813 0.00115626
733.623 0.00114779
736.434 0.00113868
739.245 0.00112898
742.056 0.00111882
744.867 0.00110836
747.677 0.00109774
750.169 0.00108824
752.661 0.00107859
755.326 0.00106802
757.992 0.00105716
760.658 0.00104603
763.324 0.00103461
765.99 0.00102285
768.656 0.00101055
771.321 0.000997436
773.987 0.000983252
776.653 0.000967838
779.319 0.000951187
781.985 0.000933456
784.65 0.000914918
786.979 0.000898256
789.308 0.000881231
791.808 0.000862542
794.308 0.000843457
796.808 0.000824094
799.419 0.000803728
802.029 0.000783258
804.399 0.000764581
806.768 0.000745861
808.949 0.000728671
811.347 0.000709856
813.617 0.000692106
816.038 0.000673156
818.753 0.000651833
821.468 0.000630413
824.183 0.000608865
826.898 0.000587156
829.613 0.000565289
832.328 0.000543235
835.043 0.000520863
837.758 0.000498016
840.472 0.000474642
843.187 0.000450765
845.546 0.000429611
847.905 0.000408078
850.711 0.000382019
853.517 0.000355549
855.998 0.000331796
858.478 0.000307657
861.157 0.000281157
863.835 0.000254289
866.514 0.000227109
869.193 0.000199558
871.871 0.000171516
874.55 0.000142892
877.228 0.000113648
879.907 8.37864e-05
882.586 5.3373e-05
885.264 2.25484e-05
887.943 -8.50635e-06
890.621 -3.96361e-05
893.3 -7.07546e-05
895.979 -0.000101832
898.657 -0.000132842
901.336 -0.000163723
904.014 -0.000194403
906.693 -0.000224834
909.372 -0.000254994
912.05 -0.000284867
914.729 -0.000314464
917.407 -0.000343841
920.086 -0.000373059
922.765 -0.000402123
925.443 -0.000430997
928.122 -0.000459684
930.8 -0.000488244
933.479 -0.000516785
935.803 -0.00054165
938.224 -0.00056779
940.599 -0.000593758
942.975 -0.000620038
945.748 -0.000651022
948.522 -0.00068222
950.985 -0.000710057
953.448 -0.000737992
956.13 -0.000768487
958.811 -0.000799061
961.493 -0.000829746
964.175 -0.000860499
966.857 -0.000891185
969.539 -0.000921693
972.221 -0.000952016
974.903 -0.000982166
977.584 -0.00101211
980.266 -0.0010418
982.948 -0.00107123
985.63 -0.00110033
988.312 -0.00112893
990.994 -0.00115688
993.676 -0.00118419
996.358 -0.00121099
999.039 -0.00123745
1001.72 -0.00126368
1004.4 -0.00128973
1007.09 -0.00131555
1009.77 -0.00134103
1012.45 -0.00136611
1015.13 -0.00139078
1017.81 -0.00141513
1020.29 -0.00143741
1022.76 -0.00145961
1025.54 -0.0014845
1028.31 -0.00150929
1031.09 -0.00153388
1033.86 -0.00155815
1036.64 -0.00158199
1039.41 -0.00160515
1042.19 -0.00162737
1044.96 -0.00164856
1047.74 -0.00166878
1050.51 -0.00168818
1053.29 -0.001707
1056.07 -0.00172555
1058.84 -0.00174395
1061.62 -0.00176207
1064.39 -0.00177962
1067.17 -0.00179644
1069.94 -0.00181246
1072.72 -0.00182773
1075.49 -0.00184233
1078.27 -0.00185641
1081.04 -0.00187003
1083.82 -0.00188314
1086.59 -0.00189577
1089.37 -0.00190796
1092.14 -0.0019197
1094.92 -0.00193092
1097.69 -0.00194157
1100.47 -0.0019516
1103.24 -0.00196088
1106.02 -0.00196927
1108.79 -0.00197677
1111.57 -0.00198339
1114.35 -0.00198915
1117.12 -0.00199411
1119.9 -0.0019984
1122.67 -0.00200209
1125.45 -0.00200512
1128.22 -0.00200754
1130.69 -0.00200924
1133.17 -0.0020105
1135.67 -0.00201115
1138.17 -0.00201104
1140.88 -0.00201002
1143.59 -0.00200809
1146.3 -0.00200513
1149.01 -0.00200106
1151.72 -0.00199599
1154.43 -0.00199009
1157.14 -0.00198334
1159.85 -0.00197567
1162.56 -0.00196706
1165.27 -0.0019576
1167.98 -0.00194731
1170.69 -0.0019362
1173.1 -0.00192577
1175.51 -0.00191489
1178.2 -0.00190225
1180.89 -0.00188915
1183.58 -0.00187568
1186.27 -0.00186186
1188.67 -0.00184911
1191.07 -0.00183582
1193.76 -0.0018202
1196.45 -0.00180381
1198.85 -0.00178848
1201.24 -0.00177241
1203.82 -0.0017544
1206.39 -0.00173577
1208.97 -0.00171661
1211.54 -0.00169688
1214.12 -0.0016765
1216.69 -0.00165549
1219.27 -0.00163383
1221.84 -0.00161141
1224.42 -0.00158811
1226.99 -0.00156394
1229.56 -0.00153897
1232.14 -0.00151332
1234.71 -0.00148706
1237.29 -0.00146031
1239.86 -0.00143313
1242.2 -0.00140801
1244.55 -0.00138241
1246.85 -0.00135665
1249.15 -0.00133023
1251.78 -0.00129923
1254.4 -0.00126715
1257.02 -0.00123401
1259.65 -0.00119992
1262.27 -0.001165
1264.89 -0.0011294
1267.51 -0.0010932
1270.14 -0.00105647
1272.76 -0.00101928
1275.38 -0.000981732
1278.01 -0.000943934
1280.63 -0.000905943
1283.25 -0.000867765
1285.87 -0.000829405
1288.5 -0.00079086
1291.12 -0.000752068
1293.74 -0.000712928
1296.37 -0.00067341
1298.72 -0.000637692
1301.07 -0.00060175
1303.51 -0.000564194
1305.95 -0.000526284
1308.39 -0.000487992
1310.92 -0.000447908
1313.45 -0.000407347
1315.67 -0.000371248
1317.97 -0.000333461
1320.14 -0.000297469
1322.44 -0.000258827
1324.96 -0.000216297
1327.47 -0.000173287
1329.99 -0.000129815
1332.5 -8.59789e-05
1335.02 -4.1849e-05
1337.53 2.56907e-06
1340.05 4.72608e-05
1342.56 9.21745e-05
1345.08 0.000137289
1347.17 0.000174974
1349.44 0.000216112
1351.59 0.0002554
1353.87 0.000297098
1356.35 0.000342884
1358.83 0.000388989
1361.31 0.000435379
1363.5 0.000476557
1365.78 0.000519318
1367.87 0.000558563
1370.11 0.000600614
1372.71 0.000648984
1375.31 0.000697007
1377.91 0.000744743
1380.22 0.000786888
1382.52 0.000828922
1384.67 0.000868038
1386.92 0.000908905
1389 0.000946735
1391.25 0.000987539
1393.69 0.00103171
1396.13 0.0010757
1398.57 0.00111955
1400.72 0.00115816
1402.98 0.00119855
1405.08 0.00123616
1407.36 0.00127664
1409.79 0.00132001
1412.23 0.00136342
1414.66 0.00140687
1417.1 0.00145028
1419.53 0.00149362
1421.73 0.00153269
1424.03 0.00157333
1426.23 0.00161204
1428.51 0.00165204
1430.95 0.00169431
1433.39 0.00173624
1435.83 0.00177783
1438.26 0.00181906
1440.7 0.00185989
1442.86 0.00189575
1445.16 0.00193366
1447.4 0.00197026
1449.64 0.00200645
1452.18 0.00204682
1454.71 0.0020867
1457.24 0.00212613
1459.78 0.00216512
1462.31 0.00220365
1464.85 0.00224171
1467.38 0.00227931
1469.56 0.00231135
1471.87 0.00234478
1474.03 0.00237578
1476.3 0.00240789
1478.65 0.00244084
1481 0.00247338
1483.34 0.00250543
1485.87 0.00253921
1488.39 0.00257224
1490.54 0.00259969
1492.81 0.00262812
1495.03 0.00265519
1497.25 0.00268172
1499.82 0.00271194
1502.4 0.0027415
1504.97 0.00277037
1507.55 0.00279848
1510.12 0.00282576
1512.43 0.00284944
1514.74 0.00287237
1516.91 0.00289328
1519.2 0.00291461
1521.49 0.00293518
1523.78 0.00295508
1526.32 0.00297648
1528.86 0.00299707
1531.41 0.00301684
1533.95 0.00303577
1536.49 0.00305389
1538.75 0.00306923
1541.1 0.00308449
1543.36 0.00309835
1545.62 0.00311146
1548.01 0.00312456
1550.4 0.00313685
1552.97 0.0031491
1555.53 0.0031604
1558.09 0.00317077
1560.66 0.00318014
1563.22 0.00318846
1565.78 0.00319571
1568.35 0.00320193
1570.91 0.00320713
1573.47 0.00321133
1576.04 0.00321459
1578.6 0.00321699
1581.16 0.00321853
1583.73 0.00321913
1586.29 0.00321874
1588.85 0.00321742
1591.51 0.00321509
1594.16 0.00321167
1596.81 0.00320704
1599.47 0.00320121
1602.12 0.00319415
1604.77 0.00318574
1607.42 0.00317588
1610.08 0.00316467
1612.73 0.00315225
1615.38 0.00313857
1618.03 0.00312357
1620.69 0.00310732
1623.34 0.00308991
1625.99 0.00307125
1628.65 0.00305127
1631.3 0.00303002
1633.95 0.00300763
1636.6 0.00298404
1639.26 0.00295918
1641.91 0.00293313
1644.56 0.00290604
1647.21 0.00287791
1649.87 0.00284864
1652.52 0.00281826
1655.17 0.00278687
1657.83 0.00275443
1660.48 0.00272081
1663.13 0.00268602
1665.78 0.00265019
1668.44 0.00261332
1671.09 0.00257534
1673.74 0.00253628
1676.39 0.00249629
1679.05 0.00245542
1681.7 0.00241357
1684.35 0.00237072
1687.01 0.00232695
1689.66 0.00228228
1692.31 0.00223657
1694.96 0.00218974
1697.62 0.00214181
1700.27 0.0020928
1702.92 0.00204266
1705.57 0.00199134
1708.23 0.0019389
1710.88 0.00188534
1713.53 0.00183062
1716.19 0.0017747
1718.84 0.00171762
1721.49 0.00165947
1724.14 0.00160034
1726.8 0.00154033
1729.45 0.00147956
1732.1 0.00141806
1734.75 0.00135584
1737.14 0.00129935
1739.52 0.00124225
1741.9 0.00118453
1744.41 0.001123
1746.92 0.00106078
1749.14 0.00100527
1751.46 0.000946672
1753.64 0.000891151
1755.93 0.00083262
1758.54 0.000765369
1761.14 0.000697676
1763.75 0.00062956
1766.36 0.000561006
1768.96 0.000492025
1771.57 0.000422636
1774.17 0.000352825
1776.78 0.000282573
1779.39 0.000211904
1781.99 0.000140858
1784.6 6.94212e-05
1786.94 4.89119e-06
1789.28 -6.00047e-05
1791.54 -0.000123039
1793.81 -0.000186428
1796.05 -0.000249649
1798.29 -0.00031326
1800.65 -0.000380583
1803.01 -0.000448286
1805.36 -0.000516346
1807.81 -0.000587187
1810.25 -0.000658302
1812.69 -0.000729611
1815.14 -0.00080106
1817.58 -0.000872608
1820.02 -0.000944174
1822.32 -0.0010113
1824.61 -0.00107832
1826.93 -0.00114592
1829.25 -0.00121344
1831.66 -0.00128373
1834.08 -0.00135388
1836.5 -0.00142394
1838.92 -0.00149396
1841.33 -0.00156393
1843.86 -0.00163693
1846.39 -0.00170977
1848.56 -0.00177226
1850.85 -0.00183807
1853.12 -0.00190327
1855.39 -0.0019683
1857.82 -0.00203762
1860.25 -0.00210674
1862.68 -0.00217562
1864.92 -0.00223886
1867.16 -0.00230173
1869.24 -0.00235978
1871.5 -0.00242249
1874.02 -0.0024916
1876.53 -0.00256013
1879.04 -0.00262812
1881.55 -0.00269564
1884.07 -0.00276269
1886.18 -0.00281868
1888.45 -0.00287839
1890.52 -0.00293221
1892.75 -0.00299027
1895.27 -0.00305498
1897.78 -0.00311917
1900.29 -0.00318281
1902.54 -0.00323929
1904.79 -0.00329534
1906.8 -0.00334511
1909.02 -0.00339946
1911.63 -0.0034624
1914.24 -0.00352446
1916.84 -0.00358554
1919.15 -0.00363882
1921.47 -0.0036912
1923.68 -0.00374048
1925.89 -0.00378895
1927.96 -0.00383353
1930.19 -0.00388061
1932.7 -0.00393274
1935.21 -0.00398395
1937.72 -0.00403428
1940.23 -0.00408369
1942.74 -0.00413217
1944.97 -0.00417463
1947.21 -0.0042164
1949.31 -0.00425502
1951.56 -0.00429551
1954.12 -0.00434068
1956.69 -0.00438477
1959.25 -0.00442773
1961.82 -0.00446945
1964.38 -0.00450983
1966.94 -0.00454886
1969.51 -0.00458655
1971.81 -0.00461928
1974.12 -0.00465087
1976.3 -0.00467969
1978.48 -0.00470748
1980.65 -0.00473415
1982.82 -0.00475971
1985.29 -0.00478736
1987.76 -0.00481353
1990.23 -0.00483826
1992.7 -0.00486159
1995.17 -0.00488356
1997.3 -0.00490144
1999.54 -0.00491921
2001.74 -0.00493569
2003.94 -0.00495111
2006.39 -0.00496696
2008.85 -0.00498139
2011.3 -0.00499438
2013.44 -0.00500451
2015.69 -0.00501395
2017.85 -0.00502182
2020.01 -0.00502852
2022.55 -0.00503489
2025.1 -0.00503964
2027.64 -0.00504278
2029.89 -0.00504423
2032.14 -0.00504444
2034.27 -0.00504352
2036.51 -0.00504139
2038.8 -0.00503796
2041.09 -0.00503324
2043.5 -0.00502691
2045.77 -0.00501966
2048.04 -0.00501117
2050.21 -0.00500187
2052.47 -0.00499098
2054.77 -0.00497856
2057.08 -0.00496482
2059.52 -0.00494876
2062.06 -0.0049304
2064.6 -0.00491026
2067.14 -0.00488836
2069.68 -0.00486477
2071.91 -0.0048426
2074.15 -0.00481906
2076.38 -0.00479422
2078.68 -0.00476709
2081.35 -0.00473391
2084.02 -0.00469876
2086.69 -0.00466157
2089.36 -0.00462241
2092.03 -0.00458145
2094.7 -0.00453871
2097.08 -0.00449897
2099.46 -0.00445774
2101.96 -0.00441294
2104.46 -0.00436661
2106.96 -0.00431869
2109.46 -0.00426913
2111.96 -0.00421805
2114.46 -0.00416554
2116.96 -0.00411153
2119.22 -0.00406139
2121.48 -0.00400992
2123.76 -0.00395655
2126.05 -0.00390192
2128.66 -0.00383788
2131.27 -0.00377211
2133.88 -0.00370473
2136.49 -0.00363585
2139.1 -0.00356549
2141.71 -0.00349365
2144.32 -0.00342041
2146.93 -0.00334587
2149.55 -0.00327001
2152.16 -0.00319274
2154.77 -0.00311408
2157.38 -0.00303404
2159.99 -0.00295258
2162.6 -0.00286959
2165.21 -0.00278506
2167.82 -0.00269909
2170.43 -0.00261168
2173.04 -0.00252279
2175.66 -0.00243249
2178.27 -0.0023409
2180.88 -0.00224805
2183.49 -0.00215389
2186.1 -0.00205846
2188.71 -0.00196181
2191.32 -0.00186396
2193.93 -0.00176485
2196.54 -0.0016645
2199.15 -0.00156304
2201.76 -0.00146055
2204.1 -0.0013679
2206.44 -0.00127451
2208.76 -0.00118151
2211.07 -0.00108789
2213.68 -0.000981501
2216.29 -0.000874242
2218.9 -0.000766141
2221.51 -0.000657248
2224.12 -0.00054758
2226.73 -0.000437174
2229.34 -0.000326133
2231.95 -0.000214548
2234.56 -0.000102431
2237.17 1.02143e-05
2239.78 0.00012333
2242.38 0.000236859
2244.99 0.000350821
2247.6 0.000465249
2250.21 0.000580111
2252.82 0.000695355
2255.43 0.000810971
2258.04 0.000926949
2260.65 0.00104321
2263.26 0.00115969
2265.87 0.00127638
2268.48 0.00139331
2271.09 0.00151046
2273.7 0.00162776
2276.31 0.00174518
2278.92 0.00186268
2281.53 0.00198015
2284.14 0.00209745
2286.75 0.00221455
2289.36 0.00233143
2291.97 0.00244804
2294.58 0.00256432
2297.19 0.00268028
2299.8 0.00279593
2302.41 0.00291122
2305.02 0.00302609
2307.63 0.0031405
2310.24 0.00325443
2312.85 0.00336783
2315.19 0.00346937
2317.54 0.00357043
2319.76 0.00366559
2322.08 0.00376411
2324.34 0.00386001
2326.61 0.00395528
2329.02 0.00405619
2331.44 0.00415636
2333.85 0.00425571
2336.39 0.0043589
2338.92 0.00446114
2341.45 0.00456245
2343.98 0.00466284
2346.52 0.00476224
2349.05 0.00486064
2351.58 0.00495809
2354.11 0.00505455
2356.42 0.00514161
2358.73 0.00522769
2361.03 0.0053122
2363.32 0.00539571
2365.84 0.00548582
2368.35 0.00557452
2370.86 0.00566177
2373.37 0.00574759
2375.88 0.00583193
2378.39 0.00591473
2380.9 0.005996
2383.41 0.00607581
2385.93 0.00615414
2388.44 0.00623088
2390.95 0.00630596
2393.09 0.00636857
2395.39 0.00643459
2397.62 0.00649737
2399.86 0.00655874
2402.3 0.00662435
2404.75 0.00668835
2407.2 0.00675075
2409.48 0.00680729
2411.75 0.0068624
2413.83 0.00691153
2416.07 0.00696313
2418.63 0.00702036
2421.2 0.00707557
2423.76 0.00712868
2426.32 0.00717969
2428.88 0.00722854
2431.44 0.00727515
2434 0.00731953
2436.25 0.00735672
2438.5 0.00739228
2440.57 0.00742345
2442.8 0.00745549
2445.06 0.00748619
2447.32 0.00751513
2449.72 0.00754375
2451.96 0.00756874
2454.21 0.00759183
2456.33 0.00761188
2458.56 0.00763129
2460.86 0.00764933
2463.17 0.0076654
2465.47 0.00767948
2467.7 0.00769125
2469.93 0.00770122
2472.07 0.00770904
2474.3 0.00771533
2476.89 0.0077202
2479.49 0.00772246
2482.08 0.00772213
2484.67 0.00771916
2487.27 0.00771352
2489.58 0.00770627
2491.89 0.00769697
2494.09 0.00768626
2496.28 0.0076737
2498.42 0.00765965
2500.65 0.00764319
2503.18 0.00762219
2505.72 0.00759871
2508.25 0.00757271
2510.78 0.0075442
2513.31 0.00751316
2515.53 0.00748382
2517.76 0.00745252
2519.86 0.00742115
2522.07 0.00738614
2524.36 0.00734799
2526.65 0.00730777
2528.93 0.00726551
2531.11 0.00722341
2533.28 0.00717948
2535.42 0.00713451
2537.65 0.00708573
2540.17 0.00702836
2542.68 0.00696852
2545.2 0.00690618
2547.45 0.00684815
2549.71 0.00678813
2551.79 0.0067309
2554.02 0.00666802
2556.27 0.00660226
2558.52 0.0065345
2560.91 0.00646062
2563.13 0.00639009
2565.34 0.00631765
2567.46 0.00624658
2569.68 0.00617013
2572.02 0.00608786
2574.35 0.00600356
2576.68 0.0059172
2578.86 0.00583485
2581.03 0.00575077
2583.18 0.00566625
2585.41 0.00557667
2587.96 0.0054723
2590.5 0.00536575
2593.05 0.00525709
2595.31 0.00515869
2597.58 0.00505866
2599.66 0.00496523
2601.89 0.00486373
2604.11 0.00476139
2606.32 0.00465751
2608.74 0.0045421
2610.98 0.00443379
2613.22 0.00432389
2615.33 0.00421881
2617.56 0.00410602
2619.87 0.00398794
2622.18 0.00386828
2624.49 0.0037471
2626.7 0.00362965
2628.91 0.00351089
2631.07 0.00339365
2633.34 0.00326936
2635.97 0.00312331
2638.6 0.0029755
2641.23 0.00282594
2643.87 0.00267464
2646.5 0.0025217
2649.13 0.00236721
2651.76 0.00221118
2654.39 0.00205363
2657.02 0.0018946
2659.65 0.00173414
2662.29 0.00157225
2664.92 0.00140896
2667.55 0.00124436
2670.18 0.00107851
2672.81 0.000911419
2675.44 0.000743132
2678.07 0.000573756
2680.71 0.000403379
2683.34 0.000232024
2685.97 5.97512e-05
2688.6 -0.000113294
2691.23 -0.000286991
2693.86 -0.000461309
2696.49 -0.00063621
2699.13 -0.000811579
2701.76 -0.000987328
2704.39 -0.00116347
2707.02 -0.00134002
2709.65 -0.00151691
2712.28 -0.00169408
2714.91 -0.00187158
2717.55 -0.00204939
2720.18 -0.00222742
2722.81 -0.00240557
2725.44 -0.00258383
2728.07 -0.00276215
2730.7 -0.00294041
2733.33 -0.00311847
2735.97 -0.00329628
2738.6 -0.00347381
2741.23 -0.00365094
2743.86 -0.00382754
2746.49 -0.0040036
2749.12 -0.00417912
2751.75 -0.00435402
2754.39 -0.00452818
2757.02 -0.00470155
2759.65 -0.00487413
2762.28 -0.0050458
2764.91 -0.00521648
2767.54 -0.00538616
2770.17 -0.00555486
2772.81 -0.00572249
2775.44 -0.00588894
2778.07 -0.00605416
2780.7 -0.0062181
2783.33 -0.00638066
2785.96 -0.00654171
2788.59 -0.00670125
2791.23 -0.00685928
2793.86 -0.0070157
2796.49 -0.00717038
2799.12 -0.00732326
2801.75 -0.00747438
2804.38 -0.00762365
2807.01 -0.00777095
2809.65 -0.00791627
2812.28 -0.00805964
2814.91 -0.00820097
2817.54 -0.00834013
2820.17 -0.00847703
2822.8 -0.00861169
2825.43 -0.00874402
2828.07 -0.00887389
2830.7 -0.00900125
2833.33 -0.00912609
2835.96 -0.00924838
2838.31 -0.00935539
2840.66 -0.00946024
2842.91 -0.00955852
2845.16 -0.00965479
2847.41 -0.00974887
2849.66 -0.0098408
2852.02 -0.00993533
2854.39 -0.0100275
2856.76 -0.0101171
2859.27 -0.0102097
2861.79 -0.0102994
2864.04 -0.0103773
2866.29 -0.010453
2868.51 -0.0105255
2870.74 -0.0105958
2873.36 -0.0106753
2875.97 -0.0107517
2878.59 -0.0108248
2881.2 -0.0108945
2883.82 -0.0109609
2886.43 -0.011024
2889.05 -0.0110836
2891.66 -0.0111398
2894.28 -0.0111924
2896.89 -0.0112415
2899.51 -0.011287
2902.12 -0.0113288
2904.74 -0.011367
2907.36 -0.0114014
2909.97 -0.0114322
2912.59 -0.0114591
2915.2 -0.0114823
2917.82 -0.0115018
2920.43 -0.0115175
2923.05 -0.0115292
2925.66 -0.0115371
2927.99 -0.0115408
2930.31 -0.0115414
2932.76 -0.0115386
2935.22 -0.0115322
2937.33 -0.011524
2939.57 -0.0115123
2941.77 -0.0114981
2943.97 -0.0114809
2946.43 -0.0114585
2948.89 -0.0114325
2951.34 -0.011403
2953.54 -0.0113736
2955.74 -0.0113413
2957.9 -0.0113068
2960.16 -0.0112679
2962.73 -0.0112197
2965.31 -0.0111676
2967.89 -0.0111115
2970.47 -0.0110516
2973.04 -0.0109878
2975.35 -0.0109274
2977.66 -0.0108638
2979.88 -0.0107999
2982.1 -0.0107331
2984.22 -0.0106665
2986.46 -0.0105936
2989.02 -0.0105063
2991.59 -0.0104151
2994.15 -0.0103202
2996.44 -0.0102324
2998.72 -0.0101415
3000.84 -0.0100548
3003.07 -0.00996051
3005.21 -0.00986769
3007.44 -0.00976777
3009.89 -0.00965542
3012.33 -0.00953976
3014.77 -0.00942079
3016.89 -0.00931499
3019.13 -0.00920032
3021.22 -0.00909109
3023.43 -0.00897273
3025.89 -0.00883738
3028.36 -0.00869873
3030.83 -0.00855684
3033.3 -0.0084118
3035.77 -0.00826364
3037.8 -0.00813895
3040.02 -0.00800121
3042.16 -0.00786549
3044.38 -0.00772231
3046.77 -0.00756547
3049.15 -0.00740579
3051.54 -0.00724331
3053.59 -0.00710189
3055.79 -0.00694784
3057.97 -0.00679325
3060.14 -0.00663647
3062.52 -0.00646299
3064.68 -0.00630273
3066.84 -0.00614046
3068.93 -0.00598183
3071.12 -0.0058138
3073.63 -0.00561804
3075.9 -0.00543978
3078.16 -0.00525951
3080.25 -0.00509144
3082.44 -0.00491319
3084.58 -0.00473747
3086.72 -0.00456006
3089.11 -0.0043594
3091.51 -0.00415666
3093.9 -0.00395187
3095.95 -0.0037747
3098.13 -0.00358525
3100.32 -0.00339321
3102.51 -0.00319962
3104.84 -0.00299251
3106.94 -0.00280346
3109.14 -0.00260482
3111.25 -0.00241262
3113.44 -0.00221184
3115.87 -0.00198797
3118.3 -0.0017626
3120.72 -0.00153582
3122.79 -0.00134224
3124.99 -0.00113408
3127.13 -0.00093137
3129.34 -0.000720668
3131.75 -0.000489293
3134.17 -0.000256798
3136.58 -2.32515e-05
3138.65 0.000177649
3140.86 0.000393263
3143.03 0.000605417
3145.2 0.000818213
3147.64 0.00105779
3150.08 0.00129802
3152.51 0.00153886
3154.61 0.00174678
3156.84 0.00196821
3159.03 0.00218514
3161.21 0.00240234
3163.7 0.00265083
3166.2 0.00289953
3168.69 0.00314833
3170.86 0.00336487
3173.14 0.00359173
3175.29 0.00380639
3177.53 0.00402934
3179.86 0.00426161
3182.19 0.00449362
3184.53 0.00472534
3186.78 0.00494856
3189.03 0.00517139
3191.19 0.00538533
3193.45 0.0056075
3195.76 0.00583534
3198.08 0.00606255
3200.49 0.00629859
3202.78 0.00652144
3205.07 0.00674346
3207.22 0.00695152
3209.49 0.00716977
3211.74 0.00738604
3214 0.00760122
3216.47 0.00783585
3218.95 0.0080691
3221.42 0.00830085
3223.68 0.00851099
3225.94 0.00871973
3228.13 0.00892068
3230.41 0.00912879
3232.78 0.00934291
3235.15 0.00955519
3237.52 0.00976563
3240 0.00998439
3242.48 0.010201
3244.97 0.0104154
3247.45 0.0106274
3249.68 0.0108154
3251.98 0.0110079
3254.23 0.011194
3256.56 0.0113848
3259.06 0.0115861
3261.55 0.0117847
3264.05 0.0119805
3266.54 0.0121734
3269.03 0.0123633
3271.53 0.0125503
3274.02 0.0127341
3276.32 0.012901
3278.63 0.0130651
3280.88 0.0132226
3283.22 0.0133838
3285.81 0.0135589
3288.41 0.0137302
3291.01 0.0138977
3293.6 0.0140613
3296.2 0.0142209
3298.79 0.0143764
3301.39 0.0145277
3303.98 0.0146748
3306.58 0.0148176
3309.18 0.014956
3311.77 0.01509
3314.37 0.0152195
3316.96 0.0153445
3319.56 0.0154649
3322.16 0.0155805
3324.75 0.0156915
3327.35 0.0157976
3329.94 0.0158989
3332.54 0.0159952
3335.14 0.0160866
3337.73 0.016173
3340.33 0.0162544
3342.92 0.0163306
3345.52 0.0164017
3348.12 0.0164677
3350.44 0.0165222
3352.76 0.0165726
3354.93 0.0166161
3357.22 0.0166578
3359.49 0.0166951
3361.76 0.0167282
3364.28 0.0167603
3366.81 0.0167872
3369.33 0.0168089
3371.62 0.0168241
3373.92 0.016835
3376.09 0.0168413
3378.37 0.0168438
3380.66 0.0168418
3382.94 0.0168355
3385.47 0.0168232
3388 0.0168056
3390.53 0.0167825
3393.07 0.0167539
3395.6 0.0167199
3397.8 0.0166859
3400.12 0.0166455
3402.34 0.0166027
3404.63 0.016554
3406.97 0.0164995
3409.31 0.0164403
3411.79 0.0163727
3414.26 0.0162999
3416.73 0.0162217
3418.97 0.0161466
3421.3 0.0160638
3423.52 0.0159804
3425.83 0.0158895
3428.13 0.0157943
3430.43 0.0156945
3432.92 0.0155816
3435.41 0.0154635
3437.9 0.0153401
3440.39 0.0152115
3442.88 0.0150778
3445.15 0.0149512
3447.42 0.0148203
3449.64 0.0146881
3451.96 0.014546
3454.61 0.0143777
3457.27 0.0142035
3459.65 0.0140422
3462.04 0.0138764
3464.43 0.013706
3466.81 0.0135311
3469.2 0.0133518
3471.73 0.0131561
3474.27 0.0129556
3476.49 0.0127759
3478.81 0.0125844
3481 0.0123994
3483.32 0.0121999
3485.86 0.0119768
3488.4 0.0117489
3490.94 0.0115164
3493.48 0.0112792
3496.02 0.0110374
3498.56 0.0107911
3501.11 0.0105403
3503.65 0.010285
3506.19 0.0100255
3508.37 0.00979917
3510.69 0.00955463
3512.83 0.00932657
3515.11 0.00908012
3517.68 0.00879798
3520.26 0.00851171
3522.83 0.00822143
3525.4 0.00792732
3527.98 0.00762945
3530.55 0.00732785
3533.13 0.00702261
3535.7 0.00671389
3538.27 0.00640176
3540.58 0.00611953
3542.88 0.00583461
3544.98 0.00557347
3547.24 0.0052887
3549.43 0.00501116
3551.71 0.00472011
3554.17 0.00440319
3556.63 0.00408373
3559.09 0.00376183
3561.23 0.00347878
3563.51 0.00317745
3565.63 0.00289459
3567.86 0.00259443
3570.44 0.00224605
3573.02 0.00189547
3575.6 0.00154279
3577.92 0.00122429
3580.24 0.0009043
3582.43 0.000601123
3584.61 0.000296715
3586.73 3.90924e-07
3588.96 -0.000311373
3591.51 -0.000669857
3594.05 -0.00102956
3596.6 -0.0013904
3598.86 -0.00171061
3601.11 -0.00203151
3603.18 -0.00232654
3605.4 -0.00264316
3607.6 -0.00295808
3609.81 -0.00327339
3612.21 -0.00361738
3614.42 -0.00393455
3616.63 -0.00425189
3618.73 -0.00455293
3620.93 -0.00486994
3623.27 -0.00520519
3625.61 -0.00554025
3627.95 -0.00587505
3630.1 -0.00618396
3632.34 -0.0065033
3634.48 -0.00680915
3636.7 -0.00712521
3639.24 -0.0074867
3641.78 -0.00784725
3644.32 -0.00820673
3646.58 -0.00852448
3648.83 -0.0088412
3650.93 -0.0091354
3653.15 -0.00944506
3655.39 -0.00975536
3657.62 -0.0100643
3660.04 -0.0103972
3662.45 -0.0107283
3664.87 -0.0110576
3667 -0.0113462
3669.23 -0.0116471
3671.44 -0.011942
3673.64 -0.012235
3676.12 -0.012563
3678.6 -0.0128885
3681.09 -0.0132113
3683.24 -0.0134893
3685.51 -0.0137796
3687.66 -0.0140521
3689.89 -0.014333
3692.25 -0.0146268
3694.61 -0.0149177
3696.97 -0.0152055
3699.2 -0.015474
3701.42 -0.0157397
3703.55 -0.0159917
3705.79 -0.0162533
3708.15 -0.0165258
3710.52 -0.0167948
3712.88 -0.0170602
3715.11 -0.0173074
3717.34 -0.0175512
3719.46 -0.0177791
3721.71 -0.0180177
3724.07 -0.018264
3726.43 -0.0185062
3728.78 -0.0187441
3731.03 -0.0189673
3733.29 -0.0191865
3735.41 -0.0193895
3737.67 -0.0196018
3740.01 -0.0198173
3742.36 -0.0200282
3744.7 -0.0202344
3746.98 -0.0204308
3749.26 -0.0206226
3751.4 -0.0207981
3753.68 -0.0209809
3755.98 -0.02116
3758.27 -0.0213341
3760.74 -0.0215154
3763.29 -0.0216974
3765.85 -0.021873
3768.41 -0.0220422
3770.96 -0.022205
3773.19 -0.0223417
3775.52 -0.0224789
3777.69 -0.0226019
3780 -0.0227275
3782.43 -0.0228532
3784.85 -0.0229728
3787.28 -0.0230862
3789.71 -0.0231931
3792.13 -0.0232937
3794.45 -0.0233838
3796.77 -0.0234681
3798.94 -0.0235418
3801.28 -0.0236148
3803.66 -0.0236834
3806.05 -0.0237455
3808.54 -0.0238035
3811.03 -0.0238544
3813.53 -0.0238981
3816.12 -0.0239359
3818.71 -0.0239659
3821.04 -0.0239862
3823.37 -0.024
3825.56 -0.0240072
3827.91 -0.0240087
3830.22 -0.0240037
3832.53 -0.0239923
3835.09 -0.0239722
3837.65 -0.0239443
3840.21 -0.0239086
3842.76 -0.0238651
3845.32 -0.0238136
3847.88 -0.0237542
3850.44 -0.023687
3852.99 -0.0236119
3855.55 -0.0235288
3857.88 -0.0234463
3860.2 -0.0233572
3862.42 -0.0232664
3864.76 -0.0231637
3867.06 -0.0230563
3869.36 -0.0229425
3872.02 -0.022803
3874.68 -0.0226549
3877.34 -0.0224983
3880 -0.0223332
3882.65 -0.0221596
3885.31 -0.0219775
3887.97 -0.021787
3890.63 -0.0215881
3893.28 -0.0213809
3895.94 -0.0211653
3898.6 -0.0209415
3901.26 -0.0207094
3903.92 -0.0204693
3906.57 -0.0202209
3909.23 -0.0199645
3911.89 -0.0197002
3914.55 -0.0194279
3917.21 -0.0191476
3919.86 -0.0188596
3922.52 -0.0185638
3925.18 -0.0182604
3927.84 -0.0179493
3930.49 -0.0176307
3933.15 -0.0173047
3935.81 -0.0169713
3938.47 -0.0166307
3941.13 -0.0162829
3943.78 -0.015928
3946.17 -0.0156032
3948.56 -0.0152728
3951.12 -0.0149131
3953.67 -0.0145471
3956.23 -0.0141751
3958.79 -0.013797
3961.34 -0.013413
3963.9 -0.0130232
3966.46 -0.0126277
3968.81 -0.0122582
3971.17 -0.011884
3973.43 -0.0115201
3975.79 -0.0111377
3978.08 -0.0107604
3980.38 -0.0103789
3982.83 -0.00996623
3985.29 -0.00954912
3987.74 -0.00912763
3990.2 -0.00870183
3992.65 -0.00827188
3995.25 -0.00781311
3997.84 -0.00735002
4000.14 -0.00693579
4002.45 -0.00651832
4004.68 -0.00610976
4007.02 -0.00568016
4009.33 -0.00525124
4011.65 -0.00481941
4014.16 -0.00434813
4016.66 -0.00387377
4019.17 -0.00339643
4021.68 -0.0029162
4024.19 -0.00243324
4026.49 -0.00198803
4028.8 -0.00154084
4030.99 -0.0011137
4033.3 -0.000660081
4035.65 -0.000198776
4037.99 0.000264137
4040.48 0.000756931
4042.97 0.00125134
4045.46 0.00174722
4047.79 0.00221242
4050.12 0.00267858
4052.26 0.00310791
4054.56 0.00357001
4056.8 0.0040206
4059.12 0.00448702
4061.65 0.00499817
4064.19 0.00550967
4066.73 0.00602136
4069.27 0.00653302
4071.8 0.00704447
4074.03 0.00749351
4076.36 0.00796157
4078.49 0.00839074
4080.76 0.00884679
4083.04 0.00930477
4085.33 0.0097619
4087.79 0.0102531
4090.25 0.0107431
4092.71 0.0112314
4094.84 0.0116528
4097.13 0.0121041
4099.3 0.0125322
4101.57 0.0129758
4104.19 0.0134869
4106.81 0.0139954
4109.43 0.0145012
4112.05 0.0150039
4114.67 0.0155035
4117.03 0.0159501
4119.39 0.0163939
4121.91 0.0168635
4124.42 0.0173296
4126.55 0.0177222
4128.81 0.0181357
4130.99 0.0185296
4133.23 0.0189341
4135.8 0.0193913
4138.36 0.0198438
4140.93 0.0202916
4143.23 0.0206898
4145.54 0.0210839
4147.67 0.0214447
4149.92 0.0218215
4152.09 0.0221816
4154.27 0.0225377
4156.8 0.0229474
4159.34 0.0233514
4161.87 0.0237494
4164.12 0.0240981
4166.38 0.0244419
4168.48 0.0247588
4170.71 0.0250891
4172.95 0.0254161
4175.19 0.0257378
4177.59 0.0260753
4179.8 0.0263815
4182 0.0266823
4184.12 0.026965
4186.34 0.0272571
4188.71 0.0275609
4191.07 0.0278582
4193.43 0.0281488
4195.62 0.0284122
4197.81 0.0286697
4199.93 0.0289131
4202.16 0.029163
4204.74 0.0294443
4207.32 0.029717
4209.9 0.029981
4212.2 0.0302086
4214.5 0.030429
4216.65 0.030629
4218.9 0.0308306
4221.04 0.0310166
4223.28 0.031204
4225.81 0.0314071
4228.34 0.0316009
4230.86 0.0317854
4233.39 0.0319606
4235.92 0.0321263
4238.08 0.0322602
4240.36 0.0323937
4242.48 0.032511
4244.72 0.0326275
4247.07 0.0327417
4249.43 0.0328472
4251.79 0.0329441
4254.03 0.0330281
4256.27 0.0331042
4258.39 0.033169
4260.64 0.0332298
4263 0.0332847
4265.37 0.0333307
4267.73 0.0333677
4270.26 0.0333973
4272.8 0.0334163
4274.92 0.0334242
4277.21 0.0334243
4279.38 0.0334165
4281.66 0.0333998
4284.26 0.0333701
4286.87 0.0333291
4289.48 0.0332768
4292.08 0.033213
4294.69 0.0331379
4297.3 0.0330514
4299.9 0.0329536
4302.51 0.0328442
4305.12 0.0327235
4307.72 0.0325913
4310.33 0.0324477
4312.67 0.0323089
4315.02 0.0321609
4317.2 0.0320148
4319.51 0.0318513
4321.69 0.0316883
4323.99 0.0315083
4326.59 0.0312942
4329.19 0.0310689
4331.79 0.0308324
4334.39 0.0305847
4336.99 0.0303259
4339.59 0.030056
4342.19 0.0297751
4344.78 0.0294832
4347.38 0.0291804
4349.98 0.0288668
4352.58 0.0285424
4355.18 0.0282072
4357.78 0.0278613
4360.38 0.0275049
4362.98 0.0271381
4365.31 0.0267994
4367.65 0.0264524
4369.82 0.026123
4372.12 0.0257645
4374.36 0.0254094
4376.68 0.0250338
4379.22 0.0246121
4381.77 0.0241811
4384.32 0.0237407
4386.86 0.0232912
4389.41 0.0228326
4391.95 0.0223652
4394.5 0.0218889
4397.05 0.0214038
4399.59 0.0209102
4401.83 0.0204697
4404.16 0.0200038
4406.38 0.019553
4408.69 0.0190785
4411.06 0.0185835
4413.44 0.0180818
4415.93 0.0175464
4418.43 0.0170037
4420.93 0.0164538
4423.43 0.015897
4425.93 0.0153333
4428.19 0.0148169
4430.46 0.0142951
4432.73 0.0137666
4435 0.0132329
4437.4 0.0126629
4439.8 0.0120874
4442.29 0.0114839
4444.79 0.0108747
4447.28 0.0102602
4449.87 0.00961756
4452.45 0.00896947
4454.74 0.00839124
4457.11 0.00778849
4459.37 0.0072093
4461.64 0.00662646
4463.98 0.00602
4466.32 0.00540999
4468.92 0.00472735
4471.52 0.00404064
4474.12 0.00335012
4476.72 0.00265604
4479.33 0.00195862
4481.93 0.00125802
4484.53 0.000554493
4487.13 -0.000151683
4489.74 -0.000860308
4492.34 -0.0015712
4494.94 -0.00228411
4497.54 -0.00299876
4500.15 -0.00371494
4502.46 -0.00435334
4504.78 -0.00499263
4507.01 -0.00561049
4509.35 -0.00625796
4511.64 -0.0068897
4513.92 -0.00752168
4516.56 -0.00825224
4519.2 -0.00898256
4521.84 -0.00971243
4524.47 -0.0104416
4527.11 -0.0111698
4529.75 -0.0118968
4532.39 -0.0126222
4535.03 -0.0133459
4537.67 -0.0140676
4540.31 -0.014787
4542.94 -0.0155039
4545.58 -0.016218
4548.22 -0.0169292
4550.86 -0.017637
4553.5 -0.0183412
4556.14 -0.0190417
4558.78 -0.0197382
4561.41 -0.0204303
4564.05 -0.0211178
4566.69 -0.0218006
4569.33 -0.0224784
4571.97 -0.0231508
4574.61 -0.0238176
4577.25 -0.0244787
4579.89 -0.0251338
4582.52 -0.0257825
4585.16 -0.0264246
4587.8 -0.02706
4590.44 -0.0276883
4593.08 -0.0283092
4595.72 -0.0289226
4598.36 -0.0295283
4600.99 -0.030126
4603.63 -0.0307154
4606.27 -0.0312963
4608.91 -0.0318686
4611.55 -0.032432
4614.19 -0.0329861
4616.55 -0.0334752
4618.92 -0.0339567
4621.29 -0.0344302
4623.8 -0.0349232
4626.3 -0.035407
4628.43 -0.0358105
4630.72 -0.0362358
4632.86 -0.0366278
4635.12 -0.0370322
4637.71 -0.0374859
4640.29 -0.0379288
4642.88 -0.0383607
4645.47 -0.0387814
4648.06 -0.0391907
4650.37 -0.0395471
4652.69 -0.0398941
4654.86 -0.0402108
4657.11 -0.0405309
4659.25 -0.040826
4661.48 -0.0411257
4664.06 -0.0414594
4666.64 -0.0417807
4669.21 -0.0420894
4671.5 -0.0423534
4673.8 -0.0426073
4675.94 -0.0428351
4678.17 -0.0430632
4680.32 -0.0432729
4682.55 -0.0434808
4685.05 -0.0437027
4687.56 -0.0439117
4690.06 -0.0441078
4692.3 -0.0442717
4694.53 -0.0444252
4696.62 -0.0445589
4698.82 -0.0446904
4701.09 -0.0448147
4703.35 -0.044928
4705.62 -0.0450304
4707.77 -0.0451172
4709.92 -0.0451939
4712.07 -0.0452604
4714.22 -0.0453168
4716.71 -0.0453694
4719.19 -0.0454082
4721.68 -0.0454334
4723.79 -0.0454439
4726.03 -0.0454442
4728.15 -0.0454341
4730.36 -0.0454128
4732.91 -0.0453745
4735.46 -0.0453214
4738.02 -0.0452536
4740.26 -0.0451816
4742.51 -0.045098
4744.59 -0.0450107
4746.8 -0.0449067
4748.99 -0.0447934
4751.17 -0.0446692
4753.57 -0.0445196
4755.78 -0.0443706
4757.99 -0.0442105
4760.09 -0.0440486
4762.3 -0.0438667
4764.63 -0.0436629
4766.97 -0.0434467
4769.3 -0.0432182
4771.46 -0.0429949
4773.71 -0.0427526
4775.83 -0.0425127
4778.06 -0.0422504
4780.63 -0.0419339
4783.19 -0.0416027
4785.76 -0.0412568
4788.06 -0.0409357
4790.35 -0.040603
4792.49 -0.040282
4794.73 -0.0399352
4796.89 -0.0395915
4799.13 -0.0392233
4801.64 -0.0387974
4804.16 -0.0383579
4806.67 -0.037905
4809.19 -0.0374388
4811.7 -0.0369595
4813.82 -0.0365467
4816.08 -0.0360933
4818.22 -0.0356569
4820.46 -0.0351893
4823.07 -0.0346313
4825.68 -0.0340598
4828.29 -0.0334749
4830.9 -0.0328767
4833.52 -0.0322654
4835.84 -0.0317095
4838.17 -0.0311435
4840.4 -0.0305926
4842.63 -0.0300327
4844.76 -0.0294883
4847 -0.0289062
4849.38 -0.0282812
4851.75 -0.0276466
4854.12 -0.0270023
4856.37 -0.0263821
4858.63 -0.0257535
4860.76 -0.0251511
4863.01 -0.0245055
4865.32 -0.0238368
4867.63 -0.0231599
4870.03 -0.0224459
4872.3 -0.0217639
4874.57 -0.0210745
4876.7 -0.0204215
4878.97 -0.0197191
4881.25 -0.0190023
4883.54 -0.0182785
4885.97 -0.0175041
4888.52 -0.0166821
4891.07 -0.015852
4893.35 -0.0151018
4895.64 -0.0143454
4897.77 -0.0136338
4900.05 -0.0128688
4902.41 -0.0120702
4904.77 -0.0112658
4907.13 -0.010456
4909.63 -0.00959178
4912.13 -0.00872184
4914.37 -0.00793663
4916.62 -0.00714724
4918.8 -0.0063772
4921.09 -0.00556353
4923.72 -0.00462489
4926.34 -0.00368158
4928.97 -0.00273387
4931.6 -0.00178203
4934.23 -0.000826402
4936.86 0.000132644
4939.49 0.00109483
4942.12 0.00205987
4944.75 0.00302742
4947.38 0.00399712
4950 0.00496867
4952.63 0.00594179
4955.26 0.00691612
4957.89 0.0078913
4960.52 0.00886703
4963.15 0.009843
4965.78 0.0108189
4968.41 0.0117942
4971.04 0.0127688
4973.67 0.0137422
4976.29 0.0147142
4978.92 0.0156844
4981.55 0.0166524
4984.18 0.0176179
4986.81 0.0185807
4989.44 0.0195402
4992.07 0.0204963
4994.7 0.0214485
4997.33 0.0223966
4999.96 0.0233401
5002.58 0.0242787
5005.21 0.0252122
5007.84 0.0261401
5010.47 0.0270622
5013.1 0.027978
5015.73 0.0288873
5018.36 0.0297897
5020.99 0.0306849
5023.62 0.0315725
5026.25 0.0324524
5028.87 0.033324
5031.5 0.0341871
5034.13 0.0350414
5036.76 0.0358866
5039.39 0.0367222
5042.02 0.0375481
5044.65 0.0383638
5047.28 0.0391692
5049.91 0.0399638
5052.54 0.0407474
5055.16 0.0415196
5057.79 0.0422802
5060.42 0.0430289
5063.05 0.0437653
5065.68 0.0444892
5068.31 0.0452003
5070.94 0.0458984
5073.57 0.046583
5076.2 0.0472539
5078.83 0.047911
5081.45 0.0485538
5083.82 0.0491191
5086.18 0.0496726
5088.44 0.0501918
5090.71 0.0506998
5092.92 0.0511844
5095.21 0.0516746
5097.53 0.0521605
5099.86 0.0526339
5102.33 0.0531232
5104.8 0.053598
5107.27 0.054058
5109.5 0.0544589
5111.82 0.0548646
5114 0.0552344
5116.29 0.0556081
5118.62 0.0559761
5120.96 0.0563301
5123.43 0.0566892
5125.89 0.0570324
5128.36 0.0573594
5130.55 0.057636
5132.87 0.0579145
5135.04 0.0581618
5137.32 0.058408
5139.69 0.058649
5142.06 0.0588745
5144.43 0.0590844
5146.94 0.0592891
5149.44 0.059476
5151.6 0.0596228
5153.91 0.0597648
5156.07 0.0598841
5158.34 0.0599946
5160.96 0.0601039
5163.58 0.0601931
5166.2 0.0602622
5168.83 0.0603111
5171.45 0.0603397
5174.07 0.060348
5176.69 0.0603358
5179.31 0.0603032
5181.93 0.0602499
5184.56 0.0601761
5187.18 0.0600817
5189.53 0.0599793
5191.89 0.0598601
5194.35 0.0597176
5196.81 0.0595569
5198.92 0.0594049
5201.16 0.0592287
5203.31 0.0590446
5205.55 0.0588394
5208.05 0.0585917
5210.55 0.0583251
5213.05 0.0580398
5215.28 0.0577686
5217.52 0.0574825
5219.61 0.057202
5221.82 0.0568914
5224.08 0.0565581
5226.34 0.0562097
5228.68 0.0558334
5230.82 0.055474
5233.05 0.0550863
5235.17 0.054704
5237.38 0.0542913
5239.91 0.053803
5242.43 0.0532963
5244.95 0.0527712
5247.19 0.0522923
5249.42 0.0517992
5251.48 0.0513303
5253.68 0.0508172
5255.92 0.0502807
5258.17 0.0497303
5260.52 0.0491385
5262.68 0.0485812
5264.84 0.0480112
5266.96 0.0474387
5269.17 0.0468309
5271.7 0.0461205
5274.22 0.0453935
5276.74 0.0446501
5278.97 0.0439799
5281.2 0.0432971
5283.28 0.0426491
5285.48 0.0419516
5287.72 0.0412295
5289.96 0.0404954
5292.32 0.0397105
5294.49 0.0389764
5296.65 0.0382314
5298.78 0.0374909
5300.99 0.0367102
5303.53 0.0357999
5306.06 0.0348756
5308.6 0.0339374
5310.85 0.0330964
5313.09 0.032245
5315.17 0.0314481
5317.38 0.0305909
5319.58 0.029727
5321.78 0.0288538
5324.17 0.0278965
5326.36 0.0270087
5328.55 0.0261123
5330.65 0.0252438
5332.86 0.0243224
5335.46 0.0232275
5337.79 0.0222378
5340.13 0.0212394
5342.59 0.0201742
5345.05 0.0190999
5347.13 0.0181861
5349.36 0.0172004
5351.51 0.0162434
5353.75 0.0152393
5356.2 0.014136
5358.65 0.0130253
5361.09 0.0119075
5363.2 0.0109404
5365.45 0.00990161
5367.56 0.00891859
5369.8 0.00787722
5372.33 0.00669324
5374.85 0.0055037
5377.38 0.00430895
5379.91 0.00310929
5382.44 0.00190512
5384.59 0.00087475
5386.87 -0.00021675
5388.96 -0.00122232
5391.2 -0.00229896
5393.54 -0.00342958
5395.88 -0.00456229
5398.23 -0.00569684
5400.45 -0.00677391
5402.67 -0.00785212
5404.78 -0.00887564
5407.03 -0.00996792
5409.64 -0.0112406
5412.26 -0.0125135
5414.88 -0.0137859
5417.5 -0.0150575
5420.11 -0.0163278
5422.73 -0.0175965
5425.35 -0.0188631
5427.97 -0.020127
5430.59 -0.021388
5432.94 -0.0225181
5435.29 -0.0236452
5437.56 -0.0247288
5439.83 -0.025809
5441.94 -0.0268108
5444.19 -0.0278778
5446.51 -0.0289707
5448.84 -0.0300589
5451.25 -0.0311847
5453.77 -0.0323563
5456.29 -0.0335211
5458.43 -0.0345016
5460.72 -0.0355484
5462.89 -0.0365303
5465.16 -0.0375526
5467.75 -0.0387151
5470.35 -0.039868
5472.95 -0.0410111
5475.55 -0.042144
5478.14 -0.0432662
5480.74 -0.0443773
5483.34 -0.045477
5485.94 -0.0465648
5488.53 -0.0476404
5491.13 -0.0487032
5493.73 -0.049753
5496.05 -0.0506796
5498.37 -0.0515952
5500.53 -0.0524385
5502.81 -0.0533166
5505.03 -0.0541584
5507.24 -0.0549893
5509.87 -0.05596
5512.49 -0.0569145
5515.12 -0.0578525
5517.75 -0.0587737
5520.37 -0.0596777
5523 -0.060564
5525.62 -0.0614325
5528.25 -0.0622826
5530.87 -0.0631141
5533.22 -0.0638425
5535.58 -0.0645555
5537.83 -0.0652245
5540.08 -0.0658789
5542.27 -0.0664987
5544.54 -0.067129
5546.9 -0.0677662
5549.26 -0.0683866
5551.7 -0.0690119
5554.25 -0.0696427
5556.79 -0.0702532
5559.04 -0.0707742
5561.37 -0.071298
5563.56 -0.0717752
5565.85 -0.0722562
5568.18 -0.0727284
5570.51 -0.0731825
5573.02 -0.0736505
5575.53 -0.0740969
5578.04 -0.0745216
5580.55 -0.0749244
5583.06 -0.0753051
5585.28 -0.0756226
5587.62 -0.0759383
5589.85 -0.0762221
5592.17 -0.0764967
5594.52 -0.0767561
5596.87 -0.0769952
5599.39 -0.0772291
5601.92 -0.0774395
5604.44 -0.0776262
5606.78 -0.077778
5609.12 -0.0779093
5611.34 -0.0780146
5613.67 -0.0781051
5615.94 -0.0781733
5618.2 -0.0782219
5620.92 -0.0782543
5623.64 -0.0782583
5626.05 -0.0782382
5628.45 -0.0781956
5630.95 -0.0781277
5633.45 -0.0780356
5635.95 -0.0779192
5638.25 -0.0777904
5640.56 -0.077641
5642.76 -0.0774786
5645.08 -0.0772874
5647.35 -0.0770799
5649.62 -0.0768523
5652.21 -0.0765681
5654.8 -0.0762579
5657.39 -0.0759216
5659.98 -0.0755592
5662.57 -0.0751708
5665.16 -0.0747566
5667.75 -0.0743164
5670.34 -0.0738505
5672.93 -0.0733587
5675.52 -0.0728414
5678.11 -0.0722986
5680.35 -0.0718097
5682.69 -0.0712765
5684.85 -0.0707672
5687.14 -0.0702083
5689.39 -0.069641
5691.64 -0.069055
5694.14 -0.0683787
5696.65 -0.0676793
5699.16 -0.0669571
5701.39 -0.0662968
5703.71 -0.0655899
5705.85 -0.0649187
5708.13 -0.0641903
5710.41 -0.0634416
5712.69 -0.0626746
5715.14 -0.0618283
5717.69 -0.0609294
5720.24 -0.0600087
5722.39 -0.0592119
5724.7 -0.0583433
5726.84 -0.0575183
5729.11 -0.0566331
5731.45 -0.0556994
5733.79 -0.0547484
5736.13 -0.0537801
5738.41 -0.0528233
5740.68 -0.0518506
5742.81 -0.0509245
5745.07 -0.0499315
5747.36 -0.0489033
5749.66 -0.0478599
5752.08 -0.0467444
5754.36 -0.0456811
5756.63 -0.0446035
5758.76 -0.043582
5761.01 -0.0424896
5763.28 -0.0413759
5765.55 -0.040249
5767.98 -0.0390265
5770.51 -0.0377377
5773.04 -0.0364334
5775.18 -0.0353186
5777.46 -0.0341227
5779.61 -0.0329788
5781.86 -0.0317764
5784.48 -0.0303604
5787.1 -0.0289301
5789.72 -0.0274861
5792.33 -0.0260288
5794.95 -0.0245586
5797.29 -0.0232342
5799.63 -0.0219002
5802.13 -0.0204686
5804.62 -0.019027
5806.73 -0.0177995
5808.98 -0.0164864
5811.14 -0.0152179
5813.38 -0.0138925
5815.87 -0.0124117
5818.36 -0.0109232
5820.86 -0.00942737
5823.35 -0.00792476
5825.84 -0.00641578
5827.94 -0.00514183
5830.18 -0.00377388
5832.33 -0.00246064
5834.57 -0.00108873
5837.07 0.000447534
5839.56 0.00198773
5842.06 0.00353138
5844.56 0.00507797
5847.06 0.00662705
5849.16 0.00792795
5851.41 0.0093243
5853.55 0.0106544
5855.78 0.0120453
5858.3 0.0136093
5860.81 0.0151733
5863.32 0.0167366
5865.84 0.0182989
5868.35 0.0198596
5870.49 0.0211848
5872.75 0.022585
5874.87 0.0238935
5877.1 0.0252711
5879.7 0.0268703
5882.3 0.0284649
5884.9 0.0300544
5887.23 0.0314757
5889.56 0.0328919
5891.8 0.0342452
5894.03 0.0355933
5896.14 0.036857
5898.37 0.0381947
5900.73 0.0395989
5903.09 0.0409958
5905.45 0.0423848
5907.68 0.0436891
5909.91 0.0449857
5912.02 0.0462062
5914.27 0.0474973
5916.62 0.0488378
5918.97 0.0501682
5921.32 0.0514883
5923.56 0.0527364
5925.79 0.0539745
5927.91 0.0551341
5930.16 0.0563587
5932.52 0.057627
5934.87 0.0588827
5937.23 0.0601254
5939.49 0.0613073
5941.75 0.0624765
5943.87 0.0635588
5946.13 0.0647002
5948.43 0.0658477
5950.73 0.0669807
5953.13 0.0681514
5955.4 0.069239
5957.67 0.0703116
5959.78 0.0712995
5962.05 0.0723391
5964.34 0.0733781
5966.63 0.0744005
5969.06 0.0754636
5971.35 0.0764493
5973.64 0.0774176
5975.76 0.0782984
5978.03 0.0792235
5980.28 0.0801263
5982.54 0.0810111
5985 0.0819532
5987.54 0.0829067
5990.09 0.0838363
5992.24 0.0846042
5994.55 0.0854065
5996.7 0.086137
5998.98 0.0868879
6001.34 0.0876485
6003.71 0.0883868
6006.07 0.0891026
6008.6 0.0898419
6011.13 0.090555
6013.27 0.0911391
6015.57 0.0917443
6017.76 0.0922991
6020.05 0.0928565
6022.71 0.0934781
6025.38 0.0940688
6028.04 0.0946281
6030.71 0.0951559
6033.1 0.0956023
6035.49 0.0960229
6037.88 0.0964175
6040.39 0.0968042
6042.91 0.0971617
6045.12 0.0974523
6047.44 0.097732
6049.64 0.0979744
6051.94 0.0982029
6054.29 0.0984117
6056.65 0.098594
6059.12 0.0987564
6061.59 0.0988897
6064.06 0.0989937
6066.32 0.0990632
6068.59 0.0991078
6070.81 0.0991275
6073.12 0.0991225
6075.48 0.0990904
6077.84 0.0990311
6080.35 0.0989384
6082.85 0.098815
6085.35 0.0986609
6087.69 0.0984891
6090.03 0.0982904
6092.24 0.0980772
6094.57 0.0978275
6096.86 0.0975553
6099.16 0.0972572
6101.8 0.0968816
6104.44 0.0964717
6107.09 0.0960276
6109.73 0.0955493
6112.37 0.0950369
6115.02 0.0944906
6117.66 0.0939103
6120.3 0.0932963
6122.95 0.0926485
6125.59 0.0919673
6128.23 0.0912527
6130.88 0.0905048
6133.52 0.0897239
6136.16 0.0889102
6138.81 0.0880638
6141.45 0.0871849
6144.09 0.0862737
6146.74 0.0853306
6149.38 0.0843557
6152.02 0.0833493
6154.67 0.0823116
6157.31 0.081243
6159.95 0.0801437
6162.6 0.079014
6165.24 0.0778542
6167.88 0.0766647
6170.53 0.0754458
6173.17 0.0741978
6175.81 0.0729211
6178.46 0.071616
6181.1 0.070283
6183.74 0.0689224
6186.39 0.0675346
6189.03 0.0661201
6191.67 0.0646793
6194.32 0.0632124
6196.96 0.0617201
6199.6 0.0602028
6202.25 0.058661
6204.89 0.057095
6207.53 0.0555054
6210.18 0.0538927
6212.55 0.0524245
6214.93 0.0509384
6217.43 0.0493502
6219.94 0.047743
6222.45 0.0461172
6224.76 0.0446006
6227.08 0.0430688
6229.26 0.0416107
6231.56 0.04006
6233.8 0.0385369
6236.12 0.0369482
6238.69 0.0351685
6241.26 0.033373
6243.83 0.0315623
6246.4 0.0297368
6248.98 0.0278972
6251.55 0.0260439
6254.12 0.0241777
6256.69 0.0222989
6259.26 0.0204083
6261.46 0.0187872
6263.78 0.0170603
6265.93 0.0154546
6268.2 0.0137535
6270.49 0.0120301
6272.78 0.0102998
6275.24 0.00843696
6277.69 0.00656723
6280.15 0.00469116
6282.29 0.0030488
6284.58 0.00129268
6286.76 -0.000383182
6289.02 -0.00213032
6291.65 -0.00416181
6294.28 -0.0061969
6296.91 -0.00823494
6299.53 -0.0102753
6302.16 -0.0123172
6304.79 -0.01436
6307.42 -0.016403
6309.77 -0.018233
6312.13 -0.0200621
6314.62 -0.0219981
6317.12 -0.0239318
6319.25 -0.0255805
6321.5 -0.0273252
6323.67 -0.0289971
6325.91 -0.030726
6328.46 -0.0326821
6331 -0.0346324
6333.55 -0.0365765
6335.84 -0.0383174
6338.13 -0.0400522
6340.23 -0.0416435
6342.47 -0.0433299
6344.67 -0.0449735
6346.86 -0.0466099
6349.33 -0.0484452
6351.8 -0.0502701
6354.28 -0.0520842
6356.4 -0.0536324
6358.66 -0.0552711
6360.8 -0.0568183
6363.04 -0.0584196
6365.63 -0.0602606
6368.22 -0.0620861
6370.81 -0.0638955
6373.13 -0.0655022
6375.45 -0.067095
6377.65 -0.0685897
6379.84 -0.0700711
6381.98 -0.0714984
6384.21 -0.0729779
6386.81 -0.0746784
6389.41 -0.0763581
6392 -0.0780166
6394.33 -0.0794834
6396.65 -0.0809322
6398.87 -0.0822935
6401.08 -0.0836378
6403.19 -0.0849074
6405.43 -0.0862287
6408.06 -0.0877625
6410.42 -0.0891189
6412.79 -0.0904537
6415.23 -0.0918134
6417.68 -0.093149
6419.77 -0.0942678
6422.02 -0.0954544
6424.17 -0.0965673
6426.41 -0.097708
6428.94 -0.0989653
6431.46 -0.100194
6433.99 -0.101395
6436.51 -0.102567
6439.03 -0.103709
6441.17 -0.104652
6443.44 -0.105631
6445.56 -0.106522
6447.79 -0.107437
6450.15 -0.108378
6452.5 -0.10929
6454.86 -0.110175
6457.06 -0.110975
6459.26 -0.111751
6461.38 -0.112476
6463.62 -0.113213
6466.23 -0.114042
6468.84 -0.114835
6471.46 -0.115591
6473.8 -0.116238
6476.14 -0.116854
6478.65 -0.11748
6481.15 -0.11807
6483.25 -0.118539
6485.51 -0.119014
6487.67 -0.119443
6489.92 -0.119861
6492.45 -0.120297
6494.98 -0.120696
6497.51 -0.121057
6500.05 -0.121381
6502.58 -0.121668
6504.74 -0.121884
6507.03 -0.122081
6509.14 -0.122236
6511.39 -0.122372
6513.7 -0.122481
6516.02 -0.122557
6518.34 -0.122601
6520.56 -0.122614
6522.79 -0.122596
6524.92 -0.122551
6527.16 -0.122474
6529.79 -0.122346
6532.41 -0.122176
6535.04 -0.121964
6537.66 -0.12171
6540.29 -0.121415
6542.91 -0.121077
6545.53 -0.120698
6548.16 -0.120278
6550.78 -0.119815
6553.41 -0.119311
6556.03 -0.118766
6558.38 -0.118242
6560.73 -0.117685
6563.26 -0.11705
6565.78 -0.116377
6567.9 -0.115782
6570.18 -0.115114
6572.37 -0.114442
6574.64 -0.113716
6577.24 -0.112846
6579.85 -0.111936
6582.45 -0.110987
6585.06 -0.109998
6587.66 -0.108971
6590.27 -0.107905
6592.87 -0.106801
6595.47 -0.105659
6598.08 -0.104478
6600.39 -0.103399
6602.7 -0.102291
6604.88 -0.101223
6607.16 -0.100073
6609.35 -0.09894
6611.63 -0.0977394
6614.24 -0.096332
6616.84 -0.0948893
6619.44 -0.0934117
6622.05 -0.0918997
6624.65 -0.0903535
6627.26 -0.0887738
6629.86 -0.087161
6632.47 -0.0855154
6635.07 -0.0838376
6637.68 -0.0821282
6640.28 -0.0803875
6642.6 -0.0788117
6644.92 -0.077212
6647.07 -0.0757057
6649.36 -0.0740791
6651.59 -0.0724812
6653.81 -0.0708626
6656.44 -0.0689244
6659.06 -0.0669585
6661.69 -0.0649655
6664.31 -0.0629459
6666.94 -0.0609004
6669.57 -0.0588298
6672.19 -0.0567345
6674.82 -0.0546153
6677.44 -0.0524728
6680.07 -0.0503077
6682.7 -0.0481207
6685.32 -0.0459125
6687.95 -0.0436838
6690.57 -0.0414353
6693.2 -0.0391677
6695.82 -0.0368817
6698.45 -0.0345782
6701.08 -0.0322578
6703.7 -0.0299213
6706.33 -0.0275694
6708.95 -0.0252029
6711.58 -0.0228226
6714.21 -0.0204293
6716.57 -0.018266
6718.93 -0.0160933
6721.16 -0.0140343
6723.48 -0.0118857
6725.68 -0.00984028
6727.97 -0.0077039
6730.31 -0.00551541
6732.65 -0.00332114
6735.12 -0.000995034
6737.6 0.00133627
6740.07 0.00367207
6742.27 0.00574991
6744.6 0.00795357
6746.79 0.0100297
6749.08 0.0122025
6751.41 0.0144108
6753.73 0.0166195
6756.21 0.0189704
6758.69 0.0213206
6761.17 0.0236692
6763.36 0.0257481
6765.69 0.0279475
6767.87 0.0300128
6770.16 0.0321704
6772.49 0.0343611
6774.81 0.0365468
6777.28 0.0388574
6779.75 0.0411611
6782.21 0.0434574
6784.38 0.045471
6786.7 0.0476089
6788.89 0.049628
6791.17 0.0517211
6793.52 0.053869
6795.87 0.0560064
6798.22 0.0581327
6800.77 0.0604192
6803.31 0.0626914
6805.49 0.0646207
6807.78 0.0666495
6809.97 0.0685672
6812.25 0.0705461
6814.61 0.0725937
6816.98 0.0746252
6819.35 0.0766401
6821.9 0.0787843
6824.44 0.0809081
6826.6 0.0826983
6828.89 0.0845744
6831.07 0.0863442
6833.34 0.0881647
6835.72 0.090059
6838.1 0.0919318
6840.48 0.0937827
6842.75 0.0955284
6845.02 0.097253
6847.16 0.0988565
6849.41 0.100524
6851.7 0.102192
6853.98 0.103837
6856.41 0.105562
6858.69 0.107154
6860.97 0.108722
6863.1 0.11017
6865.35 0.111672
6867.6 0.113146
6869.85 0.114595
6872.28 0.116135
6874.55 0.117546
6876.83 0.11893
6878.94 0.120194
6881.19 0.121507
6883.45 0.122804
6885.72 0.124073
6888.15 0.125401
6890.41 0.12661
6892.68 0.12779
6894.8 0.128866
6897.05 0.129978
6899.31 0.131064
6901.56 0.13212
6903.98 0.133213
6906.22 0.1342
6908.47 0.135156
6910.59 0.136026
6912.83 0.136916
6915.13 0.137794
6917.42 0.138639
6919.82 0.139484
6922.05 0.140238
6924.28 0.140959
6926.41 0.141615
6928.66 0.142274
6930.96 0.142915
6933.26 0.143519
6935.57 0.144088
6937.78 0.1446
6940 0.145079
6942.14 0.145509
6944.38 0.145925
6947 0.146366
6949.62 0.146759
6952.24 0.147104
6954.86 0.147399
6957.48 0.147646
6959.83 0.147826
6962.19 0.147965
6964.69 0.14807
6967.2 0.148129
6969.31 0.148144
6971.58 0.148124
6973.73 0.14807
6975.98 0.147977
6978.52 0.147829
6981.05 0.147634
6983.59 0.147391
6986.13 0.147102
6988.66 0.146765
6990.86 0.146436
6993.16 0.146054
6995.26 0.14567
6997.5 0.145226
6999.78 0.144737
7002.05 0.14421
7004.45 0.143616
7006.67 0.143027
7008.89 0.142403
7011.01 0.141775
7013.26 0.141072
7015.6 0.140304
7017.93 0.139497
7020.27 0.13865
7022.5 0.137808
7024.73 0.13693
7026.84 0.136065
7029.09 0.13511
7031.75 0.133935
7034.41 0.132711
7036.78 0.131583
7039.14 0.130416
7041.51 0.129211
7043.77 0.128026
7046.02 0.126807
7048.13 0.12564
7050.38 0.124359
7052.7 0.123005
7055.02 0.121617
7057.43 0.120138
7059.69 0.118715
7061.95 0.117259
7064.08 0.115865
7066.34 0.114349
7068.62 0.112787
7070.9 0.111194
7073.33 0.109467
7075.6 0.107814
7077.88 0.10613
7080 0.104539
7082.26 0.102808
7084.55 0.101027
7086.84 0.0992159
7089.3 0.0972444
7091.84 0.0951712
7094.37 0.0930639
7096.55 0.0912344
7098.86 0.0892622
7101.01 0.0874027
7103.27 0.0854163
7105.62 0.0833332
7107.97 0.0812238
7110.32 0.0790887
7112.86 0.0767482
7115.41 0.0743789
7117.56 0.0723478
7119.87 0.0701569
7122.05 0.0680609
7124.33 0.0658508
7127 0.0632295
7129.68 0.0605807
7132.07 0.0581932
7134.46 0.055785
7136.85 0.0533568
7139.39 0.0507522
7141.93 0.0481266
7144.1 0.0458746
7146.41 0.04345
7148.6 0.0411439
7150.89 0.0387209
7153.25 0.0362065
7155.6 0.0336779
7158.05 0.0310437
7160.62 0.0282603
7163.18 0.0254626
7165.37 0.0230657
7167.71 0.0204968
7169.9 0.0180849
7172.19 0.0155447
7174.52 0.012964
7176.84 0.0103755
7179.35 0.00758019
7181.85 0.00477747
7184.35 0.00196811
7186.62 -0.000582347
7188.97 -0.00323017
7191.16 -0.00570245
7193.47 -0.0083113
7195.77 -0.0109167
7198.08 -0.0135237
7200.65 -0.0164312
7203.22 -0.0193388
7205.79 -0.0222456
7208.36 -0.0251507
7210.93 -0.0280532
7213.5 -0.0309519
7216.07 -0.0338461
7218.37 -0.0364335
7220.67 -0.0390157
7222.87 -0.0414789
7225.2 -0.0440787
7227.51 -0.0466503
7229.82 -0.0492141
7232.44 -0.0521173
7235.06 -0.0550083
7237.69 -0.0578863
7240.31 -0.0607502
7242.94 -0.0635991
7245.56 -0.0664319
7248.19 -0.0692475
7250.81 -0.0720452
7253.43 -0.0748239
7256.06 -0.0775825
7258.68 -0.0803201
7261.31 -0.0830358
7263.93 -0.0857286
7266.55 -0.0883974
7269.18 -0.0910415
7271.8 -0.0936598
7274.43 -0.0962514
7277.05 -0.0988153
7279.68 -0.101351
7282.3 -0.103857
7284.92 -0.106332
7287.55 -0.108776
7290.17 -0.111189
7292.8 -0.113568
7295.42 -0.115913
7298.05 -0.118223
7300.67 -0.120498
7303.29 -0.122736
7305.92 -0.124937
7308.54 -0.1271
7311.17 -0.129224
7313.79 -0.131309
7316.41 -0.133353
7318.77 -0.13515
7321.12 -0.136914
7323.31 -0.138526
7325.64 -0.140203
7327.85 -0.141766
7330.15 -0.143362
7332.84 -0.145179
7335.53 -0.146949
7337.91 -0.148474
7340.29 -0.149961
7342.75 -0.151458
7345.21 -0.152914
7347.67 -0.154326
7349.87 -0.155546
7352.19 -0.156801
7354.39 -0.157953
7356.68 -0.159117
7359.02 -0.160263
7361.36 -0.161368
7363.81 -0.162484
7366.37 -0.163598
7368.93 -0.164661
7371.14 -0.165536
7373.47 -0.166419
7375.65 -0.167206
7377.93 -0.167992
7380.22 -0.168735
7382.5 -0.169436
7384.98 -0.170148
7387.46 -0.170811
7389.94 -0.171424
7392.11 -0.171918
7394.41 -0.172402
7396.6 -0.172819
7398.88 -0.173212
7401.23 -0.17357
7403.57 -0.173882
7405.92 -0.174148
7408.22 -0.174363
7410.52 -0.174534
7412.66 -0.174652
7414.93 -0.174735
7417.22 -0.174773
7419.51 -0.174767
7421.97 -0.174711
7424.43 -0.174602
7426.89 -0.174441
7429.05 -0.174258
7431.35 -0.174018
7433.52 -0.17375
7435.79 -0.173427
7438.45 -0.172991
7441.11 -0.172494
7443.49 -0.171998
7445.87 -0.171454
7448.25 -0.170861
7450.54 -0.170247
7452.82 -0.169587
7454.95 -0.168933
7457.21 -0.168197
7459.49 -0.167409
7461.77 -0.166578
7464.22 -0.165637
7466.76 -0.164609
7469.3 -0.163527
7471.45 -0.162566
7473.76 -0.161497
7475.9 -0.160464
7478.16 -0.159333
7480.53 -0.158098
7482.91 -0.156818
7485.29 -0.155492
7487.57 -0.154176
7489.85 -0.15282
7491.99 -0.151513
7494.25 -0.150088
7496.51 -0.14863
7498.76 -0.147134
7501.2 -0.145471
7503.48 -0.143874
7505.76 -0.142238
7507.87 -0.140687
7510.14 -0.138991
7512.41 -0.137252
7514.68 -0.135476
7517.13 -0.133512
7519.68 -0.13143
7522.23 -0.129303
7524.38 -0.127473
7526.68 -0.125474
7528.82 -0.123594
7531.08 -0.121566
7533.45 -0.119407
7535.82 -0.117212
7538.19 -0.114982
7540.73 -0.11255
7543.27 -0.110078
7545.41 -0.107973
7547.7 -0.105676
7549.85 -0.1035
7552.12 -0.101173
7554.76 -0.0984343
7557.39 -0.0956572
7560.03 -0.0928428
7562.66 -0.089992
7565.3 -0.0871055
7567.94 -0.0841845
7570.57 -0.0812299
7573.21 -0.0782425
7575.84 -0.0752234
7578.48 -0.0721735
7581.12 -0.0690938
7583.75 -0.0659854
7586.39 -0.0628491
7589.02 -0.0596862
7591.66 -0.0564976
7594.3 -0.0532843
7596.93 -0.0500475
7599.3 -0.0471172
7601.67 -0.0441696
7604.17 -0.0410447
7606.67 -0.0379023
7608.78 -0.0352308
7611.06 -0.0323406
7613.22 -0.0295899
7615.47 -0.0267006
7618.06 -0.0233795
7620.64 -0.0200454
7623.23 -0.0166992
7625.81 -0.013342
7628.4 -0.00997498
7630.71 -0.00695823
7633.02 -0.00393525
7635.16 -0.00113021
7637.42 0.00184583
7639.61 0.00471177
7641.87 0.00769526
7644.42 0.0110534
7646.97 0.0144135
7649.52 0.0177745
7652.07 0.0211351
7654.62 0.0244944
7656.91 0.0275085
7659.2 0.0305199
7661.32 0.0333065
7663.58 0.0362735
7665.84 0.0392299
7668.1 0.0421807
7670.57 0.0454075
7673.05 0.0486257
7675.52 0.0518342
7677.67 0.0546191
7679.97 0.0575841
7682.14 0.0603701
7684.42 0.0632791
7686.83 0.0663485
7689.23 0.0694037
7691.64 0.0724438
7694.19 0.0756363
7696.73 0.0788098
7698.91 0.081515
7701.23 0.0843741
7703.4 0.0870357
7705.68 0.0898147
7708.04 0.092664
7710.4 0.0954922
7712.85 0.0984149
7715.41 0.101431
7717.96 0.104419
7720.2 0.107011
7722.54 0.109698
7724.71 0.112169
7727 0.114754
7729.32 0.117342
7731.64 0.119902
7734.16 0.122656
7736.68 0.125376
7739.2 0.128061
7741.51 0.130489
7743.82 0.132887
7745.99 0.135107
7748.3 0.137441
7750.59 0.139723
7752.88 0.141973
7755.48 0.144491
7758.09 0.146965
7760.69 0.149395
7763.29 0.151778
7765.9 0.154115
7768.5 0.156404
7771.1 0.158645
7773.71 0.160836
7776.31 0.162978
7778.92 0.165069
7781.52 0.167108
7784.12 0.169095
7786.73 0.171029
7789.02 0.172684
7791.39 0.174357
7793.59 0.175863
7795.92 0.177418
7798.16 0.178876
7800.5 0.180344
7803.14 0.18195
7805.78 0.183496
7808.42 0.184982
7811.06 0.186407
7813.7 0.18777
7816.34 0.189072
7818.98 0.190311
7821.62 0.191487
7824.26 0.192599
7826.9 0.193647
7829.54 0.194631
7832.18 0.19555
7834.82 0.196403
7837.46 0.197191
7840.1 0.197913
7842.74 0.198568
7845.38 0.199156
7848.02 0.199677
7850.66 0.200131
7853.3 0.200517
7855.94 0.200836
7858.58 0.201086
7861.22 0.201268
7863.86 0.201381
7866.5 0.201426
7869.14 0.201402
7871.78 0.201309
7874.42 0.201148
7877.06 0.200917
7879.7 0.200618
7882.34 0.200249
7884.98 0.199812
7887.62 0.199306
7890.26 0.198731
7892.9 0.198087
7895.54 0.197374
7898.18 0.196593
7900.82 0.195744
7903.19 0.194925
7905.55 0.194052
7907.92 0.193124
7910.44 0.192074
7912.97 0.190961
7915.13 0.189961
7917.43 0.188849
7919.62 0.187741
7921.89 0.186544
7924.24 0.185258
7926.58 0.18392
7928.93 0.182531
7931.21 0.181134
7933.48 0.179689
7935.63 0.178281
7937.89 0.176756
7940.2 0.175147
7942.52 0.17349
7944.96 0.17169
7947.4 0.169837
7949.84 0.167931
7952 0.166202
7954.29 0.16433
7956.46 0.162502
7958.73 0.160561
7961.34 0.158274
7963.94 0.155932
7966.55 0.153534
7969.15 0.151081
7971.76 0.148575
7974.36 0.146016
7976.97 0.143404
7979.29 0.141038
7981.61 0.138631
7983.8 0.136321
7986.07 0.133883
7988.23 0.131542
7990.48 0.129061
7993.11 0.126116
7995.74 0.123124
7998.37 0.120086
8001 0.117003
8003.64 0.113875
8006.27 0.110705
8008.9 0.107493
8011.26 0.104569
8013.63 0.101614
8016.11 0.0984821
8018.59 0.0953166
8020.7 0.092592
8022.97 0.0896482
8025.12 0.0868249
8027.37 0.0838498
8029.94 0.0804181
8032.51 0.0769555
8035.08 0.0734632
8037.65 0.0699423
8040.23 0.0663939
8042.5 0.0632398
8044.77 0.060066
8046.85 0.0571342
8049.1 0.0539621
8051.29 0.0508451
8053.48 0.0477124
8055.94 0.0441875
8058.39 0.040645
8060.85 0.0370859
8062.94 0.0340401
8065.2 0.0307458
8067.35 0.0275926
8069.59 0.0242904
8072.12 0.020566
8074.64 0.0168301
8077.17 0.013084
8079.69 0.00932887
8082.22 0.00556582
8084.36 0.00236835
8086.63 -0.00102736
8088.74 -0.00418655
8090.97 -0.00752543
8093.32 -0.0110522
8095.68 -0.0145803
8098.03 -0.0181088
8100.23 -0.0214063
8102.43 -0.0247024
8104.55 -0.0278778
8106.78 -0.0312194
8109.39 -0.0351235
8112 -0.0390211
8114.62 -0.042911
8116.96 -0.0463873
8119.3 -0.0498554
8121.79 -0.0535436
8124.28 -0.0572201
8126.38 -0.0603016
8128.63 -0.063593
8130.79 -0.0667392
8133.03 -0.0700029
8135.52 -0.0736101
8138.02 -0.0771995
8140.51 -0.0807701
8143 -0.0843206
8145.49 -0.08785
8147.59 -0.0908084
8149.85 -0.093964
8152 -0.0969553
8154.24 -0.100057
8156.76 -0.10351
8159.28 -0.106935
8161.79 -0.110331
8164.31 -0.113698
8166.82 -0.117033
8168.95 -0.119823
8171.22 -0.122786
8173.35 -0.125529
8175.58 -0.12839
8178.2 -0.131705
8180.82 -0.134979
8183.44 -0.138213
8186.06 -0.141405
8188.68 -0.144553
8191.04 -0.147348
8193.4 -0.150105
8195.89 -0.152984
8198.39 -0.155821
8200.51 -0.158192
8202.77 -0.160693
8204.93 -0.163042
8207.18 -0.165454
8209.73 -0.168134
8212.27 -0.170764
8214.82 -0.173344
8217.36 -0.175872
8219.91 -0.178347
8222.18 -0.180518
8224.46 -0.182646
8226.57 -0.184573
8228.81 -0.186588
8231.09 -0.188584
8233.37 -0.190535
8235.81 -0.192581
8238.26 -0.194573
8240.71 -0.19651
8242.85 -0.198157
8245.13 -0.199867
8247.3 -0.20145
8249.56 -0.203052
8252.15 -0.204823
8254.74 -0.206529
8257.33 -0.20817
8259.92 -0.209744
8262.5 -0.211252
8265.09 -0.212692
8267.68 -0.214064
8269.99 -0.21523
8272.29 -0.21634
8274.43 -0.21732
8276.71 -0.218315
8278.92 -0.219223
8281.2 -0.22011
8283.76 -0.221036
8286.31 -0.221893
8288.86 -0.22268
8291.41 -0.223397
8293.97 -0.224043
8296.52 -0.224619
8299.07 -0.225123
8301.26 -0.225499
8303.58 -0.22584
8305.76 -0.226107
8308.04 -0.226331
8310.34 -0.226497
8312.64 -0.226605
8315.1 -0.226657
8317.67 -0.226639
8320.23 -0.226547
8322.45 -0.22641
8324.78 -0.226206
8326.96 -0.22596
8329.26 -0.225645
8331.54 -0.225274
8333.82 -0.224845
8336.33 -0.224307
8338.84 -0.223698
8341.35 -0.223021
8343.6 -0.222353
8345.94 -0.2216
8348.13 -0.220841
8350.43 -0.219985
8352.71 -0.219083
8354.98 -0.218125
8357.52 -0.216989
8360.06 -0.215783
8362.6 -0.214507
8365.14 -0.213162
8367.68 -0.211748
8369.92 -0.210447
8372.27 -0.20902
8374.44 -0.207649
8376.74 -0.206147
8379.07 -0.204572
8381.39 -0.202942
8383.94 -0.20109
8386.49 -0.199173
8389.04 -0.197189
8391.59 -0.195141
8394.14 -0.193028
8396.4 -0.191102
8398.75 -0.189045
8400.94 -0.187077
8403.25 -0.184957
8405.52 -0.182825
8407.79 -0.180644
8410.35 -0.178117
8412.92 -0.175529
8415.49 -0.172882
8418.06 -0.170176
8420.63 -0.167411
8423.2 -0.16459
8425.77 -0.161712
8427.99 -0.159174
8430.33 -0.156457
8432.53 -0.153874
8434.83 -0.151125
8437.11 -0.148354
8439.39 -0.145543
8441.92 -0.142382
8444.44 -0.139173
8446.97 -0.135917
8449.27 -0.132919
8451.56 -0.129885
8453.74 -0.126969
8456.04 -0.123863
8458.3 -0.120774
8460.56 -0.117652
8463.11 -0.114078
8465.67 -0.110464
8468.23 -0.106811
8470.78 -0.103119
8473.34 -0.0993902
8475.59 -0.0960745
8477.93 -0.092597
8480.1 -0.0893601
8482.38 -0.085919
8484.65 -0.0824717
8486.92 -0.0790001
8489.46 -0.0751011
8491.99 -0.0711741
8494.52 -0.0672206
8497.05 -0.0632416
8499.59 -0.0592384
8501.76 -0.0557824
8504.08 -0.0520854
8506.25 -0.0485979
8508.53 -0.04493
8510.84 -0.0411834
8513.16 -0.0374222
8515.6 -0.0334544
8517.89 -0.0296945
8520.19 -0.0259232
8522.34 -0.0223965
8524.61 -0.0186456
8526.87 -0.0149222
8529.12 -0.0111915
8531.62 -0.00705088
8534.11 -0.00290374
8536.61 0.00124869
8538.8 0.00489527
8541.11 0.00874474
8543.26 0.0123291
8545.53 0.0161124
8547.84 0.019961
8550.15 0.0238082
8552.58 0.0278479
8554.86 0.031647
8557.15 0.0354417
8559.28 0.0389747
8561.55 0.0427327
8563.82 0.0464804
8566.08 0.05022
8568.55 0.0542797
8571.02 0.0583273
8573.49 0.0623617
8575.62 0.0658409
8577.92 0.0695711
8580.08 0.0730716
8582.35 0.076731
8585 0.0809675
8587.64 0.0851809
8590.28 0.0893698
8592.92 0.0935327
8595.56 0.0976681
8598.2 0.101775
8600.85 0.105851
8603.49 0.109895
8606.13 0.113907
8608.77 0.117883
8611.41 0.121824
8614.06 0.125727
8616.7 0.129592
8619.34 0.133416
8621.98 0.137199
8624.62 0.140939
8627.27 0.144635
8629.91 0.148285
8632.55 0.151888
8635.19 0.155444
8637.83 0.15895
8640.47 0.162405
8643.12 0.165809
8645.76 0.16916
8648.4 0.172456
8651.04 0.175697
8653.41 0.178556
8655.78 0.181369
8658.15 0.184135
8660.37 0.186679
8662.59 0.189181
8664.69 0.191516
8666.93 0.19395
8669.58 0.196778
8672.23 0.199541
8674.58 0.201941
8676.93 0.204287
8679.28 0.206581
8681.5 0.208689
8683.71 0.210749
8685.82 0.212669
8688.06 0.214653
8690.69 0.216921
8693.32 0.219118
8695.95 0.221244
8698.31 0.223092
8700.68 0.224882
8703.14 0.226686
8705.61 0.228425
8707.7 0.229845
8709.96 0.231326
8712.13 0.232693
8714.38 0.234059
8716.94 0.235543
8719.5 0.236953
8722.06 0.238288
8724.63 0.239548
8727.19 0.240732
8729.44 0.241712
8731.7 0.242632
8733.8 0.243438
8736.05 0.24424
8738.27 0.244974
8740.49 0.24565
8742.92 0.246321
8745.18 0.246884
8747.45 0.247386
8749.55 0.247796
8751.79 0.248174
8754.09 0.248499
8756.38 0.24876
8758.8 0.248966
8761.06 0.249095
8763.33 0.249161
8765.46 0.249166
8767.72 0.249111
8769.98 0.248994
8772.24 0.248814
8774.65 0.248553
8776.93 0.248243
8779.2 0.247869
8781.32 0.247464
8783.57 0.246974
8785.88 0.246408
8788.18 0.245778
8790.63 0.245039
8793.07 0.244227
8795.52 0.243343
8797.67 0.242508
8799.96 0.241556
8802.13 0.240594
8804.4 0.239528
8807.01 0.238233
8809.61 0.236857
8812.21 0.235401
8814.82 0.233866
8817.42 0.232252
8820.02 0.230559
8822.62 0.228789
8825.23 0.226941
8827.83 0.225016
8830.43 0.223014
8833.04 0.220937
8835.35 0.21903
8837.66 0.217063
8839.82 0.21517
8842.12 0.213106
8844.32 0.211072
8846.61 0.208899
8849.19 0.206387
8851.78 0.203805
8854.36 0.201155
8856.94 0.198436
8859.52 0.19565
8862.1 0.192799
8864.68 0.189881
8867.27 0.1869
8869.85 0.183854
8872.43 0.180746
8875.01 0.177576
8877.21 0.174826
8879.55 0.17186
8881.73 0.169052
8884.02 0.166047
8886.31 0.163007
8888.6 0.159923
8891.1 0.156499
8893.6 0.153025
8896.1 0.149501
8898.34 0.146306
8900.68 0.14293
8902.86 0.13974
8905.16 0.136341
8907.45 0.13292
8909.74 0.129462
8912.26 0.125612
8914.79 0.12172
8917.31 0.117787
8919.6 0.114185
8921.88 0.11055
8924.06 0.107064
8926.37 0.103342
8928.64 0.0996382
8930.92 0.0959062
8933.48 0.0916757
8936.04 0.0874123
8938.6 0.0831174
8941.16 0.0787922
8943.72 0.0744381
8946 0.0705307
8948.28 0.0666025
8950.45 0.0628533
8952.76 0.0588566
8955.04 0.0548682
8957.33 0.0508629
8959.9 0.0463439
8962.46 0.0418062
8965.03 0.0372512
8967.6 0.0326806
8970.17 0.0280956
8972.74 0.0234978
8975.31 0.0188886
8977.53 0.0148854
8979.88 0.0106563
8982.06 0.00672319
8984.36 0.00257793
8986.65 -0.0015629
8988.94 -0.0057063
8991.48 -0.0102922
8994.01 -0.0148785
8996.55 -0.0194638
8999.08 -0.0240466
9001.62 -0.0286254
9003.81 -0.032586
9006.15 -0.0367943
9008.33 -0.0407247
9010.62 -0.0448365
9012.94 -0.0489988
9015.27 -0.0531512
9017.76 -0.057589
9020.24 -0.0620126
9022.73 -0.0664209
9024.95 -0.0703254
9027.28 -0.0744234
9029.45 -0.0782375
9031.74 -0.0822231
9034.06 -0.0862526
9036.38 -0.0902623
9038.86 -0.0945206
9041.34 -0.0987536
9043.82 -0.10296
9046.01 -0.106652
9048.33 -0.110548
9050.51 -0.114172
9052.79 -0.117946
9055.14 -0.12179
9057.48 -0.125603
9059.93 -0.129566
9062.48 -0.133643
9065.03 -0.13768
9067.22 -0.141122
9069.55 -0.144746
9071.71 -0.148078
9073.99 -0.151553
9076.31 -0.155054
9078.63 -0.158516
9081.1 -0.162156
9083.57 -0.165751
9086.03 -0.169298
9088.21 -0.172382
9090.52 -0.175626
9092.69 -0.178628
9094.97 -0.181738
9097.37 -0.184963
9099.76 -0.188138
9102.16 -0.191263
9104.69 -0.194503
9107.22 -0.197685
9109.4 -0.200373
9111.72 -0.203188
9113.87 -0.205762
9116.15 -0.208426
9118.52 -0.211147
9120.88 -0.213811
9123.25 -0.216418
9125.78 -0.219143
9128.32 -0.221801
9130.48 -0.224022
9132.8 -0.226335
9134.95 -0.228441
9137.23 -0.230606
9139.64 -0.232847
9142.06 -0.235023
9144.48 -0.237134
9147 -0.239264
9149.52 -0.24132
9151.69 -0.243026
9154 -0.244792
9156.15 -0.24637
9158.42 -0.247981
9160.8 -0.249605
9163.18 -0.251161
9165.56 -0.252648
9168.08 -0.254152
9170.61 -0.255577
9172.77 -0.256731
9175.08 -0.257902
9177.22 -0.258931
9179.49 -0.259957
9182.16 -0.261078
9184.82 -0.26211
9187.2 -0.262954
9189.57 -0.263726
9191.95 -0.264425
9194.25 -0.265032
9196.54 -0.26557
9198.65 -0.266006
9200.92 -0.266408
9203.2 -0.266747
9205.49 -0.267018
9207.95 -0.267235
9210.42 -0.267371
9212.88 -0.267429
9215.02 -0.267415
9217.32 -0.267332
9219.48 -0.267192
9221.74 -0.26698
9224.36 -0.26665
9226.99 -0.26623
9229.61 -0.265721
9232.23 -0.265122
9234.85 -0.264433
9237.47 -0.263655
9240.09 -0.262788
9242.45 -0.261932
9244.81 -0.261005
9247.09 -0.260039
9249.37 -0.259006
9251.49 -0.257987
9253.75 -0.256841
9256.05 -0.255604
9258.35 -0.254301
9260.79 -0.252847
9263.33 -0.251254
9265.87 -0.24958
9268.01 -0.248104
9270.32 -0.246457
9272.46 -0.244861
9274.73 -0.243122
9277.4 -0.240986
9280.07 -0.238765
9282.43 -0.236735
9284.79 -0.234639
9287.14 -0.232478
9289.43 -0.230323
9291.71 -0.228108
9293.84 -0.225988
9296.11 -0.223681
9298.41 -0.221272
9300.72 -0.218803
9303.17 -0.216111
9305.71 -0.213257
9308.25 -0.210334
9310.42 -0.207788
9312.73 -0.205009
9314.89 -0.202379
9317.16 -0.199552
9319.51 -0.19657
9321.86 -0.193533
9324.3 -0.19033
9326.85 -0.186909
9329.41 -0.183426
9331.57 -0.180426
9333.9 -0.177159
9336.06 -0.174084
9338.34 -0.170788
9340.69 -0.167341
9343.04 -0.163846
9345.49 -0.160154
9348.05 -0.156253
9350.61 -0.1523
9352.79 -0.148878
9355.13 -0.145177
9357.29 -0.141724
9359.58 -0.138026
9361.91 -0.134225
9364.24 -0.130386
9366.73 -0.126243
9369.22 -0.122059
9371.71 -0.117836
9373.92 -0.114048
9376.27 -0.110011
9378.44 -0.106236
9380.74 -0.102212
9383.07 -0.0980991
9385.41 -0.093958
9387.91 -0.0894808
9390.42 -0.0849736
9392.93 -0.0804378
9395.18 -0.076326
9397.54 -0.0720134
9399.72 -0.0680155
9402.03 -0.0637474
9404.33 -0.0594802
9406.63 -0.0551955
9409.19 -0.0503942
9411.76 -0.045574
9414.33 -0.0407364
9416.9 -0.035883
9419.46 -0.0310154
9421.78 -0.0266183
9424.09 -0.022212
9426.27 -0.0180615
9428.59 -0.0136182
9430.86 -0.00927268
9433.13 -0.00492273
9435.78 0.000144032
9438.42 0.00521354
9441.06 0.0102841
9443.7 0.015354
9446.35 0.0204215
9448.99 0.0254847
9451.63 0.0305421
9454.28 0.0355918
9456.92 0.0406322
9459.56 0.0456614
9462.21 0.0506777
9464.85 0.0556795
9467.49 0.060665
9470.14 0.0656325
9472.78 0.0705801
9475.42 0.0755064
9478.06 0.0804095
9480.71 0.0852878
9483.35 0.0901395
9485.99 0.094963
9488.64 0.0997566
9491.28 0.104519
9493.92 0.109248
9496.57 0.113942
9499.21 0.118599
9501.85 0.123219
9504.5 0.127798
9507.14 0.132337
9509.78 0.136833
9512.42 0.141284
9515.07 0.145689
9517.71 0.150047
9520.35 0.154356
9523 0.158614
9525.64 0.16282
9528.28 0.166973
9530.93 0.17107
9533.57 0.175112
9536.21 0.179095
9538.86 0.18302
9541.5 0.186883
9544.14 0.190685
9546.78 0.194424
9549.43 0.198098
9552.07 0.201706
9554.71 0.205247
9557.36 0.20872
9560 0.212123
9562.37 0.215114
9564.74 0.218048
9567.11 0.220924
9569.64 0.223927
9572.17 0.226862
9574.34 0.229323
9576.65 0.231886
9578.85 0.23427
9581.13 0.23669
9583.45 0.239087
9585.77 0.241422
9588.2 0.243801
9590.51 0.245996
9592.82 0.248128
9594.97 0.250055
9597.24 0.252035
9599.53 0.253957
9601.81 0.255814
9604.32 0.257787
9606.83 0.259681
9609.35 0.261496
9611.63 0.263074
9613.91 0.264586
9616.05 0.265944
9618.33 0.267321
9620.61 0.268638
9622.9 0.269887
9625.4 0.271173
9627.89 0.272378
9630.39 0.273499
9632.64 0.274436
9634.96 0.275337
9637.1 0.276101
9639.37 0.276844
9641.67 0.277526
9643.97 0.278137
9646.45 0.278714
9648.93 0.279207
9651.4 0.279617
9653.59 0.279911
9655.9 0.280149
9658.05 0.280305
9660.32 0.280401
9662.68 0.280427
9665.05 0.280375
9667.42 0.280247
9669.95 0.280025
9672.48 0.279715
9674.64 0.279381
9676.94 0.278954
9679.09 0.278491
9681.36 0.277934
9684.01 0.277193
9686.67 0.276356
9689.32 0.275423
9691.98 0.274396
9694.63 0.273273
9697.28 0.272056
9699.64 0.270897
9701.99 0.269665
9704.35 0.268358
9706.63 0.267023
9708.91 0.265621
9711.03 0.264259
9713.28 0.262745
9715.57 0.261135
9717.86 0.259458
9720.29 0.257608
9722.57 0.25581
9724.84 0.253947
9726.96 0.252146
9729.22 0.250168
9731.47 0.248136
9733.73 0.246042
9736.15 0.243714
9738.42 0.241472
9740.69 0.239169
9742.81 0.236973
9745.06 0.234574
9747.34 0.232082
9749.62 0.229531
9752.06 0.226743
9754.33 0.224076
9756.61 0.221352
9758.73 0.218763
9760.99 0.215949
9763.24 0.213094
9765.49 0.210185
9767.92 0.206979
9770.2 0.203928
9772.47 0.200824
9774.59 0.197893
9776.84 0.194719
9779.12 0.191462
9781.4 0.188155
9783.84 0.184553
9786.38 0.180754
9788.91 0.176897
9791.05 0.173604
9793.35 0.170021
9795.49 0.166638
9797.75 0.163032
9800.42 0.158719
9803.09 0.154348
9805.45 0.150431
9807.81 0.146472
9810.17 0.142472
9812.45 0.13859
9814.72 0.134672
9816.84 0.130978
9819.1 0.127017
9821.4 0.12294
9823.7 0.11883
9826.13 0.114463
9828.42 0.110326
9830.7 0.106158
9832.83 0.102246
9835.1 0.0980575
9837.36 0.0938531
9839.62 0.0896241
9842.08 0.0849983
9844.63 0.0801701
9847.18 0.0753151
9849.34 0.0711921
9851.65 0.0667579
9853.8 0.0626026
9856.07 0.05821
9858.4 0.053693
9860.73 0.0491605
9863.15 0.0444281
9865.43 0.0399469
9867.72 0.0354544
9869.86 0.0312431
9872.13 0.0267524
9874.41 0.022243
9876.69 0.0177269
9879.17 0.0128123
9881.65 0.00789258
9884.13 0.00296917
9886.3 -0.00133293
9888.61 -0.00593062
9890.79 -0.0102533
9893.07 -0.0147927
9895.44 -0.019487
9897.8 -0.0241771
9900.17 -0.0288617
9902.73 -0.0339296
9905.29 -0.0389879
9907.45 -0.0432519
9909.78 -0.0478179
9911.96 -0.0521024
9914.26 -0.0565905
9916.6 -0.06117
9918.95 -0.0657339
9921.4 -0.0704779
9923.99 -0.0754609
9926.57 -0.0804205
9928.77 -0.0846249
9931.12 -0.0890834
9933.3 -0.0932012
9935.6 -0.0975342
9937.89 -0.101827
9940.19 -0.106095
9942.71 -0.110744
9945.22 -0.115361
9947.74 -0.119942
9950.01 -0.124042
9952.36 -0.128262
9954.54 -0.132145
9956.86 -0.136232
9959.13 -0.140211
9961.4 -0.144156
9963.97 -0.14857
9966.54 -0.152937
9969.11 -0.157256
9971.67 -0.161525
9974.24 -0.165743
9976.56 -0.169511
9978.89 -0.173235
9981.05 -0.176662
9983.37 -0.180295
9985.65 -0.183824
9987.93 -0.187307
9990.58 -0.191292
9993.23 -0.195212
9995.88 -0.199066
9998.53 -0.202853
10001.2 -0.20657
10003.8 -0.210218
10006.5 -0.213794
10009.1 -0.217297
10011.8 -0.220727
10014.4 -0.224081
10017.1 -0.227359
10019.7 -0.23056
10022.4 -0.233682
10025 -0.236725
10027.7 -0.239687
10030.3 -0.242567
10033 -0.245365
10035.6 -0.248079
10038.3 -0.250708
10040.9 -0.253252
10043.6 -0.255709
10046.2 -0.258079
10048.9 -0.260361
10051.5 -0.262554
10054.2 -0.264657
10056.8 -0.266669
10059.5 -0.268591
10062.1 -0.27042
10064.5 -0.271981
10066.9 -0.273467
10069.4 -0.27494
10071.8 -0.276331
10074.3 -0.277639
10076.6 -0.278753
10078.9 -0.279836
10081.1 -0.280789
10083.4 -0.281716
10085.7 -0.28256
10088 -0.283333
10090.5 -0.284105
10093 -0.284789
10095.6 -0.285383
10097.9 -0.285847
10100.2 -0.286236
10102.4 -0.286539
10104.7 -0.286786
10106.9 -0.286954
10109.2 -0.287051
10111.8 -0.287075
10114.3 -0.287006
10116.9 -0.286844
10119.5 -0.286589
10122 -0.286241
10124.6 -0.285801
10127.2 -0.285268
10129.4 -0.284731
10131.8 -0.284092
10134 -0.283424
10136.3 -0.282652
10138.5 -0.281823
10140.8 -0.280924
10143.3 -0.279832
10145.9 -0.278652
10148.4 -0.277384
10150.9 -0.276029
10153.5 -0.274587
10155.7 -0.273262
10158 -0.271786
10160.2 -0.270353
10162.5 -0.268773
10164.8 -0.267086
10167.1 -0.265327
10169.6 -0.263388
10172.1 -0.26137
10174.6 -0.259273
10176.8 -0.257337
10179.1 -0.255225
10181.3 -0.253206
10183.6 -0.251011
10185.9 -0.248695
10188.2 -0.246312
10190.7 -0.243726
10193.2 -0.241067
10195.7 -0.238336
10197.8 -0.235863
10200.2 -0.233169
10202.3 -0.230604
10204.6 -0.227841
10207 -0.224903
10209.4 -0.221903
10211.7 -0.218841
10214.3 -0.215514
10216.8 -0.212118
10219 -0.209149
10221.3 -0.205923
10223.5 -0.202875
10225.7 -0.199605
10228.1 -0.196152
10230.5 -0.192645
10232.9 -0.189084
10235.4 -0.18522
10237.9 -0.181296
10240.1 -0.177899
10242.4 -0.17422
10244.6 -0.17075
10246.9 -0.167045
10249.2 -0.163115
10251.6 -0.15914
10254 -0.15512
10256.6 -0.150806
10259.1 -0.146445
10261.3 -0.142693
10263.6 -0.138636
10265.7 -0.134822
10268 -0.130764
10270.4 -0.126488
10272.8 -0.122178
10275.1 -0.117833
10277.7 -0.113156
10280.2 -0.108442
10282.4 -0.104419
10284.7 -0.10008
10286.9 -0.0959969
10289.1 -0.0916723
10291.5 -0.087096
10293.9 -0.082495
10296.3 -0.0778709
10298.9 -0.072939
10301.4 -0.0679839
10303.6 -0.0637743
10305.9 -0.0592402
10308 -0.0549841
10310.3 -0.0504891
10312.7 -0.0457699
10315.1 -0.0410381
10317.4 -0.0362948
10320 -0.0312046
10322.5 -0.0261044
10324.7 -0.0218004
10327 -0.0171786
10329.2 -0.0128311
10331.4 -0.0082599
10333.8 -0.00344331
10336.2 0.00137424
10338.6 0.00619141
10341.2 0.0113185
10343.7 0.0164419
10345.9 0.0207498
10348.2 0.0253699
10350.3 0.0297044
10352.6 0.0342511
10355 0.0389916
10357.4 0.0437212
10359.7 0.0484386
10362 0.0529837
10364.3 0.0575151
10366.5 0.0617139
10368.7 0.0661709
10371 0.0706262
10373.3 0.0750635
10375.8 0.0798619
10378.3 0.0846362
10380.7 0.089385
10382.9 0.0934944
10385.2 0.0978788
10387.4 0.101958
10389.7 0.106229
10392.1 0.110705
10394.5 0.11515
10396.9 0.119562
10399.4 0.124184
10402 0.128767
10404.1 0.132641
10406.4 0.136766
10408.6 0.14057
10410.9 0.144552
10413.3 0.148649
10415.6 0.152705
10418 0.156719
10420.5 0.160978
10423.1 0.165185
10425.2 0.168734
10427.6 0.172497
10429.7 0.175965
10432 0.179578
10434.4 0.1833
10436.8 0.186971
10439.2 0.19059
10441.7 0.194374
10444.3 0.198097
10446.5 0.201244
10448.8 0.204573
10451 0.207612
10453.3 0.210771
10455.6 0.213959
10458 0.217088
10460.5 0.220327
10462.9 0.223499
10465.4 0.226604
10467.7 0.229324
10470 0.232134
10472.2 0.234675
10474.5 0.237311
10476.8 0.239931
10479.2 0.242487
10481.7 0.245162
10484.2 0.247762
10486.7 0.250284
10489.1 0.252527
10491.4 0.254704
10493.5 0.256677
10495.8 0.258726
10498.1 0.260698
10500.4 0.262602
10503 0.264669
10505.6 0.266649
10508.2 0.26854
10510.8 0.270343
10513.4 0.272057
10516 0.27368
10518.6 0.275214
10521.2 0.276656
10523.8 0.278007
10526.4 0.279266
10529 0.280433
10531.3 0.28139
10533.7 0.282305
10535.9 0.283067
10538.2 0.283812
10540.5 0.284473
10542.8 0.285062
10545.4 0.285652
10548.1 0.286144
10550.7 0.286537
10553.4 0.286832
10556 0.287028
10558.7 0.287125
10561.3 0.287123
10564 0.287022
10566.6 0.286823
10569.3 0.286525
10572 0.286128
10574.6 0.285633
10577.3 0.28504
10579.9 0.284348
10582.6 0.283559
10585.2 0.282672
10587.9 0.281689
10590.5 0.280608
10593.2 0.279431
10595.8 0.278158
10598.5 0.27679
10601.1 0.275326
10603.8 0.273768
10606.5 0.272116
10608.8 0.270565
10611.2 0.26894
10613.7 0.267133
10616.2 0.265244
10618.7 0.263274
10621 0.26138
10623.4 0.259417
10625.6 0.257498
10627.9 0.255406
10630.1 0.253314
10632.4 0.25116
10635 0.248569
10637.6 0.245896
10640.3 0.24314
10642.9 0.240303
10645.5 0.237386
10648.1 0.23439
10650.8 0.231315
10653.4 0.228163
10656 0.224935
10658.6 0.221632
10661.3 0.218255
10663.9 0.214805
10666.5 0.211284
10669.1 0.207692
10671.7 0.204031
10674.4 0.200302
10677 0.196507
10679.6 0.192647
10682.2 0.188722
10684.6 0.185166
10686.9 0.181562
10689.1 0.178153
10691.4 0.174498
10693.6 0.170986
10695.9 0.167279
10698.6 0.162883
10701.3 0.15843
10703.7 0.154444
10706 0.150417
10708.4 0.14635
10711 0.14196
10713.5 0.137526
10715.7 0.133697
10718 0.129573
10720.2 0.125662
10722.5 0.121536
10724.8 0.117324
10727.1 0.113082
10729.6 0.108564
10732.1 0.10379
10734.7 0.0989838
10736.9 0.0948772
10739.2 0.0904748
10741.4 0.0863575
10743.7 0.082
10746 0.0776092
10748.3 0.0731994
10750.8 0.0684198
10753.3 0.0634559
10755.9 0.0584729
10758.1 0.0541645
10760.4 0.0495982
10762.6 0.0453583
10764.9 0.0408664
10767.1 0.0363615
10769.4 0.0318483
10771.9 0.0269438
10774.4 0.0220325
10776.9 0.0171159
10779 0.0128264
10781.3 0.00823198
10783.5 0.00391978
10785.8 -0.000611601
10788.1 -0.00532384
10790.5 -0.0100334
10792.9 -0.0147391
10795.4 -0.0197887
10798 -0.0248307
10800.1 -0.0290917
10802.5 -0.0336447
10804.6 -0.0379012
10806.9 -0.0423687
10809.3 -0.0470411
10811.7 -0.0516991
10814.1 -0.0563414
10816.6 -0.0612666
10819.1 -0.066171
10821.3 -0.0703089
10823.6 -0.0747232
10825.8 -0.0788309
10828 -0.0831369
10830.4 -0.0876516
10832.8 -0.0921404
10835.2 -0.0966022
10837.8 -0.101299
10840.3 -0.105963
10842.4 -0.109889
10844.7 -0.114068
10846.9 -0.117943
10849.2 -0.121996
10851.6 -0.126263
10854 -0.130494
10856.4 -0.134686
10858.9 -0.139052
10861.5 -0.143374
10863.6 -0.147006
10865.9 -0.150862
10868.1 -0.154423
10870.3 -0.158137
10872.7 -0.162041
10875.1 -0.165898
10877.6 -0.169707
10880.1 -0.173653
10882.6 -0.177544
10884.8 -0.180806
10887.1 -0.184256
10889.2 -0.187434
10891.5 -0.190733
10894.2 -0.194566
10896.8 -0.19833
10899.2 -0.201586
10901.6 -0.204787
10903.9 -0.207931
10906.2 -0.210928
10908.5 -0.21387
10910.6 -0.216556
10912.9 -0.21936
10915.2 -0.222151
10917.5 -0.224884
10919.9 -0.227742
10922.4 -0.230532
10924.9 -0.233252
10927 -0.235569
10929.3 -0.237994
10931.5 -0.240221
10933.7 -0.242497
10936.4 -0.24505
10939 -0.24752
10941.6 -0.249905
10944.2 -0.252205
10946.9 -0.254419
10949.5 -0.256546
10952.1 -0.258586
10954.8 -0.260538
10957.4 -0.262401
10960 -0.264175
10962.6 -0.265859
10965.3 -0.267453
10967.9 -0.268956
10970.5 -0.270368
10973.1 -0.271688
10975.5 -0.27279
10977.8 -0.273818
10980.1 -0.274735
10982.4 -0.275583
10984.5 -0.276324
10986.8 -0.277043
10989.1 -0.277717
10991.5 -0.278314
10993.8 -0.278836
10996.4 -0.279312
10998.9 -0.279699
11001.1 -0.279961
11003.4 -0.28017
11005.5 -0.280299
11007.8 -0.280366
11010.5 -0.280353
11013.2 -0.280243
11015.5 -0.280063
11017.9 -0.279805
11020.3 -0.27947
11022.9 -0.279023
11025.4 -0.278488
11027.6 -0.27797
11029.9 -0.277341
11032.1 -0.27668
11034.4 -0.275919
11036.7 -0.275074
11039 -0.274158
11041.4 -0.27312
11043.8 -0.272057
11046.1 -0.270923
11048.2 -0.269817
11050.5 -0.268565
11052.8 -0.267248
11055.1 -0.265863
11057.6 -0.26423
11060.2 -0.262514
11062.8 -0.260713
11065.3 -0.25883
11067.9 -0.256865
11070.2 -0.255051
11072.4 -0.253174
11074.6 -0.251321
11076.9 -0.249294
11079.2 -0.247241
11081.5 -0.245126
11084 -0.24268
11086.5 -0.240158
11089.1 -0.237562
11091.6 -0.234891
11094.2 -0.232148
11096.4 -0.22968
11098.7 -0.227022
11100.9 -0.224511
11103.2 -0.221799
11105.5 -0.218992
11107.9 -0.216127
11110.4 -0.212949
11112.9 -0.209705
11115.5 -0.206397
11118 -0.203026
11120.5 -0.199592
11122.8 -0.196558
11125.1 -0.193279
11127.3 -0.190149
11129.6 -0.186822
11131.9 -0.183445
11134.2 -0.180022
11136.8 -0.176244
11139.3 -0.172412
11141.8 -0.16853
11144.1 -0.164964
11146.4 -0.161358
11148.5 -0.157856
11150.9 -0.154123
11153.2 -0.150394
11155.4 -0.146628
11158 -0.142363
11160.6 -0.138053
11163.1 -0.133702
11165.7 -0.12931
11168.3 -0.124878
11170.6 -0.120861
11172.9 -0.116815
11175.1 -0.11297
11177.4 -0.108855
11179.7 -0.104775
11181.9 -0.10067
11184.6 -0.0959137
11187.2 -0.0911278
11189.8 -0.0863137
11192.4 -0.081473
11195.1 -0.0766075
11197.7 -0.0717186
11200.3 -0.0668081
11202.9 -0.0618778
11205.6 -0.0569292
11208.2 -0.0519641
11210.8 -0.046984
11213.4 -0.0419909
11216.1 -0.0369862
11218.7 -0.0319718
11221.3 -0.0269493
11224 -0.0219204
11226.6 -0.016887
11229.2 -0.0118505
11231.8 -0.00681274
11234.5 -0.0017755
11237.1 0.00325955
11239.7 0.00829077
11242.3 0.0133164
11244.7 0.0178124
11247 0.0223014
11249.2 0.0264854
11251.6 0.0308903
11253.8 0.0350602
11256 0.0394056
11258.5 0.0439455
11260.9 0.0484705
11263.3 0.0529795
11265.8 0.0577198
11268.3 0.0624393
11270.5 0.0664895
11272.9 0.0707941
11275 0.0747767
11277.3 0.078954
11279.7 0.083168
11282 0.0873579
11284.5 0.091812
11287 0.096236
11289.4 0.100628
11291.6 0.104482
11294 0.108546
11296.1 0.112298
11298.4 0.116226
11300.8 0.120201
11303.1 0.124142
11305.6 0.128275
11308 0.132368
11310.5 0.136419
11312.7 0.139941
11315 0.143675
11317.2 0.147129
11319.5 0.150726
11321.8 0.154441
11324.2 0.158111
11326.6 0.161735
11329.2 0.165527
11331.7 0.169265
11333.9 0.17243
11336.2 0.175769
11338.4 0.178826
11340.6 0.182009
11343 0.185249
11345.3 0.188437
11347.8 0.191691
11350.3 0.195017
11352.9 0.198279
11355.1 0.201017
11357.4 0.20389
11359.6 0.20649
11361.8 0.209193
11364.2 0.211906
11366.5 0.214562
11369 0.217295
11371.5 0.220058
11374 0.222749
11376.2 0.224999
11378.6 0.227339
11380.7 0.229441
11383 0.231612
11385.3 0.233779
11387.6 0.235882
11390.1 0.238023
11392.6 0.240168
11395.2 0.242236
11397.4 0.243943
11399.7 0.245702
11401.8 0.247268
11404.1 0.248865
11406.4 0.250445
11408.8 0.251957
11411.2 0.253462
11413.8 0.254948
11416.3 0.256353
11418.5 0.257486
11420.8 0.258632
11423 0.25963
11425.2 0.260622
11427.6 0.26158
11429.9 0.262466
11432.4 0.263309
11434.9 0.264107
11437.5 0.26482
11439.6 0.265362
11442 0.265874
11444.1 0.266284
11446.4 0.266653
11448.7 0.266964
11451.1 0.267203
11453.5 0.267369
11456 0.267465
11458.5 0.267478
11460.7 0.267422
11463 0.267295
11465.2 0.267113
11467.5 0.266856
11470.1 0.266467
11472.8 0.265984
11475.2 0.26548
11477.5 0.264903
11479.9 0.264254
11482.5 0.263473
11485 0.262607
11487.2 0.261818
11489.5 0.260903
11491.7 0.259974
11494 0.258938
11496.3 0.257803
11498.7 0.2566
11501 0.255327
11503.3 0.254018
11505.6 0.252643
11507.8 0.251309
11510 0.249824
11512.3 0.248257
11514.6 0.246627
11517.1 0.244793
11519.6 0.242886
11522.1 0.240906
11524.3 0.23909
11526.7 0.237114
11528.8 0.235238
11531.1 0.233188
11533.4 0.231035
11535.8 0.228822
11538.3 0.226403
11540.7 0.223917
11543.2 0.221366
11545.4 0.219057
11547.8 0.216546
11549.9 0.214166
11552.2 0.211595
11554.6 0.208895
11556.9 0.206141
11559.4 0.203192
11561.9 0.200185
11564.3 0.19712
11566.5 0.19436
11568.9 0.191367
11571 0.188535
11573.3 0.185497
11575.7 0.182317
11578.1 0.179089
11580.6 0.175664
11583 0.172189
11585.5 0.168665
11587.7 0.165485
11590.1 0.162068
11592.2 0.158854
11594.6 0.155417
11596.9 0.15187
11599.3 0.148285
11601.8 0.14443
11604.3 0.140535
11606.8 0.136599
11609 0.13302
11611.4 0.129242
11613.5 0.125731
11615.9 0.121968
11618.2 0.118176
11620.5 0.114357
11623 0.110097
11625.6 0.105806
11628.1 0.101484
11630.7 0.0971324
11633.3 0.0927536
11635.5 0.0888384
11637.9 0.0847382
11640.1 0.0809408
11642.4 0.0768847
11644.7 0.0728947
11647 0.0688891
11649.6 0.064272
11652.2 0.0596372
11654.8 0.0549864
11657.4 0.0503209
11660 0.0456424
11662.6 0.0409525
11665.2 0.0362528
11667.9 0.0315448
11670.5 0.0268301
11673.1 0.0221104
11675.7 0.0173872
11678.3 0.0126621
11680.9 0.00793655
11683.5 0.00321233
11686.1 -0.00150904
11688.4 -0.00565396
11690.8 -0.0099528
11693 -0.0138842
11695.3 -0.0180659
11697.6 -0.0221293
11699.9 -0.0261843
11702.5 -0.0309684
11705.2 -0.0357374
11707.9 -0.0404898
11710.6 -0.045224
11713.2 -0.0499382
11715.9 -0.0546309
11718.6 -0.0593003
11721.3 -0.0639449
11723.7 -0.0680834
11726.1 -0.0721995
11728.6 -0.0764719
11731.1 -0.0807174
11733.6 -0.0849348
11735.9 -0.0887994
11738.2 -0.0926379
11740.4 -0.0962584
11742.7 -0.100061
11745 -0.103758
11747.3 -0.107425
11749.9 -0.111593
11752.5 -0.11572
11755.1 -0.119805
11757.7 -0.123847
11760.3 -0.127845
11762.9 -0.131796
11765.5 -0.1357
11768.1 -0.139556
11770.7 -0.143362
11773.3 -0.147117
11775.9 -0.150819
11778.5 -0.154469
11781.1 -0.158064
11783.4 -0.161179
11785.8 -0.164368
11788 -0.167233
11790.3 -0.170243
11792.6 -0.173144
11794.8 -0.176
11797.5 -0.179279
11800.1 -0.182493
11802.8 -0.185642
11805.4 -0.188725
11808.1 -0.19174
11810.7 -0.194687
11813.4 -0.197564
11816 -0.200371
11818.7 -0.203107
11821.3 -0.205771
11824 -0.208362
11826.6 -0.210879
11829.2 -0.213321
11831.9 -0.215689
11834.5 -0.21798
11837.2 -0.220194
11839.8 -0.222331
11842.5 -0.224389
11845.1 -0.226369
11847.8 -0.22827
11850.4 -0.23009
11853.1 -0.23183
11855.7 -0.233489
11858.4 -0.235067
11861 -0.236562
11863.7 -0.237975
11866.3 -0.239305
11869 -0.240552
11871.3 -0.241593
11873.7 -0.242567
11876 -0.243475
11878.6 -0.244376
11881.1 -0.245199
11883.2 -0.245833
11885.5 -0.246452
11887.7 -0.24698
11890 -0.247469
11892.4 -0.247911
11894.7 -0.248284
11897.1 -0.248589
11899.4 -0.248819
11901.7 -0.248985
11903.8 -0.249083
11906.1 -0.249126
11908.4 -0.249106
11910.7 -0.249021
11913.1 -0.24886
11915.6 -0.248625
11918 -0.248318
11920.2 -0.247988
11922.5 -0.247575
11924.6 -0.247128
11926.9 -0.246598
11929.5 -0.245909
11932.2 -0.245138
11934.8 -0.244285
11937.4 -0.243351
11940 -0.242335
11942.7 -0.241239
11945.3 -0.240063
11947.9 -0.238808
11950.5 -0.237473
11953.2 -0.23606
11955.8 -0.234568
11958.1 -0.233177
11960.4 -0.231725
11962.7 -0.230273
11964.9 -0.228766
11967.1 -0.227284
11969.3 -0.225665
11971.7 -0.223906
11974 -0.222088
11976.4 -0.22021
11978.6 -0.218358
11980.9 -0.216453
11983 -0.214603
11985.3 -0.2126
11987.6 -0.210529
11989.9 -0.208407
11992.3 -0.206107
11994.5 -0.20391
11996.8 -0.201664
11998.9 -0.199499
12001.1 -0.197154
12003.4 -0.194693
12005.8 -0.192182
12008.2 -0.189519
12010.4 -0.186974
12012.7 -0.184384
12014.8 -0.1819
12017.1 -0.179228
12019.4 -0.176502
12021.6 -0.173734
12024.1 -0.170733
12026.3 -0.167885
12028.6 -0.164997
12030.7 -0.162262
12033 -0.15931
12035.3 -0.156279
12037.5 -0.15321
12040 -0.149902
12042.3 -0.146759
12044.6 -0.143581
12046.7 -0.140598
12049 -0.137386
12051.2 -0.134175
12053.5 -0.130933
12055.9 -0.127337
12058.4 -0.123706
12060.9 -0.120042
12063 -0.11686
12065.3 -0.113401
12067.5 -0.110101
12069.7 -0.106618
12072.4 -0.102538
12075 -0.0984268
12077.7 -0.0942864
12080.3 -0.0901181
12083 -0.0859233
12085.6 -0.0817036
12088.3 -0.0774605
12090.9 -0.0731954
12093.6 -0.0689098
12096.2 -0.0646053
12098.9 -0.0602832
12101.5 -0.0559452
12104.2 -0.0515928
12106.8 -0.0472274
12109.2 -0.0432925
12111.6 -0.0393495
12114 -0.0353995
12116.5 -0.0311988
12119 -0.0269929
12121.2 -0.0234412
12123.4 -0.0196148
12125.6 -0.0160115
12127.9 -0.0122266
12130.5 -0.00777925
12133.2 -0.00333423
12135.6 0.000641177
12138 0.00461244
12140.4 0.00857844
12142.9 0.0127806
12145.5 0.0169743
12147.6 0.0205126
12149.9 0.0243069
12152.1 0.02786
12154.3 0.0315825
12156.7 0.0354993
12159.1 0.0394021
12161.5 0.0432898
12164.1 0.0473915
12166.6 0.0514737
12168.8 0.0549202
12171.1 0.0586
12173.3 0.0620281
12175.5 0.0656132
12177.9 0.0693244
12180.3 0.0730128
12182.6 0.0766774
12185.2 0.0805841
12187.7 0.084461
12189.9 0.0877386
12192.2 0.0912155
12194.4 0.0944552
12196.7 0.0978278
12199.1 0.101315
12201.4 0.10477
12203.8 0.108192
12206.4 0.11181
12208.9 0.115388
12211.1 0.118424
12213.4 0.121631
12215.6 0.124601
12217.9 0.127686
12220.2 0.13084
12222.6 0.133955
12225.1 0.137154
12227.6 0.140417
12230.1 0.143631
12232.4 0.146398
12234.7 0.149272
12236.9 0.151893
12239.2 0.154621
12241.5 0.157342
12243.8 0.160018
12246.3 0.162874
12248.9 0.165676
12251.4 0.168424
12253.7 0.170878
12256 0.173285
12258.1 0.17551
12260.4 0.177827
12262.7 0.180097
12265 0.182319
12267.6 0.184742
12270.1 0.187104
12272.7 0.189402
12275.3 0.191636
12277.8 0.193807
12280.4 0.195912
12283 0.197951
12285.2 0.199668
12287.6 0.201427
12289.7 0.203001
12292 0.204611
12294.3 0.20618
12296.7 0.207694
12299.2 0.209293
12301.7 0.210823
12304.3 0.212285
12306.8 0.213678
12309.4 0.215002
12311.6 0.216108
12314 0.217209
12316.2 0.218186
12318.5 0.219156
12320.7 0.220056
12323 0.2209
12325.6 0.221773
12328.1 0.222575
12330.6 0.223306
12333.2 0.223966
12335.7 0.224555
12337.9 0.22501
12340.3 0.225434
12342.4 0.225773
12344.7 0.226073
12347.1 0.226318
12349.4 0.226503
12351.9 0.226633
12354.4 0.226693
12357 0.226684
12359.2 0.226614
12361.5 0.226486
12363.7 0.226313
12366 0.226071
12368.3 0.225771
12370.6 0.225413
12373.1 0.224947
12375.7 0.22441
12378.3 0.223802
12380.8 0.223124
12383.4 0.222375
12385.6 0.221654
12388 0.220847
12390.2 0.220045
12392.5 0.219142
12394.7 0.218206
12397 0.217218
12399.5 0.216033
12402.1 0.214781
12404.6 0.213462
12407.2 0.212076
12409.7 0.210625
12412 0.2093
12414.3 0.207853
12416.5 0.206478
12418.8 0.204967
12421.1 0.203404
12423.4 0.201789
12425.9 0.199949
12428.4 0.198049
12431 0.196089
12433.3 0.19426
12435.5 0.192383
12437.7 0.190587
12440 0.188624
12442.3 0.186633
12444.5 0.184598
12447.1 0.182255
12449.6 0.179856
12452.2 0.177404
12454.7 0.174898
12457.3 0.172339
12459.5 0.170063
12461.9 0.167639
12464 0.165354
12466.3 0.162898
12468.6 0.16043
12470.8 0.157924
12473.3 0.155121
12475.8 0.152274
12478.3 0.149385
12480.5 0.146809
12482.8 0.144052
12485 0.141439
12487.3 0.138658
12489.6 0.135816
12491.9 0.132942
12494.4 0.12986
12496.7 0.126914
12499 0.123939
12501.1 0.121165
12503.4 0.118173
12505.7 0.115193
12507.9 0.112188
12510.5 0.108787
12513 0.105357
12515.5 0.101898
12517.8 0.0987707
12520.1 0.0956217
12522.2 0.0926388
12524.5 0.0894362
12526.8 0.0862264
12529 0.0829986
12531.5 0.0794317
12534 0.0758451
12536.5 0.0722399
12538.7 0.0690497
12541 0.0656683
12543.2 0.062519
12545.5 0.0591744
12547.8 0.0557691
12550.1 0.0523533
12552.6 0.0487218
12555.1 0.0449105
12557.7 0.0410899
12559.9 0.0378522
12562.2 0.0343761
12564.4 0.0311514
12566.6 0.0277347
12569 0.0242712
12571.3 0.0208056
12573.7 0.0171239
12576.3 0.0132671
12578.9 0.0094113
12581 0.00614906
12583.4 0.00265987
12585.5 -0.000568666
12587.8 -0.00398335
12590.1 -0.00742377
12592.4 -0.0108581
12594.9 -0.0145169
12597.5 -0.0183309
12600 -0.0221337
12602.2 -0.0253616
12604.6 -0.0287899
12606.7 -0.0319516
12609 -0.035291
12611.3 -0.0386273
12613.6 -0.0419496
12616.1 -0.0455161
12618.7 -0.0491985
12621.2 -0.05286
12623.4 -0.0559976
12625.8 -0.0592926
12627.9 -0.0623178
12630.2 -0.0655106
12632.5 -0.0686645
12634.8 -0.071797
12637.3 -0.0752051
12639.8 -0.0785857
12642.3 -0.0819377
12644.5 -0.0848821
12646.8 -0.0879582
12649 -0.0908007
12651.3 -0.0937792
12653.6 -0.0967369
12655.9 -0.0996658
12658.4 -0.102792
12661 -0.105995
12663.6 -0.109159
12665.8 -0.111884
12668.2 -0.114704
12670.3 -0.117276
12672.6 -0.119976
12674.9 -0.122595
12677.2 -0.12518
12679.7 -0.128044
12682.3 -0.130864
12684.8 -0.133638
12687.3 -0.136365
12689.9 -0.139046
12692.1 -0.141341
12694.5 -0.143738
12696.6 -0.145909
12698.9 -0.148174
12701.3 -0.15042
12703.6 -0.152624
12706.1 -0.154973
12708.6 -0.15727
12711.2 -0.159514
12713.5 -0.161523
12715.8 -0.163487
12718 -0.165274
12720.3 -0.167145
12722.6 -0.168947
12724.9 -0.170704
12727.5 -0.172662
12730.1 -0.174558
12732.7 -0.176393
12735.3 -0.178167
12737.9 -0.179878
12740.6 -0.181527
12743.2 -0.183112
12745.8 -0.184634
12748.4 -0.186091
12751 -0.187484
12753.6 -0.188812
12756.3 -0.190075
12758.9 -0.191273
12761.5 -0.192404
12764.1 -0.19347
12766.7 -0.194469
12769.3 -0.195401
12771.7 -0.196178
12774 -0.196902
12776.2 -0.197528
12778.5 -0.198144
12780.8 -0.198686
12783.1 -0.199197
12785.7 -0.199713
12788.4 -0.20016
12791 -0.200539
12793.6 -0.200848
12796.3 -0.201089
12798.9 -0.201261
12801.5 -0.201364
12804.2 -0.201398
12806.8 -0.201364
12809.5 -0.201261
12812.1 -0.20109
12814.7 -0.200851
12817.4 -0.200544
12820 -0.200168
12822.6 -0.199726
12825.3 -0.199216
12827.9 -0.198639
12830.6 -0.197995
12833.2 -0.197285
12835.8 -0.196508
12838.5 -0.195666
12841.1 -0.194759
12843.8 -0.193787
12846.4 -0.19275
12849 -0.191649
12851.7 -0.190485
12854.3 -0.189258
12856.9 -0.187968
12859.6 -0.186616
12862.2 -0.185203
12864.9 -0.183728
12867.5 -0.182194
12870.1 -0.1806
12872.8 -0.178947
12875.4 -0.177236
12878.1 -0.175467
12880.7 -0.17364
12883.3 -0.171758
12886 -0.16982
12888.6 -0.167828
12891.2 -0.165781
12893.9 -0.163681
12896.5 -0.161529
12899.2 -0.159325
12901.8 -0.157071
12904.4 -0.154766
12907.1 -0.152413
12909.7 -0.150011
12912.3 -0.147562
12915 -0.145067
12917.6 -0.142526
12920.3 -0.139941
12922.9 -0.137312
12925.5 -0.13464
12928.2 -0.131927
12930.8 -0.129174
12933.5 -0.126381
12936.1 -0.123549
12938.7 -0.12068
12941.4 -0.117774
12944 -0.114833
12946.6 -0.111858
12949.3 -0.108849
12951.9 -0.105808
12954.6 -0.102736
12957.2 -0.0996334
12959.8 -0.0965023
12962.5 -0.0933434
12965.1 -0.0901579
12967.7 -0.0869468
12970.4 -0.0837113
12973 -0.0804525
12975.7 -0.0771717
12978.3 -0.0738699
12980.9 -0.0705483
12983.6 -0.0672081
12986.2 -0.0638505
12988.9 -0.0604766
12991.5 -0.0570877
12994.1 -0.0536848
12996.8 -0.0502692
12999.4 -0.0468422
13002 -0.0434048
13004.7 -0.0399583
13007.3 -0.0365038
13009.7 -0.0333905
13012.1 -0.0302727
13014.4 -0.0271512
13016.8 -0.0240267
13018.9 -0.0212662
13021.2 -0.0183103
13023.3 -0.0154479
13025.6 -0.0124848
13028.1 -0.00921173
13030.5 -0.00594103
13033 -0.00267366
13035.2 0.000202802
13037.5 0.0031838
13039.6 0.00594358
13041.8 0.00885204
13044.1 0.0118424
13046.4 0.0148254
13048.7 0.0178002
13050.9 0.0206314
13053.1 0.0234538
13055.2 0.0262055
13057.5 0.0290692
13060 0.0323448
13062.6 0.0356047
13065.2 0.0388477
13067.5 0.0417402
13069.8 0.0446177
13071.9 0.0472828
13074.2 0.050057
13076.3 0.0527018
13078.6 0.0554382
13081.1 0.0585144
13083.6 0.0615671
13086.2 0.0645955
13088.7 0.0675987
13091.2 0.0705757
13093.5 0.0731681
13095.7 0.075739
13097.8 0.0781494
13100 0.0806777
13102.3 0.0832355
13104.6 0.0857683
13106.9 0.0883687
13109.1 0.0907502
13111.4 0.0931897
13113.5 0.0954508
13115.7 0.0978048
13118.3 0.100536
13121 0.103229
13123.6 0.105882
13125.9 0.108224
13128.3 0.110534
13130.7 0.112938
13133.2 0.115304
13135.3 0.117273
13137.6 0.119356
13139.7 0.121329
13142 0.123347
13144.5 0.125571
13147 0.127753
13149.5 0.129891
13152.1 0.131985
13154.6 0.134035
13156.7 0.135734
13159 0.137505
13161.1 0.139132
13163.3 0.140806
13165.7 0.142526
13168 0.144204
13170.4 0.145841
13172.6 0.147338
13174.8 0.148798
13176.9 0.150166
13179.2 0.151572
13181.8 0.153165
13184.4 0.154705
13187 0.15619
13189.4 0.157479
13191.7 0.158724
13194.2 0.159997
13196.7 0.161218
13198.8 0.162206
13201.1 0.163227
13203.2 0.164167
13205.5 0.165104
13208 0.166114
13210.6 0.167069
13213.1 0.16797
13215.7 0.168815
13218.2 0.169605
13220.5 0.170257
13222.8 0.170865
13224.9 0.171394
13227.1 0.171915
13229.3 0.172391
13231.6 0.172824
13234 0.173245
13236.3 0.173593
13238.5 0.173896
13240.6 0.174139
13242.9 0.174357
13245.2 0.174534
13247.4 0.174667
13249.9 0.174758
13252.1 0.174797
13254.4 0.174793
13256.5 0.174749
13258.8 0.17466
13261 0.174527
13263.3 0.174351
13265.7 0.174115
13268 0.173849
13270.2 0.17354
13272.4 0.173212
13274.6 0.172822
13276.9 0.172379
13279.2 0.171892
13281.6 0.171331
13284.2 0.170693
13286.7 0.170003
13288.9 0.169377
13291.2 0.168667
13293.3 0.167963
13295.6 0.167184
13298 0.166315
13300.4 0.1654
13302.7 0.164441
13305.3 0.163377
13307.8 0.162263
13310 0.161278
13312.3 0.160188
13314.4 0.159126
13316.7 0.157976
13319.4 0.156568
13322.1 0.155108
13324.4 0.15378
13326.8 0.152412
13329.1 0.151005
13331.7 0.149441
13334.2 0.147832
13336.4 0.146441
13338.7 0.14492
13340.8 0.14344
13343.1 0.141865
13345.5 0.14018
13347.9 0.138459
13350.3 0.136702
13352.6 0.134973
13354.9 0.133213
13357 0.131543
13359.3 0.129743
13361.6 0.127904
13363.9 0.126034
13366.4 0.123958
13368.9 0.121847
13371.4 0.119703
13373.6 0.117771
13375.9 0.11572
13378.1 0.11379
13380.3 0.111729
13382.6 0.109612
13385 0.107469
13387.4 0.105146
13389.9 0.102796
13392.4 0.100419
13394.6 0.0983055
13396.9 0.096035
13399.1 0.093885
13401.4 0.0916103
13403.7 0.0892495
13406 0.0868687
13408.5 0.0843637
13411.1 0.0817303
13413.6 0.0790755
13415.8 0.0767859
13418.1 0.0743289
13420.3 0.0720297
13422.6 0.0695946
13424.9 0.0671135
13427.2 0.0646189
13429.7 0.0619312
13432.2 0.0592296
13434.7 0.056515
13436.8 0.0541082
13439.2 0.0515443
13441.4 0.049132
13443.6 0.0465917
13446 0.0439905
13448.3 0.041382
13450.8 0.0386251
13453.3 0.035753
13455.9 0.0328747
13458.1 0.03039
13460.4 0.0277535
13462.6 0.0253031
13464.9 0.0227167
13467.2 0.0201182
13469.5 0.0175189
13472 0.0146966
13474.5 0.0118749
13477 0.00905477
13479.2 0.00655456
13481.5 0.0039266
13483.7 0.00147709
13486 -0.00109796
13488.3 -0.00369045
13490.6 -0.00627753
13493.1 -0.00904866
13495.5 -0.011812
13498 -0.0145668
13500.2 -0.0169795
13502.5 -0.0195424
13504.7 -0.0219462
13507 -0.024456
13509.3 -0.0270087
13511.7 -0.0295497
13514.1 -0.0321946
13516.7 -0.034962
13519.3 -0.0377128
13521.4 -0.0400287
13523.8 -0.0424914
13525.9 -0.0447717
13528.2 -0.0471569
13530.5 -0.0495418
13532.8 -0.0519096
13535.3 -0.0544312
13537.9 -0.057024
13540.4 -0.0595936
13542.6 -0.061786
13545 -0.0640841
13547.1 -0.0662007
13549.4 -0.0684133
13551.7 -0.0706042
13554 -0.0727733
13556.5 -0.075102
13558.9 -0.0774038
13561.4 -0.079678
13563.6 -0.0816442
13565.9 -0.0837175
13568.1 -0.0856493
13570.4 -0.0876483
13572.7 -0.0896654
13575 -0.091655
13577.5 -0.0936934
13579.8 -0.0955983
13582.1 -0.0974751
13584.2 -0.0991943
13586.5 -0.100998
13588.8 -0.102764
13591.1 -0.104501
13593.6 -0.106393
13596.1 -0.108248
13598.6 -0.110065
13600.9 -0.111658
13603.2 -0.113279
13605.3 -0.114737
13607.6 -0.116257
13609.9 -0.117745
13612.2 -0.119199
13614.7 -0.12076
13617.2 -0.122281
13619.7 -0.123761
13621.9 -0.125038
13624.2 -0.126344
13626.4 -0.127516
13628.7 -0.128726
13631 -0.129915
13633.3 -0.131068
13635.8 -0.132265
13638.2 -0.13342
13640.7 -0.134533
13642.9 -0.13547
13645.2 -0.136438
13647.3 -0.13731
13649.6 -0.138192
13652 -0.139081
13654.4 -0.13993
13656.8 -0.140737
13659.4 -0.141544
13661.9 -0.142305
13664.1 -0.142919
13666.4 -0.143539
13668.6 -0.14408
13670.8 -0.144615
13673.2 -0.145129
13675.6 -0.145603
13678 -0.14605
13680.6 -0.146472
13683.1 -0.146845
13685.3 -0.147125
13687.6 -0.147387
13689.8 -0.147594
13692 -0.147777
13694.4 -0.147924
13696.7 -0.148031
13699.2 -0.148102
13701.7 -0.148128
13704.3 -0.148107
13706.5 -0.148052
13708.8 -0.147954
13711 -0.14783
13713.2 -0.147661
13715.6 -0.147451
13717.9 -0.147203
13720.4 -0.146896
13722.8 -0.146546
13725.3 -0.146153
13727.5 -0.145775
13729.8 -0.145331
13731.9 -0.144882
13734.2 -0.144374
13736.7 -0.143798
13739.1 -0.143183
13741.5 -0.142529
13744 -0.141798
13746.6 -0.141024
13748.7 -0.140325
13751.1 -0.139541
13753.2 -0.138783
13755.5 -0.137947
13757.9 -0.137058
13760.2 -0.136134
13762.7 -0.135119
13765.2 -0.13403
13767.8 -0.132899
13770 -0.131885
13772.3 -0.130781
13774.5 -0.129736
13776.8 -0.128595
13779.1 -0.127418
13781.4 -0.126209
13783.9 -0.124854
13786.4 -0.123463
13789 -0.122037
13791.2 -0.120724
13793.6 -0.11933
13795.7 -0.118025
13798 -0.116608
13800.3 -0.11517
13802.6 -0.113705
13805.2 -0.112041
13807.7 -0.110345
13810.3 -0.108617
13812.8 -0.106858
13815.4 -0.105069
13817.6 -0.103478
13819.9 -0.101779
13822.1 -0.100182
13824.4 -0.0984702
13826.7 -0.0967483
13829 -0.0950047
13831.5 -0.0930474
13834.1 -0.0910649
13836.6 -0.0890578
13838.9 -0.0872051
13841.3 -0.0853331
13843.4 -0.0835614
13845.7 -0.0816534
13848 -0.0797743
13850.3 -0.0778788
13852.9 -0.0756692
13855.5 -0.0734392
13858.1 -0.0711894
13860.7 -0.0689206
13863.3 -0.0666338
13865.9 -0.0643296
13868.5 -0.0620089
13871.1 -0.0596725
13873.8 -0.0573212
13876.4 -0.0549559
13879 -0.0525773
13881.6 -0.0501863
13884.2 -0.0477837
13886.8 -0.0453704
13889.4 -0.0429472
13891.7 -0.040836
13894.1 -0.0386221
13896.2 -0.0365821
13898.5 -0.034409
13900.8 -0.0322773
13903.1 -0.0301416
13905.7 -0.0276721
13908.3 -0.0251988
13910.9 -0.0227225
13913.5 -0.020244
13916.1 -0.017764
13918.8 -0.0152836
13921.4 -0.0128035
13924 -0.0103245
13926.6 -0.00784753
13929.2 -0.00537334
13931.8 -0.0029028
13934.4 -0.000436683
13937.1 0.00202418
13939.7 0.00447892
13942.3 0.00692674
13944.6 0.00911977
13947 0.011306
13949.1 0.0133149
13951.5 0.0154578
13953.7 0.0175215
13956 0.0196517
13958.7 0.022076
13961.3 0.0244872
13964 0.0268845
13966.6 0.0292672
13969.3 0.0316344
13972 0.0339852
13974.6 0.0363191
13977.3 0.0386351
13979.9 0.0409326
13982.6 0.0432107
13985.2 0.0454687
13987.9 0.047706
13990.5 0.0499217
13993.2 0.052115
13995.6 0.0540659
13998 0.0559976
14000.5 0.057993
14003 0.0599665
14005.4 0.0619176
14007.7 0.0636718
14010 0.065468
14012.2 0.0671077
14014.5 0.0688255
14016.8 0.0705174
14019.1 0.0721879
14021.6 0.0740156
14024.2 0.0758158
14026.7 0.0775881
14029 0.0791806
14031.3 0.0807491
14033.5 0.0821853
14035.8 0.0836958
14038 0.0851535
14040.3 0.0865871
14042.9 0.0882065
14045.5 0.0897931
14048.1 0.0913465
14050.7 0.0928662
14053.3 0.0943518
14055.9 0.095803
14058.5 0.0972192
14061.1 0.0986001
14063.7 0.0999453
14066 0.101114
14068.3 0.102255
14070.4 0.103291
14072.7 0.104366
14075 0.105385
14077.3 0.106409
14079.8 0.107505
14082.4 0.108564
14084.9 0.109587
14087.5 0.110572
14090 0.111519
14092.3 0.112335
14094.6 0.11312
14096.8 0.11383
14099 0.114556
14101.3 0.115247
14103.6 0.115908
14106.1 0.116609
14108.6 0.117272
14111.2 0.117897
14113.5 0.118428
14115.8 0.118927
14117.9 0.119366
14120.2 0.119804
14122.4 0.120208
14124.7 0.120581
14127.2 0.12096
14129.8 0.121299
14132.3 0.1216
14134.6 0.121838
14136.8 0.122044
14139 0.12221
14141.3 0.122356
14143.5 0.122471
14145.8 0.122554
14148.3 0.122609
14150.8 0.122627
14153.3 0.122606
14155.5 0.122557
14157.9 0.122473
14160 0.122367
14162.3 0.122225
14164.6 0.122049
14166.9 0.121842
14169.4 0.121586
14171.9 0.121293
14174.3 0.120965
14176.5 0.120649
14178.8 0.12028
14181 0.119907
14183.3 0.119485
14185.7 0.11901
14188.1 0.118503
14190.5 0.117963
14193 0.117356
14195.5 0.116714
14197.7 0.116138
14200 0.115492
14202.2 0.114864
14204.5 0.114175
14206.8 0.113434
14209.2 0.112664
14211.6 0.111836
14214.2 0.110934
14216.7 0.109998
14218.9 0.109179
14221.2 0.108274
14223.4 0.107412
14225.7 0.106475
14228 0.105492
14230.3 0.104483
14232.8 0.103394
14235.3 0.102225
14237.9 0.101026
14240.1 0.0999875
14242.4 0.0988492
14244.6 0.0977747
14246.8 0.0966154
14249.2 0.0954121
14251.5 0.0941862
14253.9 0.0928649
14256.5 0.0914618
14259.1 0.0900326
14261.2 0.0887951
14263.6 0.0874522
14265.7 0.0861928
14268 0.08484
14270.3 0.0834487
14272.7 0.0820384
14275.1 0.0805155
14277.7 0.078914
14280.2 0.0772908
14282.4 0.075881
14284.8 0.0743656
14286.9 0.0729524
14289.2 0.0714384
14291.5 0.0698957
14293.8 0.0683381
14296.3 0.0666464
14298.8 0.0649386
14301.3 0.063215
14303.4 0.061691
14305.8 0.0600504
14307.9 0.0585044
14310.2 0.0568642
14312.6 0.055166
14314.9 0.0534566
14317.4 0.0516667
14320 0.0497775
14322.5 0.0478766
14324.7 0.0462475
14327.1 0.0444992
14329.2 0.0428746
14331.5 0.0411471
14333.8 0.0393996
14336.1 0.0376456
14338.6 0.0357472
14341.1 0.0338423
14343.6 0.0319316
14345.8 0.030236
14348.2 0.0284366
14350.3 0.0267563
14352.6 0.0249793
14355 0.0231765
14357.3 0.0213716
14359.8 0.0194429
14362.2 0.0175129
14364.7 0.0155821
14366.9 0.0138745
14369.3 0.0120589
14371.4 0.0103607
14373.7 0.00857304
14376.1 0.00675944
14378.4 0.00494807
14380.9 0.00302652
14383.5 0.00104189
14386.1 -0.000938256
14388.3 -0.00266975
14390.7 -0.00447777
14392.8 -0.0061382
14395.1 -0.00789769
14397.4 -0.00962622
14399.7 -0.0113485
14402.3 -0.0132846
14404.8 -0.0152116
14407.4 -0.017129
14410 -0.0190361
14412.5 -0.0209324
14414.8 -0.0226202
14417.1 -0.0242985
14419.3 -0.0258695
14421.6 -0.0275381
14423.9 -0.0291683
14426.2 -0.0307876
14428.8 -0.0326249
14431.4 -0.0344468
14434 -0.0362527
14436.6 -0.0380422
14439.2 -0.0398145
14441.8 -0.0415692
14444.4 -0.0433057
14447 -0.0450235
14449.6 -0.0467222
14452.2 -0.048401
14454.8 -0.0500595
14457 -0.051492
14459.4 -0.052971
14461.6 -0.0543087
14463.9 -0.0557176
14466.2 -0.0570815
14468.5 -0.058428
14471.1 -0.0599635
14473.7 -0.0614747
14476.3 -0.0629613
14479 -0.0644229
14481.6 -0.0658589
14484.2 -0.067269
14486.8 -0.0686527
14489.5 -0.0700097
14492.1 -0.0713396
14494.7 -0.0726419
14497.3 -0.0739163
14500 -0.0751624
14502.6 -0.07638
14505.2 -0.0775686
14507.8 -0.0787279
14510.5 -0.0798576
14513.1 -0.0809574
14515.7 -0.082027
14518.3 -0.0830661
14521 -0.0840744
14523.6 -0.0850517
14526.2 -0.0859977
14528.9 -0.0869122
14531.5 -0.0877949
14534.1 -0.0886457
14536.5 -0.0893789
14538.8 -0.0900863
14541 -0.0907192
14543.3 -0.0913692
14545.5 -0.0919648
14547.8 -0.0925608
14550.5 -0.0932234
14553.2 -0.0938513
14555.6 -0.0943819
14558 -0.0948846
14560.4 -0.0953593
14562.9 -0.0958311
14565.5 -0.0962714
14567.7 -0.0966285
14570 -0.0969813
14572.2 -0.0972868
14574.5 -0.0975828
14576.8 -0.097853
14579.1 -0.0980971
14581.6 -0.0983328
14584.1 -0.0985377
14586.6 -0.0987119
14588.9 -0.0988416
14591.2 -0.0989507
14593.4 -0.0990282
14595.7 -0.0990847
14598 -0.0991151
14600.3 -0.0991201
14602.8 -0.0990959
14605.3 -0.099041
14607.8 -0.0989552
14610.1 -0.0988512
14612.4 -0.0987221
14614.6 -0.098576
14616.9 -0.0983967
14619.2 -0.0981949
14621.4 -0.0979686
14624 -0.097687
14626.5 -0.0973751
14629.1 -0.0970332
14631.6 -0.0966614
14634.1 -0.09626
14636.3 -0.0958892
14638.7 -0.0954697
14640.8 -0.095058
14643.1 -0.0946009
14645.5 -0.0941145
14647.8 -0.0936045
14650.3 -0.0930295
14652.8 -0.0924274
14655.3 -0.0917986
14657.5 -0.0912159
14659.8 -0.0905808
14662 -0.089971
14664.3 -0.0893057
14666.6 -0.0886134
14668.9 -0.0878994
14671.4 -0.0871026
14673.9 -0.0862809
14676.4 -0.0854349
14678.7 -0.0846598
14681 -0.0838269
14683.2 -0.083037
14685.5 -0.0821826
14687.8 -0.081305
14690.1 -0.0804083
14692.6 -0.0794111
14695.1 -0.078392
14697.6 -0.0773512
14699.8 -0.0764042
14702.2 -0.0753957
14704.3 -0.0744473
14706.6 -0.0734264
14708.9 -0.0723875
14711.2 -0.0713324
14713.7 -0.0701606
14716.2 -0.0689701
14718.8 -0.0677614
14721 -0.0666667
14723.3 -0.0655085
14725.5 -0.0644259
14727.8 -0.0632642
14730.1 -0.0620903
14732.4 -0.0609032
14734.9 -0.0595863
14737.4 -0.0582543
14739.9 -0.0569077
14742.1 -0.055693
14744.5 -0.0544137
14746.6 -0.0532232
14748.9 -0.0519489
14751.2 -0.0506679
14753.5 -0.0493771
14756 -0.0479473
14758.5 -0.0465063
14761.1 -0.0450546
14763.3 -0.0437497
14765.6 -0.0423799
14767.8 -0.0411094
14770.1 -0.0397524
14772.4 -0.0383939
14774.7 -0.0370287
14777.2 -0.03552
14779.7 -0.0340043
14782.2 -0.0324819
14784.4 -0.0311178
14786.8 -0.0296891
14788.9 -0.0283675
14791.2 -0.026959
14793.5 -0.0255532
14795.8 -0.0241443
14798.3 -0.0225914
14800.8 -0.0210355
14803.3 -0.0194772
14805.6 -0.0180843
14807.9 -0.0166288
14810.1 -0.0152855
14812.4 -0.013857
14814.7 -0.0124357
14817 -0.0110146
14819.5 -0.00945107
14822 -0.00788868
14824.5 -0.00632795
14826.8 -0.00493425
14829.1 -0.00348349
14831.3 -0.00214831
14833.6 -0.00073088
14835.8 0.000672613
14838.1 0.00207254
14840.6 0.00361606
14843.2 0.00515436
14845.7 0.00668699
14848 0.0080593
14850.3 0.00947573
14852.5 0.0107727
14854.8 0.0121491
14857 0.0134987
14859.3 0.0148417
14861.9 0.0163415
14864.4 0.0178321
14867 0.019313
14869.5 0.0207837
14872 0.0222438
14874.3 0.023502
14876.6 0.0248289
14878.8 0.0260457
14881.1 0.0273268
14883.4 0.0286023
14885.7 0.0298673
14888.2 0.0312322
14890.7 0.0325837
14893.2 0.0339215
14895.5 0.0351123
14897.9 0.0363399
14900 0.0374578
14902.3 0.0386356
14904.6 0.0397919
14906.9 0.0409352
14909.5 0.0421954
14912 0.0434387
14914.6 0.0446646
14917.1 0.0458728
14919.7 0.0470631
14921.9 0.048095
14924.3 0.049162
14926.5 0.0501335
14928.8 0.0511494
14931.1 0.0521367
14933.3 0.0531081
14935.9 0.0541791
14938.5 0.0552297
14941 0.0562596
14943.6 0.0572686
14946.1 0.0582563
14948.4 0.0591148
14950.8 0.0599918
14953 0.0607795
14955.3 0.0616013
14957.6 0.0623929
14959.8 0.0631667
14962.4 0.0640287
14965.1 0.0648669
14967.7 0.0656812
14970.3 0.0664712
14972.9 0.0672369
14975.5 0.0679779
14978.1 0.0686942
14980.7 0.0693856
14983.3 0.0700519
14985.9 0.070693
14988.5 0.0713086
14991.1 0.0718988
14993.7 0.0724633
14996 0.0729339
14998.4 0.0734048
15000.5 0.0738195
15002.9 0.0742401
15005.1 0.0746301
15007.4 0.0750004
15010 0.0754049
15012.6 0.0757827
15015.3 0.076134
15017.9 0.0764584
15020.5 0.0767561
15023.1 0.0770271
15025.8 0.0772712
15028.4 0.0774885
15031 0.0776791
15033.6 0.0778428
15036.2 0.0779798
15038.9 0.0780901
15041.5 0.0781736
15044.1 0.0782305
15046.7 0.0782608
15049.4 0.0782646
15052 0.078242
15054.6 0.0781929
15057.2 0.0781177
15059.8 0.0780162
15062.5 0.0778887
15064.8 0.0777518
15067.2 0.077594
15069.4 0.0774307
15071.7 0.0772363
15073.9 0.0770306
15076.2 0.0767976
15078.9 0.0765014
15081.6 0.0761786
15084 0.0758693
15086.4 0.0755393
15088.9 0.0751761
15091.4 0.0747911
15093.9 0.0743844
15096.2 0.0739964
15098.5 0.0735737
15100.7 0.0731651
15103 0.0727154
15105.3 0.0722488
15107.6 0.0717648
15110.2 0.071207
15112.7 0.070628
15115.3 0.0700281
15117.8 0.0694074
15120.4 0.0687663
15122.6 0.0681826
15125 0.0675564
15127.2 0.0669619
15129.5 0.0663172
15131.8 0.0656671
15134 0.0650019
15136.6 0.0642317
15139.2 0.0634428
15141.7 0.0626355
15144.3 0.0618102
15146.9 0.0609672
15149.5 0.0601068
15152 0.0592294
15154.3 0.0584547
15156.6 0.0576241
15158.8 0.0568426
15161.1 0.0560044
15163.4 0.0551619
15165.7 0.0543073
15168.2 0.0533403
15170.8 0.0523592
15173.3 0.0513641
15175.9 0.0503556
15178.4 0.0493339
15180.6 0.0484327
15183 0.047469
15185.2 0.0465666
15187.5 0.0456039
15189.8 0.0446315
15192.1 0.0436499
15194.6 0.0425632
15197.1 0.0414661
15199.6 0.0403593
15201.9 0.0393498
15204.2 0.0383328
15206.4 0.0373617
15208.7 0.036323
15210.9 0.0352868
15213.2 0.0342443
15215.8 0.0330737
15218.3 0.0318959
15220.9 0.0307113
15223.4 0.0295204
15226 0.0283236
15228.2 0.0272792
15230.5 0.0261684
15232.7 0.0251338
15235 0.0240375
15237.3 0.0229369
15239.6 0.0218332
15242.1 0.0206266
15244.6 0.0194172
15247.1 0.0182053
15249.3 0.0171212
15251.7 0.0159856
15253.9 0.0149324
15256.1 0.0138166
15258.4 0.0127028
15260.7 0.0115887
15263.2 0.010366
15265.8 0.00914374
15268.3 0.00792215
15270.5 0.00682879
15272.9 0.00569166
15275 0.00464369
15277.3 0.00353294
15279.6 0.00243251
15281.9 0.00133432
15284.4 0.000119777
15287 -0.00109123
15289.5 -0.00229833
15291.8 -0.00338307
15294 -0.00446409
15296.2 -0.00548285
15298.5 -0.00656446
15300.8 -0.00763197
15303 -0.00869474
15305.6 -0.00987028
15308.1 -0.0110392
15310.6 -0.0122012
15312.9 -0.0132444
15315.2 -0.0142814
15317.4 -0.0152519
15319.7 -0.0162816
15321.9 -0.0172924
15324.2 -0.0182962
15326.7 -0.0194105
15329.3 -0.0205153
15331.8 -0.0216103
15334.1 -0.0225957
15336.4 -0.0235725
15338.6 -0.024474
15340.9 -0.0254314
15343.1 -0.0263601
15345.4 -0.0272798
15348 -0.0283183
15350.5 -0.0293444
15353.1 -0.0303578
15355.7 -0.0313583
15358.3 -0.0323456
15360.8 -0.0333194
15363.4 -0.0342794
15365.6 -0.0350918
15368 -0.0359437
15370.1 -0.0367176
15372.4 -0.0375281
15374.7 -0.038328
15377 -0.0391158
15379.5 -0.0399612
15382 -0.0407917
15384.5 -0.0416072
15386.8 -0.0423215
15389.1 -0.0430568
15391.3 -0.0437234
15393.6 -0.0444184
15395.9 -0.0451012
15398.2 -0.0457704
15400.7 -0.0464857
15403.2 -0.0471843
15405.7 -0.0478662
15408 -0.0484626
15410.3 -0.0490704
15412.5 -0.0496168
15414.8 -0.0501839
15417.1 -0.0507346
15419.4 -0.0512708
15421.9 -0.051846
15424.4 -0.0524031
15427 -0.0529419
15429.3 -0.0534148
15431.5 -0.0538725
15433.7 -0.0542884
15436 -0.0547181
15438.3 -0.0551274
15440.6 -0.0555215
15443.1 -0.0559476
15445.7 -0.0563543
15448.3 -0.0567415
15450.8 -0.0571091
15453.4 -0.0574571
15455.7 -0.0577504
15458 -0.0580371
15460.2 -0.0582856
15462.5 -0.058535
15464.8 -0.0587627
15467.1 -0.0589821
15469.7 -0.0592059
15472.3 -0.0594096
15474.9 -0.0595932
15477.4 -0.0597567
15480 -0.0599002
15482.6 -0.0600235
15485.2 -0.0601269
15487.8 -0.0602102
15490.3 -0.0602735
15492.6 -0.0603125
15495 -0.0603371
15497.1 -0.060345
15499.4 -0.0603381
15501.7 -0.0603157
15504 -0.060278
15506.6 -0.0602169
15509.2 -0.0601362
15511.7 -0.0600361
15514.3 -0.0599167
15516.9 -0.0597781
15519.5 -0.0596203
15522.1 -0.0594435
15524.3 -0.0592727
15526.7 -0.0590786
15528.9 -0.0588868
15531.2 -0.0586681
15533.5 -0.0584384
15535.7 -0.0581946
15538.3 -0.0578985
15540.9 -0.057584
15543.5 -0.0572514
15546.1 -0.0569008
15548.7 -0.0565324
15551.3 -0.0561463
15553.9 -0.0557427
15556.5 -0.0553219
15559.1 -0.0548841
15561.7 -0.0544294
15564.3 -0.053958
15566.6 -0.0535321
15569 -0.0530747
15571.2 -0.0526443
15573.5 -0.0521733
15575.7 -0.0517006
15578 -0.0512161
15580.6 -0.0506403
15583.3 -0.050049
15585.9 -0.0494428
15588.5 -0.0488217
15591.1 -0.0481861
15593.8 -0.0475362
15596.4 -0.0468723
15599 -0.0461947
15601.6 -0.0455037
15604.3 -0.0447994
15606.9 -0.0440822
15609.5 -0.0433524
15612.1 -0.0426103
15614.8 -0.0418561
15617.4 -0.0410902
15620 -0.0403129
15622.6 -0.0395244
15625.3 -0.0387251
15627.9 -0.0379152
15630.5 -0.0370952
15633.1 -0.0362652
15635.5 -0.0355123
15637.8 -0.0347519
15640 -0.03404
15642.4 -0.0332769
15644.6 -0.032544
15646.9 -0.031773
15649.3 -0.0309541
15651.7 -0.0301287
15654.2 -0.0292971
15656.7 -0.0284203
15659.2 -0.0275373
15661.5 -0.0267596
15663.8 -0.0259339
15666 -0.025164
15668.3 -0.0243465
15670.6 -0.023526
15672.9 -0.0227017
15675.4 -0.0217895
15678 -0.0208733
15680.5 -0.0199535
15682.8 -0.0191115
15685.1 -0.0182669
15687.3 -0.0174729
15689.6 -0.0166249
15691.9 -0.015792
15694.1 -0.0149575
15696.7 -0.013998
15699.3 -0.013037
15701.9 -0.0120747
15704.5 -0.0111117
15707.1 -0.0101481
15709.7 -0.00918418
15712.3 -0.00822039
15714.9 -0.00725705
15717.5 -0.00629446
15720.1 -0.00533289
15722.7 -0.00437268
15724.9 -0.00354868
15727.3 -0.00268175
15729.4 -0.00188379
15731.7 -0.0010406
15734 -0.000208073
15736.3 0.000622094
15738.8 0.0015472
15741.4 0.00246888
15743.9 0.00338682
15746.5 0.00430072
15749 0.00521029
15751.2 0.00599433
15753.5 0.00682333
15755.7 0.00758993
15758 0.00839422
15760.3 0.00919948
15762.6 0.00999999
15765.1 0.0108597
15767.6 0.0117133
15770.1 0.0125606
15772.3 0.0133079
15774.7 0.0140893
15776.8 0.014811
15779.1 0.0155665
15781.5 0.0163219
15783.8 0.0170708
15786.3 0.0178704
15788.7 0.018662
15791.2 0.0194453
15793.4 0.0201322
15795.8 0.0208512
15798 0.0215141
15800.2 0.0222058
15802.6 0.0228979
15804.9 0.023582
15807.4 0.0243043
15809.9 0.0250169
15812.3 0.0257197
15814.5 0.0263305
15816.9 0.0269727
15819 0.0275652
15821.3 0.0281801
15823.7 0.0287981
15826 0.0294065
15828.5 0.0300366
15831 0.0306816
15833.6 0.0313146
15835.8 0.031849
15838.2 0.0324062
15840.3 0.0329112
15842.6 0.0334366
15844.9 0.0339523
15847.2 0.0344578
15849.7 0.0349975
15852.2 0.0355247
15854.7 0.0360392
15857 0.0364867
15859.3 0.0369447
15861.5 0.0373582
15863.8 0.0377859
15866.1 0.0382036
15868.3 0.0386101
15870.9 0.0390398
15873.4 0.0394561
15875.9 0.0398589
15878.1 0.0402056
15880.4 0.0405584
15882.6 0.0408742
15884.9 0.0411976
15887.2 0.0415109
15889.5 0.0418125
15892 0.0421258
15894.5 0.0424252
15897 0.0427105
15899.2 0.0429518
15901.5 0.0431945
15903.7 0.0434086
15906 0.0436235
15908.3 0.0438285
15910.6 0.0440213
15913.1 0.0442147
15915.6 0.0443941
15918.1 0.0445593
15920.3 0.0446935
15922.6 0.0448241
15924.8 0.0449344
15927.1 0.0450393
15929.4 0.0451335
15931.8 0.0452154
15934.2 0.0452888
15936.8 0.0453501
15939.4 0.0453965
15941.6 0.0454248
15944 0.0454425
15946.1 0.0454478
15948.4 0.0454419
15950.7 0.0454244
15953 0.0453952
15955.5 0.0453494
15958 0.0452894
15960.6 0.0452154
15962.9 0.0451364
15965.2 0.045046
15967.3 0.0449505
15969.6 0.0448373
15971.9 0.0447143
15974.2 0.0445801
15976.7 0.0444169
15979.3 0.0442399
15981.8 0.0440494
15984.4 0.0438454
15986.9 0.0436281
15989.2 0.0434275
15991.5 0.0432051
15993.7 0.0429895
15996 0.0427507
15998.3 0.0425028
16000.6 0.0422447
16003.1 0.0419482
16005.6 0.0416396
16008.1 0.0413189
16010.4 0.0410184
16012.7 0.0407083
16014.9 0.0404057
16017.2 0.040074
16019.5 0.039737
16021.8 0.039391
16024.3 0.0389922
16026.9 0.0385823
16029.4 0.0381614
16032 0.0377296
16034.5 0.0372871
16036.8 0.0368891
16039.1 0.0364628
16041.3 0.0360627
16043.6 0.0356294
16045.9 0.0351925
16048.2 0.0347479
16050.8 0.03424
16053.3 0.0337226
16055.9 0.0331961
16058.5 0.0326607
16061 0.0321165
16063.3 0.0316231
16065.6 0.031123
16067.8 0.0306435
16070.1 0.0301256
16072.4 0.0296106
16074.7 0.0290897
16077.2 0.0284895
16079.8 0.0278819
16082.4 0.0272673
16085 0.0266458
16087.6 0.0260176
16090.2 0.0253831
16092.8 0.0247424
16095.4 0.0240957
16098 0.0234432
16100.2 0.0228704
16102.6 0.0222644
16104.8 0.0217038
16107.1 0.0211037
16109.4 0.0205103
16111.6 0.0199135
16114.3 0.0192275
16116.9 0.0185376
16119.5 0.0178438
16122.1 0.0171466
16124.7 0.0164461
16127.3 0.0157426
16129.9 0.0150363
16132.5 0.0143275
16135.1 0.0136164
16137.7 0.0129033
16140.3 0.0121883
16142.6 0.0115581
16144.9 0.0109026
16147.1 0.0103016
16149.4 0.0096599
16151.7 0.0090356
16154 0.00838927
16156.7 0.00766084
16159.3 0.00693237
16161.9 0.00620414
16164.6 0.00547644
16167.2 0.00474949
16169.8 0.00402349
16172.5 0.00329871
16175.1 0.00257545
16177.7 0.00185391
16180.3 0.0011343
16183 0.000416877
16185.6 -0.000298073
16188.2 -0.00101034
16190.9 -0.00171974
16193.5 -0.002426
16196.1 -0.00312886
16198.8 -0.00382811
16201.4 -0.00452356
16204 -0.00521498
16206.7 -0.00590209
16209.3 -0.00658469
16211.9 -0.00726262
16214.6 -0.00793564
16217.2 -0.00860348
16219.8 -0.00926596
16222.4 -0.00992292
16225.1 -0.0105741
16227.7 -0.0112193
16230.3 -0.0118584
16233 -0.0124911
16235.6 -0.0131172
16238.2 -0.0137366
16240.9 -0.0143491
16243.5 -0.0149544
16246.1 -0.0155525
16248.8 -0.0161431
16251.4 -0.016726
16253.8 -0.0172437
16256.1 -0.0177551
16258.4 -0.0182334
16260.6 -0.0187057
16262.8 -0.0191593
16265.1 -0.0196289
16267.4 -0.0201032
16269.8 -0.0205704
16272.2 -0.0210502
16274.8 -0.0215462
16277.4 -0.0220334
16279.5 -0.0224397
16281.9 -0.0228671
16284 -0.0232584
16286.3 -0.0236632
16288.6 -0.0240641
16290.9 -0.0244575
16293.4 -0.0248708
16295.9 -0.0252752
16298.4 -0.0256707
16300.5 -0.0260098
16302.9 -0.0263645
16305 -0.0266913
16307.3 -0.0270259
16309.7 -0.0273606
16312 -0.0276869
16314.5 -0.028017
16317.1 -0.0283549
16319.6 -0.0286824
16321.8 -0.0289513
16324.1 -0.0292307
16326.3 -0.0294829
16328.6 -0.0297403
16330.9 -0.0299915
16333.2 -0.0302339
16335.7 -0.0304839
16338.2 -0.0307324
16340.8 -0.0309701
16343 -0.0311664
16345.4 -0.031365
16347.5 -0.0315409
16349.8 -0.0317185
16352.1 -0.0318872
16354.4 -0.0320472
16356.9 -0.0322114
16359.4 -0.0323652
16361.8 -0.0325086
16364 -0.0326262
16366.4 -0.032742
16368.5 -0.032842
16370.8 -0.0329387
16373.1 -0.0330278
16375.5 -0.0331078
16377.9 -0.0331827
16380.5 -0.0332502
16383.1 -0.0333066
16385.3 -0.033346
16387.6 -0.0333791
16389.8 -0.0334017
16392 -0.0334171
16394.3 -0.0334239
16396.6 -0.033422
16399.1 -0.0334101
16401.7 -0.0333873
16404.2 -0.0333538
16406.5 -0.0333163
16408.8 -0.033268
16410.9 -0.0332156
16413.2 -0.033152
16415.5 -0.0330801
16417.8 -0.0329998
16420.3 -0.032903
16422.8 -0.0327966
16425.3 -0.0326804
16427.5 -0.0325704
16429.8 -0.0324455
16432 -0.0323215
16434.2 -0.032183
16436.6 -0.0320343
16438.9 -0.0318776
16441.3 -0.0317034
16443.9 -0.0315112
16446.5 -0.0313095
16448.7 -0.0311309
16451 -0.0309325
16453.2 -0.0307419
16455.5 -0.0305332
16457.8 -0.0303159
16460.1 -0.0300914
16462.5 -0.0298421
16465.1 -0.0295753
16467.7 -0.0292999
16469.9 -0.0290556
16472.2 -0.0287906
16474.4 -0.0285397
16476.7 -0.0282673
16479 -0.0279887
16481.2 -0.0277037
16483.7 -0.0273862
16486.2 -0.0270615
16488.7 -0.0267296
16490.9 -0.0264312
16493.3 -0.0261093
16495.4 -0.0258038
16497.7 -0.025476
16500 -0.025138
16502.4 -0.0247943
16504.8 -0.0244237
16507.4 -0.0240307
16510 -0.0236313
16512.2 -0.023284
16514.5 -0.0229103
16516.7 -0.0225605
16519 -0.0221854
16521.3 -0.0218053
16523.6 -0.0214207
16526.1 -0.0209975
16528.5 -0.0205694
16531 -0.0201365
16533.3 -0.0197491
16535.6 -0.0193366
16537.8 -0.0189493
16540.1 -0.0185366
16542.4 -0.0181168
16544.7 -0.0176935
16547.2 -0.0172355
16549.7 -0.016774
16552.1 -0.016309
16554.3 -0.0158959
16556.7 -0.0154538
16558.9 -0.0150379
16561.2 -0.0145973
16563.5 -0.0141471
16565.8 -0.0136946
16568.3 -0.0132128
16570.9 -0.0127101
16573.4 -0.0122051
16575.7 -0.0117644
16578 -0.0112989
16580.2 -0.0108685
16582.5 -0.0104103
16584.8 -0.00995465
16587.1 -0.0094979
16589.6 -0.00898823
16592.2 -0.00847761
16594.7 -0.00796619
16597 -0.00749818
16599.4 -0.00702975
16601.5 -0.00659433
16603.8 -0.00612783
16606.1 -0.00567385
16608.4 -0.00520404
16611 -0.00467944
16613.6 -0.0041553
16616.2 -0.00363178
16618.8 -0.00310901
16621.4 -0.0025872
16624 -0.00206654
16626.6 -0.0015472
16629.2 -0.00102929
16631.8 -0.000513012
16634.4 1.43258e-06
16637 0.000513895
16639.6 0.00102425
16642.2 0.00153233
16644.8 0.00203791
16647.4 0.00254086
16649.7 0.0029723
16652.1 0.00342405
16654.2 0.00383684
16656.5 0.0042732
16658.8 0.00470095
16661.1 0.00512609
16663.7 0.00560381
16666.2 0.00607785
16668.8 0.00654809
16671.4 0.00701443
16673.9 0.00747672
16676.5 0.00793478
16679.1 0.00838848
16681.3 0.00877869
16683.7 0.00918688
16685.9 0.0095601
16688.2 0.00995193
16690.5 0.010337
16692.7 0.0107182
16695.3 0.0111389
16697.9 0.0115543
16700.4 0.0119645
16703 0.0123693
16705.5 0.0127686
16707.8 0.0131172
16710.2 0.0134762
16712.3 0.0138029
16714.6 0.014145
16716.9 0.014477
16719.2 0.0148041
16721.8 0.0151695
16724.4 0.0155285
16726.9 0.015881
16729.5 0.0162269
16732.1 0.0165661
16734.7 0.0168986
16737.3 0.0172242
16739.6 0.0175063
16741.9 0.0177931
16744.1 0.0180513
16746.4 0.0183205
16748.7 0.0185776
16750.9 0.0188291
16753.6 0.0191137
16756.2 0.0193908
16758.8 0.0196602
16761.4 0.0199219
16764 0.0201758
16766.6 0.0204219
16769.3 0.0206601
16771.9 0.0208904
16774.5 0.0211127
16777.1 0.021327
16779.7 0.0215333
16782.4 0.0217314
16785 0.0219214
16787.6 0.0221033
16790.2 0.022277
16792.6 0.0224258
16794.9 0.0225679
16797.1 0.022693
16799.4 0.0228207
16801.6 0.0229369
16803.9 0.0230515
16806.6 0.0231758
16809.3 0.0232915
16811.9 0.0233986
16814.6 0.023497
16817.3 0.0235867
16819.9 0.0236678
16822.3 0.023733
16824.7 0.0237913
16827.2 0.0238443
16829.6 0.02389
16832.1 0.0239283
16834.3 0.0239564
16836.7 0.0239796
16838.8 0.0239955
16841.1 0.024006
16843.4 0.0240103
16845.8 0.0240081
16848.2 0.0239988
16850.7 0.0239822
16853.2 0.0239584
16855.4 0.0239315
16857.7 0.0238967
16859.9 0.0238583
16862.2 0.0238121
16864.5 0.0237588
16866.9 0.0236993
16869.3 0.0236298
16871.9 0.0235502
16874.5 0.0234632
16876.7 0.0233823
16879 0.0232908
16881.2 0.0232008
16883.5 0.0231001
16885.8 0.022994
16888.1 0.0228824
16890.6 0.0227534
16893.1 0.0226179
16895.6 0.0224758
16897.9 0.0223431
16900.2 0.0221995
16902.4 0.0220618
16904.7 0.0219108
16907 0.0217557
16909.2 0.0215956
16911.8 0.0214126
16914.3 0.0212236
16916.8 0.0210286
16919.1 0.0208482
16921.4 0.020663
16923.5 0.0204825
16925.8 0.0202863
16928.1 0.0200867
16930.4 0.0198825
16932.9 0.0196522
16935.4 0.0194166
16937.9 0.0191759
16940.2 0.0189556
16942.5 0.0187227
16944.7 0.0185042
16947 0.0182683
16949.3 0.018031
16951.5 0.0177899
16954.1 0.017517
16956.6 0.0172395
16959.1 0.0169578
16961.4 0.0166996
16963.7 0.0164379
16965.9 0.0161884
16968.2 0.0159192
16970.4 0.0156505
16972.7 0.0153787
16975.2 0.0150707
16977.8 0.0147592
16980.3 0.0144442
16982.6 0.0141557
16984.9 0.0138645
16987.1 0.01359
16989.4 0.0132943
16991.6 0.0130021
16993.9 0.0127077
16996.4 0.0123704
16999 0.0120304
17001.6 0.0116879
17004.1 0.0113429
17006.7 0.0109956
17008.9 0.0106882
17011.3 0.0103662
17013.4 0.0100692
17015.7 0.00975152
17018 0.00943663
17020.3 0.00912049
17022.8 0.00876458
17025.3 0.00840725
17027.9 0.00804865
17030.2 0.00772235
17032.5 0.00739521
17034.6 0.00708944
17036.9 0.00676166
17039.2 0.00643998
17041.5 0.00611784
17044 0.00575048
17046.6 0.00538271
17049.1 0.00501465
17051.7 0.00464647
17054.3 0.00427827
17056.5 0.00395282
17058.9 0.00361545
17061.1 0.00330655
17063.4 0.00297751
17065.6 0.00265458
17067.9 0.00233211
17070.4 0.00196756
17073 0.00160387
17075.5 0.00124114
17078.1 0.000879444
17080.7 0.000518904
17082.9 0.000203891
17085.2 -0.000124747
17087.4 -0.000426245
17089.7 -0.000745454
17092 -0.00106053
17094.3 -0.00137418
17096.8 -0.00172119
17099.3 -0.00206629
17101.9 -0.00240938
17104.1 -0.00271784
17106.4 -0.00302447
17108.6 -0.00331156
17110.9 -0.00361596
17113.2 -0.00391427
17115.4 -0.00421048
17118 -0.00454066
17120.5 -0.00486808
17123.1 -0.00519262
17125.6 -0.00551416
17128.2 -0.00583261
17130.4 -0.0061078
17132.8 -0.00639569
17134.9 -0.00665921
17137.2 -0.00693589
17139.5 -0.00720918
17141.8 -0.00747963
17144.4 -0.00777372
17146.9 -0.00806416
17149.4 -0.00835087
17151.7 -0.00860707
17154 -0.00886012
17156.1 -0.00909674
17158.4 -0.00934568
17160.7 -0.00958887
17163 -0.00982872
17165.6 -0.010093
17168.1 -0.010353
17170.7 -0.0106085
17173.2 -0.0108597
17175.8 -0.0111062
17178 -0.0113195
17180.4 -0.0115392
17182.6 -0.0117383
17184.9 -0.011946
17187.2 -0.0121474
17189.4 -0.0123449
17192 -0.0125621
17194.6 -0.0127743
17197.1 -0.0129815
17199.7 -0.0131836
17202.3 -0.0133806
17204.6 -0.0135517
17206.9 -0.0137249
17209.1 -0.0138797
17211.4 -0.0140407
17213.7 -0.014194
17215.9 -0.0143431
17218.5 -0.0145099
17221.2 -0.014671
17223.8 -0.0148265
17226.4 -0.0149763
17229 -0.0151205
17231.6 -0.015259
17234.2 -0.0153917
17236.8 -0.0155187
17239.4 -0.01564
17242.1 -0.0157554
17244.7 -0.0158651
17247.3 -0.0159689
17249.9 -0.016067
17252.5 -0.0161592
17255.1 -0.0162455
17257.4 -0.016316
17259.8 -0.0163848
17261.9 -0.0164434
17264.2 -0.0165015
17266.5 -0.0165538
17268.8 -0.0166018
17271.4 -0.0166519
17274 -0.0166962
17276.6 -0.0167347
17279.2 -0.0167673
17281.9 -0.0167941
17284.5 -0.016815
17287.1 -0.0168302
17289.7 -0.0168396
17292.3 -0.0168432
17295 -0.0168411
17297.6 -0.0168333
17300.2 -0.0168198
17302.8 -0.0168006
17305.4 -0.0167759
17308.1 -0.0167455
17310.7 -0.0167096
17313.3 -0.0166681
17315.7 -0.0166264
17318 -0.0165802
17320.2 -0.0165338
17322.5 -0.0164801
17324.7 -0.0164247
17327 -0.0163631
17329.7 -0.0162867
17332.4 -0.016205
17335 -0.0161179
17337.7 -0.0160254
17340.4 -0.0159278
17343 -0.0158249
17345.4 -0.0157288
17347.8 -0.0156286
17350.3 -0.0155204
17352.7 -0.015408
17355.2 -0.0152913
17357.4 -0.0151831
17359.8 -0.0150658
17362 -0.0149529
17364.2 -0.0148307
17366.6 -0.0147039
17368.9 -0.0145736
17371.4 -0.0144299
17373.9 -0.0142824
17376.3 -0.0141312
17378.6 -0.0139938
17380.9 -0.0138455
17383.1 -0.013704
17385.4 -0.0135522
17387.7 -0.0133958
17390 -0.0132363
17392.5 -0.0130622
17395 -0.0128848
17397.5 -0.0127043
17399.7 -0.0125416
17402 -0.0123666
17404.2 -0.0122006
17406.5 -0.0120235
17408.8 -0.0118418
17411.1 -0.0116576
17413.6 -0.0114579
17416.1 -0.0112557
17418.6 -0.0110508
17420.8 -0.0108673
17423.1 -0.0106705
17425.3 -0.0104844
17427.6 -0.0102867
17429.9 -0.0100844
17432.3 -0.00988016
17434.8 -0.00966043
17437.2 -0.00943868
17439.7 -0.009215
17441.9 -0.0090158
17444.2 -0.00880223
17446.4 -0.00860067
17448.7 -0.00838741
17451.1 -0.00816931
17453.4 -0.00794983
17455.9 -0.00771579
17458.4 -0.00747152
17461 -0.00722588
17463.2 -0.00701132
17465.6 -0.0067844
17467.8 -0.00657414
17470.1 -0.00635046
17472.3 -0.00612772
17474.6 -0.00590423
17477.2 -0.00565523
17479.7 -0.00540551
17482.2 -0.00515514
17484.5 -0.00492771
17486.8 -0.00469984
17489 -0.00448533
17491.3 -0.00425637
17493.5 -0.0040309
17495.8 -0.00380524
17498.4 -0.00355004
17500.9 -0.0032948
17503.5 -0.00303961
17506 -0.00278449
17508.6 -0.00252955
17510.8 -0.00230568
17513.2 -0.00207212
17515.4 -0.00185749
17517.7 -0.00162976
17519.9 -0.00140516
17522.2 -0.00118108
17524.7 -0.000931133
17527.3 -0.000681932
17529.8 -0.000433561
17532.1 -0.000208897
17534.4 1.49339e-05
17536.6 0.000223165
17538.9 0.000444872
17541.1 0.000660963
17543.4 0.000876045
17546 0.00112009
17548.5 0.00136274
17551.1 0.00160391
17553.7 0.00184349
17556.2 0.00208141
17558.5 0.00229135
17560.8 0.00249992
17562.9 0.00269519
17565.2 0.00290222
17567.5 0.0031048
17569.8 0.00330584
17572.3 0.00352984
17574.9 0.00375173
17577.4 0.00397145
17580 0.00418897
17582.5 0.00440423
17584.7 0.00458839
17587 0.00478218
17589.2 0.00496009
17591.5 0.00514632
17593.8 0.00533147
17596.1 0.00551446
17598.6 0.00570958
17601.1 0.00590215
17603.6 0.00609211
17605.8 0.00625774
17608.1 0.00643099
17610.3 0.00659044
17612.6 0.0067564
17614.9 0.00692197
17617.2 0.00708502
17619.7 0.00725594
17622.3 0.00743015
17624.9 0.00760118
17627.1 0.00774701
17629.4 0.00789792
17631.6 0.00803454
17633.9 0.00817707
17636.2 0.00831584
17638.5 0.0084519
17641 0.0085996
17643.5 0.00874397
17646.1 0.00888496
17648.4 0.00900946
17650.6 0.00913113
17652.8 0.00924337
17655.1 0.0093603
17657.4 0.00947289
17659.7 0.00958258
17662.2 0.00970215
17664.8 0.00981811
17667.3 0.00993041
17669.9 0.010039
17672.4 0.0101439
17674.6 0.0102323
17677 0.0103227
17679.1 0.0104034
17681.5 0.0104859
17683.7 0.0105652
17686 0.0106415
17688.6 0.0107218
17691.1 0.0107984
17693.6 0.0108712
17695.9 0.0109339
17698.2 0.0109935
17700.4 0.011047
17702.7 0.0111011
17705 0.0111514
17707.2 0.0111987
17709.8 0.0112481
17712.4 0.0112936
17714.9 0.0113352
17717.5 0.011373
17720.1 0.011407
17722.3 0.0114338
17724.7 0.0114586
17726.9 0.0114784
17729.2 0.0114965
17731.4 0.0115113
17733.7 0.011523
17736.3 0.0115328
17738.9 0.0115387
17741.5 0.0115407
17744.1 0.0115389
17746.7 0.0115332
17749.3 0.0115238
17751.8 0.0115105
17754.4 0.0114935
17757 0.0114727
17759.3 0.0114517
17761.6 0.0114266
17763.8 0.0114008
17766.1 0.0113705
17768.4 0.0113379
17770.7 0.0113025
17773.3 0.0112589
17775.9 0.0112118
17778.4 0.0111612
17781 0.0111072
17783.6 0.0110497
17786.2 0.0109889
17788.8 0.0109246
17791.1 0.0108648
17793.4 0.0108002
17795.6 0.0107387
17797.9 0.0106705
17800.2 0.0106017
17802.5 0.010528
17805.2 0.0104422
17807.8 0.0103533
17810.4 0.0102612
17813 0.010166
17815.6 0.0100679
17818.3 0.00996673
17820.9 0.00986264
17823.5 0.0097557
17826.1 0.00964595
17828.7 0.00953338
17831.4 0.00941808
17834 0.00930013
17836.6 0.00917957
17839.2 0.00905641
17841.8 0.00893072
17844.5 0.00880261
17847.1 0.0086721
17849.7 0.0085392
17852.3 0.008404
17854.9 0.0082666
17857.6 0.00812702
17860.2 0.0079853
17862.8 0.00784149
17865.2 0.00771101
17867.5 0.00757899
17869.7 0.00745598
17872 0.00732283
17874.2 0.00719376
17876.5 0.00705827
17879.2 0.00690014
17881.9 0.00674028
17884.5 0.00657879
17887.2 0.00641578
17889.9 0.00625127
17892.5 0.0060853
17894.9 0.00593554
17897.3 0.00578475
17899.8 0.00562768
17902.3 0.00546957
17904.7 0.00531047
17906.9 0.00516676
17909.3 0.00501508
17911.5 0.00487275
17913.8 0.00472219
17916.1 0.00456954
17918.4 0.00441632
17920.9 0.00425098
17923.4 0.00408503
17925.9 0.00391854
17928.1 0.00377022
17930.4 0.00361339
17932.6 0.00346671
17934.9 0.00331191
17937.2 0.00315549
17939.5 0.00299891
17942 0.00283021
17944.5 0.00266136
17947 0.00249242
17949.2 0.00234212
17951.6 0.00218379
17953.7 0.00203624
17956 0.00188077
17958.4 0.00172442
17960.7 0.00156828
17963.2 0.00139981
17965.7 0.00123162
17968.2 0.00106379
17970.4 0.000914457
17972.7 0.000758068
17974.9 0.000613058
17977.2 0.00046035
17979.5 0.00030785
17981.8 0.000155924
17984.3 -9.00626e-06
17986.8 -0.000173222
17989.4 -0.000336663
17991.6 -0.000482505
17994 -0.000633714
17996.1 -0.000772928
17998.4 -0.000919646
18000.7 -0.00106455
18003 -0.00120856
18005.5 -0.00136718
18008.1 -0.00152466
18010.6 -0.00168096
18012.9 -0.00182171
18015.2 -0.00196137
18017.4 -0.00209164
18019.7 -0.00222944
18021.9 -0.00236371
18024.2 -0.0024968
18026.7 -0.00264634
18029.3 -0.00279434
18031.9 -0.00294077
18034.4 -0.00308553
18037 -0.00322861
18039.3 -0.0033543
18041.7 -0.00348282
18043.8 -0.00359922
18046.1 -0.00372188
18048.4 -0.00384043
18050.6 -0.00395757
18053.2 -0.00408993
18055.8 -0.00422029
18058.4 -0.00434865
18060.9 -0.004475
18063.5 -0.0045993
18066.1 -0.00472148
18068.7 -0.00484151
18070.9 -0.00494429
18073.3 -0.0050501
18075.4 -0.00514563
18077.7 -0.0052455
18080 -0.00534235
18082.3 -0.00543746
18084.8 -0.00554202
18087.3 -0.00564428
18089.9 -0.00574426
18092.4 -0.00584196
18095 -0.00593736
18097.2 -0.00601759
18099.5 -0.00610128
18101.7 -0.00617731
18104 -0.00625571
18106.3 -0.00633291
18108.6 -0.00640807
18111.1 -0.00648626
18113.6 -0.00656476
18116.2 -0.00664076
18118.4 -0.00670463
18120.8 -0.00676985
18122.9 -0.00682814
18125.2 -0.00688802
18127.5 -0.00694559
18129.8 -0.0070011
18132.3 -0.00705985
18134.8 -0.00711615
18137.3 -0.00716997
18139.6 -0.00721597
18141.9 -0.00726174
18144.1 -0.00730208
18146.4 -0.0073429
18148.7 -0.0073814
18150.9 -0.00741782
18153.5 -0.00745562
18156 -0.00749093
18158.5 -0.00752372
18160.8 -0.007551
18163.1 -0.00757712
18165.3 -0.00759927
18167.6 -0.00762081
18169.8 -0.00764007
18172.1 -0.00765726
18174.7 -0.00767404
18177.2 -0.00768832
18179.7 -0.00770009
18182 -0.00770857
18184.3 -0.00771497
18186.5 -0.00771912
18188.8 -0.00772158
18191.1 -0.00772202
18193.3 -0.00772047
18195.9 -0.00771634
18198.4 -0.00770973
18201 -0.00770064
18203.6 -0.00768906
18206.2 -0.007675
18208.4 -0.00766048
18210.8 -0.00764347
18212.9 -0.0076261
18215.3 -0.00760567
18217.5 -0.00758382
18219.8 -0.00756016
18222.3 -0.00753087
18224.9 -0.0074992
18227.5 -0.00746519
18230.1 -0.00742889
18232.7 -0.00739033
18235.3 -0.00734948
18237.8 -0.00730637
18240.1 -0.00726685
18242.5 -0.00722385
18244.6 -0.00718283
18246.9 -0.00713743
18249.2 -0.00709117
18251.5 -0.00704332
18254 -0.0069871
18256.6 -0.00692884
18259.2 -0.00686857
18261.7 -0.00680637
18264.3 -0.00674225
18266.6 -0.00668342
18268.9 -0.00662308
18271 -0.00656492
18273.3 -0.00650138
18275.6 -0.00643754
18277.9 -0.00637229
18280.5 -0.00629656
18283 -0.00621916
18285.6 -0.0061401
18288.2 -0.00605936
18290.7 -0.005977
18293.3 -0.00589311
18295.9 -0.00580769
18298.1 -0.00573258
18300.5 -0.00565191
18302.6 -0.00557638
18305 -0.00549523
18307.2 -0.00541347
18309.5 -0.00533062
18312.1 -0.00523747
18314.6 -0.00514311
18317.2 -0.00504757
18319.5 -0.00495911
18321.8 -0.00486969
18324 -0.00478571
18326.3 -0.00469499
18328.5 -0.00460592
18330.9 -0.00451288
18333.5 -0.0044078
18336.1 -0.00430178
18338.7 -0.00419483
18341.3 -0.00408695
18343.9 -0.00397821
18346.5 -0.00386869
18349.1 -0.00375841
18351.7 -0.00364737
18354.3 -0.00353562
18357 -0.00342326
18359.6 -0.00331031
18362.2 -0.00319675
18364.8 -0.00308266
18367.4 -0.00296812
18370 -0.00285315
18372.3 -0.00274949
18374.7 -0.00264551
18376.8 -0.00254943
18379.2 -0.00244632
18381.4 -0.00234637
18383.7 -0.00224256
18386.3 -0.00212479
18389 -0.00200691
18391.6 -0.00188893
18394.2 -0.00177086
18396.9 -0.00165275
18399.5 -0.00153469
18402.1 -0.0014167
18404.7 -0.00129878
18407.4 -0.00118098
18410 -0.00106339
18412.6 -0.000946036
18415.3 -0.000828902
18417.9 -0.000712056
18420.5 -0.000595578
18423.1 -0.000479482
18425.8 -0.000363765
18428.4 -0.000248489
18431 -0.000133732
18433.7 -1.95102e-05
18436.3 9.41841e-05
18438.9 0.000207291
18441.5 0.000319732
18444.2 0.000431493
18446.8 0.000542583
18449.4 0.000652945
18452.1 0.0007625
18454.7 0.000871237
18457.1 0.000968272
18459.4 0.00106462
18461.6 0.00115504
18464 0.00124798
18466.1 0.00133473
18468.4 0.00142516
18470.8 0.0015167
18473.1 0.00160739
18475.5 0.00170184
18478.1 0.00179954
18480.7 0.00189619
18482.9 0.00197787
18485.2 0.00206399
18487.4 0.00214316
18489.7 0.00222578
18492 0.00230812
18494.3 0.00238945
18496.8 0.00247592
18499.2 0.00256126
18501.7 0.00264542
18503.9 0.00271853
18506.2 0.00279518
18508.4 0.00286607
18510.7 0.00293952
18513 0.00301333
18515.4 0.00308596
18517.8 0.00316114
18520.4 0.00323828
18523 0.00331401
18525.2 0.00337767
18527.5 0.00344418
18529.7 0.00350478
18532 0.00356763
18534.3 0.00362956
18536.6 0.00369023
18539 0.00375454
18541.5 0.0038174
18544 0.00387881
18546.2 0.00393186
18548.6 0.00398664
18550.7 0.00403662
18553 0.00408802
18555.3 0.00413878
18557.7 0.00418818
18560.1 0.00423934
18562.7 0.00429077
18565.3 0.00434056
18567.5 0.00438226
18569.8 0.00442494
18572 0.00446318
18574.3 0.00450237
18576.6 0.00454018
18578.8 0.00457662
18581.3 0.00461491
18583.9 0.00465161
18586.4 0.0046867
18588.6 0.00471652
18590.9 0.00474637
18593.1 0.00477283
18595.4 0.00479949
18597.7 0.00482487
18600 0.00484884
18602.5 0.00487327
18605 0.00489611
18607.4 0.00491734
18609.7 0.00493474
18612 0.00495174
18614.2 0.00496633
18616.4 0.00498041
18618.8 0.00499328
18621.1 0.00500472
18623.6 0.00501539
18626.1 0.00502482
18628.7 0.00503257
18630.9 0.0050379
18633.2 0.00504214
18635.4 0.00504484
18637.7 0.00504643
18640 0.00504669
18642.3 0.00504562
18644.8 0.00504293
18647.3 0.00503872
18649.8 0.00503296
18652 0.00502653
18654.3 0.00501847
18656.5 0.00500982
18658.8 0.00499946
18661.1 0.0049878
18663.4 0.00497487
18665.9 0.0049594
18668.4 0.0049425
18670.9 0.00492417
18673.1 0.00490674
18675.4 0.00488709
18677.6 0.00486769
18679.9 0.00484609
18682.2 0.00482307
18684.5 0.00479884
18687 0.00477162
18689.6 0.00474209
18692.1 0.00471116
18694.4 0.00468319
18696.7 0.00465258
18698.9 0.00462335
18701.2 0.00459132
18703.4 0.00455839
18705.7 0.0045244
18708.2 0.00448576
18710.8 0.00444592
18713.3 0.0044049
18715.5 0.00436712
18717.9 0.00432682
18720 0.00428878
18722.3 0.00424748
18724.6 0.00420558
18726.9 0.00416276
18729.4 0.00411421
18731.9 0.00406462
18734.5 0.00401401
18736.8 0.00396744
18739 0.00392003
18741.2 0.00387446
18743.5 0.00382515
18745.8 0.00377552
18748 0.00372512
18750.6 0.00366813
18753.1 0.00361028
18755.7 0.00355157
18758 0.00349757
18760.3 0.00344287
18762.4 0.00339102
18764.7 0.00333501
18767 0.00327941
18769.2 0.00322319
18771.8 0.00315867
18774.4 0.00309347
18776.9 0.0030276
18779.5 0.00296105
18782.1 0.00289384
18784.4 0.00283355
18786.7 0.00277281
18788.8 0.00271504
18791.1 0.00265289
18793.4 0.00259126
18795.7 0.00252926
18798.2 0.00245889
18800.8 0.00238805
18803.3 0.00231677
18805.9 0.00224513
18808.5 0.00217314
18810.7 0.00210921
18813.1 0.00204232
18815.2 0.00198066
18817.6 0.00191481
18819.8 0.0018498
18822.1 0.00178459
18824.7 0.00171054
18827.2 0.00163634
18829.8 0.001562
18832.4 0.00148749
18834.9 0.00141285
18837.2 0.00134609
18839.5 0.0012793
18841.7 0.00121643
18844 0.00114918
18846.3 0.00108323
18848.5 0.00101733
18851.1 0.000942151
18853.7 0.000867016
18856.3 0.000791969
18858.9 0.000717074
18861.5 0.000642337
18864.1 0.000567743
18866.6 0.000493331
18868.9 0.000427649
18871.3 0.000359925
18873.5 0.00029816
18875.8 0.000232393
18878 0.000168602
18880.4 0.000102881
18883 2.97981e-05
18885.6 -4.29464e-05
18888.2 -0.000115305
18890.8 -0.000187218
18893.4 -0.000258686
18896 -0.000329725
18898.6 -0.000400293
18901.2 -0.000470329
18903.8 -0.00053983
18906.4 -0.000608817
18909 -0.000677252
18911.6 -0.000745072
18914.2 -0.000812274
18916.8 -0.00087888
18919.4 -0.000944858
18921.7 -0.00100144
18924 -0.00106015
18926.2 -0.00111357
18928.5 -0.00116985
18930.8 -0.0012246
18933 -0.00127877
18935.6 -0.00133977
18938.2 -0.00140003
18940.8 -0.00145954
18943.4 -0.00151822
18946 -0.00157607
18948.5 -0.00163314
18951.1 -0.00168938
18953.4 -0.00173814
18955.8 -0.00178811
18957.9 -0.00183337
18960.2 -0.00188085
18962.5 -0.00192669
18964.8 -0.0019718
18967.3 -0.00202263
18969.9 -0.00207255
18972.5 -0.00212153
18975.1 -0.00216951
18977.7 -0.0022165
18980.3 -0.00226254
18982.9 -0.00230759
18985.5 -0.0023516
18988.1 -0.00239458
18990.4 -0.00243131
18992.7 -0.00246878
18994.9 -0.00250242
18997.2 -0.00253735
18999.5 -0.00257082
19001.7 -0.0026035
19004.3 -0.00263989
19006.9 -0.00267518
19009.5 -0.00270938
19012.1 -0.00274253
19014.6 -0.0027746
19017.2 -0.00280555
19019.8 -0.00283539
19022.4 -0.00286416
19025 -0.00289184
19027.2 -0.00291477
19029.6 -0.00293806
19031.7 -0.00295877
19034 -0.00297986
19036.3 -0.00299992
19038.6 -0.00301908
19041.2 -0.00303937
19043.7 -0.00305861
19046.2 -0.00307678
19048.8 -0.00309384
19051.3 -0.0031098
19053.5 -0.00312276
19055.9 -0.00313569
19058 -0.0031469
19060.3 -0.00315783
19062.6 -0.00316795
19065 -0.0031772
19067.5 -0.0031862
19070 -0.00319413
19072.5 -0.00320101
19074.7 -0.0032063
19077 -0.003211
19079.2 -0.00321455
19081.5 -0.00321743
19083.8 -0.00321945
19086.1 -0.00322064
19088.6 -0.00322097
19091.1 -0.00322026
19093.7 -0.00321852
19095.9 -0.00321613
19098.3 -0.0032128
19100.4 -0.00320895
19102.7 -0.00320403
19105 -0.00319834
19107.3 -0.00319187
19109.8 -0.00318375
19112.4 -0.00317462
19114.9 -0.00316449
19117.2 -0.00315445
19119.6 -0.00314362
19121.7 -0.00313281
19124 -0.00312048
19126.3 -0.00310772
19128.5 -0.00309425
19131.1 -0.00307783
19133.7 -0.00306042
19136.3 -0.00304207
19138.9 -0.00302282
19141.5 -0.00300267
19144.1 -0.00298159
19146.7 -0.00295961
19149.3 -0.00293678
19151.9 -0.0029131
19154.2 -0.00289111
19156.6 -0.00286842
19158.7 -0.00284689
19161 -0.00282325
19163.3 -0.00279966
19165.6 -0.00277459
19168.2 -0.00274593
19170.7 -0.00271654
19173.3 -0.00268642
19175.9 -0.00265554
19178.5 -0.00262392
19181.1 -0.00259164
19183.6 -0.00255867
19186.2 -0.00252501
19188.8 -0.00249068
19191 -0.00246036
19193.4 -0.00242813
19195.5 -0.00239806
19197.8 -0.00236561
19200.1 -0.00233306
19202.4 -0.00230009
19204.9 -0.00226278
19207.4 -0.00222492
19210 -0.00218653
19212.2 -0.00215153
19214.5 -0.00211615
19216.7 -0.00208241
19219 -0.00204608
19221.2 -0.00200973
19223.5 -0.00197306
19226 -0.00193189
19228.6 -0.0018903
19231.1 -0.00184832
19233.4 -0.00181027
19235.6 -0.00177195
19237.8 -0.00173534
19240.1 -0.00169609
19242.4 -0.00165678
19244.6 -0.00161726
19247.2 -0.00157344
19249.7 -0.00152932
19252.2 -0.00148494
19254.4 -0.00144509
19256.8 -0.00140342
19258.9 -0.00136478
19261.2 -0.00132358
19263.5 -0.00128243
19265.8 -0.00124117
19268.3 -0.00119554
19270.8 -0.00114975
19273.3 -0.00110383
19275.6 -0.00106262
19277.9 -0.00101972
19280.1 -0.000980082
19282.4 -0.000937895
19284.7 -0.000895974
19286.9 -0.000854046
19289.5 -0.000807555
19292 -0.000761025
19294.5 -0.000714485
19296.8 -0.000672583
19299.1 -0.000630724
19301.2 -0.000591068
19303.5 -0.000548857
19305.8 -0.000507006
19308.1 -0.000465249
19310.6 -0.00041907
19313.2 -0.000372974
19315.7 -0.00032699
19318 -0.000285589
19320.3 -0.000244329
19322.4 -0.000205458
19324.7 -0.000164135
19327 -0.000123408
19329.3 -8.28686e-05
19331.8 -3.77879e-05
19334.4 7.0921e-06
19336.9 5.17425e-05
19339.4 9.61111e-05
19342 0.000140196
19344.2 0.000178142
19346.5 0.000218332
19348.7 0.000255401
19351 0.000294314
19353.3 0.000333176
19355.6 0.000371786
19358.1 0.000413262
19360.6 0.000454363
19363.1 0.000495092
19365.4 0.000531217
19367.7 0.000568778
19369.9 0.000603267
19372.2 0.000639453
19374.5 0.000675243
19376.8 0.000710706
19379.3 0.000749258
19381.9 0.000787338
19384.4 0.000824952
19386.7 0.000858682
19389 0.00089204
19391.1 0.000923193
19393.5 0.000955984
19395.7 0.00098795
19398 0.00101953
19400.6 0.00105461
19403.2 0.00108912
19405.7 0.00112308
19408.3 0.00115651
19410.9 0.00118939
19413.2 0.00121827
19415.4 0.00124667
19417.6 0.00127308
19419.9 0.00130083
19422.2 0.00132761
19424.5 0.00135389
19427.1 0.00138326
19429.6 0.00141204
19432.2 0.0014402
19434.8 0.00146769
19437.4 0.00149452
19440 0.00152074
19442.6 0.00154632
19445.2 0.00157122
19447.8 0.00159543
19450 0.00161591
19452.4 0.00163695
19454.6 0.0016558
19456.9 0.00167528
19459.2 0.00169396
19461.4 0.00171214
19464 0.00173206
19466.6 0.00175127
19469.2 0.00176978
19471.7 0.00178763
19474.3 0.0018048
19476.9 0.00182125
19479.5 0.001837
19481.7 0.00185022
19484.1 0.00186354
19486.3 0.00187526
19488.6 0.00188714
19490.9 0.0018983
19493.1 0.00190894
19495.7 0.00192036
19498.3 0.00193105
19500.9 0.00194103
19503.5 0.00195033
19506.1 0.00195894
19508.7 0.00196683
19511.2 0.001974
19513.5 0.0019798
19515.8 0.00198507
19518 0.00198954
19520.3 0.00199374
19522.6 0.00199732
19524.9 0.0020004
19527.5 0.00200329
19530.1 0.00200545
19532.7 0.00200691
19535.3 0.00200772
19537.9 0.00200786
19540.5 0.00200728
19543.1 0.00200602
19545.7 0.00200413
19548.3 0.00200157
19550.9 0.00199833
19553.5 0.00199442
19555.7 0.00199049
19558.1 0.00198589
19560.3 0.00198119
19562.6 0.00197567
19564.8 0.0019698
19567.1 0.00196348
19569.7 0.00195561
19572.3 0.00194709
19574.9 0.00193795
19577.5 0.00192823
19580.1 0.00191793
19582.8 0.001907
19585.4 0.00189547
19588 0.0018834
19590.6 0.00187077
19593.2 0.00185754
19595.8 0.00184375
19598.1 0.0018309
19600.5 0.00181762
19602.6 0.00180501
19605 0.00179106
19607.2 0.00177723
19609.5 0.0017625
19612.1 0.00174528
19614.8 0.00172752
19617.4 0.00170925
19620 0.00169053
19622.7 0.00167134
19625.3 0.00165165
19627.9 0.00163149
19630.6 0.00161092
19633.2 0.00158991
19635.8 0.00156844
19638.5 0.00154654
19641.1 0.00152426
19643.7 0.00150159
19646.4 0.0014785
19649 0.00145502
19651.6 0.00143121
19654.3 0.00140704
19656.9 0.00138249
19659.5 0.0013576
19662.2 0.00133241
19664.8 0.00130691
19667.4 0.00128108
19670.1 0.00125493
19672.7 0.00122854
19675.3 0.00120188
19678 0.00117493
19680.6 0.00114772
19683.2 0.00112029
19685.9 0.00109265
19688.5 0.00106475
19691.1 0.00103664
19693.8 0.00100836
19696.4 0.000979907
19698.8 0.000954157
19701.1 0.00092826
19703.4 0.000903298
19705.7 0.000878249
19707.8 0.000854482
19710.1 0.000829227
19712.4 0.000803581
19714.7 0.00077788
19717.1 0.000750419
19719.7 0.000721648
19722.3 0.000692782
19724.4 0.000668362
19726.7 0.00064217
19728.9 0.000617697
19731.2 0.00059188
19733.5 0.00056543
19735.8 0.000538988
19738.2 0.000511387
19740.5 0.00048528
19742.8 0.000459156
19745 0.00043481
19747.2 0.000408967
19749.5 0.000383258
19751.8 0.000357552
19754.2 0.000329349
19756.7 0.000301225
19759.2 0.000273179
19761.4 0.000248667
19763.7 0.000222694
19765.9 0.000198469
19768.1 0.000173081
19770.5 0.000147137
19772.8 0.00012126
19775.2 9.44256e-05
19777.5 6.91662e-05
19779.8 4.40358e-05
19782 2.06964e-05
19784.3 -4.04314e-06
19786.5 -2.85137e-05
19788.8 -5.2829e-05
19791.3 -7.9453e-05
19793.8 -0.000105933
19796.3 -0.00013225
19798.5 -0.000155234
19800.8 -0.00017931
19802.9 -0.0002016
19805.2 -0.00022497
19807.5 -0.000248564
19809.8 -0.000271943
19812.3 -0.000296406
19814.9 -0.000321856
19817.4 -0.000347074
19819.6 -0.000368132
19821.9 -0.000390498
19824.1 -0.000411121
19826.4 -0.000432683
19828.7 -0.000454405
19831 -0.000475868
19833.4 -0.00049823
19836 -0.000521432
19838.6 -0.000544348
19840.7 -0.000563423
19843.1 -0.000583629
19845.2 -0.000602193
19847.5 -0.000621553
19849.8 -0.000640971
19852.1 -0.00066009
19854.6 -0.00067999
19857.2 -0.000700517
19859.7 -0.000720714
19861.9 -0.000737523
19864.2 -0.000755224
19866.4 -0.000771408
19868.7 -0.00078824
19871 -0.000805005
19873.3 -0.000821443
19875.8 -0.000838575
19878.3 -0.000856087
19880.9 -0.000873234
19883.1 -0.000887544
19885.4 -0.000902462
19887.6 -0.000916012
19889.9 -0.00093006
19892.2 -0.000943915
19894.5 -0.000957422
19896.9 -0.000971541
19899.5 -0.000985783
19902.1 -0.000999637
19904.3 -0.00101125
19906.6 -0.00102318
19908.8 -0.00103391
19911.1 -0.00104499
19913.4 -0.00105577
19915.6 -0.00106619
19918.1 -0.00107711
19920.6 -0.00108767
19923.1 -0.00109785
19925.3 -0.00110649
19927.6 -0.00111527
19929.8 -0.00112316
19932.1 -0.00113117
19934.4 -0.00113896
19936.8 -0.00114637
19939.2 -0.00115386
19941.8 -0.00116125
19944.4 -0.00116823
19946.6 -0.0011739
19948.9 -0.00117952
19951.1 -0.00118442
19953.4 -0.0011893
19955.7 -0.00119384
19958 -0.00119802
19960.5 -0.0012022
19963 -0.00120601
19965.5 -0.00120943
19967.7 -0.00121214
19970.1 -0.00121459
19972.3 -0.00121657
19974.6 -0.00121836
19976.8 -0.00121982
19979.1 -0.00122092
19981.7 -0.00122175
19984.2 -0.00122222
19986.7 -0.00122231
19989 -0.00122203
19991.3 -0.00122141
19993.4 -0.00122055
19995.7 -0.00121935
19998 -0.00121785
20000.3 -0.00121601
20002.9 -0.00121359
20005.4 -0.00121081
20007.9 -0.00120767
20010.5 -0.00120412
20013 -0.00120019
20015.3 -0.00119648
20017.6 -0.00119228
20019.8 -0.00118811
20022.1 -0.00118338
20024.4 -0.00117837
20026.7 -0.00117311
20029.2 -0.00116699
20031.8 -0.00116051
20034.3 -0.00115368
20036.6 -0.00114722
20038.9 -0.00114049
20041 -0.0011339
20043.4 -0.0011266
20045.6 -0.00111915
20047.9 -0.00111148
20050.5 -0.00110249
20053.1 -0.00109316
20055.6 -0.0010835
20058.2 -0.00107357
20060.8 -0.00106336
20063.4 -0.00105283
20065.9 -0.00104199
20068.2 -0.00103231
20070.6 -0.00102195
20072.7 -0.0010122
20075 -0.00100161
20077.3 -0.000990958
20079.6 -0.000980133
20082.2 -0.000967667
20084.7 -0.000954924
20087.3 -0.000941927
20089.9 -0.000928723
20092.5 -0.000915304
20095 -0.000901631
20097.6 -0.000887723
20099.8 -0.000875507
20102.2 -0.000862458
20104.4 -0.000850236
20106.7 -0.000837114
20109 -0.000823943
20111.3 -0.000810651
20113.8 -0.000795664
20116.4 -0.000780474
20118.9 -0.000765106
20121.5 -0.000749606
20124 -0.000733968
20126.3 -0.000720055
20128.6 -0.000705326
20130.8 -0.00069163
20133.1 -0.000677035
20135.4 -0.000662483
20137.7 -0.000647808
20140.2 -0.000631234
20142.8 -0.000614579
20145.4 -0.000597834
20147.9 -0.000580961
20150.5 -0.000563982
20152.8 -0.000548841
20155.1 -0.000533076
20157.3 -0.000518511
20159.6 -0.000502943
20161.9 -0.000487636
20164.1 -0.00047231
20166.7 -0.000454703
20169.3 -0.000437016
20171.9 -0.000419275
20174.5 -0.000401529
20177.1 -0.000383767
20179.7 -0.000365952
20182.3 -0.000348104
20184.9 -0.000330275
20187.5 -0.000312457
20190.1 -0.000294611
20192.7 -0.000276755
20194.9 -0.000261479
20197.3 -0.000245344
20199.4 -0.000230469
20201.7 -0.000214702
20204 -0.000199098
20206.3 -0.00018355
20208.9 -0.000166263
20211.4 -0.000148994
20213.9 -0.000131764
20216.5 -0.000114619
20219 -9.75557e-05
20221.3 -8.27624e-05
20223.6 -6.71117e-05
20225.8 -5.26552e-05
20228.1 -3.74752e-05
20230.4 -2.23358e-05
20232.7 -7.24491e-06
20235.2 9.1305e-06
20237.7 2.53807e-05
20240.2 4.15124e-05
20242.5 5.59302e-05
20244.8 7.08607e-05
20247 8.45613e-05
20249.3 9.89643e-05
20251.6 0.00011315
20253.9 0.000127258
20256.4 0.000142841
20258.9 0.000158258
20261.5 0.000173519
20263.8 0.000187331
20266.1 0.000201037
20268.3 0.00021368
20270.6 0.000227043
20272.8 0.000239952
20275.2 0.00025319
20277.7 0.000267725
20280.3 0.000282053
20282.9 0.000296191
20285.5 0.000310175
20288.1 0.000323984
20290.7 0.000337573
20293.2 0.000350953
20295.8 0.000364164
20298.4 0.00037719
20300.7 0.000388364
20303 0.000399853
20305.2 0.000410264
20307.5 0.000421199
20309.7 0.000431799
20312 0.000442207
20314.6 0.000453736
20317.1 0.000465076
20319.7 0.00047621
20322.2 0.000487096
20324.8 0.000497741
20327 0.000506885
20329.4 0.000516323
20331.5 0.000524847
20333.8 0.000533684
20336.1 0.000542284
20338.4 0.000550722
20340.9 0.000559838
20343.4 0.000568694
20345.9 0.000577301
20348.2 0.000584871
20350.6 0.000592515
20352.7 0.000599353
20355 0.000606413
20357.3 0.000613181
20359.6 0.00061978
20362.1 0.000626981
20364.7 0.000633906
20367.2 0.00064057
20369.8 0.000647012
20372.3 0.000653221
20374.5 0.000658404
20376.9 0.000663651
20379 0.000668325
20381.3 0.000673105
20383.6 0.000677672
20385.9 0.000682012
20388.4 0.000686524
20391 0.00069082
20393.5 0.000694886
20395.7 0.000698302
20398.1 0.000701633
20400.2 0.000704533
20402.5 0.000707438
20404.8 0.00071012
20407.1 0.000712578
20409.6 0.000715059
20412.2 0.000717323
20414.7 0.000719357
20417 0.000720966
20419.3 0.00072236
20421.4 0.000723507
20423.7 0.000724561
20426 0.000725403
20428.3 0.000726028
20430.8 0.000726495
20433.4 0.00072675
20435.9 0.000726778
20438.5 0.000726541
20441 0.000726054
20443.3 0.000725455
20445.6 0.000724651
20447.8 0.000723723
20450.1 0.000722532
20452.4 0.000721168
20454.7 0.000719647
20457.2 0.000717758
20459.8 0.000715621
20462.3 0.000713253
20464.6 0.000710936
20466.9 0.000708459
20469.1 0.000705964
20471.4 0.000703107
20473.6 0.000700142
20475.9 0.000697038
20478.5 0.000693304
20481.1 0.000689332
20483.6 0.000685143
20486.2 0.000680779
20488.8 0.000676227
20491.4 0.000671449
20494 0.000666461
20496.2 0.000661942
20498.6 0.000657097
20500.8 0.000652505
20503.1 0.000647443
20505.3 0.000642347
20507.6 0.000637138
20510.2 0.000631018
20512.8 0.000624694
20515.4 0.00061819
20518 0.000611546
20520.6 0.00060475
20523.1 0.000597764
20525.7 0.000590606
20528.3 0.000583322
20530.9 0.000575903
20533.1 0.000569363
20535.5 0.000562322
20537.7 0.000555745
20540 0.000548682
20542.3 0.000541577
20544.5 0.000534344
20547.1 0.000526128
20549.6 0.000517818
20552.2 0.000509401
20554.8 0.000500842
20557.3 0.000492155
20559.6 0.000484451
20561.9 0.000476296
20564.1 0.000468679
20566.4 0.000460495
20568.7 0.000452314
20571 0.000444084
20573.5 0.000434802
20576.1 0.000425405
20578.6 0.000415915
20581.2 0.000406374
20583.7 0.000396773
20586 0.000388212
20588.4 0.000379187
20590.5 0.000370835
20592.9 0.000361941
20595.1 0.000353118
20597.4 0.000344224
20600 0.000334117
20602.6 0.000323991
20605.1 0.000313831
20607.7 0.000303599
20610.3 0.000293317
20612.9 0.000283029
20615.4 0.000272726
20617.7 0.000263701
20620 0.000254169
20622.2 0.000245377
20624.5 0.000236062
20626.8 0.000226842
20629.1 0.000217588
20631.7 0.00020715
20634.2 0.000196738
20636.8 0.000186337
20639.4 0.000175909
20642 0.000165473
20644.3 0.000156122
20646.6 0.000146799
20648.7 0.000138051
20651.1 0.000128698
20653.3 0.000119592
20655.6 0.000110531
20658.2 0.000100062
20660.8 8.95927e-05
20663.4 7.91497e-05
20666.1 6.8777e-05
20668.7 5.84561e-05
20671.3 4.81489e-05
20673.9 3.78793e-05
20676.5 2.76927e-05
20679.1 1.75728e-05
20681.8 7.47974e-06
20684.4 -2.56468e-06
20687 -1.25139e-05
20689.6 -2.23824e-05
20692.2 -3.22114e-05
20694.9 -4.19813e-05
20697.2 -5.06694e-05
20699.6 -5.92775e-05
20701.7 -6.71718e-05
20704.1 -7.55707e-05
20706.3 -8.35317e-05
20708.6 -9.17317e-05
20711.3 -0.000101162
20714 -0.000110529
20716.6 -0.000119799
20719.3 -0.000128931
20721.7 -0.000136946
20724.1 -0.000144905
20726.6 -0.000153106
20729 -0.000161182
20731.5 -0.000169144
20733.7 -0.000176243
20736.1 -0.000183616
20738.3 -0.000190388
20740.6 -0.000197421
20742.9 -0.000204398
20745.2 -0.000211308
20747.7 -0.000218701
20750.2 -0.000225952
20752.7 -0.000233073
20754.9 -0.000239357
20757.3 -0.000245859
20759.4 -0.000251787
20761.7 -0.000257932
20764 -0.000263971
20766.3 -0.000269933
20768.9 -0.000276356
20771.4 -0.000282623
20773.9 -0.000288747
20776.2 -0.000294173
20778.5 -0.000299704
20780.7 -0.000304691
20783 -0.000309854
20785.3 -0.000314845
20787.5 -0.000319753
20790.1 -0.000325144
20792.6 -0.000330366
20795.2 -0.000335434
20797.7 -0.000340387
20800.3 -0.000345215
20802.5 -0.000349311
20804.9 -0.000353469
20807.1 -0.000357211
20809.4 -0.000361089
20811.6 -0.000364818
20813.9 -0.000368406
20816.5 -0.000372251
20819 -0.000375979
20821.5 -0.000379578
20823.8 -0.000382704
20826.2 -0.000385691
20828.3 -0.000388388
20830.6 -0.000391175
20832.9 -0.000393782
20835.1 -0.00039625
20837.7 -0.000398928
20840.3 -0.000401485
20842.9 -0.000403904
20845.5 -0.000406143
20848.1 -0.000408217
20850.6 -0.00041017
20853.2 -0.000411988
20855.5 -0.00041344
20857.8 -0.000414808
20860 -0.000415965
20862.3 -0.000417108
20864.6 -0.00041811
20866.8 -0.000418976
20869.4 -0.000419819
20872 -0.000420547
20874.5 -0.000421143
20877.1 -0.000421566
20879.7 -0.000421831
20882.3 -0.000421982
20884.8 -0.000422008
20887.1 -0.000421896
20889.4 -0.000421646
20891.6 -0.000421325
20893.9 -0.000420903
20896.2 -0.000420373
20898.4 -0.00041971
20901 -0.000418847
20903.5 -0.000417882
20906 -0.000416804
20908.3 -0.000415707
20910.6 -0.000414445
20912.8 -0.0004132
20915.1 -0.000411802
20917.3 -0.000410317
20919.6 -0.000408709
20922.2 -0.000406788
20924.7 -0.000404775
20927.2 -0.000402656
20929.5 -0.000400607
20931.8 -0.000398445
20934 -0.000396357
20936.3 -0.000394058
20938.6 -0.000391716
20940.8 -0.000389262
20943.4 -0.000386343
20946 -0.000383344
20948.5 -0.000380247
20951.1 -0.000377015
20953.7 -0.000373664
20956.3 -0.000370236
20958.8 -0.000366724
20961.1 -0.000363583
20963.4 -0.000360176
20965.6 -0.000356979
20967.9 -0.000353535
20970.2 -0.000350041
20972.4 -0.000346449
20975 -0.000342377
20977.5 -0.000338248
20980 -0.000334051
20982.3 -0.000330169
20984.6 -0.000326206
20986.8 -0.000322413
20989.1 -0.000318335
20991.3 -0.000314234
20993.6 -0.000310048
20996.1 -0.000305306
20998.7 -0.000300523
21001.2 -0.000295685
21003.5 -0.000291206
21005.8 -0.000286658
21008 -0.000282381
21010.3 -0.000277783
21012.6 -0.000273233
21014.8 -0.000268614
21017.4 -0.000263265
21020 -0.000257892
21022.6 -0.000252477
21025.1 -0.000246984
21027.7 -0.000241431
21030.3 -0.00023586
21032.9 -0.000230261
21035.2 -0.000225292
21037.5 -0.000220071
21039.7 -0.000215274
21042 -0.000210157
21044.2 -0.000205108
21046.5 -0.00020001
21049.1 -0.000194163
21051.7 -0.000188319
21054.2 -0.00018246
21056.8 -0.000176549
21059.4 -0.000170605
21062 -0.000164669
21064.5 -0.000158733
21066.8 -0.000153545
21069.1 -0.000148059
21071.3 -0.000143011
21073.6 -0.000137668
21075.9 -0.000132365
21078.2 -0.000127032
21080.7 -0.000121069
21083.3 -0.000115133
21085.8 -0.000109211
21088.3 -0.000103263
21090.9 -9.73032e-05
21093.1 -9.21492e-05
21095.5 -8.67067e-05
21097.6 -8.1653e-05
21099.9 -7.62942e-05
21102.2 -7.0937e-05
21104.5 -6.56179e-05
21107.1 -5.98364e-05
21109.6 -5.40445e-05
21112.1 -4.82582e-05
21114.4 -4.30787e-05
21116.7 -3.77456e-05
21118.9 -3.2832e-05
21121.2 -2.76088e-05
21123.5 -2.24789e-05
21125.8 -1.73981e-05
21128.3 -1.17087e-05
21130.9 -6.02262e-06
21133.5 -3.5994e-07
21136 5.23755e-06
21138.6 1.07832e-05
21140.9 1.5725e-05
21143.2 2.06511e-05
21145.3 2.52614e-05
21147.7 3.01202e-05
21149.9 3.48676e-05
21152.2 3.96043e-05
21154.8 4.4949e-05
21157.4 5.02134e-05
21159.9 5.54161e-05
21162.5 6.05959e-05
21165.1 6.57342e-05
21167.7 7.07881e-05
21170.3 7.57705e-05
21172.6 8.01394e-05
21174.9 8.46482e-05
21177.1 8.87246e-05
21179.4 9.29947e-05
21181.7 9.71257e-05
21183.9 0.000101234
21186.5 0.000105916
21189.1 0.0001105
21191.8 0.000115007
21194.4 0.000119475
21197 0.000123884
21199.6 0.00012819
21202.2 0.000132412
21204.8 0.000136592
21207.4 0.00014071
21210 0.000144723
21212.6 0.000148645
21215.2 0.00015252
21217.8 0.000156333
21220.2 0.000159652
21222.5 0.00016289
21224.7 0.00016585
21227 0.000168975
21229.2 0.000171954
21231.5 0.000174847
21234.1 0.00017812
21236.7 0.000181342
21239.3 0.00018449
21241.9 0.000187523
21244.5 0.00019046
21247.1 0.000193344
21249.7 0.000196154
21252.4 0.000198847
21255 0.000201441
21257.6 0.000203979
21260.2 0.000206444
21262.5 0.00020856
21264.9 0.000210589
21267 0.000212405
21269.3 0.000214313
21271.6 0.000216074
21273.9 0.000217809
21276.5 0.000219712
21279.2 0.000221558
21281.8 0.000223319
21284.5 0.000224956
21287.1 0.000226496
21289.8 0.00022798
21292.4 0.000229379
21295.1 0.000230653
21297.7 0.000231832
21300.4 0.000232955
21303 0.000233993
21305.7 0.000234907
21308.3 0.000235728
21311 0.000236494
21313.6 0.000237175
21316.3 0.000237733
21318.9 0.0002382
21321.6 0.000238615
21324.2 0.000238946
21326.9 0.000239154
21329.2 0.000239264
21331.6 0.000239335
21334 0.000239348
21336.5 0.00023926
21339 0.000239078
21341.2 0.000238881
21343.5 0.000238631
21345.6 0.00023833
21347.9 0.000237928
21350.3 0.000237447
21352.6 0.00023693
21355 0.000236362
21357.6 0.00023565
21360.1 0.000234843
21362.3 0.000234123
21364.6 0.00023332
21366.8 0.000232502
21369 0.000231563
21371.4 0.000230522
21373.8 0.000229449
21376.2 0.00022833
21378.7 0.000227039
21381.3 0.000225661
21383.4 0.000224461
21385.8 0.000223148
21387.9 0.000221859
21390.2 0.00022043
21392.6 0.0002189
21394.9 0.000217345
21397.3 0.000215752
21399.8 0.000213939
21402.4 0.000212048
21404.6 0.000210421
21406.9 0.000208659
21409 0.00020695
21411.3 0.000205088
21413.7 0.0002031
21416.1 0.000201093
21418.5 0.000199054
21421 0.000196791
21423.6 0.000194458
21425.7 0.000192461
21428 0.000190307
21430.2 0.000188242
21432.5 0.000186011
21434.9 0.000183672
21437.2 0.000181323
21439.6 0.000178868
21442.2 0.000176207
21444.8 0.000173487
21447 0.000171179
21449.3 0.000168695
21451.4 0.000166344
21453.7 0.000163812
21456 0.000161206
21458.4 0.000158599
21460.8 0.000155827
21463.4 0.000152867
21466 0.000149858
21468.1 0.000147302
21470.5 0.000144564
21472.6 0.000141992
21474.9 0.00013923
21477.2 0.000136413
21479.5 0.000133603
21482 0.000130597
21484.6 0.000127422
21487.1 0.000124209
21489.3 0.000121462
21491.6 0.000118547
21493.8 0.000115822
21496.1 0.000112902
21498.4 0.000109949
21500.7 0.000107009
21503.2 0.000103846
21505.6 0.000100644
21508.1 9.74156e-05
21510.3 9.46024e-05
21512.6 9.16035e-05
21514.8 8.87698e-05
21517.1 8.57626e-05
21519.4 8.26448e-05
21521.8 7.95496e-05
21524.2 7.6462e-05
21526.7 7.31016e-05
21529.3 6.97213e-05
21531.5 6.68716e-05
21533.8 6.38383e-05
21536 6.09866e-05
21538.3 5.79643e-05
21540.6 5.48699e-05
21542.9 5.18056e-05
21545.4 4.86234e-05
21548 4.52558e-05
21550.5 4.18787e-05
21552.7 3.90402e-05
21555.1 3.603e-05
21557.2 3.32359e-05
21559.5 3.02665e-05
21561.8 2.72849e-05
21564.1 2.43399e-05
21566.6 2.11922e-05
21569.1 1.8032e-05
21571.6 1.4871e-05
21573.8 1.21174e-05
21576.1 9.22333e-06
21578.3 6.51951e-06
21580.6 3.66221e-06
21582.9 7.68719e-07
21585.3 -2.08108e-06
21587.7 -5.05982e-06
21590.3 -8.16896e-06
21592.9 -1.12703e-05
21595.1 -1.39033e-05
21597.4 -1.66517e-05
21599.6 -1.91836e-05
21601.9 -2.18703e-05
21604.2 -2.45283e-05
21606.5 -2.71382e-05
21609 -2.9968e-05
21611.5 -3.2797e-05
21614 -3.5611e-05
21616.3 -3.80916e-05
21618.6 -4.06236e-05
21620.8 -4.29487e-05
21623.1 -4.54164e-05
21625.4 -4.78322e-05
21627.7 -5.01954e-05
21630.2 -5.2791e-05
21632.7 -5.53806e-05
21635.3 -5.79475e-05
21637.8 -6.04511e-05
21640.4 -6.29023e-05
21642.6 -6.50142e-05
21644.9 -6.72524e-05
21647.1 -6.92921e-05
21649.4 -7.13905e-05
21651.7 -7.34716e-05
21654 -7.55461e-05
21656.5 -7.77616e-05
21659 -7.99105e-05
21661.5 -8.20054e-05
21663.8 -8.38685e-05
21666.1 -8.58031e-05
21668.3 -8.7552e-05
21670.6 -8.93454e-05
21672.9 -9.11024e-05
21675.2 -9.28503e-05
21677.7 -9.47426e-05
21680.3 -9.65631e-05
21682.8 -9.83271e-05
21685.1 -9.99176e-05
21687.4 -0.000101489
21689.6 -0.000102917
21691.9 -0.000104382
21694.2 -0.000105788
21696.4 -0.000107184
21699 -0.000108738
21701.6 -0.000110215
21704.2 -0.000111633
21706.8 -0.000113034
21709.4 -0.0001144
21712 -0.000115688
21714.5 -0.000116914
21717.1 -0.000118121
21719.7 -0.000119295
21722 -0.000120248
21724.3 -0.000121197
21726.5 -0.00012205
21728.8 -0.000122942
21731.1 -0.000123782
21733.4 -0.000124559
21735.9 -0.00012538
21738.5 -0.000126182
21741.1 -0.00012695
21743.6 -0.000127641
21746.2 -0.000128271
21748.5 -0.000128814
21750.8 -0.000129357
21753 -0.000129806
21755.3 -0.000130224
21757.6 -0.0001306
21759.8 -0.000130967
21762.4 -0.000131349
21765 -0.000131652
21767.6 -0.000131899
21770.2 -0.000132129
21772.8 -0.000132325
21775.4 -0.000132444
21778 -0.000132504
21780.6 -0.000132547
21783.2 -0.000132561
21785.8 -0.000132501
21788.4 -0.000132379
21790.6 -0.00013226
21793 -0.00013212
21795.2 -0.000131944
21797.5 -0.0001317
21799.7 -0.000131428
21802 -0.000131149
21804.6 -0.000130806
21807.1 -0.000130393
21809.7 -0.000129926
21812.2 -0.000129448
21814.8 -0.000128947
21817 -0.000128451
21819.4 -0.00012788
21821.6 -0.000127338
21823.9 -0.000126759
21826.2 -0.000126153
21828.4 -0.000125492
21831 -0.000124706
21833.6 -0.000123915
21836.1 -0.0001231
21838.7 -0.000122223
21841.2 -0.000121295
21843.5 -0.000120466
21845.9 -0.000119596
21848 -0.000118757
21850.3 -0.000117815
21852.6 -0.000116867
21854.9 -0.00011592
21857.5 -0.000114822
21860 -0.000113663
21862.6 -0.000112461
21865.2 -0.000111259
21867.8 -0.000110042
21870.4 -0.000108769
21872.9 -0.000107451
21875.2 -0.000106298
21877.6 -0.000105091
21879.7 -0.000103948
21882 -0.000102689
21884.3 -0.000101433
21886.6 -0.000100184
21889.1 -9.87563e-05
21891.7 -9.72763e-05
21894.3 -9.5761e-05
21896.8 -9.42528e-05
21899.4 -9.2739e-05
21901.7 -9.13495e-05
21904 -8.99263e-05
21906.1 -8.85825e-05
21908.4 -8.71597e-05
21910.7 -8.57433e-05
21913 -8.42878e-05
21915.5 -8.26146e-05
21918.1 -8.09547e-05
21920.7 -7.92923e-05
21923.3 -7.7587e-05
21925.8 -7.58521e-05
21928.1 -7.43175e-05
21930.4 -7.27908e-05
21932.6 -7.13276e-05
21934.9 -6.9734e-05
21937.1 -6.81596e-05
21939.4 -6.66025e-05
21942 -6.48404e-05
21944.5 -6.30401e-05
21947.1 -6.12183e-05
21949.6 -5.94165e-05
21952.2 -5.76231e-05
21954.5 -5.6007e-05
21956.8 -5.43067e-05
21959 -5.27552e-05
21961.3 -5.11237e-05
21963.6 -4.95162e-05
21965.8 -4.78807e-05
21968.4 -4.60086e-05
21971 -4.41634e-05
21973.5 -4.23289e-05
21976.1 -4.04649e-05
21978.7 -3.85855e-05
21981.3 -3.67332e-05
21983.8 -3.48988e-05
21986 -3.33028e-05
21988.4 -3.15905e-05
21990.5 -3.00207e-05
21992.8 -2.83854e-05
21995.1 -2.67537e-05
21997.4 -2.50996e-05
21999.9 -2.3282e-05
22002.5 -2.14964e-05
22005 -1.97314e-05
22007.2 -1.8134e-05
22009.6 -1.64565e-05
22011.7 -1.49247e-05
22014 -1.33294e-05
22016.3 -1.17498e-05
22018.6 -1.01517e-05
22021.1 -8.37952e-06
22023.7 -6.64439e-06
22026.2 -4.93336e-06
22028.5 -3.37152e-06
22030.8 -1.80083e-06
22032.9 -3.42105e-07
22035.2 1.18023e-06
22037.5 2.67467e-06
22039.8 4.18412e-06
22042.3 5.87719e-06
22044.9 7.52831e-06
22047.4 9.15241e-06
22050 1.07891e-05
22052.5 1.24266e-05
22054.8 1.38261e-05
22057.1 1.5266e-05
22059.3 1.65948e-05
22061.6 1.80157e-05
22063.9 1.94126e-05
22066.2 2.07704e-05
22068.7 2.22486e-05
22071.2 2.37367e-05
22073.8 2.52208e-05
22076.1 2.65271e-05
22078.3 2.78008e-05
22080.5 2.89998e-05
22082.8 3.02869e-05
22085.1 3.1537e-05
22087.4 3.27462e-05
22089.9 3.40813e-05
22092.5 3.5424e-05
22095 3.67579e-05
22097.6 3.80431e-05
22100.1 3.92917e-05
22102.4 4.03945e-05
22104.8 4.15468e-05
22106.9 4.25774e-05
22109.2 4.36318e-05
22111.5 4.46578e-05
22113.8 4.56905e-05
22116.3 4.68366e-05
22118.9 4.79308e-05
22121.4 4.89893e-05
22124 5.00512e-05
22126.6 5.11042e-05
22128.8 5.1989e-05
22131.2 5.28775e-05
22133.3 5.36906e-05
22135.6 5.45587e-05
22137.9 5.53947e-05
22140.2 5.6186e-05
22142.7 5.70408e-05
22145.3 5.7899e-05
22147.9 5.87443e-05
22150.4 5.95373e-05
22153 6.029e-05
22155.2 6.09492e-05
22157.5 6.16408e-05
22159.7 6.22476e-05
22162 6.28472e-05
22164.3 6.3425e-05
22166.6 6.40075e-05
22169.1 6.46375e-05
22171.7 6.5214e-05
22174.2 6.57524e-05
22176.6 6.62458e-05
22178.9 6.67342e-05
22181 6.71544e-05
22183.4 6.75612e-05
22185.6 6.79421e-05
22187.9 6.83413e-05
22190.5 6.87663e-05
22193.1 6.91341e-05
22195.8 6.94681e-05
22198.4 6.98063e-05
22201 7.01268e-05
22203.6 7.03907e-05
22206.2 7.06185e-05
22208.8 7.08504e-05
22211.4 7.10675e-05
22214 7.12291e-05
22216.6 7.13526e-05
22219.2 7.14798e-05
22221.8 7.15953e-05
22224.4 7.16568e-05
22227 7.16781e-05
22229.3 7.16991e-05
22231.6 7.17188e-05
22233.8 7.17045e-05
22236.1 7.1647e-05
22238.4 7.15767e-05
22240.6 7.15137e-05
22243.2 7.1426e-05
22245.8 7.12845e-05
22248.4 7.11093e-05
22251 7.0941e-05
22253.5 7.07627e-05
22256.1 7.05328e-05
22258.7 7.0266e-05
22261 7.00361e-05
22263.3 6.97973e-05
22265.5 6.95476e-05
22267.8 6.92413e-05
22270.1 6.89297e-05
22272.3 6.86279e-05
22274.9 6.82689e-05
22277.5 6.78585e-05
22280.1 6.74176e-05
22282.7 6.69871e-05
22285.3 6.65494e-05
22287.9 6.60627e-05
22290.5 6.55428e-05
22293 6.50332e-05
22295.6 6.45212e-05
22297.9 6.40413e-05
22300.2 6.35034e-05
22302.4 6.30093e-05
22304.7 6.24963e-05
22307 6.19729e-05
22309.3 6.14103e-05
22311.8 6.07552e-05
22314.4 6.01147e-05
22316.9 5.94714e-05
22319.5 5.87843e-05
22322 5.80672e-05
22324.3 5.74451e-05
22326.7 5.68032e-05
22328.8 5.61876e-05
22331.1 5.54988e-05
22333.4 5.48116e-05
22335.7 5.41406e-05
22338.2 5.33812e-05
22340.8 5.25796e-05
22343.4 5.17536e-05
22345.9 5.0945e-05
22348.5 5.01409e-05
22350.7 4.93971e-05
22353.1 4.85961e-05
22355.3 4.78659e-05
22357.6 4.71066e-05
22359.8 4.63489e-05
22362.1 4.55579e-05
22364.7 4.46432e-05
22367.3 4.37504e-05
22369.8 4.28615e-05
22372.4 4.19351e-05
22375 4.09869e-05
22377.6 4.00602e-05
22380.1 3.91434e-05
22382.4 3.83189e-05
22384.7 3.74279e-05
22386.9 3.66156e-05
22389.2 3.57747e-05
22391.5 3.49359e-05
22393.8 3.40673e-05
22396.3 3.30817e-05
22398.9 3.21217e-05
22401.4 3.11715e-05
22404 3.019e-05
22406.5 2.91889e-05
22408.8 2.83308e-05
22411.1 2.74467e-05
22413.3 2.66156e-05
22415.6 2.57088e-05
22417.9 2.48085e-05
22420.2 2.39335e-05
22422.7 2.29706e-05
22425.2 2.19785e-05
22427.8 2.0972e-05
22430.1 2.00779e-05
22432.4 1.92022e-05
22434.6 1.83706e-05
22436.9 1.74593e-05
22439.1 1.65738e-05
22441.4 1.57151e-05
22444 1.47357e-05
22446.6 1.37279e-05
22449.2 1.27115e-05
22451.8 1.17281e-05
22454.4 1.07608e-05
22457 9.76767e-06
22459.6 8.76397e-06
22462.2 7.79326e-06
22464.8 6.84306e-06
22467.1 5.96947e-06
22469.4 5.08193e-06
22471.6 4.28e-06
22473.9 3.45118e-06
22476.1 2.64464e-06
22478.5 1.7884e-06
22481 8.33918e-07
22483.6 -8.30828e-08
22486.2 -9.83157e-07
22488.8 -1.90648e-06
22491.4 -2.83449e-06
22494 -3.72528e-06
22496.6 -4.59426e-06
22499.1 -5.48394e-06
22501.7 -6.38107e-06
22504.3 -7.24178e-06
22506.9 -8.07609e-06
22509.1 -8.80255e-06
22511.5 -9.5857e-06
22513.6 -1.029e-05
22515.9 -1.10035e-05
22518.2 -1.17089e-05
22520.5 -1.24325e-05
22523 -1.32274e-05
22525.5 -1.39851e-05
22528 -1.47171e-05
22530.3 -1.53834e-05
22532.6 -1.60897e-05
22534.8 -1.67231e-05
22537.1 -1.73609e-05
22539.3 -1.79893e-05
22541.6 -1.86344e-05
22544.2 -1.93427e-05
22546.7 -2.00125e-05
22549.2 -2.06555e-05
22551.4 -2.12425e-05
22553.8 -2.18633e-05
22555.9 -2.24156e-05
22558.2 -2.29675e-05
22560.5 -2.3508e-05
22562.8 -2.40642e-05
22565.3 -2.46769e-05
22567.8 -2.52498e-05
22570.4 -2.57955e-05
22572.6 -2.62976e-05
22574.9 -2.6808e-05
22577.1 -2.72718e-05
22579.4 -2.77304e-05
22581.6 -2.81778e-05
22583.9 -2.86403e-05
22586.5 -2.91473e-05
22589 -2.96139e-05
22591.5 -3.00529e-05
22593.8 -3.0458e-05
22596.1 -3.08852e-05
22598.3 -3.12556e-05
22600.6 -3.1615e-05
22602.8 -3.19616e-05
22605.1 -3.23227e-05
22607.7 -3.27233e-05
22610.2 -3.30821e-05
22612.8 -3.3414e-05
22615.3 -3.37591e-05
22617.9 -3.4107e-05
22620.1 -3.43781e-05
22622.4 -3.46346e-05
22624.6 -3.48734e-05
22626.9 -3.51397e-05
22629.2 -3.53943e-05
22631.5 -3.56123e-05
22634 -3.58279e-05
22636.5 -3.60572e-05
22639 -3.62883e-05
22641.2 -3.64634e-05
22643.6 -3.66163e-05
22645.8 -3.67595e-05
22648.1 -3.69247e-05
22650.4 -3.70771e-05
22652.6 -3.71933e-05
22655.2 -3.72998e-05
22657.7 -3.74207e-05
22660.2 -3.75428e-05
22662.5 -3.76204e-05
22664.8 -3.76715e-05
22667 -3.7722e-05
22669.3 -3.77889e-05
22671.6 -3.78414e-05
22673.8 -3.78587e-05
22676.4 -3.78588e-05
22679 -3.78748e-05
22681.5 -3.78901e-05
22684.1 -3.78653e-05
22686.6 -3.78134e-05
22688.9 -3.77788e-05
22691.3 -3.77506e-05
22693.4 -3.77021e-05
22695.7 -3.76176e-05
22698 -3.75283e-05
22700.3 -3.74548e-05
22702.8 -3.73676e-05
22705.4 -3.72398e-05
22708 -3.70888e-05
22710.5 -3.69544e-05
22713.1 -3.68228e-05
22715.4 -3.66743e-05
22717.7 -3.64937e-05
22719.9 -3.63341e-05
22722.2 -3.61788e-05
22724.5 -3.60138e-05
22726.7 -3.58157e-05
22729.3 -3.55727e-05
22731.9 -3.53492e-05
22734.5 -3.51255e-05
22737.1 -3.48623e-05
22739.7 -3.45772e-05
22742.3 -3.43111e-05
22744.9 -3.4049e-05
22747.5 -3.37495e-05
22750 -3.34252e-05
22752.3 -3.31593e-05
22754.6 -3.28901e-05
22756.8 -3.26224e-05
22759.1 -3.23076e-05
22761.4 -3.1993e-05
22763.7 -3.16975e-05
22766.2 -3.13659e-05
22768.8 -3.09975e-05
22771.3 -3.06094e-05
22773.9 -3.02418e-05
22776.4 -2.9882e-05
22778.7 -2.95385e-05
22781 -2.91536e-05
22783.2 -2.88068e-05
22785.5 -2.84577e-05
22787.8 -2.81033e-05
22790.1 -2.77181e-05
22792.6 -2.72749e-05
22795.2 -2.6855e-05
22797.7 -2.64415e-05
22800.3 -2.59947e-05
22802.8 -2.55272e-05
22805.1 -2.51345e-05
22807.4 -2.47359e-05
22809.6 -2.43507e-05
22811.9 -2.39145e-05
22814.2 -2.34806e-05
22816.5 -2.30691e-05
22819 -2.26151e-05
22821.6 -2.2128e-05
22824.1 -2.16247e-05
22826.7 -2.11456e-05
22829.2 -2.06788e-05
22831.5 -2.0247e-05
22833.8 -1.97688e-05
22836 -1.93365e-05
22838.3 -1.89014e-05
22840.6 -1.84634e-05
22842.9 -1.79973e-05
22845.4 -1.7472e-05
22848 -1.69737e-05
22850.5 -1.64865e-05
22852.9 -1.60148e-05
22855.2 -1.5525e-05
22857.4 -1.50837e-05
22859.7 -1.4634e-05
22861.9 -1.41907e-05
22864.3 -1.37046e-05
22866.9 -1.31538e-05
22869.5 -1.26344e-05
22872.1 -1.21217e-05
22874.7 -1.15771e-05
22877.3 -1.10246e-05
22880 -1.05041e-05
22882.6 -9.99268e-06
22885.2 -9.45032e-06
22887.8 -8.89909e-06
22890.4 -8.38025e-06
22893.1 -7.87307e-06
22895.7 -7.33594e-06
22898.3 -6.7889e-06
22900.9 -6.27458e-06
22903.5 -5.77435e-06
22906.1 -5.24529e-06
22908.8 -4.70525e-06
22911.4 -4.19813e-06
22914 -3.70751e-06
22916.3 -3.24378e-06
22918.7 -2.76607e-06
22920.9 -2.34507e-06
22923.2 -1.92009e-06
22925.4 -1.50836e-06
22927.7 -1.05545e-06
22930.4 -5.32361e-07
22933 -4.71851e-08
22935.7 4.29923e-07
22938.4 9.37448e-07
22941.1 1.44373e-06
22943.7 1.91095e-06
22946.1 2.3216e-06
22948.5 2.75702e-06
22951 3.21422e-06
22953.4 3.63963e-06
22955.9 4.04453e-06
22958.1 4.4242e-06
22960.5 4.84099e-06
22962.6 5.21553e-06
22964.9 5.58037e-06
22967.2 5.94502e-06
22969.6 6.33238e-06
22972.1 6.75316e-06
22974.5 7.14172e-06
22977 7.5082e-06
22979.2 7.84726e-06
22981.5 8.22431e-06
22983.7 8.56275e-06
22986 8.88832e-06
22988.4 9.21344e-06
22990.7 9.56052e-06
22993.2 9.93451e-06
22995.7 1.02879e-05
22998.3 1.06183e-05
23000.5 1.09218e-05
23002.9 1.12561e-05
23005 1.15475e-05
23007.3 1.18263e-05
23009.6 1.20999e-05
23011.9 1.23945e-05
23014.4 1.27243e-05
23017 1.30191e-05
23019.5 1.32927e-05
23021.8 1.35576e-05
23024.1 1.38355e-05
23026.3 1.40789e-05
23028.6 1.43082e-05
23030.8 1.45315e-05
23033.1 1.47751e-05
23035.7 1.50519e-05
23038.2 1.52925e-05
23040.8 1.55127e-05
23043.3 1.57538e-05
23045.9 1.60042e-05
23048.1 1.61972e-05
23050.5 1.63735e-05
23052.7 1.65434e-05
23055 1.67428e-05
23057.2 1.69319e-05
23059.5 1.70898e-05
23062 1.72512e-05
23064.6 1.74343e-05
23067.1 1.76242e-05
23069.7 1.77798e-05
23072.2 1.79114e-05
23074.4 1.80402e-05
23076.8 1.81908e-05
23079 1.83137e-05
23081.3 1.84131e-05
23083.6 1.85076e-05
23085.9 1.86222e-05
23088.4 1.87506e-05
23090.9 1.88451e-05
23093.4 1.89172e-05
23095.6 1.89967e-05
23098 1.90935e-05
23100.1 1.9166e-05
23102.4 1.92128e-05
23104.7 1.92552e-05
23107 1.93176e-05
23109.6 1.93894e-05
23112.1 1.9427e-05
23114.6 1.94432e-05
23116.9 1.94739e-05
23119.2 1.95174e-05
23121.3 1.95412e-05
23123.6 1.95371e-05
23125.9 1.95298e-05
23128.2 1.95426e-05
23130.7 1.95594e-05
23133.3 1.95419e-05
23135.8 1.95042e-05
23138.1 1.94871e-05
23140.4 1.94821e-05
23142.6 1.94591e-05
23144.9 1.9406e-05
23147.1 1.93532e-05
23149.4 1.93204e-05
23152 1.9284e-05
23154.6 1.92119e-05
23157.2 1.91226e-05
23159.8 1.90562e-05
23162.4 1.89968e-05
23164.9 1.89033e-05
23167.5 1.87894e-05
23170.1 1.86973e-05
23172.7 1.86158e-05
23174.9 1.85202e-05
23177.3 1.83962e-05
23179.5 1.82908e-05
23181.8 1.81987e-05
23184 1.81011e-05
23186.3 1.79742e-05
23188.8 1.78197e-05
23191.4 1.76884e-05
23193.9 1.75659e-05
23196.2 1.74278e-05
23198.5 1.72688e-05
23200.7 1.71307e-05
23203 1.7003e-05
23205.3 1.68705e-05
23207.5 1.67098e-05
23210.1 1.65151e-05
23212.7 1.63456e-05
23215.2 1.61832e-05
23217.8 1.59881e-05
23220.4 1.57756e-05
23223 1.5587e-05
23225.6 1.54101e-05
23227.8 1.52319e-05
23230.2 1.50236e-05
23232.3 1.48425e-05
23234.6 1.46712e-05
23236.9 1.44963e-05
23239.2 1.42937e-05
23241.7 1.4056e-05
23244.3 1.38438e-05
23246.8 1.36414e-05
23249.4 1.3409e-05
23251.9 1.31582e-05
23254.1 1.29582e-05
23256.5 1.27636e-05
23258.7 1.25697e-05
23261 1.23382e-05
23263.3 1.21068e-05
23265.5 1.18993e-05
23268.1 1.16786e-05
23270.6 1.14284e-05
23273.1 1.11624e-05
23275.4 1.0943e-05
23277.7 1.07323e-05
23279.9 1.05235e-05
23282.2 1.02766e-05
23284.5 1.00347e-05
23286.7 9.81706e-06
23289.3 9.57895e-06
23291.9 9.31079e-06
23294.4 9.02948e-06
23297 8.77488e-06
23299.5 8.53427e-06
23301.8 8.30082e-06
23304.1 8.03691e-06
23306.3 7.80623e-06
23308.6 7.5848e-06
23310.9 7.3619e-06
23313.2 7.11321e-06
23315.7 6.82766e-06
23318.3 6.57077e-06
23320.8 6.32592e-06
23323.4 6.05335e-06
23325.9 5.76571e-06
23328.2 5.53479e-06
23330.5 5.31068e-06
23332.7 5.09086e-06
23335 4.83399e-06
23337.3 4.58223e-06
23339.6 4.35658e-06
23342.1 4.11367e-06
23344.7 3.8426e-06
23347.2 3.55986e-06
23349.8 3.30548e-06
23352.3 3.06755e-06
23354.5 2.83991e-06
23356.9 2.58065e-06
23359.1 2.35383e-06
23361.4 2.13922e-06
23363.7 1.92373e-06
23366 1.68339e-06
23368.5 1.41199e-06
23371.1 1.1706e-06
23373.6 9.43788e-07
23375.9 7.14602e-07
23378.2 4.69923e-07
23380.4 2.57111e-07
23382.7 5.46595e-08
23385 -1.46544e-07
23387.2 -3.71551e-07
23389.8 -6.35215e-07
23392.5 -8.65652e-07
23395.1 -1.08485e-06
23397.7 -1.33266e-06
23400.3 -1.58817e-06
23402.9 -1.81056e-06
23405.5 -2.0194e-06
23408.1 -2.25615e-06
23410.8 -2.5024e-06
23413.4 -2.71582e-06
23416 -2.9134e-06
23418.6 -3.13808e-06
23421.2 -3.37407e-06
23423.6 -3.55881e-06
23425.9 -3.72484e-06
23428.1 -3.8918e-06
23430.4 -4.09172e-06
23432.6 -4.27498e-06
23434.9 -4.43654e-06
23437.6 -4.61548e-06
23440.2 -4.82446e-06
23442.9 -5.03491e-06
23445.6 -5.20846e-06
23448.2 -5.37439e-06
23450.9 -5.57063e-06
23453.5 -5.76707e-06
23456.2 -5.92605e-06
23458.8 -6.07837e-06
23461.5 -6.26126e-06
23464.1 -6.44309e-06
23466.8 -6.58694e-06
23469.4 -6.72515e-06
23472.1 -6.89418e-06
23474.7 -7.06089e-06
23477.4 -7.18917e-06
23479.8 -7.29856e-06
23482.2 -7.43344e-06
23484.6 -7.58052e-06
23487.1 -7.6961e-06
23489.6 -7.79252e-06
23491.8 -7.89747e-06
23494.2 -8.02521e-06
23496.3 -8.12969e-06
23498.6 -8.21135e-06
23500.9 -8.29118e-06
23503.2 -8.39503e-06
23505.7 -8.5143e-06
23508.2 -8.60241e-06
23510.7 -8.67044e-06
23512.9 -8.74807e-06
23515.2 -8.84834e-06
23517.4 -8.9282e-06
23519.7 -8.98362e-06
23522 -9.03655e-06
23524.3 -9.11344e-06
23526.8 -9.20314e-06
23529.3 -9.26232e-06
23531.8 -9.3011e-06
23534 -9.35182e-06
23536.3 -9.42444e-06
23538.5 -9.47973e-06
23540.8 -9.50908e-06
23543.1 -9.53499e-06
23545.5 -9.58486e-06
23547.9 -9.64549e-06
23550.5 -9.67693e-06
23553.1 -9.6878e-06
23555.3 -9.71544e-06
23557.6 -9.76179e-06
23559.8 -9.7897e-06
23562.1 -9.79143e-06
23564.4 -9.79194e-06
23566.7 -9.81591e-06
23569.2 -9.84869e-06
23571.7 -9.84989e-06
23574.3 -9.83274e-06
23576.5 -9.83668e-06
23578.8 -9.85664e-06
23581 -9.86058e-06
23583.3 -9.83734e-06
23585.6 -9.8135e-06
23587.8 -9.81307e-06
23590.4 -9.81882e-06
23592.9 -9.79305e-06
23595.4 -9.74963e-06
23597.7 -9.73036e-06
23600 -9.72676e-06
23602.2 -9.7077e-06
23604.5 -9.66067e-06
23606.8 -9.61498e-06
23609 -9.59257e-06
23611.6 -9.57267e-06
23614.2 -9.5205e-06
23616.7 -9.45252e-06
23619.3 -9.40995e-06
23621.8 -9.38017e-06
23624.1 -9.3294e-06
23626.5 -9.25574e-06
23628.6 -9.1997e-06
23630.9 -9.16215e-06
23633.2 -9.12006e-06
23635.5 -9.05058e-06
23638 -8.96119e-06
23640.6 -8.89883e-06
23643.2 -8.84658e-06
23645.7 -8.76341e-06
23648.3 -8.66297e-06
23650.9 -8.58756e-06
23653.5 -8.52709e-06
23655.7 -8.45317e-06
23658 -8.35294e-06
23660.2 -8.27021e-06
23662.5 -8.20584e-06
23664.8 -8.1389e-06
23667.1 -8.04457e-06
23669.6 -7.9299e-06
23672.1 -7.84065e-06
23674.6 -7.76503e-06
23676.8 -7.67518e-06
23679.2 -7.56038e-06
23681.4 -7.46492e-06
23683.7 -7.3869e-06
23685.9 -7.3064e-06
23688.2 -7.1991e-06
23690.8 -7.07007e-06
23693.3 -6.96718e-06
23695.8 -6.87752e-06
23698.1 -6.77381e-06
23700.4 -6.65091e-06
23702.5 -6.5456e-06
23704.8 -6.45679e-06
23707.1 -6.36575e-06
23709.4 -6.24841e-06
23711.9 -6.10842e-06
23714.4 -5.99516e-06
23717 -5.8949e-06
23719.3 -5.78087e-06
23721.6 -5.64854e-06
23723.7 -5.53677e-06
23726 -5.44054e-06
23728.3 -5.34213e-06
23730.6 -5.21812e-06
23733.1 -5.06941e-06
23735.7 -4.94883e-06
23738.3 -4.83989e-06
23740.8 -4.70262e-06
23743.4 -4.55003e-06
23745.7 -4.43617e-06
23748 -4.33575e-06
23750.2 -4.22973e-06
23752.5 -4.09302e-06
23754.8 -3.96245e-06
23757 -3.85653e-06
23759.6 -3.74256e-06
23762.2 -3.59913e-06
23764.7 -3.44417e-06
23767.3 -3.31762e-06
23769.9 -3.20453e-06
23772.5 -3.06386e-06
23775.1 -2.90768e-06
23777.3 -2.79311e-06
23779.7 -2.69138e-06
23781.8 -2.58494e-06
23784.1 -2.44822e-06
23786.4 -2.31611e-06
23788.7 -2.2094e-06
23791.2 -2.09798e-06
23793.8 -1.9585e-06
23796.3 -1.8067e-06
23798.9 -1.68244e-06
23801.4 -1.57435e-06
23803.6 -1.46035e-06
23806 -1.32106e-06
23808.2 -1.20453e-06
23810.5 -1.10586e-06
23812.8 -1.00596e-06
23815.1 -8.81084e-07
23817.6 -7.36434e-07
23820.1 -6.20035e-07
23822.6 -5.18345e-07
23824.9 -4.05734e-07
23827.2 -2.7155e-07
23829.4 -1.61981e-07
23831.7 -6.98388e-08
23834 2.37769e-08
23836.3 1.41805e-07
23838.8 2.80877e-07
23841.4 3.89895e-07
23843.9 4.86107e-07
23846.5 6.09207e-07
23849.1 7.45519e-07
23851.3 8.43254e-07
23853.7 9.26042e-07
23855.9 1.01515e-06
23858.2 1.13251e-06
23860.4 1.24258e-06
23862.7 1.32647e-06
23865.3 1.4143e-06
23867.9 1.53054e-06
23870.5 1.65607e-06
23873 1.75107e-06
23875.6 1.83186e-06
23878.2 1.93952e-06
23880.8 2.06049e-06
23883 2.14309e-06
23885.4 2.21015e-06
23887.6 2.28471e-06
23889.9 2.3865e-06
23892.1 2.48101e-06
23894.4 2.54891e-06
23897 2.61827e-06
23899.6 2.71605e-06
23902.2 2.82289e-06
23904.7 2.8987e-06
23907.3 2.96001e-06
23909.9 3.04822e-06
23912.5 3.14958e-06
23914.7 3.21467e-06
23917.1 3.26311e-06
23919.3 3.32063e-06
23921.6 3.40428e-06
23923.9 3.4806e-06
23926.1 3.53003e-06
23928.7 3.57839e-06
23931.3 3.65537e-06
23933.9 3.74114e-06
23936.5 3.79529e-06
23939 3.83507e-06
23941.6 3.90213e-06
23944.2 3.98184e-06
23946.8 4.03145e-06
23949.4 4.06289e-06
23951.6 4.10981e-06
23954 4.17724e-06
23956.1 4.22509e-06
23958.5 4.24972e-06
23960.7 4.27546e-06
23963 4.3259e-06
23965.6 4.38823e-06
23968.1 4.41968e-06
23970.7 4.43615e-06
23973 4.47367e-06
23975.3 4.5267e-06
23977.5 4.55946e-06
23979.8 4.56949e-06
23982 4.58311e-06
23984.4 4.62242e-06
23987 4.66941e-06
23989.6 4.68288e-06
23992.2 4.68654e-06
23994.8 4.7198e-06
23997.4 4.76055e-06
24000 4.76835e-06
24002.6 4.76368e-06
24005.2 4.78802e-06
24007.8 4.82253e-06
24010.4 4.82489e-06
24013 4.81219e-06
24015.6 4.82766e-06
24018.2 4.85596e-06
24020.6 4.855e-06
24022.9 4.83574e-06
24025.1 4.83292e-06
24027.4 4.85208e-06
24029.6 4.8632e-06
24031.9 4.84668e-06
24034.6 4.82221e-06
24037.2 4.82889e-06
24039.8 4.84064e-06
24042.5 4.81788e-06
24045.1 4.78635e-06
24047.7 4.78612e-06
24050.3 4.79186e-06
24053 4.76311e-06
24055.6 4.72483e-06
24058.2 4.71796e-06
24060.9 4.71798e-06
24063.5 4.68356e-06
24066.1 4.63884e-06
24068.8 4.62562e-06
24071.4 4.62023e-06
24074 4.58048e-06
24076.6 4.52966e-06
24079.3 4.51043e-06
24081.9 4.49996e-06
24084.5 4.45525e-06
24087.2 4.39869e-06
24089.8 4.37378e-06
24092.4 4.3586e-06
24095 4.30929e-06
24097.7 4.24739e-06
24100.3 4.21717e-06
24102.9 4.19763e-06
24105.3 4.15122e-06
24107.7 4.08944e-06
24109.9 4.05065e-06
24112.1 4.03246e-06
24114.3 4.0044e-06
24116.6 3.94743e-06
24118.9 3.88552e-06
24121.3 3.8507e-06
24123.6 3.82747e-06
24126.2 3.77434e-06
24128.8 3.69988e-06
24130.9 3.65497e-06
24133.2 3.62896e-06
24135.4 3.59503e-06
24137.7 3.53214e-06
24140.1 3.46308e-06
24142.5 3.4216e-06
24144.8 3.39172e-06
24147.4 3.33175e-06
24149.9 3.25152e-06
24152.1 3.20202e-06
24154.4 3.17074e-06
24156.6 3.13159e-06
24158.9 3.06359e-06
24161.2 2.99093e-06
24163.6 2.94526e-06
24166 2.90981e-06
24168.6 2.84414e-06
24171.1 2.75912e-06
24173.3 2.70677e-06
24175.6 2.67177e-06
24177.8 2.62847e-06
24180.1 2.55654e-06
24182.4 2.48207e-06
24184.7 2.43427e-06
24187.2 2.39515e-06
24189.8 2.32612e-06
24192.3 2.23875e-06
24194.5 2.18435e-06
24196.8 2.14703e-06
24199 2.10133e-06
24201.3 2.02726e-06
24203.6 1.95185e-06
24205.9 1.90296e-06
24208.4 1.86185e-06
24210.9 1.79122e-06
24213.5 1.70306e-06
24215.7 1.64775e-06
24218 1.60958e-06
24220.2 1.56286e-06
24222.5 1.48808e-06
24224.8 1.41308e-06
24227.1 1.36447e-06
24229.5 1.32288e-06
24232 1.25465e-06
24234.5 1.1694e-06
24236.7 1.11349e-06
24239 1.0755e-06
24241.2 1.0307e-06
24243.5 9.58005e-07
24245.8 8.81769e-07
24248.1 8.32412e-07
24250.6 7.92943e-07
24253.2 7.24323e-07
24255.7 6.3806e-07
24257.9 5.85054e-07
24260.2 5.4895e-07
24262.4 5.04942e-07
24264.7 4.33528e-07
24267 3.61371e-07
24269.3 3.15745e-07
24271.8 2.78087e-07
24274.4 2.11837e-07
24276.9 1.29328e-07
24279.1 7.90368e-08
24281.5 4.59986e-08
24283.6 4.03455e-09
24285.9 -6.47991e-08
24288.2 -1.3232e-07
24290.5 -1.73542e-07
24293 -2.08124e-07
24295.5 -2.69212e-07
24298 -3.45605e-07
24300.2 -3.92923e-07
24302.5 -4.22104e-07
24304.7 -4.59752e-07
24307 -5.23962e-07
24309.3 -5.8809e-07
24311.6 -6.25671e-07
24314.1 -6.55214e-07
24316.6 -7.10477e-07
24319.1 -7.81427e-07
24321.2 -8.24587e-07
24323.6 -8.49258e-07
24325.8 -8.8157e-07
24328.1 -9.40186e-07
24330.4 -1.00048e-06
24332.7 -1.03384e-06
24335.2 -1.05752e-06
24337.8 -1.10896e-06
24340.3 -1.17609e-06
24342.6 -1.21263e-06
24344.9 -1.23147e-06
24347.1 -1.26025e-06
24349.4 -1.31456e-06
24351.7 -1.36679e-06
24354 -1.39263e-06
24356.5 -1.41105e-06
24359 -1.45601e-06
24361.5 -1.51498e-06
24363.7 -1.54617e-06
24366.1 -1.5589e-06
24368.2 -1.58233e-06
24370.5 -1.63081e-06
24372.8 -1.67658e-06
24375.1 -1.696e-06
24377.6 -1.70794e-06
24380.1 -1.74675e-06
24382.7 -1.79888e-06
24384.9 -1.82339e-06
24387.3 -1.82962e-06
24389.4 -1.84799e-06
24391.8 -1.89072e-06
24394 -1.92911e-06
24396.3 -1.94138e-06
24398.9 -1.94678e-06
24401.4 -1.98014e-06
24404 -2.02513e-06
24406.5 -2.04168e-06
24409.1 -2.04188e-06
24411.3 -2.06219e-06
24413.6 -2.10193e-06
24415.8 -2.12551e-06
24418.1 -2.12551e-06
24420.4 -2.12713e-06
24422.7 -2.15379e-06
24425.2 -2.19052e-06
24427.8 -2.19821e-06
24430.3 -2.19156e-06
24432.6 -2.20744e-06
24434.9 -2.23994e-06
24437 -2.25627e-06
24439.3 -2.24918e-06
24441.6 -2.24512e-06
24443.9 -2.26585e-06
24446.5 -2.29544e-06
24449 -2.29476e-06
24451.6 -2.28158e-06
24454.1 -2.29601e-06
24456.7 -2.32385e-06
24459 -2.32526e-06
24461.4 -2.3083e-06
24463.5 -2.30667e-06
24465.8 -2.32779e-06
24468.1 -2.34312e-06
24470.4 -2.33252e-06
24473 -2.31354e-06
24475.6 -2.32436e-06
24478.2 -2.34424e-06
24480.8 -2.33307e-06
24483.4 -2.30972e-06
24486 -2.31536e-06
24488.5 -2.33313e-06
24491.1 -2.32086e-06
24493.7 -2.29345e-06
24496.3 -2.29393e-06
24498.9 -2.30951e-06
24501.2 -2.30023e-06
24503.6 -2.27135e-06
24505.7 -2.2582e-06
24508 -2.2679e-06
24510.3 -2.27319e-06
24512.6 -2.25211e-06
24515.1 -2.22046e-06
24517.7 -2.21809e-06
24520.3 -2.22695e-06
24522.8 -2.20617e-06
24525.4 -2.17032e-06
24527.7 -2.16103e-06
24530 -2.16868e-06
24532.1 -2.16135e-06
24534.5 -2.12886e-06
24536.7 -2.10025e-06
24539 -2.09703e-06
24541.6 -2.09995e-06
24544.1 -2.07212e-06
24546.7 -2.03212e-06
24549.3 -2.02093e-06
24551.9 -2.02318e-06
24554.4 -1.9966e-06
24557 -1.95328e-06
24559.2 -1.93682e-06
24561.6 -1.93841e-06
24563.8 -1.92643e-06
24566.1 -1.88864e-06
24568.4 -1.8535e-06
24570.7 -1.84415e-06
24573.2 -1.84147e-06
24575.7 -1.8091e-06
24578.3 -1.76311e-06
24580.8 -1.74459e-06
24583.4 -1.74203e-06
24585.6 -1.7186e-06
24588 -1.67366e-06
24590.1 -1.6441e-06
24592.4 -1.63757e-06
24594.7 -1.62892e-06
24597 -1.59376e-06
24599.6 -1.54595e-06
24602.1 -1.52642e-06
24604.6 -1.52077e-06
24606.9 -1.49238e-06
24609.2 -1.4459e-06
24611.4 -1.4159e-06
24613.7 -1.408e-06
24616 -1.39644e-06
24618.3 -1.35896e-06
24620.8 -1.30881e-06
24623.4 -1.28867e-06
24626 -1.27992e-06
24628.6 -1.24153e-06
24631.2 -1.18931e-06
24633.8 -1.16554e-06
24636.3 -1.1573e-06
24638.6 -1.12746e-06
24641 -1.07774e-06
24643.1 -1.04614e-06
24645.4 -1.0366e-06
24647.7 -1.02328e-06
24650 -9.84275e-07
24652.6 -9.32347e-07
24655.2 -9.10886e-07
24657.7 -9.0059e-07
24660.3 -8.60308e-07
24662.9 -8.07055e-07
24665.5 -7.83069e-07
24668.1 -7.73734e-07
24670.7 -7.35903e-07
24673.3 -6.81781e-07
24675.6 -6.56817e-07
24677.9 -6.49682e-07
24680.1 -6.29523e-07
24682.4 -5.83728e-07
24684.6 -5.42038e-07
24686.9 -5.26115e-07
24689.5 -5.16003e-07
24692.1 -4.7616e-07
24694.6 -4.23922e-07
24697.2 -4.00649e-07
24699.8 -3.92385e-07
24702.3 -3.56574e-07
24704.9 -3.03731e-07
24707.1 -2.78938e-07
24709.5 -2.72788e-07
24711.6 -2.55291e-07
24713.9 -2.11929e-07
24716.2 -1.70107e-07
24718.5 -1.54445e-07
24721.1 -1.46914e-07
24723.6 -1.11703e-07
24726.1 -6.16378e-08
24728.4 -3.8445e-08
24730.7 -3.38107e-08
24732.9 -1.6651e-08
24735.2 2.57774e-08
24737.5 6.47581e-08
24739.7 7.79832e-08
24742.3 8.42787e-08
24744.8 1.19319e-07
24747.4 1.67316e-07
24750 1.873e-07
24752.5 1.91003e-07
24754.8 2.15261e-07
24757.1 2.59642e-07
24759.3 2.87613e-07
24761.6 2.9269e-07
24763.9 2.99758e-07
24766.1 3.32088e-07
24768.7 3.76573e-07
24771.2 3.92224e-07
24773.8 3.93878e-07
24776.3 4.22211e-07
24778.9 4.66903e-07
24781.1 4.85498e-07
24783.4 4.84946e-07
24785.6 4.95496e-07
24787.9 5.31101e-07
24790.2 5.65633e-07
24792.5 5.74145e-07
24795 5.73475e-07
24797.5 5.99533e-07
24800 6.40436e-07
24802.3 6.56105e-07
24804.6 6.52737e-07
24806.8 6.61426e-07
24809.1 6.94637e-07
24811.4 7.25553e-07
24813.7 7.30745e-07
24816.2 7.27323e-07
24818.7 7.51285e-07
24821.3 7.88869e-07
24823.6 8.00362e-07
24825.9 7.93988e-07
24828 8.00991e-07
24830.3 8.3184e-07
24832.6 8.58693e-07
24834.9 8.60201e-07
24837.4 8.53947e-07
24840 8.76214e-07
24842.6 9.10136e-07
24845.1 9.15669e-07
24847.7 9.06325e-07
24850 9.19978e-07
24852.3 9.50481e-07
24854.5 9.65549e-07
24856.8 9.57712e-07
24859 9.52978e-07
24861.3 9.72906e-07
24863.9 1.00249e-06
24866.4 1.00268e-06
24869 9.90584e-07
24871.6 1.00611e-06
24874.1 1.03546e-06
24876.4 1.03883e-06
24878.7 1.02486e-06
24880.9 1.02497e-06
24883.2 1.04826e-06
24885.5 1.06725e-06
24887.7 1.06096e-06
24890.3 1.04632e-06
24892.9 1.06043e-06
24895.4 1.08563e-06
24898 1.0821e-06
24900.6 1.06441e-06
24903.2 1.07363e-06
24905.7 1.09839e-06
24908 1.09887e-06
24910.3 1.08016e-06
24912.5 1.07497e-06
24914.8 1.09324e-06
24917.1 1.10884e-06
24919.4 1.09872e-06
24921.9 1.07901e-06
24924.4 1.08688e-06
24927 1.10776e-06
24929.3 1.10381e-06
24931.6 1.08251e-06
24933.7 1.07604e-06
24936 1.0923e-06
24938.3 1.10411e-06
24940.6 1.0906e-06
24943.1 1.06817e-06
24945.7 1.07485e-06
24948.3 1.0922e-06
24950.9 1.08049e-06
24953.5 1.05526e-06
24956 1.05753e-06
24958.6 1.07477e-06
24960.9 1.06804e-06
24963.2 1.04238e-06
24965.4 1.03189e-06
24967.7 1.04432e-06
24970 1.05296e-06
24972.2 1.036e-06
24974.8 1.00945e-06
24977.4 1.0117e-06
24979.9 1.02556e-06
24982.5 1.01112e-06
24985 9.8179e-07
24987.3 9.77598e-07
24989.7 9.91113e-07
24991.8 9.89506e-07
24994.1 9.6391e-07
24996.4 9.42456e-07
24998.7 9.46146e-07
25001.3 9.5682e-07
25003.8 9.37544e-07
25006.4 9.06951e-07
25009 9.0508e-07
25011.6 9.16315e-07
25014.1 8.99313e-07
25016.7 8.66586e-07
25019 8.59468e-07
25021.3 8.70435e-07
25023.5 8.67052e-07
25025.8 8.39207e-07
25028.1 8.14786e-07
25030.4 8.15888e-07
25032.9 8.2431e-07
25035.5 8.03297e-07
25038 7.69986e-07
25040.6 7.6466e-07
25043.2 7.74117e-07
25045.4 7.60424e-07
25047.8 7.27525e-07
25049.9 7.10836e-07
25052.3 7.17017e-07
25054.5 7.19327e-07
25056.8 6.95916e-07
25059.4 6.62341e-07
25061.9 6.58434e-07
25064.5 6.65887e-07
25067.1 6.44311e-07
25069.7 6.08785e-07
25072.2 6.01043e-07
25074.8 6.09375e-07
25077 5.95461e-07
25079.4 5.61408e-07
25081.6 5.4266e-07
25083.9 5.47305e-07
25086.2 5.49324e-07
25088.5 5.25316e-07
25091 4.90615e-07
25093.5 4.84776e-07
25096.1 4.91951e-07
25098.6 4.71623e-07
25101.2 4.35047e-07
25103.4 4.23632e-07
25105.8 4.31304e-07
25107.9 4.26351e-07
25110.2 3.96267e-07
25112.5 3.67946e-07
25114.9 3.65773e-07
25117.4 3.71985e-07
25119.9 3.49882e-07
25122.4 3.13926e-07
25124.7 3.04054e-07
25127.1 3.11831e-07
25129.2 3.05277e-07
25131.5 2.74282e-07
25133.8 2.47662e-07
25136.1 2.46653e-07
25138.7 2.52412e-07
25141.3 2.2801e-07
25143.8 1.92725e-07
25146.4 1.87106e-07
25149 1.94346e-07
25151.6 1.7276e-07
25154.2 1.36622e-07
25156.8 1.28615e-07
25159.4 1.37086e-07
25161.6 1.23028e-07
25164 8.91614e-08
25166.1 7.12079e-08
25168.5 7.66834e-08
25170.7 7.91948e-08
25173 5.59733e-08
25175.6 2.21683e-08
25178.1 1.7974e-08
25180.7 2.62958e-08
25183.3 6.28158e-09
25185.8 -2.86019e-08
25188.1 -3.69912e-08
25190.5 -2.72559e-08
25192.7 -3.25391e-08
25195 -6.19728e-08
25197.2 -8.63236e-08
25199.5 -8.5142e-08
25202.1 -7.70512e-08
25204.7 -9.9655e-08
25207.3 -1.32367e-07
25209.9 -1.34413e-07
25212.5 -1.24819e-07
25215.1 -1.45219e-07
25217.7 -1.78171e-07
25220.4 -1.81235e-07
25223 -1.7022e-07
25225.6 -1.883e-07
25228.2 -2.21321e-07
25230.5 -2.26547e-07
25232.9 -2.14459e-07
25235 -2.18671e-07
25237.3 -2.46525e-07
25239.6 -2.6784e-07
25241.9 -2.63317e-07
25244.5 -2.53301e-07
25247.1 -2.75216e-07
25249.7 -3.04435e-07
25252.4 -3.01404e-07
25255 -2.90033e-07
25257.6 -3.10466e-07
25260.2 -3.39523e-07
25262.9 -3.36475e-07
25265.5 -3.23755e-07
25268.1 -3.42657e-07
25270.7 -3.71502e-07
25273.4 -3.68444e-07
25276 -3.54387e-07
25278.6 -3.71715e-07
25281.2 -4.00302e-07
25283.8 -3.97244e-07
25286.5 -3.81868e-07
25289.1 -3.97587e-07
25291.7 -4.25875e-07
25294.1 -4.24644e-07
25296.4 -4.08066e-07
25298.6 -4.1105e-07
25300.9 -4.36321e-07
25303.1 -4.51329e-07
25305.4 -4.40716e-07
25307.8 -4.26979e-07
25310.2 -4.40643e-07
25312.6 -4.65802e-07
25315.1 -4.65831e-07
25317.7 -4.46759e-07
25319.8 -4.49279e-07
25322.2 -4.73336e-07
25324.3 -4.86153e-07
25326.6 -4.73643e-07
25329 -4.59094e-07
25331.3 -4.71144e-07
25333.8 -4.95207e-07
25336.3 -4.92715e-07
25338.9 -4.72294e-07
25341.1 -4.74806e-07
25343.4 -4.9778e-07
25345.6 -5.07835e-07
25347.9 -4.93053e-07
25350.2 -4.78169e-07
25352.5 -4.89377e-07
25355 -5.11805e-07
25357.5 -5.07418e-07
25359.9 -4.86138e-07
25362.1 -4.86215e-07
25364.5 -5.07298e-07
25366.6 -5.1716e-07
25368.9 -5.01928e-07
25371.3 -4.85063e-07
25373.6 -4.94493e-07
25376.1 -5.15379e-07
25378.6 -5.09598e-07
25381.2 -4.86604e-07
25383.4 -4.87039e-07
25385.7 -5.07236e-07
25387.9 -5.14233e-07
25390.2 -4.96702e-07
25392.5 -4.79892e-07
25394.8 -4.88847e-07
25397.3 -5.08211e-07
25399.8 -5.00406e-07
25402.3 -4.76773e-07
25404.5 -4.75713e-07
25406.9 -4.94523e-07
25409 -5.00678e-07
25411.3 -4.82271e-07
25413.6 -4.64242e-07
25415.9 -4.71998e-07
25418.4 -4.90054e-07
25420.9 -4.8126e-07
25423.4 -4.56603e-07
25425.6 -4.54267e-07
25428 -4.71855e-07
25430.1 -4.77298e-07
25432.4 -4.5813e-07
25434.8 -4.38988e-07
25437.1 -4.45684e-07
25439.6 -4.62595e-07
25442 -4.52935e-07
25444.5 -4.27391e-07
25446.7 -4.23951e-07
25449.1 -4.4048e-07
25451.3 -4.45307e-07
25453.6 -4.25475e-07
25455.9 -4.05375e-07
25458.2 -4.11185e-07
25460.7 -4.27118e-07
25463.2 -4.16683e-07
25465.7 -3.904e-07
25467.9 -3.86103e-07
25470.2 -4.01772e-07
25472.4 -4.06005e-07
25474.7 -3.85561e-07
25477 -3.64736e-07
25479.4 -3.69874e-07
25481.8 -3.85e-07
25484.4 -3.72935e-07
25487 -3.45623e-07
25489.2 -3.43037e-07
25491.6 -3.58642e-07
25493.7 -3.59723e-07
25496.1 -3.37048e-07
25498.3 -3.17853e-07
25500.6 -3.23878e-07
25503.2 -3.37947e-07
25505.7 -3.23054e-07
25508.3 -2.96036e-07
25510.8 -2.96777e-07
25513.4 -3.12267e-07
25515.7 -3.04245e-07
25518 -2.77576e-07
25520.2 -2.66499e-07
25522.5 -2.78422e-07
25524.8 -2.86599e-07
25527 -2.69458e-07
25529.6 -2.43013e-07
25532.2 -2.45795e-07
25534.7 -2.60174e-07
25537.3 -2.46211e-07
25539.9 -2.18088e-07
25542.2 -2.15641e-07
25544.4 -2.30244e-07
25546.6 -2.30333e-07
25548.9 -2.0668e-07
25551.2 -1.87034e-07
25553.5 -1.92739e-07
25556 -2.06124e-07
25558.6 -1.9004e-07
25561.2 -1.62536e-07
25563.7 -1.63627e-07
25566.3 -1.78547e-07
25568.6 -1.68764e-07
25570.9 -1.42179e-07
25573.1 -1.31579e-07
25575.4 -1.43761e-07
25577.7 -1.51234e-07
25579.9 -1.33475e-07
25582.5 -1.06913e-07
25585.1 -1.10726e-07
25587.7 -1.24664e-07
25590.3 -1.08708e-07
25592.9 -8.10464e-08
25595.5 -8.28016e-08
25598.1 -9.79186e-08
25600.7 -8.42917e-08
25603.3 -5.5789e-08
25605.6 -5.3654e-08
25607.9 -6.91837e-08
25610.1 -6.87056e-08
25612.4 -4.46422e-08
25614.7 -2.60074e-08
25616.9 -3.27692e-08
25619.5 -4.66412e-08
25622.1 -2.96218e-08
25624.7 -2.90265e-09
25627.3 -6.86637e-09
25629.9 -2.19504e-08
25632.5 -6.81797e-09
25635.1 2.06376e-08
25637.7 1.81863e-08
25640.4 2.0021e-09
25643 1.51321e-08
25645.6 4.31565e-08
25647.9 4.39167e-08
25650.2 2.74931e-08
25652.4 2.77443e-08
25654.7 5.15153e-08
25656.9 6.90992e-08
25659.3 6.0566e-08
25661.9 4.61568e-08
25664.5 6.34976e-08
25667.1 8.88517e-08
25669.7 8.25554e-08
25672.3 6.67254e-08
25674.9 8.20943e-08
25677.5 1.08212e-07
25680.1 1.03342e-07
25682.7 8.62141e-08
25685.3 9.94945e-08
25687.9 1.26216e-07
25690.5 1.22851e-07
25693.1 1.04559e-07
25695.5 1.12929e-07
25697.8 1.38391e-07
25699.9 1.46017e-07
25702.2 1.30346e-07
25704.5 1.20628e-07
25706.8 1.3744e-07
25709.4 1.61294e-07
25712 1.52858e-07
25714.6 1.35839e-07
25717.2 1.50649e-07
25719.8 1.75325e-07
25722.4 1.68346e-07
25725 1.49884e-07
25727.6 1.62479e-07
25730.2 1.8781e-07
25732.8 1.82389e-07
25735.4 1.62644e-07
25737.8 1.70358e-07
25740.1 1.94798e-07
25742.3 2.00692e-07
25744.6 1.83304e-07
25746.8 1.72652e-07
25749.1 1.88519e-07
25751.7 2.11028e-07
25754.3 2.00382e-07
25756.9 1.82081e-07
25759.6 1.96681e-07
25762.2 2.19541e-07
25764.8 2.09406e-07
25767.4 1.90044e-07
25770 2.03384e-07
25772.7 2.26556e-07
25775.3 2.16973e-07
25777.9 1.96593e-07
25780.5 2.0864e-07
25783.1 2.32088e-07
25785.8 2.23096e-07
25788.4 2.01747e-07
25790.7 2.0989e-07
25793.1 2.3296e-07
25795.3 2.34916e-07
25797.6 2.14449e-07
25799.8 2.04581e-07
25802.1 2.20778e-07
25804.4 2.39655e-07
25806.8 2.30749e-07
25809.2 2.09121e-07
25811.8 2.14202e-07
25814.4 2.38169e-07
25816.5 2.38406e-07
25818.8 2.17078e-07
25821 2.07599e-07
25823.3 2.23778e-07
25825.6 2.41292e-07
25827.9 2.3157e-07
25830.4 2.09431e-07
25833 2.14323e-07
25835.5 2.37403e-07
25837.7 2.36719e-07
25840 2.14819e-07
25842.2 2.05319e-07
25844.5 2.21178e-07
25846.8 2.37705e-07
25849.1 2.27292e-07
25851.6 2.04736e-07
25854.1 2.09364e-07
25856.7 2.31627e-07
25858.9 2.30115e-07
25861.2 2.07727e-07
25863.4 1.98238e-07
25865.7 2.13808e-07
25868 2.29414e-07
25870.3 2.18359e-07
25872.7 1.95454e-07
25875.2 1.99274e-07
25877.7 2.20485e-07
25879.9 2.20436e-07
25882.2 1.98434e-07
25884.3 1.86683e-07
25886.6 2.00366e-07
25889 2.16741e-07
25891.4 2.0581e-07
25893.7 1.83178e-07
25896.3 1.85216e-07
25898.8 2.06411e-07
25901 2.05727e-07
25903.3 1.83358e-07
25905.5 1.71599e-07
25907.8 1.85048e-07
25910.2 2.00716e-07
25912.5 1.89505e-07
25914.9 1.66134e-07
25917.5 1.68933e-07
25920.1 1.89535e-07
25922.3 1.8714e-07
25924.6 1.64052e-07
25926.8 1.5348e-07
25929.1 1.67574e-07
25931.4 1.81856e-07
25933.7 1.69815e-07
25936.2 1.46271e-07
25938.7 1.49706e-07
25941.3 1.69662e-07
25943.5 1.66105e-07
25945.8 1.42618e-07
25948 1.3292e-07
25950.3 1.47425e-07
25952.6 1.60633e-07
25954.9 1.47883e-07
25957.4 1.24284e-07
25959.9 1.28037e-07
25962.4 1.47353e-07
25964.6 1.4404e-07
25966.9 1.20599e-07
25969.1 1.10409e-07
25971.4 1.24458e-07
25973.7 1.37683e-07
25976 1.24912e-07
25978.5 1.01289e-07
25981 1.04638e-07
25983.5 1.23739e-07
25985.7 1.20797e-07
25988 9.74713e-08
25990.2 8.67358e-08
25992.5 1.00334e-07
25994.8 1.13722e-07
25997.1 1.01021e-07
25999.6 7.74364e-08
26002.1 8.03931e-08
26004.6 9.93633e-08
26006.8 9.69635e-08
26009.1 7.38586e-08
26011.3 6.25245e-08
26013.6 7.56688e-08
26015.9 8.9358e-08
26018.3 7.6808e-08
26020.7 5.33231e-08
26023.3 5.65963e-08
26025.9 7.5734e-08
26028.1 7.13346e-08
26030.4 4.77288e-08
26032.6 3.8587e-08
26034.9 5.31418e-08
26037.2 6.5282e-08
26039.5 5.18181e-08
26042 2.85776e-08
26044.5 3.35031e-08
26047.1 5.21411e-08
26049.4 4.64691e-08
26051.7 2.33768e-08
26053.8 1.51608e-08
26056.1 3.02609e-08
26058.4 4.18405e-08
26060.7 2.80485e-08
26063.2 5.10137e-09
26065.8 1.12454e-08
26068.3 2.96651e-08
26070.9 2.01714e-08
26073.5 -4.33862e-09
26075.7 -4.28331e-09
26078.1 1.43144e-08
26080.2 1.813e-08
26082.5 -1.76938e-09
26084.8 -1.82008e-08
26087.1 -9.121e-09
26089.6 8.59274e-09
26092.2 -2.68852e-09
26094.7 -2.6322e-08
26097.3 -2.2109e-08
26099.9 -2.60904e-09
26102.1 -6.80268e-09
26104.4 -2.99673e-08
26106.6 -3.82813e-08
26108.9 -2.29245e-08
26111.2 -1.05615e-08
26113.5 -2.38183e-08
26116 -4.63081e-08
26118.6 -3.99679e-08
26121.1 -2.08397e-08
26123.7 -2.91135e-08
26126.2 -5.32075e-08
26128.4 -5.36356e-08
26130.8 -3.46316e-08
26133 -2.91637e-08
26135.3 -4.79036e-08
26137.6 -6.46832e-08
26139.9 -5.54958e-08
26142.4 -3.69545e-08
26144.9 -4.64435e-08
26147.5 -6.97094e-08
26149.7 -6.83653e-08
26152 -4.93805e-08
26154.2 -4.47372e-08
26156.5 -6.38278e-08
26158.8 -7.94624e-08
26161.1 -6.94579e-08
26163.6 -5.08488e-08
26166.2 -6.14508e-08
26168.8 -8.40444e-08
26171.3 -7.84212e-08
26173.9 -5.80313e-08
26176.1 -6.20852e-08
26178.5 -8.44819e-08
26180.7 -9.10315e-08
26183 -7.41693e-08
26185.3 -6.16812e-08
26187.5 -7.45975e-08
26190.1 -9.58655e-08
26192.7 -8.68998e-08
26195.3 -6.72572e-08
26197.9 -7.72017e-08
26200.5 -9.96057e-08
26203.1 -9.30286e-08
26205.6 -7.20881e-08
26208.2 -7.9249e-08
26210.8 -1.02476e-07
26213.1 -1.00983e-07
26215.4 -8.04855e-08
26217.6 -7.48824e-08
26219.9 -9.32416e-08
26222.2 -1.08225e-07
26224.5 -9.73695e-08
26227 -7.75614e-08
26229.6 -8.71705e-08
26232.1 -1.09059e-07
26234.7 -1.02558e-07
26237.3 -8.09875e-08
26239.5 -8.40997e-08
26241.9 -1.05792e-07
26244.1 -1.11723e-07
26246.4 -9.39481e-08
26248.7 -8.03869e-08
26250.9 -9.24054e-08
26253.5 -1.1299e-07
26256.1 -1.0325e-07
26258.7 -8.23972e-08
26261.3 -9.11649e-08
26263.9 -1.12909e-07
26266.4 -1.05721e-07
26269 -8.35945e-08
26271.6 -8.94474e-08
26274.2 -1.12008e-07
26276.4 -1.10234e-07
26278.8 -8.88773e-08
26281 -8.18989e-08
26283.3 -9.91945e-08
26285.5 -1.13964e-07
26287.8 -1.02695e-07
26290.4 -8.17331e-08
26292.9 -8.96738e-08
26295.5 -1.1107e-07
26298 -1.04998e-07
26300.6 -8.2261e-08
26302.8 -8.27999e-08
26305.1 -1.03446e-07
26307.3 -1.10807e-07
26309.6 -9.35475e-08
26311.9 -7.75544e-08
26314.2 -8.77001e-08
26316.7 -1.07968e-07
26319.3 -1.00208e-07
26321.8 -7.78014e-08
26324.1 -7.96152e-08
26326.4 -9.96767e-08
26328.5 -1.0587e-07
26330.8 -8.79139e-08
26333.1 -7.25292e-08
26335.4 -8.28969e-08
26338 -1.02738e-07
26340.5 -9.36205e-08
26343.1 -7.13589e-08
26345.6 -7.67004e-08
26348.2 -9.80103e-08
26350.4 -9.56269e-08
26352.8 -7.37692e-08
26355 -6.62816e-08
26357.3 -8.27775e-08
26359.5 -9.66319e-08
26361.8 -8.48231e-08
26364.4 -6.33436e-08
26366.9 -7.07546e-08
26369.5 -9.11536e-08
26372.1 -8.38816e-08
26374.6 -6.08177e-08
26376.9 -6.17752e-08
26379.2 -8.18383e-08
26381.4 -8.73578e-08
26383.7 -6.89657e-08
26386 -5.35989e-08
26388.3 -6.36798e-08
26390.8 -8.29792e-08
26393.4 -7.31317e-08
26396 -5.07789e-08
26398.5 -5.65026e-08
26401.1 -7.71825e-08
26403.4 -7.32733e-08
26405.7 -5.17076e-08
26407.8 -4.45814e-08
26410.1 -6.09969e-08
26412.4 -7.40904e-08
26414.7 -6.18845e-08
26417.3 -4.03492e-08
26419.8 -4.80916e-08
26422.4 -6.78978e-08
26425 -5.93066e-08
26427.6 -3.63957e-08
26430.1 -4.07999e-08
26432.7 -6.16751e-08
26434.9 -5.91078e-08
26437.3 -3.71067e-08
26439.5 -2.91295e-08
26441.8 -4.498e-08
26444.1 -5.85958e-08
26446.3 -4.67691e-08
26448.9 -2.5097e-08
26451.4 -3.16857e-08
26454 -5.17248e-08
26456.5 -4.4979e-08
26459.1 -2.17551e-08
26461.3 -2.13859e-08
26463.6 -4.07772e-08
26465.8 -4.73588e-08
26468.1 -2.97897e-08
26470.4 -1.33435e-08
26472.7 -2.24789e-08
26475.3 -4.16206e-08
26477.8 -3.34606e-08
26480.3 -1.0828e-08
26482.6 -1.18309e-08
26484.9 -3.14304e-08
26487.1 -3.63547e-08
26489.4 -1.78581e-08
26491.7 -2.83069e-09
26493.9 -1.28466e-08
26496.5 -3.16442e-08
26499.1 -2.14081e-08
26501.7 6.05068e-10
26504.2 -5.56115e-09
26506.8 -2.57579e-08
26509.4 -1.88346e-08
26512 4.26612e-09
26514.2 3.76937e-09
26516.5 -1.58027e-08
26518.7 -2.16065e-08
26521 -3.68326e-09
26523.3 1.19337e-08
26525.6 2.24278e-09
26528.1 -1.67944e-08
26530.7 -7.81403e-09
26533.2 1.43999e-08
26535.6 1.16803e-08
26537.9 -7.85149e-09
26540 -1.1634e-08
26542.3 7.36013e-09
26544.6 2.11611e-08
26546.9 9.56936e-09
26549.5 -8.4655e-09
26552.1 3.89149e-09
26554.7 2.46206e-08
26557.3 1.52545e-08
26559.9 -4.01296e-09
26562.5 6.39084e-09
26565.1 2.81568e-08
26567.7 2.0694e-08
26570.3 3.70185e-10
26572.9 8.70322e-09
26575.5 3.13168e-08
26578.1 2.58597e-08
26580.7 4.66846e-09
26583 8.03551e-09
26585.3 2.98348e-08
26587.5 3.63127e-08
26589.8 1.93942e-08
26592 6.16157e-09
26594.3 1.8204e-08
26596.9 3.91736e-08
26599.4 3.0944e-08
26602 1.06252e-08
26604.6 1.84343e-08
26607.1 4.09129e-08
26609.4 3.86726e-08
26611.8 1.82468e-08
26613.9 1.33535e-08
26616.2 3.18052e-08
26618.5 4.60635e-08
26620.8 3.5054e-08
26623.3 1.55422e-08
26625.9 2.56195e-08
26628.5 4.7129e-08
26631 3.98429e-08
26633.6 1.87822e-08
26636.2 2.54713e-08
26638.8 4.81373e-08
26641 4.6726e-08
26643.3 2.61851e-08
26645.5 1.98687e-08
26647.8 3.7492e-08
26650.1 5.2617e-08
26652.4 4.1982e-08
26654.9 2.1979e-08
26657.5 3.0295e-08
26660 5.21231e-08
26662.3 4.90588e-08
26664.6 2.8676e-08
26666.8 2.34339e-08
26669.1 4.16023e-08
26671.3 5.56362e-08
26673.6 4.42534e-08
26676.2 2.43727e-08
26678.7 3.41637e-08
26681.3 5.53714e-08
26683.9 4.77132e-08
26686.5 2.62562e-08
26689 3.26026e-08
26691.6 5.49896e-08
26693.8 5.33184e-08
26696.2 3.24036e-08
26698.4 2.57667e-08
26700.7 4.3158e-08
26702.9 5.80093e-08
26705.2 4.698e-08
26707.8 2.66161e-08
26710.3 3.47788e-08
26712.8 5.63081e-08
26715.2 5.26693e-08
26717.5 3.18457e-08
26719.6 2.67288e-08
26721.9 4.49202e-08
26724.2 5.83383e-08
26726.5 4.63644e-08
26729.1 2.62203e-08
26731.6 3.64861e-08
26734.2 5.71535e-08
26736.8 4.78791e-08
26739.4 2.64473e-08
26742 3.43337e-08
26744.6 5.60502e-08
26747.2 4.91169e-08
26749.8 2.6661e-08
26752.1 2.9456e-08
26754.4 5.068e-08
26756.6 5.60191e-08
26758.9 3.76709e-08
26761.2 2.36571e-08
26763.4 3.52765e-08
26766 5.54249e-08
26768.6 4.53306e-08
26771.2 2.39289e-08
26773.7 3.20142e-08
26776.3 5.35408e-08
26778.9 4.64496e-08
26781.5 2.37981e-08
26783.7 2.62443e-08
26786.1 4.73946e-08
26788.3 5.29002e-08
26790.6 3.45133e-08
26792.8 2.01088e-08
26795.1 3.14793e-08
26797.7 5.16656e-08
26800.2 4.18036e-08
26802.8 2.00583e-08
26805.4 2.74469e-08
26808 4.91065e-08
26810.5 4.27118e-08
26813.1 1.97092e-08
26815.3 2.09179e-08
26817.7 4.1823e-08
26819.9 4.8576e-08
26822.2 3.08496e-08
26824.4 1.52661e-08
26826.7 2.58518e-08
26829.3 4.62407e-08
26831.8 3.79923e-08
26834.3 1.56608e-08
26836.6 1.84169e-08
26838.9 3.8993e-08
26841.1 4.44033e-08
26843.4 2.59308e-08
26845.7 1.13692e-08
26847.9 2.25331e-08
26850.5 4.26009e-08
26853.1 3.26033e-08
26855.7 1.07589e-08
26858.3 1.81337e-08
26860.8 3.96042e-08
26863.4 3.28603e-08
26866 9.82987e-09
26868.2 1.13768e-08
26870.6 3.22454e-08
26872.7 3.8349e-08
26875.1 2.02377e-08
26877.3 5.05155e-09
26879.6 1.57563e-08
26882.2 3.59725e-08
26884.7 2.69407e-08
26887.3 4.74473e-09
26889.8 1.04798e-08
26892.4 3.22807e-08
26894.6 3.01181e-08
26897 8.38675e-09
26899.1 1.08941e-09
26901.4 1.80023e-08
26903.7 3.2425e-08
26906 2.09747e-08
26908.6 -3.17473e-10
26911.1 7.24456e-09
26913.7 2.839e-08
26916.2 2.21663e-08
26918.7 -7.20906e-10
26921 -3.15329e-10
26923.3 2.01579e-08
26925.5 2.74099e-08
26927.8 1.01588e-08
26930.1 -5.85738e-09
26932.4 4.12262e-09
26934.9 2.43846e-08
26937.4 1.68421e-08
26940 -5.47068e-09
26942.2 -3.78782e-09
26944.5 1.62381e-08
26946.7 2.27822e-08
26949 5.22805e-09
26951.3 -1.0167e-08
26953.6 1.12002e-10
26956.1 2.01869e-08
26958.7 1.18545e-08
26961.2 -1.01524e-08
26963.7 -5.29009e-09
26966.3 1.63634e-08
26968.5 1.54184e-08
26970.8 -5.69414e-09
26973 -1.40852e-08
26975.3 1.86208e-09
26977.6 1.70368e-08
26979.9 6.39627e-09
26982.5 -1.46544e-08
26985 -8.43162e-09
26987.5 1.27061e-08
26989.8 1.06004e-08
26992.1 -1.06432e-08
26994.3 -1.75294e-08
26996.6 -7.27634e-10
26998.9 1.3283e-08
27001.2 1.99724e-09
27003.7 -1.87118e-08
27006.3 -1.07032e-08
27008.8 9.99036e-09
27011.4 3.13586e-09
27014 -1.90225e-08
27016.2 -1.71581e-08
27018.6 3.33833e-09
27020.8 8.96101e-09
27023.1 -8.84786e-09
27025.3 -2.31136e-08
27027.6 -1.2287e-08
27030.2 7.45965e-09
27032.8 -2.00533e-09
27035.3 -2.31987e-08
27037.9 -1.59874e-08
27040.5 5.1135e-09
27043.1 -1.19587e-09
27045.6 -2.34606e-08
27047.9 -2.1844e-08
27050.2 -1.33867e-09
27052.4 4.7857e-09
27054.7 -1.26748e-08
27057 -2.72418e-08
27059.3 -1.65838e-08
27061.8 3.31967e-09
27064.4 -5.35138e-09
27066.9 -2.66761e-08
27069.5 -2.06157e-08
27072.1 8.43748e-10
27074.3 -1.34057e-09
27076.7 -2.23229e-08
27078.8 -2.88051e-08
27081.1 -1.17998e-08
27083.4 2.19902e-09
27085.7 -8.98008e-09
27088.2 -2.93056e-08
27090.8 -2.10006e-08
27093.4 -2.19384e-10
27095.9 -6.89567e-09
27098.5 -2.8733e-08
27100.7 -2.67183e-08
27103.1 -6.10799e-09
27105.3 -2.03737e-10
27107.6 -1.76872e-08
27109.8 -3.18248e-08
27112.1 -2.08214e-08
27114.7 -9.32503e-10
27117.2 -9.88832e-09
27119.8 -3.08854e-08
27122.4 -2.4048e-08
27124.9 -2.61656e-09
27127.2 -5.56991e-09
27129.6 -2.65275e-08
27131.7 -3.18765e-08
27134.1 -1.41627e-08
27136.3 -8.63904e-10
27138.6 -1.25139e-08
27141.2 -3.24421e-08
27143.8 -2.26e-08
27146.4 -2.1552e-09
27148.9 -1.09247e-08
27151.5 -3.2049e-08
27154.1 -2.45944e-08
27156.7 -3.03904e-09
27159.3 -9.29635e-09
27161.9 -3.13355e-08
27164.1 -2.90339e-08
27166.5 -8.102e-09
27168.7 -2.03892e-09
27171 -1.95073e-08
27173.2 -3.36216e-08
27175.5 -2.2357e-08
27178.1 -2.17834e-09
27180.6 -1.09207e-08
27183.2 -3.19643e-08
27185.7 -2.52324e-08
27188.3 -3.4022e-09
27190.5 -5.63753e-09
27192.9 -2.65274e-08
27195.1 -3.25433e-08
27197.4 -1.49881e-08
27199.7 -8.10028e-10
27201.9 -1.20562e-08
27204.5 -3.2129e-08
27207.1 -2.3194e-08
27209.6 -2.04125e-09
27212.2 -8.75195e-09
27214.7 -3.04402e-08
27217 -2.79353e-08
27219.3 -6.85358e-09
27221.5 -8.56498e-10
27223.8 -1.83816e-08
27226.1 -3.22641e-08
27228.4 -2.07107e-08
27230.9 -4.65069e-10
27233.5 -9.49377e-09
27236.1 -3.03576e-08
27238.6 -2.29353e-08
27241.2 -1.08772e-09
27243.5 -4.10947e-09
27245.8 -2.50868e-08
27248 -3.00218e-08
27250.3 -1.17401e-08
27252.6 1.70103e-09
27254.8 -1.00901e-08
27257.4 -2.98863e-08
27260 -1.93028e-08
27262.6 1.44164e-09
27265.2 -7.75132e-09
27267.8 -2.87009e-08
27270.4 -2.02284e-08
27273 1.58716e-09
27275.6 -5.40722e-09
27278.2 -2.72932e-08
27280.8 -2.10541e-08
27283.4 1.60515e-09
27285.6 -2.94803e-10
27288 -2.13244e-08
27290.1 -2.76806e-08
27292.4 -9.97537e-09
27294.7 4.84934e-09
27297 -6.22788e-09
27299.6 -2.65467e-08
27302.1 -1.79217e-08
27304.6 3.82227e-09
27307.2 -1.91737e-09
27309.7 -2.39709e-08
27311.9 -2.27694e-08
27314.3 -1.59625e-09
27316.5 6.22222e-09
27318.8 -1.04395e-08
27321.1 -2.57235e-08
27323.4 -1.4775e-08
27325.9 6.10281e-09
27328.4 -9.21789e-10
27330.9 -2.2472e-08
27333.2 -2.00998e-08
27335.6 1.2829e-09
27337.7 7.66768e-09
27340 -9.8359e-09
27342.3 -2.39451e-08
27344.6 -1.22992e-08
27347.2 8.33566e-09
27349.7 -4.98166e-10
27352.3 -2.1569e-08
27354.8 -1.42412e-08
27357.4 7.98672e-09
27359.7 5.31667e-09
27362.1 -1.57849e-08
27364.2 -2.10247e-08
27366.5 -2.66258e-09
27368.8 1.12184e-08
27371.1 -4.20849e-10
27373.7 -2.04768e-08
27376.2 -1.00856e-08
27378.8 1.1058e-08
27381.4 2.28345e-09
27384 -1.89844e-08
27386.6 -1.09679e-08
27389.2 1.12477e-08
27391.8 4.90962e-09
27394.4 -1.72999e-08
27396.6 -1.44012e-08
27399 7.22277e-09
27401.2 1.31363e-08
27403.5 -4.76091e-09
27405.8 -1.8601e-08
27408 -6.77299e-09
27410.6 1.39701e-08
27413.2 4.53646e-09
27415.8 -1.65243e-08
27418.3 -8.17086e-09
27420.9 1.39275e-08
27423.5 7.52126e-09
27426.1 -1.46936e-08
27428.3 -1.19531e-08
27430.7 9.65753e-09
27432.9 1.5719e-08
27435.2 -2.11392e-09
27437.4 -1.61376e-08
27439.7 -4.47542e-09
27442.3 1.63456e-08
27444.9 7.1952e-09
27447.4 -1.40243e-08
27450 -6.15662e-09
27452.6 1.60621e-08
27455.2 1.02489e-08
27457.7 -1.21274e-08
27460 -1.0269e-08
27462.3 1.11591e-08
27464.5 1.81859e-08
27466.8 9.44781e-10
27469.1 -1.39022e-08
27471.3 -2.85679e-09
27473.9 1.81176e-08
27476.4 1.0349e-08
27479 -1.12721e-08
27481.5 -5.74493e-09
27484.1 1.6826e-08
27486.3 1.65392e-08
27488.6 -4.18603e-09
27490.8 -1.23406e-08
27493.1 4.18753e-09
27495.4 2.03036e-08
27497.7 1.02609e-08
27500.2 -1.04894e-08
27502.7 -4.06548e-09
27505.2 1.7964e-08
27507.5 1.71654e-08
27509.8 -3.6002e-09
27512 -1.10591e-08
27514.3 5.80042e-09
27516.6 2.12737e-08
27518.9 1.09188e-08
27521.4 -9.65629e-09
27523.9 -2.45624e-09
27526.5 1.93128e-08
27528.7 1.70566e-08
27531 -3.3281e-09
27533.2 -9.93042e-09
27535.5 7.32584e-09
27537.8 2.20547e-08
27540.1 1.13011e-08
27542.6 -9.06449e-09
27545.2 -8.68592e-10
27547.7 2.05411e-08
27550.3 1.47465e-08
27552.8 -7.16923e-09
27555.1 -5.82273e-09
27557.4 1.50192e-08
27559.6 2.21565e-08
27561.9 5.33601e-09
27564.2 -9.5092e-09
27566.5 1.14864e-09
27569 2.16129e-08
27571.5 1.40393e-08
27574.1 -7.27368e-09
27576.4 -3.90114e-09
27578.7 1.67446e-08
27580.9 2.2007e-08
27583.2 4.16365e-09
27585.4 -9.18614e-09
27587.7 2.38761e-09
27590.3 2.24033e-08
27592.9 1.23486e-08
27595.5 -8.12962e-09
27598.1 1.05895e-09
27600.7 2.20533e-08
27603.3 1.38372e-08
27605.9 -7.56036e-09
27608.5 -2.77848e-10
27611.1 2.15307e-08
27613.7 1.52415e-08
27616.3 -6.90592e-09
27618.6 -4.24766e-09
27620.9 1.68251e-08
27623.1 2.2503e-08
27625.4 4.75824e-09
27627.7 -9.12228e-09
27629.9 2.19156e-09
27632.5 2.244e-08
27635.1 1.32386e-08
27637.6 -7.81029e-09
27640.2 -2.83438e-10
27642.8 2.1367e-08
27645.4 1.5488e-08
27647.9 -6.72224e-09
27650.2 -5.1828e-09
27652.5 1.56774e-08
27654.7 2.26153e-08
27657 5.5997e-09
27659.3 -9.35372e-09
27661.5 1.30331e-09
27664.1 2.17362e-08
27666.6 1.42184e-08
27669.1 -7.31972e-09
27671.4 -4.54492e-09
27673.7 1.58954e-08
27675.9 2.20298e-08
27678.2 4.59607e-09
27680.5 -9.72525e-09
27682.7 1.3178e-09
27685.3 2.15286e-08
27687.8 1.29915e-08
27690.4 -8.25151e-09
27692.9 -2.01294e-09
27695.5 1.98077e-08
27697.7 1.8013e-08
27700.1 -2.88456e-09
27702.3 -9.61719e-09
27704.6 7.43154e-09
27706.8 2.19941e-08
27709.1 1.10324e-08
27711.7 -9.33046e-09
27714.2 -1.4409e-09
27716.7 1.97827e-08
27719.1 1.60822e-08
27721.4 -4.63028e-09
27723.5 -9.71135e-09
27725.8 8.24368e-09
27728.1 2.14413e-08
27730.4 9.60074e-09
27732.9 -1.03969e-08
27735.5 -2.53831e-10
27738.1 2.01851e-08
27740.7 1.09357e-08
27743.3 -1.02172e-08
27745.9 -2.22416e-09
27748.5 1.92537e-08
27751.1 1.221e-08
27753.7 -9.87486e-09
27756 -6.67845e-09
27758.3 1.44317e-08
27760.5 1.93957e-08
27762.8 1.13865e-09
27765.1 -1.23071e-08
27767.3 -5.26473e-10
27769.9 1.94744e-08
27772.5 9.19097e-09
27775.1 -1.16476e-08
27777.7 -2.72935e-09
27780.3 1.85181e-08
27782.9 1.06403e-08
27785.5 -1.1311e-08
27788.1 -4.87382e-09
27790.6 1.7343e-08
27792.9 1.46949e-08
27795.2 -6.65352e-09
27797.4 -1.2703e-08
27799.7 5.01865e-09
27802 1.91773e-08
27804.3 7.64707e-09
27806.8 -1.28982e-08
27809.4 -4.10002e-09
27811.9 1.72112e-08
27814.5 1.0382e-08
27817 -1.18429e-08
27819.3 -9.74388e-09
27821.6 1.13861e-08
27823.8 1.76779e-08
27826.1 -6.09341e-12
27828.4 -1.46336e-08
27830.7 -3.41864e-09
27833.2 1.70156e-08
27835.7 8.44172e-09
27838.3 -1.31753e-08
27840.8 -7.20623e-09
27843.4 1.49684e-08
27845.6 1.37359e-08
27847.9 -7.35416e-09
27850.1 -1.49356e-08
27852.4 1.91592e-09
27854.7 1.72527e-08
27857 6.39493e-09
27859.5 -1.43539e-08
27862.1 -7.16985e-09
27864.6 1.45278e-08
27866.8 1.22765e-08
27869.2 -8.97999e-09
27871.4 -1.52782e-08
27873.7 2.33306e-09
27876 1.66281e-08
27878.2 5.14568e-09
27880.8 -1.53681e-08
27883.4 -6.54551e-09
27885.9 1.47411e-08
27888.5 7.86465e-09
27891 -1.42941e-08
27893.3 -1.20021e-08
27895.6 9.17278e-09
27897.8 1.51697e-08
27900.1 -2.69803e-09
27902.4 -1.69799e-08
27904.7 -5.53572e-09
27907.2 1.48152e-08
27909.8 5.54823e-09
27912.4 -1.58005e-08
27914.9 -8.53305e-09
27917.5 1.33807e-08
27919.8 1.00981e-08
27922.1 -1.07182e-08
27924.2 -1.66941e-08
27926.5 1.11309e-09
27928.8 1.51981e-08
27931.1 3.60436e-09
27933.7 -1.68707e-08
27936.2 -7.56058e-09
27938.8 1.36078e-08
27941.4 5.89121e-09
27944 -1.60591e-08
27946.5 -1.02165e-08
27949.1 1.21556e-08
27951.3 1.05798e-08
27953.7 -1.06086e-08
27955.9 -1.76753e-08
27958.2 -4.61938e-10
27960.4 1.44949e-08
27962.7 3.48152e-09
27965.3 -1.72126e-08
27967.8 -9.26075e-09
27970.4 1.23357e-08
27972.7 8.61943e-09
27975 -1.24175e-08
27977.2 -1.74209e-08
27979.5 9.18162e-10
27981.7 1.41979e-08
27984.1 1.44032e-09
27986.7 -1.8223e-08
27989.3 -6.87704e-09
27991.9 1.33615e-08
27994.4 2.97794e-09
27997 -1.79151e-08
27999.6 -8.65436e-09
28002.2 1.27163e-08
28004.8 4.49138e-09
28007.4 -1.74136e-08
28010 -1.03597e-08
28012.6 1.19186e-08
28015.2 5.96179e-09
28017.8 -1.67246e-08
28020.1 -1.47155e-08
28022.4 6.6154e-09
28024.6 1.31771e-08
28026.9 -4.42018e-09
28029.2 -1.91994e-08
28031.4 -8.14813e-09
28034 1.26258e-08
28036.5 4.35075e-09
28039.1 -1.73718e-08
28041.6 -1.14609e-08
28044.2 1.09115e-08
28046.4 9.72838e-09
28048.7 -1.136e-08
28050.9 -1.88085e-08
28053.2 -1.84925e-09
28055.5 1.35451e-08
28057.8 2.97559e-09
28060.3 -1.78552e-08
28062.9 -1.06937e-08
28065.4 1.11444e-08
28067.7 8.82277e-09
28069.9 -1.17684e-08
28072.1 -1.86093e-08
28074.4 -1.39683e-09
28076.7 1.3498e-08
28079 2.70238e-09
28081.5 -1.79307e-08
28084.1 -1.0074e-08
28086.6 1.15131e-08
28088.9 7.91435e-09
28091.2 -1.2981e-08
28093.4 -1.79678e-08
28095.7 2.56037e-10
28098 1.35919e-08
28100.3 1.11181e-09
28102.9 -1.85031e-08
28105.5 -7.46335e-09
28108.1 1.28546e-08
28110.7 2.97998e-09
28113.2 -1.79201e-08
28115.8 -9.18706e-09
28118.4 1.22934e-08
28121 4.80226e-09
28123.6 -1.71209e-08
28126.2 -1.08283e-08
28128.8 1.15442e-08
28131 9.14671e-09
28133.4 -1.20523e-08
28135.6 -1.8095e-08
28137.9 -3.96054e-10
28140.1 1.39234e-08
28142.4 2.79784e-09
28145 -1.77364e-08
28147.5 -9.07495e-09
28150.1 1.23639e-08
28152.6 5.77128e-09
28155.2 -1.62807e-08
28157.5 -1.39869e-08
28159.8 7.1689e-09
28162 1.33675e-08
28164.3 -4.16729e-09
28166.5 -1.85098e-08
28168.8 -7.41259e-09
28171.4 1.31337e-08
28173.9 4.71793e-09
28176.5 -1.66594e-08
28179 -1.03394e-08
28181.6 1.17735e-08
28183.8 1.00427e-08
28186.2 -1.09159e-08
28188.3 -1.7631e-08
28190.6 -4.28353e-10
28192.9 1.43907e-08
28195.2 3.63813e-09
28197.7 -1.68635e-08
28200.3 -9.11591e-09
28202.8 1.24396e-08
28205.1 9.21188e-09
28207.4 -1.14478e-08
28209.6 -1.69908e-08
28211.9 8.2901e-10
28214.1 1.46864e-08
28216.4 3.33525e-09
28219 -1.68772e-08
28221.5 -7.58008e-09
28224.1 1.34763e-08
28226.7 5.87857e-09
28229.3 -1.57538e-08
28231.8 -9.76721e-09
28234.4 1.24543e-08
28236.6 1.08206e-08
28239 -1.0073e-08
28241.2 -1.69158e-08
28243.5 1.81032e-10
28245.7 1.50762e-08
28248 4.33716e-09
28250.6 -1.6096e-08
28253.1 -8.46249e-09
28255.6 1.30696e-08
28257.9 1.01263e-08
28260.2 -1.03914e-08
28262.4 -1.6351e-08
28264.7 1.21162e-09
28266.9 1.53849e-08
28269.2 4.19034e-09
28271.8 -1.60233e-08
28274.3 -7.24189e-09
28276.9 1.39407e-08
28279.5 7.27823e-09
28282 -1.45341e-08
28284.3 -1.21931e-08
28286.6 8.8227e-09
28288.8 1.49056e-08
28291.1 -2.59169e-09
28293.4 -1.67112e-08
28295.6 -5.41754e-09
28298.2 1.48459e-08
28300.8 6.10027e-09
28303.3 -1.50052e-08
28305.9 -8.25626e-09
28308.4 1.36245e-08
28310.7 1.13453e-08
28313 -9.61948e-09
28315.2 -1.56468e-08
28317.5 1.93259e-09
28319.8 1.61039e-08
28322.1 4.81587e-09
28324.6 -1.53685e-08
28327.2 -6.47898e-09
28329.7 1.46789e-08
28332.3 7.89459e-09
28334.9 -1.39168e-08
28337.1 -1.14542e-08
28339.5 9.60856e-09
28341.6 1.55403e-08
28343.9 -2.10033e-09
28346.2 -1.60949e-08
28348.5 -4.62512e-09
28351.1 1.55895e-08
28353.6 6.47481e-09
28356.2 -1.45595e-08
28358.8 -7.26977e-09
28361.3 1.45257e-08
28363.6 1.14342e-08
28366 -9.69725e-09
28368.1 -1.48062e-08
28370.4 3.3605e-09
28372.7 1.67717e-08
28375 4.89704e-09
28377.5 -1.51215e-08
28380.1 -4.79654e-09
28382.7 1.59042e-08
28385.3 6.74338e-09
28387.9 -1.44869e-08
28390.5 -6.43496e-09
28393.1 1.53517e-08
28395.7 8.5289e-09
28398.3 -1.36641e-08
28400.6 -1.06056e-08
28402.9 1.07476e-08
28405.1 1.61279e-08
28407.4 -2.03148e-09
28409.7 -1.57118e-08
28411.9 -3.86269e-09
28414.5 1.64542e-08
28417.1 6.51689e-09
28419.7 -1.45026e-08
28422.2 -5.94096e-09
28424.8 1.57534e-08
28427.4 8.68048e-09
28430 -1.35279e-08
28432.3 -1.03768e-08
28434.6 1.10728e-08
28436.8 1.63703e-08
28439.1 -1.9264e-09
28441.4 -1.56026e-08
28443.6 -3.68936e-09
28446.2 1.67184e-08
28448.8 6.63745e-09
28451.4 -1.44507e-08
28454 -5.67115e-09
28456.6 1.60579e-08
28459.1 8.66532e-09
28461.7 -1.35785e-08
28464.3 -7.57322e-09
28466.9 1.51327e-08
28469.1 1.33361e-08
28471.5 -8.02218e-09
28473.6 -1.49434e-08
28475.9 2.52596e-09
28478.2 1.76246e-08
28480.5 6.56887e-09
28483 -1.42791e-08
28485.6 -6.39005e-09
28488.1 1.55127e-08
28490.4 1.22594e-08
28492.7 -8.77777e-09
28494.9 -1.45597e-08
28497.2 3.51405e-09
28499.4 1.76741e-08
28501.7 6.07184e-09
28504.3 -1.45353e-08
28506.9 -5.14382e-09
28509.4 1.62793e-08
28512 8.62149e-09
28514.6 -1.34731e-08
28517.1 -7.6054e-09
28519.7 1.5016e-08
28521.9 1.35835e-08
28524.3 -7.67283e-09
28526.5 -1.49444e-08
28528.8 2.2671e-09
28531.1 1.75867e-08
28533.3 6.75948e-09
28535.9 -1.41244e-08
28538.4 -6.62041e-09
28540.9 1.52935e-08
28543.2 1.25528e-08
28545.5 -8.29801e-09
28547.7 -1.46975e-08
28550 2.94394e-09
28552.2 1.75417e-08
28554.5 6.33501e-09
28557.1 -1.43454e-08
28559.6 -5.7681e-09
28562.2 1.57979e-08
28564.7 9.36602e-09
28567.3 -1.2894e-08
28569.6 -1.09786e-08
28571.9 1.02399e-08
28574.1 1.6792e-08
28576.4 -7.33003e-10
28578.7 -1.54074e-08
28580.9 -4.32917e-09
28583.5 1.63154e-08
28586 7.90588e-09
28588.6 -1.36585e-08
28591.2 -7.49176e-09
28593.7 1.47266e-08
28595.9 1.31215e-08
28598.3 -7.98673e-09
28600.5 -1.48827e-08
28602.8 2.35812e-09
28605.1 1.72393e-08
28607.3 6.36938e-09
28609.9 -1.42857e-08
28612.4 -6.35079e-09
28615 1.52246e-08
28617.5 9.74822e-09
28620.1 -1.25066e-08
28622.3 -1.19312e-08
28624.6 8.82749e-09
28626.8 1.6805e-08
28629.1 3.26442e-10
28631.4 -1.53713e-08
28633.7 -5.11182e-09
28636.2 1.55619e-08
28638.7 8.90871e-09
28641.3 -1.28163e-08
28643.5 -1.1305e-08
28645.9 9.57506e-09
28648 1.63551e-08
28650.3 -7.85394e-10
28652.6 -1.54951e-08
28654.9 -4.68904e-09
28657.5 1.57288e-08
28660 7.66765e-09
28662.6 -1.36864e-08
28665.1 -7.97949e-09
28667.7 1.40034e-08
28669.9 1.29456e-08
28672.2 -7.78584e-09
28674.4 -1.51576e-08
28676.7 1.53299e-09
28679 1.66207e-08
28681.3 6.10693e-09
28683.8 -1.43339e-08
28686.4 -7.0183e-09
28688.9 1.43758e-08
28691.2 1.15717e-08
28693.5 -8.87538e-09
28695.7 -1.48728e-08
28698 2.55187e-09
28700.2 1.65285e-08
28702.5 5.35634e-09
28705.1 -1.47772e-08
28707.7 -5.75952e-09
28710.2 1.51005e-08
28712.8 7.68617e-09
28715.4 -1.38293e-08
28717.9 -8.12667e-09
28720.5 1.3857e-08
28722.8 1.23397e-08
28725.1 -8.40657e-09
28727.3 -1.52626e-08
28729.6 1.66129e-09
28731.9 1.63095e-08
28734.2 5.56471e-09
28736.7 -1.47042e-08
28739.2 -6.8338e-09
28741.8 1.43509e-08
28744.1 1.05891e-08
28746.4 -1.00424e-08
28748.6 -1.47126e-08
28750.9 3.40206e-09
28753.2 1.62555e-08
28755.5 3.6241e-09
28758.1 -1.55387e-08
28760.7 -4.06787e-09
28763.3 1.56251e-08
28765.9 4.95384e-09
28768.5 -1.52864e-08
28771.1 -5.49022e-09
28773.7 1.52121e-08
28776.3 6.26485e-09
28778.9 -1.49125e-08
28781.5 -6.88507e-09
28784.1 1.46818e-08
28786.7 7.54708e-09
28789.3 -1.44183e-08
28791.7 -1.03811e-08
28794 1.05963e-08
28796.2 1.49191e-08
28798.5 -3.59722e-09
28800.7 -1.64053e-08
28803 -3.5349e-09
28805.6 1.58076e-08
28808.2 4.07809e-09
28810.8 -1.58712e-08
28813.4 -5.0235e-09
28816 1.5455e-08
28818.6 5.47591e-09
28821.2 -1.55338e-08
28823.8 -6.48829e-09
28826.4 1.49749e-08
28829.1 6.84913e-09
28831.7 -1.50644e-08
28834.3 -7.91747e-09
28836.9 1.43691e-08
28839.2 1.0436e-08
28841.5 -1.07769e-08
28843.7 -1.55617e-08
28846 2.93021e-09
28848.2 1.63238e-08
28850.5 3.64784e-09
28853.1 -1.62164e-08
28855.7 -5.42664e-09
28858.2 1.5324e-08
28860.8 6.12875e-09
28863.4 -1.54125e-08
28866 -7.90485e-09
28868.5 1.42705e-08
28871.1 8.47977e-09
28873.7 -1.42209e-08
28875.9 -1.29665e-08
28878.2 8.20878e-09
28880.4 1.5862e-08
28882.7 -1.05512e-09
28885 -1.68089e-08
28887.3 -6.2542e-09
28889.8 1.46972e-08
28892.3 8.13164e-09
28894.8 -1.39664e-08
28897 -1.31042e-08
28899.3 7.90991e-09
28901.5 1.5821e-08
28903.8 -8.93673e-10
28906.1 -1.6772e-08
28908.4 -6.29317e-09
28910.9 1.45903e-08
28913.4 8.14301e-09
28915.9 -1.38864e-08
28918.1 -1.31835e-08
28920.5 7.74044e-09
28922.6 1.57625e-08
28924.9 -8.48706e-10
28927.3 -1.67398e-08
28929.6 -6.2717e-09
28932.1 1.45373e-08
28934.6 8.05198e-09
28937.1 -1.38987e-08
28939.3 -1.30895e-08
28941.6 7.82095e-09
28943.8 1.56598e-08
28946.1 -1.04003e-09
28948.4 -1.67266e-08
28950.7 -6.145e-09
28953.2 1.45721e-08
28955.7 7.75768e-09
28958.2 -1.40879e-08
28960.5 -1.26756e-08
28962.8 8.34493e-09
28965 1.54492e-08
28967.3 -1.68573e-09
28969.6 -1.67512e-08
28971.9 -5.80657e-09
28974.4 1.47644e-08
28977 7.01906e-09
28979.5 -1.46161e-08
28981.8 -1.15395e-08
28984.1 9.2031e-09
28986.2 1.51225e-08
28988.6 -2.67344e-09
28990.8 -1.67814e-08
28993.1 -5.25499e-09
28995.7 1.50807e-08
28998.2 5.79824e-09
29000.8 -1.53805e-08
29003.4 -7.89289e-09
29005.9 1.39835e-08
29008.2 1.05162e-08
29010.5 -1.02576e-08
29012.7 -1.58202e-08
29015 2.20063e-09
29017.3 1.60235e-08
29019.5 4.31046e-09
29022.1 -1.59686e-08
29024.7 -6.13989e-09
29027.3 1.48692e-08
29029.9 6.45581e-09
29032.5 -1.51764e-08
29035 -8.21293e-09
29037.6 1.3957e-08
29039.9 1.09044e-08
29042.3 -1.04621e-08
29044.4 -1.57325e-08
29046.7 2.53703e-09
29049 1.61323e-08
29051.3 4.2473e-09
29053.9 -1.60572e-08
29056.4 -5.76146e-09
29059 1.51532e-08
29061.6 5.94676e-09
29064.2 -1.55054e-08
29066.8 -7.40346e-09
29069.4 1.4545e-08
29072 7.59399e-09
29074.6 -1.47734e-08
29077.2 -8.98119e-09
29079.8 1.37619e-08
29082 1.19883e-08
29084.4 -9.33969e-09
29086.6 -1.62436e-08
29088.9 1.19324e-09
29091.1 1.62393e-08
29093.4 5.24553e-09
29096 -1.55819e-08
29098.5 -7.66048e-09
29101 1.41791e-08
29103.3 1.07326e-08
29105.7 -1.03303e-08
29107.8 -1.57447e-08
29110.1 2.47919e-09
29112.4 1.6299e-08
29114.6 4.58293e-09
29117.2 -1.59102e-08
29119.8 -6.00019e-09
29122.4 1.51628e-08
29125 6.54669e-09
29127.6 -1.51872e-08
29130.2 -7.88251e-09
29132.8 1.43625e-08
29135.3 8.42402e-09
29137.9 -1.42282e-08
29140.2 -1.23592e-08
29142.5 8.97279e-09
29144.7 1.57666e-08
29147 -1.68993e-09
29149.3 -1.66459e-08
29151.5 -5.68974e-09
29154.1 1.51558e-08
29156.6 7.24357e-09
29159.2 -1.45658e-08
29161.5 -1.1031e-08
29163.8 1.00458e-08
29165.9 1.53327e-08
29168.3 -2.90754e-09
29170.5 -1.66143e-08
29172.8 -4.91603e-09
29175.3 1.5574e-08
29177.9 5.62958e-09
29180.5 -1.54708e-08
29183.1 -6.70787e-09
29185.7 1.49562e-08
29188.3 7.42949e-09
29190.9 -1.47084e-08
29193.5 -8.42787e-09
29196.1 1.41329e-08
29198.3 1.17871e-08
29200.7 -9.58186e-09
29202.8 -1.58196e-08
29205.1 1.91717e-09
29207.4 1.64652e-08
29209.7 5.333e-09
29212.2 -1.54253e-08
29214.8 -6.99529e-09
29217.3 1.4677e-08
29219.9 8.48948e-09
29222.4 -1.38485e-08
29224.7 -1.22945e-08
29227 8.85439e-09
29229.2 1.59407e-08
29231.5 -1.20653e-09
29233.8 -1.6375e-08
29236.1 -5.70343e-09
29238.6 1.51097e-08
29241.1 7.7866e-09
29243.6 -1.40319e-08
29245.9 -1.14906e-08
29248.2 9.16274e-09
29250.4 1.58001e-08
29252.7 -1.51063e-09
29254.9 -1.62923e-08
29257.2 -5.43619e-09
29259.8 1.52059e-08
29262.3 7.34828e-09
29264.8 -1.42505e-08
29267.2 -1.0724e-08
29269.5 1.01509e-08
29271.6 1.53698e-08
29273.9 -2.70789e-09
29276.2 -1.62805e-08
29278.4 -4.68069e-09
29281 1.56091e-08
29283.6 5.77234e-09
29286.2 -1.51456e-08
29288.8 -6.52104e-09
29291.4 1.49671e-08
29294 7.60359e-09
29296.6 -1.43697e-08
29299.2 -8.28725e-09
29301.7 1.41079e-08
29304 1.20171e-08
29306.3 -9.12953e-09
29308.5 -1.56089e-08
29310.8 1.80782e-09
29313.1 1.64661e-08
29315.3 5.52665e-09
29317.9 -1.50767e-08
29320.4 -7.0909e-09
29323 1.44902e-08
29325.5 9.04375e-09
29328 -1.32088e-08
29330.2 -1.27659e-08
29332.6 7.92316e-09
29334.8 1.62066e-08
29337.1 -1.8632e-11
29339.4 -1.60106e-08
29341.7 -5.91386e-09
29344.2 1.48008e-08
29346.7 8.79854e-09
29349.2 -1.29923e-08
29351.4 -1.27261e-08
29353.7 7.8283e-09
29355.9 1.61539e-08
29358.2 2.31159e-11
29360.5 -1.59254e-08
29362.8 -5.82286e-09
29365.3 1.47748e-08
29367.8 8.70291e-09
29370.3 -1.29774e-08
29372.5 -1.25739e-08
29374.9 7.94811e-09
29377 1.60553e-08
29379.3 -1.6393e-10
29381.7 -1.58791e-08
29384 -5.65013e-09
29386.5 1.48201e-08
29389 8.41578e-09
29391.5 -1.31413e-08
29393.7 -1.21651e-08
29396.1 8.45096e-09
29398.2 1.58613e-08
29400.5 -7.6246e-10
29402.9 -1.58889e-08
29405.2 -5.31053e-09
29407.7 1.49959e-08
29410.2 7.74323e-09
29412.7 -1.36208e-08
29415 -1.11796e-08
29417.4 9.67919e-09
29419.5 1.53944e-08
29421.8 -2.22222e-09
29424.1 -1.59667e-08
29426.4 -4.51977e-09
29429 1.54526e-08
29431.5 6.01181e-09
29434.1 -1.4731e-08
29436.7 -6.84286e-09
29439.3 1.4553e-08
29441.8 8.26982e-09
29444.4 -1.36614e-08
29446.7 -1.15126e-08
29449 9.39571e-09
29451.2 1.55708e-08
29453.5 -1.85989e-09
29455.8 -1.6017e-08
29458.1 -4.74322e-09
29460.6 1.53841e-08
29463.2 6.51587e-09
29465.7 -1.45096e-08
29468.3 -7.6376e-09
29470.9 1.40932e-08
29473.1 1.15012e-08
29475.5 -9.49423e-09
29477.7 -1.51355e-08
29480 2.63428e-09
29482.2 1.63578e-08
29484.5 4.76301e-09
29487.1 -1.52721e-08
29489.7 -5.61106e-09
29492.2 1.51753e-08
29494.8 6.98821e-09
29497.4 -1.44502e-08
29500 -7.79411e-09
29502.6 1.4182e-08
29504.8 1.15411e-08
29507.2 -9.5631e-09
29509.4 -1.5224e-08
29511.7 2.62597e-09
29513.9 1.64165e-08
29516.2 4.78158e-09
29518.8 -1.5356e-08
29521.4 -5.68202e-09
29523.9 1.52133e-08
29526.5 7.03604e-09
29529.1 -1.45161e-08
29531.7 -7.89463e-09
29534.3 1.41956e-08
29536.5 1.16309e-08
29538.9 -9.55117e-09
29541 -1.53447e-08
29543.4 2.51254e-09
29545.6 1.64588e-08
29547.9 4.86047e-09
29550.5 -1.54028e-08
29553 -5.87934e-09
29555.6 1.51721e-08
29558.2 7.25853e-09
29560.8 -1.44649e-08
29563.3 -8.2252e-09
29565.9 1.4034e-08
29568.2 1.20298e-08
29570.5 -9.12986e-09
29572.7 -1.56006e-08
29575 1.92335e-09
29577.3 1.6449e-08
29579.6 5.1858e-09
29582.1 -1.52812e-08
29584.7 -6.629e-09
29587.2 1.47669e-08
29589.8 8.30277e-09
29592.3 -1.38051e-08
29594.6 -1.1891e-08
29596.9 9.23743e-09
29599.1 1.57456e-08
29601.4 -1.75053e-09
29603.7 -1.62934e-08
29606 -5.06581e-09
29608.5 1.53958e-08
29611.1 6.7443e-09
29613.6 -1.46373e-08
29616.2 -8.14389e-09
29618.8 1.39325e-08
29621 1.192e-08
29623.4 -9.21403e-09
29625.5 -1.55856e-08
29627.8 1.97202e-09
29630.1 1.638e-08
29632.4 5.10196e-09
29635 -1.53268e-08
29637.5 -6.4733e-09
29640.1 1.4817e-08
29642.7 7.93017e-09
29645.2 -1.40465e-08
29647.5 -1.13909e-08
29649.9 9.82073e-09
29652 1.54218e-08
29654.3 -2.56175e-09
29656.6 -1.63384e-08
29658.9 -4.69498e-09
29661.5 1.55737e-08
29664 5.66954e-09
29666.6 -1.52429e-08
29669.2 -6.56534e-09
29671.8 1.49122e-08
29674.4 7.49105e-09
29677 -1.44843e-08
29679.6 -8.35855e-09
29682.2 1.40317e-08
29684.4 1.18348e-08
29686.8 -9.39643e-09
29689 -1.56479e-08
29691.3 2.00794e-09
29693.5 1.63857e-08
29695.8 5.13189e-09
29698.4 -1.53958e-08
29700.9 -6.55439e-09
29703.5 1.48124e-08
29706.1 7.89851e-09
29708.6 -1.41384e-08
29710.9 -1.14144e-08
29713.3 9.84031e-09
29715.4 1.54156e-08
29717.7 -2.59014e-09
29720 -1.64081e-08
29722.3 -4.84309e-09
29724.8 1.55256e-08
29727.4 5.79242e-09
29730 -1.52373e-08
29732.6 -6.80708e-09
29735.2 1.47983e-08
29737.8 7.70517e-09
29740.4 -1.43974e-08
29743 -8.67984e-09
29745.5 1.38301e-08
29747.8 1.21958e-08
29750.1 -8.9311e-09
29752.3 -1.58818e-08
29754.6 1.32836e-09
29756.9 1.63125e-08
29759.2 5.52002e-09
29761.7 -1.5175e-08
29764.2 -7.4702e-09
29766.8 1.42007e-08
29769.1 1.09401e-08
29771.4 -9.90474e-09
29773.5 -1.5457e-08
29775.9 2.4842e-09
29778.1 1.63191e-08
29780.4 4.84414e-09
29783 -1.55238e-08
29785.5 -5.99383e-09
29788.1 1.50666e-08
29790.7 6.94929e-09
29793.3 -1.47114e-08
29795.9 -8.05297e-09
29798.4 1.41076e-08
29800.7 1.13655e-08
29803.1 -9.86148e-09
29805.2 -1.54941e-08
29807.5 2.4165e-09
29809.8 1.63227e-08
29812.1 4.90466e-09
29814.6 -1.55043e-08
29817.2 -6.17274e-09
29819.8 1.49786e-08
29822.4 7.21392e-09
29824.9 -1.45653e-08
29827.5 -8.4189e-09
29830.1 1.3867e-08
29832.3 1.18998e-08
29834.7 -9.20263e-09
29836.9 -1.5763e-08
29839.2 1.59113e-09
29841.4 1.62676e-08
29843.7 5.35713e-09
29846.2 -1.52204e-08
29848.8 -7.23895e-09
29851.3 1.4299e-08
29853.9 8.81882e-09
29856.4 -1.33897e-08
29858.6 -1.28583e-08
29861 7.83064e-09
29863.1 1.59614e-08
29865.4 -3.41671e-10
29867.7 -1.6182e-08
29870.1 -6.02937e-09
29872.6 1.46345e-08
29875.1 8.42138e-09
29877.6 -1.33109e-08
29879.8 -1.26416e-08
29882.1 7.99785e-09
29884.3 1.58289e-08
29886.6 -5.94755e-10
29888.9 -1.61386e-08
29891.2 -5.83721e-09
29893.7 1.46818e-08
29896.2 8.07305e-09
29898.7 -1.35109e-08
29901 -1.21517e-08
29903.3 8.58315e-09
29905.5 1.55867e-08
29907.8 -1.30071e-09
29910.1 -1.61484e-08
29912.4 -5.43789e-09
29914.9 1.48856e-08
29917.5 7.26974e-09
29920 -1.40628e-08
29922.3 -1.0944e-08
29924.6 9.54031e-09
29926.8 1.52001e-08
29929.1 -2.42302e-09
29931.3 -1.61814e-08
29933.6 -4.79167e-09
29936.2 1.52341e-08
29938.8 5.87852e-09
29941.3 -1.49097e-08
29943.9 -7.11691e-09
29946.5 1.43185e-08
29949.1 8.14375e-09
29951.6 -1.38156e-08
29953.9 -1.17951e-08
29956.2 9.08127e-09
29958.4 1.54234e-08
29960.7 -1.87717e-09
29963 -1.61903e-08
29965.3 -5.08425e-09
29967.8 1.51063e-08
29970.4 6.60245e-09
29972.9 -1.45189e-08
29975.5 -8.20888e-09
29978 1.36179e-08
29980.3 1.18626e-08
29982.6 -8.95727e-09
29984.8 -1.55632e-08
29987.1 1.59084e-09
29989.4 1.61004e-08
29991.7 5.08499e-09
29994.2 -1.51241e-08
29996.8 -6.87207e-09
29999.3 1.43135e-08
30001.9 8.44963e-09
30004.4 -1.34413e-08
30006.6 -1.23626e-08
30009 8.30765e-09
30011.1 1.56703e-08
30013.5 -1.03116e-09
30015.8 -1.61043e-08
30018.1 -5.40417e-09
30020.6 1.48827e-08
30023.1 7.41181e-09
30025.6 -1.39334e-08
30027.9 -1.1156e-08
30030.2 9.21198e-09
30032.4 1.53505e-08
30034.7 -2.04607e-09
30037 -1.61464e-08
30039.3 -4.84665e-09
30041.8 1.52027e-08
30044.4 6.19779e-09
30047 -1.47142e-08
30049.5 -7.58251e-09
30052.1 1.4027e-08
30054.4 1.09894e-08
30056.7 -1.00187e-08
30058.9 -1.50777e-08
30061.2 2.98896e-09
30063.5 1.6179e-08
30065.7 4.26416e-09
30068.4 -1.5566e-08
30071 -4.93303e-09
30073.6 1.53941e-08
30076.2 5.549e-09
30078.8 -1.52422e-08
30081.4 -6.20405e-09
30084 1.50227e-08
30086.6 6.81495e-09
30089.2 -1.48124e-08
30091.8 -7.45175e-09
30094.4 1.45457e-08
30097 8.05296e-09
30099.6 -1.42779e-08
30101.9 -1.14002e-08
30104.2 9.91167e-09
30106.4 1.54321e-08
30108.7 -2.6455e-09
30111 -1.64373e-08
30113.2 -4.70593e-09
30115.8 1.56152e-08
30118.4 5.79182e-09
30121 -1.52584e-08
30123.6 -6.85791e-09
30126.2 1.48272e-08
30128.7 7.89979e-09
30131.3 -1.43178e-08
30133.6 -1.13378e-08
30136 1.00497e-08
30138.1 1.54608e-08
30140.4 -2.74471e-09
30142.7 -1.64932e-08
30145 -4.69466e-09
30147.5 1.56978e-08
30150.1 5.71915e-09
30152.7 -1.53619e-08
30155.3 -6.69991e-09
30157.9 1.49892e-08
30160.5 7.68824e-09
30163.1 -1.45215e-08
30165.6 -8.61659e-09
30168.2 1.40275e-08
30170.5 1.22793e-08
30172.8 -9.01828e-09
30175 -1.59424e-08
30177.3 1.46197e-09
30179.6 1.65045e-08
30181.9 5.5016e-09
30184.4 -1.5297e-08
30186.9 -7.39815e-09
30189.5 1.44178e-08
30191.8 1.10286e-08
30194.1 -9.99697e-09
30196.2 -1.55128e-08
30198.5 2.64396e-09
30200.8 1.65309e-08
30203.1 4.83878e-09
30205.6 -1.56492e-08
30208.2 -5.87282e-09
30210.8 1.53217e-08
30213.4 6.94834e-09
30216 -1.48584e-08
30218.6 -7.93131e-09
30221.1 1.43926e-08
30223.4 1.13741e-08
30225.8 -1.00918e-08
30227.9 -1.54935e-08
30230.3 2.76805e-09
30232.5 1.65691e-08
30234.8 4.82966e-09
30237.4 -1.56943e-08
30239.9 -5.77933e-09
30242.5 1.54098e-08
30245.1 6.78792e-09
30247.7 -1.49865e-08
30250.3 -7.696e-09
30252.9 1.45828e-08
30255.5 8.65874e-09
30258.1 -1.40399e-08
30260.3 -1.22259e-08
30262.6 9.11597e-09
30264.8 1.59985e-08
30267.1 -1.4275e-09
30269.4 -1.6491e-08
30271.7 -5.5827e-09
30274.2 1.53057e-08
30276.7 7.55433e-09
30279.3 -1.43334e-08
30281.6 -1.11411e-08
30283.9 9.85578e-09
30286 1.56512e-08
30288.3 -2.32146e-09
30290.6 -1.64845e-08
30292.9 -5.06298e-09
30295.4 1.55596e-08
30298 6.40207e-09
30300.6 -1.50177e-08
30303.1 -7.61443e-09
30305.7 1.44588e-08
30308.3 8.86706e-09
30310.9 -1.3711e-08
30313.1 -1.25846e-08
30315.4 8.49278e-09
30317.6 1.60895e-08
30319.9 -7.76076e-10
30322.2 -1.63372e-08
30324.5 -5.86156e-09
30327 1.50072e-08
30329.5 8.1667e-09
30332 -1.37486e-08
30334.3 -1.20677e-08
30336.6 9.02626e-09
30338.8 1.58288e-08
30341.1 -1.44454e-09
30343.4 -1.63236e-08
30345.6 -5.48305e-09
30348.2 1.51788e-08
30350.7 7.37099e-09
30353.3 -1.42642e-08
30355.6 -1.08466e-08
30357.9 1.00186e-08
30360 1.5377e-08
30362.3 -2.65469e-09
30364.6 -1.63412e-08
30366.9 -4.77949e-09
30369.4 1.55401e-08
30372 5.80814e-09
30374.6 -1.51719e-08
30377.2 -6.73755e-09
30379.8 1.48223e-08
30382.4 7.72412e-09
30385 -1.43337e-08
30387.6 -8.60645e-09
30390.1 1.38637e-08
30392.4 1.22493e-08
30394.7 -8.816e-09
30396.9 -1.58313e-08
30399.2 1.27176e-09
30401.5 1.63306e-08
30403.7 5.63348e-09
30406.3 -1.50388e-08
30408.8 -7.62749e-09
30411.3 1.40642e-08
30413.6 1.13899e-08
30415.9 -9.20285e-09
30418.1 -1.56303e-08
30420.4 1.73326e-09
30422.6 1.63002e-08
30424.9 5.33234e-09
30427.5 -1.51556e-08
30430 -7.01991e-09
30432.6 1.44177e-08
30435.1 8.68684e-09
30437.6 -1.34318e-08
30439.9 -1.25353e-08
30442.2 8.21609e-09
30444.4 1.59083e-08
30446.7 -6.51114e-10
30449 -1.61301e-08
30451.3 -5.75097e-09
30453.8 1.4815e-08
30456.3 8.08286e-09
30458.8 -1.3549e-08
30461.1 -1.20174e-08
30463.4 8.80456e-09
30465.6 1.56549e-08
30467.9 -1.37349e-09
30470.2 -1.61435e-08
30472.5 -5.3481e-09
30475 1.50194e-08
30477.5 7.2501e-09
30480.1 -1.41173e-08
30482.4 -1.07618e-08
30484.7 9.84366e-09
30486.8 1.52153e-08
30489.2 -2.62137e-09
30491.4 -1.61848e-08
30493.7 -4.6321e-09
30496.3 1.54026e-08
30498.8 5.67177e-09
30501.4 -1.5054e-08
30504 -6.65572e-09
30506.6 1.46751e-08
30509.2 7.65162e-09
30511.8 -1.4197e-08
30514.1 -1.0962e-08
30516.4 1.01478e-08
30518.6 1.51373e-08
30520.9 -2.99629e-09
30523.1 -1.62672e-08
30525.4 -4.44961e-09
30528 1.55661e-08
30530.6 5.26208e-09
30533.2 -1.53354e-08
30535.8 -6.04121e-09
30538.4 1.50881e-08
30541 6.83301e-09
30543.6 -1.47787e-08
30546.2 -7.59128e-09
30548.8 1.44497e-08
30551.4 8.35429e-09
30554 -1.40632e-08
30556.2 -1.18752e-08
30558.5 9.30255e-09
30560.7 1.57019e-08
30563 -1.8098e-09
30565.3 -1.6382e-08
30567.6 -5.23084e-09
30570.1 1.52969e-08
30572.7 7.028e-09
30575.2 -1.45022e-08
30577.7 -8.72657e-09
30580.3 1.35169e-08
30582.5 1.27122e-08
30584.8 -8.13587e-09
30587 -1.60292e-08
30589.3 5.59201e-10
30591.6 1.62563e-08
30593.9 5.77822e-09
30596.4 -1.48955e-08
30598.9 -8.22715e-09
30601.4 1.35636e-08
30603.7 1.2334e-08
30606 -8.57285e-09
30608.2 -1.58506e-08
30610.5 1.09555e-09
30612.8 1.62648e-08
30615.1 5.47896e-09
30617.6 -1.50553e-08
30620.2 -7.59624e-09
30622.7 1.40126e-08
30625 1.13824e-08
30627.2 -9.13962e-09
30629.4 -1.5629e-08
30631.7 1.74357e-09
30634 1.62769e-08
30636.3 5.1106e-09
30638.8 -1.52522e-08
30641.4 -6.78892e-09
30643.9 1.45373e-08
30646.5 8.38427e-09
30649 -1.36556e-08
30651.3 -1.22018e-08
30653.6 8.72747e-09
30655.8 1.57331e-08
30658.1 -1.3614e-09
30660.4 -1.62443e-08
30662.7 -5.29026e-09
30665.2 1.51295e-08
30667.8 7.15062e-09
30670.3 -1.42832e-08
30672.6 -1.0653e-08
30674.9 1.01445e-08
30677.1 1.51543e-08
30679.4 -3.05157e-09
30681.7 -1.63094e-08
30683.9 -4.34799e-09
30686.5 1.56477e-08
30689.1 4.95833e-09
30691.8 -1.55141e-08
30694.4 -5.58191e-09
30697 1.53389e-08
30699.6 6.18355e-09
30702.2 -1.51571e-08
30704.8 -6.79774e-09
30707.4 1.49326e-08
30710 7.38676e-09
30712.6 -1.47029e-08
30715 -1.01454e-08
30717.3 1.11185e-08
30719.5 1.49078e-08
30721.8 -4.13621e-09
30724 -1.65155e-08
30726.3 -3.02631e-09
30729 1.62328e-08
30731.6 3.1427e-09
30734.2 -1.62811e-08
30736.9 -3.28055e-09
30739.5 1.63074e-08
30742.1 3.39798e-09
30744.8 -1.63538e-08
30747.4 -3.53719e-09
30750 1.63779e-08
30752.7 3.65568e-09
30755.3 -1.64224e-08
30757.9 -3.79607e-09
30760.6 1.64445e-08
30763.2 3.91561e-09
30765.8 -1.64869e-08
30768.5 -4.05697e-09
30771.1 1.6507e-08
30773.7 4.17753e-09
30776.4 -1.65474e-08
30779 -4.31983e-09
30781.6 1.65656e-08
30784.3 4.44139e-09
30786.9 -1.6604e-08
30789.5 -4.58446e-09
30792.2 1.66204e-08
30794.8 4.70707e-09
30797.4 -1.66567e-08
30800.1 -4.85086e-09
30802.7 1.66713e-08
30805.3 4.97443e-09
30808 -1.67055e-08
30810.6 -5.11872e-09
30813.2 1.67187e-08
30815.9 5.24349e-09
30818.5 -1.67507e-08
30820.9 -7.94666e-09
30823.3 1.41595e-08
30825.5 1.31886e-08
30827.8 -8.36374e-09
30829.9 -1.71199e-08
30832.2 -2.36367e-10
30834.5 1.70382e-08
30836.8 7.06381e-09
30839.3 -1.5061e-08
30841.8 -9.53337e-09
30844.4 1.41189e-08
30846.6 1.37313e-08
30848.9 -7.93328e-09
30851.1 -1.7098e-08
30853.3 -5.69584e-10
30855.6 1.6902e-08
30858 7.12021e-09
30860.4 -1.48974e-08
30863 -9.57708e-09
30865.5 1.40131e-08
30867.7 1.37302e-08
30870 -7.80467e-09
30872.2 -1.7023e-08
30874.5 -6.22459e-10
30876.8 1.68108e-08
30879.1 7.07384e-09
30881.6 -1.48296e-08
30884.1 -9.50132e-09
30886.7 1.39697e-08
30888.8 1.36132e-08
30891.2 -7.85183e-09
30893.3 -1.69172e-08
30895.6 -4.99093e-10
30897.9 1.6749e-08
30900.2 6.96433e-09
30902.7 -1.48205e-08
30905.3 -9.35102e-09
30907.8 1.39661e-08
30910 1.34238e-08
30912.3 -8.00749e-09
30914.5 -1.67905e-08
30916.8 -2.64312e-10
30919.1 1.67051e-08
30921.4 6.81049e-09
30923.9 -1.48507e-08
30926.4 -9.14898e-09
30929 1.39898e-08
30931.2 1.31821e-08
30933.5 -8.23705e-09
30935.7 -1.66462e-08
30938 5.0305e-11
30940.3 1.66732e-08
30942.6 6.61933e-09
30945 -1.49113e-08
30947.5 -9.60648e-09
30950 1.29888e-08
30952.1 1.41716e-08
30954.5 -6.42929e-09
30956.6 -1.68236e-08
30958.9 -1.62528e-09
30961.3 1.6365e-08
30963.7 6.75076e-09
30966.1 -1.42319e-08
30968.6 -9.82635e-09
30971.2 1.32338e-08
30973.3 1.37837e-08
30975.7 -6.97916e-09
30977.8 -1.66683e-08
30980.1 -1.03738e-09
30982.5 1.63443e-08
30984.8 6.82157e-09
30987.3 -1.44837e-08
30989.8 -9.12504e-09
30992.4 1.37754e-08
30994.6 1.30483e-08
30996.9 -8.07112e-09
30999.1 -1.63935e-08
31001.4 1.19651e-10
31003.7 1.64553e-08
31006 6.34804e-09
31008.5 -1.48168e-08
31011 -9.1937e-09
31013.4 1.30593e-08
31015.6 1.36452e-08
31017.9 -6.94387e-09
31020.1 -1.65016e-08
31022.4 -9.16581e-10
31024.8 1.62281e-08
31027.1 6.61231e-09
31029.6 -1.44652e-08
31032.1 -8.84992e-09
31034.7 1.37886e-08
31036.9 1.2697e-08
31039.2 -8.37142e-09
31041.4 -1.61533e-08
31043.7 5.90838e-10
31046 1.63881e-08
31048.3 5.99711e-09
31050.8 -1.49173e-08
31053.3 -8.55806e-09
31055.8 1.34649e-08
31058 1.28075e-08
31060.3 -8.06249e-09
31062.5 -1.61448e-08
31064.8 3.43399e-10
31067.1 1.62944e-08
31069.4 6.01544e-09
31071.9 -1.48122e-08
31074.4 -8.647e-09
31076.9 1.32926e-08
31079.1 1.29275e-08
31081.5 -7.78893e-09
31083.6 -1.6127e-08
31085.9 1.40948e-10
31088.3 1.62094e-08
31090.6 6.01335e-09
31093.1 -1.47281e-08
31095.6 -8.68848e-09
31098 1.31667e-08
31100.2 1.29789e-08
31102.6 -7.62119e-09
31104.8 -1.60881e-08
31107.1 4.89171e-11
31109.4 1.61416e-08
31111.7 5.97015e-09
31114.2 -1.46829e-08
31116.7 -8.63556e-09
31119.2 1.31327e-08
31121.4 1.28992e-08
31123.7 -7.65961e-09
31125.9 -1.60097e-08
31128.2 1.6401e-10
31130.5 1.61028e-08
31132.9 5.85335e-09
31135.4 -1.47024e-08
31137.9 -8.41426e-09
31140.4 1.32566e-08
31142.6 1.25858e-08
31144.9 -8.05161e-09
31147.1 -1.58527e-08
31149.4 6.42344e-10
31151.7 1.61091e-08
31154 5.59532e-09
31156.5 -1.48344e-08
31159.1 -7.87233e-09
31161.6 1.36515e-08
31163.8 1.1797e-08
31166.2 -9.0723e-09
31168.4 -1.54912e-08
31170.7 1.82978e-09
31173 1.61768e-08
31175.2 4.98955e-09
31177.8 -1.51971e-08
31180.3 -6.5344e-09
31182.9 1.45731e-08
31185.5 8.03182e-09
31188 -1.37832e-08
31190.3 -1.16778e-08
31192.6 9.2608e-09
31194.8 1.54334e-08
31197.1 -2.05041e-09
31199.4 -1.61895e-08
31201.7 -4.85702e-09
31204.2 1.52882e-08
31206.8 6.2328e-09
31209.4 -1.47631e-08
31211.9 -7.55254e-09
31214.5 1.41319e-08
31216.8 1.09702e-08
31219.2 -1.01283e-08
31221.3 -1.50762e-08
31223.6 3.12016e-09
31225.9 1.62573e-08
31228.2 4.26971e-09
31230.8 -1.56286e-08
31233.4 -4.796e-09
31236 1.55275e-08
31238.6 5.33341e-09
31241.2 -1.53954e-08
31243.8 -5.85552e-09
31246.4 1.52579e-08
31249.1 6.38734e-09
31251.7 -1.50896e-08
31254.3 -6.90291e-09
31256.9 1.49156e-08
31259.5 7.42652e-09
31262.1 -1.47114e-08
31264.5 -1.01668e-08
31266.8 1.10801e-08
31269 1.49602e-08
31271.3 -4.04093e-09
31273.5 -1.65187e-08
31275.8 -3.10297e-09
31278.5 1.62235e-08
31281.1 3.35037e-09
31283.7 -1.62282e-08
31286.3 -3.587e-09
31289 1.62409e-08
31291.6 3.83613e-09
31294.2 -1.62385e-08
31296.8 -4.07464e-09
31299.5 1.62438e-08
31302.1 4.3251e-09
31304.7 -1.62343e-08
31307.4 -4.56531e-09
31310 1.62319e-08
31312.6 4.81686e-09
31315.2 -1.62152e-08
31317.9 -5.05846e-09
31320.5 1.62052e-08
31323.1 5.31086e-09
31325.8 -1.61813e-08
31328.4 -5.55358e-09
31331 1.61636e-08
31333.6 5.80662e-09
31336.3 -1.61324e-08
31338.9 -6.05018e-09
31341.5 1.61071e-08
31343.9 8.81965e-09
31346.2 -1.30861e-08
31348.5 -1.40786e-08
31350.8 6.92422e-09
31352.9 1.70061e-08
31355.2 1.29579e-09
31357.6 -1.65934e-08
31359.9 -7.09249e-09
31362.4 1.46246e-08
31364.9 9.49578e-09
31367.5 -1.3883e-08
31369.7 -1.34835e-08
31372 7.89154e-09
31374.2 1.67656e-08
31376.5 2.78506e-10
31378.8 -1.66801e-08
31381.1 -6.70791e-09
31383.6 1.4894e-08
31386.1 8.99785e-09
31388.7 -1.40588e-08
31390.9 -1.29625e-08
31393.2 8.53502e-09
31395.4 1.6531e-08
31397.7 -4.65346e-10
31400 -1.6706e-08
31402.3 -6.36043e-09
31404.8 1.50954e-08
31407.3 9.06305e-09
31409.7 -1.34792e-08
31411.9 -1.34428e-08
31414.3 7.63075e-09
31416.4 1.66148e-08
31418.7 3.8711e-10
31421.1 -1.64928e-08
31423.4 -6.61826e-09
31425.9 1.47545e-08
31428.4 8.8404e-09
31431 -1.39678e-08
31433.2 -1.27059e-08
31435.5 8.64124e-09
31437.7 1.62953e-08
31440 -7.42249e-10
31442.3 -1.65692e-08
31444.6 -6.10883e-09
31447.1 1.50833e-08
31449.6 8.5721e-09
31452.1 -1.3694e-08
31454.3 -1.2744e-08
31456.7 8.4127e-09
31458.8 1.62457e-08
31461.1 -5.78158e-10
31463.4 -1.64597e-08
31465.7 -6.10562e-09
31468.2 1.49715e-08
31470.7 8.59767e-09
31473.2 -1.35506e-08
31475.4 -1.27702e-08
31477.8 8.23868e-09
31479.9 1.61811e-08
31482.2 -4.7709e-10
31484.5 -1.63592e-08
31486.9 -6.07095e-09
31489.4 1.48845e-08
31491.9 8.56369e-09
31494.4 -1.34607e-08
31496.6 -1.27166e-08
31498.9 8.18259e-09
31501.1 1.60899e-08
31503.4 -5.01251e-10
31505.7 -1.62775e-08
31508 -5.98131e-09
31510.5 1.4843e-08
31513 8.41821e-09
31515.5 -1.3473e-08
31517.7 -1.25104e-08
31520.1 8.35238e-09
31522.3 1.59468e-08
31524.6 -7.64271e-10
31526.9 -1.62291e-08
31529.2 -5.78893e-09
31531.7 1.4885e-08
31534.2 8.05437e-09
31536.7 -1.36755e-08
31538.9 -1.19898e-08
31541.3 8.95366e-09
31543.5 1.56784e-08
31545.8 -1.50667e-09
31548.1 -1.62348e-08
31550.3 -5.36911e-09
31552.9 1.50936e-08
31555.4 7.18776e-09
31558 -1.42537e-08
31560.3 -1.06651e-08
31562.6 1.00944e-08
31564.7 1.51771e-08
31567 -2.89424e-09
31569.3 -1.62716e-08
31571.6 -4.55867e-09
31574.2 1.55223e-08
31576.8 5.38652e-09
31579.3 -1.52828e-08
31581.9 -6.20375e-09
31584.5 1.50003e-08
31587.1 7.009e-09
31589.7 -1.46745e-08
31592.3 -7.79924e-09
31594.9 1.4307e-08
31597.3 1.06551e-08
31599.6 -1.03994e-08
31601.7 -1.51773e-08
31604.1 3.17256e-09
31606.3 1.63952e-08
31608.6 3.74577e-09
31611.2 -1.58521e-08
31613.8 -4.80345e-09
31616.4 1.55764e-08
31619 5.84592e-09
31621.5 -1.52313e-08
31624.1 -6.86856e-09
31626.7 1.48178e-08
31629.3 7.86678e-09
31631.9 -1.43372e-08
31634.1 -1.13236e-08
31636.5 1.00127e-08
31638.7 1.54798e-08
31641 -2.60305e-09
31643.2 -1.64776e-08
31645.5 -4.88095e-09
31648.1 1.55685e-08
31650.6 6.17923e-09
31653.2 -1.50954e-08
31655.8 -7.44236e-09
31658.3 1.45163e-08
31660.9 8.6604e-09
31663.5 -1.38356e-08
31665.7 -1.24729e-08
31668 8.61864e-09
31670.2 1.60207e-08
31672.5 -9.52652e-10
31674.8 -1.63871e-08
31677.1 -5.72637e-09
31679.6 1.50515e-08
31682.1 8.06651e-09
31684.6 -1.38194e-08
31686.9 -1.21162e-08
31689.2 8.98451e-09
31691.4 1.58432e-08
31693.7 -1.42806e-09
31696 -1.63838e-08
31698.3 -5.44094e-09
31700.8 1.51908e-08
31703.3 7.47124e-09
31705.8 -1.42203e-08
31708.1 -1.121e-08
31710.4 9.52929e-09
31712.6 1.56067e-08
31714.9 -2.07695e-09
31717.2 -1.63907e-08
31719.4 -5.05778e-09
31722 1.53886e-08
31724.5 6.63543e-09
31727.1 -1.47451e-08
31729.7 -8.15132e-09
31732.2 1.39453e-08
31734.5 1.18959e-08
31736.8 -9.24073e-09
31739 -1.56897e-08
31741.3 1.80627e-09
31743.6 1.63687e-08
31745.8 5.18166e-09
31748.4 -1.53082e-08
31750.9 -6.90465e-09
31753.5 1.45643e-08
31756 8.54793e-09
31758.6 -1.36347e-08
31760.8 -1.24385e-08
31763.1 8.5099e-09
31765.3 1.59029e-08
31767.6 -1.01227e-09
31769.9 -1.62846e-08
31772.2 -5.54146e-09
31774.7 1.50509e-08
31777.3 7.68516e-09
31779.8 -1.39801e-08
31782.1 -1.14964e-08
31784.4 9.64334e-09
31786.6 1.54577e-08
31788.9 -2.36846e-09
31791.2 -1.63459e-08
31793.4 -4.81676e-09
31796 1.54702e-08
31798.6 6.05414e-09
31801.2 -1.5027e-08
31803.7 -7.25873e-09
31806.3 1.44879e-08
31808.9 8.42413e-09
31811.5 -1.38541e-08
31813.7 -1.20769e-08
31816 9.01213e-09
31818.2 1.57367e-08
31820.5 -1.59732e-09
31822.8 -1.63289e-08
31825.1 -5.26229e-09
31827.6 1.52441e-08
31830.2 7.00678e-09
31832.7 -1.44719e-08
31835.3 -8.66542e-09
31837.8 1.35102e-08
31840 1.25459e-08
31842.4 -8.32786e-09
31844.6 -1.59092e-08
31846.9 8.69407e-10
31849.2 1.62325e-08
31851.5 5.59339e-09
31854 -1.49904e-08
31856.5 -7.7064e-09
31859.1 1.39257e-08
31861.3 1.14613e-08
31863.6 -9.02966e-09
31865.8 -1.56324e-08
31868.1 1.66586e-09
31870.4 1.62426e-08
31872.7 5.16742e-09
31875.2 -1.52112e-08
31877.8 -6.74911e-09
31880.3 1.45406e-08
31882.9 8.26542e-09
31885.4 -1.37105e-08
31887.7 -1.19398e-08
31890 9.0283e-09
31892.2 1.55868e-08
31894.5 -1.73823e-09
31896.8 -1.6221e-08
31899.1 -5.12353e-09
31901.7 1.52163e-08
31904.2 6.62277e-09
31906.8 -1.45946e-08
31909.3 -8.0619e-09
31911.9 1.38327e-08
31914.1 1.16308e-08
31916.5 -9.38831e-09
31918.7 -1.54263e-08
31921 2.1795e-09
31923.3 1.62277e-08
31925.5 4.88836e-09
31928.1 -1.53382e-08
31930.7 -6.05673e-09
31933.3 1.49148e-08
31935.8 7.19742e-09
31938.4 -1.44021e-08
31941 -8.29956e-09
31943.6 1.38072e-08
31945.8 1.18096e-08
31948.2 -9.19919e-09
31950.4 -1.55217e-08
31952.7 1.92426e-09
31954.9 1.6226e-08
31957.2 5.06517e-09
31959.8 -1.52541e-08
31962.4 -6.42878e-09
31964.9 1.47125e-08
31967.5 7.74862e-09
31970.1 -1.40508e-08
31972.3 -1.1148e-08
31974.7 9.95522e-09
31976.9 1.51935e-08
31979.2 -2.84666e-09
31981.4 -1.62542e-08
31983.7 -4.54324e-09
31986.3 1.55339e-08
31988.9 5.21513e-09
31991.5 -1.53544e-08
31994.1 -5.87863e-09
31996.7 1.51488e-08
31999.3 6.53751e-09
32001.9 -1.49124e-08
32004.5 -7.18552e-09
32007.1 1.46505e-08
32009.7 7.8265e-09
32012.3 -1.43583e-08
32014.7 -1.06032e-08
32017 1.049e-08
32019.2 1.51488e-08
32021.5 -3.31528e-09
32023.7 -1.64096e-08
32026.1 -3.65334e-09
32028.6 1.59218e-08
32031.2 4.43792e-09
32033.8 -1.57468e-08
32036.4 -5.21314e-09
32039 1.55367e-08
32041.6 5.98278e-09
32044.2 -1.5286e-08
32046.8 -6.7394e-09
32049.4 1.50009e-08
32052 7.48685e-09
32054.6 -1.46762e-08
32057.2 -8.21772e-09
32059.8 1.43181e-08
32062.1 1.16318e-08
32064.4 -9.78277e-09
32066.6 -1.56845e-08
32068.9 2.23748e-09
32071.2 1.65315e-08
32073.4 5.21576e-09
32076 -1.54844e-08
32078.5 -6.72336e-09
32081.1 1.48627e-08
32083.7 8.17623e-09
32086.2 -1.40966e-08
32088.5 -1.18726e-08
32090.8 9.4149e-09
32093 1.57865e-08
32095.3 -1.81933e-09
32097.6 -1.64685e-08
32099.8 -5.40147e-09
32102.4 1.53211e-08
32104.9 7.18941e-09
32107.5 -1.45088e-08
32110 -8.88284e-09
32112.5 1.35019e-08
32114.7 1.28695e-08
32117.1 -7.99962e-09
32119.2 -1.6148e-08
32121.5 2.9436e-10
32123.9 1.62714e-08
32126.2 6.05425e-09
32128.7 -1.47854e-08
32131.2 -8.64966e-09
32133.6 1.328e-08
32135.9 1.28794e-08
32138.2 -7.83755e-09
32140.4 -1.60942e-08
32142.7 2.05981e-10
32145 1.61893e-08
32147.3 6.00224e-09
32149.8 -1.4726e-08
32152.3 -8.59711e-09
32154.8 1.32248e-08
32157 1.28077e-08
32159.3 -7.83673e-09
32161.5 -1.60092e-08
32163.8 2.83933e-10
32166.1 1.61327e-08
32168.5 5.88948e-09
32171 -1.4722e-08
32173.5 -8.40781e-09
32176 1.32997e-08
32178.2 1.25472e-08
32180.5 -8.12302e-09
32182.7 -1.58618e-08
32185 6.5876e-10
32187.3 1.61164e-08
32189.6 5.65883e-09
32192.1 -1.48152e-08
32194.6 -7.95571e-09
32197.2 1.36027e-08
32199.4 1.19027e-08
32201.8 -8.93143e-09
32203.9 -1.55573e-08
32206.2 1.61344e-09
32208.5 1.61583e-08
32210.8 5.15384e-09
32213.4 -1.51013e-08
32215.9 -6.88255e-09
32218.4 1.43461e-08
32221 8.53084e-09
32223.5 -1.33995e-08
32225.7 -1.23928e-08
32228.1 8.28001e-09
32230.3 1.57373e-08
32232.6 -9.17886e-10
32234.9 -1.60824e-08
32237.2 -5.44686e-09
32239.7 1.48832e-08
32242.2 7.55813e-09
32244.8 -1.38355e-08
32247 -1.13075e-08
32249.4 9.6103e-09
32251.6 1.52334e-08
32253.9 -2.48986e-09
32256.2 -1.61642e-08
32258.4 -4.60958e-09
32261 1.53684e-08
32263.6 5.68891e-09
32266.2 -1.50139e-08
32268.8 -6.74465e-09
32271.3 1.45873e-08
32273.9 7.77591e-09
32276.5 -1.40857e-08
32278.8 -1.117e-08
32281.1 9.89851e-09
32283.3 1.5195e-08
32285.6 -2.78667e-09
32287.9 -1.62446e-08
32290.1 -4.48728e-09
32292.7 1.55121e-08
32295.3 5.37504e-09
32297.9 -1.52536e-08
32300.5 -6.24922e-09
32303.1 1.49468e-08
32305.7 7.11054e-09
32308.3 -1.45886e-08
32310.9 -7.9525e-09
32313.5 1.41834e-08
32315.7 1.13442e-08
32318.1 -9.86314e-09
32320.3 -1.53671e-08
32322.6 2.62587e-09
32324.8 1.63598e-08
32327.1 4.68288e-09
32329.7 -1.55442e-08
32332.3 -5.76253e-09
32334.9 1.51897e-08
32337.4 6.82256e-09
32340 -1.47596e-08
32342.6 -7.85405e-09
32345.2 1.42588e-08
32347.5 1.12823e-08
32349.8 -1.00077e-08
32352 -1.53813e-08
32354.3 2.74859e-09
32356.5 1.64232e-08
32358.8 4.6658e-09
32361.4 -1.5625e-08
32364 -5.66688e-09
32366.6 1.53085e-08
32369.2 6.6521e-09
32371.7 -1.4927e-08
32374.3 -7.61423e-09
32376.9 1.44849e-08
32379.5 8.55234e-09
32382.1 -1.39806e-08
32384.3 -1.21744e-08
32386.7 9.04517e-09
32388.8 1.58672e-08
32391.1 -1.50888e-09
32393.4 -1.64295e-08
32395.7 -5.42097e-09
32398.2 1.52716e-08
32400.8 7.30675e-09
32403.3 -1.4396e-08
32405.6 -1.08654e-08
32407.9 1.01149e-08
32410.1 1.54045e-08
32412.4 -2.80069e-09
32414.7 -1.64624e-08
32416.9 -4.68706e-09
32419.5 1.56685e-08
32422.1 5.62529e-09
32424.7 -1.53767e-08
32427.3 -6.54748e-09
32429.9 1.50306e-08
32432.5 7.45269e-09
32435.1 -1.46289e-08
32437.7 -8.33523e-09
32440.2 1.4175e-08
32442.5 1.18432e-08
32444.8 -9.51542e-09
32447 -1.57453e-08
32449.3 2.0175e-09
32451.6 1.65002e-08
32453.9 5.22412e-09
32456.4 -1.54519e-08
32459 -6.77866e-09
32461.5 1.48018e-08
32464.1 8.27186e-09
32466.6 -1.4e-08
32468.9 -1.19821e-08
32471.2 9.27871e-09
32473.4 1.57952e-08
32475.7 -1.76222e-09
32478 -1.64485e-08
32480.3 -5.34599e-09
32482.8 1.53423e-08
32485.4 7.03248e-09
32487.9 -1.4597e-08
32490.5 -8.63929e-09
32493 1.36755e-08
32495.2 1.24832e-08
32497.6 -8.55573e-09
32499.7 -1.59731e-08
32502 9.79559e-10
32504.3 1.63323e-08
32506.6 5.70587e-09
32509.2 -1.50463e-08
32511.7 -7.81535e-09
32514.2 1.39694e-08
32516.5 1.15948e-08
32518.8 -8.97331e-09
32520.9 -1.5766e-08
32523.2 1.46956e-09
32525.5 1.6303e-08
32527.8 5.41441e-09
32530.4 -1.51609e-08
32532.9 -7.18543e-09
32535.4 1.43465e-08
32537.8 1.05906e-08
32540.1 -1.03294e-08
32542.2 -1.5142e-08
32544.6 3.18496e-09
32546.8 1.6345e-08
32549.1 3.67511e-09
32551.7 -1.58483e-08
32554.3 -4.47633e-09
32556.9 1.56663e-08
32559.5 5.27116e-09
32562.1 -1.54433e-08
32564.7 -6.05598e-09
32567.3 1.51814e-08
32569.9 6.83023e-09
32572.5 -1.48796e-08
32575.1 -7.59059e-09
32577.7 1.45398e-08
32580.3 8.33649e-09
32582.9 -1.41615e-08
32585.2 -1.17711e-08
32587.5 9.5331e-09
32589.7 1.56917e-08
32592 -2.02416e-09
32594.2 -1.64477e-08
32596.5 -5.2617e-09
32599.1 1.53829e-08
32601.6 6.81285e-09
32604.2 -1.47256e-08
32606.7 -8.29973e-09
32609.3 1.39194e-08
32611.5 1.20176e-08
32613.9 -9.14055e-09
32616 -1.57853e-08
32618.3 1.5934e-09
32620.6 1.63761e-08
32622.9 5.45464e-09
32625.4 -1.52073e-08
32628 -7.2727e-09
32630.5 1.43633e-08
32632.8 1.07745e-08
32635.2 -1.01517e-08
32637.3 -1.53226e-08
32639.6 2.83647e-09
32641.9 1.63979e-08
32644.1 4.71819e-09
32646.7 -1.55904e-08
32649.3 -5.63977e-09
32651.9 1.53017e-08
32654.5 6.54769e-09
32657.1 -1.49586e-08
32659.7 -7.43708e-09
32662.3 1.45638e-08
32664.8 8.30664e-09
32667.4 -1.41166e-08
32669.7 -1.18165e-08
32672 9.43231e-09
32674.2 1.5708e-08
32676.5 -1.90206e-09
32678.8 -1.64226e-08
32681 -5.30162e-09
32683.6 1.53213e-08
32686.1 6.99923e-09
32688.7 -1.45758e-08
32691.2 -8.61682e-09
32693.8 1.3652e-08
32696 1.25089e-08
32698.3 -8.45203e-09
32700.5 -1.59804e-08
32702.8 8.27027e-10
32705.1 1.62933e-08
32707.4 5.7758e-09
32709.9 -1.4946e-08
32712.4 -8.08165e-09
32714.9 1.37187e-08
32717.2 1.20778e-08
32719.5 -8.92047e-09
32721.7 -1.57635e-08
32724 1.41812e-09
32726.3 1.62939e-08
32728.6 5.42841e-09
32731.1 -1.51155e-08
32733.6 -7.37507e-09
32736.2 1.41929e-08
32738.5 1.10099e-08
32740.8 -9.6966e-09
32742.9 -1.54325e-08
32745.2 2.34473e-09
32747.5 1.63156e-08
32749.8 4.88777e-09
32752.3 -1.54004e-08
32754.9 -6.20825e-09
32757.5 1.49086e-08
32760 7.49104e-09
32762.6 -1.43056e-08
32764.9 -1.0894e-08
32767.2 9.76943e-09
32769.4 1.54062e-08
32771.7 -2.43354e-09
32773.9 -1.63235e-08
32776.2 -4.82044e-09
32778.8 1.54385e-08
32781.3 6.08469e-09
32783.9 -1.49819e-08
32786.5 -7.31437e-09
32789.1 1.44253e-08
32791.6 8.50293e-09
32794.2 -1.37699e-08
32796.4 -1.22198e-08
32798.8 8.77203e-09
32800.9 1.57972e-08
32803.2 -1.294e-09
32805.5 -1.62825e-08
32807.8 -5.42175e-09
32810.4 1.51002e-08
32812.9 7.44225e-09
32815.4 -1.41313e-08
32817.7 -1.1141e-08
32820 9.4989e-09
32822.2 1.55012e-08
32824.5 -2.14401e-09
32826.7 -1.63044e-08
32829 -4.93904e-09
32831.6 1.53585e-08
32834.1 6.38635e-09
32836.7 -1.47947e-08
32839.3 -7.78344e-09
32841.8 1.40998e-08
32844.1 1.13426e-08
32846.5 -9.81147e-09
32848.6 -1.53609e-08
32850.9 2.57924e-09
32853.2 1.63345e-08
32855.5 4.69334e-09
32858 -1.55084e-08
32860.6 -5.81835e-09
32863.2 1.51313e-08
32865.8 6.92034e-09
32868.4 -1.46728e-08
32870.9 -7.99121e-09
32873.5 1.41371e-08
32875.8 1.1493e-08
32878.1 -9.72149e-09
32880.3 -1.54692e-08
32882.6 2.41918e-09
32884.9 1.63817e-08
32887.2 4.82495e-09
32889.7 -1.54976e-08
32892.3 -6.08932e-09
32894.9 1.50423e-08
32897.4 7.32095e-09
32900 -1.44851e-08
32902.6 -8.50945e-09
32905.2 1.38313e-08
32907.4 1.22198e-08
32909.7 -8.86007e-09
32911.9 -1.58264e-08
32914.2 1.38095e-09
32916.5 1.63423e-08
32918.8 5.39412e-09
32921.3 -1.51843e-08
32923.9 -7.33178e-09
32926.4 1.42758e-08
32928.7 1.09363e-08
32931 -9.88726e-09
32933.2 -1.54008e-08
32935.5 2.59819e-09
32937.7 1.63781e-08
32940 4.71718e-09
32942.6 -1.55541e-08
32945.2 -5.78881e-09
32947.8 1.51992e-08
32950.3 6.83994e-09
32952.9 -1.47705e-08
32955.5 -7.86336e-09
32958.1 1.42719e-08
32960.4 1.12706e-08
32962.7 -1.00412e-08
32964.9 -1.53815e-08
32967.2 2.78168e-09
32969.5 1.64338e-08
32971.7 4.67017e-09
32974.3 -1.5642e-08
32976.9 -5.61636e-09
32979.5 1.53479e-08
32982.1 6.5483e-09
32984.7 -1.49962e-08
32987.3 -7.46062e-09
32989.8 1.459e-08
32992.4 8.35182e-09
32995 -1.41284e-08
32997.3 -1.18743e-08
32999.6 9.43688e-09
33001.8 1.57404e-08
33004.1 -1.94641e-09
33006.4 -1.64673e-08
33008.6 -5.23418e-09
33011.2 1.54103e-08
33013.7 6.82913e-09
33016.3 -1.47342e-08
33018.9 -8.35639e-09
33021.4 1.39006e-08
33023.6 1.21107e-08
33026 -9.07179e-09
33028.2 -1.58298e-08
33030.5 1.54826e-09
33032.8 1.64027e-08
33035 5.42902e-09
33037.6 -1.52507e-08
33040.1 -7.23692e-09
33042.7 1.44187e-08
33045 1.07062e-08
33047.3 -1.0301e-08
33049.5 -1.52798e-08
33051.8 3.05394e-09
33054 1.64366e-08
33056.3 3.8314e-09
33058.9 -1.58818e-08
33061.5 -4.81977e-09
33064.1 1.56234e-08
33066.7 5.79513e-09
33069.3 -1.53035e-08
33071.9 -6.75228e-09
33074.5 1.49244e-08
33077 7.68882e-09
33079.6 -1.4486e-08
33082.2 -8.59966e-09
33084.8 1.39913e-08
33087 1.21877e-08
33089.4 -9.05352e-09
33091.6 -1.5899e-08
33093.9 1.45011e-09
33096.1 1.64348e-08
33098.4 5.56734e-09
33101 -1.52194e-08
33103.5 -7.47392e-09
33106 1.4306e-08
33108.3 1.10721e-08
33110.6 -9.84766e-09
33112.8 -1.55337e-08
33115.1 2.41373e-09
33117.4 1.64389e-08
33119.6 5.00445e-09
33122.2 -1.55031e-08
33124.8 -6.23042e-09
33127.3 1.5047e-08
33129.9 7.42384e-09
33132.5 -1.44957e-08
33135.1 -8.57555e-09
33137.6 1.38538e-08
33139.9 1.22385e-08
33142.2 -8.88229e-09
33144.4 -1.58775e-08
33146.7 1.3023e-09
33149 1.63568e-08
33151.3 5.60241e-09
33153.8 -1.51176e-08
33156.3 -7.57705e-09
33158.8 1.41498e-08
33161.1 1.12391e-08
33163.4 -9.49996e-09
33165.6 -1.55897e-08
33167.9 2.04424e-09
33170.2 1.63494e-08
33172.4 5.16003e-09
33175 -1.53273e-08
33177.6 -6.63183e-09
33180.1 1.47228e-08
33182.7 8.04926e-09
33185.2 -1.39815e-08
33187.5 -1.16469e-08
33189.9 9.48366e-09
33192 1.55459e-08
33194.3 -2.09616e-09
33196.6 -1.63268e-08
33198.9 -5.10436e-09
33201.4 1.53274e-08
33204 6.54322e-09
33206.5 -1.47466e-08
33209.1 -7.92977e-09
33211.7 1.40365e-08
33213.9 1.14858e-08
33216.3 -9.65025e-09
33218.5 -1.54545e-08
33220.8 2.31553e-09
33223 1.63231e-08
33225.3 4.95891e-09
33227.9 -1.53892e-08
33230.4 -6.25163e-09
33233 1.49019e-08
33235.6 7.50731e-09
33238.1 -1.43083e-08
33240.7 -8.71567e-09
33243.3 1.36136e-08
33245.5 1.24623e-08
33247.8 -8.4226e-09
33250 -1.58906e-08
33252.3 8.86552e-10
33254.6 1.62223e-08
33256.9 5.67324e-09
33259.4 -1.49272e-08
33261.9 -7.87802e-09
33264.5 1.37842e-08
33266.7 1.17559e-08
33269.1 -9.23564e-09
33271.2 -1.55595e-08
33273.6 1.86827e-09
33275.8 1.62561e-08
33278.1 5.13163e-09
33280.7 -1.52249e-08
33283.2 -6.7285e-09
33285.8 1.45525e-08
33288.3 8.25916e-09
33290.9 -1.37187e-08
33293.1 -1.19989e-08
33295.5 8.92826e-09
33297.6 1.56436e-08
33299.9 -1.53951e-09
33302.2 -1.62156e-08
33304.5 -5.26496e-09
33307.1 1.51148e-08
33309.6 7.06287e-09
33312.1 -1.43044e-08
33314.5 -1.05048e-08
33316.8 1.02765e-08
33318.9 1.50632e-08
33321.2 -3.17707e-09
33323.5 -1.62696e-08
33325.8 -3.58674e-09
33328.4 1.57835e-08
33331 4.49125e-09
33333.6 -1.55739e-08
33336.2 -5.38624e-09
33338.8 1.53135e-08
33341.4 6.26967e-09
33344 -1.50018e-08
33346.6 -7.13762e-09
33349.2 1.46404e-08
33351.8 7.9883e-09
33354.3 -1.42293e-08
33356.6 -1.14108e-08
33359 9.84648e-09
33361.1 1.54561e-08
33363.4 -2.50982e-09
33365.7 -1.64086e-08
33368 -4.83051e-09
33370.5 1.55227e-08
33373.1 6.09041e-09
33375.7 -1.50704e-08
33378.2 -7.31658e-09
33380.8 1.45189e-08
33383.4 8.50208e-09
33386 -1.38701e-08
33388.2 -1.22326e-08
33390.5 8.86896e-09
33392.7 1.58628e-08
33395 -1.33208e-09
33397.3 -1.63642e-08
33399.6 -5.46107e-09
33402.1 1.51672e-08
33404.6 7.49728e-09
33407.2 -1.41872e-08
33409.5 -1.12303e-08
33411.8 9.48637e-09
33413.9 1.56016e-08
33416.2 -2.05661e-09
33418.5 -1.63737e-08
33420.8 -5.04438e-09
33423.3 1.53834e-08
33425.9 6.5823e-09
33428.4 -1.47613e-08
33431 -8.06112e-09
33433.6 1.39916e-08
33435.8 1.17481e-08
33438.2 -9.41084e-09
33440.3 -1.56041e-08
33442.6 2.03413e-09
33444.9 1.63672e-08
33447.2 5.04588e-09
33449.8 -1.53782e-08
33452.3 -6.57396e-09
33454.9 1.47609e-08
33457.4 8.04489e-09
33460 -1.39964e-08
33462.2 -1.17122e-08
33464.6 9.45085e-09
33466.8 1.55799e-08
33469.1 -2.09532e-09
33471.3 -1.63641e-08
33473.6 -5.00633e-09
33476.2 1.53984e-08
33478.7 6.46653e-09
33481.3 -1.48215e-08
33483.9 -7.87489e-09
33486.4 1.41113e-08
33488.7 1.145e-08
33491.1 -9.76727e-09
33493.2 -1.54482e-08
33495.5 2.48517e-09
33497.8 1.63825e-08
33500.1 4.79447e-09
33502.6 -1.55233e-08
33505.2 -5.95602e-09
33507.8 1.51196e-08
33510.4 7.09093e-09
33513 -1.46301e-08
33515.5 -8.19181e-09
33518.1 1.40582e-08
33520.4 1.1744e-08
33522.7 -9.47729e-09
33524.9 -1.56137e-08
33527.2 2.09503e-09
33529.5 1.63963e-08
33531.7 5.05537e-09
33534.3 -1.54162e-08
33536.9 -6.50561e-09
33539.4 1.48392e-08
33542 7.90528e-09
33544.5 -1.41296e-08
33546.8 -1.1465e-08
33549.2 9.78672e-09
33551.3 1.54756e-08
33553.7 -2.47781e-09
33555.9 -1.64047e-08
33558.2 -4.84674e-09
33560.8 1.55307e-08
33563.3 6.00188e-09
33565.9 -1.51241e-08
33568.5 -7.1291e-09
33571.1 1.4634e-08
33573.7 8.22319e-09
33576.2 -1.40615e-08
33578.5 -1.17623e-08
33580.8 9.47393e-09
33583 1.56363e-08
33585.3 -2.06417e-09
33587.6 -1.64045e-08
33589.9 -5.11929e-09
33592.4 1.5402e-08
33595 6.58019e-09
33597.5 -1.48105e-08
33600.1 -7.98746e-09
33602.7 1.40856e-08
33604.9 1.15625e-08
33607.3 -9.67222e-09
33609.4 -1.55301e-08
33611.8 2.31802e-09
33614 1.6396e-08
33616.3 4.97694e-09
33618.9 -1.5465e-08
33621.4 -6.2378e-09
33624 1.49928e-08
33626.6 7.46339e-09
33629.1 -1.44199e-08
33631.7 -8.64449e-09
33634.3 1.37509e-08
33636.5 1.23351e-08
33638.9 -8.70582e-09
33641 -1.58791e-08
33643.3 1.17251e-09
33645.6 1.63089e-08
33647.9 5.59159e-09
33650.4 -1.50739e-08
33653 -7.59222e-09
33655.5 1.4087e-08
33657.8 1.12601e-08
33660.1 -9.41291e-09
33662.3 -1.55678e-08
33664.6 2.00483e-09
33666.8 1.63088e-08
33669.1 5.11841e-09
33671.7 -1.5307e-08
33674.2 -6.55322e-09
33676.8 1.47248e-08
33679.4 7.93677e-09
33681.9 -1.40122e-08
33684.2 -1.14661e-08
33686.5 9.66057e-09
33688.7 1.54221e-08
33691 -2.36882e-09
33693.3 -1.6305e-08
33695.5 -4.90785e-09
33698.1 1.54058e-08
33700.7 6.07831e-09
33703.3 -1.49813e-08
33705.9 -7.2187e-09
33708.4 1.44708e-08
33711 8.32356e-09
33713.6 -1.38757e-08
33715.8 -1.18803e-08
33718.2 9.17717e-09
33720.4 1.56269e-08
33722.7 -1.76452e-09
33724.9 -1.62783e-08
33727.2 -5.25714e-09
33729.8 1.52048e-08
33732.3 6.87479e-09
33734.9 -1.45024e-08
33737.4 -8.42047e-09
33740 1.36356e-08
33742.2 1.21732e-08
33744.6 -8.72782e-09
33746.7 -1.57311e-08
33749 1.28249e-09
33751.3 1.62015e-08
33753.6 5.46572e-09
33756.1 -1.502e-08
33758.7 -7.36408e-09
33761.2 1.41134e-08
33763.5 1.09139e-08
33765.8 -9.73527e-09
33768 -1.53061e-08
33770.3 2.48221e-09
33772.6 1.62329e-08
33774.8 4.78014e-09
33777.4 -1.53846e-08
33780 -5.8508e-09
33782.6 1.50191e-08
33785.1 6.89948e-09
33787.7 -1.45801e-08
33790.3 -7.92002e-09
33792.9 1.40704e-08
33795.2 1.13211e-08
33797.5 -9.77992e-09
33799.7 -1.53219e-08
33802 2.53912e-09
33804.3 1.62763e-08
33806.5 4.77503e-09
33809.1 -1.54286e-08
33811.7 -5.8581e-09
33814.3 1.50601e-08
33816.8 6.9188e-09
33819.4 -1.46166e-08
33822 -7.951e-09
33824.6 1.41009e-08
33826.8 1.13871e-08
33829.2 -9.75695e-09
33831.4 -1.53886e-08
33833.7 2.4658e-09
33835.9 1.63179e-08
33838.2 4.84156e-09
33840.8 -1.54356e-08
33843.4 -6.03385e-09
33845.9 1.50112e-08
33848.5 7.19713e-09
33851.1 -1.44963e-08
33853.7 -8.3234e-09
33856.2 1.38946e-08
33858.5 1.19385e-08
33860.8 -9.12826e-09
33863 -1.56741e-08
33865.3 1.68686e-09
33867.6 1.63045e-08
33869.9 5.27054e-09
33872.4 -1.52069e-08
33874.9 -7.02852e-09
33877.5 1.44254e-08
33880 8.70047e-09
33882.6 -1.34497e-08
33884.8 -1.26177e-08
33887.1 8.16361e-09
33889.3 1.59333e-08
33891.6 -6.52443e-10
33893.9 -1.6184e-08
33896.2 -5.71064e-09
33898.7 1.48668e-08
33901.2 8.02672e-09
33903.8 -1.36365e-08
33906 -1.19921e-08
33908.4 8.91909e-09
33910.5 1.56449e-08
33912.8 -1.55074e-09
33915.1 -1.62208e-08
33917.4 -5.23162e-09
33920 1.51363e-08
33922.5 7.00895e-09
33925 -1.4344e-08
33927.4 -1.04152e-08
33929.7 1.04095e-08
33931.9 1.50002e-08
33934.2 -3.37097e-09
33936.4 -1.62811e-08
33938.7 -3.42626e-09
33941.4 1.58535e-08
33944 4.15685e-09
33946.6 -1.57136e-08
33949.2 -4.88309e-09
33951.8 1.55406e-08
33954.4 5.60437e-09
33957 -1.53338e-08
33959.6 -6.31811e-09
33962.2 1.50943e-08
33964.8 7.02373e-09
33967.4 -1.48215e-08
33970 -7.71895e-09
33972.6 1.45165e-08
33974.9 1.05676e-08
33977.2 -1.06455e-08
33979.4 -1.52031e-08
33981.7 3.42829e-09
33984 1.65249e-08
33986.3 3.58503e-09
33988.9 -1.60445e-08
33991.5 -4.477e-09
33994.1 1.58447e-08
33996.6 5.36106e-09
33999.2 -1.55953e-08
34001.8 -6.2337e-09
34004.4 1.52974e-08
34007 7.09284e-09
34009.6 -1.49509e-08
34012.2 -7.93521e-09
34014.8 1.45572e-08
34017.1 1.09045e-08
34019.5 -1.04814e-08
34021.6 -1.55104e-08
34023.9 3.03169e-09
34026.2 1.66814e-08
34028.4 4.72584e-09
34031 -1.58667e-08
34033.6 -5.74631e-09
34036.2 1.55438e-08
34038.8 6.74918e-09
34041.4 -1.5156e-08
34043.9 -7.72993e-09
34046.5 1.47048e-08
34049.1 8.68474e-09
34051.7 -1.41915e-08
34053.9 -1.24139e-08
34056.3 9.05512e-09
34058.4 1.6167e-08
34060.7 -1.25212e-09
34063 -1.66428e-08
34065.3 -5.76191e-09
34067.8 1.53119e-08
34070.3 8.01024e-09
34072.8 -1.41566e-08
34075.1 -1.20117e-08
34077.5 9.43834e-09
34079.6 1.5959e-08
34081.9 -1.75902e-09
34084.2 -1.66243e-08
34086.5 -5.46213e-09
34089 1.54479e-08
34091.5 7.35423e-09
34094.1 -1.45741e-08
34096.4 -1.0977e-08
34098.7 1.02032e-08
34100.8 1.55974e-08
34103.2 -2.70406e-09
34105.4 -1.66295e-08
34107.7 -4.90856e-09
34110.2 1.57335e-08
34112.8 6.09958e-09
34115.4 -1.53121e-08
34118 -7.26129e-09
34120.5 1.48028e-08
34123.1 8.38765e-09
34125.7 -1.42075e-08
34127.9 -1.2047e-08
34130.3 9.39048e-09
34132.5 1.59348e-08
34134.8 -1.7309e-09
34137 -1.65853e-08
34139.3 -5.47813e-09
34141.8 1.54071e-08
34144.4 7.3402e-09
34146.9 -1.45457e-08
34149.2 -1.092e-08
34151.5 1.02365e-08
34153.7 1.55345e-08
34156 -2.7758e-09
34158.3 -1.6592e-08
34160.5 -4.86574e-09
34163.1 1.57226e-08
34165.7 5.95102e-09
34168.3 -1.53527e-08
34170.8 -7.01318e-09
34173.4 1.49097e-08
34176 8.04765e-09
34178.6 -1.43946e-08
34180.8 -1.15336e-08
34183.2 9.96723e-09
34185.4 1.56722e-08
34187.7 -2.43985e-09
34189.9 -1.65984e-08
34192.2 -5.10469e-09
34194.7 1.5614e-08
34197.3 6.46395e-09
34199.9 -1.50861e-08
34202.5 -7.7798e-09
34205 1.44437e-08
34207.3 1.12796e-08
34209.6 -9.63268e-09
34211.7 -1.57859e-08
34214 2.00054e-09
34216.3 1.65365e-08
34218.6 5.33281e-09
34221.1 -1.5436e-08
34223.7 -6.97217e-09
34226.2 1.47244e-08
34228.8 8.53904e-09
34231.3 -1.3846e-08
34233.6 -1.23725e-08
34235.9 8.79158e-09
34238.1 1.59997e-08
34240.4 -1.11907e-09
34242.7 -1.64137e-08
34244.9 -5.74701e-09
34247.5 1.51004e-08
34250 7.89129e-09
34252.5 -1.39984e-08
34254.8 -1.17423e-08
34257.1 9.47939e-09
34259.3 1.56792e-08
34261.6 -1.98192e-09
34263.9 -1.64195e-08
34266.1 -5.25587e-09
34268.7 1.53513e-08
34271.2 6.83624e-09
34273.8 -1.46776e-08
34276.4 -8.34992e-09
34278.9 1.38482e-08
34281.1 1.2093e-08
34283.5 -9.00724e-09
34285.7 -1.57989e-08
34288 1.46605e-09
34290.2 1.63415e-08
34292.5 5.492e-09
34295.1 -1.51499e-08
34297.6 -7.38229e-09
34300.1 1.42532e-08
34302.4 1.09533e-08
34304.7 -9.8645e-09
34306.9 -1.54142e-08
34309.2 2.50581e-09
34311.5 1.63565e-08
34313.7 4.88277e-09
34316.3 -1.54648e-08
34318.9 -6.04543e-09
34321.5 1.505e-08
34324 7.18021e-09
34326.6 -1.45496e-08
34329.2 -8.28005e-09
34331.8 1.39665e-08
34334 1.1851e-08
34336.4 -9.27503e-09
34338.5 -1.56603e-08
34340.8 1.81198e-09
34343.1 1.63362e-08
34345.4 5.27621e-09
34347.9 -1.52456e-08
34350.5 -6.95687e-09
34353 1.45088e-08
34355.6 8.56005e-09
34358.1 -1.35948e-08
34360.3 -1.24031e-08
34362.7 8.48787e-09
34364.9 1.5873e-08
34367.2 -9.54249e-10
34369.5 -1.62282e-08
34371.8 -5.65131e-09
34374.3 1.4946e-08
34376.8 7.81732e-09
34379.3 -1.38342e-08
34381.6 -1.16562e-08
34383.9 9.36152e-09
34386.1 1.5515e-08
34388.4 -2.01303e-09
34390.7 -1.62663e-08
34393 -5.06356e-09
34395.5 1.52721e-08
34398.1 6.55683e-09
34400.6 -1.4666e-08
34403.2 -7.99415e-09
34405.8 1.39193e-08
34408 1.1609e-08
34410.4 -9.43196e-09
34412.5 -1.5473e-08
34414.8 2.11693e-09
34417.1 1.62647e-08
34419.4 4.9849e-09
34422 -1.53063e-08
34424.5 -6.4035e-09
34427.1 1.47499e-08
34429.6 7.77415e-09
34432.2 -1.40662e-08
34434.5 -1.12936e-08
34436.8 9.81186e-09
34439 1.53165e-08
34441.3 -2.58632e-09
34443.6 -1.62915e-08
34445.8 -4.70981e-09
34448.4 1.54655e-08
34451 5.79076e-09
34453.6 -1.51053e-08
34456.2 -6.8497e-09
34458.8 1.4671e-08
34461.3 7.88154e-09
34463.9 -1.41642e-08
34466.2 -1.13143e-08
34468.5 9.87364e-09
34470.7 1.53611e-08
34473 -2.61293e-09
34475.3 -1.63494e-08
34477.5 -4.72823e-09
34480.1 1.55162e-08
34482.7 5.83181e-09
34485.3 -1.51459e-08
34487.9 -6.91223e-09
34490.4 1.46989e-08
34493 7.96432e-09
34495.6 -1.41764e-08
34497.9 -1.14443e-08
34500.2 9.79374e-09
34502.4 1.54644e-08
34504.7 -2.46693e-09
34507 -1.63973e-08
34509.2 -4.84437e-09
34511.8 1.55102e-08
34514.4 6.09054e-09
34516.9 -1.50627e-08
34519.5 -7.30406e-09
34522.1 1.45176e-08
34524.7 8.4774e-09
34527.2 -1.38775e-08
34529.5 -1.21769e-08
34531.8 8.93559e-09
34534 1.58277e-08
34536.3 -1.42895e-09
34538.6 -1.63626e-08
34540.9 -5.40796e-09
34543.4 1.51994e-08
34545.9 7.34519e-09
34548.5 -1.4291e-08
34550.8 -1.09632e-08
34553.1 9.87261e-09
34555.2 1.54364e-08
34557.5 -2.5446e-09
34559.8 -1.63954e-08
34562.1 -4.77504e-09
34564.7 1.55441e-08
34567.2 5.92499e-09
34569.8 -1.51491e-08
34572.4 -7.04877e-09
34575 1.46708e-08
34577.5 8.14059e-09
34580.1 -1.4111e-08
34582.4 -1.16889e-08
34584.7 9.56364e-09
34586.9 1.56038e-08
34589.2 -2.17524e-09
34591.5 -1.64206e-08
34593.7 -5.01779e-09
34596.3 1.54556e-08
34598.9 6.45009e-09
34601.4 -1.48948e-08
34604 -7.83383e-09
34606.6 1.42055e-08
34608.8 1.1386e-08
34611.2 -9.9117e-09
34613.4 -1.54568e-08
34615.7 2.60521e-09
34617.9 1.64403e-08
34620.2 4.77793e-09
34622.8 -1.5595e-08
34625.4 -5.88391e-09
34627.9 1.52207e-08
34630.5 6.96641e-09
34633.1 -1.47693e-08
34635.7 -8.01982e-09
34638.3 1.42428e-08
34640.5 1.14999e-08
34642.9 -9.84731e-09
34645.1 -1.55412e-08
34647.4 2.47883e-09
34649.6 1.64759e-08
34651.9 4.89758e-09
34654.5 -1.55771e-08
34657 -6.12358e-09
34659.6 1.51349e-08
34662.2 7.31798e-09
34664.8 -1.45982e-08
34667.3 -8.47289e-09
34669.9 1.39702e-08
34672.1 1.21391e-08
34674.5 -9.08695e-09
34676.7 -1.58573e-08
34679 1.54755e-09
34681.2 1.64321e-08
34683.5 5.42642e-09
34686.1 -1.52739e-08
34688.6 -7.28322e-09
34691.1 1.44145e-08
34693.5 1.08138e-08
34695.8 -1.01858e-08
34697.9 -1.53704e-08
34700.2 2.88314e-09
34702.5 1.64609e-08
34704.7 4.65944e-09
34707.3 -1.56806e-08
34709.9 -5.53952e-09
34712.5 1.5415e-08
34715.1 6.40729e-09
34717.7 -1.51003e-08
34720.3 -7.25948e-09
34722.9 1.47379e-08
34725.5 8.09393e-09
34728.1 -1.43281e-08
34730.4 -1.15019e-08
34732.7 9.91459e-09
34734.9 1.5587e-08
34737.2 -2.47846e-09
34739.4 -1.65237e-08
34741.7 -4.99296e-09
34744.3 1.55865e-08
34746.8 6.26434e-09
34749.4 -1.51122e-08
34752 -7.49971e-09
34754.6 1.4537e-08
34757.1 8.69115e-09
34759.7 -1.38642e-08
34761.9 -1.24349e-08
34764.3 8.73041e-09
34766.4 1.60175e-08
34768.7 -1.0703e-09
34771 -1.6414e-08
34773.3 -5.74008e-09
34775.8 1.51004e-08
34778.4 7.91388e-09
34780.9 -1.39792e-08
34783.1 -1.17893e-08
34785.5 9.42757e-09
34787.7 1.56983e-08
34790 -1.93479e-09
34792.2 -1.64203e-08
34794.5 -5.25403e-09
34797.1 1.53489e-08
34799.6 6.86476e-09
34802.2 -1.46578e-08
34804.7 -8.40587e-09
34807.3 1.38049e-08
34809.5 1.21811e-08
34811.9 -8.89479e-09
34814 -1.58334e-08
34816.3 1.35019e-09
34818.6 1.63323e-08
34820.9 5.52691e-09
34823.4 -1.51213e-08
34826 -7.48e-09
34828.5 1.41777e-08
34830.8 1.11164e-08
34833.1 -9.62335e-09
34835.2 -1.5506e-08
34837.5 2.22042e-09
34839.8 1.63354e-08
34842.1 5.02389e-09
34844.6 -1.53724e-08
34847.2 -6.37961e-09
34849.8 1.48448e-08
34852.3 7.69204e-09
34854.9 -1.42011e-08
34857.2 -1.11382e-08
34859.5 9.45592e-09
34861.6 1.55439e-08
34863.9 -2.02868e-09
34866.2 -1.62987e-08
34868.5 -5.11036e-09
34871.1 1.52902e-08
34873.6 6.59202e-09
34876.2 -1.46843e-08
34878.7 -8.01791e-09
34881.3 1.39403e-08
34883.5 1.16236e-08
34885.9 -9.44566e-09
34888.1 -1.5501e-08
34890.4 2.09291e-09
34892.6 1.62823e-08
34894.9 5.05675e-09
34897.5 -1.52976e-08
34900 -6.48904e-09
34902.6 1.47246e-08
34905.2 7.8712e-09
34907.7 -1.40219e-08
34910 -1.14127e-08
34912.4 9.68102e-09
34914.5 1.53896e-08
34916.8 -2.39102e-09
34919.1 -1.62874e-08
34921.4 -4.87673e-09
34923.9 1.53892e-08
34926.5 6.09706e-09
34929.1 -1.49452e-08
34931.6 -7.28531e-09
34934.2 1.44072e-08
34936.8 8.43416e-09
34939.4 -1.37775e-08
34941.6 -1.20771e-08
34944 8.89904e-09
34946.1 1.57103e-08
34948.4 -1.44508e-09
34950.7 -1.6247e-08
34953 -5.38742e-09
34955.5 1.50947e-08
34958.1 7.25675e-09
34960.6 -1.42233e-08
34962.9 -1.07883e-08
34965.2 9.95077e-09
34967.4 1.52632e-08
34969.7 -2.70994e-09
34972 -1.62852e-08
34974.2 -4.65823e-09
34976.8 1.54888e-08
34979.4 5.63047e-09
34982 -1.51814e-08
34984.6 -6.5862e-09
34987.2 1.48141e-08
34989.7 7.52204e-09
34992.3 -1.43877e-08
34994.9 -8.43392e-09
34997.5 1.39039e-08
34999.7 1.20017e-08
35002.1 -9.07219e-09
35004.3 -1.57072e-08
35006.6 1.61301e-09
35008.8 1.63098e-08
35011.1 5.31678e-09
35013.7 -1.51908e-08
35016.2 -7.12307e-09
35018.7 1.43738e-08
35021.1 1.05896e-08
35023.4 -1.02992e-08
35025.5 -1.51711e-08
35027.8 3.11377e-09
35030.1 1.63566e-08
35032.4 3.71352e-09
35035 -1.58294e-08
35037.6 -4.71892e-09
35040.2 1.55756e-08
35042.8 5.71128e-09
35045.4 -1.52587e-08
35048 -6.68646e-09
35050.5 1.48796e-08
35053.1 7.64063e-09
35055.7 -1.44394e-08
35058.3 -8.56976e-09
35060.9 1.39396e-08
35063.1 1.22061e-08
35065.5 -8.95373e-09
35067.6 -1.5871e-08
35069.9 1.39705e-09
35072.2 1.63952e-08
35074.5 5.48095e-09
35077 -1.51968e-08
35079.6 -7.47894e-09
35082.1 1.42404e-08
35084.4 1.11726e-08
35086.7 -9.62554e-09
35088.8 -1.5583e-08
35091.2 2.19669e-09
35093.4 1.64086e-08
35095.7 5.01468e-09
35098.3 -1.54414e-08
35100.8 -6.4578e-09
35103.4 1.48757e-08
35105.9 7.85176e-09
35108.5 -1.41791e-08
35110.8 -1.14206e-08
35113.1 9.85076e-09
35115.3 1.54719e-08
35117.6 -2.52914e-09
35119.9 -1.64274e-08
35122.1 -4.81903e-09
35124.7 1.55574e-08
35127.3 6.00921e-09
35129.9 -1.51402e-08
35132.4 -7.17046e-09
35135 1.46341e-08
35137.6 8.29653e-09
35140.2 -1.4041e-08
35142.4 -1.19094e-08
35144.8 9.32632e-09
35146.9 1.57282e-08
35149.2 -1.86545e-09
35151.5 -1.64266e-08
35153.8 -5.20622e-09
35156.3 1.53693e-08
35158.9 6.8672e-09
35161.4 -1.46594e-08
35164 -8.45497e-09
35166.5 1.37775e-08
35168.8 1.22803e-08
35171.1 -8.80444e-09
35173.3 -1.58751e-08
35175.6 1.2955e-09
35177.9 1.63568e-08
35180.2 5.46919e-09
35182.7 -1.51707e-08
35185.2 -7.44303e-09
35187.8 1.42275e-08
35190.1 1.10871e-08
35192.4 -9.71186e-09
35194.5 -1.54987e-08
35196.9 2.36528e-09
35199.1 1.6383e-08
35201.4 4.87289e-09
35204 -1.54906e-08
35206.5 -6.10393e-09
35209.1 1.5045e-08
35211.7 7.30287e-09
35214.3 -1.45036e-08
35216.8 -8.46153e-09
35219.4 1.38698e-08
35221.6 1.21132e-08
35224 -9.00483e-09
35226.2 -1.57757e-08
35228.5 1.55059e-09
35230.8 1.63492e-08
35233 5.33602e-09
35235.6 -1.52329e-08
35238.1 -7.11862e-09
35240.7 1.44272e-08
35243 1.05446e-08
35245.3 -1.04325e-08
35247.5 -1.51439e-08
35249.8 3.29558e-09
35252 1.63946e-08
35254.4 3.58112e-09
35257 -1.59247e-08
35259.6 -4.3624e-09
35262.2 1.57574e-08
35264.8 5.13776e-09
35267.4 -1.55519e-08
35270 -5.90505e-09
35272.6 1.53087e-08
35275.2 6.66261e-09
35277.8 -1.5028e-08
35280.4 -7.40841e-09
35283 1.47106e-08
35285.6 8.14093e-09
35288.2 -1.43566e-08
35290.4 -1.15314e-08
35292.8 9.91299e-09
35294.9 1.56177e-08
35297.2 -2.44966e-09
35299.5 -1.65445e-08
35301.8 -5.02652e-09
35304.3 1.55926e-08
35306.9 6.33368e-09
35309.5 -1.50977e-08
35312 -7.60189e-09
35314.6 1.44967e-08
35317.2 8.82291e-09
35319.7 -1.37927e-08
35322 -1.26215e-08
35324.3 8.50351e-09
35326.5 1.61068e-08
35328.8 -7.99537e-10
35331.1 -1.6405e-08
35333.4 -5.8787e-09
35335.9 1.50227e-08
35338.4 8.20659e-09
35340.9 -1.37664e-08
35343.1 -1.22271e-08
35345.5 8.88524e-09
35347.7 1.59013e-08
35350 -1.29457e-09
35352.2 -1.63802e-08
35354.5 -5.58804e-09
35357.1 1.5142e-08
35359.6 7.59716e-09
35362.1 -1.41555e-08
35364.4 -1.13012e-08
35366.7 9.43178e-09
35368.9 1.56419e-08
35371.2 -1.94814e-09
35373.4 -1.63663e-08
35375.7 -5.20201e-09
35378.3 1.53182e-08
35380.8 6.76633e-09
35383.4 -1.46578e-08
35385.9 -8.2661e-09
35388.5 1.38442e-08
35390.7 1.19791e-08
35393.1 -9.09e-09
35395.3 -1.57073e-08
35397.6 1.62417e-09
35399.8 1.63086e-08
35402.1 5.34701e-09
35404.7 -1.51841e-08
35407.2 -7.1098e-09
35409.7 1.43856e-08
35412.3 8.78301e-09
35414.8 -1.33925e-08
35417 -1.26925e-08
35419.4 8.05179e-09
35421.6 1.59599e-08
35423.9 -5.14797e-10
35426.2 -1.61554e-08
35428.5 -5.82575e-09
35431 1.47901e-08
35433.5 8.18186e-09
35436 -1.35021e-08
35438.2 -1.21735e-08
35440.6 8.6456e-09
35442.8 1.57112e-08
35445.1 -1.23056e-09
35447.4 -1.61633e-08
35449.7 -5.43858e-09
35452.2 1.49851e-08
35454.7 7.37352e-09
35457.3 -1.4057e-08
35459.6 -1.09535e-08
35461.9 9.61808e-09
35464 1.53087e-08
35466.3 -2.37915e-09
35468.6 -1.61946e-08
35470.9 -4.79041e-09
35473.4 1.53304e-08
35476 5.94724e-09
35478.6 -1.49219e-08
35481.2 -7.07608e-09
35483.8 1.44283e-08
35486.3 8.17095e-09
35488.9 -1.38517e-08
35491.2 -1.16957e-08
35493.5 9.27124e-09
35495.7 1.54709e-08
35498 -1.97311e-09
35500.3 -1.62042e-08
35502.5 -5.0331e-09
35505.1 1.52201e-08
35507.7 6.51362e-09
35510.2 -1.46211e-08
35512.8 -7.9393e-09
35515.3 1.38831e-08
35517.6 1.15223e-08
35520 -9.45771e-09
35522.1 -1.5386e-08
35524.4 2.2077e-09
35526.7 1.62102e-08
35529 4.8868e-09
35531.5 -1.52954e-08
35534.1 -6.20156e-09
35536.7 1.48009e-08
35539.2 7.47743e-09
35541.8 -1.41963e-08
35544.1 -1.08394e-08
35546.4 9.70843e-09
35548.6 1.52996e-08
35550.9 -2.46468e-09
35553.1 -1.62224e-08
35555.4 -4.73289e-09
35558 1.53816e-08
35560.6 5.85882e-09
35563.1 -1.49956e-08
35565.7 -6.9597e-09
35568.3 1.4529e-08
35570.9 8.02967e-09
35573.5 -1.39837e-08
35575.7 -1.15159e-08
35578.1 9.5409e-09
35580.2 1.54089e-08
35582.5 -2.27377e-09
35584.8 -1.62611e-08
35587.1 -4.87026e-09
35589.7 1.5356e-08
35592.2 6.16675e-09
35594.8 -1.48753e-08
35597.4 -7.42621e-09
35599.9 1.42881e-08
35602.2 1.07708e-08
35604.5 -9.88175e-09
35606.7 -1.52899e-08
35609 2.6415e-09
35611.3 1.62838e-08
35613.5 4.65638e-09
35616.1 -1.54835e-08
35618.7 -5.67149e-09
35621.3 1.51576e-08
35623.9 6.66843e-09
35626.5 -1.47662e-08
35629 -7.64264e-09
35631.6 1.43107e-08
35633.9 1.09518e-08
35636.3 -1.02882e-08
35638.4 -1.51673e-08
35640.8 3.14759e-09
35643 1.63671e-08
35645.3 3.67993e-09
35647.9 -1.58542e-08
35650.5 -4.63806e-09
35653.1 1.56207e-08
35655.7 5.58535e-09
35658.3 -1.53296e-08
35660.9 -6.51765e-09
35663.5 1.49821e-08
35666.1 7.432e-09
35668.6 -1.45786e-08
35671.2 -8.32471e-09
35673.8 1.41205e-08
35676.1 1.18628e-08
35678.4 -9.41898e-09
35680.6 -1.57276e-08
35682.9 1.92978e-09
35685.2 1.64532e-08
35687.4 5.21951e-09
35690 -1.53929e-08
35692.5 -6.86558e-09
35695.1 1.46919e-08
35697.6 8.44039e-09
35700.2 -1.38218e-08
35702.4 -1.22624e-08
35704.8 8.85883e-09
35706.9 1.58919e-08
35709.2 -1.31457e-09
35711.5 -1.63819e-08
35713.8 -5.50489e-09
35716.4 1.51818e-08
35718.9 7.48954e-09
35721.4 -1.42283e-08
35723.7 -1.11559e-08
35726 9.65142e-09
35728.2 1.55586e-08
35730.5 -2.2536e-09
35732.8 -1.64015e-08
35735 -4.97319e-09
35737.6 1.54655e-08
35740.2 6.30211e-09
35742.7 -1.49621e-08
35745.3 -7.59085e-09
35747.9 1.43477e-08
35750.2 1.0991e-08
35752.5 -9.78966e-09
35754.6 -1.54935e-08
35756.9 2.42879e-09
35759.2 1.64027e-08
35761.5 4.87061e-09
35764 -1.55182e-08
35766.6 -6.05598e-09
35769.2 1.50959e-08
35771.8 7.2121e-09
35774.3 -1.45851e-08
35776.9 -8.33216e-09
35779.5 1.39883e-08
35781.7 1.19199e-08
35784.1 -9.28345e-09
35786.3 -1.57076e-08
35788.6 1.84741e-09
35790.8 1.63932e-08
35793.1 5.21798e-09
35795.7 -1.53405e-08
35798.2 -6.82169e-09
35800.8 1.46584e-08
35803.3 8.35721e-09
35805.9 -1.38154e-08
35808.1 -1.21011e-08
35810.5 8.99832e-09
35812.6 1.5771e-08
35815 -1.54483e-09
35817.2 -1.63398e-08
35819.5 -5.35353e-09
35822.1 1.52195e-08
35824.6 7.12371e-09
35827.2 -1.44179e-08
35829.7 -8.80366e-09
35832.2 1.34206e-08
35834.4 1.27072e-08
35836.8 -8.1061e-09
35839 -1.59809e-08
35841.3 5.99677e-10
35843.6 1.62043e-08
35845.9 5.764e-09
35848.4 -1.48812e-08
35850.9 -8.03081e-09
35853.4 1.36743e-08
35855.7 1.19326e-08
35858 -9.03865e-09
35860.2 -1.56211e-08
35862.5 1.69803e-09
35864.8 1.62431e-08
35867.1 5.19151e-09
35869.6 -1.51979e-08
35872.2 -6.78949e-09
35874.8 1.45134e-08
35877.3 8.31853e-09
35879.9 -1.36679e-08
35882.1 -1.20235e-08
35884.5 8.90013e-09
35886.6 1.56286e-08
35888.9 -1.56472e-09
35891.2 -1.62001e-08
35893.5 -5.23831e-09
35896.1 1.51292e-08
35898.6 6.90695e-09
35901.2 -1.43952e-08
35903.7 -8.49759e-09
35906.3 1.34856e-08
35908.5 1.22728e-08
35910.8 -8.51098e-09
35913 -1.57064e-08
35915.3 1.15563e-09
35917.6 1.61271e-08
35919.9 5.40917e-09
35922.4 -1.49693e-08
35925 -7.30671e-09
35927.5 1.40662e-08
35929.8 1.08223e-08
35932.1 -9.76906e-09
35934.3 -1.51964e-08
35936.6 2.63241e-09
35938.9 1.61742e-08
35941.1 4.58917e-09
35943.7 -1.54091e-08
35946.3 -5.4653e-09
35948.9 1.51426e-08
35951.5 6.32879e-09
35954.1 -1.4827e-08
35956.7 -7.17664e-09
35959.3 1.44633e-08
35961.9 8.00642e-09
35964.5 -1.40521e-08
35966.7 -1.13569e-08
35969.1 9.72699e-09
35971.3 1.53145e-08
35973.6 -2.5143e-09
35975.8 -1.62552e-08
35978.1 -4.74867e-09
35980.7 1.54161e-08
35983.3 5.82266e-09
35985.8 -1.50515e-08
35988.4 -6.87384e-09
35991 1.46138e-08
35993.6 7.89752e-09
35996.2 -1.41045e-08
35998.4 -1.13054e-08
36000.8 9.8217e-09
36003 1.53251e-08
36005.3 -2.57834e-09
36007.5 -1.62953e-08
36009.8 -4.75194e-09
36012.4 1.54543e-08
36015 5.83193e-09
36017.5 -1.50885e-08
36020.1 -6.88926e-09
36022.7 1.46489e-08
36025.3 7.91879e-09
36027.9 -1.41371e-08
36030.1 -1.13515e-08
36032.5 9.81357e-09
36034.7 1.53814e-08
36037 -2.51803e-09
36039.2 -1.63318e-08
36041.5 -4.82338e-09
36044.1 1.54562e-08
36046.6 5.99901e-09
36049.2 -1.50405e-08
36051.8 -7.14598e-09
36054.4 1.45377e-08
36056.9 8.25799e-09
36059.5 -1.39499e-08
36061.8 -1.18508e-08
36064.1 9.24469e-09
36066.3 1.56441e-08
36068.6 -1.80021e-09
36070.9 -1.63177e-08
36073.1 -5.23589e-09
36075.7 1.52373e-08
36078.2 6.93688e-09
36080.8 -1.44936e-08
36083.3 -8.55819e-09
36085.9 1.35689e-08
36088.1 1.24243e-08
36090.4 -8.43425e-09
36092.6 -1.5867e-08
36094.9 9.1818e-10
36097.2 1.62117e-08
36099.5 5.62854e-09
36102 -1.49349e-08
36104.6 -7.81691e-09
36107.1 1.38109e-08
36109.3 1.16754e-08
36111.7 -9.31979e-09
36113.9 -1.55118e-08
36116.2 1.98425e-09
36118.4 1.62527e-08
36120.7 5.05132e-09
36123.3 -1.52597e-08
36125.8 -6.56426e-09
36128.4 1.46439e-08
36130.9 8.01964e-09
36133.5 -1.38836e-08
36135.8 -1.16531e-08
36138.1 9.36373e-09
36140.3 1.5482e-08
36142.6 -2.05643e-09
36144.9 -1.62499e-08
36147.1 -4.99565e-09
36149.7 1.52836e-08
36152.3 6.44828e-09
36154.8 -1.47073e-08
36157.4 -7.8496e-09
36159.9 1.39976e-08
36162.2 1.14011e-08
36164.6 -9.67034e-09
36166.7 -1.53568e-08
36169.1 2.43684e-09
36171.3 1.62713e-08
36173.6 4.7766e-09
36176.2 -1.54123e-08
36178.7 -5.95071e-09
36181.3 1.50014e-08
36183.9 7.09677e-09
36186.5 -1.45031e-08
36189 -8.20826e-09
36191.6 1.39195e-08
36193.9 1.17683e-08
36196.2 -9.29668e-09
36198.4 -1.55575e-08
36200.7 1.95599e-09
36203 1.62867e-08
36205.3 5.06702e-09
36207.8 -1.52895e-08
36210.4 -6.59524e-09
36212.9 1.46656e-08
36215.5 8.06473e-09
36218 -1.38943e-08
36220.3 -1.17113e-08
36222.7 9.34795e-09
36224.8 1.55271e-08
36227.1 -2.03447e-09
36229.4 -1.62849e-08
36231.7 -5.01e-09
36234.2 1.53175e-08
36236.8 6.46129e-09
36239.4 -1.47418e-08
36241.9 -7.86147e-09
36244.5 1.40331e-08
36246.8 1.14064e-08
36249.1 -9.71997e-09
36251.3 -1.53758e-08
36253.6 2.49149e-09
36255.9 1.63095e-08
36258.1 4.74958e-09
36260.7 -1.54708e-08
36263.3 -5.85515e-09
36265.9 1.50955e-08
36268.5 6.93692e-09
36271 -1.46427e-08
36273.6 -7.98944e-09
36276.2 1.41142e-08
36278.5 1.14376e-08
36280.8 -9.76114e-09
36283 -1.54206e-08
36285.3 2.49592e-09
36287.6 1.63573e-08
36289.8 4.78692e-09
36292.4 -1.55061e-08
36295 -5.90759e-09
36297.6 1.51214e-08
36300.1 7.00355e-09
36302.7 -1.46572e-08
36305.3 -8.06889e-09
36307.9 1.41157e-08
36310.1 1.15498e-08
36312.5 -9.6842e-09
36314.7 -1.55067e-08
36317 2.35922e-09
36319.2 1.63906e-08
36321.5 4.90552e-09
36324.1 -1.54874e-08
36326.7 -6.1435e-09
36329.2 1.50355e-08
36331.8 7.34836e-09
36334.4 -1.44871e-08
36337 -8.51249e-09
36339.5 1.38451e-08
36341.8 1.21741e-08
36344.1 -8.93351e-09
36346.3 -1.58105e-08
36348.6 1.45218e-09
36350.9 1.63468e-08
36353.2 5.40927e-09
36355.7 -1.51988e-08
36358.2 -7.24999e-09
36360.8 1.4347e-08
36363.1 1.07441e-08
36365.4 -1.01742e-08
36367.6 -1.5275e-08
36369.9 2.9527e-09
36372.1 1.63885e-08
36374.4 4.55072e-09
36377 -1.56597e-08
36379.6 -5.28699e-09
36382.2 1.54596e-08
36384.8 6.01595e-09
36387.4 -1.52252e-08
36390 -6.736e-09
36392.6 1.49569e-08
36395.2 7.44562e-09
36397.8 -1.4655e-08
36400.4 -8.1431e-09
36403 1.43201e-08
36405.3 1.15062e-08
36407.6 -9.89952e-09
36409.8 -1.55741e-08
36412.1 2.47987e-09
36414.3 1.65104e-08
36416.6 4.97484e-09
36419.2 -1.55852e-08
36421.8 -6.21253e-09
36424.3 1.51298e-08
36426.9 7.41703e-09
36429.5 -1.45785e-08
36432.1 -8.58059e-09
36434.6 1.39344e-08
36436.9 1.22781e-08
36439.2 -8.93566e-09
36441.4 -1.59449e-08
36443.7 1.31827e-09
36446 1.64335e-08
36448.2 5.60523e-09
36450.8 -1.51914e-08
36453.3 -7.61704e-09
36455.8 1.42047e-08
36458.1 1.13314e-08
36460.4 -9.47033e-09
36462.6 -1.56904e-08
36464.9 1.95765e-09
36467.1 1.64193e-08
36469.4 5.2239e-09
36472 -1.53655e-08
36474.5 -6.79567e-09
36477.1 1.47012e-08
36479.6 8.30274e-09
36482.2 -1.38823e-08
36484.4 -1.2033e-08
36486.8 9.0981e-09
36489 1.57666e-08
36491.3 -1.59911e-09
36493.5 -1.63587e-08
36495.8 -5.38436e-09
36498.4 1.52213e-08
36500.9 7.17172e-09
36503.4 -1.44056e-08
36506 -8.86614e-09
36508.5 1.3391e-08
36510.7 1.28083e-08
36513.1 -7.96473e-09
36515.3 -1.6038e-08
36517.6 3.93148e-10
36519.9 1.61914e-08
36522.2 5.89963e-09
36524.7 -1.47945e-08
36527.2 -8.32397e-09
36529.7 1.34444e-08
36531.9 1.23794e-08
36534.3 -8.43781e-09
36536.5 -1.58266e-08
36538.8 9.71765e-10
36541.1 1.61845e-08
36543.4 5.58012e-09
36545.9 -1.49402e-08
36548.4 -7.66993e-09
36550.9 1.3888e-08
36553.2 1.14129e-08
36555.5 -9.00007e-09
36557.7 -1.55845e-08
36560 1.6203e-09
36562.2 1.61795e-08
36564.5 5.20713e-09
36567.1 -1.51138e-08
36569.6 -6.88414e-09
36572.2 1.43792e-08
36574.7 8.48288e-09
36577.3 -1.34669e-08
36579.5 -1.22774e-08
36581.8 8.4644e-09
36584 1.57002e-08
36586.3 -1.09945e-09
36588.6 -1.6104e-08
36590.9 -5.42796e-09
36593.5 1.49257e-08
36596 7.4042e-09
36598.5 -1.3969e-08
36600.8 -1.10129e-08
36603.1 9.45351e-09
36605.3 1.53078e-08
36607.6 -2.24694e-09
36609.9 -1.61397e-08
36612.1 -4.79304e-09
36614.7 1.5266e-08
36617.3 6.01248e-09
36619.9 -1.48249e-08
36622.4 -7.19987e-09
36625 1.4289e-08
36627.6 8.34764e-09
36630.1 -1.3661e-08
36632.4 -1.19492e-08
36634.7 8.87991e-09
36636.9 1.55393e-08
36639.2 -1.58999e-09
36641.5 -1.61257e-08
36643.8 -5.15601e-09
36646.3 1.50739e-08
36648.9 6.84832e-09
36651.4 -1.43354e-08
36654 -8.461e-09
36656.5 1.34157e-08
36658.7 1.2265e-08
36661.1 -8.40901e-09
36663.3 -1.56576e-08
36665.6 1.0888e-09
36667.9 1.60604e-08
36670.2 5.36542e-09
36672.7 -1.49047e-08
36675.2 -7.33543e-09
36677.8 1.39603e-08
36680.1 1.09277e-08
36682.4 -9.50645e-09
36684.5 -1.52343e-08
36686.9 2.35554e-09
36689.1 1.61086e-08
36691.4 4.67597e-09
36694 -1.52843e-08
36696.6 -5.79649e-09
36699.1 1.49019e-08
36701.7 6.8924e-09
36704.3 -1.44389e-08
36706.9 -7.95736e-09
36709.5 1.38976e-08
36711.7 1.1405e-08
36714.1 -9.53654e-09
36716.2 -1.52689e-08
36718.6 2.39178e-09
36720.8 1.61611e-08
36723.1 4.69659e-09
36725.7 -1.53307e-08
36728.3 -5.82501e-09
36730.8 1.49448e-08
36733.4 6.92847e-09
36736 -1.44774e-08
36738.6 -8.00057e-09
36741.1 1.39307e-08
36743.4 1.14707e-08
36745.8 -9.52493e-09
36747.9 -1.5338e-08
36750.2 2.32967e-09
36752.5 1.6208e-08
36754.8 4.77231e-09
36757.4 -1.53465e-08
36759.9 -5.97133e-09
36762.5 1.49215e-08
36765.1 7.14037e-09
36767.7 -1.44049e-08
36770.2 -8.27243e-09
36772.8 1.37993e-08
36775.1 1.18543e-08
36777.4 -9.10734e-09
36779.6 -1.55476e-08
36781.9 1.79957e-09
36784.2 1.62149e-08
36786.5 5.08961e-09
36789 -1.52051e-08
36791.6 -6.66041e-09
36794.1 1.45508e-08
36796.7 8.16725e-09
36799.2 -1.37403e-08
36801.5 -1.18476e-08
36803.8 9.09018e-09
36806 1.55377e-08
36808.3 -1.79942e-09
36810.6 -1.6203e-08
36812.9 -5.07791e-09
36815.4 1.52026e-08
36818 6.61622e-09
36820.5 -1.4567e-08
36823.1 -8.09372e-09
36825.7 1.37814e-08
36827.9 1.17271e-08
36830.3 -9.23254e-09
36832.4 -1.54714e-08
36834.7 1.98442e-09
36837 1.62046e-08
36839.3 4.97193e-09
36841.9 -1.52596e-08
36844.4 -6.355e-09
36847 1.47201e-08
36849.6 7.69249e-09
36852.1 -1.4059e-08
36854.4 -1.11224e-08
36856.8 9.96213e-09
36859 1.51714e-08
36861.3 -2.87516e-09
36863.5 -1.62492e-08
36865.8 -4.47392e-09
36868.4 1.55457e-08
36871 5.17238e-09
36873.6 -1.53636e-08
36876.2 -5.86494e-09
36878.8 1.51502e-08
36881.4 6.55e-09
36884 -1.49059e-08
36886.6 -7.22626e-09
36889.2 1.46309e-08
36891.8 7.89223e-09
36894.4 -1.43258e-08
36896.7 -1.06788e-08
36899.1 1.04277e-08
36901.2 1.51892e-08
36903.6 -3.25296e-09
36905.8 -1.64267e-08
36908.1 -3.66176e-09
36910.7 1.59318e-08
36913.3 4.50501e-09
36915.9 -1.57397e-08
36918.5 -5.3404e-09
36921.1 1.55033e-08
36923.7 6.16575e-09
36926.3 -1.52229e-08
36928.9 -6.97831e-09
36931.5 1.48995e-08
36934.1 7.77643e-09
36936.7 -1.4533e-08
36939.3 -8.55706e-09
36941.9 1.41252e-08
36944.1 1.20993e-08
36946.5 -9.25256e-09
36948.6 -1.59015e-08
36950.9 1.63879e-09
36953.2 1.65124e-08
36955.5 5.4898e-09
36958 -1.53328e-08
36960.6 -7.34089e-09
36963.1 1.44726e-08
36965.4 1.08869e-08
36967.7 -1.02017e-08
36969.9 -1.54656e-08
36972.2 2.80868e-09
36974.4 1.65311e-08
36976.7 4.7992e-09
36979.3 -1.56946e-08
36981.9 -5.79345e-09
36984.5 1.53709e-08
36987 6.76997e-09
36989.6 -1.4985e-08
36992.2 -7.72448e-09
36994.8 1.45388e-08
36997.4 8.65351e-09
37000 -1.40331e-08
37002.2 -1.22889e-08
37004.6 9.01097e-09
37006.7 1.59951e-08
37009 -1.34159e-09
37011.3 -1.64938e-08
37013.6 -5.6544e-09
37016.1 1.52284e-08
37018.6 7.70374e-09
37021.2 -1.42134e-08
37023.5 -1.14694e-08
37025.7 9.35557e-09
37027.9 1.58054e-08
37030.2 -1.7608e-09
37032.5 -1.6461e-08
37034.7 -5.37719e-09
37037.3 1.53315e-08
37039.8 7.12743e-09
37042.4 -1.45454e-08
37044.9 -8.79087e-09
37047.5 1.35693e-08
37049.7 1.2718e-08
37052 -8.23118e-09
37054.2 -1.60794e-08
37056.5 5.91941e-10
37058.8 1.63034e-08
37061.1 5.88687e-09
37063.6 -1.49142e-08
37066.1 -8.2684e-09
37068.6 1.36089e-08
37070.9 1.23106e-08
37073.2 -8.66225e-09
37075.4 -1.58709e-08
37077.7 1.13373e-09
37080 1.62896e-08
37082.3 5.57656e-09
37084.8 -1.5051e-08
37087.3 -7.62974e-09
37089.9 1.40317e-08
37092.1 1.13593e-08
37094.4 -9.22274e-09
37096.6 -1.56198e-08
37098.9 1.79081e-09
37101.2 1.62822e-08
37103.5 5.19263e-09
37106 -1.52298e-08
37108.6 -6.81405e-09
37111.1 1.45347e-08
37113.7 8.36463e-09
37116.2 -1.36743e-08
37118.5 -1.21268e-08
37120.8 8.79871e-09
37123 1.57101e-08
37125.3 -1.38199e-09
37127.6 -1.62199e-08
37129.9 -5.36897e-09
37132.4 1.50759e-08
37134.9 7.23382e-09
37137.5 -1.4207e-08
37139.8 -1.07482e-08
37142.1 9.97028e-09
37144.3 1.52151e-08
37146.6 -2.78199e-09
37148.8 -1.62608e-08
37151.1 -4.57216e-09
37153.7 1.55016e-08
37156.3 5.44968e-09
37158.9 -1.52395e-08
37161.5 -6.31488e-09
37164 1.49285e-08
37166.6 7.16516e-09
37169.2 -1.45693e-08
37171.8 -7.99774e-09
37174.4 1.41628e-08
37176.7 1.13863e-08
37179 -9.80209e-09
37181.2 -1.54017e-08
37183.5 2.50414e-09
37185.8 1.63471e-08
37188 4.81934e-09
37190.6 -1.54703e-08
37193.2 -6.0169e-09
37195.8 1.50454e-08
37198.3 7.18502e-09
37200.9 -1.45298e-08
37203.5 -8.31622e-09
37206.1 1.39264e-08
37208.3 1.1945e-08
37210.7 -9.14969e-09
37212.8 -1.56939e-08
37215.1 1.69019e-09
37217.4 1.63264e-08
37219.7 5.27836e-09
37222.2 -1.52219e-08
37224.8 -7.05941e-09
37227.3 1.44255e-08
37229.9 8.7509e-09
37232.4 -1.34308e-08
37234.6 -1.26974e-08
37236.9 8.06991e-09
37239.1 1.59767e-08
37241.4 -5.30609e-10
37243.7 -1.61847e-08
37246 -5.78034e-09
37248.6 1.48314e-08
37251.1 8.17389e-09
37253.6 -1.35299e-08
37255.8 -1.22121e-08
37258.2 8.63463e-09
37260.3 1.57473e-08
37262.6 -1.20901e-09
37264.9 -1.61972e-08
37267.2 -5.41866e-09
37269.8 1.50196e-08
37272.3 7.41121e-09
37274.8 -1.40619e-08
37277.1 -1.10585e-08
37279.4 9.50793e-09
37281.6 1.53962e-08
37283.9 -2.2282e-09
37286.2 -1.6227e-08
37288.4 -4.85307e-09
37291 1.53247e-08
37293.6 6.16247e-09
37296.1 -1.48374e-08
37298.7 -7.43356e-09
37301.3 1.42412e-08
37303.6 1.07811e-08
37305.9 -9.81725e-09
37308 -1.52714e-08
37310.3 2.60458e-09
37312.6 1.62477e-08
37314.9 4.64082e-09
37317.5 -1.54488e-08
37320 -5.66892e-09
37322.6 1.51164e-08
37325.2 6.67791e-09
37327.8 -1.47168e-08
37330.4 -7.66338e-09
37333 1.42513e-08
37335.2 1.098e-08
37337.6 -1.02073e-08
37339.8 -1.51529e-08
37342.1 3.08842e-09
37344.3 1.63257e-08
37346.6 4.40997e-09
37349.2 -1.56423e-08
37351.8 -5.09152e-09
37354.4 1.54727e-08
37357 5.7679e-09
37359.6 -1.52737e-08
37362.2 -6.43795e-09
37364.8 1.50452e-08
37367.4 7.10021e-09
37370 -1.47878e-08
37372.6 -7.75367e-09
37375.2 1.45014e-08
37377.6 1.05957e-08
37379.9 -1.05902e-08
37382.1 -1.52235e-08
37384.4 3.34783e-09
37386.6 1.6512e-08
37388.9 3.66643e-09
37391.5 -1.60065e-08
37394.1 -4.59436e-09
37396.7 1.57867e-08
37399.3 5.51228e-09
37401.9 -1.55135e-08
37404.5 -6.417e-09
37407.1 1.51875e-08
37409.7 7.30546e-09
37412.3 -1.48097e-08
37414.9 -8.17464e-09
37417.4 1.43808e-08
37419.7 1.16645e-08
37422.1 -9.83063e-09
37424.2 -1.57449e-08
37426.5 2.26108e-09
37428.8 1.66055e-08
37431 5.18738e-09
37433.6 -1.55695e-08
37436.2 -6.7248e-09
37438.7 1.49396e-08
37441.3 8.20344e-09
37443.8 -1.41632e-08
37446.1 -1.19352e-08
37448.4 9.45123e-09
37450.6 1.58605e-08
37452.9 -1.83259e-09
37455.2 -1.65509e-08
37457.4 -5.40092e-09
37460 1.54095e-08
37462.5 7.18365e-09
37465.1 -1.46069e-08
37467.6 -8.87672e-09
37470.2 1.36081e-08
37472.4 1.28571e-08
37474.7 -8.15668e-09
37476.9 -1.61998e-08
37479.2 4.30867e-10
37481.5 1.63685e-08
37483.8 6.02721e-09
37486.3 -1.49141e-08
37488.8 -8.53429e-09
37491.3 1.34928e-08
37493.5 1.26936e-08
37495.9 -8.25118e-09
37498 -1.60838e-08
37500.3 6.10696e-10
37502.6 1.63142e-08
37504.9 5.88578e-09
37507.4 -1.4932e-08
37510 -8.2405e-09
37512.5 1.36483e-08
37514.7 1.22559e-08
37517.1 -8.75721e-09
37519.2 -1.58535e-08
37521.5 1.24052e-09
37523.8 1.63101e-08
37526.1 5.53837e-09
37528.6 -1.51012e-08
37531.2 -7.49579e-09
37533.7 1.41528e-08
37536 1.11173e-08
37538.3 -9.61917e-09
37540.5 -1.54874e-08
37542.8 2.26458e-09
37545 1.63295e-08
37547.3 4.95865e-09
37549.9 -1.54068e-08
37552.5 -6.20631e-09
37555 1.49415e-08
37557.6 7.41903e-09
37560.2 -1.4378e-08
37562.8 -8.58918e-09
37565.3 1.37194e-08
37567.5 1.22516e-08
37569.9 -8.74071e-09
37572.1 -1.58003e-08
37574.4 1.27008e-09
37576.7 1.6266e-08
37579 5.49142e-09
37581.5 -1.50805e-08
37584 -7.39419e-09
37586.6 1.41715e-08
37588.9 1.09477e-08
37591.2 -9.79605e-09
37593.3 -1.53578e-08
37595.6 2.52603e-09
37597.9 1.62999e-08
37600.2 4.77865e-09
37602.8 -1.54625e-08
37605.3 -5.80223e-09
37607.9 1.51203e-08
37610.5 6.80575e-09
37613.1 -1.47117e-08
37615.7 -7.78504e-09
37618.3 1.42381e-08
37620.5 1.11023e-08
37622.9 -1.01307e-08
37625.1 -1.52477e-08
37627.4 2.94013e-09
37629.6 1.63587e-08
37631.9 4.57605e-09
37634.5 -1.56188e-08
37637.1 -5.3271e-09
37639.7 1.54109e-08
37642.3 6.07045e-09
37644.9 -1.51671e-08
37647.5 -6.80424e-09
37650.1 1.48884e-08
37652.7 7.52705e-09
37655.3 -1.45745e-08
37657.9 -8.2368e-09
37660.5 1.42265e-08
37662.7 1.1645e-08
37665.1 -9.6862e-09
37667.3 -1.56284e-08
37669.6 2.22348e-09
37671.8 1.64657e-08
37674.1 5.11546e-09
37676.7 -1.54626e-08
37679.2 -6.56853e-09
37681.8 1.48801e-08
37684.3 7.97023e-09
37686.9 -1.41654e-08
37689.2 -1.15721e-08
37691.5 9.72198e-09
37693.7 1.55916e-08
37696 -2.28348e-09
37698.3 -1.64523e-08
37700.5 -5.0598e-09
37703.1 1.54716e-08
37705.6 6.47673e-09
37708.2 -1.49143e-08
37710.8 -7.84586e-09
37713.3 1.42314e-08
37715.6 1.14006e-08
37718 -9.90687e-09
37720.1 -1.54986e-08
37722.4 2.52408e-09
37724.7 1.64547e-08
37727 4.90697e-09
37729.5 -1.55448e-08
37732.1 -6.16139e-09
37734.7 1.50872e-08
37737.2 7.38217e-09
37739.8 -1.4531e-08
37742.4 -8.56126e-09
37745 1.38793e-08
37747.2 1.2289e-08
37749.5 -8.83846e-09
37751.7 -1.59173e-08
37754 1.24333e-09
37756.3 1.6383e-08
37758.6 5.58249e-09
37761.1 -1.51305e-08
37763.6 -7.69212e-09
37766.2 1.40809e-08
37768.4 1.15094e-08
37770.7 -9.10842e-09
37772.9 -1.57668e-08
37775.2 1.56573e-09
37777.5 1.63517e-08
37779.7 5.35827e-09
37782.3 -1.52071e-08
37784.8 -7.2396e-09
37787.4 1.43391e-08
37789.7 1.08034e-08
37792 -1.00556e-08
37794.1 -1.53341e-08
37796.4 2.76202e-09
37798.7 1.63816e-08
37801 4.66341e-09
37803.5 -1.55761e-08
37806.1 -5.69673e-09
37808.7 1.52433e-08
37811.3 6.71087e-09
37813.9 -1.48431e-08
37816.5 -7.7016e-09
37819 1.4377e-08
37821.3 1.10741e-08
37823.7 -1.02505e-08
37825.9 -1.53035e-08
37828.2 2.98813e-09
37830.4 1.64472e-08
37832.7 4.58025e-09
37835.3 -1.56846e-08
37837.8 -5.49177e-09
37840.4 1.54135e-08
37843 6.39036e-09
37845.6 -1.50902e-08
37848.2 -7.2731e-09
37850.8 1.47153e-08
37853.4 8.13678e-09
37856 -1.42898e-08
37858.2 -1.16379e-08
37860.6 9.7336e-09
37862.8 1.56631e-08
37865.1 -2.23349e-09
37867.3 -1.6513e-08
37869.6 -5.10247e-09
37872.1 1.54989e-08
37874.7 6.65616e-09
37877.3 -1.48669e-08
37879.8 -8.15016e-09
37882.4 1.40846e-08
37884.6 1.18993e-08
37887 -9.37259e-09
37889.1 -1.57806e-08
37891.4 1.82182e-09
37893.7 1.64689e-08
37896 5.30645e-09
37898.5 -1.53537e-08
37901.1 -7.10391e-09
37903.6 1.45521e-08
37906.2 8.81128e-09
37908.7 -1.355e-08
37910.9 -1.28047e-08
37913.2 8.11064e-09
37915.4 1.61204e-08
37917.7 -4.55365e-10
37920 -1.63035e-08
37922.3 -5.91462e-09
37924.8 1.48873e-08
37927.3 8.41942e-09
37929.8 -1.34862e-08
37932.1 -1.25737e-08
37934.4 8.31501e-09
37936.6 1.59867e-08
37938.9 -7.44738e-10
37941.2 -1.62699e-08
37943.5 -5.73406e-09
37946 1.49456e-08
37948.5 8.03339e-09
37951 -1.37286e-08
37953.3 -1.19978e-08
37955.6 9.01351e-09
37957.8 1.57019e-08
37960.1 -1.58657e-09
37962.4 -1.62911e-08
37964.7 -5.2903e-09
37967.2 1.51887e-08
37969.8 7.05816e-09
37972.3 -1.4396e-08
37974.9 -8.73713e-09
37977.4 1.34075e-08
37979.6 1.26421e-08
37982 -8.11909e-09
37984.1 -1.59256e-08
37986.4 6.36051e-10
37988.7 1.6166e-08
37991.1 5.7115e-09
37993.6 -1.48607e-08
37996.1 -7.96662e-09
37998.6 1.36702e-08
38000.9 1.18572e-08
38003.2 -9.07544e-09
38005.4 -1.55638e-08
38007.7 1.76086e-09
38010 1.62124e-08
38012.3 5.13149e-09
38014.8 -1.5192e-08
38017.4 -6.68665e-09
38019.9 1.45394e-08
38022.5 8.17824e-09
38025 -1.37337e-08
38027.3 -1.18278e-08
38029.6 9.11353e-09
38031.8 1.55235e-08
38034.1 -1.83004e-09
38036.4 -1.61963e-08
38038.7 -5.08523e-09
38041.2 1.52004e-08
38043.8 6.56872e-09
38046.4 -1.45921e-08
38048.9 -7.99612e-09
38051.5 1.38442e-08
38053.7 1.15504e-08
38056.1 -9.43895e-09
38058.3 -1.53808e-08
38060.6 2.23239e-09
38062.9 1.62055e-08
38065.1 4.86179e-09
38067.7 -1.53198e-08
38070.3 -6.0482e-09
38072.9 1.48899e-08
38075.4 7.20407e-09
38078 -1.43705e-08
38080.6 -8.32268e-09
38083.2 1.3764e-08
38085.4 1.18609e-08
38087.8 -9.09642e-09
38089.9 -1.55401e-08
38092.2 1.80121e-09
38094.5 1.62003e-08
38096.8 5.12304e-09
38099.4 -1.51903e-08
38101.9 -6.62122e-09
38104.5 1.45693e-08
38107 8.06121e-09
38109.6 -1.38059e-08
38111.9 -1.16352e-08
38114.2 9.33799e-09
38116.4 1.54245e-08
38118.7 -2.10688e-09
38121 -1.62004e-08
38123.2 -4.94467e-09
38125.8 1.52769e-08
38128.4 6.21824e-09
38131 -1.4795e-08
38133.5 -7.45464e-09
38136.1 1.42097e-08
38138.4 1.07281e-08
38140.7 -9.89195e-09
38142.9 -1.52025e-08
38145.2 2.73724e-09
38147.4 1.62225e-08
38149.7 4.57845e-09
38152.3 -1.54737e-08
38154.9 -5.37381e-09
38157.5 1.5244e-08
38160.1 6.1598e-09
38162.7 -1.49739e-08
38165.3 -6.93411e-09
38167.9 1.46639e-08
38170.5 7.69488e-09
38173.1 -1.43147e-08
38175.7 -8.43986e-09
38178.3 1.39269e-08
38180.5 1.18961e-08
38182.9 -9.19631e-09
38185 -1.56343e-08
38187.3 1.79679e-09
38189.6 1.62992e-08
38191.9 5.21721e-09
38194.4 -1.52436e-08
38197 -6.8166e-09
38199.5 1.4559e-08
38202.1 8.34748e-09
38204.7 -1.37135e-08
38206.9 -1.2077e-08
38209.2 8.89311e-09
38211.4 1.57014e-08
38213.7 -1.47556e-09
38216 -1.62445e-08
38218.3 -5.35044e-09
38220.8 1.51198e-08
38223.4 7.13554e-09
38225.9 -1.43044e-08
38228.2 -1.05558e-08
38230.6 1.02774e-08
38232.7 1.50984e-08
38235 -3.16157e-09
38237.3 -1.62939e-08
38239.6 -3.63564e-09
38242.2 1.58018e-08
38244.8 4.48723e-09
38247.4 -1.56059e-08
38250 -5.33055e-09
38252.6 1.53648e-08
38255.2 6.16339e-09
38257.8 -1.50786e-08
38260.4 -6.98326e-09
38263 1.47483e-08
38265.6 7.7879e-09
38268.2 -1.43741e-08
38270.8 -8.57484e-09
38273.3 1.39571e-08
38275.6 1.21406e-08
38277.9 -9.01626e-09
38280.1 -1.58277e-08
38282.4 1.47136e-09
38284.7 1.63765e-08
38287 5.46042e-09
38289.5 -1.51935e-08
38292 -7.38447e-09
38294.6 1.42844e-08
38296.9 1.10021e-08
38299.2 -9.83405e-09
38301.3 -1.547e-08
38303.6 2.45272e-09
38305.9 1.63943e-08
38308.2 4.88769e-09
38310.7 -1.54925e-08
38313.3 -6.13089e-09
38315.9 1.50406e-08
38318.5 7.34108e-09
38321 -1.44915e-08
38323.6 -8.51046e-09
38326.2 1.38481e-08
38328.4 1.22091e-08
38330.7 -8.87478e-09
38332.9 -1.58393e-08
38335.2 1.34459e-09
38337.5 1.63415e-08
38339.8 5.47867e-09
38342.3 -1.51436e-08
38344.9 -7.47001e-09
38347.4 1.41868e-08
38349.7 1.11528e-08
38352 -9.5728e-09
38354.1 -1.554e-08
38356.4 2.16928e-09
38358.7 1.63532e-08
38361 5.00137e-09
38363.5 -1.53892e-08
38366.1 -6.43396e-09
38368.7 1.4827e-08
38371.2 7.81786e-09
38373.8 -1.41357e-08
38376.1 -1.13726e-08
38378.4 9.82941e-09
38380.6 1.54122e-08
38382.9 -2.53809e-09
38385.2 -1.63705e-08
38387.4 -4.78661e-09
38390 1.55096e-08
38392.6 5.96008e-09
38395.2 -1.51009e-08
38397.7 -7.10577e-09
38400.3 1.46053e-08
38402.9 8.21727e-09
38405.5 -1.40252e-08
38407.7 -1.18073e-08
38410.1 9.36917e-09
38412.2 1.56458e-08
38414.5 -1.94532e-09
38416.8 -1.63752e-08
38419.1 -5.13951e-09
38421.6 1.53402e-08
38424.2 6.76364e-09
38426.7 -1.46573e-08
38429.3 -8.31889e-09
38431.8 1.38094e-08
38434.1 1.21054e-08
38436.4 -8.95026e-09
38438.6 -1.57676e-08
38440.9 1.48422e-09
38443.2 1.63211e-08
38445.5 5.35262e-09
38448 -1.5179e-08
38450.6 -7.24676e-09
38453.1 1.43021e-08
38455.4 1.08071e-08
38457.7 -1.00202e-08
38459.9 -1.53125e-08
38462.2 2.76787e-09
38464.4 1.63576e-08
38466.7 4.62323e-09
38469.3 -1.55714e-08
38471.9 -5.60619e-09
38474.5 1.52632e-08
38477.1 6.57254e-09
38479.6 -1.48939e-08
38482.2 -7.51849e-09
38484.8 1.44645e-08
38487.4 8.44013e-09
38490 -1.39765e-08
38492.2 -1.20287e-08
38494.6 9.13149e-09
38496.7 1.57606e-08
38499 -1.64825e-09
38501.3 -1.63767e-08
38503.6 -5.31548e-09
38506.1 1.52561e-08
38508.7 7.13841e-09
38511.2 -1.44314e-08
38513.5 -1.06287e-08
38515.9 1.03307e-08
38518 1.52286e-08
38520.3 -3.10987e-09
38522.6 -1.64134e-08
38524.8 -4.46567e-09
38527.4 1.57084e-08
38530 5.19701e-09
38532.6 -1.55168e-08
38535.2 -5.92168e-09
38537.8 1.52914e-08
38540.4 6.63815e-09
38543 -1.50326e-08
38545.6 -7.3449e-09
38548.3 1.47406e-08
38550.9 8.04025e-09
38553.5 -1.44158e-08
38555.7 -1.1408e-08
38558.1 1.00396e-08
38560.2 1.55591e-08
38562.5 -2.59635e-09
38564.8 -1.65497e-08
38567.1 -4.92994e-09
38569.6 1.56333e-08
38572.2 6.19235e-09
38574.8 -1.51724e-08
38577.3 -7.42032e-09
38579.9 1.46123e-08
38582.5 8.60636e-09
38585.1 -1.39557e-08
38587.3 -1.23545e-08
38589.6 8.8724e-09
38591.8 1.6012e-08
38594.1 -1.19207e-09
38596.4 -1.64591e-08
38598.7 -5.69319e-09
38601.2 1.5162e-08
38603.7 7.85473e-09
38606.2 -1.40627e-08
38608.5 -1.17341e-08
38610.9 9.54144e-09
38613 1.57033e-08
38615.3 -2.02999e-09
38617.6 -1.6467e-08
38619.9 -5.22395e-09
38622.4 1.54084e-08
38625 6.81988e-09
38627.5 -1.47334e-08
38630.1 -8.34902e-09
38632.6 1.38998e-08
38634.9 1.21198e-08
38637.2 -9.03814e-09
38639.4 -1.58424e-08
38641.7 1.47394e-09
38644 1.63907e-08
38646.2 5.49271e-09
38648.8 -1.51989e-08
38651.3 -7.40235e-09
38653.9 1.42935e-08
38656.2 1.09985e-08
38658.5 -9.87161e-09
38660.6 -1.54698e-08
38662.9 2.48232e-09
38665.2 1.64041e-08
38667.4 4.91148e-09
38670 -1.55032e-08
38672.6 -6.09641e-09
38675.2 1.50764e-08
38677.8 7.2517e-09
38680.3 -1.45611e-08
38682.9 -8.37034e-09
38685.5 1.39601e-08
38687.7 1.19708e-08
38690.1 -9.19232e-09
38692.2 -1.57423e-08
38694.5 1.68819e-09
38696.8 1.63696e-08
38699.1 5.36775e-09
38701.6 -1.52447e-08
38704.2 -7.10349e-09
38706.7 1.44638e-08
38709.3 8.75324e-09
38711.8 -1.34949e-08
38714 -1.26443e-08
38716.4 8.21198e-09
38718.6 1.59884e-08
38720.9 -6.35043e-10
38723.2 -1.62254e-08
38725.5 -5.83219e-09
38728 1.48691e-08
38730.5 8.12459e-09
38733 -1.36332e-08
38735.3 -1.20682e-08
38737.6 8.87746e-09
38739.8 1.57105e-08
38742.1 -1.44267e-09
38744.4 -1.62405e-08
38746.7 -5.39333e-09
38749.2 1.51012e-08
38751.7 7.18472e-09
38754.3 -1.42755e-08
38756.6 -1.06106e-08
38758.9 1.0211e-08
38761.1 1.51309e-08
38763.4 -3.06985e-09
38765.6 -1.62895e-08
38768 -3.72042e-09
38770.6 1.57714e-08
38773.2 4.62059e-09
38775.7 -1.55523e-08
38778.3 -5.51068e-09
38780.9 1.52824e-08
38783.5 6.38795e-09
38786.1 -1.49623e-08
38788.7 -7.24935e-09
38791.3 1.4593e-08
38793.9 8.09236e-09
38796.5 -1.41751e-08
38798.7 -1.14814e-08
38801.1 9.77163e-09
38803.3 1.54904e-08
38805.6 -2.41056e-09
38807.8 -1.63972e-08
38810.1 -4.95134e-09
38812.7 1.54759e-08
38815.2 6.19646e-09
38817.8 -1.50164e-08
38820.4 -7.40769e-09
38823 1.44594e-08
38825.5 8.57722e-09
38828.1 -1.3808e-08
38830.3 -1.22636e-08
38832.7 8.80747e-09
38834.9 1.58642e-08
38837.2 -1.26162e-09
38839.4 -1.63317e-08
38841.7 -5.55519e-09
38844.3 1.51057e-08
38846.8 7.56779e-09
38849.3 -1.41214e-08
38851.6 -1.12619e-08
38853.9 9.42701e-09
38856.1 1.55923e-08
38858.4 -1.9986e-09
38860.6 -1.63359e-08
38862.9 -5.11765e-09
38865.5 1.53232e-08
38868 6.63686e-09
38870.6 -1.46994e-08
38873.1 -8.09768e-09
38875.7 1.39304e-08
38878 1.17486e-08
38880.3 -9.35712e-09
38882.5 -1.55808e-08
38884.8 1.98817e-09
38887.1 1.63217e-08
38889.3 5.09455e-09
38891.9 -1.5316e-08
38894.5 -6.61653e-09
38897 1.46929e-08
38899.6 8.08015e-09
38902.1 -1.39241e-08
38904.4 -1.17323e-08
38906.7 9.36055e-09
38908.9 1.5562e-08
38911.2 -2.01022e-09
38913.5 -1.63116e-08
38915.8 -5.05381e-09
38918.3 1.53219e-08
38920.9 6.55653e-09
38923.4 -1.47138e-08
38926 -8.00301e-09
38928.6 1.39637e-08
38930.8 1.16294e-08
38933.2 -9.47537e-09
38935.3 -1.55049e-08
38937.6 2.16078e-09
38939.9 1.63128e-08
38942.2 4.95064e-09
38944.8 -1.53703e-08
38947.3 -6.34772e-09
38949.9 1.48307e-08
38952.4 7.69923e-09
38955 -1.41678e-08
38957.3 -1.11896e-08
38959.7 9.99875e-09
38961.8 1.5287e-08
38964.1 -2.80086e-09
38966.4 -1.63458e-08
38968.6 -4.58638e-09
38971.2 1.55784e-08
38973.8 5.51696e-09
38976.4 -1.52958e-08
38979 -6.4335e-09
38981.6 1.49584e-08
38984.2 7.33274e-09
38986.8 -1.45671e-08
38989.4 -8.21144e-09
38992 1.41228e-08
38994.2 1.17139e-08
38996.6 -9.52413e-09
38998.7 -1.56136e-08
39001 2.11415e-09
39003.3 1.64089e-08
39005.6 5.05767e-09
39008.1 -1.54159e-08
39010.7 -6.57523e-09
39013.3 1.48038e-08
39015.8 8.03612e-09
39018.4 -1.40473e-08
39020.6 -1.17085e-08
39023 9.49389e-09
39025.1 1.56103e-08
39027.5 -2.09e-09
39029.7 -1.63954e-08
39032 -5.06015e-09
39034.6 1.54012e-08
39037.1 6.58049e-09
39039.7 -1.47863e-08
39042.2 -8.04359e-09
39044.8 1.40267e-08
39047 1.17138e-08
39049.4 -9.47059e-09
39051.6 -1.56024e-08
39053.9 2.07616e-09
39056.1 1.63811e-08
39058.4 5.05937e-09
39061 -1.53881e-08
39063.5 -6.57254e-09
39066.1 1.47763e-08
39068.7 8.02881e-09
39071.2 -1.40209e-08
39073.5 -1.16844e-08
39075.8 9.48894e-09
39078 1.55779e-08
39080.3 -2.1113e-09
39082.6 -1.63689e-08
39084.8 -5.0348e-09
39087.4 1.53897e-08
39090 6.50545e-09
39092.5 -1.48029e-08
39095.1 -7.92322e-09
39097.6 1.40804e-08
39099.9 1.15203e-08
39102.3 -9.67269e-09
39104.4 -1.54903e-08
39106.7 2.34234e-09
39109 1.63703e-08
39111.3 4.90771e-09
39113.8 -1.54556e-08
39116.4 -6.19899e-09
39119 1.49759e-08
39121.6 7.45366e-09
39124.1 -1.43909e-08
39126.7 -8.66223e-09
39129.3 1.37046e-08
39131.5 1.24034e-08
39133.8 -8.58036e-09
39136 -1.58928e-08
39138.3 1.05537e-09
39140.6 1.62852e-08
39142.9 5.59164e-09
39145.4 -1.50349e-08
39147.9 -7.69845e-09
39150.5 1.39774e-08
39152.8 1.14757e-08
39155 -9.04776e-09
39157.2 -1.56802e-08
39159.5 1.59606e-09
39161.8 1.62692e-08
39164.1 5.28072e-09
39166.6 -1.51723e-08
39169.2 -7.0223e-09
39171.7 1.43943e-08
39174.3 8.6778e-09
39176.8 -1.34258e-08
39179 -1.25466e-08
39181.4 8.21967e-09
39183.5 1.58706e-08
39185.8 -7.60829e-10
39188.1 -1.61527e-08
39190.5 -5.65372e-09
39193 1.48733e-08
39195.5 7.83785e-09
39198 -1.37411e-08
39200.3 -1.16552e-08
39202.6 9.29306e-09
39204.8 1.54544e-08
39207.1 -2.0311e-09
39209.4 -1.62041e-08
39211.7 -4.98625e-09
39214.2 1.52511e-08
39216.8 6.36468e-09
39219.4 -1.47104e-08
39221.9 -7.69712e-09
39224.5 1.40492e-08
39226.8 1.11231e-08
39229.1 -9.93909e-09
39231.3 -1.51748e-08
39233.6 2.82728e-09
39235.9 1.6235e-08
39238.1 4.53818e-09
39240.7 -1.54988e-08
39243.3 -5.31671e-09
39245.9 1.52787e-08
39248.5 6.08651e-09
39251.1 -1.502e-08
39253.7 -6.84555e-09
39256.3 1.47232e-08
39258.9 7.59203e-09
39261.5 -1.43885e-08
39264.1 -8.3238e-09
39266.7 1.40171e-08
39269 1.17482e-08
39271.3 -9.39007e-09
39273.5 -1.55815e-08
39275.8 1.99612e-09
39278.1 1.63251e-08
39280.3 5.14065e-09
39282.9 -1.5304e-08
39285.4 -6.65103e-09
39288 1.46801e-08
39290.6 8.10308e-09
39293.1 -1.39125e-08
39295.4 -1.17354e-08
39297.7 9.34607e-09
39299.9 1.55686e-08
39302.2 -1.96411e-09
39304.5 -1.62994e-08
39306.7 -5.13362e-09
39309.3 1.52809e-08
39311.9 6.64458e-09
39314.4 -1.46564e-08
39317 -8.09686e-09
39319.5 1.38882e-08
39321.8 1.17247e-08
39324.1 -9.32933e-09
39326.3 -1.55462e-08
39328.6 1.96754e-09
39330.9 1.62775e-08
39333.2 5.11342e-09
39335.7 -1.52685e-08
39338.3 -6.60372e-09
39340.8 1.46572e-08
39343.4 8.03765e-09
39346 -1.39056e-08
39348.2 -1.16381e-08
39350.6 9.41187e-09
39352.7 1.54904e-08
39355 -2.08704e-09
39357.3 -1.62671e-08
39359.6 -5.03055e-09
39362.2 1.52984e-08
39364.7 6.42424e-09
39367.3 -1.47486e-08
39369.9 -7.77094e-09
39372.4 1.4076e-08
39374.7 1.12478e-08
39377.1 -9.86908e-09
39379.2 -1.52917e-08
39381.5 2.6554e-09
39383.8 1.62905e-08
39386 4.70076e-09
39388.6 -1.54822e-08
39391.2 -5.67265e-09
39393.8 1.51706e-08
39396.4 6.62765e-09
39399 -1.47993e-08
39401.6 -7.56226e-09
39404.2 1.4369e-08
39406.8 8.47262e-09
39409.3 -1.38813e-08
39411.6 -1.20303e-08
39413.9 9.0404e-09
39416.1 1.5717e-08
39418.4 -1.58132e-09
39420.7 -1.63042e-08
39423 -5.34606e-09
39425.5 1.51807e-08
39428 7.12813e-09
39430.6 -1.43727e-08
39432.9 -1.0563e-08
39435.2 1.03402e-08
39437.4 1.51442e-08
39439.7 -3.17546e-09
39441.9 -1.63514e-08
39444.3 -3.67579e-09
39446.9 1.58453e-08
39449.5 4.57913e-09
39452.1 -1.56307e-08
39454.6 -5.47263e-09
39457.2 1.53654e-08
39459.8 6.35399e-09
39462.4 -1.50495e-08
39465 -7.21972e-09
39467.6 1.46842e-08
39470.2 8.06764e-09
39472.8 -1.42698e-08
39475.1 -1.14867e-08
39477.4 9.85347e-09
39479.6 1.55447e-08
39481.9 -2.44633e-09
39484.1 -1.64715e-08
39486.4 -4.95792e-09
39489 1.55437e-08
39491.5 6.24866e-09
39494.1 -1.50647e-08
39496.7 -7.50296e-09
39499.3 1.44814e-08
39501.8 8.71226e-09
39504.4 -1.37972e-08
39506.6 -1.24859e-08
39509 8.61174e-09
39511.1 1.60094e-08
39513.4 -9.85951e-10
39515.7 -1.638e-08
39518 -5.70769e-09
39520.5 1.50764e-08
39523.1 7.92291e-09
39525.6 -1.39336e-08
39527.8 -1.18352e-08
39530.2 9.34879e-09
39532.4 1.56992e-08
39534.7 -1.88914e-09
39536.9 -1.64061e-08
39539.2 -5.20587e-09
39541.8 1.53494e-08
39544.3 6.85107e-09
39546.9 -1.46477e-08
39549.4 -8.42439e-09
39552 1.37771e-08
39554.2 1.22356e-08
39556.5 -8.83202e-09
39558.7 -1.58454e-08
39561 1.32832e-09
39563.3 1.63395e-08
39565.6 5.45721e-09
39568.1 -1.5155e-08
39570.7 -7.42851e-09
39573.2 1.42146e-08
39575.5 1.10722e-08
39577.8 -9.70041e-09
39580 -1.54837e-08
39582.3 2.3553e-09
39584.5 1.63651e-08
39586.8 4.87431e-09
39589.4 -1.54647e-08
39591.9 -6.14806e-09
39594.5 1.49979e-08
39597.1 7.38653e-09
39599.7 -1.44288e-08
39602.2 -8.58133e-09
39604.8 1.3761e-08
39607 1.2296e-08
39609.4 -8.73318e-09
39611.5 -1.58441e-08
39613.9 1.25406e-09
39616.1 1.63094e-08
39618.4 5.4609e-09
39621 -1.51194e-08
39623.5 -7.46115e-09
39626 1.41569e-08
39628.3 1.11284e-08
39630.6 -9.57622e-09
39632.8 -1.54964e-08
39635.1 2.23825e-09
39637.4 1.63309e-08
39639.6 4.90893e-09
39642.2 -1.54098e-08
39644.8 -6.24703e-09
39647.3 1.49048e-08
39649.9 7.54433e-09
39652.5 -1.4287e-08
39654.8 -1.09469e-08
39657.1 9.72943e-09
39659.2 1.54258e-08
39661.5 -2.42202e-09
39663.8 -1.63316e-08
39666.1 -4.79836e-09
39668.6 1.54631e-08
39671.2 5.99888e-09
39673.8 -1.50372e-08
39676.4 -7.16927e-09
39678.9 1.45203e-08
39681.5 8.30254e-09
39684.1 -1.39151e-08
39686.3 -1.19074e-08
39688.7 9.18974e-09
39690.9 1.5652e-08
39693.2 -1.79488e-09
39695.4 -1.63194e-08
39697.7 -5.17164e-09
39700.3 1.527e-08
39702.8 6.82605e-09
39705.4 -1.45608e-08
39707.9 -8.40701e-09
39710.5 1.36797e-08
39712.7 1.22052e-08
39715.1 -8.74551e-09
39717.2 -1.57648e-08
39719.5 1.30963e-09
39721.8 1.62491e-08
39724.1 5.39947e-09
39726.7 -1.50878e-08
39729.2 -7.32589e-09
39731.7 1.41768e-08
39734 1.09058e-08
39736.3 -9.79594e-09
39738.5 -1.53268e-08
39740.8 2.54883e-09
39743.1 1.62805e-08
39745.3 4.71262e-09
39747.9 -1.54548e-08
39750.5 -5.77517e-09
39753.1 1.50994e-08
39755.7 6.816e-09
39758.3 -1.46723e-08
39760.8 -7.83025e-09
39763.4 1.41752e-08
39765.7 1.12133e-08
39768.1 -9.96567e-09
39770.2 -1.52905e-08
39772.5 2.74985e-09
39774.8 1.63282e-08
39777 4.65272e-09
39779.6 -1.55367e-08
39782.2 -5.59739e-09
39784.8 1.52404e-08
39787.4 6.52686e-09
39790 -1.48874e-08
39792.6 -7.43721e-09
39795.2 1.44791e-08
39797.8 8.32542e-09
39800.4 -1.40163e-08
39802.6 -1.18399e-08
39804.9 9.31805e-09
39807.1 1.56565e-08
39809.4 -1.86515e-09
39811.7 -1.63529e-08
39814 -5.23416e-09
39816.5 1.52823e-08
39819.1 6.8758e-09
39821.6 -1.45736e-08
39824.2 -8.44459e-09
39826.7 1.3696e-08
39828.9 1.22433e-08
39831.3 -8.72414e-09
39833.5 -1.58139e-08
39835.8 1.21277e-09
39838.1 1.62625e-08
39840.3 5.53911e-09
39842.9 -1.50406e-08
39845.4 -7.54499e-09
39847.9 1.40568e-08
39850.2 1.12216e-08
39852.5 -9.37969e-09
39854.7 -1.5527e-08
39857 1.98543e-09
39859.3 1.62642e-08
39861.5 5.09838e-09
39864.1 -1.52613e-08
39866.7 -6.5735e-09
39869.2 1.4659e-08
39871.8 7.99361e-09
39874.3 -1.39193e-08
39876.6 -1.1575e-08
39879 9.46838e-09
39881.1 1.54518e-08
39883.4 -2.16047e-09
39885.7 -1.62568e-08
39888 -4.9913e-09
39890.5 1.53072e-08
39893.1 6.32888e-09
39895.7 -1.47904e-08
39898.2 -7.62454e-09
39900.8 1.41601e-08
39903.1 1.10205e-08
39905.4 -9.53014e-09
39907.5 -1.54265e-08
39909.8 2.19695e-09
39912.1 1.62434e-08
39914.4 4.95751e-09
39917 -1.53096e-08
39919.5 -6.25923e-09
39922.1 1.48146e-08
39924.7 7.52194e-09
39927.2 -1.42122e-08
39929.5 -1.08606e-08
39931.8 9.74786e-09
39934 1.53233e-08
39936.3 -2.47985e-09
39938.6 -1.62498e-08
39940.8 -4.78723e-09
39943.4 1.5398e-08
39946 5.87729e-09
39948.6 -1.50239e-08
39951.1 -6.94384e-09
39953.7 1.45742e-08
39956.3 7.98147e-09
39958.9 -1.40509e-08
39961.2 -1.14008e-08
39963.5 9.71272e-09
39965.7 1.53713e-08
39968 -2.45268e-09
39970.3 -1.62905e-08
39972.5 -4.8321e-09
39975.1 1.54179e-08
39977.7 5.9791e-09
39980.3 -1.50145e-08
39982.8 -7.09931e-09
39985.4 1.45276e-08
39988 8.18629e-09
39990.6 -1.39595e-08
39992.8 -1.17056e-08
39995.2 9.39226e-09
39997.3 1.55439e-08
39999.6 -2.03708e-09
40001.9 -1.63029e-08
40004.2 -5.0807e-09
40006.7 1.53087e-08
40009.3 6.54975e-09
40011.9 -1.47153e-08
40014.4 -7.96522e-09
40017 1.39861e-08
40019.3 1.15427e-08
40021.6 -9.56776e-09
40023.8 -1.5462e-08
40026.1 2.26439e-09
40028.4 1.63088e-08
40030.6 4.93338e-09
40033.2 -1.53853e-08
40035.8 -6.23288e-09
40038.3 1.48978e-08
40040.9 7.49456e-09
40043.5 -1.43034e-08
40045.8 -1.08426e-08
40048.1 9.86489e-09
40050.2 1.53537e-08
40052.5 -2.58409e-09
40054.8 -1.63241e-08
40057.1 -4.73181e-09
40059.6 1.54966e-08
40062.2 5.78829e-09
40064.8 -1.51461e-08
40067.4 -6.82417e-09
40070 1.47247e-08
40072.6 7.83408e-09
40075.1 -1.42343e-08
40077.4 -1.12153e-08
40079.8 1.0035e-08
40081.9 1.53273e-08
40084.3 -2.79842e-09
40086.5 -1.63868e-08
40088.8 -4.64487e-09
40091.4 1.56034e-08
40094 5.57783e-09
40096.5 -1.53168e-08
40099.1 -6.49662e-09
40101.7 1.49752e-08
40104.3 7.39775e-09
40106.9 -1.45794e-08
40109.5 -8.27802e-09
40112.1 1.41306e-08
40114.3 1.17863e-08
40116.7 -9.4906e-09
40118.9 -1.56773e-08
40121.2 2.03477e-09
40123.4 1.64417e-08
40125.7 5.14892e-09
40128.3 -1.54152e-08
40130.8 -6.71251e-09
40133.4 1.47684e-08
40135.9 8.21392e-09
40138.5 -1.3969e-08
40140.7 -1.19436e-08
40143.1 9.25153e-09
40145.2 1.57426e-08
40147.5 -1.77614e-09
40149.8 -1.64062e-08
40152.1 -5.26196e-09
40154.7 1.53225e-08
40157.2 6.9736e-09
40159.7 -1.45743e-08
40162.3 -8.6053e-09
40164.8 1.36433e-08
40167.1 1.24872e-08
40169.4 -8.49483e-09
40171.6 -1.59477e-08
40173.9 9.5642e-10
40176.2 1.63052e-08
40178.5 5.62812e-09
40181 -1.50393e-08
40183.5 -7.78976e-09
40186 1.3941e-08
40188.3 1.1626e-08
40190.7 -9.5164e-09
40192.8 -1.55383e-08
40195.2 2.18226e-09
40197.4 1.63532e-08
40199.7 4.96823e-09
40202.3 -1.54113e-08
40204.8 -6.33624e-09
40207.4 1.48858e-08
40210 7.66091e-09
40212.5 -1.42424e-08
40214.8 -1.11128e-08
40217.1 9.52735e-09
40219.3 1.55369e-08
40221.6 -2.15302e-09
40223.8 -1.63383e-08
40226.1 -4.97463e-09
40228.7 1.53929e-08
40231.2 6.35073e-09
40233.8 -1.48615e-08
40236.4 -7.6825e-09
40238.9 1.42109e-08
40241.2 1.11416e-08
40243.6 -1.00901e-08
40245.8 -1.52735e-08
40248.1 2.90299e-09
40250.3 1.63702e-08
40252.6 4.55166e-09
40255.2 -1.56294e-08
40257.8 -5.36585e-09
40260.4 1.53977e-08
40263 6.17022e-09
40265.6 -1.51241e-08
40268.2 -6.96288e-09
40270.8 1.48089e-08
40273.4 7.74141e-09
40276 -1.4453e-08
40278.5 -8.50393e-09
40281.1 1.40569e-08
40283.4 1.2042e-08
40285.7 -9.20525e-09
40287.9 -1.58083e-08
40290.2 1.6724e-09
40292.5 1.64326e-08
40294.8 5.36876e-09
40297.3 -1.52953e-08
40299.8 -7.18862e-09
40302.4 1.4467e-08
40304.7 1.06854e-08
40307 -1.0339e-08
40309.2 -1.5295e-08
40311.5 3.06237e-09
40313.7 1.64613e-08
40316 4.55965e-09
40318.6 -1.57202e-08
40321.2 -5.35761e-09
40323.8 1.54961e-08
40326.4 6.14647e-09
40329 -1.52319e-08
40331.6 -6.92425e-09
40334.2 1.49281e-08
40336.8 7.68896e-09
40339.4 -1.45854e-08
40341.7 -1.05815e-08
40344 1.07081e-08
40346.2 1.52538e-08
40348.5 -3.42173e-09
40350.7 -1.65759e-08
40353.1 -3.69243e-09
40355.6 1.60602e-08
40358.2 4.64031e-09
40360.8 -1.58308e-08
40363.4 -5.57733e-09
40366 1.55458e-08
40368.6 6.49992e-09
40371.2 -1.52065e-08
40373.8 -7.40518e-09
40376.4 1.48132e-08
40379 8.28958e-09
40381.6 -1.43674e-08
40383.8 -1.18436e-08
40386.1 9.66253e-09
40388.3 1.58747e-08
40390.6 -1.97828e-09
40392.9 -1.66273e-08
40395.1 -5.41742e-09
40397.7 1.54678e-08
40400.2 7.23803e-09
40402.8 -1.46434e-08
40405.3 -8.965e-09
40407.8 1.36152e-08
40410 1.30138e-08
40412.4 -7.99815e-09
40414.5 -1.63145e-08
40416.8 1.62316e-10
40419.2 1.63915e-08
40421.5 6.21836e-09
40423.9 -1.48229e-08
40426.4 -8.9698e-09
40428.9 1.31669e-08
40431.1 1.33283e-08
40433.4 -7.35201e-09
40435.6 -1.6347e-08
40437.9 -4.12867e-10
40440.3 1.62322e-08
40442.6 6.35436e-09
40445.1 -1.46015e-08
40447.6 -8.50443e-09
40450.2 1.38827e-08
40452.4 1.22564e-08
40454.8 -8.86886e-09
40456.9 -1.59141e-08
40459.2 1.24254e-09
40461.5 1.63797e-08
40463.8 5.62477e-09
40466.3 -1.51085e-08
40468.8 -7.74043e-09
40471.4 1.4046e-08
40473.6 1.15641e-08
40475.9 -9.02311e-09
40478.1 -1.57939e-08
40480.4 1.43831e-09
40482.7 1.63301e-08
40485 5.47095e-09
40487.5 -1.5136e-08
40490 -7.41885e-09
40492.6 1.4206e-08
40494.9 1.10558e-08
40497.2 -9.68709e-09
40499.3 -1.54763e-08
40501.6 2.28963e-09
40503.9 1.63372e-08
40506.1 4.97728e-09
40508.7 -1.53896e-08
40511.3 -6.32636e-09
40513.8 1.4872e-08
40516.4 7.63313e-09
40519 -1.42399e-08
40521.3 -1.10734e-08
40523.6 9.5483e-09
40525.7 1.55152e-08
40528 -2.1309e-09
40530.3 -1.63131e-08
40532.6 -5.05063e-09
40535.1 1.53303e-08
40537.7 6.48937e-09
40540.2 -1.47567e-08
40542.8 -7.87762e-09
40545.4 1.40527e-08
40547.6 1.14308e-08
40550 -9.69956e-09
40552.2 -1.54207e-08
40554.5 2.3869e-09
40556.7 1.6319e-08
40559 4.89741e-09
40561.6 -1.54134e-08
40564.1 -6.1357e-09
40566.7 1.49603e-08
40569.3 7.34075e-09
40571.9 -1.44104e-08
40574.4 -8.50505e-09
40577 1.37663e-08
40579.2 1.21712e-08
40581.6 -8.82289e-09
40583.8 -1.57722e-08
40586.1 1.338e-09
40588.3 1.62689e-08
40590.6 5.46174e-09
40593.2 -1.50867e-08
40595.7 -7.3879e-09
40598.2 1.41696e-08
40600.5 1.09783e-08
40602.8 -9.7375e-09
40605 -1.53893e-08
40607.3 2.4295e-09
40609.6 1.62999e-08
40611.8 4.83777e-09
40614.4 -1.54261e-08
40617 -5.99367e-09
40619.6 1.5019e-08
40622.1 7.12236e-09
40624.7 -1.45268e-08
40627.3 -8.2171e-09
40629.9 1.39525e-08
40632.1 1.17544e-08
40634.5 -9.35231e-09
40636.7 -1.55731e-08
40639 1.98361e-09
40641.2 1.63123e-08
40643.5 5.10515e-09
40646.1 -1.53108e-08
40648.6 -6.58904e-09
40651.2 1.47075e-08
40653.7 8.01791e-09
40656.3 -1.39654e-08
40658.6 -1.16149e-08
40660.9 9.50348e-09
40663.1 1.5502e-08
40665.4 -2.18476e-09
40667.7 -1.63171e-08
40669.9 -4.97692e-09
40672.5 1.53776e-08
40675.1 6.30939e-09
40677.6 -1.48693e-08
40680.2 -7.60125e-09
40682.8 1.42486e-08
40685.1 1.09904e-08
40687.4 -9.67636e-09
40689.5 -1.54435e-08
40691.8 2.35555e-09
40694.1 1.63218e-08
40696.4 4.86605e-09
40698.9 -1.54352e-08
40701.5 -6.06707e-09
40704.1 1.5004e-08
40706.7 7.23746e-09
40709.2 -1.44816e-08
40711.8 -8.37058e-09
40714.4 1.38705e-08
40716.6 1.19649e-08
40719 -9.12424e-09
40721.2 -1.56745e-08
40723.5 1.73142e-09
40725.8 1.63147e-08
40728 5.21849e-09
40730.6 -1.52553e-08
40733.1 -6.86686e-09
40735.7 1.45449e-08
40738.2 8.44193e-09
40740.8 -1.36638e-08
40743 -1.22203e-08
40745.4 8.74532e-09
40747.5 1.57691e-08
40749.8 -1.3332e-09
40752.1 -1.6259e-08
40754.4 -5.38597e-09
40757 1.51153e-08
40759.5 7.25643e-09
40762 -1.42439e-08
40764.4 -1.07609e-08
40766.7 1.00364e-08
40768.8 1.52337e-08
40771.1 -2.87352e-09
40773.4 -1.63113e-08
40775.7 -4.50899e-09
40778.3 1.55889e-08
40780.9 5.27848e-09
40783.5 -1.53773e-08
40786.1 -6.03992e-09
40788.7 1.5128e-08
40791.3 6.79127e-09
40793.9 -1.48416e-08
40796.5 -7.53096e-09
40799.1 1.45184e-08
40801.7 8.25699e-09
40804.3 -1.4159e-08
40806.5 -1.16802e-08
40808.9 9.60011e-09
40811 1.56001e-08
40813.3 -2.20917e-09
40815.6 -1.64282e-08
40817.9 -5.01776e-09
40820.4 1.54648e-08
40823 6.42686e-09
40825.6 -1.49148e-08
40828.1 -7.78913e-09
40830.7 1.42405e-08
40833 1.13114e-08
40835.3 -9.99658e-09
40837.5 -1.54238e-08
40839.8 2.69623e-09
40842.1 1.64433e-08
40844.3 4.74213e-09
40846.9 -1.56135e-08
40849.5 -5.79719e-09
40852.1 1.52645e-08
40854.7 6.83172e-09
40857.2 -1.48452e-08
40859.8 -7.84042e-09
40862.4 1.43577e-08
40864.7 1.1249e-08
40867 -1.01294e-08
40869.2 -1.5422e-08
40871.5 2.80473e-09
40873.8 1.64886e-08
40876 4.72904e-09
40878.6 -1.5667e-08
40881.2 -5.75237e-09
40883.8 1.53345e-08
40886.4 6.75674e-09
40889 -1.49362e-08
40891.5 -7.73771e-09
40894.1 1.44738e-08
40896.7 8.69132e-09
40899.3 -1.39486e-08
40901.5 -1.23826e-08
40903.9 8.82105e-09
40906 1.60021e-08
40908.3 -1.16386e-09
40910.6 -1.64382e-08
40912.9 -5.67237e-09
40915.4 1.51464e-08
40917.9 7.84429e-09
40920.5 -1.40415e-08
40922.7 -1.17338e-08
40925.1 9.51467e-09
40927.3 1.56864e-08
40929.6 -2.0226e-09
40931.8 -1.64469e-08
40934.1 -5.19331e-09
40936.6 1.53942e-08
40939.2 6.80578e-09
40941.8 -1.47122e-08
40944.3 -8.34976e-09
40946.9 1.38686e-08
40949.1 1.21444e-08
40951.4 -8.97302e-09
40953.6 -1.58368e-08
40955.9 1.41965e-09
40958.2 1.63663e-08
40960.5 5.48225e-09
40963 -1.51669e-08
40965.5 -7.45049e-09
40968.1 1.42239e-08
40970.4 1.11147e-08
40972.7 -9.65269e-09
40974.8 -1.553e-08
40977.1 2.22953e-09
40979.4 1.6367e-08
40981.7 5.01614e-09
40984.2 -1.53988e-08
40986.8 -6.42462e-09
40989.4 1.48462e-08
40991.9 7.78571e-09
40994.5 -1.4169e-08
40996.8 -1.13123e-08
40999.1 9.89759e-09
41001.3 1.53947e-08
41003.6 -2.58469e-09
41005.9 -1.63729e-08
41008.1 -4.8152e-09
41010.7 1.5504e-08
41013.3 5.96191e-09
41015.8 -1.51037e-08
41018.4 -7.08217e-09
41021 1.46203e-08
41023.6 8.16954e-09
41026.2 -1.40564e-08
41028.4 -1.17221e-08
41030.8 9.45487e-09
41032.9 1.56134e-08
41035.2 -2.00863e-09
41037.5 -1.63677e-08
41039.8 -5.16879e-09
41042.3 1.53239e-08
41044.9 6.7589e-09
41047.4 -1.46546e-08
41050 -8.28298e-09
41052.5 1.38268e-08
41054.8 1.2033e-08
41057.1 -9.01234e-09
41059.3 -1.57379e-08
41061.6 1.51796e-09
41063.9 1.63033e-08
41066.2 5.40033e-09
41068.7 -1.51422e-08
41071.2 -7.28143e-09
41073.8 1.42641e-08
41076.1 1.08305e-08
41078.4 -9.96585e-09
41080.6 -1.53198e-08
41082.9 2.67233e-09
41085.1 1.63293e-08
41087.4 4.73417e-09
41090 -1.54966e-08
41092.5 -5.79455e-09
41095.1 1.51432e-08
41097.7 6.83363e-09
41100.3 -1.47188e-08
41102.9 -7.84672e-09
41105.5 1.42247e-08
41107.7 1.12431e-08
41110.1 -9.98268e-09
41112.3 -1.53555e-08
41114.6 2.6914e-09
41116.8 1.63763e-08
41119.1 4.76409e-09
41121.7 -1.55324e-08
41124.2 -5.84774e-09
41126.8 1.51675e-08
41129.4 6.90882e-09
41132 -1.47288e-08
41134.6 -7.94243e-09
41137.1 1.42175e-08
41139.4 1.13883e-08
41141.8 -9.87034e-09
41143.9 -1.54616e-08
41146.2 2.50684e-09
41148.5 1.64118e-08
41150.8 4.90495e-09
41153.3 -1.55022e-08
41155.9 -6.15483e-09
41158.5 1.50461e-08
41161 7.37129e-09
41163.6 -1.44918e-08
41166.2 -8.54613e-09
41168.8 1.38423e-08
41171 1.22472e-08
41173.3 -8.83588e-09
41175.5 -1.58728e-08
41177.8 1.26618e-09
41180.1 1.63461e-08
41182.4 5.56474e-09
41184.9 -1.51086e-08
41187.4 -7.61824e-09
41190 1.40972e-08
41192.3 1.13601e-08
41194.5 -9.29513e-09
41196.7 -1.56595e-08
41199 1.81297e-09
41201.3 1.63361e-08
41203.6 5.22744e-09
41206.1 -1.52671e-08
41208.7 -6.89207e-09
41211.2 1.45474e-08
41213.8 8.48174e-09
41216.3 -1.36538e-08
41218.5 -1.22942e-08
41220.9 8.65031e-09
41223.1 1.5825e-08
41225.4 -1.16152e-09
41227.7 -1.62564e-08
41229.9 -5.52119e-09
41232.5 1.50434e-08
41235 7.53952e-09
41237.5 -1.40563e-08
41239.8 -1.12193e-08
41242.1 9.38801e-09
41244.3 1.55213e-08
41246.6 -2.02634e-09
41248.9 -1.6274e-08
41251.1 -5.03267e-09
41253.7 1.53028e-08
41256.3 6.45947e-09
41258.8 -1.47366e-08
41261.4 -7.8368e-09
41264 1.40416e-08
41266.2 1.13503e-08
41268.6 -9.77224e-09
41270.8 -1.53423e-08
41273.1 2.55455e-09
41275.3 1.62998e-08
41277.6 4.73118e-09
41280.2 -1.54774e-08
41282.8 -5.75759e-09
41285.3 1.51397e-08
41287.9 6.76455e-09
41290.5 -1.4735e-08
41293.1 -7.74756e-09
41295.7 1.42649e-08
41298 1.10659e-08
41300.3 -1.01837e-08
41302.5 -1.52295e-08
41304.8 3.01683e-09
41307.1 1.63722e-08
41309.3 4.50452e-09
41311.9 -1.56635e-08
41314.5 -5.19369e-09
41317.1 1.54862e-08
41319.7 5.8774e-09
41322.3 -1.52788e-08
41324.9 -6.55402e-09
41327.5 1.50415e-08
41330.1 7.22252e-09
41332.7 -1.47746e-08
41335.4 -7.88141e-09
41338 1.44785e-08
41340.3 1.0728e-08
41341.4 9.20004e-10
