0 0
0 0
0 0
0 0
0 0
0 0
0 0
0 0
0 0
0 0
0 0
0 0
0 0
0 0
0 0
0 0
0 0
0 0
0 0
0 0
0 0
0 0
0 0
0 0
0 0
0 0
0 0
0 0
0 0
0 0
0 0
0 0
0 0
0 0
0 0
0 0
0 0
0 0
0 0
0 0
0 0
0 0
0 0
0 0
0 0
0 0
0 0
0 0
0 0
0 0
0 0
0 0
0 0
0 0
0 0
0 0
0 0
0 0
0 0
0 0
0 0
0 0
0 0
0 0
0 0
0 0
0 0
0 0
0 0
0 0
0 0
0 0
0 0
0 0
0 0
0 0
0 0
0 0
0 0
0 0
0 0
0 0
0 0
0 0
0 0
0 0
0 0
0 0
0 0
0 0
0 0
0 0
0 0
0 0
0 0
0 0
0 0
0 0
0 0
0 0
0 0
0 0
0 0
0 0
0 0
0 0
0 0
0 0
0 0
0 0
0 0
0 0
0 0
0 0
0 0
0 0
0 0
0 0
0 0
0 0
0 0
0 0
0 0
0 0
0 0
0 0
0 0
0 0
0 0
0 0
0 0
0 0
0 0
0 0
0 0
0 0
0 0
0 0
0 0
0 0
0 0
0.00814305 0
0.0182264 0
0.0276956 0
0.0182264 0
0.00814305 0
0.00557247 0
0.0444902 0
0.0511658 0
0.0327145 0
0.01743 0
0.0723326 0
0.0732101 0
0.0462415 0
0.0270156 0
0.0953899 0
0.088828 0
0.0558148 0
0.0349197 0
0.108404 0
0.0944625 0
0.0592677 0
0.0393767 0
0.108404 0
0.088828 0
0.0558148 0
0.0393767 0
0.0953899 0
0.0732101 0
0.0462415 0
0.0349197 0
0.0723326 0
0.0511658 0
0.0327145 0
0.0270156 0
0.0444902 0
0.0276956 0
0.0182264 0
0.01743 0
0.0182264 0
0.00814305 0
0.00557247 0
0.00814305 0
0.01743 0
0.0327145 0
0.0511658 0
0.0723326 0
0.0870234 0
0.10967 0
0.116749 0
0.13615 0
0.133532 0
0.145706 0
0.133532 0
0.13615 0
0.116749 0
0.10967 0
0.0870234 0
0.0723326 0
0.0511658 0
0.0327145 0
0.01743 0
0.0270156 0
0.0462415 0
0.0732101 0
0.0953899 0
0.116749 0
0.13615 0
0.147632 0
0.159169 0
0.158778 0
0.159169 0
0.147632 0
0.13615 0
0.116749 0
0.0953899 0
0.0732101 0
0.0462415 0
0.0270156 0
0.0349197 0
0.0558148 0
0.088828 0
0.108404 0
0.133532 0
0.145706 0
0.158778 0
0.159169 0
0.158778 0
0.145706 0
0.133532 0
0.108404 0
0.088828 0
0.0558148 0
0.0349197 0
0.0393767 0
0.0592677 0
0.0944625 0
0.108404 0
0.133532 0
0.13615 0
0.147632 0
0.13615 0
0.133532 0
0.108404 0
0.0944625 0
0.0592677 0
0.0393767 0
0.0393767 0
0.0558148 0
0.088828 0
0.0953899 0
0.116749 0
0.10967 0
0.116749 0
0.0953899 0
0.088828 0
0.0558148 0
0.0393767 0
0.0349197 0
0.0462415 0
0.0732101 0
0.0723326 0
0.0870234 0
0.0723326 0
0.0732101 0
0.0462415 0
0.0349197 0
0.0270156 0
0.0327145 0
0.0511658 0
0.0444902 0
0.0511658 0
0.0327145 0
0.0270156 0
0.01743 0
0.0182264 0
0.0276956 0
0.0182264 0
0.01743 0
0.00814305 0
0.00557247 0
0.00814305 0
0.00814305 0
0.0182264 0
0.0276956 0
0.0182264 0
0.00814305 0
0.00557247 0
0.0444902 0
0.0511658 0
0.0327145 0
0.01743 0
0.0723326 0
0.0732101 0
0.0462415 0
0.0270156 0
0.0953899 0
0.088828 0
0.0558148 0
0.0349197 0
0.108404 0
0.0944625 0
0.0592677 0
0.0393767 0
0.108404 0
0.088828 0
0.0558148 0
0.0393767 0
0.0953899 0
0.0732101 0
0.0462415 0
0.0349197 0
0.0723326 0
0.0511658 0
0.0327145 0
0.0270156 0
0.0444902 0
0.0276956 0
0.0182264 0
0.01743 0
0.0182264 0
0.00814305 0
0.00557247 0
0.00814305 0
0.01743 0
0.0327145 0
0.0511658 0
0.0723326 0
0.0870234 0
0.10967 0
0.116749 0
0.13615 0
0.133532 0
0.145706 0
0.133532 0
0.13615 0
0.116749 0
0.10967 0
0.0870234 0
0.0723326 0
0.0511658 0
0.0327145 0
0.01743 0
0.0270156 0
0.0462415 0
0.0732101 0
0.0953899 0
0.116749 0
0.13615 0
0.147632 0
0.159169 0
0.158778 0
0.159169 0
0.147632 0
0.13615 0
0.116749 0
0.0953899 0
0.0732101 0
0.0462415 0
0.0270156 0
0.0349197 0
0.0558148 0
0.088828 0
0.108404 0
0.133532 0
0.145706 0
0.158778 0
0.159169 0
0.158778 0
0.145706 0
0.133532 0
0.108404 0
0.088828 0
0.0558148 0
0.0349197 0
0.0393767 0
0.0592677 0
0.0944625 0
0.108404 0
0.133532 0
0.13615 0
0.147632 0
0.13615 0
0.133532 0
0.108404 0
0.0944625 0
0.0592677 0
0.0393767 0
0.0393767 0
0.0558148 0
0.088828 0
0.0953899 0
0.116749 0
0.10967 0
0.116749 0
0.0953899 0
0.088828 0
0.0558148 0
0.0393767 0
0.0349197 0
0.0462415 0
0.0732101 0
0.0723326 0
0.0870234 0
0.0723326 0
0.0732101 0
0.0462415 0
0.0349197 0
0.0270156 0
0.0327145 0
0.0511658 0
0.0444902 0
0.0511658 0
0.0327145 0
0.0270156 0
0.01743 0
0.0182264 0
0.0276956 0
0.0182264 0
0.01743 0
0.00814305 0
0.00557247 0
0.00814305 0
0 0
0 0
0 0
0 0
0 0
0 0
0 0
0 0
0 0
0 0
0 0
0 0
0 0
0 0
0 0
0 0
0 0
0 0
0 0
0 0
0 0
0 0
0 0
0 0
0 0
0 0
0 0
0 0
0 0
0 0
0 0
0 0
0 0
0 0
0 0
0 0
0 0
0 0
0 0
0 0
0 0
0 0
0 0
0 0
0 0
0 0
0 0
0 0
0 0
0 0
0 0
0 0
0 0
0 0
0 0
0 0
0 0
0 0
0 0
0 0
0 0
0 0
0 0
0 0
0 0
0 0
0 0
0 0
0 0
0 0
0 0
0 0
0 0
0 0
0 0
0 0
0 0
0 0
0 0
0 0
0 0
0 0
0 0
0 0
0 0
0 0
0 0
0 0
0 0
0 0
0 0
0 0
0 0
0 0
0 0
0 0
0 0
0 0
0 0
0 0
0 0
0 0
0 0
0 0
0 0
0 0
0 0
0 0
0 0
0 0
0 0
0 0
0 0
0 0
0 0
0 0
0 0
0 0
0 0
0 0
0 0
0 0
0 0
0 0
0 0
0 0
0 0
0 0
0 0
0 0
0 0
0 0
0 0
0 0
0 0
0 0
0 0
0 0
0 0
0 0
0 0
0 0
0 0
0 0
0 0
0 0
0 0
0 0
0 0
0 0
0 0
0 0
0 0
0 0
0 0
0 0
0 0
0 0
0 0
0 0
0 0
0 0
0 0
0 0
0 0
0 0
0 0
0 0
0 0
0 0
0 0
0 0
0 0
0 0
0 0
0 0
0 0
0 0
0 0
0 0
0 0
0 0
0 0
0 0
0 0
0 0
0 0
0 0
0 0
0 0
0 0
0 0
0 0
0 0
0 0
0 0
0 0
0 0
0 0
0 0
0 0
0 0
0 0
0 0
0 0
0 0
0 0
0 0
0 0
0 0
0 0
0 0
0 0
0 0
0 0
0 0
0 0
0 0
0 0
0 0
0 0
0 0
0 0
0 0
0 0
0 0
0 0
0 0
0 0
0 0
0 0
0 0
0 0
0 0
0 0
0 0
0 0
0 0
0 0
0 0
0 0
0 0
0 0
0 0
0 0
0 0
0 0
0 0
0 0
0 0
0 0
0 0
0 0
0 0
0 0
0 0
0 0
0 0
0 0
0 0
0 0
0 0
0 0
0 0
0 0
0 0
0 0
0 0
0 0
0 0
0 0
0 0
0 0
0 0
0 0
0 0
0 0
0 0
0 0
0 0
0 0
0 0
1.95743e-05 0
-0.000223357 0
0.00121007 0
0.00188274 0
0.000766214 0
0.000278572 0
0.00175396 0
0.00786334 0
0.00752314 0
0.0033345 0
0.0129036 0
0.0260336 0
0.0207501 0
0.0100232 0
0.0397813 0
0.0581907 0
0.0426453 0
0.0224745 0
0.0817163 0
0.0985627 0
0.0691346 0
0.0396274 0
0.127172 0
0.133076 0
0.0911501 0
0.056823 0
0.157056 0
0.145316 0
0.0984468 0
0.0672145 0
0.154401 0
0.125861 0
0.0853705 0
0.0651656 0
0.115255 0
0.0795155 0
0.0550586 0
0.0497839 0
0.0539817 0
0.0256267 0
0.0183053 0
0.0260085 0
-0.00185969 0
-0.0050224 0
-0.00412589 0
-0.00836975 0
0.00250114 0
0.0025213 0
0.0279895 0
0.0366496 0
0.0737498 0
0.0896655 0
0.127085 0
0.141639 0
0.164626 0
0.165678 0
0.164353 0
0.143523 0
0.119731 0
0.0789557 0
0.047128 0
-0.00818149 0
-0.0180557 0
-0.0219844 0
-0.0355876 0
-0.0233787 0
-0.0328797 0
0.00164084 0
0.000858522 0
0.0520916 0
0.0564145 0
0.107822 0
0.106087 0
0.13836 0
0.118517 0
0.120763 0
0.0786043 0
0.055857 0
-0.0207652 0
-0.0405181 0
-0.0550214 0
-0.0790971 0
-0.0710082 0
-0.0883214 0
-0.0513107 0
-0.0572731 0
-0.000780852 0
-0.00134408 0
0.0530659 0
0.0449438 0
0.0751877 0
0.0486264 0
0.0451049 0
-0.0385059 0
-0.0680983 0
-0.0970852 0
-0.12666 0
-0.126816 0
-0.142737 0
-0.109463 0
-0.10876 0
-0.0560764 0
-0.048075 0
-0.00147745 0
-0.00103633 0
0.0168713 0
-0.0564987 0
-0.0912716 0
-0.133378 0
-0.158299 0
-0.16635 0
-0.168199 0
-0.141247 0
-0.121468 0
-0.0780548 0
-0.0506319 0
-0.0183171 0
-0.0675794 0
-0.0993544 0
-0.146797 0
-0.156427 0
-0.166854 0
-0.146031 0
-0.123332 0
-0.0803911 0
-0.0464493 0
-0.0658802 0
-0.0864788 0
-0.127594 0
-0.117009 0
-0.121736 0
-0.0803481 0
-0.0569841 0
-0.0504625 0
-0.0558645 0
-0.0807256 0
-0.0548353 0
-0.0479242 0
-0.0263929 0
-0.0185839 0
-0.026028 0
0.0300419 0
0.0634416 0
0.0925228 0
0.0634357 0
0.0300398 0
0.0212997 0
0.134108 0
0.142867 0
0.0955859 0
0.0563752 0
0.1733 0
0.154735 0
0.102952 0
0.0703844 0
0.16022 0
0.121008 0
0.0812044 0
0.0652859 0
0.0999106 0
0.0562098 0
0.0394271 0
0.0427654 0
0.0192173 0
-0.0119293 0
-0.00490164 0
0.0122397 0
-0.0479655 0
-0.0570155 0
-0.0349751 0
-0.0141368 0
-0.077887 0
-0.0666042 0
-0.0426092 0
-0.0275046 0
-0.067379 0
-0.0464855 0
-0.0309624 0
-0.0260821 0
-0.0327835 0
-0.015416 0
-0.0107014 0
-0.0147704 0
0.0563897 0
0.095621 0
0.1429 0
0.173359 0
0.191238 0
0.192779 0
0.176203 0
0.144028 0
0.104608 0
0.0511357 0
0.00992723 0
-0.0423506 0
-0.0663551 0
-0.0968565 0
-0.096082 0
-0.096282 0
-0.0769712 0
-0.0534573 0
-0.0305735 0
0.0704353 0
0.103061 0
0.154869 0
0.160431 0
0.176346 0
0.144222 0
0.12546 0
0.0656429 0
0.0297075 0
-0.0329804 0
-0.0630336 0
-0.102472 0
-0.110773 0
-0.113137 0
-0.0985366 0
-0.0685304 0
-0.0432462 0
0.0654069 0
0.0814369 0
0.121324 0
0.10036 0
0.105012 0
0.0516334 0
0.0299967 0
-0.0326625 0
-0.0597042 0
-0.102769 0
-0.115245 0
-0.119838 0
-0.109824 0
-0.0768128 0
-0.051526 0
0.0429839 0
0.0398108 0
0.0567569 0
0.0199271 0
0.0106372 0
-0.0415554 0
-0.062426 0
-0.101872 0
-0.11494 0
-0.119578 0
-0.112967 0
-0.0792379 0
-0.055322 0
0.0125566 0
-0.00439153 0
-0.0111842 0
-0.0470837 0
-0.0654296 0
-0.0959229 0
-0.109991 0
-0.112466 0
-0.109395 0
-0.0765353 0
-0.0552236 0
-0.0137599 0
-0.034422 0
-0.0561986 0
-0.0770179 0
-0.0951559 0
-0.0954724 0
-0.097854 0
-0.0680858 0
-0.05127 0
-0.0271382 0
-0.0421286 0
-0.0658954 0
-0.0667295 0
-0.076296 0
-0.0530118 0
-0.0429307 0
-0.0258017 0
-0.0306522 0
-0.0460374 0
-0.0324792 0
-0.0303077 0
-0.0146238 0
-0.0105983 0
-0.0152715 0
0 0
0 0
0 0
0 0
0 0
0 0
0 0
0 0
0 0
0 0
0 0
0 0
0 0
0 0
0 0
0 0
0 0
0 0
0 0
0 0
0 0
0 0
0 0
0 0
0 0
0 0
0 0
0 0
0 0
0 0
0 0
0 0
0 0
0 0
0 0
0 0
0 0
0 0
0 0
0 0
0 0
0 0
0 0
0 0
0 0
0 0
0 0
0 0
0 0
0 0
0 0
0 0
0 0
0 0
0 0
0 0
0 0
0 0
0 0
0 0
0 0
0 0
0 0
0 0
0 0
0 0
0 0
0 0
0 0
0 0
0 0
0 0
0 0
0 0
0 0
0 0
0 0
0 0
0 0
0 0
0 0
0 0
0 0
0 0
0 0
0 0
0 0
0 0
0 0
0 0
0 0
0 0
0 0
0 0
0 0
0 0
0 0
0 0
0 0
0 0
0 0
0 0
0 0
0 0
0 0
0 0
0 0
0 0
0 0
0 0
0 0
0 0
0 0
0 0
0 0
0 0
0 0
0 0
0 0
0 0
0 0
0 0
0 0
0 0
0 0
0 0
0 0
0 0
0 0
0 0
0 0
0 0
0 0
0 0
0 0
0 0
0 0
0 0
0 0
0 0
0 0
0 0
0 0
0 0
0 0
0 0
0 0
0 0
0 0
0 0
0 0
0 0
0 0
0 0
0 0
0 0
0 0
0 0
0 0
0 0
0 0
0 0
0 0
0 0
0 0
0 0
0 0
0 0
0 0
0 0
0 0
0 0
0 0
0 0
0 0
0 0
0 0
0 0
0 0
0 0
0 0
0 0
0 0
0 0
0 0
0 0
0 0
0 0
0 0
0 0
0 0
0 0
0 0
0 0
0 0
0 0
0 0
0 0
0 0
0 0
0 0
0 0
0 0
0 0
0 0
0 0
0 0
0 0
0 0
0 0
0 0
0 0
0 0
0 0
0 0
0 0
0 0
0 0
0 0
0 0
0 0
0 0
0 0
0 0
0 0
0 0
0 0
0 0
0 0
0 0
0 0
0 0
0 0
0 0
0 0
0 0
0 0
0 0
0 0
0 0
0 0
0 0
0 0
0 0
0 0
0 0
0 0
0 0
0 0
0 0
0 0
0 0
0 0
0 0
0 0
0 0
0 0
0 0
0 0
0 0
0 0
0 0
0 0
0 0
0 0
0 0
0 0
0 0
0 0
0 0
0 0
0 0
0 0
0 0
0 0
0 0
0 0
0 0
0 0
0 0
0 0
0 0
0.0300433 0
0.0634473 0
0.0925153 0
0.0634197 0
0.0300335 0
0.021298 0
0.134098 0
0.142793 0
0.0955136 0
0.0563439 0
0.173176 0
0.154476 0
0.102745 0
0.070285 0
0.15982 0
0.120416 0
0.0807701 0
0.0650583 0
0.0990755 0
0.0551992 0
0.0387182 0
0.0423602 0
0.0179106 0
-0.0132984 0
-0.00583922 0
0.011656 0
-0.0495831 0
-0.0585128 0
-0.0359893 0
-0.0148288 0
-0.0794789 0
-0.0679019 0
-0.0434893 0
-0.0281762 0
-0.0685677 0
-0.0473056 0
-0.0315302 0
-0.0265954 0
-0.0333404 0
-0.0156803 0
-0.0108902 0
-0.0150386 0
0.0564118 0
0.0956777 0
0.14295 0
0.173455 0
0.191222 0
0.192764 0
0.175924 0
0.143659 0
0.103855 0
0.0502164 0
0.00862091 0
-0.0438094 0
-0.0680515 0
-0.0985653 0
-0.0977772 0
-0.097763 0
-0.0782065 0
-0.054272 0
-0.0310597 0
0.0705232 0
0.103252 0
0.155104 0
0.160806 0
0.176596 0
0.144568 0
0.125449 0
0.0656376 0
0.0291734 0
-0.0335623 0
-0.0641457 0
-0.103569 0
-0.112202 0
-0.114362 0
-0.0997836 0
-0.0693424 0
-0.0438229 0
0.0656238 0
0.0818579 0
0.121897 0
0.101179 0
0.105748 0
0.0525444 0
0.0305259 0
-0.0320753 0
-0.0596994 0
-0.102761 0
-0.115797 0
-0.120306 0
-0.110603 0
-0.0773169 0
-0.0519926 0
0.0433821 0
0.0405132 0
0.0577582 0
0.0212306 0
0.0119419 0
-0.0400898 0
-0.0613036 0
-0.100759 0
-0.114369 0
-0.11909 0
-0.112957 0
-0.0792315 0
-0.0554984 0
0.0131382 0
-0.00345319 0
-0.00981323 0
-0.0454583 0
-0.0637224 0
-0.0941983 0
-0.108545 0
-0.111223 0
-0.108598 0
-0.0760187 0
-0.0550381 0
-0.0130657 0
-0.0334022 0
-0.054692 0
-0.0754134 0
-0.0934451 0
-0.0939757 0
-0.0965909 0
-0.0672628 0
-0.0507951 0
-0.0264622 0
-0.0412416 0
-0.0645868 0
-0.0655298 0
-0.0750482 0
-0.0521884 0
-0.042347 0
-0.0252842 0
-0.0300794 0
-0.0452097 0
-0.0319171 0
-0.0298165 0
-0.0143532 0
-0.0104077 0
-0.0150047 0
0.000289353 0
0.000875755 0
-0.000258704 0
-0.00123052 0
-0.000457348 0
-5.95565e-05 0
-0.000374983 0
-0.00639462 0
-0.0065406 0
-0.00275496 0
-0.0111222 0
-0.0244438 0
-0.0196925 0
-0.00929997 0
-0.0381358 0
-0.0569495 0
-0.0418125 0
-0.0218043 0
-0.0806932 0
-0.0979899 0
-0.0687328 0
-0.0391897 0
-0.126981 0
-0.133206 0
-0.0912053 0
-0.0567001 0
-0.157557 0
-0.14591 0
-0.0988117 0
-0.0673634 0
-0.15521 0
-0.126553 0
-0.0858132 0
-0.0654519 0
-0.115954 0
-0.0799978 0
-0.0553799 0
-0.0500548 0
-0.0543217 0
-0.0257866 0
-0.0184163 0
-0.0261617 0
0.00243966 0
0.00600596 0
0.00559558 0
0.0101529 0
-0.000534723 0
-0.000539033 0
-0.0261791 0
-0.0351705 0
-0.072678 0
-0.0891444 0
-0.126989 0
-0.142082 0
-0.165317 0
-0.166682 0
-0.165349 0
-0.144521 0
-0.120529 0
-0.0795096 0
-0.0474449 0
0.00890622 0
0.0191165 0
0.0235781 0
0.0372392 0
0.0251933 0
0.0343645 0
-0.000350799 0
-0.000183545 0
-0.0517889 0
-0.0567567 0
-0.108476 0
-0.107146 0
-0.139506 0
-0.119687 0
-0.121783 0
-0.0793132 0
-0.0563047 0
0.0214389 0
0.0413577 0
0.0562719 0
0.0801333 0
0.0720919 0
0.088857 0
0.0516219 0
0.0569402 0
0.00016694 0
0.000287354 0
-0.0542538 0
-0.0461785 0
-0.0763211 0
-0.0494188 0
-0.0456371 0
0.03895 0
0.0685113 0
0.097674 0
0.126872 0
0.126932 0
0.142317 0
0.108827 0
0.107718 0
0.0548974 0
0.0468479 0
0.000315868 0
0.000221558 0
-0.0174411 0
0.0566308 0
0.0912313 0
0.133271 0
0.157823 0
0.165685 0
0.167221 0
0.140124 0
0.120318 0
0.076934 0
0.0498476 0
0.0177502 0
0.0674414 0
0.0990057 0
0.146227 0
0.155643 0
0.165884 0
0.145057 0
0.122332 0
0.0796952 0
0.0459246 0
0.0656047 0
0.0860502 0
0.126923 0
0.116329 0
0.120957 0
0.0798073 0
0.0565456 0
0.0501998 0
0.0555522 0
0.0802565 0
0.0545042 0
0.0476151 0
0.0262439 0
0.0184759 0
0.0258724 0
0 0
0 0
0 0
0 0
0 0
0 0
0 0
0 0
0 0
0 0
0 0
0 0
0 0
0 0
0 0
0 0
0 0
0 0
0 0
0 0
0 0
0 0
0 0
0 0
0 0
0 0
0 0
0 0
0 0
0 0
0 0
0 0
0 0
0 0
0 0
0 0
0 0
0 0
0 0
0 0
0 0
0 0
0 0
0 0
0 0
0 0
0 0
0 0
0 0
0 0
0 0
0 0
0 0
0 0
0 0
0 0
0 0
0 0
0 0
0 0
0 0
0 0
0 0
0 0
0 0
0 0
0 0
0 0
0 0
0 0
0 0
0 0
0 0
0 0
0 0
0 0
0 0
0 0
0 0
0 0
0 0
0 0
0 0
0 0
0 0
0 0
0 0
0 0
0 0
0 0
0 0
0 0
0 0
0 0
0 0
0 0
0 0
0 0
0 0
0 0
0 0
0 0
0 0
0 0
0 0
0 0
0 0
0 0
0 0
0 0
0 0
0 0
0 0
0 0
0 0
0 0
0 0
0 0
0 0
0 0
0 0
0 0
0 0
0 0
0 0
0 0
0 0
0 0
0 0
0 0
0 0
0 0
0 0
0 0
0 0
0 0
0 0
0 0
0 0
0 0
0 0
0 0
0 0
0 0
0 0
0 0
0 0
0 0
0 0
0 0
0 0
0 0
0 0
0 0
0 0
0 0
0 0
0 0
0 0
0 0
0 0
0 0
0 0
0 0
0 0
0 0
0 0
0 0
0 0
0 0
0 0
0 0
0 0
0 0
0 0
0 0
0 0
0 0
0 0
0 0
0 0
0 0
0 0
0 0
0 0
0 0
0 0
0 0
0 0
0 0
0 0
0 0
0 0
0 0
0 0
0 0
0 0
0 0
0 0
0 0
0 0
0 0
0 0
0 0
0 0
0 0
0 0
0 0
0 0
0 0
0 0
0 0
0 0
0 0
0 0
0 0
0 0
0 0
0 0
0 0
0 0
0 0
0 0
0 0
0 0
0 0
0 0
0 0
0 0
0 0
0 0
0 0
0 0
0 0
0 0
0 0
0 0
0 0
0 0
0 0
0 0
0 0
0 0
0 0
0 0
0 0
0 0
0 0
0 0
0 0
0 0
0 0
0 0
0 0
0 0
0 0
0 0
0 0
0 0
0 0
0 0
0 0
0 0
0 0
0 0
0 0
0 0
0 0
0 0
0 0
0 0
0 0
0 0
0 0
0 0
0 0
0 0
0 0
0 0
0 0
0 0
0 0
0.047451 0
0.0926641 0
0.127677 0
0.0926641 0
0.047451 0
0.0352146 0
0.158755 0
0.150081 0
0.108376 0
0.0745986 0
0.137332 0
0.0956921 0
0.0732378 0
0.0673903 0
0.0473166 0
0.0125966 0
0.0191746 0
0.0342908 0
-0.0325439 0
-0.0264792 0
-0.00627253 0
0.00478748 0
-0.0325439 0
0.0125966 0
0.0191746 0
0.00478748 0
0.0473166 0
0.0956921 0
0.0732378 0
0.0342908 0
0.137332 0
0.150081 0
0.108376 0
0.0673903 0
0.158755 0
0.127677 0
0.0926641 0
0.0745986 0
0.0926641 0
0.047451 0
0.0352146 0
0.047451 0
0.0745986 0
0.108376 0
0.150081 0
0.137332 0
0.124331 0
0.0604041 0
0.0192277 0
-0.0559027 0
-0.0738221 0
-0.110501 0
-0.0738221 0
-0.0559027 0
0.0192277 0
0.0604041 0
0.124331 0
0.137332 0
0.150081 0
0.108376 0
0.0745986 0
0.0673903 0
0.0732378 0
0.0956921 0
0.0473166 0
0.0192277 0
-0.0559027 0
-0.0960614 0
-0.147076 0
-0.150152 0
-0.147076 0
-0.0960614 0
-0.0559027 0
0.0192277 0
0.0473166 0
0.0956921 0
0.0732378 0
0.0673903 0
0.0342908 0
0.0191746 0
0.0125966 0
-0.0325439 0
-0.0738221 0
-0.110501 0
-0.150152 0
-0.147076 0
-0.150152 0
-0.110501 0
-0.0738221 0
-0.0325439 0
0.0125966 0
0.0191746 0
0.0342908 0
0.00478748 0
-0.00627253 0
-0.0264792 0
-0.0325439 0
-0.0738221 0
-0.0559027 0
-0.0960614 0
-0.0559027 0
-0.0738221 0
-0.0325439 0
-0.0264792 0
-0.00627253 0
0.00478748 0
0.00478748 0
0.0191746 0
0.0125966 0
0.0473166 0
0.0192277 0
0.0604041 0
0.0192277 0
0.0473166 0
0.0125966 0
0.0191746 0
0.00478748 0
0.0342908 0
0.0732378 0
0.0956921 0
0.137332 0
0.124331 0
0.137332 0
0.0956921 0
0.0732378 0
0.0342908 0
0.0673903 0
0.108376 0
0.150081 0
0.158755 0
0.150081 0
0.108376 0
0.0673903 0
0.0745986 0
0.0926641 0
0.127677 0
0.0926641 0
0.0745986 0
0.047451 0
0.0352146 0
0.047451 0
0.047451 0
0.0926641 0
0.127677 0
0.0926641 0
0.047451 0
0.0352146 0
0.158755 0
0.150081 0
0.108376 0
0.0745986 0
0.137332 0
0.0956921 0
0.0732378 0
0.0673903 0
0.0473166 0
0.0125966 0
0.0191746 0
0.0342908 0
-0.0325439 0
-0.0264792 0
-0.00627253 0
0.00478748 0
-0.0325439 0
0.0125966 0
0.0191746 0
0.00478748 0
0.0473166 0
0.0956921 0
0.0732378 0
0.0342908 0
0.137332 0
0.150081 0
0.108376 0
0.0673903 0
0.158755 0
0.127677 0
0.0926641 0
0.0745986 0
0.0926641 0
0.047451 0
0.0352146 0
0.047451 0
0.0745986 0
0.108376 0
0.150081 0
0.137332 0
0.124331 0
0.0604041 0
0.0192277 0
-0.0559027 0
-0.0738221 0
-0.110501 0
-0.0738221 0
-0.0559027 0
0.0192277 0
0.0604041 0
0.124331 0
0.137332 0
0.150081 0
0.108376 0
0.0745986 0
0.0673903 0
0.0732378 0
0.0956921 0
0.0473166 0
0.0192277 0
-0.0559027 0
-0.0960614 0
-0.147076 0
-0.150152 0
-0.147076 0
-0.0960614 0
-0.0559027 0
0.0192277 0
0.0473166 0
0.0956921 0
0.0732378 0
0.0673903 0
0.0342908 0
0.0191746 0
0.0125966 0
-0.0325439 0
-0.0738221 0
-0.110501 0
-0.150152 0
-0.147076 0
-0.150152 0
-0.110501 0
-0.0738221 0
-0.0325439 0
0.0125966 0
0.0191746 0
0.0342908 0
0.00478748 0
-0.00627253 0
-0.0264792 0
-0.0325439 0
-0.0738221 0
-0.0559027 0
-0.0960614 0
-0.0559027 0
-0.0738221 0
-0.0325439 0
-0.0264792 0
-0.00627253 0
0.00478748 0
0.00478748 0
0.0191746 0
0.0125966 0
0.0473166 0
0.0192277 0
0.0604041 0
0.0192277 0
0.0473166 0
0.0125966 0
0.0191746 0
0.00478748 0
0.0342908 0
0.0732378 0
0.0956921 0
0.137332 0
0.124331 0
0.137332 0
0.0956921 0
0.0732378 0
0.0342908 0
0.0673903 0
0.108376 0
0.150081 0
0.158755 0
0.150081 0
0.108376 0
0.0673903 0
0.0745986 0
0.0926641 0
0.127677 0
0.0926641 0
0.0745986 0
0.047451 0
0.0352146 0
0.047451 0
0 0
0 0
0 0
0 0
0 0
0 0
0 0
0 0
0 0
0 0
0 0
0 0
0 0
0 0
0 0
0 0
0 0
0 0
0 0
0 0
0 0
0 0
0 0
0 0
0 0
0 0
0 0
0 0
0 0
0 0
0 0
0 0
0 0
0 0
0 0
0 0
0 0
0 0
0 0
0 0
0 0
0 0
0 0
0 0
0 0
0 0
0 0
0 0
0 0
0 0
0 0
0 0
0 0
0 0
0 0
0 0
0 0
0 0
0 0
0 0
0 0
0 0
0 0
0 0
0 0
0 0
0 0
0 0
0 0
0 0
0 0
0 0
0 0
0 0
0 0
0 0
0 0
0 0
0 0
0 0
0 0
0 0
0 0
0 0
0 0
0 0
0 0
0 0
0 0
0 0
0 0
0 0
0 0
0 0
0 0
0 0
0 0
0 0
0 0
0 0
0 0
0 0
0 0
0 0
0 0
0 0
0 0
0 0
0 0
0 0
0 0
0 0
0 0
0 0
0 0
0 0
0 0
0 0
0 0
0 0
0 0
0 0
0 0
0 0
0 0
0 0
0 0
0 0
0 0
0 0
0 0
0 0
0 0
0 0
0 0
0 0
0 0
0 0
0 0
0 0
0 0
-0.0458946 0
-0.0877838 0
-0.12201 0
-0.0909434 0
-0.0470775 0
-0.0348064 0
-0.147175 0
-0.142986 0
-0.106276 0
-0.073834 0
-0.128483 0
-0.0950633 0
-0.0728401 0
-0.0670566 0
-0.0526027 0
-0.0146978 0
-0.0138247 0
-0.0324451 0
0.0271678 0
0.05509 0
0.0411113 0
0.0102154 0
0.0788731 0
0.0982867 0
0.0777748 0
0.0445079 0
0.105888 0
0.119633 0
0.0957189 0
0.0649516 0
0.117949 0
0.119303 0
0.0941766 0
0.071092 0
0.106548 0
0.0883289 0
0.0691955 0
0.0611623 0
0.0601942 0
0.0319687 0
0.0251981 0
0.0353385 0
-0.0665773 0
-0.0900525 0
-0.128127 0
-0.105016 0
-0.105144 0
-0.0473538 0
-0.0307472 0
0.0178269 0
0.0321763 0
0.0409522 0
0.0573032 0
0.0332386 0
0.0649196 0
0.0342818 0
0.0761192 0
0.0510934 0
0.0769702 0
0.0479558 0
0.0404886 0
-0.0458365 0
-0.0323825 0
-0.04724 0
0.0112149 0
0.00940359 0
0.061257 0
0.0461888 0
0.044292 0
0.0199088 0
-0.0320652 0
-0.0334384 0
-0.0904915 0
-0.0494679 0
-0.0759252 0
-0.0166128 0
-0.0195429 0
0.0106371 0
0.00657891 0
0.0499556 0
0.0677929 0
0.119913 0
0.108033 0
0.107399 0
0.0522118 0
-0.0122268 0
-0.0721206 0
-0.148351 0
-0.158808 0
-0.185352 0
-0.136725 0
-0.103932 0
-0.0462257 0
0.0590657 0
0.107816 0
0.144476 0
0.158184 0
0.126631 0
0.0726646 0
-0.0127504 0
-0.0944956 0
-0.165336 0
-0.198786 0
-0.199566 0
-0.148927 0
-0.094664 0
0.0844486 0
0.117756 0
0.151423 0
0.128528 0
0.0802151 0
0.013072 0
-0.0743232 0
-0.117103 0
-0.16608 0
-0.12773 0
-0.103574 0
0.0786708 0
0.092383 0
0.111676 0
0.0773897 0
0.029025 0
-0.0129324 0
-0.0723934 0
-0.0633364 0
-0.0715305 0
0.0564195 0
0.0583205 0
0.0660163 0
0.0406276 0
0.00882441 0
-0.00412413 0
-0.0252555 0
0.0333454 0
0.0307491 0
0.0336806 0
0.0185883 0
0.00541502 0
0.0151088 0
0.00960826 0
0.0105561 0
0 0
0 0
0 0
0 0
0 0
0 0
0 0
0 0
0 0
0 0
0 0
0 0
0 0
0 0
0 0
0 0
0 0
0 0
0 0
0 0
0 0
0 0
0 0
0 0
0 0
0 0
0 0
0 0
0 0
0 0
0 0
0 0
0 0
0 0
0 0
0 0
0 0
0 0
0 0
0 0
0 0
0 0
0 0
0 0
0 0
0 0
0 0
0 0
0 0
0 0
0 0
0 0
0 0
0 0
0 0
0 0
0 0
0 0
0 0
0 0
0 0
0 0
0 0
0 0
0 0
0 0
0 0
0 0
0 0
0 0
0 0
0 0
0 0
0 0
0 0
0 0
0 0
0 0
0 0
0 0
0 0
0 0
0 0
0 0
0 0
0 0
0 0
0 0
0 0
0 0
0 0
0 0
0 0
0 0
0 0
0 0
0 0
0 0
0 0
0 0
0 0
0 0
0 0
0 0
0 0
0 0
0 0
0 0
0 0
0 0
0 0
0 0
0 0
0 0
0 0
0 0
0 0
0 0
0 0
0 0
0 0
0 0
0 0
0 0
0 0
0 0
0 0
0 0
0 0
0 0
0 0
0 0
0 0
0 0
0 0
0 0
0 0
0 0
0 0
0 0
0 0
-0.0143082 0
-0.0292181 0
-0.0315512 0
-0.0170001 0
-0.00973407 0
-0.0090008 0
-0.038059 0
-0.00632421 0
0.00598406 0
-0.00412413 0
0.0151822 0
0.0740676 0
0.0646204 0
0.0264325 0
0.118041 0
0.166362 0
0.127992 0
0.0721091 0
0.198341 0
0.198633 0
0.148231 0
0.103411 0
0.184001 0
0.135026 0
0.102587 0
0.0938998 0
0.0740843 0
0.0145223 0
0.0178713 0
0.0450965 0
-0.0531647 0
-0.0790692 0
-0.0496107 0
-0.0118824 0
-0.108428 0
-0.0898877 0
-0.061414 0
-0.0415648 0
-0.0702592 0
-0.0359032 0
-0.0256428 0
-0.0325918 0
-0.0321857 0
-0.0567539 0
-0.0637848 0
-0.0755642 0
-0.0271899 0
-0.0122455 0
0.0748725 0
0.0941982 0
0.164798 0
0.147657 0
0.157829 0
0.0899238 0
0.0483397 0
-0.0348868 0
-0.0774626 0
-0.118861 0
-0.120668 0
-0.09503 0
-0.06188 0
-0.0556262 0
-0.0918306 0
-0.110867 0
-0.128744 0
-0.0803919 0
-0.0737474 0
0.0119442 0
0.0114537 0
0.0717834 0
0.0326311 0
0.0340285 0
-0.0316605 0
-0.0640641 0
-0.104576 0
-0.119361 0
-0.0953916 0
-0.071289 0
-0.078798 0
-0.118648 0
-0.152632 0
-0.160306 0
-0.128541 0
-0.109294 0
-0.0531332 0
-0.0440849 0
-0.0186501 0
-0.038363 0
-0.0545336 0
-0.0756425 0
-0.0959097 0
-0.0759684 0
-0.0641528 0
-0.0854949 0
-0.109719 0
-0.147026 0
-0.122698 0
-0.110265 0
-0.0625376 0
-0.0459728 0
-0.0161764 0
-0.0292887 0
-0.0236942 0
-0.051607 0
-0.0385121 0
-0.0428586 0
-0.0605521 0
-0.0520234 0
-0.0704524 0
-0.0134652 0
-0.0108084 0
0.0471323 0
0.0320522 0
0.0546595 0
0.0176056 0
0.0160615 0
-0.00840493 0
-0.00795627 0
0.0307712 0
0.0452934 0
0.103678 0
0.104652 0
0.128729 0
0.0963444 0
0.0739593 0
0.0337015 0
0.0448564 0
0.0890459 0
0.126992 0
0.146487 0
0.142854 0
0.106365 0
0.0675087 0
0.0660041 0
0.0872593 0
0.121439 0
0.0906321 0
0.0737505 0
0.0456373 0
0.0346436 0
0.0469 0
0 0
0 0
0 0
0 0
0 0
0 0
0 0
0 0
0 0
0 0
0 0
0 0
0 0
0 0
0 0
0 0
0 0
0 0
0 0
0 0
0 0
0 0
0 0
0 0
0 0
0 0
0 0
0 0
0 0
0 0
0 0
0 0
0 0
0 0
0 0
0 0
0 0
0 0
0 0
0 0
0 0
0 0
0 0
0 0
0 0
0 0
0 0
0 0
0 0
0 0
0 0
0 0
0 0
0 0
0 0
0 0
0 0
0 0
0 0
0 0
0 0
0 0
0 0
0 0
0 0
0 0
0 0
0 0
0 0
0 0
0 0
0 0
0 0
0 0
0 0
0 0
0 0
0 0
0 0
0 0
0 0
0 0
0 0
0 0
0 0
0 0
0 0
0 0
0 0
0 0
0 0
0 0
0 0
0 0
0 0
0 0
0 0
0 0
0 0
0 0
0 0
0 0
0 0
0 0
0 0
0 0
0 0
0 0
0 0
0 0
0 0
0 0
0 0
0 0
0 0
0 0
0 0
0 0
0 0
0 0
0 0
0 0
0 0
0 0
0 0
0 0
0 0
0 0
0 0
0 0
0 0
0 0
0 0
0 0
0 0
0 0
0 0
0 0
0 0
0 0
0 0
0 0
0 0
0 0
0 0
0 0
0 0
0 0
0 0
0 0
0 0
0 0
0 0
0 0
0 0
0 0
0 0
0 0
0 0
0 0
0 0
0 0
0 0
0 0
0 0
0 0
0 0
0 0
0 0
0 0
0 0
0 0
0 0
0 0
0 0
0 0
0 0
0 0
0 0
0 0
0 0
0 0
0 0
0 0
0 0
0 0
0 0
0 0
0 0
0 0
0 0
0 0
0 0
0 0
0 0
0 0
0 0
0 0
0 0
0 0
0 0
0 0
0 0
0 0
0 0
0 0
0 0
0 0
0 0
0 0
0 0
0 0
0 0
0 0
0 0
0 0
0 0
0 0
0 0
0 0
0 0
0 0
0 0
0 0
0 0
0 0
0 0
0 0
0 0
0 0
0 0
0 0
0 0
0 0
0 0
0 0
0 0
0 0
0 0
0 0
0 0
0 0
0 0
0 0
0 0
0 0
0 0
0 0
0 0
0 0
0 0
0 0
0 0
0 0
0 0
0 0
0 0
0 0
0 0
0 0
0 0
0 0
0 0
0 0
0 0
0 0
0 0
0 0
0 0
0 0
0 0
0 0
0 0
0 0
0 0
0 0
0 0
0 0
0 0
0 0
0 0
0 0
-0.048073 0
-0.0925076 0
-0.125847 0
-0.0918416 0
-0.0478236 0
-0.0359012 0
-0.151805 0
-0.138255 0
-0.0995424 0
-0.0716493 0
-0.117949 0
-0.0683498 0
-0.0500025 0
-0.0559858 0
-0.0146192 0
0.0360761 0
0.0253554 0
-0.00922724 0
0.0856277 0
0.112342 0
0.0838359 0
0.0408784 0
0.130616 0
0.134382 0
0.105055 0
0.0707157 0
0.123281 0
0.118454 0
0.0966578 0
0.0755159 0
0.096467 0
0.0899586 0
0.0748682 0
0.0642149 0
0.0689552 0
0.0571644 0
0.0474925 0
0.0458087 0
0.0362456 0
0.0196746 0
0.0163076 0
0.0238851 0
-0.0731788 0
-0.102962 0
-0.141387 0
-0.122895 0
-0.108452 0
-0.0488433 0
-0.00677609 0
0.0453628 0
0.080304 0
0.0835115 0
0.102167 0
0.0587722 0
0.076462 0
0.0221864 0
0.0492626 0
0.0129331 0
0.0370649 0
0.0171166 0
0.0199774 0
-0.0604584 0
-0.05853 0
-0.0784298 0
-0.0280704 0
-0.0152389 0
0.0362088 0
0.0476417 0
0.0456852 0
0.040599 0
-0.0207519 0
-0.0216406 0
-0.095825 0
-0.066462 0
-0.10389 0
-0.0517815 0
-0.0473585 0
-0.0113218 0
-0.0174526 0
0.011912 0
0.0186891 0
0.0660793 0
0.0643153 0
0.0695061 0
0.0337903 0
-0.0249334 0
-0.0743892 0
-0.153018 0
-0.167858 0
-0.199526 0
-0.159258 0
-0.121983 0
-0.063397 0
0.0305819 0
0.0697761 0
0.0935015 0
0.113899 0
0.0875538 0
0.0504622 0
-0.0260011 0
-0.094981 0
-0.166482 0
-0.196695 0
-0.205843 0
-0.153612 0
-0.103176 0
0.0622972 0
0.0966274 0
0.123182 0
0.118509 0
0.0732381 0
0.0266569 0
-0.0612231 0
-0.0952103 0
-0.153071 0
-0.116967 0
-0.101298 0
0.0726242 0
0.0973609 0
0.120131 0
0.105016 0
0.059189 0
0.0264282 0
-0.0400243 0
-0.0381278 0
-0.0580634 0
0.0673075 0
0.0824258 0
0.10119 0
0.0828496 0
0.0514284 0
0.0280938 0
-0.00375649 0
0.0516718 0
0.055596 0
0.068683 0
0.0450151 0
0.0273701 0
0.0281491 0
0.0195936 0
0.0241878 0
0 0
0 0
0 0
0 0
0 0
0 0
0 0
0 0
0 0
0 0
0 0
0 0
0 0
0 0
0 0
0 0
0 0
0 0
0 0
0 0
0 0
0 0
0 0
0 0
0 0
0 0
0 0
0 0
0 0
0 0
0 0
0 0
0 0
0 0
0 0
0 0
0 0
0 0
0 0
0 0
0 0
0 0
0 0
0 0
0 0
0 0
0 0
0 0
0 0
0 0
0 0
0 0
0 0
0 0
0 0
0 0
0 0
0 0
0 0
0 0
0 0
0 0
0 0
0 0
0 0
0 0
0 0
0 0
0 0
0 0
0 0
0 0
0 0
0 0
0 0
0 0
0 0
0 0
0 0
0 0
0 0
0 0
0 0
0 0
0 0
0 0
0 0
0 0
0 0
0 0
0 0
0 0
0 0
0 0
0 0
0 0
0 0
0 0
0 0
0 0
0 0
0 0
0 0
0 0
0 0
0 0
0 0
0 0
0 0
0 0
0 0
0 0
0 0
0 0
0 0
0 0
0 0
0 0
0 0
0 0
0 0
0 0
0 0
0 0
0 0
0 0
0 0
0 0
0 0
0 0
0 0
0 0
0 0
0 0
0 0
0 0
0 0
0 0
0 0
0 0
0 0
-0.000174777 0
0.0014303 0
-0.00665024 0
-0.011172 0
-0.00489275 0
-0.00189715 0
-0.00802192 0
-0.0370227 0
-0.0377063 0
-0.0182988 0
-0.053164 0
-0.0992539 0
-0.0835538 0
-0.0453967 0
-0.128402 0
-0.163067 0
-0.126215 0
-0.0785319 0
-0.180956 0
-0.172827 0
-0.128973 0
-0.0955358 0
-0.151713 0
-0.0991658 0
-0.0744081 0
-0.0761407 0
-0.0387632 0
0.0221734 0
0.0117792 0
-0.0234467 0
0.0862119 0
0.111322 0
0.0756651 0
0.0327369 0
0.135478 0
0.112312 0
0.0793988 0
0.0580519 0
0.0851232 0
0.0438629 0
0.0320399 0
0.0417198 0
0.0106455 0
0.0270052 0
0.0222454 0
0.0404369 0
-0.00573098 0
-0.00258106 0
-0.0806559 0
-0.0844589 0
-0.147462 0
-0.128474 0
-0.133251 0
-0.0757425 0
-0.026549 0
0.0435901 0
0.0967873 0
0.128729 0
0.138244 0
0.105059 0
0.0711995 0
0.0392433 0
0.0778185 0
0.0914976 0
0.126146 0
0.0794925 0
0.0887695 0
0.00251756 0
0.00241417 0
-0.0624575 0
-0.0407717 0
-0.0425177 0
0.00294415 0
0.0461962 0
0.0768615 0
0.10882 0
0.0850803 0
0.0711834 0
0.077122 0
0.128184 0
0.165961 0
0.188973 0
0.155104 0
0.13656 0
0.0663885 0
0.0383575 0
-0.003931 0
-0.00808601 0
0.00418567 0
0.0163223 0
0.0502907 0
0.0411489 0
0.047257 0
0.099312 0
0.137091 0
0.183704 0
0.164634 0
0.143276 0
0.0815148 0
0.0400001 0
-0.013027 0
-0.0218534 0
-0.0372601 0
-0.0108775 0
-0.00811742 0
0.0123661 0
0.0831696 0
0.0850657 0
0.112776 0
0.0515403 0
0.0344597 0
-0.041009 0
-0.0529435 0
-0.0873827 0
-0.0667953 0
-0.0537759 0
-0.0231713 0
0.0312749 0
-0.00152652 0
-0.00956567 0
-0.0755648 0
-0.0910563 0
-0.126649 0
-0.113671 0
-0.0895977 0
-0.0536754 0
-0.0257868 0
-0.0673531 0
-0.101221 0
-0.127456 0
-0.133567 0
-0.10267 0
-0.0719802 0
-0.0529007 0
-0.0739512 0
-0.105662 0
-0.0808291 0
-0.0686975 0
-0.0389701 0
-0.0301428 0
-0.041545 0
0 0
0 0
0 0
0 0
0 0
0 0
0 0
0 0
0 0
0 0
0 0
0 0
0 0
0 0
0 0
0 0
0 0
0 0
0 0
0 0
0 0
0 0
0 0
0 0
0 0
0 0
0 0
0 0
0 0
0 0
0 0
0 0
0 0
0 0
0 0
0 0
0 0
0 0
0 0
0 0
0 0
0 0
0 0
0 0
0 0
0 0
0 0
0 0
0 0
0 0
0 0
0 0
0 0
0 0
0 0
0 0
0 0
0 0
0 0
0 0
0 0
0 0
0 0
0 0
0 0
0 0
0 0
0 0
0 0
0 0
0 0
0 0
0 0
0 0
0 0
0 0
0 0
0 0
0 0
0 0
0 0
0 0
0 0
0 0
0 0
0 0
0 0
0 0
0 0
0 0
0 0
0 0
0 0
0 0
0 0
0 0
0 0
0 0
0 0
0 0
0 0
0 0
0 0
0 0
0 0
0 0
0 0
0 0
0 0
0 0
0 0
0 0
0 0
0 0
0 0
0 0
0 0
0 0
0 0
0 0
0 0
0 0
0 0
0 0
0 0
0 0
0 0
0 0
0 0
0 0
0 0
0 0
0 0
0 0
0 0
0 0
0 0
0 0
0 0
0 0
0 0
-0.0975103 0
-0.168857 0
-0.211713 0
-0.167771 0
-0.0970798 0
-0.0771348 0
-0.197465 0
-0.141159 0
-0.120954 0
-0.114449 0
-0.0376885 0
0.0254463 0
-0.00398339 0
-0.0495246 0
0.105866 0
0.0812336 0
0.0393755 0
0.0140293 0
0.0596891 0
-0.0256726 0
-0.029106 0
0.00407079 0
-0.095348 0
-0.13545 0
-0.101634 0
-0.0518248 0
-0.144722 0
-0.0963093 0
-0.0727375 0
-0.0691201 0
-0.0255029 0
0.0431838 0
0.0271579 0
-0.0180676 0
0.107286 0
0.115027 0
0.0823179 0
0.0433958 0
0.100578 0
0.0564813 0
0.0419087 0
0.0492429 0
-0.116759 0
-0.125693 0
-0.145279 0
-0.0433404 0
0.0206352 0
0.133086 0
0.160391 0
0.165672 0
0.0950183 0
0.0143446 0
-0.0794147 0
-0.119338 0
-0.133335 0
-0.0723079 0
-0.0112115 0
0.0695273 0
0.112443 0
0.10685 0
0.0822237 0
-0.0550529 0
-0.0131903 0
0.0153073 0
0.0951469 0
0.154713 0
0.162067 0
0.162536 0
0.0822951 0
0.0205838 0
-0.0447124 0
-0.0883086 0
-0.0587281 0
-0.0378669 0
0.0355081 0
0.0741671 0
0.0820682 0
0.0748863 0
0.00646998 0
0.0295123 0
0.0700093 0
0.0519552 0
0.0916025 0
0.0170658 0
0.0244886 0
-0.0375828 0
-0.0450724 0
-0.0314104 0
-0.0219797 0
0.0346897 0
0.0532771 0
0.064206 0
0.0579825 0
-0.00202765 0
-0.0346275 0
-0.0305428 0
-0.0943788 0
-0.0730387 0
-0.106944 0
-0.0742273 0
-0.0427289 0
-0.0121878 0
0.0433928 0
0.0562153 0
0.0637335 0
0.0507147 0
-0.0547855 0
-0.103581 0
-0.134511 0
-0.141374 0
-0.122524 0
-0.060778 0
-0.0213784 0
0.049575 0
0.0654408 0
0.0721216 0
0.0538524 0
-0.0720118 0
-0.0780848 0
-0.0996134 0
-0.0318388 0
-0.00942375 0
0.0688433 0
0.0810019 0
0.0859278 0
0.0626501 0
-0.0253618 0
0.014104 0
0.0287165 0
0.0901788 0
0.102095 0
0.0985354 0
0.0731205 0
0.0322258 0
0.067193 0
0.0966855 0
0.0865395 0
0.0733629 0
0.0405985 0
0.0352261 0
0.0482674 0
0 0
0 0
0 0
0 0
0 0
0 0
0 0
0 0
0 0
0 0
0 0
0 0
0 0
0 0
0 0
0 0
0 0
0 0
0 0
0 0
0 0
0 0
0 0
0 0
0 0
0 0
0 0
0 0
0 0
0 0
0 0
0 0
0 0
0 0
0 0
0 0
0 0
0 0
0 0
0 0
0 0
0 0
0 0
0 0
0 0
0 0
0 0
0 0
0 0
0 0
0 0
0 0
0 0
0 0
0 0
0 0
0 0
0 0
0 0
0 0
0 0
0 0
0 0
0 0
0 0
0 0
0 0
0 0
0 0
0 0
0 0
0 0
0 0
0 0
0 0
0 0
0 0
0 0
0 0
0 0
0 0
0 0
0 0
0 0
0 0
0 0
0 0
0 0
0 0
0 0
0 0
0 0
0 0
0 0
0 0
0 0
0 0
0 0
0 0
0 0
0 0
0 0
0 0
0 0
0 0
0 0
0 0
0 0
0 0
0 0
0 0
0 0
0 0
0 0
0 0
0 0
0 0
0 0
0 0
0 0
0 0
0 0
0 0
0 0
0 0
0 0
0 0
0 0
0 0
0 0
0 0
0 0
0 0
0 0
0 0
0 0
0 0
0 0
0 0
0 0
0 0
-0.000563211 0
0.00243735 0
-0.0105896 0
-0.0192751 0
-0.00916992 0
-0.00385818 0
-0.00987693 0
-0.0483395 0
-0.0535468 0
-0.0288663 0
-0.0585237 0
-0.100332 0
-0.0924644 0
-0.0578782 0
-0.102123 0
-0.108419 0
-0.0968721 0
-0.0750523 0
-0.0745177 0
-0.0500898 0
-0.0567888 0
-0.0609106 0
0.00494351 0
0.00263762 0
-0.0246005 0
-0.0322624 0
0.026311 0
-0.0379288 0
-0.0572258 0
-0.0324356 0
-0.0647692 0
-0.142821 0
-0.129458 0
-0.0740009 0
-0.166071 0
-0.178054 0
-0.147453 0
-0.109767 0
-0.135657 0
-0.0794886 0
-0.0648716 0
-0.0841648 0
0.0173016 0
0.0412098 0
0.0340122 0
0.0544708 0
0.00103215 0
0.00665678 0
-0.048877 0
-0.0278374 0
-0.0294789 0
0.0279877 0
0.0599233 0
0.118239 0
0.101667 0
0.111927 0
0.0173546 0
-0.00337735 0
-0.0980779 0
-0.0779756 0
-0.084683 0
0.0526474 0
0.0916054 0
0.102371 0
0.112177 0
0.0646382 0
0.0442304 0
0.00812983 0
0.00411629 0
0.0401611 0
0.0692115 0
0.136695 0
0.157395 0
0.163341 0
0.142744 0
0.0722032 0
0.0427825 0
-0.0139504 0
0.0760776 0
0.100318 0
0.115984 0
0.080102 0
0.0388135 0
-0.0264166 0
-0.0379066 0
-0.0733278 0
-0.00225446 0
-0.0015711 0
0.0970278 0
0.0889511 0
0.12456 0
0.0825362 0
0.0496758 0
0.0610128 0
0.0536009 0
0.047278 0
-0.0144334 0
-0.0675488 0
-0.129557 0
-0.144825 0
-0.16247 0
-0.0987368 0
-0.0850456 0
0.00281181 0
0.00318786 0
0.0339807 0
0.0269299 0
0.0143359 0
-0.0161407 0
-0.0406211 0
-0.114464 0
-0.118584 0
-0.166305 0
-0.138488 0
-0.118622 0
-0.0757173 0
-0.0287504 0
0.0253764 0
0.0496819 0
0.028129 0
0.0619011 0
-0.0183867 0
0.0102985 0
-0.0644419 0
-0.0343796 0
-0.043642 0
0.0718286 0
0.131522 0
0.146417 0
0.175948 0
0.108809 0
0.0882487 0
0.0213535 0
0.113549 0
0.154932 0
0.188643 0
0.145016 0
0.0924652 0
0.0886586 0
0.0687297 0
0.084728 0
0.0975119 0
0.168843 0
0.211763 0
0.167865 0
0.0971243 0
0.077153 0
0.197512 0
0.141398 0
0.121219 0
0.114592 0
0.0379794 0
-0.0249465 0
0.00444358 0
0.049812 0
-0.105356 0
-0.080693 0
-0.0388928 0
-0.0136555 0
-0.0593174 0
0.0259216 0
0.0293883 0
-0.00376755 0
0.0953222 0
0.135435 0
0.101755 0
0.0519847 0
0.144589 0
0.0964969 0
0.0730214 0
0.0692807 0
0.025825 0
-0.0424724 0
-0.0265132 0
0.0184357 0
-0.106458 0
-0.114139 0
-0.0815829 0
-0.0428489 0
-0.0999019 0
-0.0560849 0
-0.0415852 0
-0.0488234 0
0.116671 0
0.125487 0
0.145107 0
0.0430687 0
-0.0206401 0
-0.133117 0
-0.160146 0
-0.165531 0
-0.0948704 0
-0.0144837 0
0.0791154 0
0.118748 0
0.132827 0
0.0717499 0
0.011125 0
-0.0695096 0
-0.111953 0
-0.10646 0
-0.0818011 0
0.0547902 0
0.0127342 0
-0.0158167 0
-0.0957041 0
-0.155033 0
-0.162285 0
-0.162574 0
-0.0823146 0
-0.0207834 0
0.0443673 0
0.0876271 0
0.057944 0
0.0370534 0
-0.0362182 0
-0.0745256 0
-0.0822802 0
-0.0748159 0
-0.00684858 0
-0.0300113 0
-0.0705857 0
-0.0523533 0
-0.0917945 0
-0.0169341 0
-0.0242996 0
0.0379473 0
0.0450831 0
0.0314178 0
0.0214964 0
-0.035132 0
-0.0538965 0
-0.064616 0
-0.0582291 0
0.00172393 0
0.0343603 0
0.0303071 0
0.0944495 0
0.073374 0
0.107587 0
0.0749473 0
0.0435371 0
0.0126791 0
-0.0429689 0
-0.0562286 0
-0.0637486 0
-0.0508832 0
0.0546508 0
0.103509 0
0.134589 0
0.141575 0
0.123093 0
0.0613675 0
0.0222059 0
-0.048885 0
-0.0648495 0
-0.0717438 0
-0.0537087 0
0.0718846 0
0.0778366 0
0.0994722 0
0.0315303 0
0.00951515 0
-0.0688937 0
-0.0806802 0
-0.0857556 0
-0.0624321 0
0.0250039 0
-0.0147585 0
-0.029445 0
-0.0910535 0
-0.102635 0
-0.0989734 0
-0.0732258 0
-0.0327906 0
-0.0679634 0
-0.0976233 0
-0.0872603 0
-0.0738223 0
-0.0410393 0
-0.0355678 0
-0.0486885 0
0 0
0 0
0 0
0 0
0 0
0 0
0 0
0 0
0 0
0 0
0 0
0 0
0 0
0 0
0 0
0 0
0 0
0 0
0 0
0 0
0 0
0 0
0 0
0 0
0 0
0 0
0 0
0 0
0 0
0 0
0 0
0 0
0 0
0 0
0 0
0 0
0 0
0 0
0 0
0 0
0 0
0 0
0 0
0 0
0 0
0 0
0 0
0 0
0 0
0 0
0 0
0 0
0 0
0 0
0 0
0 0
0 0
0 0
0 0
0 0
0 0
0 0
0 0
0 0
0 0
0 0
0 0
0 0
0 0
0 0
0 0
0 0
0 0
0 0
0 0
0 0
0 0
0 0
0 0
0 0
0 0
0 0
0 0
0 0
0 0
0 0
0 0
0 0
0 0
0 0
0 0
0 0
0 0
0 0
0 0
0 0
0 0
0 0
0 0
0 0
0 0
0 0
0 0
0 0
0 0
0 0
0 0
0 0
0 0
0 0
0 0
0 0
0 0
0 0
0 0
0 0
0 0
0 0
0 0
0 0
0 0
0 0
0 0
0 0
0 0
0 0
0 0
0 0
0 0
0 0
0 0
0 0
0 0
0 0
0 0
0 0
0 0
0 0
0 0
0 0
0 0
-7.78423e-05 0
0.00327781 0
-0.00953564 0
-0.0184397 0
-0.00868659 0
-0.00347419 0
-0.00889392 0
-0.0476362 0
-0.052944 0
-0.0282962 0
-0.0583354 0
-0.100458 0
-0.0924434 0
-0.057631 0
-0.102649 0
-0.108822 0
-0.0970669 0
-0.0751212 0
-0.0748139 0
-0.0499614 0
-0.0566432 0
-0.0609301 0
0.00541805 0
0.00331179 0
-0.0240943 0
-0.032004 0
0.027031 0
-0.0374489 0
-0.0568631 0
-0.0320912 0
-0.0646415 0
-0.143034 0
-0.129592 0
-0.0739101 0
-0.166603 0
-0.178624 0
-0.147861 0
-0.109981 0
-0.136156 0
-0.0797688 0
-0.0650794 0
-0.0844089 0
0.0178825 0
0.0418349 0
0.0347349 0
0.0546858 0
0.00092942 0
0.00599426 0
-0.0496748 0
-0.0286617 0
-0.0299515 0
0.027916 0
0.0603179 0
0.118832 0
0.102329 0
0.112286 0
0.0174101 0
-0.00372338 0
-0.0986364 0
-0.0785065 0
-0.0850912 0
0.0529208 0
0.0916699 0
0.102293 0
0.111702 0
0.0638673 0
0.0434232 0
0.0073207 0
0.00370661 0
0.0400581 0
0.0694332 0
0.137133 0
0.157685 0
0.163528 0
0.142566 0
0.0718332 0
0.0423735 0
-0.014323 0
0.0760445 0
0.10017 0
0.115634 0
0.0798424 0
0.038357 0
-0.0265012 0
-0.038028 0
-0.0731398 0
-0.00203008 0
-0.00141474 0
0.097136 0
0.0887774 0
0.124293 0
0.0822156 0
0.0493866 0
0.0610221 0
0.0537726 0
0.0474294 0
-0.0139634 0
-0.0671844 0
-0.129024 0
-0.144454 0
-0.162255 0
-0.0986749 0
-0.0852605 0
0.00253196 0
0.00287059 0
0.0337278 0
0.0272022 0
0.0148513 0
-0.015471 0
-0.0399169 0
-0.113853 0
-0.11828 0
-0.166196 0
-0.138733 0
-0.118946 0
-0.0760754 0
-0.0290181 0
0.0257345 0
0.05007 0
0.0286245 0
0.0620588 0
-0.0183396 0
0.00995566 0
-0.0648443 0
-0.0348068 0
-0.0439533 0
0.071954 0
0.131451 0
0.146273 0
0.175497 0
0.108299 0
0.0877571 0
0.0209893 0
0.113387 0
0.154595 0
0.18816 0
0.144584 0
0.0920989 0
0.0884554 0
0.0685536 0
0.0844867 0
0 0
0 0
0 0
0 0
0 0
0 0
0 0
0 0
0 0
0 0
0 0
0 0
0 0
0 0
0 0
0 0
0 0
0 0
0 0
0 0
0 0
0 0
0 0
0 0
0 0
0 0
0 0
0 0
0 0
0 0
0 0
0 0
0 0
0 0
0 0
0 0
0 0
0 0
0 0
0 0
0 0
0 0
0 0
0 0
0 0
0 0
0 0
0 0
0 0
0 0
0 0
0 0
0 0
0 0
0 0
0 0
0 0
0 0
0 0
0 0
0 0
0 0
0 0
0 0
0 0
0 0
0 0
0 0
0 0
0 0
0 0
0 0
0 0
0 0
0 0
0 0
0 0
0 0
0 0
0 0
0 0
0 0
0 0
0 0
0 0
0 0
0 0
0 0
0 0
0 0
0 0
0 0
0 0
0 0
0 0
0 0
0 0
0 0
0 0
0 0
0 0
0 0
0 0
0 0
0 0
0 0
0 0
0 0
0 0
0 0
0 0
0 0
0 0
0 0
0 0
0 0
0 0
0 0
0 0
0 0
0 0
0 0
0 0
0 0
0 0
0 0
0 0
0 0
0 0
0 0
0 0
0 0
0 0
0 0
0 0
0 0
0 0
0 0
0 0
0 0
0 0
0.00778423 0
0.0193013 0
-5.28549e-15 0
-0.0193013 0
-0.00778423 0
-2.19285e-15 0
-4.79239e-15 0
-0.0689754 0
-0.0800641 0
-0.0400741 0
-0.0909632 0
-0.156571 0
-0.141786 0
-0.0894725 0
-0.155475 0
-0.143332 0
-0.119858 0
-0.105521 0
-0.0800641 0
5.62126e-15 0
5.9897e-15 0
-0.0483387 0
0.0800641 0
0.143332 0
0.119858 0
0.0483387 0
0.155475 0
0.156571 0
0.141786 0
0.105521 0
0.0909632 0
0.0689754 0
0.0800641 0
0.0894725 0
-2.60469e-15 0
-3.03891e-15 0
0.0193013 0
0.0400741 0
-0.0193013 0
-0.00778423 0
-1.28372e-15 0
0.00778423 0
0.0400741 0
0.0800641 0
0.0689754 0
0.0909632 0
5.48186e-16 0
1.48839e-15 0
-0.0856035 0
-0.0567822 0
-0.0551902 0
-3.14195e-15 0
0.0551902 0
0.0567822 0
0.0856035 0
1.04734e-16 0
6.33174e-17 0
-0.0909632 0
-0.0689754 0
-0.0800641 0
-0.0400741 0
0.0894725 0
0.141786 0
0.156571 0
0.155475 0
0.0856035 0
0.0567822 0
-3.14267e-15 0
-6.89238e-15 0
-7.0508e-15 0
-7.74557e-15 0
-4.92699e-15 0
-0.0567822 0
-0.0856035 0
-0.155475 0
-0.156571 0
-0.141786 0
-0.0894725 0
0.105521 0
0.119858 0
0.143332 0
0.0800641 0
0.0551902 0
-2.82032e-15 0
-7.10175e-15 0
-7.36867e-15 0
-7.68751e-15 0
-3.2395e-15 0
-0.0551902 0
-0.0800641 0
-0.143332 0
-0.119858 0
-0.105521 0
0.0483387 0
5.32102e-15 0
5.28389e-15 0
-0.0800641 0
-0.0551902 0
-0.0567822 0
-4.12365e-15 0
0.0567822 0
0.0551902 0
0.0800641 0
5.03184e-15 0
5.13559e-15 0
-0.0483387 0
-0.0483387 0
-0.119858 0
-0.143332 0
-0.155475 0
-0.0856035 0
1.25025e-15 0
0.0856035 0
0.155475 0
0.143332 0
0.119858 0
0.0483387 0
-0.105521 0
-0.141786 0
-0.156571 0
-0.0909632 0
6.21573e-16 0
0.0909632 0
0.156571 0
0.141786 0
0.105521 0
-0.0894725 0
-0.0800641 0
-0.0689754 0
-3.52073e-15 0
0.0689754 0
0.0800641 0
0.0894725 0
-0.0400741 0
-0.0193013 0
-4.26661e-15 0
0.0193013 0
0.0400741 0
-0.00778423 0
-1.70632e-15 0
0.00778423 0
0 0
0 0
0 0
0 0
0 0
0 0
0 0
0 0
0 0
0 0
0 0
0 0
0 0
0 0
0 0
0 0
0 0
0 0
0 0
0 0
0 0
0 0
0 0
0 0
0 0
0 0
0 0
0 0
0 0
0 0
0 0
0 0
0 0
0 0
0 0
0 0
0 0
0 0
0 0
0 0
0 0
0 0
0 0
0 0
0 0
0 0
0 0
0 0
0 0
0 0
0 0
0 0
0 0
0 0
0 0
0 0
0 0
0 0
0 0
0 0
0 0
0 0
0 0
0 0
0 0
0 0
0 0
0 0
0 0
0 0
0 0
0 0
0 0
0 0
0 0
0 0
0 0
0 0
0 0
0 0
0 0
0 0
0 0
0 0
0 0
0 0
0 0
0 0
0 0
0 0
0 0
0 0
0 0
0 0
0 0
0 0
0 0
0 0
0 0
0 0
0 0
0 0
0 0
0 0
0 0
0 0
0 0
0 0
0 0
0 0
0 0
0 0
0 0
0 0
0 0
0 0
0 0
0 0
0 0
0 0
0 0
0 0
0 0
0 0
0 0
0 0
0 0
0 0
0 0
0 0
0 0
0 0
0 0
0 0
0 0
0 0
0 0
0 0
0 0
0 0
0 0
0 0
0 0
0 0
0 0
0 0
0 0
0 0
0 0
0 0
0 0
0 0
0 0
0 0
0 0
0 0
0 0
0 0
0 0
0 0
0 0
0 0
0 0
0 0
0 0
0 0
0 0
0 0
0 0
0 0
0 0
0 0
0 0
0 0
0 0
0 0
0 0
0 0
0 0
0 0
0 0
0 0
0 0
0 0
0 0
0 0
0 0
0 0
0 0
0 0
0 0
0 0
0 0
0 0
0 0
0 0
0 0
0 0
0 0
0 0
0 0
0 0
0 0
0 0
0 0
0 0
0 0
0 0
0 0
0 0
0 0
0 0
0 0
0 0
0 0
0 0
0 0
0 0
0 0
0 0
0 0
0 0
0 0
0 0
0 0
0 0
0 0
0 0
0 0
0 0
0 0
0 0
0 0
0 0
0 0
0 0
0 0
0 0
0 0
0 0
0 0
0 0
0 0
0 0
0 0
0 0
0 0
0 0
0 0
0 0
0 0
0 0
0 0
0 0
0 0
0 0
0 0
0 0
0 0
0 0
0 0
0 0
0 0
0 0
0 0
0 0
0 0
0 0
0 0
0 0
0 0
0 0
0 0
0 0
0 0
0 0
0 0
0 0
0 0
0 0
0 0
0 0
0.00778423 0
0.0193013 0
3.19298e-16 0
-0.0193013 0
-0.00778423 0
1.93422e-16 0
2.48824e-16 0
-0.0689754 0
-0.0800641 0
-0.0400741 0
-0.0909632 0
-0.156571 0
-0.141786 0
-0.0894725 0
-0.155475 0
-0.143332 0
-0.119858 0
-0.105521 0
-0.0800641 0
-6.78548e-16 0
-8.21636e-16 0
-0.0483387 0
0.0800641 0
0.143332 0
0.119858 0
0.0483387 0
0.155475 0
0.156571 0
0.141786 0
0.105521 0
0.0909632 0
0.0689754 0
0.0800641 0
0.0894725 0
5.35271e-16 0
5.97124e-16 0
0.0193013 0
0.0400741 0
-0.0193013 0
-0.00778423 0
5.22694e-16 0
0.00778423 0
0.0400741 0
0.0800641 0
0.0689754 0
0.0909632 0
1.32015e-16 0
3.05528e-16 0
-0.0856035 0
-0.0567822 0
-0.0551902 0
1.44029e-16 0
0.0551902 0
0.0567822 0
0.0856035 0
7.95262e-17 0
1.03433e-16 0
-0.0909632 0
-0.0689754 0
-0.0800641 0
-0.0400741 0
0.0894725 0
0.141786 0
0.156571 0
0.155475 0
0.0856035 0
0.0567822 0
8.86877e-16 0
1.14692e-15 0
1.00506e-15 0
6.70606e-16 0
3.35669e-16 0
-0.0567822 0
-0.0856035 0
-0.155475 0
-0.156571 0
-0.141786 0
-0.0894725 0
0.105521 0
0.119858 0
0.143332 0
0.0800641 0
0.0551902 0
2.55208e-16 0
9.14091e-16 0
5.57361e-16 0
5.43565e-16 0
2.79114e-16 0
-0.0551902 0
-0.0800641 0
-0.143332 0
-0.119858 0
-0.105521 0
0.0483387 0
-1.08106e-15 0
-9.88901e-16 0
-0.0800641 0
-0.0551902 0
-0.0567822 0
2.93981e-16 0
0.0567822 0
0.0551902 0
0.0800641 0
-6.56349e-16 0
-8.04803e-16 0
-0.0483387 0
-0.0483387 0
-0.119858 0
-0.143332 0
-0.155475 0
-0.0856035 0
-1.24927e-16 0
0.0856035 0
0.155475 0
0.143332 0
0.119858 0
0.0483387 0
-0.105521 0
-0.141786 0
-0.156571 0
-0.0909632 0
-1.45412e-16 0
0.0909632 0
0.156571 0
0.141786 0
0.105521 0
-0.0894725 0
-0.0800641 0
-0.0689754 0
4.99492e-16 0
0.0689754 0
0.0800641 0
0.0894725 0
-0.0400741 0
-0.0193013 0
6.98172e-16 0
0.0193013 0
0.0400741 0
-0.00778423 0
3.54643e-16 0
0.00778423 0
0.0583275 0
0.0972891 0
0.120873 0
0.0972891 0
0.0583275 0
0.0471181 0
0.10468 0
0.0691465 0
0.0553872 0
0.0616675 0
0.0111258 0
-0.042168 0
-0.0397559 0
0.00631365 0
-0.0757694 0
-0.11933 0
-0.115163 0
-0.0625732 0
-0.104505 0
-0.141123 0
-0.140382 0
-0.103217 0
-0.104505 0
-0.11933 0
-0.115163 0
-0.103217 0
-0.0757694 0
-0.042168 0
-0.0397559 0
-0.0625732 0
0.0111258 0
0.0691465 0
0.0553872 0
0.00631365 0
0.10468 0
0.120873 0
0.0972891 0
0.0616675 0
0.0972891 0
0.0583275 0
0.0471181 0
0.0583275 0
0.0616675 0
0.0553872 0
0.0691465 0
0.0111258 0
0.000566684 0
-0.0208485 0
-0.0260918 0
0.03202 0
0.00171943 0
0.0767419 0
0.00171943 0
0.03202 0
-0.0260918 0
-0.0208485 0
0.000566684 0
0.0111258 0
0.0691465 0
0.0553872 0
0.0616675 0
0.00631365 0
-0.0397559 0
-0.042168 0
-0.0757694 0
-0.0260918 0
0.03202 0
0.103647 0
0.19257 0
0.186559 0
0.19257 0
0.103647 0
0.03202 0
-0.0260918 0
-0.0757694 0
-0.042168 0
-0.0397559 0
0.00631365 0
-0.0625732 0
-0.115163 0
-0.11933 0
-0.104505 0
0.00171943 0
0.0767419 0
0.186559 0
0.19257 0
0.186559 0
0.0767419 0
0.00171943 0
-0.104505 0
-0.11933 0
-0.115163 0
-0.0625732 0
-0.103217 0
-0.140382 0
-0.141123 0
-0.104505 0
0.00171943 0
0.03202 0
0.103647 0
0.03202 0
0.00171943 0
-0.104505 0
-0.141123 0
-0.140382 0
-0.103217 0
-0.103217 0
-0.115163 0
-0.11933 0
-0.0757694 0
-0.0260918 0
-0.0208485 0
-0.0260918 0
-0.0757694 0
-0.11933 0
-0.115163 0
-0.103217 0
-0.0625732 0
-0.0397559 0
-0.042168 0
0.0111258 0
0.000566684 0
0.0111258 0
-0.042168 0
-0.0397559 0
-0.0625732 0
0.00631365 0
0.0553872 0
0.0691465 0
0.10468 0
0.0691465 0
0.0553872 0
0.00631365 0
0.0616675 0
0.0972891 0
0.120873 0
0.0972891 0
0.0616675 0
0.0583275 0
0.0471181 0
0.0583275 0
0 0
0 0
0 0
0 0
0 0
0 0
0 0
0 0
0 0
0 0
0 0
0 0
0 0
0 0
0 0
0 0
0 0
0 0
0 0
0 0
0 0
0 0
0 0
0 0
0 0
0 0
0 0
0 0
0 0
0 0
0 0
0 0
0 0
0 0
0 0
0 0
0 0
0 0
0 0
0 0
0 0
0 0
0 0
0 0
0 0
0 0
0 0
0 0
0 0
0 0
0 0
0 0
0 0
0 0
0 0
0 0
0 0
0 0
0 0
0 0
0 0
0 0
0 0
0 0
0 0
0 0
0 0
0 0
0 0
0 0
0 0
0 0
0 0
0 0
0 0
0 0
0 0
0 0
0 0
0 0
0 0
0 0
0 0
0 0
0 0
0 0
0 0
0 0
0 0
0 0
0 0
0 0
0 0
0 0
0 0
0 0
0 0
0 0
0 0
0 0
0 0
0 0
0 0
0 0
0 0
0 0
0 0
0 0
0 0
0 0
0 0
0 0
0 0
0 0
0 0
0 0
0 0
0 0
0 0
0 0
0 0
0 0
0 0
0 0
0 0
0 0
0 0
0 0
0 0
0 0
0 0
0 0
0 0
0 0
0 0
0 0
0 0
0 0
0 0
0 0
0 0
0 0
0 0
0 0
0 0
0 0
0 0
0 0
0 0
0 0
0 0
0 0
0 0
0 0
0 0
0 0
0 0
0 0
0 0
0 0
0 0
0 0
0 0
0 0
0 0
0 0
0 0
0 0
0 0
0 0
0 0
0 0
0 0
0 0
0 0
0 0
0 0
0 0
0 0
0 0
0 0
0 0
0 0
0 0
0 0
0 0
0 0
0 0
0 0
0 0
0 0
0 0
0 0
0 0
0 0
0 0
0 0
0 0
0 0
0 0
0 0
0 0
0 0
0 0
0 0
0 0
0 0
0 0
0 0
0 0
0 0
0 0
0 0
0 0
0 0
0 0
0 0
0 0
0 0
0 0
0 0
0 0
0 0
0 0
0 0
0 0
0 0
0 0
0 0
0 0
0 0
0 0
0 0
0 0
0 0
0 0
0 0
0 0
0 0
0 0
0 0
0 0
0 0
0 0
0 0
0 0
0 0
0 0
0 0
0 0
0 0
0 0
0 0
0 0
0 0
0 0
0 0
0 0
0 0
0 0
0 0
0 0
0 0
0 0
0 0
0 0
0 0
0 0
0 0
0 0
0 0
0 0
0 0
0 0
0 0
0 0
0 0
0 0
0 0
0 0
0 0
0 0
0.0583275 0
0.0972891 0
0.120873 0
0.0972891 0
0.0583275 0
0.0471181 0
0.10468 0
0.0691465 0
0.0553872 0
0.0616675 0
0.0111258 0
-0.042168 0
-0.0397559 0
0.00631365 0
-0.0757694 0
-0.11933 0
-0.115163 0
-0.0625732 0
-0.104505 0
-0.141123 0
-0.140382 0
-0.103217 0
-0.104505 0
-0.11933 0
-0.115163 0
-0.103217 0
-0.0757694 0
-0.042168 0
-0.0397559 0
-0.0625732 0
0.0111258 0
0.0691465 0
0.0553872 0
0.00631365 0
0.10468 0
0.120873 0
0.0972891 0
0.0616675 0
0.0972891 0
0.0583275 0
0.0471181 0
0.0583275 0
0.0616675 0
0.0553872 0
0.0691465 0
0.0111258 0
0.000566684 0
-0.0208485 0
-0.0260918 0
0.03202 0
0.00171943 0
0.0767419 0
0.00171943 0
0.03202 0
-0.0260918 0
-0.0208485 0
0.000566684 0
0.0111258 0
0.0691465 0
0.0553872 0
0.0616675 0
0.00631365 0
-0.0397559 0
-0.042168 0
-0.0757694 0
-0.0260918 0
0.03202 0
0.103647 0
0.19257 0
0.186559 0
0.19257 0
0.103647 0
0.03202 0
-0.0260918 0
-0.0757694 0
-0.042168 0
-0.0397559 0
0.00631365 0
-0.0625732 0
-0.115163 0
-0.11933 0
-0.104505 0
0.00171943 0
0.0767419 0
0.186559 0
0.19257 0
0.186559 0
0.0767419 0
0.00171943 0
-0.104505 0
-0.11933 0
-0.115163 0
-0.0625732 0
-0.103217 0
-0.140382 0
-0.141123 0
-0.104505 0
0.00171943 0
0.03202 0
0.103647 0
0.03202 0
0.00171943 0
-0.104505 0
-0.141123 0
-0.140382 0
-0.103217 0
-0.103217 0
-0.115163 0
-0.11933 0
-0.0757694 0
-0.0260918 0
-0.0208485 0
-0.0260918 0
-0.0757694 0
-0.11933 0
-0.115163 0
-0.103217 0
-0.0625732 0
-0.0397559 0
-0.042168 0
0.0111258 0
0.000566684 0
0.0111258 0
-0.042168 0
-0.0397559 0
-0.0625732 0
0.00631365 0
0.0553872 0
0.0691465 0
0.10468 0
0.0691465 0
0.0553872 0
0.00631365 0
0.0616675 0
0.0972891 0
0.120873 0
0.0972891 0
0.0616675 0
0.0583275 0
0.0471181 0
0.0583275 0
0 0
0 0
0 0
0 0
0 0
0 0
0 0
0 0
0 0
0 0
0 0
0 0
0 0
0 0
0 0
0 0
0 0
0 0
0 0
0 0
0 0
0 0
0 0
0 0
0 0
0 0
0 0
0 0
0 0
0 0
0 0
0 0
0 0
0 0
0 0
0 0
0 0
0 0
0 0
0 0
0 0
0 0
0 0
0 0
0 0
0 0
0 0
0 0
0 0
0 0
0 0
0 0
0 0
0 0
0 0
0 0
0 0
0 0
0 0
0 0
0 0
0 0
0 0
0 0
0 0
0 0
0 0
0 0
0 0
0 0
0 0
0 0
0 0
0 0
0 0
0 0
0 0
0 0
0 0
0 0
0 0
0 0
0 0
0 0
0 0
0 0
0 0
0 0
0 0
0 0
0 0
0 0
0 0
0 0
0 0
0 0
0 0
0 0
0 0
0 0
0 0
0 0
0 0
0 0
0 0
0 0
0 0
0 0
0 0
0 0
0 0
0 0
0 0
0 0
0 0
0 0
0 0
0 0
0 0
0 0
0 0
0 0
0 0
0 0
0 0
0 0
0 0
0 0
0 0
0 0
0 0
0 0
0 0
0 0
0 0
0 0
0 0
0 0
0 0
0 0
0 0
0.094442 0
0.138973 0
0.151269 0
0.138973 0
0.094442 0
0.0810689 0
0.0744986 0
0.0111532 0
0.0429588 0
0.0780852 0
-0.0914714 0
-0.0738454 0
-0.0176741 0
0.0108522 0
-0.0629083 0
0.0472417 0
0.068499 0
0.021814 0
0.104479 0
0.150826 0
0.142455 0
0.0905413 0
0.104479 0
0.0472417 0
0.068499 0
0.0905413 0
-0.0629083 0
-0.0738454 0
-0.0176741 0
0.021814 0
-0.0914714 0
0.0111532 0
0.0429588 0
0.0108522 0
0.0744986 0
0.151269 0
0.138973 0
0.0780852 0
0.138973 0
0.094442 0
0.0810689 0
0.094442 0
0.0780852 0
0.0429588 0
0.0111532 0
-0.0914714 0
-0.150429 0
-0.167544 0
-0.119967 0
-0.0490623 0
0.045359 0
0.0502666 0
0.045359 0
-0.0490623 0
-0.119967 0
-0.167544 0
-0.150429 0
-0.0914714 0
0.0111532 0
0.0429588 0
0.0780852 0
0.0108522 0
-0.0176741 0
-0.0738454 0
-0.0629083 0
-0.119967 0
-0.0490623 0
-0.0397027 0
0.00562047 0
0.026399 0
0.00562047 0
-0.0397027 0
-0.0490623 0
-0.119967 0
-0.0629083 0
-0.0738454 0
-0.0176741 0
0.0108522 0
0.021814 0
0.068499 0
0.0472417 0
0.104479 0
0.045359 0
0.0502666 0
0.026399 0
0.00562047 0
0.026399 0
0.0502666 0
0.045359 0
0.104479 0
0.0472417 0
0.068499 0
0.021814 0
0.0905413 0
0.142455 0
0.150826 0
0.104479 0
0.045359 0
-0.0490623 0
-0.0397027 0
-0.0490623 0
0.045359 0
0.104479 0
0.150826 0
0.142455 0
0.0905413 0
0.0905413 0
0.068499 0
0.0472417 0
-0.0629083 0
-0.119967 0
-0.167544 0
-0.119967 0
-0.0629083 0
0.0472417 0
0.068499 0
0.0905413 0
0.021814 0
-0.0176741 0
-0.0738454 0
-0.0914714 0
-0.150429 0
-0.0914714 0
-0.0738454 0
-0.0176741 0
0.021814 0
0.0108522 0
0.0429588 0
0.0111532 0
0.0744986 0
0.0111532 0
0.0429588 0
0.0108522 0
0.0780852 0
0.138973 0
0.151269 0
0.138973 0
0.0780852 0
0.094442 0
0.0810689 0
0.094442 0
0.094442 0
0.138973 0
0.151269 0
0.138973 0
0.094442 0
0.0810689 0
0.0744986 0
0.0111532 0
0.0429588 0
0.0780852 0
-0.0914714 0
-0.0738454 0
-0.0176741 0
0.0108522 0
-0.0629083 0
0.0472417 0
0.068499 0
0.021814 0
0.104479 0
0.150826 0
0.142455 0
0.0905413 0
0.104479 0
0.0472417 0
0.068499 0
0.0905413 0
-0.0629083 0
-0.0738454 0
-0.0176741 0
0.021814 0
-0.0914714 0
0.0111532 0
0.0429588 0
0.0108522 0
0.0744986 0
0.151269 0
0.138973 0
0.0780852 0
0.138973 0
0.094442 0
0.0810689 0
0.094442 0
0.0780852 0
0.0429588 0
0.0111532 0
-0.0914714 0
-0.150429 0
-0.167544 0
-0.119967 0
-0.0490623 0
0.045359 0
0.0502666 0
0.045359 0
-0.0490623 0
-0.119967 0
-0.167544 0
-0.150429 0
-0.0914714 0
0.0111532 0
0.0429588 0
0.0780852 0
0.0108522 0
-0.0176741 0
-0.0738454 0
-0.0629083 0
-0.119967 0
-0.0490623 0
-0.0397027 0
0.00562047 0
0.026399 0
0.00562047 0
-0.0397027 0
-0.0490623 0
-0.119967 0
-0.0629083 0
-0.0738454 0
-0.0176741 0
0.0108522 0
0.021814 0
0.068499 0
0.0472417 0
0.104479 0
0.045359 0
0.0502666 0
0.026399 0
0.00562047 0
0.026399 0
0.0502666 0
0.045359 0
0.104479 0
0.0472417 0
0.068499 0
0.021814 0
0.0905413 0
0.142455 0
0.150826 0
0.104479 0
0.045359 0
-0.0490623 0
-0.0397027 0
-0.0490623 0
0.045359 0
0.104479 0
0.150826 0
0.142455 0
0.0905413 0
0.0905413 0
0.068499 0
0.0472417 0
-0.0629083 0
-0.119967 0
-0.167544 0
-0.119967 0
-0.0629083 0
0.0472417 0
0.068499 0
0.0905413 0
0.021814 0
-0.0176741 0
-0.0738454 0
-0.0914714 0
-0.150429 0
-0.0914714 0
-0.0738454 0
-0.0176741 0
0.021814 0
0.0108522 0
0.0429588 0
0.0111532 0
0.0744986 0
0.0111532 0
0.0429588 0
0.0108522 0
0.0780852 0
0.138973 0
0.151269 0
0.138973 0
0.0780852 0
0.094442 0
0.0810689 0
0.094442 0
0 0
0 0
0 0
0 0
0 0
0 0
0 0
0 0
0 0
0 0
0 0
0 0
0 0
0 0
0 0
0 0
0 0
0 0
0 0
0 0
0 0
0 0
0 0
0 0
0 0
0 0
0 0
0 0
0 0
0 0
0 0
0 0
0 0
0 0
0 0
0 0
0 0
0 0
0 0
0 0
0 0
0 0
0 0
0 0
0 0
0 0
0 0
0 0
0 0
0 0
0 0
0 0
0 0
0 0
0 0
0 0
0 0
0 0
0 0
0 0
0 0
0 0
0 0
0 0
0 0
0 0
0 0
0 0
0 0
0 0
0 0
0 0
0 0
0 0
0 0
0 0
0 0
0 0
0 0
0 0
0 0
0 0
0 0
0 0
0 0
0 0
0 0
0 0
0 0
0 0
0 0
0 0
0 0
0 0
0 0
0 0
0 0
0 0
0 0
0 0
0 0
0 0
0 0
0 0
0 0
0 0
0 0
0 0
0 0
0 0
0 0
0 0
0 0
0 0
0 0
0 0
0 0
0 0
0 0
0 0
0 0
0 0
0 0
0 0
0 0
0 0
0 0
0 0
0 0
0 0
0 0
0 0
0 0
0 0
0 0
0 0
0 0
0 0
0 0
0 0
0 0
0 0
0 0
0 0
0 0
0 0
0 0
0 0
0 0
0 0
0 0
0 0
0 0
0 0
0 0
0 0
0 0
0 0
0 0
0 0
0 0
0 0
0 0
0 0
0 0
0 0
0 0
0 0
0 0
0 0
0 0
0 0
0 0
0 0
0 0
0 0
0 0
0 0
0 0
0 0
0 0
0 0
0 0
0 0
0 0
0 0
0 0
0 0
0 0
0 0
0 0
0 0
0 0
0 0
0 0
0 0
0 0
0 0
0 0
0 0
0 0
0 0
0 0
0 0
0 0
0 0
0 0
0 0
0 0
0 0
0 0
0 0
0 0
0 0
0 0
0 0
0 0
0 0
0 0
0 0
0 0
0 0
0 0
0 0
0 0
0 0
0 0
0 0
0 0
0 0
0 0
0 0
0 0
0 0
0 0
0 0
0 0
0 0
0 0
0 0
0 0
0 0
0 0
0 0
0 0
0 0
0 0
0 0
0 0
0 0
0 0
0 0
0 0
0 0
0 0
0 0
0 0
0 0
0 0
0 0
0 0
0 0
0 0
0 0
0 0
0 0
0 0
0 0
0 0
0 0
0 0
0 0
0 0
0 0
0 0
0 0
0 0
0 0
0 0
0 0
0 0
0 0
0.107952 0
0.158391 0
0.166075 0
0.145 0
0.102154 0
0.0909608 0
0.0802169 0
-0.00813745 0
0.00906481 0
0.066699 0
-0.108078 0
-0.125438 0
-0.0959688 0
-0.0376232 0
-0.085696 0
-0.0255619 0
-0.0394169 0
-0.0586123 0
0.0660688 0
0.0674946 0
0.0235416 0
-0.00687288 0
0.066292 0
-0.00904852 0
-0.0379648 0
-0.00624423 0
-0.0492279 0
-0.109843 0
-0.129269 0
-0.0724002 0
-0.0752249 0
-0.105348 0
-0.139478 0
-0.116348 0
-0.028635 0
-0.0592837 0
-0.0926077 0
-0.100476 0
-0.0156937 0
-0.0208516 0
-0.0324703 0
-0.0541498 0
0.0918331 0
0.0537296 0
0.0273516 0
-0.0707685 0
-0.116068 0
-0.0892542 0
-0.046945 0
0.0665142 0
0.110676 0
0.123063 0
0.0946784 0
0.0293384 0
0.00518283 0
0.0318611 0
0.041433 0
0.139068 0
0.0984889 0
0.117062 0
0.0438851 0
0.0049227 0
-0.0423589 0
-0.0747477 0
-0.0595286 0
-0.0431503 0
0.0491121 0
0.0899066 0
0.0920444 0
0.0789012 0
-0.0328571 0
-0.032094 0
-0.0706135 0
0.0269785 0
0.101069 0
0.181304 0
0.178648 0
0.128021 0
-0.0280177 0
-0.0223578 0
-0.019604 0
0.0366041 0
0.0666852 0
0.0683166 0
0.043801 0
-0.0591873 0
-0.122702 0
-0.191379 0
-0.157991 0
-0.102943 0
0.0251714 0
0.0600165 0
0.103325 0
-0.00402148 0
0.0130688 0
0.0374688 0
0.0368743 0
0.0473148 0
0.00409928 0
-0.0578127 0
-0.0784505 0
-0.161364 0
-0.102896 0
-0.104963 0
-0.0366104 0
0.0101332 0
-0.00326031 0
-0.0205996 0
0.00039048 0
-0.0153727 0
0.0199665 0
0.0573931 0
0.0379674 0
0.108756 0
0.0286525 0
0.0603226 0
0.0102657 0
-0.0447122 0
-0.0826789 0
-0.0558657 0
-0.0309897 0
0.0746355 0
0.145993 0
0.184591 0
0.171628 0
0.100418 0
-0.0903979 0
-0.126127 0
-0.0903514 0
-0.0515819 0
0.0779962 0
0.0857479 0
0.111425 0
-0.110584 0
-0.129306 0
-0.106791 0
-0.0657833 0
0.00864323 0
-0.0813026 0
-0.0584905 0
-0.0538017 0
-0.107943 0
-0.158215 0
-0.166361 0
-0.1457 0
-0.102525 0
-0.0911176 0
-0.0803552 0
0.00696006 0
-0.0105799 0
-0.0676578 0
0.107012 0
0.123953 0
0.0943345 0
0.0362598 0
0.0849653 0
0.0254059 0
0.0389122 0
0.0576863 0
-0.0651936 0
-0.066603 0
-0.0232306 0
0.006789 0
-0.0654187 0
0.00874725 0
0.0374473 0
0.00615482 0
0.0481762 0
0.108221 0
0.127928 0
0.0715956 0
0.0738696 0
0.105026 0
0.13927 0
0.115677 0
0.0294548 0
0.0609809 0
0.0939994 0
0.100989 0
0.0174024 0
0.0219937 0
0.0333998 0
0.0551548 0
-0.0911477 0
-0.0523228 0
-0.0262073 0
0.0721431 0
0.116269 0
0.0894081 0
0.0468986 0
-0.0660447 0
-0.10939 0
-0.121437 0
-0.0932516 0
-0.0285417 0
-0.00568808 0
-0.0327732 0
-0.0426191 0
-0.13954 0
-0.0979707 0
-0.116212 0
-0.0427777 0
-0.00350286 0
0.0442318 0
0.0765784 0
0.0605097 0
0.0433521 0
-0.049781 0
-0.0900617 0
-0.0922032 0
-0.0778589 0
0.0337977 0
0.0330127 0
0.0709984 0
-0.0273939 0
-0.101501 0
-0.181727 0
-0.17872 0
-0.127685 0
0.0290932 0
0.0229691 0
0.0198378 0
-0.0376564 0
-0.0682771 0
-0.0702723 0
-0.0450549 0
0.0584055 0
0.122914 0
0.191709 0
0.158377 0
0.103119 0
-0.0253317 0
-0.0601303 0
-0.103405 0
0.00412414 0
-0.0134429 0
-0.0385414 0
-0.0379255 0
-0.0489865 0
-0.00495366 0
0.0570489 0
0.0783227 0
0.161529 0
0.103075 0
0.105144 0
0.0366735 0
-0.0101551 0
0.00336611 0
0.0212181 0
-7.42724e-05 0
0.0165358 0
-0.0195047 0
-0.056635 0
-0.037664 0
-0.108686 0
-0.0285851 0
-0.0604164 0
-0.010279 0
0.0457189 0
0.0843856 0
0.0577741 0
0.0325282 0
-0.0736496 0
-0.146013 0
-0.184799 0
-0.172159 0
-0.100689 0
0.0914249 0
0.126792 0
0.0910107 0
0.0509005 0
-0.0788186 0
-0.086947 0
-0.112175 0
0.110436 0
0.128297 0
0.10538 0
0.0642152 0
-0.00984126 0
0.0805312 0
0.0577178 0
0.0527883 0
0 0
0 0
0 0
0 0
0 0
0 0
0 0
0 0
0 0
0 0
0 0
0 0
0 0
0 0
0 0
0 0
0 0
0 0
0 0
0 0
0 0
0 0
0 0
0 0
0 0
0 0
0 0
0 0
0 0
0 0
0 0
0 0
0 0
0 0
0 0
0 0
0 0
0 0
0 0
0 0
0 0
0 0
0 0
0 0
0 0
0 0
0 0
0 0
0 0
0 0
0 0
0 0
0 0
0 0
0 0
0 0
0 0
0 0
0 0
0 0
0 0
0 0
0 0
0 0
0 0
0 0
0 0
0 0
0 0
0 0
0 0
0 0
0 0
0 0
0 0
0 0
0 0
0 0
0 0
0 0
0 0
0 0
0 0
0 0
0 0
0 0
0 0
0 0
0 0
0 0
0 0
0 0
0 0
0 0
0 0
0 0
0 0
0 0
0 0
0 0
0 0
0 0
0 0
0 0
0 0
0 0
0 0
0 0
0 0
0 0
0 0
0 0
0 0
0 0
0 0
0 0
0 0
0 0
0 0
0 0
0 0
0 0
0 0
0 0
0 0
0 0
0 0
0 0
0 0
0 0
0 0
0 0
0 0
0 0
0 0
0 0
0 0
0 0
0 0
0 0
0 0
-0.00136629 0
-0.017196 0
0.0256341 0
0.0640251 0
0.0337966 0
0.01404 0
0.0123817 0
0.109108 0
0.140299 0
0.0884577 0
0.0993436 0
0.138276 0
0.151904 0
0.126503 0
0.0681486 0
0.0145824 0
0.0469665 0
0.0860968 0
-0.0814321 0
-0.082957 0
-0.0289347 0
0.00780648 0
-0.0812514 0
0.027957 0
0.0481426 0
0.00831564 0
0.0976851 0
0.150906 0
0.124934 0
0.0749296 0
0.125952 0
0.0303752 0
0.0199903 0
0.0627417 0
-0.0757805 0
-0.15689 0
-0.12842 0
-0.0469423 0
-0.158192 0
-0.105688 0
-0.0859302 0
-0.0927983 0
-0.0639879 0
-0.130606 0
-0.106143 0
-0.126949 0
-0.0179155 0
-0.0137766 0
0.00455487 0
-0.0438509 0
-0.119721 0
-0.151255 0
-0.132678 0
-0.0739607 0
0.0467747 0
0.084318 0
0.109649 0
0.0430031 0
-0.0485266 0
-0.0793119 0
-0.102822 0
-0.13155 0
-0.173255 0
-0.169175 0
-0.0905644 0
-0.0184613 0
0.0616982 0
0.0138773 0
0.0142073 0
-0.0969768 0
-0.0869539 0
-0.0849344 0
-0.0352709 0
0.0383379 0
0.0395078 0
0.0382081 0
0.00574405 0
-0.0318496 0
-0.0994684 0
-0.0565016 0
-0.0215538 0
0.09728 0
0.147097 0
0.180795 0
0.115916 0
0.0727466 0
-0.0189394 0
-0.0295399 0
-0.0348742 0
-0.0157432 0
0.014711 0
0.0102157 0
0.00690941 0
-0.00948805 0
0.0345857 0
0.0991584 0
0.0971754 0
0.154595 0
0.0791219 0
0.071057 0
0.0122625 0
-0.0144191 0
-0.0160286 0
-0.0162014 0
-0.00565091 0
0.00197621 0
-0.00978269 0
-0.0571822 0
-0.0292934 0
-0.107656 0
-0.0428928 0
-0.0705414 0
-0.0283134 0
-0.00712073 0
-0.00640314 0
0.008359 0
0.00117241 0
-0.0930062 0
-0.157648 0
-0.176484 0
-0.142347 0
-0.0917339 0
0.000996767 0
0.0182687 0
0.0483219 0
0.0245388 0
-0.0946534 0
-0.0609869 0
-0.0605818 0
0.0633988 0
0.0757676 0
0.110616 0
0.0688088 0
0.0143646 0
0.0941669 0
0.131256 0
0.145616 0
0.11093 0
0.0718909 0
0.0718902 0
0.0941646 0
0 0
0 0
0 0
0 0
0 0
0 0
0 0
0 0
0 0
0 0
0 0
0 0
0 0
0 0
0 0
0 0
0 0
0 0
0 0
0 0
0 0
0 0
0 0
0 0
0 0
0 0
0 0
0 0
0 0
0 0
0 0
0 0
0 0
0 0
0 0
0 0
0 0
0 0
0 0
0 0
0 0
0 0
0 0
0 0
0 0
0 0
0 0
0 0
0 0
0 0
0 0
0 0
0 0
0 0
0 0
0 0
0 0
0 0
0 0
0 0
0 0
0 0
0 0
0 0
0 0
0 0
0 0
0 0
0 0
0 0
0 0
0 0
0 0
0 0
0 0
0 0
0 0
0 0
0 0
0 0
0 0
0 0
0 0
0 0
0 0
0 0
0 0
0 0
0 0
0 0
0 0
0 0
0 0
0 0
0 0
0 0
0 0
0 0
0 0
0 0
0 0
0 0
0 0
0 0
0 0
0 0
0 0
0 0
0 0
0 0
0 0
0 0
0 0
0 0
0 0
0 0
0 0
0 0
0 0
0 0
0 0
0 0
0 0
0 0
0 0
0 0
0 0
0 0
0 0
0 0
0 0
0 0
0 0
0 0
0 0
0 0
0 0
0 0
0 0
0 0
0 0
0 0
0 0
0 0
0 0
0 0
0 0
0 0
0 0
0 0
0 0
0 0
0 0
0 0
0 0
0 0
0 0
0 0
0 0
0 0
0 0
0 0
0 0
0 0
0 0
0 0
0 0
0 0
0 0
0 0
0 0
0 0
0 0
0 0
0 0
0 0
0 0
0 0
0 0
0 0
0 0
0 0
0 0
0 0
0 0
0 0
0 0
0 0
0 0
0 0
0 0
0 0
0 0
0 0
0 0
0 0
0 0
0 0
0 0
0 0
0 0
0 0
0 0
0 0
0 0
0 0
0 0
0 0
0 0
0 0
0 0
0 0
0 0
0 0
0 0
0 0
0 0
0 0
0 0
0 0
0 0
0 0
0 0
0 0
0 0
0 0
0 0
0 0
0 0
0 0
0 0
0 0
0 0
0 0
0 0
0 0
0 0
0 0
0 0
0 0
0 0
0 0
0 0
0 0
0 0
0 0
0 0
0 0
0 0
0 0
0 0
0 0
0 0
0 0
0 0
0 0
0 0
0 0
0 0
0 0
0 0
0 0
0 0
0 0
0 0
0 0
0 0
0 0
0 0
0 0
0 0
0 0
0 0
0 0
0 0
0 0
0 0
0 0
0 0
0 0
0 0
0 0
0.000201003 0
0.0154871 0
-0.0274284 0
-0.0655942 0
-0.0349014 0
-0.0150228 0
-0.0132484 0
-0.109027 0
-0.140405 0
-0.0891829 0
-0.0981827 0
-0.13693 0
-0.150877 0
-0.126104 0
-0.0672275 0
-0.0143073 0
-0.0465438 0
-0.0854691 0
0.0807236 0
0.0822332 0
0.0286823 0
-0.00773274 0
0.0805405 0
-0.0278609 0
-0.0477356 0
-0.00824872 0
-0.0971594 0
-0.149729 0
-0.123545 0
-0.0741524 0
-0.125148 0
-0.0292397 0
-0.0184857 0
-0.0614893 0
0.076094 0
0.157539 0
0.129427 0
0.0480297 0
0.158371 0
0.105919 0
0.0862857 0
0.0933883 0
0.0630002 0
0.130034 0
0.105854 0
0.12772 0
0.0191695 0
0.0147409 0
-0.00404835 0
0.0431355 0
0.118533 0
0.149935 0
0.131664 0
0.0736483 0
-0.0468333 0
-0.0846669 0
-0.110103 0
-0.0445069 0
0.0474663 0
0.0780528 0
0.102354 0
0.131505 0
0.173723 0
0.169992 0
0.0912123 0
0.0189282 0
-0.0622319 0
-0.0148487 0
-0.0152018 0
0.0961306 0
0.0873137 0
0.0852858 0
0.0360353 0
-0.0386314 0
-0.0406012 0
-0.0401676 0
-0.00767294 0
0.0304695 0
0.0997766 0
0.0567463 0
0.0217667 0
-0.0976808 0
-0.147826 0
-0.181543 0
-0.116396 0
-0.0721119 0
0.0202651 0
0.0316076 0
0.0365817 0
0.0168555 0
-0.0149836 0
-0.0108641 0
-0.00802524 0
0.00953202 0
-0.0347287 0
-0.0995687 0
-0.0975791 0
-0.155115 0
-0.0791708 0
-0.0704371 0
-0.0114164 0
0.0161619 0
0.0171403 0
0.0173354 0
0.00604646 0
-0.00208572 0
0.00981846 0
0.0574079 0
0.0292908 0
0.107829 0
0.0426798 0
0.0699259 0
0.0279051 0
0.00594709 0
0.0060942 0
-0.00901069 0
-0.0012833 0
0.0934943 0
0.15855 0
0.177097 0
0.14269 0
0.0909335 0
-0.00257287 0
-0.0202625 0
-0.0501775 0
-0.0256242 0
0.0956348 0
0.0623521 0
0.0615607 0
-0.0628457 0
-0.076614 0
-0.111548 0
-0.0700157 0
-0.0131716 0
-0.0927765 0
-0.130111 0
-0.144914 0
-0.11103 0
-0.0710174 0
-0.0712629 0
-0.0935893 0
1.72721e-05 0
-0.0144113 0
0.0244276 0
0.0583721 0
0.0324303 0
0.0144501 0
0.0108913 0
0.0879738 0
0.108281 0
0.0742165 0
0.0783728 0
0.0851504 0
0.0735016 0
0.0809542 0
0.0393306 0
-0.0522492 0
-0.0758748 0
-0.00105686 0
-0.0807813 0
-0.158153 0
-0.187007 0
-0.117071 0
-0.0873443 0
-0.098517 0
-0.137917 0
-0.1447 0
0.00404115 0
0.0136782 0
-0.0113515 0
-0.0664744 0
0.0380247 0
0.0633903 0
0.0726681 0
0.0273065 0
0.0316499 0
0.0709862 0
0.090084 0
0.0724793 0
0.0376653 0
0.0354741 0
0.0419916 0
0.0588179 0
-0.0568053 0
-0.113145 0
-0.087945 0
-0.0952266 0
0.00286166 0
0.0232797 0
0.0554156 0
0.0618254 0
0.0290082 0
0.0840937 0
0.0605388 0
0.13919 0
0.0939132 0
0.0676504 0
0.00831593 0
-0.0870017 0
-0.0633066 0
-0.0868031 0
-0.0218828 0
-0.109317 0
-0.132325 0
-0.128748 0
-0.0615513 0
-0.00600276 0
0.0247924 0
0.0544049 0
0.0355483 0
0.0992853 0
0.103303 0
0.1581 0
0.112519 0
0.0496796 0
-0.0686141 0
-0.140371 0
-0.159588 0
-0.109727 0
-0.0590711 0
-0.000319054 0
-0.00346277 0
0.0540947 0
0.00726916 0
-0.0625642 0
-0.0738665 0
-0.138851 0
-0.0254188 0
-0.0215295 0
0.0448824 0
0.00979356 0
-0.063381 0
-0.0835013 0
-0.108256 0
0.0618174 0
0.13913 0
0.117663 0
0.0709877 0
-0.0738906 0
-0.174345 0
-0.212505 0
-0.163983 0
-0.067808 0
0.0332495 0
0.04049 0
0.0478771 0
-0.0158647 0
0.132935 0
0.159376 0
0.11563 0
0.0292835 0
-0.105095 0
-0.0909301 0
-0.0879105 0
0.0575102 0
0.10198 0
0.138236 0
0.0828826 0
0.109313 0
0.0860863 0
0.0552211 0
0.00862895 0
-0.0111776 0
0.0572019 0
0.11507 0
0.143676 0
0.125546 0
0.0287725 0
-0.0214779 0
-0.0246672 0
-0.0425412 0
0.0245547 0
0.0404769 0
0.08201 0
-0.0523337 0
-0.0960374 0
-0.0954138 0
-0.0756727 0
-0.0156739 0
-0.0679044 0
-0.0564416 0
-0.0588352 0
0 0
0 0
0 0
0 0
0 0
0 0
0 0
0 0
0 0
0 0
0 0
0 0
0 0
0 0
0 0
0 0
0 0
0 0
0 0
0 0
0 0
0 0
0 0
0 0
0 0
0 0
0 0
0 0
0 0
0 0
0 0
0 0
0 0
0 0
0 0
0 0
0 0
0 0
0 0
0 0
0 0
0 0
0 0
0 0
0 0
0 0
0 0
0 0
0 0
0 0
0 0
0 0
0 0
0 0
0 0
0 0
0 0
0 0
0 0
0 0
0 0
0 0
0 0
0 0
0 0
0 0
0 0
0 0
0 0
0 0
0 0
0 0
0 0
0 0
0 0
0 0
0 0
0 0
0 0
0 0
0 0
0 0
0 0
0 0
0 0
0 0
0 0
0 0
0 0
0 0
0 0
0 0
0 0
0 0
0 0
0 0
0 0
0 0
0 0
0 0
0 0
0 0
0 0
0 0
0 0
0 0
0 0
0 0
0 0
0 0
0 0
0 0
0 0
0 0
0 0
0 0
0 0
0 0
0 0
0 0
0 0
0 0
0 0
0 0
0 0
0 0
0 0
0 0
0 0
0 0
0 0
0 0
0 0
0 0
0 0
0 0
0 0
0 0
0 0
0 0
0 0
0 0
0 0
0 0
0 0
0 0
0 0
0 0
0 0
0 0
0 0
0 0
0 0
0 0
0 0
0 0
0 0
0 0
0 0
0 0
0 0
0 0
0 0
0 0
0 0
0 0
0 0
0 0
0 0
0 0
0 0
0 0
0 0
0 0
0 0
0 0
0 0
0 0
0 0
0 0
0 0
0 0
0 0
0 0
0 0
0 0
0 0
0 0
0 0
0 0
0 0
0 0
0 0
0 0
0 0
0 0
0 0
0 0
0 0
0 0
0 0
0 0
0 0
0 0
0 0
0 0
0 0
0 0
0 0
0 0
0 0
0 0
0 0
0 0
0 0
0 0
0 0
0 0
0 0
0 0
0 0
0 0
0 0
0 0
0 0
0 0
0 0
0 0
0 0
0 0
0 0
0 0
0 0
0 0
0 0
0 0
0 0
0 0
0 0
0 0
0 0
0 0
0 0
0 0
0 0
0 0
0 0
0 0
0 0
0 0
0 0
0 0
0 0
0 0
0 0
0 0
0 0
0 0
0 0
0 0
0 0
0 0
0 0
0 0
0 0
0 0
0 0
0 0
0 0
0 0
0 0
0 0
0 0
0 0
0 0
0 0
0 0
0 0
0 0
0 0
0 0
0 0
-7.62278e-06 0
-0.0144463 0
0.0243924 0
0.0583438 0
0.0324084 0
0.0144292 0
0.0108756 0
0.087982 0
0.108295 0
0.0742101 0
0.078393 0
0.0851918 0
0.0735536 0
0.0809835 0
0.0393513 0
-0.0522113 0
-0.0758234 0
-0.00101082 0
-0.0807684 0
-0.158137 0
-0.186988 0
-0.117039 0
-0.0873399 0
-0.0985393 0
-0.137946 0
-0.144705 0
0.00401596 0
0.0136266 0
-0.0114099 0
-0.0665135 0
0.0379925 0
0.0633665 0
0.0726356 0
0.027266 0
0.0316612 0
0.0710115 0
0.0900969 0
0.0724706 0
0.037698 0
0.0354953 0
0.0420066 0
0.0588304 0
-0.056824 0
-0.113152 0
-0.0879532 0
-0.0952225 0
0.00285753 0
0.0232461 0
0.0553829 0
0.0617647 0
0.028983 0
0.084085 0
0.0605547 0
0.13923 0
0.0939306 0
0.0676746 0
0.0083189 0
-0.0869869 0
-0.0632828 0
-0.0867756 0
-0.021856 0
-0.109305 0
-0.132292 0
-0.128726 0
-0.06154 0
-0.00604124 0
0.0247283 0
0.0543265 0
0.0354971 0
0.099275 0
0.10334 0
0.158156 0
0.112569 0
0.0497136 0
-0.068612 0
-0.140365 0
-0.159591 0
-0.109716 0
-0.0590305 0
-0.000260622 0
-0.00342034 0
0.0541202 0
0.007242 0
-0.0625866 0
-0.0738929 0
-0.138837 0
-0.0253821 0
-0.0214984 0
0.0449042 0
0.00976144 0
-0.0634165 0
-0.0835511 0
-0.10828 0
0.0618656 0
0.13918 0
0.117705 0
0.0710069 0
-0.0738872 0
-0.174334 0
-0.212483 0
-0.163959 0
-0.0677967 0
0.0332196 0
0.0404316 0
0.0478081 0
-0.0159176 0
0.132957 0
0.159375 0
0.115628 0
0.0292606 0
-0.105096 0
-0.0909207 0
-0.0878893 0
0.057524 0
0.10196 0
0.138207 0
0.0828389 0
0.10929 0
0.086037 0
0.0551733 0
0.00859395 0
-0.0111764 0
0.0572301 0
0.1151 0
0.143702 0
0.125544 0
0.0287321 0
-0.0215191 0
-0.0246992 0
-0.0425368 0
0.0245868 0
0.0405162 0
0.082039 0
-0.0523541 0
-0.0960418 0
-0.0954039 0
-0.0756506 0
-0.0156466 0
-0.0679037 0
-0.0564358 0
-0.0588228 0
0 0
0 0
0 0
0 0
0 0
0 0
0 0
0 0
0 0
0 0
0 0
0 0
0 0
0 0
0 0
0 0
0 0
0 0
0 0
0 0
0 0
0 0
0 0
0 0
0 0
0 0
0 0
0 0
0 0
0 0
0 0
0 0
0 0
0 0
0 0
0 0
0 0
0 0
0 0
0 0
0 0
0 0
0 0
0 0
0 0
0 0
0 0
0 0
0 0
0 0
0 0
0 0
0 0
0 0
0 0
0 0
0 0
0 0
0 0
0 0
0 0
0 0
0 0
0 0
0 0
0 0
0 0
0 0
0 0
0 0
0 0
0 0
0 0
0 0
0 0
0 0
0 0
0 0
0 0
0 0
0 0
0 0
0 0
0 0
0 0
0 0
0 0
0 0
0 0
0 0
0 0
0 0
0 0
0 0
0 0
0 0
0 0
0 0
0 0
0 0
0 0
0 0
0 0
0 0
0 0
0 0
0 0
0 0
0 0
0 0
0 0
0 0
0 0
0 0
0 0
0 0
0 0
0 0
0 0
0 0
0 0
0 0
0 0
0 0
0 0
0 0
0 0
0 0
0 0
0 0
0 0
0 0
0 0
0 0
0 0
0 0
0 0
0 0
0 0
0 0
0 0
-0.0679271 0
-0.0956944 0
-0.09608 0
-0.0772147 0
-0.0596974 0
-0.0568357 0
-0.0428383 0
0.0222762 0
0.0376758 0
-0.0176081 0
0.0551837 0
0.112894 0
0.141813 0
0.0799328 0
0.0565068 0
0.103371 0
0.140253 0
0.125614 0
0.0353601 0
0.0446139 0
0.0527534 0
0.0859527 0
0.012067 0
-0.0608412 0
-0.0799441 0
-0.012109 0
-0.0687416 0
-0.140773 0
-0.159345 0
-0.106564 0
-0.0880186 0
-0.064975 0
-0.0887203 0
-0.110472 0
0.0308377 0
0.0691644 0
0.0353363 0
-0.0237738 0
0.0891346 0
0.0579152 0
0.0409139 0
0.0339569 0
-0.0508745 0
-0.0185441 0
-0.0223895 0
0.0111069 0
-0.0112556 0
-0.091565 0
-0.0893796 0
-0.165644 0
-0.0685842 0
-0.0237223 0
0.0433236 0
0.108938 0
0.047255 0
0.0659143 0
0.00810251 0
0.0402985 0
0.0650565 0
0.0749481 0
0.0730718 0
0.0316232 0
0.0895539 0
0.0585855 0
0.0308929 0
-0.104974 0
-0.175046 0
-0.213988 0
-0.139821 0
-0.0280077 0
0.100652 0
0.154042 0
0.136312 0
0.0926528 0
0.00582586 0
0.0173311 0
-0.00720729 0
0.0301674 0
0.110884 0
0.159437 0
0.115758 0
0.069605 0
-0.0741037 0
-0.0609586 0
-0.0719708 0
0.0391689 0
0.0999785 0
0.0846809 0
0.0593922 0
-0.0876275 0
-0.096902 0
-0.135792 0
-0.0636825 0
0.131372 0
0.135559 0
0.114644 0
0.0522674 0
0.00919207 0
0.029332 0
0.0599461 0
0.0661078 0
0.0307801 0
-0.081672 0
-0.159257 0
-0.188313 0
-0.144335 0
0.0583825 0
-0.00446158 0
-0.0064693 0
-0.0623326 0
-0.00327316 0
0.0256508 0
0.0577187 0
0.0378487 0
-0.054917 0
-0.0794927 0
-0.119263 0
-0.0619317 0
-0.134606 0
-0.130225 0
-0.0954821 0
0.00315312 0
0.0769117 0
0.0821875 0
0.0697914 0
-0.00432032 0
-0.1101 0
-0.112624 0
-0.0873327 0
0.0120006 0
0.0873645 0
0.107264 0
0.0788492 0
-0.0554638 0
-0.0119198 0
0.0269156 0
0.0603581 0
0.0746483 0
0.00178221 0
0.0159218 0
0.0339701 0
-0.0679271 0
-0.0956997 0
-0.096071 0
-0.0771933 0
-0.0596856 0
-0.0568305 0
-0.0428343 0
0.0223085 0
0.0377155 0
-0.0175809 0
0.0552124 0
0.112925 0
0.14184 0
0.0799625 0
0.0565212 0
0.103352 0
0.140225 0
0.125614 0
0.0353305 0
0.044556 0
0.0526849 0
0.0859098 0
0.012035 0
-0.0608773 0
-0.0799946 0
-0.012162 0
-0.0687402 0
-0.140768 0
-0.159349 0
-0.106588 0
-0.0880046 0
-0.0649518 0
-0.0886937 0
-0.110462 0
0.0308493 0
0.0691904 0
0.0353693 0
-0.0237472 0
0.0891484 0
0.0579282 0
0.0409293 0
0.0339785 0
-0.0508953 0
-0.0185856 0
-0.0224217 0
0.011072 0
-0.0112546 0
-0.0915565 0
-0.0893593 0
-0.165621 0
-0.0685736 0
-0.0236914 0
0.0433458 0
0.108989 0
0.0472894 0
0.0659391 0
0.00810556 0
0.0402666 0
0.0650333 0
0.0749163 0
0.0730638 0
0.0315831 0
0.0895054 0
0.0585383 0
0.0308703 0
-0.104976 0
-0.175037 0
-0.213968 0
-0.139808 0
-0.0279713 0
0.10069 0
0.1541 0
0.136353 0
0.092671 0
0.00580071 0
0.0172797 0
-0.00726578 0
0.0301272 0
0.110863 0
0.159437 0
0.115757 0
0.0696249 0
-0.0741011 0
-0.0609816 0
-0.0719979 0
0.039118 0
0.0999692 0
0.084673 0
0.0594086 0
-0.0876239 0
-0.0969252 0
-0.135822 0
-0.0637222 0
0.131395 0
0.13561 0
0.114687 0
0.0522934 0
0.00916499 0
0.0292681 0
0.0598682 0
0.0660477 0
0.0307553 0
-0.0816598 0
-0.159243 0
-0.188295 0
-0.144341 0
0.0584313 0
-0.00440317 0
-0.00642692 0
-0.0623219 0
-0.00331167 0
0.0256174 0
0.0576865 0
0.0378698 0
-0.0548796 0
-0.079442 0
-0.119233 0
-0.0618916 0
-0.134574 0
-0.130205 0
-0.095479 0
0.00314902 0
0.0769327 0
0.0822297 0
0.0698441 0
-0.0042743 0
-0.11009 0
-0.112632 0
-0.0873418 0
0.011985 0
0.0873735 0
0.107279 0
0.0788793 0
-0.0554829 0
-0.011955 0
0.0268806 0
0.0603304 0
0.0746425 0
0.00175732 0
0.0159011 0
0.0339486 0
0 0
0 0
0 0
0 0
0 0
0 0
0 0
0 0
0 0
0 0
0 0
0 0
0 0
0 0
0 0
0 0
0 0
0 0
0 0
0 0
0 0
0 0
0 0
0 0
0 0
0 0
0 0
0 0
0 0
0 0
0 0
0 0
0 0
0 0
0 0
0 0
0 0
0 0
0 0
0 0
0 0
0 0
0 0
0 0
0 0
0 0
0 0
0 0
0 0
0 0
0 0
0 0
0 0
0 0
0 0
0 0
0 0
0 0
0 0
0 0
0 0
0 0
0 0
0 0
0 0
0 0
0 0
0 0
0 0
0 0
0 0
0 0
0 0
0 0
0 0
0 0
0 0
0 0
0 0
0 0
0 0
0 0
0 0
0 0
0 0
0 0
0 0
0 0
0 0
0 0
0 0
0 0
0 0
0 0
0 0
0 0
0 0
0 0
0 0
0 0
0 0
0 0
0 0
0 0
0 0
0 0
0 0
0 0
0 0
0 0
0 0
0 0
0 0
0 0
0 0
0 0
0 0
0 0
0 0
0 0
0 0
0 0
0 0
0 0
0 0
0 0
0 0
0 0
0 0
0 0
0 0
0 0
0 0
0 0
0 0
0 0
0 0
0 0
0 0
0 0
0 0
0 0
0 0
0 0
0 0
0 0
0 0
0 0
0 0
0 0
0 0
0 0
0 0
0 0
0 0
0 0
0 0
0 0
0 0
0 0
0 0
0 0
0 0
0 0
0 0
0 0
0 0
0 0
0 0
0 0
0 0
0 0
0 0
0 0
0 0
0 0
0 0
0 0
0 0
0 0
0 0
0 0
0 0
0 0
0 0
0 0
0 0
0 0
0 0
0 0
0 0
0 0
0 0
0 0
0 0
0 0
0 0
0 0
0 0
0 0
0 0
0 0
0 0
0 0
0 0
0 0
0 0
0 0
0 0
0 0
0 0
0 0
0 0
0 0
0 0
0 0
0 0
0 0
0 0
0 0
0 0
0 0
0 0
0 0
0 0
0 0
0 0
0 0
0 0
0 0
0 0
0 0
0 0
0 0
0 0
0 0
0 0
0 0
0 0
0 0
0 0
0 0
0 0
0 0
0 0
0 0
0 0
0 0
0 0
0 0
0 0
0 0
0 0
0 0
0 0
0 0
0 0
0 0
0 0
0 0
0 0
0 0
0 0
0 0
0 0
0 0
0 0
0 0
0 0
0 0
0 0
0 0
0 0
0 0
0 0
0 0
0 0
0 0
0 0
0 0
0 0
0 0
0.000815931 0
-0.0172226 0
0.0187293 0
0.0629167 0
0.0389646 0
0.0189367 0
-0.00634925 0
0.0489857 0
0.0935364 0
0.0744762 0
0.0157177 0
0.012869 0
0.0598816 0
0.0730314 0
-0.0485652 0
-0.0433432 0
0.0239237 0
0.0398937 0
-0.0664101 0
0.0268366 0
0.0888978 0
0.0537063 0
0.0338883 0
0.0863111 0
0.134211 0
0.106206 0
0.013216 0
-0.0222543 0
0.0536372 0
0.0894209 0
-0.113603 0
-0.0513954 0
0.0419658 0
0.0455098 0
-0.0363297 0
0.107167 0
0.155593 0
0.0940438 0
0.105863 0
0.101973 0
0.108353 0
0.125646 0
-0.055725 0
-0.0998396 0
-0.0810529 0
-0.0640801 0
-0.0288363 0
-0.0122144 0
-0.0715474 0
-0.0895211 0
-0.123002 0
-0.102461 0
-0.0419581 0
-0.0195695 0
-0.0362937 0
-0.0698892 0
-0.164998 0
-0.163121 0
-0.13209 0
-0.0780322 0
0.0132485 0
-0.0729566 0
-0.0534213 0
-0.0247247 0
0.0655618 0
0.0747248 0
0.103628 0
0.0064912 0
-0.000470759 0
-0.0502806 0
-0.00269363 0
0.0371419 0
0.100288 0
0.0544744 0
0.0840366 0
-0.0455828 0
-0.016672 0
-0.0450819 0
-0.0145415 0
0.0228737 0
0.0877265 0
0.0958527 0
0.136477 0
0.0872179 0
0.0428005 0
0.00316439 0
0.00748012 0
0.0152428 0
0.119059 0
0.134579 0
0.167645 0
0.133559 0
0.0556416 0
-0.0251338 0
-0.0756727 0
-0.0228442 0
-0.0681691 0
0.00394259 0
-0.0107666 0
-0.0436331 0
-0.0840585 0
-0.0945186 0
-0.129741 0
-0.00399242 0
-0.0132251 0
0.0572824 0
-0.110989 0
-0.157483 0
-0.124302 0
-0.0354714 0
0.0170731 0
0.0821036 0
-0.0384311 0
-0.0787778 0
-0.174038 0
-0.157084 0
-0.0810722 0
-0.0955353 0
-0.0432096 0
0.0327138 0
0.147403 0
0.193834 0
0.177683 0
0.046979 0
-0.000215905 0
-0.0748794 0
-0.0279495 0
-0.0155042 0
0.0831042 0
0.042679 0
0.132448 0
0.0578738 0
0.0274468 0
-0.0877246 0
-0.16878 0
-0.125896 0
-0.138371 0
-0.0383188 0
-0.140938 0
-0.12729 0
-0.126462 0
-0.000640754 0
-0.0189202 0
0.0173817 0
0.0613267 0
0.0375591 0
0.0175742 0
-0.00589243 0
0.0502266 0
0.093893 0
0.073889 0
0.0175111 0
0.0133207 0
0.0597253 0
0.0731267 0
-0.0492533 0
-0.0450278 0
0.0222409 0
0.0390182 0
-0.0675782 0
0.0267263 0
0.0885325 0
0.0527313 0
0.03519 0
0.0878192 0
0.135244 0
0.106524 0
0.0140493 0
-0.0226675 0
0.0533271 0
0.0897651 0
-0.114994 0
-0.0526264 0
0.0410525 0
0.0449274 0
-0.0366112 0
0.107997 0
0.156285 0
0.0939385 0
0.107197 0
0.103008 0
0.109193 0
0.126375 0
-0.056487 0
-0.0997427 0
-0.0799866 0
-0.0623938 0
-0.0267615 0
-0.0113356 0
-0.07176 0
-0.0901583 0
-0.123661 0
-0.10204 0
-0.0406213 0
-0.0184841 0
-0.0356381 0
-0.0704307 0
-0.166276 0
-0.163874 0
-0.13228 0
-0.0773983 0
0.014185 0
-0.0730573 0
-0.0537298 0
-0.0243234 0
0.065027 0
0.0747087 0
0.10325 0
0.00602416 0
-0.000436888 0
-0.050074 0
-0.0027145 0
0.0374297 0
0.0998276 0
0.0539596 0
0.0839568 0
-0.0456952 0
-0.0160755 0
-0.0444962 0
-0.0154901 0
0.0211895 0
0.0862178 0
0.0949025 0
0.136166 0
0.0878936 0
0.043132 0
0.00315139 0
0.00694194 0
0.0141461 0
0.11832 0
0.134583 0
0.168105 0
0.1346 0
0.0564213 0
-0.0262146 0
-0.0762589 0
-0.0230212 0
-0.0670044 0
0.00534098 0
-0.00966933 0
-0.0434538 0
-0.0847661 0
-0.0955449 0
-0.130092 0
-0.00370517 0
-0.0122736 0
0.0582311 0
-0.110962 0
-0.156841 0
-0.123077 0
-0.0347035 0
0.0178004 0
0.0817662 0
-0.0390706 0
-0.0790763 0
-0.174037 0
-0.156433 0
-0.0803092 0
-0.0954395 0
-0.0436497 0
0.0323744 0
0.146363 0
0.193038 0
0.177388 0
0.0469909 0
0.000402673 0
-0.074275 0
-0.0286305 0
-0.0164947 0
0.0820538 0
0.0425036 0
0.132613 0
0.0586903 0
0.0281299 0
-0.088074 0
-0.168524 0
-0.125379 0
-0.137365 0
-0.0374515 0
-0.140567 0
-0.126767 0
-0.125735 0
0 0
0 0
0 0
0 0
0 0
0 0
0 0
0 0
0 0
0 0
0 0
0 0
0 0
0 0
0 0
0 0
0 0
0 0
0 0
0 0
0 0
0 0
0 0
0 0
0 0
0 0
0 0
0 0
0 0
0 0
0 0
0 0
0 0
0 0
0 0
0 0
0 0
0 0
0 0
0 0
0 0
0 0
0 0
0 0
0 0
0 0
0 0
0 0
0 0
0 0
0 0
0 0
0 0
0 0
0 0
0 0
0 0
0 0
0 0
0 0
0 0
0 0
0 0
0 0
0 0
0 0
0 0
0 0
0 0
0 0
0 0
0 0
0 0
0 0
0 0
0 0
0 0
0 0
0 0
0 0
0 0
0 0
0 0
0 0
0 0
0 0
0 0
0 0
0 0
0 0
0 0
0 0
0 0
0 0
0 0
0 0
0 0
0 0
0 0
0 0
0 0
0 0
0 0
0 0
0 0
0 0
0 0
0 0
0 0
0 0
0 0
0 0
0 0
0 0
0 0
0 0
0 0
0 0
0 0
0 0
0 0
0 0
0 0
0 0
0 0
0 0
0 0
0 0
0 0
0 0
0 0
0 0
0 0
0 0
0 0
0 0
0 0
0 0
0 0
0 0
0 0
0 0
0 0
0 0
0 0
0 0
0 0
0 0
0 0
0 0
0 0
0 0
0 0
0 0
0 0
0 0
0 0
0 0
0 0
0 0
0 0
0 0
0 0
0 0
0 0
0 0
0 0
0 0
0 0
0 0
0 0
0 0
0 0
0 0
0 0
0 0
0 0
0 0
0 0
0 0
0 0
0 0
0 0
0 0
0 0
0 0
0 0
0 0
0 0
0 0
0 0
0 0
0 0
0 0
0 0
0 0
0 0
0 0
0 0
0 0
0 0
0 0
0 0
0 0
0 0
0 0
0 0
0 0
0 0
0 0
0 0
0 0
0 0
0 0
0 0
0 0
0 0
0 0
0 0
0 0
0 0
0 0
0 0
0 0
0 0
0 0
0 0
0 0
0 0
0 0
0 0
0 0
0 0
0 0
0 0
0 0
0 0
0 0
0 0
0 0
0 0
0 0
0 0
0 0
0 0
0 0
0 0
0 0
0 0
0 0
0 0
0 0
0 0
0 0
0 0
0 0
0 0
0 0
0 0
0 0
0 0
0 0
0 0
0 0
0 0
0 0
0 0
0 0
0 0
0 0
0 0
0 0
0 0
0 0
0 0
0 0
0 0
0 0
0 0
0 0
0 0
0 0
-0.145555 0
-0.16972 0
-0.134559 0
-0.158566 0
-0.140245 0
-0.136049 0
0.0456157 0
0.124242 0
0.0361005 0
-0.0582969 0
0.179281 0
0.0452046 0
-0.0153215 0
0.00989143 0
-0.068998 0
-0.168556 0
-0.168033 0
-0.087282 0
-0.117057 0
-0.0108841 0
-0.0360541 0
-0.0971513 0
0.130247 0
0.15113 0
0.103899 0
0.032296 0
0.0833345 0
-0.0413982 0
-0.0307181 0
0.0348361 0
-0.139582 0
-0.123265 0
-0.0910559 0
-0.0579679 0
-0.0283065 0
0.0834995 0
0.0699448 0
-0.0100495 0
0.13377 0
0.103867 0
0.0844241 0
0.073484 0
-0.0764196 0
0.00918451 0
0.106142 0
0.168174 0
0.207172 0
0.0877531 0
-0.0215936 0
-0.0641172 0
-0.0664627 0
0.0415548 0
0.133365 0
0.108361 0
0.0653306 0
-0.0544545 0
-0.128559 0
-0.0760287 0
-0.0196983 0
0.0629546 0
0.0936467 0
-0.0104286 0
-0.0310921 0
0.0399719 0
-0.0531126 0
-0.001234 0
-0.0372327 0
-0.0466355 0
0.00338213 0
0.0203922 0
-0.00209875 0
0.0289393 0
-0.045469 0
-0.0511651 0
-0.00755972 0
-0.0114574 0
0.0595197 0
0.0583013 0
-0.0948588 0
-0.168179 0
-0.150312 0
-0.0944714 0
-0.0303458 0
0.0679562 0
0.0333482 0
-0.00128338 0
-0.0537404 0
-0.109511 0
-0.0732915 0
0.00101556 0
0.0467417 0
0.104735 0
0.07819 0
-0.108125 0
-0.0589607 0
-0.0177991 0
0.116041 0
0.139754 0
0.109586 0
0.0176962 0
-0.0711281 0
-0.103019 0
-0.0357752 0
0.0286832 0
0.0950148 0
0.0950866 0
0.00206468 0
0.063298 0
0.121814 0
0.0765577 0
0.0727587 0
-0.0332986 0
-0.0640966 0
-0.0302219 0
-0.000817199 0
0.0642803 0
0.0758291 0
0.00909203 0
-0.0441982 0
-0.0337472 0
-0.103253 0
-0.078613 0
-0.0285921 0
0.00142628 0
0.0618102 0
0.0600227 0
-0.0681927 0
-0.0990552 0
-0.104544 0
-0.0173092 0
0.0171228 0
0.0818714 0
0.0683966 0
-0.0353498 0
0.0247953 0
0.0510595 0
0.0997753 0
0.086469 0
0.0363782 0
0.0516248 0
0.0720708 0
-0.145556 0
-0.169539 0
-0.13474 0
-0.159187 0
-0.140628 0
-0.136232 0
0.0456769 0
0.123746 0
0.0351627 0
-0.0590393 0
0.179115 0
0.0450735 0
-0.01592 0
0.00916007 0
-0.0685085 0
-0.168114 0
-0.168264 0
-0.0876769 0
-0.116386 0
-0.0111521 0
-0.036942 0
-0.0976839 0
0.129901 0
0.150258 0
0.10255 0
0.0312315 0
0.0831981 0
-0.0411734 0
-0.0312534 0
0.0339395 0
-0.138438 0
-0.122744 0
-0.0914713 0
-0.0584205 0
-0.0279415 0
0.0824229 0
0.0683842 0
-0.0109901 0
0.132704 0
0.102841 0
0.0833355 0
0.0722229 0
-0.0758581 0
0.0101832 0
0.106948 0
0.168807 0
0.20745 0
0.0878709 0
-0.0208766 0
-0.0632181 0
-0.0652284 0
0.0425781 0
0.133778 0
0.108551 0
0.0656905 0
-0.0537523 0
-0.126901 0
-0.0743925 0
-0.0183754 0
0.0637324 0
0.0935094 0
-0.009698 0
-0.0305559 0
0.0402173 0
-0.0537661 0
-0.00198175 0
-0.0382679 0
-0.0466981 0
0.00338667 0
0.0208944 0
-0.00207169 0
0.0285661 0
-0.0464703 0
-0.0517077 0
-0.00840035 0
-0.0110007 0
0.0596836 0
0.0587495 0
-0.0947086 0
-0.1684 0
-0.151183 0
-0.0954259 0
-0.0317101 0
0.0670799 0
0.0329182 0
-0.00131498 0
-0.0538125 0
-0.109658 0
-0.0744793 0
-0.000331293 0
0.0450616 0
0.103393 0
0.0776292 0
-0.107868 0
-0.0582004 0
-0.0175696 0
0.116718 0
0.139708 0
0.109688 0
0.018132 0
-0.0702833 0
-0.102068 0
-0.034475 0
0.0287217 0
0.0951424 0
0.0945086 0
0.0031753 0
0.0648708 0
0.123052 0
0.0769089 0
0.0725842 0
-0.0341186 0
-0.0637088 0
-0.029432 0
0.000924528 0
0.0658492 0
0.0766366 0
0.0100477 0
-0.0437636 0
-0.0340728 0
-0.104723 0
-0.0805488 0
-0.0303689 0
0.000956067 0
0.0618093 0
0.0607691 0
-0.0679096 0
-0.0988951 0
-0.10537 0
-0.0177355 0
0.0157964 0
0.0812881 0
0.0681185 0
-0.0344702 0
0.0264831 0
0.0523168 0
0.101155 0
0.0868482 0
0.0377868 0
0.0528961 0
0.0733328 0
0 0
0 0
0 0
0 0
0 0
0 0
0 0
0 0
0 0
0 0
0 0
0 0
0 0
0 0
0 0
0 0
0 0
0 0
0 0
0 0
0 0
0 0
0 0
0 0
0 0
0 0
0 0
0 0
0 0
0 0
0 0
0 0
0 0
0 0
0 0
0 0
0 0
0 0
0 0
0 0
0 0
0 0
0 0
0 0
0 0
0 0
0 0
0 0
0 0
0 0
0 0
0 0
0 0
0 0
0 0
0 0
0 0
0 0
0 0
0 0
0 0
0 0
0 0
0 0
0 0
0 0
0 0
0 0
0 0
0 0
0 0
0 0
0 0
0 0
0 0
0 0
0 0
0 0
0 0
0 0
0 0
0 0
0 0
0 0
0 0
0 0
0 0
0 0
0 0
0 0
0 0
0 0
0 0
0 0
0 0
0 0
0 0
0 0
0 0
0 0
0 0
0 0
0 0
0 0
0 0
0 0
0 0
0 0
0 0
0 0
0 0
0 0
0 0
0 0
0 0
0 0
0 0
0 0
0 0
0 0
0 0
0 0
0 0
0 0
0 0
0 0
0 0
0 0
0 0
0 0
0 0
0 0
0 0
0 0
0 0
0 0
0 0
0 0
0 0
0 0
0 0
-0.0385979 0
-0.0800641 0
9.72157e-16 0
0.0800641 0
0.0385979 0
1.51776e-15 0
-5.6906e-16 0
0.12748 0
0.18437 0
0.12748 0
0.0800641 0
0.0385979 0
0.0800641 0
0.12748 0
-0.0800641 0
-0.12748 0
-0.0800641 0
-3.53535e-16 0
-0.104306 0
1.36401e-16 0
8.4857e-16 0
-0.0385979 0
0.104306 0
0.12748 0
0.0800641 0
0.0385979 0
0.0800641 0
-0.0385979 0
-0.0800641 0
-9.38916e-16 0
-0.0800641 0
-0.12748 0
-0.18437 0
-0.12748 0
1.94369e-17 0
3.53965e-16 0
-0.0800641 0
-0.12748 0
0.0800641 0
0.0385979 0
1.7838e-16 0
-0.0385979 0
-0.12748 0
-0.18437 0
-0.12748 0
-0.0800641 0
-5.77292e-16 0
6.88732e-16 0
-0.0771957 0
-0.0800641 0
-0.0888822 0
-1.21748e-15 0
0.0888822 0
0.0800641 0
0.0771957 0
1.66936e-15 0
8.41085e-16 0
0.0800641 0
0.12748 0
0.18437 0
0.12748 0
-0.12748 0
-0.0800641 0
-0.0385979 0
0.0800641 0
0.0771957 0
0.0800641 0
4.25629e-16 0
-1.08987e-15 0
-1.44695e-15 0
-8.84019e-16 0
3.27187e-16 0
-0.0800641 0
-0.0771957 0
-0.0800641 0
0.0385979 0
0.0800641 0
0.12748 0
-5.81099e-16 0
0.0800641 0
0.12748 0
0.104306 0
0.0888822 0
-1.0517e-16 0
-1.38678e-15 0
-1.00686e-15 0
-9.29443e-16 0
5.07392e-16 0
-0.0888822 0
-0.104306 0
-0.12748 0
-0.0800641 0
-1.53682e-15 0
0.0385979 0
-5.90155e-16 0
-1.18145e-16 0
-0.104306 0
-0.0888822 0
-0.0800641 0
1.18831e-16 0
0.0800641 0
0.0888822 0
0.104306 0
-2.92691e-16 0
-7.24656e-16 0
-0.0385979 0
-0.0385979 0
-0.0800641 0
-0.12748 0
-0.0800641 0
-0.0771957 0
1.22536e-15 0
0.0771957 0
0.0800641 0
0.12748 0
0.0800641 0
0.0385979 0
-1.07271e-15 0
0.0800641 0
0.0385979 0
0.0800641 0
1.05462e-15 0
-0.0800641 0
-0.0385979 0
-0.0800641 0
-5.04054e-16 0
0.12748 0
0.18437 0
0.12748 0
-8.86062e-17 0
-0.12748 0
-0.18437 0
-0.12748 0
0.12748 0
0.0800641 0
-2.86829e-16 0
-0.0800641 0
-0.12748 0
0.0385979 0
5.52778e-17 0
-0.0385979 0
0 0
0 0
0 0
0 0
0 0
0 0
0 0
0 0
0 0
0 0
0 0
0 0
0 0
0 0
0 0
0 0
0 0
0 0
0 0
0 0
0 0
0 0
0 0
0 0
0 0
0 0
0 0
0 0
0 0
0 0
0 0
0 0
0 0
0 0
0 0
0 0
0 0
0 0
0 0
0 0
0 0
0 0
0 0
0 0
0 0
0 0
0 0
0 0
0 0
0 0
0 0
0 0
0 0
0 0
0 0
0 0
0 0
0 0
0 0
0 0
0 0
0 0
0 0
0 0
0 0
0 0
0 0
0 0
0 0
0 0
0 0
0 0
0 0
0 0
0 0
0 0
0 0
0 0
0 0
0 0
0 0
0 0
0 0
0 0
0 0
0 0
0 0
0 0
0 0
0 0
0 0
0 0
0 0
0 0
0 0
0 0
0 0
0 0
0 0
0 0
0 0
0 0
0 0
0 0
0 0
0 0
0 0
0 0
0 0
0 0
0 0
0 0
0 0
0 0
0 0
0 0
0 0
0 0
0 0
0 0
0 0
0 0
0 0
0 0
0 0
0 0
0 0
0 0
0 0
0 0
0 0
0 0
0 0
0 0
0 0
0 0
0 0
0 0
0 0
0 0
0 0
0 0
0 0
0 0
0 0
0 0
0 0
0 0
0 0
0 0
0 0
0 0
0 0
0 0
0 0
0 0
0 0
0 0
0 0
0 0
0 0
0 0
0 0
0 0
0 0
0 0
0 0
0 0
0 0
0 0
0 0
0 0
0 0
0 0
0 0
0 0
0 0
0 0
0 0
0 0
0 0
0 0
0 0
0 0
0 0
0 0
0 0
0 0
0 0
0 0
0 0
0 0
0 0
0 0
0 0
0 0
0 0
0 0
0 0
0 0
0 0
0 0
0 0
0 0
0 0
0 0
0 0
0 0
0 0
0 0
0 0
0 0
0 0
0 0
0 0
0 0
0 0
0 0
0 0
0 0
0 0
0 0
0 0
0 0
0 0
0 0
0 0
0 0
0 0
0 0
0 0
0 0
0 0
0 0
0 0
0 0
0 0
0 0
0 0
0 0
0 0
0 0
0 0
0 0
0 0
0 0
0 0
0 0
0 0
0 0
0 0
0 0
0 0
0 0
0 0
0 0
0 0
0 0
0 0
0 0
0 0
0 0
0 0
0 0
0 0
0 0
0 0
0 0
0 0
0 0
0 0
0 0
0 0
0 0
0 0
0 0
0 0
0 0
0 0
0 0
0 0
0 0
0.0385979 0
0.0800641 0
-5.30378e-15 0
-0.0800641 0
-0.0385979 0
-5.31939e-15 0
9.71697e-16 0
-0.12748 0
-0.18437 0
-0.12748 0
-0.0800641 0
-0.0385979 0
-0.0800641 0
-0.12748 0
0.0800641 0
0.12748 0
0.0800641 0
-1.62427e-15 0
0.104306 0
-2.44644e-16 0
-4.84739e-16 0
0.0385979 0
-0.104306 0
-0.12748 0
-0.0800641 0
-0.0385979 0
-0.0800641 0
0.0385979 0
0.0800641 0
1.23621e-15 0
0.0800641 0
0.12748 0
0.18437 0
0.12748 0
-2.61102e-16 0
1.6147e-15 0
0.0800641 0
0.12748 0
-0.0800641 0
-0.0385979 0
1.25981e-15 0
0.0385979 0
0.12748 0
0.18437 0
0.12748 0
0.0800641 0
5.33678e-15 0
8.15109e-16 0
0.0771957 0
0.0800641 0
0.0888822 0
1.58535e-15 0
-0.0888822 0
-0.0800641 0
-0.0771957 0
-2.13267e-15 0
-3.11204e-15 0
-0.0800641 0
-0.12748 0
-0.18437 0
-0.12748 0
0.12748 0
0.0800641 0
0.0385979 0
-0.0800641 0
-0.0771957 0
-0.0800641 0
-1.69272e-15 0
1.52878e-15 0
2.0229e-15 0
1.62963e-15 0
8.11736e-16 0
0.0800641 0
0.0771957 0
0.0800641 0
-0.0385979 0
-0.0800641 0
-0.12748 0
-1.07833e-15 0
-0.0800641 0
-0.12748 0
-0.104306 0
-0.0888822 0
1.87335e-15 0
2.3837e-15 0
1.49661e-15 0
2.96164e-16 0
-2.59246e-15 0
0.0888822 0
0.104306 0
0.12748 0
0.0800641 0
2.63971e-15 0
-0.0385979 0
-1.05155e-15 0
-7.98753e-16 0
0.104306 0
0.0888822 0
0.0800641 0
3.40115e-16 0
-0.0800641 0
-0.0888822 0
-0.104306 0
-1.86356e-16 0
2.11978e-15 0
0.0385979 0
0.0385979 0
0.0800641 0
0.12748 0
0.0800641 0
0.0771957 0
-1.35618e-15 0
-0.0771957 0
-0.0800641 0
-0.12748 0
-0.0800641 0
-0.0385979 0
6.502e-16 0
-0.0800641 0
-0.0385979 0
-0.0800641 0
-1.33547e-15 0
0.0800641 0
0.0385979 0
0.0800641 0
2.76457e-15 0
-0.12748 0
-0.18437 0
-0.12748 0
-6.93537e-16 0
0.12748 0
0.18437 0
0.12748 0
-0.12748 0
-0.0800641 0
4.55088e-16 0
0.0800641 0
0.12748 0
-0.0385979 0
6.07996e-16 0
0.0385979 0
0 0
0 0
0 0
0 0
0 0
0 0
0 0
0 0
0 0
0 0
0 0
0 0
0 0
0 0
0 0
0 0
0 0
0 0
0 0
0 0
0 0
0 0
0 0
0 0
0 0
0 0
0 0
0 0
0 0
0 0
0 0
0 0
0 0
0 0
0 0
0 0
0 0
0 0
0 0
0 0
0 0
0 0
0 0
0 0
0 0
0 0
0 0
0 0
0 0
0 0
0 0
0 0
0 0
0 0
0 0
0 0
0 0
0 0
0 0
0 0
0 0
0 0
0 0
0 0
0 0
0 0
0 0
0 0
0 0
0 0
0 0
0 0
0 0
0 0
0 0
0 0
0 0
0 0
0 0
0 0
0 0
0 0
0 0
0 0
0 0
0 0
0 0
0 0
0 0
0 0
0 0
0 0
0 0
0 0
0 0
0 0
0 0
0 0
0 0
0 0
0 0
0 0
0 0
0 0
0 0
0 0
0 0
0 0
0 0
0 0
0 0
0 0
0 0
0 0
0 0
0 0
0 0
0 0
0 0
0 0
0 0
0 0
0 0
0 0
0 0
0 0
0 0
0 0
0 0
0 0
0 0
0 0
0 0
0 0
0 0
0 0
0 0
0 0
0 0
0 0
0 0
-0.105346 0
-0.113333 0
-0.103283 0
-0.113333 0
-0.105346 0
-0.102728 0
0.0148366 0
0.066856 0
0.0644904 0
-0.0238144 0
0.0577926 0
0.0658453 0
0.11851 0
0.0892263 0
-0.0412558 0
-0.00921026 0
0.0619523 0
0.0879888 0
-0.0395865 0
-0.0205252 0
0.0370763 0
0.0482838 0
-0.0395865 0
-0.00921026 0
0.0619523 0
0.0482838 0
-0.0412558 0
0.0658453 0
0.11851 0
0.0879888 0
0.0577926 0
0.066856 0
0.0644904 0
0.0892263 0
0.0148366 0
-0.103283 0
-0.113333 0
-0.0238144 0
-0.113333 0
-0.105346 0
-0.102728 0
-0.105346 0
-0.0238144 0
0.0644904 0
0.066856 0
0.0577926 0
-0.0141705 0
-0.144648 0
-0.141249 0
-0.103794 0
-0.0514552 0
0.0378477 0
-0.0514552 0
-0.103794 0
-0.141249 0
-0.144648 0
-0.0141705 0
0.0577926 0
0.066856 0
0.0644904 0
-0.0238144 0
0.0892263 0
0.11851 0
0.0658453 0
-0.0412558 0
-0.141249 0
-0.103794 0
-0.0201741 0
0.166212 0
0.180535 0
0.166212 0
-0.0201741 0
-0.103794 0
-0.141249 0
-0.0412558 0
0.0658453 0
0.11851 0
0.0892263 0
0.0879888 0
0.0619523 0
-0.00921026 0
-0.0395865 0
-0.0514552 0
0.0378477 0
0.180535 0
0.166212 0
0.180535 0
0.0378477 0
-0.0514552 0
-0.0395865 0
-0.00921026 0
0.0619523 0
0.0879888 0
0.0482838 0
0.0370763 0
-0.0205252 0
-0.0395865 0
-0.0514552 0
-0.103794 0
-0.0201741 0
-0.103794 0
-0.0514552 0
-0.0395865 0
-0.0205252 0
0.0370763 0
0.0482838 0
0.0482838 0
0.0619523 0
-0.00921026 0
-0.0412558 0
-0.141249 0
-0.144648 0
-0.141249 0
-0.0412558 0
-0.00921026 0
0.0619523 0
0.0482838 0
0.0879888 0
0.11851 0
0.0658453 0
0.0577926 0
-0.0141705 0
0.0577926 0
0.0658453 0
0.11851 0
0.0879888 0
0.0892263 0
0.0644904 0
0.066856 0
0.0148366 0
0.066856 0
0.0644904 0
0.0892263 0
-0.0238144 0
-0.113333 0
-0.103283 0
-0.113333 0
-0.0238144 0
-0.105346 0
-0.102728 0
-0.105346 0
0.105346 0
0.113333 0
0.103283 0
0.113333 0
0.105346 0
0.102728 0
-0.0148366 0
-0.066856 0
-0.0644904 0
0.0238144 0
-0.0577926 0
-0.0658453 0
-0.11851 0
-0.0892263 0
0.0412558 0
0.00921026 0
-0.0619523 0
-0.0879888 0
0.0395865 0
0.0205252 0
-0.0370763 0
-0.0482838 0
0.0395865 0
0.00921026 0
-0.0619523 0
-0.0482838 0
0.0412558 0
-0.0658453 0
-0.11851 0
-0.0879888 0
-0.0577926 0
-0.066856 0
-0.0644904 0
-0.0892263 0
-0.0148366 0
0.103283 0
0.113333 0
0.0238144 0
0.113333 0
0.105346 0
0.102728 0
0.105346 0
0.0238144 0
-0.0644904 0
-0.066856 0
-0.0577926 0
0.0141705 0
0.144648 0
0.141249 0
0.103794 0
0.0514552 0
-0.0378477 0
0.0514552 0
0.103794 0
0.141249 0
0.144648 0
0.0141705 0
-0.0577926 0
-0.066856 0
-0.0644904 0
0.0238144 0
-0.0892263 0
-0.11851 0
-0.0658453 0
0.0412558 0
0.141249 0
0.103794 0
0.0201741 0
-0.166212 0
-0.180535 0
-0.166212 0
0.0201741 0
0.103794 0
0.141249 0
0.0412558 0
-0.0658453 0
-0.11851 0
-0.0892263 0
-0.0879888 0
-0.0619523 0
0.00921026 0
0.0395865 0
0.0514552 0
-0.0378477 0
-0.180535 0
-0.166212 0
-0.180535 0
-0.0378477 0
0.0514552 0
0.0395865 0
0.00921026 0
-0.0619523 0
-0.0879888 0
-0.0482838 0
-0.0370763 0
0.0205252 0
0.0395865 0
0.0514552 0
0.103794 0
0.0201741 0
0.103794 0
0.0514552 0
0.0395865 0
0.0205252 0
-0.0370763 0
-0.0482838 0
-0.0482838 0
-0.0619523 0
0.00921026 0
0.0412558 0
0.141249 0
0.144648 0
0.141249 0
0.0412558 0
0.00921026 0
-0.0619523 0
-0.0482838 0
-0.0879888 0
-0.11851 0
-0.0658453 0
-0.0577926 0
0.0141705 0
-0.0577926 0
-0.0658453 0
-0.11851 0
-0.0879888 0
-0.0892263 0
-0.0644904 0
-0.066856 0
-0.0148366 0
-0.066856 0
-0.0644904 0
-0.0892263 0
0.0238144 0
0.113333 0
0.103283 0
0.113333 0
0.0238144 0
0.105346 0
0.102728 0
0.105346 0
0 0
0 0
0 0
0 0
0 0
0 0
0 0
0 0
0 0
0 0
0 0
0 0
0 0
0 0
0 0
0 0
0 0
0 0
0 0
0 0
0 0
0 0
0 0
0 0
0 0
0 0
0 0
0 0
0 0
0 0
0 0
0 0
0 0
0 0
0 0
0 0
0 0
0 0
0 0
0 0
0 0
0 0
0 0
0 0
0 0
0 0
0 0
0 0
0 0
0 0
0 0
0 0
0 0
0 0
0 0
0 0
0 0
0 0
0 0
0 0
0 0
0 0
0 0
0 0
0 0
0 0
0 0
0 0
0 0
0 0
0 0
0 0
0 0
0 0
0 0
0 0
0 0
0 0
0 0
0 0
0 0
0 0
0 0
0 0
0 0
0 0
0 0
0 0
0 0
0 0
0 0
0 0
0 0
0 0
0 0
0 0
0 0
0 0
0 0
0 0
0 0
0 0
0 0
0 0
0 0
0 0
0 0
0 0
0 0
0 0
0 0
0 0
0 0
0 0
0 0
0 0
0 0
0 0
0 0
0 0
0 0
0 0
0 0
0 0
0 0
0 0
0 0
0 0
0 0
0 0
0 0
0 0
0 0
0 0
0 0
0 0
0 0
0 0
0 0
0 0
0 0
3.33391e-06 0
-0.0282372 0
0.0290947 0
0.0826719 0
0.0559687 0
0.0282438 0
0.00322366 0
0.066798 0
0.0734325 0
0.0787712 0
0.0557205 0
-0.0117867 0
-0.0735212 0
-4.47675e-05 0
-0.00555751 0
-0.105065 0
-0.191773 0
-0.133869 0
-0.0108829 0
-0.0318797 0
-0.0878716 0
-0.14111 0
0.0355771 0
0.0564832 0
0.0855939 0
-0.00114935 0
-0.00923568 0
0.058795 0
0.140903 0
0.114291 0
-0.0151502 0
0.0240869 0
0.0694527 0
0.106147 0
-0.00656837 0
-0.059282 0
-0.0547796 0
0.00740418 0
-0.0561339 0
-0.0573647 0
-0.0575482 0
-0.0566813 0
-0.085057 0
-0.140324 0
-0.0895043 0
-0.0402742 0
0.0554125 0
0.0943671 0
0.105839 0
0.120936 0
0.115378 0
0.118597 0
0.0459012 0
-0.0632099 0
-0.133581 0
-0.192278 0
-0.112906 0
-0.0163224 0
0.0221783 0
0.0668425 0
0.00540359 0
-0.103525 0
-0.0648366 0
-0.0457214 0
0.0145027 0
0.0257604 0
-0.0578193 0
0.0184467 0
-0.0265596 0
0.0737503 0
0.0541166 0
-0.0375861 0
-0.0653928 0
-0.134559 0
-0.00899071 0
0.0583806 0
0.141009 0
0.104883 0
0.020757 0
0.105972 0
0.0487017 0
-0.0239601 0
-0.15879 0
-0.232902 0
-0.144831 0
-0.027557 0
0.0710811 0
0.114305 0
0.0425532 0
0.0354174 0
0.0583609 0
0.0892298 0
0.11618 0
0.14055 0
0.172563 0
0.0626056 0
-0.0245345 0
-0.157931 0
-0.0555428 0
0.0191394 0
0.121029 0
0.112889 0
-0.0116169 0
-0.0307259 0
-0.0846913 0
0.00229015 0
0.13882 0
0.102543 0
0.0467045 0
0.0145482 0
0.0287202 0
0.0979107 0
0.107821 0
-0.00526707 0
-0.105185 0
-0.191566 0
-0.139401 0
0.0176891 0
-0.0674874 0
-0.0465939 0
-0.039398 0
0.0574933 0
0.0554244 0
-0.0130736 0
-0.0760659 0
-0.135048 0
-0.104838 0
-0.140275 0
-0.0889763 0
0.00334471 0
0.0654173 0
0.0708714 0
-0.00262121 0
-0.0841748 0
-0.026538 0
0.0301873 0
0.0830168 0
0.0776528 0
0.00139597 0
0.0293044 0
0.0566779 0
0 0
0 0
0 0
0 0
0 0
0 0
0 0
0 0
0 0
0 0
0 0
0 0
0 0
0 0
0 0
0 0
0 0
0 0
0 0
0 0
0 0
0 0
0 0
0 0
0 0
0 0
0 0
0 0
0 0
0 0
0 0
0 0
0 0
0 0
0 0
0 0
0 0
0 0
0 0
0 0
0 0
0 0
0 0
0 0
0 0
0 0
0 0
0 0
0 0
0 0
0 0
0 0
0 0
0 0
0 0
0 0
0 0
0 0
0 0
0 0
0 0
0 0
0 0
0 0
0 0
0 0
0 0
0 0
0 0
0 0
0 0
0 0
0 0
0 0
0 0
0 0
0 0
0 0
0 0
0 0
0 0
0 0
0 0
0 0
0 0
0 0
0 0
0 0
0 0
0 0
0 0
0 0
0 0
0 0
0 0
0 0
0 0
0 0
0 0
0 0
0 0
0 0
0 0
0 0
0 0
0 0
0 0
0 0
0 0
0 0
0 0
0 0
0 0
0 0
0 0
0 0
0 0
0 0
0 0
0 0
0 0
0 0
0 0
0 0
0 0
0 0
0 0
0 0
0 0
0 0
0 0
0 0
0 0
0 0
0 0
0 0
0 0
0 0
0 0
0 0
0 0
0 0
0 0
0 0
0 0
0 0
0 0
0 0
0 0
0 0
0 0
0 0
0 0
0 0
0 0
0 0
0 0
0 0
0 0
0 0
0 0
0 0
0 0
0 0
0 0
0 0
0 0
0 0
0 0
0 0
0 0
0 0
0 0
0 0
0 0
0 0
0 0
0 0
0 0
0 0
0 0
0 0
0 0
0 0
0 0
0 0
0 0
0 0
0 0
0 0
0 0
0 0
0 0
0 0
0 0
0 0
0 0
0 0
0 0
0 0
0 0
0 0
0 0
0 0
0 0
0 0
0 0
0 0
0 0
0 0
0 0
0 0
0 0
0 0
0 0
0 0
0 0
0 0
0 0
0 0
0 0
0 0
0 0
0 0
0 0
0 0
0 0
0 0
0 0
0 0
0 0
0 0
0 0
0 0
0 0
0 0
0 0
0 0
0 0
0 0
0 0
0 0
0 0
0 0
0 0
0 0
0 0
0 0
0 0
0 0
0 0
0 0
0 0
0 0
0 0
0 0
0 0
0 0
0 0
0 0
0 0
0 0
0 0
0 0
0 0
0 0
0 0
0 0
0 0
0 0
0 0
0 0
0 0
0 0
0 0
0 0
0 0
0 0
0 0
0 0
0 0
0 0
-0.000346343 0
-0.0286619 0
0.0288183 0
0.0825794 0
0.0557867 0
0.0279755 0
0.00319303 0
0.0671399 0
0.0740703 0
0.0790464 0
0.0557909 0
-0.0114627 0
-0.072877 0
0.000602154 0
-0.00563004 0
-0.105028 0
-0.191811 0
-0.133563 0
-0.0106978 0
-0.0321671 0
-0.0886639 0
-0.141529 0
0.0356146 0
0.0560077 0
0.0846749 0
-0.00201289 0
-0.00929653 0
0.0588949 0
0.140866 0
0.113809 0
-0.0148548 0
0.0245645 0
0.0701032 0
0.106456 0
-0.0065679 0
-0.0592778 0
-0.0544356 0
0.00790598 0
-0.05647 0
-0.0575322 0
-0.0575442 0
-0.0565056 0
-0.0852725 0
-0.140326 0
-0.0896305 0
-0.0404913 0
0.0548861 0
0.0934706 0
0.105333 0
0.120903 0
0.115995 0
0.119667 0
0.0467386 0
-0.0626573 0
-0.133326 0
-0.192264 0
-0.112898 0
-0.0166156 0
0.0216974 0
0.0661823 0
0.00490087 0
-0.103188 0
-0.0641664 0
-0.045499 0
0.0144903 0
0.0250154 0
-0.0583868 0
0.0182715 0
-0.0263073 0
0.0744152 0
0.0541127 0
-0.0375834 0
-0.0659362 0
-0.134795 0
-0.00892856 0
0.0582724 0
0.141025 0
0.104558 0
0.0215258 0
0.106825 0
0.0491997 0
-0.0238142 0
-0.158995 0
-0.232886 0
-0.144821 0
-0.0278054 0
0.0704058 0
0.113219 0
0.0417095 0
0.0353748 0
0.0588283 0
0.0901364 0
0.116645 0
0.140975 0
0.172551 0
0.0626011 0
-0.024677 0
-0.157704 0
-0.0549672 0
0.019312 0
0.121044 0
0.112256 0
-0.0118004 0
-0.030434 0
-0.0838868 0
0.00315361 0
0.138376 0
0.101675 0
0.0461998 0
0.0145586 0
0.0294614 0
0.0987935 0
0.108311 0
-0.00519377 0
-0.105207 0
-0.1915 0
-0.138962 0
0.0169176 0
-0.0681482 0
-0.0468097 0
-0.0391753 0
0.0580117 0
0.0553461 0
-0.0133959 0
-0.0766995 0
-0.135335 0
-0.10516 0
-0.140253 0
-0.0888374 0
0.00337487 0
0.065066 0
0.0702233 0
-0.00326794 0
-0.0839472 0
-0.0261094 0
0.0304595 0
0.0830975 0
0.0773665 0
0.00174554 0
0.0295686 0
0.056852 0
-0.065448 0
-0.0795567 0
-0.0516551 0
-0.0170872 0
-0.0339255 0
-0.0501444 0
-0.00572332 0
0.0641751 0
0.119579 0
0.0517181 0
0.0133227 0
0.0606071 0
0.120375 0
0.121082 0
-0.0135902 0
0.00672982 0
-0.00768624 0
0.0568635 0
0.0346132 0
-0.053885 0
-0.148526 0
-0.0788255 0
0.00712634 0
-0.0888465 0
-0.171783 0
-0.16163 0
-0.0114141 0
0.0188492 0
-0.00648324 0
-0.0899543 0
0.0552516 0
0.089444 0
0.121934 0
0.058257 0
6.98904e-05 0
0.000630787 0
0.0642325 0
0.0939406 0
-0.0630524 0
-0.0315076 0
0.000612339 0
0.0327211 0
-0.0405581 0
-0.00081904 0
-0.0238621 0
-0.0407463 0
-0.09838 0
-0.16754 0
-0.0942692 0
-0.00568689 0
0.11575 0
0.20046 0
0.156854 0
0.103258 0
0.0473774 0
0.00204592 0
0.00120137 0
-0.0549167 0
-0.0899363 0
-0.123384 0
-0.0940769 0
0.0627971 0
0.125267 0
0.0414934 0
-0.00229128 0
-0.139373 0
-0.10637 0
-0.0327505 0
0.0471542 0
0.124657 0
-0.000575824 0
0.000399933 0
-0.10189 0
-0.0445243 0
0.011608 0
-0.020096 0
0.00348358 0
-0.0605025 0
0.143956 0
0.160018 0
0.0933391 0
0.0272475 0
-0.0386754 0
0.00247818 0
0.00154107 0
-0.0465784 0
-0.126198 0
-0.202938 0
-0.157795 0
-0.00788176 0
0.0876245 0
0.169923 0
0.087502 0
0.0798195 0
-0.00183615 0
-0.000666152 0
-0.0267315 0
0.0420455 0
0.107577 0
0.0323506 0
0.00311228 0
-0.118179 0
-0.0343738 0
0.0545511 0
0.150362 0
0.161618 0
-0.0827922 0
-0.162237 0
-0.0943543 0
0.00198216 0
0.138794 0
0.165494 0
0.0919958 0
0.0137054 0
-0.00449266 0
0.0117651 0
0.0818103 0
-0.144366 0
-0.123859 0
-0.0405111 0
0.041594 0
0.0971786 0
-0.0145053 0
-0.0603425 0
-0.118784 0
-0.0540021 0
-0.06058 0
0.00380474 0
0.0257612 0
0.00565343 0
-0.0655819 0
-0.121115 0
-0.121054 0
0.0423588 0
0.0801396 0
0.0510243 0
0.0153242 0
-0.0533825 0
0.0654331 0
0.0495321 0
0.0327269 0
0 0
0 0
0 0
0 0
0 0
0 0
0 0
0 0
0 0
0 0
0 0
0 0
0 0
0 0
0 0
0 0
0 0
0 0
0 0
0 0
0 0
0 0
0 0
0 0
0 0
0 0
0 0
0 0
0 0
0 0
0 0
0 0
0 0
0 0
0 0
0 0
0 0
0 0
0 0
0 0
0 0
0 0
0 0
0 0
0 0
0 0
0 0
0 0
0 0
0 0
0 0
0 0
0 0
0 0
0 0
0 0
0 0
0 0
0 0
0 0
0 0
0 0
0 0
0 0
0 0
0 0
0 0
0 0
0 0
0 0
0 0
0 0
0 0
0 0
0 0
0 0
0 0
0 0
0 0
0 0
0 0
0 0
0 0
0 0
0 0
0 0
0 0
0 0
0 0
0 0
0 0
0 0
0 0
0 0
0 0
0 0
0 0
0 0
0 0
0 0
0 0
0 0
0 0
0 0
0 0
0 0
0 0
0 0
0 0
0 0
0 0
0 0
0 0
0 0
0 0
0 0
0 0
0 0
0 0
0 0
0 0
0 0
0 0
0 0
0 0
0 0
0 0
0 0
0 0
0 0
0 0
0 0
0 0
0 0
0 0
0 0
0 0
0 0
0 0
0 0
0 0
0 0
0 0
0 0
0 0
0 0
0 0
0 0
0 0
0 0
0 0
0 0
0 0
0 0
0 0
0 0
0 0
0 0
0 0
0 0
0 0
0 0
0 0
0 0
0 0
0 0
0 0
0 0
0 0
0 0
0 0
0 0
0 0
0 0
0 0
0 0
0 0
0 0
0 0
0 0
0 0
0 0
0 0
0 0
0 0
0 0
0 0
0 0
0 0
0 0
0 0
0 0
0 0
0 0
0 0
0 0
0 0
0 0
0 0
0 0
0 0
0 0
0 0
0 0
0 0
0 0
0 0
0 0
0 0
0 0
0 0
0 0
0 0
0 0
0 0
0 0
0 0
0 0
0 0
0 0
0 0
0 0
0 0
0 0
0 0
0 0
0 0
0 0
0 0
0 0
0 0
0 0
0 0
0 0
0 0
0 0
0 0
0 0
0 0
0 0
0 0
0 0
0 0
0 0
0 0
0 0
0 0
0 0
0 0
0 0
0 0
0 0
0 0
0 0
0 0
0 0
0 0
0 0
0 0
0 0
0 0
0 0
0 0
0 0
0 0
0 0
0 0
0 0
0 0
0 0
0 0
0 0
0 0
0 0
0 0
0 0
0 0
0 0
0 0
0 0
0 0
0 0
0.065447 0
0.0794047 0
0.0518098 0
0.0175287 0
0.034224 0
0.0502946 0
0.00574046 0
-0.0638173 0
-0.119185 0
-0.0512965 0
-0.0130248 0
-0.0606692 0
-0.120766 0
-0.121081 0
0.0135603 0
-0.00729107 0
0.00666152 0
-0.057578 0
-0.0346709 0
0.0537139 0
0.148054 0
0.0780705 0
-0.00693616 0
0.089147 0
0.172238 0
0.161621 0
0.0113646 0
-0.0185348 0
0.00723597 0
0.0905637 0
-0.0553318 0
-0.0893141 0
-0.121561 0
-0.0576891 0
-0.000104983 0
-0.000947511 0
-0.0645243 0
-0.0938997 0
0.0627515 0
0.0312007 0
-0.0009198 0
-0.0330235 0
0.0401031 0
6.93023e-05 0
0.0233836 0
0.0405305 0
0.0986746 0
0.168042 0
0.0948333 0
0.00633295 0
-0.115132 0
-0.199824 0
-0.156607 0
-0.103594 0
-0.0480905 0
-0.0030732 0
-0.00180459 0
0.0548287 0
0.0900535 0
0.123739 0
0.0941044 0
-0.0633493 0
-0.125611 0
-0.0417371 0
0.00236873 0
0.139509 0
0.10606 0
0.0328486 0
-0.0472954 0
-0.124261 0
0.000864951 0
-0.000600743 0
0.101539 0
0.0438048 0
-0.0116559 0
0.0204076 0
-0.00273015 0
0.061062 0
-0.143843 0
-0.15945 0
-0.0930776 0
-0.0273751 0
0.0378265 0
-0.0037225 0
-0.00231486 0
0.0464305 0
0.126576 0
0.203546 0
0.15802 0
0.00807087 0
-0.0873114 0
-0.169444 0
-0.08688 0
-0.0790675 0
0.00275809 0
0.00100063 0
0.0266 0
-0.0428887 0
-0.107872 0
-0.0322478 0
-0.0024656 0
0.11878 0
0.0343113 0
-0.0547145 0
-0.150812 0
-0.161603 0
0.0835327 0
0.162782 0
0.0946025 0
-0.0019044 0
-0.138638 0
-0.164969 0
-0.0914184 0
-0.0137333 0
0.00393061 0
-0.0127885 0
-0.0825539 0
0.144458 0
0.123496 0
0.0402616 0
-0.0418039 0
-0.09687 0
0.0148012 0
0.0602718 0
0.118375 0
0.0532798 0
0.060019 0
-0.00455415 0
-0.0262362 0
-0.00563548 0
0.0659305 0
0.121492 0
0.121038 0
-0.0428079 0
-0.0802802 0
-0.0508623 0
-0.0148805 0
0.0537966 0
-0.0654247 0
-0.0493748 0
-0.0324236 0
0.111948 0
0.0880103 0
0.0210186 0
0.0880103 0
0.111948 0
0.120315 0
-0.136907 0
-0.137895 0
-0.0306706 0
0.0308127 0
-0.0890332 0
0.0632385 0
0.12373 0
0.0500072 0
0.082985 0
0.0376049 0
0.0940048 0
0.117004 0
-0.10701 0
-0.145198 0
-0.0561805 0
0.0203257 0
-0.10701 0
0.0376049 0
0.0940048 0
0.0203257 0
0.082985 0
0.0632385 0
0.12373 0
0.117004 0
-0.0890332 0
-0.137895 0
-0.0306706 0
0.0500072 0
-0.136907 0
0.0210186 0
0.0880103 0
0.0308127 0
0.0880103 0
0.111948 0
0.120315 0
0.111948 0
0.0308127 0
-0.0306706 0
-0.137895 0
-0.0890332 0
-0.0910264 0
0.00867437 0
0.0535843 0
0.00805637 0
-0.0915435 0
-0.0714003 0
-0.0915435 0
0.00805637 0
0.0535843 0
0.00867437 0
-0.0910264 0
-0.0890332 0
-0.137895 0
-0.0306706 0
0.0308127 0
0.0500072 0
0.12373 0
0.0632385 0
0.082985 0
0.0535843 0
0.00805637 0
0.0529514 0
0.0824251 0
0.0502173 0
0.0824251 0
0.0529514 0
0.00805637 0
0.0535843 0
0.082985 0
0.0632385 0
0.12373 0
0.0500072 0
0.117004 0
0.0940048 0
0.0376049 0
-0.10701 0
-0.0915435 0
-0.0714003 0
0.0502173 0
0.0824251 0
0.0502173 0
-0.0714003 0
-0.0915435 0
-0.10701 0
0.0376049 0
0.0940048 0
0.117004 0
0.0203257 0
-0.0561805 0
-0.145198 0
-0.10701 0
-0.0915435 0
0.00805637 0
0.0529514 0
0.00805637 0
-0.0915435 0
-0.10701 0
-0.145198 0
-0.0561805 0
0.0203257 0
0.0203257 0
0.0940048 0
0.0376049 0
0.082985 0
0.0535843 0
0.00867437 0
0.0535843 0
0.082985 0
0.0376049 0
0.0940048 0
0.0203257 0
0.117004 0
0.12373 0
0.0632385 0
-0.0890332 0
-0.0910264 0
-0.0890332 0
0.0632385 0
0.12373 0
0.117004 0
0.0500072 0
-0.0306706 0
-0.137895 0
-0.136907 0
-0.137895 0
-0.0306706 0
0.0500072 0
0.0308127 0
0.0880103 0
0.0210186 0
0.0880103 0
0.0308127 0
0.111948 0
0.120315 0
0.111948 0
0 0
0 0
0 0
0 0
0 0
0 0
0 0
0 0
0 0
0 0
0 0
0 0
0 0
0 0
0 0
0 0
0 0
0 0
0 0
0 0
0 0
0 0
0 0
0 0
0 0
0 0
0 0
0 0
0 0
0 0
0 0
0 0
0 0
0 0
0 0
0 0
0 0
0 0
0 0
0 0
0 0
0 0
0 0
0 0
0 0
0 0
0 0
0 0
0 0
0 0
0 0
0 0
0 0
0 0
0 0
0 0
0 0
0 0
0 0
0 0
0 0
0 0
0 0
0 0
0 0
0 0
0 0
0 0
0 0
0 0
0 0
0 0
0 0
0 0
0 0
0 0
0 0
0 0
0 0
0 0
0 0
0 0
0 0
0 0
0 0
0 0
0 0
0 0
0 0
0 0
0 0
0 0
0 0
0 0
0 0
0 0
0 0
0 0
0 0
0 0
0 0
0 0
0 0
0 0
0 0
0 0
0 0
0 0
0 0
0 0
0 0
0 0
0 0
0 0
0 0
0 0
0 0
0 0
0 0
0 0
0 0
0 0
0 0
0 0
0 0
0 0
0 0
0 0
0 0
0 0
0 0
0 0
0 0
0 0
0 0
0 0
0 0
0 0
0 0
0 0
0 0
0 0
0 0
0 0
0 0
0 0
0 0
0 0
0 0
0 0
0 0
0 0
0 0
0 0
0 0
0 0
0 0
0 0
0 0
0 0
0 0
0 0
0 0
0 0
0 0
0 0
0 0
0 0
0 0
0 0
0 0
0 0
0 0
0 0
0 0
0 0
0 0
0 0
0 0
0 0
0 0
0 0
0 0
0 0
0 0
0 0
0 0
0 0
0 0
0 0
0 0
0 0
0 0
0 0
0 0
0 0
0 0
0 0
0 0
0 0
0 0
0 0
0 0
0 0
0 0
0 0
0 0
0 0
0 0
0 0
0 0
0 0
0 0
0 0
0 0
0 0
0 0
0 0
0 0
0 0
0 0
0 0
0 0
0 0
0 0
0 0
0 0
0 0
0 0
0 0
0 0
0 0
0 0
0 0
0 0
0 0
0 0
0 0
0 0
0 0
0 0
0 0
0 0
0 0
0 0
0 0
0 0
0 0
0 0
0 0
0 0
0 0
0 0
0 0
0 0
0 0
0 0
0 0
0 0
0 0
0 0
0 0
0 0
0 0
0 0
0 0
0 0
0 0
0 0
0 0
0 0
0 0
0 0
0 0
0 0
0 0
0 0
0 0
0 0
0 0
0 0
0 0
0.111948 0
0.0880103 0
0.0210186 0
0.0880103 0
0.111948 0
0.120315 0
-0.136907 0
-0.137895 0
-0.0306706 0
0.0308127 0
-0.0890332 0
0.0632385 0
0.12373 0
0.0500072 0
0.082985 0
0.0376049 0
0.0940048 0
0.117004 0
-0.10701 0
-0.145198 0
-0.0561805 0
0.0203257 0
-0.10701 0
0.0376049 0
0.0940048 0
0.0203257 0
0.082985 0
0.0632385 0
0.12373 0
0.117004 0
-0.0890332 0
-0.137895 0
-0.0306706 0
0.0500072 0
-0.136907 0
0.0210186 0
0.0880103 0
0.0308127 0
0.0880103 0
0.111948 0
0.120315 0
0.111948 0
0.0308127 0
-0.0306706 0
-0.137895 0
-0.0890332 0
-0.0910264 0
0.00867437 0
0.0535843 0
0.00805637 0
-0.0915435 0
-0.0714003 0
-0.0915435 0
0.00805637 0
0.0535843 0
0.00867437 0
-0.0910264 0
-0.0890332 0
-0.137895 0
-0.0306706 0
0.0308127 0
0.0500072 0
0.12373 0
0.0632385 0
0.082985 0
0.0535843 0
0.00805637 0
0.0529514 0
0.0824251 0
0.0502173 0
0.0824251 0
0.0529514 0
0.00805637 0
0.0535843 0
0.082985 0
0.0632385 0
0.12373 0
0.0500072 0
0.117004 0
0.0940048 0
0.0376049 0
-0.10701 0
-0.0915435 0
-0.0714003 0
0.0502173 0
0.0824251 0
0.0502173 0
-0.0714003 0
-0.0915435 0
-0.10701 0
0.0376049 0
0.0940048 0
0.117004 0
0.0203257 0
-0.0561805 0
-0.145198 0
-0.10701 0
-0.0915435 0
0.00805637 0
0.0529514 0
0.00805637 0
-0.0915435 0
-0.10701 0
-0.145198 0
-0.0561805 0
0.0203257 0
0.0203257 0
0.0940048 0
0.0376049 0
0.082985 0
0.0535843 0
0.00867437 0
0.0535843 0
0.082985 0
0.0376049 0
0.0940048 0
0.0203257 0
0.117004 0
0.12373 0
0.0632385 0
-0.0890332 0
-0.0910264 0
-0.0890332 0
0.0632385 0
0.12373 0
0.117004 0
0.0500072 0
-0.0306706 0
-0.137895 0
-0.136907 0
-0.137895 0
-0.0306706 0
0.0500072 0
0.0308127 0
0.0880103 0
0.0210186 0
0.0880103 0
0.0308127 0
0.111948 0
0.120315 0
0.111948 0
0 0
0 0
0 0
0 0
0 0
0 0
0 0
0 0
0 0
0 0
0 0
0 0
0 0
0 0
0 0
0 0
0 0
0 0
0 0
0 0
0 0
0 0
0 0
0 0
0 0
0 0
0 0
0 0
0 0
0 0
0 0
0 0
0 0
0 0
0 0
0 0
0 0
0 0
0 0
0 0
0 0
0 0
0 0
0 0
0 0
0 0
0 0
0 0
0 0
0 0
0 0
0 0
0 0
0 0
0 0
0 0
0 0
0 0
0 0
0 0
0 0
0 0
0 0
0 0
0 0
0 0
0 0
0 0
0 0
0 0
0 0
0 0
0 0
0 0
0 0
0 0
0 0
0 0
0 0
0 0
0 0
0 0
0 0
0 0
0 0
0 0
0 0
0 0
0 0
0 0
0 0
0 0
0 0
0 0
0 0
0 0
0 0
0 0
0 0
0 0
0 0
0 0
0 0
0 0
0 0
0 0
0 0
0 0
0 0
0 0
0 0
0 0
0 0
0 0
0 0
0 0
0 0
0 0
0 0
0 0
0 0
0 0
0 0
0 0
0 0
0 0
0 0
0 0
0 0
0 0
0 0
0 0
0 0
0 0
0 0
0 0
0 0
0 0
0 0
0 0
0 0
-0.000230627 0
-0.0620282 0
0.0129627 0
0.149588 0
0.114175 0
0.0616016 0
-0.0635826 0
0.00439852 0
0.127044 0
0.149555 0
-0.0553255 0
-0.0780887 0
0.0228552 0
0.0810398 0
-0.11197 0
-0.0290915 0
0.0498827 0
0.0393241 0
0.00827707 0
0.0796331 0
0.101858 0
0.0820353 0
0.0371622 0
-0.0519526 0
-0.0524 0
0.0267384 0
-0.0808589 0
-0.0525164 0
-0.0802422 0
-0.0717101 0
0.0639615 0
0.117616 0
0.0354842 0
-0.0241974 0
0.118108 0
-0.024079 0
-0.0868747 0
-0.0277832 0
-0.0757722 0
-0.102828 0
-0.114428 0
-0.10883 0
-0.127466 0
-0.173745 0
-0.13497 0
-0.0123265 0
-0.0286454 0
0.0146666 0
-0.0999313 0
-0.0875391 0
-0.0352315 0
0.0140943 0
0.0410585 0
0.0246893 0
-0.0450957 0
-0.027244 0
0.0532103 0
0.0617056 0
0.124928 0
0.0512651 0
-0.0132492 0
-0.0589403 0
0.064723 0
0.140815 0
0.208069 0
0.155705 0
0.0652726 0
-0.0267584 0
-0.0272284 0
0.0202433 0
0.0505781 0
0.049705 0
0.016672 0
-0.0585077 0
-0.0976498 0
-0.0640012 0
-0.0824388 0
-0.0168534 0
0.0378433 0
0.00527584 0
0.088345 0
-0.0499332 0
-0.00821244 0
-0.0305299 0
-0.0438493 0
-0.0233497 0
0.0236059 0
0.0164355 0
0.0396409 0
0.0402163 0
-0.0581139 0
-0.0500597 0
-0.0716325 0
-0.11643 0
-0.220636 0
-0.172494 0
-0.0484933 0
-0.0044094 0
0.0708671 0
-0.0229467 0
-0.0899619 0
-0.032846 0
0.012771 0
0.092861 0
0.118778 0
0.0371509 0
-0.119186 0
0.000177077 0
0.0872054 0
0.20962 0
0.158439 0
0.0125774 0
-0.11061 0
-0.12721 0
-0.0363924 0
0.0471242 0
0.0896913 0
0.0323083 0
0.0595836 0
0.14209 0
-0.0063801 0
-0.0245649 0
-0.051635 0
-0.0882987 0
0.0155192 0
0.0338668 0
-0.0641864 0
-0.178309 0
-0.129326 0
-0.0545254 0
0.0173543 0
0.138261 0
0.0831378 0
-0.136306 0
-0.0738158 0
0.0111162 0
0.148903 0
0.155249 0
-0.0113474 0
0.0528265 0
0.109061 0
0.00459974 0
0.0667187 0
-0.0122492 0
-0.149459 0
-0.112272 0
-0.0582105 0
0.0600825 0
-0.00949429 0
-0.131571 0
-0.151932 0
0.0539268 0
0.0821742 0
-0.0199935 0
-0.08194 0
0.118064 0
0.031988 0
-0.0488452 0
-0.0372161 0
-0.0100509 0
-0.0849061 0
-0.108603 0
-0.0851208 0
-0.0383972 0
0.0544226 0
0.0515293 0
-0.0308555 0
0.0875333 0
0.057079 0
0.0811805 0
0.0717466 0
-0.0631347 0
-0.120599 0
-0.0417193 0
0.0213338 0
-0.118218 0
0.0241015 0
0.0825926 0
0.0220973 0
0.0802063 0
0.105283 0
0.114535 0
0.106573 0
0.131059 0
0.175701 0
0.132878 0
0.0100011 0
0.0270685 0
-0.0138592 0
0.104221 0
0.0885731 0
0.0343269 0
-0.0150276 0
-0.0405397 0
-0.0215616 0
0.0504088 0
0.0272694 0
-0.0532601 0
-0.0626498 0
-0.122171 0
-0.0451111 0
0.0189735 0
0.0610571 0
-0.0627637 0
-0.141448 0
-0.208873 0
-0.156925 0
-0.0675322 0
0.0252854 0
0.0257295 0
-0.0215838 0
-0.0506254 0
-0.0497515 0
-0.0198384 0
0.0532915 0
0.0911422 0
0.0595475 0
0.0816526 0
0.0197554 0
-0.0357034 0
-0.00327695 0
-0.0879797 0
0.049414 0
0.00672551 0
0.0305584 0
0.0438902 0
0.0248959 0
-0.0223065 0
-0.0155308 0
-0.0402351 0
-0.0390536 0
0.0557468 0
0.0510263 0
0.0717299 0
0.117622 0
0.220842 0
0.172655 0
0.0491045 0
0.00590812 0
-0.0687347 0
0.0244661 0
0.0890938 0
0.0338142 0
-0.0110168 0
-0.0877492 0
-0.112239 0
-0.0330935 0
0.118214 0
-0.00218107 0
-0.0877348 0
-0.209206 0
-0.157513 0
-0.0134102 0
0.106516 0
0.12134 0
0.0335572 0
-0.0482523 0
-0.0867663 0
-0.0345138 0
-0.0616591 0
-0.141722 0
0.00872301 0
0.0261915 0
0.0531336 0
0.0843686 0
-0.0184168 0
-0.0360432 0
0.0621847 0
0.176682 0
0.131665 0
0.0581359 0
-0.0122789 0
-0.133982 0
-0.082391 0
0.132959 0
0.0692522 0
-0.0118523 0
-0.149311 0
-0.153156 0
0.00698907 0
-0.0563245 0
-0.111172 0
0 0
0 0
0 0
0 0
0 0
0 0
0 0
0 0
0 0
0 0
0 0
0 0
0 0
0 0
0 0
0 0
0 0
0 0
0 0
0 0
0 0
0 0
0 0
0 0
0 0
0 0
0 0
0 0
0 0
0 0
0 0
0 0
0 0
0 0
0 0
0 0
0 0
0 0
0 0
0 0
0 0
0 0
0 0
0 0
0 0
0 0
0 0
0 0
0 0
0 0
0 0
0 0
0 0
0 0
0 0
0 0
0 0
0 0
0 0
0 0
0 0
0 0
0 0
0 0
0 0
0 0
0 0
0 0
0 0
0 0
0 0
0 0
0 0
0 0
0 0
0 0
0 0
0 0
0 0
0 0
0 0
0 0
0 0
0 0
0 0
0 0
0 0
0 0
0 0
0 0
0 0
0 0
0 0
0 0
0 0
0 0
0 0
0 0
0 0
0 0
0 0
0 0
0 0
0 0
0 0
0 0
0 0
0 0
0 0
0 0
0 0
0 0
0 0
0 0
0 0
0 0
0 0
0 0
0 0
0 0
0 0
0 0
0 0
0 0
0 0
0 0
0 0
0 0
0 0
0 0
0 0
0 0
0 0
0 0
0 0
0 0
0 0
0 0
0 0
0 0
0 0
0.125715 0
0.13389 0
0.0207579 0
0.00632438 0
0.0567498 0
0.0986458 0
-0.101818 0
-0.146552 0
-0.128052 0
-0.0658096 0
-0.0412071 0
0.116203 0
0.082741 0
-0.0244966 0
0.173406 0
0.0828391 0
0.0307193 0
0.0613398 0
-0.0508981 0
-0.150345 0
-0.192305 0
-0.0873576 0
-0.0348897 0
0.0701694 0
-0.0259665 0
-0.118003 0
0.190649 0
0.130375 0
0.0256037 0
-0.000196162 0
0.0249026 0
-0.0838064 0
-0.178795 0
-0.0828198 0
-0.00112392 0
0.000229135 0
-0.124725 0
-0.164092 0
0.126273 0
0.0688553 0
0.0010889 0
-0.0668411 0
0.101183 0
0.0532678 0
-0.0625388 0
-0.0671276 0
-0.0458714 0
0.0234864 0
0.121708 0
0.0282303 0
-0.0266408 0
-0.0266096 0
0.0156397 0
0.0904281 0
0.152098 0
0.000259253 0
-0.000506349 0
-0.0260984 0
0.0814984 0
0.17797 0
0.164482 0
0.0598855 0
0.0575025 0
-0.0157557 0
-0.0195182 0
-0.0323937 0
-0.0638869 0
-0.0428496 0
-0.0436022 0
-0.0382187 0
-0.000481301 0
-0.000472993 0
-0.0908217 0
-0.151112 0
-0.18895 0
-0.129266 0
-0.0240556 0
0.0832104 0
0.0622325 0
0.0576089 0
0.0120466 0
-0.0158081 0
-0.0429283 0
0.000290522 0
0.000417269 0
0.0440835 0
0.0378014 0
0.0263191 0
-0.0164076 0
0.0341534 0
-0.069122 0
0.0269415 0
0.00156021 0
0.0322801 0
0.00209957 0
0.00164145 0
0.0167447 0
0.0430484 0
0.0625914 0
0.0433226 0
-0.0265412 0
0.0272886 0
0.0506978 0
0.148703 0
0.190205 0
0.117396 0
-0.030038 0
-0.0576608 0
-0.0137172 0
0.0155434 0
0.0294043 0
-0.0237456 0
-0.119704 0
-0.17113 0
-0.082216 0
-0.0316424 0
0.0857234 0
-0.0629 0
-0.0586854 0
0.0130635 0
0.0673056 0
0.0463777 0
0.042225 0
-0.114619 0
-0.0831062 0
-0.0620363 0
-0.0587139 0
-0.0499176 0
0.0650538 0
0.102942 0
0.146345 0
0.125528 0
0.0229343 0
-0.0986726 0
-0.132597 0
-0.0209871 0
-0.00916481 0
0.0629091 0
-0.125605 0
-0.0997347 0
-0.0588741 0
0 0
0 0
0 0
0 0
0 0
0 0
0 0
0 0
0 0
0 0
0 0
0 0
0 0
0 0
0 0
0 0
0 0
0 0
0 0
0 0
0 0
0 0
0 0
0 0
0 0
0 0
0 0
0 0
0 0
0 0
0 0
0 0
0 0
0 0
0 0
0 0
0 0
0 0
0 0
0 0
0 0
0 0
0 0
0 0
0 0
0 0
0 0
0 0
0 0
0 0
0 0
0 0
0 0
0 0
0 0
0 0
0 0
0 0
0 0
0 0
0 0
0 0
0 0
0 0
0 0
0 0
0 0
0 0
0 0
0 0
0 0
0 0
0 0
0 0
0 0
0 0
0 0
0 0
0 0
0 0
0 0
0 0
0 0
0 0
0 0
0 0
0 0
0 0
0 0
0 0
0 0
0 0
0 0
0 0
0 0
0 0
0 0
0 0
0 0
0 0
0 0
0 0
0 0
0 0
0 0
0 0
0 0
0 0
0 0
0 0
0 0
0 0
0 0
0 0
0 0
0 0
0 0
0 0
0 0
0 0
0 0
0 0
0 0
0 0
0 0
0 0
0 0
0 0
0 0
0 0
0 0
0 0
0 0
0 0
0 0
0 0
0 0
0 0
0 0
0 0
0 0
0 0
0 0
0 0
0 0
0 0
0 0
0 0
0 0
0 0
0 0
0 0
0 0
0 0
0 0
0 0
0 0
0 0
0 0
0 0
0 0
0 0
0 0
0 0
0 0
0 0
0 0
0 0
0 0
0 0
0 0
0 0
0 0
0 0
0 0
0 0
0 0
0 0
0 0
0 0
0 0
0 0
0 0
0 0
0 0
0 0
0 0
0 0
0 0
0 0
0 0
0 0
0 0
0 0
0 0
0 0
0 0
0 0
0 0
0 0
0 0
0 0
0 0
0 0
0 0
0 0
0 0
0 0
0 0
0 0
0 0
0 0
0 0
0 0
0 0
0 0
0 0
0 0
0 0
0 0
0 0
0 0
0 0
0 0
0 0
0 0
0 0
0 0
0 0
0 0
0 0
0 0
0 0
0 0
0 0
0 0
0 0
0 0
0 0
0 0
0 0
0 0
0 0
0 0
0 0
0 0
0 0
0 0
0 0
0 0
0 0
0 0
0 0
0 0
0 0
0 0
0 0
0 0
0 0
0 0
0 0
0 0
0 0
0 0
0 0
0 0
0 0
0 0
0 0
0 0
0 0
0 0
0 0
0 0
0 0
0 0
0 0
0 0
0 0
0 0
0 0
0 0
-0.125799 0
-0.136126 0
-0.02032 0
-0.00112958 0
-0.0528162 0
-0.0965645 0
0.09967 0
0.146794 0
0.132545 0
0.0710468 0
0.0393093 0
-0.118987 0
-0.0819967 0
0.0273277 0
-0.177402 0
-0.0839002 0
-0.0290042 0
-0.0600102 0
0.0512165 0
0.153203 0
0.19596 0
0.0902613 0
0.0362023 0
-0.0720172 0
0.0241612 0
0.119004 0
-0.193574 0
-0.132279 0
-0.0284078 0
-0.00229586 0
-0.0226948 0
0.0879445 0
0.180137 0
0.0820289 0
0.00522919 0
-0.00106609 0
0.121781 0
0.163225 0
-0.128982 0
-0.0724704 0
-0.00506626 0
0.0630993 0
-0.105674 0
-0.0593381 0
0.0578859 0
0.0667397 0
0.0449036 0
-0.0229908 0
-0.125254 0
-0.0312896 0
0.0254325 0
0.0271155 0
-0.0142222 0
-0.0896246 0
-0.153757 0
-0.00120622 0
0.00235587 0
0.0282586 0
-0.077206 0
-0.176296 0
-0.165042 0
-0.06197 0
-0.0552879 0
0.0206589 0
0.026761 0
0.0378245 0
0.0661939 0
0.0419455 0
0.0426823 0
0.0389453 0
0.00223933 0
0.00220067 0
0.0914559 0
0.14917 0
0.18567 0
0.12712 0
0.0212052 0
-0.0838464 0
-0.0609549 0
-0.0574603 0
-0.00898366 0
0.0140823 0
0.0426688 0
-0.0013517 0
-0.00194141 0
-0.0449216 0
-0.0370039 0
-0.0257638 0
0.0177952 0
-0.0327764 0
0.0671441 0
-0.0286975 0
-0.00405059 0
-0.0363458 0
-0.00976857 0
-0.00763712 0
-0.0184401 0
-0.0432276 0
-0.0601663 0
-0.0441462 0
0.0234308 0
-0.0284466 0
-0.0502846 0
-0.145566 0
-0.186192 0
-0.116175 0
0.025914 0
0.0577018 0
0.0167561 0
-0.00826792 0
-0.0239159 0
0.0241971 0
0.115933 0
0.166813 0
0.0810009 0
0.0332992 0
-0.0826581 0
0.0640608 0
0.0607915 0
-0.00813339 0
-0.0675679 0
-0.0472594 0
-0.0440449 0
0.11162 0
0.0836957 0
0.0632507 0
0.0565186 0
0.043751 0
-0.0695876 0
-0.104899 0
-0.14583 0
-0.120798 0
-0.0200588 0
0.0939951 0
0.130112 0
0.0213861 0
0.0143452 0
-0.0575517 0
0.125287 0
0.101631 0
0.0626999 0
0 0
0 0
0 0
0 0
0 0
0 0
0 0
0 0
0 0
0 0
0 0
0 0
0 0
0 0
0 0
0 0
0 0
0 0
0 0
0 0
0 0
0 0
0 0
0 0
0 0
0 0
0 0
0 0
0 0
0 0
0 0
0 0
0 0
0 0
0 0
0 0
0 0
0 0
0 0
0 0
0 0
0 0
0 0
0 0
0 0
0 0
0 0
0 0
0 0
0 0
0 0
0 0
0 0
0 0
0 0
0 0
0 0
0 0
0 0
0 0
0 0
0 0
0 0
0 0
0 0
0 0
0 0
0 0
0 0
0 0
0 0
0 0
0 0
0 0
0 0
0 0
0 0
0 0
0 0
0 0
0 0
0 0
0 0
0 0
0 0
0 0
0 0
0 0
0 0
0 0
0 0
0 0
0 0
0 0
0 0
0 0
0 0
0 0
0 0
0 0
0 0
0 0
0 0
0 0
0 0
0 0
0 0
0 0
0 0
0 0
0 0
0 0
0 0
0 0
0 0
0 0
0 0
0 0
0 0
0 0
0 0
0 0
0 0
0 0
0 0
0 0
0 0
0 0
0 0
0 0
0 0
0 0
0 0
0 0
0 0
0 0
0 0
0 0
0 0
0 0
0 0
-0.132278 0
-0.109884 0
-0.0537295 0
-0.03978 0
-0.0930017 0
-0.126216 0
0.0537633 0
0.0996797 0
0.174947 0
0.075729 0
-0.0507943 0
-0.0379254 0
0.0693111 0
0.136849 0
-0.0862087 0
-0.0569573 0
-0.0250676 0
0.024788 0
0.00961486 0
-0.0119187 0
0.00262597 0
-0.0125732 0
-0.0335141 0
0.0539502 0
0.0494547 0
0.0291789 0
0.0803537 0
0.046158 0
-0.0402782 0
0.00514124 0
0.0423107 0
-0.103097 0
-0.179602 0
-0.123191 0
-0.0467233 0
0.0466939 0
0.011326 0
-0.0942787 0
0.11874 0
0.127981 0
0.109689 0
0.0678003 0
-0.0101206 0
0.0918197 0
0.0500105 0
-0.0563206 0
-0.152416 0
-0.164928 0
-0.058989 0
0.145849 0
0.0860372 0
-0.0018981 0
-0.10185 0
-0.146377 0
0.0433129 0
0.143331 0
0.132458 0
0.0507782 0
-0.0269926 0
-0.0522332 0
0.0372614 0
0.123997 0
0.129498 0
0.00188013 0
-0.069822 0
-0.0829705 0
0.0866581 0
0.233273 0
0.183856 0
0.0124249 0
-0.159781 0
-0.202727 0
-0.0556843 0
0.0800577 0
0.0552457 0
-0.0148326 0
-0.132498 0
-0.103498 0
0.105262 0
0.0583801 0
-0.0435331 0
-0.0662591 0
0.00437099 0
-0.0125973 0
0.0824619 0
-0.024075 0
-0.0948868 0
0.0144954 0
0.0232802 0
0.0827412 0
0.0333815 0
-0.0784051 0
-0.118162 0
0.0424726 0
0.0174281 0
-0.079102 0
-0.092356 0
-0.109317 0
-0.0901644 0
-0.0305459 0
0.0597189 0
0.097479 0
0.0997733 0
0.0910207 0
-0.0200541 0
-0.0551631 0
0.0677364 0
0.103473 0
0.0235757 0
0.030963 0
-0.0210687 0
0.0215964 0
0.0396576 0
-0.0105316 0
-0.0104171 0
-0.107835 0
-0.0716515 0
0.0933735 0
0.0631872 0
0.052758 0
1.61917e-05 0
0.019958 0
0.0140099 0
-0.0480381 0
-0.0892202 0
-0.110403 0
-0.0333505 0
-0.122714 0
-0.0726872 0
-0.00704002 0
0.053086 0
0.0877819 0
-0.000805836 0
-0.11299 0
-0.07896 0
0.00703559 0
0.0985577 0
0.104399 0
-0.0349788 0
0.0165273 0
0.064478 0
0 0
0 0
0 0
0 0
0 0
0 0
0 0
0 0
0 0
0 0
0 0
0 0
0 0
0 0
0 0
0 0
0 0
0 0
0 0
0 0
0 0
0 0
0 0
0 0
0 0
0 0
0 0
0 0
0 0
0 0
0 0
0 0
0 0
0 0
0 0
0 0
0 0
0 0
0 0
0 0
0 0
0 0
0 0
0 0
0 0
0 0
0 0
0 0
0 0
0 0
0 0
0 0
0 0
0 0
0 0
0 0
0 0
0 0
0 0
0 0
0 0
0 0
0 0
0 0
0 0
0 0
0 0
0 0
0 0
0 0
0 0
0 0
0 0
0 0
0 0
0 0
0 0
0 0
0 0
0 0
0 0
0 0
0 0
0 0
0 0
0 0
0 0
0 0
0 0
0 0
0 0
0 0
0 0
0 0
0 0
0 0
0 0
0 0
0 0
0 0
0 0
0 0
0 0
0 0
0 0
0 0
0 0
0 0
0 0
0 0
0 0
0 0
0 0
0 0
0 0
0 0
0 0
0 0
0 0
0 0
0 0
0 0
0 0
0 0
0 0
0 0
0 0
0 0
0 0
0 0
0 0
0 0
0 0
0 0
0 0
0 0
0 0
0 0
0 0
0 0
0 0
0.00191815 0
-0.0503632 0
0.0228967 0
0.114142 0
0.0940846 0
0.0537869 0
-0.0229112 0
0.0263818 0
0.0406919 0
0.0867479 0
0.0293074 0
-0.0390235 0
-0.112979 0
-0.0404999 0
0.0140196 0
0.00566137 0
-0.105007 0
-0.12213 0
0.101092 0
0.0982204 0
-0.0216403 0
-0.0709561 0
0.0958589 0
0.0191196 0
-0.0959642 0
-0.0658896 0
0.0342313 0
-0.0288203 0
-0.126277 0
-0.124514 0
0.0406054 0
0.00177566 0
-0.0023312 0
-0.0720547 0
-0.0351048 0
0.0350827 0
0.120344 0
0.0661181 0
-0.0226206 0
0.0334996 0
0.0824131 0
0.113597 0
-0.114707 0
-0.154374 0
-0.0901721 0
0.0163395 0
0.0649518 0
0.0702838 0
0.0583854 0
0.0199071 0
0.0765553 0
0.015642 0
0.0537559 0
-0.0155534 0
0.0707993 0
0.10769 0
0.0995201 0
0.0293355 0
-0.0995161 0
-0.171854 0
-0.108957 0
-0.070659 0
0.0282567 0
0.0543841 0
0.0524726 0
0.00211042 0
-0.11899 0
-0.099409 0
-0.0783501 0
-0.102392 0
-0.120049 0
-0.152316 0
-0.136262 0
0.0218933 0
0.0676491 0
0.0523561 0
-0.00353562 0
-0.0982646 0
0.0667094 0
0.0908111 0
0.0371624 0
-0.0769535 0
-0.115083 0
-0.0094648 0
0.0619564 0
0.198399 0
0.0404359 0
-0.0061772 0
-0.112788 0
-0.0588729 0
0.0464957 0
0.0742128 0
0.0395979 0
0.0582145 0
0.0130943 0
-0.0594321 0
-0.0422195 0
0.0362328 0
0.116355 0
0.251725 0
0.134543 0
0.0613267 0
-0.0189053 0
-0.0387883 0
0.008546 0
0.0463668 0
0.0245893 0
0.0307944 0
-0.0521571 0
-0.0816688 0
-0.0802787 0
-0.177974 0
-0.0729098 0
-0.086704 0
-0.056282 0
0.00515309 0
0.00767511 0
0.082532 0
0.116515 0
-0.0133326 0
-0.0586429 0
-0.164472 0
-0.0569448 0
-0.0255638 0
0.0980206 0
0.0578045 0
0.138765 0
0.131162 0
0.0731343 0
0.058016 0
0.0883964 0
0.156705 0
0.142714 0
0.0222093 0
-0.0915216 0
-0.0579795 0
-0.0699805 0
0.0485887 0
-0.127584 0
-0.1362 0
-0.115515 0
0.132282 0
0.109791 0
0.0537713 0
0.0399887 0
0.0931737 0
0.126314 0
-0.0538052 0
-0.0996313 0
-0.174872 0
-0.0755702 0
0.0508479 0
0.037854 0
-0.0695176 0
-0.136923 0
0.0862342 0
0.0569675 0
0.0248755 0
-0.0250114 0
-0.00942992 0
0.0120983 0
-0.00266555 0
0.0124434 0
0.0336894 0
-0.0539151 0
-0.0496301 0
-0.0292994 0
-0.0802909 0
-0.0462106 0
0.0400472 0
-0.005369 0
-0.0422363 0
0.1031 0
0.179597 0
0.123059 0
0.046659 0
-0.0466297 0
-0.0111059 0
0.0943995 0
-0.118781 0
-0.127919 0
-0.109538 0
-0.0675924 0
0.00991078 0
-0.0921019 0
-0.0501754 0
0.0563504 0
0.152534 0
0.165056 0
0.0590957 0
-0.145812 0
-0.085897 0
0.00192671 0
0.101948 0
0.146348 0
-0.0431833 0
-0.143134 0
-0.132276 0
-0.0507244 0
0.0268105 0
0.0519187 0
-0.0374606 0
-0.124126 0
-0.129447 0
-0.00178064 0
0.0699179 0
0.0829742 0
-0.0868757 0
-0.233455 0
-0.183999 0
-0.0126122 0
0.159561 0
0.202448 0
0.055435 0
-0.0800175 0
-0.0551219 0
0.0149284 0
0.132492 0
0.103318 0
-0.105139 0
-0.0582139 0
0.043601 0
0.0661183 0
-0.0045815 0
0.01258 0
-0.0823484 0
0.0244379 0
0.0949606 0
-0.0145067 0
-0.0234865 0
-0.0828487 0
-0.0332964 0
0.0785407 0
0.118234 0
-0.042366 0
-0.0174041 0
0.0789932 0
0.0922786 0
0.109384 0
0.0903771 0
0.0310063 0
-0.0594727 0
-0.0973667 0
-0.0998077 0
-0.0910915 0
0.0200697 0
0.0552479 0
-0.0676913 0
-0.103416 0
-0.0236711 0
-0.0311124 0
0.0209219 0
-0.0219219 0
-0.0397909 0
0.010373 0
0.0103141 0
0.107844 0
0.0716654 0
-0.0932224 0
-0.062974 0
-0.0527823 0
-0.000123465 0
-0.0202589 0
-0.0141141 0
0.0479913 0
0.0893994 0
0.110508 0
0.0336042 0
0.122953 0
0.0728208 0
0.00714613 0
-0.0529242 0
-0.0874951 0
0.00106689 0
0.113031 0
0.0787925 0
-0.00714164 0
-0.0986855 0
-0.10431 0
0.0347453 0
-0.0167765 0
-0.0646892 0
0 0
0 0
0 0
0 0
0 0
0 0
0 0
0 0
0 0
0 0
0 0
0 0
0 0
0 0
0 0
0 0
0 0
0 0
0 0
0 0
0 0
0 0
0 0
0 0
0 0
0 0
0 0
0 0
0 0
0 0
0 0
0 0
0 0
0 0
0 0
0 0
0 0
0 0
0 0
0 0
0 0
0 0
0 0
0 0
0 0
0 0
0 0
0 0
0 0
0 0
0 0
0 0
0 0
0 0
0 0
0 0
0 0
0 0
0 0
0 0
0 0
0 0
0 0
0 0
0 0
0 0
0 0
0 0
0 0
0 0
0 0
0 0
0 0
0 0
0 0
0 0
0 0
0 0
0 0
0 0
0 0
0 0
0 0
0 0
0 0
0 0
0 0
0 0
0 0
0 0
0 0
0 0
0 0
0 0
0 0
0 0
0 0
0 0
0 0
0 0
0 0
0 0
0 0
0 0
0 0
0 0
0 0
0 0
0 0
0 0
0 0
0 0
0 0
0 0
0 0
0 0
0 0
0 0
0 0
0 0
0 0
0 0
0 0
0 0
0 0
0 0
0 0
0 0
0 0
0 0
0 0
0 0
0 0
0 0
0 0
0 0
0 0
0 0
0 0
0 0
0 0
-0.00167618 0
0.0505641 0
-0.0227984 0
-0.114069 0
-0.0939143 0
-0.0535559 0
0.0228128 0
-0.0265641 0
-0.0410118 0
-0.0868863 0
-0.0292145 0
0.0390928 0
0.112852 0
0.0402495 0
-0.0138619 0
-0.00555717 0
0.105053 0
0.122084 0
-0.10111 0
-0.0981984 0
0.0216355 0
0.0709789 0
-0.0957974 0
-0.0192182 0
0.0958736 0
0.0658361 0
-0.0343783 0
0.0287358 0
0.126351 0
0.124504 0
-0.0406827 0
-0.00158707 0
0.00265974 0
0.0722799 0
0.0351903 0
-0.0351681 0
-0.120364 0
-0.0659456 0
0.0224034 0
-0.0337336 0
-0.0826136 0
-0.113721 0
0.114725 0
0.154206 0
0.0900804 0
-0.0162364 0
-0.0646728 0
-0.0699819 0
-0.0582774 0
-0.0201739 0
-0.0767126 0
-0.0156385 0
-0.0535695 0
0.0158211 0
-0.0708784 0
-0.107952 0
-0.0997622 0
-0.0294283 0
0.0995653 0
0.171949 0
0.108889 0
0.070432 0
-0.0284935 0
-0.0543875 0
-0.0523448 0
-0.00195865 0
0.118831 0
0.0989822 0
0.0780136 0
0.102369 0
0.120341 0
0.152687 0
0.136364 0
-0.0220397 0
-0.0677501 0
-0.0523289 0
0.00377799 0
0.0984538 0
-0.0669018 0
-0.0909178 0
-0.0370828 0
0.0770746 0
0.115074 0
0.00948782 0
-0.0621072 0
-0.198355 0
-0.0402622 0
0.00615067 0
0.112745 0
0.0587215 0
-0.0465567 0
-0.0740692 0
-0.0393816 0
-0.0582921 0
-0.0131262 0
0.0595767 0
0.0423884 0
-0.0360327 0
-0.11619 0
-0.251669 0
-0.134652 0
-0.0615049 0
0.0187228 0
0.0386218 0
-0.00850931 0
-0.0462658 0
-0.0247132 0
-0.0309837 0
0.0521139 0
0.081612 0
0.0803171 0
0.177934 0
0.0728371 0
0.0867231 0
0.056301 0
-0.00495583 0
-0.00754403 0
-0.0827027 0
-0.11663 0
0.0132361 0
0.0586428 0
0.164435 0
0.0569191 0
0.0256517 0
-0.0978573 0
-0.0576025 0
-0.138703 0
-0.130938 0
-0.0730012 0
-0.058003 0
-0.0884934 0
-0.156865 0
-0.142712 0
-0.0220026 0
0.0916658 0
0.0579665 0
0.0698001 0
-0.0487796 0
0.127648 0
0.13617 0
0.115397 0
0 0
0 0
0 0
0 0
0 0
0 0
0 0
0 0
0 0
0 0
0 0
0 0
0 0
0 0
0 0
0 0
0 0
0 0
0 0
0 0
0 0
0 0
0 0
0 0
0 0
0 0
0 0
0 0
0 0
0 0
0 0
0 0
0 0
0 0
0 0
0 0
0 0
0 0
0 0
0 0
0 0
0 0
0 0
0 0
0 0
0 0
0 0
0 0
0 0
0 0
0 0
0 0
0 0
0 0
0 0
0 0
0 0
0 0
0 0
0 0
0 0
0 0
0 0
0 0
0 0
0 0
0 0
0 0
0 0
0 0
0 0
0 0
0 0
0 0
0 0
0 0
0 0
0 0
0 0
0 0
0 0
0 0
0 0
0 0
0 0
0 0
0 0
0 0
0 0
0 0
0 0
0 0
0 0
0 0
0 0
0 0
0 0
0 0
0 0
0 0
0 0
0 0
0 0
0 0
0 0
0 0
0 0
0 0
0 0
0 0
0 0
0 0
0 0
0 0
0 0
0 0
0 0
0 0
0 0
0 0
0 0
0 0
0 0
0 0
0 0
0 0
0 0
0 0
0 0
0 0
0 0
0 0
0 0
0 0
0 0
0 0
0 0
0 0
0 0
0 0
0 0
0 0
0 0
0 0
0 0
0 0
0 0
0 0
0 0
0 0
0 0
0 0
0 0
0 0
0 0
0 0
0 0
0 0
0 0
0 0
0 0
0 0
0 0
0 0
0 0
0 0
0 0
0 0
0 0
0 0
0 0
0 0
0 0
0 0
0 0
0 0
0 0
0 0
0 0
0 0
0 0
0 0
0 0
0 0
0 0
0 0
0 0
0 0
0 0
0 0
0 0
0 0
0 0
0 0
0 0
0 0
0 0
0 0
0 0
0 0
0 0
0 0
0 0
0 0
0 0
0 0
0 0
0 0
0 0
0 0
0 0
0 0
0 0
0 0
0 0
0 0
0 0
0 0
0 0
0 0
0 0
0 0
0 0
0 0
0 0
0 0
0 0
0 0
0 0
0 0
0 0
0 0
0 0
0 0
0 0
0 0
0 0
0 0
0 0
0 0
0 0
0 0
0 0
0 0
0 0
0 0
0 0
0 0
0 0
0 0
0 0
0 0
0 0
0 0
0 0
0 0
0 0
0 0
0 0
0 0
0 0
0 0
0 0
0 0
0 0
0 0
0 0
0 0
0 0
0 0
0 0
0 0
0 0
0 0
0 0
0 0
0 0
0 0
0 0
0 0
0 0
0 0
-0.0535989 0
-0.0909632 0
-1.74327e-15 0
0.0909632 0
0.0535989 0
-1.52388e-15 0
-1.84825e-15 0
0.0585498 0
0.0800641 0
0.100776 0
0.0193013 0
-0.0257933 0
-0.119858 0
-0.0234478 0
0.0567822 0
-0.00291091 0
-0.141786 0
-0.15417 0
0.0800641 0
-2.37623e-15 0
-9.25406e-15 0
-0.0835458 0
-0.0800641 0
0.00291091 0
0.141786 0
0.0835458 0
-0.0567822 0
0.0257933 0
0.119858 0
0.15417 0
-0.0193013 0
-0.0585498 0
-0.0800641 0
0.0234478 0
-1.40586e-15 0
-1.48828e-15 0
-0.0909632 0
-0.100776 0
0.0909632 0
0.0535989 0
-1.89093e-15 0
-0.0535989 0
-0.100776 0
-0.0800641 0
-0.0585498 0
-0.0193013 0
-6.51223e-15 0
-4.27805e-15 0
0.12507 0
0.155475 0
0.138788 0
3.95765e-15 0
-0.138788 0
-0.155475 0
-0.12507 0
-4.83212e-15 0
-6.22118e-15 0
0.0193013 0
0.0585498 0
0.0800641 0
0.100776 0
0.0234478 0
0.119858 0
0.0257933 0
-0.0567822 0
-0.12507 0
-0.155475 0
-7.23261e-16 0
-5.69619e-15 0
-3.98422e-15 0
-5.1563e-15 0
-8.68099e-16 0
0.155475 0
0.12507 0
0.0567822 0
-0.0257933 0
-0.119858 0
-0.0234478 0
0.15417 0
0.141786 0
0.00291091 0
-0.0800641 0
-0.138788 0
3.13914e-15 0
-4.32789e-15 0
-4.84925e-15 0
-3.79e-15 0
3.39454e-15 0
0.138788 0
0.0800641 0
-0.00291091 0
-0.141786 0
-0.15417 0
0.0835458 0
-8.00838e-15 0
-1.62017e-15 0
0.0800641 0
0.138788 0
0.155475 0
-3.90901e-16 0
-0.155475 0
-0.138788 0
-0.0800641 0
-8.07148e-16 0
-7.22155e-15 0
-0.0835458 0
-0.0835458 0
-0.141786 0
-0.00291091 0
0.0567822 0
0.12507 0
-4.58013e-15 0
-0.12507 0
-0.0567822 0
0.00291091 0
0.141786 0
0.0835458 0
-0.15417 0
-0.119858 0
-0.0257933 0
0.0193013 0
-6.02912e-15 0
-0.0193013 0
0.0257933 0
0.119858 0
0.15417 0
-0.0234478 0
0.0800641 0
0.0585498 0
-1.09748e-15 0
-0.0585498 0
-0.0800641 0
0.0234478 0
0.100776 0
0.0909632 0
-1.38168e-15 0
-0.0909632 0
-0.100776 0
0.0535989 0
-2.15966e-15 0
-0.0535989 0
0.0535989 0
0.0909632 0
-7.3646e-15 0
-0.0909632 0
-0.0535989 0
-9.2592e-15 0
-5.92239e-15 0
-0.0585498 0
-0.0800641 0
-0.100776 0
-0.0193013 0
0.0257933 0
0.119858 0
0.0234478 0
-0.0567822 0
0.00291091 0
0.141786 0
0.15417 0
-0.0800641 0
-6.32334e-15 0
-4.05632e-14 0
0.0835458 0
0.0800641 0
-0.00291091 0
-0.141786 0
-0.0835458 0
0.0567822 0
-0.0257933 0
-0.119858 0
-0.15417 0
0.0193013 0
0.0585498 0
0.0800641 0
-0.0234478 0
-5.43699e-15 0
-8.43427e-15 0
0.0909632 0
0.100776 0
-0.0909632 0
-0.0535989 0
-9.71111e-15 0
0.0535989 0
0.100776 0
0.0800641 0
0.0585498 0
0.0193013 0
-3.14572e-14 0
-2.24316e-14 0
-0.12507 0
-0.155475 0
-0.138788 0
1.79782e-14 0
0.138788 0
0.155475 0
0.12507 0
-2.36535e-14 0
-3.16567e-14 0
-0.0193013 0
-0.0585498 0
-0.0800641 0
-0.100776 0
-0.0234478 0
-0.119858 0
-0.0257933 0
0.0567822 0
0.12507 0
0.155475 0
-2.94161e-15 0
-2.89275e-14 0
-2.30896e-14 0
-2.78129e-14 0
-1.3391e-15 0
-0.155475 0
-0.12507 0
-0.0567822 0
0.0257933 0
0.119858 0
0.0234478 0
-0.15417 0
-0.141786 0
-0.00291091 0
0.0800641 0
0.138788 0
1.76587e-14 0
-2.30422e-14 0
-2.77336e-14 0
-2.23942e-14 0
1.7908e-14 0
-0.138788 0
-0.0800641 0
0.00291091 0
0.141786 0
0.15417 0
-0.0835458 0
-3.96831e-14 0
-5.62948e-15 0
-0.0800641 0
-0.138788 0
-0.155475 0
-2.23542e-15 0
0.155475 0
0.138788 0
0.0800641 0
-6.05117e-15 0
-3.918e-14 0
0.0835458 0
0.0835458 0
0.141786 0
0.00291091 0
-0.0567822 0
-0.12507 0
-2.24096e-14 0
0.12507 0
0.0567822 0
-0.00291091 0
-0.141786 0
-0.0835458 0
0.15417 0
0.119858 0
0.0257933 0
-0.0193013 0
-3.08486e-14 0
0.0193013 0
-0.0257933 0
-0.119858 0
-0.15417 0
0.0234478 0
-0.0800641 0
-0.0585498 0
-5.37243e-15 0
0.0585498 0
0.0800641 0
-0.0234478 0
-0.100776 0
-0.0909632 0
-7.73128e-15 0
0.0909632 0
0.100776 0
-0.0535989 0
-9.40536e-15 0
0.0535989 0
0 0
0 0
0 0
0 0
0 0
0 0
0 0
0 0
0 0
0 0
0 0
0 0
0 0
0 0
0 0
0 0
0 0
0 0
0 0
0 0
0 0
0 0
0 0
0 0
0 0
0 0
0 0
0 0
0 0
0 0
0 0
0 0
0 0
0 0
0 0
0 0
0 0
0 0
0 0
0 0
0 0
0 0
0 0
0 0
0 0
0 0
0 0
0 0
0 0
0 0
0 0
0 0
0 0
0 0
0 0
0 0
0 0
0 0
0 0
0 0
0 0
0 0
0 0
0 0
0 0
0 0
0 0
0 0
0 0
0 0
0 0
0 0
0 0
0 0
0 0
0 0
0 0
0 0
0 0
0 0
0 0
0 0
0 0
0 0
0 0
0 0
0 0
0 0
0 0
0 0
0 0
0 0
0 0
0 0
0 0
0 0
0 0
0 0
0 0
0 0
0 0
0 0
0 0
0 0
0 0
0 0
0 0
0 0
0 0
0 0
0 0
0 0
0 0
0 0
0 0
0 0
0 0
0 0
0 0
0 0
0 0
0 0
0 0
0 0
0 0
0 0
0 0
0 0
0 0
0 0
0 0
0 0
0 0
0 0
0 0
0 0
0 0
0 0
0 0
0 0
0 0
-0.0384857 0
-0.0195358 0
-0.0407146 0
-0.0195358 0
-0.0384857 0
-0.0455287 0
-0.029761 0
-0.0047999 0
0.0975962 0
0.0461728 0
-0.0759499 0
0.0340578 0
0.111405 0
0.123625 0
0.0221232 0
0.021422 0
-0.0595692 0
0.0306612 0
0.0736623 0
-0.0304138 0
-0.198743 0
-0.152792 0
0.0736623 0
0.021422 0
-0.0595692 0
-0.152792 0
0.0221232 0
0.0340578 0
0.111405 0
0.0306612 0
-0.0759499 0
-0.0047999 0
0.0975962 0
0.123625 0
-0.029761 0
-0.0407146 0
-0.0195358 0
0.0461728 0
-0.0195358 0
-0.0384857 0
-0.0455287 0
-0.0384857 0
0.0461728 0
0.0975962 0
-0.0047999 0
-0.0759499 0
-0.15766 0
-0.114642 0
-0.018078 0
0.0619562 0
0.133526 0
0.0901232 0
0.133526 0
0.0619562 0
-0.018078 0
-0.114642 0
-0.15766 0
-0.0759499 0
-0.0047999 0
0.0975962 0
0.0461728 0
0.123625 0
0.111405 0
0.0340578 0
0.0221232 0
-0.018078 0
0.0619562 0
-0.0107043 0
-0.142009 0
-0.114689 0
-0.142009 0
-0.0107043 0
0.0619562 0
-0.018078 0
0.0221232 0
0.0340578 0
0.111405 0
0.123625 0
0.0306612 0
-0.0595692 0
0.021422 0
0.0736623 0
0.133526 0
0.0901232 0
-0.114689 0
-0.142009 0
-0.114689 0
0.0901232 0
0.133526 0
0.0736623 0
0.021422 0
-0.0595692 0
0.0306612 0
-0.152792 0
-0.198743 0
-0.0304138 0
0.0736623 0
0.133526 0
0.0619562 0
-0.0107043 0
0.0619562 0
0.133526 0
0.0736623 0
-0.0304138 0
-0.198743 0
-0.152792 0
-0.152792 0
-0.0595692 0
0.021422 0
0.0221232 0
-0.018078 0
-0.114642 0
-0.018078 0
0.0221232 0
0.021422 0
-0.0595692 0
-0.152792 0
0.0306612 0
0.111405 0
0.0340578 0
-0.0759499 0
-0.15766 0
-0.0759499 0
0.0340578 0
0.111405 0
0.0306612 0
0.123625 0
0.0975962 0
-0.0047999 0
-0.029761 0
-0.0047999 0
0.0975962 0
0.123625 0
0.0461728 0
-0.0195358 0
-0.0407146 0
-0.0195358 0
0.0461728 0
-0.0384857 0
-0.0455287 0
-0.0384857 0
0 0
0 0
0 0
0 0
0 0
0 0
0 0
0 0
0 0
0 0
0 0
0 0
0 0
0 0
0 0
0 0
0 0
0 0
0 0
0 0
0 0
0 0
0 0
0 0
0 0
0 0
0 0
0 0
0 0
0 0
0 0
0 0
0 0
0 0
0 0
0 0
0 0
0 0
0 0
0 0
0 0
0 0
0 0
0 0
0 0
0 0
0 0
0 0
0 0
0 0
0 0
0 0
0 0
0 0
0 0
0 0
0 0
0 0
0 0
0 0
0 0
0 0
0 0
0 0
0 0
0 0
0 0
0 0
0 0
0 0
0 0
0 0
0 0
0 0
0 0
0 0
0 0
0 0
0 0
0 0
0 0
0 0
0 0
0 0
0 0
0 0
0 0
0 0
0 0
0 0
0 0
0 0
0 0
0 0
0 0
0 0
0 0
0 0
0 0
0 0
0 0
0 0
0 0
0 0
0 0
0 0
0 0
0 0
0 0
0 0
0 0
0 0
0 0
0 0
0 0
0 0
0 0
0 0
0 0
0 0
0 0
0 0
0 0
0 0
0 0
0 0
0 0
0 0
0 0
0 0
0 0
0 0
0 0
0 0
0 0
0 0
0 0
0 0
0 0
0 0
0 0
0 0
0 0
0 0
0 0
0 0
0 0
0 0
0 0
0 0
0 0
0 0
0 0
0 0
0 0
0 0
0 0
0 0
0 0
0 0
0 0
0 0
0 0
0 0
0 0
0 0
0 0
0 0
0 0
0 0
0 0
0 0
0 0
0 0
0 0
0 0
0 0
0 0
0 0
0 0
0 0
0 0
0 0
0 0
0 0
0 0
0 0
0 0
0 0
0 0
0 0
0 0
0 0
0 0
0 0
0 0
0 0
0 0
0 0
0 0
0 0
0 0
0 0
0 0
0 0
0 0
0 0
0 0
0 0
0 0
0 0
0 0
0 0
0 0
0 0
0 0
0 0
0 0
0 0
0 0
0 0
0 0
0 0
0 0
0 0
0 0
0 0
0 0
0 0
0 0
0 0
0 0
0 0
0 0
0 0
0 0
0 0
0 0
0 0
0 0
0 0
0 0
0 0
0 0
0 0
0 0
0 0
0 0
0 0
0 0
0 0
0 0
0 0
0 0
0 0
0 0
0 0
0 0
0 0
0 0
0 0
0 0
0 0
0 0
0 0
0 0
0 0
0 0
0 0
0 0
0 0
0 0
0 0
0 0
0 0
0 0
0 0
0 0
0 0
0 0
0 0
0 0
0.0384857 0
0.0195358 0
0.0407146 0
0.0195358 0
0.0384857 0
0.0455287 0
0.029761 0
0.0047999 0
-0.0975962 0
-0.0461728 0
0.0759499 0
-0.0340578 0
-0.111405 0
-0.123625 0
-0.0221232 0
-0.021422 0
0.0595692 0
-0.0306612 0
-0.0736623 0
0.0304138 0
0.198743 0
0.152792 0
-0.0736623 0
-0.021422 0
0.0595692 0
0.152792 0
-0.0221232 0
-0.0340578 0
-0.111405 0
-0.0306612 0
0.0759499 0
0.0047999 0
-0.0975962 0
-0.123625 0
0.029761 0
0.0407146 0
0.0195358 0
-0.0461728 0
0.0195358 0
0.0384857 0
0.0455287 0
0.0384857 0
-0.0461728 0
-0.0975962 0
0.0047999 0
0.0759499 0
0.15766 0
0.114642 0
0.018078 0
-0.0619562 0
-0.133526 0
-0.0901232 0
-0.133526 0
-0.0619562 0
0.018078 0
0.114642 0
0.15766 0
0.0759499 0
0.0047999 0
-0.0975962 0
-0.0461728 0
-0.123625 0
-0.111405 0
-0.0340578 0
-0.0221232 0
0.018078 0
-0.0619562 0
0.0107043 0
0.142009 0
0.114689 0
0.142009 0
0.0107043 0
-0.0619562 0
0.018078 0
-0.0221232 0
-0.0340578 0
-0.111405 0
-0.123625 0
-0.0306612 0
0.0595692 0
-0.021422 0
-0.0736623 0
-0.133526 0
-0.0901232 0
0.114689 0
0.142009 0
0.114689 0
-0.0901232 0
-0.133526 0
-0.0736623 0
-0.021422 0
0.0595692 0
-0.0306612 0
0.152792 0
0.198743 0
0.0304138 0
-0.0736623 0
-0.133526 0
-0.0619562 0
0.0107043 0
-0.0619562 0
-0.133526 0
-0.0736623 0
0.0304138 0
0.198743 0
0.152792 0
0.152792 0
0.0595692 0
-0.021422 0
-0.0221232 0
0.018078 0
0.114642 0
0.018078 0
-0.0221232 0
-0.021422 0
0.0595692 0
0.152792 0
-0.0306612 0
-0.111405 0
-0.0340578 0
0.0759499 0
0.15766 0
0.0759499 0
-0.0340578 0
-0.111405 0
-0.0306612 0
-0.123625 0
-0.0975962 0
0.0047999 0
0.029761 0
0.0047999 0
-0.0975962 0
-0.123625 0
-0.0461728 0
0.0195358 0
0.0407146 0
0.0195358 0
-0.0461728 0
0.0384857 0
0.0455287 0
0.0384857 0
0 0
0 0
0 0
0 0
0 0
0 0
0 0
0 0
0 0
0 0
0 0
0 0
0 0
0 0
0 0
0 0
0 0
0 0
0 0
0 0
0 0
0 0
0 0
0 0
0 0
0 0
0 0
0 0
0 0
0 0
0 0
0 0
0 0
0 0
0 0
0 0
0 0
0 0
0 0
0 0
0 0
0 0
0 0
0 0
0 0
0 0
0 0
0 0
0 0
0 0
0 0
0 0
0 0
0 0
0 0
0 0
0 0
0 0
0 0
0 0
0 0
0 0
0 0
0 0
0 0
0 0
0 0
0 0
0 0
0 0
0 0
0 0
0 0
0 0
0 0
0 0
0 0
0 0
0 0
0 0
0 0
0 0
0 0
0 0
0 0
0 0
0 0
0 0
0 0
0 0
0 0
0 0
0 0
0 0
0 0
0 0
0 0
0 0
0 0
0 0
0 0
0 0
0 0
0 0
0 0
0 0
0 0
0 0
0 0
0 0
0 0
0 0
0 0
0 0
0 0
0 0
0 0
0 0
0 0
0 0
0 0
0 0
0 0
0 0
0 0
0 0
0 0
0 0
0 0
0 0
0 0
0 0
0 0
0 0
0 0
0 0
0 0
0 0
0 0
0 0
0 0
0.148503 0
0.080893 0
-0.0833292 0
0.0115479 0
0.105376 0
0.157891 0
-0.226429 0
-0.133693 0
-0.0171417 0
-0.00347888 0
0.0286002 0
0.149228 0
0.193387 0
0.109609 0
0.0179619 0
-0.163131 0
-0.109585 0
0.0521179 0
-0.170682 0
-0.00799982 0
0.00475877 0
-0.0651926 0
0.15306 0
0.151301 0
0.125234 0
0.0808442 0
-0.0350109 0
-0.160007 0
-0.174721 0
-0.0307764 0
-0.0475506 0
0.109656 0
0.0297541 0
-0.0901566 0
0.194117 0
0.0714378 0
0.0158205 0
0.0283435 0
-0.0950697 0
-0.143307 0
-0.135359 0
-0.0743428 0
0.0648973 0
0.023458 0
-0.147062 0
-0.0334962 0
0.0304532 0
0.0538629 0
0.0427848 0
-0.00302936 0
-0.103316 0
0.00758575 0
0.10281 0
0.00466683 0
-0.0475891 0
-0.0461764 0
-0.0261073 0
0.051748 0
0.131035 0
-0.035169 0
-0.0809972 0
0.119884 0
0.169309 0
0.0627494 0
-0.0349151 0
0.0133704 0
0.00255097 0
0.0556599 0
0.0899762 0
0.0127031 0
-0.0771361 0
-0.0477169 0
-0.0042567 0
-0.000552395 0
0.0495449 0
-0.0217196 0
-0.136217 0
-0.106587 0
0.0896046 0
-0.0252297 0
-0.132261 0
-0.152523 0
-0.0649284 0
0.0455712 0
0.0763134 0
-0.01284 0
-0.0890164 0
-0.053157 0
0.0414248 0
0.124022 0
0.101937 0
-0.00965828 0
-0.0907216 0
0.00208866 0
0.0285882 0
-0.0480587 0
0.0466595 0
0.0618909 0
0.00728606 0
-0.00794293 0
-0.0072178 0
-0.0378816 0
-0.000536626 0
0.0560585 0
-0.0333469 0
-0.0267455 0
0.0919381 0
0.119243 0
0.0611936 0
-0.0675067 0
-0.0422324 0
-0.00768649 0
0.0342188 0
0.069926 0
-0.0190398 0
-0.100004 0
-0.0829329 0
0.0386037 0
-0.0571704 0
-0.127508 0
-0.0803481 0
-0.00434581 0
0.0810468 0
0.0972579 0
0.00541201 0
-0.0588282 0
-0.0030223 0
0.0523107 0
0.00265877 0
0.0323126 0
0.0374064 0
-0.0532121 0
-0.0297275 0
0.0844761 0
0.0835218 0
0.0118915 0
-0.0967135 0
-0.0932408 0
0.0379305 0
-0.0225318 0
-0.0741603 0
0.148495 0
0.0801619 0
-0.0837082 0
0.0126994 0
0.106539 0
0.158609 0
-0.227459 0
-0.134513 0
-0.0165762 0
-0.00241103 0
0.0277461 0
0.148536 0
0.193885 0
0.110271 0
0.0172055 0
-0.163383 0
-0.108746 0
0.052949 0
-0.17117 0
-0.00867108 0
0.00515807 0
-0.0644228 0
0.15207 0
0.150561 0
0.125709 0
0.0813877 0
-0.0356852 0
-0.16022 0
-0.173652 0
-0.0298168 0
-0.0482867 0
0.108459 0
0.0302469 0
-0.0891857 0
0.192435 0
0.0708189 0
0.0169654 0
0.029362 0
-0.0955281 0
-0.142863 0
-0.134187 0
-0.0729016 0
0.0641088 0
0.0229212 0
-0.147519 0
-0.0326644 0
0.0305917 0
0.0541078 0
0.0425132 0
-0.0029547 0
-0.103177 0
0.00822227 0
0.102629 0
0.00472956 0
-0.0477207 0
-0.0457764 0
-0.0258812 0
0.0524477 0
0.130147 0
-0.0356149 0
-0.0815596 0
0.120267 0
0.17046 0
0.0644053 0
-0.0342359 0
0.0138973 0
0.00247413 0
0.055913 0
0.0903854 0
0.013769 0
-0.0764679 0
-0.0473036 0
-0.00432299 0
-3.83017e-06 0
0.0500932 0
-0.0199327 0
-0.134592 0
-0.105854 0
0.089418 0
-0.0266814 0
-0.133352 0
-0.153505 0
-0.0658321 0
0.0451765 0
0.0756523 0
-0.0139174 0
-0.0894213 0
-0.0533987 0
0.0403563 0
0.122612 0
0.100483 0
-0.0111341 0
-0.0906287 0
0.00103184 0
0.0283405 0
-0.0476424 0
0.0485581 0
0.0628209 0
0.00727769 0
-0.00860942 0
-0.00720369 0
-0.036797 0
0.00143503 0
0.0563135 0
-0.0334986 0
-0.0277577 0
0.0921804 0
0.11988 0
0.0629 0
-0.0672987 0
-0.0425093 0
-0.00833146 0
0.0338233 0
0.069921 0
-0.017209 0
-0.0990272 0
-0.0824196 0
0.0376797 0
-0.0592934 0
-0.128603 0
-0.0801938 0
-0.00471047 0
0.0809511 0
0.0958146 0
0.003192 0
-0.0596012 0
-0.00441701 0
0.0521912 0
0.00436663 0
0.0350239 0
0.0390604 0
-0.0531681 0
-0.0310808 0
0.0839707 0
0.0828287 0
0.0128893 0
-0.0971273 0
-0.0934708 0
0.0363236 0
-0.0244225 0
-0.0755935 0
0 0
0 0
0 0
0 0
0 0
0 0
0 0
0 0
0 0
0 0
0 0
0 0
0 0
0 0
0 0
0 0
0 0
0 0
0 0
0 0
0 0
0 0
0 0
0 0
0 0
0 0
0 0
0 0
0 0
0 0
0 0
0 0
0 0
0 0
0 0
0 0
0 0
0 0
0 0
0 0
0 0
0 0
0 0
0 0
0 0
0 0
0 0
0 0
0 0
0 0
0 0
0 0
0 0
0 0
0 0
0 0
0 0
0 0
0 0
0 0
0 0
0 0
0 0
0 0
0 0
0 0
0 0
0 0
0 0
0 0
0 0
0 0
0 0
0 0
0 0
0 0
0 0
0 0
0 0
0 0
0 0
0 0
0 0
0 0
0 0
0 0
0 0
0 0
0 0
0 0
0 0
0 0
0 0
0 0
0 0
0 0
0 0
0 0
0 0
0 0
0 0
0 0
0 0
0 0
0 0
0 0
0 0
0 0
0 0
0 0
0 0
0 0
0 0
0 0
0 0
0 0
0 0
0 0
0 0
0 0
0 0
0 0
0 0
0 0
0 0
0 0
0 0
0 0
0 0
0 0
0 0
0 0
0 0
0 0
0 0
0 0
0 0
0 0
0 0
0 0
0 0
0 0
0 0
0 0
0 0
0 0
0 0
0 0
0 0
0 0
0 0
0 0
0 0
0 0
0 0
0 0
0 0
0 0
0 0
0 0
0 0
0 0
0 0
0 0
0 0
0 0
0 0
0 0
0 0
0 0
0 0
0 0
0 0
0 0
0 0
0 0
0 0
0 0
0 0
0 0
0 0
0 0
0 0
0 0
0 0
0 0
0 0
0 0
0 0
0 0
0 0
0 0
0 0
0 0
0 0
0 0
0 0
0 0
0 0
0 0
0 0
0 0
0 0
0 0
0 0
0 0
0 0
0 0
0 0
0 0
0 0
0 0
0 0
0 0
0 0
0 0
0 0
0 0
0 0
0 0
0 0
0 0
0 0
0 0
0 0
0 0
0 0
0 0
0 0
0 0
0 0
0 0
0 0
0 0
0 0
0 0
0 0
0 0
0 0
0 0
0 0
0 0
0 0
0 0
0 0
0 0
0 0
0 0
0 0
0 0
0 0
0 0
0 0
0 0
0 0
0 0
0 0
0 0
0 0
0 0
0 0
0 0
0 0
0 0
0 0
0 0
0 0
0 0
0 0
0 0
0 0
0 0
0 0
0 0
0 0
0 0
0 0
0 0
0 0
0 0
0 0
0 0
0.00010538 0
-0.0649715 0
-0.0343791 0
0.10311 0
0.104637 0
0.065141 0
-0.0934177 0
-0.0741178 0
0.0505065 0
0.095536 0
-0.0762657 0
-0.061077 0
0.0456373 0
0.0597931 0
-0.0675798 0
-0.0235233 0
0.0744211 0
0.074666 0
-0.0446654 0
-0.0601121 0
0.0357582 0
0.068522 0
-0.0877495 0
-0.0653684 0
0.0431711 0
0.0490872 0
-0.0605301 0
-0.0199235 0
0.0946257 0
0.0856977 0
-0.0661314 0
-0.106503 0
0.0442655 0
0.0863783 0
-0.149385 0
-0.0549757 0
0.102541 0
0.0913011 0
-0.0415541 0
0.0389399 0
0.104167 0
0.128555 0
-0.0701967 0
-0.0479006 0
-0.0417133 0
0.0742458 0
0.012564 0
0.0222221 0
-0.0240639 0
0.00666422 0
0.0118161 0
0.0570007 0
-0.0156155 0
0.00564 0
-0.0120368 0
0.0355355 0
0.0200912 0
0.0629014 0
-0.0787229 0
-0.0400984 0
-0.0507808 0
0.0348888 0
0.104 0
0.148532 0
0.0605854 0
0.0472318 0
-0.00686159 0
0.0229635 0
0.0371214 0
0.0954532 0
0.059361 0
0.0367211 0
-0.00595561 0
0.0490847 0
0.0493453 0
0.159773 0
0.144659 0
0.0650279 0
-0.0161957 0
-0.130041 0
-0.0983462 0
-0.088679 0
-0.0812284 0
-0.0350698 0
-0.0587278 0
-0.0964823 0
-0.0367254 0
-0.0219309 0
-0.095382 0
-0.125482 0
-0.129514 0
-0.132114 0
0.00780244 0
-0.0945567 0
-0.0220003 0
0.0369841 0
0.170148 0
0.083566 0
-0.000708606 0
-0.0596846 0
0.00122159 0
0.0968438 0
0.176428 0
0.023128 0
-0.0137579 0
-0.0907194 0
0.0221974 0
0.0576925 0
0.153037 0
0.0182345 0
-0.0250207 0
-0.0577577 0
-0.035195 0
-5.53218e-05 0
0.163715 0
0.0868702 0
0.0454695 0
-0.0824684 0
-0.190297 0
-0.0986964 0
0.0133644 0
-0.0326552 0
-0.00811435 0
-0.128609 0
-0.198625 0
-0.069502 0
-0.124821 0
-0.0104081 0
0.152841 0
0.242802 0
0.148216 0
0.00363509 0
-0.121267 0
-0.0447552 0
-0.0615557 0
0.0893548 0
-0.0375697 0
-0.0211044 0
-0.143577 0
-0.169308 0
-0.12866 0
0.00155418 0
0.0658715 0
0.0334457 0
-0.102974 0
-0.103453 0
-0.0633725 0
0.0908815 0
0.0726191 0
-0.0506949 0
-0.095569 0
0.0765806 0
0.0627408 0
-0.0434734 0
-0.0585645 0
0.0677763 0
0.0216988 0
-0.0756411 0
-0.0740789 0
0.0427552 0
0.0600189 0
-0.0357028 0
-0.0692463 0
0.0894545 0
0.0670551 0
-0.0417688 0
-0.0481807 0
0.060135 0
0.0181341 0
-0.0965723 0
-0.0860363 0
0.0655959 0
0.107722 0
-0.0439302 0
-0.0873804 0
0.151545 0
0.0557706 0
-0.102358 0
-0.0909786 0
0.0404891 0
-0.040539 0
-0.105673 0
-0.129378 0
0.0709176 0
0.0481597 0
0.0400673 0
-0.0746155 0
-0.0122229 0
-0.0216188 0
0.0245406 0
-0.00669766 0
-0.0129699 0
-0.0569124 0
0.0167634 0
-0.00558749 0
0.0115043 0
-0.0360493 0
-0.0203817 0
-0.0623191 0
0.0801823 0
0.0397029 0
0.0498725 0
-0.0335468 0
-0.102101 0
-0.147822 0
-0.0609718 0
-0.0470794 0
0.00688967 0
-0.0223401 0
-0.0361136 0
-0.0953053 0
-0.0602193 0
-0.0372521 0
0.00590767 0
-0.0490878 0
-0.0487885 0
-0.160006 0
-0.146173 0
-0.066215 0
0.017196 0
0.129751 0
0.096862 0
0.086969 0
0.0804977 0
0.0355769 0
0.0595769 0
0.0963328 0
0.0357284 0
0.0213355 0
0.095839 0
0.12686 0
0.130645 0
0.131997 0
-0.00881578 0
0.0945742 0
0.0223184 0
-0.0375188 0
-0.169615 0
-0.0828691 0
0.000789985 0
0.0595921 0
-0.00130218 0
-0.0972611 0
-0.176423 0
-0.0225001 0
0.0133844 0
0.0904149 0
-0.0211686 0
-0.0563563 0
-0.152344 0
-0.0189877 0
0.0245472 0
0.0576682 0
0.0355752 0
0.000836754 0
-0.163917 0
-0.0879824 0
-0.0463935 0
0.0828947 0
0.189646 0
0.0972653 0
-0.0142614 0
0.0326046 0
0.00901955 0
0.129687 0
0.198673 0
0.0688403 0
0.124779 0
0.010992 0
-0.152801 0
-0.242426 0
-0.147789 0
-0.00422952 0
0.120927 0
0.0456965 0
0.0624852 0
-0.0892163 0
0.0364865 0
0.0200611 0
0.143992 0
0.169046 0
0.127823 0
0 0
0 0
0 0
0 0
0 0
0 0
0 0
0 0
0 0
0 0
0 0
0 0
0 0
0 0
0 0
0 0
0 0
0 0
0 0
0 0
0 0
0 0
0 0
0 0
0 0
0 0
0 0
0 0
0 0
0 0
0 0
0 0
0 0
0 0
0 0
0 0
0 0
0 0
0 0
0 0
0 0
0 0
0 0
0 0
0 0
0 0
0 0
0 0
0 0
0 0
0 0
0 0
0 0
0 0
0 0
0 0
0 0
0 0
0 0
0 0
0 0
0 0
0 0
0 0
0 0
0 0
0 0
0 0
0 0
0 0
0 0
0 0
0 0
0 0
0 0
0 0
0 0
0 0
0 0
0 0
0 0
0 0
0 0
0 0
0 0
0 0
0 0
0 0
0 0
0 0
0 0
0 0
0 0
0 0
0 0
0 0
0 0
0 0
0 0
0 0
0 0
0 0
0 0
0 0
0 0
0 0
0 0
0 0
0 0
0 0
0 0
0 0
0 0
0 0
0 0
0 0
0 0
0 0
0 0
0 0
0 0
0 0
0 0
0 0
0 0
0 0
0 0
0 0
0 0
0 0
0 0
0 0
0 0
0 0
0 0
0 0
0 0
0 0
0 0
0 0
0 0
0.0885356 0
0.141786 0
-4.5231e-15 0
-0.141786 0
-0.0885356 0
8.55817e-15 0
-1.18358e-14 0
0.0248483 0
-0.0800641 0
-0.13853 0
0.119858 0
0.167099 0
0.0567822 0
-0.0145379 0
0.0909632 0
-0.0902775 0
-0.155475 0
-0.0616267 0
-0.0800641 0
-3.38743e-15 0
9.20894e-16 0
-0.0970832 0
0.0800641 0
0.0902775 0
0.155475 0
0.0970832 0
-0.0909632 0
-0.167099 0
-0.0567822 0
0.0616267 0
-0.119858 0
-0.0248483 0
0.0800641 0
0.0145379 0
1.11941e-15 0
5.37004e-16 0
0.141786 0
0.13853 0
-0.141786 0
-0.0885356 0
-9.84644e-16 0
0.0885356 0
0.13853 0
0.0800641 0
-0.0248483 0
-0.119858 0
2.44537e-15 0
2.4691e-15 0
0.0688524 0
0.0193013 0
-0.0379421 0
3.35017e-15 0
0.0379421 0
-0.0193013 0
-0.0688524 0
-5.3243e-17 0
1.92108e-16 0
0.119858 0
0.0248483 0
-0.0800641 0
-0.13853 0
0.0145379 0
-0.0567822 0
-0.167099 0
-0.0909632 0
-0.0688524 0
-0.0193013 0
1.87198e-15 0
3.95389e-15 0
3.94772e-15 0
-6.76395e-16 0
-2.4343e-16 0
0.0193013 0
0.0688524 0
0.0909632 0
0.167099 0
0.0567822 0
-0.0145379 0
0.0616267 0
0.155475 0
0.0902775 0
0.0800641 0
0.0379421 0
8.90014e-16 0
3.08675e-16 0
-4.33723e-15 0
-4.11615e-15 0
-2.31072e-15 0
-0.0379421 0
-0.0800641 0
-0.0902775 0
-0.155475 0
-0.0616267 0
0.0970832 0
2.48715e-18 0
5.42296e-16 0
-0.0800641 0
-0.0379421 0
0.0193013 0
-2.80248e-15 0
-0.0193013 0
0.0379421 0
0.0800641 0
3.26537e-15 0
-1.0693e-15 0
-0.0970832 0
-0.0970832 0
-0.155475 0
-0.0902775 0
0.0909632 0
0.0688524 0
-1.77342e-15 0
-0.0688524 0
-0.0909632 0
0.0902775 0
0.155475 0
0.0970832 0
-0.0616267 0
0.0567822 0
0.167099 0
0.119858 0
-5.2645e-16 0
-0.119858 0
-0.167099 0
-0.0567822 0
0.0616267 0
-0.0145379 0
-0.0800641 0
0.0248483 0
8.04935e-15 0
-0.0248483 0
0.0800641 0
0.0145379 0
-0.13853 0
-0.141786 0
2.49078e-15 0
0.141786 0
0.13853 0
-0.0885356 0
-5.67092e-15 0
0.0885356 0
0 0
0 0
0 0
0 0
0 0
0 0
0 0
0 0
0 0
0 0
0 0
0 0
0 0
0 0
0 0
0 0
0 0
0 0
0 0
0 0
0 0
0 0
0 0
0 0
0 0
0 0
0 0
0 0
0 0
0 0
0 0
0 0
0 0
0 0
0 0
0 0
0 0
0 0
0 0
0 0
0 0
0 0
0 0
0 0
0 0
0 0
0 0
0 0
0 0
0 0
0 0
0 0
0 0
0 0
0 0
0 0
0 0
0 0
0 0
0 0
0 0
0 0
0 0
0 0
0 0
0 0
0 0
0 0
0 0
0 0
0 0
0 0
0 0
0 0
0 0
0 0
0 0
0 0
0 0
0 0
0 0
0 0
0 0
0 0
0 0
0 0
0 0
0 0
0 0
0 0
0 0
0 0
0 0
0 0
0 0
0 0
0 0
0 0
0 0
0 0
0 0
0 0
0 0
0 0
0 0
0 0
0 0
0 0
0 0
0 0
0 0
0 0
0 0
0 0
0 0
0 0
0 0
0 0
0 0
0 0
0 0
0 0
0 0
0 0
0 0
0 0
0 0
0 0
0 0
0 0
0 0
0 0
0 0
0 0
0 0
0 0
0 0
0 0
0 0
0 0
0 0
0 0
0 0
0 0
0 0
0 0
0 0
0 0
0 0
0 0
0 0
0 0
0 0
0 0
0 0
0 0
0 0
0 0
0 0
0 0
0 0
0 0
0 0
0 0
0 0
0 0
0 0
0 0
0 0
0 0
0 0
0 0
0 0
0 0
0 0
0 0
0 0
0 0
0 0
0 0
0 0
0 0
0 0
0 0
0 0
0 0
0 0
0 0
0 0
0 0
0 0
0 0
0 0
0 0
0 0
0 0
0 0
0 0
0 0
0 0
0 0
0 0
0 0
0 0
0 0
0 0
0 0
0 0
0 0
0 0
0 0
0 0
0 0
0 0
0 0
0 0
0 0
0 0
0 0
0 0
0 0
0 0
0 0
0 0
0 0
0 0
0 0
0 0
0 0
0 0
0 0
0 0
0 0
0 0
0 0
0 0
0 0
0 0
0 0
0 0
0 0
0 0
0 0
0 0
0 0
0 0
0 0
0 0
0 0
0 0
0 0
0 0
0 0
0 0
0 0
0 0
0 0
0 0
0 0
0 0
0 0
0 0
0 0
0 0
0 0
0 0
0 0
0 0
0 0
0 0
0 0
0 0
0 0
0 0
0 0
0 0
0 0
0 0
0 0
0 0
0 0
0 0
0.0885356 0
0.141786 0
6.7423e-15 0
-0.141786 0
-0.0885356 0
-1.36272e-14 0
1.93815e-14 0
0.0248483 0
-0.0800641 0
-0.13853 0
0.119858 0
0.167099 0
0.0567822 0
-0.0145379 0
0.0909632 0
-0.0902775 0
-0.155475 0
-0.0616267 0
-0.0800641 0
1.71309e-15 0
-3.22117e-16 0
-0.0970832 0
0.0800641 0
0.0902775 0
0.155475 0
0.0970832 0
-0.0909632 0
-0.167099 0
-0.0567822 0
0.0616267 0
-0.119858 0
-0.0248483 0
0.0800641 0
0.0145379 0
-1.28283e-14 0
-5.07063e-15 0
0.141786 0
0.13853 0
-0.141786 0
-0.0885356 0
7.91073e-15 0
0.0885356 0
0.13853 0
0.0800641 0
-0.0248483 0
-0.119858 0
-2.4088e-15 0
-4.55821e-15 0
0.0688524 0
0.0193013 0
-0.0379421 0
-1.94982e-15 0
0.0379421 0
-0.0193013 0
-0.0688524 0
3.71398e-15 0
1.02553e-15 0
0.119858 0
0.0248483 0
-0.0800641 0
-0.13853 0
0.0145379 0
-0.0567822 0
-0.167099 0
-0.0909632 0
-0.0688524 0
-0.0193013 0
-4.32778e-15 0
-5.92466e-15 0
-6.18958e-16 0
6.03441e-15 0
4.62454e-15 0
0.0193013 0
0.0688524 0
0.0909632 0
0.167099 0
0.0567822 0
-0.0145379 0
0.0616267 0
0.155475 0
0.0902775 0
0.0800641 0
0.0379421 0
-3.23105e-15 0
-5.13151e-15 0
1.13621e-15 0
5.62047e-15 0
2.13947e-15 0
-0.0379421 0
-0.0800641 0
-0.0902775 0
-0.155475 0
-0.0616267 0
0.0970832 0
-1.51753e-15 0
3.17366e-15 0
-0.0800641 0
-0.0379421 0
0.0193013 0
2.07951e-15 0
-0.0193013 0
0.0379421 0
0.0800641 0
-4.21524e-15 0
3.50667e-15 0
-0.0970832 0
-0.0970832 0
-0.155475 0
-0.0902775 0
0.0909632 0
0.0688524 0
1.68851e-15 0
-0.0688524 0
-0.0909632 0
0.0902775 0
0.155475 0
0.0970832 0
-0.0616267 0
0.0567822 0
0.167099 0
0.119858 0
-4.84378e-16 0
-0.119858 0
-0.167099 0
-0.0567822 0
0.0616267 0
-0.0145379 0
-0.0800641 0
0.0248483 0
-5.71385e-15 0
-0.0248483 0
0.0800641 0
0.0145379 0
-0.13853 0
-0.141786 0
-1.95175e-15 0
0.141786 0
0.13853 0
-0.0885356 0
2.86189e-15 0
0.0885356 0
0 0
0 0
0 0
0 0
0 0
0 0
0 0
0 0
0 0
0 0
0 0
0 0
0 0
0 0
0 0
0 0
0 0
0 0
0 0
0 0
0 0
0 0
0 0
0 0
0 0
0 0
0 0
0 0
0 0
0 0
0 0
0 0
0 0
0 0
0 0
0 0
0 0
0 0
0 0
0 0
0 0
0 0
0 0
0 0
0 0
0 0
0 0
0 0
0 0
0 0
0 0
0 0
0 0
0 0
0 0
0 0
0 0
0 0
0 0
0 0
0 0
0 0
0 0
0 0
0 0
0 0
0 0
0 0
0 0
0 0
0 0
0 0
0 0
0 0
0 0
0 0
0 0
0 0
0 0
0 0
0 0
0 0
0 0
0 0
0 0
0 0
0 0
0 0
0 0
0 0
0 0
0 0
0 0
0 0
0 0
0 0
0 0
0 0
0 0
0 0
0 0
0 0
0 0
0 0
0 0
0 0
0 0
0 0
0 0
0 0
0 0
0 0
0 0
0 0
0 0
0 0
0 0
0 0
0 0
0 0
0 0
0 0
0 0
0 0
0 0
0 0
0 0
0 0
0 0
0 0
0 0
0 0
0 0
0 0
0 0
0 0
0 0
0 0
0 0
0 0
0 0
-0.11014 0
-0.0273796 0
0.0152175 0
-0.0273796 0
-0.11014 0
-0.142672 0
0.0782544 0
0.0528021 0
0.108669 0
0.0526498 0
-0.105399 0
-0.106752 0
-0.0124364 0
0.0623282 0
-0.0469854 0
-0.0532565 0
0.0513787 0
0.0252224 0
-0.0866192 0
-0.0381205 0
0.114382 0
0.107361 0
-0.0866192 0
-0.0532565 0
0.0513787 0
0.107361 0
-0.0469854 0
-0.106752 0
-0.0124364 0
0.0252224 0
-0.105399 0
0.0528021 0
0.108669 0
0.0623282 0
0.0782544 0
0.0152175 0
-0.0273796 0
0.0526498 0
-0.0273796 0
-0.11014 0
-0.142672 0
-0.11014 0
0.0526498 0
0.108669 0
0.0528021 0
-0.105399 0
-0.108782 0
0.0428432 0
0.0874649 0
0.139184 0
-0.0423596 0
-0.117967 0
-0.0423596 0
0.139184 0
0.0874649 0
0.0428432 0
-0.108782 0
-0.105399 0
0.0528021 0
0.108669 0
0.0526498 0
0.0623282 0
-0.0124364 0
-0.106752 0
-0.0469854 0
0.0874649 0
0.139184 0
0.16979 0
-0.0162203 0
-0.0974167 0
-0.0162203 0
0.16979 0
0.139184 0
0.0874649 0
-0.0469854 0
-0.106752 0
-0.0124364 0
0.0623282 0
0.0252224 0
0.0513787 0
-0.0532565 0
-0.0866192 0
-0.0423596 0
-0.117967 0
-0.0974167 0
-0.0162203 0
-0.0974167 0
-0.117967 0
-0.0423596 0
-0.0866192 0
-0.0532565 0
0.0513787 0
0.0252224 0
0.107361 0
0.114382 0
-0.0381205 0
-0.0866192 0
-0.0423596 0
0.139184 0
0.16979 0
0.139184 0
-0.0423596 0
-0.0866192 0
-0.0381205 0
0.114382 0
0.107361 0
0.107361 0
0.0513787 0
-0.0532565 0
-0.0469854 0
0.0874649 0
0.0428432 0
0.0874649 0
-0.0469854 0
-0.0532565 0
0.0513787 0
0.107361 0
0.0252224 0
-0.0124364 0
-0.106752 0
-0.105399 0
-0.108782 0
-0.105399 0
-0.106752 0
-0.0124364 0
0.0252224 0
0.0623282 0
0.108669 0
0.0528021 0
0.0782544 0
0.0528021 0
0.108669 0
0.0623282 0
0.0526498 0
-0.0273796 0
0.0152175 0
-0.0273796 0
0.0526498 0
-0.11014 0
-0.142672 0
-0.11014 0
0.11014 0
0.0273796 0
-0.0152175 0
0.0273796 0
0.11014 0
0.142672 0
-0.0782544 0
-0.0528021 0
-0.108669 0
-0.0526498 0
0.105399 0
0.106752 0
0.0124364 0
-0.0623282 0
0.0469854 0
0.0532565 0
-0.0513787 0
-0.0252224 0
0.0866192 0
0.0381205 0
-0.114382 0
-0.107361 0
0.0866192 0
0.0532565 0
-0.0513787 0
-0.107361 0
0.0469854 0
0.106752 0
0.0124364 0
-0.0252224 0
0.105399 0
-0.0528021 0
-0.108669 0
-0.0623282 0
-0.0782544 0
-0.0152175 0
0.0273796 0
-0.0526498 0
0.0273796 0
0.11014 0
0.142672 0
0.11014 0
-0.0526498 0
-0.108669 0
-0.0528021 0
0.105399 0
0.108782 0
-0.0428432 0
-0.0874649 0
-0.139184 0
0.0423596 0
0.117967 0
0.0423596 0
-0.139184 0
-0.0874649 0
-0.0428432 0
0.108782 0
0.105399 0
-0.0528021 0
-0.108669 0
-0.0526498 0
-0.0623282 0
0.0124364 0
0.106752 0
0.0469854 0
-0.0874649 0
-0.139184 0
-0.16979 0
0.0162203 0
0.0974167 0
0.0162203 0
-0.16979 0
-0.139184 0
-0.0874649 0
0.0469854 0
0.106752 0
0.0124364 0
-0.0623282 0
-0.0252224 0
-0.0513787 0
0.0532565 0
0.0866192 0
0.0423596 0
0.117967 0
0.0974167 0
0.0162203 0
0.0974167 0
0.117967 0
0.0423596 0
0.0866192 0
0.0532565 0
-0.0513787 0
-0.0252224 0
-0.107361 0
-0.114382 0
0.0381205 0
0.0866192 0
0.0423596 0
-0.139184 0
-0.16979 0
-0.139184 0
0.0423596 0
0.0866192 0
0.0381205 0
-0.114382 0
-0.107361 0
-0.107361 0
-0.0513787 0
0.0532565 0
0.0469854 0
-0.0874649 0
-0.0428432 0
-0.0874649 0
0.0469854 0
0.0532565 0
-0.0513787 0
-0.107361 0
-0.0252224 0
0.0124364 0
0.106752 0
0.105399 0
0.108782 0
0.105399 0
0.106752 0
0.0124364 0
-0.0252224 0
-0.0623282 0
-0.108669 0
-0.0528021 0
-0.0782544 0
-0.0528021 0
-0.108669 0
-0.0623282 0
-0.0526498 0
0.0273796 0
-0.0152175 0
0.0273796 0
-0.0526498 0
0.11014 0
0.142672 0
0.11014 0
0 0
0 0
0 0
0 0
0 0
0 0
0 0
0 0
0 0
0 0
0 0
0 0
0 0
0 0
0 0
0 0
0 0
0 0
0 0
0 0
0 0
0 0
0 0
0 0
0 0
0 0
0 0
0 0
0 0
0 0
0 0
0 0
0 0
0 0
0 0
0 0
0 0
0 0
0 0
0 0
0 0
0 0
0 0
0 0
0 0
0 0
0 0
0 0
0 0
0 0
0 0
0 0
0 0
0 0
0 0
0 0
0 0
0 0
0 0
0 0
0 0
0 0
0 0
0 0
0 0
0 0
0 0
0 0
0 0
0 0
0 0
0 0
0 0
0 0
0 0
0 0
0 0
0 0
0 0
0 0
0 0
0 0
0 0
0 0
0 0
0 0
0 0
0 0
0 0
0 0
0 0
0 0
0 0
0 0
0 0
0 0
0 0
0 0
0 0
0 0
0 0
0 0
0 0
0 0
0 0
0 0
0 0
0 0
0 0
0 0
0 0
0 0
0 0
0 0
0 0
0 0
0 0
0 0
0 0
0 0
0 0
0 0
0 0
0 0
0 0
0 0
0 0
0 0
0 0
0 0
0 0
0 0
0 0
0 0
0 0
0 0
0 0
0 0
0 0
0 0
0 0
-0.12626 0
-0.111787 0
-0.0155159 0
0.0927251 0
0.010198 0
-0.0774413 0
-0.00419159 0
0.0206295 0
0.12352 0
0.144287 0
-0.0884103 0
-0.0522156 0
-0.0932383 0
0.0202049 0
0.103392 0
0.0632121 0
-0.068214 0
-0.107727 0
0.0595589 0
0.0785997 0
-0.0182898 0
-0.0577185 0
0.0765296 0
0.0995564 0
-0.0540868 0
-0.0482924 0
0.126764 0
-0.0381873 0
-0.144231 0
-0.132325 0
-0.0397653 0
0.0228284 0
0.0758161 0
-0.0456488 0
-0.00183745 0
-0.00680163 0
0.12868 0
0.136447 0
-0.137036 0
-0.114087 0
-0.0339476 0
0.0632087 0
-0.0257614 0
0.0731785 0
-0.0113956 0
-0.0860657 0
-0.100916 0
0.0232317 0
0.143959 0
0.08913 0
-0.0525499 0
-0.227446 0
-0.0634599 0
0.0558084 0
0.128614 0
0.010184 0
-0.044238 0
-0.036719 0
-0.0187806 0
0.0104097 0
-0.0844897 0
0.146831 0
0.146879 0
-0.0166766 0
-0.0858071 0
-0.00822548 0
0.0502478 0
0.0421716 0
-0.0761746 0
-0.224868 0
-0.0333923 0
0.0184866 0
0.00529009 0
-0.0691133 0
-0.119055 0
0.00798727 0
0.167745 0
0.118871 0
0.0899763 0
-0.0120303 0
-0.103698 0
-0.0575772 0
0.0413611 0
0.069318 0
0.0685322 0
0.109567 0
0.156336 0
0.158128 0
0.0585551 0
-0.0756609 0
-0.117304 0
0.0189105 0
0.124544 0
-0.00430783 0
0.0055741 0
-0.0239546 0
0.016102 0
-0.00600519 0
-0.0944201 0
-0.0606581 0
-0.106056 0
0.0220988 0
-0.0189524 0
-0.0546452 0
0.0127156 0
0.0211021 0
0.0366164 0
0.0493035 0
0.0540921 0
0.0156632 0
-0.0748457 0
-0.0334157 0
-0.120389 0
-0.0409569 0
0.00414213 0
0.0661171 0
0.0526002 0
-0.0168165 0
-0.0745067 0
0.0442284 0
0.125129 0
0.145154 0
0.125831 0
0.0548639 0
-0.00264866 0
0.0423485 0
-0.139076 0
-0.133929 0
-0.0018489 0
0.00602904 0
-0.0114328 0
-0.148995 0
-0.101182 0
-0.0597969 0
0.0443107 0
0.0223175 0
-0.0168921 0
-0.110686 0
0.103889 0
0.111389 0
0.0630517 0
0 0
0 0
0 0
0 0
0 0
0 0
0 0
0 0
0 0
0 0
0 0
0 0
0 0
0 0
0 0
0 0
0 0
0 0
0 0
0 0
0 0
0 0
0 0
0 0
0 0
0 0
0 0
0 0
0 0
0 0
0 0
0 0
0 0
0 0
0 0
0 0
0 0
0 0
0 0
0 0
0 0
0 0
0 0
0 0
0 0
0 0
0 0
0 0
0 0
0 0
0 0
0 0
0 0
0 0
0 0
0 0
0 0
0 0
0 0
0 0
0 0
0 0
0 0
0 0
0 0
0 0
0 0
0 0
0 0
0 0
0 0
0 0
0 0
0 0
0 0
0 0
0 0
0 0
0 0
0 0
0 0
0 0
0 0
0 0
0 0
0 0
0 0
0 0
0 0
0 0
0 0
0 0
0 0
0 0
0 0
0 0
0 0
0 0
0 0
0 0
0 0
0 0
0 0
0 0
0 0
0 0
0 0
0 0
0 0
0 0
0 0
0 0
0 0
0 0
0 0
0 0
0 0
0 0
0 0
0 0
0 0
0 0
0 0
0 0
0 0
0 0
0 0
0 0
0 0
0 0
0 0
0 0
0 0
0 0
0 0
0 0
0 0
0 0
0 0
0 0
0 0
0 0
0 0
0 0
0 0
0 0
0 0
0 0
0 0
0 0
0 0
0 0
0 0
0 0
0 0
0 0
0 0
0 0
0 0
0 0
0 0
0 0
0 0
0 0
0 0
0 0
0 0
0 0
0 0
0 0
0 0
0 0
0 0
0 0
0 0
0 0
0 0
0 0
0 0
0 0
0 0
0 0
0 0
0 0
0 0
0 0
0 0
0 0
0 0
0 0
0 0
0 0
0 0
0 0
0 0
0 0
0 0
0 0
0 0
0 0
0 0
0 0
0 0
0 0
0 0
0 0
0 0
0 0
0 0
0 0
0 0
0 0
0 0
0 0
0 0
0 0
0 0
0 0
0 0
0 0
0 0
0 0
0 0
0 0
0 0
0 0
0 0
0 0
0 0
0 0
0 0
0 0
0 0
0 0
0 0
0 0
0 0
0 0
0 0
0 0
0 0
0 0
0 0
0 0
0 0
0 0
0 0
0 0
0 0
0 0
0 0
0 0
0 0
0 0
0 0
0 0
0 0
0 0
0 0
0 0
0 0
0 0
0 0
0 0
0 0
0 0
0 0
0 0
0 0
0 0
0 0
0 0
0 0
0 0
0 0
0 0
0 0
0 0
0 0
0 0
0 0
0 0
0.126259 0
0.112199 0
0.015433 0
-0.093239 0
-0.0108168 0
0.0770276 0
0.00416921 0
-0.0206773 0
-0.123108 0
-0.144355 0
0.0879497 0
0.0521121 0
0.093925 0
-0.0194722 0
-0.103773 0
-0.063698 0
0.0681269 0
0.108127 0
-0.0598187 0
-0.0786859 0
0.0183098 0
0.0576738 0
-0.076419 0
-0.0992489 0
0.0543081 0
0.0484534 0
-0.126635 0
0.0383899 0
0.143804 0
0.132188 0
0.0403665 0
-0.0228282 0
-0.076446 0
0.044944 0
0.00186645 0
0.00690898 0
-0.128409 0
-0.136687 0
0.136897 0
0.114351 0
0.0344834 0
-0.0626704 0
0.0264628 0
-0.0725392 0
0.0114928 0
0.0855944 0
0.100377 0
-0.0231076 0
-0.143941 0
-0.0888458 0
0.0527326 0
0.227696 0
0.0634044 0
-0.0562515 0
-0.128931 0
-0.0103447 0
0.0449362 0
0.0373249 0
0.0187165 0
-0.0111406 0
0.0839092 0
-0.146671 0
-0.14728 0
0.0164122 0
0.0862823 0
0.00893243 0
-0.0497875 0
-0.0419463 0
0.0757677 0
0.225114 0
0.0339193 0
-0.0187783 0
-0.00581122 0
0.0684912 0
0.118805 0
-0.00771332 0
-0.16769 0
-0.119322 0
-0.0904712 0
0.0116889 0
0.103968 0
0.0578477 0
-0.0416035 0
-0.070412 0
-0.0696138 0
-0.109687 0
-0.155501 0
-0.157284 0
-0.0584222 0
0.0755366 0
0.117277 0
-0.0185765 0
-0.124284 0
0.00402129 0
-0.00566208 0
0.0243326 0
-0.0157179 0
0.00568963 0
0.0946571 0
0.0607246 0
0.106039 0
-0.0218009 0
0.0185713 0
0.0543533 0
-0.0126477 0
-0.020834 0
-0.0368398 0
-0.0495503 0
-0.0535789 0
-0.0150314 0
0.0754498 0
0.0334523 0
0.119999 0
0.0403528 0
-0.00471923 0
-0.0659969 0
-0.0524747 0
0.0161568 0
0.0737648 0
-0.0443988 0
-0.125275 0
-0.145313 0
-0.125961 0
-0.0548021 0
0.00347524 0
-0.0417168 0
0.138794 0
0.134249 0
0.00196078 0
-0.00603566 0
0.0113355 0
0.148985 0
0.101727 0
0.0604458 0
-0.0436578 0
-0.022342 0
0.0162091 0
0.110224 0
-0.103534 0
-0.111511 0
-0.063589 0
0 0
0 0
0 0
0 0
0 0
0 0
0 0
0 0
0 0
0 0
0 0
0 0
0 0
0 0
0 0
0 0
0 0
0 0
0 0
0 0
0 0
0 0
0 0
0 0
0 0
0 0
0 0
0 0
0 0
0 0
0 0
0 0
0 0
0 0
0 0
0 0
0 0
0 0
0 0
0 0
0 0
0 0
0 0
0 0
0 0
0 0
0 0
0 0
0 0
0 0
0 0
0 0
0 0
0 0
0 0
0 0
0 0
0 0
0 0
0 0
0 0
0 0
0 0
0 0
0 0
0 0
0 0
0 0
0 0
0 0
0 0
0 0
0 0
0 0
0 0
0 0
0 0
0 0
0 0
0 0
0 0
0 0
0 0
0 0
0 0
0 0
0 0
0 0
0 0
0 0
0 0
0 0
0 0
0 0
0 0
0 0
0 0
0 0
0 0
0 0
0 0
0 0
0 0
0 0
0 0
0 0
0 0
0 0
0 0
0 0
0 0
0 0
0 0
0 0
0 0
0 0
0 0
0 0
0 0
0 0
0 0
0 0
0 0
0 0
0 0
0 0
0 0
0 0
0 0
0 0
0 0
0 0
0 0
0 0
0 0
0 0
0 0
0 0
0 0
0 0
0 0
0.000530335 0
-0.0834951 0
0.0168881 0
0.104243 0
0.125796 0
0.0842899 0
0.00456228 0
0.00967394 0
-0.0839406 0
0.0135466 0
0.0938768 0
0.0211804 0
-0.139404 0
-0.149024 0
0.0772704 0
0.0986436 0
0.0178827 0
-0.0810835 0
0.0526858 0
0.0173324 0
-0.00403317 0
0.00924093 0
-0.0226762 0
-0.0627507 0
-0.0448519 0
-0.032618 0
-0.0265174 0
-0.0411156 0
0.0870383 0
0.0281484 0
-0.122142 0
-9.08108e-05 0
0.127897 0
0.143413 0
-0.00589178 0
-0.0218094 0
-0.0554201 0
0.0483595 0
0.0286257 0
-0.0535305 0
-0.108853 0
-0.109609 0
-0.142554 0
-0.130153 0
-0.0197244 0
0.0960292 0
0.10984 0
-0.0252862 0
-0.00401759 0
-0.0580054 0
-0.037015 0
-0.0501554 0
0.0114331 0
0.0899665 0
0.0641242 0
0.0326549 0
-0.141849 0
-0.123105 0
0.0130701 0
0.148585 0
0.118242 0
-0.0327839 0
0.081019 0
0.0538045 0
-0.0964105 0
-0.14372 0
-0.0936985 0
-0.0459011 0
0.0829112 0
-0.0495868 0
-0.107072 0
0.0592771 0
0.105945 0
0.126665 0
0.0512352 0
-0.0557206 0
-0.0116395 0
0.0913753 0
0.100404 0
0.0694581 0
-0.0545768 0
-0.0548427 0
0.0491933 0
0.222268 0
0.219748 0
0.0241612 0
-0.170161 0
-0.172113 0
-0.0271603 0
0.0254616 0
0.00584228 0
-0.0679409 0
-0.0530991 0
0.0582708 0
0.0178733 0
-0.0768102 0
-0.0781474 0
0.0641753 0
-0.0479401 0
-0.013376 0
0.00373198 0
-0.0606264 0
0.0775189 0
0.0594778 0
-0.0138402 0
-0.0545674 0
0.0453265 0
0.0500582 0
-0.104486 0
-0.128506 0
-0.122648 0
-0.00736867 0
0.0795956 0
0.122928 0
0.117327 0
-0.0246062 0
-0.0256529 0
0.134183 0
0.151043 0
0.0345402 0
0.0292282 0
0.0320087 0
0.0261124 0
-0.0126889 0
-0.168057 0
-0.128552 0
0.0576485 0
-0.0646446 0
-0.0227441 0
0.0013295 0
0.0198152 0
0.00225558 0
-0.110629 0
-0.131788 0
-0.132869 0
0.00492135 0
0.138915 0
0.0941944 0
-0.0722658 0
0.0245629 0
0.109079 0
-9.06372e-05 0
-0.0840459 0
0.0168119 0
0.1047 0
0.125848 0
0.08391 0
0.00454172 0
0.00977552 0
-0.0833341 0
0.0142564 0
0.0934431 0
0.0209238 0
-0.139864 0
-0.148926 0
0.0777798 0
0.0989557 0
0.0175474 0
-0.0816143 0
0.0529794 0
0.0177192 0
-0.00412317 0
0.00895717 0
-0.0223001 0
-0.0622618 0
-0.0451185 0
-0.0328559 0
-0.0258943 0
-0.0413039 0
0.08633 0
0.0274979 0
-0.122339 0
2.14636e-05 0
0.128272 0
0.14319 0
-0.00590089 0
-0.0218431 0
-0.0547878 0
0.0490311 0
0.0279521 0
-0.0540923 0
-0.109021 0
-0.109299 0
-0.142682 0
-0.129794 0
-0.0197807 0
0.095607 0
0.109345 0
-0.0251723 0
-0.00330961 0
-0.0575677 0
-0.0372739 0
-0.0512746 0
0.0111211 0
0.0902421 0
0.0647575 0
0.0327054 0
-0.142068 0
-0.123287 0
0.0129779 0
0.148638 0
0.117828 0
-0.0320621 0
0.0817424 0
0.0537231 0
-0.0968337 0
-0.143762 0
-0.0934525 0
-0.0456942 0
0.0825376 0
-0.0506934 0
-0.107238 0
0.0593687 0
0.105973 0
0.126327 0
0.0506503 0
-0.055682 0
-0.0108147 0
0.091961 0
0.100848 0
0.0693998 0
-0.0550874 0
-0.0551265 0
0.0493973 0
0.222612 0
0.220088 0
0.0247003 0
-0.169395 0
-0.171337 0
-0.0268726 0
0.0250898 0
0.00526542 0
-0.0678488 0
-0.0524872 0
0.0582503 0
0.017901 0
-0.076929 0
-0.0780692 0
0.0641465 0
-0.048405 0
-0.0136745 0
0.00321041 0
-0.0605184 0
0.0774266 0
0.0592097 0
-0.0137778 0
-0.0544643 0
0.0455071 0
0.0503013 0
-0.104221 0
-0.12843 0
-0.123017 0
-0.0075331 0
0.0790045 0
0.122728 0
0.117349 0
-0.0242813 0
-0.0253945 0
0.134101 0
0.150679 0
0.0347582 0
0.029844 0
0.0327229 0
0.0267315 0
-0.0124192 0
-0.168072 0
-0.128346 0
0.0569652 0
-0.0653041 0
-0.0227534 0
0.00135916 0
0.0197592 0
0.00152282 0
-0.111128 0
-0.132084 0
-0.132653 0
0.00503118 0
0.138834 0
0.0936511 0
-0.0717557 0
0.0251111 0
0.10939 0
0 0
0 0
0 0
0 0
0 0
0 0
0 0
0 0
0 0
0 0
0 0
0 0
0 0
0 0
0 0
0 0
0 0
0 0
0 0
0 0
0 0
0 0
0 0
0 0
0 0
0 0
0 0
0 0
0 0
0 0
0 0
0 0
0 0
0 0
0 0
0 0
0 0
0 0
0 0
0 0
0 0
0 0
0 0
0 0
0 0
0 0
0 0
0 0
0 0
0 0
0 0
0 0
0 0
0 0
0 0
0 0
0 0
0 0
0 0
0 0
0 0
0 0
0 0
0 0
0 0
0 0
0 0
0 0
0 0
0 0
0 0
0 0
0 0
0 0
0 0
0 0
0 0
0 0
0 0
0 0
0 0
0 0
0 0
0 0
0 0
0 0
0 0
0 0
0 0
0 0
0 0
0 0
0 0
0 0
0 0
0 0
0 0
0 0
0 0
0 0
0 0
0 0
0 0
0 0
0 0
0 0
0 0
0 0
0 0
0 0
0 0
0 0
0 0
0 0
0 0
0 0
0 0
0 0
0 0
0 0
0 0
0 0
0 0
0 0
0 0
0 0
0 0
0 0
0 0
0 0
0 0
0 0
0 0
0 0
0 0
0 0
0 0
0 0
0 0
0 0
0 0
0 0
0 0
0 0
0 0
0 0
0 0
0 0
0 0
0 0
0 0
0 0
0 0
0 0
0 0
0 0
0 0
0 0
0 0
0 0
0 0
0 0
0 0
0 0
0 0
0 0
0 0
0 0
0 0
0 0
0 0
0 0
0 0
0 0
0 0
0 0
0 0
0 0
0 0
0 0
0 0
0 0
0 0
0 0
0 0
0 0
0 0
0 0
0 0
0 0
0 0
0 0
0 0
0 0
0 0
0 0
0 0
0 0
0 0
0 0
0 0
0 0
0 0
0 0
0 0
0 0
0 0
0 0
0 0
0 0
0 0
0 0
0 0
0 0
0 0
0 0
0 0
0 0
0 0
0 0
0 0
0 0
0 0
0 0
0 0
0 0
0 0
0 0
0 0
0 0
0 0
0 0
0 0
0 0
0 0
0 0
0 0
0 0
0 0
0 0
0 0
0 0
0 0
0 0
0 0
0 0
0 0
0 0
0 0
0 0
0 0
0 0
0 0
0 0
0 0
0 0
0 0
0 0
0 0
0 0
0 0
0 0
0 0
0 0
0 0
0 0
0 0
0 0
0 0
0 0
0 0
0 0
0 0
0 0
0 0
0 0
0 0
0 0
0 0
0 0
0 0
0 0
0.0009386 0
-0.00122989 0
-0.0893411 0
0.00107118 0
0.00259177 0
0.00253634 0
-0.124196 0
-0.0418597 0
0.121752 0
0.0882403 0
-0.0558204 0
0.0414965 0
0.0495749 0
0.123087 0
0.064005 0
0.00494216 0
-0.182614 0
-0.0955797 0
0.125488 0
0.0749799 0
-0.0450265 0
-0.163545 0
0.0239045 0
-0.0239667 0
0.0810656 0
0.0258918 0
-0.13833 0
-0.0221566 0
0.0733133 0
0.110911 0
0.0341764 0
0.0304691 0
-0.0548133 0
0.013291 0
0.0630474 0
0.0453533 0
-0.112294 0
-0.120056 0
0.112374 0
0.0798086 0
-0.00128756 0
-0.0816007 0
0.0866906 0
0.121896 0
-0.0416698 0
-0.0557001 0
-0.0773339 0
0.00387832 0
0.0426507 0
-0.00851722 0
0.0947458 0
0.0149076 0
-0.0177403 0
-0.0635049 0
-0.14642 0
-0.0019688 0
0.039258 0
0.0224361 0
0.011934 0
-0.0688724 0
0.0312532 0
0.124647 0
0.0516028 0
0.041474 0
0.0618256 0
0.0400815 0
-0.0099139 0
-0.149252 0
-0.189314 0
-0.0562555 0
0.096104 0
0.0757665 0
0.0728614 0
0.104421 0
0.0744527 0
-0.0199628 0
-0.124675 0
-0.139052 0
-0.0942949 0
-0.182853 0
0.00450032 0
0.127292 0
0.0953709 0
0.0153704 0
-0.0580019 0
0.0932104 0
0.114257 0
-0.0302779 0
-0.078771 0
-0.152226 0
0.0191733 0
0.104461 0
-0.0145229 0
-0.164721 0
-0.0464243 0
0.0773076 0
0.0267383 0
-0.0159748 0
-0.0643441 0
0.0734852 0
0.0734188 0
-0.0776306 0
-0.151196 0
-0.152288 0
0.0914509 0
0.14075 0
0.0227948 0
0.0781528 0
-0.0241155 0
-0.138458 0
-0.147072 0
-0.00190952 0
0.106338 0
0.076504 0
0.0194664 0
0.101788 0
0.138829 0
0.110103 0
0.0751004 0
-0.0215337 0
0.0333842 0
0.038076 0
0.0215237 0
-0.0193175 0
-0.124916 0
-0.0166163 0
0.0159645 0
-0.0528793 0
0.0299257 0
0.061149 0
0.0112007 0
-0.0670824 0
-0.137938 0
-0.119494 0
-0.113445 0
0.0439878 0
0.113523 0
0.0333649 0
-0.0824003 0
-0.00124879 0
0.0806621 0
-0.0928733 0
-0.129558 0
-0.0100806 0
0.12954 0
0.0932716 0
0.000286184 0
-0.0140135 0
-0.0154003 0
0.00563895 0
0.0971172 0
-0.0130613 0
0.0059459 0
-0.108457 0
-0.073868 0
0.129794 0
0.0254083 0
-0.00712818 0
-0.0830404 0
-0.0873 0
-0.122456 0
0.0735368 0
0.0477103 0
-0.156685 0
0.00566239 0
0.172975 0
0.177103 0
-0.00840813 0
-0.0375316 0
-0.0922426 0
0.058001 0
0.04841 0
0.0340031 0
-0.114962 0
-0.148863 0
0.113881 0
0.0819209 0
0.0521072 0
-0.045157 0
-0.0519617 0
-0.039002 0
-0.00232569 0
0.0357648 0
-0.0773792 0
0.0218526 0
0.00597537 0
0.000478096 0
-0.00872584 0
0.000437603 0
0.149308 0
0.0775922 0
-0.024466 0
-0.0243468 0
-0.101298 0
0.0400335 0
0.0201659 0
-0.00355621 0
0.070911 0
0.0538482 0
0.0425889 0
-0.10845 0
-0.115245 0
0.101821 0
0.119873 0
0.00341594 0
-0.115596 0
-0.139973 0
-0.0796719 0
-0.0168406 0
-0.021361 0
0.0918758 0
0.173591 0
0.136856 0
-0.0231331 0
-0.0960268 0
-0.106972 0
-0.0385478 0
-0.000531797 0
-0.0782961 0
0.0616162 0
-0.0341086 0
-0.0243429 0
0.115822 0
0.0459175 0
0.0277632 0
-0.104768 0
-0.15223 0
0.012892 0
-0.00341635 0
-0.0730282 0
-0.0750995 0
-0.0143206 0
0.162138 0
0.116104 0
-0.0847496 0
-0.0838555 0
0.139639 0
0.162399 0
0.0974943 0
-0.0544591 0
-0.120015 0
0.0396384 0
0.0553809 0
0.0408634 0
-0.0171831 0
0.0103187 0
0.123899 0
-0.171609 0
-0.15501 0
-0.0110877 0
-0.0228227 0
-0.0532815 0
0.0031186 0
0.119807 0
0.124005 0
0.0186805 0
-0.138866 0
-0.0923532 0
-0.0330633 0
0.108989 0
0.0326019 0
-0.0407869 0
-0.0621852 0
-0.0488881 0
0.0341157 0
-0.0276304 0
-0.119617 0
0.152164 0
0.102811 0
-0.0271886 0
-0.0998678 0
-0.0399785 0
0.0931093 0
0.0470424 0
0.0181279 0
-0.0775781 0
-0.0718403 0
0.0774505 0
0.122536 0
-0.0542696 0
0.00203951 0
0.0571084 0
0 0
0 0
0 0
0 0
0 0
0 0
0 0
0 0
0 0
0 0
0 0
0 0
0 0
0 0
0 0
0 0
0 0
0 0
0 0
0 0
0 0
0 0
0 0
0 0
0 0
0 0
0 0
0 0
0 0
0 0
0 0
0 0
0 0
0 0
0 0
0 0
0 0
0 0
0 0
0 0
0 0
0 0
0 0
0 0
0 0
0 0
0 0
0 0
0 0
0 0
0 0
0 0
0 0
0 0
0 0
0 0
0 0
0 0
0 0
0 0
0 0
0 0
0 0
0 0
0 0
0 0
0 0
0 0
0 0
0 0
0 0
0 0
0 0
0 0
0 0
0 0
0 0
0 0
0 0
0 0
0 0
0 0
0 0
0 0
0 0
0 0
0 0
0 0
0 0
0 0
0 0
0 0
0 0
0 0
0 0
0 0
0 0
0 0
0 0
0 0
0 0
0 0
0 0
0 0
0 0
0 0
0 0
0 0
0 0
0 0
0 0
0 0
0 0
0 0
0 0
0 0
0 0
0 0
0 0
0 0
0 0
0 0
0 0
0 0
0 0
0 0
0 0
0 0
0 0
0 0
0 0
0 0
0 0
0 0
0 0
0 0
0 0
0 0
0 0
0 0
0 0
0 0
0 0
0 0
0 0
0 0
0 0
0 0
0 0
0 0
0 0
0 0
0 0
0 0
0 0
0 0
0 0
0 0
0 0
0 0
0 0
0 0
0 0
0 0
0 0
0 0
0 0
0 0
0 0
0 0
0 0
0 0
0 0
0 0
0 0
0 0
0 0
0 0
0 0
0 0
0 0
0 0
0 0
0 0
0 0
0 0
0 0
0 0
0 0
0 0
0 0
0 0
0 0
0 0
0 0
0 0
0 0
0 0
0 0
0 0
0 0
0 0
0 0
0 0
0 0
0 0
0 0
0 0
0 0
0 0
0 0
0 0
0 0
0 0
0 0
0 0
0 0
0 0
0 0
0 0
0 0
0 0
0 0
0 0
0 0
0 0
0 0
0 0
0 0
0 0
0 0
0 0
0 0
0 0
0 0
0 0
0 0
0 0
0 0
0 0
0 0
0 0
0 0
0 0
0 0
0 0
0 0
0 0
0 0
0 0
0 0
0 0
0 0
0 0
0 0
0 0
0 0
0 0
0 0
0 0
0 0
0 0
0 0
0 0
0 0
0 0
0 0
0 0
0 0
0 0
0 0
0 0
0 0
0 0
0 0
0 0
0 0
0 0
0 0
0 0
0 0
0 0
0.0936825 0
0.130376 0
-0.000788411 0
-0.130377 0
-0.0936514 0
2.23825e-05 0
-0.001096 0
0.0103875 0
0.00923366 0
-0.0870336 0
0.00632088 0
-0.000906964 0
0.115341 0
0.0894986 0
-0.122924 0
-0.0249928 0
-0.015189 0
0.0719525 0
0.103325 0
0.132557 0
-0.0796023 0
-0.0681014 0
0.160785 0
-0.00864068 0
-0.164337 0
-0.175255 0
-0.0084746 0
0.035098 0
0.101913 0
-0.0448478 0
-0.0445852 0
-0.0305248 0
0.109107 0
0.151604 0
-0.107009 0
-0.0769775 0
-0.0662529 0
0.0307876 0
0.0661161 0
0.0490702 0
0.00218535 0
-0.0460284 0
0.0885774 0
-0.00708354 0
-0.0111247 0
-0.00730501 0
-0.000682451 0
3.42251e-05 0
-0.1452 0
-0.0792156 0
0.0362554 0
0.026355 0
0.0998825 0
-0.0481122 0
-0.0382532 0
0.00334161 0
-0.0666319 0
-0.0515023 0
-0.0414453 0
0.100823 0
0.119935 0
-0.0873124 0
-0.114448 0
0.00163916 0
0.124034 0
0.14593 0
0.079053 0
-0.00131711 0
-0.00167065 0
-0.099454 0
-0.163116 0
-0.128597 0
0.0322317 0
0.109536 0
0.116892 0
0.0363905 0
-0.0147371 0
0.0618473 0
-0.0736281 0
0.0119638 0
0.0250761 0
-0.101094 0
-0.0345777 0
-0.0260878 0
0.0984457 0
0.164786 0
0.00100829 0
-0.000267194 0
0.0639246 0
0.057013 0
0.0167764 0
-0.150553 0
-0.118751 0
0.0652045 0
0.0787953 0
-0.131213 0
-0.160338 0
-0.10018 0
0.0469839 0
0.129914 0
-0.0309408 0
-0.0653048 0
-0.0596906 0
-0.0013439 0
0.000807029 0
-0.107583 0
0.175685 0
0.165742 0
0.00821636 0
0.00603202 0
0.0356632 0
-0.00337584 0
-0.107676 0
-0.11556 0
-0.0164355 0
0.152374 0
0.11005 0
0.0467982 0
-0.100603 0
-0.0354835 0
0.0451814 0
0.0673144 0
0.0518902 0
-0.0367371 0
0.0125346 0
0.118476 0
-0.151346 0
-0.110057 0
0.0310578 0
0.108105 0
0.0416494 0
-0.102023 0
-0.0642917 0
-0.0329016 0
0.0642608 0
0.0777659 0
-0.0641227 0
-0.119365 0
0.0445811 0
-0.00220773 0
-0.0476541 0
-0.0123227 0
-0.0146319 0
0.0887741 0
0.0147896 0
0.00881476 0
-0.00252025 0
0.123408 0
0.040286 0
-0.121971 0
-0.077003 0
0.0546376 0
-0.0410783 0
-0.0632317 0
-0.133056 0
-0.0485834 0
-0.00186655 0
0.183105 0
0.0861216 0
-0.13712 0
-0.0905415 0
0.0543715 0
0.170612 0
-0.0432773 0
0.0248395 0
-0.0604819 0
-0.00438996 0
0.138334 0
0.0177245 0
-0.0851612 0
-0.104635 0
-0.0285016 0
-0.0265315 0
0.0411401 0
-0.0316263 0
-0.049568 0
-0.0356569 0
0.119516 0
0.115421 0
-0.11958 0
-0.085183 0
0.00101228 0
0.086592 0
-0.0968177 0
-0.12013 0
0.0427133 0
0.0561751 0
0.0768431 0
-0.0038537 0
-0.024679 0
0.0180861 0
-0.0984512 0
-0.0180015 0
0.00546369 0
0.0688838 0
0.149985 0
0.00154788 0
-0.0308648 0
-0.0160074 0
-0.00680598 0
0.0561021 0
-0.0456045 0
-0.113106 0
-0.0373039 0
-0.0413656 0
-0.0764485 0
-0.0575281 0
0.000228089 0
0.148304 0
0.188113 0
0.067931 0
-0.0755573 0
-0.0595679 0
-0.0762399 0
-0.116965 0
-0.0881135 0
0.0153899 0
0.125542 0
0.1305 0
0.102548 0
0.180042 0
-0.00751599 0
-0.114055 0
-0.0904589 0
-0.0120842 0
0.0456013 0
-0.112556 0
-0.113532 0
0.0300857 0
0.0704138 0
0.144164 0
-0.0210709 0
-0.0853795 0
0.0288543 0
0.155571 0
0.036499 0
-0.0607795 0
-0.00704398 0
0.0280374 0
0.0581538 0
-0.0887366 0
-0.0691119 0
0.0849952 0
0.157332 0
0.151321 0
-0.0908705 0
-0.126624 0
-0.0439876 0
-0.0977259 0
0.0229375 0
0.136697 0
0.141644 0
0.00230583 0
-0.0924564 0
-0.0618852 0
-0.0173235 0
-0.11956 0
-0.151181 0
-0.114976 0
-0.0623106 0
0.0256885 0
-0.0386302 0
-0.0459784 0
-0.0276735 0
0.0236411 0
0.122465 0
0.00208726 0
0.00255653 0
0.065869 0
-0.03348 0
-0.0738401 0
-0.0161818 0
0.0789899 0
0.144732 0
0.122607 0
0.10479 0
-0.0531171 0
-0.104884 0
-0.0186035 0
0.0763682 0
0.00150797 0
-0.0742692 0
-0 0
-0 0
-0 0
-0 0
-0 0
-0 0
-0 0
-0 0
-0 0
-0 0
-0 0
-0 0
-0 0
-0 0
-0 0
-0 0
-0 0
-0 0
-0 0
-0 0
-0 0
-0 0
-0 0
-0 0
-0 0
-0 0
-0 0
-0 0
-0 0
-0 0
-0 0
-0 0
-0 0
-0 0
-0 0
-0 0
-0 0
-0 0
-0 0
-0 0
-0 0
-0 0
-0 0
-0 0
-0 0
-0 0
-0 0
-0 0
-0 0
-0 0
-0 0
-0 0
-0 0
-0 0
-0 0
-0 0
-0 0
-0 0
-0 0
-0 0
-0 0
-0 0
-0 0
-0 0
-0 0
-0 0
-0 0
-0 0
-0 0
-0 0
-0 0
-0 0
-0 0
-0 0
-0 0
-0 0
-0 0
-0 0
-0 0
-0 0
-0 0
-0 0
-0 0
-0 0
-0 0
-0 0
-0 0
-0 0
-0 0
-0 0
-0 0
-0 0
-0 0
-0 0
-0 0
-0 0
-0 0
-0 0
-0 0
-0 0
-0 0
-0 0
-0 0
-0 0
-0 0
-0 0
-0 0
-0 0
-0 0
-0 0
-0 0
-0 0
-0 0
-0 0
-0 0
-0 0
-0 0
-0 0
-0 0
-0 0
-0 0
-0 0
-0 0
-0 0
-0 0
-0 0
-0 0
-0 0
-0 0
-0 0
-0 0
-0 0
-0 0
-0 0
-0 0
-0 0
-0 0
-0 0
-0 0
-0 0
-0 0
0.100821 0
-0.0101566 0
-0.157678 0
-0.0101566 0
0.100821 0
0.147751 0
-0.194877 0
-0.0541391 0
0.0688355 0
0.0429964 0
0.0521557 0
-0.00243545 0
0.0745788 0
0.105085 0
-0.130058 0
-0.158976 0
-0.075765 0
-0.000869189 0
-0.011138 0
0.0956393 0
0.152799 0
0.0564458 0
-0.011138 0
-0.158976 0
-0.075765 0
0.0564458 0
-0.130058 0
-0.00243545 0
0.0745788 0
-0.000869189 0
0.0521557 0
-0.0541391 0
0.0688355 0
0.105085 0
-0.194877 0
-0.157678 0
-0.0101566 0
0.0429964 0
-0.0101566 0
0.100821 0
0.147751 0
0.100821 0
0.0429964 0
0.0688355 0
-0.0541391 0
0.0521557 0
0.127754 0
0.0700391 0
-0.0160842 0
0.0380684 0
0.0481364 0
0.0387633 0
0.0481364 0
0.0380684 0
-0.0160842 0
0.0700391 0
0.127754 0
0.0521557 0
-0.0541391 0
0.0688355 0
0.0429964 0
0.105085 0
0.0745788 0
-0.00243545 0
-0.130058 0
-0.0160842 0
0.0380684 0
0.0199013 0
-0.0489767 0
-0.0433709 0
-0.0489767 0
0.0199013 0
0.0380684 0
-0.0160842 0
-0.130058 0
-0.00243545 0
0.0745788 0
0.105085 0
-0.000869189 0
-0.075765 0
-0.158976 0
-0.011138 0
0.0481364 0
0.0387633 0
-0.0433709 0
-0.0489767 0
-0.0433709 0
0.0387633 0
0.0481364 0
-0.011138 0
-0.158976 0
-0.075765 0
-0.000869189 0
0.0564458 0
0.152799 0
0.0956393 0
-0.011138 0
0.0481364 0
0.0380684 0
0.0199013 0
0.0380684 0
0.0481364 0
-0.011138 0
0.0956393 0
0.152799 0
0.0564458 0
0.0564458 0
-0.075765 0
-0.158976 0
-0.130058 0
-0.0160842 0
0.0700391 0
-0.0160842 0
-0.130058 0
-0.158976 0
-0.075765 0
0.0564458 0
-0.000869189 0
0.0745788 0
-0.00243545 0
0.0521557 0
0.127754 0
0.0521557 0
-0.00243545 0
0.0745788 0
-0.000869189 0
0.105085 0
0.0688355 0
-0.0541391 0
-0.194877 0
-0.0541391 0
0.0688355 0
0.105085 0
0.0429964 0
-0.0101566 0
-0.157678 0
-0.0101566 0
0.0429964 0
0.100821 0
0.147751 0
0.100821 0
0 0
0 0
0 0
0 0
0 0
0 0
0 0
0 0
0 0
0 0
0 0
0 0
0 0
0 0
0 0
0 0
0 0
0 0
0 0
0 0
0 0
0 0
0 0
0 0
0 0
0 0
0 0
0 0
0 0
0 0
0 0
0 0
0 0
0 0
0 0
0 0
0 0
0 0
0 0
0 0
0 0
0 0
0 0
0 0
0 0
0 0
0 0
0 0
0 0
0 0
0 0
0 0
0 0
0 0
0 0
0 0
0 0
0 0
0 0
0 0
0 0
0 0
0 0
0 0
0 0
0 0
0 0
0 0
0 0
0 0
0 0
0 0
0 0
0 0
0 0
0 0
0 0
0 0
0 0
0 0
0 0
0 0
0 0
0 0
0 0
0 0
0 0
0 0
0 0
0 0
0 0
0 0
0 0
0 0
0 0
0 0
0 0
0 0
0 0
0 0
0 0
0 0
0 0
0 0
0 0
0 0
0 0
0 0
0 0
0 0
0 0
0 0
0 0
0 0
0 0
0 0
0 0
0 0
0 0
0 0
0 0
0 0
0 0
0 0
0 0
0 0
0 0
0 0
0 0
0 0
0 0
0 0
0 0
0 0
0 0
0 0
0 0
0 0
0 0
0 0
0 0
0 0
0 0
0 0
0 0
0 0
0 0
0 0
0 0
0 0
0 0
0 0
0 0
0 0
0 0
0 0
0 0
0 0
0 0
0 0
0 0
0 0
0 0
0 0
0 0
0 0
0 0
0 0
0 0
0 0
0 0
0 0
0 0
0 0
0 0
0 0
0 0
0 0
0 0
0 0
0 0
0 0
0 0
0 0
0 0
0 0
0 0
0 0
0 0
0 0
0 0
0 0
0 0
0 0
0 0
0 0
0 0
0 0
0 0
0 0
0 0
0 0
0 0
0 0
0 0
0 0
0 0
0 0
0 0
0 0
0 0
0 0
0 0
0 0
0 0
0 0
0 0
0 0
0 0
0 0
0 0
0 0
0 0
0 0
0 0
0 0
0 0
0 0
0 0
0 0
0 0
0 0
0 0
0 0
0 0
0 0
0 0
0 0
0 0
0 0
0 0
0 0
0 0
0 0
0 0
0 0
0 0
0 0
0 0
0 0
0 0
0 0
0 0
0 0
0 0
0 0
0 0
0 0
0 0
0 0
0 0
0 0
0 0
0 0
0 0
0 0
0 0
0 0
0 0
0 0
0 0
0 0
0 0
0 0
0 0
0 0
0 0
0 0
0 0
0 0
0 0
0 0
0.100821 0
-0.0101566 0
-0.157678 0
-0.0101566 0
0.100821 0
0.147751 0
-0.194877 0
-0.0541391 0
0.0688355 0
0.0429964 0
0.0521557 0
-0.00243545 0
0.0745788 0
0.105085 0
-0.130058 0
-0.158976 0
-0.075765 0
-0.000869189 0
-0.011138 0
0.0956393 0
0.152799 0
0.0564458 0
-0.011138 0
-0.158976 0
-0.075765 0
0.0564458 0
-0.130058 0
-0.00243545 0
0.0745788 0
-0.000869189 0
0.0521557 0
-0.0541391 0
0.0688355 0
0.105085 0
-0.194877 0
-0.157678 0
-0.0101566 0
0.0429964 0
-0.0101566 0
0.100821 0
0.147751 0
0.100821 0
0.0429964 0
0.0688355 0
-0.0541391 0
0.0521557 0
0.127754 0
0.0700391 0
-0.0160842 0
0.0380684 0
0.0481364 0
0.0387633 0
0.0481364 0
0.0380684 0
-0.0160842 0
0.0700391 0
0.127754 0
0.0521557 0
-0.0541391 0
0.0688355 0
0.0429964 0
0.105085 0
0.0745788 0
-0.00243545 0
-0.130058 0
-0.0160842 0
0.0380684 0
0.0199013 0
-0.0489767 0
-0.0433709 0
-0.0489767 0
0.0199013 0
0.0380684 0
-0.0160842 0
-0.130058 0
-0.00243545 0
0.0745788 0
0.105085 0
-0.000869189 0
-0.075765 0
-0.158976 0
-0.011138 0
0.0481364 0
0.0387633 0
-0.0433709 0
-0.0489767 0
-0.0433709 0
0.0387633 0
0.0481364 0
-0.011138 0
-0.158976 0
-0.075765 0
-0.000869189 0
0.0564458 0
0.152799 0
0.0956393 0
-0.011138 0
0.0481364 0
0.0380684 0
0.0199013 0
0.0380684 0
0.0481364 0
-0.011138 0
0.0956393 0
0.152799 0
0.0564458 0
0.0564458 0
-0.075765 0
-0.158976 0
-0.130058 0
-0.0160842 0
0.0700391 0
-0.0160842 0
-0.130058 0
-0.158976 0
-0.075765 0
0.0564458 0
-0.000869189 0
0.0745788 0
-0.00243545 0
0.0521557 0
0.127754 0
0.0521557 0
-0.00243545 0
0.0745788 0
-0.000869189 0
0.105085 0
0.0688355 0
-0.0541391 0
-0.194877 0
-0.0541391 0
0.0688355 0
0.105085 0
0.0429964 0
-0.0101566 0
-0.157678 0
-0.0101566 0
0.0429964 0
0.100821 0
0.147751 0
0.100821 0
0 0
0 0
0 0
0 0
0 0
0 0
0 0
0 0
0 0
0 0
0 0
0 0
0 0
0 0
0 0
0 0
0 0
0 0
0 0
0 0
0 0
0 0
0 0
0 0
0 0
0 0
0 0
0 0
0 0
0 0
0 0
0 0
0 0
0 0
0 0
0 0
0 0
0 0
0 0
0 0
0 0
0 0
0 0
0 0
0 0
0 0
0 0
0 0
0 0
0 0
0 0
0 0
0 0
0 0
0 0
0 0
0 0
0 0
0 0
0 0
0 0
0 0
0 0
0 0
0 0
0 0
0 0
0 0
0 0
0 0
0 0
0 0
0 0
0 0
0 0
0 0
0 0
0 0
0 0
0 0
0 0
0 0
0 0
0 0
0 0
0 0
0 0
0 0
0 0
0 0
0 0
0 0
0 0
0 0
0 0
0 0
0 0
0 0
0 0
0 0
0 0
0 0
0 0
0 0
0 0
0 0
0 0
0 0
0 0
0 0
0 0
0 0
0 0
0 0
0 0
0 0
0 0
0 0
0 0
0 0
0 0
0 0
0 0
0 0
0 0
0 0
0 0
0 0
0 0
0 0
0 0
0 0
0 0
0 0
0 0
0 0
0 0
0 0
0 0
0 0
0 0
-0.00101419 0
0.0920008 0
0.0775566 0
-0.0787362 0
-0.126274 0
-0.0933832 0
0.0924504 0
0.116711 0
-0.00114774 0
-0.058606 0
0.0677829 0
0.06816 0
-0.0801864 0
-0.0596699 0
0.10531 0
0.0560767 0
-0.0803689 0
-0.11779 0
0.0514951 0
0.0130681 0
0.015166 0
-0.0478354 0
-0.0488485 0
-0.0720123 0
0.060402 0
0.0554396 0
-0.109711 0
-0.0555405 0
0.0744119 0
0.0989048 0
-0.0404061 0
-0.0994474 0
0.00473362 0
0.0580643 0
-0.0998811 0
-0.0837903 0
0.0604693 0
0.0478354 0
-0.0748001 0
0.0191398 0
0.100889 0
0.118379 0
0.0488609 0
-0.0254 0
-0.0682518 0
-0.160082 0
-0.0924786 0
-0.0337553 0
0.0193083 0
-0.0452363 0
0.00104667 0
-0.00483214 0
-0.00763955 0
0.0432674 0
-0.0219912 0
0.0364684 0
0.0999116 0
0.140124 0
0.0470929 0
0.0239479 0
-0.0373071 0
-0.0152311 0
0.00463897 0
-0.0574727 0
0.0771041 0
0.0271595 0
-0.00632847 0
-0.0820151 0
-0.0602275 0
6.35057e-06 0
0.0650683 0
0.0886071 0
0.0124419 0
-0.0282115 0
-0.0873645 0
0.0439942 0
0.00720759 0
0.0228569 0
0.079027 0
0.10308 0
0.135411 0
0.00439051 0
0.0462295 0
0.0649519 0
-8.53621e-05 0
-0.0048408 0
7.90116e-05 0
-0.0601198 0
-0.0434364 0
-0.011529 0
-0.134867 0
-0.0849388 0
-0.0570267 0
-0.0739329 0
-0.203856 0
-0.175656 0
-0.0399661 0
0.0423898 0
0.0327944 0
-0.00659198 0
-0.0369389 0
-0.0385899 0
0.044458 0
0.162588 0
0.18869 0
0.0761158 0
-0.0282804 0
0.165308 0
0.0787899 0
-0.0179456 0
0.0089032 0
-0.00271309 0
-0.00516834 0
0.0326072 0
-0.063399 0
-0.163482 0
0.0184932 0
0.174816 0
0.0729788 0
-0.112154 0
-0.207907 0
-0.00743299 0
0.200488 0
0.113013 0
-0.0790509 0
-0.177932 0
0.036813 0
-0.0228002 0
-0.163804 0
0.00743072 0
0.167699 0
0.0206664 0
-0.0428332 0
0.0959131 0
0.153536 0
0.00623363 0
-0.15247 0
-0.0966964 0
0.107134 0
-0.0075057 0
-0.117364 0
0.13611 0
0.122348 0
-0.0524719 0
-0.131322 0
-0.049992 0
0.0631796 0
-0.0625485 0
0.12101 0
0.0269968 0
-0.0765371 0
0.200497 0
0.0897131 0
-0.0374577 0
-0.0076745 0
-0.040754 0
-0.123712 0
-0.143961 0
-0.133096 0
0.0160874 0
0.195198 0
0.226534 0
0.0605789 0
0.0234459 0
-0.114319 0
-0.154284 0
0.0530054 0
-0.0249857 0
0.0987844 0
-0.0487949 0
-0.148987 0
0.208431 0
0.136862 0
0.0265655 0
-0.0163083 0
-0.0484442 0
-0.0406398 0
-0.14153 0
-0.0843428 0
0.13458 0
0.134632 0
0.048933 0
-0.0679331 0
0.0831302 0
-0.0090356 0
-0.153796 0
-0.13805 0
0.0625676 0
0.0228376 0
-0.0215516 0
-0.01146 0
-0.0495575 0
-0.0721777 0
-0.0489205 0
-0.0179502 0
-0.018523 0
0.0176879 0
0.048459 0
-0.160066 0
-0.162255 0
-0.0126544 0
0.0894492 0
0.0583497 0
0.0885702 0
-0.0969437 0
-0.0826607 0
-0.00988676 0
0.0463468 0
0.0554884 0
0.0407477 0
9.48585e-05 0
0.0315593 0
0.0429761 0
0.0449703 0
-0.00582622 0
-0.0705997 0
-0.104385 0
0.0883819 0
0.0555566 0
0.159321 0
0.128596 0
-0.00584172 0
-0.0538976 0
0.0175722 0
0.0315029 0
-4.14022e-05 0
-0.072307 0
-5.34563e-05 0
0.0406748 0
0.0241477 0
-0.0527301 0
0.0139786 0
0.142384 0
0.169299 0
0.021805 0
-0.0988739 0
-0.0851965 0
0.0366427 0
0.0254098 0
-0.0335103 0
-0.0984645 0
-0.0283965 0
0.0313483 0
0.0304516 0
-0.110001 0
-0.127661 0
0.0108015 0
-0.0713803 0
0.0015776 0
0.109733 0
0.111354 0
0.0273778 0
-0.0405254 0
0.0284098 0
0.107646 0
0.12016 0
0.0256889 0
-0.0748104 0
-0.0362026 0
-0.0509242 0
0.0146715 0
-0.0404312 0
-0.111027 0
-0.0703802 0
-0.00184076 0
-0.0397753 0
-0.0103344 0
-0.0478821 0
-0.0143424 0
0.0412446 0
0.110993 0
0.0169343 0
-0.0175299 0
-0.0420414 0
-0.0129121 0
-0.00325774 0
0.0931118 0
0.0191827 0
0.00121257 0
-0.0846402 0
-0.112113 0
-0.068177 0
0 0
0 0
0 0
0 0
0 0
0 0
0 0
0 0
0 0
0 0
0 0
0 0
0 0
0 0
0 0
0 0
0 0
0 0
0 0
0 0
0 0
0 0
0 0
0 0
0 0
0 0
0 0
0 0
0 0
0 0
0 0
0 0
0 0
0 0
0 0
0 0
0 0
0 0
0 0
0 0
0 0
0 0
0 0
0 0
0 0
0 0
0 0
0 0
0 0
0 0
0 0
0 0
0 0
0 0
0 0
0 0
0 0
0 0
0 0
0 0
0 0
0 0
0 0
0 0
0 0
0 0
0 0
0 0
0 0
0 0
0 0
0 0
0 0
0 0
0 0
0 0
0 0
0 0
0 0
0 0
0 0
0 0
0 0
0 0
0 0
0 0
0 0
0 0
0 0
0 0
0 0
0 0
0 0
0 0
0 0
0 0
0 0
0 0
0 0
0 0
0 0
0 0
0 0
0 0
0 0
0 0
0 0
0 0
0 0
0 0
0 0
0 0
0 0
0 0
0 0
0 0
0 0
0 0
0 0
0 0
0 0
0 0
0 0
0 0
0 0
0 0
0 0
0 0
0 0
0 0
0 0
0 0
0 0
0 0
0 0
0 0
0 0
0 0
0 0
0 0
0 0
0 0
0 0
0 0
0 0
0 0
0 0
0 0
0 0
0 0
0 0
0 0
0 0
0 0
0 0
0 0
0 0
0 0
0 0
0 0
0 0
0 0
0 0
0 0
0 0
0 0
0 0
0 0
0 0
0 0
0 0
0 0
0 0
0 0
0 0
0 0
0 0
0 0
0 0
0 0
0 0
0 0
0 0
0 0
0 0
0 0
0 0
0 0
0 0
0 0
0 0
0 0
0 0
0 0
0 0
0 0
0 0
0 0
0 0
0 0
0 0
0 0
0 0
0 0
0 0
0 0
0 0
0 0
0 0
0 0
0 0
0 0
0 0
0 0
0 0
0 0
0 0
0 0
0 0
0 0
0 0
0 0
0 0
0 0
0 0
0 0
0 0
0 0
0 0
0 0
0 0
0 0
0 0
0 0
0 0
0 0
0 0
0 0
0 0
0 0
0 0
0 0
0 0
0 0
0 0
0 0
0 0
0 0
0 0
0 0
0 0
0 0
0 0
0 0
0 0
0 0
0 0
0 0
0 0
0 0
0 0
0 0
0 0
0 0
0 0
0 0
0 0
0 0
0 0
0 0
0 0
0 0
0 0
0 0
0 0
0 0
0 0
0 0
0 0
0 0
0 0
0 0
0.136106 0
0.122941 0
-0.0519753 0
-0.13183 0
-0.0508033 0
0.0625817 0
-0.0619565 0
0.121762 0
0.02699 0
-0.0769147 0
0.200936 0
0.0901523 0
-0.037973 0
-0.00805756 0
-0.040079 0
-0.123355 0
-0.14448 0
-0.133855 0
0.0164182 0
0.195285 0
0.226636 0
0.0602731 0
0.0231329 0
-0.114783 0
-0.1539 0
0.0533622 0
-0.0256903 0
0.0984301 0
-0.0483184 0
-0.148355 0
0.208176 0
0.136226 0
0.0265964 0
-0.0159361 0
-0.0490861 0
-0.0411784 0
-0.141145 0
-0.0840376 0
0.134103 0
0.134758 0
0.0495814 0
-0.0671749 0
0.0834455 0
-0.00919878 0
-0.154237 0
-0.139081 0
0.0619754 0
0.0226214 0
-0.0214282 0
-0.0117505 0
-0.0495518 0
-0.0722102 0
-0.0489705 0
-0.0176729 0
-0.0186645 0
0.0179222 0
0.0491011 0
-0.15917 0
-0.161956 0
-0.012501 0
0.0892116 0
0.0582532 0
0.0886018 0
-0.0973145 0
-0.0821676 0
-0.00971267 0
0.0463071 0
0.0549632 0
0.040362 0
9.49012e-05 0
0.0319775 0
0.0435456 0
0.045051 0
-0.00600737 0
-0.0711617 0
-0.104104 0
0.0884299 0
0.0557044 0
0.159832 0
0.12926 0
-0.00497289 0
-0.0538705 0
0.0178692 0
0.0319203 0
-4.19508e-05 0
-0.0723395 0
-5.29504e-05 0
0.0402898 0
0.0238694 0
-0.0528052 0
0.0131135 0
0.141842 0
0.168936 0
0.021331 0
-0.100184 0
-0.0863255 0
0.036387 0
0.0256823 0
-0.0333006 0
-0.0985088 0
-0.0286342 0
0.0311013 0
0.0307375 0
-0.10896 0
-0.126452 0
0.0112901 0
-0.0715633 0
0.00263843 0
0.110241 0
0.111241 0
0.0274355 0
-0.0405437 0
0.0283772 0
0.107858 0
0.119756 0
0.0246403 0
-0.0746932 0
-0.0350815 0
-0.0504569 0
0.0139521 0
-0.0417662 0
-0.111077 0
-0.0690951 0
-0.00111558 0
-0.0402834 0
-0.0114764 0
-0.0476468 0
-0.014489 0
0.0401943 0
0.111043 0
0.0180108 0
-0.0173976 0
-0.0423171 0
-0.0122969 0
-0.00227255 0
0.0931537 0
0.0182047 0
0.000592083 0
-0.0839544 0
-0.112163 0
-0.0689315 0
-0.000140783 0
0.0927878 0
0.0772215 0
-0.0795806 0
-0.126597 0
-0.0929797 0
0.092051 0
0.11749 0
-0.00097452 0
-0.0590983 0
0.0690709 0
0.0687371 0
-0.0804284 0
-0.0597203 0
0.105051 0
0.055284 0
-0.0812944 0
-0.118646 0
0.0515994 0
0.0143209 0
0.01662 0
-0.0474477 0
-0.048699 0
-0.0727474 0
0.0594132 0
0.0557809 0
-0.109874 0
-0.0549077 0
0.0741003 0
0.0979507 0
-0.0390694 0
-0.0985712 0
0.00490419 0
0.0579608 0
-0.100194 0
-0.0840528 0
0.0595624 0
0.0472952 0
-0.073938 0
0.0200041 0
0.101205 0
0.117945 0
0.0493954 0
-0.0254585 0
-0.0692401 0
-0.160971 0
-0.092079 0
-0.0336095 0
0.0191704 0
-0.0453108 0
0.000728675 0
-0.00529541 0
-0.00795364 0
0.0431531 0
-0.0221105 0
0.0365827 0
0.100225 0
0.1391 0
0.0460526 0
0.0238672 0
-0.0367339 0
-0.014857 0
0.00520742 0
-0.058096 0
0.0765752 0
0.0270966 0
-0.00603118 0
-0.0816608 0
-0.0599672 0
6.95942e-06 0
0.0652721 0
0.0888847 0
0.0127308 0
-0.0282494 0
-0.0878194 0
0.0433253 0
0.00777489 0
0.0232139 0
0.080051 0
0.103908 0
0.135377 0
0.00404474 0
0.0463432 0
0.0651554 0
-8.56296e-05 0
-0.00530489 0
7.86702e-05 0
-0.05986 0
-0.0432824 0
-0.0118676 0
-0.13478 0
-0.0840269 0
-0.0559414 0
-0.0737945 0
-0.204495 0
-0.176207 0
-0.0397318 0
0.0425537 0
0.03258 0
-0.00722397 0
-0.0371219 0
-0.0383896 0
0.0446543 0
0.161886 0
0.187875 0
0.0761867 0
-0.028739 0
0.165321 0
0.0794957 0
-0.0172314 0
0.00907907 0
-0.0029732 0
-0.00498614 0
0.0332986 0
-0.0626292 0
-0.163321 0
0.0180135 0
0.174588 0
0.0726535 0
-0.112062 0
-0.208171 0
-0.00814561 0
0.200041 0
0.113004 0
-0.0793078 0
-0.178002 0
0.0365065 0
-0.0228927 0
-0.163543 0
0.00814312 0
0.167811 0
0.0205543 0
-0.0431038 0
0.0958322 0
0.153519 0
0.00683126 0
-0.15235 0
-0.0966906 0
0.106593 0
-0.00822529 0
-0.117804 0
0 0
0 0
0 0
0 0
0 0
0 0
0 0
0 0
0 0
0 0
0 0
0 0
0 0
0 0
0 0
0 0
0 0
0 0
0 0
0 0
0 0
0 0
0 0
0 0
0 0
0 0
0 0
0 0
0 0
0 0
0 0
0 0
0 0
0 0
0 0
0 0
0 0
0 0
0 0
0 0
0 0
0 0
0 0
0 0
0 0
0 0
0 0
0 0
0 0
0 0
0 0
0 0
0 0
0 0
0 0
0 0
0 0
0 0
0 0
0 0
0 0
0 0
0 0
0 0
0 0
0 0
0 0
0 0
0 0
0 0
0 0
0 0
0 0
0 0
0 0
0 0
0 0
0 0
0 0
0 0
0 0
0 0
0 0
0 0
0 0
0 0
0 0
0 0
0 0
0 0
0 0
0 0
0 0
0 0
0 0
0 0
0 0
0 0
0 0
0 0
0 0
0 0
0 0
0 0
0 0
0 0
0 0
0 0
0 0
0 0
0 0
0 0
0 0
0 0
0 0
0 0
0 0
0 0
0 0
0 0
0 0
0 0
0 0
0 0
0 0
0 0
0 0
0 0
0 0
0 0
0 0
0 0
0 0
0 0
0 0
0 0
0 0
0 0
0 0
0 0
0 0
0 0
0 0
0 0
0 0
0 0
0 0
0 0
0 0
0 0
0 0
0 0
0 0
0 0
0 0
0 0
0 0
0 0
0 0
0 0
0 0
0 0
0 0
0 0
0 0
0 0
0 0
0 0
0 0
0 0
0 0
0 0
0 0
0 0
0 0
0 0
0 0
0 0
0 0
0 0
0 0
0 0
0 0
0 0
0 0
0 0
0 0
0 0
0 0
0 0
0 0
0 0
0 0
0 0
0 0
0 0
0 0
0 0
0 0
0 0
0 0
0 0
0 0
0 0
0 0
0 0
0 0
0 0
0 0
0 0
0 0
0 0
0 0
0 0
0 0
0 0
0 0
0 0
0 0
0 0
0 0
0 0
0 0
0 0
0 0
0 0
0 0
0 0
0 0
0 0
0 0
0 0
0 0
0 0
0 0
0 0
0 0
0 0
0 0
0 0
0 0
0 0
0 0
0 0
0 0
0 0
0 0
0 0
0 0
0 0
0 0
0 0
0 0
0 0
0 0
0 0
0 0
0 0
0 0
0 0
0 0
0 0
0 0
0 0
0 0
0 0
0 0
0 0
0 0
0 0
0 0
0 0
0 0
0 0
0 0
0 0
0 0
0 0
0 0
0 0
0 0
0 0
-6.62218e-05 0
0.0933873 0
0.0283082 0
-0.0604391 0
-0.11991 0
-0.0934723 0
0.00338685 0
0.00716359 0
0.0784415 0
0.0140255 0
-0.0726335 0
-0.0948386 0
0.0235942 0
0.0794948 0
-0.072691 0
-0.116473 0
0.034972 0
0.0456282 0
-0.11178 0
-0.0856534 0
0.113577 0
0.115733 0
-0.111738 0
-0.116481 0
0.0349336 0
0.115703 0
-0.072705 0
-0.0947914 0
0.0236185 0
0.0456172 0
-0.0725832 0
0.00717692 0
0.0784108 0
0.0794898 0
0.00338439 0
0.0282877 0
-0.0604697 0
0.0139777 0
0.093394 0
-8.16447e-06 0
-0.0934045 0
-0.119881 0
0.0916256 0
0.0242189 0
-0.0311246 0
-0.0675559 0
-0.00555399 0
0.133061 0
0.118008 0
0.0911005 0
0.0586508 0
0.0959606 0
0.0587126 0
0.0911382 0
0.117952 0
0.132964 0
-0.00554996 0
-0.0675044 0
-0.0311205 0
0.0241751 0
0.0915966 0
-0.0294147 0
-0.0619742 0
-0.0500329 0
0.0653102 0
0.0583358 0
-0.123494 0
-0.0597269 0
-0.0442695 0
0.00580713 0
-0.0442374 0
-0.0596835 0
-0.123508 0
0.0582646 0
0.0653296 0
-0.0499749 0
-0.0619706 0
-0.029446 0
-9.95959e-05 0
0.0618464 0
0.0755262 0
-0.0302147 0
-0.15712 0
-0.0479629 0
-0.00290251 0
0.0885069 0
-0.00290462 0
-0.0479977 0
-0.15711 0
-0.0301533 0
0.0755643 0
0.0618145 0
-0.000121658 0
0.00395653 0
-0.056768 0
0.0428111 0
0.141933 0
0.0984591 0
0.0324073 0
0.11941 0
0.0323554 0
0.0984069 0
0.141953 0
0.0428422 0
-0.0568092 0
0.00389956 0
-0.119632 0
-0.0967865 0
0.0409083 0
0.00736145 0
-0.176273 0
-0.266024 0
-0.176287 0
0.00739486 0
0.0409548 0
-0.09678 0
-0.119659 0
-0.0455066 0
0.0383764 0
0.144813 0
0.140138 0
0.011104 0
0.140139 0
0.144824 0
0.0383557 0
-0.0455176 0
-0.0500487 0
-0.102617 0
0.023957 0
-0.00677124 0
0.0239477 0
-0.10263 0
-0.0500751 0
-0.105622 0
-0.0329549 0
-0.0565959 0
-0.0329177 0
-0.105603 0
0.119919 0
0.186877 0
0.119948 0
-0.00212936 0
0.0931399 0
0.0290353 0
-0.0593454 0
-0.120929 0
-0.0958731 0
0.00347384 0
0.00668899 0
0.0795235 0
0.0157205 0
-0.0744117 0
-0.0965037 0
0.0227284 0
0.0796632 0
-0.0721843 0
-0.116162 0
0.0363325 0
0.0460136 0
-0.113248 0
-0.0856436 0
0.113564 0
0.116783 0
-0.110245 0
-0.116765 0
0.0335651 0
0.114627 0
-0.0731952 0
-0.0931046 0
0.024479 0
0.0452215 0
-0.0707885 0
0.00764989 0
0.0773109 0
0.0793032 0
0.00329663 0
0.0275541 0
-0.0615495 0
0.0122795 0
0.09362 0
0.00205498 0
-0.0909824 0
-0.118836 0
0.0926441 0
0.0257737 0
-0.0312654 0
-0.0693783 0
-0.00569664 0
0.136478 0
0.120013 0
0.0897491 0
0.0564457 0
0.0959497 0
0.0609043 0
0.0924688 0
0.11592 0
0.129516 0
-0.00540605 0
-0.0656665 0
-0.0309726 0
0.0226149 0
0.0905572 0
-0.0282968 0
-0.0620941 0
-0.0520887 0
0.0646139 0
0.0608606 0
-0.122974 0
-0.0612609 0
-0.0454065 0
0.00580646 0
-0.0430902 0
-0.0581358 0
-0.123999 0
0.0557265 0
0.066011 0
-0.0479078 0
-0.0618366 0
-0.0305572 0
0.000684409 0
0.0629726 0
0.0741634 0
-0.0323938 0
-0.157444 0
-0.0467192 0
-0.00282724 0
0.0884968 0
-0.00297922 0
-0.0492305 0
-0.15675 0
-0.0279674 0
0.0769098 0
0.0606742 0
-0.000905638 0
0.00598081 0
-0.0552959 0
0.041701 0
0.141215 0
0.100304 0
0.0342499 0
0.119397 0
0.0305054 0
0.0965392 0
0.142638 0
0.0439426 0
-0.0582683 0
0.00187438 0
-0.118657 0
-0.0970067 0
0.0392518 0
0.0061733 0
-0.175739 0
-0.265994 0
-0.176781 0
0.00858132 0
0.042602 0
-0.0965377 0
-0.120607 0
-0.0451079 0
0.0391082 0
0.144411 0
0.140078 0
0.0111027 0
0.140167 0
0.145193 0
0.0376151 0
-0.0459059 0
-0.049106 0
-0.102138 0
0.0242836 0
-0.00677046 0
0.0236155 0
-0.103085 0
-0.0510064 0
-0.106278 0
-0.0342746 0
-0.0565894 0
-0.0315904 0
-0.104924 0
0.118874 0
0.186855 0
0.120965 0
0 0
0 0
0 0
0 0
0 0
0 0
0 0
0 0
0 0
0 0
0 0
0 0
0 0
0 0
0 0
0 0
0 0
0 0
0 0
0 0
0 0
0 0
0 0
0 0
0 0
0 0
0 0
0 0
0 0
0 0
0 0
0 0
0 0
0 0
0 0
0 0
0 0
0 0
0 0
0 0
0 0
0 0
0 0
0 0
0 0
0 0
0 0
0 0
0 0
0 0
0 0
0 0
0 0
0 0
0 0
0 0
0 0
0 0
0 0
0 0
0 0
0 0
0 0
0 0
0 0
0 0
0 0
0 0
0 0
0 0
0 0
0 0
0 0
0 0
0 0
0 0
0 0
0 0
0 0
0 0
0 0
0 0
0 0
0 0
0 0
0 0
0 0
0 0
0 0
0 0
0 0
0 0
0 0
0 0
0 0
0 0
0 0
0 0
0 0
0 0
0 0
0 0
0 0
0 0
0 0
0 0
0 0
0 0
0 0
0 0
0 0
0 0
0 0
0 0
0 0
0 0
0 0
0 0
0 0
0 0
0 0
0 0
0 0
0 0
0 0
0 0
0 0
0 0
0 0
0 0
0 0
0 0
0 0
0 0
0 0
0 0
0 0
0 0
0 0
0 0
0 0
0.138449 0
0.0172969 0
-0.0485803 0
-0.07384 0
0.0674454 0
0.16041 0
-0.00581224 0
0.0319022 0
-0.0720263 0
-0.113643 0
0.118787 0
0.111036 0
0.0582805 0
-0.0107092 0
-0.0345473 0
-0.0217419 0
-0.0910371 0
-0.0255202 0
0.0976776 0
-0.0012942 0
0.00171612 0
-0.0695888 0
-0.101055 0
0.018222 0
0.0920933 0
0.0730858 0
0.0323504 0
-0.113901 0
-0.0575672 0
0.0268989 0
-0.120981 0
-0.0316855 0
0.0743963 0
0.0131114 0
0.00591455 0
0.0494354 0
0.0720131 0
0.114066 0
-0.0144747 0
-0.13845 0
-0.163233 0
-0.0710686 0
-0.0676672 0
-0.104151 0
0.00921777 0
0.121795 0
0.00953132 0
-0.228348 0
-0.133637 0
0.0913651 0
0.14841 0
0.00144994 0
-0.146637 0
-0.0886115 0
0.137202 0
0.232367 0
-0.0096991 0
-0.123836 0
-0.0101583 0
0.104883 0
0.0704357 0
-0.0752343 0
0.00758416 0
0.137581 0
0.0472137 0
-0.168991 0
-0.0357746 0
0.102498 0
0.0759718 0
8.7744e-05 0
-0.0773091 0
-0.104303 0
0.0320425 0
0.170753 0
-0.0452398 0
-0.139092 0
-0.00945693 0
0.0743449 0
-0.0526124 0
-0.0751149 0
0.0920109 0
0.146002 0
0.0205738 0
-0.0838198 0
-0.00507242 0
0.00133731 0
0.00498467 0
0.0823699 0
-0.0253218 0
-0.146914 0
-0.0897279 0
0.0769834 0
0.052609 0
-0.135812 0
-0.0992076 0
0.0748167 0
0.0492366 0
-0.123089 0
-0.123408 0
0.00180426 0
0.124386 0
0.126063 0
-0.0449472 0
-0.0735225 0
0.0974914 0
0.135931 0
-0.0663423 0
0.0140537 0
0.11147 0
0.0797871 0
-0.0371158 0
-0.00401955 0
0.0317887 0
-0.0795641 0
-0.110233 0
-0.0169784 0
0.0627267 0
-0.0270888 0
-0.0488236 0
0.0280569 0
0.00504905 0
0.000167778 0
-0.000814146 0
-0.0236805 0
0.049983 0
0.0257135 0
-0.0636357 0
-0.0328562 0
-0.0217439 0
-0.000102311 0
0.0224678 0
0.029755 0
0.0621229 0
0.043207 0
0.0883147 0
-0.000855147 0
-0.08931 0
-0.0463985 0
0.0710047 0
0.00282365 0
-0.0673804 0
0 0
0 0
0 0
0 0
0 0
0 0
0 0
0 0
0 0
0 0
0 0
0 0
0 0
0 0
0 0
0 0
0 0
0 0
0 0
0 0
0 0
0 0
0 0
0 0
0 0
0 0
0 0
0 0
0 0
0 0
0 0
0 0
0 0
0 0
0 0
0 0
0 0
0 0
0 0
0 0
0 0
0 0
0 0
0 0
0 0
0 0
0 0
0 0
0 0
0 0
0 0
0 0
0 0
0 0
0 0
0 0
0 0
0 0
0 0
0 0
0 0
0 0
0 0
0 0
0 0
0 0
0 0
0 0
0 0
0 0
0 0
0 0
0 0
0 0
0 0
0 0
0 0
0 0
0 0
0 0
0 0
0 0
0 0
0 0
0 0
0 0
0 0
0 0
0 0
0 0
0 0
0 0
0 0
0 0
0 0
0 0
0 0
0 0
0 0
0 0
0 0
0 0
0 0
0 0
0 0
0 0
0 0
0 0
0 0
0 0
0 0
0 0
0 0
0 0
0 0
0 0
0 0
0 0
0 0
0 0
0 0
0 0
0 0
0 0
0 0
0 0
0 0
0 0
0 0
0 0
0 0
0 0
0 0
0 0
0 0
0 0
0 0
0 0
0 0
0 0
0 0
0 0
0 0
0 0
0 0
0 0
0 0
0 0
0 0
0 0
0 0
0 0
0 0
0 0
0 0
0 0
0 0
0 0
0 0
0 0
0 0
0 0
0 0
0 0
0 0
0 0
0 0
0 0
0 0
0 0
0 0
0 0
0 0
0 0
0 0
0 0
0 0
0 0
0 0
0 0
0 0
0 0
0 0
0 0
0 0
0 0
0 0
0 0
0 0
0 0
0 0
0 0
0 0
0 0
0 0
0 0
0 0
0 0
0 0
0 0
0 0
0 0
0 0
0 0
0 0
0 0
0 0
0 0
0 0
0 0
0 0
0 0
0 0
0 0
0 0
0 0
0 0
0 0
0 0
0 0
0 0
0 0
0 0
0 0
0 0
0 0
0 0
0 0
0 0
0 0
0 0
0 0
0 0
0 0
0 0
0 0
0 0
0 0
0 0
0 0
0 0
0 0
0 0
0 0
0 0
0 0
0 0
0 0
0 0
0 0
0 0
0 0
0 0
0 0
0 0
0 0
0 0
0 0
0 0
0 0
0 0
0 0
0 0
0 0
0 0
0 0
0 0
0 0
0 0
0 0
0 0
0 0
0 0
0 0
0 0
0 0
0 0
0 0
0 0
0 0
0 0
0 0
0.138465 0
0.0159072 0
-0.0490075 0
-0.0729476 0
0.0692397 0
0.16182 0
-0.00586335 0
0.031799 0
-0.0732033 0
-0.113864 0
0.119882 0
0.112461 0
0.0579354 0
-0.011895 0
-0.0334679 0
-0.0200086 0
-0.0915683 0
-0.026203 0
0.0993541 0
-1.79569e-05 0
2.3811e-05 0
-0.0713212 0
-0.099401 0
0.0199598 0
0.091583 0
0.0713697 0
0.0334374 0
-0.112501 0
-0.0579255 0
0.0262221 0
-0.119913 0
-0.031796 0
0.0732361 0
0.0119283 0
0.00586477 0
0.0490194 0
0.0729222 0
0.11387 0
-0.015868 0
-0.138465 0
-0.16186 0
-0.06929 0
-0.0690401 0
-0.104524 0
0.0096826 0
0.122815 0
0.00961515 0
-0.230356 0
-0.13541 0
0.0900176 0
0.147553 0
2.01177e-05 0
-0.147528 0
-0.0899794 0
0.13546 0
0.230412 0
-0.00961747 0
-0.122844 0
-0.00969565 0
0.104534 0
0.0690786 0
-0.0748043 0
0.00850852 0
0.138342 0
0.0462457 0
-0.169879 0
-0.0339383 0
0.1034 0
0.0766399 0
1.21744e-06 0
-0.0766585 0
-0.103425 0
0.0338865 0
0.169903 0
-0.0462183 0
-0.138363 0
-0.00853451 0
0.074792 0
-0.0526167 0
-0.0760449 0
0.0908956 0
0.146469 0
0.0229175 0
-0.0831144 0
-0.00502973 0
1.85551e-05 0
0.00502851 0
0.0830943 0
-0.0229834 0
-0.146481 0
-0.0908639 0
0.0760708 0
0.0526167 0
-0.135887 0
-0.0983726 0
0.074187 0
0.0471271 0
-0.124569 0
-0.123904 0
2.50339e-05 0
0.123918 0
0.124611 0
-0.0470675 0
-0.074169 0
0.0983488 0
0.135888 0
-0.064567 0
0.0154975 0
0.110873 0
0.0796862 0
-0.0344931 0
-5.57709e-05 0
0.0344192 0
-0.0796831 0
-0.110855 0
-0.0155381 0
0.0645168 0
-0.0264137 0
-0.0494009 0
0.025902 0
0.00296131 0
2.3279e-06 0
-0.00290255 0
-0.0258413 0
0.049417 0
0.0263946 0
-0.062897 0
-0.0313307 0
-0.0221034 0
-1.41956e-06 0
0.0221134 0
0.0312877 0
0.062876 0
0.0447857 0
0.0888156 0
-1.18651e-05 0
-0.0888294 0
-0.04483 0
0.0692256 0
3.91779e-05 0
-0.0691753 0
0 0
0 0
0 0
0 0
0 0
0 0
0 0
0 0
0 0
0 0
0 0
0 0
0 0
0 0
0 0
0 0
0 0
0 0
0 0
0 0
0 0
0 0
0 0
0 0
0 0
0 0
0 0
0 0
0 0
0 0
0 0
0 0
0 0
0 0
0 0
0 0
0 0
0 0
0 0
0 0
0 0
0 0
0 0
0 0
0 0
0 0
0 0
0 0
0 0
0 0
0 0
0 0
0 0
0 0
0 0
0 0
0 0
0 0
0 0
0 0
0 0
0 0
0 0
0 0
0 0
0 0
0 0
0 0
0 0
0 0
0 0
0 0
0 0
0 0
0 0
0 0
0 0
0 0
0 0
0 0
0 0
0 0
0 0
0 0
0 0
0 0
0 0
0 0
0 0
0 0
0 0
0 0
0 0
0 0
0 0
0 0
0 0
0 0
0 0
0 0
0 0
0 0
0 0
0 0
0 0
0 0
0 0
0 0
0 0
0 0
0 0
0 0
0 0
0 0
0 0
0 0
0 0
0 0
0 0
0 0
0 0
0 0
0 0
0 0
0 0
0 0
0 0
0 0
0 0
0 0
0 0
0 0
0 0
0 0
0 0
0 0
0 0
0 0
0 0
0 0
0 0
0.127583 0
0.155475 0
1.37951e-16 0
-0.155475 0
-0.127583 0
3.56555e-16 0
-6.98344e-16 0
0.0191051 0
0.0800641 0
-0.0618823 0
-0.0567822 0
-0.0883011 0
0.0909632 0
0.140345 0
-0.141786 0
-0.066488 0
-0.0193013 0
0.0588057 0
0.0800641 0
2.38967e-16 0
3.68097e-16 0
-0.0158387 0
-0.0800641 0
0.066488 0
0.0193013 0
0.0158387 0
0.141786 0
0.0883011 0
-0.0909632 0
-0.0588057 0
0.0567822 0
-0.0191051 0
-0.0800641 0
-0.140345 0
-1.6261e-16 0
8.02085e-16 0
0.155475 0
0.0618823 0
-0.155475 0
-0.127583 0
-1.0694e-15 0
0.127583 0
0.0618823 0
-0.0800641 0
-0.0191051 0
0.0567822 0
7.07833e-16 0
-8.3127e-16 0
-0.0179948 0
0.119858 0
0.164056 0
8.33125e-16 0
-0.164056 0
-0.119858 0
0.0179948 0
1.45799e-15 0
3.11908e-16 0
-0.0567822 0
0.0191051 0
0.0800641 0
-0.0618823 0
-0.140345 0
-0.0909632 0
0.0883011 0
0.141786 0
0.0179948 0
-0.119858 0
-6.23079e-16 0
-1.95356e-16 0
4.49421e-16 0
-3.28616e-16 0
-1.46233e-15 0
0.119858 0
-0.0179948 0
-0.141786 0
-0.0883011 0
0.0909632 0
0.140345 0
-0.0588057 0
0.0193013 0
0.066488 0
-0.0800641 0
-0.164056 0
-4.40526e-17 0
2.49738e-16 0
4.77629e-16 0
6.07465e-16 0
8.29048e-16 0
0.164056 0
0.0800641 0
-0.066488 0
-0.0193013 0
0.0588057 0
0.0158387 0
-1.2575e-15 0
6.21194e-16 0
0.0800641 0
0.164056 0
0.119858 0
-5.02766e-16 0
-0.119858 0
-0.164056 0
-0.0800641 0
-4.42374e-16 0
3.78411e-17 0
-0.0158387 0
-0.0158387 0
-0.0193013 0
-0.066488 0
-0.141786 0
-0.0179948 0
3.93874e-18 0
0.0179948 0
0.141786 0
0.066488 0
0.0193013 0
0.0158387 0
0.0588057 0
0.0909632 0
-0.0883011 0
-0.0567822 0
2.08981e-16 0
0.0567822 0
0.0883011 0
-0.0909632 0
-0.0588057 0
0.140345 0
0.0800641 0
0.0191051 0
-2.25495e-16 0
-0.0191051 0
-0.0800641 0
-0.140345 0
-0.0618823 0
-0.155475 0
7.50914e-17 0
0.155475 0
0.0618823 0
-0.127583 0
2.72507e-16 0
0.127583 0
-0.127583 0
-0.155475 0
2.52194e-16 0
0.155475 0
0.127583 0
-3.13596e-15 0
-7.41426e-16 0
-0.0191051 0
-0.0800641 0
0.0618823 0
0.0567822 0
0.0883011 0
-0.0909632 0
-0.140345 0
0.141786 0
0.066488 0
0.0193013 0
-0.0588057 0
-0.0800641 0
3.41404e-15 0
1.50525e-16 0
0.0158387 0
0.0800641 0
-0.066488 0
-0.0193013 0
-0.0158387 0
-0.141786 0
-0.0883011 0
0.0909632 0
0.0588057 0
-0.0567822 0
0.0191051 0
0.0800641 0
0.140345 0
-2.93418e-15 0
-2.33804e-15 0
-0.155475 0
-0.0618823 0
0.155475 0
0.127583 0
-9.64641e-16 0
-0.127583 0
-0.0618823 0
0.0800641 0
0.0191051 0
-0.0567822 0
-2.45544e-15 0
2.14239e-15 0
0.0179948 0
-0.119858 0
-0.164056 0
-4.14355e-15 0
0.164056 0
0.119858 0
-0.0179948 0
1.25672e-15 0
-9.67447e-16 0
0.0567822 0
-0.0191051 0
-0.0800641 0
0.0618823 0
0.140345 0
0.0909632 0
-0.0883011 0
-0.141786 0
-0.0179948 0
0.119858 0
-1.27802e-15 0
3.55178e-15 0
1.6866e-15 0
2.69763e-15 0
-1.17295e-15 0
-0.119858 0
0.0179948 0
0.141786 0
0.0883011 0
-0.0909632 0
-0.140345 0
0.0588057 0
-0.0193013 0
-0.066488 0
0.0800641 0
0.164056 0
-3.31607e-15 0
3.94208e-15 0
4.68272e-15 0
2.88226e-15 0
-3.80525e-15 0
-0.164056 0
-0.0800641 0
0.066488 0
0.0193013 0
-0.0588057 0
-0.0158387 0
6.35426e-17 0
3.36064e-15 0
-0.0800641 0
-0.164056 0
-0.119858 0
-1.38261e-15 0
0.119858 0
0.164056 0
0.0800641 0
3.72303e-15 0
6.52602e-16 0
0.0158387 0
0.0158387 0
0.0193013 0
0.066488 0
0.141786 0
0.0179948 0
1.74829e-15 0
-0.0179948 0
-0.141786 0
-0.066488 0
-0.0193013 0
-0.0158387 0
-0.0588057 0
-0.0909632 0
0.0883011 0
0.0567822 0
-1.21083e-15 0
-0.0567822 0
-0.0883011 0
0.0909632 0
0.0588057 0
-0.140345 0
-0.0800641 0
-0.0191051 0
-1.79959e-15 0
0.0191051 0
0.0800641 0
0.140345 0
0.0618823 0
0.155475 0
-7.29795e-16 0
-0.155475 0
-0.0618823 0
0.127583 0
-2.2782e-15 0
-0.127583 0
0 0
0 0
0 0
0 0
0 0
0 0
0 0
0 0
0 0
0 0
0 0
0 0
0 0
0 0
0 0
0 0
0 0
0 0
0 0
0 0
0 0
0 0
0 0
0 0
0 0
0 0
0 0
0 0
0 0
0 0
0 0
0 0
0 0
0 0
0 0
0 0
0 0
0 0
0 0
0 0
0 0
0 0
0 0
0 0
0 0
0 0
0 0
0 0
0 0
0 0
0 0
0 0
0 0
0 0
0 0
0 0
0 0
0 0
0 0
0 0
0 0
0 0
0 0
0 0
0 0
0 0
0 0
0 0
0 0
0 0
0 0
0 0
0 0
0 0
0 0
0 0
0 0
0 0
0 0
0 0
0 0
0 0
0 0
0 0
0 0
0 0
0 0
0 0
0 0
0 0
0 0
0 0
0 0
0 0
0 0
0 0
0 0
0 0
0 0
0 0
0 0
0 0
0 0
0 0
0 0
0 0
0 0
0 0
0 0
0 0
0 0
0 0
0 0
0 0
0 0
0 0
0 0
0 0
0 0
0 0
0 0
0 0
0 0
0 0
0 0
0 0
0 0
0 0
0 0
0 0
0 0
0 0
0 0
0 0
0 0
0 0
0 0
0 0
0 0
0 0
0 0
0 0
0 0
0 0
0 0
0 0
0 0
0 0
0 0
0 0
0 0
0 0
0 0
0 0
0 0
0 0
0 0
0 0
0 0
0 0
0 0
0 0
0 0
0 0
0 0
0 0
0 0
0 0
0 0
0 0
0 0
0 0
0 0
0 0
0 0
0 0
0 0
0 0
0 0
0 0
0 0
0 0
0 0
0 0
0 0
0 0
0 0
0 0
0 0
0 0
0 0
0 0
0 0
0 0
0 0
0 0
0 0
0 0
0 0
0 0
0 0
0 0
0 0
0 0
0 0
0 0
0 0
0 0
0 0
0 0
0 0
0 0
0 0
0 0
0 0
0 0
0 0
0 0
0 0
0 0
0 0
0 0
0 0
0 0
0 0
0 0
0 0
0 0
0 0
0 0
0 0
0 0
0 0
0 0
0 0
0 0
0 0
0 0
0 0
0 0
0 0
0 0
0 0
0 0
0 0
0 0
0 0
0 0
0 0
0 0
0 0
0 0
0 0
0 0
0 0
0 0
0 0
0 0
0 0
0 0
0 0
0 0
0 0
0 0
0 0
0 0
0 0
0 0
0 0
0 0
0 0
0 0
0 0
0 0
0 0
0 0
0 0
0 0
0 0
0 0
0 0
0 0
-0.0367089 0
0.0170389 0
-0.0698494 0
0.0170389 0
-0.0367089 0
-0.061128 0
-0.11797 0
-0.0359193 0
0.135522 0
0.127023 0
-0.0606922 0
-0.0135319 0
-0.0494489 0
0.0716647 0
0.0938887 0
0.0585894 0
-0.0917023 0
-0.117523 0
0.0681824 0
0.138685 0
0.0302025 0
-0.0512051 0
0.0681824 0
0.0585894 0
-0.0917023 0
-0.0512051 0
0.0938887 0
-0.0135319 0
-0.0494489 0
-0.117523 0
-0.0606922 0
-0.0359193 0
0.135522 0
0.0716647 0
-0.11797 0
-0.0698494 0
0.0170389 0
0.127023 0
0.0170389 0
-0.0367089 0
-0.061128 0
-0.0367089 0
0.127023 0
0.135522 0
-0.0359193 0
-0.0606922 0
-0.0234432 0
0.0932281 0
0.0677073 0
-0.105797 0
-0.115384 0
-0.100967 0
-0.115384 0
-0.105797 0
0.0677073 0
0.0932281 0
-0.0234432 0
-0.0606922 0
-0.0359193 0
0.135522 0
0.127023 0
0.0716647 0
-0.0494489 0
-0.0135319 0
0.0938887 0
0.0677073 0
-0.105797 0
-0.0793908 0
0.116242 0
0.109501 0
0.116242 0
-0.0793908 0
-0.105797 0
0.0677073 0
0.0938887 0
-0.0135319 0
-0.0494489 0
0.0716647 0
-0.117523 0
-0.0917023 0
0.0585894 0
0.0681824 0
-0.115384 0
-0.100967 0
0.109501 0
0.116242 0
0.109501 0
-0.100967 0
-0.115384 0
0.0681824 0
0.0585894 0
-0.0917023 0
-0.117523 0
-0.0512051 0
0.0302025 0
0.138685 0
0.0681824 0
-0.115384 0
-0.105797 0
-0.0793908 0
-0.105797 0
-0.115384 0
0.0681824 0
0.138685 0
0.0302025 0
-0.0512051 0
-0.0512051 0
-0.0917023 0
0.0585894 0
0.0938887 0
0.0677073 0
0.0932281 0
0.0677073 0
0.0938887 0
0.0585894 0
-0.0917023 0
-0.0512051 0
-0.117523 0
-0.0494489 0
-0.0135319 0
-0.0606922 0
-0.0234432 0
-0.0606922 0
-0.0135319 0
-0.0494489 0
-0.117523 0
0.0716647 0
0.135522 0
-0.0359193 0
-0.11797 0
-0.0359193 0
0.135522 0
0.0716647 0
0.127023 0
0.0170389 0
-0.0698494 0
0.0170389 0
0.127023 0
-0.0367089 0
-0.061128 0
-0.0367089 0
-0.0367089 0
0.0170389 0
-0.0698494 0
0.0170389 0
-0.0367089 0
-0.061128 0
-0.11797 0
-0.0359193 0
0.135522 0
0.127023 0
-0.0606922 0
-0.0135319 0
-0.0494489 0
0.0716647 0
0.0938887 0
0.0585894 0
-0.0917023 0
-0.117523 0
0.0681824 0
0.138685 0
0.0302025 0
-0.0512051 0
0.0681824 0
0.0585894 0
-0.0917023 0
-0.0512051 0
0.0938887 0
-0.0135319 0
-0.0494489 0
-0.117523 0
-0.0606922 0
-0.0359193 0
0.135522 0
0.0716647 0
-0.11797 0
-0.0698494 0
0.0170389 0
0.127023 0
0.0170389 0
-0.0367089 0
-0.061128 0
-0.0367089 0
0.127023 0
0.135522 0
-0.0359193 0
-0.0606922 0
-0.0234432 0
0.0932281 0
0.0677073 0
-0.105797 0
-0.115384 0
-0.100967 0
-0.115384 0
-0.105797 0
0.0677073 0
0.0932281 0
-0.0234432 0
-0.0606922 0
-0.0359193 0
0.135522 0
0.127023 0
0.0716647 0
-0.0494489 0
-0.0135319 0
0.0938887 0
0.0677073 0
-0.105797 0
-0.0793908 0
0.116242 0
0.109501 0
0.116242 0
-0.0793908 0
-0.105797 0
0.0677073 0
0.0938887 0
-0.0135319 0
-0.0494489 0
0.0716647 0
-0.117523 0
-0.0917023 0
0.0585894 0
0.0681824 0
-0.115384 0
-0.100967 0
0.109501 0
0.116242 0
0.109501 0
-0.100967 0
-0.115384 0
0.0681824 0
0.0585894 0
-0.0917023 0
-0.117523 0
-0.0512051 0
0.0302025 0
0.138685 0
0.0681824 0
-0.115384 0
-0.105797 0
-0.0793908 0
-0.105797 0
-0.115384 0
0.0681824 0
0.138685 0
0.0302025 0
-0.0512051 0
-0.0512051 0
-0.0917023 0
0.0585894 0
0.0938887 0
0.0677073 0
0.0932281 0
0.0677073 0
0.0938887 0
0.0585894 0
-0.0917023 0
-0.0512051 0
-0.117523 0
-0.0494489 0
-0.0135319 0
-0.0606922 0
-0.0234432 0
-0.0606922 0
-0.0135319 0
-0.0494489 0
-0.117523 0
0.0716647 0
0.135522 0
-0.0359193 0
-0.11797 0
-0.0359193 0
0.135522 0
0.0716647 0
0.127023 0
0.0170389 0
-0.0698494 0
0.0170389 0
0.127023 0
-0.0367089 0
-0.061128 0
-0.0367089 0
0 0
0 0
0 0
0 0
0 0
0 0
0 0
0 0
0 0
0 0
0 0
0 0
0 0
0 0
0 0
0 0
0 0
0 0
0 0
0 0
0 0
0 0
0 0
0 0
0 0
0 0
0 0
0 0
0 0
0 0
0 0
0 0
0 0
0 0
0 0
0 0
0 0
0 0
0 0
0 0
0 0
0 0
0 0
0 0
0 0
0 0
0 0
0 0
0 0
0 0
0 0
0 0
0 0
0 0
0 0
0 0
0 0
0 0
0 0
0 0
0 0
0 0
0 0
0 0
0 0
0 0
0 0
0 0
0 0
0 0
0 0
0 0
0 0
0 0
0 0
0 0
0 0
0 0
0 0
0 0
0 0
0 0
0 0
0 0
0 0
0 0
0 0
0 0
0 0
0 0
0 0
0 0
0 0
0 0
0 0
0 0
0 0
0 0
0 0
0 0
0 0
0 0
0 0
0 0
0 0
0 0
0 0
0 0
0 0
0 0
0 0
0 0
0 0
0 0
0 0
0 0
0 0
0 0
0 0
0 0
0 0
0 0
0 0
0 0
0 0
0 0
0 0
0 0
0 0
0 0
0 0
0 0
0 0
0 0
0 0
0 0
0 0
0 0
0 0
0 0
0 0
0.103851 0
0.119858 0
-1.49068e-13 0
-0.119858 0
-0.103851 0
1.13367e-13 0
-9.61601e-14 0
0.192224 0
0.0800641 0
-0.0344794 0
0.141786 0
-0.0285844 0
-0.155475 0
-0.0653404 0
-0.0193013 0
0.101848 0
0.0567822 0
-0.0855131 0
0.0800641 0
-5.08858e-15 0
1.19796e-14 0
0.0491993 0
-0.0800641 0
-0.101848 0
-0.0567822 0
-0.0491993 0
0.0193013 0
0.0285844 0
0.155475 0
0.0855131 0
-0.141786 0
-0.192224 0
-0.0800641 0
0.0653404 0
5.65401e-14 0
8.68487e-14 0
0.119858 0
0.0344794 0
-0.119858 0
-0.103851 0
-6.55811e-14 0
0.103851 0
0.0344794 0
-0.0800641 0
-0.192224 0
-0.141786 0
9.38537e-14 0
3.95725e-14 0
-0.0955394 0
-0.0909632 0
-0.00944358 0
6.12118e-15 0
0.00944358 0
0.0909632 0
0.0955394 0
-2.3572e-14 0
-5.5645e-14 0
0.141786 0
0.192224 0
0.0800641 0
-0.0344794 0
0.0653404 0
0.155475 0
0.0285844 0
0.0193013 0
0.0955394 0
0.0909632 0
-3.0063e-14 0
-5.66809e-14 0
-1.34378e-14 0
3.55024e-14 0
1.92798e-14 0
-0.0909632 0
-0.0955394 0
-0.0193013 0
-0.0285844 0
-0.155475 0
-0.0653404 0
0.0855131 0
-0.0567822 0
-0.101848 0
-0.0800641 0
0.00944358 0
7.37007e-15 0
-2.149e-14 0
2.4544e-14 0
3.51043e-14 0
-1.95763e-14 0
-0.00944358 0
0.0800641 0
0.101848 0
0.0567822 0
-0.0855131 0
-0.0491993 0
1.55175e-14 0
-6.67522e-15 0
0.0800641 0
-0.00944358 0
-0.0909632 0
1.49315e-14 0
0.0909632 0
0.00944358 0
-0.0800641 0
1.52531e-14 0
-2.64215e-14 0
0.0491993 0
0.0491993 0
0.0567822 0
0.101848 0
-0.0193013 0
-0.0955394 0
-1.82418e-14 0
0.0955394 0
0.0193013 0
-0.101848 0
-0.0567822 0
-0.0491993 0
-0.0855131 0
-0.155475 0
-0.0285844 0
0.141786 0
-4.00735e-14 0
-0.141786 0
0.0285844 0
0.155475 0
0.0855131 0
-0.0653404 0
0.0800641 0
0.192224 0
4.05776e-14 0
-0.192224 0
-0.0800641 0
0.0653404 0
-0.0344794 0
-0.119858 0
6.16594e-14 0
0.119858 0
0.0344794 0
-0.103851 0
-4.5527e-14 0
0.103851 0
0 0
0 0
0 0
0 0
0 0
0 0
0 0
0 0
0 0
0 0
0 0
0 0
0 0
0 0
0 0
0 0
0 0
0 0
0 0
0 0
0 0
0 0
0 0
0 0
0 0
0 0
0 0
0 0
0 0
0 0
0 0
0 0
0 0
0 0
0 0
0 0
0 0
0 0
0 0
0 0
0 0
0 0
0 0
0 0
0 0
0 0
0 0
0 0
0 0
0 0
0 0
0 0
0 0
0 0
0 0
0 0
0 0
0 0
0 0
0 0
0 0
0 0
0 0
0 0
0 0
0 0
0 0
0 0
0 0
0 0
0 0
0 0
0 0
0 0
0 0
0 0
0 0
0 0
0 0
0 0
0 0
0 0
0 0
0 0
0 0
0 0
0 0
0 0
0 0
0 0
0 0
0 0
0 0
0 0
0 0
0 0
0 0
0 0
0 0
0 0
0 0
0 0
0 0
0 0
0 0
0 0
0 0
0 0
0 0
0 0
0 0
0 0
0 0
0 0
0 0
0 0
0 0
0 0
0 0
0 0
0 0
0 0
0 0
0 0
0 0
0 0
0 0
0 0
0 0
0 0
0 0
0 0
0 0
0 0
0 0
0 0
0 0
0 0
0 0
0 0
0 0
0 0
0 0
0 0
0 0
0 0
0 0
0 0
0 0
0 0
0 0
0 0
0 0
0 0
0 0
0 0
0 0
0 0
0 0
0 0
0 0
0 0
0 0
0 0
0 0
0 0
0 0
0 0
0 0
0 0
0 0
0 0
0 0
0 0
0 0
0 0
0 0
0 0
0 0
0 0
0 0
0 0
0 0
0 0
0 0
0 0
0 0
0 0
0 0
0 0
0 0
0 0
0 0
0 0
0 0
0 0
0 0
0 0
0 0
0 0
0 0
0 0
0 0
0 0
0 0
0 0
0 0
0 0
0 0
0 0
0 0
0 0
0 0
0 0
0 0
0 0
0 0
0 0
0 0
0 0
0 0
0 0
0 0
0 0
0 0
0 0
0 0
0 0
0 0
0 0
0 0
0 0
0 0
0 0
0 0
0 0
0 0
0 0
0 0
0 0
0 0
0 0
0 0
0 0
0 0
0 0
0 0
0 0
0 0
0 0
0 0
0 0
0 0
0 0
0 0
0 0
0 0
0 0
0 0
0 0
0 0
0 0
0 0
0 0
0 0
0 0
0 0
0 0
0 0
0 0
0 0
0 0
0 0
0 0
0 0
0 0
0 0
0 0
0 0
0 0
0 0
0 0
-0.103851 0
-0.119858 0
1.28271e-13 0
0.119858 0
0.103851 0
-9.72293e-14 0
8.33599e-14 0
-0.192224 0
-0.0800641 0
0.0344794 0
-0.141786 0
0.0285844 0
0.155475 0
0.0653404 0
0.0193013 0
-0.101848 0
-0.0567822 0
0.0855131 0
-0.0800641 0
-3.29194e-16 0
1.40183e-15 0
-0.0491993 0
0.0800641 0
0.101848 0
0.0567822 0
0.0491993 0
-0.0193013 0
-0.0285844 0
-0.155475 0
-0.0855131 0
0.141786 0
0.192224 0
0.0800641 0
-0.0653404 0
-8.68259e-14 0
-1.34664e-13 0
-0.119858 0
-0.0344794 0
0.119858 0
0.103851 0
1.01435e-13 0
-0.103851 0
-0.0344794 0
0.0800641 0
0.192224 0
0.141786 0
-8.26512e-14 0
-3.65599e-14 0
0.0955394 0
0.0909632 0
0.00944358 0
-1.70887e-17 0
-0.00944358 0
-0.0909632 0
-0.0955394 0
3.44018e-14 0
8.27931e-14 0
-0.141786 0
-0.192224 0
-0.0800641 0
0.0344794 0
-0.0653404 0
-0.155475 0
-0.0285844 0
-0.0193013 0
-0.0955394 0
-0.0909632 0
2.86883e-14 0
5.14789e-14 0
7.84585e-16 0
-5.07019e-14 0
-2.66576e-14 0
0.0909632 0
0.0955394 0
0.0193013 0
0.0285844 0
0.155475 0
0.0653404 0
-0.0855131 0
0.0567822 0
0.101848 0
0.0800641 0
-0.00944358 0
-1.88783e-14 0
2.99541e-14 0
1.63323e-15 0
-3.27509e-14 0
1.13942e-14 0
0.00944358 0
-0.0800641 0
-0.101848 0
-0.0567822 0
0.0855131 0
0.0491993 0
-2.51012e-14 0
1.464e-14 0
-0.0800641 0
0.00944358 0
0.0909632 0
4.83194e-15 0
-0.0909632 0
-0.00944358 0
0.0800641 0
-9.74815e-15 0
2.40793e-14 0
-0.0491993 0
-0.0491993 0
-0.0567822 0
-0.101848 0
0.0193013 0
0.0955394 0
-3.48917e-15 0
-0.0955394 0
-0.0193013 0
0.101848 0
0.0567822 0
0.0491993 0
0.0855131 0
0.155475 0
0.0285844 0
-0.141786 0
-4.12205e-15 0
0.141786 0
-0.0285844 0
-0.155475 0
-0.0855131 0
0.0653404 0
-0.0800641 0
-0.192224 0
4.69328e-15 0
0.192224 0
0.0800641 0
-0.0653404 0
0.0344794 0
0.119858 0
4.48553e-15 0
-0.119858 0
-0.0344794 0
0.103851 0
-2.09219e-15 0
-0.103851 0
-0.150596 0
-0.0255865 0
0.195489 0
0.124793 0
-0.0202074 0
-0.148098 0
0.126254 0
-0.10967 0
-0.160956 0
-0.0313562 0
-0.0917814 0
0.12656 0
0.109511 0
-0.0446067 0
0.128234 0
-0.0719729 0
-0.0583654 0
0.0443466 0
-0.152876 0
-0.00647275 0
0.0125935 0
-0.0396873 0
0.132818 0
0.0367378 0
0.0573945 0
0.0606843 0
-0.147842 0
-0.141462 0
-0.0934104 0
-0.0312282 0
0.0781021 0
0.066311 0
0.168329 0
0.064959 0
-0.169953 0
-0.263153 0
-0.0958248 0
0.0628655 0
-0.0377194 0
0.140152 0
0.199359 0
0.089771 0
-0.0744018 0
-0.060222 0
0.0597914 0
0.00292667 0
-0.122743 0
-0.0527064 0
0.0933069 0
0.0320841 0
-0.0978688 0
0.00791896 0
0.122916 0
0.00102339 0
-0.0657838 0
0.0709494 0
0.165228 0
0.0415076 0
0.000832244 0
0.129406 0
0.079498 0
-0.0548445 0
-0.0030309 0
0.0663269 0
0.0766 0
-0.0313509 0
-0.0600511 0
0.0415648 0
0.0759042 0
-0.0159137 0
-0.102177 0
-0.0559515 0
0.0366237 0
-0.0176169 0
-0.127891 0
-0.118189 0
-0.0499251 0
0.0689149 0
-0.014978 0
-0.0142434 0
0.0533678 0
-0.000806802 0
-0.0794716 0
-0.0307978 0
0.0618903 0
0.0262724 0
-0.0459766 0
0.0228788 0
0.115807 0
0.0740592 0
-0.0116929 0
0.0403461 0
-0.00830563 0
-0.0548169 0
-0.0489777 0
0.0251733 0
0.0788172 0
-0.0179382 0
-0.0687078 0
0.0143867 0
0.0590277 0
-0.0434439 0
-0.132011 0
-0.0187006 0
0.0363842 0
0.0665303 0
-0.026843 0
0.0180193 0
0.0836658 0
-0.00034354 0
-0.0756901 0
-0.0182431 0
0.0971347 0
0.0712421 0
-0.0901055 0
-0.0431511 0
-0.00586737 0
-0.0360409 0
-0.0595858 0
-0.00837196 0
0.0502738 0
-0.0424846 0
-0.0810288 0
0.0751353 0
0.0964413 0
0.0462062 0
-0.0243082 0
0.0315508 0
0.108838 0
0.0436997 0
-0.126102 0
-0.108106 0
-0.0101145 0
-0.0481418 0
-0.0870735 0
0.0676638 0
0.121411 0
0.0115362 0
-0.119945 0
-0.0512607 0
0.0608253 0
-0 0
-0 0
-0 0
-0 0
-0 0
-0 0
-0 0
-0 0
-0 0
-0 0
-0 0
-0 0
-0 0
-0 0
-0 0
-0 0
-0 0
-0 0
-0 0
-0 0
-0 0
-0 0
-0 0
-0 0
-0 0
-0 0
-0 0
-0 0
-0 0
-0 0
-0 0
-0 0
-0 0
-0 0
-0 0
-0 0
-0 0
-0 0
-0 0
-0 0
-0 0
-0 0
-0 0
-0 0
-0 0
-0 0
-0 0
-0 0
-0 0
-0 0
-0 0
-0 0
-0 0
-0 0
-0 0
-0 0
-0 0
-0 0
-0 0
-0 0
-0 0
-0 0
-0 0
-0 0
-0 0
-0 0
-0 0
-0 0
-0 0
-0 0
-0 0
-0 0
-0 0
-0 0
-0 0
-0 0
-0 0
-0 0
-0 0
-0 0
-0 0
-0 0
-0 0
-0 0
-0 0
-0 0
-0 0
-0 0
-0 0
-0 0
-0 0
-0 0
-0 0
-0 0
-0 0
-0 0
-0 0
-0 0
-0 0
-0 0
-0 0
-0 0
-0 0
-0 0
-0 0
-0 0
-0 0
-0 0
-0 0
-0 0
-0 0
-0 0
-0 0
-0 0
-0 0
-0 0
-0 0
-0 0
-0 0
-0 0
-0 0
-0 0
-0 0
-0 0
-0 0
-0 0
-0 0
-0 0
-0 0
-0 0
-0 0
-0 0
-0 0
-0 0
-0 0
-0 0
-0 0
-0 0
-0 0
-0 0
-0 0
0 0
0 0
0 0
0 0
0 0
0 0
0 0
0 0
0 0
0 0
0 0
0 0
0 0
0 0
0 0
0 0
0 0
0 0
0 0
0 0
0 0
0 0
0 0
0 0
0 0
0 0
0 0
0 0
0 0
0 0
0 0
0 0
0 0
0 0
0 0
0 0
0 0
0 0
0 0
0 0
0 0
0 0
0 0
0 0
0 0
0 0
0 0
0 0
0 0
0 0
0 0
0 0
0 0
0 0
0 0
0 0
0 0
0 0
0 0
0 0
0 0
0 0
0 0
0 0
0 0
0 0
0 0
0 0
0 0
0 0
0 0
0 0
0 0
0 0
0 0
0 0
0 0
0 0
0 0
0 0
0 0
0 0
0 0
0 0
0 0
0 0
0 0
0 0
0 0
0 0
0 0
0 0
0 0
0 0
0 0
0 0
0 0
0 0
0 0
0 0
0 0
0 0
0 0
0 0
0 0
0 0
0 0
0 0
0 0
0 0
0 0
0 0
0 0
0 0
0 0
0 0
0 0
0 0
0 0
0 0
0 0
0 0
0 0
0 0
0 0
0 0
0 0
0 0
0 0
0 0
0 0
0 0
0 0
0 0
0 0
0 0
0 0
0 0
0 0
0 0
0 0
0.151512 0
0.0129597 0
-0.21355 0
-0.121332 0
0.0350724 0
0.161781 0
-0.137918 0
0.10291 0
0.165785 0
0.0385443 0
0.0908201 0
-0.132249 0
-0.10841 0
0.0497485 0
-0.134935 0
0.0661278 0
0.0593595 0
-0.04253 0
0.151842 0
0.0039161 0
-0.00761924 0
0.0448622 0
-0.139706 0
-0.0448101 0
-0.0587721 0
-0.0575657 0
0.146798 0
0.141265 0
0.0986688 0
0.0345932 0
-0.082544 0
-0.0766769 0
-0.170246 0
-0.0620619 0
0.164357 0
0.254488 0
0.103806 0
-0.0576078 0
0.0253411 0
-0.145193 0
-0.192795 0
-0.0771593 0
0.0769848 0
0.0758279 0
-0.0484226 0
0.00624404 0
0.134083 0
0.057576 0
-0.089501 0
-0.0258637 0
0.105077 0
-0.00479107 0
-0.120231 0
0.0058333 0
0.0728491 0
-0.0686132 0
-0.159787 0
-0.0331273 0
0.0117445 0
-0.117685 0
-0.0800681 0
0.0588911 0
-0.00790795 0
-0.0784594 0
-0.0888244 0
0.0218208 0
0.0564146 0
-0.045405 0
-0.0829171 0
0.00962799 0
0.0988123 0
0.0541091 0
-0.0422408 0
0.00780536 0
0.119856 0
0.109836 0
0.039947 0
-0.0674038 0
0.010448 0
0.0199577 0
-0.0458037 0
0.0160406 0
0.088648 0
0.0297837 0
-0.0598524 0
-0.0158952 0
0.0502244 0
-0.0249926 0
-0.110631 0
-0.0603592 0
0.0205899 0
-0.0357502 0
0.00363891 0
0.0583733 0
0.047365 0
-0.0243444 0
-0.0914823 0
0.00555435 0
0.0681045 0
-0.00870412 0
-0.0622479 0
0.0315826 0
0.123665 0
0.0204283 0
-0.0397457 0
-0.06546 0
0.0205978 0
-0.0236093 0
-0.0867177 0
0.0150789 0
0.0816956 0
0.0110373 0
-0.0946699 0
-0.0579734 0
0.0906138 0
0.0388143 0
-0.000807586 0
0.038891 0
0.0684628 0
0.0224127 0
-0.0576928 0
0.0257037 0
0.0762999 0
-0.0628054 0
-0.0907609 0
-0.0450411 0
0.0176553 0
-0.0481007 0
-0.114654 0
-0.0264389 0
0.125099 0
0.0944179 0
0.00317083 0
0.0415238 0
0.0959907 0
-0.0409375 0
-0.116766 0
-0.0193769 0
0.110121 0
0.0310134 0
-0.0743529 0
0 0
0 0
0 0
0 0
0 0
0 0
0 0
0 0
0 0
0 0
0 0
0 0
0 0
0 0
0 0
0 0
0 0
0 0
0 0
0 0
0 0
0 0
0 0
0 0
0 0
0 0
0 0
0 0
0 0
0 0
0 0
0 0
0 0
0 0
0 0
0 0
0 0
0 0
0 0
0 0
0 0
0 0
0 0
0 0
0 0
0 0
0 0
0 0
0 0
0 0
0 0
0 0
0 0
0 0
0 0
0 0
0 0
0 0
0 0
0 0
0 0
0 0
0 0
0 0
0 0
0 0
0 0
0 0
0 0
0 0
0 0
0 0
0 0
0 0
0 0
0 0
0 0
0 0
0 0
0 0
0 0
0 0
0 0
0 0
0 0
0 0
0 0
0 0
0 0
0 0
0 0
0 0
0 0
0 0
0 0
0 0
0 0
0 0
0 0
0 0
0 0
0 0
0 0
0 0
0 0
0 0
0 0
0 0
0 0
0 0
0 0
0 0
0 0
0 0
0 0
0 0
0 0
0 0
0 0
0 0
0 0
0 0
0 0
0 0
0 0
0 0
0 0
0 0
0 0
0 0
0 0
0 0
0 0
0 0
0 0
0 0
0 0
0 0
0 0
0 0
0 0
-0.00162028 0
0.127347 0
0.170564 0
-0.0407895 0
-0.147406 0
-0.129216 0
0.110156 0
0.0729764 0
-0.0401744 0
-0.0702011 0
0.0141829 0
0.050474 0
-0.0164636 0
-0.0491089 0
0.0604931 0
0.0619541 0
-0.00700957 0
-0.0203528 0
0.0179689 0
0.0258496 0
-0.0502934 0
-0.0496855 0
0.0621371 0
0.0787607 0
0.0108869 0
-0.0341681 0
0.0178118 0
0.00903783 0
-0.0478352 0
-0.0320367 0
0.0404468 0
0.100183 0
0.0107329 0
-0.0321701 0
0.0643627 0
0.099658 0
-0.0748969 0
-0.0556345 0
0.125471 0
0.0433293 0
-0.0754989 0
-0.130403 0
-0.0220726 0
-0.152804 0
-0.116496 0
-0.0917086 0
-0.107093 0
-0.0459863 0
-0.0426606 0
-0.0637079 0
-0.0670799 0
-0.0316251 0
-0.0329467 0
-0.0685099 0
-0.0672559 0
-0.0268691 0
-0.062573 0
-0.085744 0
-0.125611 0
-0.123487 0
0.00172022 0
-0.0376622 0
0.109367 0
0.11782 0
0.118225 0
0.0967171 0
0.0393067 0
0.0362652 0
0.0662264 0
0.0635529 0
0.0386951 0
0.0211893 0
0.0542526 0
0.0988404 0
0.0866105 0
0.089294 0
0.102117 0
-0.018529 0
0.0459769 0
-0.0563415 0
-0.078187 0
-0.152057 0
-0.0876494 0
0.0116634 0
-0.0234384 0
-0.104922 0
-0.0401145 0
0.0199617 0
-0.0574594 0
-0.140483 0
-0.0882454 0
-0.047902 0
0.0470084 0
-0.0327693 0
0.0185482 0
-0.00953334 0
0.122514 0
0.124539 0
0.0094553 0
-0.0574545 0
0.0292032 0
0.120596 0
0.0899202 0
-0.0163162 0
0.0317451 0
-0.0140091 0
0.0636946 0
0.0549116 0
0.0262913 0
-0.147104 0
-0.0561799 0
0.0728554 0
-0.0294612 0
-0.136037 0
-0.000573687 0
0.0454547 0
0.0669374 0
-0.0266556 0
-0.0856539 0
-0.139768 0
0.0715611 0
0.169666 0
0.0512618 0
-0.126858 0
-0.0615321 0
-0.0139402 0
0.0676379 0
0.163662 0
0.0526343 0
-0.174519 0
0.0163126 0
0.142071 0
0.0698323 0
0.0684809 0
-0.0846817 0
-0.270222 0
-0.05245 0
0.0777071 0
0.104076 0
0.204714 0
0.132023 0
0.0167118 0
-0.125421 0
-0.190997 0
0.0284946 0
0.150167 0
0.144695 0
-0.123353 0
-0.0623572 0
0.0564964 0
0.0736929 0
-0.00506118 0
-0.0634026 0
0.00557761 0
0.0538223 0
-0.0736395 0
-0.0550554 0
0.0128904 0
0.016013 0
-0.00274703 0
-0.0253306 0
0.0492837 0
0.0539091 0
-0.0757508 0
-0.0828344 0
-0.0166898 0
0.028261 0
-0.00309338 0
0.00508553 0
0.0574303 0
0.0353247 0
-0.0484717 0
-0.107326 0
-0.0276461 0
0.0258249 0
-0.0476625 0
-0.0737998 0
0.0848693 0
0.0496163 0
-0.122321 0
-0.0575835 0
0.0559092 0
0.122064 0
0.029635 0
0.1596 0
0.11109 0
0.0918743 0
0.119923 0
0.0514953 0
0.0335286 0
0.0608132 0
0.0772178 0
0.0309902 0
0.0208006 0
0.0687501 0
0.0741812 0
0.0198974 0
0.0463372 0
0.0820157 0
0.126156 0
0.111144 0
-0.00969119 0
0.0433437 0
-0.109611 0
-0.125053 0
-0.126488 0
-0.094061 0
-0.0334888 0
-0.0406097 0
-0.0741601 0
-0.062277 0
-0.0286549 0
-0.0156913 0
-0.0581922 0
-0.0975705 0
-0.0742345 0
-0.0779033 0
-0.097628 0
0.0117193 0
-0.0447068 0
0.05805 0
0.073233 0
0.152899 0
0.0960477 0
-0.00863708 0
0.0173568 0
0.102815 0
0.0449202 0
-0.0223531 0
0.0461479 0
0.133768 0
0.089858 0
0.0441007 0
-0.0464118 0
0.0384236 0
-0.0137355 0
0.00705973 0
-0.131021 0
-0.123366 0
-0.00262098 0
0.056301 0
-0.0352614 0
-0.116848 0
-0.0771482 0
0.0182709 0
-0.0355481 0
0.00741564 0
-0.0613247 0
-0.0569911 0
-0.0348026 0
0.147874 0
0.0640419 0
-0.0713927 0
0.0198798 0
0.129582 0
0.00960135 0
-0.0413602 0
-0.0666847 0
0.0303988 0
0.0920504 0
0.141306 0
-0.0769545 0
-0.16626 0
-0.0434026 0
0.119967 0
0.0521806 0
0.00938206 0
-0.0655417 0
-0.167641 0
-0.0637987 0
0.171015 0
-0.00376408 0
-0.131954 0
-0.0691686 0
-0.0640017 0
0.0938265 0
0.264797 0
0.0405521 0
-0.0792513 0
-0.0925838 0
-0.200605 0
-0.138776 0
0 0
0 0
0 0
0 0
0 0
0 0
0 0
0 0
0 0
0 0
0 0
0 0
0 0
0 0
0 0
0 0
0 0
0 0
0 0
0 0
0 0
0 0
0 0
0 0
0 0
0 0
0 0
0 0
0 0
0 0
0 0
0 0
0 0
0 0
0 0
0 0
0 0
0 0
0 0
0 0
0 0
0 0
0 0
0 0
0 0
0 0
0 0
0 0
0 0
0 0
0 0
0 0
0 0
0 0
0 0
0 0
0 0
0 0
0 0
0 0
0 0
0 0
0 0
0 0
0 0
0 0
0 0
0 0
0 0
0 0
0 0
0 0
0 0
0 0
0 0
0 0
0 0
0 0
0 0
0 0
0 0
0 0
0 0
0 0
0 0
0 0
0 0
0 0
0 0
0 0
0 0
0 0
0 0
0 0
0 0
0 0
0 0
0 0
0 0
0 0
0 0
0 0
0 0
0 0
0 0
0 0
0 0
0 0
0 0
0 0
0 0
0 0
0 0
0 0
0 0
0 0
0 0
0 0
0 0
0 0
0 0
0 0
0 0
0 0
0 0
0 0
0 0
0 0
0 0
0 0
0 0
0 0
0 0
0 0
0 0
0 0
0 0
0 0
0 0
0 0
0 0
-0.0659103 0
0.0499688 0
0.0451374 0
0.0499688 0
-0.0659103 0
-0.121486 0
-0.0509605 0
-0.0502165 0
0.0314031 0
0.0749925 0
-0.0349309 0
-0.0987836 0
-0.0213136 0
0.00929856 0
-0.0509424 0
-0.00424771 0
0.0933169 0
0.0663583 0
-0.0469835 0
-0.133457 0
-0.0508424 0
0.0391445 0
-0.0469835 0
-0.00424771 0
0.0933169 0
0.0391445 0
-0.0509424 0
-0.0987836 0
-0.0213136 0
0.0663583 0
-0.0349309 0
-0.0502165 0
0.0314031 0
0.00929856 0
-0.0509605 0
0.0451374 0
0.0499688 0
0.0749925 0
0.0499688 0
-0.0659103 0
-0.121486 0
-0.0659103 0
0.0749925 0
0.0314031 0
-0.0502165 0
-0.0349309 0
0.111098 0
0.19041 0
0.0477553 0
-0.0876502 0
0.0867239 0
0.228735 0
0.0867239 0
-0.0876502 0
0.0477553 0
0.19041 0
0.111098 0
-0.0349309 0
-0.0502165 0
0.0314031 0
0.0749925 0
0.00929856 0
-0.0213136 0
-0.0987836 0
-0.0509424 0
0.0477553 0
-0.0876502 0
-0.229586 0
-0.0738157 0
0.0747453 0
-0.0738157 0
-0.229586 0
-0.0876502 0
0.0477553 0
-0.0509424 0
-0.0987836 0
-0.0213136 0
0.00929856 0
0.0663583 0
0.0933169 0
-0.00424771 0
-0.0469835 0
0.0867239 0
0.228735 0
0.0747453 0
-0.0738157 0
0.0747453 0
0.228735 0
0.0867239 0
-0.0469835 0
-0.00424771 0
0.0933169 0
0.0663583 0
0.0391445 0
-0.0508424 0
-0.133457 0
-0.0469835 0
0.0867239 0
-0.0876502 0
-0.229586 0
-0.0876502 0
0.0867239 0
-0.0469835 0
-0.133457 0
-0.0508424 0
0.0391445 0
0.0391445 0
0.0933169 0
-0.00424771 0
-0.0509424 0
0.0477553 0
0.19041 0
0.0477553 0
-0.0509424 0
-0.00424771 0
0.0933169 0
0.0391445 0
0.0663583 0
-0.0213136 0
-0.0987836 0
-0.0349309 0
0.111098 0
-0.0349309 0
-0.0987836 0
-0.0213136 0
0.0663583 0
0.00929856 0
0.0314031 0
-0.0502165 0
-0.0509605 0
-0.0502165 0
0.0314031 0
0.00929856 0
0.0749925 0
0.0499688 0
0.0451374 0
0.0499688 0
0.0749925 0
-0.0659103 0
-0.121486 0
-0.0659103 0
0 0
0 0
0 0
0 0
0 0
0 0
0 0
0 0
0 0
0 0
0 0
0 0
0 0
0 0
0 0
0 0
0 0
0 0
0 0
0 0
0 0
0 0
0 0
0 0
0 0
0 0
0 0
0 0
0 0
0 0
0 0
0 0
0 0
0 0
0 0
0 0
0 0
0 0
0 0
0 0
0 0
0 0
0 0
0 0
0 0
0 0
0 0
0 0
0 0
0 0
0 0
0 0
0 0
0 0
0 0
0 0
0 0
0 0
0 0
0 0
0 0
0 0
0 0
0 0
0 0
0 0
0 0
0 0
0 0
0 0
0 0
0 0
0 0
0 0
0 0
0 0
0 0
0 0
0 0
0 0
0 0
0 0
0 0
0 0
0 0
0 0
0 0
0 0
0 0
0 0
0 0
0 0
0 0
0 0
0 0
0 0
0 0
0 0
0 0
0 0
0 0
0 0
0 0
0 0
0 0
0 0
0 0
0 0
0 0
0 0
0 0
0 0
0 0
0 0
0 0
0 0
0 0
0 0
0 0
0 0
0 0
0 0
0 0
0 0
0 0
0 0
0 0
0 0
0 0
0 0
0 0
0 0
0 0
0 0
0 0
0 0
0 0
0 0
0 0
0 0
0 0
0 0
0 0
0 0
0 0
0 0
0 0
0 0
0 0
0 0
0 0
0 0
0 0
0 0
0 0
0 0
0 0
0 0
0 0
0 0
0 0
0 0
0 0
0 0
0 0
0 0
0 0
0 0
0 0
0 0
0 0
0 0
0 0
0 0
0 0
0 0
0 0
0 0
0 0
0 0
0 0
0 0
0 0
0 0
0 0
0 0
0 0
0 0
0 0
0 0
0 0
0 0
0 0
0 0
0 0
0 0
0 0
0 0
0 0
0 0
0 0
0 0
0 0
0 0
0 0
0 0
0 0
0 0
0 0
0 0
0 0
0 0
0 0
0 0
0 0
0 0
0 0
0 0
0 0
0 0
0 0
0 0
0 0
0 0
0 0
0 0
0 0
0 0
0 0
0 0
0 0
0 0
0 0
0 0
0 0
0 0
0 0
0 0
0 0
0 0
0 0
0 0
0 0
0 0
0 0
0 0
0 0
0 0
0 0
0 0
0 0
0 0
0 0
0 0
0 0
0 0
0 0
0 0
0 0
0 0
0 0
0 0
0 0
0 0
0 0
0 0
0 0
0 0
0 0
0 0
0 0
0 0
0 0
0 0
0 0
0 0
0 0
0 0
0 0
0 0
0 0
0 0
-0.0659103 0
0.0499688 0
0.0451374 0
0.0499688 0
-0.0659103 0
-0.121486 0
-0.0509605 0
-0.0502165 0
0.0314031 0
0.0749925 0
-0.0349309 0
-0.0987836 0
-0.0213136 0
0.00929856 0
-0.0509424 0
-0.00424771 0
0.0933169 0
0.0663583 0
-0.0469835 0
-0.133457 0
-0.0508424 0
0.0391445 0
-0.0469835 0
-0.00424771 0
0.0933169 0
0.0391445 0
-0.0509424 0
-0.0987836 0
-0.0213136 0
0.0663583 0
-0.0349309 0
-0.0502165 0
0.0314031 0
0.00929856 0
-0.0509605 0
0.0451374 0
0.0499688 0
0.0749925 0
0.0499688 0
-0.0659103 0
-0.121486 0
-0.0659103 0
0.0749925 0
0.0314031 0
-0.0502165 0
-0.0349309 0
0.111098 0
0.19041 0
0.0477553 0
-0.0876502 0
0.0867239 0
0.228735 0
0.0867239 0
-0.0876502 0
0.0477553 0
0.19041 0
0.111098 0
-0.0349309 0
-0.0502165 0
0.0314031 0
0.0749925 0
0.00929856 0
-0.0213136 0
-0.0987836 0
-0.0509424 0
0.0477553 0
-0.0876502 0
-0.229586 0
-0.0738157 0
0.0747453 0
-0.0738157 0
-0.229586 0
-0.0876502 0
0.0477553 0
-0.0509424 0
-0.0987836 0
-0.0213136 0
0.00929856 0
0.0663583 0
0.0933169 0
-0.00424771 0
-0.0469835 0
0.0867239 0
0.228735 0
0.0747453 0
-0.0738157 0
0.0747453 0
0.228735 0
0.0867239 0
-0.0469835 0
-0.00424771 0
0.0933169 0
0.0663583 0
0.0391445 0
-0.0508424 0
-0.133457 0
-0.0469835 0
0.0867239 0
-0.0876502 0
-0.229586 0
-0.0876502 0
0.0867239 0
-0.0469835 0
-0.133457 0
-0.0508424 0
0.0391445 0
0.0391445 0
0.0933169 0
-0.00424771 0
-0.0509424 0
0.0477553 0
0.19041 0
0.0477553 0
-0.0509424 0
-0.00424771 0
0.0933169 0
0.0391445 0
0.0663583 0
-0.0213136 0
-0.0987836 0
-0.0349309 0
0.111098 0
-0.0349309 0
-0.0987836 0
-0.0213136 0
0.0663583 0
0.00929856 0
0.0314031 0
-0.0502165 0
-0.0509605 0
-0.0502165 0
0.0314031 0
0.00929856 0
0.0749925 0
0.0499688 0
0.0451374 0
0.0499688 0
0.0749925 0
-0.0659103 0
-0.121486 0
-0.0659103 0
0.0372544 0
0.0273039 0
0.0198221 0
-0.0380703 0
-0.0234842 0
0.0127938 0
0.0321013 0
-0.0773054 0
-0.00209145 0
-0.0373138 0
-0.113215 0
-0.0844588 0
0.123036 0
0.112368 0
-0.100725 0
0.0355837 0
-0.010542 0
0.104517 0
0.149567 0
0.115677 0
-0.152464 0
-0.151447 0
0.127403 0
0.0177068 0
0.0143394 0
-0.12833 0
-0.122684 0
-0.0945549 0
0.121339 0
0.126057 0
-0.100426 0
-0.0669922 0
-0.0146779 0
0.0990973 0
0.0429991 0
0.0265514 0
-0.0368815 0
-0.0479034 0
0.0224602 0
0.0367894 0
0.017137 0
-0.0183444 0
-0.0276886 0
-0.0571058 0
0.0920346 0
0.124063 0
0.0399079 0
0.0321057 0
-0.0595378 0
0.00453769 0
0.00972159 0
-0.143641 0
0.00374261 0
0.0202666 0
-0.0551992 0
0.043005 0
0.053456 0
0.114957 0
0.0867217 0
-0.0646158 0
-0.0391663 0
-0.12581 0
-0.0783066 0
0.00158971 0
-0.0440458 0
0.054186 0
0.0702617 0
0.0547003 0
-0.0159243 0
-0.168068 0
-0.0213303 0
0.07327 0
0.0799259 0
0.0480306 0
-0.0712345 0
-0.0164467 0
-0.0614246 0
-0.117103 0
0.0399374 0
0.121292 0
-0.103183 0
-0.188305 0
-0.033262 0
0.0822424 0
0.0962283 0
0.0372546 0
0.0718399 0
0.0613986 0
-0.0352746 0
-0.179291 0
-0.108255 0
0.134008 0
0.0674369 0
0.193795 0
0.087294 0
-0.0662314 0
0.0297244 0
0.025553 0
-0.0844635 0
-0.12797 0
-0.0905283 0
0.0295194 0
0.0609021 0
-0.0494455 0
0.0651699 0
0.185055 0
-0.0336074 0
-0.123466 0
0.0726714 0
0.17196 0
0.0115073 0
-0.0751107 0
0.00101322 0
0.16673 0
0.0854764 0
-0.135632 0
-0.0654652 0
-0.171954 0
-0.0616112 0
0.100905 0
-0.00174179 0
-0.0933639 0
-0.0236371 0
0.0929652 0
-0.043032 0
-0.165995 0
0.00473467 0
0.0667072 0
-0.00941634 0
-0.0751005 0
-0.0250425 0
0.0717838 0
0.026713 0
0.0764802 0
0.0156101 0
-0.0463735 0
0.00957756 0
0.075592 0
-0.0133052 0
-0.0299308 0
-0.0189099 0
0 0
0 0
0 0
0 0
0 0
0 0
0 0
0 0
0 0
0 0
0 0
0 0
0 0
0 0
0 0
0 0
0 0
0 0
0 0
0 0
0 0
0 0
0 0
0 0
0 0
0 0
0 0
0 0
0 0
0 0
0 0
0 0
0 0
0 0
0 0
0 0
0 0
0 0
0 0
0 0
0 0
0 0
0 0
0 0
0 0
0 0
0 0
0 0
0 0
0 0
0 0
0 0
0 0
0 0
0 0
0 0
0 0
0 0
0 0
0 0
0 0
0 0
0 0
0 0
0 0
0 0
0 0
0 0
0 0
0 0
0 0
0 0
0 0
0 0
0 0
0 0
0 0
0 0
0 0
0 0
0 0
0 0
0 0
0 0
0 0
0 0
0 0
0 0
0 0
0 0
0 0
0 0
0 0
0 0
0 0
0 0
0 0
0 0
0 0
0 0
0 0
0 0
0 0
0 0
0 0
0 0
0 0
0 0
0 0
0 0
0 0
0 0
0 0
0 0
0 0
0 0
0 0
0 0
0 0
0 0
0 0
0 0
0 0
0 0
0 0
0 0
0 0
0 0
0 0
0 0
0 0
0 0
0 0
0 0
0 0
0 0
0 0
0 0
0 0
0 0
0 0
0.00032651 0
-0.0268232 0
0.0421032 0
0.00395492 0
0.0289221 0
0.0271746 0
0.0681848 0
0.0555054 0
-0.0758194 0
-0.0667685 0
0.0673762 0
-0.0677533 0
0.000107722 0
-0.0703429 0
-0.140408 0
-0.104458 0
0.148653 0
0.138212 0
-0.120675 0
0.00969133 0
-0.0127733 0
0.126245 0
0.14388 0
0.108923 0
-0.148335 0
-0.149684 0
0.121691 0
0.0527557 0
0.0203658 0
-0.118895 0
-0.085275 0
-0.0675945 0
0.0744144 0
0.0880594 0
-0.061893 0
-0.038218 0
-0.0102343 0
0.0596291 0
0.0309924 0
0.00587682 0
-0.024667 0
-0.0324265 0
-0.0713001 0
-0.0499187 0
-0.0242197 0
-0.0443343 0
0.0847665 0
0.0681942 0
0.0210867 0
0.0949103 0
-0.0351189 0
-0.0120341 0
0.0362469 0
-0.0928322 0
-0.0306993 0
-0.0619015 0
-0.0769445 0
0.0643593 0
0.0391958 0
0.0397209 0
0.065699 0
0.0417911 0
0.0948994 0
-0.108265 0
-0.167093 0
-0.0324543 0
0.0639675 0
0.116186 0
-0.033824 0
-0.0140806 0
0.0307028 0
-0.105465 0
-0.0513849 0
0.0410179 0
0.157435 0
0.10702 0
-0.106606 0
-0.0621422 0
0.168616 0
0.0865858 0
-0.0391268 0
0.0383941 0
-0.0148822 0
-0.11838 0
-0.138511 0
0.00312116 0
0.152592 0
0.130414 0
0.00914028 0
-0.0691911 0
0.0214126 0
-0.0651969 0
-0.15962 0
-0.036295 0
-0.125651 0
0.0953335 0
0.189866 0
0.0259786 0
-0.0435254 0
-0.0107213 0
0.0288647 0
-0.0213646 0
-0.182274 0
-0.105025 0
0.138424 0
0.0680348 0
-0.194279 0
-0.0834562 0
0.0830454 0
-0.0170265 0
-0.0621046 0
-0.00629273 0
0.0631536 0
0.0454017 0
-0.0697959 0
0.0617492 0
0.185979 0
0.0214081 0
0.106498 0
-0.0392668 0
-0.131735 0
-0.00782196 0
0.129609 0
0.0555091 0
-0.115265 0
-0.0497212 0
0.132485 0
0.0360984 0
-0.0947011 0
-0.00629187 0
0.0918142 0
-0.0244958 0
-0.12985 0
0.00106952 0
-0.0349473 0
-0.00388514 0
0.0370575 0
0.011671 0
-0.0347989 0
-0.00250758 0
0.0321 0
0 0
0 0
0 0
0 0
0 0
0 0
0 0
0 0
0 0
0 0
0 0
0 0
0 0
0 0
0 0
0 0
0 0
0 0
0 0
0 0
0 0
0 0
0 0
0 0
0 0
0 0
0 0
0 0
0 0
0 0
0 0
0 0
0 0
0 0
0 0
0 0
0 0
0 0
0 0
0 0
0 0
0 0
0 0
0 0
0 0
0 0
0 0
0 0
0 0
0 0
0 0
0 0
0 0
0 0
0 0
0 0
0 0
0 0
0 0
0 0
0 0
0 0
0 0
0 0
0 0
0 0
0 0
0 0
0 0
0 0
0 0
0 0
0 0
0 0
0 0
0 0
0 0
0 0
0 0
0 0
0 0
0 0
0 0
0 0
0 0
0 0
0 0
0 0
0 0
0 0
0 0
0 0
0 0
0 0
0 0
0 0
0 0
0 0
0 0
0 0
0 0
0 0
0 0
0 0
0 0
0 0
0 0
0 0
0 0
0 0
0 0
0 0
0 0
0 0
0 0
0 0
0 0
0 0
0 0
0 0
0 0
0 0
0 0
0 0
0 0
0 0
0 0
0 0
0 0
0 0
0 0
0 0
0 0
0 0
0 0
0 0
0 0
0 0
0 0
0 0
0 0
0 0
0 0
0 0
0 0
0 0
0 0
0 0
0 0
0 0
0 0
0 0
0 0
0 0
0 0
0 0
0 0
0 0
0 0
0 0
0 0
0 0
0 0
0 0
0 0
0 0
0 0
0 0
0 0
0 0
0 0
0 0
0 0
0 0
0 0
0 0
0 0
0 0
0 0
0 0
0 0
0 0
0 0
0 0
0 0
0 0
0 0
0 0
0 0
0 0
0 0
0 0
0 0
0 0
0 0
0 0
0 0
0 0
0 0
0 0
0 0
0 0
0 0
0 0
0 0
0 0
0 0
0 0
0 0
0 0
0 0
0 0
0 0
0 0
0 0
0 0
0 0
0 0
0 0
0 0
0 0
0 0
0 0
0 0
0 0
0 0
0 0
0 0
0 0
0 0
0 0
0 0
0 0
0 0
0 0
0 0
0 0
0 0
0 0
0 0
0 0
0 0
0 0
0 0
0 0
0 0
0 0
0 0
0 0
0 0
0 0
0 0
0 0
0 0
0 0
0 0
0 0
0 0
0 0
0 0
0 0
0 0
0 0
0 0
0 0
0 0
0 0
0 0
0 0
0 0
0 0
0 0
0 0
0 0
0 0
0 0
0 0
0 0
0 0
0 0
0 0
0 0
0.00496609 0
-0.0232119 0
0.044245 0
-0.000819691 0
0.0257704 0
0.028557 0
0.0716534 0
0.04544 0
-0.0754891 0
-0.0708977 0
0.0527437 0
-0.0777494 0
0.0154379 0
-0.0557929 0
-0.151865 0
-0.09921 0
0.146181 0
0.150158 0
-0.101098 0
0.0240298 0
-0.0316717 0
0.106389 0
0.158633 0
0.11028 0
-0.145392 0
-0.164508 0
0.105456 0
0.0405624 0
0.0353266 0
-0.102261 0
-0.0971241 0
-0.0754153 0
0.0720055 0
0.0997212 0
-0.0560526 0
-0.0346117 0
-0.0147502 0
0.0531953 0
0.0335495 0
0.0104152 0
-0.0223394 0
-0.0344596 0
-0.0741945 0
-0.0566454 0
-0.0125628 0
-0.0285297 0
0.0890786 0
0.0716633 0
0.0135036 0
0.094736 0
-0.0336338 0
-0.0298389 0
0.0364307 0
-0.0895833 0
-0.0373382 0
-0.0560603 0
-0.0696839 0
0.0781821 0
0.0496963 0
0.0313598 0
0.0603066 0
0.0257887 0
0.0844023 0
-0.107223 0
-0.171279 0
-0.0254494 0
0.072224 0
0.122097 0
-0.0355446 0
-0.0349132 0
0.0278057 0
-0.095513 0
-0.0410252 0
0.0466831 0
0.147332 0
0.104137 0
-0.113429 0
-0.0762496 0
0.172278 0
0.101025 0
-0.0516791 0
0.014631 0
-0.0189109 0
-0.107209 0
-0.125441 0
0.00773899 0
0.160354 0
0.137048 0
0.00467362 0
-0.0909926 0
0.00775647 0
-0.0479905 0
-0.149973 0
-0.0118641 0
-0.113794 0
0.0863376 0
0.19209 0
0.0289602 0
-0.0537108 0
-0.0265836 0
0.0173593 0
-0.0175198 0
-0.173264 0
-0.110367 0
0.145466 0
0.0905635 0
-0.196953 0
-0.0981905 0
0.0914535 0
0.00453344 0
-0.0601867 0
-0.0156029 0
0.0627876 0
0.0658234 0
-0.058601 0
0.0443674 0
0.176372 0
-0.000185202 0
0.0979911 0
-0.0263873 0
-0.130926 0
-0.0193947 0
0.125654 0
0.0666606 0
-0.119729 0
-0.0700176 0
0.132043 0
0.0441292 0
-0.0951364 0
-0.0156008 0
0.0879782 0
-0.0153601 0
-0.12551 0
0.0105911 0
-0.0327298 0
-0.00963328 0
0.0379621 0
0.0209992 0
-0.0361856 0
-0.00621759 0
0.0294935 0
0 0
0 0
0 0
0 0
0 0
0 0
0 0
0 0
0 0
0 0
0 0
0 0
0 0
0 0
0 0
0 0
0 0
0 0
0 0
0 0
0 0
0 0
0 0
0 0
0 0
0 0
0 0
0 0
0 0
0 0
0 0
0 0
0 0
0 0
0 0
0 0
0 0
0 0
0 0
0 0
0 0
0 0
0 0
0 0
0 0
0 0
0 0
0 0
0 0
0 0
0 0
0 0
0 0
0 0
0 0
0 0
0 0
0 0
0 0
0 0
0 0
0 0
0 0
0 0
0 0
0 0
0 0
0 0
0 0
0 0
0 0
0 0
0 0
0 0
0 0
0 0
0 0
0 0
0 0
0 0
0 0
0 0
0 0
0 0
0 0
0 0
0 0
0 0
0 0
0 0
0 0
0 0
0 0
0 0
0 0
0 0
0 0
0 0
0 0
0 0
0 0
0 0
0 0
0 0
0 0
0 0
0 0
0 0
0 0
0 0
0 0
0 0
0 0
0 0
0 0
0 0
0 0
0 0
0 0
0 0
0 0
0 0
0 0
0 0
0 0
0 0
0 0
0 0
0 0
0 0
0 0
0 0
0 0
0 0
0 0
0 0
0 0
0 0
0 0
0 0
0 0
-0.0369233 0
-0.0304335 0
-0.0144213 0
0.0382664 0
0.026905 0
-0.00930792 0
-0.0233549 0
0.0836192 0
-0.0073724 0
0.0287033 0
0.120729 0
0.075358 0
-0.122063 0
-0.120258 0
0.0824445 0
-0.0483225 0
0.028983 0
-0.0864802 0
-0.163438 0
-0.113568 0
0.149684 0
0.165998 0
-0.108481 0
-0.00399639 0
-0.0327111 0
0.108678 0
0.136891 0
0.100392 0
-0.117855 0
-0.13989 0
0.0890179 0
0.0580474 0
0.023836 0
-0.0873523 0
-0.0503763 0
-0.0311066 0
0.0353188 0
0.0549602 0
-0.0184233 0
-0.0357703 0
-0.0200771 0
0.0141609 0
0.0185884 0
0.0504406 0
-0.0943353 0
-0.128621 0
-0.0290345 0
-0.0233581 0
0.0617013 0
0.00732407 0
-0.0140218 0
0.141022 0
0.000803136 0
-0.0316761 0
0.0509437 0
-0.0503832 0
-0.0626271 0
-0.106042 0
-0.0811618 0
0.0690617 0
0.0470476 0
0.130037 0
0.0895214 0
-0.0150678 0
0.0228817 0
-0.0578077 0
-0.0617434 0
-0.0397964 0
0.0115855 0
0.165004 0
0.0249898 0
-0.0858406 0
-0.0857058 0
-0.0425451 0
0.0902967 0
0.0296539 0
0.0476621 0
0.108447 0
-0.0186156 0
-0.109558 0
0.0975036 0
0.191621 0
0.0311484 0
-0.0963522 0
-0.112738 0
-0.0365753 0
-0.0522662 0
-0.0446697 0
0.0361386 0
0.169272 0
0.11008 0
-0.141088 0
-0.0868009 0
-0.196807 0
-0.102271 0
0.0775943 0
-0.00583427 0
-0.0221168 0
0.0783817 0
0.125637 0
0.0934195 0
-0.0319515 0
-0.0831399 0
0.0359734 0
-0.0474135 0
-0.175135 0
0.00913707 0
0.112105 0
-0.0617571 0
-0.172741 0
-0.0191562 0
0.0737412 0
0.006864 0
-0.159773 0
-0.0935072 0
0.142269 0
0.0881291 0
0.173281 0
0.0744014 0
-0.105012 0
-0.0146868 0
0.0916616 0
0.039603 0
-0.0853239 0
0.0283339 0
0.158505 0
0.0118107 0
-0.0616892 0
-0.00245738 0
0.0737311 0
0.0362879 0
-0.0742766 0
-0.0426849 0
-0.0757508 0
-0.0198431 0
0.045528 0
-0.00488533 0
-0.0735486 0
0.00886534 0
0.029385 0
0.0227624 0
0 0
0 0
0 0
0 0
0 0
0 0
0 0
0 0
0 0
0 0
0 0
0 0
0 0
0 0
0 0
0 0
0 0
0 0
0 0
0 0
0 0
0 0
0 0
0 0
0 0
0 0
0 0
0 0
0 0
0 0
0 0
0 0
0 0
0 0
0 0
0 0
0 0
0 0
0 0
0 0
0 0
0 0
0 0
0 0
0 0
0 0
0 0
0 0
0 0
0 0
0 0
0 0
0 0
0 0
0 0
0 0
0 0
0 0
0 0
0 0
0 0
0 0
0 0
0 0
0 0
0 0
0 0
0 0
0 0
0 0
0 0
0 0
0 0
0 0
0 0
0 0
0 0
0 0
0 0
0 0
0 0
0 0
0 0
0 0
0 0
0 0
0 0
0 0
0 0
0 0
0 0
0 0
0 0
0 0
0 0
0 0
0 0
0 0
0 0
0 0
0 0
0 0
0 0
0 0
0 0
0 0
0 0
0 0
0 0
0 0
0 0
0 0
0 0
0 0
0 0
0 0
0 0
0 0
0 0
0 0
0 0
0 0
0 0
0 0
0 0
0 0
0 0
0 0
0 0
0 0
0 0
0 0
0 0
0 0
0 0
0 0
0 0
0 0
0 0
0 0
0 0
-0.0983348 0
-0.0682771 0
-0.0156197 0
0.0995949 0
0.0622335 0
-0.0345306 0
-0.047648 0
-0.0159442 0
-0.0394675 0
0.0575114 0
0.0704461 0
0.0365234 0
-0.0471301 0
-0.08283 0
0.0148687 0
0.13682 0
0.0440278 0
-0.00296729 0
0.0841465 0
0.0231508 0
-0.135844 0
-0.0878217 0
0.0759017 0
0.135377 0
0.0549733 0
-0.0773525 0
0.0106597 0
0.0159166 0
-0.0555488 0
-0.00055048 0
0.0615297 0
-0.021456 0
-0.0212334 0
-0.0734417 0
-0.0627282 0
-0.0205632 0
0.0972386 0
0.0726984 0
-0.056009 0
-0.0970536 0
-0.0454593 0
0.0495265 0
0.0425717 0
0.112785 0
-0.0182515 0
-0.0842189 0
0.0530713 0
0.0692581 0
-0.157798 0
-0.249102 0
-0.0719963 0
0.0896847 0
-0.0791735 0
-0.248361 0
-0.140149 0
0.0911777 0
0.0698679 0
-0.0796615 0
-0.0235623 0
0.117756 0
0.0590602 0
0.0935952 0
-0.0149327 0
-0.12287 0
-0.0293069 0
0.177135 0
0.145241 0
-0.030639 0
0.0718286 0
0.244934 0
0.0945618 0
-0.0403359 0
0.111629 0
0.165606 0
-0.0296675 0
-0.129591 0
-0.0261563 0
0.087614 0
0.0136624 0
0.0292165 0
-0.0849054 0
-0.0886772 0
0.00535156 0
-0.0509689 0
-0.139199 0
-0.16639 0
-0.105735 0
-0.0387157 0
-0.00856384 0
-0.0818663 0
-0.0670323 0
0.0414523 0
0.0146305 0
0.101789 0
0.077202 0
-0.0131569 0
-0.00228023 0
0.0805602 0
0.137474 0
0.0709749 0
0.10312 0
0.0738219 0
0.0127755 0
-0.00999391 0
0.0586422 0
0.0957397 0
-0.00791794 0
-0.0854801 0
-0.0697872 0
0.0147988 0
-0.0078081 0
-0.160436 0
-0.0369862 0
0.0186472 0
-0.0504714 0
-0.0841898 0
-0.0244361 0
-0.0116632 0
0.0732864 0
0.0930672 0
0.00921535 0
-0.122939 0
0.0226892 0
0.106953 0
0.0704815 0
-0.0131119 0
-0.00478406 0
-0.0782881 0
0.0395065 0
0.110376 0
0.0397075 0
-0.0915518 0
-0.0201536 0
-0.116572 0
-0.0435859 0
0.0361829 0
-0.0289615 0
-0.11527 0
0.0348201 0
0.0799899 0
0.0488082 0
0.0983354 0
0.0687455 0
0.0154081 0
-0.0996391 0
-0.0627231 0
0.0340629 0
0.0470026 0
0.015709 0
0.0401965 0
-0.0568563 0
-0.0707755 0
-0.0373515 0
0.0467589 0
0.0831722 0
-0.0150339 0
-0.136806 0
-0.0435544 0
0.00306512 0
-0.084441 0
-0.0231386 0
0.135772 0
0.0882058 0
-0.0755224 0
-0.135246 0
-0.0553944 0
0.0768809 0
-0.0104809 0
-0.0150607 0
0.0558657 0
0.000450792 0
-0.0611304 0
0.0216713 0
0.0204723 0
0.0730167 0
0.0633152 0
0.0207557 0
-0.0970902 0
-0.0732845 0
0.0554748 0
0.0969495 0
0.0458847 0
-0.0489777 0
-0.0418711 0
-0.112521 0
0.0180234 0
0.0843617 0
-0.0523524 0
-0.0683199 0
0.15844 0
0.249001 0
0.071663 0
-0.0896372 0
0.0794267 0
0.248199 0
0.139349 0
-0.0920309 0
-0.0705217 0
0.0794319 0
0.0237682 0
-0.117898 0
-0.0597071 0
-0.0937917 0
0.0144632 0
0.122528 0
0.0292765 0
-0.177515 0
-0.146547 0
0.0302239 0
-0.0708557 0
-0.244804 0
-0.0954467 0
0.0407134 0
-0.110187 0
-0.165044 0
0.0296666 0
0.129798 0
0.0266041 0
-0.0873217 0
-0.0136153 0
-0.0286978 0
0.0855956 0
0.0889103 0
-0.00592102 0
0.0514459 0
0.140502 0
0.166302 0
0.104303 0
0.0381913 0
0.0091316 0
0.0815428 0
0.0662618 0
-0.0419336 0
-0.0146626 0
-0.101983 0
-0.0779245 0
0.01328 0
0.00289822 0
-0.0807946 0
-0.138814 0
-0.0709373 0
-0.101653 0
-0.0735057 0
-0.013388 0
0.00985854 0
-0.0578479 0
-0.0954402 0
0.00723441 0
0.085488 0
0.0705447 0
-0.0146327 0
0.00660396 0
0.160351 0
0.0381666 0
-0.0187956 0
0.0496502 0
0.0840922 0
0.0251025 0
0.0115974 0
-0.073363 0
-0.0924469 0
-0.00865633 0
0.122874 0
-0.0232313 0
-0.107467 0
-0.0703288 0
0.0131646 0
0.00414943 0
0.0777012 0
-0.0394773 0
-0.110318 0
-0.0396947 0
0.0920488 0
0.020775 0
0.116563 0
0.0441643 0
-0.0361638 0
0.0283447 0
0.115156 0
-0.0342264 0
-0.0799475 0
-0.0493577 0
0 0
0 0
0 0
0 0
0 0
0 0
0 0
0 0
0 0
0 0
0 0
0 0
0 0
0 0
0 0
0 0
0 0
0 0
0 0
0 0
0 0
0 0
0 0
0 0
0 0
0 0
0 0
0 0
0 0
0 0
0 0
0 0
0 0
0 0
0 0
0 0
0 0
0 0
0 0
0 0
0 0
0 0
0 0
0 0
0 0
0 0
0 0
0 0
0 0
0 0
0 0
0 0
0 0
0 0
0 0
0 0
0 0
0 0
0 0
0 0
0 0
0 0
0 0
0 0
0 0
0 0
0 0
0 0
0 0
0 0
0 0
0 0
0 0
0 0
0 0
0 0
0 0
0 0
0 0
0 0
0 0
0 0
0 0
0 0
0 0
0 0
0 0
0 0
0 0
0 0
0 0
0 0
0 0
0 0
0 0
0 0
0 0
0 0
0 0
0 0
0 0
0 0
0 0
0 0
0 0
0 0
0 0
0 0
0 0
0 0
0 0
0 0
0 0
0 0
0 0
0 0
0 0
0 0
0 0
0 0
0 0
0 0
0 0
0 0
0 0
0 0
0 0
0 0
0 0
0 0
0 0
0 0
0 0
0 0
0 0
0 0
0 0
0 0
0 0
0 0
0 0
0 0
0 0
0 0
0 0
0 0
0 0
0 0
0 0
0 0
0 0
0 0
0 0
0 0
0 0
0 0
0 0
0 0
0 0
0 0
0 0
0 0
0 0
0 0
0 0
0 0
0 0
0 0
0 0
0 0
0 0
0 0
0 0
0 0
0 0
0 0
0 0
0 0
0 0
0 0
0 0
0 0
0 0
0 0
0 0
0 0
0 0
0 0
0 0
0 0
0 0
0 0
0 0
0 0
0 0
0 0
0 0
0 0
0 0
0 0
0 0
0 0
0 0
0 0
0 0
0 0
0 0
0 0
0 0
0 0
0 0
0 0
0 0
0 0
0 0
0 0
0 0
0 0
0 0
0 0
0 0
0 0
0 0
0 0
0 0
0 0
0 0
0 0
0 0
0 0
0 0
0 0
0 0
0 0
0 0
0 0
0 0
0 0
0 0
0 0
0 0
0 0
0 0
0 0
0 0
0 0
0 0
0 0
0 0
0 0
0 0
0 0
0 0
0 0
0 0
0 0
0 0
0 0
0 0
0 0
0 0
0 0
0 0
0 0
0 0
0 0
0 0
0 0
0 0
0 0
0 0
0 0
0 0
0 0
0 0
0 0
0 0
0 0
0 0
0 0
0 0
0 0
0.000414713 0
0.0728617 0
-0.0327624 0
-0.00717246 0
-0.0761373 0
-0.0724281 0
-0.0999419 0
-0.0364128 0
0.113186 0
0.101401 0
-0.0513131 0
-0.128552 0
-0.0574133 0
0.0533461 0
-0.0256726 0
0.00159053 0
0.0732845 0
0.0151807 0
-0.045949 0
0.00182615 0
-0.0107155 0
0.0598468 0
0.0585737 0
0.0198805 0
-0.0654752 0
-0.0728758 0
0.0276863 0
0.132688 0
0.0493139 0
-0.0154582 0
0.0617234 0
0.0334626 0
-0.117974 0
-0.0656729 0
0.0912353 0
0.0299083 0
0.0226988 0
-0.09113 0
-0.0826655 0
-0.0158271 0
0.0661184 0
0.0849531 0
0.108524 0
0.0405983 0
-0.0353127 0
0.0224246 0
0.111317 0
0.145269 0
0.100121 0
-0.0149217 0
-0.0514558 0
0.0070744 0
0.0395314 0
-0.0243186 0
-0.123623 0
-0.132614 0
-0.10162 0
-0.0353516 0
0.0320144 0
-0.0224131 0
-0.100507 0
-0.0307659 0
-0.0727636 0
-0.0525599 0
-0.00461159 0
-0.059561 0
-0.202928 0
-0.0642654 0
0.150661 0
0.0193206 0
-0.137536 0
0.0586668 0
0.22319 0
0.0865967 0
-4.0349e-05 0
0.0326456 0
0.0695225 0
0.0450598 0
0.00725235 0
0.0803459 0
0.107299 0
0.0364459 0
-0.0883319 0
0.074132 0
0.202459 0
-0.013125 0
-0.221779 0
-0.0812064 0
0.0880785 0
-0.0498985 0
-0.119284 0
-0.0747715 0
-0.00502058 0
-0.0305513 0
-0.112287 0
0.0191361 0
0.0958475 0
-0.0366228 0
-0.208268 0
0.00559856 0
0.227246 0
0.0488005 0
-0.0950196 0
-0.0209623 0
0.123002 0
0.0461325 0
-0.105979 0
0.00148698 0
0.117694 0
0.0257129 0
-0.186717 0
-0.0126553 0
0.183184 0
-0.0230747 0
-0.12718 0
-0.0148707 0
0.103427 0
-0.0101601 0
-0.0121092 0
0.0959059 0
0.0866647 0
-0.00969754 0
-0.084148 0
-0.0801282 0
0.0234497 0
0.00820581 0
-0.0984059 0
-0.0907728 0
0.00439834 0
0.00870656 0
0.00185012 0
0.0773757 0
0.0964388 0
-0.000894226 0
0.0898379 0
0.00285414 0
-0.0955605 0
-0.0173936 0
0.0919644 0
0.00630967 0
-0.0853678 0
0.000219373 0
-0.0724199 0
0.0328625 0
0.0065301 0
0.0757345 0
0.0726493 0
0.100247 0
0.0365148 0
-0.112929 0
-0.10177 0
0.0508577 0
0.128313 0
0.057716 0
-0.0528109 0
0.0255762 0
-0.00247273 0
-0.0735669 0
-0.0151612 0
0.0454055 0
-0.0019754 0
0.0115912 0
-0.0592792 0
-0.0590619 0
-0.020753 0
0.0651194 0
0.0733731 0
-0.0277544 0
-0.132788 0
-0.0489547 0
0.0154614 0
-0.0621189 0
-0.0333236 0
0.118108 0
0.0661451 0
-0.090829 0
-0.0297751 0
-0.0233254 0
0.0906593 0
0.0830249 0
0.0164526 0
-0.0658239 0
-0.0852706 0
-0.108796 0
-0.0413247 0
0.0354297 0
-0.0218811 0
-0.111657 0
-0.145713 0
-0.0991011 0
0.0165276 0
0.0519189 0
-0.00765255 0
-0.03902 0
0.0259196 0
0.124524 0
0.132023 0
0.101167 0
0.0358645 0
-0.0318618 0
0.0216533 0
0.100124 0
0.0301617 0
0.0728584 0
0.0533511 0
0.00480047 0
0.0584175 0
0.201987 0
0.0644616 0
-0.151121 0
-0.0208995 0
0.136923 0
-0.0584055 0
-0.223905 0
-0.0876627 0
0.000231648 0
-0.0318093 0
-0.0693524 0
-0.0456238 0
-0.00734029 0
-0.0805326 0
-0.10675 0
-0.0358733 0
0.0882956 0
-0.0738018 0
-0.201557 0
0.0141976 0
0.222456 0
0.0814544 0
-0.0880215 0
0.0504253 0
0.119714 0
0.0745026 0
0.00492614 0
0.0298943 0
0.111787 0
-0.0190509 0
-0.0958308 0
0.0361025 0
0.207377 0
-0.0060561 0
-0.227907 0
-0.0492755 0
0.0949353 0
0.0210263 0
-0.123378 0
-0.0467489 0
0.106028 0
-0.000935761 0
-0.117241 0
-0.0258078 0
0.186764 0
0.0136896 0
-0.182942 0
0.022954 0
0.127503 0
0.0154132 0
-0.103267 0
0.0102351 0
0.0116364 0
-0.0965041 0
-0.0867223 0
0.0104901 0
0.084 0
0.0794369 0
-0.0239037 0
-0.00812109 0
0.0984347 0
0.0912757 0
-0.00465299 0
-0.00941811 0
-0.00210612 0
-0.0767838 0
-0.0963068 0
0.00164588 0
-0.089555 0
-0.00308739 0
0.0957453 0
0.0181365 0
-0.092187 0
-0.00682532 0
0.0850513 0
0 0
0 0
0 0
0 0
0 0
0 0
0 0
0 0
0 0
0 0
0 0
0 0
0 0
0 0
0 0
0 0
0 0
0 0
0 0
0 0
0 0
0 0
0 0
0 0
0 0
0 0
0 0
0 0
0 0
0 0
0 0
0 0
0 0
0 0
0 0
0 0
0 0
0 0
0 0
0 0
0 0
0 0
0 0
0 0
0 0
0 0
0 0
0 0
0 0
0 0
0 0
0 0
0 0
0 0
0 0
0 0
0 0
0 0
0 0
0 0
0 0
0 0
0 0
0 0
0 0
0 0
0 0
0 0
0 0
0 0
0 0
0 0
0 0
0 0
0 0
0 0
0 0
0 0
0 0
0 0
0 0
0 0
0 0
0 0
0 0
0 0
0 0
0 0
0 0
0 0
0 0
0 0
0 0
0 0
0 0
0 0
0 0
0 0
0 0
0 0
0 0
0 0
0 0
0 0
0 0
0 0
0 0
0 0
0 0
0 0
0 0
0 0
0 0
0 0
0 0
0 0
0 0
0 0
0 0
0 0
0 0
0 0
0 0
0 0
0 0
0 0
0 0
0 0
0 0
0 0
0 0
0 0
0 0
0 0
0 0
0 0
0 0
0 0
0 0
0 0
0 0
0 0
0 0
0 0
0 0
0 0
0 0
0 0
0 0
0 0
0 0
0 0
0 0
0 0
0 0
0 0
0 0
0 0
0 0
0 0
0 0
0 0
0 0
0 0
0 0
0 0
0 0
0 0
0 0
0 0
0 0
0 0
0 0
0 0
0 0
0 0
0 0
0 0
0 0
0 0
0 0
0 0
0 0
0 0
0 0
0 0
0 0
0 0
0 0
0 0
0 0
0 0
0 0
0 0
0 0
0 0
0 0
0 0
0 0
0 0
0 0
0 0
0 0
0 0
0 0
0 0
0 0
0 0
0 0
0 0
0 0
0 0
0 0
0 0
0 0
0 0
0 0
0 0
0 0
0 0
0 0
0 0
0 0
0 0
0 0
0 0
0 0
0 0
0 0
0 0
0 0
0 0
0 0
0 0
0 0
0 0
0 0
0 0
0 0
0 0
0 0
0 0
0 0
0 0
0 0
0 0
0 0
0 0
0 0
0 0
0 0
0 0
0 0
0 0
0 0
0 0
0 0
0 0
0 0
0 0
0 0
0 0
0 0
0 0
0 0
0 0
0 0
0 0
0 0
0 0
0 0
0 0
0 0
0 0
0 0
0 0
0 0
0 0
0 0
0 0
0 0
0 0
-0.013734 0
-0.198688 0
-0.184954 0
0.013734 0
0.198688 0
0.184954 0
6.80487e-16 0
-0.013734 0
-0.013734 0
-4.07471e-16 0
8.37754e-17 0
0.013734 0
0.013734 0
-5.71402e-16 0
-2.73576e-15 0
-0.013734 0
-0.013734 0
3.02333e-15 0
-2.88844e-15 0
0.013734 0
0.013734 0
3.10967e-15 0
3.52134e-15 0
-0.013734 0
-0.013734 0
-3.8229e-15 0
2.42505e-15 0
0.013734 0
0.013734 0
-1.73658e-15 0
-1.47195e-15 0
-0.013734 0
-0.013734 0
1.36372e-15 0
-3.92248e-17 0
-0.0504942 0
0.013734 0
3.71484e-16 0
-0.0642283 0
-0.013734 0
0.0504942 0
0.0642283 0
-4.51891e-16 0
0.198688 0
0.198688 0
-8.37379e-16 0
2.46377e-15 0
3.64712e-15 0
2.08425e-15 0
1.22909e-15 0
-1.29962e-15 0
2.02962e-16 0
1.27733e-15 0
-1.98572e-15 0
-2.01715e-15 0
-2.36495e-15 0
-2.44242e-15 0
1.15624e-15 0
0.0642283 0
0.0642283 0
3.26987e-16 0
1.48103e-16 0
-0.198688 0
-0.198688 0
-2.65716e-15 0
-8.79352e-16 0
-2.11516e-15 0
6.34178e-16 0
2.22151e-15 0
1.43038e-16 0
-2.40556e-15 0
-1.53479e-15 0
2.45708e-15 0
2.01902e-15 0
1.97127e-15 0
-0.0642283 0
-0.0642283 0
-9.2414e-16 0
3.13738e-15 0
0.198688 0
0.198688 0
6.23169e-16 0
-2.29908e-15 0
-6.73345e-16 0
1.23988e-15 0
-3.58784e-16 0
-8.31986e-16 0
1.79235e-15 0
1.8798e-15 0
-2.01639e-15 0
0.0642283 0
0.0642283 0
-2.68152e-15 0
-8.12038e-16 0
-0.198688 0
-0.198688 0
4.64245e-15 0
2.22873e-16 0
-3.64579e-15 0
-5.54227e-16 0
3.53954e-15 0
9.68073e-16 0
-4.56023e-15 0
-0.0642283 0
-0.0642283 0
2.32384e-15 0
-5.16334e-15 0
0.198688 0
0.198688 0
1.3813e-16 0
-3.86833e-15 0
-3.36469e-16 0
3.5193e-15 0
3.23757e-16 0
0.0642283 0
0.0642283 0
4.22383e-15 0
4.23058e-16 0
-0.198688 0
-0.198688 0
-1.20429e-15 0
2.14385e-16 0
1.71376e-15 0
-0.0642283 0
-0.0642283 0
-1.54517e-16 0
9.9458e-16 0
0.198688 0
0.198688 0
-5.59262e-16 0
0.0642283 0
0.0642283 0
-1.63817e-15 0
1.89634e-16 0
-0.198688 0
-0.262916 0
-0.0642283 0
1.43629e-16 0
0.0642283 0
0.262916 0
0.198688 0
0 0
0 0
0 0
0 0
0 0
0 0
0 0
0 0
0 0
0 0
0 0
0 0
0 0
0 0
0 0
0 0
0 0
0 0
0 0
0 0
0 0
0 0
0 0
0 0
0 0
0 0
0 0
0 0
0 0
0 0
0 0
0 0
0 0
0 0
0 0
0 0
0 0
0 0
0 0
0 0
0 0
0 0
0 0
0 0
0 0
0 0
0 0
0 0
0 0
0 0
0 0
0 0
0 0
0 0
0 0
0 0
0 0
0 0
0 0
0 0
0 0
0 0
0 0
0 0
0 0
0 0
0 0
0 0
0 0
0 0
0 0
0 0
0 0
0 0
0 0
0 0
0 0
0 0
0 0
0 0
0 0
0 0
0 0
0 0
0 0
0 0
0 0
0 0
0 0
0 0
0 0
0 0
0 0
0 0
0 0
0 0
0 0
0 0
0 0
0 0
0 0
0 0
0 0
0 0
0 0
0 0
0 0
0 0
0 0
0 0
0 0
0 0
0 0
0 0
0 0
0 0
0 0
0 0
0 0
0 0
0 0
0 0
0 0
0 0
0 0
0 0
0 0
0 0
0 0
0 0
0 0
0 0
0 0
0 0
0 0
0 0
0 0
0 0
0 0
0 0
0 0
-0.000482356 0
-0.0815575 0
-0.0810752 0
0.000482356 0
0.0815575 0
0.0810752 0
-1.19845e-15 0
-0.000482356 0
-0.000482356 0
1.10339e-15 0
2.43269e-17 0
0.000482356 0
0.000482356 0
7.26096e-18 0
4.65513e-16 0
-0.000482356 0
-0.000482356 0
-7.28365e-16 0
7.91554e-17 0
0.000482356 0
0.000482356 0
1.31572e-16 0
1.2391e-16 0
-0.000482356 0
-0.000482356 0
-7.43745e-16 0
1.38485e-15 0
0.000482356 0
0.000482356 0
-8.80485e-16 0
-1.21428e-15 0
-0.000482356 0
-0.000482356 0
6.90966e-16 0
-4.62304e-16 0
0.204993 0
0.000482356 0
5.34392e-16 0
0.20451 0
-0.000482356 0
-0.204993 0
-0.20451 0
1.00177e-15 0
0.0815575 0
0.0815575 0
3.9445e-16 0
6.90657e-16 0
4.34104e-16 0
-9.5035e-17 0
-8.48375e-16 0
-1.07496e-15 0
-4.42912e-16 0
-9.19075e-16 0
-6.67834e-16 0
4.42143e-16 0
-3.04696e-16 0
-9.14822e-17 0
1.28728e-15 0
-0.20451 0
-0.20451 0
-2.29286e-16 0
-3.40029e-16 0
-0.0815575 0
-0.0815575 0
-3.02193e-17 0
-4.87535e-16 0
-9.71631e-16 0
6.88267e-17 0
1.954e-15 0
1.52922e-15 0
6.09957e-17 0
-2.1116e-16 0
1.36502e-16 0
-6.26978e-16 0
-2.01453e-16 0
0.20451 0
0.20451 0
-6.03554e-16 0
-3.54327e-16 0
0.0815575 0
0.0815575 0
1.34726e-16 0
-4.8221e-16 0
1.94846e-16 0
3.86221e-16 0
-1.97265e-15 0
-1.25099e-15 0
7.19399e-16 0
9.5074e-16 0
-1.16867e-16 0
-0.20451 0
-0.20451 0
-1.48505e-16 0
1.95573e-16 0
-0.0815575 0
-0.0815575 0
1.73492e-16 0
4.17541e-16 0
3.29766e-16 0
-9.25602e-16 0
1.00338e-15 0
1.01011e-15 0
-6.70537e-16 0
0.20451 0
0.20451 0
3.18064e-16 0
-4.99402e-16 0
0.0815575 0
0.0815575 0
2.10016e-16 0
9.09761e-16 0
1.18429e-16 0
6.33143e-16 0
-4.98297e-16 0
-0.20451 0
-0.20451 0
3.35141e-16 0
4.11785e-16 0
-0.0815575 0
-0.0815575 0
-1.38514e-15 0
-1.08532e-15 0
3.48624e-16 0
0.20451 0
0.20451 0
6.13572e-16 0
6.78893e-16 0
0.0815575 0
0.0815575 0
1.54993e-15 0
-0.20451 0
-0.20451 0
-2.20769e-16 0
-1.00817e-15 0
-0.0815575 0
0.122953 0
0.20451 0
-1.51505e-15 0
-0.20451 0
-0.122953 0
0.0815575 0
0.000252478 0
0.140465 0
0.140212 0
-0.000252478 0
-0.140465 0
-0.140212 0
-5.89622e-16 0
0.000252478 0
0.000252478 0
6.01281e-16 0
1.14709e-16 0
-0.000252478 0
-0.000252478 0
-3.47923e-17 0
4.91412e-16 0
0.000252478 0
0.000252478 0
-1.66488e-16 0
-5.94875e-17 0
-0.000252478 0
-0.000252478 0
-1.74322e-17 0
-9.47887e-17 0
0.000252478 0
0.000252478 0
2.19112e-16 0
1.33068e-16 0
-0.000252478 0
-0.000252478 0
-3.29328e-16 0
6.57905e-16 0
0.000252478 0
0.000252478 0
-8.69881e-16 0
-1.64504e-16 0
0.147914 0
-0.000252478 0
8.30693e-17 0
0.148167 0
0.000252478 0
-0.147914 0
-0.148167 0
3.8377e-16 0
-0.140465 0
-0.140465 0
3.88517e-16 0
1.55629e-16 0
-6.49435e-16 0
1.76003e-16 0
1.65048e-16 0
-4.6192e-16 0
-5.52544e-16 0
-2.22934e-16 0
2.64696e-16 0
9.86669e-17 0
-3.08391e-16 0
1.33699e-16 0
7.41098e-17 0
-0.148167 0
-0.148167 0
-3.80211e-16 0
-1.9067e-16 0
0.140465 0
0.140465 0
6.16113e-17 0
-6.22606e-16 0
-7.74273e-17 0
6.29227e-16 0
5.82829e-16 0
1.66373e-16 0
2.18302e-16 0
4.01166e-16 0
-1.15653e-16 0
-5.24655e-16 0
-5.43136e-16 0
0.148167 0
0.148167 0
2.67172e-16 0
-4.8216e-16 0
-0.140465 0
-0.140465 0
4.19386e-16 0
-1.40151e-16 0
-3.28084e-16 0
-4.02907e-16 0
-8.27993e-17 0
-3.30499e-16 0
-4.21057e-16 0
-9.38574e-17 0
1.05085e-15 0
-0.148167 0
-0.148167 0
-5.34135e-17 0
-3.81856e-16 0
0.140465 0
0.140465 0
-1.97535e-16 0
5.61407e-17 0
5.6697e-16 0
5.9354e-16 0
2.09366e-16 0
-2.02588e-16 0
-1.03472e-16 0
0.148167 0
0.148167 0
-3.54749e-16 0
1.923e-16 0
-0.140465 0
-0.140465 0
-1.94813e-16 0
-8.55335e-17 0
-1.33543e-16 0
-7.22312e-17 0
-3.49195e-16 0
-0.148167 0
-0.148167 0
-4.79263e-16 0
2.92408e-17 0
0.140465 0
0.140465 0
-2.00262e-17 0
-3.73439e-17 0
-1.68897e-16 0
0.148167 0
0.148167 0
9.60178e-16 0
1.51832e-16 0
-0.140465 0
-0.140465 0
9.33699e-16 0
-0.148167 0
-0.148167 0
1.54242e-16 0
-7.78658e-16 0
0.140465 0
0.288631 0
0.148167 0
-9.89989e-16 0
-0.148167 0
-0.288631 0
-0.140465 0
0 0
0 0
0 0
0 0
0 0
0 0
0 0
0 0
0 0
0 0
0 0
0 0
0 0
0 0
0 0
0 0
0 0
0 0
0 0
0 0
0 0
0 0
0 0
0 0
0 0
0 0
0 0
0 0
0 0
0 0
0 0
0 0
0 0
0 0
0 0
0 0
0 0
0 0
0 0
0 0
0 0
0 0
0 0
0 0
0 0
0 0
0 0
0 0
0 0
0 0
0 0
0 0
0 0
0 0
0 0
0 0
0 0
0 0
0 0
0 0
0 0
0 0
0 0
0 0
0 0
0 0
0 0
0 0
0 0
0 0
0 0
0 0
0 0
0 0
0 0
0 0
0 0
0 0
0 0
0 0
0 0
0 0
0 0
0 0
0 0
0 0
0 0
0 0
0 0
0 0
0 0
0 0
0 0
0 0
0 0
0 0
0 0
0 0
0 0
0 0
0 0
0 0
0 0
0 0
0 0
0 0
0 0
0 0
0 0
0 0
0 0
0 0
0 0
0 0
0 0
0 0
0 0
0 0
0 0
0 0
0 0
0 0
0 0
0 0
0 0
0 0
0 0
0 0
0 0
0 0
0 0
0 0
0 0
0 0
0 0
0 0
0 0
0 0
0 0
0 0
0 0
0 0
0 0
0 0
0 0
0 0
0 0
0 0
0 0
0 0
0 0
0 0
0 0
0 0
0 0
0 0
0 0
0 0
0 0
0 0
0 0
0 0
0 0
0 0
0 0
0 0
0 0
0 0
0 0
0 0
0 0
0 0
0 0
0 0
0 0
0 0
0 0
0 0
0 0
0 0
0 0
0 0
0 0
0 0
0 0
0 0
0 0
0 0
0 0
0 0
0 0
0 0
0 0
0 0
0 0
0 0
0 0
0 0
0 0
0 0
0 0
0 0
0 0
0 0
0 0
0 0
0 0
0 0
0 0
0 0
0 0
0 0
0 0
0 0
0 0
0 0
0 0
0 0
0 0
0 0
0 0
0 0
0 0
0 0
0 0
0 0
0 0
0 0
0 0
0 0
0 0
0 0
0 0
0 0
0 0
0 0
0 0
0 0
0 0
0 0
0 0
0 0
0 0
0 0
0 0
0 0
0 0
0 0
0 0
0 0
0 0
0 0
0 0
0 0
0 0
0 0
0 0
0 0
0 0
0 0
0 0
0 0
0 0
0 0
0 0
0 0
0 0
0 0
0 0
0 0
0 0
0 0
0 0
0 0
0 0
0 0
0 0
0 0
0 0
0 0
0 0
0 0
0.214394 0
0.00502823 0
-0.209366 0
-0.214394 0
-0.00502823 0
0.209366 0
1.34901e-16 0
0.214394 0
0.214394 0
-4.20674e-16 0
-1.1938e-15 0
-0.214394 0
-0.214394 0
1.74738e-15 0
-6.72534e-17 0
0.214394 0
0.214394 0
-5.02205e-16 0
1.68645e-16 0
-0.214394 0
-0.214394 0
1.18444e-16 0
2.22864e-16 0
0.214394 0
0.214394 0
-8.32834e-16 0
5.99323e-16 0
-0.214394 0
-0.214394 0
-3.85857e-16 0
-2.20397e-15 0
0.214394 0
0.214394 0
2.05943e-15 0
4.28456e-16 0
-0.200109 0
-0.214394 0
-2.7357e-16 0
0.0142853 0
0.214394 0
0.200109 0
-0.0142853 0
2.855e-16 0
-0.00502823 0
-0.00502823 0
1.66338e-15 0
-8.92292e-16 0
-1.4795e-15 0
8.86438e-16 0
2.39322e-15 0
-8.8747e-16 0
-3.91798e-15 0
-6.21519e-16 0
2.84941e-15 0
1.89924e-15 0
-1.53414e-15 0
-1.02996e-15 0
2.58372e-15 0
-0.0142853 0
-0.0142853 0
-7.62937e-16 0
-1.81829e-15 0
0.00502823 0
0.00502823 0
1.62827e-15 0
-1.63838e-15 0
-1.71694e-15 0
2.08967e-15 0
1.13469e-15 0
-2.51093e-15 0
4.76823e-16 0
1.91532e-15 0
-1.28312e-15 0
-2.65802e-15 0
-1.91164e-17 0
0.0142853 0
0.0142853 0
-2.31885e-15 0
-1.1133e-15 0
-0.00502823 0
-0.00502823 0
-6.49169e-16 0
-2.35302e-15 0
1.23618e-17 0
1.63521e-15 0
4.4521e-16 0
1.14229e-15 0
5.73345e-16 0
-4.47641e-16 0
1.5233e-16 0
-0.0142853 0
-0.0142853 0
-1.62237e-16 0
-3.22257e-17 0
0.00502823 0
0.00502823 0
1.06009e-15 0
6.68267e-16 0
-4.99082e-16 0
-1.46085e-15 0
-1.28833e-15 0
-3.04131e-16 0
1.02051e-16 0
0.0142853 0
0.0142853 0
5.5781e-17 0
-4.58447e-16 0
-0.00502823 0
-0.00502823 0
-5.03176e-16 0
2.95899e-16 0
1.26089e-15 0
2.63909e-16 0
3.94255e-16 0
-0.0142853 0
-0.0142853 0
-3.69455e-16 0
6.02362e-17 0
0.00502823 0
0.00502823 0
-6.79376e-16 0
9.00264e-16 0
1.58961e-19 0
0.0142853 0
0.0142853 0
-1.04471e-16 0
8.13924e-16 0
-0.00502823 0
-0.00502823 0
-9.00248e-16 0
-0.0142853 0
-0.0142853 0
-1.70508e-16 0
7.10378e-16 0
0.00502823 0
0.0193135 0
0.0142853 0
1.0859e-15 0
-0.0142853 0
-0.0193135 0
-0.00502823 0
-0.214817 0
-0.0198147 0
0.195002 0
0.214817 0
0.0198147 0
-0.195002 0
6.71485e-16 0
-0.214817 0
-0.214817 0
-3.00888e-16 0
-9.28211e-18 0
0.214817 0
0.214817 0
-5.53157e-16 0
4.57554e-16 0
-0.214817 0
-0.214817 0
9.44927e-17 0
-4.96166e-16 0
0.214817 0
0.214817 0
2.7011e-17 0
3.41559e-16 0
-0.214817 0
-0.214817 0
1.93434e-16 0
-7.95597e-16 0
0.214817 0
0.214817 0
5.05625e-16 0
8.38156e-16 0
-0.214817 0
-0.214817 0
-6.51886e-16 0
-3.13596e-16 0
0.199077 0
0.214817 0
1.48089e-16 0
-0.0157394 0
-0.214817 0
-0.199077 0
0.0157394 0
-5.60968e-16 0
0.0198147 0
0.0198147 0
-5.61202e-16 0
-3.13939e-16 0
-2.39664e-17 0
4.13602e-16 0
-5.73255e-17 0
-5.62844e-17 0
7.14108e-16 0
5.83981e-16 0
-7.76645e-16 0
-3.65997e-16 0
1.5656e-15 0
1.25274e-15 0
-9.23688e-16 0
0.0157394 0
0.0157394 0
4.59922e-16 0
2.90314e-16 0
-0.0198147 0
-0.0198147 0
-5.4219e-17 0
-1.50893e-16 0
-1.88172e-16 0
-6.85695e-16 0
-4.44128e-16 0
1.52806e-16 0
-1.58725e-16 0
-8.68158e-16 0
3.08144e-17 0
9.29393e-16 0
-6.64779e-16 0
-0.0157394 0
-0.0157394 0
1.1216e-15 0
-1.55011e-16 0
0.0198147 0
0.0198147 0
1.20782e-15 0
4.98489e-16 0
-7.73638e-16 0
-3.95506e-17 0
1.34977e-15 0
5.66625e-16 0
-5.13436e-16 0
3.91771e-16 0
1.01131e-15 0
0.0157394 0
0.0157394 0
2.3594e-16 0
-1.17708e-15 0
-0.0198147 0
-0.0198147 0
-3.27483e-16 0
-1.655e-15 0
-5.81187e-16 0
7.52613e-16 0
1.02805e-16 0
-9.0233e-16 0
-2.15535e-16 0
-0.0157394 0
-0.0157394 0
-3.7484e-16 0
6.80505e-17 0
0.0198147 0
0.0198147 0
1.24099e-15 0
1.35946e-16 0
-1.81817e-16 0
4.05713e-16 0
6.48118e-16 0
0.0157394 0
0.0157394 0
-6.22806e-17 0
-8.48662e-16 0
-0.0198147 0
-0.0198147 0
4.11976e-16 0
-5.28458e-16 0
-5.2881e-16 0
-0.0157394 0
-0.0157394 0
-2.90701e-16 0
-3.45709e-16 0
0.0198147 0
0.0198147 0
-1.20042e-16 0
0.0157394 0
0.0157394 0
3.22047e-16 0
3.42215e-16 0
-0.0198147 0
-0.0355541 0
-0.0157394 0
5.47924e-16 0
0.0157394 0
0.0355541 0
0.0198147 0
0 0
0 0
0 0
0 0
0 0
0 0
0 0
0 0
0 0
0 0
0 0
0 0
0 0
0 0
0 0
0 0
0 0
0 0
0 0
0 0
0 0
0 0
0 0
0 0
0 0
0 0
0 0
0 0
0 0
0 0
0 0
0 0
0 0
0 0
0 0
0 0
0 0
0 0
0 0
0 0
0 0
0 0
0 0
0 0
0 0
0 0
0 0
0 0
0 0
0 0
0 0
0 0
0 0
0 0
0 0
0 0
0 0
0 0
0 0
0 0
0 0
0 0
0 0
0 0
0 0
0 0
0 0
0 0
0 0
0 0
0 0
0 0
0 0
0 0
0 0
0 0
0 0
0 0
0 0
0 0
0 0
0 0
0 0
0 0
0 0
0 0
0 0
0 0
0 0
0 0
0 0
0 0
0 0
0 0
0 0
0 0
0 0
0 0
0 0
0 0
0 0
0 0
0 0
0 0
0 0
0 0
0 0
0 0
0 0
0 0
0 0
0 0
0 0
0 0
0 0
0 0
0 0
0 0
0 0
0 0
0 0
0 0
0 0
0 0
0 0
0 0
0 0
0 0
0 0
0 0
0 0
0 0
0 0
0 0
0 0
0 0
0 0
0 0
0 0
0 0
0 0
0.00276329 0
-0.161341 0
-0.164104 0
-0.00276329 0
0.161341 0
0.164104 0
-7.13789e-16 0
0.00276329 0
0.00276329 0
6.30222e-16 0
1.83703e-16 0
-0.00276329 0
-0.00276329 0
-5.32945e-16 0
1.05769e-15 0
0.00276329 0
0.00276329 0
-5.41513e-16 0
-4.62031e-16 0
-0.00276329 0
-0.00276329 0
1.29519e-17 0
1.16824e-15 0
0.00276329 0
0.00276329 0
-2.84969e-16 0
-1.62703e-15 0
-0.00276329 0
-0.00276329 0
1.423e-15 0
4.96522e-16 0
0.00276329 0
0.00276329 0
-6.18488e-16 0
1.15763e-15 0
0.152003 0
-0.00276329 0
-1.10605e-15 0
0.154767 0
0.00276329 0
-0.152003 0
-0.154767 0
8.36442e-16 0
0.161341 0
0.161341 0
-6.7176e-16 0
-7.4866e-16 0
9.96436e-17 0
-2.00296e-16 0
-1.37614e-15 0
-1.12252e-15 0
8.25968e-16 0
2.15462e-15 0
2.47218e-16 0
-7.62928e-16 0
4.60379e-16 0
1.08292e-15 0
-3.05234e-16 0
-0.154767 0
-0.154767 0
-1.21046e-15 0
3.89133e-16 0
-0.161341 0
-0.161341 0
1.84173e-15 0
8.65095e-16 0
-1.01786e-15 0
-5.71092e-17 0
2.36299e-15 0
-2.0837e-16 0
-3.53035e-15 0
-1.15886e-15 0
1.59425e-15 0
2.79558e-16 0
-2.00988e-15 0
0.154767 0
0.154767 0
2.40309e-16 0
-1.31209e-15 0
0.161341 0
0.161341 0
-3.64133e-16 0
-2.09336e-15 0
-6.71307e-16 0
2.45997e-15 0
8.54904e-16 0
-2.22639e-15 0
9.06375e-16 0
2.75617e-15 0
1.31197e-16 0
-0.154767 0
-0.154767 0
1.93468e-15 0
8.87189e-17 0
-0.161341 0
-0.161341 0
4.14259e-16 0
-1.04198e-15 0
-1.03309e-15 0
1.53434e-16 0
3.98324e-16 0
1.86976e-16 0
-9.48382e-16 0
0.154767 0
0.154767 0
2.70161e-16 0
-3.47528e-16 0
0.161341 0
0.161341 0
8.37869e-16 0
-2.93201e-16 0
4.5723e-16 0
5.3133e-16 0
-1.9982e-16 0
-0.154767 0
-0.154767 0
9.20945e-16 0
-1.17178e-15 0
-0.161341 0
-0.161341 0
-1.26618e-16 0
-2.12202e-16 0
-1.35173e-16 0
0.154767 0
0.154767 0
3.54978e-16 0
2.86093e-16 0
0.161341 0
0.161341 0
-6.98134e-16 0
-0.154767 0
-0.154767 0
5.86871e-17 0
7.43471e-16 0
-0.161341 0
-0.00657444 0
0.154767 0
8.1863e-16 0
-0.154767 0
0.00657444 0
0.161341 0
0 0
0 0
0 0
0 0
0 0
0 0
0 0
0 0
0 0
0 0
0 0
0 0
0 0
0 0
0 0
0 0
0 0
0 0
0 0
0 0
0 0
0 0
0 0
0 0
0 0
0 0
0 0
0 0
0 0
0 0
0 0
0 0
0 0
0 0
0 0
0 0
0 0
0 0
0 0
0 0
0 0
0 0
0 0
0 0
0 0
0 0
0 0
0 0
0 0
0 0
0 0
0 0
0 0
0 0
0 0
0 0
0 0
0 0
0 0
0 0
0 0
0 0
0 0
0 0
0 0
0 0
0 0
0 0
0 0
0 0
0 0
0 0
0 0
0 0
0 0
0 0
0 0
0 0
0 0
0 0
0 0
0 0
0 0
0 0
0 0
0 0
0 0
0 0
0 0
0 0
0 0
0 0
0 0
0 0
0 0
0 0
0 0
0 0
0 0
0 0
0 0
0 0
0 0
0 0
0 0
0 0
0 0
0 0
0 0
0 0
0 0
0 0
0 0
0 0
0 0
0 0
0 0
0 0
0 0
0 0
0 0
0 0
0 0
0 0
0 0
0 0
0 0
0 0
0 0
0 0
0 0
0 0
0 0
0 0
0 0
0 0
0 0
0 0
0 0
0 0
0 0
-2.8389e-06 0
0.0517248 0
0.081629 0
0.00557243 0
-0.0488604 0
-0.0517274 0
0.019812 0
-0.1167 0
-0.0315542 0
-0.0275047 0
-0.0984957 0
-0.0390327 0
0.139617 0
0.114397 0
-0.077993 0
-0.0804489 0
-0.0862249 0
0.056522 0
0.0882235 0
0.0581391 0
0.0318863 0
-0.0575237 0
-0.0651899 0
0.0972943 0
-0.00401462 0
0.0295054 0
0.161112 0
0.0431459 0
-0.119346 0
-0.130592 0
-0.00100825 0
0.0638635 0
0.0954548 0
-0.0252921 0
-0.0341192 0
-0.140577 0
-0.0467138 0
0.051598 0
-0.0519602 0
0.0392978 0
0.0890821 0
0.0448518 0
-0.0327655 0
-0.082676 0
0.0537856 0
0.113671 0
0.0626903 0
0.0440434 0
0.0458071 0
0.0772203 0
0.105648 0
-0.0656452 0
-0.217014 0
-0.0741624 0
0.0117506 0
-0.0758492 0
-0.107962 0
-0.0251265 0
0.0444835 0
0.101266 0
0.052196 0
-0.0991183 0
-0.0109541 0
-0.00909853 0
-0.111312 0
-0.0668927 0
0.0040798 0
-0.0785109 0
-0.155464 0
0.0493548 0
0.267731 0
0.135207 0
-0.0658481 0
0.0245618 0
0.164899 0
0.0397431 0
-0.10223 0
-0.00102054 0
0.0978693 0
0.103404 0
-0.0291575 0
-0.0196352 0
0.149257 0
0.156548 0
-0.1177 0
-0.112267 0
0.0683448 0
-0.0909032 0
-0.221971 0
-0.052929 0
0.0914637 0
-0.0255708 0
-0.135292 0
0.028967 0
-0.0760413 0
-0.138648 0
-0.0352945 0
0.116323 0
-0.0113722 0
-0.0566961 0
0.0700826 0
0.0677562 0
0.0848251 0
0.0805089 0
0.044155 0
0.0196735 0
0.0378502 0
0.111796 0
-0.0110148 0
-0.0869061 0
-0.0703689 0
0.0318057 0
0.0551421 0
-0.0497995 0
-0.0681368 0
-0.0993897 0
-0.0584723 0
0.0787701 0
-0.0373871 0
-0.00071036 0
0.123622 0
0.0452714 0
-0.112663 0
-0.0340473 0
0.1303 0
0.0327227 0
-0.113377 0
-0.0697119 0
0.0722161 0
0.0143071 0
-0.117649 0
-0.0127788 0
0.12441 0
-0.0246913 0
0.0463878 0
0.0589479 0
-0.00501095 0
-0.0188325 0
0.0095626 0
-0.0373547 0
-0.0448489 0
0 0
0 0
0 0
0 0
0 0
0 0
0 0
0 0
0 0
0 0
0 0
0 0
0 0
0 0
0 0
0 0
0 0
0 0
0 0
0 0
0 0
0 0
0 0
0 0
0 0
0 0
0 0
0 0
0 0
0 0
0 0
0 0
0 0
0 0
0 0
0 0
0 0
0 0
0 0
0 0
0 0
0 0
0 0
0 0
0 0
0 0
0 0
0 0
0 0
0 0
0 0
0 0
0 0
0 0
0 0
0 0
0 0
0 0
0 0
0 0
0 0
0 0
0 0
0 0
0 0
0 0
0 0
0 0
0 0
0 0
0 0
0 0
0 0
0 0
0 0
0 0
0 0
0 0
0 0
0 0
0 0
0 0
0 0
0 0
0 0
0 0
0 0
0 0
0 0
0 0
0 0
0 0
0 0
0 0
0 0
0 0
0 0
0 0
0 0
0 0
0 0
0 0
0 0
0 0
0 0
0 0
0 0
0 0
0 0
0 0
0 0
0 0
0 0
0 0
0 0
0 0
0 0
0 0
0 0
0 0
0 0
0 0
0 0
0 0
0 0
0 0
0 0
0 0
0 0
0 0
0 0
0 0
0 0
0 0
0 0
0 0
0 0
0 0
0 0
0 0
0 0
0 0
0 0
0 0
0 0
0 0
0 0
0 0
0 0
0 0
0 0
0 0
0 0
0 0
0 0
0 0
0 0
0 0
0 0
0 0
0 0
0 0
0 0
0 0
0 0
0 0
0 0
0 0
0 0
0 0
0 0
0 0
0 0
0 0
0 0
0 0
0 0
0 0
0 0
0 0
0 0
0 0
0 0
0 0
0 0
0 0
0 0
0 0
0 0
0 0
0 0
0 0
0 0
0 0
0 0
0 0
0 0
0 0
0 0
0 0
0 0
0 0
0 0
0 0
0 0
0 0
0 0
0 0
0 0
0 0
0 0
0 0
0 0
0 0
0 0
0 0
0 0
0 0
0 0
0 0
0 0
0 0
0 0
0 0
0 0
0 0
0 0
0 0
0 0
0 0
0 0
0 0
0 0
0 0
0 0
0 0
0 0
0 0
0 0
0 0
0 0
0 0
0 0
0 0
0 0
0 0
0 0
0 0
0 0
0 0
0 0
0 0
0 0
0 0
0 0
0 0
0 0
0 0
0 0
0 0
0 0
0 0
0 0
0 0
0 0
0 0
0 0
0 0
0 0
0 0
0 0
0 0
0 0
0 0
0 0
0 0
0 0
0 0
0 0
0 0
0 0
0 0
-0.000656115 0
0.0520244 0
0.0830757 0
0.00628824 0
-0.0490731 0
-0.0526441 0
0.0201631 0
-0.116488 0
-0.0327969 0
-0.0280625 0
-0.0974046 0
-0.0393242 0
0.140078 0
0.11357 0
-0.0798207 0
-0.0811888 0
-0.0852176 0
0.0580765 0
0.0883449 0
0.0565383 0
0.0310084 0
-0.0573868 0
-0.0659454 0
0.0975704 0
-0.00253738 0
0.0301398 0
0.160651 0
0.0433241 0
-0.120366 0
-0.130107 0
0.000640189 0
0.0651069 0
0.0949381 0
-0.026918 0
-0.0340764 0
-0.140401 0
-0.0462969 0
0.0514924 0
-0.0522533 0
0.0388692 0
0.0889703 0
0.0451748 0
-0.0332758 0
-0.0834577 0
0.0524594 0
0.112849 0
0.0638013 0
0.044824 0
0.0451121 0
0.0776109 0
0.108104 0
-0.0638378 0
-0.216403 0
-0.0746372 0
0.0108609 0
-0.075754 0
-0.107826 0
-0.0267421 0
0.0431041 0
0.101536 0
0.0521714 0
-0.0980201 0
-0.00913507 0
-0.00965999 0
-0.112839 0
-0.0665713 0
0.00512999 0
-0.0799022 0
-0.158219 0
0.047996 0
0.267395 0
0.135037 0
-0.0651977 0
0.025406 0
0.164951 0
0.0394608 0
-0.100933 0
0.000638381 0
0.0990509 0
0.102701 0
-0.0303599 0
-0.0185411 0
0.151319 0
0.156352 0
-0.117552 0
-0.109176 0
0.069556 0
-0.0925142 0
-0.222031 0
-0.0520252 0
0.0909507 0
-0.027011 0
-0.135443 0
0.0283239 0
-0.0759459 0
-0.138474 0
-0.0363197 0
0.113927 0
-0.0124133 0
-0.0551352 0
0.0695072 0
0.0650833 0
0.0844866 0
0.0819357 0
0.0449375 0
0.0189773 0
0.0384094 0
0.112229 0
-0.00976188 0
-0.0851302 0
-0.070518 0
0.03093 0
0.0557104 0
-0.0478115 0
-0.0672105 0
-0.100164 0
-0.0584637 0
0.0773669 0
-0.0391455 0
-0.000136591 0
0.124147 0
0.044025 0
-0.113489 0
-0.0336641 0
0.129501 0
0.0310562 0
-0.114208 0
-0.068739 0
0.0733842 0
0.0139132 0
-0.117566 0
-0.0114805 0
0.124938 0
-0.0241088 0
0.0459651 0
0.0573249 0
-0.00572747 0
-0.0182166 0
0.0102039 0
-0.0363262 0
-0.0445187 0
-0.0517887 0
0.0240772 0
0.115196 0
0.0567812 0
-0.0171676 0
-0.0729983 0
0.0279589 0
0.0160114 0
-0.0987142 0
-0.0443909 0
0.0858801 0
-0.0233558 0
0.0374371 0
-0.0648689 0
-0.14538 0
-0.059166 0
0.0793086 0
0.123589 0
0.0101812 0
-0.12653 0
-0.0693953 0
0.0104943 0
-0.0603102 0
0.0225047 0
0.117083 0
0.0504831 0
-0.0355143 0
0.0144042 0
-0.0815534 0
0.0376124 0
0.130674 0
0.0989778 0
-0.0403552 0
-0.129054 0
0.00317825 0
0.0130949 0
0.0327564 0
-0.0080442 0
-0.0235648 0
-0.0337306 0
-0.00829813 0
0.0258919 0
-0.0406631 0
-0.0624887 0
-0.104796 0
-0.064464 0
0.0884692 0
0.0621546 0
-0.0548083 0
0.0314517 0
0.195314 0
0.142866 0
0.0470548 0
-0.0381067 0
-0.0704568 0
0.00706546 0
0.0100568 0
-0.12824 0
-0.109071 0
0.0220303 0
-0.00162436 0
0.0864307 0
0.144134 0
-0.0445675 0
-0.12177 0
0.0250521 0
0.0832799 0
-0.110795 0
-0.219392 0
-0.107413 0
-0.0249395 0
-0.0125947 0
0.0511489 0
0.0670742 0
0.00514595 0
-0.0221254 0
0.102194 0
0.131505 0
0.0942898 0
-0.0550648 0
-0.0955117 0
0.0866112 0
0.164412 0
-0.0145827 0
0.0109639 0
0.244332 0
0.096449 0
-0.128284 0
-0.00616274 0
0.0713131 0
-0.0400878 0
-0.114327 0
-0.0128449 0
-0.0507939 0
0.00708335 0
0.0129153 0
-0.0814944 0
-0.189151 0
-0.0826006 0
0.12339 0
-0.0451731 0
-0.211467 0
-0.026301 0
0.113615 0
0.062312 0
-0.0550642 0
0.0445698 0
0.0350186 0
0.0992538 0
0.140234 0
-0.012266 0
-0.06922 0
0.0454047 0
0.157284 0
0.0730069 0
-0.0620183 0
0.000310853 0
-0.110744 0
-0.139631 0
0.0454812 0
0.0423597 0
-0.098526 0
-0.0662103 0
0.0301633 0
-0.0625803 0
-0.131902 0
-0.0666365 0
0.0766838 0
0.0930591 0
-0.0311372 0
0.00581849 0
0.102844 0
0.0426236 0
0.0460152 0
-0.0332165 0
-0.128291 0
-0.0568335 0
0.0487073 0
0.0508982 0
0.0812964 0
0.0258968 0
0 0
0 0
0 0
0 0
0 0
0 0
0 0
0 0
0 0
0 0
0 0
0 0
0 0
0 0
0 0
0 0
0 0
0 0
0 0
0 0
0 0
0 0
0 0
0 0
0 0
0 0
0 0
0 0
0 0
0 0
0 0
0 0
0 0
0 0
0 0
0 0
0 0
0 0
0 0
0 0
0 0
0 0
0 0
0 0
0 0
0 0
0 0
0 0
0 0
0 0
0 0
0 0
0 0
0 0
0 0
0 0
0 0
0 0
0 0
0 0
0 0
0 0
0 0
0 0
0 0
0 0
0 0
0 0
0 0
0 0
0 0
0 0
0 0
0 0
0 0
0 0
0 0
0 0
0 0
0 0
0 0
0 0
0 0
0 0
0 0
0 0
0 0
0 0
0 0
0 0
0 0
0 0
0 0
0 0
0 0
0 0
0 0
0 0
0 0
0 0
0 0
0 0
0 0
0 0
0 0
0 0
0 0
0 0
0 0
0 0
0 0
0 0
0 0
0 0
0 0
0 0
0 0
0 0
0 0
0 0
0 0
0 0
0 0
0 0
0 0
0 0
0 0
0 0
0 0
0 0
0 0
0 0
0 0
0 0
0 0
0 0
0 0
0 0
0 0
0 0
0 0
0 0
0 0
0 0
0 0
0 0
0 0
0 0
0 0
0 0
0 0
0 0
0 0
0 0
0 0
0 0
0 0
0 0
0 0
0 0
0 0
0 0
0 0
0 0
0 0
0 0
0 0
0 0
0 0
0 0
0 0
0 0
0 0
0 0
0 0
0 0
0 0
0 0
0 0
0 0
0 0
0 0
0 0
0 0
0 0
0 0
0 0
0 0
0 0
0 0
0 0
0 0
0 0
0 0
0 0
0 0
0 0
0 0
0 0
0 0
0 0
0 0
0 0
0 0
0 0
0 0
0 0
0 0
0 0
0 0
0 0
0 0
0 0
0 0
0 0
0 0
0 0
0 0
0 0
0 0
0 0
0 0
0 0
0 0
0 0
0 0
0 0
0 0
0 0
0 0
0 0
0 0
0 0
0 0
0 0
0 0
0 0
0 0
0 0
0 0
0 0
0 0
0 0
0 0
0 0
0 0
0 0
0 0
0 0
0 0
0 0
0 0
0 0
0 0
0 0
0 0
0 0
0 0
0 0
0 0
0 0
0 0
0 0
0 0
0 0
0 0
0 0
0 0
0 0
0 0
0 0
0 0
0 0
0 0
0 0
0 0
0 0
0 0
0 0
0 0
0 0
0 0
0.0517845 0
-0.0234228 0
-0.114157 0
-0.0567064 0
0.0165499 0
0.07234 0
-0.0277068 0
-0.0174822 0
0.0983083 0
0.0440404 0
-0.0871157 0
0.0228616 0
-0.035673 0
0.0663067 0
0.144384 0
0.0581464 0
-0.08039 0
-0.122866 0
-0.00906756 0
0.127254 0
0.069792 0
-0.0112191 0
0.0594831 0
-0.0212756 0
-0.117124 0
-0.0501069 0
0.0375438 0
-0.0138588 0
0.0800414 0
-0.0392567 0
-0.130677 0
-0.0981644 0
0.041556 0
0.128725 0
-0.00360839 0
-0.0148672 0
-0.033343 0
0.00869443 0
0.0229074 0
0.0342236 0
0.00942117 0
-0.0253241 0
0.0402465 0
0.0614408 0
0.105466 0
0.0658927 0
-0.0876714 0
-0.0615941 0
0.0553817 0
-0.0304751 0
-0.193966 0
-0.143683 0
-0.0497885 0
0.0371682 0
0.0705994 0
-0.00802168 0
-0.0114179 0
0.127913 0
0.109623 0
-0.0207512 0
0.00228265 0
-0.0876742 0
-0.14426 0
0.0444492 0
0.120356 0
-0.0258939 0
-0.0832218 0
0.109796 0
0.217414 0
0.108027 0
0.0283148 0
0.0142993 0
-0.0519755 0
-0.0667591 0
-0.00306546 0
0.022625 0
-0.103475 0
-0.131508 0
-0.0930477 0
0.0563648 0
0.0951363 0
-0.086852 0
-0.162516 0
0.0165563 0
-0.0124477 0
-0.245728 0
-0.0955792 0
0.127127 0
0.00336225 0
-0.0719751 0
0.0412384 0
0.113996 0
0.0111373 0
0.0511553 0
-0.00804199 0
-0.0146632 0
0.0810427 0
0.190603 0
0.0824506 0
-0.124095 0
0.0460536 0
0.212305 0
0.0273689 0
-0.11259 0
-0.06175 0
0.055308 0
-0.0440888 0
-0.0336056 0
-0.0993848 0
-0.141319 0
0.0113773 0
0.0696157 0
-0.0447055 0
-0.157899 0
-0.0738606 0
0.0607597 0
-0.00104841 0
0.111729 0
0.139148 0
-0.0454866 0
-0.040797 0
0.0990893 0
0.0647839 0
-0.0305904 0
0.064219 0
0.132304 0
0.065201 0
-0.0775571 0
-0.0921407 0
0.0313152 0
-0.00730209 0
-0.102997 0
-0.0410509 0
-0.046323 0
0.033799 0
0.129024 0
0.0567658 0
-0.0489409 0
-0.0507735 0
-0.0817612 0
-0.0264605 0
-0.00316614 0
0.169186 0
0.0570024 0
0.0380551 0
-0.150219 0
-0.172009 0
-0.15641 0
-0.104644 0
0.075329 0
0.127151 0
-0.0122323 0
-0.0493134 0
-0.0354995 0
0.0446656 0
0.00375778 0
0.0490638 0
0.0114158 0
-0.027008 0
0.0285779 0
0.00148554 0
-0.022006 0
-0.0118761 0
-0.00524727 0
0.045698 0
0.0137729 0
-0.00923275 0
0.0322245 0
-0.0721254 0
-0.035338 0
-0.0241836 0
-0.0612025 0
-0.0631125 0
0.0931193 0
0.0647971 0
-0.0881959 0
0.0321422 0
-0.0205754 0
0.0813523 0
0.137433 0
0.0453521 0
-0.0969916 0
-0.131842 0
0.0970312 0
-0.0826606 0
-0.0918336 0
0.157181 0
0.14305 0
-0.0173874 0
0.00360051 0
0.0168403 0
-0.0250657 0
-0.0677699 0
-0.0518627 0
0.0267699 0
0.0551628 0
-0.0098043 0
0.080662 0
0.142935 0
-0.0476762 0
-0.0972535 0
0.0450585 0
-0.0789083 0
0.0122961 0
0.0889461 0
-0.0901613 0
-0.162155 0
-0.037049 0
0.0364821 0
0.0527408 0
0.0164962 0
0.0297392 0
0.0205713 0
-0.0381651 0
-0.144568 0
-0.0809452 0
0.0944732 0
0.0222542 0
-0.0841057 0
0.000926913 0
-0.0114695 0
-0.00719037 0
0.095219 0
0.0926352 0
0.0244353 0
-0.0059479 0
-0.08248 0
-0.0105483 0
0.0433346 0
0.0899634 0
0.0750532 0
-0.0220866 0
-0.0138032 0
0.00947714 0
-0.00396423 0
0.00793453 0
-0.000535629 0
-0.103631 0
-0.0648978 0
0.0213249 0
-0.0570534 0
0.0102791 0
-0.0407726 0
-0.0899717 0
-0.000949907 0
0.0140714 0
0.000300802 0
0.0115753 0
0.00238745 0
-0.0269772 0
0.0771874 0
0.140967 0
0.0271917 0
0.106992 0
0.0579368 0
-0.0385076 0
-0.00230336 0
0.013197 0
0.0175309 0
0.0132453 0
-0.0451598 0
-0.130703 0
-0.223712 0
-0.0959782 0
-0.0168207 0
0.023042 0
0.0232567 0
0.0394401 0
0.0219245 0
0.15232 0
0.244606 0
0.154946 0
-0.0104587 0
0.0141111 0
-0.17221 0
-0.175488 0
-0.0891445 0
-0.14861 0
-0.178383 0
0.104867 0
0.269001 0
0.135008 0
0 0
0 0
0 0
0 0
0 0
0 0
0 0
0 0
0 0
0 0
0 0
0 0
0 0
0 0
0 0
0 0
0 0
0 0
0 0
0 0
0 0
0 0
0 0
0 0
0 0
0 0
0 0
0 0
0 0
0 0
0 0
0 0
0 0
0 0
0 0
0 0
0 0
0 0
0 0
0 0
0 0
0 0
0 0
0 0
0 0
0 0
0 0
0 0
0 0
0 0
0 0
0 0
0 0
0 0
0 0
0 0
0 0
0 0
0 0
0 0
0 0
0 0
0 0
0 0
0 0
0 0
0 0
0 0
0 0
0 0
0 0
0 0
0 0
0 0
0 0
0 0
0 0
0 0
0 0
0 0
0 0
0 0
0 0
0 0
0 0
0 0
0 0
0 0
0 0
0 0
0 0
0 0
0 0
0 0
0 0
0 0
0 0
0 0
0 0
0 0
0 0
0 0
0 0
0 0
0 0
0 0
0 0
0 0
0 0
0 0
0 0
0 0
0 0
0 0
0 0
0 0
0 0
0 0
0 0
0 0
0 0
0 0
0 0
0 0
0 0
0 0
0 0
0 0
0 0
0 0
0 0
0 0
0 0
0 0
0 0
0 0
0 0
0 0
0 0
0 0
0 0
0 0
0 0
0 0
0 0
0 0
0 0
0 0
0 0
0 0
0 0
0 0
0 0
0 0
0 0
0 0
0 0
0 0
0 0
0 0
0 0
0 0
0 0
0 0
0 0
0 0
0 0
0 0
0 0
0 0
0 0
0 0
0 0
0 0
0 0
0 0
0 0
0 0
0 0
0 0
0 0
0 0
0 0
0 0
0 0
0 0
0 0
0 0
0 0
0 0
0 0
0 0
0 0
0 0
0 0
0 0
0 0
0 0
0 0
0 0
0 0
0 0
0 0
0 0
0 0
0 0
0 0
0 0
0 0
0 0
0 0
0 0
0 0
0 0
0 0
0 0
0 0
0 0
0 0
0 0
0 0
0 0
0 0
0 0
0 0
0 0
0 0
0 0
0 0
0 0
0 0
0 0
0 0
0 0
0 0
0 0
0 0
0 0
0 0
0 0
0 0
0 0
0 0
0 0
0 0
0 0
0 0
0 0
0 0
0 0
0 0
0 0
0 0
0 0
0 0
0 0
0 0
0 0
0 0
0 0
0 0
0 0
0 0
0 0
0 0
0 0
0 0
0 0
0 0
0 0
0 0
0 0
0 0
0 0
0 0
0 0
0 0
0 0
0 0
0 0
0 0
0 0
-0.00117368 0
0.168216 0
0.0560921 0
0.0357158 0
-0.149762 0
-0.169262 0
-0.153913 0
-0.103142 0
0.0762124 0
0.125519 0
-0.0142742 0
-0.0503517 0
-0.0355638 0
0.0455842 0
0.00493802 0
0.0490232 0
0.0115357 0
-0.0269456 0
0.0272416 0
0.0014885 0
-0.02205 0
-0.0117909 0
-0.00386428 0
0.045928 0
0.0137033 0
-0.0093601 0
0.0311161 0
-0.0713297 0
-0.0354153 0
-0.0243483 0
-0.0593074 0
-0.0649496 0
0.0925725 0
0.0640973 0
-0.0911823 0
0.0332306 0
-0.0182011 0
0.0834016 0
0.139016 0
0.043444 0
-0.100276 0
-0.132863 0
0.095084 0
-0.083427 0
-0.0901979 0
0.156908 0
0.140765 0
-0.0171097 0
0.00573189 0
0.017283 0
-0.0262197 0
-0.0679053 0
-0.0508624 0
0.0264143 0
0.0531488 0
-0.0101363 0
0.0833934 0
0.143808 0
-0.0495906 0
-0.0968466 0
0.0472896 0
-0.0792801 0
0.0127309 0
0.0893515 0
-0.0899618 0
-0.161754 0
-0.0371691 0
0.0358995 0
0.0518986 0
0.0165291 0
0.0307462 0
0.0212679 0
-0.0381954 0
-0.145581 0
-0.0814867 0
0.0944343 0
0.0218885 0
-0.0840597 0
0.001281 0
-0.0115886 0
-0.00781841 0
0.0945785 0
0.0927103 0
0.0252627 0
-0.0061493 0
-0.0826448 0
-0.0103798 0
0.0426426 0
0.0902533 0
0.076034 0
-0.0215171 0
-0.0137347 0
0.00914384 0
-0.00379644 0
0.00820321 0
-0.000553766 0
-0.103276 0
-0.0640336 0
0.0209124 0
-0.0571674 0
0.0107547 0
-0.0418479 0
-0.0907142 0
-0.000934739 0
0.0138467 0
0.000125699 0
0.0116652 0
0.00219897 0
-0.0275061 0
0.0765486 0
0.139849 0
0.027246 0
0.108606 0
0.0588457 0
-0.0381096 0
-0.00211472 0
0.0131565 0
0.0178018 0
0.0136753 0
-0.0440826 0
-0.129534 0
-0.224159 0
-0.0976006 0
-0.0180218 0
0.0226844 0
0.0230673 0
0.0384754 0
0.0206342 0
0.152733 0
0.245095 0
0.155148 0
-0.00914553 0
0.0151828 0
-0.172808 0
-0.174732 0
-0.0893227 0
-0.150015 0
-0.178486 0
0.106318 0
0.269538 0
0.134036 0
-0.154066 0
0.0739211 0
0.0700249 0
0.180665 0
-0.0343608 0
-0.211306 0
-0.192143 0
-0.115468 0
-0.0688074 0
0.12544 0
0.157985 0
0.0806172 0
0.00520132 0
-0.0713292 0
-0.0912979 0
0.00282357 0
-0.00934768 0
-0.00464982 0
0.103163 0
-0.000239184 0
0.00354315 0
-0.00650932 0
-0.10692 0
-0.018081 0
0.00529209 0
0.00990803 0
0.0855045 0
-0.0610645 0
0.00620413 0
0.0128921 0
-0.146161 0
0.142478 0
0.0416858 0
0.0537048 0
0.231527 0
-0.0843779 0
-0.18348 0
-0.159011 0
-0.123289 0
0.147274 0
0.254617 0
0.079775 0
0.149959 0
0.0598008 0
-0.125896 0
0.0200778 0
0.17573 0
-0.0213596 0
-0.164853 0
-0.0343466 0
0.0894092 0
0.0109115 0
-0.077023 0
0.0273249 0
0.155392 0
0.0257377 0
-0.21175 0
-0.068399 0
0.148358 0
-0.0308331 0
-0.172836 0
0.0292636 0
-0.0337057 0
-0.0319302 0
-0.014845 0
-0.0299237 0
0.00952094 0
0.0448166 0
0.0647898 0
-0.00265602 0
-0.0780697 0
-0.0540027 0
0.00258918 0
0.0793086 0
0.0423946 0
0.0023981 0
0.0281428 0
-0.00301695 0
-0.0273897 0
0.00928163 0
0.0486162 0
0.0489157 0
-0.00640287 0
-0.0641462 0
0.0156141 0
0.01328 0
-0.0129581 0
0.0532347 0
-0.0229971 0
-0.076331 0
-0.0439023 0
-0.0052125 0
0.0257145 0
-0.0129498 0
-0.0208293 0
0.0014061 0
-0.0268325 0
-0.0664121 0
0.0317574 0
0.00918608 0
-0.0368459 0
0.0834259 0
0.0580042 0
-0.00116692 0
0.0172862 0
0.0135397 0
-0.00703033 0
0.0145602 0
0.0410787 0
0.0489033 0
0.0855449 0
-0.00437809 0
-0.125468 0
-0.0706595 0
-0.0305351 0
-0.0145737 0
0.00304178 0
-0.0210647 0
-0.0333441 0
-0.0830153 0
-0.089586 0
0.0360195 0
0.126084 0
0.0929947 0
0.0275016 0
0.0144976 0
0.0743462 0
0.0996405 0
-0.0328904 0
-0.0393837 0
-0.0165821 0
-0.101487 0
-0.0829684 0
0.0473963 0
-0.057376 0
0.014353 0
0.109559 0
0.00905222 0
-0.112913 0
-0.0433114 0
0.0742911 0
0 0
0 0
0 0
0 0
0 0
0 0
0 0
0 0
0 0
0 0
0 0
0 0
0 0
0 0
0 0
0 0
0 0
0 0
0 0
0 0
0 0
0 0
0 0
0 0
0 0
0 0
0 0
0 0
0 0
0 0
0 0
0 0
0 0
0 0
0 0
0 0
0 0
0 0
0 0
0 0
0 0
0 0
0 0
0 0
0 0
0 0
0 0
0 0
0 0
0 0
0 0
0 0
0 0
0 0
0 0
0 0
0 0
0 0
0 0
0 0
0 0
0 0
0 0
0 0
0 0
0 0
0 0
0 0
0 0
0 0
0 0
0 0
0 0
0 0
0 0
0 0
0 0
0 0
0 0
0 0
0 0
0 0
0 0
0 0
0 0
0 0
0 0
0 0
0 0
0 0
0 0
0 0
0 0
0 0
0 0
0 0
0 0
0 0
0 0
0 0
0 0
0 0
0 0
0 0
0 0
0 0
0 0
0 0
0 0
0 0
0 0
0 0
0 0
0 0
0 0
0 0
0 0
0 0
0 0
0 0
0 0
0 0
0 0
0 0
0 0
0 0
0 0
0 0
0 0
0 0
0 0
0 0
0 0
0 0
0 0
0 0
0 0
0 0
0 0
0 0
0 0
0 0
0 0
0 0
0 0
0 0
0 0
0 0
0 0
0 0
0 0
0 0
0 0
0 0
0 0
0 0
0 0
0 0
0 0
0 0
0 0
0 0
0 0
0 0
0 0
0 0
0 0
0 0
0 0
0 0
0 0
0 0
0 0
0 0
0 0
0 0
0 0
0 0
0 0
0 0
0 0
0 0
0 0
0 0
0 0
0 0
0 0
0 0
0 0
0 0
0 0
0 0
0 0
0 0
0 0
0 0
0 0
0 0
0 0
0 0
0 0
0 0
0 0
0 0
0 0
0 0
0 0
0 0
0 0
0 0
0 0
0 0
0 0
0 0
0 0
0 0
0 0
0 0
0 0
0 0
0 0
0 0
0 0
0 0
0 0
0 0
0 0
0 0
0 0
0 0
0 0
0 0
0 0
0 0
0 0
0 0
0 0
0 0
0 0
0 0
0 0
0 0
0 0
0 0
0 0
0 0
0 0
0 0
0 0
0 0
0 0
0 0
0 0
0 0
0 0
0 0
0 0
0 0
0 0
0 0
0 0
0 0
0 0
0 0
0 0
0 0
0 0
0 0
0 0
0 0
0 0
0 0
0 0
0 0
0 0
0 0
0 0
0 0
0 0
0 0
0 0
0 0
0.154094 0
-0.0761026 0
-0.0707561 0
-0.181142 0
0.0363003 0
0.213512 0
0.19415 0
0.116812 0
0.0678276 0
-0.127074 0
-0.157814 0
-0.0799728 0
-0.00474185 0
0.0707457 0
0.0912417 0
-0.00345777 0
0.00919929 0
0.00499867 0
-0.103524 0
0.000219955 0
-0.0032583 0
0.00666235 0
0.106979 0
0.0174886 0
-0.00546974 0
-0.00978781 0
-0.085914 0
0.061992 0
-0.00574667 0
-0.0125783 0
0.146941 0
-0.14165 0
-0.0428864 0
-0.0545382 0
-0.230367 0
0.0839553 0
0.183731 0
0.157946 0
0.121502 0
-0.147848 0
-0.253342 0
-0.0780635 0
-0.151201 0
-0.0587269 0
0.127073 0
-0.0221086 0
-0.177565 0
0.0215827 0
0.164793 0
0.0341259 0
-0.0890776 0
-0.0100343 0
0.0776872 0
-0.0276688 0
-0.156092 0
-0.0256088 0
0.210689 0
0.066545 0
-0.14773 0
0.0320881 0
0.172239 0
-0.0282408 0
0.0335439 0
0.0307774 0
0.0160096 0
0.032018 0
-0.00904107 0
-0.0452846 0
-0.0654663 0
0.00244249 0
0.0776787 0
0.0537322 0
-0.00209546 0
-0.0774326 0
-0.0413444 0
-0.00361951 0
-0.0284282 0
0.00410425 0
0.0273754 0
-0.00913254 0
-0.0485191 0
-0.0501428 0
0.00520449 0
0.0638249 0
-0.0155359 0
-0.0122123 0
0.0130934 0
-0.0537906 0
0.0218319 0
0.0753541 0
0.0441842 0
0.00539055 0
-0.0258349 0
0.013 0
0.020725 0
-0.00139906 0
0.0281703 0
0.0672457 0
-0.0320305 0
-0.00844757 0
0.0367099 0
-0.0828917 0
-0.056836 0
0.00117911 0
-0.0174667 0
-0.0135424 0
0.00688006 0
-0.0145898 0
-0.0407265 0
-0.0498973 0
-0.0873605 0
0.00402611 0
0.124074 0
0.0699044 0
0.0310305 0
0.0146023 0
-0.00321218 0
0.0208363 0
0.0331701 0
0.0835923 0
0.0912686 0
-0.0331237 0
-0.124832 0
-0.0927694 0
-0.0277972 0
-0.0147971 0
-0.0748499 0
-0.0999157 0
0.030918 0
0.0362175 0
0.0145771 0
0.101613 0
0.082779 0
-0.0451655 0
0.0596404 0
-0.0131991 0
-0.107628 0
-0.00674483 0
0.111548 0
0.0398294 0
-0.0760306 0
0 0
0 0
0 0
0 0
0 0
0 0
0 0
0 0
0 0
0 0
0 0
0 0
0 0
0 0
0 0
0 0
0 0
0 0
0 0
0 0
0 0
0 0
0 0
0 0
0 0
0 0
0 0
0 0
0 0
0 0
0 0
0 0
0 0
0 0
0 0
0 0
0 0
0 0
0 0
0 0
0 0
0 0
0 0
0 0
0 0
0 0
0 0
0 0
0 0
0 0
0 0
0 0
0 0
0 0
0 0
0 0
0 0
0 0
0 0
0 0
0 0
0 0
0 0
0 0
0 0
0 0
0 0
0 0
0 0
0 0
0 0
0 0
0 0
0 0
0 0
0 0
0 0
0 0
0 0
0 0
0 0
0 0
0 0
0 0
0 0
0 0
0 0
0 0
0 0
0 0
0 0
0 0
0 0
0 0
0 0
0 0
0 0
0 0
0 0
0 0
0 0
0 0
0 0
0 0
0 0
0 0
0 0
0 0
0 0
0 0
0 0
0 0
0 0
0 0
0 0
0 0
0 0
0 0
0 0
0 0
0 0
0 0
0 0
0 0
0 0
0 0
0 0
0 0
0 0
0 0
0 0
0 0
0 0
0 0
0 0
0 0
0 0
0 0
0 0
0 0
0 0
-0.0958852 0
-0.0800641 0
7.37133e-16 0
0.0800641 0
0.0958852 0
-1.98058e-15 0
-2.14448e-15 0
-0.0290317 0
-0.104306 0
-0.0290317 0
0.0800641 0
0.0958852 0
0.0800641 0
-0.0290317 0
-0.0800641 0
0.0290317 0
-0.0800641 0
1.53679e-15 0
0.18437 0
1.52345e-15 0
-2.4397e-15 0
-0.0958852 0
-0.18437 0
-0.0290317 0
0.0800641 0
0.0958852 0
0.0800641 0
-0.0958852 0
-0.0800641 0
1.46516e-15 0
-0.0800641 0
0.0290317 0
0.104306 0
0.0290317 0
-4.25754e-16 0
-1.01218e-16 0
-0.0800641 0
0.0290317 0
0.0800641 0
0.0958852 0
4.38562e-17 0
-0.0958852 0
0.0290317 0
0.104306 0
0.0290317 0
-0.0800641 0
3.29808e-15 0
3.77036e-16 0
-0.19177 0
-0.0800641 0
0.124917 0
-3.31469e-15 0
-0.124917 0
0.0800641 0
0.19177 0
3.34338e-16 0
1.50055e-15 0
0.0800641 0
-0.0290317 0
-0.104306 0
-0.0290317 0
0.0290317 0
-0.0800641 0
-0.0958852 0
0.0800641 0
0.19177 0
0.0800641 0
2.08441e-15 0
1.64678e-15 0
-1.06322e-15 0
5.81531e-16 0
2.31467e-15 0
-0.0800641 0
-0.19177 0
-0.0800641 0
0.0958852 0
0.0800641 0
-0.0290317 0
6.32302e-16 0
0.0800641 0
-0.0290317 0
-0.18437 0
-0.124917 0
-1.39232e-15 0
4.32229e-16 0
-4.11455e-16 0
-5.68028e-16 0
-8.17879e-16 0
0.124917 0
0.18437 0
0.0290317 0
-0.0800641 0
1.25301e-15 0
0.0958852 0
-1.36459e-15 0
7.47433e-16 0
0.18437 0
0.124917 0
-0.0800641 0
-1.40359e-16 0
0.0800641 0
-0.124917 0
-0.18437 0
8.93919e-17 0
-1.43376e-15 0
-0.0958852 0
-0.0958852 0
-0.0800641 0
0.0290317 0
-0.0800641 0
-0.19177 0
1.3934e-15 0
0.19177 0
0.0800641 0
-0.0290317 0
0.0800641 0
0.0958852 0
1.24523e-15 0
0.0800641 0
0.0958852 0
0.0800641 0
1.6313e-15 0
-0.0800641 0
-0.0958852 0
-0.0800641 0
1.8134e-15 0
-0.0290317 0
-0.104306 0
-0.0290317 0
4.91993e-16 0
0.0290317 0
0.104306 0
0.0290317 0
-0.0290317 0
0.0800641 0
1.08495e-15 0
-0.0800641 0
0.0290317 0
0.0958852 0
-5.02544e-16 0
-0.0958852 0
-0.0958852 0
-0.0800641 0
8.27609e-16 0
0.0800641 0
0.0958852 0
3.94039e-15 0
6.48161e-15 0
-0.0290317 0
-0.104306 0
-0.0290317 0
0.0800641 0
0.0958852 0
0.0800641 0
-0.0290317 0
-0.0800641 0
0.0290317 0
-0.0800641 0
-1.07291e-15 0
0.18437 0
-3.01478e-16 0
4.95693e-15 0
-0.0958852 0
-0.18437 0
-0.0290317 0
0.0800641 0
0.0958852 0
0.0800641 0
-0.0958852 0
-0.0800641 0
-2.12379e-15 0
-0.0800641 0
0.0290317 0
0.104306 0
0.0290317 0
5.06533e-15 0
3.37731e-16 0
-0.0800641 0
0.0290317 0
0.0800641 0
0.0958852 0
3.5228e-15 0
-0.0958852 0
0.0290317 0
0.104306 0
0.0290317 0
-0.0800641 0
-7.25565e-15 0
1.4475e-15 0
-0.19177 0
-0.0800641 0
0.124917 0
5.09221e-15 0
-0.124917 0
0.0800641 0
0.19177 0
1.14509e-15 0
-6.12648e-15 0
0.0800641 0
-0.0290317 0
-0.104306 0
-0.0290317 0
0.0290317 0
-0.0800641 0
-0.0958852 0
0.0800641 0
0.19177 0
0.0800641 0
-6.64948e-15 0
-2.48181e-15 0
1.49102e-15 0
-1.60724e-15 0
-5.96617e-15 0
-0.0800641 0
-0.19177 0
-0.0800641 0
0.0958852 0
0.0800641 0
-0.0290317 0
-2.29106e-15 0
0.0800641 0
-0.0290317 0
-0.18437 0
-0.124917 0
5.92709e-15 0
2.83754e-15 0
-1.05311e-15 0
2.81289e-15 0
4.93251e-15 0
0.124917 0
0.18437 0
0.0290317 0
-0.0800641 0
-1.85393e-15 0
0.0958852 0
5.00383e-15 0
-8.60938e-16 0
0.18437 0
0.124917 0
-0.0800641 0
-6.66099e-15 0
0.0800641 0
-0.124917 0
-0.18437 0
-2.76797e-16 0
5.26509e-15 0
-0.0958852 0
-0.0958852 0
-0.0800641 0
0.0290317 0
-0.0800641 0
-0.19177 0
1.77198e-15 0
0.19177 0
0.0800641 0
-0.0290317 0
0.0800641 0
0.0958852 0
-2.2126e-15 0
0.0800641 0
0.0958852 0
0.0800641 0
-7.11811e-15 0
-0.0800641 0
-0.0958852 0
-0.0800641 0
-2.6981e-15 0
-0.0290317 0
-0.104306 0
-0.0290317 0
5.96926e-15 0
0.0290317 0
0.104306 0
0.0290317 0
-0.0290317 0
0.0800641 0
-4.13002e-16 0
-0.0800641 0
0.0290317 0
0.0958852 0
4.64303e-15 0
-0.0958852 0
0 0
0 0
0 0
0 0
0 0
0 0
0 0
0 0
0 0
0 0
0 0
0 0
0 0
0 0
0 0
0 0
0 0
0 0
0 0
0 0
0 0
0 0
0 0
0 0
0 0
0 0
0 0
0 0
0 0
0 0
0 0
0 0
0 0
0 0
0 0
0 0
0 0
0 0
0 0
0 0
0 0
0 0
0 0
0 0
0 0
0 0
0 0
0 0
0 0
0 0
0 0
0 0
0 0
0 0
0 0
0 0
0 0
0 0
0 0
0 0
0 0
0 0
0 0
0 0
0 0
0 0
0 0
0 0
0 0
0 0
0 0
0 0
0 0
0 0
0 0
0 0
0 0
0 0
0 0
0 0
0 0
0 0
0 0
0 0
0 0
0 0
0 0
0 0
0 0
0 0
0 0
0 0
0 0
0 0
0 0
0 0
0 0
0 0
0 0
0 0
0 0
0 0
0 0
0 0
0 0
0 0
0 0
0 0
0 0
0 0
0 0
0 0
0 0
0 0
0 0
0 0
0 0
0 0
0 0
0 0
0 0
0 0
0 0
0 0
0 0
0 0
0 0
0 0
0 0
0 0
0 0
0 0
0 0
0 0
0 0
0 0
0 0
0 0
0 0
0 0
0 0
-0.0426747 0
0.0696756 0
0.0179565 0
0.0696756 0
-0.0426747 0
-0.104522 0
-0.124689 0
-0.0598865 0
-0.00303319 0
0.081613 0
0.0788205 0
-0.0719547 0
-0.0167304 0
-0.0242033 0
-0.120846 0
0.0703276 0
0.0840943 0
0.0824966 0
0.0941787 0
0.0435292 0
-0.152813 0
-0.0841556 0
0.0941787 0
0.0703276 0
0.0840943 0
-0.0841556 0
-0.120846 0
-0.0719547 0
-0.0167304 0
0.0824966 0
0.0788205 0
-0.0598865 0
-0.00303319 0
-0.0242033 0
-0.124689 0
0.0179565 0
0.0696756 0
0.081613 0
0.0696756 0
-0.0426747 0
-0.104522 0
-0.0426747 0
0.081613 0
-0.00303319 0
-0.0598865 0
0.0788205 0
0.196203 0
0.00257209 0
-0.0970516 0
0.0390248 0
-0.0369537 0
-0.163379 0
-0.0369537 0
0.0390248 0
-0.0970516 0
0.00257209 0
0.196203 0
0.0788205 0
-0.0598865 0
-0.00303319 0
0.081613 0
-0.0242033 0
-0.0167304 0
-0.0719547 0
-0.120846 0
-0.0970516 0
0.0390248 0
0.165872 0
0.0573956 0
-0.0595021 0
0.0573956 0
0.165872 0
0.0390248 0
-0.0970516 0
-0.120846 0
-0.0719547 0
-0.0167304 0
-0.0242033 0
0.0824966 0
0.0840943 0
0.0703276 0
0.0941787 0
-0.0369537 0
-0.163379 0
-0.0595021 0
0.0573956 0
-0.0595021 0
-0.163379 0
-0.0369537 0
0.0941787 0
0.0703276 0
0.0840943 0
0.0824966 0
-0.0841556 0
-0.152813 0
0.0435292 0
0.0941787 0
-0.0369537 0
0.0390248 0
0.165872 0
0.0390248 0
-0.0369537 0
0.0941787 0
0.0435292 0
-0.152813 0
-0.0841556 0
-0.0841556 0
0.0840943 0
0.0703276 0
-0.120846 0
-0.0970516 0
0.00257209 0
-0.0970516 0
-0.120846 0
0.0703276 0
0.0840943 0
-0.0841556 0
0.0824966 0
-0.0167304 0
-0.0719547 0
0.0788205 0
0.196203 0
0.0788205 0
-0.0719547 0
-0.0167304 0
0.0824966 0
-0.0242033 0
-0.00303319 0
-0.0598865 0
-0.124689 0
-0.0598865 0
-0.00303319 0
-0.0242033 0
0.081613 0
0.0696756 0
0.0179565 0
0.0696756 0
0.081613 0
-0.0426747 0
-0.104522 0
-0.0426747 0
0 0
0 0
0 0
0 0
0 0
0 0
0 0
0 0
0 0
0 0
0 0
0 0
0 0
0 0
0 0
0 0
0 0
0 0
0 0
0 0
0 0
0 0
0 0
0 0
0 0
0 0
0 0
0 0
0 0
0 0
0 0
0 0
0 0
0 0
0 0
0 0
0 0
0 0
0 0
0 0
0 0
0 0
0 0
0 0
0 0
0 0
0 0
0 0
0 0
0 0
0 0
0 0
0 0
0 0
0 0
0 0
0 0
0 0
0 0
0 0
0 0
0 0
0 0
0 0
0 0
0 0
0 0
0 0
0 0
0 0
0 0
0 0
0 0
0 0
0 0
0 0
0 0
0 0
0 0
0 0
0 0
0 0
0 0
0 0
0 0
0 0
0 0
0 0
0 0
0 0
0 0
0 0
0 0
0 0
0 0
0 0
0 0
0 0
0 0
0 0
0 0
0 0
0 0
0 0
0 0
0 0
0 0
0 0
0 0
0 0
0 0
0 0
0 0
0 0
0 0
0 0
0 0
0 0
0 0
0 0
0 0
0 0
0 0
0 0
0 0
0 0
0 0
0 0
0 0
0 0
0 0
0 0
0 0
0 0
0 0
0 0
0 0
0 0
0 0
0 0
0 0
0 0
0 0
0 0
0 0
0 0
0 0
0 0
0 0
0 0
0 0
0 0
0 0
0 0
0 0
0 0
0 0
0 0
0 0
0 0
0 0
0 0
0 0
0 0
0 0
0 0
0 0
0 0
0 0
0 0
0 0
0 0
0 0
0 0
0 0
0 0
0 0
0 0
0 0
0 0
0 0
0 0
0 0
0 0
0 0
0 0
0 0
0 0
0 0
0 0
0 0
0 0
0 0
0 0
0 0
0 0
0 0
0 0
0 0
0 0
0 0
0 0
0 0
0 0
0 0
0 0
0 0
0 0
0 0
0 0
0 0
0 0
0 0
0 0
0 0
0 0
0 0
0 0
0 0
0 0
0 0
0 0
0 0
0 0
0 0
0 0
0 0
0 0
0 0
0 0
0 0
0 0
0 0
0 0
0 0
0 0
0 0
0 0
0 0
0 0
0 0
0 0
0 0
0 0
0 0
0 0
0 0
0 0
0 0
0 0
0 0
0 0
0 0
0 0
0 0
0 0
0 0
0 0
0 0
0 0
0 0
0 0
0 0
0 0
0 0
0 0
0 0
0 0
0 0
0 0
0 0
0 0
0 0
0 0
0 0
0 0
0 0
0 0
0 0
0 0
0 0
0 0
-0.0426747 0
0.0696756 0
0.0179565 0
0.0696756 0
-0.0426747 0
-0.104522 0
-0.124689 0
-0.0598865 0
-0.00303319 0
0.081613 0
0.0788205 0
-0.0719547 0
-0.0167304 0
-0.0242033 0
-0.120846 0
0.0703276 0
0.0840943 0
0.0824966 0
0.0941787 0
0.0435292 0
-0.152813 0
-0.0841556 0
0.0941787 0
0.0703276 0
0.0840943 0
-0.0841556 0
-0.120846 0
-0.0719547 0
-0.0167304 0
0.0824966 0
0.0788205 0
-0.0598865 0
-0.00303319 0
-0.0242033 0
-0.124689 0
0.0179565 0
0.0696756 0
0.081613 0
0.0696756 0
-0.0426747 0
-0.104522 0
-0.0426747 0
0.081613 0
-0.00303319 0
-0.0598865 0
0.0788205 0
0.196203 0
0.00257209 0
-0.0970516 0
0.0390248 0
-0.0369537 0
-0.163379 0
-0.0369537 0
0.0390248 0
-0.0970516 0
0.00257209 0
0.196203 0
0.0788205 0
-0.0598865 0
-0.00303319 0
0.081613 0
-0.0242033 0
-0.0167304 0
-0.0719547 0
-0.120846 0
-0.0970516 0
0.0390248 0
0.165872 0
0.0573956 0
-0.0595021 0
0.0573956 0
0.165872 0
0.0390248 0
-0.0970516 0
-0.120846 0
-0.0719547 0
-0.0167304 0
-0.0242033 0
0.0824966 0
0.0840943 0
0.0703276 0
0.0941787 0
-0.0369537 0
-0.163379 0
-0.0595021 0
0.0573956 0
-0.0595021 0
-0.163379 0
-0.0369537 0
0.0941787 0
0.0703276 0
0.0840943 0
0.0824966 0
-0.0841556 0
-0.152813 0
0.0435292 0
0.0941787 0
-0.0369537 0
0.0390248 0
0.165872 0
0.0390248 0
-0.0369537 0
0.0941787 0
0.0435292 0
-0.152813 0
-0.0841556 0
-0.0841556 0
0.0840943 0
0.0703276 0
-0.120846 0
-0.0970516 0
0.00257209 0
-0.0970516 0
-0.120846 0
0.0703276 0
0.0840943 0
-0.0841556 0
0.0824966 0
-0.0167304 0
-0.0719547 0
0.0788205 0
0.196203 0
0.0788205 0
-0.0719547 0
-0.0167304 0
0.0824966 0
-0.0242033 0
-0.00303319 0
-0.0598865 0
-0.124689 0
-0.0598865 0
-0.00303319 0
-0.0242033 0
0.081613 0
0.0696756 0
0.0179565 0
0.0696756 0
0.081613 0
-0.0426747 0
-0.104522 0
-0.0426747 0
0 0
0 0
0 0
0 0
0 0
0 0
0 0
0 0
0 0
0 0
0 0
0 0
0 0
0 0
0 0
0 0
0 0
0 0
0 0
0 0
0 0
0 0
0 0
0 0
0 0
0 0
0 0
0 0
0 0
0 0
0 0
0 0
0 0
0 0
0 0
0 0
0 0
0 0
0 0
0 0
0 0
0 0
0 0
0 0
0 0
0 0
0 0
0 0
0 0
0 0
0 0
0 0
0 0
0 0
0 0
0 0
0 0
0 0
0 0
0 0
0 0
0 0
0 0
0 0
0 0
0 0
0 0
0 0
0 0
0 0
0 0
0 0
0 0
0 0
0 0
0 0
0 0
0 0
0 0
0 0
0 0
0 0
0 0
0 0
0 0
0 0
0 0
0 0
0 0
0 0
0 0
0 0
0 0
0 0
0 0
0 0
0 0
0 0
0 0
0 0
0 0
0 0
0 0
0 0
0 0
0 0
0 0
0 0
0 0
0 0
0 0
0 0
0 0
0 0
0 0
0 0
0 0
0 0
0 0
0 0
0 0
0 0
0 0
0 0
0 0
0 0
0 0
0 0
0 0
0 0
0 0
0 0
0 0
0 0
0 0
0 0
0 0
0 0
0 0
0 0
0 0
0.0739254 0
0.0567822 0
-1.7294e-15 0
-0.0567822 0
-0.0739254 0
-1.90342e-15 0
-4.17067e-15 0
-0.0981785 0
0.0800641 0
0.0303109 0
-0.155475 0
-0.0212422 0
0.0193013 0
0.129365 0
0.119858 0
0.141854 0
-0.0909632 0
-0.0932974 0
0.0800641 0
-3.9208e-15 0
1.04407e-15 0
-0.118426 0
-0.0800641 0
-0.141854 0
0.0909632 0
0.118426 0
-0.119858 0
0.0212422 0
-0.0193013 0
0.0932974 0
0.155475 0
0.0981785 0
-0.0800641 0
-0.129365 0
-4.96951e-15 0
-2.17082e-15 0
0.0567822 0
-0.0303109 0
-0.0567822 0
-0.0739254 0
-1.8601e-15 0
0.0739254 0
-0.0303109 0
-0.0800641 0
0.0981785 0
0.155475 0
-1.48718e-16 0
-4.53743e-15 0
-0.0285493 0
-0.141786 0
-0.080357 0
1.76795e-15 0
0.080357 0
0.141786 0
0.0285493 0
-4.74599e-15 0
2.74867e-16 0
-0.155475 0
-0.0981785 0
0.0800641 0
0.0303109 0
-0.129365 0
-0.0193013 0
0.0212422 0
-0.119858 0
0.0285493 0
0.141786 0
1.56083e-15 0
-4.49556e-16 0
-1.20363e-15 0
-2.29417e-15 0
1.33329e-15 0
-0.141786 0
-0.0285493 0
0.119858 0
-0.0212422 0
0.0193013 0
0.129365 0
0.0932974 0
0.0909632 0
-0.141854 0
-0.0800641 0
0.080357 0
1.13334e-15 0
-8.37537e-16 0
-1.31243e-15 0
-2.07569e-15 0
1.68971e-15 0
-0.080357 0
0.0800641 0
0.141854 0
-0.0909632 0
-0.0932974 0
0.118426 0
9.73454e-16 0
-2.94412e-15 0
0.0800641 0
-0.080357 0
-0.141786 0
1.49327e-15 0
0.141786 0
0.080357 0
-0.0800641 0
-3.86289e-15 0
7.14829e-16 0
-0.118426 0
-0.118426 0
-0.0909632 0
0.141854 0
0.119858 0
-0.0285493 0
-4.07149e-15 0
0.0285493 0
-0.119858 0
-0.141854 0
0.0909632 0
0.118426 0
-0.0932974 0
0.0193013 0
-0.0212422 0
-0.155475 0
9.21213e-16 0
0.155475 0
0.0212422 0
-0.0193013 0
0.0932974 0
0.129365 0
0.0800641 0
-0.0981785 0
-3.99171e-15 0
0.0981785 0
-0.0800641 0
-0.129365 0
0.0303109 0
-0.0567822 0
-1.12231e-15 0
0.0567822 0
-0.0303109 0
-0.0739254 0
-2.12423e-15 0
0.0739254 0
-0.0739254 0
-0.0567822 0
1.47562e-15 0
0.0567822 0
0.0739254 0
-1.0345e-15 0
-4.8159e-16 0
0.0981785 0
-0.0800641 0
-0.0303109 0
0.155475 0
0.0212422 0
-0.0193013 0
-0.129365 0
-0.119858 0
-0.141854 0
0.0909632 0
0.0932974 0
-0.0800641 0
2.42896e-15 0
-3.94397e-15 0
0.118426 0
0.0800641 0
0.141854 0
-0.0909632 0
-0.118426 0
0.119858 0
-0.0212422 0
0.0193013 0
-0.0932974 0
-0.155475 0
-0.0981785 0
0.0800641 0
0.129365 0
-5.75993e-16 0
9.21551e-16 0
-0.0567822 0
0.0303109 0
0.0567822 0
0.0739254 0
-8.88454e-16 0
-0.0739254 0
0.0303109 0
0.0800641 0
-0.0981785 0
-0.155475 0
3.81376e-15 0
2.13284e-15 0
0.0285493 0
0.141786 0
0.080357 0
-4.39128e-15 0
-0.080357 0
-0.141786 0
-0.0285493 0
1.71146e-15 0
3.26737e-15 0
0.155475 0
0.0981785 0
-0.0800641 0
-0.0303109 0
0.129365 0
0.0193013 0
-0.0212422 0
0.119858 0
-0.0285493 0
-0.141786 0
2.81669e-15 0
1.65443e-15 0
-2.00207e-15 0
1.27652e-15 0
3.03814e-15 0
0.141786 0
0.0285493 0
-0.119858 0
0.0212422 0
-0.0193013 0
-0.129365 0
-0.0932974 0
-0.0909632 0
0.141854 0
0.0800641 0
-0.080357 0
-4.2299e-15 0
3.96529e-16 0
2.80003e-15 0
2.34741e-16 0
-3.749e-15 0
0.080357 0
-0.0800641 0
-0.141854 0
0.0909632 0
0.0932974 0
-0.118426 0
-3.34567e-15 0
3.41203e-15 0
-0.0800641 0
0.080357 0
0.141786 0
1.44617e-15 0
-0.141786 0
-0.080357 0
0.0800641 0
2.87334e-15 0
-3.17553e-15 0
0.118426 0
0.118426 0
0.0909632 0
-0.141854 0
-0.119858 0
0.0285493 0
3.37602e-15 0
-0.0285493 0
0.119858 0
0.141854 0
-0.0909632 0
-0.118426 0
0.0932974 0
-0.0193013 0
0.0212422 0
0.155475 0
3.6522e-15 0
-0.155475 0
-0.0212422 0
0.0193013 0
-0.0932974 0
-0.129365 0
-0.0800641 0
0.0981785 0
4.99087e-16 0
-0.0981785 0
0.0800641 0
0.129365 0
-0.0303109 0
0.0567822 0
1.66164e-15 0
-0.0567822 0
0.0303109 0
0.0739254 0
-5.84559e-16 0
-0.0739254 0
0 0
0 0
0 0
0 0
0 0
0 0
0 0
0 0
0 0
0 0
0 0
0 0
0 0
0 0
0 0
0 0
0 0
0 0
0 0
0 0
0 0
0 0
0 0
0 0
0 0
0 0
0 0
0 0
0 0
0 0
0 0
0 0
0 0
0 0
0 0
0 0
0 0
0 0
0 0
0 0
0 0
0 0
0 0
0 0
0 0
0 0
0 0
0 0
0 0
0 0
0 0
0 0
0 0
0 0
0 0
0 0
0 0
0 0
0 0
0 0
0 0
0 0
0 0
0 0
0 0
0 0
0 0
0 0
0 0
0 0
0 0
0 0
0 0
0 0
0 0
0 0
0 0
0 0
0 0
0 0
0 0
0 0
0 0
0 0
0 0
0 0
0 0
0 0
0 0
0 0
0 0
0 0
0 0
0 0
0 0
0 0
0 0
0 0
0 0
0 0
0 0
0 0
0 0
0 0
0 0
0 0
0 0
0 0
0 0
0 0
0 0
0 0
0 0
0 0
0 0
0 0
0 0
0 0
0 0
0 0
0 0
0 0
0 0
0 0
0 0
0 0
0 0
0 0
0 0
0 0
0 0
0 0
0 0
0 0
0 0
0 0
0 0
0 0
0 0
0 0
0 0
0 0
0 0
0 0
0 0
0 0
0 0
0 0
0 0
0 0
0 0
0 0
0 0
0 0
0 0
0 0
0 0
0 0
0 0
0 0
0 0
0 0
0 0
0 0
0 0
0 0
0 0
0 0
0 0
0 0
0 0
0 0
0 0
0 0
0 0
0 0
0 0
0 0
0 0
0 0
0 0
0 0
0 0
0 0
0 0
0 0
0 0
0 0
0 0
0 0
0 0
0 0
0 0
0 0
0 0
0 0
0 0
0 0
0 0
0 0
0 0
0 0
0 0
0 0
0 0
0 0
0 0
0 0
0 0
0 0
0 0
0 0
0 0
0 0
0 0
0 0
0 0
0 0
0 0
0 0
0 0
0 0
0 0
0 0
0 0
0 0
0 0
0 0
0 0
0 0
0 0
0 0
0 0
0 0
0 0
0 0
0 0
0 0
0 0
0 0
0 0
0 0
0 0
0 0
0 0
0 0
0 0
0 0
0 0
0 0
0 0
0 0
0 0
0 0
0 0
0 0
0 0
0 0
0 0
0 0
0 0
0 0
0 0
0 0
0 0
0 0
0 0
0 0
0 0
0 0
0 0
0 0
0 0
0 0
0 0
0 0
0 0
0 0
0 0
0 0
0 0
0 0
-0.0308819 0
0.057868 0
-0.0638236 0
0.057868 0
-0.0308819 0
-0.0813225 0
-0.164209 0
-0.030446 0
0.0474399 0
0.138656 0
0.0936461 0
0.107028 0
-0.10226 0
-0.0721795 0
0.0899004 0
0.0312191 0
0.0168063 0
-0.112514 0
-0.0829962 0
-0.146627 0
0.0546307 0
0.094059 0
-0.0829962 0
0.0312191 0
0.0168063 0
0.094059 0
0.0899004 0
0.107028 0
-0.10226 0
-0.112514 0
0.0936461 0
-0.030446 0
0.0474399 0
-0.0721795 0
-0.164209 0
-0.0638236 0
0.057868 0
0.138656 0
0.057868 0
-0.0308819 0
-0.0813225 0
-0.0308819 0
0.138656 0
0.0474399 0
-0.030446 0
0.0936461 0
-0.00545856 0
-0.191438 0
-0.0699685 0
0.048397 0
0.0523726 0
0.0743757 0
0.0523726 0
0.048397 0
-0.0699685 0
-0.191438 0
-0.00545856 0
0.0936461 0
-0.030446 0
0.0474399 0
0.138656 0
-0.0721795 0
-0.10226 0
0.107028 0
0.0899004 0
-0.0699685 0
0.048397 0
0.054353 0
-0.0555134 0
-0.0482575 0
-0.0555134 0
0.054353 0
0.048397 0
-0.0699685 0
0.0899004 0
0.107028 0
-0.10226 0
-0.0721795 0
-0.112514 0
0.0168063 0
0.0312191 0
-0.0829962 0
0.0523726 0
0.0743757 0
-0.0482575 0
-0.0555134 0
-0.0482575 0
0.0743757 0
0.0523726 0
-0.0829962 0
0.0312191 0
0.0168063 0
-0.112514 0
0.094059 0
0.0546307 0
-0.146627 0
-0.0829962 0
0.0523726 0
0.048397 0
0.054353 0
0.048397 0
0.0523726 0
-0.0829962 0
-0.146627 0
0.0546307 0
0.094059 0
0.094059 0
0.0168063 0
0.0312191 0
0.0899004 0
-0.0699685 0
-0.191438 0
-0.0699685 0
0.0899004 0
0.0312191 0
0.0168063 0
0.094059 0
-0.112514 0
-0.10226 0
0.107028 0
0.0936461 0
-0.00545856 0
0.0936461 0
0.107028 0
-0.10226 0
-0.112514 0
-0.0721795 0
0.0474399 0
-0.030446 0
-0.164209 0
-0.030446 0
0.0474399 0
-0.0721795 0
0.138656 0
0.057868 0
-0.0638236 0
0.057868 0
0.138656 0
-0.0308819 0
-0.0813225 0
-0.0308819 0
-0.0308819 0
0.057868 0
-0.0638236 0
0.057868 0
-0.0308819 0
-0.0813225 0
-0.164209 0
-0.030446 0
0.0474399 0
0.138656 0
0.0936461 0
0.107028 0
-0.10226 0
-0.0721795 0
0.0899004 0
0.0312191 0
0.0168063 0
-0.112514 0
-0.0829962 0
-0.146627 0
0.0546307 0
0.094059 0
-0.0829962 0
0.0312191 0
0.0168063 0
0.094059 0
0.0899004 0
0.107028 0
-0.10226 0
-0.112514 0
0.0936461 0
-0.030446 0
0.0474399 0
-0.0721795 0
-0.164209 0
-0.0638236 0
0.057868 0
0.138656 0
0.057868 0
-0.0308819 0
-0.0813225 0
-0.0308819 0
0.138656 0
0.0474399 0
-0.030446 0
0.0936461 0
-0.00545856 0
-0.191438 0
-0.0699685 0
0.048397 0
0.0523726 0
0.0743757 0
0.0523726 0
0.048397 0
-0.0699685 0
-0.191438 0
-0.00545856 0
0.0936461 0
-0.030446 0
0.0474399 0
0.138656 0
-0.0721795 0
-0.10226 0
0.107028 0
0.0899004 0
-0.0699685 0
0.048397 0
0.054353 0
-0.0555134 0
-0.0482575 0
-0.0555134 0
0.054353 0
0.048397 0
-0.0699685 0
0.0899004 0
0.107028 0
-0.10226 0
-0.0721795 0
-0.112514 0
0.0168063 0
0.0312191 0
-0.0829962 0
0.0523726 0
0.0743757 0
-0.0482575 0
-0.0555134 0
-0.0482575 0
0.0743757 0
0.0523726 0
-0.0829962 0
0.0312191 0
0.0168063 0
-0.112514 0
0.094059 0
0.0546307 0
-0.146627 0
-0.0829962 0
0.0523726 0
0.048397 0
0.054353 0
0.048397 0
0.0523726 0
-0.0829962 0
-0.146627 0
0.0546307 0
0.094059 0
0.094059 0
0.0168063 0
0.0312191 0
0.0899004 0
-0.0699685 0
-0.191438 0
-0.0699685 0
0.0899004 0
0.0312191 0
0.0168063 0
0.094059 0
-0.112514 0
-0.10226 0
0.107028 0
0.0936461 0
-0.00545856 0
0.0936461 0
0.107028 0
-0.10226 0
-0.112514 0
-0.0721795 0
0.0474399 0
-0.030446 0
-0.164209 0
-0.030446 0
0.0474399 0
-0.0721795 0
0.138656 0
0.057868 0
-0.0638236 0
0.057868 0
0.138656 0
-0.0308819 0
-0.0813225 0
-0.0308819 0
0 0
0 0
0 0
0 0
0 0
0 0
0 0
0 0
0 0
0 0
0 0
0 0
0 0
0 0
0 0
0 0
0 0
0 0
0 0
0 0
0 0
0 0
0 0
0 0
0 0
0 0
0 0
0 0
0 0
0 0
0 0
0 0
0 0
0 0
0 0
0 0
0 0
0 0
0 0
0 0
0 0
0 0
0 0
0 0
0 0
0 0
0 0
0 0
0 0
0 0
0 0
0 0
0 0
0 0
0 0
0 0
0 0
0 0
0 0
0 0
0 0
0 0
0 0
0 0
0 0
0 0
0 0
0 0
0 0
0 0
0 0
0 0
0 0
0 0
0 0
0 0
0 0
0 0
0 0
0 0
0 0
0 0
0 0
0 0
0 0
0 0
0 0
0 0
0 0
0 0
0 0
0 0
0 0
0 0
0 0
0 0
0 0
0 0
0 0
0 0
0 0
0 0
0 0
0 0
0 0
0 0
0 0
0 0
0 0
0 0
0 0
0 0
0 0
0 0
0 0
0 0
0 0
0 0
0 0
0 0
0 0
0 0
0 0
0 0
0 0
0 0
0 0
0 0
0 0
0 0
0 0
0 0
0 0
0 0
0 0
0 0
0 0
0 0
0 0
0 0
0 0
0 0
0 0
0 0
0 0
0 0
0 0
0 0
0 0
0 0
0 0
0 0
0 0
0 0
0 0
0 0
0 0
0 0
0 0
0 0
0 0
0 0
0 0
0 0
0 0
0 0
0 0
0 0
0 0
0 0
0 0
0 0
0 0
0 0
0 0
0 0
0 0
0 0
0 0
0 0
0 0
0 0
0 0
0 0
0 0
0 0
0 0
0 0
0 0
0 0
0 0
0 0
0 0
0 0
0 0
0 0
0 0
0 0
0 0
0 0
0 0
0 0
0 0
0 0
0 0
0 0
0 0
0 0
0 0
0 0
0 0
0 0
0 0
0 0
0 0
0 0
0 0
0 0
0 0
0 0
0 0
0 0
0 0
0 0
0 0
0 0
0 0
0 0
0 0
0 0
0 0
0 0
0 0
0 0
0 0
0 0
0 0
0 0
0 0
0 0
0 0
0 0
0 0
0 0
0 0
0 0
0 0
0 0
0 0
0 0
0 0
0 0
0 0
0 0
0 0
0 0
0 0
0 0
0 0
0 0
0 0
0 0
0 0
0 0
0 0
0 0
0 0
0 0
0 0
0 0
0 0
0 0
0 0
0 0
0 0
0 0
0 0
0 0
0 0
0 0
0 0
0 0
-0.000661862 0
-0.0589932 0
0.074483 0
-0.0319467 0
0.0397999 0
0.0585508 0
0.140728 0
0.0314344 0
-0.0587197 0
-0.135638 0
-0.0609959 0
-0.0594881 0
0.102137 0
0.0649523 0
-0.0809055 0
-0.0449336 0
-0.0601525 0
0.0628088 0
0.111022 0
0.0154847 0
0.0213266 0
-0.0580839 0
-0.121998 0
0.0546172 0
0.0166778 0
0.0568548 0
0.141829 0
0.0385039 0
-0.0837389 0
-0.100324 0
-0.0323523 0
-0.0693145 0
0.087646 0
0.00584497 0
-0.101627 0
-0.053788 0
-0.00605796 0
0.122056 0
0.0717303 0
0.0440541 0
-0.0422825 0
-0.0723177 0
-0.113255 0
-0.0167116 0
-0.0118484 0
-0.131936 0
-0.0127188 0
0.18443 0
0.0503407 0
-0.0698747 0
0.103661 0
0.0281445 0
-0.151651 0
-0.00751693 0
0.00168396 0
-0.133186 0
0.00918486 0
0.171678 0
0.0551705 0
-0.0331732 0
0.0576817 0
0.113933 0
0.0928694 0
-0.0636251 0
-0.00346313 0
0.0856598 0
-0.123708 0
-0.20071 0
0.0594194 0
0.0668029 0
-0.0429098 0
0.144943 0
0.147313 0
-0.0998968 0
-0.0809022 0
0.0504023 0
-0.0570849 0
-0.135027 0
0.0117707 0
-0.0850013 0
-0.0243496 0
0.072188 0
0.0323575 0
0.0731495 0
0.173625 0
-0.0165097 0
-0.240428 0
-0.101294 0
0.0534251 0
-0.0103073 0
-0.0045843 0
0.0881451 0
0.0464662 0
-0.0442399 0
0.0554293 0
0.0402459 0
-0.100715 0
-0.157086 0
-0.0774382 0
0.0557671 0
0.131225 0
0.119294 0
0.0498102 0
-0.0557306 0
-0.0767558 0
0.0170384 0
0.0410455 0
-0.0279925 0
0.0495179 0
0.161808 0
0.0495561 0
-0.0512439 0
-0.0873437 0
-0.138366 0
-0.0302676 0
0.0683234 0
-0.0126149 0
-0.109275 0
-0.0450519 0
0.00908573 0
-0.110682 0
0.0035339 0
0.164289 0
0.0251212 0
-0.00913049 0
0.0885531 0
0.0700745 0
0.0918929 0
-0.0866049 0
-0.0391012 0
0.0811629 0
-0.0709343 0
-0.119778 0
0.0779559 0
-0.0397836 0
-0.0206951 0
0.0650512 0
-0.00880122 0
-0.083854 0
-0.0162683 0
0.0729795 0
-0.000242524 0
-0.0587873 0
0.0745776 0
-0.0322681 0
0.0394303 0
0.0586252 0
0.140907 0
0.0310248 0
-0.0583581 0
-0.135577 0
-0.06181 0
-0.0596066 0
0.10217 0
0.0655434 0
-0.080204 0
-0.0447769 0
-0.0604869 0
0.0623585 0
0.11076 0
0.0157615 0
0.0217078 0
-0.0580139 0
-0.121932 0
0.0546336 0
0.0162351 0
0.0567629 0
0.142217 0
0.0382473 0
-0.0834435 0
-0.100544 0
-0.0332068 0
-0.0695821 0
0.0878013 0
0.00651939 0
-0.101106 0
-0.0535126 0
-0.00641588 0
0.121753 0
0.071752 0
0.0444104 0
-0.042066 0
-0.0725293 0
-0.113631 0
-0.0171691 0
-0.011414 0
-0.131367 0
-0.0127349 0
0.184664 0
0.0507714 0
-0.0705225 0
0.103053 0
0.0286476 0
-0.1519 0
-0.00825258 0
0.00218323 0
-0.132505 0
0.00913784 0
0.17182 0
0.0555105 0
-0.0336074 0
0.0570646 0
0.113569 0
0.0930836 0
-0.0636629 0
-0.00427173 0
0.0854018 0
-0.123306 0
-0.200964 0
0.0594949 0
0.067997 0
-0.0426901 0
0.144201 0
0.147333 0
-0.0998933 0
-0.0816016 0
0.0502038 0
-0.0566594 0
-0.13504 0
0.0123157 0
-0.0848512 0
-0.0245943 0
0.072683 0
0.0331391 0
0.072775 0
0.172737 0
-0.0168048 0
-0.240734 0
-0.101423 0
0.0541769 0
-0.00969605 0
-0.00485683 0
0.0880511 0
0.0469622 0
-0.0444399 0
0.0551455 0
0.0400399 0
-0.101064 0
-0.157229 0
-0.0768105 0
0.0567639 0
0.131559 0
0.118761 0
0.0492491 0
-0.0558014 0
-0.0768533 0
0.0167521 0
0.0412618 0
-0.0275642 0
0.0496338 0
0.161806 0
0.0491219 0
-0.0521599 0
-0.087585 0
-0.137945 0
-0.0300393 0
0.068616 0
-0.012323 0
-0.109321 0
-0.0455108 0
0.00940276 0
-0.11001 0
0.00359707 0
0.164574 0
0.0254156 0
-0.00964007 0
0.0882285 0
0.0694964 0
0.0919655 0
-0.0865353 0
-0.0398001 0
0.0809961 0
-0.0706323 0
-0.120088 0
0.0785128 0
-0.0394839 0
-0.021065 0
0.0652031 0
-0.008122 0
-0.0838407 0
-0.0165591 0
0.0727718 0
0 0
0 0
0 0
0 0
0 0
0 0
0 0
0 0
0 0
0 0
0 0
0 0
0 0
0 0
0 0
0 0
0 0
0 0
0 0
0 0
0 0
0 0
0 0
0 0
0 0
0 0
0 0
0 0
0 0
0 0
0 0
0 0
0 0
0 0
0 0
0 0
0 0
0 0
0 0
0 0
0 0
0 0
0 0
0 0
0 0
0 0
0 0
0 0
0 0
0 0
0 0
0 0
0 0
0 0
0 0
0 0
0 0
0 0
0 0
0 0
0 0
0 0
0 0
0 0
0 0
0 0
0 0
0 0
0 0
0 0
0 0
0 0
0 0
0 0
0 0
0 0
0 0
0 0
0 0
0 0
0 0
0 0
0 0
0 0
0 0
0 0
0 0
0 0
0 0
0 0
0 0
0 0
0 0
0 0
0 0
0 0
0 0
0 0
0 0
0 0
0 0
0 0
0 0
0 0
0 0
0 0
0 0
0 0
0 0
0 0
0 0
0 0
0 0
0 0
0 0
0 0
0 0
0 0
0 0
0 0
0 0
0 0
0 0
0 0
0 0
0 0
0 0
0 0
0 0
0 0
0 0
0 0
0 0
0 0
0 0
0 0
0 0
0 0
0 0
0 0
0 0
-0.0838896 0
-0.0413493 0
-0.0187336 0
0.0642221 0
0.0740458 0
-0.0147264 0
-0.0353952 0
0.0820102 0
-0.0724995 0
-0.0123832 0
0.162714 0
0.0235565 0
-0.00643664 0
-0.118089 0
-0.140531 0
-0.0314602 0
0.0667506 0
0.09023 0
0.0527513 0
-0.055334 0
-0.0762095 0
-0.0141507 0
-0.0135295 0
-0.00314371 0
0.0886043 0
0.0185427 0
-0.0771762 0
0.0514295 0
-0.0593075 0
0.0438282 0
0.170862 0
0.053353 0
-0.030867 0
-0.134902 0
-0.104331 0
-0.0552193 0
0.0715859 0
0.0609158 0
-0.00416601 0
-0.0711705 0
-0.0434077 0
0.0421548 0
0.0749835 0
0.0914717 0
-0.0869364 0
-0.114189 0
0.00319897 0
-0.0463871 0
-0.0860339 0
0.129409 0
0.122056 0
-0.100573 0
0.0494339 0
0.147146 0
-0.099874 0
-0.136731 0
0.00942928 0
-0.027828 0
-0.0678734 0
0.0867893 0
0.123605 0
0.0730968 0
-0.0426104 0
0.00740836 0
0.161751 0
0.0518277 0
-0.0807202 0
0.0504815 0
-0.0149449 0
-0.238717 0
-0.0440516 0
0.1488 0
-0.00363035 0
-0.000952372 0
0.139724 0
0.0398426 0
-0.0852637 0
0.00228231 0
-0.108988 0
-0.0302421 0
0.048886 0
-0.0988315 0
-0.156266 0
0.075096 0
0.178246 0
0.0589965 0
0.0604714 0
0.025477 0
-0.150274 0
-0.122297 0
0.054508 0
0.019008 0
-0.0991191 0
0.0398867 0
0.0569043 0
0.0413169 0
0.0695453 0
0.0282183 0
-0.125779 0
-0.199281 0
-0.0664263 0
0.106832 0
0.112361 0
0.0140171 0
0.0193053 0
0.0573168 0
-0.0431661 0
-0.0857585 0
-0.0230479 0
0.00080691 0
0.0869863 0
0.183118 0
0.0480462 0
-0.0845751 0
-0.0457422 0
-0.0583622 0
-0.0584294 0
0.00888907 0
0.0917004 0
-0.0633991 0
-0.134886 0
-0.0126282 0
-0.0566728 0
-0.0588379 0
0.101918 0
0.0651597 0
0.115807 0
-0.0142898 0
-0.0141368 0
0.139726 0
0.0335834 0
-0.0606047 0
0.0618049 0
-0.111222 0
-0.060056 0
0.0739529 0
-0.0302366 0
-0.135899 0
-0.00287527 0
0.0581341 0
0.0417348 0
0 0
0 0
0 0
0 0
0 0
0 0
0 0
0 0
0 0
0 0
0 0
0 0
0 0
0 0
0 0
0 0
0 0
0 0
0 0
0 0
0 0
0 0
0 0
0 0
0 0
0 0
0 0
0 0
0 0
0 0
0 0
0 0
0 0
0 0
0 0
0 0
0 0
0 0
0 0
0 0
0 0
0 0
0 0
0 0
0 0
0 0
0 0
0 0
0 0
0 0
0 0
0 0
0 0
0 0
0 0
0 0
0 0
0 0
0 0
0 0
0 0
0 0
0 0
0 0
0 0
0 0
0 0
0 0
0 0
0 0
0 0
0 0
0 0
0 0
0 0
0 0
0 0
0 0
0 0
0 0
0 0
0 0
0 0
0 0
0 0
0 0
0 0
0 0
0 0
0 0
0 0
0 0
0 0
0 0
0 0
0 0
0 0
0 0
0 0
0 0
0 0
0 0
0 0
0 0
0 0
0 0
0 0
0 0
0 0
0 0
0 0
0 0
0 0
0 0
0 0
0 0
0 0
0 0
0 0
0 0
0 0
0 0
0 0
0 0
0 0
0 0
0 0
0 0
0 0
0 0
0 0
0 0
0 0
0 0
0 0
0 0
0 0
0 0
0 0
0 0
0 0
0 0
0 0
0 0
0 0
0 0
0 0
0 0
0 0
0 0
0 0
0 0
0 0
0 0
0 0
0 0
0 0
0 0
0 0
0 0
0 0
0 0
0 0
0 0
0 0
0 0
0 0
0 0
0 0
0 0
0 0
0 0
0 0
0 0
0 0
0 0
0 0
0 0
0 0
0 0
0 0
0 0
0 0
0 0
0 0
0 0
0 0
0 0
0 0
0 0
0 0
0 0
0 0
0 0
0 0
0 0
0 0
0 0
0 0
0 0
0 0
0 0
0 0
0 0
0 0
0 0
0 0
0 0
0 0
0 0
0 0
0 0
0 0
0 0
0 0
0 0
0 0
0 0
0 0
0 0
0 0
0 0
0 0
0 0
0 0
0 0
0 0
0 0
0 0
0 0
0 0
0 0
0 0
0 0
0 0
0 0
0 0
0 0
0 0
0 0
0 0
0 0
0 0
0 0
0 0
0 0
0 0
0 0
0 0
0 0
0 0
0 0
0 0
0 0
0 0
0 0
0 0
0 0
0 0
0 0
0 0
0 0
0 0
0 0
0 0
0 0
0 0
0 0
0 0
0 0
0 0
0 0
0 0
0 0
0 0
0 0
0 0
0 0
0 0
0 0
0 0
0 0
-0.0838874 0
-0.0410549 0
-0.0191062 0
0.0643826 0
0.0738478 0
-0.0150193 0
-0.0360991 0
0.0818541 0
-0.0722069 0
-0.0117053 0
0.163021 0
0.0238542 0
-0.00694728 0
-0.118415 0
-0.140129 0
-0.0312359 0
0.0670521 0
0.0899172 0
0.052197 0
-0.0554121 0
-0.0763171 0
-0.0138605 0
-0.0129199 0
-0.00341677 0
0.0885221 0
0.0182587 0
-0.0778861 0
0.0512377 0
-0.0588897 0
0.0443303 0
0.171025 0
0.0537001 0
-0.0313055 0
-0.134933 0
-0.103824 0
-0.0549511 0
0.0716171 0
0.0603064 0
-0.00452462 0
-0.0713916 0
-0.0431968 0
0.0425169 0
0.0755506 0
0.0915564 0
-0.0868782 0
-0.113531 0
0.00326258 0
-0.0473096 0
-0.0862867 0
0.12976 0
0.121539 0
-0.100715 0
0.0501926 0
0.147186 0
-0.0998836 0
-0.136067 0
0.00938348 0
-0.0286865 0
-0.06815 0
0.0869562 0
0.123318 0
0.0725282 0
-0.0430752 0
0.0077265 0
0.161771 0
0.0514002 0
-0.0801028 0
0.0514855 0
-0.0152421 0
-0.239054 0
-0.0438377 0
0.148077 0
-0.00436678 0
-0.000453022 0
0.140131 0
0.0395911 0
-0.0849794 0
0.00295731 0
-0.109048 0
-0.0298176 0
0.0490083 0
-0.0991936 0
-0.15643 0
0.0747313 0
0.17738 0
0.0590798 0
0.061674 0
0.0259837 0
-0.150543 0
-0.122247 0
0.0545316 0
0.0185676 0
-0.0993526 0
0.0401084 0
0.0566279 0
0.0411162 0
0.0700497 0
0.0290039 0
-0.125393 0
-0.199562 0
-0.0670831 0
0.106237 0
0.112113 0
0.0142959 0
0.0196892 0
0.0572324 0
-0.0433719 0
-0.0856197 0
-0.0232957 0
-1.92182e-06 0
0.0867397 0
0.183376 0
0.0484835 0
-0.0838845 0
-0.0455915 0
-0.0587045 0
-0.0583671 0
0.00943542 0
0.0919267 0
-0.0634453 0
-0.134335 0
-0.0126461 0
-0.0574948 0
-0.0589642 0
0.101965 0
0.0647178 0
0.115458 0
-0.0147493 0
-0.0137041 0
0.139923 0
0.0331781 0
-0.0602509 0
0.0624044 0
-0.111613 0
-0.0598579 0
0.0740573 0
-0.0305622 0
-0.135857 0
-0.00245613 0
0.0582161 0
0.0413705 0
-0.000990867 0
0.0180514 0
-0.0693716 0
0.0147647 0
-0.00786562 0
-0.0185251 0
-0.0659813 0
0.0115594 0
0.0255356 0
0.084296 0
0.0459721 0
0.116905 0
-0.0655257 0
-0.0836473 0
0.0754438 0
-0.0892563 0
0.034649 0
-0.0645847 0
-0.152765 0
-0.0816621 0
0.0468187 0
0.170406 0
0.0669047 0
0.133186 0
-0.0785445 0
-0.0663607 0
0.0753135 0
0.00366592 0
0.0286443 0
-0.104376 0
-0.102205 0
-0.0990274 0
0.0260502 0
0.114404 0
0.0288119 0
0.0302924 0
-0.0274476 0
-0.0029229 0
0.0131178 0
0.044359 0
0.00808932 0
-0.0404916 0
0.0789925 0
0.0197134 0
0.0262679 0
0.0588261 0
-0.106486 0
-0.155707 0
0.00841907 0
0.0842884 0
0.0978847 0
0.115273 0
-0.0195382 0
-0.191518 0
-0.100846 0
0.0679924 0
0.0464992 0
0.0564432 0
0.0825095 0
-0.0458089 0
-0.0683799 0
-0.0958358 0
-0.0655306 0
0.108342 0
0.0585008 0
0.0236268 0
0.108502 0
-0.0660071 0
-0.224347 0
-0.0232368 0
0.0979652 0
0.0288232 0
0.107333 0
0.0868528 0
-0.133803 0
-0.102024 0
0.0285837 0
-0.0360299 0
-0.0438353 0
0.0445738 0
-0.104001 0
-0.152795 0
0.094253 0
0.089354 0
-0.0180121 0
0.126382 0
0.0412489 0
-0.204627 0
-0.0643622 0
0.0665235 0
-0.048797 0
0.0439504 0
0.15172 0
0.169146 0
0.0362916 0
-0.0633006 0
0.086241 0
-0.0335225 0
-0.191621 0
0.0371839 0
0.0830165 0
-0.0747148 0
0.0858907 0
0.144963 0
-0.0831104 0
-0.0819108 0
-0.0884952 0
-0.0785995 0
0.138053 0
0.058359 0
-0.0952719 0
0.0877149 0
0.0772194 0
-0.133814 0
-0.0291853 0
0.0339707 0
-0.102785 0
-0.0871349 0
0.036942 0
-0.0148811 0
-0.102415 0
0.0599872 0
0.0433791 0
-0.112008 0
0.0368863 0
0.148211 0
0.119677 0
0.0202734 0
-0.0940689 0
0.0371694 0
0.0727596 0
-0.0457636 0
-0.0185686 0
-0.015916 0
-0.0278825 0
0.0390793 0
0.00939618 0
-0.0760696 0
-0.0364933 0
0.0104358 0
0.0414825 0
0 0
0 0
0 0
0 0
0 0
0 0
0 0
0 0
0 0
0 0
0 0
0 0
0 0
0 0
0 0
0 0
0 0
0 0
0 0
0 0
0 0
0 0
0 0
0 0
0 0
0 0
0 0
0 0
0 0
0 0
0 0
0 0
0 0
0 0
0 0
0 0
0 0
0 0
0 0
0 0
0 0
0 0
0 0
0 0
0 0
0 0
0 0
0 0
0 0
0 0
0 0
0 0
0 0
0 0
0 0
0 0
0 0
0 0
0 0
0 0
0 0
0 0
0 0
0 0
0 0
0 0
0 0
0 0
0 0
0 0
0 0
0 0
0 0
0 0
0 0
0 0
0 0
0 0
0 0
0 0
0 0
0 0
0 0
0 0
0 0
0 0
0 0
0 0
0 0
0 0
0 0
0 0
0 0
0 0
0 0
0 0
0 0
0 0
0 0
0 0
0 0
0 0
0 0
0 0
0 0
0 0
0 0
0 0
0 0
0 0
0 0
0 0
0 0
0 0
0 0
0 0
0 0
0 0
0 0
0 0
0 0
0 0
0 0
0 0
0 0
0 0
0 0
0 0
0 0
0 0
0 0
0 0
0 0
0 0
0 0
0 0
0 0
0 0
0 0
0 0
0 0
0 0
0 0
0 0
0 0
0 0
0 0
0 0
0 0
0 0
0 0
0 0
0 0
0 0
0 0
0 0
0 0
0 0
0 0
0 0
0 0
0 0
0 0
0 0
0 0
0 0
0 0
0 0
0 0
0 0
0 0
0 0
0 0
0 0
0 0
0 0
0 0
0 0
0 0
0 0
0 0
0 0
0 0
0 0
0 0
0 0
0 0
0 0
0 0
0 0
0 0
0 0
0 0
0 0
0 0
0 0
0 0
0 0
0 0
0 0
0 0
0 0
0 0
0 0
0 0
0 0
0 0
0 0
0 0
0 0
0 0
0 0
0 0
0 0
0 0
0 0
0 0
0 0
0 0
0 0
0 0
0 0
0 0
0 0
0 0
0 0
0 0
0 0
0 0
0 0
0 0
0 0
0 0
0 0
0 0
0 0
0 0
0 0
0 0
0 0
0 0
0 0
0 0
0 0
0 0
0 0
0 0
0 0
0 0
0 0
0 0
0 0
0 0
0 0
0 0
0 0
0 0
0 0
0 0
0 0
0 0
0 0
0 0
0 0
0 0
0 0
0 0
0 0
0 0
0 0
0 0
0 0
0 0
0 0
0 0
0 0
0 0
0 0
0 0
0 0
0 0
0 0
0.0473377 0
0.0208091 0
0.0068233 0
-0.0240369 0
-0.0464666 0
0.0018221 0
0.00648983 0
-0.102207 0
0.0374957 0
0.0281517 0
-0.0928486 0
0.047344 0
0.00647875 0
0.0919812 0
0.109004 0
0.110098 0
-0.0716066 0
-0.136228 0
0.015238 0
-0.11814 0
0.0677325 0
-0.00810346 0
-0.139451 0
-0.0465443 0
0.0081032 0
0.158625 0
0.109096 0
0.127086 0
-0.0598349 0
-0.108207 0
0.0114964 0
-0.0243328 0
0.0371333 0
-0.047485 0
-0.0602627 0
-0.0633591 0
0.00568861 0
0.0895704 0
0.0242833 0
0.0154028 0
-0.0169195 0
-0.0234917 0
-0.0442126 0
-0.0419463 0
0.0984863 0
0.0825408 0
0.0104739 0
0.0153152 0
-0.105329 0
-0.174675 0
0.0153278 0
0.166765 0
0.0980159 0
0.0195457 0
-0.0283852 0
-0.142212 0
-0.0972572 0
0.0842188 0
0.0588815 0
0.00419393 0
0.0595657 0
-0.0743275 0
0.00641177 0
-0.069499 0
-0.122179 0
0.102177 0
0.155712 0
0.00649237 0
0.0220665 0
-0.0336166 0
-0.204903 0
-0.0602862 0
0.156535 0
0.0576537 0
0.0132396 0
0.0786391 0
-0.0598627 0
-0.116442 0
0.146892 0
0.0638144 0
-0.091089 0
0.0148165 0
-0.0342262 0
-0.186892 0
0.0376738 0
0.182836 0
-0.00405718 0
0.0201268 0
0.0774691 0
-0.139626 0
-0.129963 0
0.0642533 0
0.00918396 0
-0.0252944 0
-0.0759071 0
0.132399 0
0.124388 0
-0.0927969 0
0.0181395 0
0.0537939 0
-0.175258 0
-0.0637897 0
0.124635 0
-0.0142583 0
0.00817462 0
0.151497 0
-0.143394 0
0.00735326 0
0.0198656 0
-0.122244 0
0.0476751 0
0.126897 0
-0.0737916 0
0.0130828 0
0.137633 0
-0.0719176 0
-0.133331 0
0.127044 0
0.0533839 0
-0.125983 0
0.0086298 0
0.0867833 0
-0.0940372 0
-0.0575871 0
0.0534231 0
-0.0386848 0
0.024461 0
-0.0416896 0
0.0433255 0
0.0537728 0
-0.0741536 0
0.00481302 0
0.121812 0
-0.0877175 0
-0.00024642 0
0.0565358 0
-0.0264977 0
-0.0453579 0
0.0310638 0
0.0150974 0
-0.023846 0
-0.0473278 0
-0.0212717 0
-0.00507312 0
0.0236716 0
0.0466801 0
-0.00135473 0
-0.00482519 0
0.101948 0
-0.0381527 0
-0.0302901 0
0.091717 0
-0.0503122 0
-0.00482561 0
-0.0898976 0
-0.110945 0
-0.107878 0
0.0707542 0
0.137903 0
-0.0113839 0
0.120241 0
-0.0689368 0
0.00380152 0
0.137805 0
0.0431948 0
-0.00612172 0
-0.157 0
-0.111033 0
-0.127219 0
0.0591304 0
0.110878 0
-0.00891831 0
0.026842 0
-0.0378031 0
0.0446102 0
0.0595541 0
0.0626142 0
-0.00499709 0
-0.0895252 0
-0.0246224 0
-0.0165282 0
0.0167206 0
0.024522 0
0.0422313 0
0.0414617 0
-0.0991813 0
-0.0840531 0
-0.00778731 0
-0.0113868 0
0.10515 0
0.172601 0
-0.0178053 0
-0.16973 0
-0.0975536 0
-0.0147141 0
0.0309417 0
0.14054 0
0.0961136 0
-0.0856715 0
-0.0609845 0
-0.00303811 0
-0.0578574 0
0.076772 0
-0.00475848 0
0.0667844 0
0.12074 0
-0.102806 0
-0.158503 0
-0.00482707 0
-0.0164064 0
0.0342143 0
0.202493 0
0.0595774 0
-0.159297 0
-0.059866 0
-0.00986394 0
-0.076087 0
0.0591597 0
0.117389 0
-0.145831 0
-0.0649607 0
0.0937452 0
-0.0109615 0
0.0318562 0
0.184694 0
-0.0372308 0
-0.186087 0
0.00301651 0
-0.0149643 0
-0.075868 0
0.13799 0
0.131237 0
-0.065384 0
-0.0130194 0
0.0210298 0
0.0750146 0
-0.130842 0
-0.126606 0
0.0936733 0
-0.0133048 0
-0.0547503 0
0.173217 0
0.0656974 0
-0.126844 0
0.0106011 0
-0.00607783 0
-0.149477 0
0.145675 0
-0.00537015 0
-0.0233592 0
0.120809 0
-0.0452837 0
-0.129153 0
0.0718645 0
-0.00970678 0
-0.13694 0
0.0710824 0
0.13597 0
-0.124883 0
-0.0543341 0
0.126399 0
-0.0060455 0
-0.0883263 0
0.0929715 0
0.0604349 0
-0.0543719 0
0.0349532 0
-0.0274919 0
0.0411908 0
-0.0409631 0
-0.0547289 0
0.0723393 0
-0.00365855 0
-0.121382 0
0.0881475 0
0.000950823 0
-0.057541 0
0.0262688 0
0.0472939 0
-0.0301519 0
-0.0153658 0
0.0228058 0
0 0
0 0
0 0
0 0
0 0
0 0
0 0
0 0
0 0
0 0
0 0
0 0
0 0
0 0
0 0
0 0
0 0
0 0
0 0
0 0
0 0
0 0
0 0
0 0
0 0
0 0
0 0
0 0
0 0
0 0
0 0
0 0
0 0
0 0
0 0
0 0
0 0
0 0
0 0
0 0
0 0
0 0
0 0
0 0
0 0
0 0
0 0
0 0
0 0
0 0
0 0
0 0
0 0
0 0
0 0
0 0
0 0
0 0
0 0
0 0
0 0
0 0
0 0
0 0
0 0
0 0
0 0
0 0
0 0
0 0
0 0
0 0
0 0
0 0
0 0
0 0
0 0
0 0
0 0
0 0
0 0
0 0
0 0
0 0
0 0
0 0
0 0
0 0
0 0
0 0
0 0
0 0
0 0
0 0
0 0
0 0
0 0
0 0
0 0
0 0
0 0
0 0
0 0
0 0
0 0
0 0
0 0
0 0
0 0
0 0
0 0
0 0
0 0
0 0
0 0
0 0
0 0
0 0
0 0
0 0
0 0
0 0
0 0
0 0
0 0
0 0
0 0
0 0
0 0
0 0
0 0
0 0
0 0
0 0
0 0
0 0
0 0
0 0
0 0
0 0
0 0
-0 0
-0 0
-0 0
-0 0
-0 0
-0 0
-0 0
-0 0
-0 0
-0 0
-0 0
-0 0
-0 0
-0 0
-0 0
-0 0
-0 0
-0 0
-0 0
-0 0
-0 0
-0 0
-0 0
-0 0
-0 0
-0 0
-0 0
-0 0
-0 0
-0 0
-0 0
-0 0
-0 0
-0 0
-0 0
-0 0
-0 0
-0 0
-0 0
-0 0
-0 0
-0 0
-0 0
-0 0
-0 0
-0 0
-0 0
-0 0
-0 0
-0 0
-0 0
-0 0
-0 0
-0 0
-0 0
-0 0
-0 0
-0 0
-0 0
-0 0
-0 0
-0 0
-0 0
-0 0
-0 0
-0 0
-0 0
-0 0
-0 0
-0 0
-0 0
-0 0
-0 0
-0 0
-0 0
-0 0
-0 0
-0 0
-0 0
-0 0
-0 0
-0 0
-0 0
-0 0
-0 0
-0 0
-0 0
-0 0
-0 0
-0 0
-0 0
-0 0
-0 0
-0 0
-0 0
-0 0
-0 0
-0 0
-0 0
-0 0
-0 0
-0 0
-0 0
-0 0
-0 0
-0 0
-0 0
-0 0
-0 0
-0 0
-0 0
-0 0
-0 0
-0 0
-0 0
-0 0
-0 0
-0 0
-0 0
-0 0
-0 0
-0 0
-0 0
-0 0
-0 0
-0 0
-0 0
-0 0
-0 0
-0 0
-0 0
-0 0
-0 0
-0 0
-0 0
-0 0
-0 0
-0 0
-0 0
-0 0
-0 0
0.000204586 0
0.0185828 0
-0.0692214 0
0.0141622 0
-0.0090419 0
-0.018485 0
-0.0658384 0
0.00898129 0
0.0264909 0
0.085034 0
0.0436414 0
0.118139 0
-0.0653829 0
-0.0813505 0
0.0782214 0
-0.0865036 0
0.0328513 0
-0.0680464 0
-0.152428 0
-0.0846725 0
0.0485446 0
0.170256 0
0.0634035 0
0.132053 0
-0.0783649 0
-0.0623749 0
0.0780933 0
0.00687734 0
0.027142 0
-0.107143 0
-0.101947 0
-0.0996737 0
0.0269965 0
0.113241 0
0.0272989 0
0.0287016 0
-0.0273126 0
-0.000661249 0
0.0137354 0
0.0447622 0
0.00766451 0
-0.0410979 0
0.0779009 0
0.0186601 0
0.0287641 0
0.0609299 0
-0.106256 0
-0.15537 0
0.00576111 0
0.079903 0
0.0983031 0
0.119522 0
-0.0170685 0
-0.191086 0
-0.101595 0
0.0644217 0
0.0440573 0
0.0585886 0
0.0840232 0
-0.0457176 0
-0.0668971 0
-0.0977439 0
-0.0653896 0
0.106621 0
0.0554332 0
0.0262154 0
0.11247 0
-0.0658642 0
-0.223861 0
-0.0240934 0
0.0928205 0
0.0273095 0
0.111321 0
0.0883369 0
-0.133511 0
-0.10007 0
0.0270807 0
-0.0389828 0
-0.0401387 0
0.0462 0
-0.106335 0
-0.15247 0
0.0934185 0
0.0846615 0
-0.0170661 0
0.131041 0
0.0411595 0
-0.204184 0
-0.0624258 0
0.0630177 0
-0.0520955 0
0.0455875 0
0.152 0
0.168561 0
0.0343858 0
-0.0599763 0
0.0894106 0
-0.0358773 0
-0.191224 0
0.0385546 0
0.0786159 0
-0.07635 0
0.0890664 0
0.144649 0
-0.0829304 0
-0.07811 0
-0.0921456 0
-0.0784388 0
0.138599 0
0.0552897 0
-0.094098 0
0.0909483 0
0.07538 0
-0.133526 0
-0.0257179 0
0.0321648 0
-0.106186 0
-0.0839535 0
0.0383022 0
-0.0180682 0
-0.10223 0
0.0621986 0
0.0410175 0
-0.113499 0
0.0382475 0
0.147281 0
0.120333 0
0.0192268 0
-0.0930045 0
0.0385396 0
0.0709096 0
-0.0456566 0
-0.0154975 0
-0.0181369 0
-0.0278977 0
0.0405199 0
0.00872983 0
-0.0772396 0
-0.0357203 0
0.0108205 0
0.0408934 0
3.57576e-07 0
-4.32804e-17 0
-0.00966781 0
1.21693e-17 0
-3.57576e-07 0
-1.5234e-17 0
1.47825e-16 0
0.0419554 0
-1.97609e-16 0
0.00966817 0
1.22786e-16 0
-0.0935441 0
-5.03776e-17 0
-0.0516235 0
6.17132e-17 0
0.0757166 0
3.62049e-18 0
0.145168 0
2.98225e-17 0
0.016713 0
-1.36985e-16 0
-0.220884 0
1.20888e-16 0
-0.129716 0
-2.48618e-17 0
0.204171 0
6.08828e-17 0
0.17334 0
-1.17659e-16 0
-0.0744555 0
-1.4689e-16 0
-0.084805 0
1.18665e-16 0
-0.0988847 0
4.26624e-18 0
-0.0551053 0
-7.56863e-17 0
0.18369 0
8.39674e-17 0
0.128584 0
-1.36543e-16 0
-0.128584 0
0.00966746 0
-1.04769e-16 0
-0.0322876 0
3.81905e-17 0
0.0515887 0
-1.03811e-16 0
0.0178275 0
5.20152e-17 0
-0.0924295 0
-5.19206e-17 0
0.113003 0
-1.13665e-17 0
-0.0436245 0
5.51681e-17 0
-0.0885352 0
8.51872e-17 0
0.13991 0
1.40331e-16 0
-0.0734791 0
0.0226201 0
6.25907e-17 0
-0.0193012 0
-1.01012e-16 0
-0.0694162 0
7.31676e-17 0
0.0746021 0
3.7749e-17 0
-0.0205732 0
1.15279e-16 0
-0.0693783 0
-1.31566e-16 0
0.13216 0
5.79977e-17 0
-0.0513751 0
-4.22182e-17 0
-0.0664312 0
-0.00331895 0
2.14649e-18 0
0.0887174 0
-5.34858e-17 0
-0.00518586 0
9.27658e-18 0
-0.0540288 0
-6.64811e-17 0
0.0899515 0
-6.00011e-17 0
-0.0627813 0
2.29485e-17 0
-0.0807845 0
-8.2352e-17 0
0.117806 0
-0.0853984 0
-1.74042e-17 0
-0.0835315 0
9.9895e-17 0
0.0592147 0
-2.20261e-17 0
-0.0359227 0
-1.463e-18 0
-0.0271702 0
-7.10041e-17 0
0.143566 0
1.33069e-16 0
-0.0370217 0
0.16893 0
1.89065e-17 0
0.0243168 0
-1.8765e-17 0
-0.023292 0
-6.55454e-17 0
0.0630929 0
1.47805e-16 0
-0.116396 0
-7.88548e-17 0
-0.106544 0
-0.193247 0
3.00225e-17 0
-0.00102478 0
-1.1169e-16 0
-0.0398009 0
6.19193e-17 0
0.0533028 0
-1.70212e-16 0
0.22294 0
0.194271 0
2.24779e-17 0
0.0408256 0
7.29219e-17 0
-0.0135019 0
-3.84078e-17 0
-0.276243 0
-0.235097 0
-2.16848e-16 0
-0.0273237 0
3.73054e-17 0
0.289745 0
0.262421 0
1.40901e-16 0
-0.262421 0
0 0
0 0
0 0
0 0
0 0
0 0
0 0
0 0
0 0
0 0
0 0
0 0
0 0
0 0
0 0
0 0
0 0
0 0
0 0
0 0
0 0
0 0
0 0
0 0
0 0
0 0
0 0
0 0
0 0
0 0
0 0
0 0
0 0
0 0
0 0
0 0
0 0
0 0
0 0
0 0
0 0
0 0
0 0
0 0
0 0
0 0
0 0
0 0
0 0
0 0
0 0
0 0
0 0
0 0
0 0
0 0
0 0
0 0
0 0
0 0
0 0
0 0
0 0
0 0
0 0
0 0
0 0
0 0
0 0
0 0
0 0
0 0
0 0
0 0
0 0
0 0
0 0
0 0
0 0
0 0
0 0
0 0
0 0
0 0
0 0
0 0
0 0
0 0
0 0
0 0
0 0
0 0
0 0
0 0
0 0
0 0
0 0
0 0
0 0
0 0
0 0
0 0
0 0
0 0
0 0
0 0
0 0
0 0
0 0
0 0
0 0
0 0
0 0
0 0
0 0
0 0
0 0
0 0
0 0
0 0
0 0
0 0
0 0
0 0
0 0
0 0
0 0
0 0
0 0
0 0
0 0
0 0
0 0
0 0
0 0
0 0
0 0
0 0
0 0
0 0
0 0
0 0
0 0
0 0
0 0
0 0
0 0
0 0
0 0
0 0
0 0
0 0
0 0
0 0
0 0
0 0
0 0
0 0
0 0
0 0
0 0
0 0
0 0
0 0
0 0
0 0
0 0
0 0
0 0
0 0
0 0
0 0
0 0
0 0
0 0
0 0
0 0
0 0
0 0
0 0
0 0
0 0
0 0
0 0
0 0
0 0
0 0
0 0
0 0
0 0
0 0
0 0
0 0
0 0
0 0
0 0
0 0
0 0
0 0
0 0
0 0
0 0
0 0
0 0
0 0
0 0
0 0
0 0
0 0
0 0
0 0
0 0
0 0
0 0
0 0
0 0
0 0
0 0
0 0
0 0
0 0
0 0
0 0
0 0
0 0
0 0
0 0
0 0
0 0
0 0
0 0
0 0
0 0
0 0
0 0
0 0
0 0
0 0
0 0
0 0
0 0
0 0
0 0
0 0
0 0
0 0
0 0
0 0
0 0
0 0
0 0
0 0
0 0
0 0
0 0
0 0
0 0
0 0
0 0
0 0
0 0
0 0
0 0
0 0
0 0
0 0
0 0
0 0
0 0
0 0
0 0
0 0
0 0
0 0
0 0
0 0
0 0
0 0
0 0
0 0
0 0
0 0
-2.14114e-05 0
2.67018e-16 0
0.0159987 0
-7.24715e-17 0
2.14114e-05 0
-3.16826e-16 0
6.87998e-17 0
-0.0839398 0
-1.59953e-17 0
-0.0160201 0
6.35466e-17 0
0.0347382 0
-1.38251e-16 0
0.0999599 0
3.85523e-17 0
0.0545752 0
5.50294e-17 0
-0.134698 0
-1.35414e-16 0
-0.0981937 0
-2.62527e-16 0
0.080123 0
1.65383e-16 0
0.0442777 0
-6.58524e-17 0
0.0180707 0
-1.35352e-16 0
0.0754638 0
1.02198e-16 0
-0.0623484 0
8.04696e-17 0
-0.141733 0
5.37641e-17 0
-0.0131153 0
-3.97451e-17 0
0.0547202 0
2.08439e-16 0
0.154848 0
-1.35317e-16 0
0.209568 0
-4.62094e-17 0
-0.209568 0
-0.0159773 0
-1.97166e-16 0
0.0679411 0
-9.85022e-17 0
0.0492016 0
5.67926e-17 0
-0.0893134 0
2.91058e-17 0
0.0436185 0
-1.73042e-16 0
0.053916 0
2.01354e-17 0
-0.119741 0
6.98141e-17 0
0.0662688 0
1.70992e-16 0
0.0870123 0
-1.00616e-16 0
-0.264288 0
-0.0519639 0
5.59145e-17 0
-0.117143 0
-1.06451e-16 0
0.0401118 0
-5.5031e-18 0
0.0456949 0
2.38885e-16 0
-0.0975346 0
-7.51485e-17 0
0.0658254 0
-1.31474e-16 0
0.0534726 0
-2.38294e-16 0
-0.153281 0
1.54096e-16 0
0.177276 0
0.169107 0
9.9485e-17 0
0.077031 0
1.21822e-16 0
-0.0858067 0
-1.58575e-16 0
0.0518397 0
4.74888e-17 0
0.0317092 0
1.74085e-16 0
-0.119298 0
1.41053e-16 0
0.0998085 0
3.51993e-17 0
-0.0239949 0
-0.246138 0
-1.14299e-16 0
0.00877568 0
9.71788e-17 0
0.033967 0
3.13386e-17 0
-0.0835489 0
-1.42336e-16 0
0.0875889 0
-1.40492e-16 0
0.0194896 0
-6.43539e-17 0
-0.0758135 0
0.237362 0
-1.07662e-16 0
-0.0427426 0
1.74454e-16 0
0.0495819 0
-1.3972e-16 0
-0.00403998 0
1.90413e-16 0
-0.107078 0
-4.58269e-17 0
0.056324 0
-0.194619 0
4.73069e-17 0
-0.0068393 0
-2.27896e-16 0
-0.045542 0
5.47896e-17 0
0.111118 0
-1.09846e-17 0
0.0507545 0
0.201459 0
-2.22433e-18 0
0.0523812 0
2.39966e-17 0
-0.0655765 0
8.39764e-17 0
-0.161873 0
-0.25384 0
1.56109e-16 0
0.0131952 0
-4.57935e-17 0
0.227449 0
0.240645 0
2.49086e-16 0
-0.240645 0
2.65431e-05 0
-9.23369e-17 0
-0.00260905 0
9.49465e-17 0
-2.65431e-05 0
6.36702e-17 0
-1.21675e-16 0
-0.0132589 0
-4.93125e-18 0
0.00263559 0
6.58385e-17 0
-0.022616 0
5.74993e-17 0
0.0106233 0
4.59969e-17 0
0.0869238 0
-2.32947e-17 0
0.0119927 0
8.35673e-17 0
-0.0766324 0
-5.26154e-17 0
-0.0989165 0
-9.59514e-17 0
-0.0210442 0
1.33546e-16 0
0.175549 0
6.80718e-17 0
0.120624 0
3.04069e-17 0
-0.154505 0
4.68925e-17 0
-0.146131 0
-5.20327e-17 0
0.0338806 0
-1.43544e-16 0
0.0729137 0
9.23905e-17 0
0.112251 0
-1.6601e-16 0
0.185164 0
2.51735e-17 0
-0.185164 0
0.00258251 0
8.38752e-17 0
0.015868 0
1.28625e-16 0
0.035875 0
1.13743e-16 0
-0.0643077 0
1.02452e-16 0
-0.0102914 0
3.47267e-18 0
0.0976765 0
1.71794e-16 0
-0.0995799 0
-1.04208e-16 0
0.0255073 0
3.7876e-17 0
0.0732178 0
3.01969e-16 0
-0.258078 0
-0.0184505 0
-8.40232e-17 0
-0.0517429 0
-3.08237e-16 0
0.0284328 0
-1.80189e-16 0
0.0745992 0
9.25779e-17 0
-0.0873851 0
-9.30477e-17 0
0.00190339 0
3.06618e-17 0
0.0740726 0
-4.62363e-18 0
-0.0987251 0
-2.51622e-16 0
0.18486 0
0.0701934 0
9.06276e-17 0
0.0233101 0
-8.57985e-17 0
-0.103032 0
3.65138e-16 0
0.012786 0
-1.63402e-16 0
0.0854817 0
-8.85463e-17 0
-0.075976 0
8.95568e-18 0
0.0246525 0
-4.30352e-17 0
-0.0861353 0
-0.0935035 0
9.77151e-17 0
0.0797218 0
-2.02259e-16 0
0.090246 0
-4.10102e-17 0
-0.0982677 0
-5.4828e-17 0
-0.00950576 0
-7.02263e-17 0
0.0513235 0
-1.30468e-16 0
0.0614828 0
0.0137817 0
2.07687e-17 0
-0.169968 0
3.19676e-17 0
0.00802175 0
2.63988e-17 0
0.107773 0
3.09125e-16 0
-0.0418177 0
-1.38063e-16 0
-0.112806 0
0.156186 0
1.59986e-17 0
0.161946 0
1.78438e-17 0
-0.115795 0
-3.38394e-16 0
-0.0659557 0
-6.61011e-17 0
0.154624 0
-0.318132 0
-2.76841e-16 0
-0.0461508 0
8.97218e-17 0
0.181751 0
4.55534e-17 0
-0.0886683 0
0.364283 0
-4.37955e-17 0
-0.1356 0
-1.6825e-16 0
-0.0930827 0
-0.228683 0
1.90324e-16 0
0.228683 0
0 0
0 0
0 0
0 0
0 0
0 0
0 0
0 0
0 0
0 0
0 0
0 0
0 0
0 0
0 0
0 0
0 0
0 0
0 0
0 0
0 0
0 0
0 0
0 0
0 0
0 0
0 0
0 0
0 0
0 0
0 0
0 0
0 0
0 0
0 0
0 0
0 0
0 0
0 0
0 0
0 0
0 0
0 0
0 0
0 0
0 0
0 0
0 0
0 0
0 0
0 0
0 0
0 0
0 0
0 0
0 0
0 0
0 0
0 0
0 0
0 0
0 0
0 0
0 0
0 0
0 0
0 0
0 0
0 0
0 0
0 0
0 0
0 0
0 0
0 0
0 0
0 0
0 0
0 0
0 0
0 0
0 0
0 0
0 0
0 0
0 0
0 0
0 0
0 0
0 0
0 0
0 0
0 0
0 0
0 0
0 0
0 0
0 0
0 0
0 0
0 0
0 0
0 0
0 0
0 0
0 0
0 0
0 0
0 0
0 0
0 0
0 0
0 0
0 0
0 0
0 0
0 0
0 0
0 0
0 0
0 0
0 0
0 0
0 0
0 0
0 0
0 0
0 0
0 0
0 0
0 0
0 0
0 0
0 0
0 0
0 0
0 0
0 0
0 0
0 0
0 0
0.000111678 0
1.59923e-16 0
0.0128901 0
-1.14554e-16 0
-0.000111678 0
-1.67422e-16 0
-1.19395e-16 0
-0.0379841 0
7.5308e-17 0
-0.0127784 0
-6.5877e-17 0
-0.0211982 0
-1.52053e-17 0
0.0507625 0
-1.52664e-16 0
0.115531 0
8.19907e-17 0
-0.0295643 0
8.64298e-17 0
-0.166359 0
-1.03315e-18 0
-0.0859664 0
1.6217e-16 0
0.131854 0
-6.26183e-17 0
0.252325 0
-2.44171e-16 0
-0.0364495 0
1.89369e-16 0
-0.384179 0
-1.19842e-16 0
-0.0519293 0
-8.52517e-17 0
0.420629 0
1.22832e-17 0
0.106831 0
5.39811e-17 0
-0.3687 0
1.59678e-16 0
-0.261868 0
1.23711e-17 0
0.261868 0
-0.0130018 0
1.17373e-16 0
0.025094 0
2.65359e-17 0
0.0591823 0
1.00589e-16 0
-0.0943325 0
3.73316e-17 0
0.0508281 0
-1.29765e-16 0
0.0345048 0
1.26627e-16 0
-0.0954045 0
5.91622e-17 0
0.0883788 0
-3.39973e-17 0
-0.0549017 0
-2.24767e-16 0
0.155037 0
-0.0120922 0
2.71874e-17 0
-0.0842763 0
-1.01367e-16 0
0.0351503 0
-2.14492e-17 0
0.0435045 0
-2.34318e-16 0
-0.0853329 0
1.81554e-16 0
0.0608997 0
-1.28642e-16 0
0.00702565 0
5.49171e-17 0
-0.0334771 0
3.81418e-17 0
-0.100136 0
0.0963685 0
2.26002e-16 0
0.049126 0
-7.52815e-17 0
-0.0786547 0
1.72964e-16 0
0.0418284 0
-1.80468e-16 0
0.0244332 0
2.32773e-17 0
-0.0679253 0
2.6614e-17 0
0.0264515 0
-8.98569e-19 0
0.133613 0
-0.145495 0
2.24285e-18 0
0.0295287 0
-2.90393e-17 0
0.0368263 0
4.5927e-17 0
-0.0662616 0
6.52238e-17 0
0.0434921 0
-9.02055e-17 0
0.0414739 0
1.29e-16 0
-0.160064 0
0.115966 0
-3.1965e-17 0
-0.066355 0
-1.25579e-16 0
0.0294353 0
2.92964e-17 0
0.0227695 0
-2.84967e-17 0
-0.084966 0
-8.02804e-17 0
0.11859 0
-0.0496109 0
-1.48801e-16 0
0.0369196 0
-6.02081e-17 0
-0.0522048 0
-2.73307e-16 0
0.0621965 0
2.20707e-16 0
-0.0336245 0
0.0126912 0
5.69925e-17 0
0.0152852 0
-1.31233e-16 0
-0.00999162 0
2.42343e-18 0
-0.028572 0
-0.0279764 0
7.45512e-17 0
-0.00529359 0
-2.53986e-16 0
0.0385636 0
0.03327 0
1.39571e-16 0
-0.03327 0
0 0
0 0
0 0
0 0
0 0
0 0
0 0
0 0
0 0
0 0
0 0
0 0
0 0
0 0
0 0
0 0
0 0
0 0
0 0
0 0
0 0
0 0
0 0
0 0
0 0
0 0
0 0
0 0
0 0
0 0
0 0
0 0
0 0
0 0
0 0
0 0
0 0
0 0
0 0
0 0
0 0
0 0
0 0
0 0
0 0
0 0
0 0
0 0
0 0
0 0
0 0
0 0
0 0
0 0
0 0
0 0
0 0
0 0
0 0
0 0
0 0
0 0
0 0
0 0
0 0
0 0
0 0
0 0
0 0
0 0
0 0
0 0
0 0
0 0
0 0
0 0
0 0
0 0
0 0
0 0
0 0
0 0
0 0
0 0
0 0
0 0
0 0
0 0
0 0
0 0
0 0
0 0
0 0
0 0
0 0
0 0
0 0
0 0
0 0
0 0
0 0
0 0
0 0
0 0
0 0
0 0
0 0
0 0
0 0
0 0
0 0
0 0
0 0
0 0
0 0
0 0
0 0
0 0
0 0
0 0
0 0
0 0
0 0
0 0
0 0
0 0
0 0
0 0
0 0
0 0
0 0
0 0
0 0
0 0
0 0
0 0
0 0
0 0
0 0
0 0
0 0
0 0
0 0
0 0
0 0
0 0
0 0
0 0
0 0
0 0
0 0
0 0
0 0
0 0
0 0
0 0
0 0
0 0
0 0
0 0
0 0
0 0
0 0
0 0
0 0
0 0
0 0
0 0
0 0
0 0
0 0
0 0
0 0
0 0
0 0
0 0
0 0
0 0
0 0
0 0
0 0
0 0
0 0
0 0
0 0
0 0
0 0
0 0
0 0
0 0
0 0
0 0
0 0
0 0
0 0
0 0
0 0
0 0
0 0
0 0
0 0
0 0
0 0
0 0
0 0
0 0
0 0
0 0
0 0
0 0
0 0
0 0
0 0
0 0
0 0
0 0
0 0
0 0
0 0
0 0
0 0
0 0
0 0
0 0
0 0
0 0
0 0
0 0
0 0
0 0
0 0
0 0
0 0
0 0
0 0
0 0
0 0
0 0
0 0
0 0
0 0
0 0
0 0
0 0
0 0
0 0
0 0
0 0
0 0
0 0
0 0
0 0
0 0
0 0
0 0
0 0
0 0
0 0
0 0
0 0
0 0
0 0
0 0
0 0
0 0
0 0
0 0
0 0
0 0
0 0
0 0
0 0
0 0
0 0
0 0
0 0
0 0
0 0
0 0
0 0
0 0
0 0
-3.6844e-06 0
1.56547e-16 0
-0.037754 0
6.45347e-17 0
3.6844e-06 0
-8.92096e-17 0
-3.27337e-16 0
0.118368 0
2.72961e-16 0
0.0377503 0
5.04111e-17 0
-0.0807434 0
-6.98318e-17 0
-0.156119 0
1.0101e-16 0
0.00955606 0
-7.87455e-17 0
0.236862 0
-5.32332e-17 0
0.022483 0
-2.63794e-17 0
-0.246418 0
1.4397e-16 0
-0.0278443 0
-1.1806e-16 0
0.223935 0
9.6655e-17 0
0.0440861 0
6.6744e-17 0
-0.196091 0
8.1813e-17 0
-0.079798 0
-9.45864e-17 0
0.152005 0
-5.66817e-17 0
0.117071 0
1.76218e-17 0
-0.0722067 0
-1.90214e-16 0
0.0448643 0
2.58722e-16 0
-0.0448643 0
0.0377577 0
5.14491e-17 0
-0.0806144 0
1.27633e-16 0
-0.037625 0
-6.57173e-17 0
0.0711873 0
1.20412e-16 0
-0.032039 0
1.20299e-16 0
0.00536137 0
-2.45349e-16 0
-0.0162418 0
-1.61459e-16 0
0.0357119 0
1.10575e-16 0
-0.0372731 0
1.77646e-16 0
-0.161935 0
0.0428567 0
-4.56449e-17 0
0.118239 0
-2.02434e-17 0
-0.0335622 0
5.32502e-18 0
-0.0391483 0
-1.44035e-16 0
0.0266777 0
8.47746e-17 0
0.0108804 0
1.68899e-16 0
-0.0194701 0
1.47144e-17 0
0.00156122 0
1.30793e-17 0
0.199208 0
-0.161096 0
-4.18601e-17 0
-0.0846772 0
-1.7806e-17 0
0.0727105 0
-4.30989e-17 0
0.0124706 0
1.028e-16 0
-0.037558 0
-1.1765e-16 0
0.00858972 0
7.27835e-18 0
0.0179089 0
-4.9374e-17 0
-0.20077 0
0.245773 0
-8.86666e-17 0
0.0119667 0
1.38536e-16 0
-0.0851811 0
-1.73201e-16 0
0.0250874 0
-1.8962e-17 0
0.0289683 0
-1.0539e-17 0
-0.0264986 0
-8.15342e-18 0
0.182861 0
-0.25774 0
-2.47324e-17 0
0.0732144 0
-5.88269e-17 0
0.0600936 0
1.9742e-16 0
-0.0540558 0
1.61058e-17 0
-0.00246971 0
1.10553e-16 0
-0.156362 0
0.184526 0
-3.02638e-17 0
-0.133308 0
-3.27632e-17 0
-0.00603788 0
-1.24074e-16 0
0.0565255 0
-1.94063e-17 0
0.158832 0
-0.0512176 0
5.02341e-17 0
0.139346 0
1.52063e-16 0
-0.0504876 0
1.32733e-16 0
-0.215357 0
-0.0881283 0
-1.569e-16 0
-0.0888583 0
-1.65285e-17 0
0.265845 0
0.176987 0
4.07332e-16 0
-0.176987 0
0.000818925 0
1.40405e-17 0
0.00815827 0
4.86835e-17 0
-0.000818925 0
-1.08395e-16 0
6.74211e-17 0
0.0350941 0
-1.28514e-17 0
-0.00733935 0
-1.83584e-16 0
-0.0723772 0
3.13114e-16 0
-0.0277548 0
-1.27591e-16 0
0.046257 0
-1.35848e-16 0
0.100132 0
1.27138e-16 0
-0.0103337 0
4.76998e-17 0
-0.146389 0
-1.03805e-16 0
0.0134392 0
-6.49004e-17 0
0.156723 0
1.99406e-16 0
-0.0121619 0
-7.51178e-17 0
-0.170162 0
-4.21635e-17 0
-0.0718678 0
1.28771e-16 0
0.182324 0
2.29613e-17 0
0.172314 0
-1.33416e-16 0
-0.110456 0
-2.37206e-17 0
0.0618579 0
-1.08298e-16 0
-0.0618579 0
-0.0089772 0
-8.19431e-17 0
-0.0432524 0
3.84566e-17 0
0.0372831 0
3.1332e-16 0
0.0261202 0
-3.40078e-17 0
-0.0359233 0
-9.55426e-17 0
-0.00310548 0
-1.5718e-16 0
-0.00127724 0
-3.63305e-17 0
0.0840297 0
-1.22574e-16 0
-0.100446 0
-5.79434e-17 0
-0.234172 0
0.0522296 0
-2.53547e-17 0
0.00596933 0
-2.28057e-16 0
-0.0634032 0
-1.40645e-16 0
0.00980317 0
7.28339e-17 0
0.0390288 0
2.21128e-16 0
0.00438272 0
1.05001e-16 0
-0.0827525 0
1.22729e-16 0
0.0164163 0
-9.79064e-17 0
0.334618 0
-0.0581989 0
-1.26053e-16 0
0.0574339 0
5.1284e-18 0
0.0536001 0
3.45955e-16 0
-0.048832 0
-3.9791e-16 0
-0.0434115 0
-2.09848e-16 0
0.0783698 0
-6.19344e-17 0
0.0663361 0
2.28135e-16 0
-0.351034 0
0.000765033 0
5.64266e-17 0
-0.111034 0
-3.78681e-17 0
-0.00476807 0
1.69966e-16 0
0.0922435 0
-4.70001e-17 0
-0.0349582 0
-6.92264e-17 0
-0.144706 0
-4.35123e-18 0
0.284698 0
0.110269 0
-1.09692e-16 0
0.115802 0
1.39409e-16 0
-0.0874755 0
1.03086e-16 0
-0.0572853 0
-4.00676e-17 0
0.179664 0
5.77654e-18 0
-0.139992 0
-0.226071 0
-7.7362e-17 0
-0.0283266 0
1.69986e-16 0
0.144761 0
-1.4983e-16 0
-0.122379 0
1.12958e-16 0
-0.039672 0
0.254398 0
-2.12115e-16 0
-0.116434 0
-9.64363e-17 0
-0.0223819 0
3.18248e-16 0
0.162051 0
-0.137963 0
6.0229e-17 0
0.138816 0
-1.13166e-16 0
-0.139669 0
-0.000852805 0
2.5655e-16 0
0.000852805 0
0 0
0 0
0 0
0 0
0 0
0 0
0 0
0 0
0 0
0 0
0 0
0 0
0 0
0 0
0 0
0 0
0 0
0 0
0 0
0 0
0 0
0 0
0 0
0 0
0 0
0 0
0 0
0 0
0 0
0 0
0 0
0 0
0 0
0 0
0 0
0 0
0 0
0 0
0 0
0 0
0 0
0 0
0 0
0 0
0 0
0 0
0 0
0 0
0 0
0 0
0 0
0 0
0 0
0 0
0 0
0 0
0 0
0 0
0 0
0 0
0 0
0 0
0 0
0 0
0 0
0 0
0 0
0 0
0 0
0 0
0 0
0 0
0 0
0 0
0 0
0 0
0 0
0 0
0 0
0 0
0 0
0 0
0 0
0 0
0 0
0 0
0 0
0 0
0 0
0 0
0 0
0 0
0 0
0 0
0 0
0 0
0 0
0 0
0 0
0 0
0 0
0 0
0 0
0 0
0 0
0 0
0 0
0 0
0 0
0 0
0 0
0 0
0 0
0 0
0 0
0 0
0 0
0 0
0 0
0 0
0 0
0 0
0 0
0 0
0 0
0 0
0 0
0 0
0 0
0 0
0 0
0 0
0 0
0 0
0 0
0 0
0 0
0 0
0 0
0 0
0 0
0 0
0 0
0 0
0 0
0 0
0 0
0 0
0 0
0 0
0 0
0 0
0 0
0 0
0 0
0 0
0 0
0 0
0 0
0 0
0 0
0 0
0 0
0 0
0 0
0 0
0 0
0 0
0 0
0 0
0 0
0 0
0 0
0 0
0 0
0 0
0 0
0 0
0 0
0 0
0 0
0 0
0 0
0 0
0 0
0 0
0 0
0 0
0 0
0 0
0 0
0 0
0 0
0 0
0 0
0 0
0 0
0 0
0 0
0 0
0 0
0 0
0 0
0 0
0 0
0 0
0 0
0 0
0 0
0 0
0 0
0 0
0 0
0 0
0 0
0 0
0 0
0 0
0 0
0 0
0 0
0 0
0 0
0 0
0 0
0 0
0 0
0 0
0 0
0 0
0 0
0 0
0 0
0 0
0 0
0 0
0 0
0 0
0 0
0 0
0 0
0 0
0 0
0 0
0 0
0 0
0 0
0 0
0 0
0 0
0 0
0 0
0 0
0 0
0 0
0 0
0 0
0 0
0 0
0 0
0 0
0 0
0 0
0 0
0 0
0 0
0 0
0 0
0 0
0 0
0 0
0 0
0 0
0 0
0 0
0 0
0 0
0 0
0 0
0 0
0 0
0 0
-6.68416e-09 0
3.08089e-18 0
0.0561493 0
-4.75974e-17 0
6.68416e-09 0
-3.67417e-17 0
-8.84127e-18 0
-0.0827912 0
-1.17322e-16 0
-0.0561493 0
-4.07175e-17 0
0.128582 0
1.56525e-17 0
0.138941 0
-1.84928e-16 0
-0.109006 0
2.47285e-16 0
-0.267522 0
-1.30145e-16 0
-0.0052799 0
6.08765e-17 0
0.376529 0
4.52524e-17 0
0.137559 0
1.09112e-16 0
-0.371249 0
-1.67632e-16 0
-0.190135 0
7.6378e-17 0
0.23369 0
-2.52528e-16 0
0.134627 0
-5.80019e-17 0
-0.0435552 0
-7.65791e-17 0
-0.00746361 0
-1.12783e-16 0
-0.0910715 0
1.88598e-16 0
-0.0985351 0
-9.74667e-17 0
0.0985351 0
-0.0561493 0
1.38791e-16 0
0.0266419 0
7.71836e-17 0
-0.0457906 0
5.42344e-17 0
-0.0195754 0
7.34285e-17 0
0.114286 0
-1.85126e-16 0
-0.132279 0
1.44416e-17 0
0.0525762 0
3.72836e-17 0
0.0555082 0
5.00191e-17 0
-0.127163 0
-1.90819e-16 0
0.105999 0
0.0295074 0
-1.49287e-17 0
0.0191487 0
-1.25418e-16 0
0.065366 0
8.97683e-17 0
-0.0947109 0
-1.31242e-16 0
0.0179925 0
1.58521e-16 0
0.0797027 0
7.01178e-17 0
-0.108084 0
-1.37373e-16 0
0.0716548 0
4.17447e-17 0
0.0211644 0
-0.0486561 0
8.03446e-17 0
-0.0845146 0
1.10345e-16 0
0.0293449 0
1.40567e-16 0
0.0767184 0
-1.61535e-16 0
-0.0976952 0
-9.35505e-17 0
0.0283817 0
1.70955e-17 0
0.0364295 0
-7.16947e-17 0
-0.0928192 0
0.133171 0
-1.1415e-16 0
0.0551697 0
-3.31279e-17 0
-0.106063 0
-8.70023e-17 0
0.0209768 0
-2.39597e-17 0
0.0693135 0
-9.58392e-17 0
-0.0648113 0
1.34554e-16 0
0.0563897 0
-0.18834 0
-5.4934e-17 0
0.0508936 0
1.58637e-16 0
0.0850865 0
-6.71671e-17 0
-0.0902903 0
1.00986e-16 0
-0.00450222 0
2.95305e-17 0
0.00842158 0
0.137447 0
4.7345e-17 0
-0.13598 0
2.88608e-17 0
0.00520381 0
3.86166e-18 0
0.0947925 0
6.11806e-17 0
-0.00391935 0
-0.00146671 0
-7.46077e-17 0
0.130776 0
1.74513e-16 0
-0.0999963 0
-2.28787e-16 0
-0.0908732 0
-0.12931 0
-8.31101e-18 0
-0.03078 0
-9.49717e-17 0
0.190869 0
0.16009 0
-1.05505e-16 0
-0.16009 0
0 0
0 0
0 0
0 0
0 0
0 0
0 0
0 0
0 0
0 0
0 0
0 0
0 0
0 0
0 0
0 0
0 0
0 0
0 0
0 0
0 0
0 0
0 0
0 0
0 0
0 0
0 0
0 0
0 0
0 0
0 0
0 0
0 0
0 0
0 0
0 0
0 0
0 0
0 0
0 0
0 0
0 0
0 0
0 0
0 0
0 0
0 0
0 0
0 0
0 0
0 0
0 0
0 0
0 0
0 0
0 0
0 0
0 0
0 0
0 0
0 0
0 0
0 0
0 0
0 0
0 0
0 0
0 0
0 0
0 0
0 0
0 0
0 0
0 0
0 0
0 0
0 0
0 0
0 0
0 0
0 0
0 0
0 0
0 0
0 0
0 0
0 0
0 0
0 0
0 0
0 0
0 0
0 0
0 0
0 0
0 0
0 0
0 0
0 0
0 0
0 0
0 0
0 0
0 0
0 0
0 0
0 0
0 0
0 0
0 0
0 0
0 0
0 0
0 0
0 0
0 0
0 0
0 0
0 0
0 0
0 0
0 0
0 0
0 0
0 0
0 0
0 0
0 0
0 0
0 0
0 0
0 0
0 0
0 0
0 0
0 0
0 0
0 0
0 0
0 0
0 0
0.00053475 0
-1.90318e-16 0
-0.00556122 0
8.88366e-17 0
-0.00053475 0
2.25781e-16 0
-7.45352e-17 0
-0.00219578 0
3.16641e-17 0
0.00609597 0
2.90229e-17 0
-0.0231759 0
-2.09086e-17 0
-0.00390019 0
-4.07721e-17 0
0.0617512 0
-5.40827e-17 0
0.027076 0
1.48016e-16 0
-0.0784095 0
1.566e-16 0
-0.0888273 0
-5.08318e-18 0
0.0531572 0
1.25843e-16 0
0.167237 0
1.96746e-16 0
-0.0199113 0
-2.78553e-16 0
-0.220394 0
1.9878e-16 0
0.0339116 0
8.23132e-17 0
0.240305 0
-2.31696e-16 0
-0.0271843 0
-1.04986e-16 0
-0.274217 0
-6.25386e-17 0
-0.301401 0
1.19784e-16 0
0.301401 0
0.00502648 0
4.16939e-17 0
0.00775701 0
-2.1834e-17 0
0.0253716 0
1.21824e-16 0
-0.0385754 0
-1.03086e-16 0
0.0166583 0
7.91273e-17 0
0.0252523 0
2.82853e-17 0
-0.0332458 0
-2.06809e-16 0
-0.0140003 0
-1.01059e-16 0
-0.00672738 0
7.48884e-17 0
0.328585 0
-0.0127835 0
1.3263e-16 0
-0.0331286 0
-1.27727e-16 0
0.0132038 0
5.99027e-17 0
0.0219171 0
-1.64864e-16 0
-0.0419106 0
-1.31043e-16 0
0.00799348 0
-8.38837e-17 0
0.0472461 0
4.43903e-16 0
0.0207277 0
-9.70082e-17 0
-0.321858 0
0.0459121 0
-2.25906e-16 0
0.0199249 0
1.85861e-16 0
-0.0351209 0
-6.73485e-17 0
0.0199935 0
2.39588e-17 0
0.0339171 0
2.37517e-17 0
-0.0552396 0
-8.96505e-17 0
-0.0679738 0
-1.39096e-16 0
0.30113 0
-0.065837 0
-1.57675e-16 0
0.015196 0
-1.68238e-16 0
0.0151274 0
1.43531e-16 0
-0.0539106 0
2.84876e-16 0
0.0213225 0
-1.65577e-16 0
0.123213 0
7.06656e-17 0
-0.233157 0
0.050641 0
3.15253e-16 0
-0.0303235 0
-1.76884e-16 0
0.0387831 0
-2.27613e-16 0
0.0325881 0
-6.91705e-18 0
-0.144536 0
-1.01242e-17 0
0.109943 0
-0.0203175 0
-4.60158e-17 0
-0.0084597 0
1.33756e-16 0
-0.0713712 0
2.87848e-16 0
0.111948 0
-1.13232e-16 0
0.0345927 0
0.0287772 0
2.17999e-16 0
0.0798309 0
-1.34176e-16 0
-0.0405765 0
-7.5057e-17 0
-0.14654 0
-0.108608 0
-1.6737e-16 0
-0.0392544 0
2.82949e-16 0
0.187117 0
0.147863 0
-1.46577e-16 0
-0.147863 0
-3.64685e-05 0
3.99754e-17 0
-0.00942432 0
-1.27935e-16 0
3.64685e-05 0
-3.43496e-17 0
1.80683e-16 0
0.0235219 0
-5.70716e-17 0
0.00938785 0
-1.93316e-18 0
-0.0643737 0
3.97624e-17 0
-0.0329098 0
-9.10687e-19 0
0.0311009 0
-1.85447e-17 0
0.0972835 0
8.84734e-17 0
0.0691274 0
-2.69934e-17 0
-0.128384 0
9.86775e-17 0
-0.119209 0
-5.59703e-17 0
0.0592569 0
-3.51227e-17 0
0.044856 0
3.93964e-17 0
0.0599518 0
-1.99755e-17 0
0.0846709 0
3.05115e-17 0
-0.104808 0
1.10205e-16 0
-0.124536 0
7.82671e-17 0
0.0201369 0
1.71459e-16 0
-0.104399 0
-1.21407e-16 0
0.104399 0
0.00946078 0
3.18355e-18 0
-0.0140976 0
-1.79688e-16 0
0.0408518 0
7.22578e-18 0
0.0332728 0
-4.85832e-17 0
-0.100228 0
-3.21295e-17 0
0.0500812 0
7.38868e-17 0
0.0743526 0
3.24707e-17 0
-0.129527 0
7.35192e-17 0
0.0398651 0
-1.66316e-16 0
0.228935 0
0.00463683 0
4.0144e-17 0
-0.0267541 0
8.8579e-17 0
-0.0741246 0
-3.63258e-17 0
0.0669555 0
9.90423e-17 0
0.0501471 0
-8.8811e-17 0
-0.124434 0
1.26404e-17 0
0.0551743 0
-5.47567e-17 0
0.0896618 0
8.2413e-17 0
-0.2688 0
0.0221173 0
-8.71064e-17 0
0.100879 0
4.65974e-17 0
0.00716903 0
-5.17263e-17 0
-0.117103 0
-3.12741e-17 0
0.0742868 0
6.06814e-17 0
0.0692596 0
3.67406e-17 0
-0.144836 0
-1.07882e-16 0
0.179138 0
-0.122996 0
2.69802e-17 0
-0.108048 0
-9.59542e-18 0
0.109934 0
9.22226e-18 0
0.0428159 0
3.01437e-17 0
-0.143546 0
-7.73313e-17 0
0.0755765 0
8.9486e-17 0
-0.0343023 0
0.231044 0
-5.2673e-17 0
-0.00188588 0
6.94052e-17 0
-0.152749 0
-4.62565e-17 0
0.100731 0
8.01328e-18 0
0.0679699 0
-1.14783e-16 0
-0.0412742 0
-0.229158 0
-1.46361e-17 0
0.154635 0
-1.52015e-16 0
0.0520189 0
2.07977e-16 0
-0.1687 0
1.53045e-16 0
-0.0266957 0
0.0745225 0
9.0559e-17 0
-0.206654 0
7.39178e-18 0
0.116681 0
-2.15984e-16 0
0.195396 0
0.132132 0
-2.58805e-17 0
0.0899729 0
1.37252e-17 0
-0.312077 0
-0.222105 0
-5.19246e-17 0
0.222105 0
0 0
0 0
0 0
0 0
0 0
0 0
0 0
0 0
0 0
0 0
0 0
0 0
0 0
0 0
0 0
0 0
0 0
0 0
0 0
0 0
0 0
0 0
0 0
0 0
0 0
0 0
0 0
0 0
0 0
0 0
0 0
0 0
0 0
0 0
0 0
0 0
0 0
0 0
0 0
0 0
0 0
0 0
0 0
0 0
0 0
0 0
0 0
0 0
0 0
0 0
0 0
0 0
0 0
0 0
0 0
0 0
0 0
0 0
0 0
0 0
0 0
0 0
0 0
0 0
0 0
0 0
0 0
0 0
0 0
0 0
0 0
0 0
0 0
0 0
0 0
0 0
0 0
0 0
0 0
0 0
0 0
0 0
0 0
0 0
0 0
0 0
0 0
0 0
0 0
0 0
0 0
0 0
0 0
0 0
0 0
0 0
0 0
0 0
0 0
0 0
0 0
0 0
0 0
0 0
0 0
0 0
0 0
0 0
0 0
0 0
0 0
0 0
0 0
0 0
0 0
0 0
0 0
0 0
0 0
0 0
0 0
0 0
0 0
0 0
0 0
0 0
0 0
0 0
0 0
0 0
0 0
0 0
0 0
0 0
0 0
0 0
0 0
0 0
0 0
0 0
0 0
0 0
0 0
0 0
0 0
0 0
0 0
0 0
0 0
0 0
0 0
0 0
0 0
0 0
0 0
0 0
0 0
0 0
0 0
0 0
0 0
0 0
0 0
0 0
0 0
0 0
0 0
0 0
0 0
0 0
0 0
0 0
0 0
0 0
0 0
0 0
0 0
0 0
0 0
0 0
0 0
0 0
0 0
0 0
0 0
0 0
0 0
0 0
0 0
0 0
0 0
0 0
0 0
0 0
0 0
0 0
0 0
0 0
0 0
0 0
0 0
0 0
0 0
0 0
0 0
0 0
0 0
0 0
0 0
0 0
0 0
0 0
0 0
0 0
0 0
0 0
0 0
0 0
0 0
0 0
0 0
0 0
0 0
0 0
0 0
0 0
0 0
0 0
0 0
0 0
0 0
0 0
0 0
0 0
0 0
0 0
0 0
0 0
0 0
0 0
0 0
0 0
0 0
0 0
0 0
0 0
0 0
0 0
0 0
0 0
0 0
0 0
0 0
0 0
0 0
0 0
0 0
0 0
0 0
0 0
0 0
0 0
0 0
0 0
0 0
0 0
0 0
0 0
0 0
0 0
0 0
0 0
0 0
0 0
0 0
0 0
0 0
0 0
0 0
0 0
0 0
0 0
0.0194485 0
-4.28115e-17 0
0.24351 0
4.39913e-17 0
-0.0194485 0
4.40883e-17 0
-3.08482e-16 0
-0.0907868 0
-1.92548e-16 0
-0.224061 0
-4.50235e-17 0
-0.100299 0
-5.29285e-16 0
0.314848 0
3.11027e-16 0
0.165944 0
-2.54351e-16 0
-0.214548 0
-2.13651e-16 0
-0.112245 0
5.22333e-17 0
0.0486047 0
-1.2681e-16 0
0.0219826 0
2.55993e-16 0
0.06364 0
-1.2693e-16 0
0.0329514 0
-1.59943e-16 0
-0.0856226 0
2.95635e-16 0
-0.0369114 0
8.0854e-17 0
0.0526712 0
3.27554e-16 0
0.0191389 0
1.66569e-16 0
-0.0157598 0
-2.68651e-17 0
0.00337909 0
7.49531e-17 0
-0.00337909 0
-0.262958 0
-7.33396e-17 0
-0.152723 0
5.65317e-16 0
0.191086 0
-3.91469e-16 0
-0.0656443 0
3.03333e-16 0
-0.0536991 0
-6.02581e-17 0
0.0902621 0
3.15268e-16 0
-0.054934 0
-2.18792e-16 0
0.00396005 0
-1.23076e-16 0
0.0177725 0
-4.82141e-17 0
-0.022518 0
0.415681 0
3.70341e-17 0
-0.0383633 0
-1.36557e-16 0
-0.125442 0
3.17815e-16 0
0.119343 0
-4.10292e-16 0
-0.036563 0
-7.0156e-17 0
-0.0353281 0
-1.63217e-16 0
0.0509739 0
2.02841e-16 0
-0.0217326 0
2.68284e-16 0
0.00474547 0
-0.377318 0
3.30376e-16 0
0.163805 0
3.62381e-16 0
0.00609855 0
-1.40533e-17 0
-0.0827804 0
1.26428e-16 0
0.0718911 0
2.44093e-16 0
-0.0156458 0
-2.10552e-16 0
-0.0292414 0
1.89378e-16 0
0.0169871 0
0.213513 0
-4.62057e-17 0
-0.169904 0
-1.0769e-16 0
0.0766818 0
2.85606e-16 0
0.0108893 0
2.01847e-16 0
-0.0562453 0
-1.77015e-16 0
0.0448872 0
-1.23994e-17 0
0.0122543 0
-0.0436087 0
2.37772e-16 0
0.093222 0
1.63043e-16 0
-0.0875711 0
-3.08631e-16 0
0.0453561 0
-6.4244e-17 0
0.0113581 0
-4.00908e-16 0
-0.0571415 0
-0.0496132 0
-2.99645e-16 0
-0.00565088 0
-1.11649e-16 0
0.042215 0
-7.11516e-17 0
-0.0567142 0
-2.12917e-16 0
0.0457833 0
0.0552641 0
2.62893e-16 0
-0.0365642 0
-3.75263e-16 0
0.0144992 0
1.48857e-16 0
0.0109309 0
-0.0186999 0
-3.16664e-16 0
0.022065 0
1.92096e-16 0
-0.0254301 0
-0.00336506 0
-1.66647e-18 0
0.00336506 0
-0.0124275 0
2.36418e-17 0
-0.0121731 0
-1.26898e-17 0
0.0124275 0
2.25449e-17 0
-1.67559e-16 0
-0.11225 0
6.27271e-17 0
-0.000254385 0
2.18669e-16 0
0.100231 0
-3.30152e-16 0
0.112505 0
1.83115e-16 0
-0.0112503 0
-1.29461e-16 0
-0.212735 0
-4.9134e-17 0
-0.061432 0
-2.06233e-16 0
0.223986 0
5.28755e-18 0
0.0647534 0
1.28866e-17 0
-0.162554 0
1.3637e-16 0
-0.000221221 0
5.46655e-17 0
0.0978002 0
-6.23417e-18 0
-0.0598867 0
-2.95286e-17 0
-0.097579 0
-3.93717e-17 0
-0.00300664 0
8.43514e-17 0
0.157466 0
-2.10111e-16 0
0.154459 0
9.81033e-17 0
-0.154459 0
0.0246007 0
-6.2147e-17 0
0.124423 0
1.40088e-16 0
0.0120195 0
-1.7313e-16 0
-0.0889804 0
2.29036e-16 0
0.0726823 0
-9.57973e-17 0
-0.00332138 0
5.13025e-17 0
-0.0645321 0
1.59151e-16 0
0.0601079 0
-8.18339e-17 0
0.0628934 0
9.51144e-17 0
-0.151452 0
-0.149024 0
-2.08808e-17 0
-0.136443 0
-4.61511e-17 0
0.076961 0
4.26328e-17 0
0.0162982 0
1.0506e-16 0
-0.0693609 0
-1.46218e-16 0
0.0678535 0
-2.17491e-16 0
0.00442421 0
-5.59838e-17 0
-0.123001 0
-8.37903e-17 0
0.0885591 0
0.285467 0
2.85314e-17 0
0.0594819 0
-4.64228e-17 0
-0.0932591 0
-2.06735e-16 0
0.0530627 0
7.34615e-17 0
0.00150735 0
2.65367e-16 0
-0.0722777 0
6.25727e-18 0
0.118577 0
3.06866e-17 0
0.0344422 0
-0.344949 0
2.25162e-17 0
0.0337773 0
-5.55051e-17 0
0.0401964 0
5.91189e-17 0
-0.0545701 0
-7.78067e-17 0
0.0707704 0
-1.67305e-16 0
-0.0462993 0
-4.6704e-17 0
-0.153019 0
0.311171 0
2.88921e-16 0
-0.0739737 0
-3.25469e-16 0
0.0143737 0
-1.05707e-16 0
-0.0162003 0
1.55395e-16 0
-0.024471 0
5.79892e-17 0
0.199319 0
-0.237198 0
1.27504e-17 0
0.0596 0
3.00767e-17 0
0.00182665 0
-9.13547e-17 0
0.0406714 0
-5.86397e-17 0
-0.174848 0
0.177598 0
3.47184e-16 0
-0.0614267 0
-2.44045e-16 0
-0.042498 0
1.84982e-16 0
0.134176 0
-0.116171 0
-6.83134e-17 0
0.103925 0
-1.7741e-16 0
-0.0916782 0
0.0122464 0
1.9533e-16 0
-0.0122464 0
0 0
0 0
0 0
0 0
0 0
0 0
0 0
0 0
0 0
0 0
0 0
0 0
0 0
0 0
0 0
0 0
0 0
0 0
0 0
0 0
0 0
0 0
0 0
0 0
0 0
0 0
0 0
0 0
0 0
0 0
0 0
0 0
0 0
0 0
0 0
0 0
0 0
0 0
0 0
0 0
0 0
0 0
0 0
0 0
0 0
0 0
0 0
0 0
0 0
0 0
0 0
0 0
0 0
0 0
0 0
0 0
0 0
0 0
0 0
0 0
0 0
0 0
0 0
0 0
0 0
0 0
0 0
0 0
0 0
0 0
0 0
0 0
0 0
0 0
0 0
0 0
0 0
0 0
0 0
0 0
0 0
0 0
0 0
0 0
0 0
0 0
0 0
0 0
0 0
0 0
0 0
0 0
0 0
0 0
0 0
0 0
0 0
0 0
0 0
0 0
0 0
0 0
0 0
0 0
0 0
0 0
0 0
0 0
0 0
0 0
0 0
0 0
0 0
0 0
0 0
0 0
0 0
0 0
0 0
0 0
0 0
0 0
0 0
0 0
0 0
0 0
0 0
0 0
0 0
0 0
0 0
0 0
0 0
0 0
0 0
0 0
0 0
0 0
0 0
0 0
0 0
0.41619 0
2.19612e-16 0
0.0221245 0
6.67002e-17 0
-0.41619 0
-2.33766e-16 0
-5.86692e-17 0
-0.169481 0
6.02251e-17 0
0.394065 0
2.31718e-16 0
0.153033 0
-1.06564e-16 0
-0.224585 0
-2.82127e-16 0
-0.0805781 0
-3.41506e-17 0
0.0715513 0
-1.15553e-17 0
0.018207 0
-3.69286e-17 0
0.00902676 0
1.39708e-16 0
0.0101826 0
9.71925e-17 0
-0.0272337 0
7.21481e-17 0
-0.0105585 0
-7.06807e-18 0
0.0170512 0
1.6964e-16 0
0.00179224 0
7.2869e-17 0
-0.00649271 0
-1.19967e-16 0
0.000161267 0
7.78382e-17 0
0.00470047 0
7.83666e-18 0
0.00486174 0
4.41661e-17 0
-0.00486174 0
-0.438314 0
2.77489e-16 0
0.147356 0
7.6299e-17 0
0.0164474 0
-2.34531e-16 0
-0.0724552 0
-6.28514e-17 0
0.0623711 0
-9.31509e-17 0
-0.0283895 0
1.71709e-17 0
0.000375901 0
-1.4642e-17 0
0.00876622 0
-9.03405e-17 0
-0.00195351 0
-4.23195e-17 0
-0.00502301 0
0.290958 0
6.67066e-17 0
-0.163804 0
1.79598e-16 0
0.0560077 0
-2.2742e-16 0
0.0100841 0
-6.96929e-17 0
-0.0339816 0
-9.21e-17 0
0.0280136 0
6.26083e-17 0
-0.00914213 0
-5.80389e-17 0
-0.00681272 0
-1.48772e-16 0
0.00697651 0
-0.127154 0
2.07674e-17 0
0.107796 0
2.8808e-18 0
-0.0660918 0
-1.85858e-16 0
0.0238975 0
-2.92876e-17 0
0.00596795 0
4.79647e-17 0
-0.0188715 0
-1.85625e-16 0
0.0159548 0
4.812e-17 0
-0.000163793 0
0.0193585 0
-1.5159e-17 0
-0.0417041 0
1.21543e-16 0
0.0421943 0
-5.19955e-18 0
-0.0298655 0
-1.93692e-16 0
0.0129036 0
1.96651e-16 0
0.00291666 0
-1.02512e-16 0
-0.0157911 0
0.0223456 0
1.68714e-16 0
-0.000490111 0
-4.45686e-17 0
-0.0123288 0
3.76557e-17 0
0.0169619 0
-6.5897e-17 0
-0.0158202 0
-1.2893e-16 0
0.0128744 0
-0.0218555 0
-1.41884e-17 0
0.0128189 0
-1.3893e-16 0
-0.00463316 0
-9.11944e-18 0
-0.00114171 0
1.8353e-16 0
0.00294583 0
0.00903666 0
-6.26029e-17 0
-0.00818572 0
-2.79229e-17 0
0.00577487 0
-3.41645e-17 0
-0.00180412 0
-0.000850943 0
1.31427e-17 0
0.00241085 0
6.58303e-17 0
-0.00397075 0
-0.0015599 0
6.01964e-18 0
0.0015599 0
0 0
0 0
0 0
0 0
0 0
0 0
0 0
0 0
0 0
0 0
0 0
0 0
0 0
0 0
0 0
0 0
0 0
0 0
0 0
0 0
0 0
0 0
0 0
0 0
0 0
0 0
0 0
0 0
0 0
0 0
0 0
0 0
0 0
0 0
0 0
0 0
0 0
0 0
0 0
0 0
0 0
0 0
0 0
0 0
0 0
0 0
0 0
0 0
0 0
0 0
0 0
0 0
0 0
0 0
0 0
0 0
0 0
0 0
0 0
0 0
0 0
0 0
0 0
0 0
0 0
0 0
0 0
0 0
0 0
0 0
0 0
0 0
0 0
0 0
0 0
0 0
0 0
0 0
0 0
0 0
0 0
0 0
0 0
0 0
0 0
0 0
0 0
0 0
0 0
0 0
0 0
0 0
0 0
0 0
0 0
0 0
0 0
0 0
0 0
0 0
0 0
0 0
0 0
0 0
0 0
0 0
0 0
0 0
0 0
0 0
0 0
0 0
0 0
0 0
0 0
0 0
0 0
0 0
0 0
0 0
0 0
0 0
0 0
0 0
0 0
0 0
0 0
0 0
0 0
0 0
0 0
0 0
0 0
0 0
0 0
0 0
0 0
0 0
0 0
0 0
0 0
8.06549e-06 0
5.60224e-17 0
-0.00283466 0
2.45946e-17 0
-8.06549e-06 0
-5.33109e-17 0
-1.14371e-16 0
-0.0789039 0
5.43742e-17 0
0.00284273 0
-2.14954e-17 0
0.0855327 0
-1.17161e-16 0
0.0760612 0
9.0411e-17 0
-0.0402263 0
-1.42543e-17 0
-0.161594 0
-2.16406e-17 0
-0.0117538 0
-4.61384e-17 0
0.20182 0
1.06918e-16 0
0.0649921 0
-1.6118e-16 0
-0.190066 0
1.65908e-16 0
-0.126028 0
1.61146e-16 0
0.125074 0
-1.06126e-16 0
0.138044 0
4.62918e-17 0
0.000954252 0
-2.17747e-17 0
0.0115147 0
-6.46841e-18 0
-0.138998 0
4.22324e-17 0
-0.127483 0
-9.38292e-17 0
0.127483 0
0.0028266 0
3.89981e-17 0
0.0817385 0
1.43373e-16 0
-0.00662878 0
-2.07721e-16 0
-0.0453064 0
2.97688e-17 0
0.0519801 0
5.23223e-17 0
-0.0532383 0
-2.5838e-17 0
0.0610363 0
-2.50674e-17 0
-0.0120154 0
8.63813e-17 0
-0.149558 0
-1.63191e-17 0
0.115969 0
-0.0845651 0
-7.9009e-17 0
-0.0751098 0
7.92269e-17 0
0.0519352 0
2.36472e-16 0
-0.0066737 0
-2.38632e-16 0
0.00125822 0
1.15885e-16 0
-0.00779796 0
-1.10689e-16 0
-0.0490209 0
5.30732e-17 0
0.161574 0
-7.30071e-18 0
0.0335899 0
0.159675 0
7.9207e-17 0
0.0231746 0
-1.02054e-16 0
-0.0452615 0
-6.88219e-17 0
0.00541548 0
7.20279e-17 0
0.00653974 0
-1.36489e-17 0
0.0568189 0
6.21532e-17 0
-0.112553 0
-1.291e-17 0
-0.195164 0
-0.182849 0
-6.26508e-18 0
0.0220869 0
5.36451e-17 0
0.039846 0
-8.57531e-17 0
-0.0119552 0
-3.82242e-17 0
-0.0633586 0
-1.43682e-16 0
0.0557341 0
1.34195e-16 0
0.307717 0
0.160763 0
-1.54048e-17 0
-0.0619329 0
-5.58778e-17 0
-0.0278908 0
1.83446e-16 0
0.0753138 0
-5.12164e-17 0
0.00762449 0
2.87594e-17 0
-0.363451 0
-0.0988297 0
1.75912e-17 0
0.0898237 0
-3.05582e-17 0
-0.047423 0
4.49376e-17 0
-0.0829383 0
-3.90991e-17 0
0.355826 0
0.00900597 0
1.26243e-16 0
-0.0424007 0
-6.18394e-17 0
0.130361 0
2.79559e-17 0
-0.272888 0
0.0333947 0
-1.41508e-16 0
-0.0879607 0
2.80406e-17 0
0.142527 0
0.054566 0
1.57065e-16 0
-0.054566 0
0 0
0 0
0 0
0 0
0 0
0 0
0 0
0 0
0 0
0 0
0 0
0 0
0 0
0 0
0 0
0 0
0 0
0 0
0 0
0 0
0 0
0 0
0 0
0 0
0 0
0 0
0 0
0 0
0 0
0 0
0 0
0 0
0 0
0 0
0 0
0 0
0 0
0 0
0 0
0 0
0 0
0 0
0 0
0 0
0 0
0 0
0 0
0 0
0 0
0 0
0 0
0 0
0 0
0 0
0 0
0 0
0 0
0 0
0 0
0 0
0 0
0 0
0 0
0 0
0 0
0 0
0 0
0 0
0 0
0 0
0 0
0 0
0 0
0 0
0 0
0 0
0 0
0 0
0 0
0 0
0 0
0 0
0 0
0 0
0 0
0 0
0 0
0 0
0 0
0 0
0 0
0 0
0 0
0 0
0 0
0 0
0 0
0 0
0 0
0 0
0 0
0 0
0 0
0 0
0 0
0 0
0 0
0 0
0 0
0 0
0 0
0 0
0 0
0 0
0 0
0 0
0 0
0 0
0 0
0 0
0 0
0 0
0 0
0 0
0 0
0 0
0 0
0 0
0 0
0 0
0 0
0 0
0 0
0 0
0 0
0 0
0 0
0 0
0 0
0 0
0 0
0 0
0 0
0 0
0 0
0 0
0 0
0 0
0 0
0 0
0 0
0 0
0 0
0 0
0 0
0 0
0 0
0 0
0 0
0 0
0 0
0 0
0 0
0 0
0 0
0 0
0 0
0 0
0 0
0 0
0 0
0 0
0 0
0 0
0 0
0 0
0 0
0 0
0 0
0 0
0 0
0 0
0 0
0 0
0 0
0 0
0 0
0 0
0 0
0 0
0 0
0 0
0 0
0 0
0 0
0 0
0 0
0 0
0 0
0 0
0 0
0 0
0 0
0 0
0 0
0 0
0 0
0 0
0 0
0 0
0 0
0 0
0 0
0 0
0 0
0 0
0 0
0 0
0 0
0 0
0 0
0 0
0 0
0 0
0 0
0 0
0 0
0 0
0 0
0 0
0 0
0 0
0 0
0 0
0 0
0 0
0 0
0 0
0 0
0 0
0 0
0 0
0 0
0 0
0 0
0 0
0 0
0 0
0 0
0 0
0 0
0 0
0 0
0 0
0 0
0 0
0 0
0 0
0 0
0 0
0 0
0 0
0 0
0 0
0 0
0 0
0 0
0 0
0 0
0 0
0 0
0 0
0 0
0 0
0 0
0 0
0 0
0 0
0 0
0 0
0 0
0 0
-0.417564 0
-8.06601e-17 0
0.0113266 0
1.05117e-16 0
0.417564 0
-8.46884e-17 0
-2.23761e-16 0
0.150967 0
-2.85925e-16 0
-0.42889 0
1.68458e-16 0
-0.159886 0
2.0269e-16 0
0.277923 0
-1.75767e-16 0
0.100901 0
-7.29444e-17 0
-0.118037 0
-3.68486e-17 0
-0.0363306 0
6.51547e-17 0
0.0171359 0
-1.4921e-16 0
-0.00257659 0
-9.52322e-17 0
0.0191947 0
1.39849e-16 0
0.0124082 0
-1.71142e-17 0
-0.0166181 0
-8.49748e-17 0
-0.0062312 0
9.28797e-18 0
0.00420999 0
-1.19977e-16 0
-0.000576397 0
4.72665e-17 0
0.00202121 0
9.84297e-18 0
0.00144481 0
-6.53755e-17 0
-0.00144481 0
0.406237 0
1.05311e-16 0
-0.162294 0
-2.11317e-16 0
0.00891864 0
1.79346e-17 0
0.0589849 0
-8.23023e-17 0
-0.0645705 0
-4.52888e-17 0
0.0389072 0
-6.85207e-17 0
-0.00983156 0
-9.78923e-18 0
-0.00617695 0
4.98351e-17 0
0.0068076 0
4.49711e-18 0
-0.000868415 0
-0.243943 0
-4.0052e-17 0
0.153375 0
-8.01566e-17 0
-0.0679035 0
-2.67494e-17 0
0.00558561 0
-5.32544e-17 0
0.0256633 0
-8.75713e-17 0
-0.0290757 0
1.36056e-16 0
0.0160085 0
8.41351e-17 0
-0.000630648 0
-1.92045e-17 0
-0.00593918 0
0.0905679 0
-8.22511e-17 0
-0.0854718 0
-9.38914e-17 0
0.0623179 0
-1.39946e-16 0
-0.0312489 0
-1.47254e-18 0
0.0034124 0
6.77273e-17 0
0.0130671 0
-1.39021e-16 0
-0.0153779 0
1.50161e-17 0
0.00656983 0
-0.00509606 0
-7.38523e-17 0
0.0231539 0
-1.01507e-17 0
-0.031069 0
7.3045e-17 0
0.0278365 0
-6.33425e-17 0
-0.0164795 0
-5.43396e-17 0
0.00231072 0
-1.14319e-16 0
0.00880804 0
-0.0180578 0
7.62011e-17 0
0.00791515 0
-1.4593e-16 0
0.00323258 0
2.47525e-18 0
-0.0113569 0
1.76057e-16 0
0.0141688 0
-1.63723e-16 0
-0.0111188 0
0.0101427 0
4.24829e-17 0
-0.0111477 0
2.75235e-17 0
0.00812433 0
-3.68908e-17 0
-0.00281192 0
-2.08522e-17 0
-0.00305008 0
0.00100503 0
-8.50073e-17 0
0.0030234 0
-7.31915e-17 0
-0.00531241 0
2.32123e-16 0
0.00586199 0
-0.00402843 0
-9.0164e-18 0
0.00228901 0
5.92472e-17 0
-0.000549584 0
0.00173942 0
-4.19806e-19 0
-0.00173942 0
0 0
0 0
0 0
0 0
0 0
0 0
0 0
0 0
0 0
0 0
0 0
0 0
0 0
0 0
0 0
0 0
0 0
0 0
0 0
0 0
0 0
0 0
0 0
0 0
0 0
0 0
0 0
0 0
0 0
0 0
0 0
0 0
0 0
0 0
0 0
0 0
0 0
0 0
0 0
0 0
0 0
0 0
0 0
0 0
0 0
0 0
0 0
0 0
0 0
0 0
0 0
0 0
0 0
0 0
0 0
0 0
0 0
0 0
0 0
0 0
0 0
0 0
0 0
0 0
0 0
0 0
0 0
0 0
0 0
0 0
0 0
0 0
0 0
0 0
0 0
0 0
0 0
0 0
0 0
0 0
0 0
0 0
0 0
0 0
0 0
0 0
0 0
0 0
0 0
0 0
0 0
0 0
0 0
0 0
0 0
0 0
0 0
0 0
0 0
0 0
0 0
0 0
0 0
0 0
0 0
0 0
0 0
0 0
0 0
0 0
0 0
0 0
0 0
0 0
0 0
0 0
0 0
0 0
0 0
0 0
0 0
0 0
0 0
0 0
0 0
0 0
0 0
0 0
0 0
0 0
0 0
0 0
0 0
0 0
0 0
0 0
0 0
0 0
0 0
0 0
0 0
-7.2833e-07 0
6.91229e-17 0
0.0236296 0
6.40717e-17 0
7.2833e-07 0
-4.70067e-17 0
-4.10995e-17 0
-0.00863631 0
5.45698e-17 0
-0.0236303 0
-3.50299e-17 0
0.0187888 0
1.04049e-16 0
0.0322666 0
-7.06293e-17 0
0.0167844 0
-3.49433e-17 0
-0.0510554 0
4.4543e-17 0
-0.0476817 0
-2.97593e-16 0
0.034271 0
9.53745e-17 0
0.00326492 0
-1.21154e-16 0
0.0134108 0
-1.67932e-16 0
0.0898287 0
1.60562e-16 0
-0.0166757 0
1.15154e-16 0
-0.106646 0
-5.34591e-18 0
-0.0731531 0
5.62489e-17 0
-0.0415508 0
1.04212e-16 0
0.179799 0
-7.19926e-17 0
0.138248 0
3.27538e-17 0
-0.138248 0
-0.0236288 0
-1.3661e-16 0
-0.0149933 0
8.82199e-18 0
-0.0101525 0
1.65686e-18 0
-0.0355732 0
8.48342e-18 0
0.0308973 0
-8.2901e-17 0
0.0444168 0
1.15707e-16 0
-0.0930937 0
-1.96816e-16 0
0.0168173 0
9.92145e-18 0
0.148197 0
3.83021e-17 0
-0.0966975 0
0.0386221 0
2.86664e-17 0
0.0251458 0
1.63944e-17 0
0.0457257 0
3.38188e-17 0
0.00467593 0
1.00523e-16 0
-0.0753141 0
6.71887e-17 0
0.0486768 0
1.05228e-16 0
0.0762764 0
8.62203e-18 0
-0.165014 0
-4.20245e-17 0
-0.0514993 0
-0.0637679 0
1.86154e-17 0
-0.0708715 0
1.0828e-16 0
-0.0504017 0
-2.45233e-17 0
0.0706382 0
-1.65304e-16 0
0.0266373 0
1.67371e-18 0
-0.124953 0
3.53108e-17 0
0.0887377 0
-2.24389e-17 0
0.216513 0
0.134639 0
-1.0009e-17 0
0.121273 0
-3.12679e-17 0
-0.0202365 0
2.12203e-17 0
-0.0972755 0
-3.31487e-17 0
0.0983159 0
-1.51792e-17 0
0.0362155 0
6.50648e-17 0
-0.305251 0
-0.255913 0
5.63281e-17 0
-0.101037 0
8.34075e-17 0
0.117512 0
-6.93473e-17 0
-0.00104038 0
-5.43666e-18 0
-0.134531 0
-5.90009e-18 0
0.269036 0
0.356949 0
8.2088e-17 0
-0.0164754 0
5.98842e-17 0
-0.116472 0
1.59994e-17 0
0.135572 0
-2.55524e-17 0
-0.134504 0
-0.340474 0
-2.01163e-16 0
0.132947 0
-5.78366e-17 0
-0.0191001 0
3.18383e-17 0
-0.00106746 0
0.207527 0
4.1515e-17 0
-0.113847 0
4.12029e-17 0
0.0201675 0
-0.0936795 0
-1.8193e-16 0
0.0936795 0
-0.037 0
8.87276e-17 0
0.25318 0
-4.42114e-17 0
0.037 0
4.43264e-17 0
2.04307e-16 0
-0.117024 0
-2.96148e-17 0
-0.29018 0
-4.80514e-16 0
-0.0649342 0
-7.29259e-17 0
0.407204 0
-1.6102e-16 0
0.149794 0
1.21212e-17 0
-0.34227 0
4.43624e-16 0
-0.126363 0
-4.8804e-16 0
0.192476 0
3.8309e-16 0
0.0534064 0
-1.77957e-16 0
-0.0661133 0
-2.18573e-16 0
0.00334873 0
-1.56615e-16 0
0.0127069 0
1.18021e-16 0
-0.0136101 0
-1.15884e-16 0
-0.0160556 0
1.90396e-16 0
-0.00765788 0
1.67454e-17 0
0.0296657 0
-7.08745e-17 0
0.0220078 0
3.28336e-16 0
-0.0220078 0
-0.21618 0
-1.81167e-16 0
-0.136155 0
-2.28214e-16 0
0.181958 0
4.70881e-16 0
-0.0848594 0
-1.48948e-16 0
-0.0234308 0
-9.35896e-17 0
0.0729564 0
1.05883e-16 0
-0.0567551 0
8.36206e-17 0
0.0102613 0
-1.30316e-16 0
0.021268 0
1.8941e-17 0
-0.01435 0
0.352335 0
1.84129e-16 0
-0.0458029 0
-1.69995e-16 0
-0.097099 0
-4.21166e-16 0
0.10829 0
5.36009e-16 0
-0.0495256 0
1.13875e-16 0
-0.0162012 0
1.60073e-17 0
0.0464938 0
4.32168e-17 0
-0.0315293 0
-4.01989e-16 0
-0.006918 0
-0.306532 0
-2.60241e-16 0
0.142902 0
6.67323e-16 0
-0.0111911 0
-6.56937e-16 0
-0.0587645 0
-5.03784e-16 0
0.0657268 0
2.38875e-16 0
-0.0302925 0
-3.96371e-16 0
-0.0149645 0
4.4218e-17 0
0.0384473 0
0.16363 0
-2.52032e-16 0
-0.131711 0
-1.9214e-16 0
0.0699557 0
4.33985e-16 0
-0.00696228 0
-3.77107e-16 0
-0.0354343 0
2.67677e-16 0
0.045257 0
9.23006e-17 0
-0.0234828 0
-0.0319195 0
3.99992e-16 0
0.0617551 0
-3.80243e-17 0
-0.0629934 0
-1.3735e-16 0
0.0423966 0
1.57414e-16 0
-0.0098227 0
-2.41693e-16 0
-0.0217741 0
-0.0298355 0
-8.71502e-17 0
0.00123831 0
-1.47561e-17 0
0.0205968 0
5.13945e-17 0
-0.0325739 0
2.43323e-16 0
0.0315969 0
0.0285972 0
2.7011e-16 0
-0.0218351 0
-7.41355e-17 0
0.0119771 0
-3.12062e-16 0
0.000977025 0
-0.0067621 0
-2.3568e-16 0
0.00985809 0
4.40543e-17 0
-0.0129541 0
-0.00309599 0
-2.60375e-16 0
0.00309599 0
0 0
0 0
0 0
0 0
0 0
0 0
0 0
0 0
0 0
0 0
0 0
0 0
0 0
0 0
0 0
0 0
0 0
0 0
0 0
0 0
0 0
0 0
0 0
0 0
0 0
0 0
0 0
0 0
0 0
0 0
0 0
0 0
0 0
0 0
0 0
0 0
0 0
0 0
0 0
0 0
0 0
0 0
0 0
0 0
0 0
0 0
0 0
0 0
0 0
0 0
0 0
0 0
0 0
0 0
0 0
0 0
0 0
0 0
0 0
0 0
0 0
0 0
0 0
0 0
0 0
0 0
0 0
0 0
0 0
0 0
0 0
0 0
0 0
0 0
0 0
0 0
0 0
0 0
0 0
0 0
0 0
0 0
0 0
0 0
0 0
0 0
0 0
0 0
0 0
0 0
0 0
0 0
0 0
0 0
0 0
0 0
0 0
0 0
0 0
0 0
0 0
0 0
0 0
0 0
0 0
0 0
0 0
0 0
0 0
0 0
0 0
0 0
0 0
0 0
0 0
0 0
0 0
0 0
0 0
0 0
0 0
0 0
0 0
0 0
0 0
0 0
0 0
0 0
0 0
0 0
0 0
0 0
0 0
0 0
0 0
0 0
0 0
0 0
0 0
0 0
0 0
-0 0
-0 0
-0 0
-0 0
-0 0
-0 0
-0 0
-0 0
-0 0
-0 0
-0 0
-0 0
-0 0
-0 0
-0 0
-0 0
-0 0
-0 0
-0 0
-0 0
-0 0
-0 0
-0 0
-0 0
-0 0
-0 0
-0 0
-0 0
-0 0
-0 0
-0 0
-0 0
-0 0
-0 0
-0 0
-0 0
-0 0
-0 0
-0 0
-0 0
-0 0
-0 0
-0 0
-0 0
-0 0
-0 0
-0 0
-0 0
-0 0
-0 0
-0 0
-0 0
-0 0
-0 0
-0 0
-0 0
-0 0
-0 0
-0 0
-0 0
-0 0
-0 0
-0 0
-0 0
-0 0
-0 0
-0 0
-0 0
-0 0
-0 0
-0 0
-0 0
-0 0
-0 0
-0 0
-0 0
-0 0
-0 0
-0 0
-0 0
-0 0
-0 0
-0 0
-0 0
-0 0
-0 0
-0 0
-0 0
-0 0
-0 0
-0 0
-0 0
-0 0
-0 0
-0 0
-0 0
-0 0
-0 0
-0 0
-0 0
-0 0
-0 0
-0 0
-0 0
-0 0
-0 0
-0 0
-0 0
-0 0
-0 0
-0 0
-0 0
-0 0
-0 0
-0 0
-0 0
-0 0
-0 0
-0 0
-0 0
-0 0
-0 0
-0 0
-0 0
-0 0
-0 0
-0 0
-0 0
-0 0
-0 0
-0 0
-0 0
-0 0
-0 0
-0 0
-0 0
-0 0
-0 0
-0 0
-0 0
-0 0
1.94508e-08 0
-8.80041e-17 0
0.0117799 0
-1.06078e-16 0
-1.94508e-08 0
1.09569e-17 0
1.06883e-16 0
-0.0551264 0
4.62296e-17 0
-0.0117799 0
-8.62884e-17 0
0.0361083 0
4.60452e-18 0
0.0669063 0
5.67954e-17 0
0.0214417 0
-2.0359e-17 0
-0.103015 0
9.8627e-17 0
-0.0303008 0
1.25964e-16 0
0.0815729 0
1.937e-17 0
-0.00817948 0
7.49717e-17 0
-0.0512721 0
-1.5619e-18 0
0.0087661 0
2.38103e-18 0
0.0594516 0
-4.07498e-19 0
0.0470521 0
-5.92905e-17 0
-0.0682177 0
3.61551e-17 0
-0.0281644 0
1.02597e-16 0
0.0211656 0
5.08224e-17 0
-0.00699871 0
5.90364e-17 0
0.00699871 0
-0.0117799 0
1.6345e-16 0
0.0433465 0
-2.31362e-16 0
0.0190181 0
1.51305e-16 0
-0.0575499 0
-1.26259e-16 0
0.00885911 0
-1.35153e-17 0
0.0384803 0
-7.98889e-17 0
-0.000586622 0
1.54147e-16 0
-0.0558182 0
8.89518e-17 0
-0.0188877 0
-8.8457e-17 0
0.0351631 0
-0.0315666 0
-2.58134e-17 0
-0.0623646 0
1.92006e-16 0
0.0385318 0
-1.81224e-16 0
0.0486908 0
1.13669e-17 0
-0.0473394 0
-4.47606e-18 0
-0.0378936 0
1.72233e-16 0
0.0564048 0
-2.77472e-16 0
0.0747059 0
1.17288e-16 0
-0.0162754 0
0.0939312 0
-1.19043e-16 0
0.0238328 0
-4.71914e-17 0
-0.0872227 0
6.46499e-17 0
-0.00135146 0
6.99772e-17 0
0.085233 0
-1.48647e-16 0
-0.0185111 0
-6.89049e-18 0
-0.131111 0
2.4439e-16 0
-0.0584305 0
-0.117764 0
5.7148e-17 0
0.0633899 0
1.31021e-17 0
0.0885741 0
-1.5316e-16 0
-0.0838815 0
-6.20724e-17 0
-0.0667219 0
8.36798e-17 0
0.149622 0
-2.35108e-16 0
0.189541 0
0.0543741 0
-1.39954e-16 0
-0.151964 0
-4.21443e-18 0
-0.00469257 0
2.00573e-17 0
0.150603 0
-8.61795e-17 0
-0.0828999 0
1.02609e-16 0
-0.339163 0
0.0975899 0
-4.96547e-17 0
0.156657 0
4.05337e-17 0
-0.145911 0
-2.46561e-17 0
-0.0677035 0
-1.29279e-16 0
0.422063 0
-0.254246 0
1.05313e-16 0
-0.0107457 0
-1.23619e-16 0
0.213614 0
4.00229e-17 0
-0.354359 0
0.264992 0
3.04635e-17 0
-0.202869 0
-4.59221e-17 0
0.140745 0
-0.0621235 0
-4.81624e-17 0
0.0621235 0
0 0
0 0
0 0
0 0
0 0
0 0
0 0
0 0
0 0
0 0
0 0
0 0
0 0
0 0
0 0
0 0
0 0
0 0
0 0
0 0
0 0
0 0
0 0
0 0
0 0
0 0
0 0
0 0
0 0
0 0
0 0
0 0
0 0
0 0
0 0
0 0
0 0
0 0
0 0
0 0
0 0
0 0
0 0
0 0
0 0
0 0
0 0
0 0
0 0
0 0
0 0
0 0
0 0
0 0
0 0
0 0
0 0
0 0
0 0
0 0
0 0
0 0
0 0
0 0
0 0
0 0
0 0
0 0
0 0
0 0
0 0
0 0
0 0
0 0
0 0
0 0
0 0
0 0
0 0
0 0
0 0
0 0
0 0
0 0
0 0
0 0
0 0
0 0
0 0
0 0
0 0
0 0
0 0
0 0
0 0
0 0
0 0
0 0
0 0
0 0
0 0
0 0
0 0
0 0
0 0
0 0
0 0
0 0
0 0
0 0
0 0
0 0
0 0
0 0
0 0
0 0
0 0
0 0
0 0
0 0
0 0
0 0
0 0
0 0
0 0
0 0
0 0
0 0
0 0
0 0
0 0
0 0
0 0
0 0
0 0
0 0
0 0
0 0
0 0
0 0
0 0
0.000233329 0
-8.85889e-17 0
-0.0134183 0
6.70115e-17 0
-0.000233329 0
1.4445e-16 0
1.38746e-16 0
0.0659162 0
1.06884e-16 0
0.0136517 0
-1.17877e-17 0
-0.0448827 0
3.2168e-17 0
-0.0795679 0
1.9339e-17 0
-0.0565111 0
-8.4999e-17 0
0.124451 0
3.44529e-16 0
0.159655 0
-1.35688e-16 0
-0.0679395 0
4.94682e-17 0
-0.188062 0
-7.08093e-17 0
-0.0917154 0
-2.88942e-16 0
0.102565 0
2.18086e-16 0
0.279778 0
7.19577e-17 0
0.0754274 0
-2.61967e-16 0
-0.382342 0
-7.34241e-17 0
-0.211628 0
5.38555e-17 0
0.306915 0
2.37171e-17 0
0.0952867 0
-1.44689e-16 0
-0.0952867 0
0.013185 0
-1.87404e-16 0
-0.0524979 0
-2.66754e-16 0
-0.0210335 0
1.73273e-16 0
0.101394 0
-2.74428e-16 0
-0.103144 0
-5.46493e-17 0
0.0284073 0
1.46834e-16 0
0.0854974 0
-1.50509e-16 0
-0.177992 0
2.41377e-17 0
0.136201 0
2.92929e-16 0
0.116342 0
0.0393129 0
3.59735e-17 0
0.0735314 0
2.87655e-16 0
-0.0803603 0
-3.01885e-16 0
0.00174991 0
3.83915e-16 0
0.0747364 0
-6.16495e-16 0
-0.113905 0
3.45343e-16 0
0.0924948 0
-4.18142e-16 0
0.0417915 0
-3.69939e-16 0
-0.252542 0
-0.112844 0
-1.98113e-16 0
0.00682889 0
-1.73713e-17 0
0.0786104 0
-1.95353e-18 0
-0.0764863 0
1.63205e-16 0
0.0391683 0
-5.18208e-17 0
0.0214099 0
2.41118e-16 0
-0.134286 0
2.95849e-16 0
0.210751 0
0.106015 0
-4.82415e-17 0
-0.0854393 0
4.19088e-17 0
-0.00212407 0
-2.94448e-16 0
0.037318 0
3.06714e-17 0
-0.0605782 0
-1.5746e-16 0
0.112876 0
1.21303e-16 0
-0.0764646 0
-0.0205761 0
8.57843e-18 0
0.0875634 0
7.49442e-17 0
-0.035194 0
7.09149e-17 0
0.0232602 0
-2.12687e-16 0
-0.0522981 0
4.82079e-17 0
-0.0364118 0
-0.0669872 0
-1.35198e-16 0
-0.0523694 0
7.23831e-17 0
0.0119338 0
2.6404e-16 0
0.029038 0
1.78744e-16 0
0.0887099 0
0.119357 0
-2.29987e-16 0
0.0404356 0
-2.1502e-16 0
-0.0409718 0
-1.15034e-16 0
-0.117748 0
-0.159792 0
3.51098e-17 0
0.000536245 0
2.65237e-17 0
0.15872 0
0.159256 0
-3.38911e-16 0
-0.159256 0
-0.0473262 0
0.0212984 0
-0.00497054 0
-0.0236497 0
0.0466917 0
0.00132734 0
0.00472762 0
0.10193 0
0.0381904 0
-0.0304147 0
-0.0916489 0
-0.050485 0
0.00472872 0
-0.0897738 0
0.111056 0
-0.107746 0
-0.0707029 0
0.137998 0
0.011158 0
0.120361 0
0.0690059 0
0.00354956 0
-0.137706 0
0.0429979 0
0.00600558 0
-0.156901 0
0.111144 0
-0.127225 0
-0.059088 0
0.111032 0
0.00876719 0
0.0269884 0
0.0378416 0
0.044441 0
-0.0595114 0
0.0625693 0
0.0049565 0
-0.0895207 0
0.0246418 0
-0.0165938 0
-0.0167086 0
0.0245818 0
0.0421144 0
-0.0414325 0
-0.09922 0
0.08414 0
-0.00762986 0
0.0111566 0
0.105137 0
-0.172477 0
-0.01795 0
0.1699 0
-0.0975246 0
0.0144309 0
0.0310908 0
-0.140439 0
0.0960448 0
0.0857548 0
-0.0611064 0
0.00297038 0
-0.0577563 0
0.0769136 0
0.00466159 0
0.0666242 0
-0.120653 0
-0.102841 0
0.158663 0
-0.00472947 0
0.0160747 0
0.0342486 0
-0.202348 0
0.0595347 0
0.159455 0
-0.0599943 0
0.0096661 0
-0.0759361 0
-0.0591174 0
0.117443 0
-0.145766 0
0.0650265 0
0.0938989 0
0.0107356 0
0.0317168 0
-0.184562 0
-0.0372041 0
0.186274 0
0.00295552 0
0.0146617 0
-0.0757728 0
-0.137891 0
0.131309 0
0.065449 0
-0.0132437 0
0.0207797 0
-0.0749608 0
-0.130748 0
0.126733 0
0.0937227 0
0.0130215 0
-0.0548052 0
-0.173094 0
0.0658078 0
0.126971 0
0.0103867 0
0.00595494 0
-0.149355 0
0.145806 0
0.00525393 0
-0.0235633 0
-0.120722 0
-0.0451428 0
0.129283 0
0.0717503 0
0.00950892 0
-0.136897 0
-0.0710321 0
0.136122 0
-0.124754 0
0.0543887 0
0.126421 0
0.00589407 0
-0.0884149 0
-0.0929072 0
0.0606004 0
0.0544264 0
0.034734 0
-0.0276688 0
-0.0411607 0
-0.0408239 0
0.0547838 0
0.0722316 0
0.00359088 0
-0.121355 0
0.0881709 0
-0.000992048 0
-0.0575988 0
-0.0262549 0
0.0474063 0
-0.0300979 0
0.0153813 0
0.0227444 0
0 0
0 0
0 0
0 0
0 0
0 0
0 0
0 0
0 0
0 0
0 0
0 0
0 0
0 0
0 0
0 0
0 0
0 0
0 0
0 0
0 0
0 0
0 0
0 0
0 0
0 0
0 0
0 0
0 0
0 0
0 0
0 0
0 0
0 0
0 0
0 0
0 0
0 0
0 0
0 0
0 0
0 0
0 0
0 0
0 0
0 0
0 0
0 0
0 0
0 0
0 0
0 0
0 0
0 0
0 0
0 0
0 0
0 0
0 0
0 0
0 0
0 0
0 0
0 0
0 0
0 0
0 0
0 0
0 0
0 0
0 0
0 0
0 0
0 0
0 0
0 0
0 0
0 0
0 0
0 0
0 0
0 0
0 0
0 0
0 0
0 0
0 0
0 0
0 0
0 0
0 0
0 0
0 0
0 0
0 0
0 0
0 0
0 0
0 0
0 0
0 0
0 0
0 0
0 0
0 0
0 0
0 0
0 0
0 0
0 0
0 0
0 0
0 0
0 0
0 0
0 0
0 0
0 0
0 0
0 0
0 0
0 0
0 0
0 0
0 0
0 0
0 0
0 0
0 0
0 0
0 0
0 0
0 0
0 0
0 0
0 0
0 0
0 0
0 0
0 0
0 0
0 0
0 0
0 0
0 0
0 0
0 0
0 0
0 0
0 0
0 0
0 0
0 0
0 0
0 0
0 0
0 0
0 0
0 0
0 0
0 0
0 0
0 0
0 0
0 0
0 0
0 0
0 0
0 0
0 0
0 0
0 0
0 0
0 0
0 0
0 0
0 0
0 0
0 0
0 0
0 0
0 0
0 0
0 0
0 0
0 0
0 0
0 0
0 0
0 0
0 0
0 0
0 0
0 0
0 0
0 0
0 0
0 0
0 0
0 0
0 0
0 0
0 0
0 0
0 0
0 0
0 0
0 0
0 0
0 0
0 0
0 0
0 0
0 0
0 0
0 0
0 0
0 0
0 0
0 0
0 0
0 0
0 0
0 0
0 0
0 0
0 0
0 0
0 0
0 0
0 0
0 0
0 0
0 0
0 0
0 0
0 0
0 0
0 0
0 0
0 0
0 0
0 0
0 0
0 0
0 0
0 0
0 0
0 0
0 0
0 0
0 0
0 0
0 0
0 0
0 0
0 0
0 0
0 0
0 0
0 0
0 0
0 0
0 0
0 0
0 0
0 0
0 0
0 0
0 0
0 0
0 0
0 0
0 0
0 0
0 0
0 0
0 0
0 0
0 0
0 0
0 0
-0.0472705 0
0.0218478 0
-0.0028133 0
-0.0231786 0
0.0469113 0
0.000751269 0
0.00267581 0
0.101517 0
0.0389633 0
-0.0330167 0
-0.0901726 0
-0.0540893 0
0.00269106 0
-0.0871284 0
0.113341 0
-0.104917 0
-0.0695894 0
0.139931 0
0.00640744 0
0.122834 0
0.0704236 0
-0.00174495 0
-0.135556 0
0.0388385 0
0.0035629 0
-0.154757 0
0.113425 0
-0.127271 0
-0.0581671 0
0.114216 0
0.00558816 0
0.0300498 0
0.0386307 0
0.0408643 0
-0.0585851 0
0.0615954 0
0.00410139 0
-0.0893827 0
0.0250362 0
-0.0179628 0
-0.0164485 0
0.0258265 0
0.0396388 0
-0.0407983 0
-0.0999834 0
0.0859226 0
-0.00431846 0
0.00631457 0
0.10482 0
-0.169768 0
-0.0209807 0
0.173391 0
-0.0968662 0
0.00847487 0
0.0342065 0
-0.138253 0
0.0945498 0
0.0874626 0
-0.0636368 0
0.00154603 0
-0.0556019 0
0.0798496 0
0.00262381 0
0.063224 0
-0.118773 0
-0.103521 0
0.161949 0
-0.00267686 0
0.00909819 0
0.0349522 0
-0.199199 0
0.058608 0
0.162705 0
-0.0626602 0
0.00550521 0
-0.0727272 0
-0.0581984 0
0.1185 0
-0.144328 0
0.0663766 0
0.0970794 0
0.00598427 0
0.0287727 0
-0.181689 0
-0.036625 0
0.190101 0
0.00167281 0
0.00829846 0
-0.0737337 0
-0.135752 0
0.132755 0
0.0667794 0
-0.017949 0
0.0155152 0
-0.0737941 0
-0.128713 0
0.129345 0
0.0947144 0
0.00706302 0
-0.0559312 0
-0.170424 0
0.0680936 0
0.129571 0
0.00587883 0
0.00337047 0
-0.146732 0
0.148477 0
0.00280993 0
-0.0278386 0
-0.118846 0
-0.0421599 0
0.131939 0
0.069314 0
0.00534776 0
-0.135918 0
-0.0699395 0
0.139242 0
-0.121982 0
0.0555073 0
0.126816 0
0.00271004 0
-0.0902314 0
-0.0915108 0
0.0640473 0
0.0555433 0
0.0301124 0
-0.0313713 0
-0.0405093 0
-0.0378807 0
0.0559093 0
0.0699336 0
0.00216761 0
-0.120714 0
0.0886187 0
-0.00185753 0
-0.0587821 0
-0.0259492 0
0.0497439 0
-0.0289485 0
0.0156973 0
0.021444 0
0 0
0 0
0 0
0 0
0 0
0 0
0 0
0 0
0 0
0 0
0 0
0 0
0 0
0 0
0 0
0 0
0 0
0 0
0 0
0 0
0 0
0 0
0 0
0 0
0 0
0 0
0 0
0 0
0 0
0 0
0 0
0 0
0 0
0 0
0 0
0 0
0 0
0 0
0 0
0 0
0 0
0 0
0 0
0 0
0 0
0 0
0 0
0 0
0 0
0 0
0 0
0 0
0 0
0 0
0 0
0 0
0 0
0 0
0 0
0 0
0 0
0 0
0 0
0 0
0 0
0 0
0 0
0 0
0 0
0 0
0 0
0 0
0 0
0 0
0 0
0 0
0 0
0 0
0 0
0 0
0 0
0 0
0 0
0 0
0 0
0 0
0 0
0 0
0 0
0 0
0 0
0 0
0 0
0 0
0 0
0 0
0 0
0 0
0 0
0 0
0 0
0 0
0 0
0 0
0 0
0 0
0 0
0 0
0 0
0 0
0 0
0 0
0 0
0 0
0 0
0 0
0 0
0 0
0 0
0 0
0 0
0 0
0 0
0 0
0 0
0 0
0 0
0 0
0 0
0 0
0 0
0 0
0 0
0 0
0 0
0 0
0 0
0 0
0 0
0 0
0 0
0.00253024 0
0.0173497 0
0.0695 0
0.0155271 0
0.00634264 0
-0.0185594 0
-0.0661034 0
-0.0148703 0
0.0242807 0
-0.0832658 0
0.0489319 0
-0.115207 0
-0.065648 0
0.086528 0
0.0717941 0
0.092719 0
0.0369328 0
0.0600636 0
-0.153054 0
0.0777067 0
0.044551 0
-0.170439 0
0.0713531 0
-0.134521 0
-0.0787021 0
0.0714338 0
0.0716609 0
0.00047533 0
0.0305531 0
0.100713 0
-0.102441 0
0.0981017 0
0.0248064 0
-0.115795 0
0.0307344 0
-0.0323136 0
-0.0275956 0
0.00583422 0
0.0123098 0
-0.0437977 0
0.00862907 0
0.0396723 0
-0.0803248 0
0.021052 0
-0.0230269 0
0.0560601 0
0.106683 0
-0.155995 0
-0.0118358 0
0.0898597 0
-0.0972535 0
0.109689 0
0.0227019 0
-0.191896 0
0.0997861 0
0.0725291 0
-0.0496018 0
0.0536258 0
-0.0804816 0
-0.0458835 0
0.0702262 0
0.0932871 0
-0.0656507 0
-0.110458 0
0.0623983 0
-0.0202693 0
0.103287 0
0.0661292 0
-0.224762 0
0.0221113 0
0.104502 0
-0.0307464 0
0.102093 0
-0.084859 0
-0.134053 0
0.104446 0
0.0304935 0
0.0321914 0
0.048557 0
0.0424366 0
0.100896 0
-0.153071 0
-0.0952396 0
0.095316 0
0.0192139 0
0.12026 0
-0.0413252 0
-0.205005 0
0.0667966 0
0.070978 0
0.0445011 0
0.0417998 0
-0.151216 0
-0.169741 0
0.0387131 0
0.0675242 0
0.082076 0
0.030457 0
-0.191953 0
-0.0353828 0
0.0886084 0
0.0725376 0
0.0817181 0
-0.145231 0
-0.0832641 0
0.0867309 0
0.0837085 0
-0.0787326 0
-0.13722 0
0.0622588 0
0.0966948 0
0.0834662 0
-0.0795168 0
-0.134059 0
0.0336254 0
0.0362655 0
0.0983069 0
0.0911521 0
0.0351545 0
0.0107606 0
-0.102558 0
-0.0570816 0
0.0463811 0
0.109982 0
0.0350977 0
-0.14927 0
-0.118719 0
0.0216029 0
0.0953519 0
0.035369 0
-0.0750747 0
-0.0458584 0
0.0225082 0
0.0130396 0
-0.0278368 0
-0.0371864 0
0.0102459 0
0.0744906 0
0.0374551 0
0.00993031 0
-0.0422025 0
-0.00106084 0
-0.0180199 0
-0.0693791 0
-0.0147997 0
-0.0077966 0
0.0185271 0
0.0659884 0
0.0117101 0
-0.0254791 0
0.0842511 0
-0.0461076 0
0.116831 0
0.0655328 0
-0.0837801 0
-0.0752797 0
-0.0894157 0
-0.0347536 0
-0.0643807 0
0.152781 0
-0.0814843 0
-0.0467168 0
0.170411 0
-0.0671084 0
0.13325 0
0.0785535 0
-0.0665928 0
-0.0751492 0
0.00347781 0
-0.0287317 0
-0.104212 0
0.102218 0
-0.0989877 0
-0.0259943 0
0.11447 0
-0.0288999 0
0.0303849 0
0.0274549 0
-0.00305527 0
-0.0130814 0
0.0443345 0
-0.00811403 0
-0.0404553 0
0.0790549 0
-0.0197747 0
0.0261212 0
-0.0587017 0
-0.106498 0
0.155724 0
0.00857453 0
-0.0845435 0
0.0978583 0
-0.115022 0
-0.0196824 0
0.19154 0
-0.1008 0
-0.0682001 0
0.0466413 0
-0.0563165 0
0.0824192 0
0.0458134 0
-0.0684654 0
-0.0957222 0
0.0655376 0
0.108441 0
-0.0586793 0
0.0234748 0
-0.108267 0
-0.0660142 0
0.224371 0
-0.0231862 0
-0.0982645 0
0.0289112 0
-0.107097 0
0.0867642 0
0.133817 0
-0.102137 0
-0.0286712 0
-0.0358563 0
-0.0440509 0
-0.0444777 0
-0.103862 0
0.152811 0
0.0943 0
-0.089627 0
-0.0180671 0
-0.126107 0
0.0412533 0
0.204649 0
-0.0644743 0
-0.0667275 0
-0.0486029 0
-0.0438537 0
0.1517 0
0.169177 0
-0.0364025 0
-0.063494 0
-0.0860538 0
-0.033384 0
0.191641 0
0.0371029 0
-0.0832725 0
-0.0746176 0
-0.0857031 0
0.144978 0
0.0831192 0
-0.0821317 0
-0.0882797 0
0.0786073 0
0.138019 0
-0.0585375 0
-0.0953387 0
-0.0875238 0
0.0773256 0
0.133828 0
-0.0293877 0
-0.0340757 0
-0.102584 0
-0.0873195 0
-0.0368616 0
-0.0146942 0
0.102424 0
0.0598566 0
-0.0435165 0
-0.111919 0
-0.0368058 0
0.148263 0
0.119636 0
-0.0203343 0
-0.0941294 0
-0.0370884 0
0.0728665 0
0.0457689 0
-0.0187481 0
-0.0157857 0
0.0278811 0
0.0389941 0
-0.00943501 0
-0.0759996 0
-0.0365379 0
-0.0104131 0
0.0415162 0
0 0
0 0
0 0
0 0
0 0
0 0
0 0
0 0
0 0
0 0
0 0
0 0
0 0
0 0
0 0
0 0
0 0
0 0
0 0
0 0
0 0
0 0
0 0
0 0
0 0
0 0
0 0
0 0
0 0
0 0
0 0
0 0
0 0
0 0
0 0
0 0
0 0
0 0
0 0
0 0
0 0
0 0
0 0
0 0
0 0
0 0
0 0
0 0
0 0
0 0
0 0
0 0
0 0
0 0
0 0
0 0
0 0
0 0
0 0
0 0
0 0
0 0
0 0
0 0
0 0
0 0
0 0
0 0
0 0
0 0
0 0
0 0
0 0
0 0
0 0
0 0
0 0
0 0
0 0
0 0
0 0
0 0
0 0
0 0
0 0
0 0
0 0
0 0
0 0
0 0
0 0
0 0
0 0
0 0
0 0
0 0
0 0
0 0
0 0
0 0
0 0
0 0
0 0
0 0
0 0
0 0
0 0
0 0
0 0
0 0
0 0
0 0
0 0
0 0
0 0
0 0
0 0
0 0
0 0
0 0
0 0
0 0
0 0
0 0
0 0
0 0
0 0
0 0
0 0
0 0
0 0
0 0
0 0
0 0
0 0
0 0
0 0
0 0
0 0
0 0
0 0
-0.000316331 0
0.0588236 0
0.0745611 0
0.0322116 0
0.0394954 0
-0.0586122 0
-0.140875 0
0.0310969 0
0.0584218 0
-0.135588 0
0.0616669 0
-0.0595858 0
-0.102165 0
0.0654394 0
0.0803276 0
-0.0448046 0
0.0604282 0
0.0624379 0
-0.110806 0
0.0157128 0
-0.0216407 0
-0.0580263 0
0.121944 0
0.0546308 0
-0.0163131 0
0.0567791 0
-0.142149 0
0.0382925 0
0.0834956 0
-0.100506 0
0.0330565 0
-0.0695351 0
-0.0877742 0
0.0064007 0
0.101198 0
-0.0535612 0
0.0063529 0
0.121807 0
-0.0717483 0
0.0443478 0
0.0421042 0
-0.0724922 0
-0.113565 0
0.0170886 0
-0.0114905 0
0.131467 0
-0.0127321 0
-0.184624 0
0.0506957 0
0.0704086 0
0.10316 0
-0.0285591 0
-0.151857 0
0.00812311 0
0.00209536 0
0.132625 0
0.00914613 0
-0.171795 0
0.0554508 0
0.033531 0
0.0571733 0
0.113633 0
-0.093046 0
-0.0636564 0
0.00412942 0
0.0854473 0
0.123377 0
-0.20092 0
-0.0594817 0
0.0677869 0
0.0427288 0
0.144331 0
-0.14733 0
-0.0998941 0
0.0814787 0
0.0502388 0
0.0567344 0
-0.135038 0
0.0122198 0
0.0848777 0
-0.0245513 0
-0.072596 0
0.0330016 0
-0.072841 0
0.172893 0
0.0167529 0
-0.24068 0
0.1014 0
0.0540447 0
0.00980364 0
-0.00480887 0
-0.0880678 0
0.046875 0
-0.0444048 0
-0.0551955 0
0.0400762 0
0.101003 0
-0.157205 0
0.0769211 0
0.0565886 0
-0.1315 0
0.118855 0
-0.049348 0
-0.055789 0
0.0768363 0
0.0168025 0
0.0412238 0
0.0276396 0
0.0496135 0
-0.161806 0
0.0491984 0
0.0519987 0
-0.0875427 0
0.138019 0
-0.0300796 0
-0.0685647 0
-0.0123744 0
-0.109313 0
0.0454301 0
0.00934697 0
0.110128 0
0.00358596 0
-0.164524 0
0.0253639 0
0.0095504 0
0.0882857 0
0.0695983 0
-0.0919529 0
-0.0865477 0
0.0396772 0
0.0810256 0
0.0706856 0
-0.120034 0
0.078415 0
0.0395367 0
-0.0209999 0
-0.0651765 0
-0.00824156 0
-0.0838432 0
0.016508 0
0.0728085 0
0 0
0 0
0 0
0 0
0 0
0 0
0 0
0 0
0 0
0 0
0 0
0 0
0 0
0 0
0 0
0 0
0 0
0 0
0 0
0 0
0 0
0 0
0 0
0 0
0 0
0 0
0 0
0 0
0 0
0 0
0 0
0 0
0 0
0 0
0 0
0 0
0 0
0 0
0 0
0 0
0 0
0 0
0 0
0 0
0 0
0 0
0 0
0 0
0 0
0 0
0 0
0 0
0 0
0 0
0 0
0 0
0 0
0 0
0 0
0 0
0 0
0 0
0 0
0 0
0 0
0 0
0 0
0 0
0 0
0 0
0 0
0 0
0 0
0 0
0 0
0 0
0 0
0 0
0 0
0 0
0 0
0 0
0 0
0 0
0 0
0 0
0 0
0 0
0 0
0 0
0 0
0 0
0 0
0 0
0 0
0 0
0 0
0 0
0 0
0 0
0 0
0 0
0 0
0 0
0 0
0 0
0 0
0 0
0 0
0 0
0 0
0 0
0 0
0 0
0 0
0 0
0 0
0 0
0 0
0 0
0 0
0 0
0 0
0 0
0 0
0 0
0 0
0 0
0 0
0 0
0 0
0 0
0 0
0 0
0 0
0 0
0 0
0 0
0 0
0 0
0 0
-0.0838894 0
0.0412975 0
-0.0187992 0
-0.0642504 0
0.0740111 0
0.014778 0
0.0355192 0
0.0819829 0
0.0724482 0
-0.0122639 0
-0.162768 0
0.0236089 0
0.00652653 0
-0.118147 0
0.140461 0
-0.0314207 0
-0.0668037 0
0.0901751 0
-0.0526538 0
-0.0553478 0
0.0762286 0
-0.0140997 0
0.0134222 0
-0.00319178 0
-0.08859 0
0.0184927 0
0.0773013 0
0.0513959 0
0.0592341 0
0.0439167 0
-0.170891 0
0.0534142 0
0.0309442 0
-0.134907 0
0.104242 0
-0.0551722 0
-0.0715915 0
0.0608086 0
0.00422913 0
-0.0712096 0
0.0433706 0
0.0422186 0
0.0750834 0
-0.0914868 0
-0.0869263 0
0.114073 0
0.00321017 0
0.0465495 0
-0.0860786 0
-0.129471 0
0.121965 0
0.100598 0
0.0495675 0
-0.147154 0
-0.0998758 0
0.136614 0
0.00942123 0
0.0279792 0
-0.0679222 0
-0.0868189 0
0.123555 0
0.0729968 0
0.0426923 0
0.00746436 0
-0.161755 0
0.0517526 0
0.0806117 0
0.0506583 0
0.0149972 0
-0.238777 0
0.044014 0
0.148673 0
0.00375997 0
-0.000864485 0
-0.139796 0
0.0397984 0
0.0852139 0
0.00240112 0
-0.108999 0
0.0301675 0
0.0489076 0
0.0988954 0
-0.156295 0
-0.075032 0
0.178094 0
-0.0590113 0
0.0606832 0
-0.0255662 0
-0.150321 0
0.122288 0
0.0545123 0
-0.0189305 0
-0.0991604 0
0.0399258 0
-0.0568557 0
0.0412816 0
-0.0696342 0
0.0283567 0
0.125711 0
-0.199331 0
0.066542 0
0.106728 0
-0.112318 0
0.0140662 0
-0.0193729 0
0.0573021 0
-0.0432024 0
0.0857342 0
-0.0230915 0
-0.000664551 0
0.0869431 0
-0.183163 0
0.0481233 0
0.0844537 0
-0.0457158 0
0.0584225 0
-0.0584186 0
0.00898525 0
-0.0917404 0
-0.0634073 0
0.134789 0
-0.0126314 0
0.0568176 0
-0.0588602 0
-0.101926 0
0.065082 0
0.115746 0
0.0143707 0
-0.0140607 0
-0.139761 0
0.0335121 0
0.0605425 0
0.0619105 0
-0.111291 0
0.0600213 0
0.0739714 0
0.030294 0
-0.135892 0
-0.0028015 0
-0.0581486 0
0.0416707 0
0 0
0 0
0 0
0 0
0 0
0 0
0 0
0 0
0 0
0 0
0 0
0 0
0 0
0 0
0 0
0 0
0 0
0 0
0 0
0 0
0 0
0 0
0 0
0 0
0 0
0 0
0 0
0 0
0 0
0 0
0 0
0 0
0 0
0 0
0 0
0 0
0 0
0 0
0 0
0 0
0 0
0 0
0 0
0 0
0 0
0 0
0 0
0 0
0 0
0 0
0 0
0 0
0 0
0 0
0 0
0 0
0 0
0 0
0 0
0 0
0 0
0 0
0 0
0 0
0 0
0 0
0 0
0 0
0 0
0 0
0 0
0 0
0 0
0 0
0 0
0 0
0 0
0 0
0 0
0 0
0 0
0 0
0 0
0 0
0 0
0 0
0 0
0 0
0 0
0 0
0 0
0 0
0 0
0 0
0 0
0 0
0 0
0 0
0 0
0 0
0 0
0 0
0 0
0 0
0 0
0 0
0 0
0 0
0 0
0 0
0 0
0 0
0 0
0 0
0 0
0 0
0 0
0 0
0 0
0 0
0 0
0 0
0 0
0 0
0 0
0 0
0 0
0 0
0 0
0 0
0 0
0 0
0 0
0 0
0 0
0 0
0 0
0 0
0 0
0 0
0 0
0 0
0 0
0 0
0 0
0 0
0 0
0 0
0 0
0 0
0 0
0 0
0 0
0 0
0 0
0 0
0 0
0 0
0 0
0 0
0 0
0 0
0 0
0 0
0 0
0 0
0 0
0 0
0 0
0 0
0 0
0 0
0 0
0 0
0 0
0 0
0 0
0 0
0 0
0 0
0 0
0 0
0 0
0 0
0 0
0 0
0 0
0 0
0 0
0 0
0 0
0 0
0 0
0 0
0 0
0 0
0 0
0 0
0 0
0 0
0 0
0 0
0 0
0 0
0 0
0 0
0 0
0 0
0 0
0 0
0 0
0 0
0 0
0 0
0 0
0 0
0 0
0 0
0 0
0 0
0 0
0 0
0 0
0 0
0 0
0 0
0 0
0 0
0 0
0 0
0 0
0 0
0 0
0 0
0 0
0 0
0 0
0 0
0 0
0 0
0 0
0 0
0 0
0 0
0 0
0 0
0 0
0 0
0 0
0 0
0 0
0 0
0 0
0 0
0 0
0 0
0 0
0 0
0 0
0 0
0 0
0 0
0 0
0 0
0 0
0 0
0 0
0 0
0 0
0 0
0 0
0 0
0 0
0 0
0 0
0 0
0 0
0 0
0 0
0 0
0 0
0 0
-0.00413677 0
0.0606435 0
0.0736275 0
0.0292519 0
0.0428253 0
-0.0578783 0
-0.139111 0
0.0347986 0
0.0616609 0
-0.136006 0
0.0541895 0
-0.0584487 0
-0.101761 0
0.0599905 0
0.0866416 0
-0.0461892 0
0.0573229 0
0.0664802 0
-0.11309 0
0.0131757 0
-0.0181464 0
-0.0586083 0
0.122429 0
0.0544288 0
-0.020331 0
0.0575625 0
-0.13848 0
0.0405936 0
0.0861068 0
-0.0984011 0
0.0252389 0
-0.0670302 0
-0.0862737 0
0.000249658 0
0.105841 0
-0.0560184 0
0.00308564 0
0.12445 0
-0.0714812 0
0.0410585 0
0.0440359 0
-0.0704941 0
-0.110028 0
0.0129041 0
-0.0154376 0
0.136527 0
-0.0125727 0
-0.182312 0
0.0467226 0
0.0644388 0
0.108608 0
-0.0239477 0
-0.149441 0
0.00141252 0
-0.00245569 0
0.138709 0
0.00956574 0
-0.170342 0
0.0522997 0
0.0295421 0
0.0627413 0
0.11684 0
-0.091005 0
-0.0632504 0
-0.00324205 0
0.0877158 0
0.126921 0
-0.198404 0
-0.0587369 0
0.0568414 0
0.0446891 0
0.150953 0
-0.147006 0
-0.0998298 0
0.0750271 0
0.0519993 0
0.0605566 0
-0.134788 0
0.00724275 0
0.0861636 0
-0.0222983 0
-0.0680164 0
0.0258488 0
-0.0761828 0
0.180825 0
0.0140478 0
-0.237667 0
0.10013 0
0.0471422 0
0.0153631 0
-0.0023211 0
-0.0888386 0
0.0423101 0
-0.0425402 0
-0.0577278 0
0.0419148 0
0.0977264 0
-0.15575 0
0.0825668 0
0.0474512 0
-0.128333 0
0.123593 0
-0.0544123 0
-0.0550905 0
0.0758742 0
0.0193949 0
0.0392134 0
0.0315158 0
0.0485103 0
-0.161669 0
0.0531072 0
0.0436025 0
-0.0852601 0
0.141722 0
-0.0321305 0
-0.0658326 0
-0.0150222 0
-0.10879 0
0.0412047 0
0.00644937 0
0.116153 0
0.00300694 0
-0.161765 0
0.0226567 0
0.00489822 0
0.0911583 0
0.0747978 0
-0.0912029 0
-0.0870983 0
0.0332705 0
0.0824678 0
0.0733696 0
-0.117089 0
0.0732648 0
0.0422294 0
-0.0176091 0
-0.0637291 0
-0.0144223 0
-0.0838838 0
0.0138424 0
0.0746308 0
0 0
0 0
0 0
0 0
0 0
0 0
0 0
0 0
0 0
0 0
0 0
0 0
0 0
0 0
0 0
0 0
0 0
0 0
0 0
0 0
0 0
0 0
0 0
0 0
0 0
0 0
0 0
0 0
0 0
0 0
0 0
0 0
0 0
0 0
0 0
0 0
0 0
0 0
0 0
0 0
0 0
0 0
0 0
0 0
0 0
0 0
0 0
0 0
0 0
0 0
0 0
0 0
0 0
0 0
0 0
0 0
0 0
0 0
0 0
0 0
0 0
0 0
0 0
0 0
0 0
0 0
0 0
0 0
0 0
0 0
0 0
0 0
0 0
0 0
0 0
0 0
0 0
0 0
0 0
0 0
0 0
0 0
0 0
0 0
0 0
0 0
0 0
0 0
0 0
0 0
0 0
0 0
0 0
0 0
0 0
0 0
0 0
0 0
0 0
0 0
0 0
0 0
0 0
0 0
0 0
0 0
0 0
0 0
0 0
0 0
0 0
0 0
0 0
0 0
0 0
0 0
0 0
0 0
0 0
0 0
0 0
0 0
0 0
0 0
0 0
0 0
0 0
0 0
0 0
0 0
0 0
0 0
0 0
0 0
0 0
0 0
0 0
0 0
0 0
0 0
0 0
0.0837879 0
-0.0385755 0
0.0221756 0
0.0656508 0
-0.0721354 0
-0.0174322 0
-0.0418985 0
-0.0804815 0
-0.0697121 0
0.00607575 0
0.165408 0
-0.0262983 0
-0.0111729 0
0.121005 0
-0.136656 0
0.0293475 0
0.0694866 0
-0.0872378 0
0.0475525 0
0.056006 0
-0.0771351 0
0.0114422 0
-0.00785434 0
0.00567664 0
0.0877551 0
-0.0158875 0
-0.0836953 0
-0.0495985 0
-0.0553698 0
-0.0484487 0
0.172219 0
-0.0565257 0
-0.0349098 0
0.135059 0
-0.0995247 0
0.0526755 0
0.0718066 0
-0.0551978 0
-0.00749255 0
0.0731555 0
-0.041408 0
-0.0454765 0
-0.0801779 0
0.0921701 0
0.0863127 0
-0.107967 0
-0.00378672 0
-0.05491 0
0.0882982 0
0.132544 0
-0.11714 0
-0.101795 0
-0.0564325 0
0.147371 0
0.0998676 0
-0.130432 0
-0.00899489 0
-0.0357746 0
0.0703772 0
0.088256 0
-0.120823 0
-0.0677456 0
-0.0468858 0
-0.0103559 0
0.161775 0
-0.0478071 0
-0.0749087 0
-0.0597567 0
-0.0176908 0
0.241616 0
-0.0420223 0
-0.141945 0
-0.0104662 0
-0.00368612 0
0.143362 0
-0.0374689 0
-0.0825414 0
-0.00854897 0
0.109442 0
-0.0262704 0
-0.049975 0
-0.102099 0
0.157636 0
0.0716365 0
-0.170034 0
0.0597131 0
-0.0715821 0
0.030158 0
0.152627 0
-0.121715 0
-0.0546747 0
0.0148998 0
0.101192 0
-0.0419068 0
0.0542828 0
-0.0394135 0
0.0741622 0
-0.0354872 0
-0.122077 0
0.201701 0
-0.0724622 0
-0.101204 0
0.109954 0
-0.0165925 0
0.0228523 0
-0.0564774 0
0.0450351 0
-0.0843864 0
0.0253272 0
-0.00670566 0
-0.0846121 0
0.185342 0
-0.0520605 0
-0.0780799 0
0.0442984 0
-0.0614847 0
0.0577943 0
-0.0139546 0
0.0937143 0
0.0637672 0
-0.129634 0
0.0127816 0
-0.0642519 0
0.0599544 0
0.102256 0
-0.0609935 0
-0.112456 0
-0.0185438 0
0.0101043 0
0.141423 0
-0.029787 0
-0.0572603 0
-0.0673132 0
0.114747 0
-0.0581583 0
-0.0748511 0
-0.033231 0
0.135376 0
-0.00102007 0
0.0588402 0
-0.0383114 0
0 0
0 0
0 0
0 0
0 0
0 0
0 0
0 0
0 0
0 0
0 0
0 0
0 0
0 0
0 0
0 0
0 0
0 0
0 0
0 0
0 0
0 0
0 0
0 0
0 0
0 0
0 0
0 0
0 0
0 0
0 0
0 0
0 0
0 0
0 0
0 0
0 0
0 0
0 0
0 0
0 0
0 0
0 0
0 0
0 0
0 0
0 0
0 0
0 0
0 0
0 0
0 0
0 0
0 0
0 0
0 0
0 0
0 0
0 0
0 0
0 0
0 0
0 0
0 0
0 0
0 0
0 0
0 0
0 0
0 0
0 0
0 0
0 0
0 0
0 0
0 0
0 0
0 0
0 0
0 0
0 0
0 0
0 0
0 0
0 0
0 0
0 0
0 0
0 0
0 0
0 0
0 0
0 0
0 0
0 0
0 0
0 0
0 0
0 0
0 0
0 0
0 0
0 0
0 0
0 0
0 0
0 0
0 0
0 0
0 0
0 0
0 0
0 0
0 0
0 0
0 0
0 0
0 0
0 0
0 0
0 0
0 0
0 0
0 0
0 0
0 0
0 0
0 0
0 0
0 0
0 0
0 0
0 0
0 0
0 0
0 0
0 0
0 0
0 0
0 0
0 0
0.0308819 0
0.057868 0
0.0638236 0
0.057868 0
0.0308819 0
-0.0813225 0
-0.164209 0
0.030446 0
0.0474399 0
-0.138656 0
0.0936461 0
-0.107028 0
-0.10226 0
0.0721795 0
0.0899004 0
-0.0312191 0
0.0168063 0
0.112514 0
-0.0829962 0
0.146627 0
0.0546307 0
-0.094059 0
-0.0829962 0
-0.0312191 0
0.0168063 0
-0.094059 0
0.0899004 0
-0.107028 0
-0.10226 0
0.112514 0
0.0936461 0
0.030446 0
0.0474399 0
0.0721795 0
-0.164209 0
0.0638236 0
0.057868 0
-0.138656 0
0.057868 0
0.0308819 0
-0.0813225 0
0.0308819 0
-0.138656 0
0.0474399 0
0.030446 0
0.0936461 0
0.00545856 0
-0.191438 0
0.0699685 0
0.048397 0
-0.0523726 0
0.0743757 0
-0.0523726 0
0.048397 0
0.0699685 0
-0.191438 0
0.00545856 0
0.0936461 0
0.030446 0
0.0474399 0
-0.138656 0
0.0721795 0
-0.10226 0
-0.107028 0
0.0899004 0
0.0699685 0
0.048397 0
-0.054353 0
-0.0555134 0
0.0482575 0
-0.0555134 0
-0.054353 0
0.048397 0
0.0699685 0
0.0899004 0
-0.107028 0
-0.10226 0
0.0721795 0
0.112514 0
0.0168063 0
-0.0312191 0
-0.0829962 0
-0.0523726 0
0.0743757 0
0.0482575 0
-0.0555134 0
0.0482575 0
0.0743757 0
-0.0523726 0
-0.0829962 0
-0.0312191 0
0.0168063 0
0.112514 0
-0.094059 0
0.0546307 0
0.146627 0
-0.0829962 0
-0.0523726 0
0.048397 0
-0.054353 0
0.048397 0
-0.0523726 0
-0.0829962 0
0.146627 0
0.0546307 0
-0.094059 0
-0.094059 0
0.0168063 0
-0.0312191 0
0.0899004 0
0.0699685 0
-0.191438 0
0.0699685 0
0.0899004 0
-0.0312191 0
0.0168063 0
-0.094059 0
0.112514 0
-0.10226 0
-0.107028 0
0.0936461 0
0.00545856 0
0.0936461 0
-0.107028 0
-0.10226 0
0.112514 0
0.0721795 0
0.0474399 0
0.030446 0
-0.164209 0
0.030446 0
0.0474399 0
0.0721795 0
-0.138656 0
0.057868 0
0.0638236 0
0.057868 0
-0.138656 0
0.0308819 0
-0.0813225 0
0.0308819 0
-0.0308819 0
-0.057868 0
-0.0638236 0
-0.057868 0
-0.0308819 0
0.0813225 0
0.164209 0
-0.030446 0
-0.0474399 0
0.138656 0
-0.0936461 0
0.107028 0
0.10226 0
-0.0721795 0
-0.0899004 0
0.0312191 0
-0.0168063 0
-0.112514 0
0.0829962 0
-0.146627 0
-0.0546307 0
0.094059 0
0.0829962 0
0.0312191 0
-0.0168063 0
0.094059 0
-0.0899004 0
0.107028 0
0.10226 0
-0.112514 0
-0.0936461 0
-0.030446 0
-0.0474399 0
-0.0721795 0
0.164209 0
-0.0638236 0
-0.057868 0
0.138656 0
-0.057868 0
-0.0308819 0
0.0813225 0
-0.0308819 0
0.138656 0
-0.0474399 0
-0.030446 0
-0.0936461 0
-0.00545856 0
0.191438 0
-0.0699685 0
-0.048397 0
0.0523726 0
-0.0743757 0
0.0523726 0
-0.048397 0
-0.0699685 0
0.191438 0
-0.00545856 0
-0.0936461 0
-0.030446 0
-0.0474399 0
0.138656 0
-0.0721795 0
0.10226 0
0.107028 0
-0.0899004 0
-0.0699685 0
-0.048397 0
0.054353 0
0.0555134 0
-0.0482575 0
0.0555134 0
0.054353 0
-0.048397 0
-0.0699685 0
-0.0899004 0
0.107028 0
0.10226 0
-0.0721795 0
-0.112514 0
-0.0168063 0
0.0312191 0
0.0829962 0
0.0523726 0
-0.0743757 0
-0.0482575 0
0.0555134 0
-0.0482575 0
-0.0743757 0
0.0523726 0
0.0829962 0
0.0312191 0
-0.0168063 0
-0.112514 0
0.094059 0
-0.0546307 0
-0.146627 0
0.0829962 0
0.0523726 0
-0.048397 0
0.054353 0
-0.048397 0
0.0523726 0
0.0829962 0
-0.146627 0
-0.0546307 0
0.094059 0
0.094059 0
-0.0168063 0
0.0312191 0
-0.0899004 0
-0.0699685 0
0.191438 0
-0.0699685 0
-0.0899004 0
0.0312191 0
-0.0168063 0
0.094059 0
-0.112514 0
0.10226 0
0.107028 0
-0.0936461 0
-0.00545856 0
-0.0936461 0
0.107028 0
0.10226 0
-0.112514 0
-0.0721795 0
-0.0474399 0
-0.030446 0
0.164209 0
-0.030446 0
-0.0474399 0
-0.0721795 0
0.138656 0
-0.057868 0
-0.0638236 0
-0.057868 0
0.138656 0
-0.0308819 0
0.0813225 0
-0.0308819 0
0 0
0 0
0 0
0 0
0 0
0 0
0 0
0 0
0 0
0 0
0 0
0 0
0 0
0 0
0 0
0 0
0 0
0 0
0 0
0 0
0 0
0 0
0 0
0 0
0 0
0 0
0 0
0 0
0 0
0 0
0 0
0 0
0 0
0 0
0 0
0 0
0 0
0 0
0 0
0 0
0 0
0 0
0 0
0 0
0 0
0 0
0 0
0 0
0 0
0 0
0 0
0 0
0 0
0 0
0 0
0 0
0 0
0 0
0 0
0 0
0 0
0 0
0 0
0 0
0 0
0 0
0 0
0 0
0 0
0 0
0 0
0 0
0 0
0 0
0 0
0 0
0 0
0 0
0 0
0 0
0 0
0 0
0 0
0 0
0 0
0 0
0 0
0 0
0 0
0 0
0 0
0 0
0 0
0 0
0 0
0 0
0 0
0 0
0 0
0 0
0 0
0 0
0 0
0 0
0 0
0 0
0 0
0 0
0 0
0 0
0 0
0 0
0 0
0 0
0 0
0 0
0 0
0 0
0 0
0 0
0 0
0 0
0 0
0 0
0 0
0 0
0 0
0 0
0 0
0 0
0 0
0 0
0 0
0 0
0 0
0 0
0 0
0 0
0 0
0 0
0 0
0.0739254 0
-0.0567822 0
-3.92605e-15 0
0.0567822 0
-0.0739254 0
2.15667e-15 0
5.55875e-15 0
-0.0981785 0
-0.0800641 0
0.0303109 0
0.155475 0
-0.0212422 0
-0.0193013 0
0.129365 0
-0.119858 0
0.141854 0
0.0909632 0
-0.0932974 0
-0.0800641 0
-7.24457e-15 0
-4.1079e-15 0
-0.118426 0
0.0800641 0
-0.141854 0
-0.0909632 0
0.118426 0
0.119858 0
0.0212422 0
0.0193013 0
0.0932974 0
-0.155475 0
0.0981785 0
0.0800641 0
-0.129365 0
8.82029e-15 0
-2.04423e-15 0
-0.0567822 0
-0.0303109 0
0.0567822 0
-0.0739254 0
5.59215e-15 0
0.0739254 0
-0.0303109 0
0.0800641 0
0.0981785 0
-0.155475 0
-3.39792e-15 0
1.01191e-14 0
-0.0285493 0
0.141786 0
-0.080357 0
-5.12084e-15 0
0.080357 0
-0.141786 0
0.0285493 0
9.15455e-15 0
-1.64332e-16 0
0.155475 0
-0.0981785 0
-0.0800641 0
0.0303109 0
-0.129365 0
0.0193013 0
0.0212422 0
0.119858 0
0.0285493 0
-0.141786 0
1.40084e-15 0
3.0969e-15 0
-2.22089e-16 0
1.89902e-15 0
1.68842e-15 0
0.141786 0
-0.0285493 0
-0.119858 0
-0.0212422 0
-0.0193013 0
0.129365 0
0.0932974 0
-0.0909632 0
-0.141854 0
0.0800641 0
0.080357 0
-4.66915e-15 0
-3.69581e-15 0
4.23743e-15 0
-2.73897e-15 0
-4.29783e-15 0
-0.080357 0
-0.0800641 0
0.141854 0
0.0909632 0
-0.0932974 0
0.118426 0
-3.37297e-15 0
-8.41613e-15 0
-0.0800641 0
-0.080357 0
0.141786 0
3.22748e-15 0
-0.141786 0
0.080357 0
0.0800641 0
-8.26013e-15 0
-3.33637e-15 0
-0.118426 0
-0.118426 0
0.0909632 0
0.141854 0
-0.119858 0
-0.0285493 0
1.1262e-14 0
0.0285493 0
0.119858 0
-0.141854 0
-0.0909632 0
0.118426 0
-0.0932974 0
-0.0193013 0
-0.0212422 0
0.155475 0
-1.85002e-15 0
-0.155475 0
0.0212422 0
0.0193013 0
0.0932974 0
0.129365 0
-0.0800641 0
-0.0981785 0
8.73435e-15 0
0.0981785 0
0.0800641 0
-0.129365 0
0.0303109 0
0.0567822 0
-4.24257e-15 0
-0.0567822 0
-0.0303109 0
-0.0739254 0
4.18878e-15 0
0.0739254 0
0 0
0 0
0 0
0 0
0 0
0 0
0 0
0 0
0 0
0 0
0 0
0 0
0 0
0 0
0 0
0 0
0 0
0 0
0 0
0 0
0 0
0 0
0 0
0 0
0 0
0 0
0 0
0 0
0 0
0 0
0 0
0 0
0 0
0 0
0 0
0 0
0 0
0 0
0 0
0 0
0 0
0 0
0 0
0 0
0 0
0 0
0 0
0 0
0 0
0 0
0 0
0 0
0 0
0 0
0 0
0 0
0 0
0 0
0 0
0 0
0 0
0 0
0 0
0 0
0 0
0 0
0 0
0 0
0 0
0 0
0 0
0 0
0 0
0 0
0 0
0 0
0 0
0 0
0 0
0 0
0 0
0 0
0 0
0 0
0 0
0 0
0 0
0 0
0 0
0 0
0 0
0 0
0 0
0 0
0 0
0 0
0 0
0 0
0 0
0 0
0 0
0 0
0 0
0 0
0 0
0 0
0 0
0 0
0 0
0 0
0 0
0 0
0 0
0 0
0 0
0 0
0 0
0 0
0 0
0 0
0 0
0 0
0 0
0 0
0 0
0 0
0 0
0 0
0 0
0 0
0 0
0 0
0 0
0 0
0 0
0 0
0 0
0 0
0 0
0 0
0 0
0 0
0 0
0 0
0 0
0 0
0 0
0 0
0 0
0 0
0 0
0 0
0 0
0 0
0 0
0 0
0 0
0 0
0 0
0 0
0 0
0 0
0 0
0 0
0 0
0 0
0 0
0 0
0 0
0 0
0 0
0 0
0 0
0 0
0 0
0 0
0 0
0 0
0 0
0 0
0 0
0 0
0 0
0 0
0 0
0 0
0 0
0 0
0 0
0 0
0 0
0 0
0 0
0 0
0 0
0 0
0 0
0 0
0 0
0 0
0 0
0 0
0 0
0 0
0 0
0 0
0 0
0 0
0 0
0 0
0 0
0 0
0 0
0 0
0 0
0 0
0 0
0 0
0 0
0 0
0 0
0 0
0 0
0 0
0 0
0 0
0 0
0 0
0 0
0 0
0 0
0 0
0 0
0 0
0 0
0 0
0 0
0 0
0 0
0 0
0 0
0 0
0 0
0 0
0 0
0 0
0 0
0 0
0 0
0 0
0 0
0 0
0 0
0 0
0 0
0 0
0 0
0 0
0 0
0 0
0 0
0 0
0 0
0 0
0 0
0 0
0 0
0 0
0 0
0 0
0 0
0 0
0 0
0 0
0 0
0 0
0 0
0 0
0 0
0 0
0 0
0 0
-0.0739254 0
0.0567822 0
-6.91443e-15 0
-0.0567822 0
0.0739254 0
1.25048e-14 0
2.22776e-14 0
0.0981785 0
0.0800641 0
-0.0303109 0
-0.155475 0
0.0212422 0
0.0193013 0
-0.129365 0
0.119858 0
-0.141854 0
-0.0909632 0
0.0932974 0
0.0800641 0
-1.90396e-14 0
-4.79809e-15 0
0.118426 0
-0.0800641 0
0.141854 0
0.0909632 0
-0.118426 0
-0.119858 0
-0.0212422 0
-0.0193013 0
-0.0932974 0
0.155475 0
-0.0981785 0
-0.0800641 0
0.129365 0
2.03841e-14 0
-7.64883e-15 0
0.0567822 0
0.0303109 0
-0.0567822 0
0.0739254 0
1.09027e-14 0
-0.0739254 0
0.0303109 0
-0.0800641 0
-0.0981785 0
0.155475 0
2.28364e-15 0
2.36078e-14 0
0.0285493 0
-0.141786 0
0.080357 0
-8.44533e-15 0
-0.080357 0
0.141786 0
-0.0285493 0
2.45285e-14 0
-3.34436e-16 0
-0.155475 0
0.0981785 0
0.0800641 0
-0.0303109 0
0.129365 0
-0.0193013 0
-0.0212422 0
-0.119858 0
-0.0285493 0
0.141786 0
8.02264e-15 0
7.12004e-15 0
-7.48697e-15 0
6.16134e-15 0
8.32306e-15 0
-0.141786 0
0.0285493 0
0.119858 0
0.0212422 0
0.0193013 0
-0.129365 0
-0.0932974 0
0.0909632 0
0.141854 0
-0.0800641 0
-0.080357 0
-7.76469e-15 0
-6.4991e-15 0
5.13732e-15 0
-6.00926e-15 0
-7.57761e-15 0
0.080357 0
0.0800641 0
-0.141854 0
-0.0909632 0
0.0932974 0
-0.118426 0
-5.12872e-15 0
-1.76565e-14 0
0.0800641 0
0.080357 0
-0.141786 0
8.54108e-15 0
0.141786 0
-0.080357 0
-0.0800641 0
-1.74644e-14 0
-5.74467e-15 0
0.118426 0
0.118426 0
-0.0909632 0
-0.141854 0
0.119858 0
0.0285493 0
2.35321e-14 0
-0.0285493 0
-0.119858 0
0.141854 0
0.0909632 0
-0.118426 0
0.0932974 0
0.0193013 0
0.0212422 0
-0.155475 0
1.2191e-15 0
0.155475 0
-0.0212422 0
-0.0193013 0
-0.0932974 0
-0.129365 0
0.0800641 0
0.0981785 0
2.20251e-14 0
-0.0981785 0
-0.0800641 0
0.129365 0
-0.0303109 0
-0.0567822 0
-7.86691e-15 0
0.0567822 0
0.0303109 0
0.0739254 0
1.11687e-14 0
-0.0739254 0
0.0426747 0
0.0696756 0
-0.0179565 0
0.0696756 0
0.0426747 0
-0.104522 0
-0.124689 0
0.0598865 0
-0.00303319 0
-0.081613 0
0.0788205 0
0.0719547 0
-0.0167304 0
0.0242033 0
-0.120846 0
-0.0703276 0
0.0840943 0
-0.0824966 0
0.0941787 0
-0.0435292 0
-0.152813 0
0.0841556 0
0.0941787 0
-0.0703276 0
0.0840943 0
0.0841556 0
-0.120846 0
0.0719547 0
-0.0167304 0
-0.0824966 0
0.0788205 0
0.0598865 0
-0.00303319 0
0.0242033 0
-0.124689 0
-0.0179565 0
0.0696756 0
-0.081613 0
0.0696756 0
0.0426747 0
-0.104522 0
0.0426747 0
-0.081613 0
-0.00303319 0
0.0598865 0
0.0788205 0
-0.196203 0
0.00257209 0
0.0970516 0
0.0390248 0
0.0369537 0
-0.163379 0
0.0369537 0
0.0390248 0
0.0970516 0
0.00257209 0
-0.196203 0
0.0788205 0
0.0598865 0
-0.00303319 0
-0.081613 0
0.0242033 0
-0.0167304 0
0.0719547 0
-0.120846 0
0.0970516 0
0.0390248 0
-0.165872 0
0.0573956 0
0.0595021 0
0.0573956 0
-0.165872 0
0.0390248 0
0.0970516 0
-0.120846 0
0.0719547 0
-0.0167304 0
0.0242033 0
-0.0824966 0
0.0840943 0
-0.0703276 0
0.0941787 0
0.0369537 0
-0.163379 0
0.0595021 0
0.0573956 0
0.0595021 0
-0.163379 0
0.0369537 0
0.0941787 0
-0.0703276 0
0.0840943 0
-0.0824966 0
0.0841556 0
-0.152813 0
-0.0435292 0
0.0941787 0
0.0369537 0
0.0390248 0
-0.165872 0
0.0390248 0
0.0369537 0
0.0941787 0
-0.0435292 0
-0.152813 0
0.0841556 0
0.0841556 0
0.0840943 0
-0.0703276 0
-0.120846 0
0.0970516 0
0.00257209 0
0.0970516 0
-0.120846 0
-0.0703276 0
0.0840943 0
0.0841556 0
-0.0824966 0
-0.0167304 0
0.0719547 0
0.0788205 0
-0.196203 0
0.0788205 0
0.0719547 0
-0.0167304 0
-0.0824966 0
0.0242033 0
-0.00303319 0
0.0598865 0
-0.124689 0
0.0598865 0
-0.00303319 0
0.0242033 0
-0.081613 0
0.0696756 0
-0.0179565 0
0.0696756 0
-0.081613 0
0.0426747 0
-0.104522 0
0.0426747 0
0 0
0 0
0 0
0 0
0 0
0 0
0 0
0 0
0 0
0 0
0 0
0 0
0 0
0 0
0 0
0 0
0 0
0 0
0 0
0 0
0 0
0 0
0 0
0 0
0 0
0 0
0 0
0 0
0 0
0 0
0 0
0 0
0 0
0 0
0 0
0 0
0 0
0 0
0 0
0 0
0 0
0 0
0 0
0 0
0 0
0 0
0 0
0 0
0 0
0 0
0 0
0 0
0 0
0 0
0 0
0 0
0 0
0 0
0 0
0 0
0 0
0 0
0 0
0 0
0 0
0 0
0 0
0 0
0 0
0 0
0 0
0 0
0 0
0 0
0 0
0 0
0 0
0 0
0 0
0 0
0 0
0 0
0 0
0 0
0 0
0 0
0 0
0 0
0 0
0 0
0 0
0 0
0 0
0 0
0 0
0 0
0 0
0 0
0 0
0 0
0 0
0 0
0 0
0 0
0 0
0 0
0 0
0 0
0 0
0 0
0 0
0 0
0 0
0 0
0 0
0 0
0 0
0 0
0 0
0 0
0 0
0 0
0 0
0 0
0 0
0 0
0 0
0 0
0 0
0 0
0 0
0 0
0 0
0 0
0 0
0 0
0 0
0 0
0 0
0 0
0 0
0 0
0 0
0 0
0 0
0 0
0 0
0 0
0 0
0 0
0 0
0 0
0 0
0 0
0 0
0 0
0 0
0 0
0 0
0 0
0 0
0 0
0 0
0 0
0 0
0 0
0 0
0 0
0 0
0 0
0 0
0 0
0 0
0 0
0 0
0 0
0 0
0 0
0 0
0 0
0 0
0 0
0 0
0 0
0 0
0 0
0 0
0 0
0 0
0 0
0 0
0 0
0 0
0 0
0 0
0 0
0 0
0 0
0 0
0 0
0 0
0 0
0 0
0 0
0 0
0 0
0 0
0 0
0 0
0 0
0 0
0 0
0 0
0 0
0 0
0 0
0 0
0 0
0 0
0 0
0 0
0 0
0 0
0 0
0 0
0 0
0 0
0 0
0 0
0 0
0 0
0 0
0 0
0 0
0 0
0 0
0 0
0 0
0 0
0 0
0 0
0 0
0 0
0 0
0 0
0 0
0 0
0 0
0 0
0 0
0 0
0 0
0 0
0 0
0 0
0 0
0 0
0 0
0 0
0 0
0 0
0 0
0 0
0 0
0 0
0 0
0 0
0 0
0 0
0 0
0 0
0 0
0 0
0 0
0 0
0 0
0 0
0 0
0 0
0 0
0 0
0 0
0.0426747 0
0.0696756 0
-0.0179565 0
0.0696756 0
0.0426747 0
-0.104522 0
-0.124689 0
0.0598865 0
-0.00303319 0
-0.081613 0
0.0788205 0
0.0719547 0
-0.0167304 0
0.0242033 0
-0.120846 0
-0.0703276 0
0.0840943 0
-0.0824966 0
0.0941787 0
-0.0435292 0
-0.152813 0
0.0841556 0
0.0941787 0
-0.0703276 0
0.0840943 0
0.0841556 0
-0.120846 0
0.0719547 0
-0.0167304 0
-0.0824966 0
0.0788205 0
0.0598865 0
-0.00303319 0
0.0242033 0
-0.124689 0
-0.0179565 0
0.0696756 0
-0.081613 0
0.0696756 0
0.0426747 0
-0.104522 0
0.0426747 0
-0.081613 0
-0.00303319 0
0.0598865 0
0.0788205 0
-0.196203 0
0.00257209 0
0.0970516 0
0.0390248 0
0.0369537 0
-0.163379 0
0.0369537 0
0.0390248 0
0.0970516 0
0.00257209 0
-0.196203 0
0.0788205 0
0.0598865 0
-0.00303319 0
-0.081613 0
0.0242033 0
-0.0167304 0
0.0719547 0
-0.120846 0
0.0970516 0
0.0390248 0
-0.165872 0
0.0573956 0
0.0595021 0
0.0573956 0
-0.165872 0
0.0390248 0
0.0970516 0
-0.120846 0
0.0719547 0
-0.0167304 0
0.0242033 0
-0.0824966 0
0.0840943 0
-0.0703276 0
0.0941787 0
0.0369537 0
-0.163379 0
0.0595021 0
0.0573956 0
0.0595021 0
-0.163379 0
0.0369537 0
0.0941787 0
-0.0703276 0
0.0840943 0
-0.0824966 0
0.0841556 0
-0.152813 0
-0.0435292 0
0.0941787 0
0.0369537 0
0.0390248 0
-0.165872 0
0.0390248 0
0.0369537 0
0.0941787 0
-0.0435292 0
-0.152813 0
0.0841556 0
0.0841556 0
0.0840943 0
-0.0703276 0
-0.120846 0
0.0970516 0
0.00257209 0
0.0970516 0
-0.120846 0
-0.0703276 0
0.0840943 0
0.0841556 0
-0.0824966 0
-0.0167304 0
0.0719547 0
0.0788205 0
-0.196203 0
0.0788205 0
0.0719547 0
-0.0167304 0
-0.0824966 0
0.0242033 0
-0.00303319 0
0.0598865 0
-0.124689 0
0.0598865 0
-0.00303319 0
0.0242033 0
-0.081613 0
0.0696756 0
-0.0179565 0
0.0696756 0
-0.081613 0
0.0426747 0
-0.104522 0
0.0426747 0
0.0958852 0
-0.0800641 0
4.26941e-16 0
0.0800641 0
-0.0958852 0
1.81481e-15 0
2.10266e-15 0
0.0290317 0
-0.104306 0
0.0290317 0
0.0800641 0
-0.0958852 0
0.0800641 0
0.0290317 0
-0.0800641 0
-0.0290317 0
-0.0800641 0
2.00123e-15 0
0.18437 0
3.01541e-15 0
2.32428e-15 0
0.0958852 0
-0.18437 0
0.0290317 0
0.0800641 0
-0.0958852 0
0.0800641 0
0.0958852 0
-0.0800641 0
1.70614e-15 0
-0.0800641 0
-0.0290317 0
0.104306 0
-0.0290317 0
7.45538e-15 0
3.53667e-15 0
-0.0800641 0
-0.0290317 0
0.0800641 0
-0.0958852 0
8.83601e-15 0
0.0958852 0
-0.0290317 0
0.104306 0
-0.0290317 0
-0.0800641 0
4.19713e-15 0
1.33041e-15 0
0.19177 0
-0.0800641 0
-0.124917 0
6.22733e-15 0
0.124917 0
0.0800641 0
-0.19177 0
1.00585e-15 0
9.08495e-15 0
0.0800641 0
0.0290317 0
-0.104306 0
0.0290317 0
-0.0290317 0
-0.0800641 0
0.0958852 0
0.0800641 0
-0.19177 0
0.0800641 0
6.20504e-15 0
-7.88556e-16 0
-2.00724e-15 0
-3.57846e-15 0
7.10244e-15 0
-0.0800641 0
0.19177 0
-0.0800641 0
-0.0958852 0
0.0800641 0
0.0290317 0
1.71907e-15 0
0.0800641 0
0.0290317 0
-0.18437 0
0.124917 0
5.10238e-15 0
-3.68869e-15 0
-1.54941e-15 0
-1.92031e-15 0
6.5629e-15 0
-0.124917 0
0.18437 0
-0.0290317 0
-0.0800641 0
3.29373e-15 0
-0.0958852 0
5.32152e-15 0
8.13274e-16 0
0.18437 0
-0.124917 0
-0.0800641 0
6.81381e-15 0
0.0800641 0
0.124917 0
-0.18437 0
2.68236e-16 0
5.62801e-15 0
0.0958852 0
0.0958852 0
-0.0800641 0
-0.0290317 0
-0.0800641 0
0.19177 0
2.00779e-15 0
-0.19177 0
0.0800641 0
0.0290317 0
0.0800641 0
-0.0958852 0
2.90345e-15 0
0.0800641 0
-0.0958852 0
0.0800641 0
6.81324e-15 0
-0.0800641 0
0.0958852 0
-0.0800641 0
1.10577e-15 0
0.0290317 0
-0.104306 0
0.0290317 0
5.90066e-15 0
-0.0290317 0
0.104306 0
-0.0290317 0
0.0290317 0
0.0800641 0
-4.02699e-16 0
-0.0800641 0
-0.0290317 0
-0.0958852 0
3.58915e-15 0
0.0958852 0
0 0
0 0
0 0
0 0
0 0
0 0
0 0
0 0
0 0
0 0
0 0
0 0
0 0
0 0
0 0
0 0
0 0
0 0
0 0
0 0
0 0
0 0
0 0
0 0
0 0
0 0
0 0
0 0
0 0
0 0
0 0
0 0
0 0
0 0
0 0
0 0
0 0
0 0
0 0
0 0
0 0
0 0
0 0
0 0
0 0
0 0
0 0
0 0
0 0
0 0
0 0
0 0
0 0
0 0
0 0
0 0
0 0
0 0
0 0
0 0
0 0
0 0
0 0
0 0
0 0
0 0
0 0
0 0
0 0
0 0
0 0
0 0
0 0
0 0
0 0
0 0
0 0
0 0
0 0
0 0
0 0
0 0
0 0
0 0
0 0
0 0
0 0
0 0
0 0
0 0
0 0
0 0
0 0
0 0
0 0
0 0
0 0
0 0
0 0
0 0
0 0
0 0
0 0
0 0
0 0
0 0
0 0
0 0
0 0
0 0
0 0
0 0
0 0
0 0
0 0
0 0
0 0
0 0
0 0
0 0
0 0
0 0
0 0
0 0
0 0
0 0
0 0
0 0
0 0
0 0
0 0
0 0
0 0
0 0
0 0
0 0
0 0
0 0
0 0
0 0
0 0
0 0
0 0
0 0
0 0
0 0
0 0
0 0
0 0
0 0
0 0
0 0
0 0
0 0
0 0
0 0
0 0
0 0
0 0
0 0
0 0
0 0
0 0
0 0
0 0
0 0
0 0
0 0
0 0
0 0
0 0
0 0
0 0
0 0
0 0
0 0
0 0
0 0
0 0
0 0
0 0
0 0
0 0
0 0
0 0
0 0
0 0
0 0
0 0
0 0
0 0
0 0
0 0
0 0
0 0
0 0
0 0
0 0
0 0
0 0
0 0
0 0
0 0
0 0
0 0
0 0
0 0
0 0
0 0
0 0
0 0
0 0
0 0
0 0
0 0
0 0
0 0
0 0
0 0
0 0
0 0
0 0
0 0
0 0
0 0
0 0
0 0
0 0
0 0
0 0
0 0
0 0
0 0
0 0
0 0
0 0
0 0
0 0
0 0
0 0
0 0
0 0
0 0
0 0
0 0
0 0
0 0
0 0
0 0
0 0
0 0
0 0
0 0
0 0
0 0
0 0
0 0
0 0
0 0
0 0
0 0
0 0
0 0
0 0
0 0
0 0
0 0
0 0
0 0
0 0
0 0
0 0
0 0
0 0
0 0
0 0
0 0
0 0
0 0
0 0
0 0
0 0
-0.0958852 0
0.0800641 0
4.9895e-16 0
-0.0800641 0
0.0958852 0
-9.64386e-16 0
-1.21323e-15 0
-0.0290317 0
0.104306 0
-0.0290317 0
-0.0800641 0
0.0958852 0
-0.0800641 0
-0.0290317 0
0.0800641 0
0.0290317 0
0.0800641 0
2.35968e-15 0
-0.18437 0
7.32908e-16 0
1.59595e-15 0
-0.0958852 0
0.18437 0
-0.0290317 0
-0.0800641 0
0.0958852 0
-0.0800641 0
-0.0958852 0
0.0800641 0
1.26681e-15 0
0.0800641 0
0.0290317 0
-0.104306 0
0.0290317 0
-3.75449e-16 0
9.40637e-16 0
0.0800641 0
0.0290317 0
-0.0800641 0
0.0958852 0
-2.10805e-16 0
-0.0958852 0
0.0290317 0
-0.104306 0
0.0290317 0
0.0800641 0
1.10183e-15 0
-2.27702e-15 0
-0.19177 0
0.0800641 0
0.124917 0
6.72379e-16 0
-0.124917 0
-0.0800641 0
0.19177 0
-2.77998e-15 0
1.96143e-15 0
-0.0800641 0
-0.0290317 0
0.104306 0
-0.0290317 0
0.0290317 0
0.0800641 0
-0.0958852 0
-0.0800641 0
0.19177 0
-0.0800641 0
-3.18414e-16 0
-4.88324e-17 0
2.5796e-16 0
-9.44841e-16 0
-5.74653e-16 0
0.0800641 0
-0.19177 0
0.0800641 0
0.0958852 0
-0.0800641 0
-0.0290317 0
2.03804e-15 0
-0.0800641 0
-0.0290317 0
0.18437 0
-0.124917 0
1.19803e-15 0
1.90013e-16 0
-1.43789e-15 0
7.55429e-16 0
1.41869e-15 0
0.124917 0
-0.18437 0
0.0290317 0
0.0800641 0
1.70693e-15 0
0.0958852 0
1.15316e-15 0
1.67364e-15 0
-0.18437 0
0.124917 0
0.0800641 0
-4.51076e-16 0
-0.0800641 0
-0.124917 0
0.18437 0
1.94869e-15 0
1.23847e-15 0
-0.0958852 0
-0.0958852 0
0.0800641 0
0.0290317 0
0.0800641 0
-0.19177 0
-2.77237e-15 0
0.19177 0
-0.0800641 0
-0.0290317 0
-0.0800641 0
0.0958852 0
2.12694e-15 0
-0.0800641 0
0.0958852 0
-0.0800641 0
6.34618e-16 0
0.0800641 0
-0.0958852 0
0.0800641 0
1.03664e-15 0
-0.0290317 0
0.104306 0
-0.0290317 0
-1.13635e-15 0
0.0290317 0
-0.104306 0
0.0290317 0
-0.0290317 0
-0.0800641 0
8.44701e-16 0
0.0800641 0
0.0290317 0
0.0958852 0
-5.03352e-16 0
-0.0958852 0
-0.125203 0
0.0348538 0
0.0254486 0
-0.127376 0
0.0567248 0
0.0767932 0
0.0698292 0
-0.0359342 0
0.0993659 0
0.0314112 0
-0.137152 0
0.0943716 0
-0.0243859 0
-0.0840842 0
0.0773839 0
-0.0254506 0
0.0141684 0
0.0114581 0
-0.0688573 0
-0.00103821 0
-0.0153795 0
0.00135818 0
0.0851627 0
-0.0407765 0
0.00343544 0
0.0133944 0
-0.0522366 0
-0.00950049 0
-0.0251211 0
0.0243187 0
0.0858295 0
0.153176 0
0.0183592 0
0.00758288 0
-0.24078 0
-0.0877499 0
0.139592 0
-0.17713 0
0.179436 0
0.0957203 0
-0.264792 0
0.140402 0
0.0686746 0
-0.0960927 0
-0.0517829 0
0.0724397 0
0.0638642 0
0.00776256 0
-0.137926 0
0.037846 0
0.0878907 0
-0.047363 0
-0.034127 0
-0.00736771 0
0.0968578 0
-0.0267663 0
-0.220212 0
0.137305 0
0.149283 0
-0.0296456 0
-0.167978 0
0.0687966 0
0.034745 0
-0.0766777 0
-0.0388092 0
0.06714 0
-0.0288238 0
0.0162873 0
-0.023546 0
-0.0115288 0
0.0811896 0
-0.0561608 0
-0.0237419 0
0.147222 0
-0.0807737 0
-0.0515104 0
-0.0105985 0
0.0451306 0
-0.0231019 0
-0.0141444 0
0.0441449 0
0.0135884 0
-0.0577244 0
0.0667097 0
0.0162381 0
-0.0576436 0
-0.00470925 0
-0.0193467 0
-0.0698902 0
0.105411 0
-0.0236838 0
-0.00351821 0
0.0158307 0
-0.00843006 0
0.0216617 0
0.0014623 0
-0.0365541 0
-0.0180005 0
-0.0141041 0
0.0398735 0
0.0361915 0
0.0918514 0
-0.0987511 0
-0.000424084 0
-0.00628217 0
0.0109904 0
-0.0123485 0
-0.0106502 0
0.0491344 0
0.00338986 0
-0.00929598 0
0.0190037 0
-0.163998 0
0.0910458 0
-0.00336837 0
0.010709 0
-0.0049643 0
-0.0272888 0
0.0349843 0
-0.0428613 0
-0.000153702 0
0.156348 0
-0.158269 0
0.0861782 0
-0.00962392 0
-0.00121679 0
0.0389536 0
-0.0697203 0
-0.113349 0
0.17095 0
-0.101393 0
0.0777335 0
-0.0763795 0
0.136567 0
-0.0520601 0
0.0623013 0
-0.174446 0
0.108456 0
-0.152445 0
0.187999 0
-0.0151987 0
0 0
0 0
0 0
0 0
0 0
0 0
0 0
0 0
0 0
0 0
0 0
0 0
0 0
0 0
0 0
0 0
0 0
0 0
0 0
0 0
0 0
0 0
0 0
0 0
0 0
0 0
0 0
0 0
0 0
0 0
0 0
0 0
0 0
0 0
0 0
0 0
0 0
0 0
0 0
0 0
0 0
0 0
0 0
0 0
0 0
0 0
0 0
0 0
0 0
0 0
0 0
0 0
0 0
0 0
0 0
0 0
0 0
0 0
0 0
0 0
0 0
0 0
0 0
0 0
0 0
0 0
0 0
0 0
0 0
0 0
0 0
0 0
0 0
0 0
0 0
0 0
0 0
0 0
0 0
0 0
0 0
0 0
0 0
0 0
0 0
0 0
0 0
0 0
0 0
0 0
0 0
0 0
0 0
0 0
0 0
0 0
0 0
0 0
0 0
0 0
0 0
0 0
0 0
0 0
0 0
0 0
0 0
0 0
0 0
0 0
0 0
0 0
0 0
0 0
0 0
0 0
0 0
0 0
0 0
0 0
0 0
0 0
0 0
0 0
0 0
0 0
0 0
0 0
0 0
0 0
0 0
0 0
0 0
0 0
0 0
0 0
0 0
0 0
0 0
0 0
0 0
0.0898361 0
0.18131 0
-0.0866321 0
0.133654 0
0.143278 0
-0.261419 0
-0.237713 0
0.151631 0
0.0231371 0
-0.175829 0
0.079362 0
-0.00499357 0
-0.0263173 0
0.00356625 0
-0.0485919 0
-0.0420416 0
0.00411765 0
0.0248951 0
0.0819638 0
-0.0010891 0
-0.0161334 0
0.0134747 0
-0.0648592 0
-0.0274318 0
0.0143491 0
0.00200096 0
0.0749718 0
0.0940249 0
-0.0256164 0
0.0126354 0
-0.1332 0
-0.0286424 0
0.100359 0
-0.0838175 0
0.0583824 0
0.0212769 0
-0.120839 0
0.0229675 0
0.0434838 0
-0.120764 0
0.0642049 0
0.0635111 0
-0.164883 0
-0.0342798 0
0.146975 0
0.14093 0
-0.217407 0
-0.0264253 0
0.0903658 0
-0.00556437 0
-0.0299585 0
-0.0496847 0
0.0863576 0
0.0375366 0
-0.133447 0
0.00649008 0
0.0533953 0
0.0790958 0
-0.0446956 0
-0.097622 0
0.0607117 0
0.0484757 0
-0.00894729 0
-0.0552401 0
-0.0827241 0
0.150605 0
-0.0251489 0
-0.0554454 0
0.0801554 0
-0.012094 0
-0.0196862 0
0.0136174 0
-0.0299934 0
0.0742647 0
-0.0427205 0
-0.0792315 0
0.0342774 0
0.0710359 0
0.0147429 0
-0.00419937 0
-0.0215976 0
0.106183 0
-0.0727336 0
-0.0161753 0
-0.00393729 0
-0.0604691 0
0.0160312 0
0.0658599 0
-0.0611363 0
0.0186503 0
0.0430617 0
-0.014329 0
-0.0223705 0
0.0105994 0
-0.00525237 0
-0.000354566 0
-0.100614 0
0.0910948 0
0.0355578 0
0.041828 0
-0.0123877 0
-0.0136239 0
-0.0413234 0
0.00144367 0
0.0213858 0
-0.00791358 0
-0.00556114 0
0.0102114 0
-0.00102005 0
0.0913123 0
-0.164631 0
0.0199352 0
-0.0171576 0
0.00775232 0
0.0490294 0
-0.0101497 0
-0.0126003 0
-0.00252456 0
-0.00796016 0
0.084225 0
-0.158458 0
0.164011 0
-0.00773061 0
-0.0387848 0
0.0345637 0
-0.0273783 0
-0.0746022 0
0.0744849 0
-0.106935 0
0.17933 0
-0.118333 0
-0.0660789 0
0.0353418 0
0.115118 0
-0.177138 0
0.0653552 0
-0.0604708 0
0.141915 0
-0.0225141 0
0.197215 0
-0.153347 0
0 0
0 0
0 0
0 0
0 0
0 0
0 0
0 0
0 0
0 0
0 0
0 0
0 0
0 0
0 0
0 0
0 0
0 0
0 0
0 0
0 0
0 0
0 0
0 0
0 0
0 0
0 0
0 0
0 0
0 0
0 0
0 0
0 0
0 0
0 0
0 0
0 0
0 0
0 0
0 0
0 0
0 0
0 0
0 0
0 0
0 0
0 0
0 0
0 0
0 0
0 0
0 0
0 0
0 0
0 0
0 0
0 0
0 0
0 0
0 0
0 0
0 0
0 0
0 0
0 0
0 0
0 0
0 0
0 0
0 0
0 0
0 0
0 0
0 0
0 0
0 0
0 0
0 0
0 0
0 0
0 0
0 0
0 0
0 0
0 0
0 0
0 0
0 0
0 0
0 0
0 0
0 0
0 0
0 0
0 0
0 0
0 0
0 0
0 0
0 0
0 0
0 0
0 0
0 0
0 0
0 0
0 0
0 0
0 0
0 0
0 0
0 0
0 0
0 0
0 0
0 0
0 0
0 0
0 0
0 0
0 0
0 0
0 0
0 0
0 0
0 0
0 0
0 0
0 0
0 0
0 0
0 0
0 0
0 0
0 0
0 0
0 0
0 0
0 0
0 0
0 0
0 0
0 0
0 0
0 0
0 0
0 0
0 0
0 0
0 0
0 0
0 0
0 0
0 0
0 0
0 0
0 0
0 0
0 0
0 0
0 0
0 0
0 0
0 0
0 0
0 0
0 0
0 0
0 0
0 0
0 0
0 0
0 0
0 0
0 0
0 0
0 0
0 0
0 0
0 0
0 0
0 0
0 0
0 0
0 0
0 0
0 0
0 0
0 0
0 0
0 0
0 0
0 0
0 0
0 0
0 0
0 0
0 0
0 0
0 0
0 0
0 0
0 0
0 0
0 0
0 0
0 0
0 0
0 0
0 0
0 0
0 0
0 0
0 0
0 0
0 0
0 0
0 0
0 0
0 0
0 0
0 0
0 0
0 0
0 0
0 0
0 0
0 0
0 0
0 0
0 0
0 0
0 0
0 0
0 0
0 0
0 0
0 0
0 0
0 0
0 0
0 0
0 0
0 0
0 0
0 0
0 0
0 0
0 0
0 0
0 0
0 0
0 0
0 0
0 0
0 0
0 0
0 0
0 0
0 0
0 0
0 0
0 0
0 0
0 0
0 0
0 0
0 0
0 0
0 0
0 0
0 0
0 0
0 0
0 0
0 0
0 0
0 0
0 0
0 0
0 0
0 0
-0.154028 0
-0.0824064 0
0.0728257 0
-0.182363 0
-0.0419351 0
0.219758 0
0.199829 0
-0.120627 0
0.0648985 0
0.131727 0
-0.157161 0
0.0780124 0
-0.00339422 0
-0.0689721 0
0.0909899 0
0.00530827 0
0.00875669 0
-0.00601358 0
-0.10448 0
-0.000163535 0
-0.00242253 0
-0.00710326 0
0.107048 0
-0.0157401 0
-0.00598379 0
0.00942702 0
-0.0870288 0
-0.0646438 0
-0.00440393 0
0.011649 0
0.149077 0
0.139094 0
-0.0463548 0
0.0569219 0
-0.226756 0
-0.0826392 0
0.184287 0
-0.15468 0
0.116161 0
0.149384 0
-0.249371 0
0.0729858 0
0.154687 0
-0.0555316 0
-0.130392 0
-0.0280236 0
0.182759 0
0.022214 0
-0.164459 0
0.0334483 0
0.0880229 0
-0.00746045 0
-0.0795542 0
-0.0286474 0
0.15799 0
-0.0252074 0
-0.207386 0
0.0610618 0
0.14575 0
0.0357258 0
-0.170329 0
0.025224 0
0.0330387 0
-0.0273781 0
0.0193986 0
-0.0381091 0
-0.0076297 0
0.0466092 0
-0.0673812 0
-0.00181598 0
0.076461 0
-0.0528899 0
-0.000650258 0
0.0718746 0
-0.0382348 0
0.00718634 0
-0.0292352 0
-0.0072786 0
-0.0273074 0
-0.00868799 0
0.0481889 0
-0.0536819 0
-0.00169652 0
0.0628244 0
0.0152924 0
-0.00907981 0
-0.0134764 0
-0.055364 0
-0.0184049 0
0.0724263 0
-0.044966 0
0.00590584 0
0.0261621 0
-0.0131342 0
0.0204001 0
0.00137713 0
0.0320538 0
-0.069618 0
-0.032798 0
0.00628072 0
0.0362771 0
0.0812507 0
-0.0533666 0
-0.00121359 0
-0.0179776 0
0.0135375 0
-0.00643423 0
-0.0146625 0
0.0396577 0
-0.052755 0
0.0925841 0
0.0029934 0
-0.119881 0
0.0676302 0
-0.0324488 0
0.0146718 0
0.00370717 0
-0.0201485 0
0.0326295 0
-0.0851988 0
0.0960995 0
0.0246273 0
-0.121054 0
0.0920219 0
-0.0286348 0
0.0156584 0
0.0762507 0
-0.100624 0
-0.025123 0
0.0269275 0
-0.00870248 0
0.101886 0
-0.0821459 0
0.0386015 0
0.0662023 0
0.00981348 0
-0.101881 0
-6.37464e-06 0
-0.107449 0
0.029613 0
0.0810426 0
0 0
0 0
0 0
0 0
0 0
0 0
0 0
0 0
0 0
0 0
0 0
0 0
0 0
0 0
0 0
0 0
0 0
0 0
0 0
0 0
0 0
0 0
0 0
0 0
0 0
0 0
0 0
0 0
0 0
0 0
0 0
0 0
0 0
0 0
0 0
0 0
0 0
0 0
0 0
0 0
0 0
0 0
0 0
0 0
0 0
0 0
0 0
0 0
0 0
0 0
0 0
0 0
0 0
0 0
0 0
0 0
0 0
0 0
0 0
0 0
0 0
0 0
0 0
0 0
0 0
0 0
0 0
0 0
0 0
0 0
0 0
0 0
0 0
0 0
0 0
0 0
0 0
0 0
0 0
0 0
0 0
0 0
0 0
0 0
0 0
0 0
0 0
0 0
0 0
0 0
0 0
0 0
0 0
0 0
0 0
0 0
0 0
0 0
0 0
0 0
0 0
0 0
0 0
0 0
0 0
0 0
0 0
0 0
0 0
0 0
0 0
0 0
0 0
0 0
0 0
0 0
0 0
0 0
0 0
0 0
0 0
0 0
0 0
0 0
0 0
0 0
0 0
0 0
0 0
0 0
0 0
0 0
0 0
0 0
0 0
0 0
0 0
0 0
0 0
0 0
0 0
0.00465159 0
-0.165219 0
0.0533776 0
-0.0288434 0
-0.148283 0
0.161071 0
0.146464 0
-0.0986533 0
-0.0787217 0
0.120626 0
0.020229 0
-0.0533386 0
0.0357176 0
0.0482257 0
-0.00838323 0
0.0488575 0
-0.0118752 0
-0.0267374 0
-0.0233091 0
0.00149575 0
0.0221574 0
-0.0115307 0
-0.000182057 0
0.0465562 0
-0.0134868 0
-0.00972337 0
-0.0278465 0
-0.0689356 0
0.0356072 0
-0.0248063 0
0.053711 0
-0.0702573 0
-0.0908854 0
0.0619901 0
0.0998246 0
0.0363801 0
0.0112435 0
0.089312 0
-0.143509 0
0.0378246 0
0.10978 0
-0.135718 0
0.089301 0
0.0855871 0
-0.0853304 0
-0.15596 0
0.133953 0
0.0162817 0
0.0119566 0
-0.0185605 0
-0.0295679 0
0.0682361 0
-0.0478896 0
-0.0253496 0
0.0472109 0
0.011097 0
0.0912974 0
-0.14622 0
-0.0551391 0
0.0955646 0
0.0537661 0
-0.0802909 0
-0.0139897 0
0.090451 0
0.0892924 0
-0.160429 0
0.0374842 0
0.0341622 0
-0.049387 0
0.0166096 0
-0.0336603 0
0.0232836 0
0.0382473 0
-0.148404 0
0.0829912 0
0.09423 0
-0.0207983 0
-0.0838445 0
0.00231482 0
0.0119255 0
-0.00964674 0
-0.0926156 0
0.0928408 0
-0.0276571 0
-0.00673213 0
0.0830473 0
-0.0098775 0
-0.040579 0
0.091014 0
-0.0788279 0
-0.0198316 0
0.0135211 0
0.0081608 0
-0.00330236 0
-0.0089807 0
-0.000606252 0
0.102137 0
-0.0614461 0
-0.0196868 0
-0.0574458 0
-0.0121346 0
-0.0449512 0
0.0927977 0
-0.000889503 0
-0.0131766 0
-0.000386265 0
0.0119169 0
-0.00164594 0
-0.0290258 0
-0.0746079 0
0.136447 0
-0.0273787 0
0.113218 0
-0.0614458 0
-0.0369095 0
0.00156127 0
0.0130257 0
0.0185766 0
-0.0149193 0
-0.0408915 0
0.125991 0
-0.225251 0
0.102249 0
-0.0215154 0
-0.0216175 0
0.0224915 0
0.0356188 0
-0.0168429 0
0.153792 0
-0.246289 0
0.155588 0
0.00529823 0
0.0183008 0
-0.174392 0
0.172353 0
-0.0897577 0
0.153976 0
-0.178613 0
0.110458 0
-0.270851 0
0.131067 0
0 0
0 0
0 0
0 0
0 0
0 0
0 0
0 0
0 0
0 0
0 0
0 0
0 0
0 0
0 0
0 0
0 0
0 0
0 0
0 0
0 0
0 0
0 0
0 0
0 0
0 0
0 0
0 0
0 0
0 0
0 0
0 0
0 0
0 0
0 0
0 0
0 0
0 0
0 0
0 0
0 0
0 0
0 0
0 0
0 0
0 0
0 0
0 0
0 0
0 0
0 0
0 0
0 0
0 0
0 0
0 0
0 0
0 0
0 0
0 0
0 0
0 0
0 0
0 0
0 0
0 0
0 0
0 0
0 0
0 0
0 0
0 0
0 0
0 0
0 0
0 0
0 0
0 0
0 0
0 0
0 0
0 0
0 0
0 0
0 0
0 0
0 0
0 0
0 0
0 0
0 0
0 0
0 0
0 0
0 0
0 0
0 0
0 0
0 0
0 0
0 0
0 0
0 0
0 0
0 0
0 0
0 0
0 0
0 0
0 0
0 0
0 0
0 0
0 0
0 0
0 0
0 0
0 0
0 0
0 0
0 0
0 0
0 0
0 0
0 0
0 0
0 0
0 0
0 0
0 0
0 0
0 0
0 0
0 0
0 0
0 0
0 0
0 0
0 0
0 0
0 0
0.00125679 0
0.0522926 0
-0.0843943 0
0.00694563 0
0.0492618 0
-0.0534798 0
0.0204832 0
0.116278 0
-0.0339351 0
0.0285715 0
-0.0963874 0
0.0395868 0
0.140483 0
-0.112793 0
-0.0814902 0
0.0818579 0
-0.0842793 0
-0.0594979 0
0.0884441 0
-0.0550583 0
0.0301967 0
0.0572527 0
-0.066631 0
-0.0978106 0
-0.00117852 0
-0.0307191 0
0.160204 0
-0.043482 0
-0.121286 0
0.129643 0
0.00215604 0
-0.0662413 0
0.0944497 0
0.0284094 0
-0.0340322 0
0.140219 0
-0.045907 0
-0.0513881 0
-0.0525155 0
-0.0384696 0
0.0888551 0
-0.0454655 0
0.0337404 0
-0.0841648 0
-0.0512324 0
0.112077 0
-0.064814 0
0.0455355 0
-0.0444666 0
0.0779592 0
-0.110346 0
-0.0621668 0
0.215811 0
-0.0750633 0
-0.0100412 0
-0.0756559 0
0.107687 0
-0.0282242 0
-0.0418295 0
0.10177 0
-0.0521414 0
0.0969965 0
-0.00746098 0
0.010175 0
-0.114228 0
0.0662665 0
0.00609505 0
0.0811705 0
-0.16073 0
-0.0467396 0
0.267049 0
-0.134862 0
-0.0645903 0
-0.0261787 0
0.164975 0
-0.0391957 0
-0.0997257 0
-0.00216388 0
-0.100124 0
0.102041 0
0.0314615 0
-0.0175324 0
-0.153195 0
0.156149 0
0.1174 0
-0.106318 0
-0.0706601 0
-0.0939827 0
0.222055 0
-0.0511867 0
-0.0904662 0
-0.0283315 0
0.135563 0
-0.0277286 0
-0.0758475 0
0.138295 0
-0.0372574 0
-0.111709 0
-0.0133689 0
0.0536919 0
0.0689683 0
-0.0626161 0
0.0841634 0
-0.0832363 0
0.0456508 0
-0.0183345 0
-0.0389183 0
0.112611 0
0.00860832 0
-0.0834851 0
0.0706453 0
0.0301204 0
-0.0562253 0
-0.0459766 0
0.0663491 0
-0.100862 0
0.0584476 0
-0.0760656 0
-0.040757 0
-0.00039108 0
0.124612 0
-0.0428726 0
-0.114233 0
0.033307 0
0.128747 0
-0.0295194 0
0.114957 0
-0.0678347 0
-0.0744481 0
0.013549 0
0.117474 0
-0.0102849 0
-0.125406 0
0.0235699 0
0.0455699 0
-0.0558244 0
-0.00638559 0
0.0176476 0
-0.0107922 0
-0.0353753 0
0.0442087 0
-0.051771 0
-0.0227178 0
0.113024 0
-0.0566163 0
-0.0158855 0
0.0716222 0
-0.0274319 0
0.0190543 0
0.0978563 0
-0.0436573 0
-0.0884236 0
-0.0223283 0
-0.0337774 0
-0.0678349 0
0.143293 0
-0.0570444 0
-0.0815338 0
0.12207 0
-0.0078733 0
-0.128006 0
0.0702046 0
0.0119933 0
0.0585868 0
0.0199556 0
-0.117148 0
0.0496952 0
0.0397106 0
0.0132723 0
0.0784081 0
0.0410107 0
-0.130656 0
0.0972759 0
0.0428348 0
-0.12835 0
-0.00406839 0
0.0167625 0
-0.0339654 0
-0.00938924 0
0.0221995 0
-0.0347455 0
0.0106222 0
0.0247115 0
-0.0397933 0
0.0603078 0
-0.106165 0
0.0674112 0
0.0868015 0
-0.0609829 0
-0.0559861 0
-0.0294239 0
0.192488 0
-0.144532 0
0.0527073 0
0.0361565 0
-0.0707397 0
-0.00904429 0
0.0128734 0
0.12754 0
-0.110195 0
-0.0193777 0
-0.00298721 0
0.0889903 0
-0.144371 0
-0.0443146 0
0.11882 0
0.0267908 0
-0.0831449 0
-0.108707 0
0.215256 0
-0.108665 0
0.0319244 0
-0.0161222 0
-0.0528515 0
0.0664098 0
-0.000836887 0
-0.023156 0
-0.104829 0
0.131487 0
0.0917011 0
0.057747 0
-0.0947175 0
-0.0870945 0
0.160457 0
0.0186669 0
0.0140346 0
-0.247181 0
0.0946308 0
0.125865 0
-0.000362566 0
-0.0726714 0
-0.0424632 0
0.11362 0
-0.00930658 0
-0.0515332 0
-0.0090672 0
0.0165325 0
0.0805447 0
-0.192125 0
0.0822753 0
0.124829 0
0.0469884 0
-0.213164 0
0.0285077 0
0.111473 0
-0.0611374 0
-0.0555593 0
0.0435659 0
-0.0320865 0
0.0995076 0
-0.142456 0
-0.0104237 0
0.0700272 0
0.0439489 0
-0.158531 0
0.0747618 0
0.059401 0
0.00183809 0
-0.112764 0
0.138606 0
0.0454843 0
-0.0391162 0
-0.099675 0
0.0632449 0
0.0310424 0
0.0659625 0
-0.132712 0
-0.0636523 0
-0.0784786 0
0.091141 0
0.0315003 0
0.0088896 0
-0.103143 0
0.0393593 0
0.0466445 0
0.0344168 0
-0.129787 0
0.0566832 0
0.0491826 0
0.050631 0
-0.0822444 0
0.0270595 0
0 0
0 0
0 0
0 0
0 0
0 0
0 0
0 0
0 0
0 0
0 0
0 0
0 0
0 0
0 0
0 0
0 0
0 0
0 0
0 0
0 0
0 0
0 0
0 0
0 0
0 0
0 0
0 0
0 0
0 0
0 0
0 0
0 0
0 0
0 0
0 0
0 0
0 0
0 0
0 0
0 0
0 0
0 0
0 0
0 0
0 0
0 0
0 0
0 0
0 0
0 0
0 0
0 0
0 0
0 0
0 0
0 0
0 0
0 0
0 0
0 0
0 0
0 0
0 0
0 0
0 0
0 0
0 0
0 0
0 0
0 0
0 0
0 0
0 0
0 0
0 0
0 0
0 0
0 0
0 0
0 0
0 0
0 0
0 0
0 0
0 0
0 0
0 0
0 0
0 0
0 0
0 0
0 0
0 0
0 0
0 0
0 0
0 0
0 0
0 0
0 0
0 0
0 0
0 0
0 0
0 0
0 0
0 0
0 0
0 0
0 0
0 0
0 0
0 0
0 0
0 0
0 0
0 0
0 0
0 0
0 0
0 0
0 0
0 0
0 0
0 0
0 0
0 0
0 0
0 0
0 0
0 0
0 0
0 0
0 0
0 0
0 0
0 0
0 0
0 0
0 0
0 0
0 0
0 0
0 0
0 0
0 0
0 0
0 0
0 0
0 0
0 0
0 0
0 0
0 0
0 0
0 0
0 0
0 0
0 0
0 0
0 0
0 0
0 0
0 0
0 0
0 0
0 0
0 0
0 0
0 0
0 0
0 0
0 0
0 0
0 0
0 0
0 0
0 0
0 0
0 0
0 0
0 0
0 0
0 0
0 0
0 0
0 0
0 0
0 0
0 0
0 0
0 0
0 0
0 0
0 0
0 0
0 0
0 0
0 0
0 0
0 0
0 0
0 0
0 0
0 0
0 0
0 0
0 0
0 0
0 0
0 0
0 0
0 0
0 0
0 0
0 0
0 0
0 0
0 0
0 0
0 0
0 0
0 0
0 0
0 0
0 0
0 0
0 0
0 0
0 0
0 0
0 0
0 0
0 0
0 0
0 0
0 0
0 0
0 0
0 0
0 0
0 0
0 0
0 0
0 0
0 0
0 0
0 0
0 0
0 0
0 0
0 0
0 0
0 0
0 0
0 0
0 0
0 0
0 0
0 0
0 0
0 0
0 0
0 0
0 0
0 0
0 0
0 0
0 0
0 0
0 0
0 0
0 0
0 0
0 0
0 0
0 0
0 0
0 0
0 0
0 0
0.0517735 0
0.0228177 0
-0.113186 0
0.0566297 0
0.0159796 0
-0.0717244 0
0.027471 0
-0.0188324 0
-0.0979212 0
0.0437119 0
0.0882398 0
0.0224039 0
0.0340456 0
0.0676197 0
-0.143449 0
0.0572007 0
0.0813731 0
-0.122184 0
0.00804212 0
0.127901 0
-0.070147 0
-0.0118841 0
-0.0587141 0
-0.0201424 0
0.117146 0
-0.0497539 0
-0.0394049 0
-0.0133553 0
-0.0786397 0
-0.0407634 0
0.13066 0
-0.0974025 0
-0.0426546 0
0.128404 0
0.00400344 0
-0.0164949 0
0.0338778 0
0.00929118 0
-0.0222997 0
0.0346722 0
-0.0104526 0
-0.0247983 0
0.0398578 0
-0.0604685 0
0.106068 0
-0.0671974 0
-0.0869254 0
0.0610699 0
0.0559013 0
0.0295727 0
-0.192698 0
0.144414 0
-0.0522955 0
-0.0362999 0
0.0707207 0
0.00889992 0
-0.0126679 0
-0.127594 0
0.110116 0
0.0195719 0
0.0028877 0
-0.0888053 0
0.144357 0
0.0443341 0
-0.119039 0
-0.0266644 0
0.0831567 0
0.108862 0
-0.215564 0
0.108576 0
-0.0314148 0
0.0158648 0
0.0527283 0
-0.0664599 0
0.00115176 0
0.0230812 0
0.104639 0
-0.131492 0
-0.0918924 0
-0.0575524 0
0.0947777 0
0.0870612 0
-0.16075 0
-0.0183689 0
-0.0138105 0
0.246978 0
-0.0947659 0
-0.126045 0
0.000786378 0
0.0725738 0
0.0422907 0
-0.113675 0
0.00956533 0
0.0514804 0
0.00892245 0
-0.0162685 0
-0.0806159 0
0.191912 0
-0.082301 0
-0.124727 0
-0.0468568 0
0.213045 0
-0.0283471 0
-0.111632 0
0.0612246 0
0.0555244 0
-0.0436403 0
0.0323015 0
-0.0994914 0
0.142297 0
0.0105585 0
-0.0699698 0
-0.0440563 0
0.158443 0
-0.0746353 0
-0.0595936 0
-0.00172654 0
0.112619 0
-0.138684 0
-0.0454851 0
0.0393541 0
0.0995933 0
-0.063463 0
-0.0309789 0
-0.0657169 0
0.132656 0
0.0638718 0
0.0783493 0
-0.0912832 0
-0.0314745 0
-0.00866541 0
0.103123 0
-0.0395988 0
-0.0465996 0
-0.0343299 0
0.12968 0
-0.0566955 0
-0.049149 0
-0.0506517 0
0.0821771 0
-0.0269751 0
0.0013556 0
0.052336 0
-0.0846102 0
0.0070537 0
0.0492922 0
-0.0536166 0
0.0205356 0
0.116242 0
-0.0341219 0
0.0286549 0
-0.0962188 0
0.0396295 0
0.140548 0
-0.112664 0
-0.0817639 0
0.0819669 0
-0.0841238 0
-0.059731 0
0.0884593 0
-0.0548141 0
0.0300627 0
0.05723 0
-0.066743 0
-0.0978489 0
-0.000954938 0
-0.030814 0
0.160129 0
-0.0435074 0
-0.121436 0
0.129565 0
0.00240542 0
-0.0664271 0
0.0943681 0
0.0286544 0
-0.0340245 0
0.140187 0
-0.0458422 0
-0.0513702 0
-0.052558 0
-0.0384034 0
0.0888349 0
-0.0455128 0
0.0338164 0
-0.08428 0
-0.0510298 0
0.111949 0
-0.0649798 0
0.045652 0
-0.0443598 0
0.0780155 0
-0.110714 0
-0.061891 0
0.21571 0
-0.0751325 0
-0.0099062 0
-0.0756387 0
0.107662 0
-0.0284676 0
-0.0416193 0
0.101807 0
-0.0521358 0
0.0968268 0
-0.00718545 0
0.0102596 0
-0.114455 0
0.0662155 0
0.00625375 0
0.0813781 0
-0.161141 0
-0.0465323 0
0.266988 0
-0.134832 0
-0.0644896 0
-0.0263055 0
0.164977 0
-0.0391516 0
-0.0995259 0
-0.00241484 0
-0.100299 0
0.101931 0
0.0316424 0
-0.0173662 0
-0.153501 0
0.156114 0
0.117373 0
-0.105847 0
-0.0708409 0
-0.0942231 0
0.222056 0
-0.0510481 0
-0.0903853 0
-0.0285484 0
0.135581 0
-0.0276303 0
-0.0758303 0
0.138263 0
-0.0374112 0
-0.111342 0
-0.0135259 0
0.0534537 0
0.0688787 0
-0.0622093 0
0.0841091 0
-0.0834492 0
0.0457676 0
-0.0182284 0
-0.0390015 0
0.112672 0
0.00841842 0
-0.0832134 0
0.0706653 0
0.0299868 0
-0.0563093 0
-0.0456741 0
0.0662065 0
-0.100976 0
0.0584442 0
-0.0758505 0
-0.0410217 0
-0.000477891 0
0.124686 0
-0.0426824 0
-0.114354 0
0.0332478 0
0.128621 0
-0.0292661 0
0.115079 0
-0.067685 0
-0.0746222 0
0.0134889 0
0.117457 0
-0.0100881 0
-0.125481 0
0.0234809 0
0.0455043 0
-0.0555767 0
-0.00649378 0
0.0175538 0
-0.0108888 0
-0.0352184 0
0.0441572 0
0 0
0 0
0 0
0 0
0 0
0 0
0 0
0 0
0 0
0 0
0 0
0 0
0 0
0 0
0 0
0 0
0 0
0 0
0 0
0 0
0 0
0 0
0 0
0 0
0 0
0 0
0 0
0 0
0 0
0 0
0 0
0 0
0 0
0 0
0 0
0 0
0 0
0 0
0 0
0 0
0 0
0 0
0 0
0 0
0 0
0 0
0 0
0 0
0 0
0 0
0 0
0 0
0 0
0 0
0 0
0 0
0 0
0 0
0 0
0 0
0 0
0 0
0 0
0 0
0 0
0 0
0 0
0 0
0 0
0 0
0 0
0 0
0 0
0 0
0 0
0 0
0 0
0 0
0 0
0 0
0 0
0 0
0 0
0 0
0 0
0 0
0 0
0 0
0 0
0 0
0 0
0 0
0 0
0 0
0 0
0 0
0 0
0 0
0 0
0 0
0 0
0 0
0 0
0 0
0 0
0 0
0 0
0 0
0 0
0 0
0 0
0 0
0 0
0 0
0 0
0 0
0 0
0 0
0 0
0 0
0 0
0 0
0 0
0 0
0 0
0 0
0 0
0 0
0 0
0 0
0 0
0 0
0 0
0 0
0 0
0 0
0 0
0 0
0 0
0 0
0 0
0 0
0 0
0 0
0 0
0 0
0 0
0 0
0 0
0 0
0 0
0 0
0 0
0 0
0 0
0 0
0 0
0 0
0 0
0 0
0 0
0 0
0 0
0 0
0 0
0 0
0 0
0 0
0 0
0 0
0 0
0 0
0 0
0 0
0 0
0 0
0 0
0 0
0 0
0 0
0 0
0 0
0 0
0 0
0 0
0 0
0 0
0 0
0 0
0 0
0 0
0 0
0 0
0 0
0 0
0 0
0 0
0 0
0 0
0 0
0 0
0 0
0 0
0 0
0 0
0 0
0 0
0 0
0 0
0 0
0 0
0 0
0 0
0 0
0 0
0 0
0 0
0 0
0 0
0 0
0 0
0 0
0 0
0 0
0 0
0 0
0 0
0 0
0 0
0 0
0 0
0 0
0 0
0 0
0 0
0 0
0 0
0 0
0 0
0 0
0 0
0 0
0 0
0 0
0 0
0 0
0 0
0 0
0 0
0 0
0 0
0 0
0 0
0 0
0 0
0 0
0 0
0 0
0 0
0 0
0 0
0 0
0 0
0 0
0 0
0 0
0 0
0 0
0 0
0 0
0 0
0 0
0 0
0 0
0 0
0 0
0 0
0 0
0 0
0 0
0 0
0 0
-0.197614 0
-0.0335039 0
0.231118 0
-0.197614 0
-0.0335039 0
0.231118 0
1.03763e-15 0
-0.197614 0
0.197614 0
2.3484e-15 0
-1.60042e-16 0
0.197614 0
-0.197614 0
-9.14332e-16 0
-1.27245e-15 0
-0.197614 0
0.197614 0
5.82354e-17 0
-4.99782e-16 0
0.197614 0
-0.197614 0
-1.93024e-15 0
-7.372e-16 0
-0.197614 0
0.197614 0
-8.54053e-17 0
2.40308e-16 0
0.197614 0
-0.197614 0
2.22849e-16 0
-2.09953e-16 0
-0.197614 0
0.197614 0
-1.10097e-15 0
-8.04912e-17 0
0.109386 0
-0.197614 0
6.81664e-16 0
0.0882287 0
-0.197614 0
0.109386 0
0.0882287 0
8.58752e-16 0
0.0335039 0
-0.0335039 0
5.78988e-16 0
1.3417e-15 0
-1.75597e-15 0
-1.25846e-15 0
4.39586e-15 0
-2.29824e-15 0
-1.24765e-15 0
-1.01072e-15 0
2.4868e-15 0
-1.01121e-15 0
-1.32852e-15 0
1.24597e-15 0
6.61002e-16 0
0.0882287 0
-0.0882287 0
-4.55471e-17 0
1.29085e-15 0
-0.0335039 0
0.0335039 0
9.49682e-16 0
1.93015e-15 0
-8.73329e-16 0
-1.39307e-15 0
-1.97286e-15 0
4.49252e-15 0
-1.49531e-15 0
-8.29929e-16 0
1.97555e-16 0
1.39075e-15 0
5.3547e-16 0
-0.0882287 0
0.0882287 0
8.52888e-16 0
8.0052e-17 0
0.0335039 0
-0.0335039 0
4.84767e-16 0
3.74906e-16 0
5.15284e-16 0
-1.25149e-15 0
3.48277e-15 0
-1.93981e-15 0
2.92844e-16 0
-2.51134e-16 0
1.56095e-16 0
0.0882287 0
-0.0882287 0
1.98769e-16 0
1.19109e-15 0
-0.0335039 0
0.0335039 0
1.3431e-16 0
7.91546e-16 0
-1.00674e-15 0
9.00036e-17 0
-2.21511e-15 0
1.8155e-15 0
2.67933e-16 0
-0.0882287 0
0.0882287 0
6.7448e-16 0
-7.36667e-16 0
0.0335039 0
-0.0335039 0
-3.44893e-16 0
4.25409e-16 0
9.83984e-16 0
4.46025e-16 0
6.04302e-16 0
0.0882287 0
-0.0882287 0
-2.06816e-17 0
4.22881e-16 0
-0.0335039 0
0.0335039 0
8.28387e-16 0
-2.06449e-15 0
2.44612e-16 0
-0.0882287 0
0.0882287 0
1.31928e-15 0
3.0805e-16 0
0.0335039 0
-0.0335039 0
-3.45805e-15 0
0.0882287 0
-0.0882287 0
-3.47933e-16 0
-2.82529e-15 0
-0.0335039 0
-0.0547248 0
0.0882287 0
-2.90625e-15 0
0.0882287 0
-0.0547248 0
-0.0335039 0
0.0290515 0
-0.113158 0
0.0841061 0
0.0290515 0
-0.113158 0
0.0841061 0
-1.34952e-16 0
0.0290515 0
-0.0290515 0
-5.87789e-17 0
1.66981e-17 0
-0.0290515 0
0.0290515 0
-2.9106e-16 0
1.42167e-15 0
0.0290515 0
-0.0290515 0
1.45801e-15 0
5.16476e-16 0
-0.0290515 0
0.0290515 0
4.55772e-16 0
-1.45532e-15 0
0.0290515 0
-0.0290515 0
-1.55494e-15 0
-4.45012e-16 0
-0.0290515 0
0.0290515 0
-2.99048e-16 0
4.80855e-16 0
0.0290515 0
-0.0290515 0
5.03335e-16 0
-1.00089e-16 0
0.143475 0
0.0290515 0
-1.76444e-16 0
-0.172526 0
0.0290515 0
0.143475 0
-0.172526 0
-1.4545e-17 0
0.113158 0
-0.113158 0
-8.18092e-17 0
1.11951e-15 0
-9.85916e-16 0
1.4278e-16 0
-3.00219e-16 0
-1.76846e-16 0
3.2542e-16 0
1.73884e-16 0
9.01675e-16 0
-1.06154e-15 0
6.58013e-16 0
-8.33775e-16 0
-2.95101e-16 0
-0.172526 0
0.172526 0
4.21048e-18 0
1.39075e-16 0
-0.113158 0
0.113158 0
1.47355e-15 0
-3.33105e-16 0
-9.43801e-17 0
5.47539e-16 0
-3.06401e-16 0
-2.34865e-16 0
5.09223e-17 0
-1.2901e-16 0
-9.75316e-16 0
1.33476e-15 0
-1.09813e-15 0
0.172526 0
-0.172526 0
-3.08098e-16 0
1.34116e-15 0
0.113158 0
-0.113158 0
-2.33401e-16 0
-1.84358e-16 0
5.34097e-16 0
-1.14952e-16 0
-1.32921e-16 0
3.09341e-16 0
-1.14098e-16 0
-1.93695e-16 0
1.49565e-15 0
-0.172526 0
0.172526 0
-8.26634e-16 0
-1.84007e-16 0
-0.113158 0
0.113158 0
-9.54332e-16 0
-5.31464e-16 0
8.38828e-16 0
1.80142e-17 0
-6.10542e-16 0
1.53426e-17 0
5.68185e-16 0
0.172526 0
-0.172526 0
1.33738e-15 0
-9.80911e-16 0
0.113158 0
-0.113158 0
-9.55783e-16 0
-5.96417e-16 0
1.10069e-15 0
6.392e-16 0
-1.18545e-15 0
-0.172526 0
0.172526 0
7.88526e-16 0
-1.03277e-15 0
-0.113158 0
0.113158 0
4.18082e-16 0
-1.43863e-15 0
-1.94996e-16 0
0.172526 0
-0.172526 0
-1.40742e-15 0
4.52502e-16 0
0.113158 0
-0.113158 0
-2.21857e-16 0
-0.172526 0
0.172526 0
-4.7036e-16 0
-1.20158e-16 0
-0.113158 0
0.285684 0
-0.172526 0
-6.0363e-17 0
-0.172526 0
0.285684 0
-0.113158 0
0 0
0 0
0 0
0 0
0 0
0 0
0 0
0 0
0 0
0 0
0 0
0 0
0 0
0 0
0 0
0 0
0 0
0 0
0 0
0 0
0 0
0 0
0 0
0 0
0 0
0 0
0 0
0 0
0 0
0 0
0 0
0 0
0 0
0 0
0 0
0 0
0 0
0 0
0 0
0 0
0 0
0 0
0 0
0 0
0 0
0 0
0 0
0 0
0 0
0 0
0 0
0 0
0 0
0 0
0 0
0 0
0 0
0 0
0 0
0 0
0 0
0 0
0 0
0 0
0 0
0 0
0 0
0 0
0 0
0 0
0 0
0 0
0 0
0 0
0 0
0 0
0 0
0 0
0 0
0 0
0 0
0 0
0 0
0 0
0 0
0 0
0 0
0 0
0 0
0 0
0 0
0 0
0 0
0 0
0 0
0 0
0 0
0 0
0 0
0 0
0 0
0 0
0 0
0 0
0 0
0 0
0 0
0 0
0 0
0 0
0 0
0 0
0 0
0 0
0 0
0 0
0 0
0 0
0 0
0 0
0 0
0 0
0 0
0 0
0 0
0 0
0 0
0 0
0 0
0 0
0 0
0 0
0 0
0 0
0 0
0 0
0 0
0 0
0 0
0 0
0 0
0.212422 0
0.00909926 0
-0.221522 0
0.212422 0
0.00909926 0
-0.221522 0
9.04743e-16 0
0.212422 0
-0.212422 0
4.75367e-16 0
-3.44692e-17 0
-0.212422 0
0.212422 0
2.04742e-16 0
6.7176e-16 0
0.212422 0
-0.212422 0
4.89307e-16 0
2.95157e-16 0
-0.212422 0
0.212422 0
6.87712e-16 0
8.50053e-16 0
0.212422 0
-0.212422 0
3.28927e-16 0
-7.87118e-16 0
-0.212422 0
0.212422 0
-1.64373e-16 0
2.986e-16 0
0.212422 0
-0.212422 0
-1.0655e-15 0
-3.78154e-15 0
-0.20968 0
0.212422 0
-2.44412e-15 0
-0.00274191 0
0.212422 0
-0.20968 0
-0.00274191 0
3.48334e-16 0
-0.00909926 0
0.00909926 0
-2.41334e-15 0
9.86752e-16 0
2.04295e-15 0
4.37154e-16 0
-3.19214e-15 0
2.12e-15 0
1.36762e-15 0
3.11777e-16 0
-2.5277e-15 0
6.91016e-17 0
2.83686e-15 0
-3.78754e-15 0
3.94607e-16 0
-0.00274191 0
0.00274191 0
-3.07814e-15 0
-8.67163e-16 0
0.00909926 0
-0.00909926 0
9.12994e-16 0
-3.57871e-15 0
4.51351e-16 0
8.28649e-16 0
1.82874e-15 0
-4.28903e-15 0
1.09703e-15 0
2.07387e-15 0
-4.54264e-16 0
6.48668e-16 0
-2.46799e-15 0
0.00274191 0
-0.00274191 0
-5.91507e-16 0
-8.07156e-16 0
-0.00909926 0
0.00909926 0
-2.75149e-15 0
1.84093e-15 0
2.80489e-16 0
1.51775e-15 0
-3.65171e-15 0
9.64943e-16 0
1.44233e-15 0
-2.25204e-15 0
1.17518e-15 0
-0.00274191 0
0.00274191 0
-9.79419e-16 0
-1.33071e-15 0
0.00909926 0
-0.00909926 0
3.20908e-15 0
-4.07386e-15 0
1.95482e-16 0
1.09488e-15 0
2.15391e-15 0
-7.05255e-16 0
-2.55031e-15 0
0.00274191 0
-0.00274191 0
-1.10949e-16 0
1.89881e-15 0
-0.00909926 0
0.00909926 0
-2.6691e-15 0
2.38679e-15 0
7.99844e-16 0
-2.53416e-15 0
-6.71503e-16 0
-0.00274191 0
0.00274191 0
-1.2704e-15 0
-1.57871e-15 0
0.00909926 0
-0.00909926 0
9.38791e-16 0
-3.57422e-16 0
-1.26813e-15 0
0.00274191 0
-0.00274191 0
-2.01524e-15 0
-9.01794e-18 0
-0.00909926 0
0.00909926 0
1.43638e-15 0
-0.00274191 0
0.00274191 0
-3.86012e-16 0
1.54335e-15 0
0.00909926 0
-0.00635735 0
-0.00274191 0
9.26229e-16 0
-0.00274191 0
-0.00635735 0
0.00909926 0
0 0
0 0
0 0
0 0
0 0
0 0
0 0
0 0
0 0
0 0
0 0
0 0
0 0
0 0
0 0
0 0
0 0
0 0
0 0
0 0
0 0
0 0
0 0
0 0
0 0
0 0
0 0
0 0
0 0
0 0
0 0
0 0
0 0
0 0
0 0
0 0
0 0
0 0
0 0
0 0
0 0
0 0
0 0
0 0
0 0
0 0
0 0
0 0
0 0
0 0
0 0
0 0
0 0
0 0
0 0
0 0
0 0
0 0
0 0
0 0
0 0
0 0
0 0
0 0
0 0
0 0
0 0
0 0
0 0
0 0
0 0
0 0
0 0
0 0
0 0
0 0
0 0
0 0
0 0
0 0
0 0
0 0
0 0
0 0
0 0
0 0
0 0
0 0
0 0
0 0
0 0
0 0
0 0
0 0
0 0
0 0
0 0
0 0
0 0
0 0
0 0
0 0
0 0
0 0
0 0
0 0
0 0
0 0
0 0
0 0
0 0
0 0
0 0
0 0
0 0
0 0
0 0
0 0
0 0
0 0
0 0
0 0
0 0
0 0
0 0
0 0
0 0
0 0
0 0
0 0
0 0
0 0
0 0
0 0
0 0
0 0
0 0
0 0
0 0
0 0
0 0
0 0
0 0
0 0
0 0
0 0
0 0
0 0
0 0
0 0
0 0
0 0
0 0
0 0
0 0
0 0
0 0
0 0
0 0
0 0
0 0
0 0
0 0
0 0
0 0
0 0
0 0
0 0
0 0
0 0
0 0
0 0
0 0
0 0
0 0
0 0
0 0
0 0
0 0
0 0
0 0
0 0
0 0
0 0
0 0
0 0
0 0
0 0
0 0
0 0
0 0
0 0
0 0
0 0
0 0
0 0
0 0
0 0
0 0
0 0
0 0
0 0
0 0
0 0
0 0
0 0
0 0
0 0
0 0
0 0
0 0
0 0
0 0
0 0
0 0
0 0
0 0
0 0
0 0
0 0
0 0
0 0
0 0
0 0
0 0
0 0
0 0
0 0
0 0
0 0
0 0
0 0
0 0
0 0
0 0
0 0
0 0
0 0
0 0
0 0
0 0
0 0
0 0
0 0
0 0
0 0
0 0
0 0
0 0
0 0
0 0
0 0
0 0
0 0
0 0
0 0
0 0
0 0
0 0
0 0
0 0
0 0
0 0
0 0
0 0
0 0
0 0
0 0
0 0
0 0
0 0
0 0
0 0
0 0
0 0
0 0
0 0
0 0
0 0
0 0
0 0
0 0
0.0203802 0
-0.196991 0
0.176611 0
0.0203802 0
-0.196991 0
0.176611 0
-9.26355e-16 0
0.0203802 0
-0.0203802 0
-1.05875e-15 0
-4.39694e-16 0
-0.0203802 0
0.0203802 0
-1.31781e-16 0
-9.55248e-17 0
0.0203802 0
-0.0203802 0
-1.18942e-16 0
-3.1666e-16 0
-0.0203802 0
0.0203802 0
-3.98572e-16 0
1.10054e-15 0
0.0203802 0
-0.0203802 0
1.38879e-15 0
4.42125e-16 0
-0.0203802 0
0.0203802 0
7.69422e-18 0
-1.49852e-17 0
0.0203802 0
-0.0203802 0
5.1287e-17 0
4.60064e-16 0
0.0485425 0
0.0203802 0
7.01183e-16 0
-0.0689227 0
0.0203802 0
0.0485425 0
-0.0689227 0
-1.23395e-15 0
0.196991 0
-0.196991 0
1.09346e-16 0
-1.06141e-15 0
1.57337e-15 0
-4.31489e-16 0
-9.85717e-16 0
1.2293e-15 0
1.28652e-16 0
-5.78697e-16 0
-6.71115e-16 0
1.0502e-15 0
-7.58754e-16 0
4.62374e-16 0
3.34528e-16 0
-0.0689227 0
0.0689227 0
7.9307e-16 0
1.9779e-16 0
-0.196991 0
0.196991 0
1.37172e-16 0
-1.44936e-16 0
-1.84765e-15 0
1.86859e-16 0
2.59208e-15 0
-8.50512e-16 0
-1.69869e-15 0
2.96849e-16 0
2.10966e-15 0
-9.54301e-16 0
-2.62022e-16 0
0.0689227 0
-0.0689227 0
-7.80524e-17 0
-1.33754e-17 0
0.196991 0
-0.196991 0
-2.75278e-16 0
1.8154e-15 0
2.06767e-16 0
-1.90214e-15 0
-9.38514e-16 0
2.425e-15 0
1.72413e-16 0
-1.54618e-15 0
-1.03047e-15 0
-0.0689227 0
0.0689227 0
2.29413e-16 0
2.1905e-17 0
-0.196991 0
0.196991 0
1.82693e-15 0
-2.37684e-16 0
-1.89425e-15 0
3.84986e-16 0
2.33516e-15 0
-9.21435e-16 0
-1.63285e-15 0
0.0689227 0
-0.0689227 0
-1.13696e-15 0
1.76221e-15 0
0.196991 0
-0.196991 0
1.22561e-16 0
1.79547e-15 0
-1.64951e-16 0
-1.97393e-15 0
-1.18545e-16 0
-0.0689227 0
0.0689227 0
-1.80417e-15 0
2.27718e-16 0
-0.196991 0
0.196991 0
-2.53844e-17 0
4.24188e-16 0
-3.38401e-16 0
0.0689227 0
-0.0689227 0
-2.759e-16 0
1.78198e-16 0
0.196991 0
-0.196991 0
4.68151e-16 0
-0.0689227 0
0.0689227 0
-9.50091e-17 0
1.72919e-16 0
-0.196991 0
0.265914 0
-0.0689227 0
5.69707e-16 0
-0.0689227 0
0.265914 0
-0.196991 0
0 0
0 0
0 0
0 0
0 0
0 0
0 0
0 0
0 0
0 0
0 0
0 0
0 0
0 0
0 0
0 0
0 0
0 0
0 0
0 0
0 0
0 0
0 0
0 0
0 0
0 0
0 0
0 0
0 0
0 0
0 0
0 0
0 0
0 0
0 0
0 0
0 0
0 0
0 0
0 0
0 0
0 0
0 0
0 0
0 0
0 0
0 0
0 0
0 0
0 0
0 0
0 0
0 0
0 0
0 0
0 0
0 0
0 0
0 0
0 0
0 0
0 0
0 0
0 0
0 0
0 0
0 0
0 0
0 0
0 0
0 0
0 0
0 0
0 0
0 0
0 0
0 0
0 0
0 0
0 0
0 0
0 0
0 0
0 0
0 0
0 0
0 0
0 0
0 0
0 0
0 0
0 0
0 0
0 0
0 0
0 0
0 0
0 0
0 0
0 0
0 0
0 0
0 0
0 0
0 0
0 0
0 0
0 0
0 0
0 0
0 0
0 0
0 0
0 0
0 0
0 0
0 0
0 0
0 0
0 0
0 0
0 0
0 0
0 0
0 0
0 0
0 0
0 0
0 0
0 0
0 0
0 0
0 0
0 0
0 0
0 0
0 0
0 0
0 0
0 0
0 0
0.0817744 0
-0.0789033 0
-0.00287109 0
0.0817744 0
-0.0789033 0
-0.00287109 0
1.25418e-15 0
0.0817744 0
-0.0817744 0
4.7605e-16 0
6.56447e-16 0
-0.0817744 0
0.0817744 0
1.856e-15 0
1.32234e-15 0
0.0817744 0
-0.0817744 0
2.05404e-16 0
-2.32497e-16 0
-0.0817744 0
0.0817744 0
4.72403e-16 0
1.10933e-15 0
0.0817744 0
-0.0817744 0
4.94295e-16 0
-1.3429e-15 0
-0.0817744 0
0.0817744 0
-1.12265e-15 0
6.76033e-16 0
0.0817744 0
-0.0817744 0
1.04396e-15 0
1.87266e-16 0
-0.26513 0
0.0817744 0
-9.87413e-17 0
0.183355 0
0.0817744 0
-0.26513 0
0.183355 0
1.69984e-16 0
0.0789033 0
-0.0789033 0
-2.08734e-15 0
1.06603e-15 0
8.70889e-16 0
9.43226e-16 0
-3.14343e-15 0
1.7065e-15 0
1.66567e-15 0
-1.04081e-15 0
-1.74306e-15 0
1.58774e-15 0
1.38531e-15 0
-6.94896e-16 0
-1.62168e-15 0
0.183355 0
-0.183355 0
-1.93403e-16 0
-1.32839e-15 0
-0.0789033 0
0.0789033 0
4.17499e-16 0
-2.93726e-15 0
9.78191e-16 0
8.1432e-16 0
9.39046e-16 0
-2.10305e-15 0
-4.82066e-16 0
1.02149e-15 0
1.03641e-15 0
-2.44099e-15 0
-4.56397e-16 0
-0.183355 0
0.183355 0
-1.28028e-15 0
1.58258e-17 0
0.0789033 0
-0.0789033 0
-1.97204e-15 0
9.04198e-16 0
7.57935e-17 0
-1.58707e-16 0
-1.08218e-15 0
1.51724e-15 0
-2.3367e-16 0
1.2785e-16 0
-8.94361e-16 0
0.183355 0
-0.183355 0
-6.99593e-16 0
-1.59793e-15 0
-0.0789033 0
0.0789033 0
7.04298e-16 0
-1.04304e-15 0
4.04382e-17 0
2.79816e-17 0
8.98845e-16 0
-1.5058e-15 0
5.14505e-16 0
-0.183355 0
0.183355 0
-5.25999e-16 0
2.58274e-16 0
0.0789033 0
-0.0789033 0
-6.88728e-16 0
1.12972e-15 0
-4.84766e-16 0
9.62437e-16 0
-6.64928e-16 0
0.183355 0
-0.183355 0
2.36385e-16 0
2.46496e-16 0
-0.0789033 0
0.0789033 0
1.04451e-15 0
-1.44911e-15 0
6.56496e-16 0
-0.183355 0
0.183355 0
-1.00163e-16 0
-2.13377e-16 0
0.0789033 0
-0.0789033 0
-1.42587e-15 0
0.183355 0
-0.183355 0
4.01512e-16 0
-8.22938e-16 0
-0.0789033 0
-0.104452 0
0.183355 0
-4.29472e-16 0
0.183355 0
-0.104452 0
-0.0789033 0
0.013661 0
-0.182391 0
0.16873 0
0.013661 0
-0.182391 0
0.16873 0
3.43009e-16 0
0.013661 0
-0.013661 0
1.88363e-16 0
-2.28534e-16 0
-0.013661 0
0.013661 0
1.72309e-16 0
4.21324e-16 0
0.013661 0
-0.013661 0
-5.20917e-17 0
8.91921e-16 0
-0.013661 0
0.013661 0
6.41388e-16 0
2.42401e-16 0
0.013661 0
-0.013661 0
2.01804e-16 0
-5.28456e-16 0
-0.013661 0
0.013661 0
-9.89482e-16 0
-3.64542e-16 0
0.013661 0
-0.013661 0
-4.45923e-16 0
-6.41631e-16 0
-0.141649 0
0.013661 0
-6.16419e-16 0
0.127988 0
0.013661 0
-0.141649 0
0.127988 0
4.14777e-16 0
0.182391 0
-0.182391 0
5.421e-16 0
3.2592e-16 0
-9.97899e-16 0
9.67675e-16 0
-5.99261e-16 0
-9.21577e-17 0
-2.95224e-16 0
-8.28884e-17 0
-6.24219e-17 0
-2.86389e-16 0
1.02586e-15 0
-1.74872e-15 0
1.05576e-15 0
0.127988 0
-0.127988 0
-5.43588e-19 0
1.17474e-15 0
-0.182391 0
0.182391 0
-5.21567e-17 0
-5.76349e-17 0
8.58564e-16 0
-2.69169e-16 0
6.45912e-17 0
3.64739e-16 0
6.90079e-17 0
2.58602e-16 0
-3.10664e-16 0
8.26943e-16 0
-1.9683e-15 0
-0.127988 0
0.127988 0
5.04908e-16 0
3.35211e-16 0
0.182391 0
-0.182391 0
-1.09346e-15 0
-1.12778e-15 0
1.23096e-15 0
-4.93795e-16 0
-7.46731e-16 0
-4.12945e-16 0
1.22579e-15 0
-7.4231e-16 0
-2.81577e-17 0
0.127988 0
-0.127988 0
-2.0762e-15 0
-1.31149e-15 0
-0.182391 0
0.182391 0
-1.5866e-15 0
1.76849e-16 0
2.01353e-16 0
1.78574e-15 0
-1.80723e-15 0
-2.23704e-16 0
9.22297e-16 0
-0.127988 0
0.127988 0
2.52215e-16 0
-1.20527e-15 0
0.182391 0
-0.182391 0
9.81724e-16 0
-2.27594e-15 0
1.21552e-15 0
4.68814e-16 0
6.46415e-17 0
0.127988 0
-0.127988 0
7.09732e-16 0
7.13261e-16 0
-0.182391 0
0.182391 0
-1.11757e-15 0
3.78061e-16 0
-8.22328e-16 0
-0.127988 0
0.127988 0
7.92388e-17 0
-1.9507e-16 0
0.182391 0
-0.182391 0
-2.10488e-16 0
0.127988 0
-0.127988 0
-3.80375e-16 0
-8.67903e-16 0
-0.182391 0
0.0544026 0
0.127988 0
-5.82407e-16 0
0.127988 0
0.0544026 0
-0.182391 0
0 0
0 0
0 0
0 0
0 0
0 0
0 0
0 0
0 0
0 0
0 0
0 0
0 0
0 0
0 0
0 0
0 0
0 0
0 0
0 0
0 0
0 0
0 0
0 0
0 0
0 0
0 0
0 0
0 0
0 0
0 0
0 0
0 0
0 0
0 0
0 0
0 0
0 0
0 0
0 0
0 0
0 0
0 0
0 0
0 0
0 0
0 0
0 0
0 0
0 0
0 0
0 0
0 0
0 0
0 0
0 0
0 0
0 0
0 0
0 0
0 0
0 0
0 0
0 0
0 0
0 0
0 0
0 0
0 0
0 0
0 0
0 0
0 0
0 0
0 0
0 0
0 0
0 0
0 0
0 0
0 0
0 0
0 0
0 0
0 0
0 0
0 0
0 0
0 0
0 0
0 0
0 0
0 0
0 0
0 0
0 0
0 0
0 0
0 0
0 0
0 0
0 0
0 0
0 0
0 0
0 0
0 0
0 0
0 0
0 0
0 0
0 0
0 0
0 0
0 0
0 0
0 0
0 0
0 0
0 0
0 0
0 0
0 0
0 0
0 0
0 0
0 0
0 0
0 0
0 0
0 0
0 0
0 0
0 0
0 0
0 0
0 0
0 0
0 0
0 0
0 0
0.00822705 0
0.0665807 0
0.0340081 0
0.00160616 0
0.0703747 0
-0.075182 0
-0.103742 0
0.0376729 0
0.10928 0
-0.106062 0
-0.0449249 0
0.124845 0
-0.0613323 0
-0.0458619 0
-0.0242669 0
-0.013606 0
0.0768695 0
-0.0148612 0
-0.0383778 0
-0.00385323 0
-0.02261 0
-0.0518989 0
0.0650163 0
-0.0316985 0
-0.0603917 0
0.0793905 0
0.0285158 0
-0.133573 0
0.0442424 0
0.0154467 0
0.066891 0
-0.031448 0
-0.119383 0
0.0718718 0
0.0853709 0
-0.0279858 0
0.0311549 0
0.0843899 0
-0.087267 0
0.0242935 0
0.0618685 0
-0.0889761 0
-0.111844 0
0.0503511 0
0.0367798 0
0.014938 0
-0.11555 0
0.150793 0
-0.0858686 0
-0.0367513 0
0.0575827 0
0.0149272 0
-0.0324219 0
-0.0460467 0
0.135459 0
-0.12409 0
0.0950877 0
-0.0422143 0
-0.0298203 0
-0.0119798 0
0.0949288 0
0.0224232 0
-0.0737943 0
0.0631525 0
-0.0071688 0
0.0437667 0
-0.189381 0
0.0667089 0
0.156389 0
-0.0407669 0
-0.128695 0
-0.0548958 0
0.232135 0
-0.100813 0
-0.00264692 0
-0.0211329 0
0.0669554 0
-0.0525837 0
-0.00842474 0
0.0826022 0
-0.0994243 0
0.0285133 0
0.0875201 0
0.0693669 0
-0.189445 0
-0.0276941 0
0.230212 0
-0.0842941 0
-0.0869854 0
-0.0568987 0
0.124713 0
-0.0708401 0
0.00371566 0
0.0214895 0
-0.105069 0
-0.0179061 0
0.0952765 0
0.0294027 0
-0.195384 0
-0.0118131 0
0.235428 0
-0.0550981 0
-0.0935296 0
0.0217593 0
0.127679 0
-0.0543662 0
0.106265 0
-0.00602946 0
-0.111107 0
0.0269138 0
0.186681 0
-0.026703 0
-0.179226 0
-0.021347 0
0.131123 0
-0.0222105 0
-0.10088 0
0.0111456 0
-0.00562309 0
-0.103712 0
0.0871392 0
0.0204621 0
-0.081829 0
0.0704209 0
0.0295519 0
-0.00702199 0
0.0984456 0
-0.0973005 0
-0.00785255 0
0.0183711 0
-0.00533185 0
0.0690323 0
-0.094295 0
0.0111333 0
0.0856608 0
-0.00602231 0
-0.0977356 0
0.0274545 0
-0.0946682 0
0.0133136 0
0.0807491 0
0 0
0 0
0 0
0 0
0 0
0 0
0 0
0 0
0 0
0 0
0 0
0 0
0 0
0 0
0 0
0 0
0 0
0 0
0 0
0 0
0 0
0 0
0 0
0 0
0 0
0 0
0 0
0 0
0 0
0 0
0 0
0 0
0 0
0 0
0 0
0 0
0 0
0 0
0 0
0 0
0 0
0 0
0 0
0 0
0 0
0 0
0 0
0 0
0 0
0 0
0 0
0 0
0 0
0 0
0 0
0 0
0 0
0 0
0 0
0 0
0 0
0 0
0 0
0 0
0 0
0 0
0 0
0 0
0 0
0 0
0 0
0 0
0 0
0 0
0 0
0 0
0 0
0 0
0 0
0 0
0 0
0 0
0 0
0 0
0 0
0 0
0 0
0 0
0 0
0 0
0 0
0 0
0 0
0 0
0 0
0 0
0 0
0 0
0 0
0 0
0 0
0 0
0 0
0 0
0 0
0 0
0 0
0 0
0 0
0 0
0 0
0 0
0 0
0 0
0 0
0 0
0 0
0 0
0 0
0 0
0 0
0 0
0 0
0 0
0 0
0 0
0 0
0 0
0 0
0 0
0 0
0 0
0 0
0 0
0 0
0 0
0 0
0 0
0 0
0 0
0 0
0.0979909 0
-0.074415 0
0.0126806 0
0.0998399 0
-0.0686826 0
-0.0280332 0
-0.0386824 0
0.0126831 0
-0.0492599 0
-0.0483794 0
0.0746823 0
-0.0476773 0
-0.0419032 0
0.0871968 0
0.0170669 0
-0.136151 0
0.0374184 0
0.00428966 0
0.0878583 0
-0.0229008 0
-0.134377 0
0.0927405 0
0.0704615 0
-0.133106 0
0.0605137 0
0.0706501 0
0.0081858 0
-0.00419642 0
-0.0596669 0
-0.000809876 0
0.0558684 0
0.0243132 0
-0.0107856 0
0.0673873 0
-0.070502 0
0.0231116 0
0.0948681 0
-0.0804243 0
-0.048529 0
0.0952876 0
-0.0510929 0
-0.0418706 0
-0.0328717 0
0.108782 0
0.0150781 0
-0.0858635 0
-0.0430852 0
0.0562262 0
0.165985 0
-0.246828 0
0.0671967 0
0.0887162 0
0.0823407 0
-0.245264 0
0.128745 0
0.102477 0
-0.0785265 0
-0.0762472 0
0.0262841 0
0.11927 0
-0.0676628 0
-0.0959365 0
-0.00848157 0
0.117776 0
-0.0287883 0
-0.181683 0
0.16251 0
0.0248738 0
0.0583131 0
-0.242289 0
0.106281 0
0.0453347 0
0.0915864 0
-0.157357 0
-0.0295492 0
0.131958 0
-0.0321637 0
-0.083316 0
-0.0129723 0
0.022044 0
0.0940049 0
-0.0915365 0
-0.0130921 0
-0.0572854 0
0.15645 0
-0.164594 0
0.0858393 0
-0.0314308 0
0.0162697 0
-0.0771653 0
0.0562922 0
0.0478618 0
-0.015015 0
-0.104079 0
0.0867695 0
0.0147874 0
-0.010693 0
-0.0834664 0
0.155241 0
-0.0702085 0
0.0827543 0
-0.0692485 0
0.021075 0
0.00811342 0
0.0476079 0
-0.091316 0
-0.00142452 0
-0.0852802 0
0.0798584 0
0.0124823 0
-0.00862796 0
-0.158703 0
0.0529386 0
0.0206025 0
0.0391015 0
-0.0825576 0
0.0334292 0
0.0107254 0
0.074067 0
-0.0842805 0
0.00156494 0
0.121612 0
0.0299951 0
-0.11358 0
0.0681485 0
0.0137822 0
-0.00388085 0
-0.0700096 0
-0.0389672 0
0.109184 0
-0.0393913 0
-0.0979963 0
0.0285492 0
0.116042 0
-0.0513109 0
-0.0357922 0
-0.0204531 0
0.113296 0
-0.026605 0
0.0791261 0
-0.0561203 0
0 0
0 0
0 0
0 0
0 0
0 0
0 0
0 0
0 0
0 0
0 0
0 0
0 0
0 0
0 0
0 0
0 0
0 0
0 0
0 0
0 0
0 0
0 0
0 0
0 0
0 0
0 0
0 0
0 0
0 0
0 0
0 0
0 0
0 0
0 0
0 0
0 0
0 0
0 0
0 0
0 0
0 0
0 0
0 0
0 0
0 0
0 0
0 0
0 0
0 0
0 0
0 0
0 0
0 0
0 0
0 0
0 0
0 0
0 0
0 0
0 0
0 0
0 0
0 0
0 0
0 0
0 0
0 0
0 0
0 0
0 0
0 0
0 0
0 0
0 0
0 0
0 0
0 0
0 0
0 0
0 0
0 0
0 0
0 0
0 0
0 0
0 0
0 0
0 0
0 0
0 0
0 0
0 0
0 0
0 0
0 0
0 0
0 0
0 0
0 0
0 0
0 0
0 0
0 0
0 0
0 0
0 0
0 0
0 0
0 0
0 0
0 0
0 0
0 0
0 0
0 0
0 0
0 0
0 0
0 0
0 0
0 0
0 0
0 0
0 0
0 0
0 0
0 0
0 0
0 0
0 0
0 0
0 0
0 0
0 0
0 0
0 0
0 0
0 0
0 0
0 0
0 0
0 0
0 0
0 0
0 0
0 0
0 0
0 0
0 0
0 0
0 0
0 0
0 0
0 0
0 0
0 0
0 0
0 0
0 0
0 0
0 0
0 0
0 0
0 0
0 0
0 0
0 0
0 0
0 0
0 0
0 0
0 0
0 0
0 0
0 0
0 0
0 0
0 0
0 0
0 0
0 0
0 0
0 0
0 0
0 0
0 0
0 0
0 0
0 0
0 0
0 0
0 0
0 0
0 0
0 0
0 0
0 0
0 0
0 0
0 0
0 0
0 0
0 0
0 0
0 0
0 0
0 0
0 0
0 0
0 0
0 0
0 0
0 0
0 0
0 0
0 0
0 0
0 0
0 0
0 0
0 0
0 0
0 0
0 0
0 0
0 0
0 0
0 0
0 0
0 0
0 0
0 0
0 0
0 0
0 0
0 0
0 0
0 0
0 0
0 0
0 0
0 0
0 0
0 0
0 0
0 0
0 0
0 0
0 0
0 0
0 0
0 0
0 0
0 0
0 0
0 0
0 0
0 0
0 0
0 0
0 0
0 0
0 0
0 0
0 0
0 0
0 0
0 0
0 0
0 0
0 0
0 0
0 0
0 0
0 0
0 0
0 0
0 0
0 0
0 0
0 0
-0.0983165 0
0.0700034 0
-0.0148302 0
-0.0997382 0
0.0640401 0
0.0327851 0
0.0452394 0
-0.015067 0
0.0421684 0
0.055065 0
-0.0716555 0
0.0395933 0
0.0457408 0
-0.0840845 0
-0.0154796 0
0.136742 0
-0.0422591 0
-0.00333021 0
-0.0852234 0
0.0231004 0
0.135548 0
-0.0892306 0
-0.0744763 0
0.134862 0
-0.0565265 0
-0.0755839 0
-0.00999318 0
0.0127324 0
0.0567146 0
-0.000179901 0
-0.060033 0
-0.0222517 0
0.0184004 0
-0.0718469 0
0.0648965 0
-0.021274 0
-0.0966668 0
0.0748612 0
0.054012 0
-0.0966465 0
0.0470306 0
0.0474766 0
0.039959 0
-0.11178 0
-0.0174 0
0.0847321 0
0.0503886 0
-0.0657571 0
-0.160152 0
0.248673 0
-0.0707426 0
-0.0894894 0
-0.080098 0
0.247707 0
-0.137146 0
-0.0943293 0
0.0722829 0
0.0787915 0
-0.0243227 0
-0.118259 0
0.0614517 0
0.0943056 0
0.0131848 0
-0.121575 0
0.0291879 0
0.178511 0
-0.150062 0
-0.0290902 0
-0.0681977 0
0.244401 0
-0.0978304 0
-0.0417302 0
-0.106248 0
0.163483 0
0.029658 0
-0.130336 0
0.0278148 0
0.0865091 0
0.0134847 0
-0.0272828 0
-0.0874523 0
0.0895251 0
0.0074667 0
0.0527307 0
-0.144011 0
0.166028 0
-0.10039 0
0.0367587 0
-0.010672 0
0.080647 0
-0.0641547 0
-0.0432321 0
0.0147466 0
0.102491 0
-0.0798706 0
-0.0136117 0
0.00457635 0
0.0814146 0
-0.142425 0
0.0708204 0
-0.097645 0
0.0726313 0
-0.0150488 0
-0.00948873 0
-0.0556779 0
0.0946067 0
-0.00537611 0
0.0854912 0
-0.0725874 0
-0.0141784 0
-0.00333159 0
0.160086 0
-0.0413652 0
-0.0191948 0
-0.0474093 0
0.0838093 0
-0.0269075 0
-0.0114164 0
-0.0735556 0
0.0907423 0
-0.00713597 0
-0.122671 0
-0.0246991 0
0.108842 0
-0.0698993 0
-0.0133048 0
-0.00242461 0
0.0760904 0
0.0393897 0
-0.110136 0
0.0396517 0
0.0933796 0
-0.0224587 0
-0.116517 0
0.0457262 0
0.0361042 0
0.0266633 0
-0.11482 0
0.0326064 0
-0.0798157 0
0.0508399 0
0 0
0 0
0 0
0 0
0 0
0 0
0 0
0 0
0 0
0 0
0 0
0 0
0 0
0 0
0 0
0 0
0 0
0 0
0 0
0 0
0 0
0 0
0 0
0 0
0 0
0 0
0 0
0 0
0 0
0 0
0 0
0 0
0 0
0 0
0 0
0 0
0 0
0 0
0 0
0 0
0 0
0 0
0 0
0 0
0 0
0 0
0 0
0 0
0 0
0 0
0 0
0 0
0 0
0 0
0 0
0 0
0 0
0 0
0 0
0 0
0 0
0 0
0 0
0 0
0 0
0 0
0 0
0 0
0 0
0 0
0 0
0 0
0 0
0 0
0 0
0 0
0 0
0 0
0 0
0 0
0 0
0 0
0 0
0 0
0 0
0 0
0 0
0 0
0 0
0 0
0 0
0 0
0 0
0 0
0 0
0 0
0 0
0 0
0 0
0 0
0 0
0 0
0 0
0 0
0 0
0 0
0 0
0 0
0 0
0 0
0 0
0 0
0 0
0 0
0 0
0 0
0 0
0 0
0 0
0 0
0 0
0 0
0 0
0 0
0 0
0 0
0 0
0 0
0 0
0 0
0 0
0 0
0 0
0 0
0 0
0 0
0 0
0 0
0 0
0 0
0 0
-0.00194178 0
-0.0712047 0
-0.0331273 0
0.00478382 0
-0.0746242 0
0.0732348 0
0.101055 0
-0.0367844 0
-0.112208 0
0.10275 0
0.0496102 0
-0.127639 0
0.0585262 0
0.0513459 0
0.0253089 0
0.00486865 0
-0.0743185 0
0.0151052 0
0.0439194 0
0.00238039 0
0.0139676 0
0.0577251 0
-0.0603757 0
0.0231188 0
0.0641391 0
-0.0747085 0
-0.0279338 0
0.133031 0
-0.0479686 0
-0.0154669 0
-0.0631801 0
0.0329389 0
0.118449 0
-0.0674139 0
-0.089706 0
0.0294069 0
-0.0250224 0
-0.0893618 0
0.0839839 0
-0.0181482 0
-0.0650101 0
0.0861155 0
0.109513 0
-0.0432893 0
-0.03574 0
-0.0204 0
0.112557 0
-0.146887 0
0.0963107 0
0.0208866 0
-0.0531662 0
-0.00922146 0
0.0376228 0
0.0302631 0
-0.126946 0
0.130391 0
-0.0999163 0
0.0372504 0
0.0314406 0
0.0195849 0
-0.0990627 0
-0.0285143 0
0.0731006 0
-0.0554891 0
0.00531254 0
-0.0552992 0
0.199389 0
-0.0649811 0
-0.152339 0
0.0251843 0
0.13523 0
0.0576834 0
-0.225801 0
0.0905402 0
0.000751253 0
0.0295309 0
-0.0688758 0
0.0471464 0
0.00757765 0
-0.0810229 0
0.105234 0
-0.0343105 0
-0.0881783 0
-0.0728894 0
0.199065 0
0.0171084 0
-0.224249 0
0.0821108 0
0.087848 0
0.0518459 0
-0.120856 0
0.0737567 0
-0.00466855 0
-0.0281034 0
0.110405 0
0.0188153 0
-0.0957653 0
-0.0346818 0
0.204914 0
0.00729771 0
-0.229652 0
0.0505555 0
0.0946862 0
-0.0211957 0
-0.124372 0
0.0484134 0
-0.106139 0
0.000561791 0
0.115988 0
-0.0260602 0
-0.186851 0
0.0164962 0
0.182245 0
0.0226212 0
-0.128353 0
0.0168838 0
0.102812 0
-0.0104367 0
0.0103496 0
0.0981086 0
-0.0868606 0
-0.0126407 0
0.0835801 0
-0.0775423 0
-0.0251319 0
0.00788925 0
-0.0984923 0
0.0926228 0
0.00534376 0
-0.011349 0
0.00280109 0
-0.0751597 0
0.0959282 0
-0.00368735 0
-0.0887677 0
0.00372036 0
0.0962271 0
-0.0201508 0
0.0927724 0
-0.00822464 0
-0.0841737 0
0 0
0 0
0 0
0 0
0 0
0 0
0 0
0 0
0 0
0 0
0 0
0 0
0 0
0 0
0 0
0 0
0 0
0 0
0 0
0 0
0 0
0 0
0 0
0 0
0 0
0 0
0 0
0 0
0 0
0 0
0 0
0 0
0 0
0 0
0 0
0 0
0 0
0 0
0 0
0 0
0 0
0 0
0 0
0 0
0 0
0 0
0 0
0 0
0 0
0 0
0 0
0 0
0 0
0 0
0 0
0 0
0 0
0 0
0 0
0 0
0 0
0 0
0 0
0 0
0 0
0 0
0 0
0 0
0 0
0 0
0 0
0 0
0 0
0 0
0 0
0 0
0 0
0 0
0 0
0 0
0 0
0 0
0 0
0 0
0 0
0 0
0 0
0 0
0 0
0 0
0 0
0 0
0 0
0 0
0 0
0 0
0 0
0 0
0 0
0 0
0 0
0 0
0 0
0 0
0 0
0 0
0 0
0 0
0 0
0 0
0 0
0 0
0 0
0 0
0 0
0 0
0 0
0 0
0 0
0 0
0 0
0 0
0 0
0 0
0 0
0 0
0 0
0 0
0 0
0 0
0 0
0 0
0 0
0 0
0 0
0 0
0 0
0 0
0 0
0 0
0 0
0.000105819 0
-0.0271382 0
-0.0418703 0
0.00439643 0
-0.0291927 0
0.0270243 0
0.0678077 0
-0.0563987 0
-0.07579 0
0.066331 0
0.0686854 0
0.0667687 0
-0.00132002 0
0.0716421 0
-0.13923 0
0.104864 0
0.148765 0
-0.13699 0
-0.122403 0
-0.00834834 0
-0.0110032 0
-0.127993 0
0.142392 0
-0.10871 0
-0.148491 0
0.148185 0
0.123107 0
-0.0538494 0
0.0189564 0
0.12035 0
-0.0841038 0
0.0668126 0
0.0745798 0
-0.0869035 0
-0.0623878 0
0.0385236 0
-0.00980566 0
-0.0601809 0
0.0307296 0
-0.00544952 0
-0.0248642 0
0.0322114 0
0.070974 0
-0.0492527 0
0.025286 0
-0.045771 0
-0.0842977 0
0.067817 0
-0.0217762 0
0.0948512 0
0.0352293 0
-0.0103665 0
-0.036201 0
-0.0930611 0
0.0300567 0
-0.0623963 0
0.0775596 0
0.063021 0
-0.0381868 0
0.0404681 0
-0.0661491 0
-0.0432482 0
0.0958017 0
0.108276 0
-0.166571 0
0.0330809 0
0.0631479 0
-0.115544 0
-0.0336369 0
0.0121294 0
0.0309483 0
0.106308 0
-0.0523089 0
-0.0404578 0
0.158251 0
-0.107204 0
-0.105886 0
0.0607792 0
-0.168141 0
0.0851725 0
0.0379268 0
0.0405767 0
0.0144953 0
-0.119326 0
0.139618 0
0.00268864 0
-0.151748 0
0.129693 0
-0.009549 0
-0.0671059 0
-0.0226674 0
-0.0667476 0
0.160392 0
0.0385414 0
-0.126655 0
-0.0960956 0
0.189509 0
-0.0256803 0
-0.0425423 0
0.00923555 0
0.0299132 0
0.0217057 0
-0.182968 0
0.104444 0
0.137659 0
-0.0658828 0
0.193876 0
-0.0820179 0
-0.0821965 0
-0.0190208 0
0.062234 0
-0.0054207 0
-0.0631376 0
0.0434639 0
0.0707831 0
0.0633189 0
-0.186726 0
-0.0234021 0
0.107206 0
0.0404351 0
-0.131706 0
0.00673802 0
0.129875 0
-0.0544266 0
-0.114758 0
0.0477916 0
-0.132421 0
0.0353219 0
0.0945855 0
-0.00541996 0
-0.0920986 0
-0.0253271 0
0.130152 0
-0.000181961 0
-0.0351261 0
0.00334675 0
0.0369439 0
-0.010793 0
0.0346422 0
-0.00216009 0
-0.0323172 0
-8.37821e-06 0
0.0270675 0
0.0419233 0
-0.00429697 0
0.029132 0
-0.0270585 0
-0.0678935 0
0.056198 0
0.0757975 0
-0.0664304 0
-0.0683911 0
-0.0669914 0
0.000998237 0
-0.0713501 0
0.139497 0
-0.104774 0
-0.148742 0
0.137267 0
0.122015 0
0.00865113 0
0.0114023 0
0.127601 0
-0.142729 0
0.108759 0
0.148458 0
-0.148524 0
-0.122789 0
0.0536035 0
-0.0192743 0
-0.120023 0
0.0843688 0
-0.0669896 0
-0.0745434 0
0.087165 0
0.062277 0
-0.0384552 0
0.00990239 0
0.0600573 0
-0.0307892 0
0.00554589 0
0.0248201 0
-0.0322603 0
-0.0710483 0
0.0494034 0
-0.025046 0
0.0454477 0
0.0844043 0
-0.0679028 0
0.0216211 0
-0.0948656 0
-0.0352048 0
0.0107425 0
0.0362118 0
0.0930106 0
-0.0302019 0
0.0622855 0
-0.0774219 0
-0.0633234 0
0.0384147 0
-0.0403002 0
0.0660484 0
0.0429203 0
-0.0955995 0
-0.108275 0
0.16669 0
-0.03294 0
-0.0633333 0
0.11569 0
0.0336795 0
-0.0125693 0
-0.0308933 0
-0.106119 0
0.0521013 0
0.0405845 0
-0.158069 0
0.107164 0
0.10605 0
-0.0610871 0
0.16825 0
-0.085492 0
-0.0381977 0
-0.0400852 0
-0.0145826 0
0.119114 0
-0.13937 0
-0.00278616 0
0.15194 0
-0.129857 0
0.00945699 0
0.0675766 0
0.0223848 0
0.0663988 0
-0.16022 0
-0.0380356 0
0.126431 0
0.0959249 0
-0.189592 0
0.0257478 0
0.0427644 0
-0.00957052 0
-0.0296773 0
-0.0216291 0
0.182814 0
-0.104576 0
-0.137833 0
0.0663686 0
-0.193969 0
0.082343 0
0.0823888 0
0.0185715 0
-0.0622056 0
0.00561731 0
0.0631419 0
-0.0439011 0
-0.0705614 0
-0.0629659 0
0.18656 0
0.0229529 0
-0.107048 0
-0.0401722 0
0.131715 0
-0.00698241 0
-0.129817 0
0.0546712 0
0.114874 0
-0.0482271 0
0.132437 0
-0.0354974 0
-0.0946126 0
0.00561654 0
0.0920356 0
0.02514 0
-0.130085 0
0.000382009 0
0.0350862 0
-0.00346814 0
-0.0369699 0
0.010991 0
-0.0346779 0
0.00223843 0
0.0322686 0
0 0
0 0
0 0
0 0
0 0
0 0
0 0
0 0
0 0
0 0
0 0
0 0
0 0
0 0
0 0
0 0
0 0
0 0
0 0
0 0
0 0
0 0
0 0
0 0
0 0
0 0
0 0
0 0
0 0
0 0
0 0
0 0
0 0
0 0
0 0
0 0
0 0
0 0
0 0
0 0
0 0
0 0
0 0
0 0
0 0
0 0
0 0
0 0
0 0
0 0
0 0
0 0
0 0
0 0
0 0
0 0
0 0
0 0
0 0
0 0
0 0
0 0
0 0
0 0
0 0
0 0
0 0
0 0
0 0
0 0
0 0
0 0
0 0
0 0
0 0
0 0
0 0
0 0
0 0
0 0
0 0
0 0
0 0
0 0
0 0
0 0
0 0
0 0
0 0
0 0
0 0
0 0
0 0
0 0
0 0
0 0
0 0
0 0
0 0
0 0
0 0
0 0
0 0
0 0
0 0
0 0
0 0
0 0
0 0
0 0
0 0
0 0
0 0
0 0
0 0
0 0
0 0
0 0
0 0
0 0
0 0
0 0
0 0
0 0
0 0
0 0
0 0
0 0
0 0
0 0
0 0
0 0
0 0
0 0
0 0
0 0
0 0
0 0
0 0
0 0
0 0
0 0
0 0
0 0
0 0
0 0
0 0
0 0
0 0
0 0
0 0
0 0
0 0
0 0
0 0
0 0
0 0
0 0
0 0
0 0
0 0
0 0
0 0
0 0
0 0
0 0
0 0
0 0
0 0
0 0
0 0
0 0
0 0
0 0
0 0
0 0
0 0
0 0
0 0
0 0
0 0
0 0
0 0
0 0
0 0
0 0
0 0
0 0
0 0
0 0
0 0
0 0
0 0
0 0
0 0
0 0
0 0
0 0
0 0
0 0
0 0
0 0
0 0
0 0
0 0
0 0
0 0
0 0
0 0
0 0
0 0
0 0
0 0
0 0
0 0
0 0
0 0
0 0
0 0
0 0
0 0
0 0
0 0
0 0
0 0
0 0
0 0
0 0
0 0
0 0
0 0
0 0
0 0
0 0
0 0
0 0
0 0
0 0
0 0
0 0
0 0
0 0
0 0
0 0
0 0
0 0
0 0
0 0
0 0
0 0
0 0
0 0
0 0
0 0
0 0
0 0
0 0
0 0
0 0
0 0
0 0
0 0
0 0
0 0
0 0
0 0
0 0
0 0
0 0
0 0
0 0
0 0
0 0
0 0
0 0
0 0
0 0
0 0
0 0
0 0
0 0
0 0
0.0372556 0
-0.0269908 0
0.0203094 0
0.0380218 0
-0.023147 0
-0.0131082 0
-0.0328904 0
-0.0766561 0
0.00297114 0
-0.0380861 0
0.112426 0
-0.0852393 0
-0.123029 0
0.111544 0
0.102348 0
0.0343692 0
0.00881633 0
0.106114 0
-0.148156 0
0.115782 0
0.152602 0
-0.149972 0
-0.129064 0
0.0189696 0
-0.0126172 0
-0.130058 0
0.121263 0
-0.0939364 0
-0.121567 0
0.124669 0
0.101409 0
-0.067772 0
0.0138134 0
0.100113 0
-0.042278 0
0.0261061 0
0.0369978 0
-0.0472082 0
-0.0228183 0
0.0368551 0
-0.0168496 0
-0.0187195 0
-0.0285141 0
0.0576812 0
0.0917474 0
-0.123541 0
0.0408889 0
-0.0328949 0
-0.0592891 0
-0.00563874 0
0.00931341 0
0.143771 0
0.00416298 0
-0.019188 0
-0.0555518 0
-0.0422838 0
0.0525595 0
-0.115696 0
0.0871707 0
0.0641505 0
-0.0384013 0
-0.125317 0
0.0772001 0
0.000333279 0
0.0459818 0
0.0538058 0
-0.0709993 0
0.0560448 0
0.0163157 0
-0.16822 0
0.0209726 0
0.0720413 0
-0.0793242 0
0.0485033 0
0.0694028 0
-0.0152037 0
0.0626576 0
-0.117816 0
0.0418914 0
-0.122289 0
-0.10363 0
0.187847 0
-0.0334325 0
-0.0808631 0
0.0946145 0
-0.0372883 0
0.0736058 0
-0.0629078 0
-0.0351662 0
0.180082 0
-0.107999 0
-0.133243 0
0.06558 0
0.193361 0
-0.08583 0
-0.0651207 0
-0.0319257 0
0.0258528 0
0.0849629 0
-0.128086 0
0.0901873 0
0.0292695 0
-0.0587829 0
-0.0506609 0
-0.0667719 0
0.185832 0
-0.0358596 0
0.124427 0
0.0736302 0
-0.171751 0
0.0107858 0
0.0751787 0
0.001746 0
-0.167245 0
0.0846607 0
0.134906 0
-0.0633026 0
-0.171694 0
0.0603712 0
0.100443 0
0.00327036 0
-0.0934484 0
0.0221315 0
0.0936031 0
0.0443667 0
-0.16656 0
0.00627173 0
-0.0671216 0
-0.0105146 0
0.0751684 0
-0.0239754 0
-0.0714947 0
0.0252044 0
0.0764874 0
-0.0152035 0
-0.0464154 0
-0.0100069 0
0.0757223 0
-0.0137081 0
0.0299578 0
-0.0185362 0
-0.0372558 0
0.0270617 0
-0.0201998 0
-0.0380332 0
0.0232232 0
0.0130375 0
0.0327129 0
0.0768033 0
-0.0027729 0
0.0379125 0
-0.112605 0
0.0850644 0
0.123032 0
-0.111731 0
-0.101983 0
-0.0346433 0
-0.00920539 0
-0.105755 0
0.148476 0
-0.115759 0
-0.152573 0
0.150306 0
0.128691 0
-0.0186852 0
0.0130055 0
0.12967 0
-0.121585 0
0.0940769 0
0.121517 0
-0.124983 0
-0.101189 0
0.0675971 0
-0.0140084 0
-0.0998849 0
0.0424411 0
-0.0262068 0
-0.036972 0
0.0473654 0
0.0227379 0
-0.0368407 0
0.0169146 0
0.0186351 0
0.0283284 0
-0.0575522 0
-0.0918132 0
0.12366 0
-0.0406683 0
0.0327174 0
0.0593459 0
0.00539064 0
-0.00940551 0
-0.143743 0
-0.00406828 0
0.0194313 0
0.055473 0
0.0424469 0
-0.0527622 0
0.115531 0
-0.0870706 0
-0.0642561 0
0.0385742 0
0.12543 0
-0.0774504 0
-0.000616468 0
-0.045546 0
-0.0538921 0
0.0708339 0
-0.0557424 0
-0.0162277 0
0.168188 0
-0.0210535 0
-0.0723191 0
0.0794607 0
-0.0483973 0
-0.0698165 0
0.0154841 0
-0.0623804 0
0.117657 0
-0.0414515 0
0.122066 0
0.103531 0
-0.187952 0
0.0333945 0
0.081175 0
-0.0949794 0
0.0372811 0
-0.0732086 0
0.0625684 0
0.035191 0
-0.179906 0
0.108058 0
0.133417 0
-0.0659993 0
-0.193461 0
0.086161 0
0.0653718 0
0.0314299 0
-0.0257855 0
-0.0848514 0
0.128061 0
-0.0902652 0
-0.0293262 0
0.0592612 0
0.0503876 0
0.0664116 0
-0.185659 0
0.0353524 0
-0.124212 0
-0.073415 0
0.1718 0
-0.0109486 0
-0.0751643 0
-0.00158086 0
0.167131 0
-0.0848455 0
-0.135071 0
0.0637908 0
0.171754 0
-0.0606514 0
-0.100548 0
-0.00292588 0
0.0934304 0
-0.0224711 0
-0.0934604 0
-0.0440664 0
0.166435 0
-0.00592537 0
0.067029 0
0.0102672 0
-0.075154 0
0.0242162 0
0.0715607 0
-0.0255447 0
-0.0764867 0
0.0152953 0
0.0464065 0
0.00991028 0
-0.0756938 0
0.0136175 0
-0.0299521 0
0.0186206 0
0 0
0 0
0 0
0 0
0 0
0 0
0 0
0 0
0 0
0 0
0 0
0 0
0 0
0 0
0 0
0 0
0 0
0 0
0 0
0 0
0 0
0 0
0 0
0 0
0 0
0 0
0 0
0 0
0 0
0 0
0 0
0 0
0 0
0 0
0 0
0 0
0 0
0 0
0 0
0 0
0 0
0 0
0 0
0 0
0 0
0 0
0 0
0 0
0 0
0 0
0 0
0 0
0 0
0 0
0 0
0 0
0 0
0 0
0 0
0 0
0 0
0 0
0 0
0 0
0 0
0 0
0 0
0 0
0 0
0 0
0 0
0 0
0 0
0 0
0 0
0 0
0 0
0 0
0 0
0 0
0 0
0 0
0 0
0 0
0 0
0 0
0 0
0 0
0 0
0 0
0 0
0 0
0 0
0 0
0 0
0 0
0 0
0 0
0 0
0 0
0 0
0 0
0 0
0 0
0 0
0 0
0 0
0 0
0 0
0 0
0 0
0 0
0 0
0 0
0 0
0 0
0 0
0 0
0 0
0 0
0 0
0 0
0 0
0 0
0 0
0 0
0 0
0 0
0 0
0 0
0 0
0 0
0 0
0 0
0 0
0 0
0 0
0 0
0 0
0 0
0 0
0 0
0 0
0 0
0 0
0 0
0 0
0 0
0 0
0 0
0 0
0 0
0 0
0 0
0 0
0 0
0 0
0 0
0 0
0 0
0 0
0 0
0 0
0 0
0 0
0 0
0 0
0 0
0 0
0 0
0 0
0 0
0 0
0 0
0 0
0 0
0 0
0 0
0 0
0 0
0 0
0 0
0 0
0 0
0 0
0 0
0 0
0 0
0 0
0 0
0 0
0 0
0 0
0 0
0 0
0 0
0 0
0 0
0 0
0 0
0 0
0 0
0 0
0 0
0 0
0 0
0 0
0 0
0 0
0 0
0 0
0 0
0 0
0 0
0 0
0 0
0 0
0 0
0 0
0 0
0 0
0 0
0 0
0 0
0 0
0 0
0 0
0 0
0 0
0 0
0 0
0 0
0 0
0 0
0 0
0 0
0 0
0 0
0 0
0 0
0 0
0 0
0 0
0 0
0 0
0 0
0 0
0 0
0 0
0 0
0 0
0 0
0 0
0 0
0 0
0 0
0 0
0 0
0 0
0 0
0 0
0 0
0 0
0 0
0 0
0 0
0 0
0 0
0 0
0 0
0 0
0 0
0 0
0 0
0 0
0 0
0 0
0 0
0 0
0 0
0 0
0 0
0.0659103 0
0.0499688 0
-0.0451374 0
0.0499688 0
0.0659103 0
-0.121486 0
-0.0509605 0
0.0502165 0
0.0314031 0
-0.0749925 0
-0.0349309 0
0.0987836 0
-0.0213136 0
-0.00929856 0
-0.0509424 0
0.00424771 0
0.0933169 0
-0.0663583 0
-0.0469835 0
0.133457 0
-0.0508424 0
-0.0391445 0
-0.0469835 0
0.00424771 0
0.0933169 0
-0.0391445 0
-0.0509424 0
0.0987836 0
-0.0213136 0
-0.0663583 0
-0.0349309 0
0.0502165 0
0.0314031 0
-0.00929856 0
-0.0509605 0
-0.0451374 0
0.0499688 0
-0.0749925 0
0.0499688 0
0.0659103 0
-0.121486 0
0.0659103 0
-0.0749925 0
0.0314031 0
0.0502165 0
-0.0349309 0
-0.111098 0
0.19041 0
-0.0477553 0
-0.0876502 0
-0.0867239 0
0.228735 0
-0.0867239 0
-0.0876502 0
-0.0477553 0
0.19041 0
-0.111098 0
-0.0349309 0
0.0502165 0
0.0314031 0
-0.0749925 0
-0.00929856 0
-0.0213136 0
0.0987836 0
-0.0509424 0
-0.0477553 0
-0.0876502 0
0.229586 0
-0.0738157 0
-0.0747453 0
-0.0738157 0
0.229586 0
-0.0876502 0
-0.0477553 0
-0.0509424 0
0.0987836 0
-0.0213136 0
-0.00929856 0
-0.0663583 0
0.0933169 0
0.00424771 0
-0.0469835 0
-0.0867239 0
0.228735 0
-0.0747453 0
-0.0738157 0
-0.0747453 0
0.228735 0
-0.0867239 0
-0.0469835 0
0.00424771 0
0.0933169 0
-0.0663583 0
-0.0391445 0
-0.0508424 0
0.133457 0
-0.0469835 0
-0.0867239 0
-0.0876502 0
0.229586 0
-0.0876502 0
-0.0867239 0
-0.0469835 0
0.133457 0
-0.0508424 0
-0.0391445 0
-0.0391445 0
0.0933169 0
0.00424771 0
-0.0509424 0
-0.0477553 0
0.19041 0
-0.0477553 0
-0.0509424 0
0.00424771 0
0.0933169 0
-0.0391445 0
-0.0663583 0
-0.0213136 0
0.0987836 0
-0.0349309 0
-0.111098 0
-0.0349309 0
0.0987836 0
-0.0213136 0
-0.0663583 0
-0.00929856 0
0.0314031 0
0.0502165 0
-0.0509605 0
0.0502165 0
0.0314031 0
-0.00929856 0
-0.0749925 0
0.0499688 0
-0.0451374 0
0.0499688 0
-0.0749925 0
0.0659103 0
-0.121486 0
0.0659103 0
0.0659103 0
0.0499688 0
-0.0451374 0
0.0499688 0
0.0659103 0
-0.121486 0
-0.0509605 0
0.0502165 0
0.0314031 0
-0.0749925 0
-0.0349309 0
0.0987836 0
-0.0213136 0
-0.00929856 0
-0.0509424 0
0.00424771 0
0.0933169 0
-0.0663583 0
-0.0469835 0
0.133457 0
-0.0508424 0
-0.0391445 0
-0.0469835 0
0.00424771 0
0.0933169 0
-0.0391445 0
-0.0509424 0
0.0987836 0
-0.0213136 0
-0.0663583 0
-0.0349309 0
0.0502165 0
0.0314031 0
-0.00929856 0
-0.0509605 0
-0.0451374 0
0.0499688 0
-0.0749925 0
0.0499688 0
0.0659103 0
-0.121486 0
0.0659103 0
-0.0749925 0
0.0314031 0
0.0502165 0
-0.0349309 0
-0.111098 0
0.19041 0
-0.0477553 0
-0.0876502 0
-0.0867239 0
0.228735 0
-0.0867239 0
-0.0876502 0
-0.0477553 0
0.19041 0
-0.111098 0
-0.0349309 0
0.0502165 0
0.0314031 0
-0.0749925 0
-0.00929856 0
-0.0213136 0
0.0987836 0
-0.0509424 0
-0.0477553 0
-0.0876502 0
0.229586 0
-0.0738157 0
-0.0747453 0
-0.0738157 0
0.229586 0
-0.0876502 0
-0.0477553 0
-0.0509424 0
0.0987836 0
-0.0213136 0
-0.00929856 0
-0.0663583 0
0.0933169 0
0.00424771 0
-0.0469835 0
-0.0867239 0
0.228735 0
-0.0747453 0
-0.0738157 0
-0.0747453 0
0.228735 0
-0.0867239 0
-0.0469835 0
0.00424771 0
0.0933169 0
-0.0663583 0
-0.0391445 0
-0.0508424 0
0.133457 0
-0.0469835 0
-0.0867239 0
-0.0876502 0
0.229586 0
-0.0876502 0
-0.0867239 0
-0.0469835 0
0.133457 0
-0.0508424 0
-0.0391445 0
-0.0391445 0
0.0933169 0
0.00424771 0
-0.0509424 0
-0.0477553 0
0.19041 0
-0.0477553 0
-0.0509424 0
0.00424771 0
0.0933169 0
-0.0391445 0
-0.0663583 0
-0.0213136 0
0.0987836 0
-0.0349309 0
-0.111098 0
-0.0349309 0
0.0987836 0
-0.0213136 0
-0.0663583 0
-0.00929856 0
0.0314031 0
0.0502165 0
-0.0509605 0
0.0502165 0
0.0314031 0
-0.00929856 0
-0.0749925 0
0.0499688 0
-0.0451374 0
0.0499688 0
-0.0749925 0
0.0659103 0
-0.121486 0
0.0659103 0
0 0
0 0
0 0
0 0
0 0
0 0
0 0
0 0
0 0
0 0
0 0
0 0
0 0
0 0
0 0
0 0
0 0
0 0
0 0
0 0
0 0
0 0
0 0
0 0
0 0
0 0
0 0
0 0
0 0
0 0
0 0
0 0
0 0
0 0
0 0
0 0
0 0
0 0
0 0
0 0
0 0
0 0
0 0
0 0
0 0
0 0
0 0
0 0
0 0
0 0
0 0
0 0
0 0
0 0
0 0
0 0
0 0
0 0
0 0
0 0
0 0
0 0
0 0
0 0
0 0
0 0
0 0
0 0
0 0
0 0
0 0
0 0
0 0
0 0
0 0
0 0
0 0
0 0
0 0
0 0
0 0
0 0
0 0
0 0
0 0
0 0
0 0
0 0
0 0
0 0
0 0
0 0
0 0
0 0
0 0
0 0
0 0
0 0
0 0
0 0
0 0
0 0
0 0
0 0
0 0
0 0
0 0
0 0
0 0
0 0
0 0
0 0
0 0
0 0
0 0
0 0
0 0
0 0
0 0
0 0
0 0
0 0
0 0
0 0
0 0
0 0
0 0
0 0
0 0
0 0
0 0
0 0
0 0
0 0
0 0
0 0
0 0
0 0
0 0
0 0
0 0
-0.00304039 0
-0.12722 0
0.172558 0
0.0396504 0
-0.147728 0
0.130726 0
-0.111444 0
0.0720086 0
0.0417266 0
-0.0705593 0
-0.0133309 0
0.0517114 0
0.0154467 0
-0.0495731 0
-0.0617553 0
0.0613315 0
0.00756566 0
-0.0199533 0
-0.0165449 0
0.0258117 0
0.0502198 0
-0.0501038 0
-0.0634439 0
0.0791773 0
-0.0114373 0
-0.033627 0
-0.0164351 0
0.00771331 0
0.0487579 0
-0.0323595 0
-0.0412187 0
0.100897 0
-0.0123282 0
-0.031587 0
-0.0628193 0
0.0972683 0
0.0758666 0
-0.055092 0
-0.125228 0
0.0446884 0
0.0736884 0
-0.129674 0
-0.0227933 0
0.153508 0
-0.116037 0
0.0917631 0
-0.108345 0
0.0465239 0
-0.0418198 0
0.0634627 0
-0.0680618 0
0.0315788 0
-0.0318183 0
0.0685615 0
-0.0679358 0
0.0262248 0
-0.0610725 0
0.0854297 0
-0.125715 0
0.122379 0
0.00247065 0
-0.0382125 0
-0.109437 0
0.11855 0
-0.119052 0
0.0965084 0
-0.0387762 0
0.0366892 0
-0.0670007 0
0.0634598 0
-0.0377672 0
0.0206812 0
-0.0546462 0
0.0987629 0
-0.0854833 0
0.0882606 0
-0.101739 0
-0.0178964 0
0.0458769 0
0.0565261 0
-0.0777543 0
0.152201 0
-0.0884765 0
-0.0113837 0
-0.0228763 0
0.104768 0
-0.0405835 0
-0.0201951 0
-0.0564199 0
0.139911 0
-0.0884345 0
0.0475648 0
0.0469723 0
-0.033315 0
-0.0181035 0
-0.00930473 0
-0.123366 0
0.124482 0
-0.00881652 0
-0.0573704 0
-0.0297853 0
0.120295 0
-0.0887571 0
-0.016507 0
-0.0321163 0
-0.0133949 0
0.0634987 0
-0.0551305 0
0.027103 0
0.147239 0
-0.0569431 0
-0.0727487 0
-0.0285726 0
0.135487 0
-0.00142302 0
-0.0450889 0
0.066942 0
-0.027019 0
0.0862918 0
-0.139972 0
-0.0720987 0
0.169418 0
-0.0505443 0
-0.126264 0
0.0606787 0
-0.0135174 0
0.0674695 0
-0.164105 0
0.0537067 0
0.174263 0
0.0151393 0
-0.141179 0
0.0697995 0
0.0680887 0
0.0855777 0
-0.269826 0
0.0513532 0
0.0778853 0
0.10304 0
-0.204415 0
0.132715 0
0 0
0 0
0 0
0 0
0 0
0 0
0 0
0 0
0 0
0 0
0 0
0 0
0 0
0 0
0 0
0 0
0 0
0 0
0 0
0 0
0 0
0 0
0 0
0 0
0 0
0 0
0 0
0 0
0 0
0 0
0 0
0 0
0 0
0 0
0 0
0 0
0 0
0 0
0 0
0 0
0 0
0 0
0 0
0 0
0 0
0 0
0 0
0 0
0 0
0 0
0 0
0 0
0 0
0 0
0 0
0 0
0 0
0 0
0 0
0 0
0 0
0 0
0 0
0 0
0 0
0 0
0 0
0 0
0 0
0 0
0 0
0 0
0 0
0 0
0 0
0 0
0 0
0 0
0 0
0 0
0 0
0 0
0 0
0 0
0 0
0 0
0 0
0 0
0 0
0 0
0 0
0 0
0 0
0 0
0 0
0 0
0 0
0 0
0 0
0 0
0 0
0 0
0 0
0 0
0 0
0 0
0 0
0 0
0 0
0 0
0 0
0 0
0 0
0 0
0 0
0 0
0 0
0 0
0 0
0 0
0 0
0 0
0 0
0 0
0 0
0 0
0 0
0 0
0 0
0 0
0 0
0 0
0 0
0 0
0 0
0 0
0 0
0 0
0 0
0 0
0 0
0 0
0 0
0 0
0 0
0 0
0 0
0 0
0 0
0 0
0 0
0 0
0 0
0 0
0 0
0 0
0 0
0 0
0 0
0 0
0 0
0 0
0 0
0 0
0 0
0 0
0 0
0 0
0 0
0 0
0 0
0 0
0 0
0 0
0 0
0 0
0 0
0 0
0 0
0 0
0 0
0 0
0 0
0 0
0 0
0 0
0 0
0 0
0 0
0 0
0 0
0 0
0 0
0 0
0 0
0 0
0 0
0 0
0 0
0 0
0 0
0 0
0 0
0 0
0 0
0 0
0 0
0 0
0 0
0 0
0 0
0 0
0 0
0 0
0 0
0 0
0 0
0 0
0 0
0 0
0 0
0 0
0 0
0 0
0 0
0 0
0 0
0 0
0 0
0 0
0 0
0 0
0 0
0 0
0 0
0 0
0 0
0 0
0 0
0 0
0 0
0 0
0 0
0 0
0 0
0 0
0 0
0 0
0 0
0 0
0 0
0 0
0 0
0 0
0 0
0 0
0 0
0 0
0 0
0 0
0 0
0 0
0 0
0 0
0 0
0 0
0 0
0 0
0 0
0 0
0 0
0 0
0 0
0 0
0 0
0 0
0 0
0 0
0 0
0 0
0 0
0 0
-0.151374 0
0.0172024 0
0.207739 0
-0.122625 0
-0.0301335 0
0.157379 0
-0.134165 0
-0.105288 0
0.164352 0
-0.03618 0
0.0912429 0
0.130491 0
-0.108899 0
-0.0480819 0
-0.132841 0
-0.0681585 0
0.0590925 0
0.0431855 0
0.152357 0
-0.00477658 0
-0.0092934 0
-0.0431791 0
-0.137554 0
0.0421567 0
-0.058376 0
0.0586739 0
0.14731 0
-0.141488 0
0.0970175 0
-0.0335048 0
-0.0811482 0
0.0732908 0
-0.169793 0
0.063101 0
0.166414 0
-0.257672 0
0.101248 0
0.0594324 0
0.0295143 0
0.143666 0
-0.195207 0
0.0814682 0
-0.0762053 0
0.0706862 0
0.0522834 0
0.00318002 0
-0.130435 0
0.0560092 0
0.0908748 0
-0.0279754 0
-0.10278 0
-0.00584381 0
0.121263 0
0.00354371 0
-0.070564 0
-0.0694717 0
0.161786 0
-0.0359704 0
-0.00754603 0
-0.12174 0
0.0799661 0
-0.0576014 0
-0.00425369 0
0.0744838 0
-0.0848295 0
-0.0250363 0
0.057695 0
0.0441695 0
-0.0806608 0
-0.0117435 0
0.100049 0
-0.0547861 0
-0.0404067 0
-0.0110996 0
0.12268 0
-0.112755 0
0.0433327 0
0.0679846 0
-0.0119765 0
0.0180664 0
0.0483875 0
0.0109571 0
-0.0856735 0
0.0301563 0
0.0606013 0
-0.0193878 0
-0.0488577 0
-0.0243125 0
0.112487 0
-0.0650139 0
-0.0176335 0
-0.0373289 0
-0.00520567 0
-0.0572472 0
0.0479576 0
0.024649 0
-0.0873428 0
-0.00970744 0
0.0683821 0
0.0106167 0
-0.0612387 0
-0.0355896 0
0.126597 0
-0.0198724 0
-0.0386642 0
0.0658911 0
-0.022712 0
-0.0217636 0
0.085792 0
0.0101613 0
-0.0797753 0
0.0134625 0
0.0956004 0
-0.062481 0
-0.0905442 0
0.0403096 0
-0.00142673 0
-0.0379798 0
0.0655662 0
-0.0177359 0
-0.0552725 0
-0.0313516 0
0.0779682 0
0.067004 0
-0.0927638 0
0.0454813 0
-0.0199027 0
-0.0426121 0
0.112834 0
-0.0322483 0
-0.125574 0
0.0991065 0
-0.00549954 0
-0.043786 0
0.0931112 0
0.0499326 0
-0.118451 0
0.0167729 0
-0.113533 0
0.0378279 0
0.0699055 0
0.15149 0
-0.0141528 0
-0.211942 0
0.121709 0
0.0336891 0
-0.160563 0
0.13688 0
0.103589 0
-0.165402 0
0.0378846 0
-0.0909491 0
-0.13177 0
0.108559 0
0.049286 0
0.134362 0
0.0667056 0
-0.0592911 0
-0.0427189 0
-0.152003 0
0.00415822 0
0.00809032 0
0.0443945 0
0.139117 0
-0.0440699 0
0.0586674 0
-0.0578834 0
-0.146958 0
0.141343 0
-0.0982161 0
0.0342914 0
0.0821612 0
-0.0757345 0
0.170138 0
-0.0623608 0
-0.164953 0
0.255411 0
-0.103099 0
-0.0581268 0
-0.0265161 0
-0.144781 0
0.193494 0
-0.0783782 0
0.0767745 0
-0.0743922 0
-0.0495124 0
-0.00538415 0
0.133074 0
-0.0571424 0
-0.0898969 0
0.0264597 0
0.104444 0
0.00508729 0
-0.120534 0
-0.00519087 0
0.0722155 0
0.0688621 0
-0.160367 0
0.0339296 0
0.0105666 0
0.118837 0
-0.0800484 0
0.0585355 0
0.00688246 0
-0.0773516 0
0.0877123 0
0.0227264 0
-0.0567806 0
-0.0450631 0
0.0822927 0
0.0102233 0
-0.0991706 0
0.0543054 0
0.0417304 0
0.00873149 0
-0.120663 0
0.110668 0
-0.0409024 0
-0.0675745 0
0.0108785 0
-0.0194288 0
-0.0465346 0
-0.0146146 0
0.0878225 0
-0.0298917 0
-0.0600695 0
0.0168779 0
0.0498462 0
0.0248044 0
-0.111165 0
0.0616734 0
0.0197619 0
0.0361976 0
0.00407938 0
0.0580636 0
-0.0475367 0
-0.0244327 0
0.0903299 0
0.00672146 0
-0.0681902 0
-0.00924227 0
0.0619715 0
0.0327116 0
-0.124503 0
0.0202745 0
0.0394464 0
-0.0655885 0
0.0211939 0
0.0230935 0
-0.0864675 0
-0.0136993 0
0.0811654 0
-0.0117197 0
-0.0949419 0
0.059246 0
0.0906045 0
-0.0392387 0
-0.000180123 0
0.0386395 0
-0.067657 0
0.0211017 0
0.0570195 0
0.0272929 0
-0.0767771 0
-0.0639918 0
0.0913337 0
-0.0451698 0
0.0182885 0
0.0465645 0
-0.114156 0
0.0280735 0
0.125247 0
-0.0957454 0
0.00382525 0
0.0421639 0
-0.0951927 0
-0.0434686 0
0.117252 0
-0.0186477 0
0.111092 0
-0.0329309 0
-0.0731121 0
0 0
0 0
0 0
0 0
0 0
0 0
0 0
0 0
0 0
0 0
0 0
0 0
0 0
0 0
0 0
0 0
0 0
0 0
0 0
0 0
0 0
0 0
0 0
0 0
0 0
0 0
0 0
0 0
0 0
0 0
0 0
0 0
0 0
0 0
0 0
0 0
0 0
0 0
0 0
0 0
0 0
0 0
0 0
0 0
0 0
0 0
0 0
0 0
0 0
0 0
0 0
0 0
0 0
0 0
0 0
0 0
0 0
0 0
0 0
0 0
0 0
0 0
0 0
0 0
0 0
0 0
0 0
0 0
0 0
0 0
0 0
0 0
0 0
0 0
0 0
0 0
0 0
0 0
0 0
0 0
0 0
0 0
0 0
0 0
0 0
0 0
0 0
0 0
0 0
0 0
0 0
0 0
0 0
0 0
0 0
0 0
0 0
0 0
0 0
0 0
0 0
0 0
0 0
0 0
0 0
0 0
0 0
0 0
0 0
0 0
0 0
0 0
0 0
0 0
0 0
0 0
0 0
0 0
0 0
0 0
0 0
0 0
0 0
0 0
0 0
0 0
0 0
0 0
0 0
0 0
0 0
0 0
0 0
0 0
0 0
0 0
0 0
0 0
0 0
0 0
0 0
0 0
0 0
0 0
0 0
0 0
0 0
0 0
0 0
0 0
0 0
0 0
0 0
0 0
0 0
0 0
0 0
0 0
0 0
0 0
0 0
0 0
0 0
0 0
0 0
0 0
0 0
0 0
0 0
0 0
0 0
0 0
0 0
0 0
0 0
0 0
0 0
0 0
0 0
0 0
0 0
0 0
0 0
0 0
0 0
0 0
0 0
0 0
0 0
0 0
0 0
0 0
0 0
0 0
0 0
0 0
0 0
0 0
0 0
0 0
0 0
0 0
0 0
0 0
0 0
0 0
0 0
0 0
0 0
0 0
0 0
0 0
0 0
0 0
0 0
0 0
0 0
0 0
0 0
0 0
0 0
0 0
0 0
0 0
0 0
0 0
0 0
0 0
0 0
0 0
0 0
0 0
0 0
0 0
0 0
0 0
0 0
0 0
0 0
0 0
0 0
0 0
0 0
0 0
0 0
0 0
0 0
0 0
0 0
0 0
0 0
0 0
0 0
0 0
0 0
0 0
0 0
0 0
0 0
0 0
0 0
0 0
0 0
0 0
0 0
0 0
0 0
0 0
0 0
0 0
0 0
0 0
0 0
0 0
0 0
0 0
0 0
0 0
0 0
0 0
0 0
0 0
-0.00667571 0
-0.126843 0
0.177596 0
0.0367177 0
-0.148494 0
0.134543 0
-0.114697 0
0.0695014 0
0.0456846 0
-0.0714483 0
-0.0111441 0
0.0548594 0
0.0128366 0
-0.0507418 0
-0.0649626 0
0.0597127 0
0.00898663 0
-0.0189222 0
-0.0128916 0
0.0257045 0
0.0500111 0
-0.051155 0
-0.0667648 0
0.0802123 0
-0.0128422 0
-0.032228 0
-0.0129029 0
0.00431844 0
0.0511013 0
-0.0331733 0
-0.043179 0
0.102686 0
-0.0164085 0
-0.030081 0
-0.0588418 0
0.0911097 0
0.0783194 0
-0.053681 0
-0.124556 0
0.0481507 0
0.0690228 0
-0.127756 0
-0.0246295 0
0.155249 0
-0.114815 0
0.0918659 0
-0.111508 0
0.0478821 0
-0.0396499 0
0.0628093 0
-0.0705492 0
0.0314476 0
-0.028916 0
0.0686664 0
-0.0696496 0
0.0245644 0
-0.0572057 0
0.0845907 0
-0.125933 0
0.119491 0
0.00439132 0
-0.0396065 0
-0.10957 0
0.120373 0
-0.121123 0
0.0959351 0
-0.0374021 0
0.0377603 0
-0.0689566 0
0.0631962 0
-0.035376 0
0.0193717 0
-0.0556321 0
0.0985249 0
-0.0825624 0
0.0855788 0
-0.100727 0
-0.0162693 0
0.0456026 0
0.0569762 0
-0.0766149 0
0.152508 0
-0.090559 0
-0.0106629 0
-0.0214279 0
0.104333 0
-0.0417683 0
-0.0207847 0
-0.0537354 0
0.138391 0
-0.0888834 0
0.0466823 0
0.0468608 0
-0.0346991 0
-0.0169572 0
-0.00871559 0
-0.125499 0
0.124285 0
-0.00717722 0
-0.057132 0
-0.0312642 0
0.119475 0
-0.0857431 0
-0.0169889 0
-0.0330539 0
-0.0118167 0
0.0629717 0
-0.0556689 0
0.0291706 0
0.147525 0
-0.0588749 0
-0.0724465 0
-0.0262854 0
0.134026 0
-0.00359737 0
-0.044134 0
0.0669271 0
-0.0279386 0
0.0878909 0
-0.140438 0
-0.0734466 0
0.168714 0
-0.0486869 0
-0.124691 0
0.0584689 0
-0.0124293 0
0.0670111 0
-0.165176 0
0.0564313 0
0.173539 0
0.0121287 0
-0.138841 0
0.0696876 0
0.067057 0
0.0878379 0
-0.268705 0
0.048524 0
0.0783105 0
0.100343 0
-0.203565 0
0.134431 0
-0.103851 0
0.119858 0
2.00258e-13 0
-0.119858 0
0.103851 0
1.50217e-13 0
-1.2988e-13 0
-0.192224 0
0.0800641 0
0.0344794 0
0.141786 0
0.0285844 0
-0.155475 0
0.0653404 0
-0.0193013 0
-0.101848 0
0.0567822 0
0.0855131 0
0.0800641 0
-1.79755e-15 0
-4.08176e-15 0
-0.0491993 0
-0.0800641 0
0.101848 0
-0.0567822 0
0.0491993 0
0.0193013 0
-0.0285844 0
0.155475 0
-0.0855131 0
-0.141786 0
0.192224 0
-0.0800641 0
-0.0653404 0
1.3916e-13 0
-2.19051e-13 0
0.119858 0
-0.0344794 0
-0.119858 0
0.103851 0
-1.68743e-13 0
-0.103851 0
-0.0344794 0
-0.0800641 0
0.192224 0
-0.141786 0
-1.26026e-13 0
5.57632e-14 0
0.0955394 0
-0.0909632 0
0.00944358 0
-5.35134e-16 0
-0.00944358 0
0.0909632 0
-0.0955394 0
-5.5842e-14 0
1.35909e-13 0
0.141786 0
-0.192224 0
0.0800641 0
0.0344794 0
-0.0653404 0
0.155475 0
-0.0285844 0
0.0193013 0
-0.0955394 0
0.0909632 0
4.45498e-14 0
-7.65403e-14 0
-7.64513e-15 0
8.57133e-14 0
-4.36175e-14 0
-0.0909632 0
0.0955394 0
-0.0193013 0
0.0285844 0
-0.155475 0
0.0653404 0
-0.0855131 0
-0.0567822 0
0.101848 0
-0.0800641 0
-0.00944358 0
2.46635e-14 0
5.13125e-14 0
-6.99278e-15 0
-4.74941e-14 0
-2.33029e-14 0
0.00944358 0
0.0800641 0
-0.101848 0
0.0567822 0
0.0855131 0
0.0491993 0
3.96879e-14 0
2.00809e-14 0
0.0800641 0
0.00944358 0
-0.0909632 0
4.29952e-15 0
0.0909632 0
-0.00944358 0
-0.0800641 0
-1.93128e-14 0
-3.82036e-14 0
-0.0491993 0
-0.0491993 0
0.0567822 0
-0.101848 0
-0.0193013 0
0.0955394 0
6.22545e-15 0
-0.0955394 0
0.0193013 0
0.101848 0
-0.0567822 0
0.0491993 0
0.0855131 0
-0.155475 0
0.0285844 0
0.141786 0
-1.22956e-14 0
-0.141786 0
-0.0285844 0
0.155475 0
-0.0855131 0
0.0653404 0
0.0800641 0
-0.192224 0
-1.18351e-14 0
0.192224 0
-0.0800641 0
-0.0653404 0
0.0344794 0
-0.119858 0
1.85366e-14 0
0.119858 0
-0.0344794 0
0.103851 0
1.29777e-14 0
-0.103851 0
0 0
0 0
0 0
0 0
0 0
0 0
0 0
0 0
0 0
0 0
0 0
0 0
0 0
0 0
0 0
0 0
0 0
0 0
0 0
0 0
0 0
0 0
0 0
0 0
0 0
0 0
0 0
0 0
0 0
0 0
0 0
0 0
0 0
0 0
0 0
0 0
0 0
0 0
0 0
0 0
0 0
0 0
0 0
0 0
0 0
0 0
0 0
0 0
0 0
0 0
0 0
0 0
0 0
0 0
0 0
0 0
0 0
0 0
0 0
0 0
0 0
0 0
0 0
0 0
0 0
0 0
0 0
0 0
0 0
0 0
0 0
0 0
0 0
0 0
0 0
0 0
0 0
0 0
0 0
0 0
0 0
0 0
0 0
0 0
0 0
0 0
0 0
0 0
0 0
0 0
0 0
0 0
0 0
0 0
0 0
0 0
0 0
0 0
0 0
0 0
0 0
0 0
0 0
0 0
0 0
0 0
0 0
0 0
0 0
0 0
0 0
0 0
0 0
0 0
0 0
0 0
0 0
0 0
0 0
0 0
0 0
0 0
0 0
0 0
0 0
0 0
0 0
0 0
0 0
0 0
0 0
0 0
0 0
0 0
0 0
0 0
0 0
0 0
0 0
0 0
0 0
0 0
0 0
0 0
0 0
0 0
0 0
0 0
0 0
0 0
0 0
0 0
0 0
0 0
0 0
0 0
0 0
0 0
0 0
0 0
0 0
0 0
0 0
0 0
0 0
0 0
0 0
0 0
0 0
0 0
0 0
0 0
0 0
0 0
0 0
0 0
0 0
0 0
0 0
0 0
0 0
0 0
0 0
0 0
0 0
0 0
0 0
0 0
0 0
0 0
0 0
0 0
0 0
0 0
0 0
0 0
0 0
0 0
0 0
0 0
0 0
0 0
0 0
0 0
0 0
0 0
0 0
0 0
0 0
0 0
0 0
0 0
0 0
0 0
0 0
0 0
0 0
0 0
0 0
0 0
0 0
0 0
0 0
0 0
0 0
0 0
0 0
0 0
0 0
0 0
0 0
0 0
0 0
0 0
0 0
0 0
0 0
0 0
0 0
0 0
0 0
0 0
0 0
0 0
0 0
0 0
0 0
0 0
0 0
0 0
0 0
0 0
0 0
0 0
0 0
0 0
0 0
0 0
0 0
0 0
0 0
0 0
0 0
0 0
0 0
0 0
0 0
0 0
0 0
0 0
0 0
0 0
0 0
0 0
0 0
0 0
0 0
0 0
0 0
0 0
0 0
0 0
-0.103851 0
0.119858 0
-3.4883e-14 0
-0.119858 0
0.103851 0
-2.62163e-14 0
2.23969e-14 0
-0.192224 0
0.0800641 0
0.0344794 0
0.141786 0
0.0285844 0
-0.155475 0
0.0653404 0
-0.0193013 0
-0.101848 0
0.0567822 0
0.0855131 0
0.0800641 0
-2.52963e-15 0
-4.57117e-15 0
-0.0491993 0
-0.0800641 0
0.101848 0
-0.0567822 0
0.0491993 0
0.0193013 0
-0.0285844 0
0.155475 0
-0.0855131 0
-0.141786 0
0.192224 0
-0.0800641 0
-0.0653404 0
-5.42305e-15 0
8.37738e-15 0
0.119858 0
-0.0344794 0
-0.119858 0
0.103851 0
5.79748e-15 0
-0.103851 0
-0.0344794 0
-0.0800641 0
0.192224 0
-0.141786 0
2.03758e-14 0
-8.335e-15 0
0.0955394 0
-0.0909632 0
0.00944358 0
-2.23823e-15 0
-0.00944358 0
0.0909632 0
-0.0955394 0
2.93426e-15 0
-6.1658e-15 0
0.141786 0
-0.192224 0
0.0800641 0
0.0344794 0
-0.0653404 0
0.155475 0
-0.0285844 0
0.0193013 0
-0.0955394 0
0.0909632 0
-6.91794e-15 0
1.38906e-14 0
-7.19266e-15 0
-3.20144e-15 0
2.64644e-15 0
-0.0909632 0
0.0955394 0
-0.0193013 0
0.0285844 0
-0.155475 0
0.0653404 0
-0.0855131 0
-0.0567822 0
0.101848 0
-0.0800641 0
-0.00944358 0
-4.59638e-16 0
-1.9674e-15 0
-1.12505e-14 0
8.499e-15 0
4.55226e-15 0
0.00944358 0
0.0800641 0
-0.101848 0
0.0567822 0
0.0855131 0
0.0491993 0
-2.12653e-15 0
1.50157e-16 0
0.0800641 0
0.00944358 0
-0.0909632 0
6.129e-15 0
0.0909632 0
-0.00944358 0
-0.0800641 0
4.81114e-15 0
7.03907e-15 0
-0.0491993 0
-0.0491993 0
0.0567822 0
-0.101848 0
-0.0193013 0
0.0955394 0
7.8058e-15 0
-0.0955394 0
0.0193013 0
0.101848 0
-0.0567822 0
0.0491993 0
0.0855131 0
-0.155475 0
0.0285844 0
0.141786 0
-1.53313e-14 0
-0.141786 0
-0.0285844 0
0.155475 0
-0.0855131 0
0.0653404 0
0.0800641 0
-0.192224 0
-1.49038e-14 0
0.192224 0
-0.0800641 0
-0.0653404 0
0.0344794 0
-0.119858 0
2.40192e-14 0
0.119858 0
-0.0344794 0
0.103851 0
1.77845e-14 0
-0.103851 0
-0.0367089 0
-0.0170389 0
-0.0698494 0
-0.0170389 0
-0.0367089 0
0.061128 0
0.11797 0
-0.0359193 0
-0.135522 0
0.127023 0
0.0606922 0
-0.0135319 0
0.0494489 0
0.0716647 0
-0.0938887 0
0.0585894 0
0.0917023 0
-0.117523 0
-0.0681824 0
0.138685 0
-0.0302025 0
-0.0512051 0
-0.0681824 0
0.0585894 0
0.0917023 0
-0.0512051 0
-0.0938887 0
-0.0135319 0
0.0494489 0
-0.117523 0
0.0606922 0
-0.0359193 0
-0.135522 0
0.0716647 0
0.11797 0
-0.0698494 0
-0.0170389 0
0.127023 0
-0.0170389 0
-0.0367089 0
0.061128 0
-0.0367089 0
0.127023 0
-0.135522 0
-0.0359193 0
0.0606922 0
-0.0234432 0
-0.0932281 0
0.0677073 0
0.105797 0
-0.115384 0
0.100967 0
-0.115384 0
0.105797 0
0.0677073 0
-0.0932281 0
-0.0234432 0
0.0606922 0
-0.0359193 0
-0.135522 0
0.127023 0
0.0716647 0
0.0494489 0
-0.0135319 0
-0.0938887 0
0.0677073 0
0.105797 0
-0.0793908 0
-0.116242 0
0.109501 0
-0.116242 0
-0.0793908 0
0.105797 0
0.0677073 0
-0.0938887 0
-0.0135319 0
0.0494489 0
0.0716647 0
-0.117523 0
0.0917023 0
0.0585894 0
-0.0681824 0
-0.115384 0
0.100967 0
0.109501 0
-0.116242 0
0.109501 0
0.100967 0
-0.115384 0
-0.0681824 0
0.0585894 0
0.0917023 0
-0.117523 0
-0.0512051 0
-0.0302025 0
0.138685 0
-0.0681824 0
-0.115384 0
0.105797 0
-0.0793908 0
0.105797 0
-0.115384 0
-0.0681824 0
0.138685 0
-0.0302025 0
-0.0512051 0
-0.0512051 0
0.0917023 0
0.0585894 0
-0.0938887 0
0.0677073 0
-0.0932281 0
0.0677073 0
-0.0938887 0
0.0585894 0
0.0917023 0
-0.0512051 0
-0.117523 0
0.0494489 0
-0.0135319 0
0.0606922 0
-0.0234432 0
0.0606922 0
-0.0135319 0
0.0494489 0
-0.117523 0
0.0716647 0
-0.135522 0
-0.0359193 0
0.11797 0
-0.0359193 0
-0.135522 0
0.0716647 0
0.127023 0
-0.0170389 0
-0.0698494 0
-0.0170389 0
0.127023 0
-0.0367089 0
0.061128 0
-0.0367089 0
0 0
0 0
0 0
0 0
0 0
0 0
0 0
0 0
0 0
0 0
0 0
0 0
0 0
0 0
0 0
0 0
0 0
0 0
0 0
0 0
0 0
0 0
0 0
0 0
0 0
0 0
0 0
0 0
0 0
0 0
0 0
0 0
0 0
0 0
0 0
0 0
0 0
0 0
0 0
0 0
0 0
0 0
0 0
0 0
0 0
0 0
0 0
0 0
0 0
0 0
0 0
0 0
0 0
0 0
0 0
0 0
0 0
0 0
0 0
0 0
0 0
0 0
0 0
0 0
0 0
0 0
0 0
0 0
0 0
0 0
0 0
0 0
0 0
0 0
0 0
0 0
0 0
0 0
0 0
0 0
0 0
0 0
0 0
0 0
0 0
0 0
0 0
0 0
0 0
0 0
0 0
0 0
0 0
0 0
0 0
0 0
0 0
0 0
0 0
0 0
0 0
0 0
0 0
0 0
0 0
0 0
0 0
0 0
0 0
0 0
0 0
0 0
0 0
0 0
0 0
0 0
0 0
0 0
0 0
0 0
0 0
0 0
0 0
0 0
0 0
0 0
0 0
0 0
0 0
0 0
0 0
0 0
0 0
0 0
0 0
0 0
0 0
0 0
0 0
0 0
0 0
0 0
0 0
0 0
0 0
0 0
0 0
0 0
0 0
0 0
0 0
0 0
0 0
0 0
0 0
0 0
0 0
0 0
0 0
0 0
0 0
0 0
0 0
0 0
0 0
0 0
0 0
0 0
0 0
0 0
0 0
0 0
0 0
0 0
0 0
0 0
0 0
0 0
0 0
0 0
0 0
0 0
0 0
0 0
0 0
0 0
0 0
0 0
0 0
0 0
0 0
0 0
0 0
0 0
0 0
0 0
0 0
0 0
0 0
0 0
0 0
0 0
0 0
0 0
0 0
0 0
0 0
0 0
0 0
0 0
0 0
0 0
0 0
0 0
0 0
0 0
0 0
0 0
0 0
0 0
0 0
0 0
0 0
0 0
0 0
0 0
0 0
0 0
0 0
0 0
0 0
0 0
0 0
0 0
0 0
0 0
0 0
0 0
0 0
0 0
0 0
0 0
0 0
0 0
0 0
0 0
0 0
0 0
0 0
0 0
0 0
0 0
0 0
0 0
0 0
0 0
0 0
0 0
0 0
0 0
0 0
0 0
0 0
0 0
0 0
0 0
0 0
0 0
0 0
0 0
0 0
0 0
0 0
0 0
0 0
0 0
0 0
0 0
0 0
0 0
0 0
0 0
0.0367089 0
0.0170389 0
0.0698494 0
0.0170389 0
0.0367089 0
-0.061128 0
-0.11797 0
0.0359193 0
0.135522 0
-0.127023 0
-0.0606922 0
0.0135319 0
-0.0494489 0
-0.0716647 0
0.0938887 0
-0.0585894 0
-0.0917023 0
0.117523 0
0.0681824 0
-0.138685 0
0.0302025 0
0.0512051 0
0.0681824 0
-0.0585894 0
-0.0917023 0
0.0512051 0
0.0938887 0
0.0135319 0
-0.0494489 0
0.117523 0
-0.0606922 0
0.0359193 0
0.135522 0
-0.0716647 0
-0.11797 0
0.0698494 0
0.0170389 0
-0.127023 0
0.0170389 0
0.0367089 0
-0.061128 0
0.0367089 0
-0.127023 0
0.135522 0
0.0359193 0
-0.0606922 0
0.0234432 0
0.0932281 0
-0.0677073 0
-0.105797 0
0.115384 0
-0.100967 0
0.115384 0
-0.105797 0
-0.0677073 0
0.0932281 0
0.0234432 0
-0.0606922 0
0.0359193 0
0.135522 0
-0.127023 0
-0.0716647 0
-0.0494489 0
0.0135319 0
0.0938887 0
-0.0677073 0
-0.105797 0
0.0793908 0
0.116242 0
-0.109501 0
0.116242 0
0.0793908 0
-0.105797 0
-0.0677073 0
0.0938887 0
0.0135319 0
-0.0494489 0
-0.0716647 0
0.117523 0
-0.0917023 0
-0.0585894 0
0.0681824 0
0.115384 0
-0.100967 0
-0.109501 0
0.116242 0
-0.109501 0
-0.100967 0
0.115384 0
0.0681824 0
-0.0585894 0
-0.0917023 0
0.117523 0
0.0512051 0
0.0302025 0
-0.138685 0
0.0681824 0
0.115384 0
-0.105797 0
0.0793908 0
-0.105797 0
0.115384 0
0.0681824 0
-0.138685 0
0.0302025 0
0.0512051 0
0.0512051 0
-0.0917023 0
-0.0585894 0
0.0938887 0
-0.0677073 0
0.0932281 0
-0.0677073 0
0.0938887 0
-0.0585894 0
-0.0917023 0
0.0512051 0
0.117523 0
-0.0494489 0
0.0135319 0
-0.0606922 0
0.0234432 0
-0.0606922 0
0.0135319 0
-0.0494489 0
0.117523 0
-0.0716647 0
0.135522 0
0.0359193 0
-0.11797 0
0.0359193 0
0.135522 0
-0.0716647 0
-0.127023 0
0.0170389 0
0.0698494 0
0.0170389 0
-0.127023 0
0.0367089 0
-0.061128 0
0.0367089 0
0.127583 0
-0.155475 0
-2.6106e-15 0
0.155475 0
-0.127583 0
9.18318e-16 0
3.60182e-15 0
0.0191051 0
-0.0800641 0
-0.0618823 0
0.0567822 0
-0.0883011 0
-0.0909632 0
0.140345 0
0.141786 0
-0.066488 0
0.0193013 0
0.0588057 0
-0.0800641 0
6.69184e-15 0
-2.89624e-15 0
-0.0158387 0
0.0800641 0
0.066488 0
-0.0193013 0
0.0158387 0
-0.141786 0
0.0883011 0
0.0909632 0
-0.0588057 0
-0.0567822 0
-0.0191051 0
0.0800641 0
-0.140345 0
4.49798e-15 0
-1.83789e-15 0
-0.155475 0
0.0618823 0
0.155475 0
-0.127583 0
1.37383e-15 0
0.127583 0
0.0618823 0
0.0800641 0
-0.0191051 0
-0.0567822 0
-2.93603e-16 0
-2.95709e-15 0
-0.0179948 0
-0.119858 0
0.164056 0
4.51339e-15 0
-0.164056 0
0.119858 0
0.0179948 0
-4.22731e-15 0
7.0756e-16 0
0.0567822 0
0.0191051 0
-0.0800641 0
-0.0618823 0
-0.140345 0
0.0909632 0
0.0883011 0
-0.141786 0
0.0179948 0
0.119858 0
-6.01696e-16 0
-4.15614e-15 0
2.52025e-15 0
-3.4134e-15 0
-1.45322e-15 0
-0.119858 0
-0.0179948 0
0.141786 0
-0.0883011 0
-0.0909632 0
0.140345 0
-0.0588057 0
-0.0193013 0
0.066488 0
0.0800641 0
-0.164056 0
2.04444e-15 0
2.58096e-15 0
-1.12954e-15 0
2.64365e-15 0
1.39877e-15 0
0.164056 0
-0.0800641 0
-0.066488 0
0.0193013 0
0.0588057 0
0.0158387 0
-4.94853e-16 0
2.9621e-15 0
-0.0800641 0
0.164056 0
-0.119858 0
-3.32675e-15 0
0.119858 0
-0.164056 0
0.0800641 0
2.23111e-15 0
-8.39207e-16 0
-0.0158387 0
-0.0158387 0
0.0193013 0
-0.066488 0
0.141786 0
-0.0179948 0
-2.17099e-15 0
0.0179948 0
-0.141786 0
0.066488 0
-0.0193013 0
0.0158387 0
0.0588057 0
-0.0909632 0
-0.0883011 0
0.0567822 0
-3.58229e-16 0
-0.0567822 0
0.0883011 0
0.0909632 0
-0.0588057 0
0.140345 0
-0.0800641 0
0.0191051 0
3.4554e-15 0
-0.0191051 0
0.0800641 0
-0.140345 0
-0.0618823 0
0.155475 0
-1.48295e-15 0
-0.155475 0
0.0618823 0
-0.127583 0
1.57229e-15 0
0.127583 0
0 0
0 0
0 0
0 0
0 0
0 0
0 0
0 0
0 0
0 0
0 0
0 0
0 0
0 0
0 0
0 0
0 0
0 0
0 0
0 0
0 0
0 0
0 0
0 0
0 0
0 0
0 0
0 0
0 0
0 0
0 0
0 0
0 0
0 0
0 0
0 0
0 0
0 0
0 0
0 0
0 0
0 0
0 0
0 0
0 0
0 0
0 0
0 0
0 0
0 0
0 0
0 0
0 0
0 0
0 0
0 0
0 0
0 0
0 0
0 0
0 0
0 0
0 0
0 0
0 0
0 0
0 0
0 0
0 0
0 0
0 0
0 0
0 0
0 0
0 0
0 0
0 0
0 0
0 0
0 0
0 0
0 0
0 0
0 0
0 0
0 0
0 0
0 0
0 0
0 0
0 0
0 0
0 0
0 0
0 0
0 0
0 0
0 0
0 0
0 0
0 0
0 0
0 0
0 0
0 0
0 0
0 0
0 0
0 0
0 0
0 0
0 0
0 0
0 0
0 0
0 0
0 0
0 0
0 0
0 0
0 0
0 0
0 0
0 0
0 0
0 0
0 0
0 0
0 0
0 0
0 0
0 0
0 0
0 0
0 0
0 0
0 0
0 0
0 0
0 0
0 0
0 0
0 0
0 0
0 0
0 0
0 0
0 0
0 0
0 0
0 0
0 0
0 0
0 0
0 0
0 0
0 0
0 0
0 0
0 0
0 0
0 0
0 0
0 0
0 0
0 0
0 0
0 0
0 0
0 0
0 0
0 0
0 0
0 0
0 0
0 0
0 0
0 0
0 0
0 0
0 0
0 0
0 0
0 0
0 0
0 0
0 0
0 0
0 0
0 0
0 0
0 0
0 0
0 0
0 0
0 0
0 0
0 0
0 0
0 0
0 0
0 0
0 0
0 0
0 0
0 0
0 0
0 0
0 0
0 0
0 0
0 0
0 0
0 0
0 0
0 0
0 0
0 0
0 0
0 0
0 0
0 0
0 0
0 0
0 0
0 0
0 0
0 0
0 0
0 0
0 0
0 0
0 0
0 0
0 0
0 0
0 0
0 0
0 0
0 0
0 0
0 0
0 0
0 0
0 0
0 0
0 0
0 0
0 0
0 0
0 0
0 0
0 0
0 0
0 0
0 0
0 0
0 0
0 0
0 0
0 0
0 0
0 0
0 0
0 0
0 0
0 0
0 0
0 0
0 0
0 0
0 0
0 0
0 0
0 0
0 0
0 0
0 0
0 0
0 0
0 0
0 0
0.127583 0
-0.155475 0
-3.18739e-16 0
0.155475 0
-0.127583 0
1.88922e-15 0
2.34641e-15 0
0.0191051 0
-0.0800641 0
-0.0618823 0
0.0567822 0
-0.0883011 0
-0.0909632 0
0.140345 0
0.141786 0
-0.066488 0
0.0193013 0
0.0588057 0
-0.0800641 0
6.4851e-15 0
-2.26932e-15 0
-0.0158387 0
0.0800641 0
0.066488 0
-0.0193013 0
0.0158387 0
-0.141786 0
0.0883011 0
0.0909632 0
-0.0588057 0
-0.0567822 0
-0.0191051 0
0.0800641 0
-0.140345 0
5.19653e-15 0
-3.17414e-15 0
-0.155475 0
0.0618823 0
0.155475 0
-0.127583 0
2.49492e-15 0
0.127583 0
0.0618823 0
0.0800641 0
-0.0191051 0
-0.0567822 0
-2.15523e-15 0
7.42593e-16 0
-0.0179948 0
-0.119858 0
0.164056 0
4.95146e-15 0
-0.164056 0
0.119858 0
0.0179948 0
-6.66829e-15 0
1.70436e-15 0
0.0567822 0
0.0191051 0
-0.0800641 0
-0.0618823 0
-0.140345 0
0.0909632 0
0.0883011 0
-0.141786 0
0.0179948 0
0.119858 0
6.42715e-18 0
-5.32756e-15 0
1.24243e-15 0
-1.10563e-15 0
-3.79816e-15 0
-0.119858 0
-0.0179948 0
0.141786 0
-0.0883011 0
-0.0909632 0
0.140345 0
-0.0588057 0
-0.0193013 0
0.066488 0
0.0800641 0
-0.164056 0
4.02889e-15 0
4.30736e-15 0
-3.88138e-15 0
3.23602e-15 0
1.82178e-15 0
0.164056 0
-0.0800641 0
-0.066488 0
0.0193013 0
0.0588057 0
0.0158387 0
8.18403e-16 0
5.79868e-15 0
-0.0800641 0
0.164056 0
-0.119858 0
-3.07899e-15 0
0.119858 0
-0.164056 0
0.0800641 0
3.61803e-15 0
-2.14994e-15 0
-0.0158387 0
-0.0158387 0
0.0193013 0
-0.066488 0
0.141786 0
-0.0179948 0
-3.56898e-15 0
0.0179948 0
-0.141786 0
0.066488 0
-0.0193013 0
0.0158387 0
0.0588057 0
-0.0909632 0
-0.0883011 0
0.0567822 0
3.75406e-17 0
-0.0567822 0
0.0883011 0
0.0909632 0
-0.0588057 0
0.140345 0
-0.0800641 0
0.0191051 0
3.72619e-15 0
-0.0191051 0
0.0800641 0
-0.140345 0
-0.0618823 0
0.155475 0
-1.97918e-15 0
-0.155475 0
0.0618823 0
-0.127583 0
1.44749e-15 0
0.127583 0
0.13811 0
-0.00913272 0
-0.050921 0
0.0684002 0
0.0777049 0
-0.168138 0
0.00609228 0
0.0311998 0
0.0786682 0
-0.114579 0
-0.124807 0
0.119006 0
-0.0560835 0
-0.0175954 0
0.0281399 0
-0.0115591 0
0.0938514 0
-0.0294245 0
-0.107155 0
0.00615753 0
0.00816494 0
-0.0794797 0
0.0910862 0
0.0283059 0
-0.088826 0
0.062842 0
-0.0385923 0
-0.105374 0
0.0594776 0
0.022865 0
0.114368 0
-0.0322307 0
-0.0673923 0
0.00616622 0
-0.0056055 0
0.0468523 0
-0.0770922 0
0.112566 0
0.0225602 0
-0.138104 0
0.154704 0
-0.0604665 0
-0.0754665 0
0.105998 0
0.0119014 0
-0.127366 0
0.00999055 0
0.23935 0
-0.143566 0
-0.0832152 0
0.14294 0
0.0068985 0
-0.151377 0
0.0963162 0
0.126603 0
-0.220226 0
-0.0091923 0
0.117657 0
-0.00742669 0
-0.102519 0
0.0622948 0
-0.0724889 0
-0.0129546 0
0.141589 0
-0.0414166 0
-0.173643 0
0.0249463 0
0.107437 0
-0.0796322 0
-0.000417468 0
0.0732696 0
-0.0988527 0
-0.042703 0
0.165261 0
0.0508082 0
-0.1344 0
0.00404434 0
0.0767203 0
-0.0524726 0
0.080306 0
0.0852138 0
-0.148266 0
0.0341858 0
0.0794401 0
-0.00480737 0
0.00636266 0
0.00522484 0
-0.0863386 0
-0.0115962 0
0.143926 0
-0.0960755 0
-0.0714161 0
0.0524885 0
-0.135818 0
0.0940238 0
0.0709073 0
-0.0367713 0
-0.131344 0
0.125918 0
-0.00858428 0
-0.121262 0
0.117192 0
0.0571796 0
-0.0770649 0
-0.102189 0
0.135253 0
-0.0557737 0
-0.0224353 0
0.107635 0
-0.0789481 0
-0.0216944 0
-0.0191242 0
0.0470396 0
0.0800089 0
-0.11352 0
0.00852001 0
0.0729761 0
-0.023064 0
0.0520392 0
0.0153939 0
0.00715006 0
-0.000798251 0
0.0129988 0
-0.0362156 0
-0.046523 0
0.0296077 0
-0.0591249 0
0.0238507 0
-0.0237731 0
-0.000486777 0
0.0203293 0
-0.0386057 0
0.0663227 0
0.0522843 0
-0.0909604 0
0.00406862 0
0.0862249 0
-0.0370995 0
0.0603996 0
0.0134344 0
-0.0776433 0
0 0
0 0
0 0
0 0
0 0
0 0
0 0
0 0
0 0
0 0
0 0
0 0
0 0
0 0
0 0
0 0
0 0
0 0
0 0
0 0
0 0
0 0
0 0
0 0
0 0
0 0
0 0
0 0
0 0
0 0
0 0
0 0
0 0
0 0
0 0
0 0
0 0
0 0
0 0
0 0
0 0
0 0
0 0
0 0
0 0
0 0
0 0
0 0
0 0
0 0
0 0
0 0
0 0
0 0
0 0
0 0
0 0
0 0
0 0
0 0
0 0
0 0
0 0
0 0
0 0
0 0
0 0
0 0
0 0
0 0
0 0
0 0
0 0
0 0
0 0
0 0
0 0
0 0
0 0
0 0
0 0
0 0
0 0
0 0
0 0
0 0
0 0
0 0
0 0
0 0
0 0
0 0
0 0
0 0
0 0
0 0
0 0
0 0
0 0
0 0
0 0
0 0
0 0
0 0
0 0
0 0
0 0
0 0
0 0
0 0
0 0
0 0
0 0
0 0
0 0
0 0
0 0
0 0
0 0
0 0
0 0
0 0
0 0
0 0
0 0
0 0
0 0
0 0
0 0
0 0
0 0
0 0
0 0
0 0
0 0
0 0
0 0
0 0
0 0
0 0
0 0
0.00991702 0
-0.0942912 0
0.0247012 0
0.0655412 0
-0.114606 0
0.0815621 0
-0.0029553 0
0.00943759 0
-0.0729596 0
0.00577959 0
0.0638012 0
-0.0864835 0
-0.0277098 0
0.0784303 0
0.0749148 0
-0.117612 0
-0.0282791 0
0.0436203 0
0.104326 0
-0.0854318 0
-0.113283 0
0.11029 0
0.118614 0
-0.114739 0
-0.0414457 0
0.120547 0
0.0701051 0
-0.102656 0
-0.0193807 0
0.0473891 0
0.0810398 0
0.00486582 0
-0.0834869 0
0.0801429 0
-0.00379842 0
0.0317482 0
0.0550547 0
0.0221512 0
-0.0920069 0
-0.00999122 0
0.104831 0
-0.124565 0
0.0864095 0
-0.01662 0
-0.0303455 0
0.0585253 0
-0.00484631 0
-0.116106 0
0.107938 0
-0.0973535 0
0.0691364 0
-0.0957123 0
0.0479234 0
-0.0844137 0
0.127411 0
-0.14923 0
-0.00622892 0
0.0761855 0
-0.0317386 0
-0.0316489 0
0.0963387 0
-0.0347314 0
0.0611995 0
-0.0399285 0
-0.0684744 0
0.0459361 0
0.125619 0
-0.0521165 0
0.0386287 0
0.0057921 0
0.0496492 0
-0.0669849 0
0.120743 0
0.0703627 0
-0.0618273 0
-0.0598206 0
0.0624247 0
-0.023977 0
-0.0038929 0
-0.0562027 0
0.081883 0
0.019576 0
-0.155058 0
0.0538305 0
-0.00325759 0
-0.0882779 0
-0.00253451 0
0.0418819 0
-0.158358 0
0.0406358 0
0.0688165 0
-0.0671382 0
0.00367222 0
-0.00585091 0
0.0637127 0
0.0480485 0
-0.144961 0
0.0892217 0
-0.0233897 0
0.119101 0
-0.0412054 0
0.107135 0
-0.13819 0
0.0373833 0
0.0495706 0
0.0136867 0
-0.123976 0
0.0954173 0
0.0487956 0
-0.0130875 0
-0.178301 0
0.265336 0
-0.173347 0
-0.00163062 0
0.0328558 0
0.0976484 0
-0.114696 0
-0.0472925 0
-0.0347148 0
0.146304 0
-0.139987 0
0.0110752 0
-0.139565 0
0.142584 0
-0.0418188 0
-0.0434962 0
-0.0544532 0
0.104608 0
0.022301 0
0.00675372 0
0.0254797 0
0.100107 0
-0.0454116 0
-0.102118 0
0.0264657 0
-0.0564494 0
0.0392364 0
-0.108561 0
0.124598 0
-0.186393 0
0.114648 0
0 0
0 0
0 0
0 0
0 0
0 0
0 0
0 0
0 0
0 0
0 0
0 0
0 0
0 0
0 0
0 0
0 0
0 0
0 0
0 0
0 0
0 0
0 0
0 0
0 0
0 0
0 0
0 0
0 0
0 0
0 0
0 0
0 0
0 0
0 0
0 0
0 0
0 0
0 0
0 0
0 0
0 0
0 0
0 0
0 0
0 0
0 0
0 0
0 0
0 0
0 0
0 0
0 0
0 0
0 0
0 0
0 0
0 0
0 0
0 0
0 0
0 0
0 0
0 0
0 0
0 0
0 0
0 0
0 0
0 0
0 0
0 0
0 0
0 0
0 0
0 0
0 0
0 0
0 0
0 0
0 0
0 0
0 0
0 0
0 0
0 0
0 0
0 0
0 0
0 0
0 0
0 0
0 0
0 0
0 0
0 0
0 0
0 0
0 0
0 0
0 0
0 0
0 0
0 0
0 0
0 0
0 0
0 0
0 0
0 0
0 0
0 0
0 0
0 0
0 0
0 0
0 0
0 0
0 0
0 0
0 0
0 0
0 0
0 0
0 0
0 0
0 0
0 0
0 0
0 0
0 0
0 0
0 0
0 0
0 0
0 0
0 0
0 0
0 0
0 0
0 0
0 0
0 0
0 0
0 0
0 0
0 0
0 0
0 0
0 0
0 0
0 0
0 0
0 0
0 0
0 0
0 0
0 0
0 0
0 0
0 0
0 0
0 0
0 0
0 0
0 0
0 0
0 0
0 0
0 0
0 0
0 0
0 0
0 0
0 0
0 0
0 0
0 0
0 0
0 0
0 0
0 0
0 0
0 0
0 0
0 0
0 0
0 0
0 0
0 0
0 0
0 0
0 0
0 0
0 0
0 0
0 0
0 0
0 0
0 0
0 0
0 0
0 0
0 0
0 0
0 0
0 0
0 0
0 0
0 0
0 0
0 0
0 0
0 0
0 0
0 0
0 0
0 0
0 0
0 0
0 0
0 0
0 0
0 0
0 0
0 0
0 0
0 0
0 0
0 0
0 0
0 0
0 0
0 0
0 0
0 0
0 0
0 0
0 0
0 0
0 0
0 0
0 0
0 0
0 0
0 0
0 0
0 0
0 0
0 0
0 0
0 0
0 0
0 0
0 0
0 0
0 0
0 0
0 0
0 0
0 0
0 0
0 0
0 0
0 0
0 0
0 0
0 0
0 0
0 0
0 0
0 0
0 0
0 0
0 0
0 0
0 0
0 0
0 0
0 0
0 0
0 0
0.0219232 0
-0.0947284 0
0.0201665 0
0.0712563 0
-0.107393 0
0.0665888 0
-0.00241276 0
0.0121224 0
-0.0658213 0
-0.00423436 0
0.0526743 0
-0.0757761 0
-0.0324951 0
0.0765971 0
0.0770834 0
-0.118172 0
-0.019987 0
0.0408881 0
0.0945837 0
-0.0845693 0
-0.11214 0
0.102938 0
0.126105 0
-0.111833 0
-0.0490339 0
0.125568 0
0.0664725 0
-0.111454 0
-0.0141201 0
0.0492025 0
0.0907046 0
0.00203659 0
-0.0890459 0
0.0803753 0
-0.00427278 0
0.0357131 0
0.0481221 0
0.0318832 0
-0.089689 0
-0.0219966 0
0.117923 0
-0.129364 0
0.0794992 0
-0.00731304 0
-0.029192 0
0.0471953 0
-0.00395661 0
-0.0947911 0
0.0950075 0
-0.104239 0
0.0813382 0
-0.0947461 0
0.0345398 0
-0.0756928 0
0.137966 0
-0.167867 0
-0.00700681 0
0.0861556 0
-0.0322653 0
-0.0404685 0
0.101404 0
-0.0409205 0
0.0598366 0
-0.027429 0
-0.0718253 0
0.0306185 0
0.127316 0
-0.0425489 0
0.0315372 0
0.00573363 0
0.0558495 0
-0.0753502 0
0.116559 0
0.0845062 0
-0.057161 0
-0.0713131 0
0.0625396 0
-0.0171953 0
-0.00845397 0
-0.0489855 0
0.0890022 0
0.00657183 0
-0.151486 0
0.060553 0
-0.00366441 0
-0.0873867 0
-0.00206922 0
0.0341931 0
-0.158766 0
0.0530322 0
0.060176 0
-0.0731103 0
0.00823552 0
-0.0176727 0
0.0716694 0
0.0540489 0
-0.147616 0
0.0774278 0
-0.0123199 0
0.117899 0
-0.0516232 0
0.116947 0
-0.132677 0
0.0305204 0
0.0404703 0
0.0254294 0
-0.128368 0
0.0930973 0
0.057996 0
-0.0199224 0
-0.179514 0
0.262658 0
-0.168585 0
0.00535281 0
0.0228311 0
0.0980194 0
-0.107896 0
-0.0491237 0
-0.0300445 0
0.147089 0
-0.13883 0
0.0109634 0
-0.1379 0
0.138883 0
-0.0457165 0
-0.0407485 0
-0.0594018 0
0.10629 0
0.0201429 0
0.00668554 0
0.0271554 0
0.0963589 0
-0.0394549 0
-0.0971697 0
0.0184326 0
-0.0558796 0
0.0466062 0
-0.111382 0
0.12939 0
-0.184512 0
0.10744 0
0 0
0 0
0 0
0 0
0 0
0 0
0 0
0 0
0 0
0 0
0 0
0 0
0 0
0 0
0 0
0 0
0 0
0 0
0 0
0 0
0 0
0 0
0 0
0 0
0 0
0 0
0 0
0 0
0 0
0 0
0 0
0 0
0 0
0 0
0 0
0 0
0 0
0 0
0 0
0 0
0 0
0 0
0 0
0 0
0 0
0 0
0 0
0 0
0 0
0 0
0 0
0 0
0 0
0 0
0 0
0 0
0 0
0 0
0 0
0 0
0 0
0 0
0 0
0 0
0 0
0 0
0 0
0 0
0 0
0 0
0 0
0 0
0 0
0 0
0 0
0 0
0 0
0 0
0 0
0 0
0 0
0 0
0 0
0 0
0 0
0 0
0 0
0 0
0 0
0 0
0 0
0 0
0 0
0 0
0 0
0 0
0 0
0 0
0 0
0 0
0 0
0 0
0 0
0 0
0 0
0 0
0 0
0 0
0 0
0 0
0 0
0 0
0 0
0 0
0 0
0 0
0 0
0 0
0 0
0 0
0 0
0 0
0 0
0 0
0 0
0 0
0 0
0 0
0 0
0 0
0 0
0 0
0 0
0 0
0 0
0 0
0 0
0 0
0 0
0 0
0 0
-0.136719 0
0.000875215 0
0.052881 0
-0.062424 0
-0.0874031 0
0.174611 0
-0.00632679 0
-0.0302579 0
-0.084731 0
0.114647 0
0.129895 0
-0.126095 0
0.0534534 0
0.024368 0
-0.0214997 0
0.00125865 0
-0.09596 0
0.0331163 0
0.115844 0
-0.0135842 0
-0.0180128 0
0.0887947 0
-0.0803954 0
-0.0382039 0
0.0848733 0
-0.0520902 0
0.0445588 0
0.0960203 0
-0.0609411 0
-0.0186453 0
-0.106865 0
0.0325322 0
0.059855 0
0.000846177 0
0.0052529 0
-0.0439052 0
0.0815996 0
-0.110205 0
-0.0304978 0
0.136707 0
-0.144973 0
0.0493734 0
0.0827144 0
-0.107043 0
-0.0145024 0
0.131985 0
-0.0103751 0
-0.248563 0
0.152432 0
0.0744084 0
-0.136367 0
-0.0152189 0
0.15498 0
-0.103311 0
-0.11501 0
0.206373 0
0.00861409 0
-0.110565 0
0.00463062 0
0.0993684 0
-0.0536563 0
0.069184 0
0.0182422 0
-0.144532 0
0.0352875 0
0.176987 0
-0.0138966 0
-0.111573 0
0.0826975 0
0.000920981 0
-0.0686607 0
0.0926347 0
0.0530698 0
-0.158495 0
-0.0560063 0
0.128671 0
0.00141485 0
-0.078519 0
0.0519332 0
-0.0849012 0
-0.0777485 0
0.149408 0
-0.0475775 0
-0.0744431 0
0.00450498 0
-0.0140367 0
-0.00542596 0
0.089662 0
-0.00225764 0
-0.139834 0
0.101711 0
0.0652893 0
-0.0519683 0
0.13479 0
-0.0881095 0
-0.0664471 0
0.0239898 0
0.138624 0
-0.127478 0
0.0189379 0
0.117207 0
-0.107402 0
-0.0690126 0
0.0800313 0
0.106122 0
-0.133545 0
0.0447498 0
0.0306707 0
-0.102969 0
0.077506 0
0.00606292 0
0.0421901 0
-0.0619772 0
-0.0798463 0
0.115952 0
2.79239e-05 0
-0.0827003 0
0.018852 0
-0.0548683 0
-0.00257669 0
-0.0193304 0
0.00176103 0
-0.0251201 0
0.0485118 0
0.0426989 0
-0.033288 0
0.054151 0
-0.0146374 0
0.0256273 0
0.00107388 0
-0.0180299 0
0.0471885 0
-0.0700302 0
-0.0609904 0
0.0929218 0
-0.00897582 0
-0.0824748 0
0.0274911 0
-0.0493039 0
-0.0296377 0
0.0873454 0
-0.136077 0
0.12427 0
0.0508383 0
-0.132965 0
0.0526401 0
0.0612126 0
-0.0606012 0
-0.123451 0
0.0269704 0
0.0777616 0
0.201903 0
-0.0911371 0
-0.0391388 0
0.00892722 0
-0.0385384 0
0.122523 0
-0.145637 0
0.135559 0
0.0171677 0
-0.195455 0
0.226833 0
-0.0595689 0
0.0224178 0
0.115822 0
-0.153002 0
-0.0541653 0
-0.0272881 0
-0.0976093 0
-0.0472276 0
0.146897 0
0.207564 0
-0.134761 0
0.0266627 0
0.0150873 0
-0.0505381 0
0.0423964 0
-0.140248 0
0.0833307 0
0.132997 0
-0.135023 0
0.051048 0
0.0654407 0
-0.0841494 0
-0.00956836 0
0.155216 0
-0.141401 0
-0.0606197 0
0.0221266 0
0.0211442 0
-0.0124092 0
0.0495312 0
-0.072273 0
0.0490768 0
-0.0170398 0
0.0189833 0
0.0184524 0
-0.0505535 0
-0.157108 0
0.161252 0
-0.0121503 0
-0.0886579 0
-0.0580247 0
0.0886601 0
0.0981426 0
-0.081034 0
0.00931541 0
0.0462099 0
-0.0537609 0
0.0394791 0
-9.49837e-05 0
0.0329234 0
-0.0448336 0
0.0452278 0
0.00641831 0
-0.0724287 0
0.103452 0
0.0885257 0
-0.0560319 0
-0.160968 0
0.13075 0
0.00299685 0
-0.0538007 0
-0.0185417 0
0.0328645 0
4.31917e-05 0
-0.0724024 0
5.1792e-05 0
0.0394085 0
-0.0232332 0
-0.0529678 0
-0.0111445 0
0.140587 0
-0.168086 0
-0.0202502 0
-0.103147 0
0.0888789 0
0.0358001 0
-0.026298 0
-0.0328186 0
0.0985945 0
-0.02917 0
-0.030535 0
0.0313829 0
0.106576 0
-0.123686 0
-0.0123994 0
0.0719682 0
0.00504982 0
-0.111379 0
0.110967 0
-0.0275625 0
-0.0405789 0
-0.0282988 0
0.108322 0
-0.118818 0
0.0222526 0
0.0744155 0
0.0325274 0
-0.0493869 0
-0.0123144 0
-0.0447949 0
0.111173 0
-0.0661628 0
-0.000533283 0
-0.0414324 0
0.014071 0
0.0471047 0
-0.0148201 0
-0.0378003 0
0.111139 0
-0.0204555 0
-0.0170943 0
0.0429375 0
0.0108963 0
-3.23724e-05 0
-0.0932347 0
0.0159784 0
0.000818681 0
0.0823825 0
-0.112261 0
0.0706364 0
0 0
0 0
0 0
0 0
0 0
0 0
0 0
0 0
0 0
0 0
0 0
0 0
0 0
0 0
0 0
0 0
0 0
0 0
0 0
0 0
0 0
0 0
0 0
0 0
0 0
0 0
0 0
0 0
0 0
0 0
0 0
0 0
0 0
0 0
0 0
0 0
0 0
0 0
0 0
0 0
0 0
0 0
0 0
0 0
0 0
0 0
0 0
0 0
0 0
0 0
0 0
0 0
0 0
0 0
0 0
0 0
0 0
0 0
0 0
0 0
0 0
0 0
0 0
0 0
0 0
0 0
0 0
0 0
0 0
0 0
0 0
0 0
0 0
0 0
0 0
0 0
0 0
0 0
0 0
0 0
0 0
0 0
0 0
0 0
0 0
0 0
0 0
0 0
0 0
0 0
0 0
0 0
0 0
0 0
0 0
0 0
0 0
0 0
0 0
0 0
0 0
0 0
0 0
0 0
0 0
0 0
0 0
0 0
0 0
0 0
0 0
0 0
0 0
0 0
0 0
0 0
0 0
0 0
0 0
0 0
0 0
0 0
0 0
0 0
0 0
0 0
0 0
0 0
0 0
0 0
0 0
0 0
0 0
0 0
0 0
0 0
0 0
0 0
0 0
0 0
0 0
0 0
0 0
0 0
0 0
0 0
0 0
0 0
0 0
0 0
0 0
0 0
0 0
0 0
0 0
0 0
0 0
0 0
0 0
0 0
0 0
0 0
0 0
0 0
0 0
0 0
0 0
0 0
0 0
0 0
0 0
0 0
0 0
0 0
0 0
0 0
0 0
0 0
0 0
0 0
0 0
0 0
0 0
0 0
0 0
0 0
0 0
0 0
0 0
0 0
0 0
0 0
0 0
0 0
0 0
0 0
0 0
0 0
0 0
0 0
0 0
0 0
0 0
0 0
0 0
0 0
0 0
0 0
0 0
0 0
0 0
0 0
0 0
0 0
0 0
0 0
0 0
0 0
0 0
0 0
0 0
0 0
0 0
0 0
0 0
0 0
0 0
0 0
0 0
0 0
0 0
0 0
0 0
0 0
0 0
0 0
0 0
0 0
0 0
0 0
0 0
0 0
0 0
0 0
0 0
0 0
0 0
0 0
0 0
0 0
0 0
0 0
0 0
0 0
0 0
0 0
0 0
0 0
0 0
0 0
0 0
0 0
0 0
0 0
0 0
0 0
0 0
0 0
0 0
0 0
0 0
0 0
0 0
0 0
0 0
0 0
0 0
0 0
0 0
0 0
0 0
0 0
-0.136109 0
0.122569 0
0.0522873 0
-0.131512 0
0.0502943 0
0.0629573 0
-0.0623284 0
-0.12129 0
0.0269944 0
0.076678 0
0.200661 0
-0.089877 0
-0.0376497 0
0.00781713 0
-0.0405029 0
0.123579 0
-0.144155 0
0.133379 0
0.0162106 0
-0.195231 0
0.226573 0
-0.0604653 0
0.0233295 0
0.114492 0
-0.154142 0
-0.0531385 0
-0.0252481 0
-0.098653 0
-0.0486177 0
0.148752 0
0.208337 0
-0.136626 0
0.0265771 0
0.0161698 0
-0.0486834 0
0.0408405 0
-0.141388 0
0.0842296 0
0.134403 0
-0.13468 0
0.0491746 0
0.0676512 0
-0.083248 0
-0.00909639 0
0.153961 0
-0.138435 0
-0.0623474 0
0.0227572 0
0.0215058 0
-0.0115682 0
0.0495556 0
-0.0721901 0
0.0489393 0
-0.0178471 0
0.0185758 0
0.0177752 0
-0.0486982 0
-0.159733 0
0.162144 0
-0.0125974 0
-0.0893612 0
-0.058314 0
0.0885824 0
0.0970822 0
-0.0824775 0
0.009822 0
0.0463322 0
-0.0552932 0
0.0406043 0
-9.48748e-05 0
0.0317151 0
-0.0431883 0
0.0450006 0
0.00589369 0
-0.0708092 0
0.104281 0
0.0884002 0
-0.0556119 0
-0.159512 0
0.128843 0
0.00551831 0
-0.0538877 0
-0.0176828 0
0.0316584 0
4.16066e-05 0
-0.0723194 0
5.32682e-05 0
0.0405317 0
-0.0240442 0
-0.0527583 0
-0.0136566 0
0.142182 0
-0.169164 0
-0.0216287 0
-0.0993621 0
0.0856172 0
0.0365477 0
-0.0255114 0
-0.0334324 0
0.0984815 0
-0.0284851 0
-0.0312565 0
0.0305582 0
0.109614 0
-0.127211 0
-0.0109834 0
0.0714488 0
0.00197252 0
-0.109923 0
0.111312 0
-0.0273995 0
-0.0405324 0
-0.0283978 0
0.107726 0
-0.12001 0
0.0252986 0
0.0747671 0
0.0357854 0
-0.0507505 0
-0.0144038 0
-0.0409283 0
0.111046 0
-0.0699021 0
0.00157081 0
-0.0399647 0
0.0107596 0
0.0477947 0
-0.014397 0
-0.0408538 0
0.111012 0
-0.0173352 0
-0.0174808 0
0.0421442 0
0.0126832 0
-0.002891 0
-0.0931278 0
0.0188187 0
-0.000981588 0
0.0843853 0
-0.112132 0
0.0684582 0
0 0
0 0
0 0
0 0
0 0
0 0
0 0
0 0
0 0
0 0
0 0
0 0
0 0
0 0
0 0
0 0
0 0
0 0
0 0
0 0
0 0
0 0
0 0
0 0
0 0
0 0
0 0
0 0
0 0
0 0
0 0
0 0
0 0
0 0
0 0
0 0
0 0
0 0
0 0
0 0
0 0
0 0
0 0
0 0
0 0
0 0
0 0
0 0
0 0
0 0
0 0
0 0
0 0
0 0
0 0
0 0
0 0
0 0
0 0
0 0
0 0
0 0
0 0
0 0
0 0
0 0
0 0
0 0
0 0
0 0
0 0
0 0
0 0
0 0
0 0
0 0
0 0
0 0
0 0
0 0
0 0
0 0
0 0
0 0
0 0
0 0
0 0
0 0
0 0
0 0
0 0
0 0
0 0
0 0
0 0
0 0
0 0
0 0
0 0
0 0
0 0
0 0
0 0
0 0
0 0
0 0
0 0
0 0
0 0
0 0
0 0
0 0
0 0
0 0
0 0
0 0
0 0
0 0
0 0
0 0
0 0
0 0
0 0
0 0
0 0
0 0
0 0
0 0
0 0
0 0
0 0
0 0
0 0
0 0
0 0
0 0
0 0
0 0
0 0
0 0
0 0
0.000465923 0
0.0924953 0
-0.0773466 0
-0.0792666 0
0.126477 0
-0.0931304 0
0.0922001 0
-0.117201 0
-0.00103901 0
0.0589153 0
0.0685918 0
-0.0685226 0
-0.0803387 0
0.0597018 0
0.105148 0
-0.0555793 0
-0.0809503 0
0.118328 0
0.0515609 0
-0.0138546 0
0.0160788 0
0.0475922 0
-0.0487549 0
0.0724741 0
0.0597816 0
-0.0556541 0
-0.109814 0
0.0551435 0
0.0742167 0
-0.0983064 0
-0.0395672 0
0.0988979 0
0.00484071 0
-0.0579996 0
-0.100078 0
0.0839555 0
0.0599003 0
-0.0474965 0
-0.0742593 0
-0.0196825 0
0.101088 0
-0.118107 0
-0.0491967 0
-0.0254368 0
0.0688725 0
-0.160641 0
0.0922282 0
-0.0336639 0
-0.0192218 0
-0.0452833 0
-0.000847056 0
-0.00512297 0
0.00783675 0
0.0431958 0
0.0220662 0
0.0365403 0
-0.100109 0
0.139482 0
-0.0464401 0
0.0238973 0
0.0369475 0
0.0149963 0
0.00499583 0
0.0578642 0
0.0767725 0
-0.0271202 0
-0.00614188 0
0.0817931 0
-0.0600644 0
-6.7328e-06 0
0.0651965 0
-0.0887818 0
0.0126233 0
0.0282354 0
-0.0876505 0
-0.0435745 0
0.00756375 0
-0.0230811 0
-0.0796702 0
0.1036 0
-0.13539 0
0.00417348 0
-0.0463011 0
0.06508 0
8.55304e-05 0
-0.00513215 0
-7.87976e-05 0
-0.059957 0
0.0433399 0
-0.0117416 0
0.134813 0
-0.0843668 0
0.0563457 0
0.0738463 0
-0.204258 0
0.176003 0
-0.0398192 0
-0.0424929 0
0.03266 0
0.00698874 0
-0.0370539 0
0.0384643 0
0.0445814 0
-0.162148 0
0.188179 0
-0.0761606 0
0.0285684 0
0.165317 0
-0.0792333 0
-0.0174974 0
-0.00901364 0
-0.00287639 0
0.00505399 0
0.0330414 0
0.0629161 0
-0.163382 0
-0.0181922 0
-0.174674 0
0.0727749 0
0.112097 0
-0.208074 0
0.00788036 0
0.200208 0
-0.113008 0
-0.0792125 0
0.177977 0
-0.0366208 0
-0.0228583 0
0.163641 0
0.00787796 0
-0.16777 0
0.0205961 0
0.0430033 0
-0.0958628 0
0.153526 0
-0.00660882 0
-0.152396 0
0.0966932 0
-0.106795 0
-0.00795745 0
0.117641 0
-0.00299974 0
-0.0901974 0
0.0783066 0
0.0768046 0
-0.125519 0
0.0942863 0
-0.0933445 0
0.114923 0
0.00154137 0
-0.0574776 0
-0.0648443 0
0.0668375 0
0.0796238 0
-0.059546 0
-0.105884 0
0.0578703 0
0.0782526 0
-0.115824 0
-0.0512501 0
0.0102177 0
-0.011858 0
-0.0487097 0
0.0491808 0
-0.0703301 0
-0.0626408 0
0.0546552 0
0.109325 0
-0.0569706 0
-0.0751089 0
0.101059 0
0.0434389 0
-0.101424 0
-0.0043451 0
0.0582906 0
0.0991544 0
-0.0831806 0
-0.0625221 0
0.0490564 0
0.0767485 0
0.0171718 0
-0.100155 0
0.119346 0
0.0476384 0
0.0252631 0
-0.0659943 0
0.158036 0
-0.0933729 0
0.0340817 0
0.0196188 0
0.0450601 0
0.00176947 0
0.00377815 0
-0.00692431 0
-0.0435206 0
-0.0217165 0
-0.0362031 0
0.0991846 0
-0.142431 0
0.0494506 0
-0.0241277 0
-0.0386047 0
-0.0160793 0
-0.00334586 0
-0.0560469 0
-0.0782946 0
0.0272983 0
0.00700337 0
-0.0828083 0
0.0608099 0
4.96538e-06 0
-0.0645948 0
0.0879624 0
-0.0117834 0
-0.0281208 0
0.086317 0
0.0455083 0
-0.00591672 0
0.0220418 0
0.0766868 0
-0.101184 0
0.135469 0
-0.00517596 0
0.0459639 0
-0.0644793 0
-8.4741e-05 0
0.00378492 0
7.97756e-05 0
0.0607012 0
-0.04378 0
0.0107574 0
-0.135044 0
0.0869991 0
-0.0594852 0
-0.0742362 0
0.202373 0
-0.174378 0
0.0404927 0
0.0420106 0
-0.0332767 0
-0.00515414 0
0.0365172 0
-0.0390396 0
-0.0440048 0
0.16416 0
-0.190515 0
0.075943 0
-0.0272333 0
-0.165252 0
0.0771732 0
0.0195666 0
0.00850199 0
0.00212131 0
-0.00558178 0
-0.0310302 0
-0.0651394 0
0.163824 0
0.0195809 0
0.175309 0
-0.0737071 0
-0.112346 0
0.207276 0
-0.0058117 0
-0.201475 0
0.113017 0
0.0784548 0
-0.177745 0
0.0375042 0
0.0225864 0
-0.164373 0
-0.00580993 0
0.167419 0
-0.020918 0
-0.0422112 0
0.0960823 0
-0.153553 0
0.00487395 0
0.15272 0
-0.0966947 0
0.108347 0
0.00586855 0
-0.116346 0
0 0
0 0
0 0
0 0
0 0
0 0
0 0
0 0
0 0
0 0
0 0
0 0
0 0
0 0
0 0
0 0
0 0
0 0
0 0
0 0
0 0
0 0
0 0
0 0
0 0
0 0
0 0
0 0
0 0
0 0
0 0
0 0
0 0
0 0
0 0
0 0
0 0
0 0
0 0
0 0
0 0
0 0
0 0
0 0
0 0
0 0
0 0
0 0
0 0
0 0
0 0
0 0
0 0
0 0
0 0
0 0
0 0
0 0
0 0
0 0
0 0
0 0
0 0
0 0
0 0
0 0
0 0
0 0
0 0
0 0
0 0
0 0
0 0
0 0
0 0
0 0
0 0
0 0
0 0
0 0
0 0
0 0
0 0
0 0
0 0
0 0
0 0
0 0
0 0
0 0
0 0
0 0
0 0
0 0
0 0
0 0
0 0
0 0
0 0
0 0
0 0
0 0
0 0
0 0
0 0
0 0
0 0
0 0
0 0
0 0
0 0
0 0
0 0
0 0
0 0
0 0
0 0
0 0
0 0
0 0
0 0
0 0
0 0
0 0
0 0
0 0
0 0
0 0
0 0
0 0
0 0
0 0
0 0
0 0
0 0
0 0
0 0
0 0
0 0
0 0
0 0
-0.100821 0
-0.0101566 0
0.157678 0
-0.0101566 0
-0.100821 0
0.147751 0
-0.194877 0
0.0541391 0
0.0688355 0
-0.0429964 0
0.0521557 0
0.00243545 0
0.0745788 0
-0.105085 0
-0.130058 0
0.158976 0
-0.075765 0
0.000869189 0
-0.011138 0
-0.0956393 0
0.152799 0
-0.0564458 0
-0.011138 0
0.158976 0
-0.075765 0
-0.0564458 0
-0.130058 0
0.00243545 0
0.0745788 0
0.000869189 0
0.0521557 0
0.0541391 0
0.0688355 0
-0.105085 0
-0.194877 0
0.157678 0
-0.0101566 0
-0.0429964 0
-0.0101566 0
-0.100821 0
0.147751 0
-0.100821 0
-0.0429964 0
0.0688355 0
0.0541391 0
0.0521557 0
-0.127754 0
0.0700391 0
0.0160842 0
0.0380684 0
-0.0481364 0
0.0387633 0
-0.0481364 0
0.0380684 0
0.0160842 0
0.0700391 0
-0.127754 0
0.0521557 0
0.0541391 0
0.0688355 0
-0.0429964 0
-0.105085 0
0.0745788 0
0.00243545 0
-0.130058 0
0.0160842 0
0.0380684 0
-0.0199013 0
-0.0489767 0
0.0433709 0
-0.0489767 0
-0.0199013 0
0.0380684 0
0.0160842 0
-0.130058 0
0.00243545 0
0.0745788 0
-0.105085 0
0.000869189 0
-0.075765 0
0.158976 0
-0.011138 0
-0.0481364 0
0.0387633 0
0.0433709 0
-0.0489767 0
0.0433709 0
0.0387633 0
-0.0481364 0
-0.011138 0
0.158976 0
-0.075765 0
0.000869189 0
-0.0564458 0
0.152799 0
-0.0956393 0
-0.011138 0
-0.0481364 0
0.0380684 0
-0.0199013 0
0.0380684 0
-0.0481364 0
-0.011138 0
-0.0956393 0
0.152799 0
-0.0564458 0
-0.0564458 0
-0.075765 0
0.158976 0
-0.130058 0
0.0160842 0
0.0700391 0
0.0160842 0
-0.130058 0
0.158976 0
-0.075765 0
-0.0564458 0
0.000869189 0
0.0745788 0
0.00243545 0
0.0521557 0
-0.127754 0
0.0521557 0
0.00243545 0
0.0745788 0
0.000869189 0
-0.105085 0
0.0688355 0
0.0541391 0
-0.194877 0
0.0541391 0
0.0688355 0
-0.105085 0
-0.0429964 0
-0.0101566 0
0.157678 0
-0.0101566 0
-0.0429964 0
-0.100821 0
0.147751 0
-0.100821 0
0 0
0 0
0 0
0 0
0 0
0 0
0 0
0 0
0 0
0 0
0 0
0 0
0 0
0 0
0 0
0 0
0 0
0 0
0 0
0 0
0 0
0 0
0 0
0 0
0 0
0 0
0 0
0 0
0 0
0 0
0 0
0 0
0 0
0 0
0 0
0 0
0 0
0 0
0 0
0 0
0 0
0 0
0 0
0 0
0 0
0 0
0 0
0 0
0 0
0 0
0 0
0 0
0 0
0 0
0 0
0 0
0 0
0 0
0 0
0 0
0 0
0 0
0 0
0 0
0 0
0 0
0 0
0 0
0 0
0 0
0 0
0 0
0 0
0 0
0 0
0 0
0 0
0 0
0 0
0 0
0 0
0 0
0 0
0 0
0 0
0 0
0 0
0 0
0 0
0 0
0 0
0 0
0 0
0 0
0 0
0 0
0 0
0 0
0 0
0 0
0 0
0 0
0 0
0 0
0 0
0 0
0 0
0 0
0 0
0 0
0 0
0 0
0 0
0 0
0 0
0 0
0 0
0 0
0 0
0 0
0 0
0 0
0 0
0 0
0 0
0 0
0 0
0 0
0 0
0 0
0 0
0 0
0 0
0 0
0 0
0 0
0 0
0 0
0 0
0 0
0 0
0 0
0 0
0 0
0 0
0 0
0 0
0 0
0 0
0 0
0 0
0 0
0 0
0 0
0 0
0 0
0 0
0 0
0 0
0 0
0 0
0 0
0 0
0 0
0 0
0 0
0 0
0 0
0 0
0 0
0 0
0 0
0 0
0 0
0 0
0 0
0 0
0 0
0 0
0 0
0 0
0 0
0 0
0 0
0 0
0 0
0 0
0 0
0 0
0 0
0 0
0 0
0 0
0 0
0 0
0 0
0 0
0 0
0 0
0 0
0 0
0 0
0 0
0 0
0 0
0 0
0 0
0 0
0 0
0 0
0 0
0 0
0 0
0 0
0 0
0 0
0 0
0 0
0 0
0 0
0 0
0 0
0 0
0 0
0 0
0 0
0 0
0 0
0 0
0 0
0 0
0 0
0 0
0 0
0 0
0 0
0 0
0 0
0 0
0 0
0 0
0 0
0 0
0 0
0 0
0 0
0 0
0 0
0 0
0 0
0 0
0 0
0 0
0 0
0 0
0 0
0 0
0 0
0 0
0 0
0 0
0 0
0 0
0 0
0 0
0 0
0 0
0 0
0 0
0 0
0 0
0 0
0 0
0 0
0 0
0 0
0 0
0 0
0 0
0 0
0 0
0 0
0.100821 0
0.0101566 0
-0.157678 0
0.0101566 0
0.100821 0
-0.147751 0
0.194877 0
-0.0541391 0
-0.0688355 0
0.0429964 0
-0.0521557 0
-0.00243545 0
-0.0745788 0
0.105085 0
0.130058 0
-0.158976 0
0.075765 0
-0.000869189 0
0.011138 0
0.0956393 0
-0.152799 0
0.0564458 0
0.011138 0
-0.158976 0
0.075765 0
0.0564458 0
0.130058 0
-0.00243545 0
-0.0745788 0
-0.000869189 0
-0.0521557 0
-0.0541391 0
-0.0688355 0
0.105085 0
0.194877 0
-0.157678 0
0.0101566 0
0.0429964 0
0.0101566 0
0.100821 0
-0.147751 0
0.100821 0
0.0429964 0
-0.0688355 0
-0.0541391 0
-0.0521557 0
0.127754 0
-0.0700391 0
-0.0160842 0
-0.0380684 0
0.0481364 0
-0.0387633 0
0.0481364 0
-0.0380684 0
-0.0160842 0
-0.0700391 0
0.127754 0
-0.0521557 0
-0.0541391 0
-0.0688355 0
0.0429964 0
0.105085 0
-0.0745788 0
-0.00243545 0
0.130058 0
-0.0160842 0
-0.0380684 0
0.0199013 0
0.0489767 0
-0.0433709 0
0.0489767 0
0.0199013 0
-0.0380684 0
-0.0160842 0
0.130058 0
-0.00243545 0
-0.0745788 0
0.105085 0
-0.000869189 0
0.075765 0
-0.158976 0
0.011138 0
0.0481364 0
-0.0387633 0
-0.0433709 0
0.0489767 0
-0.0433709 0
-0.0387633 0
0.0481364 0
0.011138 0
-0.158976 0
0.075765 0
-0.000869189 0
0.0564458 0
-0.152799 0
0.0956393 0
0.011138 0
0.0481364 0
-0.0380684 0
0.0199013 0
-0.0380684 0
0.0481364 0
0.011138 0
0.0956393 0
-0.152799 0
0.0564458 0
0.0564458 0
0.075765 0
-0.158976 0
0.130058 0
-0.0160842 0
-0.0700391 0
-0.0160842 0
0.130058 0
-0.158976 0
0.075765 0
0.0564458 0
-0.000869189 0
-0.0745788 0
-0.00243545 0
-0.0521557 0
0.127754 0
-0.0521557 0
-0.00243545 0
-0.0745788 0
-0.000869189 0
0.105085 0
-0.0688355 0
-0.0541391 0
0.194877 0
-0.0541391 0
-0.0688355 0
0.105085 0
0.0429964 0
0.0101566 0
-0.157678 0
0.0101566 0
0.0429964 0
0.100821 0
-0.147751 0
0.100821 0
0 0
0 0
0 0
0 0
0 0
0 0
0 0
0 0
0 0
0 0
0 0
0 0
0 0
0 0
0 0
0 0
0 0
0 0
0 0
0 0
0 0
0 0
0 0
0 0
0 0
0 0
0 0
0 0
0 0
0 0
0 0
0 0
0 0
0 0
0 0
0 0
0 0
0 0
0 0
0 0
0 0
0 0
0 0
0 0
0 0
0 0
0 0
0 0
0 0
0 0
0 0
0 0
0 0
0 0
0 0
0 0
0 0
0 0
0 0
0 0
0 0
0 0
0 0
0 0
0 0
0 0
0 0
0 0
0 0
0 0
0 0
0 0
0 0
0 0
0 0
0 0
0 0
0 0
0 0
0 0
0 0
0 0
0 0
0 0
0 0
0 0
0 0
0 0
0 0
0 0
0 0
0 0
0 0
0 0
0 0
0 0
0 0
0 0
0 0
0 0
0 0
0 0
0 0
0 0
0 0
0 0
0 0
0 0
0 0
0 0
0 0
0 0
0 0
0 0
0 0
0 0
0 0
0 0
0 0
0 0
0 0
0 0
0 0
0 0
0 0
0 0
0 0
0 0
0 0
0 0
0 0
0 0
0 0
0 0
0 0
0 0
0 0
0 0
0 0
0 0
0 0
0.0936097 0
-0.130146 0
-0.00531391 0
0.130155 0
-0.0933998 0
-0.000150859 0
0.00738706 0
0.00825335 0
-0.0153904 0
-0.0824511 0
-0.00348459 0
0.00119664 0
-0.117704 0
0.0956199 0
0.119523 0
-0.0247103 0
0.0244216 0
0.0670175 0
-0.10955 0
0.136185 0
0.0817814 0
-0.0763 0
-0.16179 0
-0.00984386 0
0.160019 0
-0.173718 0
0.0154723 0
0.0339303 0
-0.105497 0
-0.0391708 0
0.0427964 0
-0.0289419 0
-0.106189 0
0.152083 0
0.103677 0
-0.0745808 0
0.0718572 0
0.0246654 0
-0.0717247 0
0.0530507 0
-0.00211731 0
-0.0501036 0
0.0928558 0
0.000898532 0
-0.0132216 0
0.0101177 0
-0.00459974 0
-0.000230678 0
-0.142852 0
0.0795454 0
0.0410092 0
-0.0270765 0
0.0988554 0
0.0512679 0
-0.0456225 0
-0.00323757 0
-0.0645573 0
0.0502994 0
-0.0407874 0
-0.0972043 0
0.121365 0
-0.0808849 0
0.111686 0
0.00373835 0
-0.127007 0
0.147773 0
-0.0784492 0
-0.00887733 0
0.0112602 0
-0.102176 0
0.158037 0
-0.124593 0
-0.0358818 0
0.114686 0
-0.120514 0
0.0353323 0
0.021035 0
0.0547228 0
-0.078311 0
-0.0026841 0
0.0252719 0
0.0945152 0
-0.0297013 0
0.0252756 0
0.0953806 0
-0.169297 0
0.00679591 0
0.0018009 0
0.0598515 0
-0.0492271 0
0.0177263 0
0.145068 0
-0.119334 0
0.0567751 0
-0.076342 0
-0.127128 0
0.158777 0
-0.100861 0
-0.0436636 0
0.133471 0
0.0271813 0
-0.0691541 0
0.0672743 0
-0.00905789 0
-0.0054394 0
-0.100314 0
0.176614 0
-0.169489 0
0.00698399 0
0.000990751 0
0.028166 0
0.00346825 0
-0.102151 0
0.111535 0
-0.0154281 0
-0.157335 0
0.116943 0
0.0523165 0
0.0966692 0
-0.036529 0
-0.0468148 0
0.0691571 0
-0.0529141 0
-0.0376687 0
-0.00618953 0
0.117482 0
-0.150343 0
0.112595 0
0.0325341 0
-0.111065 0
0.0421634 0
0.105291 0
-0.0711978 0
-0.0389135 0
-0.0584305 0
0.0798947 0
0.0582886 0
-0.117521 0
0.040349 0
0.00226816 0
-0.0435061 0
0 0
0 0
0 0
0 0
0 0
0 0
0 0
0 0
0 0
0 0
0 0
0 0
0 0
0 0
0 0
0 0
0 0
0 0
0 0
0 0
0 0
0 0
0 0
0 0
0 0
0 0
0 0
0 0
0 0
0 0
0 0
0 0
0 0
0 0
0 0
0 0
0 0
0 0
0 0
0 0
0 0
0 0
0 0
0 0
0 0
0 0
0 0
0 0
0 0
0 0
0 0
0 0
0 0
0 0
0 0
0 0
0 0
0 0
0 0
0 0
0 0
0 0
0 0
0 0
0 0
0 0
0 0
0 0
0 0
0 0
0 0
0 0
0 0
0 0
0 0
0 0
0 0
0 0
0 0
0 0
0 0
0 0
0 0
0 0
0 0
0 0
0 0
0 0
0 0
0 0
0 0
0 0
0 0
0 0
0 0
0 0
0 0
0 0
0 0
0 0
0 0
0 0
0 0
0 0
0 0
0 0
0 0
0 0
0 0
0 0
0 0
0 0
0 0
0 0
0 0
0 0
0 0
0 0
0 0
0 0
0 0
0 0
0 0
0 0
0 0
0 0
0 0
0 0
0 0
0 0
0 0
0 0
0 0
0 0
0 0
0 0
0 0
0 0
0 0
0 0
0 0
-0.00380908 0
0.00783386 0
-0.0891864 0
-0.00767541 0
0.00733333 0
-0.00253195 0
0.123981 0
-0.0423322 0
-0.121128 0
0.0925366 0
0.0560689 0
0.0414892 0
-0.0436675 0
0.118395 0
-0.0701508 0
0.00620209 0
0.181609 0
-0.0991024 0
-0.120091 0
0.0681676 0
0.0409356 0
-0.159884 0
-0.0157275 0
-0.0234982 0
-0.0892877 0
0.0347379 0
0.137723 0
-0.0239064 0
-0.0680556 0
0.113041 0
-0.0363914 0
0.0319766 0
0.0602709 0
0.00559283 0
-0.0683881 0
0.0491952 0
0.108793 0
-0.121461 0
-0.10888 0
0.0772199 0
0.00139662 0
-0.0791639 0
0.0820915 0
-0.122098 0
-0.0410527 0
0.0552585 0
-0.0772 0
-0.0038716 0
0.0499525 0
0.00449278 0
0.0927872 0
-0.0135531 0
-0.0227781 0
0.0609858 0
-0.144293 0
0.00213558 0
0.0425835 0
-0.0250167 0
0.0140185 0
0.0738923 0
0.0251365 0
0.128911 0
-0.057335 0
0.0413377 0
-0.055462 0
0.0326365 0
0.0139064 0
-0.148993 0
0.188987 0
-0.0511444 0
-0.104245 0
0.0821847 0
-0.0711348 0
0.0987374 0
-0.0684347 0
-0.0217809 0
0.123769 0
-0.142007 0
-0.0904434 0
0.183224 0
0.00322404 0
-0.13225 0
0.0970003 0
-0.0166724 0
-0.0629152 0
-0.0847417 0
0.11406 0
0.0302255 0
-0.0819086 0
0.154919 0
0.0182987 0
-0.111954 0
-0.00848765 0
-0.167813 0
0.0503569 0
0.0838563 0
-0.0348275 0
-0.0108786 0
0.066642 0
0.0668087 0
-0.0748922 0
-0.0742222 0
0.147978 0
-0.152024 0
-0.0912925 0
0.14602 0
0.0138644 0
-0.069655 0
-0.0245008 0
0.138585 0
-0.14869 0
0.00173603 0
0.111657 0
-0.0822607 0
0.0202741 0
-0.0939367 0
0.133075 0
0.10759 0
-0.0801011 0
-0.0197083 0
-0.0310522 0
0.0346165 0
-0.018867 0
-0.0174314 0
0.125391 0
-0.0225976 0
0.023612 0
0.0472353 0
0.0283137 0
-0.0555933 0
0.0090761 0
0.0618272 0
-0.134504 0
-0.117673 0
0.116555 0
0.0399912 0
-0.116626 0
0.0393698 0
-0.0845532 0
0.00113533 0
0.082973 0
0.0935613 0
-0.13005 0
-0.00631028 0
0.130061 0
-0.093312 0
-0.000179145 0
0.00877216 0
0.00777975 0
-0.0167431 0
-0.0814118 0
-0.00285778 0
0.00166023 0
-0.118185 0
0.096937 0
0.118732 0
-0.0246394 0
0.0264497 0
0.0659058 0
-0.110885 0
0.136939 0
0.0822337 0
-0.078082 0
-0.161955 0
-0.0101059 0
0.159011 0
-0.173319 0
0.0170104 0
0.0336611 0
-0.106251 0
-0.0379051 0
0.042387 0
-0.0285827 0
-0.105509 0
0.152136 0
0.102907 0
-0.0740263 0
0.0730685 0
0.0233065 0
-0.072937 0
0.0539104 0
-0.00210157 0
-0.0509852 0
0.0937674 0
-0.000466032 0
-0.0136795 0
0.0107346 0
-0.0054622 0
-0.000273931 0
-0.142285 0
0.0795907 0
0.0420436 0
-0.0272263 0
0.0985947 0
0.0519462 0
-0.0472322 0
-0.0032135 0
-0.0640774 0
0.0500167 0
-0.0406282 0
-0.0963725 0
0.121638 0
-0.0794392 0
0.111039 0
0.00420009 0
-0.127619 0
0.148129 0
-0.0782889 0
-0.0105418 0
0.0133715 0
-0.102742 0
0.156862 0
-0.123667 0
-0.0366746 0
0.115783 0
-0.121271 0
0.0350867 0
0.0224168 0
0.0531324 0
-0.0793169 0
-0.000636302 0
0.0253064 0
0.0930313 0
-0.0286154 0
0.0250877 0
0.0946715 0
-0.170234 0
0.00807016 0
0.00213857 0
0.0589324 0
-0.0474928 0
0.0179297 0
0.143807 0
-0.119421 0
0.0548962 0
-0.0757744 0
-0.126183 0
0.158378 0
-0.100976 0
-0.0429161 0
0.134209 0
0.0263426 0
-0.0699793 0
0.0689239 0
-0.0107563 0
-0.0064593 0
-0.0986757 0
0.176758 0
-0.170257 0
0.00670974 0
0.00253945 0
0.0265025 0
0.00348743 0
-0.100896 0
0.110609 0
-0.0152005 0
-0.158375 0
0.118423 0
0.0535156 0
0.095768 0
-0.036747 0
-0.0471589 0
0.0695396 0
-0.0531216 0
-0.0378611 0
-0.00478784 0
0.117222 0
-0.150069 0
0.113116 0
0.0328485 0
-0.111679 0
0.0422622 0
0.105975 0
-0.0726965 0
-0.0402261 0
-0.0571243 0
0.0803366 0
0.0569816 0
-0.117074 0
0.0394016 0
0.00228071 0
-0.0425761 0
0 0
0 0
0 0
0 0
0 0
0 0
0 0
0 0
0 0
0 0
0 0
0 0
0 0
0 0
0 0
0 0
0 0
0 0
0 0
0 0
0 0
0 0
0 0
0 0
0 0
0 0
0 0
0 0
0 0
0 0
0 0
0 0
0 0
0 0
0 0
0 0
0 0
0 0
0 0
0 0
0 0
0 0
0 0
0 0
0 0
0 0
0 0
0 0
0 0
0 0
0 0
0 0
0 0
0 0
0 0
0 0
0 0
0 0
0 0
0 0
0 0
0 0
0 0
0 0
0 0
0 0
0 0
0 0
0 0
0 0
0 0
0 0
0 0
0 0
0 0
0 0
0 0
0 0
0 0
0 0
0 0
0 0
0 0
0 0
0 0
0 0
0 0
0 0
0 0
0 0
0 0
0 0
0 0
0 0
0 0
0 0
0 0
0 0
0 0
0 0
0 0
0 0
0 0
0 0
0 0
0 0
0 0
0 0
0 0
0 0
0 0
0 0
0 0
0 0
0 0
0 0
0 0
0 0
0 0
0 0
0 0
0 0
0 0
0 0
0 0
0 0
0 0
0 0
0 0
0 0
0 0
0 0
0 0
0 0
0 0
0 0
0 0
0 0
0 0
0 0
0 0
-0.00485497 0
0.00928781 0
-0.0891215 0
-0.00912948 0
0.00837667 0
-0.00253011 0
0.123891 0
-0.0424218 0
-0.120948 0
0.0934523 0
0.0561044 0
0.0414732 0
-0.0423494 0
0.117319 0
-0.0714821 0
0.00647785 0
0.181325 0
-0.0998452 0
-0.11886 0
0.0666414 0
0.0400191 0
-0.159022 0
-0.0139184 0
-0.0233867 0
-0.0910705 0
0.0366771 0
0.137541 0
-0.0242841 0
-0.0668724 0
0.113472 0
-0.0368674 0
0.032298 0
0.0614538 0
0.00389288 0
-0.0695424 0
0.0500256 0
0.107983 0
-0.121729 0
-0.108072 0
0.0766222 0
0.0014202 0
-0.078599 0
0.0810486 0
-0.1221 0
-0.0409023 0
0.0551419 0
-0.0771438 0
-0.00386878 0
0.0515458 0
0.00360354 0
0.0923231 0
-0.0132497 0
-0.0238814 0
0.060409 0
-0.143775 0
0.00217162 0
0.0433023 0
-0.0255773 0
0.0144734 0
0.0749739 0
0.0237786 0
0.129807 0
-0.0585796 0
0.0412934 0
-0.0540391 0
0.030983 0
0.0147823 0
-0.148885 0
0.188849 0
-0.0499993 0
-0.106005 0
0.0835719 0
-0.0707293 0
0.0974496 0
-0.0670836 0
-0.0221744 0
0.123526 0
-0.142609 0
-0.0895626 0
0.183243 0
0.00294141 0
-0.133298 0
0.0973262 0
-0.0169538 0
-0.0639772 0
-0.0828444 0
0.113977 0
0.0302035 0
-0.0825724 0
0.155459 0
0.0180995 0
-0.113569 0
-0.0071535 0
-0.168437 0
0.0512069 0
0.0852718 0
-0.0365998 0
-0.00975075 0
0.0671258 0
0.0653129 0
-0.0751913 0
-0.0734448 0
0.147217 0
-0.151913 0
-0.091226 0
0.147132 0
0.0118898 0
-0.0677565 0
-0.0245773 0
0.138566 0
-0.148995 0
0.00169716 0
0.112792 0
-0.083502 0
0.0204453 0
-0.0921726 0
0.13176 0
0.106999 0
-0.0811764 0
-0.0192988 0
-0.0305271 0
0.0338415 0
-0.0182745 0
-0.0170093 0
0.125452 0
-0.0239091 0
0.0252906 0
0.045974 0
0.0279483 0
-0.0543486 0
0.00860434 0
0.0606466 0
-0.1337 0
-0.117231 0
0.117201 0
0.0390959 0
-0.117271 0
0.0406807 0
-0.0849989 0
0.00110991 0
0.083454 0
0 0
0 0
0 0
0 0
0 0
0 0
0 0
0 0
0 0
0 0
0 0
0 0
0 0
0 0
0 0
0 0
0 0
0 0
0 0
0 0
0 0
0 0
0 0
0 0
0 0
0 0
0 0
0 0
0 0
0 0
0 0
0 0
0 0
0 0
0 0
0 0
0 0
0 0
0 0
0 0
0 0
0 0
0 0
0 0
0 0
0 0
0 0
0 0
0 0
0 0
0 0
0 0
0 0
0 0
0 0
0 0
0 0
0 0
0 0
0 0
0 0
0 0
0 0
0 0
0 0
0 0
0 0
0 0
0 0
0 0
0 0
0 0
0 0
0 0
0 0
0 0
0 0
0 0
0 0
0 0
0 0
0 0
0 0
0 0
0 0
0 0
0 0
0 0
0 0
0 0
0 0
0 0
0 0
0 0
0 0
0 0
0 0
0 0
0 0
0 0
0 0
0 0
0 0
0 0
0 0
0 0
0 0
0 0
0 0
0 0
0 0
0 0
0 0
0 0
0 0
0 0
0 0
0 0
0 0
0 0
0 0
0 0
0 0
0 0
0 0
0 0
0 0
0 0
0 0
0 0
0 0
0 0
0 0
0 0
0 0
0 0
0 0
0 0
0 0
0 0
0 0
-0.00529739 0
-0.079199 0
-0.0174587 0
0.100648 0
-0.125298 0
0.0871383 0
0.00471645 0
-0.00888629 0
-0.0885292 0
-0.00808627 0
0.0971308 0
-0.023133 0
-0.135758 0
0.149653 0
0.0732969 0
-0.0961681 0
0.0204424 0
0.0769429 0
0.0503895 0
-0.014349 0
-0.00333893 0
-0.011412 0
-0.0255455 0
0.0664535 0
-0.0427693 0
0.0307651 0
-0.0312801 0
0.0396367 0
0.0924062 0
-0.0331196 0
-0.12053 0
0.000952719 0
0.124919 0
-0.145008 0
-0.0058171 0
0.021533 0
-0.0602291 0
-0.0431638 0
0.0337744 0
0.0491746 0
-0.107473 0
0.111897 0
0.141453 0
-0.132799 0
0.0192764 0
0.0991926 0
-0.113552 0
-0.0261407 0
0.0094498 0
-0.0613188 0
0.0349975 0
-0.0415221 0
-0.013819 0
0.0877784 0
-0.0592101 0
0.032241 0
0.140051 0
-0.121608 0
-0.0137675 0
0.148059 0
-0.121326 0
0.0382987 0
0.0754001 0
-0.0543858 0
-0.0930838 0
0.14328 0
-0.0955116 0
0.0474522 0
0.085713 0
0.0410513 0
-0.105715 0
-0.0585258 0
0.10565 0
-0.129161 0
0.0556846 0
0.0559721 0
-0.0179631 0
-0.0868046 0
-0.0969163 0
0.0698499 0
0.0506121 0
-0.0526193 0
-0.0475873 0
0.219451 0
-0.216963 0
0.0200023 0
0.175912 0
-0.177929 0
0.0293469 0
0.0282957 0
-0.0102664 0
-0.0685939 0
0.0577541 0
-0.0583811 0
0.0176468 0
0.0758367 0
-0.0786852 0
-0.0643443 0
-0.0443317 0
0.0110736 0
0.00773325 0
0.0614063 0
0.0781648 0
-0.0614877 0
-0.0143079 0
0.0553152 0
-0.0439031 0
0.0481516 0
0.106434 0
-0.128982 0
0.119711 0
-0.00610028 0
-0.0840699 0
0.124364 0
-0.117066 0
-0.0270806 0
0.027616 0
-0.134697 0
0.153721 0
-0.0328391 0
0.0244771 0
-0.0264989 0
0.0213376 0
0.0147491 0
-0.167806 0
0.130036 0
-0.0628481 0
-0.0595294 0
0.0226538 0
0.00110065 0
-0.0202291 0
0.00787951 0
0.106709 0
0.129412 0
-0.134423 0
-0.00407423 0
0.139428 0
-0.0982891 0
0.0761236 0
0.0203349 0
-0.1066 0
0 0
0 0
0 0
0 0
0 0
0 0
0 0
0 0
0 0
0 0
0 0
0 0
0 0
0 0
0 0
0 0
0 0
0 0
0 0
0 0
0 0
0 0
0 0
0 0
0 0
0 0
0 0
0 0
0 0
0 0
0 0
0 0
0 0
0 0
0 0
0 0
0 0
0 0
0 0
0 0
0 0
0 0
0 0
0 0
0 0
0 0
0 0
0 0
0 0
0 0
0 0
0 0
0 0
0 0
0 0
0 0
0 0
0 0
0 0
0 0
0 0
0 0
0 0
0 0
0 0
0 0
0 0
0 0
0 0
0 0
0 0
0 0
0 0
0 0
0 0
0 0
0 0
0 0
0 0
0 0
0 0
0 0
0 0
0 0
0 0
0 0
0 0
0 0
0 0
0 0
0 0
0 0
0 0
0 0
0 0
0 0
0 0
0 0
0 0
0 0
0 0
0 0
0 0
0 0
0 0
0 0
0 0
0 0
0 0
0 0
0 0
0 0
0 0
0 0
0 0
0 0
0 0
0 0
0 0
0 0
0 0
0 0
0 0
0 0
0 0
0 0
0 0
0 0
0 0
0 0
0 0
0 0
0 0
0 0
0 0
0 0
0 0
0 0
0 0
0 0
0 0
0 0
0 0
0 0
0 0
0 0
0 0
0 0
0 0
0 0
0 0
0 0
0 0
0 0
0 0
0 0
0 0
0 0
0 0
0 0
0 0
0 0
0 0
0 0
0 0
0 0
0 0
0 0
0 0
0 0
0 0
0 0
0 0
0 0
0 0
0 0
0 0
0 0
0 0
0 0
0 0
0 0
0 0
0 0
0 0
0 0
0 0
0 0
0 0
0 0
0 0
0 0
0 0
0 0
0 0
0 0
0 0
0 0
0 0
0 0
0 0
0 0
0 0
0 0
0 0
0 0
0 0
0 0
0 0
0 0
0 0
0 0
0 0
0 0
0 0
0 0
0 0
0 0
0 0
0 0
0 0
0 0
0 0
0 0
0 0
0 0
0 0
0 0
0 0
0 0
0 0
0 0
0 0
0 0
0 0
0 0
0 0
0 0
0 0
0 0
0 0
0 0
0 0
0 0
0 0
0 0
0 0
0 0
0 0
0 0
0 0
0 0
0 0
0 0
0 0
0 0
0 0
0 0
0 0
0 0
0 0
0 0
0 0
0 0
0 0
0 0
0 0
0 0
0 0
0 0
0 0
0 0
0 0
0 0
0 0
0 0
0 0
0 0
0 0
0 0
0 0
0 0
0.125278 0
-0.12143 0
0.013289 0
0.105104 0
-0.0258737 0
-0.0663266 0
-0.00359 0
-0.021691 0
0.112114 0
-0.144936 0
-0.0760158 0
0.0491852 0
-0.110015 0
-0.00140061 0
0.112316 0
-0.0751038 0
-0.0654804 0
0.117097 0
0.0657232 0
-0.0801997 0
-0.0186621 0
0.056143 0
0.0731355 0
-0.090978 0
-0.05931 0
0.0520259 0
0.122525 0
0.043058 0
-0.132287 0
0.127841 0
-0.054769 0
-0.0226515 0
0.0912789 0
0.0273624 0
-0.00256177 0
0.00948283 0
0.120808 0
-0.141512 0
-0.132458 0
0.119961 0
-0.0473297 0
-0.0490273 0
0.0434222 0
0.0563527 0
0.0137825 0
-0.0734187 0
0.086432 0
0.0198974 0
-0.142412 0
0.0812214 0
0.0568031 0
-0.232076 0
0.0615682 0
0.0666674 0
-0.13571 0
0.0141985 0
0.0616767 0
-0.0518654 0
0.017008 0
0.028937 0
0.0690732 0
-0.141661 0
0.155958 0
0.00981935 0
-0.0972554 0
0.0261595 0
0.0381523 0
-0.0361189 0
-0.0652417 0
0.229445 0
-0.0465556 0
-0.025774 0
0.018516 0
0.0527536 0
-0.111777 0
-0.000953146 0
0.165071 0
-0.129449 0
-0.101894 0
-0.00324694 0
0.109779 0
-0.0640259 0
-0.0472201 0
0.0966432 0
-0.0955476 0
0.111797 0
-0.133898 0
0.135433 0
-0.05473 0
-0.0719244 0
0.115722 0
0.0102671 0
-0.116992 0
-0.0030189 0
0.00777141 0
0.0333974 0
0.00620121 0
-0.00207308 0
-0.0997374 0
0.0618929 0
-0.10482 0
-0.0143481 0
-0.00910958 0
0.0468023 0
0.0108906 0
-0.0141173 0
-0.0420257 0
0.0552132 0
-0.0406182 0
-0.000539202 0
0.0896584 0
-0.0340959 0
0.10955 0
-0.0252693 0
-0.0188014 0
0.0625569 0
-0.049007 0
-0.000105035 0
-0.0550558 0
-0.048232 0
0.127881 0
-0.148109 0
0.128188 0
-0.0528773 0
-0.0236702 0
-0.0259467 0
0.13085 0
-0.141051 0
0.00468303 0
0.00615177 0
0.00886901 0
-0.147632 0
0.114299 0
0.0758631 0
0.0273542 0
-0.0227718 0
0.000622501 0
0.0980899 0
-0.0940875 0
0.113656 0
-0.0762511 0
-0.126149 0
0.115272 0
-0.0147843 0
-0.0971086 0
0.015559 0
0.07379 0
0.00399396 0
0.0210278 0
-0.119851 0
0.144764 0
0.0843422 0
-0.0512752 0
0.0991218 0
0.0138313 0
-0.106617 0
0.0673773 0
0.067403 0
-0.111112 0
-0.0617654 0
0.0792843 0
0.018449 0
-0.0572837 0
-0.0755083 0
0.0968088 0
0.0559629 0
-0.0496504 0
-0.125544 0
-0.0399151 0
0.140415 0
-0.131031 0
0.0449496 0
0.0228085 0
-0.0812208 0
-0.0394968 0
0.00208759 0
-0.00772755 0
-0.126224 0
0.138415 0
0.135718 0
-0.116291 0
0.038569 0
0.058487 0
-0.0318266 0
-0.067573 0
-0.0122293 0
0.0819074 0
-0.0961578 0
-0.0221363 0
0.143687 0
-0.0865922 0
-0.0540926 0
0.229427 0
-0.0629275 0
-0.0596084 0
0.131261 0
-0.0115703 0
-0.0502603 0
0.0419466 0
-0.0182097 0
-0.016743 0
-0.0793847 0
0.145329 0
-0.150234 0
-0.0143689 0
0.0898612 0
-0.0143528 0
-0.0462141 0
0.0401832 0
0.072583 0
-0.226826 0
0.0379381 0
0.0210032 0
-0.00980747 0
-0.0636596 0
0.116785 0
0.00560386 0
-0.167131 0
0.122687 0
0.0941978 0
0.00905785 0
-0.105955 0
0.0598772 0
0.0434314 0
-0.0787545 0
0.0778616 0
-0.110521 0
0.148965 0
-0.150673 0
0.057355 0
0.0745213 0
-0.116973 0
-0.0159979 0
0.12219 0
-0.00181817 0
-0.00633292 0
-0.0272156 0
-0.0127559 0
-0.00326237 0
0.0963997 0
-0.0611864 0
0.105823 0
0.0194962 0
0.0156311 0
-0.0520687 0
-0.0121161 0
0.0187587 0
0.038525 0
-0.0514051 0
0.0495954 0
-0.0101684 0
-0.0800271 0
0.0337067 0
-0.116908 0
0.0356824 0
0.00914604 0
-0.0650207 0
0.0514686 0
-0.0110787 0
0.0680089 0
0.0456713 0
-0.126289 0
0.146418 0
-0.126857 0
0.0542839 0
0.00981845 0
0.036833 0
-0.136519 0
0.136594 0
-0.00281817 0
-0.00608155 0
-0.0105792 0
0.148794 0
-0.105832 0
-0.0653789 0
-0.0386096 0
0.0225119 0
0.0109522 0
-0.106589 0
0.100732 0
-0.112359 0
0.0676623 0
0 0
0 0
0 0
0 0
0 0
0 0
0 0
0 0
0 0
0 0
0 0
0 0
0 0
0 0
0 0
0 0
0 0
0 0
0 0
0 0
0 0
0 0
0 0
0 0
0 0
0 0
0 0
0 0
0 0
0 0
0 0
0 0
0 0
0 0
0 0
0 0
0 0
0 0
0 0
0 0
0 0
0 0
0 0
0 0
0 0
0 0
0 0
0 0
0 0
0 0
0 0
0 0
0 0
0 0
0 0
0 0
0 0
0 0
0 0
0 0
0 0
0 0
0 0
0 0
0 0
0 0
0 0
0 0
0 0
0 0
0 0
0 0
0 0
0 0
0 0
0 0
0 0
0 0
0 0
0 0
0 0
0 0
0 0
0 0
0 0
0 0
0 0
0 0
0 0
0 0
0 0
0 0
0 0
0 0
0 0
0 0
0 0
0 0
0 0
0 0
0 0
0 0
0 0
0 0
0 0
0 0
0 0
0 0
0 0
0 0
0 0
0 0
0 0
0 0
0 0
0 0
0 0
0 0
0 0
0 0
0 0
0 0
0 0
0 0
0 0
0 0
0 0
0 0
0 0
0 0
0 0
0 0
0 0
0 0
0 0
0 0
0 0
0 0
0 0
0 0
0 0
0 0
0 0
0 0
0 0
0 0
0 0
0 0
0 0
0 0
0 0
0 0
0 0
0 0
0 0
0 0
0 0
0 0
0 0
0 0
0 0
0 0
0 0
0 0
0 0
0 0
0 0
0 0
0 0
0 0
0 0
0 0
0 0
0 0
0 0
0 0
0 0
0 0
0 0
0 0
0 0
0 0
0 0
0 0
0 0
0 0
0 0
0 0
0 0
0 0
0 0
0 0
0 0
0 0
0 0
0 0
0 0
0 0
0 0
0 0
0 0
0 0
0 0
0 0
0 0
0 0
0 0
0 0
0 0
0 0
0 0
0 0
0 0
0 0
0 0
0 0
0 0
0 0
0 0
0 0
0 0
0 0
0 0
0 0
0 0
0 0
0 0
0 0
0 0
0 0
0 0
0 0
0 0
0 0
0 0
0 0
0 0
0 0
0 0
0 0
0 0
0 0
0 0
0 0
0 0
0 0
0 0
0 0
0 0
0 0
0 0
0 0
0 0
0 0
0 0
0 0
0 0
0 0
0 0
0 0
0 0
0 0
0 0
0 0
0 0
0 0
0 0
0 0
0 0
0 0
0 0
0 0
0 0
0 0
0 0
0 0
0 0
0 0
0 0
0 0
0 0
0 0
-0.0157176 0
-0.069389 0
-0.0186222 0
0.0922677 0
-0.123581 0
0.0929453 0
0.00503077 0
-0.00711583 0
-0.0981429 0
0.00392015 0
0.103777 0
-0.0272965 0
-0.12709 0
0.150284 0
0.0642233 0
-0.0902631 0
0.0259496 0
0.0674849 0
0.0451058 0
-0.00773927 0
-0.00180089 0
-0.0161129 0
-0.031706 0
0.0742362 0
-0.0379919 0
0.0265512 0
-0.0415612 0
0.0361979 0
0.103708 0
-0.0438483 0
-0.116397 0
0.00283678 0
0.11777 0
-0.147779 0
-0.00562441 0
0.0208197 0
-0.0704672 0
-0.0315624 0
0.0448888 0
0.0393833 0
-0.103913 0
0.116353 0
0.138334 0
-0.137935 0
0.0181984 0
0.10563 0
-0.12112 0
-0.0278828 0
0.021307 0
-0.0682737 0
0.0304015 0
-0.0223954 0
-0.0189786 0
0.0825449 0
-0.0481457 0
0.031173 0
0.135412 0
-0.11772 0
-0.0152271 0
0.146165 0
-0.127479 0
0.0501928 0
0.0627102 0
-0.0553883 0
-0.0853289 0
0.141601 0
-0.0990081 0
0.0506145 0
0.091425 0
0.0221415 0
-0.102213 0
-0.0565871 0
0.104477 0
-0.133986 0
0.0651573 0
0.0562439 0
-0.0317309 0
-0.076355 0
-0.0887894 0
0.0703599 0
0.0416711 0
-0.0474842 0
-0.0438303 0
0.212182 0
-0.209776 0
0.0107884 0
0.187635 0
-0.189786 0
0.0339922 0
0.034365 0
-0.0199102 0
-0.0696825 0
0.0676668 0
-0.0583313 0
0.0170623 0
0.0733246 0
-0.0794709 0
-0.0643936 0
-0.0362029 0
0.00597266 0
0.0164632 0
0.062809 0
0.0791902 0
-0.0655853 0
-0.0152614 0
0.0566777 0
-0.0405648 0
0.0437328 0
0.110173 0
-0.129381 0
0.112679 0
-0.00329025 0
-0.0934553 0
0.12689 0
-0.115907 0
-0.032368 0
0.0317801 0
-0.135152 0
0.158821 0
-0.0289474 0
0.0139432 0
-0.0142925 0
0.0107674 0
0.0191903 0
-0.166418 0
0.132638 0
-0.0739291 0
-0.0480226 0
0.0223429 0
0.000593646 0
-0.0210351 0
0.0201647 0
0.0975859 0
0.123558 0
-0.137156 0
-0.00219748 0
0.139856 0
-0.106772 0
0.0841978 0
0.0109678 0
-0.100635 0
-0.11014 0
0.0273796 0
0.0152175 0
0.0273796 0
-0.11014 0
0.142672 0
-0.0782544 0
0.0528021 0
-0.108669 0
0.0526498 0
0.105399 0
-0.106752 0
0.0124364 0
0.0623282 0
0.0469854 0
-0.0532565 0
-0.0513787 0
0.0252224 0
0.0866192 0
-0.0381205 0
-0.114382 0
0.107361 0
0.0866192 0
-0.0532565 0
-0.0513787 0
0.107361 0
0.0469854 0
-0.106752 0
0.0124364 0
0.0252224 0
0.105399 0
0.0528021 0
-0.108669 0
0.0623282 0
-0.0782544 0
0.0152175 0
0.0273796 0
0.0526498 0
0.0273796 0
-0.11014 0
0.142672 0
-0.11014 0
0.0526498 0
-0.108669 0
0.0528021 0
0.105399 0
-0.108782 0
-0.0428432 0
0.0874649 0
-0.139184 0
-0.0423596 0
0.117967 0
-0.0423596 0
-0.139184 0
0.0874649 0
-0.0428432 0
-0.108782 0
0.105399 0
0.0528021 0
-0.108669 0
0.0526498 0
0.0623282 0
0.0124364 0
-0.106752 0
0.0469854 0
0.0874649 0
-0.139184 0
0.16979 0
0.0162203 0
-0.0974167 0
0.0162203 0
0.16979 0
-0.139184 0
0.0874649 0
0.0469854 0
-0.106752 0
0.0124364 0
0.0623282 0
0.0252224 0
-0.0513787 0
-0.0532565 0
0.0866192 0
-0.0423596 0
0.117967 0
-0.0974167 0
0.0162203 0
-0.0974167 0
0.117967 0
-0.0423596 0
0.0866192 0
-0.0532565 0
-0.0513787 0
0.0252224 0
0.107361 0
-0.114382 0
-0.0381205 0
0.0866192 0
-0.0423596 0
-0.139184 0
0.16979 0
-0.139184 0
-0.0423596 0
0.0866192 0
-0.0381205 0
-0.114382 0
0.107361 0
0.107361 0
-0.0513787 0
-0.0532565 0
0.0469854 0
0.0874649 0
-0.0428432 0
0.0874649 0
0.0469854 0
-0.0532565 0
-0.0513787 0
0.107361 0
0.0252224 0
0.0124364 0
-0.106752 0
0.105399 0
-0.108782 0
0.105399 0
-0.106752 0
0.0124364 0
0.0252224 0
0.0623282 0
-0.108669 0
0.0528021 0
-0.0782544 0
0.0528021 0
-0.108669 0
0.0623282 0
0.0526498 0
0.0273796 0
0.0152175 0
0.0273796 0
0.0526498 0
-0.11014 0
0.142672 0
-0.11014 0
0 0
0 0
0 0
0 0
0 0
0 0
0 0
0 0
0 0
0 0
0 0
0 0
0 0
0 0
0 0
0 0
0 0
0 0
0 0
0 0
0 0
0 0
0 0
0 0
0 0
0 0
0 0
0 0
0 0
0 0
0 0
0 0
0 0
0 0
0 0
0 0
0 0
0 0
0 0
0 0
0 0
0 0
0 0
0 0
0 0
0 0
0 0
0 0
0 0
0 0
0 0
0 0
0 0
0 0
0 0
0 0
0 0
0 0
0 0
0 0
0 0
0 0
0 0
0 0
0 0
0 0
0 0
0 0
0 0
0 0
0 0
0 0
0 0
0 0
0 0
0 0
0 0
0 0
0 0
0 0
0 0
0 0
0 0
0 0
0 0
0 0
0 0
0 0
0 0
0 0
0 0
0 0
0 0
0 0
0 0
0 0
0 0
0 0
0 0
0 0
0 0
0 0
0 0
0 0
0 0
0 0
0 0
0 0
0 0
0 0
0 0
0 0
0 0
0 0
0 0
0 0
0 0
0 0
0 0
0 0
0 0
0 0
0 0
0 0
0 0
0 0
0 0
0 0
0 0
0 0
0 0
0 0
0 0
0 0
0 0
0 0
0 0
0 0
0 0
0 0
0 0
0 0
0 0
0 0
0 0
0 0
0 0
0 0
0 0
0 0
0 0
0 0
0 0
0 0
0 0
0 0
0 0
0 0
0 0
0 0
0 0
0 0
0 0
0 0
0 0
0 0
0 0
0 0
0 0
0 0
0 0
0 0
0 0
0 0
0 0
0 0
0 0
0 0
0 0
0 0
0 0
0 0
0 0
0 0
0 0
0 0
0 0
0 0
0 0
0 0
0 0
0 0
0 0
0 0
0 0
0 0
0 0
0 0
0 0
0 0
0 0
0 0
0 0
0 0
0 0
0 0
0 0
0 0
0 0
0 0
0 0
0 0
0 0
0 0
0 0
0 0
0 0
0 0
0 0
0 0
0 0
0 0
0 0
0 0
0 0
0 0
0 0
0 0
0 0
0 0
0 0
0 0
0 0
0 0
0 0
0 0
0 0
0 0
0 0
0 0
0 0
0 0
0 0
0 0
0 0
0 0
0 0
0 0
0 0
0 0
0 0
0 0
0 0
0 0
0 0
0 0
0 0
0 0
0 0
0 0
0 0
0 0
0 0
0 0
0 0
0 0
0 0
0 0
0 0
0 0
0 0
0 0
0 0
0 0
0 0
0 0
0 0
0 0
0 0
0 0
0 0
0 0
0.11014 0
-0.0273796 0
-0.0152175 0
-0.0273796 0
0.11014 0
-0.142672 0
0.0782544 0
-0.0528021 0
0.108669 0
-0.0526498 0
-0.105399 0
0.106752 0
-0.0124364 0
-0.0623282 0
-0.0469854 0
0.0532565 0
0.0513787 0
-0.0252224 0
-0.0866192 0
0.0381205 0
0.114382 0
-0.107361 0
-0.0866192 0
0.0532565 0
0.0513787 0
-0.107361 0
-0.0469854 0
0.106752 0
-0.0124364 0
-0.0252224 0
-0.105399 0
-0.0528021 0
0.108669 0
-0.0623282 0
0.0782544 0
-0.0152175 0
-0.0273796 0
-0.0526498 0
-0.0273796 0
0.11014 0
-0.142672 0
0.11014 0
-0.0526498 0
0.108669 0
-0.0528021 0
-0.105399 0
0.108782 0
0.0428432 0
-0.0874649 0
0.139184 0
0.0423596 0
-0.117967 0
0.0423596 0
0.139184 0
-0.0874649 0
0.0428432 0
0.108782 0
-0.105399 0
-0.0528021 0
0.108669 0
-0.0526498 0
-0.0623282 0
-0.0124364 0
0.106752 0
-0.0469854 0
-0.0874649 0
0.139184 0
-0.16979 0
-0.0162203 0
0.0974167 0
-0.0162203 0
-0.16979 0
0.139184 0
-0.0874649 0
-0.0469854 0
0.106752 0
-0.0124364 0
-0.0623282 0
-0.0252224 0
0.0513787 0
0.0532565 0
-0.0866192 0
0.0423596 0
-0.117967 0
0.0974167 0
-0.0162203 0
0.0974167 0
-0.117967 0
0.0423596 0
-0.0866192 0
0.0532565 0
0.0513787 0
-0.0252224 0
-0.107361 0
0.114382 0
0.0381205 0
-0.0866192 0
0.0423596 0
0.139184 0
-0.16979 0
0.139184 0
0.0423596 0
-0.0866192 0
0.0381205 0
0.114382 0
-0.107361 0
-0.107361 0
0.0513787 0
0.0532565 0
-0.0469854 0
-0.0874649 0
0.0428432 0
-0.0874649 0
-0.0469854 0
0.0532565 0
0.0513787 0
-0.107361 0
-0.0252224 0
-0.0124364 0
0.106752 0
-0.105399 0
0.108782 0
-0.105399 0
0.106752 0
-0.0124364 0
-0.0252224 0
-0.0623282 0
0.108669 0
-0.0528021 0
0.0782544 0
-0.0528021 0
0.108669 0
-0.0623282 0
-0.0526498 0
-0.0273796 0
-0.0152175 0
-0.0273796 0
-0.0526498 0
0.11014 0
-0.142672 0
0.11014 0
-0.0885356 0
0.141786 0
-4.75314e-15 0
-0.141786 0
0.0885356 0
-8.80155e-15 0
1.38468e-14 0
-0.0248483 0
-0.0800641 0
0.13853 0
0.119858 0
-0.167099 0
0.0567822 0
0.0145379 0
0.0909632 0
0.0902775 0
-0.155475 0
0.0616267 0
-0.0800641 0
8.09204e-16 0
-8.0636e-16 0
0.0970832 0
0.0800641 0
-0.0902775 0
0.155475 0
-0.0970832 0
-0.0909632 0
0.167099 0
-0.0567822 0
-0.0616267 0
-0.119858 0
0.0248483 0
0.0800641 0
-0.0145379 0
-1.26335e-14 0
5.33644e-15 0
0.141786 0
-0.13853 0
-0.141786 0
0.0885356 0
8.87163e-15 0
-0.0885356 0
-0.13853 0
0.0800641 0
0.0248483 0
-0.119858 0
2.09444e-15 0
-3.59873e-15 0
-0.0688524 0
0.0193013 0
0.0379421 0
1.21398e-16 0
-0.0379421 0
-0.0193013 0
0.0688524 0
2.13664e-15 0
-1.20737e-15 0
0.119858 0
-0.0248483 0
-0.0800641 0
0.13853 0
-0.0145379 0
-0.0567822 0
0.167099 0
-0.0909632 0
0.0688524 0
-0.0193013 0
3.56627e-15 0
-5.57954e-15 0
3.70546e-16 0
4.99178e-15 0
-3.5757e-15 0
0.0193013 0
-0.0688524 0
0.0909632 0
-0.167099 0
0.0567822 0
0.0145379 0
-0.0616267 0
0.155475 0
-0.0902775 0
0.0800641 0
-0.0379421 0
-2.56884e-15 0
5.45656e-15 0
-7.81922e-16 0
-4.47248e-15 0
2.97633e-15 0
0.0379421 0
-0.0800641 0
0.0902775 0
-0.155475 0
0.0616267 0
-0.0970832 0
-2.54491e-15 0
-2.92907e-15 0
-0.0800641 0
0.0379421 0
0.0193013 0
-3.41676e-16 0
-0.0193013 0
-0.0379421 0
0.0800641 0
2.75859e-15 0
2.559e-15 0
0.0970832 0
0.0970832 0
-0.155475 0
0.0902775 0
0.0909632 0
-0.0688524 0
-1.00267e-15 0
0.0688524 0
-0.0909632 0
-0.0902775 0
0.155475 0
-0.0970832 0
0.0616267 0
0.0567822 0
-0.167099 0
0.119858 0
9.38761e-16 0
-0.119858 0
0.167099 0
-0.0567822 0
-0.0616267 0
0.0145379 0
-0.0800641 0
-0.0248483 0
1.22636e-15 0
0.0248483 0
0.0800641 0
-0.0145379 0
0.13853 0
-0.141786 0
6.13818e-16 0
0.141786 0
-0.13853 0
0.0885356 0
-6.8096e-16 0
-0.0885356 0
0 0
0 0
0 0
0 0
0 0
0 0
0 0
0 0
0 0
0 0
0 0
0 0
0 0
0 0
0 0
0 0
0 0
0 0
0 0
0 0
0 0
0 0
0 0
0 0
0 0
0 0
0 0
0 0
0 0
0 0
0 0
0 0
0 0
0 0
0 0
0 0
0 0
0 0
0 0
0 0
0 0
0 0
0 0
0 0
0 0
0 0
0 0
0 0
0 0
0 0
0 0
0 0
0 0
0 0
0 0
0 0
0 0
0 0
0 0
0 0
0 0
0 0
0 0
0 0
0 0
0 0
0 0
0 0
0 0
0 0
0 0
0 0
0 0
0 0
0 0
0 0
0 0
0 0
0 0
0 0
0 0
0 0
0 0
0 0
0 0
0 0
0 0
0 0
0 0
0 0
0 0
0 0
0 0
0 0
0 0
0 0
0 0
0 0
0 0
0 0
0 0
0 0
0 0
0 0
0 0
0 0
0 0
0 0
0 0
0 0
0 0
0 0
0 0
0 0
0 0
0 0
0 0
0 0
0 0
0 0
0 0
0 0
0 0
0 0
0 0
0 0
0 0
0 0
0 0
0 0
0 0
0 0
0 0
0 0
0 0
0 0
0 0
0 0
0 0
0 0
0 0
0 0
0 0
0 0
0 0
0 0
0 0
0 0
0 0
0 0
0 0
0 0
0 0
0 0
0 0
0 0
0 0
0 0
0 0
0 0
0 0
0 0
0 0
0 0
0 0
0 0
0 0
0 0
0 0
0 0
0 0
0 0
0 0
0 0
0 0
0 0
0 0
0 0
0 0
0 0
0 0
0 0
0 0
0 0
0 0
0 0
0 0
0 0
0 0
0 0
0 0
0 0
0 0
0 0
0 0
0 0
0 0
0 0
0 0
0 0
0 0
0 0
0 0
0 0
0 0
0 0
0 0
0 0
0 0
0 0
0 0
0 0
0 0
0 0
0 0
0 0
0 0
0 0
0 0
0 0
0 0
0 0
0 0
0 0
0 0
0 0
0 0
0 0
0 0
0 0
0 0
0 0
0 0
0 0
0 0
0 0
0 0
0 0
0 0
0 0
0 0
0 0
0 0
0 0
0 0
0 0
0 0
0 0
0 0
0 0
0 0
0 0
0 0
0 0
0 0
0 0
0 0
0 0
0 0
0 0
0 0
0 0
0 0
0 0
0 0
0 0
0 0
0 0
0 0
0 0
0 0
0 0
0 0
0 0
0 0
0 0
0 0
0 0
0 0
0 0
0 0
0 0
-0.0885356 0
0.141786 0
6.82947e-15 0
-0.141786 0
0.0885356 0
1.07454e-14 0
-1.67721e-14 0
-0.0248483 0
-0.0800641 0
0.13853 0
0.119858 0
-0.167099 0
0.0567822 0
0.0145379 0
0.0909632 0
0.0902775 0
-0.155475 0
0.0616267 0
-0.0800641 0
1.20313e-15 0
1.85639e-15 0
0.0970832 0
0.0800641 0
-0.0902775 0
0.155475 0
-0.0970832 0
-0.0909632 0
0.167099 0
-0.0567822 0
-0.0616267 0
-0.119858 0
0.0248483 0
0.0800641 0
-0.0145379 0
1.00664e-14 0
-2.89678e-15 0
0.141786 0
-0.13853 0
-0.141786 0
0.0885356 0
-6.62633e-15 0
-0.0885356 0
-0.13853 0
0.0800641 0
0.0248483 0
-0.119858 0
-1.54522e-15 0
4.10738e-15 0
-0.0688524 0
0.0193013 0
0.0379421 0
4.44464e-16 0
-0.0379421 0
-0.0193013 0
0.0688524 0
-1.69992e-15 0
1.35805e-15 0
0.119858 0
-0.0248483 0
-0.0800641 0
0.13853 0
-0.0145379 0
-0.0567822 0
0.167099 0
-0.0909632 0
0.0688524 0
-0.0193013 0
-4.36247e-15 0
5.76279e-15 0
-1.52779e-15 0
-3.67282e-15 0
1.96118e-15 0
0.0193013 0
-0.0688524 0
0.0909632 0
-0.167099 0
0.0567822 0
0.0145379 0
-0.0616267 0
0.155475 0
-0.0902775 0
0.0800641 0
-0.0379421 0
1.62589e-15 0
-3.52002e-15 0
-1.8045e-15 0
5.31508e-15 0
-3.49872e-15 0
0.0379421 0
-0.0800641 0
0.0902775 0
-0.155475 0
0.0616267 0
-0.0970832 0
2.45601e-15 0
2.1924e-15 0
-0.0800641 0
0.0379421 0
0.0193013 0
1.3347e-15 0
-0.0193013 0
-0.0379421 0
0.0800641 0
-4.52835e-15 0
-3.3902e-16 0
0.0970832 0
0.0970832 0
-0.155475 0
0.0902775 0
0.0909632 0
-0.0688524 0
-3.75035e-16 0
0.0688524 0
-0.0909632 0
-0.0902775 0
0.155475 0
-0.0970832 0
0.0616267 0
0.0567822 0
-0.167099 0
0.119858 0
3.603e-16 0
-0.119858 0
0.167099 0
-0.0567822 0
-0.0616267 0
0.0145379 0
-0.0800641 0
-0.0248483 0
4.99091e-15 0
0.0248483 0
0.0800641 0
-0.0145379 0
0.13853 0
-0.141786 0
-1.40546e-15 0
0.141786 0
-0.13853 0
0.0885356 0
-3.34473e-15 0
-0.0885356 0
-0.00010573 0
0.0650865 0
-0.0342606 0
-0.103093 0
0.104488 0
-0.0649165 0
0.0930958 0
-0.0739277 0
-0.0505308 0
0.0955409 0
0.0763063 0
-0.061289 0
-0.0453624 0
0.0596373 0
0.0676052 0
-0.0232914 0
-0.0745768 0
0.0745918 0
0.0444227 0
-0.0601007 0
-0.0357514 0
0.0686146 0
0.087967 0
-0.0655834 0
-0.042993 0
0.0489722 0
0.0604802 0
-0.019696 0
-0.094874 0
0.0857414 0
0.0660638 0
-0.106659 0
-0.0442231 0
0.0865064 0
0.149661 0
-0.0550772 0
-0.102519 0
0.0912607 0
0.0414189 0
0.0391436 0
-0.10436 0
0.12866 0
-0.0702889 0
0.0479339 0
-0.0415042 0
-0.0742933 0
0.0125207 0
-0.0221456 0
-0.0241247 0
-0.00666852 0
0.0119629 0
-0.0569899 0
-0.0157616 0
-0.00563336 0
-0.0119692 0
-0.0356011 0
0.0201283 0
-0.0628277 0
-0.0789091 0
0.0400484 0
-0.0506656 0
0.0347183 0
-0.103759 0
0.148443 0
-0.0606349 0
0.0472127 0
0.00686521 0
0.0228844 0
-0.0369934 0
0.0954351 0
-0.0594706 0
0.0367889 0
0.00594956 0
0.0490854 0
-0.0492748 0
0.159804 0
-0.144853 0
0.0651794 0
-0.016323 0
0.130005 0
-0.0981581 0
0.0884621 0
-0.081136 0
0.0351346 0
-0.0588362 0
0.096464 0
-0.0365988 0
0.0218553 0
-0.0954408 0
0.125658 0
-0.129659 0
0.1321 0
0.0079314 0
-0.0945596 0
0.022041 0
0.0370524 0
-0.170081 0
0.0834779 0
0.000718963 0
-0.0596733 0
-0.00123185 0
0.0968976 0
-0.176429 0
0.0230483 0
0.0137105 0
-0.0906813 0
0.0220667 0
-0.0575229 0
0.15295 0
-0.0183304 0
-0.0249607 0
0.0577467 0
-0.0352436 0
0.000154728 0
0.163742 0
-0.0870123 0
0.0455874 0
-0.0825232 0
0.190215 0
-0.098515 0
-0.0134786 0
-0.032649 0
0.00822955 0
-0.128747 0
0.198633 0
-0.0694183 0
-0.124817 0
0.0104824 0
0.152837 0
-0.242756 0
0.148163 0
-0.00371073 0
-0.121225 0
-0.0448753 0
0.0616743 0
0.0893378 0
0.0374321 0
-0.0209718 0
-0.143631 0
0.169276 0
-0.128555 0
0 0
0 0
0 0
0 0
0 0
0 0
0 0
0 0
0 0
0 0
0 0
0 0
0 0
0 0
0 0
0 0
0 0
0 0
0 0
0 0
0 0
0 0
0 0
0 0
0 0
0 0
0 0
0 0
0 0
0 0
0 0
0 0
0 0
0 0
0 0
0 0
0 0
0 0
0 0
0 0
0 0
0 0
0 0
0 0
0 0
0 0
0 0
0 0
0 0
0 0
0 0
0 0
0 0
0 0
0 0
0 0
0 0
0 0
0 0
0 0
0 0
0 0
0 0
0 0
0 0
0 0
0 0
0 0
0 0
0 0
0 0
0 0
0 0
0 0
0 0
0 0
0 0
0 0
0 0
0 0
0 0
0 0
0 0
0 0
0 0
0 0
0 0
0 0
0 0
0 0
0 0
0 0
0 0
0 0
0 0
0 0
0 0
0 0
0 0
0 0
0 0
0 0
0 0
0 0
0 0
0 0
0 0
0 0
0 0
0 0
0 0
0 0
0 0
0 0
0 0
0 0
0 0
0 0
0 0
0 0
0 0
0 0
0 0
0 0
0 0
0 0
0 0
0 0
0 0
0 0
0 0
0 0
0 0
0 0
0 0
0 0
0 0
0 0
0 0
0 0
0 0
0.148503 0
-0.0808006 0
-0.083378 0
-0.0116945 0
0.105525 0
-0.157984 0
0.226562 0
-0.133799 0
0.0170699 0
-0.00334306 0
-0.0284917 0
0.149141 0
-0.193452 0
0.109694 0
-0.0178658 0
-0.163164 0
0.109479 0
0.052224 0
0.170745 0
-0.00808526 0
-0.0048096 0
-0.0650951 0
-0.152935 0
0.151208 0
-0.125295 0
0.0809139 0
0.0350969 0
-0.160035 0
0.174586 0
-0.0306546 0
0.0476446 0
0.109504 0
-0.029817 0
-0.0900337 0
-0.193904 0
0.0713595 0
-0.0159662 0
0.0284732 0
0.0951286 0
-0.143251 0
0.135211 0
-0.07416 0
0.0647975 0
-0.0233898 0
-0.147122 0
0.0333906 0
0.030471 0
-0.0538944 0
0.0427505 0
0.00301988 0
-0.103299 0
-0.00766678 0
0.102788 0
-0.00467484 0
-0.0476062 0
0.0461258 0
-0.0260788 0
-0.0518373 0
0.130923 0
0.035226 0
-0.0810693 0
0.119934 0
-0.169456 0
0.0629605 0
0.0348289 0
0.0134375 0
-0.00254121 0
0.0556925 0
-0.0900288 0
0.0128388 0
0.0770517 0
-0.0476647 0
0.00426517 0
-0.000482616 0
-0.049615 0
-0.0214924 0
0.136011 0
-0.106494 0
0.0895815 0
0.0254146 0
-0.132401 0
0.152649 0
-0.0650438 0
-0.0455213 0
0.0762298 0
0.0129772 0
-0.0890686 0
0.0531881 0
0.0412892 0
-0.123844 0
0.101753 0
0.00984608 0
-0.0907104 0
0.00195424 0
-0.0285569 0
-0.0480061 0
-0.0469014 0
0.0620096 0
-0.00728505 0
-0.00802777 0
0.00721605 0
-0.0377439 0
0.000285817 0
0.0560913 0
0.0333665 0
-0.0268745 0
0.0919696 0
-0.119325 0
0.0614111 0
0.0674807 0
-0.0422679 0
0.00776859 0
0.0341687 0
-0.0699259 0
-0.018807 0
0.0998806 0
-0.0828681 0
0.0384864 0
0.0574409 0
-0.127648 0
0.0803291 0
-0.00439223 0
-0.0810352 0
0.0970749 0
-0.00512964 0
-0.0589269 0
-0.00319974 0
-0.0522959 0
0.00287604 0
-0.0326577 0
0.0376171 0
0.0532069 0
-0.0298999 0
0.0844124 0
-0.0834342 0
0.0120185 0
0.0967668 0
-0.0932707 0
0.0377263 0
0.0227725 0
-0.0743431 0
0 0
0 0
0 0
0 0
0 0
0 0
0 0
0 0
0 0
0 0
0 0
0 0
0 0
0 0
0 0
0 0
0 0
0 0
0 0
0 0
0 0
0 0
0 0
0 0
0 0
0 0
0 0
0 0
0 0
0 0
0 0
0 0
0 0
0 0
0 0
0 0
0 0
0 0
0 0
0 0
0 0
0 0
0 0
0 0
0 0
0 0
0 0
0 0
0 0
0 0
0 0
0 0
0 0
0 0
0 0
0 0
0 0
0 0
0 0
0 0
0 0
0 0
0 0
0 0
0 0
0 0
0 0
0 0
0 0
0 0
0 0
0 0
0 0
0 0
0 0
0 0
0 0
0 0
0 0
0 0
0 0
0 0
0 0
0 0
0 0
0 0
0 0
0 0
0 0
0 0
0 0
0 0
0 0
0 0
0 0
0 0
0 0
0 0
0 0
0 0
0 0
0 0
0 0
0 0
0 0
0 0
0 0
0 0
0 0
0 0
0 0
0 0
0 0
0 0
0 0
0 0
0 0
0 0
0 0
0 0
0 0
0 0
0 0
0 0
0 0
0 0
0 0
0 0
0 0
0 0
0 0
0 0
0 0
0 0
0 0
0 0
0 0
0 0
0 0
0 0
0 0
0 0
0 0
0 0
0 0
0 0
0 0
0 0
0 0
0 0
0 0
0 0
0 0
0 0
0 0
0 0
0 0
0 0
0 0
0 0
0 0
0 0
0 0
0 0
0 0
0 0
0 0
0 0
0 0
0 0
0 0
0 0
0 0
0 0
0 0
0 0
0 0
0 0
0 0
0 0
0 0
0 0
0 0
0 0
0 0
0 0
0 0
0 0
0 0
0 0
0 0
0 0
0 0
0 0
0 0
0 0
0 0
0 0
0 0
0 0
0 0
0 0
0 0
0 0
0 0
0 0
0 0
0 0
0 0
0 0
0 0
0 0
0 0
0 0
0 0
0 0
0 0
0 0
0 0
0 0
0 0
0 0
0 0
0 0
0 0
0 0
0 0
0 0
0 0
0 0
0 0
0 0
0 0
0 0
0 0
0 0
0 0
0 0
0 0
0 0
0 0
0 0
0 0
0 0
0 0
0 0
0 0
0 0
0 0
0 0
0 0
0 0
0 0
0 0
0 0
0 0
0 0
0 0
0 0
0 0
0 0
0 0
0 0
0 0
0 0
0 0
0 0
0 0
0 0
0 0
0 0
0 0
0 0
0 0
0 0
0 0
0 0
0 0
0 0
0 0
0 0
0 0
0.14754 0
-0.0877179 0
-0.0789097 0
0.000179727 0
0.092875 0
-0.149517 0
0.21442 0
-0.12446 0
0.0227402 0
-0.0142542 0
-0.0370366 0
0.155174 0
-0.18699 0
0.102149 0
-0.0254847 0
-0.159427 0
0.117294 0
0.0433451 0
0.16454 0
-0.0011546 0
-0.000686824 0
-0.0725193 0
-0.161997 0
0.157719 0
-0.119552 0
0.0747783 0
0.0279454 0
-0.15673 0
0.184296 0
-0.0402649 0
0.0397717 0
0.120991 0
-0.0245605 0
-0.0993415 0
-0.209757 0
0.0771935 0
-0.00412975 0
0.0178429 0
0.089764 0
-0.14679 0
0.146265 0
-0.0883959 0
0.0724152 0
-0.0287215 0
-0.141406 0
0.0416729 0
0.028838 0
-0.0510062 0
0.0452304 0
0.00376315 0
-0.103989 0
-0.00109484 0
0.103916 0
-0.00399948 0
-0.0459238 0
0.0498968 0
-0.0282108 0
-0.0443072 0
0.139092 0
0.0304117 0
-0.0747389 0
0.115173 0
-0.15647 0
0.04556 0
0.0415388 0
0.00794647 0
-0.00331013 0
0.0527079 0
-0.0852041 0
0.00183341 0
0.083351 0
-0.0515615 0
0.00355632 0
-0.00609648 0
-0.0436503 0
-0.0396382 0
0.151693 0
-0.113254 0
0.0908609 0
0.0103706 0
-0.120298 0
0.141523 0
-0.0553318 0
-0.0492429 0
0.0824619 0
0.00185318 0
-0.0842953 0
0.0503377 0
0.0519396 0
-0.13741 0
0.115922 0
-0.00533528 0
-0.0910221 0
0.0127622 0
-0.0308915 0
-0.0519308 0
-0.0271302 0
0.0520495 0
-0.00731947 0
-0.00114639 0
0.00730961 0
-0.0485843 0
0.0204734 0
0.0530854 0
0.0315783 0
-0.0163209 0
0.0888402 0
-0.111958 0
0.043505 0
0.0691351 0
-0.0391339 0
0.00110938 0
0.0379773 0
-0.0694842 0
-0.037421 0
0.109182 0
-0.0875405 0
0.047677 0
0.0352965 0
-0.115536 0
0.0813438 0
-0.000627223 0
-0.0814446 0
0.11117 0
-0.0278263 0
-0.050596 0
0.0111045 0
-0.0531519 0
-0.0146326 0
-0.00466361 0
0.0204151 0
0.053282 0
-0.0158312 0
0.0889931 0
-0.0899437 0
0.00171627 0
0.0918477 0
-0.0902581 0
0.0539148 0
0.00325198 0
-0.0591438 0
0 0
0 0
0 0
0 0
0 0
0 0
0 0
0 0
0 0
0 0
0 0
0 0
0 0
0 0
0 0
0 0
0 0
0 0
0 0
0 0
0 0
0 0
0 0
0 0
0 0
0 0
0 0
0 0
0 0
0 0
0 0
0 0
0 0
0 0
0 0
0 0
0 0
0 0
0 0
0 0
0 0
0 0
0 0
0 0
0 0
0 0
0 0
0 0
0 0
0 0
0 0
0 0
0 0
0 0
0 0
0 0
0 0
0 0
0 0
0 0
0 0
0 0
0 0
0 0
0 0
0 0
0 0
0 0
0 0
0 0
0 0
0 0
0 0
0 0
0 0
0 0
0 0
0 0
0 0
0 0
0 0
0 0
0 0
0 0
0 0
0 0
0 0
0 0
0 0
0 0
0 0
0 0
0 0
0 0
0 0
0 0
0 0
0 0
0 0
0 0
0 0
0 0
0 0
0 0
0 0
0 0
0 0
0 0
0 0
0 0
0 0
0 0
0 0
0 0
0 0
0 0
0 0
0 0
0 0
0 0
0 0
0 0
0 0
0 0
0 0
0 0
0 0
0 0
0 0
0 0
0 0
0 0
0 0
0 0
0 0
0 0
0 0
0 0
0 0
0 0
0 0
0.0168888 0
0.0554126 0
-0.0435768 0
-0.103754 0
0.115877 0
-0.0825687 0
0.118411 0
-0.0887531 0
-0.0482455 0
0.0945307 0
0.0725446 0
-0.0438197 0
-0.0672018 0
0.0717982 0
0.0651167 0
-0.0418099 0
-0.0615588 0
0.080078 0
0.0636699 0
-0.0606311 0
-0.036067 0
0.0607148 0
0.0698882 0
-0.0478493 0
-0.0570486 0
0.0579098 0
0.0640992 0
-0.0378801 0
-0.0742722 0
0.0816702 0
0.071082 0
-0.0934272 0
-0.0473447 0
0.0756352 0
0.126488 0
-0.0465495 0
-0.103672 0
0.0939195 0
0.0520328 0
0.0224937 0
-0.0882013 0
0.119329 0
-0.0624121 0
0.0449424 0
-0.0580673 0
-0.0699843 0
0.0159254 0
-0.0281674 0
-0.0190742 0
-0.00627914 0
6.34695e-05 0
-0.0574929 0
-0.00389567 0
-0.00613131 0
-0.0173383 0
-0.0300889 0
0.0170118 0
-0.068347 0
-0.0634088 0
0.0438163 0
-0.0596099 0
0.0482147 0
-0.122469 0
0.154672 0
-0.056251 0
0.0484403 0
0.00652931 0
0.0291072 0
-0.0470528 0
0.0962773 0
-0.0502626 0
0.0310928 0
0.00639855 0
0.0487077 0
-0.0546288 0
0.156295 0
-0.128337 0
0.0525646 0
-0.00596465 0
0.13206 0
-0.112664 0
0.105349 0
-0.0880462 0
0.0296946 0
-0.0497264 0
0.0973153 0
-0.0465509 0
0.0277983 0
-0.090089 0
0.110661 0
-0.117163 0
0.132359 0
-0.00250105 0
-0.0937148 0
0.0186283 0
0.0313155 0
-0.174331 0
0.0900255 0
-0.000119417 0
-0.0601999 0
-0.000397998 0
0.0919419 0
-0.175237 0
0.0293156 0
0.0174387 0
-0.093161 0
0.0324462 0
-0.0707998 0
0.158973 0
-0.0104879 0
-0.0296336 0
0.0582563 0
-0.031102 0
-0.00784818 0
0.160514 0
-0.075011 0
0.035805 0
-0.0775769 0
0.195539 0
-0.112475 0
-0.00419767 0
-0.0329372 0
-0.00109768 0
-0.116792 0
0.196741 0
-0.0757055 0
-0.124363 0
0.00442914 0
0.152162 0
-0.244899 0
0.151494 0
0.00240231 0
-0.12385 0
-0.0349208 0
0.0517215 0
0.0901262 0
0.0482596 0
-0.0315074 0
-0.13837 0
0.17077 0
-0.136218 0
0 0
0 0
0 0
0 0
0 0
0 0
0 0
0 0
0 0
0 0
0 0
0 0
0 0
0 0
0 0
0 0
0 0
0 0
0 0
0 0
0 0
0 0
0 0
0 0
0 0
0 0
0 0
0 0
0 0
0 0
0 0
0 0
0 0
0 0
0 0
0 0
0 0
0 0
0 0
0 0
0 0
0 0
0 0
0 0
0 0
0 0
0 0
0 0
0 0
0 0
0 0
0 0
0 0
0 0
0 0
0 0
0 0
0 0
0 0
0 0
0 0
0 0
0 0
0 0
0 0
0 0
0 0
0 0
0 0
0 0
0 0
0 0
0 0
0 0
0 0
0 0
0 0
0 0
0 0
0 0
0 0
0 0
0 0
0 0
0 0
0 0
0 0
0 0
0 0
0 0
0 0
0 0
0 0
0 0
0 0
0 0
0 0
0 0
0 0
0 0
0 0
0 0
0 0
0 0
0 0
0 0
0 0
0 0
0 0
0 0
0 0
0 0
0 0
0 0
0 0
0 0
0 0
0 0
0 0
0 0
0 0
0 0
0 0
0 0
0 0
0 0
0 0
0 0
0 0
0 0
0 0
0 0
0 0
0 0
0 0
0 0
0 0
0 0
0 0
0 0
0 0
0.0384857 0
-0.0195358 0
0.0407146 0
-0.0195358 0
0.0384857 0
-0.0455287 0
-0.029761 0
0.0047999 0
0.0975962 0
-0.0461728 0
-0.0759499 0
-0.0340578 0
0.111405 0
-0.123625 0
0.0221232 0
-0.021422 0
-0.0595692 0
-0.0306612 0
0.0736623 0
0.0304138 0
-0.198743 0
0.152792 0
0.0736623 0
-0.021422 0
-0.0595692 0
0.152792 0
0.0221232 0
-0.0340578 0
0.111405 0
-0.0306612 0
-0.0759499 0
0.0047999 0
0.0975962 0
-0.123625 0
-0.029761 0
0.0407146 0
-0.0195358 0
-0.0461728 0
-0.0195358 0
0.0384857 0
-0.0455287 0
0.0384857 0
-0.0461728 0
0.0975962 0
0.0047999 0
-0.0759499 0
0.15766 0
-0.114642 0
0.018078 0
0.0619562 0
-0.133526 0
0.0901232 0
-0.133526 0
0.0619562 0
0.018078 0
-0.114642 0
0.15766 0
-0.0759499 0
0.0047999 0
0.0975962 0
-0.0461728 0
-0.123625 0
0.111405 0
-0.0340578 0
0.0221232 0
0.018078 0
0.0619562 0
0.0107043 0
-0.142009 0
0.114689 0
-0.142009 0
0.0107043 0
0.0619562 0
0.018078 0
0.0221232 0
-0.0340578 0
0.111405 0
-0.123625 0
-0.0306612 0
-0.0595692 0
-0.021422 0
0.0736623 0
-0.133526 0
0.0901232 0
0.114689 0
-0.142009 0
0.114689 0
0.0901232 0
-0.133526 0
0.0736623 0
-0.021422 0
-0.0595692 0
-0.0306612 0
0.152792 0
-0.198743 0
0.0304138 0
0.0736623 0
-0.133526 0
0.0619562 0
0.0107043 0
0.0619562 0
-0.133526 0
0.0736623 0
0.0304138 0
-0.198743 0
0.152792 0
0.152792 0
-0.0595692 0
-0.021422 0
0.0221232 0
0.018078 0
-0.114642 0
0.018078 0
0.0221232 0
-0.021422 0
-0.0595692 0
0.152792 0
-0.0306612 0
0.111405 0
-0.0340578 0
-0.0759499 0
0.15766 0
-0.0759499 0
-0.0340578 0
0.111405 0
-0.0306612 0
-0.123625 0
0.0975962 0
0.0047999 0
-0.029761 0
0.0047999 0
0.0975962 0
-0.123625 0
-0.0461728 0
-0.0195358 0
0.0407146 0
-0.0195358 0
-0.0461728 0
0.0384857 0
-0.0455287 0
0.0384857 0
0.0384857 0
-0.0195358 0
0.0407146 0
-0.0195358 0
0.0384857 0
-0.0455287 0
-0.029761 0
0.0047999 0
0.0975962 0
-0.0461728 0
-0.0759499 0
-0.0340578 0
0.111405 0
-0.123625 0
0.0221232 0
-0.021422 0
-0.0595692 0
-0.0306612 0
0.0736623 0
0.0304138 0
-0.198743 0
0.152792 0
0.0736623 0
-0.021422 0
-0.0595692 0
0.152792 0
0.0221232 0
-0.0340578 0
0.111405 0
-0.0306612 0
-0.0759499 0
0.0047999 0
0.0975962 0
-0.123625 0
-0.029761 0
0.0407146 0
-0.0195358 0
-0.0461728 0
-0.0195358 0
0.0384857 0
-0.0455287 0
0.0384857 0
-0.0461728 0
0.0975962 0
0.0047999 0
-0.0759499 0
0.15766 0
-0.114642 0
0.018078 0
0.0619562 0
-0.133526 0
0.0901232 0
-0.133526 0
0.0619562 0
0.018078 0
-0.114642 0
0.15766 0
-0.0759499 0
0.0047999 0
0.0975962 0
-0.0461728 0
-0.123625 0
0.111405 0
-0.0340578 0
0.0221232 0
0.018078 0
0.0619562 0
0.0107043 0
-0.142009 0
0.114689 0
-0.142009 0
0.0107043 0
0.0619562 0
0.018078 0
0.0221232 0
-0.0340578 0
0.111405 0
-0.123625 0
-0.0306612 0
-0.0595692 0
-0.021422 0
0.0736623 0
-0.133526 0
0.0901232 0
0.114689 0
-0.142009 0
0.114689 0
0.0901232 0
-0.133526 0
0.0736623 0
-0.021422 0
-0.0595692 0
-0.0306612 0
0.152792 0
-0.198743 0
0.0304138 0
0.0736623 0
-0.133526 0
0.0619562 0
0.0107043 0
0.0619562 0
-0.133526 0
0.0736623 0
0.0304138 0
-0.198743 0
0.152792 0
0.152792 0
-0.0595692 0
-0.021422 0
0.0221232 0
0.018078 0
-0.114642 0
0.018078 0
0.0221232 0
-0.021422 0
-0.0595692 0
0.152792 0
-0.0306612 0
0.111405 0
-0.0340578 0
-0.0759499 0
0.15766 0
-0.0759499 0
-0.0340578 0
0.111405 0
-0.0306612 0
-0.123625 0
0.0975962 0
0.0047999 0
-0.029761 0
0.0047999 0
0.0975962 0
-0.123625 0
-0.0461728 0
-0.0195358 0
0.0407146 0
-0.0195358 0
-0.0461728 0
0.0384857 0
-0.0455287 0
0.0384857 0
0 0
0 0
0 0
0 0
0 0
0 0
0 0
0 0
0 0
0 0
0 0
0 0
0 0
0 0
0 0
0 0
0 0
0 0
0 0
0 0
0 0
0 0
0 0
0 0
0 0
0 0
0 0
0 0
0 0
0 0
0 0
0 0
0 0
0 0
0 0
0 0
0 0
0 0
0 0
0 0
0 0
0 0
0 0
0 0
0 0
0 0
0 0
0 0
0 0
0 0
0 0
0 0
0 0
0 0
0 0
0 0
0 0
0 0
0 0
0 0
0 0
0 0
0 0
0 0
0 0
0 0
0 0
0 0
0 0
0 0
0 0
0 0
0 0
0 0
0 0
0 0
0 0
0 0
0 0
0 0
0 0
0 0
0 0
0 0
0 0
0 0
0 0
0 0
0 0
0 0
0 0
0 0
0 0
0 0
0 0
0 0
0 0
0 0
0 0
0 0
0 0
0 0
0 0
0 0
0 0
0 0
0 0
0 0
0 0
0 0
0 0
0 0
0 0
0 0
0 0
0 0
0 0
0 0
0 0
0 0
0 0
0 0
0 0
0 0
0 0
0 0
0 0
0 0
0 0
0 0
0 0
0 0
0 0
0 0
0 0
0 0
0 0
0 0
0 0
0 0
0 0
0.0535989 0
-0.0909632 0
-3.31471e-16 0
0.0909632 0
-0.0535989 0
-1.07617e-15 0
1.29151e-15 0
-0.0585498 0
0.0800641 0
-0.100776 0
0.0193013 0
0.0257933 0
-0.119858 0
0.0234478 0
0.0567822 0
0.00291091 0
-0.141786 0
0.15417 0
0.0800641 0
8.05522e-16 0
-7.95514e-16 0
0.0835458 0
-0.0800641 0
-0.00291091 0
0.141786 0
-0.0835458 0
-0.0567822 0
-0.0257933 0
0.119858 0
-0.15417 0
-0.0193013 0
0.0585498 0
-0.0800641 0
-0.0234478 0
5.58537e-16 0
-8.51524e-16 0
-0.0909632 0
0.100776 0
0.0909632 0
-0.0535989 0
9.16123e-17 0
0.0535989 0
0.100776 0
-0.0800641 0
0.0585498 0
-0.0193013 0
5.8068e-16 0
2.57859e-16 0
-0.12507 0
0.155475 0
-0.138788 0
3.94641e-16 0
0.138788 0
-0.155475 0
0.12507 0
7.89926e-16 0
-4.29556e-16 0
0.0193013 0
-0.0585498 0
0.0800641 0
-0.100776 0
-0.0234478 0
0.119858 0
-0.0257933 0
-0.0567822 0
0.12507 0
-0.155475 0
-5.70576e-16 0
3.04597e-16 0
2.63644e-16 0
-1.48634e-15 0
2.147e-15 0
0.155475 0
-0.12507 0
0.0567822 0
0.0257933 0
-0.119858 0
0.0234478 0
-0.15417 0
0.141786 0
-0.00291091 0
-0.0800641 0
0.138788 0
-6.52265e-16 0
-5.00502e-16 0
5.84293e-16 0
3.10888e-16 0
-3.35579e-16 0
-0.138788 0
0.0800641 0
0.00291091 0
-0.141786 0
0.15417 0
-0.0835458 0
-1.38496e-16 0
8.21329e-16 0
0.0800641 0
-0.138788 0
0.155475 0
-8.66627e-16 0
-0.155475 0
0.138788 0
-0.0800641 0
-1.29524e-15 0
1.10671e-15 0
0.0835458 0
0.0835458 0
-0.141786 0
0.00291091 0
0.0567822 0
-0.12507 0
-2.17855e-16 0
0.12507 0
-0.0567822 0
-0.00291091 0
0.141786 0
-0.0835458 0
0.15417 0
-0.119858 0
0.0257933 0
0.0193013 0
7.58064e-16 0
-0.0193013 0
-0.0257933 0
0.119858 0
-0.15417 0
0.0234478 0
0.0800641 0
-0.0585498 0
7.41731e-16 0
0.0585498 0
-0.0800641 0
-0.0234478 0
-0.100776 0
0.0909632 0
-1.63398e-16 0
-0.0909632 0
0.100776 0
-0.0535989 0
-7.45735e-16 0
0.0535989 0
0 0
0 0
0 0
0 0
0 0
0 0
0 0
0 0
0 0
0 0
0 0
0 0
0 0
0 0
0 0
0 0
0 0
0 0
0 0
0 0
0 0
0 0
0 0
0 0
0 0
0 0
0 0
0 0
0 0
0 0
0 0
0 0
0 0
0 0
0 0
0 0
0 0
0 0
0 0
0 0
0 0
0 0
0 0
0 0
0 0
0 0
0 0
0 0
0 0
0 0
0 0
0 0
0 0
0 0
0 0
0 0
0 0
0 0
0 0
0 0
0 0
0 0
0 0
0 0
0 0
0 0
0 0
0 0
0 0
0 0
0 0
0 0
0 0
0 0
0 0
0 0
0 0
0 0
0 0
0 0
0 0
0 0
0 0
0 0
0 0
0 0
0 0
0 0
0 0
0 0
0 0
0 0
0 0
0 0
0 0
0 0
0 0
0 0
0 0
0 0
0 0
0 0
0 0
0 0
0 0
0 0
0 0
0 0
0 0
0 0
0 0
0 0
0 0
0 0
0 0
0 0
0 0
0 0
0 0
0 0
0 0
0 0
0 0
0 0
0 0
0 0
0 0
0 0
0 0
0 0
0 0
0 0
0 0
0 0
0 0
0 0
0 0
0 0
0 0
0 0
0 0
0 0
0 0
0 0
0 0
0 0
0 0
0 0
0 0
0 0
0 0
0 0
0 0
0 0
0 0
0 0
0 0
0 0
0 0
0 0
0 0
0 0
0 0
0 0
0 0
0 0
0 0
0 0
0 0
0 0
0 0
0 0
0 0
0 0
0 0
0 0
0 0
0 0
0 0
0 0
0 0
0 0
0 0
0 0
0 0
0 0
0 0
0 0
0 0
0 0
0 0
0 0
0 0
0 0
0 0
0 0
0 0
0 0
0 0
0 0
0 0
0 0
0 0
0 0
0 0
0 0
0 0
0 0
0 0
0 0
0 0
0 0
0 0
0 0
0 0
0 0
0 0
0 0
0 0
0 0
0 0
0 0
0 0
0 0
0 0
0 0
0 0
0 0
0 0
0 0
0 0
0 0
0 0
0 0
0 0
0 0
0 0
0 0
0 0
0 0
0 0
0 0
0 0
0 0
0 0
0 0
0 0
0 0
0 0
0 0
0 0
0 0
0 0
0 0
0 0
0 0
0 0
0 0
0 0
0 0
0 0
0 0
0 0
0 0
0 0
0 0
0 0
0 0
0 0
0 0
0 0
0 0
0 0
0 0
0 0
0 0
0 0
0 0
0 0
0 0
0 0
0 0
-0.0535989 0
0.0909632 0
-5.40388e-15 0
-0.0909632 0
0.0535989 0
4.88976e-15 0
5.25298e-15 0
0.0585498 0
-0.0800641 0
0.100776 0
-0.0193013 0
-0.0257933 0
0.119858 0
-0.0234478 0
-0.0567822 0
-0.00291091 0
0.141786 0
-0.15417 0
-0.0800641 0
-3.64474e-15 0
2.24828e-14 0
-0.0835458 0
0.0800641 0
0.00291091 0
-0.141786 0
0.0835458 0
0.0567822 0
0.0257933 0
-0.119858 0
0.15417 0
0.0193013 0
-0.0585498 0
0.0800641 0
0.0234478 0
4.29146e-15 0
-4.13687e-15 0
0.0909632 0
-0.100776 0
-0.0909632 0
0.0535989 0
4.05443e-15 0
-0.0535989 0
-0.100776 0
0.0800641 0
-0.0585498 0
0.0193013 0
-1.82847e-14 0
1.31588e-14 0
0.12507 0
-0.155475 0
0.138788 0
-1.02546e-14 0
-0.138788 0
0.155475 0
-0.12507 0
1.27015e-14 0
-1.72463e-14 0
-0.0193013 0
0.0585498 0
-0.0800641 0
0.100776 0
0.0234478 0
-0.119858 0
0.0257933 0
0.0567822 0
-0.12507 0
0.155475 0
1.12207e-16 0
1.41078e-14 0
-1.20214e-14 0
1.65058e-14 0
-2.17027e-15 0
-0.155475 0
0.12507 0
-0.0567822 0
-0.0257933 0
0.119858 0
-0.0234478 0
0.15417 0
-0.141786 0
0.00291091 0
0.0800641 0
-0.138788 0
-1.047e-14 0
-1.19066e-14 0
1.66529e-14 0
-1.40158e-14 0
-9.02793e-15 0
0.138788 0
-0.0800641 0
-0.00291091 0
0.141786 0
-0.15417 0
0.0835458 0
2.20959e-14 0
-3.82255e-15 0
-0.0800641 0
0.138788 0
-0.155475 0
-2.1927e-15 0
0.155475 0
-0.138788 0
0.0800641 0
-2.88167e-15 0
2.27205e-14 0
-0.0835458 0
-0.0835458 0
0.141786 0
-0.00291091 0
-0.0567822 0
0.12507 0
1.22946e-14 0
-0.12507 0
0.0567822 0
0.00291091 0
-0.141786 0
0.0835458 0
-0.15417 0
0.119858 0
-0.0257933 0
-0.0193013 0
-1.72077e-14 0
0.0193013 0
0.0257933 0
-0.119858 0
0.15417 0
-0.0234478 0
-0.0800641 0
0.0585498 0
4.60972e-15 0
-0.0585498 0
0.0800641 0
0.0234478 0
0.100776 0
-0.0909632 0
-4.73107e-15 0
0.0909632 0
-0.100776 0
0.0535989 0
3.96395e-15 0
-0.0535989 0
0 0
0 0
0 0
0 0
0 0
0 0
0 0
0 0
0 0
0 0
0 0
0 0
0 0
0 0
0 0
0 0
0 0
0 0
0 0
0 0
0 0
0 0
0 0
0 0
0 0
0 0
0 0
0 0
0 0
0 0
0 0
0 0
0 0
0 0
0 0
0 0
0 0
0 0
0 0
0 0
0 0
0 0
0 0
0 0
0 0
0 0
0 0
0 0
0 0
0 0
0 0
0 0
0 0
0 0
0 0
0 0
0 0
0 0
0 0
0 0
0 0
0 0
0 0
0 0
0 0
0 0
0 0
0 0
0 0
0 0
0 0
0 0
0 0
0 0
0 0
0 0
0 0
0 0
0 0
0 0
0 0
0 0
0 0
0 0
0 0
0 0
0 0
0 0
0 0
0 0
0 0
0 0
0 0
0 0
0 0
0 0
0 0
0 0
0 0
0 0
0 0
0 0
0 0
0 0
0 0
0 0
0 0
0 0
0 0
0 0
0 0
0 0
0 0
0 0
0 0
0 0
0 0
0 0
0 0
0 0
0 0
0 0
0 0
0 0
0 0
0 0
0 0
0 0
0 0
0 0
0 0
0 0
0 0
0 0
0 0
0 0
0 0
0 0
0 0
0 0
0 0
-0.131338 0
0.102127 0
-0.0563172 0
0.0547449 0
-0.104792 0
0.132295 0
-0.0563527 0
0.0952351 0
-0.167899 0
0.0633963 0
0.0542693 0
-0.0323426 0
-0.0838524 0
0.141047 0
0.0873105 0
-0.0572017 0
0.010742 0
0.0409611 0
0.00404517 0
-0.0249981 0
-0.00550769 0
-0.00293261 0
0.046081 0
0.0508946 0
-0.0618914 0
0.0377613 0
-0.0750301 0
0.0496096 0
0.0229592 0
0.0218123 0
-0.0364758 0
-0.102401 0
0.177662 0
-0.112401 0
0.041587 0
0.0415608 0
0.00493424 0
-0.102302 0
-0.120702 0
0.122324 0
-0.0976308 0
0.0519345 0
0.00537191 0
-0.111715 0
0.0616645 0
0.0580045 0
-0.159756 0
0.172871 0
-0.0662939 0
-0.141855 0
0.0749797 0
0.00398105 0
-0.108145 0
0.142963 0
0.033415 0
-0.127575 0
0.117897 0
-0.0463797 0
-0.0133868 0
0.0286865 0
0.051553 0
0.132361 0
-0.124532 0
-0.00543868 0
0.076235 0
-0.0825026 0
-0.101849 0
0.244508 0
-0.192711 0
0.0260599 0
0.142216 0
-0.180441 0
0.0368851 0
0.0763934 0
-0.0456627 0
-0.0217278 0
0.130824 0
-0.0893679 0
0.0953519 0
-0.0456589 0
-0.0481285 0
0.0553272 0
0.0197828 0
0.0112125 0
0.0733968 0
0.0504947 0
-0.0994567 0
-0.0151935 0
0.0382127 0
-0.0898965 0
0.0268366 0
0.0876593 0
-0.122408 0
0.034272 0
-0.0155122 0
-0.0704063 0
0.0858513 0
-0.113192 0
0.10497 0
-0.0640667 0
-0.0411141 0
0.0883625 0
-0.101408 0
0.0954044 0
0.0210199 0
-0.060889 0
0.0638216 0
-0.0984013 0
0.030365 0
-0.0416478 0
-0.0100995 0
-0.0452962 0
0.0490876 0
-0.00120488 0
-0.00276615 0
0.10755 0
-0.0720332 0
0.0814471 0
-0.0469715 0
0.0540704 0
-0.00788962 0
0.0418598 0
-0.0215287 0
-0.0441709 0
0.101573 0
-0.117164 0
-0.0516794 0
0.139213 0
-0.0818483 0
0.0147657 0
0.040737 0
-0.0659474 0
-0.0199597 0
-0.114949 0
0.0659571 0
0.0147564 0
-0.107061 0
0.0969304 0
-0.0175322 0
-0.0346643 0
0.0794037 0
0.000718383 0
-0.0525431 0
-0.0218214 0
0.113327 0
-0.0922125 0
0.0512609 0
-0.0218352 0
-0.028363 0
0.0441703 0
-0.0882399 0
0.0282893 0
0.0397716 0
-0.111575 0
0.0377646 0
0.0122988 0
-0.00452516 0
-0.105486 0
0.121612 0
0.101264 0
-0.0979634 0
-0.0215837 0
0.0711925 0
0.0951719 0
-0.0201909 0
-0.0949596 0
0.065295 0
0.0358259 0
0.0278947 0
-0.127055 0
0.124387 0
0.0414405 0
0.000279289 0
-0.00591 0
0.0744955 0
-0.036029 0
-0.0360063 0
0.120546 0
-0.0642261 0
-0.0202498 0
-0.0360434 0
0.0845827 0
-0.114926 0
0.114886 0
-0.152513 0
0.0891575 0
0.0152138 0
-0.0619014 0
0.066983 0
-0.0571982 0
0.0228098 0
-0.0782547 0
0.0156011 0
-0.0517155 0
-0.0184674 0
-0.0716485 0
0.110525 0
-0.10214 0
0.0303416 0
0.100034 0
-0.172861 0
0.108193 0
0.0681738 0
0.0308318 0
-0.0544108 0
0.0510708 0
-0.000456498 0
-0.117239 0
0.0947404 0
-0.0746705 0
0.102124 0
-0.12321 0
0.156326 0
-0.137345 0
-0.0234844 0
0.0687367 0
-0.0520501 0
-0.00617545 0
0.100308 0
-0.0687939 0
0.0919565 0
-0.0362875 0
-0.0782587 0
0.114973 0
-0.00971397 0
-0.0635875 0
0.19788 0
-0.0385368 0
-0.00588709 0
0.112302 0
-0.0572123 0
-0.0471518 0
0.0726355 0
-0.0372352 0
-0.0590493 0
0.013439 0
0.0609967 0
-0.0440517 0
-0.034047 0
0.114535 0
-0.251066 0
0.135706 0
-0.0632572 0
-0.0169132 0
0.0369667 0
0.00814465 0
-0.0452582 0
-0.0259343 0
0.0328504 0
0.0516769 0
-0.0810355 0
0.0806826 0
-0.177508 0
0.072105 0
-0.0868967 0
0.0564784 0
0.00300305 0
-0.00624565 0
-0.0843764 0
0.117751 0
0.0122786 0
-0.0586309 0
0.164041 0
-0.0566543 0
0.0265161 0
0.0962231 0
-0.0555928 0
-0.138072 0
0.128691 0
-0.0716712 0
0.0578642 0
-0.0894368 0
0.158423 0
-0.142669 0
-0.0199531 0
-0.093077 0
0.0578278 0
-0.0680024 0
-0.0506596 0
0.128256 0
-0.135844 0
0.114208 0
0 0
0 0
0 0
0 0
0 0
0 0
0 0
0 0
0 0
0 0
0 0
0 0
0 0
0 0
0 0
0 0
0 0
0 0
0 0
0 0
0 0
0 0
0 0
0 0
0 0
0 0
0 0
0 0
0 0
0 0
0 0
0 0
0 0
0 0
0 0
0 0
0 0
0 0
0 0
0 0
0 0
0 0
0 0
0 0
0 0
0 0
0 0
0 0
0 0
0 0
0 0
0 0
0 0
0 0
0 0
0 0
0 0
0 0
0 0
0 0
0 0
0 0
0 0
0 0
0 0
0 0
0 0
0 0
0 0
0 0
0 0
0 0
0 0
0 0
0 0
0 0
0 0
0 0
0 0
0 0
0 0
0 0
0 0
0 0
0 0
0 0
0 0
0 0
0 0
0 0
0 0
0 0
0 0
0 0
0 0
0 0
0 0
0 0
0 0
0 0
0 0
0 0
0 0
0 0
0 0
0 0
0 0
0 0
0 0
0 0
0 0
0 0
0 0
0 0
0 0
0 0
0 0
0 0
0 0
0 0
0 0
0 0
0 0
0 0
0 0
0 0
0 0
0 0
0 0
0 0
0 0
0 0
0 0
0 0
0 0
0 0
0 0
0 0
0 0
0 0
0 0
-0.13229 0
0.108858 0
-0.0541751 0
0.0420468 0
-0.0948583 0
0.127263 0
-0.0542093 0
0.0991342 0
-0.174101 0
0.0739852 0
0.0513683 0
-0.0371402 0
-0.0715488 0
0.137629 0
0.086471 0
-0.0570588 0
0.0229699 0
0.027217 0
-0.00759829 0
-0.0138737 0
-0.00305672 0
-0.0111567 0
0.0354178 0
0.0535584 0
-0.0513573 0
0.0304862 0
-0.0796555 0
0.0467232 0
0.0377537 0
0.00762164 0
-0.0414931 0
-0.103111 0
0.179519 0
-0.12173 0
0.0460145 0
0.0459855 0
-0.00892546 0
-0.0955777 0
-0.119167 0
0.127288 0
-0.108025 0
0.065523 0
-0.00783264 0
-0.0948779 0
0.0517976 0
0.0566351 0
-0.15368 0
0.166296 0
-0.0601408 0
-0.145423 0
0.0844945 0
0.00220945 0
-0.102901 0
0.146038 0
0.0418934 0
-0.141157 0
0.130448 0
-0.0501834 0
-0.025004 0
0.0487979 0
0.0394254 0
0.12538 0
-0.12891 0
0.000795939 0
0.0708539 0
-0.0829961 0
-0.0890123 0
0.235208 0
-0.185381 0
0.014463 0
0.157357 0
-0.199652 0
0.0529577 0
0.0796055 0
-0.0538866 0
-0.0158731 0
0.132401 0
-0.10152 0
0.103911 0
-0.0565588 0
-0.0442651 0
0.0647124 0
0.00666359 0
0.0124062 0
0.0812108 0
0.0280241 0
-0.0956738 0
-0.0146156 0
0.0255234 0
-0.083898 0
0.0324483 0
0.0798685 0
-0.118927 0
0.041304 0
-0.0171637 0
-0.0779019 0
0.0914963 0
-0.110018 0
0.0924654 0
-0.0355564 0
-0.0570258 0
0.0962375 0
-0.10013 0
0.0917756 0
0.0202204 0
-0.0560762 0
0.0672329 0
-0.102838 0
0.0246105 0
-0.0325844 0
-0.0194647 0
-0.0251389 0
0.0411027 0
0.00880162 0
-0.00929336 0
0.107916 0
-0.0717902 0
0.0917102 0
-0.0608526 0
0.0530133 0
-0.00118487 0
0.0232318 0
-0.015142 0
-0.0475191 0
0.091156 0
-0.111533 0
-0.0361093 0
0.125303 0
-0.0741302 0
0.00819481 0
0.0513139 0
-0.0846415 0
-0.0036498 0
-0.113411 0
0.0771204 0
0.00818966 0
-0.0999327 0
0.10341 0
-0.0324292 0
-0.0192384 0
0.0667673 0
0 0
0 0
0 0
0 0
0 0
0 0
0 0
0 0
0 0
0 0
0 0
0 0
0 0
0 0
0 0
0 0
0 0
0 0
0 0
0 0
0 0
0 0
0 0
0 0
0 0
0 0
0 0
0 0
0 0
0 0
0 0
0 0
0 0
0 0
0 0
0 0
0 0
0 0
0 0
0 0
0 0
0 0
0 0
0 0
0 0
0 0
0 0
0 0
0 0
0 0
0 0
0 0
0 0
0 0
0 0
0 0
0 0
0 0
0 0
0 0
0 0
0 0
0 0
0 0
0 0
0 0
0 0
0 0
0 0
0 0
0 0
0 0
0 0
0 0
0 0
0 0
0 0
0 0
0 0
0 0
0 0
0 0
0 0
0 0
0 0
0 0
0 0
0 0
0 0
0 0
0 0
0 0
0 0
0 0
0 0
0 0
0 0
0 0
0 0
0 0
0 0
0 0
0 0
0 0
0 0
0 0
0 0
0 0
0 0
0 0
0 0
0 0
0 0
0 0
0 0
0 0
0 0
0 0
0 0
0 0
0 0
0 0
0 0
0 0
0 0
0 0
0 0
0 0
0 0
0 0
0 0
0 0
0 0
0 0
0 0
0 0
0 0
0 0
0 0
0 0
0 0
0 0
0 0
0 0
0 0
0 0
0 0
0 0
0 0
0 0
0 0
0 0
0 0
0 0
0 0
0 0
0 0
0 0
0 0
0 0
0 0
0 0
0 0
0 0
0 0
0 0
0 0
0 0
0 0
0 0
0 0
0 0
0 0
0 0
0 0
0 0
0 0
0 0
0 0
0 0
0 0
0 0
0 0
0 0
0 0
0 0
0 0
0 0
0 0
0 0
0 0
0 0
0 0
0 0
0 0
0 0
0 0
0 0
0 0
0 0
0 0
0 0
0 0
0 0
0 0
0 0
0 0
0 0
0 0
0 0
0 0
0 0
0 0
0 0
0 0
0 0
0 0
0 0
0 0
0 0
0 0
0 0
0 0
0 0
0 0
0 0
0 0
0 0
0 0
0 0
0 0
0 0
0 0
0 0
0 0
0 0
0 0
0 0
0 0
0 0
0 0
0 0
0 0
0 0
0 0
0 0
0 0
0 0
0 0
0 0
0 0
0 0
0 0
0 0
0 0
0 0
0 0
0 0
0 0
0 0
0 0
0 0
0 0
0 0
0 0
0 0
0 0
0 0
0 0
0 0
0 0
0 0
0 0
0 0
0 0
0 0
0 0
0 0
0 0
0 0
0 0
0 0
0.0158593 0
-0.0646605 0
-0.0154755 0
0.107768 0
-0.080746 0
0.0363537 0
-0.0154853 0
-0.0395262 0
0.0638123 0
-0.0961301 0
0.0222223 0
0.0437622 0
-0.10265 0
0.0217595 0
0.00231805 0
0.00203714 0
-0.107422 0
0.117696 0
0.101468 0
-0.0957309 0
-0.0210918 0
0.0720017 0
0.0904912 0
-0.02619 0
-0.0884554 0
0.0613754 0
0.0447099 0
0.022362 0
-0.130542 0
0.122696 0
0.0459185 0
0.0120825 0
-0.026424 0
0.0879423 0
-0.0410602 0
-0.0410344 0
0.120775 0
-0.0528613 0
-0.0064734 0
-0.0503793 0
0.0963941 0
-0.121672 0
0.115027 0
-0.140648 0
0.082641 0
0.00862973 0
-0.0438999 0
0.0475037 0
-0.0499367 0
0.039309 0
-0.0874138 0
0.0152455 0
-0.0395945 0
-0.0350656 0
-0.0759736 0
0.125959 0
-0.116403 0
0.0358875 0
0.102239 0
-0.177311 0
0.102968 0
0.053371 0
0.0453877 0
-0.0541442 0
0.042623 0
0.00904856 0
-0.106277 0
0.067189 0
-0.0529555 0
0.099797 0
-0.140415 0
0.178156 0
-0.142505 0
-0.0324438 0
0.0744541 0
-0.0498906 0
-0.0212932 0
0.111271 0
-0.0802381 0
0.0978272 0
-0.0309811 0
-0.0851529 0
0.113454 0
-0.0110705 0
-0.072467 0
0.19337 0
-0.0273299 0
-0.00417507 0
0.108641 0
-0.0472308 0
-0.0505567 0
0.0630139 0
-0.0233746 0
-0.0633899 0
0.0153157 0
0.0695144 0
-0.0542372 0
-0.0212274 0
0.103196 0
-0.245345 0
0.141343 0
-0.0738593 0
-0.0053383 0
0.0262164 0
0.00577611 0
-0.0385406 0
-0.0334611 0
0.0444082 0
0.0485195 0
-0.0767721 0
0.0823806 0
-0.173463 0
0.0669251 0
-0.087333 0
0.057171 0
-0.00937179 0
0.00201453 0
-0.0943213 0
0.123943 0
0.00612843 0
-0.0581098 0
0.160303 0
-0.0545482 0
0.0317821 0
0.0851541 0
-0.0424581 0
-0.13303 0
0.113499 0
-0.0627129 0
0.0565455 0
-0.0947235 0
0.167072 0
-0.141313 0
-0.00683777 0
-0.101294 0
0.0565099 0
-0.0561142 0
-0.0621658 0
0.131125 0
-0.132748 0
0.105813 0
0 0
0 0
0 0
0 0
0 0
0 0
0 0
0 0
0 0
0 0
0 0
0 0
0 0
0 0
0 0
0 0
0 0
0 0
0 0
0 0
0 0
0 0
0 0
0 0
0 0
0 0
0 0
0 0
0 0
0 0
0 0
0 0
0 0
0 0
0 0
0 0
0 0
0 0
0 0
0 0
0 0
0 0
0 0
0 0
0 0
0 0
0 0
0 0
0 0
0 0
0 0
0 0
0 0
0 0
0 0
0 0
0 0
0 0
0 0
0 0
0 0
0 0
0 0
0 0
0 0
0 0
0 0
0 0
0 0
0 0
0 0
0 0
0 0
0 0
0 0
0 0
0 0
0 0
0 0
0 0
0 0
0 0
0 0
0 0
0 0
0 0
0 0
0 0
0 0
0 0
0 0
0 0
0 0
0 0
0 0
0 0
0 0
0 0
0 0
0 0
0 0
0 0
0 0
0 0
0 0
0 0
0 0
0 0
0 0
0 0
0 0
0 0
0 0
0 0
0 0
0 0
0 0
0 0
0 0
0 0
0 0
0 0
0 0
0 0
0 0
0 0
0 0
0 0
0 0
0 0
0 0
0 0
0 0
0 0
0 0
0 0
0 0
0 0
0 0
0 0
0 0
0.125679 0
-0.133403 0
0.0208461 0
-0.00740687 0
0.0575616 0
-0.0990649 0
0.102251 0
-0.14648 0
0.127096 0
-0.0647073 0
0.0415967 0
0.115604 0
-0.0828837 0
-0.0239024 0
-0.172547 0
0.0826052 0
-0.0310723 0
0.0616078 0
0.050824 0
-0.149726 0
0.191513 0
-0.0867387 0
0.0346107 0
0.0697733 0
0.0263391 0
-0.117777 0
-0.190009 0
0.129958 0
-0.025015 0
-0.00071588 0
-0.0253593 0
-0.0829306 0
0.178489 0
-0.0829722 0
0.000267526 0
5.45413e-05 0
0.12532 0
-0.164247 0
-0.125688 0
0.0680908 0
-0.000259191 0
-0.0676114 0
0.100231 0
-0.0519936 0
-0.0634997 0
0.0671982 0
-0.0460663 0
-0.0235862 0
0.12095 0
-0.0275879 0
-0.0268887 0
0.0265001 0
0.0159329 0
-0.0905819 0
0.151729 0
-6.17103e-05 0
-0.000120527 0
0.0256439 0
0.0823813 0
-0.178292 0
0.16434 0
0.0594417 0
-0.0579556 0
-0.0147306 0
0.0180046 0
-0.0312561 0
0.063396 0
-0.0430316 0
0.0437874 0
-0.0380613 0
0.000114564 0
-0.000112587 0
0.0906756 0
-0.151494 0
0.189605 0
-0.129694 0
0.0246465 0
0.0830651 0
0.0624895 0
-0.0576311 0
0.0126836 0
0.0161656 0
-0.0429759 0
-6.91532e-05 0
9.93229e-05 0
-0.043902 0
0.037962 0
-0.0264309 0
-0.0161157 0
-0.0344354 0
-0.069524 0
-0.0265712 0
0.00104057 0
0.0314272 0
-0.000499762 0
0.000390716 0
-0.0163886 0
0.0430045 0
-0.0630877 0
0.0431442 0
0.0271859 0
0.027043 0
-0.0507763 0
0.149335 0
-0.191013 0
0.117632 0
-0.0308935 0
0.0576435 0
-0.0130813 0
-0.0170585 0
0.0305446 0
0.0236479 0
-0.120473 0
0.172005 0
-0.0824569 0
0.031292 0
0.0863497 0
-0.0626484 0
0.0582372 0
0.0140898 0
-0.0672406 0
0.0461868 0
-0.041839 0
-0.115228 0
0.0829706 0
-0.0617736 0
-0.0591628 0
0.0511962 0
0.0640983 0
-0.102518 0
0.14643 0
-0.126495 0
0.0235305 0
-0.0996331 0
0.133095 0
-0.0209007 0
0.00808298 0
0.0640168 0
-0.125652 0
0.0993241 0
-0.0580673 0
0.124461 0
-0.125803 0
0.0219715 0
-0.0226083 0
0.0686712 0
-0.104413 0
0.107771 0
-0.144639 0
0.112918 0
-0.048824 0
0.0468498 0
0.106534 0
-0.0844296 0
-0.0154017 0
-0.159476 0
0.0788504 0
-0.0358697 0
0.0650372 0
0.0494961 0
-0.140173 0
0.179294 0
-0.0775394 0
0.0304879 0
0.0638064 0
0.0314385 0
-0.113928 0
-0.179949 0
0.123362 0
-0.0165852 0
-0.00803015 0
-0.0316483 0
-0.0701351 0
0.17317 0
-0.0846542 0
-0.011793 0
-0.00240426 0
0.132999 0
-0.165523 0
-0.116758 0
0.0569459 0
0.0114255 0
-0.0780797 0
0.086265 0
-0.0337616 0
-0.0766758 0
0.0678183 0
-0.0485531 0
-0.0248594 0
0.109598 0
-0.0183887 0
-0.0302302 0
0.0248094 0
0.0199733 0
-0.0922419 0
0.145683 0
0.00272028 0
0.005313 0
0.0191006 0
0.0943528 0
-0.181832 0
0.161426 0
0.0528596 0
-0.0640127 0
-0.000214492 0
-0.00340876 0
-0.0150628 0
0.0561299 0
-0.0453546 0
0.0461512 0
-0.035633 0
-0.00505017 0
0.004963 0
0.088112 0
-0.156028 0
0.197773 0
-0.134996 0
0.0328287 0
0.0805554 0
0.0657593 0
-0.0576222 0
0.0215825 0
0.0211098 0
-0.043406 0
0.00304838 0
-0.0043783 0
-0.0411011 0
0.0400113 0
-0.0278577 0
-0.0119156 0
-0.038214 0
-0.0747964 0
-0.021208 0
-0.00628246 0
0.019242 0
0.0220303 0
-0.0172234 0
-0.011282 0
0.0421457 0
-0.0697233 0
0.0403916 0
0.036112 0
0.0234327 0
-0.0515977 0
0.157397 0
-0.201325 0
0.120307 0
-0.042768 0
0.0570778 0
-0.00405397 0
-0.0382971 0
0.0464298 0
0.0221391 0
-0.130621 0
0.183358 0
-0.0853889 0
0.0261837 0
0.0946861 0
-0.0587547 0
0.0516009 0
0.0284623 0
-0.0659504 0
0.0432401 0
-0.0361699 0
-0.123147 0
0.0805979 0
-0.0577291 0
-0.0651536 0
0.0689138 0
0.0502861 0
-0.0959776 0
0.146811 0
-0.139409 0
0.0317947 0
-0.112602 0
0.139367 0
-0.0195672 0
-0.00719568 0
0.0792584 0
-0.125617 0
0.0929872 0
-0.0463813 0
0 0
0 0
0 0
0 0
0 0
0 0
0 0
0 0
0 0
0 0
0 0
0 0
0 0
0 0
0 0
0 0
0 0
0 0
0 0
0 0
0 0
0 0
0 0
0 0
0 0
0 0
0 0
0 0
0 0
0 0
0 0
0 0
0 0
0 0
0 0
0 0
0 0
0 0
0 0
0 0
0 0
0 0
0 0
0 0
0 0
0 0
0 0
0 0
0 0
0 0
0 0
0 0
0 0
0 0
0 0
0 0
0 0
0 0
0 0
0 0
0 0
0 0
0 0
0 0
0 0
0 0
0 0
0 0
0 0
0 0
0 0
0 0
0 0
0 0
0 0
0 0
0 0
0 0
0 0
0 0
0 0
0 0
0 0
0 0
0 0
0 0
0 0
0 0
0 0
0 0
0 0
0 0
0 0
0 0
0 0
0 0
0 0
0 0
0 0
0 0
0 0
0 0
0 0
0 0
0 0
0 0
0 0
0 0
0 0
0 0
0 0
0 0
0 0
0 0
0 0
0 0
0 0
0 0
0 0
0 0
0 0
0 0
0 0
0 0
0 0
0 0
0 0
0 0
0 0
0 0
0 0
0 0
0 0
0 0
0 0
0 0
0 0
0 0
0 0
0 0
0 0
0.0183011 0
-0.0809412 0
-0.00990903 0
0.147874 0
-0.105403 0
0.0470897 0
-0.048604 0
-0.0254419 0
0.144768 0
-0.158211 0
-0.0491042 0
0.0943728 0
0.0108381 0
-0.0841251 0
-0.136295 0
0.0408432 0
0.0451983 0
-0.0302949 0
0.0155492 0
-0.100817 0
0.128954 0
-0.0941516 0
0.0419777 0
0.06176 0
-0.0483854 0
-0.0435577 0
-0.10783 0
0.0709754 0
-0.083491 0
0.0712961 0
0.0600376 0
-0.12903 0
0.0609953 0
0.0121618 0
0.117634 0
0.0239824 0
-0.0684779 0
0.0040453 0
-0.0935164 0
0.112172 0
-0.113969 0
0.0986359 0
0.141325 0
-0.180467 0
0.125254 0
-0.00261054 0
0.0218972 0
0.0112115 0
0.116889 0
-0.0911262 0
0.0312123 0
0.0178437 0
-0.0385893 0
0.0115573 0
0.0667174 0
-0.0271346 0
-0.0529968 0
0.0651252 0
-0.11254 0
0.0254059 0
0.0368224 0
0.0672318 0
0.0561087 0
-0.142322 0
0.209755 0
-0.159524 0
0.0741052 0
0.0204547 0
-0.020814 0
-0.0256284 0
0.0503751 0
-0.0495056 0
0.029638 0
0.0364704 0
-0.0699627 0
0.0450747 0
-0.0785372 0
0.0287243 0
-0.0286937 0
-0.00303389 0
-0.086138 0
-0.0473921 0
0.00199726 0
-0.0304074 0
0.0436733 0
-0.0295611 0
-0.0180449 0
0.0125637 0
-0.0417862 0
0.0350903 0
0.0478649 0
-0.0536633 0
0.0714713 0
0.120443 0
-0.21975 0
0.171802 0
-0.0506395 0
0.0105739 0
0.0614882 0
0.0290509 0
-0.0856625 0
0.0365921 0
0.00541441 0
-0.0709851 0
0.0907964 0
-0.0200753 0
0.114227 0
0.00846493 0
-0.0887081 0
0.206258 0
-0.15336 0
0.0159231 0
0.0928069 0
-0.101926 0
0.024378 0
0.0514193 0
-0.0768858 0
-0.0411764 0
0.0676991 0
-0.139447 0
-0.016021 0
0.0310996 0
-0.0574271 0
0.0713469 0
0.0273823 0
-0.0426024 0
0.0554008 0
-0.170174 0
0.137982 0
-0.0690301 0
0.00377632 0
0.119472 0
-0.0793936 0
0.121388 0
-0.0543576 0
-0.0140733 0
0.149419 0
-0.14537 0
-0.00676956 0
0.0668793 0
-0.116937 0
0 0
0 0
0 0
0 0
0 0
0 0
0 0
0 0
0 0
0 0
0 0
0 0
0 0
0 0
0 0
0 0
0 0
0 0
0 0
0 0
0 0
0 0
0 0
0 0
0 0
0 0
0 0
0 0
0 0
0 0
0 0
0 0
0 0
0 0
0 0
0 0
0 0
0 0
0 0
0 0
0 0
0 0
0 0
0 0
0 0
0 0
0 0
0 0
0 0
0 0
0 0
0 0
0 0
0 0
0 0
0 0
0 0
0 0
0 0
0 0
0 0
0 0
0 0
0 0
0 0
0 0
0 0
0 0
0 0
0 0
0 0
0 0
0 0
0 0
0 0
0 0
0 0
0 0
0 0
0 0
0 0
0 0
0 0
0 0
0 0
0 0
0 0
0 0
0 0
0 0
0 0
0 0
0 0
0 0
0 0
0 0
0 0
0 0
0 0
0 0
0 0
0 0
0 0
0 0
0 0
0 0
0 0
0 0
0 0
0 0
0 0
0 0
0 0
0 0
0 0
0 0
0 0
0 0
0 0
0 0
0 0
0 0
0 0
0 0
0 0
0 0
0 0
0 0
0 0
0 0
0 0
0 0
0 0
0 0
0 0
0 0
0 0
0 0
0 0
0 0
0 0
0 0
0 0
0 0
0 0
0 0
0 0
0 0
0 0
0 0
0 0
0 0
0 0
0 0
0 0
0 0
0 0
0 0
0 0
0 0
0 0
0 0
0 0
0 0
0 0
0 0
0 0
0 0
0 0
0 0
0 0
0 0
0 0
0 0
0 0
0 0
0 0
0 0
0 0
0 0
0 0
0 0
0 0
0 0
0 0
0 0
0 0
0 0
0 0
0 0
0 0
0 0
0 0
0 0
0 0
0 0
0 0
0 0
0 0
0 0
0 0
0 0
0 0
0 0
0 0
0 0
0 0
0 0
0 0
0 0
0 0
0 0
0 0
0 0
0 0
0 0
0 0
0 0
0 0
0 0
0 0
0 0
0 0
0 0
0 0
0 0
0 0
0 0
0 0
0 0
0 0
0 0
0 0
0 0
0 0
0 0
0 0
0 0
0 0
0 0
0 0
0 0
0 0
0 0
0 0
0 0
0 0
0 0
0 0
0 0
0 0
0 0
0 0
0 0
0 0
0 0
0 0
0 0
0 0
0 0
0 0
0 0
0 0
0 0
0 0
0 0
0 0
0 0
0 0
0 0
0 0
0 0
0 0
0 0
0 0
0 0
0 0
0 0
0 0
0 0
0 0
0 0
0.00551028 0
-0.0676868 0
-0.0120985 0
0.149409 0
-0.111858 0
0.0574944 0
-0.0593434 0
-0.0105556 0
0.132495 0
-0.152405 0
-0.0536269 0
0.0830138 0
0.0193936 0
-0.0821153 0
-0.119317 0
0.0325872 0
0.0486214 0
-0.0367708 0
0.0104194 0
-0.085993 0
0.109993 0
-0.0857513 0
0.0386489 0
0.0549294 0
-0.0513398 0
-0.0317095 0
-0.0889121 0
0.058022 0
-0.0813638 0
0.0717433 0
0.0629527 0
-0.121203 0
0.0430134 0
0.0207333 0
0.118223 0
0.0241025 0
-0.0816869 0
0.020908 0
-0.0811189 0
0.105779 0
-0.11454 0
0.106086 0
0.131788 0
-0.176082 0
0.132422 0
-0.00951456 0
0.0267355 0
0.0136887 0
0.1051 0
-0.0887752 0
0.0341331 0
0.01522 0
-0.0404254 0
0.0209059 0
0.0515093 0
-0.0272706 0
-0.0532623 0
0.0628372 0
-0.121577 0
0.0438207 0
0.0201645 0
0.0614893 0
0.0623455 0
-0.141558 0
0.209009 0
-0.157156 0
0.0679932 0
0.0249743 0
-0.025413 0
-0.02186 0
0.0506275 0
-0.0497536 0
0.0204958 0
0.0521954 0
-0.0897711 0
0.0586095 0
-0.0814762 0
0.0203576 0
-0.0352517 0
0.00285955 0
-0.0878902 0
-0.0492982 0
0.00641437 0
-0.0305597 0
0.0438921 0
-0.0252145 0
-0.0220321 0
0.0153397 0
-0.0403529 0
0.0388052 0
0.0552446 0
-0.0512201 0
0.0717393 0
0.117853 0
-0.220851 0
0.172663 0
-0.0492245 0
0.00621981 0
0.0682795 0
0.0247793 0
-0.0888992 0
0.034011 0
0.0106493 0
-0.0866697 0
0.110858 0
-0.0322422 0
0.117994 0
0.0025987 0
-0.0878318 0
0.209088 0
-0.157296 0
0.0135818 0
0.105647 0
-0.120097 0
0.0329607 0
0.0484803 0
-0.086143 0
-0.0349685 0
0.0620826 0
-0.141623 0
-0.00921034 0
0.0265268 0
-0.0534381 0
0.0835361 0
0.0190183 0
-0.0364916 0
0.0617577 0
-0.176316 0
0.132133 0
-0.05888 0
-0.0112185 0
0.133069 0
-0.0822227 0
0.132241 0
-0.0682898 0
-0.012004 0
0.149374 0
-0.152696 0
0.00607902 0
0.0570455 0
-0.111596 0
0 0
0 0
0 0
0 0
0 0
0 0
0 0
0 0
0 0
0 0
0 0
0 0
0 0
0 0
0 0
0 0
0 0
0 0
0 0
0 0
0 0
0 0
0 0
0 0
0 0
0 0
0 0
0 0
0 0
0 0
0 0
0 0
0 0
0 0
0 0
0 0
0 0
0 0
0 0
0 0
0 0
0 0
0 0
0 0
0 0
0 0
0 0
0 0
0 0
0 0
0 0
0 0
0 0
0 0
0 0
0 0
0 0
0 0
0 0
0 0
0 0
0 0
0 0
0 0
0 0
0 0
0 0
0 0
0 0
0 0
0 0
0 0
0 0
0 0
0 0
0 0
0 0
0 0
0 0
0 0
0 0
0 0
0 0
0 0
0 0
0 0
0 0
0 0
0 0
0 0
0 0
0 0
0 0
0 0
0 0
0 0
0 0
0 0
0 0
0 0
0 0
0 0
0 0
0 0
0 0
0 0
0 0
0 0
0 0
0 0
0 0
0 0
0 0
0 0
0 0
0 0
0 0
0 0
0 0
0 0
0 0
0 0
0 0
0 0
0 0
0 0
0 0
0 0
0 0
0 0
0 0
0 0
0 0
0 0
0 0
0 0
0 0
0 0
0 0
0 0
0 0
-0.111948 0
0.0880103 0
-0.0210186 0
0.0880103 0
-0.111948 0
0.120315 0
-0.136907 0
0.137895 0
-0.0306706 0
-0.0308127 0
-0.0890332 0
-0.0632385 0
0.12373 0
-0.0500072 0
0.082985 0
-0.0376049 0
0.0940048 0
-0.117004 0
-0.10701 0
0.145198 0
-0.0561805 0
-0.0203257 0
-0.10701 0
-0.0376049 0
0.0940048 0
-0.0203257 0
0.082985 0
-0.0632385 0
0.12373 0
-0.117004 0
-0.0890332 0
0.137895 0
-0.0306706 0
-0.0500072 0
-0.136907 0
-0.0210186 0
0.0880103 0
-0.0308127 0
0.0880103 0
-0.111948 0
0.120315 0
-0.111948 0
-0.0308127 0
-0.0306706 0
0.137895 0
-0.0890332 0
0.0910264 0
0.00867437 0
-0.0535843 0
0.00805637 0
0.0915435 0
-0.0714003 0
0.0915435 0
0.00805637 0
-0.0535843 0
0.00867437 0
0.0910264 0
-0.0890332 0
0.137895 0
-0.0306706 0
-0.0308127 0
-0.0500072 0
0.12373 0
-0.0632385 0
0.082985 0
-0.0535843 0
0.00805637 0
-0.0529514 0
0.0824251 0
-0.0502173 0
0.0824251 0
-0.0529514 0
0.00805637 0
-0.0535843 0
0.082985 0
-0.0632385 0
0.12373 0
-0.0500072 0
-0.117004 0
0.0940048 0
-0.0376049 0
-0.10701 0
0.0915435 0
-0.0714003 0
-0.0502173 0
0.0824251 0
-0.0502173 0
-0.0714003 0
0.0915435 0
-0.10701 0
-0.0376049 0
0.0940048 0
-0.117004 0
-0.0203257 0
-0.0561805 0
0.145198 0
-0.10701 0
0.0915435 0
0.00805637 0
-0.0529514 0
0.00805637 0
0.0915435 0
-0.10701 0
0.145198 0
-0.0561805 0
-0.0203257 0
-0.0203257 0
0.0940048 0
-0.0376049 0
0.082985 0
-0.0535843 0
0.00867437 0
-0.0535843 0
0.082985 0
-0.0376049 0
0.0940048 0
-0.0203257 0
-0.117004 0
0.12373 0
-0.0632385 0
-0.0890332 0
0.0910264 0
-0.0890332 0
-0.0632385 0
0.12373 0
-0.117004 0
-0.0500072 0
-0.0306706 0
0.137895 0
-0.136907 0
0.137895 0
-0.0306706 0
-0.0500072 0
-0.0308127 0
0.0880103 0
-0.0210186 0
0.0880103 0
-0.0308127 0
-0.111948 0
0.120315 0
-0.111948 0
-0.111948 0
0.0880103 0
-0.0210186 0
0.0880103 0
-0.111948 0
0.120315 0
-0.136907 0
0.137895 0
-0.0306706 0
-0.0308127 0
-0.0890332 0
-0.0632385 0
0.12373 0
-0.0500072 0
0.082985 0
-0.0376049 0
0.0940048 0
-0.117004 0
-0.10701 0
0.145198 0
-0.0561805 0
-0.0203257 0
-0.10701 0
-0.0376049 0
0.0940048 0
-0.0203257 0
0.082985 0
-0.0632385 0
0.12373 0
-0.117004 0
-0.0890332 0
0.137895 0
-0.0306706 0
-0.0500072 0
-0.136907 0
-0.0210186 0
0.0880103 0
-0.0308127 0
0.0880103 0
-0.111948 0
0.120315 0
-0.111948 0
-0.0308127 0
-0.0306706 0
0.137895 0
-0.0890332 0
0.0910264 0
0.00867437 0
-0.0535843 0
0.00805637 0
0.0915435 0
-0.0714003 0
0.0915435 0
0.00805637 0
-0.0535843 0
0.00867437 0
0.0910264 0
-0.0890332 0
0.137895 0
-0.0306706 0
-0.0308127 0
-0.0500072 0
0.12373 0
-0.0632385 0
0.082985 0
-0.0535843 0
0.00805637 0
-0.0529514 0
0.0824251 0
-0.0502173 0
0.0824251 0
-0.0529514 0
0.00805637 0
-0.0535843 0
0.082985 0
-0.0632385 0
0.12373 0
-0.0500072 0
-0.117004 0
0.0940048 0
-0.0376049 0
-0.10701 0
0.0915435 0
-0.0714003 0
-0.0502173 0
0.0824251 0
-0.0502173 0
-0.0714003 0
0.0915435 0
-0.10701 0
-0.0376049 0
0.0940048 0
-0.117004 0
-0.0203257 0
-0.0561805 0
0.145198 0
-0.10701 0
0.0915435 0
0.00805637 0
-0.0529514 0
0.00805637 0
0.0915435 0
-0.10701 0
0.145198 0
-0.0561805 0
-0.0203257 0
-0.0203257 0
0.0940048 0
-0.0376049 0
0.082985 0
-0.0535843 0
0.00867437 0
-0.0535843 0
0.082985 0
-0.0376049 0
0.0940048 0
-0.0203257 0
-0.117004 0
0.12373 0
-0.0632385 0
-0.0890332 0
0.0910264 0
-0.0890332 0
-0.0632385 0
0.12373 0
-0.117004 0
-0.0500072 0
-0.0306706 0
0.137895 0
-0.136907 0
0.137895 0
-0.0306706 0
-0.0500072 0
-0.0308127 0
0.0880103 0
-0.0210186 0
0.0880103 0
-0.0308127 0
-0.111948 0
0.120315 0
-0.111948 0
0 0
0 0
0 0
0 0
0 0
0 0
0 0
0 0
0 0
0 0
0 0
0 0
0 0
0 0
0 0
0 0
0 0
0 0
0 0
0 0
0 0
0 0
0 0
0 0
0 0
0 0
0 0
0 0
0 0
0 0
0 0
0 0
0 0
0 0
0 0
0 0
0 0
0 0
0 0
0 0
0 0
0 0
0 0
0 0
0 0
0 0
0 0
0 0
0 0
0 0
0 0
0 0
0 0
0 0
0 0
0 0
0 0
0 0
0 0
0 0
0 0
0 0
0 0
0 0
0 0
0 0
0 0
0 0
0 0
0 0
0 0
0 0
0 0
0 0
0 0
0 0
0 0
0 0
0 0
0 0
0 0
0 0
0 0
0 0
0 0
0 0
0 0
0 0
0 0
0 0
0 0
0 0
0 0
0 0
0 0
0 0
0 0
0 0
0 0
0 0
0 0
0 0
0 0
0 0
0 0
0 0
0 0
0 0
0 0
0 0
0 0
0 0
0 0
0 0
0 0
0 0
0 0
0 0
0 0
0 0
0 0
0 0
0 0
0 0
0 0
0 0
0 0
0 0
0 0
0 0
0 0
0 0
0 0
0 0
0 0
0 0
0 0
0 0
0 0
0 0
0 0
0 0
0 0
0 0
0 0
0 0
0 0
0 0
0 0
0 0
0 0
0 0
0 0
0 0
0 0
0 0
0 0
0 0
0 0
0 0
0 0
0 0
0 0
0 0
0 0
0 0
0 0
0 0
0 0
0 0
0 0
0 0
0 0
0 0
0 0
0 0
0 0
0 0
0 0
0 0
0 0
0 0
0 0
0 0
0 0
0 0
0 0
0 0
0 0
0 0
0 0
0 0
0 0
0 0
0 0
0 0
0 0
0 0
0 0
0 0
0 0
0 0
0 0
0 0
0 0
0 0
0 0
0 0
0 0
0 0
0 0
0 0
0 0
0 0
0 0
0 0
0 0
0 0
0 0
0 0
0 0
0 0
0 0
0 0
0 0
0 0
0 0
0 0
0 0
0 0
0 0
0 0
0 0
0 0
0 0
0 0
0 0
0 0
0 0
0 0
0 0
0 0
0 0
0 0
0 0
0 0
0 0
0 0
0 0
0 0
0 0
0 0
0 0
0 0
0 0
0 0
0 0
0 0
0 0
0 0
0 0
0 0
0 0
0 0
0 0
0 0
0 0
0 0
0 0
0 0
0 0
0 0
0 0
0 0
0 0
0 0
0 0
0 0
0 0
0 0
0 0
0 0
-0.00414542 0
-0.0231456 0
-0.0323056 0
0.0835876 0
-0.0580036 0
0.0313608 0
0.00357941 0
-0.0626026 0
0.0657173 0
-0.0753401 0
0.0547656 0
0.0155988 0
-0.0809921 0
0.00770778 0
-0.00468626 0
0.105281 0
-0.190902 0
0.137199 0
-0.0130517 0
0.0284055 0
-0.0782955 0
0.135838 0
0.0350547 0
-0.0619929 0
0.0962942 0
-0.00908224 0
-0.00849478 0
-0.0574842 0
0.14103 0
-0.119755 0
-0.0186166 0
-0.0183779 0
0.0615965 0
-0.102247 0
-0.00655962 0
0.0592031 0
-0.0587349 0
-0.00144399 0
-0.0520309 0
0.0552556 0
-0.0574716 0
0.0586385 0
0.0823197 0
-0.139991 0
0.0878146 0
-0.0376147 0
-0.0615277 0
0.104781 0
-0.111593 0
0.121053 0
-0.107821 0
0.105673 0
-0.0358821 0
-0.0696182 0
0.136312 0
-0.192022 0
0.112755 0
-0.0128141 0
-0.0278257 0
0.0745172 0
-0.0113467 0
0.107292 0
-0.0726346 0
0.0482557 0
0.0146187 0
-0.0345295 0
-0.0509713 0
-0.0204825 0
-0.0294907 0
-0.0657131 0
0.0540445 0
0.0375361 0
-0.0588132 0
0.131471 0
-0.00970734 0
-0.0595354 0
0.140505 0
-0.108502 0
-0.0116046 0
0.095632 0
-0.0426968 0
-0.0256365 0
0.156024 0
-0.232592 0
0.144639 0
-0.0245538 0
-0.0789254 0
0.126919 0
-0.0524545 0
0.0358452 0
-0.0526983 0
0.0782968 0
-0.110409 0
-0.135217 0
0.172333 0
-0.0625223 0
-0.0227935 0
0.160276 0
-0.0622398 0
-0.0170536 0
0.12059 0
-0.120142 0
-0.00941819 0
0.0341167 0
-0.0940377 0
0.00794296 0
-0.143781 0
0.112605 0
-0.0525824 0
0.0143936 0
-0.0198786 0
0.0872406 0
-0.101782 0
-0.0061239 0
0.10469 0
-0.191926 0
0.144299 0
-0.0267903 0
-0.0595133 0
0.0439366 0
-0.0419515 0
-0.0512278 0
0.0562313 0
0.00922845 0
-0.0683958 0
0.13136 0
0.100794 0
-0.140234 0
0.0904283 0
0.00298021 0
-0.0694368 0
0.0783944 0
-0.00504536 0
0.0866868 0
-0.0315567 0
-0.0268975 0
0.0818805 0
-0.0808757 0
0.00274798 0
0.0261109 0
-0.0544931 0
0 0
0 0
0 0
0 0
0 0
0 0
0 0
0 0
0 0
0 0
0 0
0 0
0 0
0 0
0 0
0 0
0 0
0 0
0 0
0 0
0 0
0 0
0 0
0 0
0 0
0 0
0 0
0 0
0 0
0 0
0 0
0 0
0 0
0 0
0 0
0 0
0 0
0 0
0 0
0 0
0 0
0 0
0 0
0 0
0 0
0 0
0 0
0 0
0 0
0 0
0 0
0 0
0 0
0 0
0 0
0 0
0 0
0 0
0 0
0 0
0 0
0 0
0 0
0 0
0 0
0 0
0 0
0 0
0 0
0 0
0 0
0 0
0 0
0 0
0 0
0 0
0 0
0 0
0 0
0 0
0 0
0 0
0 0
0 0
0 0
0 0
0 0
0 0
0 0
0 0
0 0
0 0
0 0
0 0
0 0
0 0
0 0
0 0
0 0
0 0
0 0
0 0
0 0
0 0
0 0
0 0
0 0
0 0
0 0
0 0
0 0
0 0
0 0
0 0
0 0
0 0
0 0
0 0
0 0
0 0
0 0
0 0
0 0
0 0
0 0
0 0
0 0
0 0
0 0
0 0
0 0
0 0
0 0
0 0
0 0
0 0
0 0
0 0
0 0
0 0
0 0
0.0653165 0
-0.0811843 0
0.0497102 0
-0.0118208 0
0.0303153 0
-0.0482564 0
-0.00550782 0
-0.068274 0
0.123987 0
-0.0565997 0
0.0168225 0
-0.0597396 0
0.115481 0
-0.120837 0
-0.0139147 0
-6.69083e-05 0
-0.0198078 0
-0.0482772 0
0.0338551 0
0.0557946 0
-0.153789 0
0.0875981 0
0.00936367 0
0.0850936 0
-0.166022 0
0.161379 0
-0.0119757 0
-0.0225324 0
0.00244724 0
0.0825407 0
0.054182 0
-0.0907891 0
0.126085 0
-0.0648581 0
-0.000345951 0
0.00312234 0
0.0606368 0
-0.0942209 0
-0.0664786 0
0.0350749 0
-0.00303102 0
-0.0290682 0
0.0458599 0
-0.00969828 0
0.0294789 0
-0.0432135 0
0.0946758 0
-0.161232 0
0.0873819 0
0.00197832 0
-0.12282 0
0.207564 0
-0.159445 0
0.0990507 0
-0.0388283 0
-0.0101271 0
0.00594666 0
-0.0558396 0
0.0883524 0
-0.118906 0
0.0935463 0
-0.0561192 0
0.120912 0
-0.0385166 0
-0.00136883 0
0.137463 0
-0.109817 0
0.0315174 0
0.0453788 0
-0.129075 0
0.00285028 0
0.00197963 0
-0.105824 0
0.0529511 0
0.0110158 0
0.0163609 0
0.0124008 0
0.0537433 0
-0.144982 0
0.166404 0
-0.0962342 0
0.0256765 0
0.0486474 0
-0.0122668 0
0.00762815 0
-0.0482291 0
0.121447 0
-0.195297 0
0.154786 0
-0.00562445 0
-0.0911424 0
0.17523 0
-0.0946794 0
-0.0885547 0
0.00908876 0
-0.00329739 0
-0.0282306 0
-0.031966 0
0.103846 0
-0.033497 0
0.0107658 0
0.110797 0
-0.0350401 0
-0.0524972 0
0.144701 0
-0.161439 0
0.0738405 0
-0.155422 0
0.0912093 0
0.00289892 0
-0.140333 0
0.171359 0
-0.0986351 0
0.0133446 0
0.0111406 0
-0.000382325 0
-0.0728238 0
0.142957 0
-0.127882 0
0.0433787 0
0.0390172 0
-0.100622 0
-0.0109685 0
0.061049 0
-0.12336 0
0.0624409 0
0.0670936 0
-0.00508065 0
-0.0200784 0
0.00585377 0
0.0613103 0
-0.116387 0
0.120977 0
-0.0369466 0
0.0782994 0
-0.0528326 0
0.0205475 0
0.048361 0
-0.0653902 0
0.0512874 0
-0.0362483 0
-0.0654253 0
0.0787851 0
-0.0524039 0
0.0192597 0
-0.0353885 0
0.0508712 0
0.00580627 0
0.0623927 0
-0.117603 0
0.0496245 0
-0.0118498 0
0.0608966 0
-0.122271 0
0.121042 0
0.013439 0
0.009496 0
0.00263029 0
0.0603713 0
-0.034888 0
-0.0530262 0
0.146159 0
-0.0750798 0
-0.0061864 0
-0.090304 0
0.173979 0
-0.161543 0
0.0111668 0
0.0172934 0
0.0101938 0
-0.0929347 0
-0.0556316 0
0.0887783 0
-0.120061 0
0.0554398 0
-0.000242945 0
0.00219267 0
-0.0656537 0
0.0937129 0
0.0615513 0
-0.0299851 0
-0.00212854 0
0.0342033 0
-0.0383027 0
-0.00287884 0
-0.0214954 0
0.0396709 0
-0.0998059 0
0.169969 0
-0.0970254 0
0.00887162 0
0.112669 0
-0.197265 0
0.15559 0
-0.104888 0
0.0508809 0
-0.0071118 0
0.00417606 0
0.0544675 0
-0.0904895 0
0.125102 0
-0.0941866 0
0.0655032 0
-0.126932 0
0.0426837 0
0.00267263 0
-0.140004 0
0.10481 0
-0.0332252 0
-0.0478377 0
0.12267 0
0.00200162 0
0.0013902 0
0.100131 0
-0.0409632 0
-0.0118409 0
-0.0216273 0
0.000233258 0
-0.0632451 0
0.143359 0
-0.15717 0
0.0920234 0
-0.0278694 0
-0.0344778 0
-0.00861438 0
0.0053569 0
0.0458361 0
-0.128027 0
0.20588 0
-0.158862 0
0.00881228 0
0.0860562 0
-0.167513 0
0.0844102 0
0.0760883 0
0.00638261 0
-0.0023156 0
0.0260757 0
0.0461924 0
-0.109003 0
0.031835 0
7.79639e-05 0
-0.121112 0
0.0340558 0
0.0553418 0
-0.152541 0
0.161501 0
-0.0864214 0
0.164883 0
-0.0955522 0
-0.00159812 0
0.137989 0
-0.162857 0
0.0891227 0
-0.0138394 0
-0.00171944 0
-0.0168089 0
0.0854551 0
-0.144782 0
0.122038 0
-0.0392693 0
-0.0426177 0
0.0956299 0
0.0159608 0
-0.0599771 0
0.116738 0
-0.0504248 0
-0.0577964 0
-0.00749972 0
0.0280968 0
-0.00556333 0
-0.0672829 0
0.12294 0
-0.120943 0
0.0445621 0
-0.080811 0
0.0502112 0
-0.0131314 0
-0.0554101 0
0.0653736 0
-0.0487427 0
0.031222 0
0 0
0 0
0 0
0 0
0 0
0 0
0 0
0 0
0 0
0 0
0 0
0 0
0 0
0 0
0 0
0 0
0 0
0 0
0 0
0 0
0 0
0 0
0 0
0 0
0 0
0 0
0 0
0 0
0 0
0 0
0 0
0 0
0 0
0 0
0 0
0 0
0 0
0 0
0 0
0 0
0 0
0 0
0 0
0 0
0 0
0 0
0 0
0 0
0 0
0 0
0 0
0 0
0 0
0 0
0 0
0 0
0 0
0 0
0 0
0 0
0 0
0 0
0 0
0 0
0 0
0 0
0 0
0 0
0 0
0 0
0 0
0 0
0 0
0 0
0 0
0 0
0 0
0 0
0 0
0 0
0 0
0 0
0 0
0 0
0 0
0 0
0 0
0 0
0 0
0 0
0 0
0 0
0 0
0 0
0 0
0 0
0 0
0 0
0 0
0 0
0 0
0 0
0 0
0 0
0 0
0 0
0 0
0 0
0 0
0 0
0 0
0 0
0 0
0 0
0 0
0 0
0 0
0 0
0 0
0 0
0 0
0 0
0 0
0 0
0 0
0 0
0 0
0 0
0 0
0 0
0 0
0 0
0 0
0 0
0 0
0 0
0 0
0 0
0 0
0 0
0 0
-0.00172125 0
0.0303238 0
0.0277235 0
-0.0821929 0
0.0550553 0
-0.0269127 0
-0.00307173 0
0.0684658 0
-0.0765579 0
0.0801066 0
-0.0560522 0
-0.0101856 0
0.0703237 0
0.00314582 0
0.00591368 0
-0.104852 0
0.191909 0
-0.132324 0
0.00996704 0
-0.0332885 0
0.0917548 0
-0.143138 0
-0.0357525 0
0.0541225 0
-0.0810376 0
-0.00540796 0
0.00953324 0
0.0592713 0
-0.140683 0
0.111881 0
0.013689 0
0.0264355 0
-0.0726416 0
0.107645 0
0.00656424 0
-0.0592448 0
0.053068 0
0.00987698 0
0.0577759 0
-0.058175 0
0.0575121 0
-0.0557994 0
-0.0860962 0
0.140297 0
-0.090102 0
0.0413339 0
0.0528009 0
-0.0899196 0
0.103318 0
-0.120744 0
0.118388 0
-0.123838 0
0.0500184 0
0.0604671 0
-0.132286 0
0.192157 0
-0.112835 0
0.0177639 0
0.0198007 0
-0.063568 0
0.00292275 0
-0.101835 0
0.0615133 0
-0.0446121 0
-0.0144373 0
0.0220789 0
0.0606021 0
0.0175773 0
0.0253078 0
0.0770094 0
-0.0540826 0
-0.0375625 0
0.0680549 0
-0.135685 0
0.00868171 0
0.0578308 0
-0.141051 0
0.103252 0
0.0245431 0
-0.110151 0
0.0511443 0
0.0232338 0
-0.159754 0
0.232756 0
-0.14474 0
0.0287747 0
0.067731 0
-0.108918 0
0.0383804 0
-0.0351974 0
0.0606496 0
-0.0936764 0
0.118445 0
0.142605 0
-0.172455 0
0.0625663 0
0.0252304 0
-0.156768 0
0.0526888 0
0.0199852 0
-0.121069 0
0.109736 0
0.0125187 0
-0.0292778 0
0.0806998 0
0.00654804 0
0.13659 0
-0.0982322 0
0.0442021 0
-0.0145954 0
0.0323675 0
-0.102238 0
0.110207 0
0.0049041 0
-0.105267 0
0.191189 0
-0.137197 0
0.0138789 0
0.0707277 0
-0.0476452 0
0.0382883 0
0.060034 0
-0.0550229 0
-0.0146591 0
0.0791695 0
-0.136425 0
-0.106398 0
0.140126 0
-0.0882665 0
-0.00349252 0
0.0636665 0
-0.0676553 0
-0.00581012 0
-0.0830294 0
0.0244171 0
0.0315213 0
-0.0833917 0
0.0762192 0
0.00311967 0
-0.0305994 0
0.0575206 0
0 0
0 0
0 0
0 0
0 0
0 0
0 0
0 0
0 0
0 0
0 0
0 0
0 0
0 0
0 0
0 0
0 0
0 0
0 0
0 0
0 0
0 0
0 0
0 0
0 0
0 0
0 0
0 0
0 0
0 0
0 0
0 0
0 0
0 0
0 0
0 0
0 0
0 0
0 0
0 0
0 0
0 0
0 0
0 0
0 0
0 0
0 0
0 0
0 0
0 0
0 0
0 0
0 0
0 0
0 0
0 0
0 0
0 0
0 0
0 0
0 0
0 0
0 0
0 0
0 0
0 0
0 0
0 0
0 0
0 0
0 0
0 0
0 0
0 0
0 0
0 0
0 0
0 0
0 0
0 0
0 0
0 0
0 0
0 0
0 0
0 0
0 0
0 0
0 0
0 0
0 0
0 0
0 0
0 0
0 0
0 0
0 0
0 0
0 0
0 0
0 0
0 0
0 0
0 0
0 0
0 0
0 0
0 0
0 0
0 0
0 0
0 0
0 0
0 0
0 0
0 0
0 0
0 0
0 0
0 0
0 0
0 0
0 0
0 0
0 0
0 0
0 0
0 0
0 0
0 0
0 0
0 0
0 0
0 0
0 0
0 0
0 0
0 0
0 0
0 0
0 0
0 0
0 0
0 0
0 0
0 0
0 0
0 0
0 0
0 0
0 0
0 0
0 0
0 0
0 0
0 0
0 0
0 0
0 0
0 0
0 0
0 0
0 0
0 0
0 0
0 0
0 0
0 0
0 0
0 0
0 0
0 0
0 0
0 0
0 0
0 0
0 0
0 0
0 0
0 0
0 0
0 0
0 0
0 0
0 0
0 0
0 0
0 0
0 0
0 0
0 0
0 0
0 0
0 0
0 0
0 0
0 0
0 0
0 0
0 0
0 0
0 0
0 0
0 0
0 0
0 0
0 0
0 0
0 0
0 0
0 0
0 0
0 0
0 0
0 0
0 0
0 0
0 0
0 0
0 0
0 0
0 0
0 0
0 0
0 0
0 0
0 0
0 0
0 0
0 0
0 0
0 0
0 0
0 0
0 0
0 0
0 0
0 0
0 0
0 0
0 0
0 0
0 0
0 0
0 0
0 0
0 0
0 0
0 0
0 0
0 0
0 0
0 0
0 0
0 0
0 0
0 0
0 0
0 0
0 0
0 0
0 0
0 0
0 0
0 0
0 0
0 0
0 0
0 0
0 0
0 0
0 0
0 0
0 0
0 0
0 0
0 0
0 0
0 0
0 0
0 0
0 0
-0.105346 0
0.113333 0
-0.103283 0
0.113333 0
-0.105346 0
0.102728 0
-0.0148366 0
0.066856 0
-0.0644904 0
-0.0238144 0
-0.0577926 0
0.0658453 0
-0.11851 0
0.0892263 0
0.0412558 0
-0.00921026 0
-0.0619523 0
0.0879888 0
0.0395865 0
-0.0205252 0
-0.0370763 0
0.0482838 0
0.0395865 0
-0.00921026 0
-0.0619523 0
0.0482838 0
0.0412558 0
0.0658453 0
-0.11851 0
0.0879888 0
-0.0577926 0
0.066856 0
-0.0644904 0
0.0892263 0
-0.0148366 0
-0.103283 0
0.113333 0
-0.0238144 0
0.113333 0
-0.105346 0
0.102728 0
-0.105346 0
-0.0238144 0
-0.0644904 0
0.066856 0
-0.0577926 0
-0.0141705 0
0.144648 0
-0.141249 0
0.103794 0
-0.0514552 0
-0.0378477 0
-0.0514552 0
0.103794 0
-0.141249 0
0.144648 0
-0.0141705 0
-0.0577926 0
0.066856 0
-0.0644904 0
-0.0238144 0
0.0892263 0
-0.11851 0
0.0658453 0
0.0412558 0
-0.141249 0
0.103794 0
-0.0201741 0
-0.166212 0
0.180535 0
-0.166212 0
-0.0201741 0
0.103794 0
-0.141249 0
0.0412558 0
0.0658453 0
-0.11851 0
0.0892263 0
0.0879888 0
-0.0619523 0
-0.00921026 0
0.0395865 0
-0.0514552 0
-0.0378477 0
0.180535 0
-0.166212 0
0.180535 0
-0.0378477 0
-0.0514552 0
0.0395865 0
-0.00921026 0
-0.0619523 0
0.0879888 0
0.0482838 0
-0.0370763 0
-0.0205252 0
0.0395865 0
-0.0514552 0
0.103794 0
-0.0201741 0
0.103794 0
-0.0514552 0
0.0395865 0
-0.0205252 0
-0.0370763 0
0.0482838 0
0.0482838 0
-0.0619523 0
-0.00921026 0
0.0412558 0
-0.141249 0
0.144648 0
-0.141249 0
0.0412558 0
-0.00921026 0
-0.0619523 0
0.0482838 0
0.0879888 0
-0.11851 0
0.0658453 0
-0.0577926 0
-0.0141705 0
-0.0577926 0
0.0658453 0
-0.11851 0
0.0879888 0
0.0892263 0
-0.0644904 0
0.066856 0
-0.0148366 0
0.066856 0
-0.0644904 0
0.0892263 0
-0.0238144 0
0.113333 0
-0.103283 0
0.113333 0
-0.0238144 0
-0.105346 0
0.102728 0
-0.105346 0
0.105346 0
-0.113333 0
0.103283 0
-0.113333 0
0.105346 0
-0.102728 0
0.0148366 0
-0.066856 0
0.0644904 0
0.0238144 0
0.0577926 0
-0.0658453 0
0.11851 0
-0.0892263 0
-0.0412558 0
0.00921026 0
0.0619523 0
-0.0879888 0
-0.0395865 0
0.0205252 0
0.0370763 0
-0.0482838 0
-0.0395865 0
0.00921026 0
0.0619523 0
-0.0482838 0
-0.0412558 0
-0.0658453 0
0.11851 0
-0.0879888 0
0.0577926 0
-0.066856 0
0.0644904 0
-0.0892263 0
0.0148366 0
0.103283 0
-0.113333 0
0.0238144 0
-0.113333 0
0.105346 0
-0.102728 0
0.105346 0
0.0238144 0
0.0644904 0
-0.066856 0
0.0577926 0
0.0141705 0
-0.144648 0
0.141249 0
-0.103794 0
0.0514552 0
0.0378477 0
0.0514552 0
-0.103794 0
0.141249 0
-0.144648 0
0.0141705 0
0.0577926 0
-0.066856 0
0.0644904 0
0.0238144 0
-0.0892263 0
0.11851 0
-0.0658453 0
-0.0412558 0
0.141249 0
-0.103794 0
0.0201741 0
0.166212 0
-0.180535 0
0.166212 0
0.0201741 0
-0.103794 0
0.141249 0
-0.0412558 0
-0.0658453 0
0.11851 0
-0.0892263 0
-0.0879888 0
0.0619523 0
0.00921026 0
-0.0395865 0
0.0514552 0
0.0378477 0
-0.180535 0
0.166212 0
-0.180535 0
0.0378477 0
0.0514552 0
-0.0395865 0
0.00921026 0
0.0619523 0
-0.0879888 0
-0.0482838 0
0.0370763 0
0.0205252 0
-0.0395865 0
0.0514552 0
-0.103794 0
0.0201741 0
-0.103794 0
0.0514552 0
-0.0395865 0
0.0205252 0
0.0370763 0
-0.0482838 0
-0.0482838 0
0.0619523 0
0.00921026 0
-0.0412558 0
0.141249 0
-0.144648 0
0.141249 0
-0.0412558 0
0.00921026 0
0.0619523 0
-0.0482838 0
-0.0879888 0
0.11851 0
-0.0658453 0
0.0577926 0
0.0141705 0
0.0577926 0
-0.0658453 0
0.11851 0
-0.0879888 0
-0.0892263 0
0.0644904 0
-0.066856 0
0.0148366 0
-0.066856 0
0.0644904 0
-0.0892263 0
0.0238144 0
-0.113333 0
0.103283 0
-0.113333 0
0.0238144 0
0.105346 0
-0.102728 0
0.105346 0
0 0
0 0
0 0
0 0
0 0
0 0
0 0
0 0
0 0
0 0
0 0
0 0
0 0
0 0
0 0
0 0
0 0
0 0
0 0
0 0
0 0
0 0
0 0
0 0
0 0
0 0
0 0
0 0
0 0
0 0
0 0
0 0
0 0
0 0
0 0
0 0
0 0
0 0
0 0
0 0
0 0
0 0
0 0
0 0
0 0
0 0
0 0
0 0
0 0
0 0
0 0
0 0
0 0
0 0
0 0
0 0
0 0
0 0
0 0
0 0
0 0
0 0
0 0
0 0
0 0
0 0
0 0
0 0
0 0
0 0
0 0
0 0
0 0
0 0
0 0
0 0
0 0
0 0
0 0
0 0
0 0
0 0
0 0
0 0
0 0
0 0
0 0
0 0
0 0
0 0
0 0
0 0
0 0
0 0
0 0
0 0
0 0
0 0
0 0
0 0
0 0
0 0
0 0
0 0
0 0
0 0
0 0
0 0
0 0
0 0
0 0
0 0
0 0
0 0
0 0
0 0
0 0
0 0
0 0
0 0
0 0
0 0
0 0
0 0
0 0
0 0
0 0
0 0
0 0
0 0
0 0
0 0
0 0
0 0
0 0
0 0
0 0
0 0
0 0
0 0
0 0
0.0385979 0
-0.0800641 0
1.0409e-15 0
0.0800641 0
-0.0385979 0
-6.73567e-16 0
3.62748e-16 0
-0.12748 0
0.18437 0
-0.12748 0
0.0800641 0
-0.0385979 0
0.0800641 0
-0.12748 0
-0.0800641 0
0.12748 0
-0.0800641 0
2.86664e-15 0
-0.104306 0
4.52004e-16 0
-1.73433e-15 0
0.0385979 0
0.104306 0
-0.12748 0
0.0800641 0
-0.0385979 0
0.0800641 0
0.0385979 0
-0.0800641 0
1.39545e-15 0
-0.0800641 0
0.12748 0
-0.18437 0
0.12748 0
-1.14695e-15 0
-3.55932e-15 0
-0.0800641 0
0.12748 0
0.0800641 0
-0.0385979 0
4.22274e-15 0
0.0385979 0
0.12748 0
-0.18437 0
0.12748 0
-0.0800641 0
-3.1927e-15 0
3.07461e-15 0
0.0771957 0
-0.0800641 0
0.0888822 0
9.95944e-16 0
-0.0888822 0
0.0800641 0
-0.0771957 0
2.59056e-15 0
1.77196e-15 0
0.0800641 0
-0.12748 0
0.18437 0
-0.12748 0
0.12748 0
-0.0800641 0
0.0385979 0
0.0800641 0
-0.0771957 0
0.0800641 0
1.18219e-15 0
-2.20481e-15 0
1.07194e-15 0
-1.74454e-15 0
-1.39064e-15 0
-0.0800641 0
0.0771957 0
-0.0800641 0
-0.0385979 0
0.0800641 0
-0.12748 0
2.39752e-15 0
0.0800641 0
-0.12748 0
0.104306 0
-0.0888822 0
5.01794e-16 0
2.17167e-15 0
-2.4405e-15 0
3.57386e-15 0
-2.83522e-15 0
0.0888822 0
-0.104306 0
0.12748 0
-0.0800641 0
-4.05121e-16 0
-0.0385979 0
-1.81589e-15 0
1.92764e-17 0
-0.104306 0
0.0888822 0
-0.0800641 0
-6.41572e-16 0
0.0800641 0
-0.0888822 0
0.104306 0
2.67737e-16 0
3.10597e-16 0
0.0385979 0
0.0385979 0
-0.0800641 0
0.12748 0
-0.0800641 0
0.0771957 0
2.39352e-15 0
-0.0771957 0
0.0800641 0
-0.12748 0
0.0800641 0
-0.0385979 0
1.45159e-15 0
0.0800641 0
-0.0385979 0
0.0800641 0
1.26459e-15 0
-0.0800641 0
0.0385979 0
-0.0800641 0
1.23173e-16 0
-0.12748 0
0.18437 0
-0.12748 0
-6.73844e-16 0
0.12748 0
-0.18437 0
0.12748 0
-0.12748 0
0.0800641 0
-3.0691e-15 0
-0.0800641 0
0.12748 0
-0.0385979 0
3.60394e-15 0
0.0385979 0
0 0
0 0
0 0
0 0
0 0
0 0
0 0
0 0
0 0
0 0
0 0
0 0
0 0
0 0
0 0
0 0
0 0
0 0
0 0
0 0
0 0
0 0
0 0
0 0
0 0
0 0
0 0
0 0
0 0
0 0
0 0
0 0
0 0
0 0
0 0
0 0
0 0
0 0
0 0
0 0
0 0
0 0
0 0
0 0
0 0
0 0
0 0
0 0
0 0
0 0
0 0
0 0
0 0
0 0
0 0
0 0
0 0
0 0
0 0
0 0
0 0
0 0
0 0
0 0
0 0
0 0
0 0
0 0
0 0
0 0
0 0
0 0
0 0
0 0
0 0
0 0
0 0
0 0
0 0
0 0
0 0
0 0
0 0
0 0
0 0
0 0
0 0
0 0
0 0
0 0
0 0
0 0
0 0
0 0
0 0
0 0
0 0
0 0
0 0
0 0
0 0
0 0
0 0
0 0
0 0
0 0
0 0
0 0
0 0
0 0
0 0
0 0
0 0
0 0
0 0
0 0
0 0
0 0
0 0
0 0
0 0
0 0
0 0
0 0
0 0
0 0
0 0
0 0
0 0
0 0
0 0
0 0
0 0
0 0
0 0
0 0
0 0
0 0
0 0
0 0
0 0
0 0
0 0
0 0
0 0
0 0
0 0
0 0
0 0
0 0
0 0
0 0
0 0
0 0
0 0
0 0
0 0
0 0
0 0
0 0
0 0
0 0
0 0
0 0
0 0
0 0
0 0
0 0
0 0
0 0
0 0
0 0
0 0
0 0
0 0
0 0
0 0
0 0
0 0
0 0
0 0
0 0
0 0
0 0
0 0
0 0
0 0
0 0
0 0
0 0
0 0
0 0
0 0
0 0
0 0
0 0
0 0
0 0
0 0
0 0
0 0
0 0
0 0
0 0
0 0
0 0
0 0
0 0
0 0
0 0
0 0
0 0
0 0
0 0
0 0
0 0
0 0
0 0
0 0
0 0
0 0
0 0
0 0
0 0
0 0
0 0
0 0
0 0
0 0
0 0
0 0
0 0
0 0
0 0
0 0
0 0
0 0
0 0
0 0
0 0
0 0
0 0
0 0
0 0
0 0
0 0
0 0
0 0
0 0
0 0
0 0
0 0
0 0
0 0
0 0
0 0
0 0
0 0
0 0
0 0
0 0
0 0
0 0
0 0
0 0
0 0
0 0
0 0
0 0
0 0
0 0
0 0
0 0
0 0
0 0
0 0
0 0
0 0
0 0
0 0
0 0
0 0
0.0385979 0
-0.0800641 0
-1.69859e-15 0
0.0800641 0
-0.0385979 0
1.83313e-15 0
8.64522e-17 0
-0.12748 0
0.18437 0
-0.12748 0
0.0800641 0
-0.0385979 0
0.0800641 0
-0.12748 0
-0.0800641 0
0.12748 0
-0.0800641 0
2.40972e-15 0
-0.104306 0
-7.30628e-16 0
-1.67437e-15 0
0.0385979 0
0.104306 0
-0.12748 0
0.0800641 0
-0.0385979 0
0.0800641 0
0.0385979 0
-0.0800641 0
1.69174e-15 0
-0.0800641 0
0.12748 0
-0.18437 0
0.12748 0
-6.1135e-16 0
-2.58315e-15 0
-0.0800641 0
0.12748 0
0.0800641 0
-0.0385979 0
2.73303e-15 0
0.0385979 0
0.12748 0
-0.18437 0
0.12748 0
-0.0800641 0
-1.10635e-15 0
2.27902e-15 0
0.0771957 0
-0.0800641 0
0.0888822 0
9.13573e-16 0
-0.0888822 0
0.0800641 0
-0.0771957 0
1.35729e-15 0
5.15356e-16 0
0.0800641 0
-0.12748 0
0.18437 0
-0.12748 0
0.12748 0
-0.0800641 0
0.0385979 0
0.0800641 0
-0.0771957 0
0.0800641 0
3.25667e-16 0
-3.88407e-15 0
3.21448e-15 0
-3.56557e-15 0
-1.7942e-16 0
-0.0800641 0
0.0771957 0
-0.0800641 0
-0.0385979 0
0.0800641 0
-0.12748 0
1.38165e-15 0
0.0800641 0
-0.12748 0
0.104306 0
-0.0888822 0
-2.98885e-16 0
4.02366e-15 0
-3.51696e-15 0
4.17333e-15 0
-1.54453e-15 0
0.0888822 0
-0.104306 0
0.12748 0
-0.0800641 0
4.61862e-16 0
-0.0385979 0
2.73953e-16 0
-1.21982e-15 0
-0.104306 0
0.0888822 0
-0.0800641 0
-9.49012e-16 0
0.0800641 0
-0.0888822 0
0.104306 0
-1.94241e-15 0
6.19709e-16 0
0.0385979 0
0.0385979 0
-0.0800641 0
0.12748 0
-0.0800641 0
0.0771957 0
2.3347e-15 0
-0.0771957 0
0.0800641 0
-0.12748 0
0.0800641 0
-0.0385979 0
2.04919e-15 0
0.0800641 0
-0.0385979 0
0.0800641 0
2.42231e-16 0
-0.0800641 0
0.0385979 0
-0.0800641 0
2.60611e-15 0
-0.12748 0
0.18437 0
-0.12748 0
-1.63763e-17 0
0.12748 0
-0.18437 0
0.12748 0
-0.12748 0
0.0800641 0
-3.06647e-15 0
-0.0800641 0
0.12748 0
-0.0385979 0
2.60167e-15 0
0.0385979 0
0 0
0 0
0 0
0 0
0 0
0 0
0 0
0 0
0 0
0 0
0 0
0 0
0 0
0 0
0 0
0 0
0 0
0 0
0 0
0 0
0 0
0 0
0 0
0 0
0 0
0 0
0 0
0 0
0 0
0 0
0 0
0 0
0 0
0 0
0 0
0 0
0 0
0 0
0 0
0 0
0 0
0 0
0 0
0 0
0 0
0 0
0 0
0 0
0 0
0 0
0 0
0 0
0 0
0 0
0 0
0 0
0 0
0 0
0 0
0 0
0 0
0 0
0 0
0 0
0 0
0 0
0 0
0 0
0 0
0 0
0 0
0 0
0 0
0 0
0 0
0 0
0 0
0 0
0 0
0 0
0 0
0 0
0 0
0 0
0 0
0 0
0 0
0 0
0 0
0 0
0 0
0 0
0 0
0 0
0 0
0 0
0 0
0 0
0 0
0 0
0 0
0 0
0 0
0 0
0 0
0 0
0 0
0 0
0 0
0 0
0 0
0 0
0 0
0 0
0 0
0 0
0 0
0 0
0 0
0 0
0 0
0 0
0 0
0 0
0 0
0 0
0 0
0 0
0 0
0 0
0 0
0 0
0 0
0 0
0 0
0 0
0 0
0 0
0 0
0 0
0 0
-0.0180356 0
0.00298366 0
-0.0345218 0
0.0812398 0
-0.0552878 0
0.0349041 0
-0.0117029 0
-0.0339382 0
0.0886068 0
-0.0808519 0
-0.00560949 0
-0.0074289 0
0.061274 0
-0.0713476 0
-0.0400585 0
0.0230911 0
0.0436411 0
-0.0499426 0
-0.0520905 0
-0.0279361 0
0.0925399 0
-0.0648261 0
0.0182363 0
-0.0678193 0
0.120972 0
-0.101638 0
0.00326103 0
0.0171987 0
0.0568955 0
-0.0846699 0
-0.0962862 0
0.0364466 0
0.0524468 0
-0.0520501 0
-0.0327245 0
-0.0965322 0
0.146222 0
-0.0945722 0
0.0892887 0
-0.0889648 0
0.097601 0
-0.116067 0
0.0462896 0
-0.100225 0
0.0930446 0
-0.0835321 0
0.053151 0
-0.0225135 0
0.0684892 0
-0.0813042 0
0.114272 0
-0.106658 0
0.0574461 0
-0.0322558 0
0.0437701 0
-0.0629538 0
0.148624 0
-0.152977 0
0.12883 0
-0.0849341 0
-0.0020729 0
0.0712097 0
-0.0493663 0
0.0292814 0
0.0713866 0
-0.0743457 0
0.107306 0
-0.0119646 0
-0.000867703 0
0.0523405 0
-0.00242633 0
-0.0334561 0
0.104964 0
-0.0601466 0
0.0843407 0
0.0439066 0
-0.0235986 0
0.0516647 0
0.00321341 0
0.0426159 0
-0.104898 0
0.106359 0
-0.139109 0
0.0785628 0
-0.0385532 0
0.00329403 0
-0.0137874 0
0.0280956 0
-0.126896 0
0.133513 0
-0.160936 0
0.120226 0
-0.0459973 0
0.0121613 0
-0.0681633 0
0.0205772 0
-0.0814227 0
0.0126241 0
-0.0236597 0
0.0454207 0
-0.0750503 0
0.0816628 0
-0.124595 0
0.00735883 0
-0.0243766 0
-0.045627 0
0.110453 0
-0.163867 0
0.137845 0
-0.0442822 0
-0.00834258 0
0.0854673 0
0.0305756 0
-0.0746477 0
0.172718 0
-0.163588 0
0.0894763 0
0.0959399 0
-0.0376754 0
-0.0364777 0
0.158587 0
-0.201775 0
0.179818 0
-0.0464801 0
-0.00752922 0
0.0814565 0
0.0196829 0
-0.00367275 0
-0.0948922 0
0.0444275 0
-0.129491 0
0.0477782 0
-0.0191597 0
0.0829248 0
-0.170528 0
0.131054 0
-0.149206 0
0.0482825 0
0.144253 0
-0.132505 0
0.134103 0
0.145555 0
-0.169705 0
0.134576 0
-0.158622 0
0.14028 0
-0.136066 0
0.0456214 0
-0.124198 0
0.0360161 0
0.058364 0
0.179267 0
-0.0451929 0
-0.0153755 0
-0.00982553 0
-0.0689541 0
0.168517 0
-0.168055 0
0.087318 0
-0.116997 0
0.0109083 0
-0.0361343 0
0.0971998 0
0.130216 0
-0.151052 0
0.103778 0
-0.0322002 0
0.0833226 0
0.0413781 0
-0.0307665 0
-0.0347554 0
-0.13948 0
0.123219 0
-0.0910937 0
0.058009 0
-0.0282737 0
-0.0834028 0
0.0698044 0
0.0101343 0
0.133675 0
-0.103775 0
0.0843263 0
-0.0733706 0
0.0763693 0
0.00927459 0
-0.106215 0
0.168232 0
-0.207198 0
0.0877641 0
0.0215291 0
-0.0640364 0
0.0663517 0
0.0416472 0
-0.133403 0
0.108378 0
-0.0653633 0
-0.0543914 0
0.12841 0
-0.0758815 0
0.0195791 0
0.063025 0
-0.0936347 0
0.0103628 0
-0.0310439 0
-0.0399942 0
-0.0531718 0
0.00130142 0
-0.0373262 0
0.0466413 0
0.00338255 0
-0.0204376 0
-0.00209632 0
-0.0289058 0
-0.0455594 0
0.0512142 0
-0.00763555 0
0.0114163 0
0.0595347 0
-0.058342 0
0.0948457 0
-0.1682 0
0.150391 0
-0.0945578 0
0.030469 0
0.0678775 0
-0.0333095 0
-0.00128623 0
0.0537471 0
-0.109525 0
0.0733989 0
0.000894132 0
-0.0465904 0
0.104614 0
-0.0781397 0
0.108102 0
-0.0588924 0
0.0177785 0
0.116103 0
-0.139751 0
0.109596 0
-0.0177356 0
-0.0710522 0
0.102934 0
-0.0356581 0
-0.0286868 0
0.0950267 0
-0.0950349 0
-0.00216483 0
0.0634401 0
-0.121926 0
0.0765897 0
-0.0727433 0
-0.0333727 0
0.0640619 0
-0.0301508 0
0.000660166 0
0.0644221 0
-0.0759022 0
-0.00917823 0
-0.0441592 0
0.0337767 0
-0.103386 0
0.0787878 0
-0.0287525 0
-0.00138389 0
0.0618104 0
-0.0600903 0
0.0681675 0
-0.0990411 0
0.104619 0
-0.0173477 0
-0.0170033 0
0.0818192 0
-0.0683718 0
0.0352707 0
0.0249476 0
-0.0511731 0
0.0999001 0
-0.0865036 0
-0.0365053 0
0.0517396 0
-0.0721849 0
0 0
0 0
0 0
0 0
0 0
0 0
0 0
0 0
0 0
0 0
0 0
0 0
0 0
0 0
0 0
0 0
0 0
0 0
0 0
0 0
0 0
0 0
0 0
0 0
0 0
0 0
0 0
0 0
0 0
0 0
0 0
0 0
0 0
0 0
0 0
0 0
0 0
0 0
0 0
0 0
0 0
0 0
0 0
0 0
0 0
0 0
0 0
0 0
0 0
0 0
0 0
0 0
0 0
0 0
0 0
0 0
0 0
0 0
0 0
0 0
0 0
0 0
0 0
0 0
0 0
0 0
0 0
0 0
0 0
0 0
0 0
0 0
0 0
0 0
0 0
0 0
0 0
0 0
0 0
0 0
0 0
0 0
0 0
0 0
0 0
0 0
0 0
0 0
0 0
0 0
0 0
0 0
0 0
0 0
0 0
0 0
0 0
0 0
0 0
0 0
0 0
0 0
0 0
0 0
0 0
0 0
0 0
0 0
0 0
0 0
0 0
0 0
0 0
0 0
0 0
0 0
0 0
0 0
0 0
0 0
0 0
0 0
0 0
0 0
0 0
0 0
0 0
0 0
0 0
0 0
0 0
0 0
0 0
0 0
0 0
0 0
0 0
0 0
0 0
0 0
0 0
0 0
0 0
0 0
0 0
0 0
0 0
0 0
0 0
0 0
0 0
0 0
0 0
0 0
0 0
0 0
0 0
0 0
0 0
0 0
0 0
0 0
0 0
0 0
0 0
0 0
0 0
0 0
0 0
0 0
0 0
0 0
0 0
0 0
0 0
0 0
0 0
0 0
0 0
0 0
0 0
0 0
0 0
0 0
0 0
0 0
0 0
0 0
0 0
0 0
0 0
0 0
0 0
0 0
0 0
0 0
0 0
0 0
0 0
0 0
0 0
0 0
0 0
0 0
0 0
0 0
0 0
0 0
0 0
0 0
0 0
0 0
0 0
0 0
0 0
0 0
0 0
0 0
0 0
0 0
0 0
0 0
0 0
0 0
0 0
0 0
0 0
0 0
0 0
0 0
0 0
0 0
0 0
0 0
0 0
0 0
0 0
0 0
0 0
0 0
0 0
0 0
0 0
0 0
0 0
0 0
0 0
0 0
0 0
0 0
0 0
0 0
0 0
0 0
0 0
0 0
0 0
0 0
0 0
0 0
0 0
0 0
0 0
0 0
0 0
0 0
0 0
0 0
0 0
0 0
0 0
0 0
0 0
0 0
0 0
0 0
0 0
0 0
0 0
0 0
0 0
0 0
-0.144435 0
0.170566 0
-0.131397 0
0.150005 0
-0.134648 0
0.132852 0
-0.0445437 0
0.129166 0
-0.0469163 0
-0.0490734 0
-0.179882 0
0.0464098 0
0.00812721 0
0.0184647 0
0.0742605 0
-0.172501 0
0.164021 0
-0.0819475 0
0.124093 0
-0.00763165 0
0.0252803 0
-0.0901128 0
-0.133342 0
0.160282 0
-0.119052 0
0.0446378 0
-0.0843129 0
-0.0437409 0
0.0241547 0
0.0451737 0
0.152045 0
-0.128481 0
0.0854497 0
-0.0521748 0
0.0324069 0
0.0955953 0
-0.0878667 0
0.0011506 0
-0.145358 0
0.115205 0
-0.0966537 0
0.087837 0
-0.0824772 0
0.00269539 0
0.0958043 0
-0.159409 0
0.202303 0
-0.0856909 0
-0.0299091 0
0.0742608 0
-0.0805521 0
-0.0291372 0
0.127463 0
-0.105283 0
0.0605764 0
0.0623428 0
-0.147182 0
0.0947987 0
-0.0351918 0
-0.0532777 0
0.0945565 0
-0.0189893 0
0.0371957 0
0.036765 0
0.0449806 0
0.00761786 0
0.0247074 0
-0.0455396 0
-0.00330265 0
0.0142985 0
0.00240278 0
0.0331314 0
0.0332811 0
-0.0443588 0
-0.00243858 0
-0.0167713 0
-0.0571284 0
0.0525565 0
-0.0959131 0
0.16429 0
-0.138874 0
0.082464 0
-0.0139815 0
-0.0778003 0
0.038179 0
0.000899872 0
-0.0524775 0
0.106938 0
-0.0586865 0
-0.016935 0
0.0662529 0
-0.119805 0
0.0842253 0
-0.11034 0
0.0675017 0
-0.0203775 0
-0.107158 0
0.139239 0
-0.107542 0
0.0124082 0
0.080576 0
-0.113481 0
0.0508778 0
0.0280092 0
-0.092782 0
0.101197 0
-0.0110846 0
-0.0442162 0
0.106248 0
-0.0718219 0
0.0742679 0
0.0233482 0
-0.0681942 0
0.0393323 0
-0.0214076 0
-0.0452387 0
0.0657018 0
-0.00227782 0
0.0490012 0
-0.0296385 0
0.0850828 0
-0.0551215 0
0.0073636 0
0.00697591 0
-0.0613503 0
0.0507395 0
-0.0710212 0
0.100194 0
-0.0939745 0
0.0121368 0
0.0326768 0
-0.0881451 0
0.0711641 0
-0.0454831 0
-0.00464704 0
0.0358017 0
-0.0826989 0
0.0813266 0
0.0194435 0
-0.0361981 0
0.0565984 0
-0.000684597 0
-0.0173757 0
-0.0186079 0
0.0627736 0
-0.038838 0
0.0188139 0
-0.00630809 0
-0.0490978 0
0.0935689 0
-0.0744235 0
0.0158795 0
-0.0129098 0
0.0598677 0
-0.0730403 0
-0.0486275 0
0.0434953 0
0.023772 0
-0.0398149 0
-0.0665157 0
-0.0268268 0
0.0888652 0
-0.0536186 0
0.0340058 0
-0.0864474 0
0.134304 0
-0.106235 0
0.0132912 0
0.0222917 0
0.0536094 0
-0.0894523 0
-0.113729 0
0.0515066 0
0.0418836 0
-0.0454574 0
-0.0363552 0
-0.107242 0
0.155656 0
-0.0940347 0
0.105984 0
-0.102067 0
0.10843 0
-0.125712 0
0.0557939 0
-0.0998313 0
0.0809571 0
-0.0639283 0
0.0286493 0
-0.0121352 0
0.0715669 0
-0.0895789 0
0.123062 0
-0.102423 0
0.0418377 0
-0.0194717 0
0.0362348 0
-0.0699383 0
0.165114 0
-0.16319 0
0.132108 0
-0.0779753 0
-0.013333 0
0.072966 0
-0.0534493 0
0.0246886 0
0.0655139 0
-0.0747237 0
0.103594 0
-0.00644911 0
-0.000467707 0
0.0502622 0
-0.00269552 0
-0.037168 0
0.100247 0
-0.0544282 0
0.0840298 0
0.0455931 0
-0.0166183 0
0.0450293 0
0.0146271 0
0.022722 0
-0.0875908 0
0.0957674 0
-0.136449 0
0.0872792 0
-0.0428305 0
0.00316323 0
-0.00743163 0
0.015144 0
-0.118993 0
0.13458 0
-0.167687 0
0.133653 0
-0.0557121 0
0.0252314 0
-0.0757259 0
0.0228602 0
-0.0680643 0
-0.00406868 0
-0.0106677 0
0.0436171 0
-0.0841226 0
0.0946116 0
-0.129773 0
0.00396654 0
-0.0131394 0
-0.0573682 0
0.110987 0
-0.157426 0
0.124192 0
-0.0354023 0
-0.0171387 0
0.0820735 0
0.0384889 0
-0.078805 0
0.174038 0
-0.157026 0
0.0810037 0
0.095527 0
-0.0432494 0
-0.0326833 0
0.14731 0
-0.193763 0
0.177657 0
-0.0469803 0
-0.000160134 0
0.0748252 0
0.028011 0
-0.0155936 0
-0.0830098 0
0.0426633 0
-0.132464 0
0.0579477 0
-0.0275085 0
0.0877565 0
-0.168758 0
0.12585 0
-0.138281 0
0.0382408 0
0.140905 0
-0.127243 0
0.126397 0
0 0
0 0
0 0
0 0
0 0
0 0
0 0
0 0
0 0
0 0
0 0
0 0
0 0
0 0
0 0
0 0
0 0
0 0
0 0
0 0
0 0
0 0
0 0
0 0
0 0
0 0
0 0
0 0
0 0
0 0
0 0
0 0
0 0
0 0
0 0
0 0
0 0
0 0
0 0
0 0
0 0
0 0
0 0
0 0
0 0
0 0
0 0
0 0
0 0
0 0
0 0
0 0
0 0
0 0
0 0
0 0
0 0
0 0
0 0
0 0
0 0
0 0
0 0
0 0
0 0
0 0
0 0
0 0
0 0
0 0
0 0
0 0
0 0
0 0
0 0
0 0
0 0
0 0
0 0
0 0
0 0
0 0
0 0
0 0
0 0
0 0
0 0
0 0
0 0
0 0
0 0
0 0
0 0
0 0
0 0
0 0
0 0
0 0
0 0
0 0
0 0
0 0
0 0
0 0
0 0
0 0
0 0
0 0
0 0
0 0
0 0
0 0
0 0
0 0
0 0
0 0
0 0
0 0
0 0
0 0
0 0
0 0
0 0
0 0
0 0
0 0
0 0
0 0
0 0
0 0
0 0
0 0
0 0
0 0
0 0
0 0
0 0
0 0
0 0
0 0
0 0
4.69981e-05 0
0.0143694 0
0.0244696 0
-0.0584059 0
0.0324564 0
-0.0144749 0
-0.01091 0
0.087964 0
-0.108264 0
0.0742242 0
-0.0783486 0
0.085101 0
-0.0734396 0
0.0809192 0
-0.0393059 0
-0.0522944 0
0.0759362 0
-0.00111183 0
0.0807968 0
-0.158173 0
0.18703 0
-0.117108 0
0.0873495 0
-0.0984904 0
0.137882 0
-0.144695 0
-0.00407124 0
0.0137398 0
0.0112818 0
-0.0664278 0
-0.0380632 0
0.0634187 0
-0.0727069 0
0.0273548 0
-0.0316364 0
0.0709559 0
-0.0900685 0
0.0724897 0
-0.0376263 0
0.0354487 0
-0.0419737 0
0.0588031 0
-0.0567831 0
0.113137 0
-0.0879352 0
0.0952314 0
0.00286658 0
-0.0233198 0
0.0554547 0
-0.0618978 0
0.0290382 0
-0.0841041 0
0.0605199 0
-0.139143 0
0.0938925 0
-0.0676215 0
0.00831238 0
0.0870193 0
-0.0633351 0
0.0868358 0
-0.0219147 0
-0.10933 0
0.132364 0
-0.128773 0
0.0615648 0
-0.00595682 0
-0.024869 0
0.0544985 0
-0.0356095 0
0.0992975 0
-0.103259 0
0.158032 0
-0.11246 0
0.0496391 0
0.0686166 0
-0.140379 0
0.159585 0
-0.10974 0
-0.0591196 0
0.000388826 0
-0.00351343 0
-0.0540642 0
0.00730159 0
0.0625376 0
-0.073835 0
0.138868 0
-0.0254625 0
0.0215665 0
0.0448564 0
-0.0098319 0
-0.0633386 0
0.0834419 0
-0.108228 0
0.0617599 0
-0.139071 0
0.117613 0
-0.0709649 0
-0.0738946 0
0.174357 0
-0.212531 0
0.164012 0
-0.0678215 0
-0.0332853 0
0.0405597 0
-0.0479595 0
-0.0158016 0
0.13291 0
-0.159378 0
0.115633 0
-0.0293108 0
-0.105094 0
0.0909413 0
-0.0879357 0
-0.0574936 0
0.102004 0
-0.13827 0
0.0829348 0
0.10934 0
-0.0861452 0
0.055278 0
-0.00867073 0
-0.011179 0
-0.0571682 0
0.115034 0
-0.143646 0
0.125547 0
0.0288206 0
0.0214286 0
-0.024629 0
0.0425465 0
0.0245165 0
-0.04043 0
0.0819755 0
-0.0523095 0
0.0960322 0
-0.0954255 0
0.0756991 0
-0.0157066 0
-0.0679051 0
0.0564486 0
-0.0588501 0
0 0
0 0
0 0
0 0
0 0
0 0
0 0
0 0
0 0
0 0
0 0
0 0
0 0
0 0
0 0
0 0
0 0
0 0
0 0
0 0
0 0
0 0
0 0
0 0
0 0
0 0
0 0
0 0
0 0
0 0
0 0
0 0
0 0
0 0
0 0
0 0
0 0
0 0
0 0
0 0
0 0
0 0
0 0
0 0
0 0
0 0
0 0
0 0
0 0
0 0
0 0
0 0
0 0
0 0
0 0
0 0
0 0
0 0
0 0
0 0
0 0
0 0
0 0
0 0
0 0
0 0
0 0
0 0
0 0
0 0
0 0
0 0
0 0
0 0
0 0
0 0
0 0
0 0
0 0
0 0
0 0
0 0
0 0
0 0
0 0
0 0
0 0
0 0
0 0
0 0
0 0
0 0
0 0
0 0
0 0
0 0
0 0
0 0
0 0
0 0
0 0
0 0
0 0
0 0
0 0
0 0
0 0
0 0
0 0
0 0
0 0
0 0
0 0
0 0
0 0
0 0
0 0
0 0
0 0
0 0
0 0
0 0
0 0
0 0
0 0
0 0
0 0
0 0
0 0
0 0
0 0
0 0
0 0
0 0
0 0
0 0
0 0
0 0
0 0
0 0
0 0
0 0
0 0
0 0
0 0
0 0
0 0
0 0
0 0
0 0
0 0
0 0
0 0
0 0
0 0
0 0
0 0
0 0
0 0
0 0
0 0
0 0
0 0
0 0
0 0
0 0
0 0
0 0
0 0
0 0
0 0
0 0
0 0
0 0
0 0
0 0
0 0
0 0
0 0
0 0
0 0
0 0
0 0
0 0
0 0
0 0
0 0
0 0
0 0
0 0
0 0
0 0
0 0
0 0
0 0
0 0
0 0
0 0
0 0
0 0
0 0
0 0
0 0
0 0
0 0
0 0
0 0
0 0
0 0
0 0
0 0
0 0
0 0
0 0
0 0
0 0
0 0
0 0
0 0
0 0
0 0
0 0
0 0
0 0
0 0
0 0
0 0
0 0
0 0
0 0
0 0
0 0
0 0
0 0
0 0
0 0
0 0
0 0
0 0
0 0
0 0
0 0
0 0
0 0
0 0
0 0
0 0
0 0
0 0
0 0
0 0
0 0
0 0
0 0
0 0
0 0
0 0
0 0
0 0
0 0
0 0
0 0
0 0
0 0
0 0
0 0
0 0
0 0
0 0
0 0
0 0
0 0
0 0
0 0
0 0
0 0
0 0
0 0
0 0
0 0
0 0
0 0
-0.00088234 0
-0.0131913 0
-0.0256491 0
0.0593504 0
-0.0331878 0
0.0151726 0
0.0114359 0
-0.0876826 0
0.107792 0
-0.0744344 0
0.0776633 0
-0.0837053 0
0.0716893 0
-0.0799293 0
0.0386076 0
0.0535612 0
-0.0776545 0
0.0026565 0
-0.0812247 0
0.158708 0
-0.187663 0
0.118155 0
-0.0874905 0
0.0977337 0
-0.136887 0
0.144533 0
0.00491625 0
-0.0154698 0
-0.00932121 0
0.0651116 0
0.0391424 0
-0.0642123 0
0.0737917 0
-0.028711 0
0.0312545 0
-0.0700992 0
0.0896262 0
-0.0727758 0
0.036527 0
-0.0347335 0
0.0414669 0
-0.0583805 0
0.0561526 0
-0.112899 0
0.0876523 0
-0.0953599 0
-0.00300476 0
0.0244438 0
-0.0565492 0
0.0639296 0
-0.0298791 0
0.0843886 0
-0.0599819 0
0.137791 0
-0.0933034 0
0.0668052 0
-0.00821203 0
-0.0875075 0
0.0641297 0
-0.0877501 0
0.0228115 0
0.10971 0
-0.133454 0
0.129483 0
-0.0619395 0
0.00466538 0
0.0270195 0
-0.0571254 0
0.0373259 0
-0.0996334 0
0.102012 0
-0.156124 0
0.110774 0
-0.0484954 0
-0.0686824 0
0.14058 0
-0.159483 0
0.110101 0
0.0604782 0
-0.00234949 0
0.00493668 0
0.0532036 0
-0.00821227 0
-0.0617826 0
0.0729436 0
-0.139338 0
0.0266898 0
-0.0226061 0
-0.0441222 0
0.0109087 0
0.0621415 0
-0.0817648 0
0.107436 0
-0.0601391 0
0.137392 0
-0.116193 0
0.070316 0
0.0740013 0
-0.174703 0
0.21325 0
-0.164811 0
0.0681942 0
0.0342868 0
-0.0425147 0
0.0502712 0
0.0140252 0
-0.13218 0
0.159419 0
-0.115703 0
0.0300748 0
0.105045 0
-0.091249 0
0.088638 0
0.0570232 0
-0.10267 0
0.139236 0
-0.0843944 0
-0.110093 0
0.0877932 0
-0.0568748 0
0.0098442 0
0.0112168 0
0.0562175 0
-0.114013 0
0.142775 0
-0.12559 0
-0.0301721 0
-0.0200417 0
0.0235529 0
-0.0426904 0
-0.02344 0
0.0391074 0
-0.0809988 0
0.0516229 0
-0.0958774 0
0.0957483 0
-0.0764349 0
0.0166233 0
0.0679212 0
-0.0566396 0
0.0592628 0
0 0
0 0
0 0
0 0
0 0
0 0
0 0
0 0
0 0
0 0
0 0
0 0
0 0
0 0
0 0
0 0
0 0
0 0
0 0
0 0
0 0
0 0
0 0
0 0
0 0
0 0
0 0
0 0
0 0
0 0
0 0
0 0
0 0
0 0
0 0
0 0
0 0
0 0
0 0
0 0
0 0
0 0
0 0
0 0
0 0
0 0
0 0
0 0
0 0
0 0
0 0
0 0
0 0
0 0
0 0
0 0
0 0
0 0
0 0
0 0
0 0
0 0
0 0
0 0
0 0
0 0
0 0
0 0
0 0
0 0
0 0
0 0
0 0
0 0
0 0
0 0
0 0
0 0
0 0
0 0
0 0
0 0
0 0
0 0
0 0
0 0
0 0
0 0
0 0
0 0
0 0
0 0
0 0
0 0
0 0
0 0
0 0
0 0
0 0
0 0
0 0
0 0
0 0
0 0
0 0
0 0
0 0
0 0
0 0
0 0
0 0
0 0
0 0
0 0
0 0
0 0
0 0
0 0
0 0
0 0
0 0
0 0
0 0
0 0
0 0
0 0
0 0
0 0
0 0
0 0
0 0
0 0
0 0
0 0
0 0
0 0
0 0
0 0
0 0
0 0
0 0
0.0679214 0
-0.0958754 0
0.0957522 0
-0.0764437 0
0.0592677 0
-0.0566418 0
-0.0426921 0
-0.023427 0
0.0390914 0
0.0166343 0
0.056206 0
-0.114001 0
0.142765 0
-0.080987 0
0.0570175 0
-0.102678 0
0.139248 0
-0.12559 0
0.0342988 0
-0.0425382 0
0.050299 0
-0.0844119 0
0.0109216 0
0.062127 0
-0.0817445 0
0.0140038 0
-0.0686831 0
0.140582 0
-0.159481 0
0.107426 0
-0.0875133 0
0.0641392 0
-0.087761 0
0.110106 0
0.0312498 0
-0.0700889 0
0.0365137 0
0.0228223 0
0.0896208 0
-0.0583753 0
0.0414608 0
-0.0347248 0
0.0516146 0
-0.020025 0
0.0235399 0
0.00985832 0
0.0112172 0
-0.0912526 0
0.0886464 0
-0.16482 0
0.0681986 0
-0.0226186 0
-0.0441133 0
0.110753 0
-0.0484816 0
0.0667953 0
-0.00821081 0
0.0391554 0
-0.0642218 0
0.0738047 0
-0.0727792 0
-0.0301884 0
0.087813 0
-0.056894 0
0.030084 0
0.105044 0
-0.174707 0
0.213258 0
-0.139344 0
0.0267046 0
0.101997 0
-0.156101 0
0.137775 0
-0.0932962 0
0.00492642 0
-0.0154906 0
-0.00929759 0
-0.0287273 0
-0.110101 0
0.15942 0
-0.115703 0
0.0703081 0
0.0740025 0
-0.0617734 0
0.0729328 0
0.0373466 0
-0.0996374 0
0.084392 0
-0.0599754 0
-0.0874921 0
0.0977245 0
-0.136875 0
0.0650957 0
-0.132172 0
0.137371 0
-0.116176 0
0.0531932 0
-0.00822323 0
0.0270454 0
-0.057157 0
0.063954 0
-0.0298892 0
-0.0812298 0
0.158714 0
-0.18767 0
0.144531 0
-0.0601195 0
-0.00237311 0
0.00495382 0
-0.0619439 0
0.00464982 0
0.0244573 0
-0.0565623 0
0.0385992 0
0.0535764 0
-0.0776751 0
0.118168 0
0.0604945 0
-0.133467 0
0.129491 0
-0.0953614 0
-0.00300642 0
0.0776549 0
-0.0836885 0
0.0716682 0
0.0026751 0
0.109714 0
-0.112896 0
0.0876488 0
0.0114422 0
-0.0876791 0
0.107786 0
-0.0799173 0
0.0561449 0
-0.0131771 0
-0.0256633 0
0.0593618 0
-0.0744369 0
-0.000892402 0
0.015181 0
-0.0331966 0
-0.0679271 0
0.095706 0
-0.0960603 0
0.0771678 0
-0.0596714 0
0.0568241 0
0.0428295 0
0.022347 0
-0.0377629 0
-0.0175484 0
-0.0552467 0
0.112963 0
-0.141872 0
0.0799979 0
-0.0565384 0
0.103329 0
-0.140192 0
0.125613 0
-0.0352951 0
0.0444867 0
-0.052603 0
0.0858585 0
-0.0119967 0
-0.0609204 0
0.080055 0
-0.0122253 0
0.0687384 0
-0.140762 0
0.159354 0
-0.106618 0
0.087988 0
-0.064924 0
0.0886619 0
-0.11045 0
-0.0308631 0
0.0692215 0
-0.0354087 0
-0.0237155 0
-0.0891649 0
0.0579438 0
-0.0409477 0
0.0340042 0
-0.0509201 0
0.0186351 0
-0.0224602 0
-0.0110303 0
-0.0112533 0
0.0915463 0
-0.0893351 0
0.165594 0
-0.0685609 0
0.0236546 0
0.0433723 0
-0.10905 0
0.0473305 0
-0.0659687 0
0.0081092 0
-0.0402285 0
0.0650056 0
-0.0748783 0
0.0730542 0
0.0315353 0
-0.0894475 0
0.058482 0
-0.0308434 0
-0.104979 0
0.175026 0
-0.213945 0
0.139792 0
-0.0279278 0
-0.100735 0
0.154169 0
-0.136402 0
0.0926927 0
-0.00577069 0
0.0172183 0
0.00733562 0
0.0300791 0
0.110837 0
-0.159436 0
0.115755 0
-0.0696485 0
-0.0740979 0
0.061009 0
-0.0720302 0
-0.0390573 0
0.0999581 0
-0.0846636 0
0.0594282 0
0.0876196 0
-0.096953 0
0.135859 0
-0.0637695 0
0.131422 0
-0.135671 0
0.114738 0
-0.0523245 0
0.00913265 0
-0.0291918 0
0.0597752 0
-0.0659759 0
0.0307256 0
0.0816453 0
-0.159225 0
0.188274 0
-0.144348 0
0.0584894 0
0.00433342 0
-0.00637632 0
0.0623091 0
-0.00335766 0
-0.0255776 0
0.057648 0
-0.037895 0
-0.054835 0
0.0793815 0
-0.119197 0
-0.0618438 0
0.134537 0
-0.130181 0
0.0954752 0
0.00314413 0
-0.0769577 0
0.08228 0
-0.0699069 0
-0.00421936 0
-0.110077 0
0.112641 0
-0.0873526 0
-0.0119664 0
0.0873842 0
-0.107297 0
0.0789152 0
-0.0555058 0
0.0119971 0
0.0268388 0
-0.0602972 0
0.0746356 0
0.00172761 0
-0.0158764 0
0.0339228 0
0 0
0 0
0 0
0 0
0 0
0 0
0 0
0 0
0 0
0 0
0 0
0 0
0 0
0 0
0 0
0 0
0 0
0 0
0 0
0 0
0 0
0 0
0 0
0 0
0 0
0 0
0 0
0 0
0 0
0 0
0 0
0 0
0 0
0 0
0 0
0 0
0 0
0 0
0 0
0 0
0 0
0 0
0 0
0 0
0 0
0 0
0 0
0 0
0 0
0 0
0 0
0 0
0 0
0 0
0 0
0 0
0 0
0 0
0 0
0 0
0 0
0 0
0 0
0 0
0 0
0 0
0 0
0 0
0 0
0 0
0 0
0 0
0 0
0 0
0 0
0 0
0 0
0 0
0 0
0 0
0 0
0 0
0 0
0 0
0 0
0 0
0 0
0 0
0 0
0 0
0 0
0 0
0 0
0 0
0 0
0 0
0 0
0 0
0 0
0 0
0 0
0 0
0 0
0 0
0 0
0 0
0 0
0 0
0 0
0 0
0 0
0 0
0 0
0 0
0 0
0 0
0 0
0 0
0 0
0 0
0 0
0 0
0 0
0 0
0 0
0 0
0 0
0 0
0 0
0 0
0 0
0 0
0 0
0 0
0 0
0 0
0 0
0 0
0 0
0 0
0 0
0.00105596 0
0.0136418 0
0.0293603 0
-0.0672781 0
0.0360885 0
-0.0160809 0
-0.0141815 0
0.108925 0
-0.140501 0
0.0899535 0
-0.0969176 0
0.13546 0
-0.149749 0
0.125658 0
-0.0662251 0
0.0140087 0
-0.0460816 0
0.0847808 0
0.0799489 0
-0.0814418 0
0.0284062 0
0.00765219 0
0.0797631 0
0.0277537 0
-0.0472903 0
0.00817545 0
-0.0965796 0
0.14844 0
-0.122032 0
0.0733044 0
-0.124263 0
0.0280111 0
-0.0168605 0
0.0601304 0
0.0764223 0
-0.158219 0
0.130497 0
-0.0491964 0
0.158543 0
-0.106154 0
0.0866579 0
-0.0940124 0
-0.0619267 0
0.1294 0
-0.105528 0
0.128536 0
-0.0205197 0
0.0157792 0
0.00350146 0
0.0423581 0
-0.117237 0
0.148492 0
-0.130553 0
0.0733017 0
0.0468905 0
-0.0850321 0
0.110578 0
-0.0461232 0
-0.0463163 0
0.0766845 0
-0.101837 0
-0.131439 0
0.174204 0
-0.170851 0
0.0918993 0
-0.0194294 0
-0.0627996 0
0.0158945 0
-0.0162725 0
-0.0952054 0
0.0876904 0
-0.0856537 0
0.0368551 0
0.0389429 0
-0.0417752 0
0.0422759 0
-0.00975254 0
-0.0289767 0
-0.100096 0
0.0570028 0
-0.0219935 0
-0.0981004 0
0.148592 0
-0.182326 0
0.116898 0
-0.0714179 0
-0.0216924 0
0.0338338 0
-0.0384189 0
0.018053 0
0.0152757 0
-0.0115622 0
0.00922777 0
-0.0095782 0
-0.0348786 0
0.0999982 0
-0.0980018 0
0.155656 0
-0.0792131 0
0.0697591 0
-0.0105021 0
-0.0180397 0
0.0183372 0
-0.0185564 0
0.00647233 0
0.00220356 0
-0.00985575 0
0.0576439 0
-0.0292843 0
0.108 0
-0.0424444 0
0.0692529 0
-0.0274612 0
0.00468036 0
-0.00576017 0
-0.00971246 0
0.00140275 0
-0.0940086 0
0.159502 0
-0.177736 0
0.143041 0
-0.0900583 0
-0.0042726 0
0.0224104 0
-0.0521724 0
0.0267917 0
-0.0966809 0
0.0638164 0
-0.0626086 0
-0.0622408 0
0.0775169 0
-0.112539 0
0.0713083 0
0.0118831 0
-0.0912646 0
0.128859 0
-0.144138 0
0.111123 0
0.0700659 0
-0.0705771 0
0.0929565 0
0 0
0 0
0 0
0 0
0 0
0 0
0 0
0 0
0 0
0 0
0 0
0 0
0 0
0 0
0 0
0 0
0 0
0 0
0 0
0 0
0 0
0 0
0 0
0 0
0 0
0 0
0 0
0 0
0 0
0 0
0 0
0 0
0 0
0 0
0 0
0 0
0 0
0 0
0 0
0 0
0 0
0 0
0 0
0 0
0 0
0 0
0 0
0 0
0 0
0 0
0 0
0 0
0 0
0 0
0 0
0 0
0 0
0 0
0 0
0 0
0 0
0 0
0 0
0 0
0 0
0 0
0 0
0 0
0 0
0 0
0 0
0 0
0 0
0 0
0 0
0 0
0 0
0 0
0 0
0 0
0 0
0 0
0 0
0 0
0 0
0 0
0 0
0 0
0 0
0 0
0 0
0 0
0 0
0 0
0 0
0 0
0 0
0 0
0 0
0 0
0 0
0 0
0 0
0 0
0 0
0 0
0 0
0 0
0 0
0 0
0 0
0 0
0 0
0 0
0 0
0 0
0 0
0 0
0 0
0 0
0 0
0 0
0 0
0 0
0 0
0 0
0 0
0 0
0 0
0 0
0 0
0 0
0 0
0 0
0 0
0 0
0 0
0 0
0 0
0 0
0 0
0 0
0 0
0 0
0 0
0 0
0 0
0 0
0 0
0 0
0 0
0 0
0 0
0 0
0 0
0 0
0 0
0 0
0 0
0 0
0 0
0 0
0 0
0 0
0 0
0 0
0 0
0 0
0 0
0 0
0 0
0 0
0 0
0 0
0 0
0 0
0 0
0 0
0 0
0 0
0 0
0 0
0 0
0 0
0 0
0 0
0 0
0 0
0 0
0 0
0 0
0 0
0 0
0 0
0 0
0 0
0 0
0 0
0 0
0 0
0 0
0 0
0 0
0 0
0 0
0 0
0 0
0 0
0 0
0 0
0 0
0 0
0 0
0 0
0 0
0 0
0 0
0 0
0 0
0 0
0 0
0 0
0 0
0 0
0 0
0 0
0 0
0 0
0 0
0 0
0 0
0 0
0 0
0 0
0 0
0 0
0 0
0 0
0 0
0 0
0 0
0 0
0 0
0 0
0 0
0 0
0 0
0 0
0 0
0 0
0 0
0 0
0 0
0 0
0 0
0 0
0 0
0 0
0 0
0 0
0 0
0 0
0 0
0 0
0 0
0 0
0 0
0 0
0 0
0 0
0 0
0 0
0 0
0 0
0 0
0 0
0 0
0 0
0 0
0 0
0 0
0 0
0.00254165 0
-0.0189178 0
-0.023821 0
0.0624347 0
-0.0326782 0
0.013047 0
0.0115059 0
-0.109178 0
0.140175 0
-0.0877157 0
0.100503 0
-0.139617 0
0.152922 0
-0.12689 0
0.0690698 0
-0.0148581 0
0.0473875 0
-0.0867199 0
-0.0821372 0
0.0836774 0
-0.029186 0
-0.00787995 0
-0.0819589 0
-0.0280506 0
0.0485475 0
-0.00838217 0
0.098204 0
-0.152076 0
0.126319 0
-0.0757048 0
0.126749 0
-0.031517 0
0.0215057 0
-0.0639976 0
-0.0754553 0
0.156217 0
-0.127389 0
0.0458398 0
-0.157993 0
0.105442 0
-0.0855614 0
0.0921922 0
0.0649766 0
-0.131168 0
0.106422 0
-0.126156 0
0.0166483 0
-0.0128022 0
-0.0050653 0
-0.0445675 0
0.120905 0
-0.152568 0
0.133686 0
-0.0742671 0
-0.04671 0
0.0839561 0
-0.109179 0
0.0414811 0
0.0495906 0
-0.0805727 0
0.103282 0
0.131581 0
-0.172763 0
0.168331 0
-0.0899001 0
0.0179881 0
0.0611524 0
-0.0128958 0
0.0132024 0
0.0978188 0
-0.0865807 0
0.0845698 0
-0.0344957 0
-0.0380373 0
0.0384001 0
-0.0362269 0
0.00379755 0
0.0332382 0
0.0991457 0
-0.0562482 0
0.0213365 0
0.0968641 0
-0.146345 0
0.180019 0
-0.115419 0
0.0733783 0
0.0175998 0
-0.0274505 0
0.0331474 0
-0.0146194 0
-0.0144343 0
0.00956026 0
-0.00578298 0
0.00944258 0
0.0344372 0
-0.0987328 0
0.0967566 0
-0.154053 0
0.0790633 0
-0.0716741 0
0.0131147 0
0.0126593 0
-0.0149052 0
0.0150554 0
-0.00525122 0
-0.00186551 0
0.00974546 0
-0.0569478 0
0.0292924 0
-0.10747 0
0.0431026 0
-0.0711539 0
0.0287218 0
-0.00830384 0
0.00671404 0
0.00770061 0
-0.00106041 0
0.0925029 0
-0.15672 0
0.175844 0
-0.141984 0
0.0925304 0
-0.00059329 0
-0.0162552 0
0.0464443 0
-0.0234409 0
0.0936522 0
-0.0596026 0
0.0595872 0
0.0639493 0
-0.0749048 0
0.109663 0
-0.0675832 0
-0.0155663 0
0.0955584 0
-0.132396 0
0.146306 0
-0.110816 0
-0.0727635 0
0.0725144 0
-0.0947338 0
0.107947 0
-0.158561 0
0.165744 0
-0.144226 0
0.101741 0
-0.0907797 0
-0.0800572 0
-0.00940637 0
-0.00742937 0
0.0656561 0
0.109214 0
-0.127024 0
0.0977191 0
-0.039089 0
0.0864729 0
-0.0257267 0
0.0399562 0
-0.0596035 0
-0.0670043 0
0.0684475 0
-0.0238739 0
-0.00696245 0
-0.0672253 0
-0.00937231 0
0.038518 0
-0.00633985 0
0.0503559 0
-0.111579 0
0.130699 0
-0.0732587 0
0.0766769 0
-0.105681 0
0.139683 0
-0.117056 0
0.0277471 0
-0.0574454 0
0.0910944 0
-0.0999103 0
0.0138487 0
-0.0196169 0
0.0314634 0
-0.0530588 0
0.0925604 0
-0.0552401 0
0.0285822 0
0.0692766 0
-0.115837 0
0.0890765 0
-0.046989 0
-0.067012 0
0.112049 0
-0.1248 0
0.096205 0
-0.0301939 0
0.00463717 0
-0.0308731 0
0.0401481 0
-0.13854 0
0.0990349 0
-0.117963 0
0.0450739 0
0.00645357 0
0.0403333 0
-0.0727633 0
0.0584625 0
-0.042927 0
-0.0483842 0
0.0897276 0
-0.0918612 0
0.0800151 0
0.0318382 0
-0.0310987 0
0.0701892 0
0.0265268 0
-0.100589 0
0.180824 0
-0.178546 0
0.128367 0
-0.0268541 0
0.0216956 0
-0.0193492 0
-0.0354643 0
0.0649595 0
-0.0661981 0
0.0424427 0
0.060023 0
-0.122458 0
0.190998 0
-0.157554 0
0.10274 0
0.0249952 0
-0.059886 0
0.103224 0
-0.00391022 0
-0.0126636 0
0.0363069 0
-0.0357356 0
0.0455055 0
-0.00317716 0
-0.0586289 0
0.0785781 0
-0.161164 0
0.10269 0
-0.104754 0
0.0365375 0
0.0101082 0
-0.00314577 0
0.0199298 0
0.000731507 0
0.0141162 0
0.0204621 0
-0.0582034 0
0.0382898 0
-0.108818 0
0.0287215 0
-0.0602136 0
0.0102501 0
-0.0436206 0
0.0808272 0
-0.0537998 0
0.0293262 0
0.0756893 0
-0.145954 0
0.184343 0
-0.171032 0
0.100113 0
-0.0892782 0
0.125392 0
-0.0896285 0
0.0523101 0
0.0770988 0
-0.0844432 0
0.110602 0
-0.11073 0
0.130378 0
-0.108299 0
0.0674662 0
0.00734985 0
-0.0821239 0
0.0593163 0
-0.0548878 0
0 0
0 0
0 0
0 0
0 0
0 0
0 0
0 0
0 0
0 0
0 0
0 0
0 0
0 0
0 0
0 0
0 0
0 0
0 0
0 0
0 0
0 0
0 0
0 0
0 0
0 0
0 0
0 0
0 0
0 0
0 0
0 0
0 0
0 0
0 0
0 0
0 0
0 0
0 0
0 0
0 0
0 0
0 0
0 0
0 0
0 0
0 0
0 0
0 0
0 0
0 0
0 0
0 0
0 0
0 0
0 0
0 0
0 0
0 0
0 0
0 0
0 0
0 0
0 0
0 0
0 0
0 0
0 0
0 0
0 0
0 0
0 0
0 0
0 0
0 0
0 0
0 0
0 0
0 0
0 0
0 0
0 0
0 0
0 0
0 0
0 0
0 0
0 0
0 0
0 0
0 0
0 0
0 0
0 0
0 0
0 0
0 0
0 0
0 0
0 0
0 0
0 0
0 0
0 0
0 0
0 0
0 0
0 0
0 0
0 0
0 0
0 0
0 0
0 0
0 0
0 0
0 0
0 0
0 0
0 0
0 0
0 0
0 0
0 0
0 0
0 0
0 0
0 0
0 0
0 0
0 0
0 0
0 0
0 0
0 0
0 0
0 0
0 0
0 0
0 0
0 0
0 0
0 0
0 0
0 0
0 0
0 0
0 0
0 0
0 0
0 0
0 0
0 0
0 0
0 0
0 0
0 0
0 0
0 0
0 0
0 0
0 0
0 0
0 0
0 0
0 0
0 0
0 0
0 0
0 0
0 0
0 0
0 0
0 0
0 0
0 0
0 0
0 0
0 0
0 0
0 0
0 0
0 0
0 0
0 0
0 0
0 0
0 0
0 0
0 0
0 0
0 0
0 0
0 0
0 0
0 0
0 0
0 0
0 0
0 0
0 0
0 0
0 0
0 0
0 0
0 0
0 0
0 0
0 0
0 0
0 0
0 0
0 0
0 0
0 0
0 0
0 0
0 0
0 0
0 0
0 0
0 0
0 0
0 0
0 0
0 0
0 0
0 0
0 0
0 0
0 0
0 0
0 0
0 0
0 0
0 0
0 0
0 0
0 0
0 0
0 0
0 0
0 0
0 0
0 0
0 0
0 0
0 0
0 0
0 0
0 0
0 0
0 0
0 0
0 0
0 0
0 0
0 0
0 0
0 0
0 0
0 0
0 0
0 0
0 0
0 0
0 0
0 0
0 0
0 0
0 0
0 0
0 0
0 0
0 0
0 0
0 0
0 0
0 0
0 0
0 0
0 0
-0.107922 0
0.158018 0
-0.16663 0
0.146388 0
-0.102887 0
0.0912651 0
0.0804853 0
0.00577152 0
0.0121071 0
-0.0686171 0
-0.105924 0
0.122439 0
-0.0926748 0
0.0348801 0
-0.0842181 0
0.0252456 0
-0.0383984 0
0.0567454 0
0.064303 0
-0.0656957 0
0.0229141 0
0.00670359 0
0.06453 0
0.00844229 0
-0.0369208 0
0.00606391 0
-0.0471096 0
0.106571 0
-0.12656 0
0.0707754 0
-0.0724936 0
0.104689 0
-0.139044 0
0.114987 0
-0.0302782 0
0.0626857 0
-0.0953923 0
0.101494 0
-0.019124 0
0.0231433 0
-0.0343335 0
0.056162 0
-0.0904455 0
0.0508975 0
-0.0250499 0
-0.0735212 0
0.116457 0
-0.0895528 0
0.0468462 0
0.0655633 0
-0.10808 0
0.119783 0
-0.0918013 0
0.0277346 0
-0.0061971 0
0.0336894 0
-0.0438106 0
0.14 0
-0.0974365 0
0.115342 0
-0.0416555 0
-0.00207014 0
-0.0461158 0
0.0784161 0
-0.0614923 0
0.0435506 0
0.0504499 0
-0.0902075 0
0.0923524 0
-0.0767982 0
-0.0347426 0
0.0339357 0
-0.0713783 0
-0.0278098 0
0.101925 0
-0.182132 0
0.178772 0
-0.12733 0
0.0301746 0
-0.023583 0
0.0200713 0
0.0387135 0
-0.0698748 0
0.0722369 0
-0.0463145 0
-0.0576098 0
0.123113 0
-0.192019 0
0.158747 0
-0.103284 0
-0.0254903 0
0.060238 0
-0.103474 0
0.00422722 0
0.0138188 0
-0.0396189 0
0.0389814 0
-0.0506671 0
0.00581496 0
0.0562718 0
-0.0781845 0
0.161676 0
-0.103244 0
0.105315 0
-0.0367329 0
-0.010176 0
0.00347244 0
-0.0218396 0
0.000244721 0
-0.0177071 0
-0.0190364 0
0.0558634 0
-0.0373535 0
0.108602 0
-0.0285136 0
0.0605038 0
-0.0102911 0
0.0467289 0
-0.0860973 0
0.0596925 0
-0.0340764 0
-0.0726463 0
0.146015 0
-0.184987 0
0.172675 0
-0.10095 0
0.0924503 0
-0.127449 0
0.091665 0
-0.0502071 0
-0.079639 0
0.0881464 0
-0.112917 0
0.110273 0
-0.127264 0
0.103945 0
-0.0626257 0
-0.0110486 0
0.0797436 0
-0.0569316 0
0.0517598 0
-0.094442 0
0.138973 0
-0.151269 0
0.138973 0
-0.094442 0
0.0810689 0
0.0744986 0
-0.0111532 0
0.0429588 0
-0.0780852 0
-0.0914714 0
0.0738454 0
-0.0176741 0
-0.0108522 0
-0.0629083 0
-0.0472417 0
0.068499 0
-0.021814 0
0.104479 0
-0.150826 0
0.142455 0
-0.0905413 0
0.104479 0
-0.0472417 0
0.068499 0
-0.0905413 0
-0.0629083 0
0.0738454 0
-0.0176741 0
-0.021814 0
-0.0914714 0
-0.0111532 0
0.0429588 0
-0.0108522 0
0.0744986 0
-0.151269 0
0.138973 0
-0.0780852 0
0.138973 0
-0.094442 0
0.0810689 0
-0.094442 0
-0.0780852 0
0.0429588 0
-0.0111532 0
-0.0914714 0
0.150429 0
-0.167544 0
0.119967 0
-0.0490623 0
-0.045359 0
0.0502666 0
-0.045359 0
-0.0490623 0
0.119967 0
-0.167544 0
0.150429 0
-0.0914714 0
-0.0111532 0
0.0429588 0
-0.0780852 0
-0.0108522 0
-0.0176741 0
0.0738454 0
-0.0629083 0
0.119967 0
-0.0490623 0
0.0397027 0
0.00562047 0
-0.026399 0
0.00562047 0
0.0397027 0
-0.0490623 0
0.119967 0
-0.0629083 0
0.0738454 0
-0.0176741 0
-0.0108522 0
-0.021814 0
0.068499 0
-0.0472417 0
0.104479 0
-0.045359 0
0.0502666 0
-0.026399 0
0.00562047 0
-0.026399 0
0.0502666 0
-0.045359 0
0.104479 0
-0.0472417 0
0.068499 0
-0.021814 0
-0.0905413 0
0.142455 0
-0.150826 0
0.104479 0
-0.045359 0
-0.0490623 0
0.0397027 0
-0.0490623 0
-0.045359 0
0.104479 0
-0.150826 0
0.142455 0
-0.0905413 0
-0.0905413 0
0.068499 0
-0.0472417 0
-0.0629083 0
0.119967 0
-0.167544 0
0.119967 0
-0.0629083 0
-0.0472417 0
0.068499 0
-0.0905413 0
-0.021814 0
-0.0176741 0
0.0738454 0
-0.0914714 0
0.150429 0
-0.0914714 0
0.0738454 0
-0.0176741 0
-0.021814 0
-0.0108522 0
0.0429588 0
-0.0111532 0
0.0744986 0
-0.0111532 0
0.0429588 0
-0.0108522 0
-0.0780852 0
0.138973 0
-0.151269 0
0.138973 0
-0.0780852 0
-0.094442 0
0.0810689 0
-0.094442 0
0 0
0 0
0 0
0 0
0 0
0 0
0 0
0 0
0 0
0 0
0 0
0 0
0 0
0 0
0 0
0 0
0 0
0 0
0 0
0 0
0 0
0 0
0 0
0 0
0 0
0 0
0 0
0 0
0 0
0 0
0 0
0 0
0 0
0 0
0 0
0 0
0 0
0 0
0 0
0 0
0 0
0 0
0 0
0 0
0 0
0 0
0 0
0 0
0 0
0 0
0 0
0 0
0 0
0 0
0 0
0 0
0 0
0 0
0 0
0 0
0 0
0 0
0 0
0 0
0 0
0 0
0 0
0 0
0 0
0 0
0 0
0 0
0 0
0 0
0 0
0 0
0 0
0 0
0 0
0 0
0 0
0 0
0 0
0 0
0 0
0 0
0 0
0 0
0 0
0 0
0 0
0 0
0 0
0 0
0 0
0 0
0 0
0 0
0 0
0 0
0 0
0 0
0 0
0 0
0 0
0 0
0 0
0 0
0 0
0 0
0 0
0 0
0 0
0 0
0 0
0 0
0 0
0 0
0 0
0 0
0 0
0 0
0 0
0 0
0 0
0 0
0 0
0 0
0 0
0 0
0 0
0 0
0 0
0 0
0 0
0 0
0 0
0 0
0 0
0 0
0 0
0 0
0 0
0 0
0 0
0 0
0 0
0 0
0 0
0 0
0 0
0 0
0 0
0 0
0 0
0 0
0 0
0 0
0 0
0 0
0 0
0 0
0 0
0 0
0 0
0 0
0 0
0 0
0 0
0 0
0 0
0 0
0 0
0 0
0 0
0 0
0 0
0 0
0 0
0 0
0 0
0 0
0 0
0 0
0 0
0 0
0 0
0 0
0 0
0 0
0 0
0 0
0 0
0 0
0 0
0 0
0 0
0 0
0 0
0 0
0 0
0 0
0 0
0 0
0 0
0 0
0 0
0 0
0 0
0 0
0 0
0 0
0 0
0 0
0 0
0 0
0 0
0 0
0 0
0 0
0 0
0 0
0 0
0 0
0 0
0 0
0 0
0 0
0 0
0 0
0 0
0 0
0 0
0 0
0 0
0 0
0 0
0 0
0 0
0 0
0 0
0 0
0 0
0 0
0 0
0 0
0 0
0 0
0 0
0 0
0 0
0 0
0 0
0 0
0 0
0 0
0 0
0 0
0 0
0 0
0 0
0 0
0 0
0 0
0 0
0 0
0 0
0 0
0 0
0 0
0 0
0 0
0 0
0 0
0 0
0 0
0 0
0 0
0 0
0 0
0 0
0 0
0.094442 0
-0.138973 0
0.151269 0
-0.138973 0
0.094442 0
-0.0810689 0
-0.0744986 0
0.0111532 0
-0.0429588 0
0.0780852 0
0.0914714 0
-0.0738454 0
0.0176741 0
0.0108522 0
0.0629083 0
0.0472417 0
-0.068499 0
0.021814 0
-0.104479 0
0.150826 0
-0.142455 0
0.0905413 0
-0.104479 0
0.0472417 0
-0.068499 0
0.0905413 0
0.0629083 0
-0.0738454 0
0.0176741 0
0.021814 0
0.0914714 0
0.0111532 0
-0.0429588 0
0.0108522 0
-0.0744986 0
0.151269 0
-0.138973 0
0.0780852 0
-0.138973 0
0.094442 0
-0.0810689 0
0.094442 0
0.0780852 0
-0.0429588 0
0.0111532 0
0.0914714 0
-0.150429 0
0.167544 0
-0.119967 0
0.0490623 0
0.045359 0
-0.0502666 0
0.045359 0
0.0490623 0
-0.119967 0
0.167544 0
-0.150429 0
0.0914714 0
0.0111532 0
-0.0429588 0
0.0780852 0
0.0108522 0
0.0176741 0
-0.0738454 0
0.0629083 0
-0.119967 0
0.0490623 0
-0.0397027 0
-0.00562047 0
0.026399 0
-0.00562047 0
-0.0397027 0
0.0490623 0
-0.119967 0
0.0629083 0
-0.0738454 0
0.0176741 0
0.0108522 0
0.021814 0
-0.068499 0
0.0472417 0
-0.104479 0
0.045359 0
-0.0502666 0
0.026399 0
-0.00562047 0
0.026399 0
-0.0502666 0
0.045359 0
-0.104479 0
0.0472417 0
-0.068499 0
0.021814 0
0.0905413 0
-0.142455 0
0.150826 0
-0.104479 0
0.045359 0
0.0490623 0
-0.0397027 0
0.0490623 0
0.045359 0
-0.104479 0
0.150826 0
-0.142455 0
0.0905413 0
0.0905413 0
-0.068499 0
0.0472417 0
0.0629083 0
-0.119967 0
0.167544 0
-0.119967 0
0.0629083 0
0.0472417 0
-0.068499 0
0.0905413 0
0.021814 0
0.0176741 0
-0.0738454 0
0.0914714 0
-0.150429 0
0.0914714 0
-0.0738454 0
0.0176741 0
0.021814 0
0.0108522 0
-0.0429588 0
0.0111532 0
-0.0744986 0
0.0111532 0
-0.0429588 0
0.0108522 0
0.0780852 0
-0.138973 0
0.151269 0
-0.138973 0
0.0780852 0
0.094442 0
-0.0810689 0
0.094442 0
0 0
0 0
0 0
0 0
0 0
0 0
0 0
0 0
0 0
0 0
0 0
0 0
0 0
0 0
0 0
0 0
0 0
0 0
0 0
0 0
0 0
0 0
0 0
0 0
0 0
0 0
0 0
0 0
0 0
0 0
0 0
0 0
0 0
0 0
0 0
0 0
0 0
0 0
0 0
0 0
0 0
0 0
0 0
0 0
0 0
0 0
0 0
0 0
0 0
0 0
0 0
0 0
0 0
0 0
0 0
0 0
0 0
0 0
0 0
0 0
0 0
0 0
0 0
0 0
0 0
0 0
0 0
0 0
0 0
0 0
0 0
0 0
0 0
0 0
0 0
0 0
0 0
0 0
0 0
0 0
0 0
0 0
0 0
0 0
0 0
0 0
0 0
0 0
0 0
0 0
0 0
0 0
0 0
0 0
0 0
0 0
0 0
0 0
0 0
0 0
0 0
0 0
0 0
0 0
0 0
0 0
0 0
0 0
0 0
0 0
0 0
0 0
0 0
0 0
0 0
0 0
0 0
0 0
0 0
0 0
0 0
0 0
0 0
0 0
0 0
0 0
0 0
0 0
0 0
0 0
0 0
0 0
0 0
0 0
0 0
0 0
0 0
0 0
0 0
0 0
0 0
-0.0583275 0
0.0972891 0
-0.120873 0
0.0972891 0
-0.0583275 0
0.0471181 0
0.10468 0
-0.0691465 0
0.0553872 0
-0.0616675 0
0.0111258 0
0.042168 0
-0.0397559 0
-0.00631365 0
-0.0757694 0
0.11933 0
-0.115163 0
0.0625732 0
-0.104505 0
0.141123 0
-0.140382 0
0.103217 0
-0.104505 0
0.11933 0
-0.115163 0
0.103217 0
-0.0757694 0
0.042168 0
-0.0397559 0
0.0625732 0
0.0111258 0
-0.0691465 0
0.0553872 0
-0.00631365 0
0.10468 0
-0.120873 0
0.0972891 0
-0.0616675 0
0.0972891 0
-0.0583275 0
0.0471181 0
-0.0583275 0
-0.0616675 0
0.0553872 0
-0.0691465 0
0.0111258 0
-0.000566684 0
-0.0208485 0
0.0260918 0
0.03202 0
-0.00171943 0
0.0767419 0
-0.00171943 0
0.03202 0
0.0260918 0
-0.0208485 0
-0.000566684 0
0.0111258 0
-0.0691465 0
0.0553872 0
-0.0616675 0
-0.00631365 0
-0.0397559 0
0.042168 0
-0.0757694 0
0.0260918 0
0.03202 0
-0.103647 0
0.19257 0
-0.186559 0
0.19257 0
-0.103647 0
0.03202 0
0.0260918 0
-0.0757694 0
0.042168 0
-0.0397559 0
-0.00631365 0
0.0625732 0
-0.115163 0
0.11933 0
-0.104505 0
-0.00171943 0
0.0767419 0
-0.186559 0
0.19257 0
-0.186559 0
0.0767419 0
-0.00171943 0
-0.104505 0
0.11933 0
-0.115163 0
0.0625732 0
0.103217 0
-0.140382 0
0.141123 0
-0.104505 0
-0.00171943 0
0.03202 0
-0.103647 0
0.03202 0
-0.00171943 0
-0.104505 0
0.141123 0
-0.140382 0
0.103217 0
0.103217 0
-0.115163 0
0.11933 0
-0.0757694 0
0.0260918 0
-0.0208485 0
0.0260918 0
-0.0757694 0
0.11933 0
-0.115163 0
0.103217 0
0.0625732 0
-0.0397559 0
0.042168 0
0.0111258 0
-0.000566684 0
0.0111258 0
0.042168 0
-0.0397559 0
0.0625732 0
-0.00631365 0
0.0553872 0
-0.0691465 0
0.10468 0
-0.0691465 0
0.0553872 0
-0.00631365 0
-0.0616675 0
0.0972891 0
-0.120873 0
0.0972891 0
-0.0616675 0
-0.0583275 0
0.0471181 0
-0.0583275 0
-0.0583275 0
0.0972891 0
-0.120873 0
0.0972891 0
-0.0583275 0
0.0471181 0
0.10468 0
-0.0691465 0
0.0553872 0
-0.0616675 0
0.0111258 0
0.042168 0
-0.0397559 0
-0.00631365 0
-0.0757694 0
0.11933 0
-0.115163 0
0.0625732 0
-0.104505 0
0.141123 0
-0.140382 0
0.103217 0
-0.104505 0
0.11933 0
-0.115163 0
0.103217 0
-0.0757694 0
0.042168 0
-0.0397559 0
0.0625732 0
0.0111258 0
-0.0691465 0
0.0553872 0
-0.00631365 0
0.10468 0
-0.120873 0
0.0972891 0
-0.0616675 0
0.0972891 0
-0.0583275 0
0.0471181 0
-0.0583275 0
-0.0616675 0
0.0553872 0
-0.0691465 0
0.0111258 0
-0.000566684 0
-0.0208485 0
0.0260918 0
0.03202 0
-0.00171943 0
0.0767419 0
-0.00171943 0
0.03202 0
0.0260918 0
-0.0208485 0
-0.000566684 0
0.0111258 0
-0.0691465 0
0.0553872 0
-0.0616675 0
-0.00631365 0
-0.0397559 0
0.042168 0
-0.0757694 0
0.0260918 0
0.03202 0
-0.103647 0
0.19257 0
-0.186559 0
0.19257 0
-0.103647 0
0.03202 0
0.0260918 0
-0.0757694 0
0.042168 0
-0.0397559 0
-0.00631365 0
0.0625732 0
-0.115163 0
0.11933 0
-0.104505 0
-0.00171943 0
0.0767419 0
-0.186559 0
0.19257 0
-0.186559 0
0.0767419 0
-0.00171943 0
-0.104505 0
0.11933 0
-0.115163 0
0.0625732 0
0.103217 0
-0.140382 0
0.141123 0
-0.104505 0
-0.00171943 0
0.03202 0
-0.103647 0
0.03202 0
-0.00171943 0
-0.104505 0
0.141123 0
-0.140382 0
0.103217 0
0.103217 0
-0.115163 0
0.11933 0
-0.0757694 0
0.0260918 0
-0.0208485 0
0.0260918 0
-0.0757694 0
0.11933 0
-0.115163 0
0.103217 0
0.0625732 0
-0.0397559 0
0.042168 0
0.0111258 0
-0.000566684 0
0.0111258 0
0.042168 0
-0.0397559 0
0.0625732 0
-0.00631365 0
0.0553872 0
-0.0691465 0
0.10468 0
-0.0691465 0
0.0553872 0
-0.00631365 0
-0.0616675 0
0.0972891 0
-0.120873 0
0.0972891 0
-0.0616675 0
-0.0583275 0
0.0471181 0
-0.0583275 0
0 0
0 0
0 0
0 0
0 0
0 0
0 0
0 0
0 0
0 0
0 0
0 0
0 0
0 0
0 0
0 0
0 0
0 0
0 0
0 0
0 0
0 0
0 0
0 0
0 0
0 0
0 0
0 0
0 0
0 0
0 0
0 0
0 0
0 0
0 0
0 0
0 0
0 0
0 0
0 0
0 0
0 0
0 0
0 0
0 0
0 0
0 0
0 0
0 0
0 0
0 0
0 0
0 0
0 0
0 0
0 0
0 0
0 0
0 0
0 0
0 0
0 0
0 0
0 0
0 0
0 0
0 0
0 0
0 0
0 0
0 0
0 0
0 0
0 0
0 0
0 0
0 0
0 0
0 0
0 0
0 0
0 0
0 0
0 0
0 0
0 0
0 0
0 0
0 0
0 0
0 0
0 0
0 0
0 0
0 0
0 0
0 0
0 0
0 0
0 0
0 0
0 0
0 0
0 0
0 0
0 0
0 0
0 0
0 0
0 0
0 0
0 0
0 0
0 0
0 0
0 0
0 0
0 0
0 0
0 0
0 0
0 0
0 0
0 0
0 0
0 0
0 0
0 0
0 0
0 0
0 0
0 0
0 0
0 0
0 0
0 0
0 0
0 0
0 0
0 0
0 0
-0.00778423 0
0.0193013 0
-8.712e-15 0
-0.0193013 0
0.00778423 0
3.52463e-15 0
7.41681e-15 0
0.0689754 0
-0.0800641 0
0.0400741 0
-0.0909632 0
0.156571 0
-0.141786 0
0.0894725 0
-0.155475 0
0.143332 0
-0.119858 0
0.105521 0
-0.0800641 0
9.80403e-15 0
-9.53125e-15 0
0.0483387 0
0.0800641 0
-0.143332 0
0.119858 0
-0.0483387 0
0.155475 0
-0.156571 0
0.141786 0
-0.105521 0
0.0909632 0
-0.0689754 0
0.0800641 0
-0.0894725 0
7.84258e-15 0
-8.79537e-15 0
0.0193013 0
-0.0400741 0
-0.0193013 0
0.00778423 0
3.08003e-15 0
-0.00778423 0
-0.0400741 0
0.0800641 0
-0.0689754 0
0.0909632 0
-2.92735e-18 0
-1.93302e-15 0
0.0856035 0
-0.0567822 0
0.0551902 0
5.10003e-15 0
-0.0551902 0
0.0567822 0
-0.0856035 0
-1.33796e-15 0
-3.96411e-17 0
-0.0909632 0
0.0689754 0
-0.0800641 0
0.0400741 0
-0.0894725 0
0.141786 0
-0.156571 0
0.155475 0
-0.0856035 0
0.0567822 0
-6.6171e-15 0
1.28355e-14 0
-1.28054e-14 0
1.32433e-14 0
-7.25223e-15 0
-0.0567822 0
0.0856035 0
-0.155475 0
0.156571 0
-0.141786 0
0.0894725 0
-0.105521 0
0.119858 0
-0.143332 0
0.0800641 0
-0.0551902 0
4.81607e-15 0
-1.26799e-14 0
1.3166e-14 0
-1.30115e-14 0
5.78655e-15 0
0.0551902 0
-0.0800641 0
0.143332 0
-0.119858 0
0.105521 0
-0.0483387 0
-1.01549e-14 0
1.00983e-14 0
-0.0800641 0
0.0551902 0
-0.0567822 0
-7.43443e-15 0
0.0567822 0
-0.0551902 0
0.0800641 0
1.00055e-14 0
-1.00937e-14 0
0.0483387 0
0.0483387 0
-0.119858 0
0.143332 0
-0.155475 0
0.0856035 0
-8.61128e-16 0
-0.0856035 0
0.155475 0
-0.143332 0
0.119858 0
-0.0483387 0
0.105521 0
-0.141786 0
0.156571 0
-0.0909632 0
-8.41815e-17 0
0.0909632 0
-0.156571 0
0.141786 0
-0.105521 0
0.0894725 0
-0.0800641 0
0.0689754 0
6.70319e-15 0
-0.0689754 0
0.0800641 0
-0.0894725 0
0.0400741 0
-0.0193013 0
-8.23191e-15 0
0.0193013 0
-0.0400741 0
0.00778423 0
3.42337e-15 0
-0.00778423 0
0 0
0 0
0 0
0 0
0 0
0 0
0 0
0 0
0 0
0 0
0 0
0 0
0 0
0 0
0 0
0 0
0 0
0 0
0 0
0 0
0 0
0 0
0 0
0 0
0 0
0 0
0 0
0 0
0 0
0 0
0 0
0 0
0 0
0 0
0 0
0 0
0 0
0 0
0 0
0 0
0 0
0 0
0 0
0 0
0 0
0 0
0 0
0 0
0 0
0 0
0 0
0 0
0 0
0 0
0 0
0 0
0 0
0 0
0 0
0 0
0 0
0 0
0 0
0 0
0 0
0 0
0 0
0 0
0 0
0 0
0 0
0 0
0 0
0 0
0 0
0 0
0 0
0 0
0 0
0 0
0 0
0 0
0 0
0 0
0 0
0 0
0 0
0 0
0 0
0 0
0 0
0 0
0 0
0 0
0 0
0 0
0 0
0 0
0 0
0 0
0 0
0 0
0 0
0 0
0 0
0 0
0 0
0 0
0 0
0 0
0 0
0 0
0 0
0 0
0 0
0 0
0 0
0 0
0 0
0 0
0 0
0 0
0 0
0 0
0 0
0 0
0 0
0 0
0 0
0 0
0 0
0 0
0 0
0 0
0 0
0 0
0 0
0 0
0 0
0 0
0 0
0 0
0 0
0 0
0 0
0 0
0 0
0 0
0 0
0 0
0 0
0 0
0 0
0 0
0 0
0 0
0 0
0 0
0 0
0 0
0 0
0 0
0 0
0 0
0 0
0 0
0 0
0 0
0 0
0 0
0 0
0 0
0 0
0 0
0 0
0 0
0 0
0 0
0 0
0 0
0 0
0 0
0 0
0 0
0 0
0 0
0 0
0 0
0 0
0 0
0 0
0 0
0 0
0 0
0 0
0 0
0 0
0 0
0 0
0 0
0 0
0 0
0 0
0 0
0 0
0 0
0 0
0 0
0 0
0 0
0 0
0 0
0 0
0 0
0 0
0 0
0 0
0 0
0 0
0 0
0 0
0 0
0 0
0 0
0 0
0 0
0 0
0 0
0 0
0 0
0 0
0 0
0 0
0 0
0 0
0 0
0 0
0 0
0 0
0 0
0 0
0 0
0 0
0 0
0 0
0 0
0 0
0 0
0 0
0 0
0 0
0 0
0 0
0 0
0 0
0 0
0 0
0 0
0 0
0 0
0 0
0 0
0 0
0 0
0 0
0 0
0 0
0 0
0 0
0 0
0 0
0 0
0 0
0 0
0 0
0 0
0 0
0 0
0 0
0 0
0 0
0 0
-0.00778423 0
0.0193013 0
-1.12865e-15 0
-0.0193013 0
0.00778423 0
2.4091e-16 0
7.29668e-16 0
0.0689754 0
-0.0800641 0
0.0400741 0
-0.0909632 0
0.156571 0
-0.141786 0
0.0894725 0
-0.155475 0
0.143332 0
-0.119858 0
0.105521 0
-0.0800641 0
3.86708e-16 0
-8.88585e-16 0
0.0483387 0
0.0800641 0
-0.143332 0
0.119858 0
-0.0483387 0
0.155475 0
-0.156571 0
0.141786 0
-0.105521 0
0.0909632 0
-0.0689754 0
0.0800641 0
-0.0894725 0
-1.59595e-16 0
3.63533e-16 0
0.0193013 0
-0.0400741 0
-0.0193013 0
0.00778423 0
-3.33067e-16 0
-0.00778423 0
-0.0400741 0
0.0800641 0
-0.0689754 0
0.0909632 0
3.52962e-16 0
-4.88975e-16 0
0.0856035 0
-0.0567822 0
0.0551902 0
6.9e-16 0
-0.0551902 0
0.0567822 0
-0.0856035 0
4.22405e-16 0
-8.17082e-17 0
-0.0909632 0
0.0689754 0
-0.0800641 0
0.0400741 0
-0.0894725 0
0.141786 0
-0.156571 0
0.155475 0
-0.0856035 0
0.0567822 0
-1.0662e-15 0
1.93812e-15 0
-1.5323e-15 0
1.42226e-15 0
-1.08984e-15 0
-0.0567822 0
0.0856035 0
-0.155475 0
0.156571 0
-0.141786 0
0.0894725 0
-0.105521 0
0.119858 0
-0.143332 0
0.0800641 0
-0.0551902 0
7.87795e-16 0
-1.76172e-15 0
1.60391e-15 0
-1.26765e-15 0
1.6984e-16 0
0.0551902 0
-0.0800641 0
0.143332 0
-0.119858 0
0.105521 0
-0.0483387 0
-8.59203e-16 0
8.86173e-16 0
-0.0800641 0
0.0551902 0
-0.0567822 0
-9.55941e-16 0
0.0567822 0
-0.0551902 0
0.0800641 0
2.12243e-15 0
-1.87773e-15 0
0.0483387 0
0.0483387 0
-0.119858 0
0.143332 0
-0.155475 0
0.0856035 0
-1.90603e-16 0
-0.0856035 0
0.155475 0
-0.143332 0
0.119858 0
-0.0483387 0
0.105521 0
-0.141786 0
0.156571 0
-0.0909632 0
2.20893e-16 0
0.0909632 0
-0.156571 0
0.141786 0
-0.105521 0
0.0894725 0
-0.0800641 0
0.0689754 0
6.72422e-16 0
-0.0689754 0
0.0800641 0
-0.0894725 0
0.0400741 0
-0.0193013 0
-7.26199e-16 0
0.0193013 0
-0.0400741 0
0.00778423 0
2.96855e-16 0
-0.00778423 0
0 0
0 0
0 0
0 0
0 0
0 0
0 0
0 0
0 0
0 0
0 0
0 0
0 0
0 0
0 0
0 0
0 0
0 0
0 0
0 0
0 0
0 0
0 0
0 0
0 0
0 0
0 0
0 0
0 0
0 0
0 0
0 0
0 0
0 0
0 0
0 0
0 0
0 0
0 0
0 0
0 0
0 0
0 0
0 0
0 0
0 0
0 0
0 0
0 0
0 0
0 0
0 0
0 0
0 0
0 0
0 0
0 0
0 0
0 0
0 0
0 0
0 0
0 0
0 0
0 0
0 0
0 0
0 0
0 0
0 0
0 0
0 0
0 0
0 0
0 0
0 0
0 0
0 0
0 0
0 0
0 0
0 0
0 0
0 0
0 0
0 0
0 0
0 0
0 0
0 0
0 0
0 0
0 0
0 0
0 0
0 0
0 0
0 0
0 0
0 0
0 0
0 0
0 0
0 0
0 0
0 0
0 0
0 0
0 0
0 0
0 0
0 0
0 0
0 0
0 0
0 0
0 0
0 0
0 0
0 0
0 0
0 0
0 0
0 0
0 0
0 0
0 0
0 0
0 0
0 0
0 0
0 0
0 0
0 0
0 0
0 0
0 0
0 0
0 0
0 0
0 0
9.02455e-05 0
-0.00356885 0
-0.0091706 0
0.0181503 0
-0.00851916 0
0.00334119 0
0.00855344 0
-0.0473924 0
0.052735 0
-0.0280987 0
0.0582699 0
-0.100501 0
0.0924356 0
-0.0575451 0
0.10283 0
-0.108961 0
0.0971338 0
-0.0751446 0
0.0749161 0
-0.0499166 0
0.0565925 0
-0.0609365 0
-0.00558235 0
0.00354525 0
0.0239189 0
-0.0319144 0
-0.0272802 0
-0.0372826 0
0.0567371 0
-0.0319717 0
0.0645969 0
-0.143107 0
0.129638 0
-0.0738782 0
0.166786 0
-0.178821 0
0.148002 0
-0.110055 0
0.136328 0
-0.0798653 0
0.065151 0
-0.0844929 0
0.0180836 0
-0.0420512 0
0.034985 0
-0.05476 0
0.00089384 0
-0.00576478 0
-0.0499508 0
0.028947 0
-0.030115 0
-0.027891 0
0.0604542 0
-0.119036 0
0.102558 0
-0.112409 0
0.0174293 0
0.0038432 0
-0.0988292 0
0.0786899 0
-0.0852321 0
0.0530152 0
-0.0916917 0
0.102266 0
-0.111537 0
0.0635999 0
-0.0431434 0
0.00704045 0
-0.00356472 0
0.0400222 0
-0.0695096 0
0.137284 0
-0.157785 0
0.163592 0
-0.142503 0
0.0717046 0
-0.0422316 0
-0.0144519 0
0.0760325 0
-0.100118 0
0.115513 0
-0.0797521 0
0.0381987 0
0.0265304 0
-0.0380699 0
0.0730743 0
-0.00195237 0
0.00136058 0
0.0971729 0
-0.0887167 0
0.1242 0
-0.0821041 0
0.0492862 0
0.061025 0
-0.0538318 0
0.0474816 0
0.0138006 0
-0.0670579 0
0.128838 0
-0.144325 0
0.16218 0
-0.0986529 0
0.0853344 0
0.00243504 0
-0.0027607 0
0.0336401 0
0.0272964 0
-0.0150297 0
-0.0152389 0
0.0396728 0
-0.113641 0
0.118174 0
-0.166158 0
0.138817 0
-0.119058 0
0.0761989 0
-0.0291106 0
0.0258584 0
-0.0502041 0
0.0287959 0
-0.0621131 0
-0.0183231 0
-0.00983689 0
-0.0649833 0
0.0349546 0
-0.0440608 0
0.071997 0
-0.131425 0
0.146222 0
-0.17534 0
0.108122 0
-0.0875864 0
0.020863 0
0.113331 0
-0.154478 0
0.187991 0
-0.144433 0
0.0919715 0
0.0883845 0
-0.0684921 0
0.0844027 0
0.000385934 0
0.00274433 0
0.0102047 0
-0.01897 0
0.00899342 0
-0.00371794 0
-0.00951791 0
0.0480828 0
-0.0533268 0
0.0286582 0
-0.0584551 0
0.100378 0
-0.092457 0
0.0577881 0
-0.102315 0
0.108567 0
-0.0969436 0
0.0750776 0
-0.0746261 0
0.050043 0
-0.0567358 0
0.0609179 0
0.00511685 0
-0.00288386 0
-0.0244157 0
0.0321681 0
0.026574 0
0.0377536 0
-0.0570935 0
0.0323099 0
-0.0647228 0
0.142899 0
-0.129508 0
0.073968 0
-0.166266 0
0.178263 0
-0.147603 0
0.109846 0
-0.135839 0
0.0795912 0
-0.0649477 0
0.0842542 0
-0.0175138 0
0.0414383 0
-0.0342763 0
0.0545495 0
-0.000994629 0
0.00641481 0
0.0491686 0
-0.0281385 0
0.0296516 0
0.0279616 0
-0.0600676 0
0.118456 0
-0.101909 0
0.112059 0
-0.0173749 0
-0.00350375 0
0.0982822 0
-0.0781697 0
0.0848324 0
-0.0527474 0
0.0916292 0
-0.102343 0
0.112004 0
-0.0643568 0
0.0439357 0
-0.00783432 0
0.00396667 0
-0.0401236 0
0.0692927 0
-0.136856 0
0.157501 0
-0.16341 0
0.142679 0
-0.0720683 0
0.0426332 0
0.0140865 0
-0.0760657 0
0.100264 0
-0.115857 0
0.0800075 0
-0.0386469 0
-0.0264476 0
0.0379511 0
-0.0732594 0
0.00217251 0
-0.001514 0
-0.0970676 0
0.0888879 0
-0.124463 0
0.0824194 0
-0.0495704 0
-0.0610164 0
0.0536638 0
-0.0473334 0
-0.0142618 0
0.0674159 0
-0.129363 0
0.14469 0
-0.162392 0
0.0987145 0
-0.0851243 0
-0.00270961 0
0.00307199 0
-0.0338884 0
-0.0270294 0
0.0145242 0
0.0158961 0
-0.040364 0
0.114241 0
-0.118474 0
0.166266 0
-0.138578 0
0.118741 0
-0.0758483 0
0.0288482 0
-0.0255073 0
0.0498238 0
-0.0283101 0
0.0619589 0
0.0183695 0
0.0101733 0
0.064589 0
-0.0345357 0
0.0437558 0
-0.0718746 0
0.131496 0
-0.146365 0
0.175784 0
-0.108623 0
0.0880694 0
-0.0212205 0
-0.113491 0
0.154809 0
-0.188467 0
0.144859 0
-0.0923317 0
-0.0885846 0
0.0686656 0
-0.0846401 0
0 0
0 0
0 0
0 0
0 0
0 0
0 0
0 0
0 0
0 0
0 0
0 0
0 0
0 0
0 0
0 0
0 0
0 0
0 0
0 0
0 0
0 0
0 0
0 0
0 0
0 0
0 0
0 0
0 0
0 0
0 0
0 0
0 0
0 0
0 0
0 0
0 0
0 0
0 0
0 0
0 0
0 0
0 0
0 0
0 0
0 0
0 0
0 0
0 0
0 0
0 0
0 0
0 0
0 0
0 0
0 0
0 0
0 0
0 0
0 0
0 0
0 0
0 0
0 0
0 0
0 0
0 0
0 0
0 0
0 0
0 0
0 0
0 0
0 0
0 0
0 0
0 0
0 0
0 0
0 0
0 0
0 0
0 0
0 0
0 0
0 0
0 0
0 0
0 0
0 0
0 0
0 0
0 0
0 0
0 0
0 0
0 0
0 0
0 0
0 0
0 0
0 0
0 0
0 0
0 0
0 0
0 0
0 0
0 0
0 0
0 0
0 0
0 0
0 0
0 0
0 0
0 0
0 0
0 0
0 0
0 0
0 0
0 0
0 0
0 0
0 0
0 0
0 0
0 0
0 0
0 0
0 0
0 0
0 0
0 0
0 0
0 0
0 0
0 0
0 0
0 0
0 0
0 0
0 0
0 0
0 0
0 0
0 0
0 0
0 0
0 0
0 0
0 0
0 0
0 0
0 0
0 0
0 0
0 0
0 0
0 0
0 0
0 0
0 0
0 0
0 0
0 0
0 0
0 0
0 0
0 0
0 0
0 0
0 0
0 0
0 0
0 0
0 0
0 0
0 0
0 0
0 0
0 0
0 0
0 0
0 0
0 0
0 0
0 0
0 0
0 0
0 0
0 0
0 0
0 0
0 0
0 0
0 0
0 0
0 0
0 0
0 0
0 0
0 0
0 0
0 0
0 0
0 0
0 0
0 0
0 0
0 0
0 0
0 0
0 0
0 0
0 0
0 0
0 0
0 0
0 0
0 0
0 0
0 0
0 0
0 0
0 0
0 0
0 0
0 0
0 0
0 0
0 0
0 0
0 0
0 0
0 0
0 0
0 0
0 0
0 0
0 0
0 0
0 0
0 0
0 0
0 0
0 0
0 0
0 0
0 0
0 0
0 0
0 0
0 0
0 0
0 0
0 0
0 0
0 0
0 0
0 0
0 0
0 0
0 0
0 0
0 0
0 0
0 0
0 0
0 0
0 0
0 0
0 0
0 0
0 0
0 0
0 0
0 0
0 0
0 0
0 0
-0.0975119 0
0.168837 0
-0.211779 0
0.167897 0
-0.0971391 0
0.0771589 0
0.197527 0
-0.14148 0
0.12131 0
-0.11464 0
0.0380799 0
0.0247733 0
0.00460293 0
-0.0499113 0
-0.105179 0
0.0805053 0
-0.0387254 0
0.013526 0
-0.0591884 0
-0.0260076 0
0.0294859 0
0.00366252 0
0.0953127 0
-0.135429 0
0.101797 0
-0.0520398 0
0.144542 0
-0.0965613 0
0.0731193 0
-0.0693359 0
0.0259364 0
0.0422258 0
-0.0262898 0
-0.0185631 0
-0.106171 0
0.113831 0
-0.0813279 0
0.0426592 0
-0.0996671 0
0.0559474 0
-0.041473 0
0.0486778 0
-0.11664 0
0.125414 0
-0.145047 0
0.0429744 0
0.0206417 0
-0.133128 0
0.16006 0
-0.165482 0
0.0948187 0
-0.0145318 0
-0.0790113 0
0.118543 0
-0.132651 0
0.0715562 0
-0.0110949 0
-0.0695031 0
0.111783 0
-0.106325 0
0.0816543 0
-0.0546989 0
0.0125761 0
0.015993 0
-0.0958965 0
0.155143 0
-0.16236 0
0.162587 0
-0.0823209 0
0.0208524 0
0.0442476 0
-0.0873906 0
0.0576721 0
-0.0367714 0
-0.0364639 0
0.0746493 0
-0.0823531 0
0.0747911 0
0.00697965 0
-0.0301839 0
0.0707849 0
-0.0524908 0
0.0918605 0
-0.0168884 0
0.024234 0
0.0380733 0
-0.0450865 0
0.0314202 0
-0.021329 0
-0.035285 0
0.0541107 0
-0.0647577 0
0.0583141 0
-0.00161874 0
0.0342676 0
-0.0302253 0
0.0944734 0
-0.0734897 0
0.10781 0
-0.0751962 0
0.0438167 0
-0.0128492 0
-0.0428219 0
0.0562329 0
-0.0637535 0
0.0509413 0
-0.0546038 0
0.103483 0
-0.134616 0
0.141643 0
-0.123289 0
0.0615713 0
-0.0224924 0
-0.0486458 0
0.0646444 0
-0.0716126 0
0.0536586 0
-0.0718401 0
0.0777502 0
-0.0994227 0
0.0314232 0
-0.00954675 0
-0.0689107 0
0.0805683 0
-0.0856955 0
0.0623563 0
-0.0248798 0
-0.014985 0
0.0296971 0
-0.0913558 0
0.102822 0
-0.0991245 0
0.0732619 0
0.032986 0
-0.0682297 0
0.0979474 0
-0.0875094 0
0.0739809 0
0.0411917 0
-0.0356859 0
0.0488341 0
-0.0975112 0
0.168853 0
-0.211732 0
0.167806 0
-0.0970963 0
0.0771416 0
0.197483 0
-0.141247 0
0.121051 0
-0.114502 0
0.0377949 0
0.0252638 0
0.00415148 0
-0.0496297 0
-0.10568 0
0.0810364 0
-0.0391993 0
0.0138928 0
-0.0595535 0
-0.0257636 0
0.0292092 0
0.00396004 0
0.0953389 0
-0.135445 0
0.101678 0
-0.0518834 0
0.144674 0
-0.0963781 0
0.0728414 0
-0.069179 0
0.0256206 0
0.0429241 0
-0.0269225 0
-0.0182021 0
-0.106984 0
0.114703 0
-0.0820497 0
0.0431961 0
-0.100332 0
0.0563367 0
-0.0417906 0
0.0490898 0
-0.116727 0
0.125618 0
-0.145216 0
0.0432413 0
0.0206371 0
-0.133098 0
0.160302 0
-0.165621 0
0.0949646 0
-0.0143954 0
-0.0793056 0
0.119123 0
-0.13315 0
0.0721043 0
-0.0111799 0
-0.069521 0
0.112264 0
-0.106708 0
0.0820696 0
-0.0549571 0
0.0130237 0
0.0154934 0
-0.0953507 0
0.154831 0
-0.162147 0
0.16255 0
-0.0823025 0
0.0206568 0
0.0445865 0
-0.08806 0
0.0584419 0
-0.0375699 0
-0.0357676 0
0.0742983 0
-0.0821459 0
0.0748608 0
0.00660828 0
-0.0296946 0
0.07022 0
-0.0521008 0
0.0916729 0
-0.0170177 0
0.0244197 0
0.037716 0
-0.0450764 0
0.0314132 0
-0.0218032 0
-0.0348514 0
0.0535035 0
-0.0643559 0
0.0580727 0
-0.00191673 0
0.03453 0
-0.0304568 0
0.0944049 0
-0.0731614 0
0.107179 0
-0.0744905 0
0.0430242 0
-0.0123673 0
-0.0432381 0
0.0562203 0
-0.0637392 0
0.0507764 0
-0.0547365 0
0.103555 0
-0.13454 0
0.141448 0
-0.122732 0
0.0609935 0
-0.0216807 0
-0.0493231 0
0.065225 0
-0.0719838 0
0.0538001 0
-0.0719656 0
0.0779944 0
-0.0995621 0
0.0317262 0
-0.00945716 0
-0.0688619 0
0.0808847 0
-0.0858651 0
0.0625707 0
-0.0252311 0
-0.0143431 0
0.0289827 0
-0.0904985 0
0.102292 0
-0.0986957 0
0.0731592 0
0.0324322 0
-0.0674746 0
0.0970283 0
-0.086803 0
0.0735309 0
0.0407596 0
-0.035351 0
0.0484214 0
0 0
0 0
0 0
0 0
0 0
0 0
0 0
0 0
0 0
0 0
0 0
0 0
0 0
0 0
0 0
0 0
0 0
0 0
0 0
0 0
0 0
0 0
0 0
0 0
0 0
0 0
0 0
0 0
0 0
0 0
0 0
0 0
0 0
0 0
0 0
0 0
0 0
0 0
0 0
0 0
0 0
0 0
0 0
0 0
0 0
0 0
0 0
0 0
0 0
0 0
0 0
0 0
0 0
0 0
0 0
0 0
0 0
0 0
0 0
0 0
0 0
0 0
0 0
0 0
0 0
0 0
0 0
0 0
0 0
0 0
0 0
0 0
0 0
0 0
0 0
0 0
0 0
0 0
0 0
0 0
0 0
0 0
0 0
0 0
0 0
0 0
0 0
0 0
0 0
0 0
0 0
0 0
0 0
0 0
0 0
0 0
0 0
0 0
0 0
0 0
0 0
0 0
0 0
0 0
0 0
0 0
0 0
0 0
0 0
0 0
0 0
0 0
0 0
0 0
0 0
0 0
0 0
0 0
0 0
0 0
0 0
0 0
0 0
0 0
0 0
0 0
0 0
0 0
0 0
0 0
0 0
0 0
0 0
0 0
0 0
0 0
0 0
0 0
0 0
0 0
0 0
0 0
0 0
0 0
0 0
0 0
0 0
0 0
0 0
0 0
0 0
0 0
0 0
0 0
0 0
0 0
0 0
0 0
0 0
0 0
0 0
0 0
0 0
0 0
0 0
0 0
0 0
0 0
0 0
0 0
0 0
0 0
0 0
0 0
0 0
0 0
0 0
0 0
0 0
0 0
0 0
0 0
0 0
0 0
0 0
0 0
0 0
0 0
0 0
0 0
0 0
0 0
0 0
0 0
0 0
0 0
0 0
0 0
0 0
0 0
0 0
0 0
0 0
0 0
0 0
0 0
0 0
0 0
0 0
0 0
0 0
0 0
0 0
0 0
0 0
0 0
0 0
0 0
0 0
0 0
0 0
0 0
0 0
0 0
0 0
0 0
0 0
0 0
0 0
0 0
0 0
0 0
0 0
0 0
0 0
0 0
0 0
0 0
0 0
0 0
0 0
0 0
0 0
0 0
0 0
0 0
0 0
0 0
0 0
0 0
0 0
0 0
0 0
0 0
0 0
0 0
0 0
0 0
0 0
0 0
0 0
0 0
0 0
0 0
0 0
0 0
0 0
0 0
0 0
0 0
0 0
0 0
0 0
0 0
0 0
0 0
0 0
0 0
0 0
0 0
0 0
0 0
-0.0478279 0
0.0918514 0
-0.125853 0
0.0925063 0
-0.0480731 0
0.0359029 0
0.151812 0
-0.141367 0
0.102938 0
-0.0731694 0
0.12286 0
-0.0783491 0
0.0584614 0
-0.0604238 0
0.0279593 0
0.0188354 0
-0.012025 0
-0.0173846 0
-0.0662458 0
0.0936634 0
-0.0698969 0
0.0306695 0
-0.114044 0
0.123282 0
-0.0967023 0
0.0623705 0
-0.118554 0
0.120123 0
-0.0973596 0
0.0726518 0
-0.104949 0
0.101101 0
-0.0823664 0
0.0672848 0
-0.0827372 0
0.0685898 0
-0.0555308 0
0.0516252 0
-0.0449439 0
0.0241512 0
-0.019567 0
0.0281147 0
-0.0716654 0
0.0995756 0
-0.138288 0
0.117996 0
-0.108457 0
0.0488456 0
-0.0151688 0
-0.036287 0
0.064452 0
-0.0696264 0
0.08768 0
-0.050534 0
0.0732684 0
-0.0266208 0
0.0591087 0
-0.0263166 0
0.0513107 0
-0.0280033 0
0.0273095 0
-0.0560257 0
0.0500761 0
-0.0684372 0
0.0147324 0
-0.00684717 0
-0.0452883 0
0.0476439 0
-0.0456873 0
0.0338488 0
0.0248995 0
-0.0259658 0
0.0949925 0
-0.0612697 0
0.0952873 0
-0.0401245 0
0.0382068 0
-0.00381992 0
-0.00929645 0
-0.0252441 0
0.0359324 0
-0.0854682 0
0.080174 0
-0.0833982 0
0.0405439 0
0.0207878 0
-0.0743927 0
0.153025 0
-0.166501 0
0.196728 0
-0.15313 0
0.117014 0
-0.0581106 0
0.0407942 0
-0.0837222 0
0.11219 0
-0.130482 0
0.102049 0
-0.0587055 0
-0.021678 0
0.0958224 0
-0.167854 0
0.199512 0
-0.205853 0
0.153619 0
-0.101318 0
0.0706486 0
-0.104989 0
0.134295 0
-0.123247 0
0.0764386 0
-0.0222248 0
-0.0664212 0
0.103822 0
-0.159214 0
0.121946 0
-0.103165 0
0.0754952 0
-0.0966682 0
0.118474 0
-0.096543 0
0.0493479 0
-0.0130466 0
-0.0516856 0
0.0472835 0
-0.0633553 0
0.0642438 0
-0.0749348 0
0.0900566 0
-0.0690746 0
0.0371867 0
-0.0172092 0
-0.011259 0
0.0458598 0
-0.0475624 0
0.0572634 0
-0.0363206 0
0.0200402 0
0.0239219 0
-0.0163359 0
0.0197132 0
-0.0480732 0
0.0924989 0
-0.12588 0
0.0918985 0
-0.0478484 0
0.0359106 0
0.151844 0
-0.138446 0
0.0997372 0
-0.0717435 0
0.118224 0
-0.0688652 0
0.0504364 0
-0.0562211 0
0.0152869 0
0.0352274 0
-0.0246985 0
-0.00963563 0
-0.0846852 0
0.111441 0
-0.0831639 0
0.0403809 0
-0.129825 0
0.133864 0
-0.104666 0
0.0703187 0
-0.123077 0
0.118568 0
-0.0967178 0
0.0753929 0
-0.0969142 0
0.0905364 0
-0.0752608 0
0.0643844 0
-0.069659 0
0.0577479 0
-0.0479048 0
0.04611 0
-0.0366879 0
0.0199025 0
-0.0164741 0
0.0241018 0
-0.0731224 0
0.10282 0
-0.141269 0
0.122683 0
-0.10848 0
0.0488561 0
-0.00719555 0
-0.0449228 0
0.0795359 0
-0.0828421 0
0.101472 0
-0.0583775 0
0.0763228 0
-0.0224129 0
0.0497654 0
-0.0136026 0
0.0377835 0
-0.0176629 0
0.0203475 0
-0.0602535 0
0.0581244 0
-0.0779528 0
0.0274139 0
-0.0148252 0
-0.03667 0
0.0476541 0
-0.0456972 0
0.0402735 0
0.0209637 0
-0.0218614 0
0.0958084 0
-0.0662208 0
0.103488 0
-0.0512148 0
0.0469153 0
-0.0109513 0
-0.0170512 0
-0.0125786 0
0.0195521 0
-0.0670614 0
0.0651213 0
-0.0702155 0
0.0341352 0
0.0247335 0
-0.0744087 0
0.153058 0
-0.167834 0
0.199439 0
-0.158995 0
0.121767 0
-0.0631503 0
0.0310981 0
-0.0704883 0
0.0944559 0
-0.114754 0
0.0882979 0
-0.0508855 0
-0.0257927 0
0.0950475 0
-0.166593 0
0.196886 0
-0.205897 0
0.153652 0
-0.10311 0
0.062729 0
-0.0970686 0
0.123767 0
-0.118775 0
0.0734163 0
-0.0264433 0
-0.0614976 0
0.0956636 0
-0.153416 0
0.117245 0
-0.101417 0
0.0727859 0
-0.0973517 0
0.12008 0
-0.104621 0
0.0587145 0
-0.0257691 0
-0.0406151 0
0.0385934 0
-0.0583418 0
0.0671725 0
-0.0820743 0
0.100662 0
-0.0821855 0
0.0507329 0
-0.0275594 0
-0.00413086 0
0.0513959 0
-0.0552106 0
0.0681324 0
-0.044594 0
0.0270124 0
0.027946 0
-0.0194365 0
0.0239714 0
0 0
0 0
0 0
0 0
0 0
0 0
0 0
0 0
0 0
0 0
0 0
0 0
0 0
0 0
0 0
0 0
0 0
0 0
0 0
0 0
0 0
0 0
0 0
0 0
0 0
0 0
0 0
0 0
0 0
0 0
0 0
0 0
0 0
0 0
0 0
0 0
0 0
0 0
0 0
0 0
0 0
0 0
0 0
0 0
0 0
0 0
0 0
0 0
0 0
0 0
0 0
0 0
0 0
0 0
0 0
0 0
0 0
0 0
0 0
0 0
0 0
0 0
0 0
0 0
0 0
0 0
0 0
0 0
0 0
0 0
0 0
0 0
0 0
0 0
0 0
0 0
0 0
0 0
0 0
0 0
0 0
0 0
0 0
0 0
0 0
0 0
0 0
0 0
0 0
0 0
0 0
0 0
0 0
0 0
0 0
0 0
0 0
0 0
0 0
0 0
0 0
0 0
0 0
0 0
0 0
0 0
0 0
0 0
0 0
0 0
0 0
0 0
0 0
0 0
0 0
0 0
0 0
0 0
0 0
0 0
0 0
0 0
0 0
0 0
0 0
0 0
0 0
0 0
0 0
0 0
0 0
0 0
0 0
0 0
0 0
0 0
0 0
0 0
0 0
0 0
0 0
0 0
0 0
0 0
0 0
0 0
0 0
0 0
0 0
0 0
0 0
0 0
0 0
0 0
0 0
0 0
0 0
0 0
0 0
0 0
0 0
0 0
0 0
0 0
0 0
0 0
0 0
0 0
0 0
0 0
0 0
0 0
0 0
0 0
0 0
0 0
0 0
0 0
0 0
0 0
0 0
0 0
0 0
0 0
0 0
0 0
0 0
0 0
0 0
0 0
0 0
0 0
0 0
0 0
0 0
0 0
0 0
0 0
0 0
0 0
0 0
0 0
0 0
0 0
0 0
0 0
0 0
0 0
0 0
0 0
0 0
0 0
0 0
0 0
0 0
0 0
0 0
0 0
0 0
0 0
0 0
0 0
0 0
0 0
0 0
0 0
0 0
0 0
0 0
0 0
0 0
0 0
0 0
0 0
0 0
0 0
0 0
0 0
0 0
0 0
0 0
0 0
0 0
0 0
0 0
0 0
0 0
0 0
0 0
0 0
0 0
0 0
0 0
0 0
0 0
0 0
0 0
0 0
0 0
0 0
0 0
0 0
0 0
0 0
0 0
0 0
0 0
0 0
0 0
0 0
0 0
0 0
0 0
0 0
0 0
0 0
0 0
0 0
0 0
0 0
0 0
0 0
0.0048506 0
-0.011091 0
0.00653932 0
0.00151183 0
0.000132409 0
-0.00186551 0
-0.00788813 0
-0.02237 0
0.0270959 0
-0.01071 0
0.0405452 0
-0.0915667 0
0.0778701 0
-0.0392966 0
0.126171 0
-0.165945 0
0.128173 0
-0.0771374 0
0.188915 0
-0.183622 0
0.137029 0
-0.099285 0
0.164533 0
-0.112668 0
0.0849805 0
-0.0831147 0
0.0514358 0
0.00967155 0
-0.00161232 0
-0.0312109 0
-0.0756574 0
0.10131 0
-0.0674257 0
0.0258461 0
-0.127529 0
0.105722 0
-0.0740002 0
0.0529462 0
-0.0808687 0
0.0415663 0
-0.0301601 0
0.0389949 0
0.0182356 0
-0.0376185 0
0.0369008 0
-0.05306 0
0.00563539 0
-0.00253801 0
-0.0795059 0
0.0887375 0
-0.155047 0
0.136499 0
-0.143199 0
0.0814703 0
-0.0343951 0
-0.0410325 0
0.0911085 0
-0.126672 0
0.133613 0
-0.102695 0
0.0687215 0
0.0453473 0
-0.0835097 0
0.0991937 0
-0.128389 0
0.0806499 0
-0.0844989 0
-0.00247557 0
0.00237391 0
-0.0663587 0
0.0383794 0
-0.040023 0
-0.0129433 0
0.0528896 0
-0.0872987 0
0.113636 0
-0.0895641 0
0.0719769 0
0.0785237 0
-0.126237 0
0.163099 0
-0.181031 0
0.147533 0
-0.128548 0
0.0624932 0
-0.0407534 0
0.00386544 0
-0.00795115 0
0.0217067 0
-0.0370867 0
0.0666604 0
-0.0536728 0
0.0536242 0
0.0955718 0
-0.129047 0
0.172926 0
-0.151828 0
0.133341 0
-0.0757942 0
0.0424986 0
0.0030286 0
-0.0043336 0
0.0164981 0
0.0106961 0
-0.00798204 0
0.023082 0
0.076203 0
-0.0745006 0
0.0992842 0
-0.0388719 0
0.0266163 0
0.0435705 0
-0.0462547 0
0.076953 0
-0.050431 0
0.0412564 0
-0.0124571 0
0.0235132 0
0.011694 0
-0.022069 0
0.0861269 0
-0.0967439 0
0.128717 0
-0.108865 0
0.085122 0
-0.0473128 0
-0.0326803 0
0.0755991 0
-0.111243 0
0.135417 0
-0.138211 0
0.105044 0
-0.0711934 0
-0.0580115 0
0.0793569 0
-0.112262 0
0.0850912 0
-0.0711818 0
-0.0416987 0
0.0320256 0
-0.0438455 0
7.52916e-05 0
-0.00191149 0
-0.00599551 0
0.0106941 0
-0.00464391 0
0.00171037 0
0.00723215 0
-0.036303 0
0.037188 0
-0.0179258 0
0.0525497 0
-0.0988971 0
0.0832926 0
-0.0451048 0
0.128324 0
-0.163253 0
0.126345 0
-0.0784828 0
0.181399 0
-0.173409 0
0.129408 0
-0.0957471 0
0.15239 0
-0.0998635 0
0.0749536 0
-0.0765076 0
0.039404 0
0.0215569 0
-0.0112762 0
-0.0238392 0
-0.085709 0
0.110853 0
-0.0752746 0
0.0324024 0
-0.135117 0
0.112013 0
-0.0791506 0
0.0578129 0
-0.0849335 0
0.0437599 0
-0.0319547 0
0.041595 0
0.011026 0
-0.0275404 0
0.0229806 0
-0.0410756 0
-0.00516676 0
0.00232695 0
-0.0806195 0
0.0846938 0
-0.147878 0
0.128907 0
-0.13378 0
0.0760472 0
-0.0269464 0
-0.0434741 0
0.0965298 0
-0.12866 0
0.138049 0
-0.104969 0
0.0710946 0
0.0395573 0
-0.078122 0
0.0919043 0
-0.12629 0
0.0795707 0
-0.0885799 0
0.0022697 0
-0.0021765 0
-0.0626678 0
0.0406632 0
-0.0424045 0
-0.00344257 0
0.0465413 0
-0.0774009 0
0.109088 0
-0.0853255 0
0.0712413 0
0.0772118 0
-0.12812 0
0.165862 0
-0.188627 0
0.154768 0
-0.136197 0
0.0662118 0
-0.0384867 0
-0.00354399 0
0.00728993 0
0.00505877 0
-0.01736 0
0.0511185 0
-0.0417829 0
0.0475861 0
0.0991516 0
-0.136726 0
0.183216 0
-0.164039 0
0.142819 0
-0.0812512 0
0.0401348 0
0.0125328 0
-0.0209871 0
0.0362364 0
-0.00980661 0
0.00731825 0
0.0129027 0
0.0828444 0
-0.0845619 0
0.112134 0
-0.0509231 0
0.0340782 0
0.0411472 0
-0.0526243 0
0.0868862 0
-0.0659982 0
0.0531667 0
-0.022644 0
0.0308967 0
0.00203295 0
-0.0101904 0
0.0761101 0
-0.091363 0
0.126785 0
-0.113461 0
0.0893982 0
-0.0533726 0
-0.0261365 0
0.067781 0
-0.101746 0
0.127885 0
-0.133833 0
0.102815 0
-0.0719597 0
-0.0531688 0
0.0742394 0
-0.106018 0
0.0810621 0
-0.0688389 0
-0.039116 0
0.0302443 0
-0.0416703 0
0 0
0 0
0 0
0 0
0 0
0 0
0 0
0 0
0 0
0 0
0 0
0 0
0 0
0 0
0 0
0 0
0 0
0 0
0 0
0 0
0 0
0 0
0 0
0 0
0 0
0 0
0 0
0 0
0 0
0 0
0 0
0 0
0 0
0 0
0 0
0 0
0 0
0 0
0 0
0 0
0 0
0 0
0 0
0 0
0 0
0 0
0 0
0 0
0 0
0 0
0 0
0 0
0 0
0 0
0 0
0 0
0 0
0 0
0 0
0 0
0 0
0 0
0 0
0 0
0 0
0 0
0 0
0 0
0 0
0 0
0 0
0 0
0 0
0 0
0 0
0 0
0 0
0 0
0 0
0 0
0 0
0 0
0 0
0 0
0 0
0 0
0 0
0 0
0 0
0 0
0 0
0 0
0 0
0 0
0 0
0 0
0 0
0 0
0 0
0 0
0 0
0 0
0 0
0 0
0 0
0 0
0 0
0 0
0 0
0 0
0 0
0 0
0 0
0 0
0 0
0 0
0 0
0 0
0 0
0 0
0 0
0 0
0 0
0 0
0 0
0 0
0 0
0 0
0 0
0 0
0 0
0 0
0 0
0 0
0 0
0 0
0 0
0 0
0 0
0 0
0 0
0 0
0 0
0 0
0 0
0 0
0 0
0 0
0 0
0 0
0 0
0 0
0 0
0 0
0 0
0 0
0 0
0 0
0 0
0 0
0 0
0 0
0 0
0 0
0 0
0 0
0 0
0 0
0 0
0 0
0 0
0 0
0 0
0 0
0 0
0 0
0 0
0 0
0 0
0 0
0 0
0 0
0 0
0 0
0 0
0 0
0 0
0 0
0 0
0 0
0 0
0 0
0 0
0 0
0 0
0 0
0 0
0 0
0 0
0 0
0 0
0 0
0 0
0 0
0 0
0 0
0 0
0 0
0 0
0 0
0 0
0 0
0 0
0 0
0 0
0 0
0 0
0 0
0 0
0 0
0 0
0 0
0 0
0 0
0 0
0 0
0 0
0 0
0 0
0 0
0 0
0 0
0 0
0 0
0 0
0 0
0 0
0 0
0 0
0 0
0 0
0 0
0 0
0 0
0 0
0 0
0 0
0 0
0 0
0 0
0 0
0 0
0 0
0 0
0 0
0 0
0 0
0 0
0 0
0 0
0 0
0 0
0 0
0 0
0 0
0 0
0 0
0 0
0 0
0 0
0 0
0 0
0 0
0 0
0 0
0 0
0 0
0 0
0 0
0 0
0 0
0 0
0.047451 0
-0.0926641 0
0.127677 0
-0.0926641 0
0.047451 0
-0.0352146 0
-0.158755 0
0.150081 0
-0.108376 0
0.0745986 0
-0.137332 0
0.0956921 0
-0.0732378 0
0.0673903 0
-0.0473166 0
0.0125966 0
-0.0191746 0
0.0342908 0
0.0325439 0
-0.0264792 0
0.00627253 0
0.00478748 0
0.0325439 0
0.0125966 0
-0.0191746 0
0.00478748 0
-0.0473166 0
0.0956921 0
-0.0732378 0
0.0342908 0
-0.137332 0
0.150081 0
-0.108376 0
0.0673903 0
-0.158755 0
0.127677 0
-0.0926641 0
0.0745986 0
-0.0926641 0
0.047451 0
-0.0352146 0
0.047451 0
0.0745986 0
-0.108376 0
0.150081 0
-0.137332 0
0.124331 0
-0.0604041 0
0.0192277 0
0.0559027 0
-0.0738221 0
0.110501 0
-0.0738221 0
0.0559027 0
0.0192277 0
-0.0604041 0
0.124331 0
-0.137332 0
0.150081 0
-0.108376 0
0.0745986 0
0.0673903 0
-0.0732378 0
0.0956921 0
-0.0473166 0
0.0192277 0
0.0559027 0
-0.0960614 0
0.147076 0
-0.150152 0
0.147076 0
-0.0960614 0
0.0559027 0
0.0192277 0
-0.0473166 0
0.0956921 0
-0.0732378 0
0.0673903 0
0.0342908 0
-0.0191746 0
0.0125966 0
0.0325439 0
-0.0738221 0
0.110501 0
-0.150152 0
0.147076 0
-0.150152 0
0.110501 0
-0.0738221 0
0.0325439 0
0.0125966 0
-0.0191746 0
0.0342908 0
0.00478748 0
0.00627253 0
-0.0264792 0
0.0325439 0
-0.0738221 0
0.0559027 0
-0.0960614 0
0.0559027 0
-0.0738221 0
0.0325439 0
-0.0264792 0
0.00627253 0
0.00478748 0
0.00478748 0
-0.0191746 0
0.0125966 0
-0.0473166 0
0.0192277 0
-0.0604041 0
0.0192277 0
-0.0473166 0
0.0125966 0
-0.0191746 0
0.00478748 0
0.0342908 0
-0.0732378 0
0.0956921 0
-0.137332 0
0.124331 0
-0.137332 0
0.0956921 0
-0.0732378 0
0.0342908 0
0.0673903 0
-0.108376 0
0.150081 0
-0.158755 0
0.150081 0
-0.108376 0
0.0673903 0
0.0745986 0
-0.0926641 0
0.127677 0
-0.0926641 0
0.0745986 0
0.047451 0
-0.0352146 0
0.047451 0
0.047451 0
-0.0926641 0
0.127677 0
-0.0926641 0
0.047451 0
-0.0352146 0
-0.158755 0
0.150081 0
-0.108376 0
0.0745986 0
-0.137332 0
0.0956921 0
-0.0732378 0
0.0673903 0
-0.0473166 0
0.0125966 0
-0.0191746 0
0.0342908 0
0.0325439 0
-0.0264792 0
0.00627253 0
0.00478748 0
0.0325439 0
0.0125966 0
-0.0191746 0
0.00478748 0
-0.0473166 0
0.0956921 0
-0.0732378 0
0.0342908 0
-0.137332 0
0.150081 0
-0.108376 0
0.0673903 0
-0.158755 0
0.127677 0
-0.0926641 0
0.0745986 0
-0.0926641 0
0.047451 0
-0.0352146 0
0.047451 0
0.0745986 0
-0.108376 0
0.150081 0
-0.137332 0
0.124331 0
-0.0604041 0
0.0192277 0
0.0559027 0
-0.0738221 0
0.110501 0
-0.0738221 0
0.0559027 0
0.0192277 0
-0.0604041 0
0.124331 0
-0.137332 0
0.150081 0
-0.108376 0
0.0745986 0
0.0673903 0
-0.0732378 0
0.0956921 0
-0.0473166 0
0.0192277 0
0.0559027 0
-0.0960614 0
0.147076 0
-0.150152 0
0.147076 0
-0.0960614 0
0.0559027 0
0.0192277 0
-0.0473166 0
0.0956921 0
-0.0732378 0
0.0673903 0
0.0342908 0
-0.0191746 0
0.0125966 0
0.0325439 0
-0.0738221 0
0.110501 0
-0.150152 0
0.147076 0
-0.150152 0
0.110501 0
-0.0738221 0
0.0325439 0
0.0125966 0
-0.0191746 0
0.0342908 0
0.00478748 0
0.00627253 0
-0.0264792 0
0.0325439 0
-0.0738221 0
0.0559027 0
-0.0960614 0
0.0559027 0
-0.0738221 0
0.0325439 0
-0.0264792 0
0.00627253 0
0.00478748 0
0.00478748 0
-0.0191746 0
0.0125966 0
-0.0473166 0
0.0192277 0
-0.0604041 0
0.0192277 0
-0.0473166 0
0.0125966 0
-0.0191746 0
0.00478748 0
0.0342908 0
-0.0732378 0
0.0956921 0
-0.137332 0
0.124331 0
-0.137332 0
0.0956921 0
-0.0732378 0
0.0342908 0
0.0673903 0
-0.108376 0
0.150081 0
-0.158755 0
0.150081 0
-0.108376 0
0.0673903 0
0.0745986 0
-0.0926641 0
0.127677 0
-0.0926641 0
0.0745986 0
0.047451 0
-0.0352146 0
0.047451 0
0 0
0 0
0 0
0 0
0 0
0 0
0 0
0 0
0 0
0 0
0 0
0 0
0 0
0 0
0 0
0 0
0 0
0 0
0 0
0 0
0 0
0 0
0 0
0 0
0 0
0 0
0 0
0 0
0 0
0 0
0 0
0 0
0 0
0 0
0 0
0 0
0 0
0 0
0 0
0 0
0 0
0 0
0 0
0 0
0 0
0 0
0 0
0 0
0 0
0 0
0 0
0 0
0 0
0 0
0 0
0 0
0 0
0 0
0 0
0 0
0 0
0 0
0 0
0 0
0 0
0 0
0 0
0 0
0 0
0 0
0 0
0 0
0 0
0 0
0 0
0 0
0 0
0 0
0 0
0 0
0 0
0 0
0 0
0 0
0 0
0 0
0 0
0 0
0 0
0 0
0 0
0 0
0 0
0 0
0 0
0 0
0 0
0 0
0 0
0 0
0 0
0 0
0 0
0 0
0 0
0 0
0 0
0 0
0 0
0 0
0 0
0 0
0 0
0 0
0 0
0 0
0 0
0 0
0 0
0 0
0 0
0 0
0 0
0 0
0 0
0 0
0 0
0 0
0 0
0 0
0 0
0 0
0 0
0 0
0 0
0 0
0 0
0 0
0 0
0 0
0 0
-0 0
-0 0
-0 0
-0 0
-0 0
-0 0
-0 0
-0 0
-0 0
-0 0
-0 0
-0 0
-0 0
-0 0
-0 0
-0 0
-0 0
-0 0
-0 0
-0 0
-0 0
-0 0
-0 0
-0 0
-0 0
-0 0
-0 0
-0 0
-0 0
-0 0
-0 0
-0 0
-0 0
-0 0
-0 0
-0 0
-0 0
-0 0
-0 0
-0 0
-0 0
-0 0
-0 0
-0 0
-0 0
-0 0
-0 0
-0 0
-0 0
-0 0
-0 0
-0 0
-0 0
-0 0
-0 0
-0 0
-0 0
-0 0
-0 0
-0 0
-0 0
-0 0
-0 0
-0 0
-0 0
-0 0
-0 0
-0 0
-0 0
-0 0
-0 0
-0 0
-0 0
-0 0
-0 0
-0 0
-0 0
-0 0
-0 0
-0 0
-0 0
-0 0
-0 0
-0 0
-0 0
-0 0
-0 0
-0 0
-0 0
-0 0
-0 0
-0 0
-0 0
-0 0
-0 0
-0 0
-0 0
-0 0
-0 0
-0 0
-0 0
-0 0
-0 0
-0 0
-0 0
-0 0
-0 0
-0 0
-0 0
-0 0
-0 0
-0 0
-0 0
-0 0
-0 0
-0 0
-0 0
-0 0
-0 0
-0 0
-0 0
-0 0
-0 0
-0 0
-0 0
-0 0
-0 0
-0 0
-0 0
-0 0
-0 0
-0 0
-0 0
-0 0
-0 0
-0 0
-0 0
-0 0
-0 0
-0 0
-0 0
5.5167e-05 0
-0.0003812 0
-0.000979913 0
0.00172496 0
-0.000691495 0
0.000225586 0
0.00142035 0
-0.00750807 0
0.0072855 0
-0.00319432 0
0.0124727 0
-0.0256492 0
0.0204944 0
-0.00984833 0
0.0393835 0
-0.057891 0
0.0424442 0
-0.0223125 0
0.0814696 0
-0.0984251 0
0.0690381 0
-0.0395219 0
0.127127 0
-0.133109 0
0.0911643 0
-0.0567938 0
0.157178 0
-0.145461 0
0.098536 0
-0.0672512 0
0.154598 0
-0.12603 0
0.0854785 0
-0.0652355 0
0.115425 0
-0.079633 0
0.0551369 0
-0.0498499 0
0.0540645 0
-0.0256656 0
0.0183324 0
-0.0260458 0
0.00200002 0
-0.00526041 0
0.0044815 0
-0.00880124 0
-0.00202541 0
0.00204173 0
-0.0275518 0
0.0362921 0
-0.0734912 0
0.0895403 0
-0.127063 0
0.141748 0
-0.164795 0
0.165922 0
-0.164596 0
0.143766 0
-0.119925 0
0.0790904 0
-0.0472051 0
0.00835691 0
-0.0183125 0
0.0223702 0
-0.0359875 0
0.0238179 0
-0.0332392 0
-0.00132875 0
0.000695227 0
-0.0520189 0
0.0564979 0
-0.107981 0
0.106344 0
-0.138639 0
0.118802 0
-0.121011 0
0.0787766 0
-0.0559659 0
0.0209284 0
-0.0407216 0
0.0553244 0
-0.0793485 0
0.0712711 0
-0.0884519 0
0.0513865 0
-0.0571931 0
0.00063233 0
-0.00108843 0
-0.0533538 0
0.0452429 0
-0.0754627 0
0.0488186 0
-0.0452341 0
0.0386137 0
-0.0681989 0
0.0972286 0
-0.126713 0
0.126845 0
-0.142637 0
0.10931 0
-0.108509 0
0.0557917 0
-0.0477786 0
0.00119643 0
-0.000839212 0
-0.0170093 0
0.0565312 0
-0.0912627 0
0.133354 0
-0.158185 0
0.16619 0
-0.167964 0
0.140977 0
-0.121191 0
0.0777844 0
-0.0504427 0
0.0181801 0
0.0675466 0
-0.099271 0
0.14666 0
-0.156239 0
0.166621 0
-0.145797 0
0.123091 0
-0.0802235 0
0.0463228 0
0.0658142 0
-0.0863759 0
0.127433 0
-0.116845 0
0.121548 0
-0.0802181 0
0.0568786 0
0.0503994 0
-0.0557895 0
0.0806129 0
-0.0547557 0
0.0478499 0
0.0263571 0
-0.0185579 0
0.0259906 0
-0.000261708 0
0.000817375 0
0.000343844 0
-0.00128889 0
0.000484991 0
-7.91566e-05 0
-0.00049839 0
0.00652608 0
-0.00662856 0
0.00280684 0
-0.0112817 0
0.0245862 0
-0.0197872 0
0.00936473 0
-0.0382832 0
0.0570608 0
-0.0418872 0
0.0218644 0
-0.0807852 0
0.0980416 0
-0.0687691 0
0.0392291 0
-0.126999 0
0.133195 0
-0.0912007 0
0.0567113 0
-0.157513 0
0.145857 0
-0.0987794 0
0.0673504 0
-0.155138 0
0.126492 0
-0.085774 0
0.0654265 0
-0.115892 0
0.0799549 0
-0.0553514 0
0.0500308 0
-0.0542915 0
0.0257724 0
-0.0184065 0
0.0261481 0
-0.00238777 0
0.00591797 0
-0.00546408 0
0.00999336 0
0.000710701 0
-0.000716429 0
0.0263412 0
-0.035303 0
0.0727742 0
-0.0891914 0
0.126998 0
-0.142043 0
0.165256 0
-0.166593 0
0.165261 0
-0.144432 0
0.120458 0
-0.0794603 0
0.0474167 0
-0.0088414 0
0.0190216 0
-0.0234356 0
0.0370915 0
-0.025031 0
0.0342317 0
0.000466248 0
-0.00024395 0
0.0518162 0
-0.0567263 0
0.108418 0
-0.107052 0
0.139404 0
-0.119583 0
0.121692 0
-0.0792501 0
0.0562649 0
-0.0213787 0
0.0412827 0
-0.0561602 0
0.0800409 0
-0.0719952 0
0.0888095 0
-0.0515943 0
0.0569702 0
-0.00022188 0
0.000381923 0
0.0541477 0
-0.0460682 0
0.07622 0
-0.0493481 0
0.0455897 0
-0.0389104 0
0.0684746 0
-0.0976218 0
0.126853 0
-0.126922 0
0.142355 0
-0.108884 0
0.107812 0
-0.0550032 0
0.0469579 0
-0.00041982 0
0.000294473 0
0.0173901 0
-0.0566192 0
0.0912353 0
-0.133281 0
0.157866 0
-0.165746 0
0.16731 0
-0.140225 0
0.120421 0
-0.0770347 0
0.049918 0
-0.017801 0
-0.0674541 0
0.0990373 0
-0.146278 0
0.155714 0
-0.165972 0
0.145145 0
-0.122422 0
0.0797578 0
-0.0459717 0
-0.0656296 0
0.0860889 0
-0.126984 0
0.11639 0
-0.121028 0
0.079856 0
-0.0565851 0
-0.0502236 0
0.0555804 0
-0.0802988 0
0.0545341 0
-0.047643 0
-0.0262574 0
0.0184856 0
-0.0258864 0
-0 0
-0 0
-0 0
-0 0
-0 0
-0 0
-0 0
-0 0
-0 0
-0 0
-0 0
-0 0
-0 0
-0 0
-0 0
-0 0
-0 0
-0 0
-0 0
-0 0
-0 0
-0 0
-0 0
-0 0
-0 0
-0 0
-0 0
-0 0
-0 0
-0 0
-0 0
-0 0
-0 0
-0 0
-0 0
-0 0
-0 0
-0 0
-0 0
-0 0
-0 0
-0 0
-0 0
-0 0
-0 0
-0 0
-0 0
-0 0
-0 0
-0 0
-0 0
-0 0
-0 0
-0 0
-0 0
-0 0
-0 0
-0 0
-0 0
-0 0
-0 0
-0 0
-0 0
-0 0
-0 0
-0 0
-0 0
-0 0
-0 0
-0 0
-0 0
-0 0
-0 0
-0 0
-0 0
-0 0
-0 0
-0 0
-0 0
-0 0
-0 0
-0 0
-0 0
-0 0
-0 0
-0 0
-0 0
-0 0
-0 0
-0 0
-0 0
-0 0
-0 0
-0 0
-0 0
-0 0
-0 0
-0 0
-0 0
-0 0
-0 0
-0 0
-0 0
-0 0
-0 0
-0 0
-0 0
-0 0
-0 0
-0 0
-0 0
-0 0
-0 0
-0 0
-0 0
-0 0
-0 0
-0 0
-0 0
-0 0
-0 0
-0 0
-0 0
-0 0
-0 0
-0 0
-0 0
-0 0
-0 0
-0 0
-0 0
-0 0
-0 0
-0 0
-0 0
-0 0
-0 0
-0 0
-0 0
-0 0
-0 0
0 0
0 0
0 0
0 0
0 0
0 0
0 0
0 0
0 0
0 0
0 0
0 0
0 0
0 0
0 0
0 0
0 0
0 0
0 0
0 0
0 0
0 0
0 0
0 0
0 0
0 0
0 0
0 0
0 0
0 0
0 0
0 0
0 0
0 0
0 0
0 0
0 0
0 0
0 0
0 0
0 0
0 0
0 0
0 0
0 0
0 0
0 0
0 0
0 0
0 0
0 0
0 0
0 0
0 0
0 0
0 0
0 0
0 0
0 0
0 0
0 0
0 0
0 0
0 0
0 0
0 0
0 0
0 0
0 0
0 0
0 0
0 0
0 0
0 0
0 0
0 0
0 0
0 0
0 0
0 0
0 0
0 0
0 0
0 0
0 0
0 0
0 0
0 0
0 0
0 0
0 0
0 0
0 0
0 0
0 0
0 0
0 0
0 0
0 0
0 0
0 0
0 0
0 0
0 0
0 0
0 0
0 0
0 0
0 0
0 0
0 0
0 0
0 0
0 0
0 0
0 0
0 0
0 0
0 0
0 0
0 0
0 0
0 0
0 0
0 0
0 0
0 0
0 0
0 0
0 0
0 0
0 0
0 0
0 0
0 0
0 0
0 0
0 0
0 0
0 0
0 0
0.0300432 0
-0.0634465 0
0.092518 0
-0.0634242 0
0.0300353 0
-0.0212986 0
-0.134101 0
0.142812 0
-0.0955321 0
0.056352 0
-0.173208 0
0.15454 0
-0.102796 0
0.0703098 0
-0.159918 0
0.12056 0
-0.080876 0
0.065114 0
-0.0992785 0
0.0554442 0
-0.0388901 0
0.0424586 0
-0.0182269 0
-0.0129673 0
0.00561244 0
0.0117974 0
0.0491922 0
-0.0581511 0
0.0357443 0
-0.0146615 0
0.0790945 0
-0.0675886 0
0.0432768 0
-0.028014 0
0.0682808 0
-0.0471076 0
0.0313931 0
-0.0264714 0
0.033206 0
-0.0156165 0
0.0108447 0
-0.0149738 0
0.056407 0
-0.0956649 0
0.142939 0
-0.173433 0
0.191228 0
-0.192769 0
0.175993 0
-0.143749 0
0.104038 0
-0.0504393 0
0.00893704 0
0.0434568 0
-0.0676417 0
0.0981528 0
-0.097368 0
0.0974057 0
-0.0779084 0
0.0540754 0
-0.0309424 0
0.0705026 0
-0.103207 0
0.155049 0
-0.160717 0
0.176537 0
-0.144486 0
0.125453 0
-0.0656395 0
0.0293029 0
0.0334218 0
-0.0638772 0
0.103305 0
-0.111857 0
0.114066 0
-0.0994829 0
0.0691466 0
-0.0436838 0
0.065572 0
-0.0817568 0
0.121759 0
-0.100982 0
0.105571 0
-0.0523245 0
0.0303982 0
0.0322177 0
-0.0597011 0
0.102764 0
-0.115664 0
0.120194 0
-0.110415 0
0.0771957 0
-0.0518802 0
0.0432862 0
-0.0403437 0
0.0575165 0
-0.0209155 0
0.0116263 0
0.0404448 0
-0.0615758 0
0.101029 0
-0.114508 0
0.119209 0
-0.112961 0
0.0792338 0
-0.0554563 0
0.0129977 0
0.00368025 0
-0.010145 0
0.045852 0
-0.064136 0
0.0946164 0
-0.108896 0
0.111524 0
-0.108792 0
0.0761444 0
-0.0550835 0
-0.0132338 0
0.0336492 0
-0.0550571 0
0.0758023 0
-0.0938599 0
0.0943387 0
-0.0968974 0
0.0674625 0
-0.0509105 0
-0.026626 0
0.0414566 0
-0.064904 0
0.0658207 0
-0.0753508 0
0.0523881 0
-0.0424886 0
-0.0254096 0
0.0302183 0
-0.0454104 0
0.0320534 0
-0.0299356 0
-0.0144188 0
0.0104539 0
-0.0150694 0
-0.0300421 0
0.0634424 0
-0.0925225 0
0.0634346 0
-0.0300394 0
0.0212997 0
0.134108 0
-0.142861 0
0.0955799 0
-0.0563727 0
0.17329 0
-0.154713 0
0.102934 0
-0.0703758 0
0.160185 0
-0.120955 0
0.0811659 0
-0.0652659 0
0.0998363 0
-0.0561196 0
0.0393638 0
-0.0427293 0
0.0191005 0
0.0120519 0
-0.00498557 0
-0.0121875 0
-0.0481105 0
0.0571497 0
-0.0350661 0
0.0141988 0
-0.0780298 0
0.0667206 0
-0.0426881 0
0.0275649 0
-0.0674857 0
0.046559 0
-0.0310133 0
0.0261281 0
-0.0328335 0
0.0154397 0
-0.0107184 0
0.0147944 0
-0.056392 0
0.0956265 0
-0.142905 0
0.173369 0
-0.191237 0
0.192779 0
-0.176178 0
0.143995 0
-0.104541 0
0.0510537 0
-0.00981037 0
-0.0424813 0
0.0665072 0
-0.0970098 0
0.0962341 0
-0.096415 0
0.0770821 0
-0.0535304 0
0.0306171 0
-0.0704435 0
0.103079 0
-0.154891 0
0.160465 0
-0.176369 0
0.144254 0
-0.125459 0
0.0656427 0
-0.0296599 0
-0.0330326 0
0.0631334 0
-0.102571 0
0.110901 0
-0.113247 0
0.0986486 0
-0.0686034 0
0.043298 0
-0.0654266 0
0.0814749 0
-0.121376 0
0.100434 0
-0.105079 0
0.0517152 0
-0.0300442 0
-0.0326101 0
0.0597041 0
-0.102769 0
0.115295 0
-0.11988 0
0.109894 0
-0.0768583 0
0.051568 0
-0.0430197 0
0.0398739 0
-0.0568467 0
0.0200439 0
-0.010754 0
-0.0414244 0
0.0623258 0
-0.101772 0
0.114889 0
-0.119534 0
0.112966 0
-0.0792377 0
0.055338 0
-0.0126087 0
-0.00430757 0
0.0110616 0
-0.0469384 0
0.0652771 0
-0.0957689 0
0.109862 0
-0.112355 0
0.109324 0
-0.0764894 0
0.0552072 0
0.0136978 0
-0.0343309 0
0.056064 0
-0.0768746 0
0.0950032 0
-0.0953388 0
0.0977414 0
-0.0680125 0
0.0512277 0
0.0270778 0
-0.0420494 0
0.0657786 0
-0.0666224 0
0.0761847 0
-0.0529384 0
0.0428786 0
0.0257555 0
-0.0306011 0
0.0459635 0
-0.0324291 0
0.0302638 0
0.0145997 0
-0.0105813 0
0.0152477 0
0 0
0 0
0 0
0 0
0 0
0 0
0 0
0 0
0 0
0 0
0 0
0 0
0 0
0 0
0 0
0 0
0 0
0 0
0 0
0 0
0 0
0 0
0 0
0 0
0 0
0 0
0 0
0 0
0 0
0 0
0 0
0 0
0 0
0 0
0 0
0 0
0 0
0 0
0 0
0 0
0 0
0 0
0 0
0 0
0 0
0 0
0 0
0 0
0 0
0 0
0 0
0 0
0 0
0 0
0 0
0 0
0 0
0 0
0 0
0 0
0 0
0 0
0 0
0 0
0 0
0 0
0 0
0 0
0 0
0 0
0 0
0 0
0 0
0 0
0 0
0 0
0 0
0 0
0 0
0 0
0 0
0 0
0 0
0 0
0 0
0 0
0 0
0 0
0 0
0 0
0 0
0 0
0 0
0 0
0 0
0 0
0 0
0 0
0 0
0 0
0 0
0 0
0 0
0 0
0 0
0 0
0 0
0 0
0 0
0 0
0 0
0 0
0 0
0 0
0 0
0 0
0 0
0 0
0 0
0 0
0 0
0 0
0 0
0 0
0 0
0 0
0 0
0 0
0 0
0 0
0 0
0 0
0 0
0 0
0 0
0 0
0 0
0 0
0 0
0 0
0 0
0 0
0 0
0 0
0 0
0 0
0 0
0 0
0 0
0 0
0 0
0 0
0 0
0 0
0 0
0 0
0 0
0 0
0 0
0 0
0 0
0 0
0 0
0 0
0 0
0 0
0 0
0 0
0 0
0 0
0 0
0 0
0 0
0 0
0 0
0 0
0 0
0 0
0 0
0 0
0 0
0 0
0 0
0 0
0 0
0 0
0 0
0 0
0 0
0 0
0 0
0 0
0 0
0 0
0 0
0 0
0 0
0 0
0 0
0 0
0 0
0 0
0 0
0 0
0 0
0 0
0 0
0 0
0 0
0 0
0 0
0 0
0 0
0 0
0 0
0 0
0 0
0 0
0 0
0 0
0 0
0 0
0 0
0 0
0 0
0 0
0 0
0 0
0 0
0 0
0 0
0 0
0 0
0 0
0 0
0 0
0 0
0 0
0 0
0 0
0 0
0 0
0 0
0 0
0 0
0 0
0 0
0 0
0 0
0 0
0 0
0 0
0 0
0 0
0 0
0 0
0 0
0 0
0 0
0 0
0 0
0 0
0 0
0 0
0 0
0 0
0 0
0 0
0 0
0 0
0 0
0 0
0 0
0 0
0 0
0 0
0 0
0 0
0 0
0 0
0 0
0 0
0.00814305 0
-0.0182264 0
0.0276956 0
-0.0182264 0
0.00814305 0
-0.00557247 0
-0.0444902 0
0.0511658 0
-0.0327145 0
0.01743 0
-0.0723326 0
0.0732101 0
-0.0462415 0
0.0270156 0
-0.0953899 0
0.088828 0
-0.0558148 0
0.0349197 0
-0.108404 0
0.0944625 0
-0.0592677 0
0.0393767 0
-0.108404 0
0.088828 0
-0.0558148 0
0.0393767 0
-0.0953899 0
0.0732101 0
-0.0462415 0
0.0349197 0
-0.0723326 0
0.0511658 0
-0.0327145 0
0.0270156 0
-0.0444902 0
0.0276956 0
-0.0182264 0
0.01743 0
-0.0182264 0
0.00814305 0
-0.00557247 0
0.00814305 0
0.01743 0
-0.0327145 0
0.0511658 0
-0.0723326 0
0.0870234 0
-0.10967 0
0.116749 0
-0.13615 0
0.133532 0
-0.145706 0
0.133532 0
-0.13615 0
0.116749 0
-0.10967 0
0.0870234 0
-0.0723326 0
0.0511658 0
-0.0327145 0
0.01743 0
0.0270156 0
-0.0462415 0
0.0732101 0
-0.0953899 0
0.116749 0
-0.13615 0
0.147632 0
-0.159169 0
0.158778 0
-0.159169 0
0.147632 0
-0.13615 0
0.116749 0
-0.0953899 0
0.0732101 0
-0.0462415 0
0.0270156 0
0.0349197 0
-0.0558148 0
0.088828 0
-0.108404 0
0.133532 0
-0.145706 0
0.158778 0
-0.159169 0
0.158778 0
-0.145706 0
0.133532 0
-0.108404 0
0.088828 0
-0.0558148 0
0.0349197 0
0.0393767 0
-0.0592677 0
0.0944625 0
-0.108404 0
0.133532 0
-0.13615 0
0.147632 0
-0.13615 0
0.133532 0
-0.108404 0
0.0944625 0
-0.0592677 0
0.0393767 0
0.0393767 0
-0.0558148 0
0.088828 0
-0.0953899 0
0.116749 0
-0.10967 0
0.116749 0
-0.0953899 0
0.088828 0
-0.0558148 0
0.0393767 0
0.0349197 0
-0.0462415 0
0.0732101 0
-0.0723326 0
0.0870234 0
-0.0723326 0
0.0732101 0
-0.0462415 0
0.0349197 0
0.0270156 0
-0.0327145 0
0.0511658 0
-0.0444902 0
0.0511658 0
-0.0327145 0
0.0270156 0
0.01743 0
-0.0182264 0
0.0276956 0
-0.0182264 0
0.01743 0
0.00814305 0
-0.00557247 0
0.00814305 0
-0.00814305 0
0.0182264 0
-0.0276956 0
0.0182264 0
-0.00814305 0
0.00557247 0
0.0444902 0
-0.0511658 0
0.0327145 0
-0.01743 0
0.0723326 0
-0.0732101 0
0.0462415 0
-0.0270156 0
0.0953899 0
-0.088828 0
0.0558148 0
-0.0349197 0
0.108404 0
-0.0944625 0
0.0592677 0
-0.0393767 0
0.108404 0
-0.088828 0
0.0558148 0
-0.0393767 0
0.0953899 0
-0.0732101 0
0.0462415 0
-0.0349197 0
0.0723326 0
-0.0511658 0
0.0327145 0
-0.0270156 0
0.0444902 0
-0.0276956 0
0.0182264 0
-0.01743 0
0.0182264 0
-0.00814305 0
0.00557247 0
-0.00814305 0
-0.01743 0
0.0327145 0
-0.0511658 0
0.0723326 0
-0.0870234 0
0.10967 0
-0.116749 0
0.13615 0
-0.133532 0
0.145706 0
-0.133532 0
0.13615 0
-0.116749 0
0.10967 0
-0.0870234 0
0.0723326 0
-0.0511658 0
0.0327145 0
-0.01743 0
-0.0270156 0
0.0462415 0
-0.0732101 0
0.0953899 0
-0.116749 0
0.13615 0
-0.147632 0
0.159169 0
-0.158778 0
0.159169 0
-0.147632 0
0.13615 0
-0.116749 0
0.0953899 0
-0.0732101 0
0.0462415 0
-0.0270156 0
-0.0349197 0
0.0558148 0
-0.088828 0
0.108404 0
-0.133532 0
0.145706 0
-0.158778 0
0.159169 0
-0.158778 0
0.145706 0
-0.133532 0
0.108404 0
-0.088828 0
0.0558148 0
-0.0349197 0
-0.0393767 0
0.0592677 0
-0.0944625 0
0.108404 0
-0.133532 0
0.13615 0
-0.147632 0
0.13615 0
-0.133532 0
0.108404 0
-0.0944625 0
0.0592677 0
-0.0393767 0
-0.0393767 0
0.0558148 0
-0.088828 0
0.0953899 0
-0.116749 0
0.10967 0
-0.116749 0
0.0953899 0
-0.088828 0
0.0558148 0
-0.0393767 0
-0.0349197 0
0.0462415 0
-0.0732101 0
0.0723326 0
-0.0870234 0
0.0723326 0
-0.0732101 0
0.0462415 0
-0.0349197 0
-0.0270156 0
0.0327145 0
-0.0511658 0
0.0444902 0
-0.0511658 0
0.0327145 0
-0.0270156 0
-0.01743 0
0.0182264 0
-0.0276956 0
0.0182264 0
-0.01743 0
-0.00814305 0
0.00557247 0
-0.00814305 0
0 0
0 0
0 0
0 0
0 0
0 0
0 0
0 0
0 0
0 0
0 0
0 0
0 0
0 0
0 0
0 0
0 0
0 0
0 0
0 0
0 0
0 0
0 0
0 0
0 0
0 0
0 0
0 0
0 0
0 0
0 0
0 0
0 0
0 0
0 0
0 0
0 0
0 0
0 0
0 0
0 0
0 0
0 0
0 0
0 0
0 0
0 0
0 0
0 0
0 0
0 0
0 0
0 0
0 0
0 0
0 0
0 0
0 0
0 0
0 0
0 0
0 0
0 0
0 0
0 0
0 0
0 0
0 0
0 0
0 0
0 0
0 0
0 0
0 0
0 0
0 0
0 0
0 0
0 0
0 0
0 0
0 0
0 0
0 0
0 0
0 0
0 0
0 0
0 0
0 0
0 0
0 0
0 0
0 0
0 0
0 0
0 0
0 0
0 0
0 0
0 0
0 0
0 0
0 0
0 0
0 0
0 0
0 0
0 0
0 0
0 0
0 0
0 0
0 0
0 0
0 0
0 0
0 0
0 0
0 0
0 0
0 0
0 0
0 0
0 0
0 0
0 0
0 0
0 0
0 0
0 0
0 0
0 0
0 0
0 0
0 0
0 0
0 0
0 0
0 0
0 0
