# t  Jx  Jy
0 0 0
0.01 -9.66729e-08 -3.23878e-11
0.055 -5.31633e-07 -1.78147e-10
0.2575 -2.48469e-06 -8.36367e-10
1.16875 -1.09273e-05 -4.02514e-09
3.76709 -2.55368e-05 -1.95107e-08
6.36543 -1.8946e-05 -4.89165e-08
9.15956 2.94019e-06 -8.80668e-08
11.9537 1.85232e-05 -1.17478e-07
14.4627 1.63273e-05 -1.27711e-07
16.9716 2.54177e-06 -1.28522e-07
19.5806 -1.22429e-05 -1.34129e-07
22.1896 -1.75266e-05 -1.56556e-07
24.7986 -1.16834e-05 -1.93494e-07
26.9991 -2.5042e-06 -2.22791e-07
29.1996 5.13657e-06 -2.36377e-07
31.5217 7.67559e-06 -2.27657e-07
33.8438 4.17791e-06 -2.04587e-07
36.1659 -2.45844e-06 -1.88117e-07
38.488 -8.22819e-06 -1.95696e-07
40.8102 -1.03692e-05 -2.26712e-07
43.1323 -8.53965e-06 -2.61269e-07
45.4544 -4.49724e-06 -2.74855e-07
47.7765 -7.8172e-07 -2.57539e-07
50.0986 7.50241e-07 -2.21419e-07
52.4207 -2.30995e-07 -1.89744e-07
54.7428 -2.65579e-06 -1.77763e-07
57.065 -4.91816e-06 -1.82777e-07
59.3871 -5.84975e-06 -1.91067e-07
61.7092 -5.24545e-06 -1.92236e-07
64.0313 -3.76299e-06 -1.85555e-07
66.3534 -2.38584e-06 -1.74016e-07
68.6755 -1.81185e-06 -1.56217e-07
70.9976 -2.10802e-06 -1.27207e-07
73.3197 -2.78997e-06 -8.7373e-08
75.6419 -3.21863e-06 -4.80971e-08
77.964 -3.02392e-06 -2.57265e-08
80.2861 -2.2942e-06 -2.75429e-08
82.6082 -1.46021e-06 -4.24127e-08
84.9303 -9.87108e-07 -4.62036e-08
87.2524 -1.07163e-06 -1.96531e-08
89.5745 -1.52082e-06 3.55208e-08
91.8967 -1.88204e-06 9.67308e-08
94.2188 -1.73898e-06 1.37927e-07
96.5409 -9.79592e-07 1.49671e-07
98.863 1.3425e-07 1.44533e-07
101.185 1.12917e-06 1.44154e-07
103.507 1.60556e-06 1.61135e-07
105.829 1.47034e-06 1.92304e-07
108.151 9.77126e-07 2.27167e-07
110.474 5.56355e-07 2.60093e-07
112.796 5.61128e-07 2.92712e-07
115.118 1.10624e-06 3.25681e-07
117.44 2.07584e-06 3.51899e-07
119.762 3.21922e-06 3.61629e-07
122.084 4.21962e-06 3.55158e-07
124.406 4.74248e-06 3.4807e-07
126.728 4.56926e-06 3.6094e-07
129.05 3.82205e-06 4.01963e-07
131.373 3.06526e-06 4.58626e-07
133.695 3.03957e-06 5.05336e-07
136.017 4.10055e-06 5.19889e-07
138.339 5.8272e-06 4.97353e-07
140.661 7.24641e-06 4.55033e-07
142.983 7.57723e-06 4.26462e-07
145.305 6.85341e-06 4.43394e-07
147.627 5.86051e-06 5.11049e-07
149.949 5.48134e-06 5.94337e-07
152.272 6.06565e-06 6.35049e-07
154.594 7.29625e-06 5.97087e-07
156.916 8.49587e-06 5.03705e-07
159.344 9.05399e-06 4.24554e-07
161.772 8.68132e-06 4.31718e-07
164.2 7.82614e-06 5.16942e-07
166.628 7.38074e-06 6.03319e-07
169.056 7.96514e-06 6.1848e-07
171.484 9.27737e-06 5.56014e-07
173.912 1.02827e-05 4.68684e-07
176.34 1.02031e-05 4.13516e-07
178.768 9.27335e-06 4.08794e-07
181.196 8.43924e-06 4.33706e-07
183.624 8.41102e-06 4.54971e-07
186.052 9.13348e-06 4.51764e-07
188.48 1.00455e-05 4.2427e-07
190.908 1.05935e-05 3.8566e-07
193.336 1.05001e-05 3.46758e-07
195.764 9.83965e-06 3.08242e-07
198.192 9.03936e-06 2.6786e-07
200.62 8.64904e-06 2.31712e-07
203.048 8.88972e-06 2.12085e-07
205.476 9.43487e-06 2.11519e-07
207.904 9.73877e-06 2.12438e-07
210.332 9.55332e-06 1.88103e-07
212.76 9.06126e-06 1.27537e-07
215.188 8.59332e-06 5.01638e-08
217.616 8.34211e-06 -7.28404e-09
220.044 8.29092e-06 -2.31412e-08
222.473 8.25915e-06 -1.23989e-08
224.901 8.01496e-06 -1.42975e-08
227.329 7.48549e-06 -5.61566e-08
229.757 6.8934e-06 -1.28894e-07
232.185 6.57858e-06 -1.9707e-07
234.613 6.63643e-06 -2.30893e-07
237.041 6.79782e-06 -2.29835e-07
239.469 6.68476e-06 -2.20924e-07
241.897 6.11966e-06 -2.3725e-07
244.325 5.20072e-06 -2.9321e-07
246.753 4.20972e-06 -3.72688e-07
249.181 3.50027e-06 -4.38766e-07
251.609 3.33904e-06 -4.59785e-07
254.037 3.68671e-06 -4.33971e-07
256.465 4.10923e-06 -3.94769e-07
258.893 4.00149e-06 -3.9092e-07
261.321 3.02337e-06 -4.50912e-07
263.749 1.42819e-06 -5.55265e-07
266.177 -6.37796e-09 -6.42969e-07
268.605 -5.04141e-07 -6.56497e-07
271.033 4.00184e-08 -5.9203e-07
273.461 8.48811e-07 -5.08038e-07
275.889 8.62768e-07 -4.8039e-07
278.317 -2.98039e-07 -5.42286e-07
280.745 -1.97196e-06 -6.59024e-07
283.173 -3.10986e-06 -7.54149e-07
285.601 -3.27131e-06 -7.63971e-07
288.029 -2.94063e-06 -6.82525e-07
290.457 -2.93083e-06 -5.67948e-07
292.885 -3.59128e-06 -5.045e-07
295.313 -4.5992e-06 -5.43222e-07
297.741 -5.39656e-06 -6.62087e-07
300.169 -5.72683e-06 -7.76791e-07
302.597 -5.78211e-06 -7.99406e-07
305.025 -5.94853e-06 -7.05905e-07
307.453 -6.47278e-06 -5.59887e-07
309.881 -7.31328e-06 -4.6603e-07
312.309 -8.20042e-06 -4.85336e-07
314.737 -8.8114e-06 -5.86405e-07
317.275 -8.97826e-06 -6.81763e-07
319.813 -8.82599e-06 -6.92964e-07
322.35 -8.78839e-06 -6.2651e-07
324.888 -9.22071e-06 -5.36587e-07
327.425 -1.00934e-05 -4.61979e-07
329.963 -1.10401e-05 -4.10843e-07
332.5 -1.16777e-05 -3.89277e-07
335.038 -1.18612e-05 -4.12898e-07
337.575 -1.17133e-05 -4.77827e-07
340.113 -1.15155e-05 -5.35471e-07
342.651 -1.15534e-05 -5.19127e-07
345.188 -1.19583e-05 -4.05606e-07
347.726 -1.26281e-05 -2.45987e-07
350.263 -1.33009e-05 -1.29938e-07
352.801 -1.37162e-05 -1.19255e-07
355.338 -1.37458e-05 -2.08978e-07
357.876 -1.34568e-05 -3.32708e-07
360.413 -1.30991e-05 -3.94618e-07
362.951 -1.29733e-05 -3.20366e-07
365.489 -1.32194e-05 -1.17911e-07
368.026 -1.37016e-05 1.0077e-07
370.564 -1.41078e-05 1.89232e-07
373.101 -1.41781e-05 9.21138e-08
375.639 -1.38809e-05 -9.33833e-08
378.176 -1.34308e-05 -1.95423e-07
380.714 -1.31243e-05 -1.17689e-07
383.251 -1.30858e-05 8.27586e-08
385.789 -1.31485e-05 2.59909e-07
388.327 -1.30368e-05 3.14385e-07
390.864 -1.26886e-05 2.67241e-07
393.402 -1.23359e-05 2.10878e-07
395.939 -1.22196e-05 2.03506e-07
398.477 -1.22679e-05 2.25248e-07
401.014 -1.21281e-05 2.34686e-07
403.552 -1.15366e-05 2.43431e-07
406.089 -1.06238e-05 3.0742e-07
408.627 -9.82196e-06 4.42825e-07
411.165 -9.46782e-06 5.76281e-07
413.702 -9.50838e-06 6.02993e-07
416.24 -9.59091e-06 4.95244e-07
418.777 -9.38888e-06 3.41084e-07
421.315 -8.79375e-06 2.71828e-07
423.852 -7.85667e-06 3.5485e-07
426.39 -6.70853e-06 5.49171e-07
428.927 -5.60892e-06 7.43771e-07
431.465 -4.93201e-06 8.29651e-07
434.003 -4.8961e-06 7.58153e-07
436.54 -5.2518e-06 5.69271e-07
439.078 -5.3391e-06 3.81456e-07
441.615 -4.56866e-06 3.31843e-07
444.153 -2.92367e-06 4.82911e-07
446.69 -1.04472e-06 7.58294e-07
449.228 1.97013e-07 9.7644e-07
451.765 3.54286e-07 9.79878e-07
454.303 -2.07216e-07 7.61879e-07
456.841 -5.59652e-07 4.76599e-07
459.378 4.01972e-08 3.20583e-07
461.916 1.56695e-06 3.92312e-07
464.453 3.34006e-06 6.41037e-07
466.991 4.65043e-06 9.14757e-07
469.528 5.24746e-06 1.04533e-06
472.066 5.33578e-06 9.31855e-07
474.603 5.30416e-06 6.13889e-07
477.141 5.52279e-06 2.8799e-07
479.679 6.23785e-06 1.9826e-07
482.216 7.43957e-06 4.34528e-07
484.754 8.779e-06 8.17862e-07
487.291 9.75752e-06 1.02645e-06
489.829 1.01539e-05 8.78525e-07
492.366 1.02603e-05 4.98457e-07
494.904 1.05851e-05 1.94882e-07
497.441 1.13042e-05 1.77915e-07
499.979 1.21121e-05 3.95105e-07
502.517 1.26475e-05 6.16988e-07
505.054 1.29315e-05 6.52937e-07
507.592 1.32923e-05 4.93925e-07
510.129 1.3956e-05 2.86648e-07
512.667 1.4822e-05 1.88959e-07
515.204 1.55771e-05 2.3253e-07
517.742 1.59334e-05 3.06963e-07
520.279 1.58306e-05 2.8124e-07
522.817 1.55341e-05 1.45346e-07
525.355 1.54997e-05 2.03302e-08
527.892 1.60177e-05 1.94861e-08
530.43 1.69462e-05 1.14446e-07
532.967 1.78152e-05 1.62175e-07
535.505 1.81824e-05 6.52796e-08
538.042 1.79229e-05 -1.1961e-07
540.58 1.72929e-05 -2.50737e-07
543.117 1.67695e-05 -2.60656e-07
545.655 1.67334e-05 -2.13991e-07
548.193 1.71903e-05 -2.07406e-07
550.73 1.77837e-05 -2.55545e-07
553.268 1.80998e-05 -3.04625e-07
555.805 1.79625e-05 -3.28707e-07
558.343 1.74793e-05 -3.64817e-07
560.88 1.68868e-05 -4.52356e-07
563.418 1.63753e-05 -5.72577e-07
565.955 1.60175e-05 -6.60288e-07
568.493 1.58148e-05 -6.62127e-07
571.031 1.57545e-05 -5.85754e-07
573.568 1.5762e-05 -5.07335e-07
576.106 1.56391e-05 -5.2148e-07
578.643 1.51813e-05 -6.56289e-07
581.181 1.43935e-05 -8.33736e-07
583.718 1.34971e-05 -9.33805e-07
586.256 1.27064e-05 -9.05568e-07
588.793 1.21033e-05 -8.07598e-07
591.331 1.17151e-05 -7.42689e-07
593.869 1.15217e-05 -7.65904e-07
596.406 1.13166e-05 -8.53476e-07
598.944 1.07522e-05 -9.42475e-07
601.481 9.68265e-06 -9.88977e-07
604.019 8.38306e-06 -9.91706e-07
606.556 7.3137e-06 -9.72032e-07
609.094 6.69439e-06 -9.46873e-07
611.631 6.35227e-06 -9.28743e-07
614.169 5.92976e-06 -9.37245e-07
616.707 5.19581e-06 -9.83637e-07
619.244 4.19319e-06 -1.03915e-06
621.782 3.12359e-06 -1.04484e-06
624.319 2.11406e-06 -9.76843e-07
626.857 1.15506e-06 -8.92628e-07
629.394 2.65564e-07 -8.83235e-07
631.932 -4.40873e-07 -9.69623e-07
634.469 -9.81615e-07 -1.06676e-06
637.007 -1.66107e-06 -1.0693e-06
639.545 -2.7703e-06 -9.61609e-07
642.082 -4.14757e-06 -8.2452e-07
644.62 -5.26366e-06 -7.46782e-07
647.157 -5.82543e-06 -7.58073e-07
649.695 -6.14128e-06 -8.35991e-07
652.232 -6.77475e-06 -9.29746e-07
654.77 -7.92465e-06 -9.66109e-07
657.307 -9.26202e-06 -8.82613e-07
659.845 -1.0331e-05 -6.95284e-07
662.383 -1.09848e-05 -5.14267e-07
664.92 -1.14183e-05 -4.578e-07
667.458 -1.19009e-05 -5.46929e-07
669.995 -1.25675e-05 -6.88351e-07
672.533 -1.34099e-05 -7.48872e-07
675.07 -1.43452e-05 -6.51372e-07
677.608 -1.52597e-05 -4.32995e-07
680.145 -1.60512e-05 -2.27762e-07
682.683 -1.66677e-05 -1.65388e-07
685.221 -1.7095e-05 -2.55427e-07
687.758 -1.7345e-05 -3.71922e-07
690.296 -1.75344e-05 -3.683e-07
692.833 -1.79291e-05 -2.1333e-07
695.371 -1.87344e-05 -1.48864e-08
697.908 -1.97772e-05 8.74347e-08
700.446 -2.05492e-05 5.51814e-08
702.983 -2.07049e-05 -1.68123e-08
705.521 -2.04364e-05 9.93184e-10
708.059 -2.02397e-05 1.42848e-07
710.596 -2.04038e-05 3.18494e-07
713.134 -2.08652e-05 4.08604e-07
715.671 -2.14374e-05 3.79487e-07
718.209 -2.1937e-05 3.06444e-07
720.746 -2.21314e-05 2.98563e-07
723.284 -2.1867e-05 4.03587e-07
725.821 -2.13406e-05 5.73446e-07
728.359 -2.10192e-05 7.12467e-07
730.897 -2.11494e-05 7.59047e-07
733.434 -2.14769e-05 7.25018e-07
735.972 -2.15485e-05 6.68444e-07
738.509 -2.11801e-05 6.46417e-07
741.047 -2.05642e-05 6.93297e-07
743.584 -2.00441e-05 8.1465e-07
746.122 -1.98409e-05 9.74531e-07
748.659 -1.98726e-05 1.09527e-06
751.197 -1.9772e-05 1.10127e-06
753.735 -1.91947e-05 9.88547e-07
756.272 -1.81799e-05 8.53035e-07
758.81 -1.71457e-05 8.2927e-07
761.347 -1.65134e-05 9.74565e-07
763.885 -1.63725e-05 1.20497e-06
766.422 -1.6428e-05 1.35683e-06
768.96 -1.61709e-05 1.32395e-06
771.497 -1.52162e-05 1.14307e-06
774.035 -1.36761e-05 9.59482e-07
776.573 -1.21639e-05 9.14689e-07
779.11 -1.12591e-05 1.04464e-06
781.648 -1.09794e-05 1.25735e-06
784.185 -1.08553e-05 1.40668e-06
786.723 -1.04109e-05 1.40132e-06
789.26 -9.44944e-06 1.25247e-06
791.798 -8.0359e-06 1.0422e-06
794.335 -6.44073e-06 8.81342e-07
796.873 -5.05018e-06 8.77784e-07
799.411 -4.12631e-06 1.06438e-06
801.948 -3.6055e-06 1.32131e-06
804.486 -3.16695e-06 1.43027e-06
807.023 -2.46161e-06 1.26798e-06
809.561 -1.30235e-06 9.35333e-07
812.098 2.16197e-07 6.70942e-07
814.636 1.74861e-06 6.4905e-07
817.173 2.98091e-06 8.53203e-07
819.711 3.90459e-06 1.09846e-06
822.249 4.70916e-06 1.16914e-06
824.786 5.48488e-06 9.90193e-07
827.324 6.24096e-06 6.92833e-07
829.861 7.14386e-06 4.88458e-07
832.399 8.42276e-06 4.73447e-07
834.936 9.97932e-06 5.75765e-07
837.474 1.13541e-05 6.62473e-07
840.011 1.2209e-05 6.48979e-07
842.549 1.26921e-05 5.27994e-07
845.087 1.32359e-05 3.60206e-07
847.624 1.41098e-05 2.37472e-07
850.162 1.52441e-05 2.05118e-07
852.699 1.64007e-05 2.16872e-07
855.237 1.74044e-05 1.92928e-07
857.774 1.82063e-05 1.05863e-07
860.312 1.88173e-05 -1.41e-08
862.849 1.92978e-05 -1.25666e-07
865.387 1.98222e-05 -1.96187e-07
867.925 2.05952e-05 -2.10662e-07
870.462 2.15799e-05 -1.99937e-07
873 2.24195e-05 -2.33217e-07
875.537 2.27978e-05 -3.48633e-07
878.075 2.28264e-05 -5.09922e-07
880.612 2.29415e-05 -6.50142e-07
883.15 2.34548e-05 -7.32017e-07
885.687 2.42921e-05 -7.51594e-07
888.225 2.50846e-05 -7.2052e-07
890.763 2.54255e-05 -6.76776e-07
893.3 2.51665e-05 -6.91423e-07
895.838 2.4615e-05 -8.23911e-07
898.375 2.43521e-05 -1.05369e-06
900.913 2.47072e-05 -1.26562e-06
903.45 2.54378e-05 -1.32949e-06
905.988 2.59719e-05 -1.21943e-06
908.525 2.58924e-05 -1.05347e-06
911.063 2.51872e-05 -9.96054e-07
913.601 2.42081e-05 -1.11727e-06
916.138 2.34719e-05 -1.34914e-06
918.676 2.33323e-05 -1.55648e-06
921.213 2.36836e-05 -1.63284e-06
923.751 2.40117e-05 -1.55997e-06
926.288 2.37895e-05 -1.41805e-06
928.826 2.28329e-05 -1.33031e-06
931.363 2.13843e-05 -1.36453e-06
933.901 2.00081e-05 -1.48544e-06
936.439 1.93117e-05 -1.6071e-06
938.976 1.94481e-05 -1.67012e-06
941.514 1.97929e-05 -1.66239e-06
944.051 1.93692e-05 -1.60407e-06
946.589 1.78015e-05 -1.53775e-06
949.126 1.57448e-05 -1.50667e-06
951.664 1.42236e-05 -1.51789e-06
954.201 1.36434e-05 -1.53889e-06
956.739 1.35574e-05 -1.53836e-06
959.277 1.32332e-05 -1.51516e-06
961.814 1.22354e-05 -1.4872e-06
964.352 1.059e-05 -1.4698e-06
966.889 8.70362e-06 -1.46319e-06
969.427 7.14462e-06 -1.4466e-06
971.964 6.2268e-06 -1.39143e-06
974.502 5.70271e-06 -1.29457e-06
977.039 5.00699e-06 -1.19189e-06
979.577 3.8219e-06 -1.12916e-06
982.115 2.26866e-06 -1.12509e-06
984.652 6.20144e-07 -1.1591e-06
987.19 -9.198e-07 -1.17848e-06
989.727 -2.18601e-06 -1.12252e-06
992.265 -3.11783e-06 -9.67974e-07
994.802 -3.92847e-06 -7.63705e-07
997.34 -4.97068e-06 -6.08987e-07
999.877 -6.35974e-06 -5.8097e-07
1002.42 -7.89314e-06 -6.63959e-07
1004.95 -9.33251e-06 -7.39766e-07
1007.49 -1.05773e-05 -6.74084e-07
1010.03 -1.16089e-05 -4.48399e-07
1012.57 -1.24985e-05 -1.93667e-07
1014.82 -1.33345e-05 -6.57517e-08
1017.08 -1.4342e-05 -5.21897e-08
1019.33 -1.5478e-05 -8.61975e-08
1021.59 -1.65728e-05 -8.91699e-08
1023.84 -1.75086e-05 -2.78e-08
1026.18 -1.83429e-05 9.10952e-08
1028.52 -1.91451e-05 2.31755e-07
1030.86 -1.99769e-05 3.58837e-07
1033.2 -2.08329e-05 4.55654e-07
1035.63 -2.16967e-05 5.38862e-07
1038.05 -2.24673e-05 6.25548e-07
1040.48 -2.31177e-05 6.99637e-07
1042.9 -2.3725e-05 7.31758e-07
1045.32 -2.43852e-05 7.51353e-07
1047.75 -2.50712e-05 8.37879e-07
1050.17 -2.56715e-05 1.01349e-06
1052.6 -2.6156e-05 1.19438e-06
1055.02 -2.65804e-05 1.28535e-06
1057.44 -2.6943e-05 1.28608e-06
1059.87 -2.71944e-05 1.27304e-06
1062.29 -2.73954e-05 1.31271e-06
1064.71 -2.76889e-05 1.42179e-06
1067.14 -2.80635e-05 1.57379e-06
1069.56 -2.8304e-05 1.70894e-06
1071.99 -2.82591e-05 1.76965e-06
1074.41 -2.80432e-05 1.76168e-06
1076.83 -2.78927e-05 1.75776e-06
1079.26 -2.79036e-05 1.81672e-06
1081.68 -2.79613e-05 1.92451e-06
1084.1 -2.78677e-05 2.03001e-06
1086.53 -2.75132e-05 2.10189e-06
1088.95 -2.69819e-05 2.13089e-06
1091.38 -2.64857e-05 2.11976e-06
1093.8 -2.61348e-05 2.1023e-06
1096.22 -2.58055e-05 2.13612e-06
1098.65 -2.53076e-05 2.23947e-06
1101.07 -2.46282e-05 2.35642e-06
1103.49 -2.39074e-05 2.41082e-06
1105.92 -2.32289e-05 2.37891e-06
1108.34 -2.25541e-05 2.29908e-06
1110.77 -2.18138e-05 2.23746e-06
1113.19 -2.09513e-05 2.25231e-06
1115.61 -1.99372e-05 2.35398e-06
1118.04 -1.88573e-05 2.47795e-06
1120.46 -1.78983e-05 2.52558e-06
1122.88 -1.71033e-05 2.45517e-06
1125.31 -1.62448e-05 2.32029e-06
1127.73 -1.51087e-05 2.21448e-06
1130.16 -1.38006e-05 2.1954e-06
1132.58 -1.25635e-05 2.25519e-06
1135 -1.14029e-05 2.33162e-06
1137.43 -1.01525e-05 2.34834e-06
1139.85 -8.83508e-06 2.27675e-06
1142.27 -7.64647e-06 2.16238e-06
1144.7 -6.58141e-06 2.06935e-06
1147.12 -5.38402e-06 2.01126e-06
1149.55 -3.93806e-06 1.9644e-06
1151.97 -2.43641e-06 1.92443e-06
1154.39 -1.06327e-06 1.90149e-06
1156.82 2.52368e-07 1.87443e-06
1159.24 1.63889e-06 1.80542e-06
1161.66 3.04365e-06 1.6983e-06
1164.09 4.35078e-06 1.59401e-06
1166.51 5.59083e-06 1.5101e-06
1168.94 6.87518e-06 1.43024e-06
1171.36 8.21695e-06 1.34855e-06
1173.78 9.55961e-06 1.27437e-06
1176.21 1.09215e-05 1.19511e-06
1178.63 1.23723e-05 1.08721e-06
1181.05 1.38684e-05 9.67578e-07
1183.48 1.52158e-05 8.81518e-07
1185.9 1.62556e-05 8.28703e-07
1188.33 1.70732e-05 7.49627e-07
1190.75 1.7983e-05 6.04536e-07
1193.17 1.92455e-05 4.2843e-07
1195.6 2.07818e-05 2.88157e-07
1198.02 2.22257e-05 2.1123e-07
1200.45 2.32984e-05 1.69942e-07
1202.87 2.40661e-05 1.12189e-07
1205.29 2.47792e-05 -2.10441e-09
1207.72 2.55576e-05 -1.72193e-07
1210.14 2.63536e-05 -3.50658e-07
1212.56 2.7152e-05 -4.80944e-07
1214.99 2.80261e-05 -5.51674e-07
1217.41 2.89724e-05 -6.06894e-07
1219.84 2.98306e-05 -6.99117e-07
1222.26 3.04396e-05 -8.38579e-07
1224.68 3.08002e-05 -9.89929e-07
1227.11 3.10403e-05 -1.11279e-06
1229.53 3.12835e-05 -1.20136e-06
1231.95 3.15968e-05 -1.2825e-06
1234.38 3.20003e-05 -1.37881e-06
1236.8 3.24466e-05 -1.48646e-06
1239.23 3.28078e-05 -1.59419e-06
1241.65 3.29508e-05 -1.70417e-06
1244.07 3.28511e-05 -1.81757e-06
1246.5 3.26105e-05 -1.91825e-06
1248.92 3.23575e-05 -1.99484e-06
1251.34 3.21537e-05 -2.06306e-06
1253.77 3.19968e-05 -2.14032e-06
1256.19 3.18545e-05 -2.21597e-06
1258.62 3.16482e-05 -2.27773e-06
1261.04 3.12539e-05 -2.34824e-06
1263.46 3.06108e-05 -2.45537e-06
1265.89 2.98334e-05 -2.57843e-06
1268.31 2.91286e-05 -2.66475e-06
1270.73 2.85669e-05 -2.69275e-06
1273.16 2.80015e-05 -2.68442e-06
1275.58 2.72489e-05 -2.66966e-06
1278.01 2.62806e-05 -2.67762e-06
1280.43 2.52017e-05 -2.74524e-06
1282.85 2.41181e-05 -2.88023e-06
1285.28 2.30872e-05 -3.01787e-06
1287.7 2.21262e-05 -3.06528e-06
1290.12 2.11747e-05 -2.99937e-06
1292.55 2.00883e-05 -2.88977e-06
1294.97 1.87573e-05 -2.82439e-06
1297.4 1.72369e-05 -2.84086e-06
1299.82 1.5713e-05 -2.92088e-06
1302.24 1.43415e-05 -3.01181e-06
1304.67 1.31323e-05 -3.05265e-06
1307.09 1.19522e-05 -3.01387e-06
1309.51 1.06188e-05 -2.92141e-06
1311.94 9.04342e-06 -2.82731e-06
1314.36 7.31832e-06 -2.76218e-06
1316.79 5.63214e-06 -2.72761e-06
1319.21 4.08234e-06 -2.71458e-06
1321.63 2.61125e-06 -2.70583e-06
1324.06 1.12007e-06 -2.67639e-06
1326.48 -4.33768e-07 -2.61475e-06
1328.9 -2.05848e-06 -2.53227e-06
1331.33 -3.73994e-06 -2.44046e-06
1333.75 -5.39396e-06 -2.33991e-06
1336.18 -6.91497e-06 -2.24044e-06
1338.6 -8.33846e-06 -2.16012e-06
1341.02 -9.86029e-06 -2.08983e-06
1343.45 -1.16056e-05 -1.99465e-06
1345.87 -1.34413e-05 -1.86931e-06
1348.3 -1.51014e-05 -1.75539e-06
1350.72 -1.64608e-05 -1.67979e-06
1353.14 -1.76274e-05 -1.61115e-06
1355.57 -1.88168e-05 -1.50266e-06
1357.99 -2.01979e-05 -1.34759e-06
1360.41 -2.18039e-05 -1.17087e-06
1362.84 -2.35007e-05 -9.97923e-07
1365.26 -2.50529e-05 -8.53831e-07
1367.69 -2.62931e-05 -7.60273e-07
1370.11 -2.72537e-05 -7.05688e-07
1372.53 -2.81189e-05 -6.38784e-07
1374.96 -2.90614e-05 -5.10434e-07
1377.38 -3.01334e-05 -3.11262e-07
1379.8 -3.12839e-05 -7.30635e-08
1382.23 -3.24321e-05 1.41745e-07
1384.65 -3.35099e-05 2.67668e-07
1387.08 -3.44463e-05 3.00602e-07
1389.5 -3.5155e-05 3.30962e-07
1391.92 -3.56011e-05 4.61617e-07
1394.35 -3.58971e-05 6.89022e-07
1396.77 -3.62641e-05 9.11648e-07
1399.19 -3.68354e-05 1.05527e-06
1401.62 -3.75237e-05 1.13925e-06
1404.04 -3.81232e-05 1.22095e-06
1406.47 -3.84961e-05 1.33405e-06
1408.89 -3.86188e-05 1.48906e-06
1411.31 -3.85206e-05 1.67467e-06
1413.74 -3.82795e-05 1.84174e-06
1416.16 -3.80394e-05 1.93674e-06
1418.58 -3.792e-05 1.97054e-06
1421.01 -3.78965e-05 2.01576e-06
1423.43 -3.78319e-05 2.12609e-06
1425.86 -3.76124e-05 2.29276e-06
1428.28 -3.71956e-05 2.47681e-06
1430.7 -3.65688e-05 2.63769e-06
1433.13 -3.57591e-05 2.73203e-06
1435.55 -3.4876e-05 2.74049e-06
1437.97 -3.40533e-05 2.70994e-06
1440.4 -3.33299e-05 2.72564e-06
1442.82 -3.26348e-05 2.82649e-06
1445.25 -3.18684e-05 2.97627e-06
1447.67 -3.09395e-05 3.11762e-06
1450.09 -2.97685e-05 3.2177e-06
1452.52 -2.83642e-05 3.26305e-06
1454.94 -2.68915e-05 3.25395e-06
1457.36 -2.55521e-05 3.21574e-06
1459.79 -2.43715e-05 3.18718e-06
1462.21 -2.31839e-05 3.18976e-06
1464.64 -2.18378e-05 3.22448e-06
1467.06 -2.03237e-05 3.28913e-06
1469.48 -1.86883e-05 3.37201e-06
1471.91 -1.69495e-05 3.43652e-06
1474.33 -1.51625e-05 3.43926e-06
1476.75 -1.34591e-05 3.36428e-06
1479.18 -1.19024e-05 3.23137e-06
1481.6 -1.03571e-05 3.08907e-06
1484.03 -8.62303e-06 3.00854e-06
1486.45 -6.68536e-06 3.04422e-06
1488.87 -4.72454e-06 3.16396e-06
1491.3 -2.87585e-06 3.24406e-06
1493.72 -1.08811e-06 3.17679e-06
1496.15 7.46429e-07 2.97592e-06
1498.57 2.62826e-06 2.7511e-06
1500.99 4.48924e-06 2.59532e-06
1503.42 6.3217e-06 2.5257e-06
1505.84 8.17875e-06 2.51108e-06
1508.26 1.0078e-05 2.51036e-06
1510.69 1.19815e-05 2.48163e-06
1513.11 1.38553e-05 2.39106e-06
1515.54 1.5685e-05 2.23257e-06
1517.96 1.74492e-05 2.03094e-06
1520.38 1.914e-05 1.82321e-06
1522.81 2.08029e-05 1.64361e-06
1525.23 2.24991e-05 1.51994e-06
1527.65 2.42295e-05 1.46343e-06
1530.08 2.59392e-05 1.4471e-06
1532.5 2.7582e-05 1.39968e-06
1534.93 2.91347e-05 1.2451e-06
1537.35 3.05706e-05 9.7277e-07
1539.77 3.18848e-05 6.68023e-07
1542.2 3.31386e-05 4.49698e-07
1544.62 3.44217e-05 3.64327e-07
1547.04 3.57625e-05 3.4979e-07
1549.47 3.71018e-05 3.0278e-07
1551.89 3.83395e-05 1.65368e-07
1554.32 3.9386e-05 -5.18232e-08
1556.74 4.02131e-05 -2.99986e-07
1559.16 4.0903e-05 -5.28714e-07
1561.59 4.16104e-05 -7.09543e-07
1564.01 4.24199e-05 -8.39829e-07
1566.43 4.32607e-05 -9.27677e-07
1568.86 4.39871e-05 -9.88865e-07
1571.28 4.45044e-05 -1.06904e-06
1573.71 4.48012e-05 -1.23407e-06
1576.13 4.49353e-05 -1.4956e-06
1578.55 4.50298e-05 -1.76645e-06
1580.98 4.51965e-05 -1.93971e-06
1583.4 4.53991e-05 -2.00208e-06
1585.82 4.54661e-05 -2.0272e-06
1588.25 4.52962e-05 -2.08031e-06
1590.67 4.49717e-05 -2.18533e-06
1593.1 4.46117e-05 -2.35811e-06
1595.52 4.42123e-05 -2.59136e-06
1597.94 4.37108e-05 -2.81112e-06
1600.37 4.3109e-05 -2.92649e-06
1602.79 4.24355e-05 -2.9345e-06
1605.21 4.16665e-05 -2.92012e-06
1607.64 4.07777e-05 -2.95651e-06
1610.06 3.98091e-05 -3.06069e-06
1612.49 3.87984e-05 -3.22593e-06
1614.91 3.7716e-05 -3.41944e-06
1617.33 3.65287e-05 -3.55928e-06
1619.76 3.5249e-05 -3.57814e-06
1622.18 3.38752e-05 -3.51582e-06
1624.6 3.23798e-05 -3.48179e-06
1627.03 3.08023e-05 -3.53102e-06
1629.45 2.92401e-05 -3.63651e-06
1631.88 2.76943e-05 -3.75798e-06
1634.3 2.60525e-05 -3.85844e-06
1636.72 2.42706e-05 -3.87998e-06
1639.15 2.24264e-05 -3.79905e-06
1641.3 2.07604e-05 -3.70457e-06
1643.45 1.90084e-05 -3.67381e-06
1645.6 1.71529e-05 -3.72525e-06
1647.76 1.52867e-05 -3.8035e-06
1649.91 1.35083e-05 -3.84876e-06
1652.06 1.17881e-05 -3.84594e-06
1654.21 1.00071e-05 -3.80152e-06
1656.37 8.11506e-06 -3.71325e-06
1658.52 6.1716e-06 -3.59345e-06
1660.67 4.22355e-06 -3.49614e-06
1662.82 2.22509e-06 -3.47646e-06
1664.98 1.31931e-07 -3.52226e-06
1667.13 -1.98346e-06 -3.55803e-06
1669.28 -3.98967e-06 -3.52358e-06
1671.53 -5.93375e-06 -3.41707e-06
1673.77 -7.84231e-06 -3.27479e-06
1676.02 -9.83175e-06 -3.11479e-06
1678.26 -1.19081e-05 -2.95707e-06
1680.51 -1.40315e-05 -2.85317e-06
1682.75 -1.61924e-05 -2.83764e-06
1685 -1.83643e-05 -2.86354e-06
1687.24 -2.04576e-05 -2.83556e-06
1689.49 -2.23973e-05 -2.70623e-06
1691.73 -2.4216e-05 -2.50369e-06
1693.98 -2.60085e-05 -2.27485e-06
1696.22 -2.7824e-05 -2.05253e-06
1698.47 -2.96615e-05 -1.8803e-06
1700.71 -3.15318e-05 -1.80678e-06
1702.96 -3.34383e-05 -1.81877e-06
1705.21 -3.53064e-05 -1.81718e-06
1707.45 -3.70162e-05 -1.70062e-06
1709.7 -3.85331e-05 -1.45886e-06
1711.94 -3.99441e-05 -1.16207e-06
1714.19 -4.13455e-05 -8.84525e-07
1716.43 -4.27508e-05 -6.7181e-07
1718.68 -4.4132e-05 -5.5342e-07
1721 -4.55278e-05 -5.27702e-07
1723.32 -4.68743e-05 -5.2468e-07
1725.64 -4.8105e-05 -4.27851e-07
1727.96 -4.91729e-05 -1.82655e-07
1730.29 -5.01237e-05 1.57948e-07
1732.61 -5.10279e-05 4.9126e-07
1734.93 -5.18752e-05 7.34726e-07
1737.25 -5.26069e-05 8.4848e-07
1739.58 -5.32218e-05 8.52818e-07
1741.9 -5.37679e-05 8.48825e-07
1744.22 -5.42478e-05 9.69717e-07
1746.54 -5.46179e-05 1.26286e-06
1748.86 -5.48758e-05 1.6334e-06
1751.19 -5.50685e-05 1.93122e-06
1753.51 -5.51985e-05 2.0836e-06
1755.83 -5.51934e-05 2.13209e-06
1758.15 -5.49987e-05 2.16825e-06
1760.47 -5.46526e-05 2.26228e-06
1762.8 -5.42387e-05 2.4362e-06
1765.12 -5.3797e-05 2.66708e-06
1767.44 -5.3304e-05 2.90556e-06
1769.76 -5.27143e-05 3.10606e-06
1772.08 -5.20017e-05 3.25018e-06
1774.41 -5.11724e-05 3.3468e-06
1776.73 -5.02442e-05 3.41906e-06
1779.05 -4.92064e-05 3.49369e-06
1781.37 -4.80195e-05 3.59224e-06
1783.69 -4.66779e-05 3.724e-06
1786.02 -4.52515e-05 3.88529e-06
1788.34 -4.38254e-05 4.05806e-06
1790.66 -4.24089e-05 4.20479e-06
1792.98 -4.09413e-05 4.28327e-06
1795.31 -3.93691e-05 4.28995e-06
1797.63 -3.76676e-05 4.28049e-06
1799.95 -3.58033e-05 4.32167e-06
1802.27 -3.37539e-05 4.42518e-06
1804.59 -3.15828e-05 4.54833e-06
1806.92 -2.94297e-05 4.64754e-06
1809.24 -2.73853e-05 4.70146e-06
1811.56 -2.54043e-05 4.69762e-06
1813.88 -2.33596e-05 4.64519e-06
1816.2 -2.11497e-05 4.59897e-06
1818.53 -1.87485e-05 4.61732e-06
1820.85 -1.62034e-05 4.6841e-06
1823.17 -1.36202e-05 4.7203e-06
1825.49 -1.11082e-05 4.68587e-06
1827.81 -8.69693e-06 4.61899e-06
1830.14 -6.31468e-06 4.55975e-06
1832.46 -3.86096e-06 4.49783e-06
1834.78 -1.2895e-06 4.4257e-06
1837.1 1.37221e-06 4.3764e-06
1839.42 4.04492e-06 4.35754e-06
1841.75 6.64044e-06 4.30554e-06
1844.07 9.13724e-06 4.17051e-06
1846.39 1.16271e-05 4.00297e-06
1848.71 1.42316e-05 3.88679e-06
1851.03 1.69494e-05 3.81961e-06
1853.36 1.96392e-05 3.73188e-06
1855.68 2.21744e-05 3.59722e-06
1858 2.45604e-05 3.44701e-06
1860.32 2.6878e-05 3.29397e-06
1862.65 2.9188e-05 3.12296e-06
1864.97 3.15367e-05 2.95044e-06
1867.29 3.39713e-05 2.81093e-06
1869.61 3.64656e-05 2.68181e-06
1871.93 3.88789e-05 2.50127e-06
1874.26 4.10734e-05 2.26976e-06
1876.58 4.30504e-05 2.05578e-06
1878.9 4.49143e-05 1.88823e-06
1881.22 4.67465e-05 1.72261e-06
1883.54 4.85829e-05 1.5307e-06
1885.87 5.04602e-05 1.33829e-06
1888.19 5.23725e-05 1.14778e-06
1890.51 5.42044e-05 9.13548e-07
1892.83 5.58112e-05 6.36493e-07
1895.15 5.7173e-05 3.951e-07
1897.48 5.83916e-05 2.27456e-07
1899.8 5.95488e-05 6.41711e-08
1902.12 6.06571e-05 -1.57441e-07
1904.44 6.17315e-05 -3.93375e-07
1906.76 6.27876e-05 -5.85318e-07
1909.09 6.37532e-05 -7.76763e-07
1911.41 6.45035e-05 -1.03851e-06
1913.73 6.50232e-05 -1.33532e-06
1916.05 6.54346e-05 -1.57332e-06
1918.38 6.58236e-05 -1.74221e-06
1920.7 6.61381e-05 -1.90536e-06
1923.02 6.63027e-05 -2.07928e-06
1925.34 6.63222e-05 -2.23572e-06
1927.66 6.62108e-05 -2.40564e-06
1929.99 6.59316e-05 -2.65922e-06
1932.31 6.54968e-05 -2.97322e-06
1934.63 6.50248e-05 -3.22999e-06
1936.95 6.45846e-05 -3.37168e-06
1939.27 6.40561e-05 -3.45901e-06
1941.6 6.32643e-05 -3.55796e-06
1943.92 6.22014e-05 -3.67104e-06
1946.24 6.10044e-05 -3.80886e-06
1948.56 5.9762e-05 -4.01794e-06
1950.88 5.8463e-05 -4.28224e-06
1953.21 5.71001e-05 -4.49356e-06
1955.53 5.56859e-05 -4.5862e-06
1957.85 5.41721e-05 -4.62243e-06
1960.17 5.2476e-05 -4.68315e-06
1962.49 5.06017e-05 -4.75728e-06
1964.82 4.86301e-05 -4.81317e-06
1967.14 4.65849e-05 -4.89555e-06
1969.46 4.44183e-05 -5.05159e-06
1971.78 4.21385e-05 -5.21978e-06
1974.11 3.98319e-05 -5.29782e-06
1976.43 3.75283e-05 -5.28579e-06
1978.75 3.51528e-05 -5.26474e-06
1981.07 3.2651e-05 -5.26364e-06
1983.39 3.00575e-05 -5.2495e-06
1985.72 2.73986e-05 -5.23118e-06
1988.04 2.46341e-05 -5.26342e-06
1990.36 2.17559e-05 -5.33895e-06
1992.68 1.88453e-05 -5.37261e-06
1995 1.59617e-05 -5.31588e-06
1997.33 1.30634e-05 -5.21191e-06
1999.65 1.01086e-05 -5.11696e-06
2001.97 7.14363e-06 -5.038e-06
2004.29 4.20471e-06 -4.96842e-06
2006.61 1.22001e-06 -4.91577e-06
2008.94 -1.88844e-06 -4.86529e-06
2011.26 -5.0722e-06 -4.77563e-06
2013.58 -8.22912e-06 -4.64003e-06
2015.9 -1.13449e-05 -4.50071e-06
2018.22 -1.44496e-05 -4.3798e-06
2020.55 -1.74954e-05 -4.24902e-06
2022.87 -2.04181e-05 -4.09076e-06
2025.19 -2.32905e-05 -3.93257e-06
2027.51 -2.62641e-05 -3.79105e-06
2029.83 -2.93519e-05 -3.63564e-06
2032.16 -3.23994e-05 -3.44295e-06
2034.48 -3.52951e-05 -3.2392e-06
2036.8 -3.80856e-05 -3.05262e-06
2039.12 -4.08477e-05 -2.86887e-06
2041.45 -4.35667e-05 -2.66958e-06
2043.77 -4.61972e-05 -2.47002e-06
2046.09 -4.87445e-05 -2.27897e-06
2048.41 -5.12177e-05 -2.06447e-06
2050.73 -5.35848e-05 -1.8045e-06
2053.06 -5.58471e-05 -1.53457e-06
2055.38 -5.8083e-05 -1.29983e-06
2057.7 -6.03415e-05 -1.09251e-06
2060.02 -6.25406e-05 -8.79779e-07
2062.34 -6.45486e-05 -6.59218e-07
2064.67 -6.63242e-05 -4.38973e-07
2066.99 -6.79175e-05 -1.95799e-07
2069.31 -6.93791e-05 9.22055e-08
2071.63 -7.07483e-05 3.9365e-07
2073.95 -7.20935e-05 6.56796e-07
2076.28 -7.34631e-05 8.77639e-07
2078.6 -7.47898e-05 1.08996e-06
2080.92 -7.59159e-05 1.30898e-06
2083.24 -7.67406e-05 1.53299e-06
2085.56 -7.73023e-05 1.77835e-06
2087.89 -7.77113e-05 2.0573e-06
2090.21 -7.80454e-05 2.33652e-06
2092.53 -7.83219e-05 2.57317e-06
2094.85 -7.85278e-05 2.78005e-06
2097.18 -7.864e-05 3.0011e-06
2099.5 -7.86233e-05 3.23548e-06
2101.82 -7.84297e-05 3.44504e-06
2104.14 -7.80143e-05 3.62827e-06
2106.46 -7.73689e-05 3.82342e-06
2108.79 -7.65411e-05 4.04008e-06
2111.11 -7.56003e-05 4.24966e-06
2113.43 -7.45791e-05 4.44539e-06
2115.75 -7.34672e-05 4.64796e-06
2118.07 -7.22572e-05 4.84579e-06
2120.4 -7.09534e-05 4.99566e-06
2122.72 -6.95207e-05 5.09728e-06
2125.04 -6.78805e-05 5.20585e-06
2127.36 -6.59967e-05 5.35266e-06
2129.68 -6.39311e-05 5.51043e-06
2132.01 -6.17759e-05 5.65269e-06
2134.33 -5.95651e-05 5.7859e-06
2136.65 -5.72878e-05 5.9036e-06
2138.97 -5.49416e-05 5.97418e-06
2141.29 -5.25163e-05 6.00252e-06
2143.62 -4.99571e-05 6.04199e-06
2145.94 -4.72129e-05 6.1147e-06
2148.26 -4.43071e-05 6.17977e-06
2150.58 -4.13086e-05 6.21058e-06
2152.9 -3.82489e-05 6.23684e-06
2155.23 -3.51227e-05 6.27307e-06
2157.55 -3.19443e-05 6.27708e-06
2159.87 -2.87381e-05 6.22855e-06
2162.19 -2.54827e-05 6.1784e-06
2164.52 -2.2134e-05 6.16132e-06
2166.84 -1.86956e-05 6.12898e-06
2169.16 -1.52054e-05 6.03975e-06
2171.48 -1.16641e-05 5.9456e-06
2173.8 -8.05098e-06 5.9029e-06
2176.13 -4.39974e-06 5.85781e-06
2178.45 -7.74598e-07 5.72448e-06
2180.77 2.82744e-06 5.53362e-06
2183.09 6.46218e-06 5.39024e-06
2185.41 1.01236e-05 5.30728e-06
2187.74 1.37447e-05 5.19615e-06
2190.06 1.73265e-05 5.01523e-06
2192.38 2.09535e-05 4.81446e-06
2194.7 2.46412e-05 4.62601e-06
2197.02 2.82827e-05 4.42195e-06
2199.35 3.18079e-05 4.20152e-06
2201.67 3.52844e-05 4.01339e-06
2203.99 3.87776e-05 3.85612e-06
2206.31 4.2215e-05 3.65366e-06
2208.63 4.54955e-05 3.37261e-06
2210.96 4.86562e-05 3.0767e-06
2213.28 5.18106e-05 2.82069e-06
2215.6 5.49767e-05 2.57628e-06
2217.92 5.80798e-05 2.31233e-06
2220.25 6.10817e-05 2.06128e-06
2222.57 6.39839e-05 1.84184e-06
2224.89 6.67389e-05 1.59451e-06
2227.21 6.92868e-05 1.26899e-06
2229.53 7.16706e-05 9.12417e-07
2231.86 7.39982e-05 5.9775e-07
2234.18 7.62939e-05 3.2213e-07
2236.5 7.84937e-05 4.79289e-08
2238.82 8.05715e-05 -2.16348e-07
2241.14 8.25398e-05 -4.59998e-07
2243.47 8.43329e-05 -7.3923e-07
2245.79 8.58429e-05 -1.10435e-06
2248.11 8.71029e-05 -1.49503e-06
2250.43 8.82853e-05 -1.80668e-06
2252.75 8.94666e-05 -2.0375e-06
2255.08 9.05307e-05 -2.27527e-06
2257.4 9.13679e-05 -2.55866e-06
2259.72 9.20228e-05 -2.85096e-06
2262.04 9.25523e-05 -3.13943e-06
2264.36 9.28814e-05 -3.45369e-06
2266.69 9.29341e-05 -3.77851e-06
2269.01 9.27973e-05 -4.0506e-06
2271.33 9.26022e-05 -4.26331e-06
2273.65 9.23191e-05 -4.48349e-06
2275.97 9.18242e-05 -4.74122e-06
2278.3 9.11078e-05 -4.99167e-06
2280.62 9.02545e-05 -5.21352e-06
2282.94 8.92536e-05 -5.45182e-06
2285.26 8.80082e-05 -5.72113e-06
2287.59 8.65327e-05 -5.95524e-06
2289.91 8.49654e-05 -6.1098e-06
2292.23 8.33516e-05 -6.23899e-06
2294.55 8.15691e-05 -6.40864e-06
2296.87 7.9527e-05 -6.60025e-06
2298.96 7.75332e-05 -6.75015e-06
2301.04 7.54621e-05 -6.88376e-06
2303.12 7.33062e-05 -7.02439e-06
2305.2 7.10138e-05 -7.15997e-06
2307.28 6.85832e-05 -7.25184e-06
2309.36 6.6066e-05 -7.29567e-06
2311.45 6.34826e-05 -7.33756e-06
2313.53 6.07898e-05 -7.41484e-06
2315.61 5.79504e-05 -7.50722e-06
2317.69 5.49925e-05 -7.56926e-06
2319.77 5.1968e-05 -7.59352e-06
2321.85 4.88792e-05 -7.61182e-06
2323.94 4.569e-05 -7.63953e-06
2326.02 4.2401e-05 -7.65193e-06
2328.1 3.90642e-05 -7.62611e-06
2330.18 3.57072e-05 -7.57958e-06
2332.36 3.21314e-05 -7.54386e-06
2334.53 2.84205e-05 -7.51802e-06
2336.7 2.46034e-05 -7.46495e-06
2338.87 2.07731e-05 -7.37386e-06
2341.05 1.69591e-05 -7.27836e-06
2343.22 1.30947e-05 -7.20446e-06
2345.39 9.12811e-06 -7.13064e-06
2347.57 5.10969e-06 -7.01798e-06
2349.74 1.12576e-06 -6.86047e-06
2351.91 -2.81738e-06 -6.68507e-06
2354.09 -6.78892e-06 -6.51399e-06
2356.26 -1.08251e-05 -6.34806e-06
2358.43 -1.48814e-05 -6.18228e-06
2360.61 -1.89048e-05 -6.01639e-06
2362.78 -2.29022e-05 -5.84526e-06
2364.95 -2.69041e-05 -5.65313e-06
2367.13 -3.08905e-05 -5.42633e-06
2369.3 -3.48034e-05 -5.16749e-06
2371.47 -3.86272e-05 -4.89431e-06
2373.64 -4.24103e-05 -4.62744e-06
2375.82 -4.61932e-05 -4.37837e-06
2377.99 -4.99471e-05 -4.14246e-06
2380.16 -5.36142e-05 -3.90231e-06
2382.34 -5.71861e-05 -3.642e-06
2384.51 -6.07021e-05 -3.35797e-06
2386.68 -6.41723e-05 -3.05382e-06
2388.86 -6.75439e-05 -2.73107e-06
2391.03 -7.07629e-05 -2.39526e-06
2393.2 -7.38432e-05 -2.0657e-06
2395.38 -7.68403e-05 -1.76151e-06
2397.55 -7.97713e-05 -1.47512e-06
2399.72 -8.25968e-05 -1.17645e-06
2401.9 -8.52858e-05 -8.50949e-07
2404.07 -8.78573e-05 -5.16058e-07
2406.24 -9.03352e-05 -1.88369e-07
2408.42 -9.26885e-05 1.45985e-07
2410.59 -9.48563e-05 5.05468e-07
2412.76 -9.68236e-05 8.71648e-07
2414.93 -9.86371e-05 1.20585e-06
2417.11 -0.000100338 1.50636e-06
2419.28 -0.000101909 1.81564e-06
2421.45 -0.000103319 2.15979e-06
2423.63 -0.000104573 2.51157e-06
2425.8 -0.000105701 2.83422e-06
2427.97 -0.000106696 3.13638e-06
2430.15 -0.000107504 3.45328e-06
2432.32 -0.000108082 3.78953e-06
2434.49 -0.000108443 4.11681e-06
2436.67 -0.000108628 4.42315e-06
2438.84 -0.000108667 4.72643e-06
2441.01 -0.000108567 5.03283e-06
2443.19 -0.000108329 5.31883e-06
2445.36 -0.000107947 5.57233e-06
2447.53 -0.00010739 5.82051e-06
2449.7 -0.000106625 6.09064e-06
2451.88 -0.000105651 6.36709e-06
2454.05 -0.000104493 6.6188e-06
2456.22 -0.000103164 6.85134e-06
2458.4 -0.000101658 7.09327e-06
2460.57 -9.9975e-05 7.33894e-06
2462.74 -9.81476e-05 7.54914e-06
2464.92 -9.62036e-05 7.71352e-06
2467.09 -9.4132e-05 7.86906e-06
2469.26 -9.18982e-05 8.03944e-06
2471.44 -8.94824e-05 8.19785e-06
2473.61 -8.68868e-05 8.32059e-06
2475.78 -8.41165e-05 8.44131e-06
2477.96 -8.11795e-05 8.60417e-06
2480.13 -7.81021e-05 8.78264e-06
2482.3 -7.49164e-05 8.90003e-06
2484.47 -7.1628e-05 8.93171e-06
2486.65 -6.82189e-05 8.9346e-06
2488.82 -6.46904e-05 8.96138e-06
2490.99 -6.10718e-05 8.99639e-06
2493.17 -5.73696e-05 9.00659e-06
2495.34 -5.35364e-05 9.01039e-06
2497.51 -4.95245e-05 9.04472e-06
2499.69 -4.53577e-05 9.08831e-06
2501.86 -4.11133e-05 9.07585e-06
2504.03 -3.68397e-05 8.98658e-06
2506.21 -3.25292e-05 8.86702e-06
2508.38 -2.8174e-05 8.75706e-06
2510.55 -2.37961e-05 8.64412e-06
2512.73 -1.93952e-05 8.51236e-06
2514.9 -1.49082e-05 8.38855e-06
2517.07 -1.0275e-05 8.29698e-06
2519.25 -5.53039e-06 8.20128e-06
2521.42 -7.81652e-07 8.04257e-06
2523.59 3.90795e-06 7.82225e-06
2525.76 8.56691e-06 7.59594e-06
2527.94 1.32364e-05 7.38702e-06
2530.11 1.78954e-05 7.15968e-06
2532.28 2.25036e-05 6.89144e-06
2534.46 2.7083e-05 6.62069e-06
2536.63 3.17005e-05 6.38803e-06
2538.8 3.63702e-05 6.16812e-06
2540.98 4.10219e-05 5.90493e-06
2543.15 4.55801e-05 5.59319e-06
2545.32 5.00348e-05 5.27623e-06
2547.5 5.44135e-05 4.97092e-06
2549.67 5.87163e-05 4.64614e-06
2551.84 6.2919e-05 4.28497e-06
2554.02 6.70254e-05 3.92048e-06
2556.19 7.10736e-05 3.5843e-06
2558.36 7.508e-05 3.25585e-06
2560.53 7.9006e-05 2.89747e-06
2562.71 8.27967e-05 2.51602e-06
2564.88 8.64365e-05 2.14958e-06
2567.05 8.99477e-05 1.8031e-06
2569.23 9.33435e-05 1.4384e-06
2571.4 9.66047e-05 1.03164e-06
2573.57 9.97036e-05 6.05157e-07
2575.75 0.000102636 1.90417e-07
2577.92 0.00010542 -2.10096e-07
2580.09 0.000108066 -6.05685e-07
2582.27 0.000110569 -9.8831e-07
2584.44 0.000112912 -1.34831e-06
2586.61 0.000115088 -1.70513e-06
2588.79 0.000117096 -2.09281e-06
2590.96 0.000118924 -2.51626e-06
2593.13 0.000120547 -2.94474e-06
2595.31 0.000121952 -3.35033e-06
2597.48 0.000123154 -3.73284e-06
2599.65 0.000124178 -4.1034e-06
2601.82 0.000125029 -4.46399e-06
2604 0.000125689 -4.81364e-06
2606.17 0.000126155 -5.1598e-06
2608.34 0.000126445 -5.51028e-06
2610.52 0.000126562 -5.86221e-06
2612.69 0.000126465 -6.20867e-06
2614.86 0.000126116 -6.54865e-06
2617.04 0.000125527 -6.88136e-06
2619.21 0.000124749 -7.19884e-06
2621.38 0.000123797 -7.49501e-06
2623.56 0.000122633 -7.77573e-06
2625.73 0.000121241 -8.04892e-06
2627.9 0.000119672 -8.31113e-06
2630.08 0.00011798 -8.55618e-06
2632.25 0.00011614 -8.79095e-06
2634.42 0.000114067 -9.02624e-06
2636.59 0.000111725 -9.25534e-06
2638.77 0.000109154 -9.46022e-06
2640.94 0.000106407 -9.63971e-06
2643.11 0.00010349 -9.81122e-06
2645.29 0.0001004 -9.97983e-06
2647.46 9.71735e-05 -1.01271e-05
2649.63 9.38428e-05 -1.02415e-05
2651.81 9.03775e-05 -1.03388e-05
2653.98 8.67091e-05 -1.04344e-05
2656.15 8.28211e-05 -1.05155e-05
2658.33 7.87696e-05 -1.05648e-05
2660.5 7.46047e-05 -1.05968e-05
2662.67 7.03153e-05 -1.06394e-05
2664.85 6.58711e-05 -1.0684e-05
2667.02 6.12855e-05 -1.06918e-05
2669.19 5.66037e-05 -1.06526e-05
2671.36 5.18531e-05 -1.05999e-05
2673.54 4.70354e-05 -1.05525e-05
2675.71 4.21498e-05 -1.04791e-05
2677.88 3.71837e-05 -1.03532e-05
2680.06 3.20929e-05 -1.02089e-05
2682.23 2.68395e-05 -1.00998e-05
2684.4 2.14578e-05 -1.00167e-05
2686.58 1.6044e-05 -9.89745e-06
2688.75 1.06673e-05 -9.71556e-06
2690.92 5.32222e-06 -9.50788e-06
2693.1 -2.23159e-08 -9.30214e-06
2695.27 -5.37349e-06 -9.0712e-06
2697.44 -1.07456e-05 -8.79182e-06
2699.62 -1.61914e-05 -8.50384e-06
2701.79 -2.17409e-05 -8.25956e-06
2703.96 -2.73239e-05 -8.04008e-06
2706.14 -3.28189e-05 -7.77913e-06
2708.31 -3.81809e-05 -7.46035e-06
2710.48 -4.34664e-05 -7.1307e-06
2712.65 -4.87232e-05 -6.8112e-06
2714.83 -5.39213e-05 -6.45887e-06
2717 -5.90295e-05 -6.04746e-06
2719.17 -6.40938e-05 -5.63031e-06
2721.35 -6.91698e-05 -5.27157e-06
2723.52 -7.421e-05 -4.94969e-06
2725.69 -7.90971e-05 -4.58853e-06
2727.87 -8.37859e-05 -4.16699e-06
2730.04 -8.83375e-05 -3.73441e-06
2732.21 -9.28001e-05 -3.31824e-06
2734.39 -9.71335e-05 -2.88409e-06
2736.56 -0.000101293 -2.41011e-06
2738.73 -0.000105318 -1.93999e-06
2740.91 -0.000109265 -1.51767e-06
2743.08 -0.0001131 -1.11219e-06
2745.25 -0.000116723 -6.62291e-07
2747.42 -0.0001201 -1.70862e-07
2749.6 -0.000123288 3.04095e-07
2751.77 -0.000126325 7.4333e-07
2753.94 -0.000129172 1.18964e-06
2756.12 -0.000131805 1.66942e-06
2758.29 -0.000134266 2.1502e-06
2760.46 -0.000136586 2.60196e-06
2762.64 -0.000138696 3.04989e-06
2764.81 -0.000140501 3.52582e-06
2766.98 -0.000142018 4.00586e-06
2769.16 -0.000143355 4.44615e-06
2771.33 -0.000144557 4.85683e-06
2773.5 -0.000145555 5.2853e-06
2775.68 -0.000146282 5.73621e-06
2777.85 -0.000146765 6.16653e-06
2780.02 -0.000147045 6.56461e-06
2782.19 -0.000147083 6.97399e-06
2784.37 -0.000146814 7.41526e-06
2786.54 -0.000146266 7.83876e-06
2788.71 -0.000145535 8.19595e-06
2790.89 -0.000144655 8.51682e-06
2793.06 -0.000143557 8.86395e-06
2795.23 -0.000142184 9.23563e-06
2797.41 -0.000140562 9.5752e-06
2799.58 -0.000138725 9.86752e-06
2801.75 -0.000136644 1.01614e-05
2803.93 -0.00013428 1.04836e-05
2806.1 -0.000131668 1.07909e-05
2808.27 -0.000128887 1.10388e-05
2810.45 -0.00012595 1.1249e-05
2812.62 -0.000122806 1.14663e-05
2814.79 -0.000119428 1.16834e-05
2816.97 -0.000115848 1.18619e-05
2819.14 -0.000112081 1.20078e-05
2821.31 -0.000108087 1.21662e-05
2823.48 -0.00010385 1.23417e-05
2825.66 -9.94347e-05 1.24826e-05
2827.83 -9.49074e-05 1.25595e-05
2830 -9.02495e-05 1.26071e-05
2832.18 -8.53968e-05 1.26625e-05
2834.35 -8.035e-05 1.27066e-05
2836.52 -7.51756e-05 1.27067e-05
2838.7 -6.99016e-05 1.2682e-05
2840.87 -6.44832e-05 1.26747e-05
2843.04 -5.88946e-05 1.26729e-05
2845.22 -5.31874e-05 1.26195e-05
2847.39 -4.74178e-05 1.24973e-05
2849.56 -4.15641e-05 1.23544e-05
2851.74 -3.55744e-05 1.22309e-05
2853.91 -2.94684e-05 1.21068e-05
2856.08 -2.33255e-05 1.1947e-05
2858.25 -1.718e-05 1.17576e-05
2860.43 -1.09918e-05 1.156e-05
2862.6 -4.73025e-06 1.13416e-05
2864.77 1.57262e-06 1.10758e-05
2866.95 7.88212e-06 1.07774e-05
2869.12 1.42191e-05 1.049e-05
2871.29 2.06102e-05 1.022e-05
2873.47 2.70118e-05 9.92707e-06
2875.64 3.33401e-05 9.58796e-06
2877.81 3.95681e-05 9.22603e-06
2879.99 4.57428e-05 8.86183e-06
2882.16 5.19053e-05 8.47545e-06
2884.33 5.80393e-05 8.04758e-06
2886.51 6.4113e-05 7.60558e-06
2888.68 7.01219e-05 7.18933e-06
2890.85 7.60611e-05 6.78952e-06
2893.03 8.18889e-05 6.36064e-06
2895.2 8.75601e-05 5.88656e-06
2897.37 9.30809e-05 5.39318e-06
2899.54 9.84926e-05 4.89763e-06
2901.72 0.000103804 4.3881e-06
2903.89 0.000108974 3.86325e-06
2906.06 0.000113969 3.34939e-06
2908.24 0.000118793 2.85671e-06
2910.41 0.000123465 2.35327e-06
2912.58 0.000127972 1.81188e-06
2914.76 0.000132286 1.25458e-06
2916.93 0.000136394 7.15779e-07
2919.1 0.000140297 1.8426e-07
2921.28 0.000143987 -3.74626e-07
2923.45 0.000147447 -9.52404e-07
2925.62 0.000150679 -1.50376e-06
2927.8 0.000153694 -2.02092e-06
2929.97 0.000156493 -2.54986e-06
2932.14 0.000159058 -3.11534e-06
2934.31 0.000161373 -3.67806e-06
2936.49 0.000163439 -4.19819e-06
2938.66 0.000165258 -4.70131e-06
2940.83 0.000166818 -5.23613e-06
2943.01 0.0001681 -5.79371e-06
2945.18 0.000169101 -6.32178e-06
2947.35 0.000169828 -6.80773e-06
2949.53 0.000170298 -7.29083e-06
2951.7 0.000170523 -7.78789e-06
2953.87 0.0001705 -8.26384e-06
2956.05 0.000170206 -8.69728e-06
2958.22 0.000169616 -9.12482e-06
2960.39 0.000168732 -9.58374e-06
2962.57 0.000167578 -1.00488e-05
2964.74 0.00016616 -1.04709e-05
2966.91 0.000164459 -1.08512e-05
2969.08 0.000162473 -1.12261e-05
2971.26 0.00016024 -1.15947e-05
2973.43 0.000157787 -1.192e-05
2975.6 0.000155082 -1.22034e-05
2977.78 0.000152072 -1.24981e-05
2979.95 0.000148766 -1.28277e-05
2982.12 0.000145236 -1.31451e-05
2984.3 0.000141517 -1.34021e-05
2986.47 0.000137558 -1.36166e-05
2988.64 0.000133306 -1.3827e-05
2990.82 0.000128792 -1.40175e-05
2992.99 0.000124092 -1.41501e-05
2995.16 0.000119225 -1.42465e-05
2997.34 0.000114139 -1.43716e-05
2999.51 0.00010882 -1.45316e-05
3001.68 0.000103319 -1.46572e-05
3003.86 9.76651e-05 -1.47035e-05
3006.03 9.18145e-05 -1.47093e-05
3008.2 8.57308e-05 -1.472e-05
3010.37 7.94705e-05 -1.47111e-05
3012.55 7.31244e-05 -1.46421e-05
3014.72 6.66985e-05 -1.45437e-05
3016.89 6.01234e-05 -1.44791e-05
3019.07 5.33742e-05 -1.44364e-05
3021.24 4.65083e-05 -1.43357e-05
3023.41 3.9568e-05 -1.41494e-05
3025.59 3.25235e-05 -1.3941e-05
3027.76 2.53565e-05 -1.37597e-05
3029.93 1.81378e-05 -1.35639e-05
3032.11 1.09471e-05 -1.33005e-05
3034.28 3.75361e-06 -1.30007e-05
3036.45 -3.54119e-06 -1.27305e-05
3038.63 -1.09486e-05 -1.24776e-05
3040.8 -1.83625e-05 -1.21673e-05
3042.97 -2.57013e-05 -1.17818e-05
3045.14 -3.29985e-05 -1.13866e-05
3047.32 -4.03104e-05 -1.10213e-05
3049.49 -4.7601e-05 -1.0641e-05
3051.66 -5.47933e-05 -1.02015e-05
3053.84 -6.18928e-05 -9.73834e-06
3056.01 -6.89722e-05 -9.30376e-06
3058.18 -7.60393e-05 -8.87138e-06
3060.36 -8.30043e-05 -8.37545e-06
3062.53 -8.97987e-05 -7.82157e-06
3064.7 -9.64512e-05 -7.28228e-06
3066.88 -0.000103006 -6.78312e-06
3069.05 -0.00010943 -6.26771e-06
3071.22 -0.000115658 -5.69583e-06
3073.4 -0.000121704 -5.10676e-06
3075.57 -0.000127631 -4.54536e-06
3077.74 -0.00013344 -3.98333e-06
3079.92 -0.000139048 -3.37139e-06
3082.09 -0.000144398 -2.72963e-06
3084.26 -0.000149515 -2.1176e-06
3086.43 -0.000154431 -1.53438e-06
3088.61 -0.000159117 -9.21173e-07
3090.78 -0.000163534 -2.63489e-07
3092.95 -0.000167707 3.82117e-07
3095.13 -0.000171684 9.83778e-07
3097.3 -0.000175442 1.58893e-06
3099.47 -0.000178906 2.24278e-06
3101.65 -0.000182041 2.90872e-06
3103.82 -0.000184893 3.52806e-06
3105.99 -0.000187493 4.11981e-06
3108.17 -0.000189804 4.75005e-06
3110.34 -0.000191785 5.41891e-06
3112.51 -0.000193463 6.05388e-06
3114.69 -0.000194883 6.62288e-06
3116.86 -0.000196022 7.18177e-06
3119.03 -0.000196817 7.78092e-06
3121.2 -0.000197263 8.38768e-06
3123.38 -0.000197418 8.94913e-06
3125.55 -0.000197307 9.48342e-06
3127.72 -0.00019687 1.00454e-05
3129.9 -0.000196056 1.06279e-05
3132.07 -0.0001949 1.11656e-05
3134.24 -0.000193475 1.16344e-05
3136.42 -0.000191781 1.20813e-05
3138.59 -0.000189758 1.25441e-05
3140.76 -0.000187387 1.29999e-05
3142.94 -0.000184718 1.34217e-05
3145.11 -0.000181786 1.38329e-05
3147.28 -0.000178552 1.4261e-05
3149.46 -0.000174962 1.46756e-05
3151.63 -0.000171043 1.50244e-05
3153.8 -0.00016687 1.53128e-05
3155.97 -0.000162473 1.55919e-05
3158.15 -0.000157808 1.58758e-05
3160.32 -0.000152841 1.6127e-05
3162.49 -0.000147597 1.63321e-05
3164.67 -0.000142116 1.65322e-05
3166.84 -0.000136391 1.67538e-05
3169.01 -0.000130396 1.69547e-05
3171.19 -0.00012415 1.70806e-05
3173.36 -0.000117714 1.71419e-05
3175.53 -0.000111114 1.71892e-05
3177.71 -0.000104315 1.72334e-05
3179.88 -9.72766e-05 1.72429e-05
3182.05 -9.00242e-05 1.72111e-05
3184.23 -8.26219e-05 1.71739e-05
3186.4 -7.50985e-05 1.71446e-05
3188.57 -6.74314e-05 1.70825e-05
3190.75 -5.96057e-05 1.6949e-05
3192.92 -5.16522e-05 1.67624e-05
3195.09 -4.36078e-05 1.65636e-05
3197.26 -3.54661e-05 1.63569e-05
3199.44 -2.72017e-05 1.61194e-05
3201.61 -1.88357e-05 1.58508e-05
3203.78 -1.04376e-05 1.55717e-05
3205.96 -2.05042e-06 1.52786e-05
3208.13 6.35274e-06 1.49409e-05
3210.3 1.48153e-05 1.45494e-05
3212.48 2.33238e-05 1.4132e-05
3214.65 3.1822e-05 1.37102e-05
3216.82 4.02837e-05 1.32735e-05
3219 4.87249e-05 1.28092e-05
3221.17 5.71379e-05 1.2329e-05
3223.34 6.54628e-05 1.18398e-05
3225.52 7.36543e-05 1.13164e-05
3227.69 8.17454e-05 1.07355e-05
3229.86 8.97935e-05 1.01202e-05
3232.03 9.77822e-05 9.51491e-06
3234.21 0.000105627 8.9251e-06
3236.38 0.000113284 8.3193e-06
3238.55 0.00012079 7.68523e-06
3240.73 0.000128173 7.04258e-06
3242.9 0.000135377 6.39289e-06
3245.07 0.000142324 5.702e-06
3247.25 0.00014903 4.95655e-06
3249.42 0.000155575 4.20158e-06
3251.59 0.000161973 3.48707e-06
3253.77 0.000168139 2.80179e-06
3255.94 0.000173995 2.09873e-06
3258.11 0.000179568 1.36785e-06
3260.29 0.00018491 6.37148e-07
3262.46 0.000189999 -9.12747e-08
3264.63 0.000194762 -8.52561e-07
3266.81 0.00019919 -1.65341e-06
3268.98 0.000203349 -2.44306e-06
3271.15 0.000207261 -3.17802e-06
3273.32 0.000210864 -3.88001e-06
3275.5 0.000214092 -4.59537e-06
3277.67 0.000216967 -5.32656e-06
3279.84 0.000219536 -6.04627e-06
3282.02 0.000221781 -6.75876e-06
3284.19 0.000223641 -7.49377e-06
3286.36 0.000225117 -8.24207e-06
3288.54 0.000226275 -8.95082e-06
3290.71 0.000227138 -9.59817e-06
3292.88 0.000227646 -1.02262e-05
3295.06 0.00022774 -1.0875e-05
3297.23 0.00022744 -1.1525e-05
3299.4 0.000226799 -1.21391e-05
3301.58 0.000225808 -1.27285e-05
3303.75 0.000224427 -1.33267e-05
3305.92 0.000222669 -1.39193e-05
3308.09 0.000220592 -1.44564e-05
3310.27 0.000218208 -1.4935e-05
3312.44 0.000215449 -1.54108e-05
3314.61 0.000212269 -1.59129e-05
3316.79 0.000208713 -1.63976e-05
3318.96 0.000204845 -1.68167e-05
3321.13 0.000200665 -1.71891e-05
3323.31 0.000196129 -1.75611e-05
3325.48 0.00019125 -1.79265e-05
3327.65 0.000186083 -1.8241e-05
3329.83 0.000180642 -1.85023e-05
3332 0.000174871 -1.87569e-05
3334.17 0.000168734 -1.90222e-05
3336.35 0.000162285 -1.92547e-05
3338.52 0.000155592 -1.94194e-05
3340.69 0.000148657 -1.95418e-05
3342.86 0.000141441 -1.96584e-05
3345.04 0.000133958 -1.97532e-05
3347.21 0.000126269 -1.97894e-05
3349.38 0.000118389 -1.97799e-05
3351.56 0.000110266 -1.97721e-05
3353.73 0.000101871 -1.97698e-05
3355.9 9.32576e-05 -1.9723e-05
3358.08 8.45086e-05 -1.96051e-05
3360.25 7.56396e-05 -1.94496e-05
3362.42 6.66114e-05 -1.92897e-05
3364.6 5.74156e-05 -1.91043e-05
3366.77 4.80983e-05 -1.88608e-05
3368.94 3.8695e-05 -1.85776e-05
3371.12 2.91927e-05 -1.82971e-05
3373.29 1.95774e-05 -1.80146e-05
3375.46 9.88353e-06 -1.76831e-05
3377.64 1.64173e-07 -1.72889e-05
3379.81 -9.56749e-06 -1.6871e-05
3381.98 -1.93313e-05 -1.64553e-05
3384.15 -2.9123e-05 -1.60136e-05
3386.33 -3.88997e-05 -1.55147e-05
3388.5 -4.86254e-05 -1.49793e-05
3390.67 -5.82997e-05 -1.44465e-05
3392.85 -6.79282e-05 -1.39099e-05
3395.02 -7.74897e-05 -1.33308e-05
3397.19 -8.69544e-05 -1.27044e-05
3399.37 -9.63159e-05 -1.20685e-05
3401.54 -0.000105579 -1.14416e-05
3403.71 -0.00011472 -1.0793e-05
3405.89 -0.000123689 -1.0094e-05
3408.06 -0.000132455 -9.36202e-06
3410.23 -0.000141031 -8.62956e-06
3412.41 -0.000149438 -7.89467e-06
3414.58 -0.000157659 -7.13429e-06
3416.75 -0.000165652 -6.35229e-06
3418.92 -0.000173398 -5.57703e-06
3421.1 -0.000180905 -4.81248e-06
3423.27 -0.000188166 -4.02598e-06
3425.44 -0.000195142 -3.19469e-06
3427.62 -0.000201797 -2.33817e-06
3429.79 -0.000208138 -1.48966e-06
3431.96 -0.000214194 -6.55427e-07
3434.14 -0.000219958 1.79221e-07
3436.31 -0.000225389 1.01857e-06
3438.48 -0.000230452 1.85377e-06
3440.66 -0.000235159 2.68543e-06
3442.83 -0.000239531 3.5274e-06
3445 -0.000243552 4.38558e-06
3447.18 -0.00024718 5.24796e-06
3449.35 -0.000250398 6.09923e-06
3451.52 -0.000253231 6.93387e-06
3453.69 -0.000255694 7.75204e-06
3455.87 -0.000257761 8.55409e-06
3458.04 -0.000259402 9.34437e-06
3460.21 -0.000260627 1.01311e-05
3462.39 -0.000261465 1.0917e-05
3464.56 -0.000261911 1.16956e-05
3466.73 -0.000261924 1.2461e-05
3468.91 -0.000261486 1.32111e-05
3471.08 -0.000260628 1.39387e-05
3473.25 -0.000259376 1.46311e-05
3475.43 -0.000257712 1.5287e-05
3477.6 -0.000255608 1.59242e-05
3479.77 -0.000253078 1.65596e-05
3481.95 -0.000250163 1.71875e-05
3484.12 -0.000246864 1.77899e-05
3486.29 -0.00024314 1.83603e-05
3488.47 -0.000238979 1.89024e-05
3490.64 -0.000234423 1.94104e-05
3492.81 -0.000229509 1.98719e-05
3494.98 -0.000224219 2.02933e-05
3497.16 -0.000218522 2.06997e-05
3499.33 -0.000212442 2.11013e-05
3501.5 -0.000206037 2.14759e-05
3503.68 -0.000199312 2.17991e-05
3505.85 -0.00019222 2.20764e-05
3508.02 -0.000184746 2.23269e-05
3510.2 -0.000176954 2.25486e-05
3512.37 -0.000168902 2.27238e-05
3514.54 -0.000160576 2.28523e-05
3516.72 -0.000151927 2.29544e-05
3518.89 -0.000142972 2.30359e-05
3521.06 -0.000133782 2.30769e-05
3523.24 -0.000124387 2.30651e-05
3525.41 -0.00011475 2.30157e-05
3527.58 -0.000104851 2.29447e-05
3529.75 -9.47414e-05 2.28396e-05
3531.93 -8.44855e-05 2.26801e-05
3534.1 -7.4084e-05 2.24717e-05
3536.27 -6.3506e-05 2.22349e-05
3538.45 -5.27675e-05 2.19701e-05
3540.62 -4.19253e-05 2.16601e-05
3542.79 -3.10017e-05 2.13062e-05
3544.97 -1.99709e-05 2.09308e-05
3547.14 -8.83207e-06 2.05374e-05
3549.31 2.35406e-06 2.00987e-05
3551.49 1.35305e-05 1.9598e-05
3553.66 2.47051e-05 1.90572e-05
3555.83 3.59085e-05 1.85033e-05
3558.01 4.71174e-05 1.79271e-05
3560.18 5.82683e-05 1.73046e-05
3562.35 6.93356e-05 1.66431e-05
3564.53 8.03459e-05 1.59704e-05
3566.7 9.13076e-05 1.52855e-05
3568.87 0.000102171 1.45561e-05
3571.04 0.000112878 1.37738e-05
3573.22 0.000123415 1.29716e-05
3575.39 0.000133792 1.2172e-05
3577.56 0.000143997 1.13514e-05
3579.74 0.000154002 1.04829e-05
3581.91 0.000163802 9.58594e-06
3584.08 0.000173406 8.69772e-06
3586.26 0.000182788 7.81197e-06
3588.43 0.000191892 6.89008e-06
3590.6 0.000200683 5.92729e-06
3592.78 0.000209171 4.96184e-06
3594.95 0.000217367 4.01094e-06
3597.12 0.000225252 3.04366e-06
3599.3 0.000232802 2.03933e-06
3601.47 0.000240018 1.03155e-06
3603.64 0.000246903 5.752e-08
3605.81 0.000253425 -9.05924e-07
3607.99 0.000259536 -1.90859e-06
3610.16 0.000265223 -2.94495e-06
3612.33 0.000270507 -3.95812e-06
3614.51 0.000275393 -4.92615e-06
3616.68 0.000279862 -5.89105e-06
3618.85 0.0002839 -6.88514e-06
3621.03 0.000287519 -7.87733e-06
3623.2 0.000290713 -8.82658e-06
3625.37 0.00029344 -9.75062e-06
3627.55 0.000295667 -1.06944e-05
3629.72 0.000297408 -1.16511e-05
3631.89 0.0002987 -1.25684e-05
3634.07 0.000299552 -1.34279e-05
3636.24 0.000299933 -1.42703e-05
3638.41 0.000299832 -1.5126e-05
3640.58 0.000299261 -1.59698e-05
3642.76 0.000298217 -1.67672e-05
3644.93 0.000296671 -1.75286e-05
3647.1 0.000294611 -1.82831e-05
3649.28 0.000292072 -1.90229e-05
3651.45 0.000289096 -1.97159e-05
3653.62 0.000285678 -2.03599e-05
3655.8 0.000281784 -2.09841e-05
3657.97 0.000277407 -2.15968e-05
3660.14 0.000272574 -2.21719e-05
3662.32 0.000267298 -2.26941e-05
3664.49 0.000261566 -2.31825e-05
3666.66 0.000255375 -2.36527e-05
3668.84 0.000248759 -2.40881e-05
3671.01 0.000241749 -2.44705e-05
3673.18 0.000234344 -2.48128e-05
3675.36 0.000226534 -2.51331e-05
3677.53 0.000218326 -2.54174e-05
3679.7 0.000209744 -2.56411e-05
3681.87 0.000200796 -2.58149e-05
3684.05 0.000191481 -2.59704e-05
3686.22 0.000181823 -2.61049e-05
3688.39 0.00017186 -2.61814e-05
3690.57 0.000161606 -2.61898e-05
3692.74 0.000151051 -2.61672e-05
3694.91 0.000140201 -2.61372e-05
3697.09 0.000129097 -2.60686e-05
3699.26 0.000117769 -2.59244e-05
3701.43 0.000106214 -2.57218e-05
3703.61 9.44254e-05 -2.55028e-05
3705.78 8.24331e-05 -2.52659e-05
3707.95 7.02855e-05 -2.49722e-05
3710.13 5.80021e-05 -2.46161e-05
3712.3 4.5578e-05 -2.42368e-05
3714.47 3.30283e-05 -2.38504e-05
3716.64 2.0393e-05 -2.34174e-05
3718.82 7.69648e-06 -2.29056e-05
3720.99 -5.06692e-06 -2.23449e-05
3723.16 -1.78919e-05 -2.17821e-05
3725.34 -3.07349e-05 -2.12089e-05
3727.51 -4.35481e-05 -2.05799e-05
3729.68 -5.63187e-05 -1.98887e-05
3731.86 -6.90506e-05 -1.91758e-05
3734.03 -8.17248e-05 -1.84599e-05
3736.2 -9.4306e-05 -1.77098e-05
3738.38 -0.000106778 -1.69008e-05
3740.55 -0.000119139 -1.6057e-05
3742.72 -0.000131361 -1.52099e-05
3744.9 -0.000143398 -1.43472e-05
3747.07 -0.000155222 -1.34379e-05
3749.24 -0.000166842 -1.24883e-05
3751.42 -0.000178257 -1.15314e-05
3753.59 -0.000189426 -1.05721e-05
3755.76 -0.000200312 -9.58329e-06
3757.93 -0.000210917 -8.5576e-06
3760.11 -0.000221247 -7.52212e-06
3762.28 -0.000231266 -6.49149e-06
3764.45 -0.000240919 -5.44244e-06
3766.63 -0.000250194 -4.35464e-06
3768.8 -0.000259118 -3.2472e-06
3770.97 -0.000267688 -2.1491e-06
3773.15 -0.000275854 -1.05664e-06
3775.32 -0.00028358 5.0023e-08
3777.49 -0.000290885 1.16598e-06
3779.67 -0.000297782 2.27175e-06
3781.84 -0.000304226 3.37412e-06
3784.01 -0.000310164 4.4986e-06
3786.19 -0.000315604 5.64141e-06
3788.36 -0.000320595 6.76666e-06
3790.53 -0.000325132 7.85955e-06
3792.7 -0.000329152 8.94602e-06
3794.88 -0.000332617 1.00438e-05
3797.05 -0.000335559 1.11293e-05
3799.22 -0.000338008 1.21793e-05
3801.4 -0.000339931 1.32141e-05
3803.57 -0.000341287 1.4263e-05
3805.83 -0.000342113 1.5351e-05
3808.1 -0.000342388 1.63892e-05
3810.36 -0.000342095 1.73824e-05
3812.62 -0.000341174 1.8374e-05
3814.89 -0.000339628 1.93601e-05
3817.15 -0.000337515 2.02899e-05
3819.41 -0.000334843 2.11579e-05
3821.68 -0.000331554 2.20202e-05
3823.94 -0.000327636 2.2895e-05
3826.2 -0.00032316 2.37232e-05
3828.47 -0.000318169 2.44644e-05
3830.73 -0.000312611 2.51619e-05
3832.99 -0.00030644 2.58603e-05
3835.26 -0.0002997 2.65241e-05
3837.52 -0.000292455 2.71037e-05
3839.78 -0.00028469 2.76292e-05
3842.04 -0.000276363 2.81568e-05
3844.31 -0.000267516 2.86607e-05
3846.57 -0.000258232 2.90694e-05
3848.83 -0.000248506 2.93874e-05
3851.1 -0.000238275 2.96874e-05
3853.36 -0.000227546 2.9984e-05
3855.62 -0.000216408 3.02112e-05
3857.89 -0.000204903 3.03405e-05
3860.15 -0.000192987 3.04266e-05
3862.41 -0.000180648 3.05035e-05
3864.68 -0.000167965 3.05218e-05
3866.94 -0.000155007 3.04402e-05
3869.2 -0.000141749 3.03012e-05
3871.47 -0.000128151 3.01523e-05
3873.73 -0.000114262 2.99583e-05
3875.99 -0.000100163 2.9665e-05
3878.26 -8.58616e-05 2.92991e-05
3880.52 -7.13302e-05 2.89217e-05
3882.78 -5.66036e-05 2.85198e-05
3885.05 -4.17622e-05 2.8033e-05
3887.31 -2.68301e-05 2.7462e-05
3889.57 -1.17786e-05 2.68622e-05
3891.84 3.3741e-06 2.62384e-05
3894.1 1.85534e-05 2.55389e-05
3896.36 3.37238e-05 2.47606e-05
3898.63 4.89098e-05 2.39638e-05
3900.89 6.40997e-05 2.3165e-05
3903.15 7.92119e-05 2.2303e-05
3905.41 9.41917e-05 2.13478e-05
3907.68 0.000109065 2.0356e-05
3909.94 0.000123848 1.93702e-05
3912.2 0.000138472 1.83451e-05
3914.47 0.000152859 1.72352e-05
3916.73 0.000167015 1.60861e-05
3918.99 0.000180974 1.49566e-05
3921.26 0.00019469 1.38136e-05
3923.52 0.000208076 1.25921e-05
3925.78 0.000221118 1.13176e-05
3928.05 0.000233858 1.00651e-05
3930.31 0.000246279 8.82573e-06
3932.57 0.000258289 7.52181e-06
3934.84 0.000269846 6.14989e-06
3937.1 0.000280982 4.79574e-06
3939.36 0.000291713 3.49089e-06
3941.63 0.000301973 2.16358e-06
3943.89 0.000311708 7.70498e-07
3946.15 0.00032094 -6.26114e-07
3948.42 0.000329697 -1.971e-06
3950.68 0.000337926 -3.31309e-06
3952.94 0.00034555 -4.71237e-06
3955.21 0.000352569 -6.12465e-06
3957.47 0.00035903 -7.47165e-06
3959.73 0.000364926 -8.77185e-06
3962 0.000370196 -1.01013e-05
3964.26 0.000374819 -1.14583e-05
3966.52 0.000378828 -1.27712e-05
3968.78 0.000382229 -1.40263e-05
3971.05 0.000384968 -1.52836e-05
3973.31 0.000387008 -1.65573e-05
3975.57 0.000388377 -1.77844e-05
3977.84 0.000389112 -1.89349e-05
3980.1 0.000389198 -2.00632e-05
3982.36 0.000388597 -2.12071e-05
3984.63 0.000387308 -2.232e-05
3986.89 0.00038535 -2.33553e-05
3989.15 0.000382723 -2.43453e-05
3991.42 0.000379417 -2.53333e-05
3993.68 0.00037544 -2.62876e-05
3995.94 0.000370814 -2.7156e-05
3998.21 0.000365542 -2.79602e-05
4000.47 0.000359615 -2.87581e-05
4002.73 0.000353032 -2.95409e-05
4005 0.00034581 -3.02487e-05
4007.26 0.000337965 -3.08716e-05
4009.52 0.000329511 -3.14565e-05
4011.79 0.00032047 -3.20152e-05
4014.05 0.000310858 -3.25066e-05
4016.31 0.000300672 -3.29171e-05
4018.58 0.000289915 -3.32868e-05
4020.84 0.000278617 -3.36333e-05
4023.1 0.00026681 -3.39168e-05
4025.36 0.0002545 -3.41107e-05
4027.63 0.000241688 -3.42473e-05
4029.89 0.000228412 -3.43553e-05
4032.15 0.000214723 -3.44065e-05
4034.42 0.000200637 -3.43692e-05
4036.68 0.00018614 -3.42675e-05
4038.94 0.000171248 -3.41378e-05
4041.21 0.000156015 -3.39644e-05
4043.47 0.000140478 -3.37109e-05
4045.73 0.000124636 -3.33861e-05
4048 0.000108505 -3.3023e-05
4050.26 9.21386e-05 -3.2615e-05
4052.52 7.5585e-05 -3.21301e-05
4054.79 5.8848e-05 -3.1574e-05
4057.05 4.19298e-05 -3.09833e-05
4059.31 2.48768e-05 -3.03604e-05
4061.58 7.74589e-06 -2.96715e-05
4063.84 -9.44742e-06 -2.89111e-05
4066.1 -2.67065e-05 -2.81114e-05
4068.37 -4.39971e-05 -2.72812e-05
4070.63 -6.12568e-05 -2.63911e-05
4072.89 -7.84489e-05 -2.54316e-05
4075.16 -9.55635e-05 -2.4435e-05
4077.42 -0.000112573 -2.34177e-05
4079.68 -0.000129432 -2.23528e-05
4081.95 -0.000146118 -2.12247e-05
4084.21 -0.000162632 -2.00623e-05
4086.47 -0.000178941 -1.88872e-05
4088.73 -0.000194981 -1.76735e-05
4091 -0.000210712 -1.6397e-05
4093.26 -0.000226132 -1.5084e-05
4095.52 -0.000241226 -1.37666e-05
4097.79 -0.000255941 -1.2428e-05
4100.05 -0.000270242 -1.10395e-05
4102.31 -0.000284138 -9.62125e-06
4104.58 -0.000297625 -8.20854e-06
4106.84 -0.000310639 -6.78601e-06
4109.1 -0.000323117 -5.31512e-06
4111.37 -0.000335061 -3.80934e-06
4113.63 -0.000346494 -2.31602e-06
4115.89 -0.000357385 -8.34268e-07
4118.16 -0.000367669 6.78264e-07
4120.42 -0.000377334 2.21862e-06
4122.68 -0.000386401 3.73472e-06
4124.95 -0.000394848 5.21925e-06
4127.21 -0.00040261 6.72854e-06
4129.47 -0.000409667 8.28167e-06
4131.74 -0.000416059 9.81793e-06
4134 -0.000421795 1.12954e-05
4136.26 -0.000426815 1.27581e-05
4138.53 -0.000431071 1.42499e-05
4140.79 -0.000434591 1.5729e-05
4143.05 -0.000437404 1.71411e-05
4145.32 -0.000439472 1.85193e-05
4147.58 -0.000440744 1.99267e-05
4149.84 -0.000441245 2.1338e-05
4152.1 -0.000441024 2.26757e-05
4154.37 -0.000440069 2.39396e-05
4156.63 -0.00043832 2.51995e-05
4158.89 -0.000435775 2.64622e-05
4161.16 -0.000432488 2.76551e-05
4163.42 -0.000428473 2.87571e-05
4165.68 -0.000423678 2.98414e-05
4167.95 -0.000418087 3.09459e-05
4170.21 -0.000411766 3.19989e-05
4172.47 -0.000404768 3.29352e-05
4174.74 -0.000397062 3.37995e-05
4177 -0.000388604 3.46583e-05
4179.26 -0.000379423 3.54811e-05
4181.53 -0.000369583 3.62013e-05
4183.79 -0.000359089 3.68402e-05
4186.05 -0.000347905 3.74679e-05
4188.32 -0.000336054 3.80701e-05
4190.58 -0.000323613 3.85644e-05
4192.84 -0.000310621 3.89384e-05
4195.11 -0.000297048 3.92664e-05
4197.37 -0.000282877 3.95768e-05
4199.63 -0.000268156 3.98094e-05
4201.9 -0.000252943 3.99302e-05
4204.16 -0.000237253 3.99904e-05
4206.42 -0.000221087 4.00251e-05
4208.68 -0.000204482 3.99813e-05
4210.95 -0.000187492 3.98099e-05
4213.21 -0.000170141 3.95555e-05
4215.47 -0.000152426 3.92797e-05
4217.74 -0.000134366 3.8956e-05
4220 -0.000116014 3.85231e-05
4222.26 -9.74184e-05 3.79957e-05
4224.53 -7.8604e-05 3.74315e-05
4226.79 -5.95915e-05 3.68205e-05
4229.05 -4.04144e-05 3.61009e-05
4231.32 -2.11087e-05 3.52758e-05
4233.58 -1.7028e-06 3.44153e-05
4235.84 1.77765e-05 3.35376e-05
4238.11 3.72939e-05 3.25816e-05
4240.37 5.68061e-05 3.15183e-05
4242.63 7.627e-05 3.04006e-05
4244.9 9.56512e-05 2.92639e-05
4247.16 0.000114927 2.80623e-05
4249.42 0.000134077 2.67568e-05
4251.69 0.000153071 2.53943e-05
4253.95 0.000171863 2.40336e-05
4256.21 0.000190411 2.26476e-05
4258.48 0.000208687 2.11764e-05
4260.74 0.000226659 1.96329e-05
4263 0.000244287 1.80764e-05
4265.27 0.000261538 1.65082e-05
4267.53 0.000278398 1.48783e-05
4269.79 0.000294849 1.3186e-05
4272.05 0.000310849 1.14899e-05
4274.32 0.000326355 9.80899e-06
4276.58 0.000341343 8.09515e-06
4278.84 0.000355797 6.32218e-06
4281.11 0.000369678 4.53184e-06
4283.37 0.000382943 2.76002e-06
4285.63 0.000395581 9.81519e-07
4287.9 0.000407598 -8.31007e-07
4290.16 0.00041897 -2.64838e-06
4292.42 0.000429643 -4.43363e-06
4294.69 0.000439589 -6.20517e-06
4296.95 0.000448819 -7.99827e-06
4299.21 0.000457324 -9.79722e-06
4301.48 0.000465053 -1.15612e-05
4303.74 0.000471967 -1.32929e-05
4306 0.000478088 -1.50236e-05
4308.27 0.000483437 -1.67457e-05
4310.53 0.000487984 -1.84183e-05
4312.79 0.000491679 -2.00369e-05
4315.06 0.000494522 -2.16394e-05
4317.32 0.000496539 -2.32376e-05
4319.58 0.000497717 -2.47952e-05
4321.85 0.000498016 -2.62872e-05
4324.11 0.000497435 -2.77328e-05
4326.37 0.000496012 -2.9149e-05
4328.64 0.000493753 -3.05155e-05
4330.9 0.000490619 -3.1812e-05
4333.16 0.000486598 -3.30532e-05
4335.42 0.000481735 -3.42583e-05
4337.69 0.000476056 -3.54136e-05
4339.95 0.000469533 -3.64966e-05
4342.21 0.000462143 -3.75123e-05
4344.48 0.000453928 -3.84755e-05
4346.74 0.000444932 -3.93768e-05
4349 0.000435144 -4.01983e-05
4351.27 0.000424537 -4.09463e-05
4353.53 0.00041315 -4.16377e-05
4355.79 0.000401045 -4.22666e-05
4358.06 0.000388232 -4.28146e-05
4360.32 0.000374682 -4.32851e-05
4362.58 0.000360416 -4.36944e-05
4364.85 0.000345505 -4.40386e-05
4367.11 0.000329973 -4.42994e-05
4369.37 0.00031379 -4.44782e-05
4371.64 0.000296971 -4.45901e-05
4373.9 0.000279605 -4.463e-05
4376.16 0.000261753 -4.45793e-05
4378.43 0.000243393 -4.44462e-05
4380.69 0.000224508 -4.42607e-05
4382.95 0.000205163 -4.4024e-05
4385.22 0.000185441 -4.37025e-05
4387.48 0.000165348 -4.32821e-05
4389.74 0.000144859 -4.27896e-05
4392 0.000124025 -4.22429e-05
4394.27 0.000102947 -4.16202e-05
4396.53 8.16664e-05 -4.0905e-05
4398.79 6.01617e-05 -4.01236e-05
4401.06 3.84469e-05 -3.93054e-05
4403.32 1.66034e-05 -3.8433e-05
4405.58 -5.30814e-06 -3.74716e-05
4407.85 -2.72902e-05 -3.64268e-05
4410.11 -4.93313e-05 -3.53295e-05
4412.37 -7.13543e-05 -3.41821e-05
4414.64 -9.32829e-05 -3.29625e-05
4416.9 -0.000115108 -3.16743e-05
4419.16 -0.000136835 -3.03462e-05
4421.43 -0.000158413 -2.89824e-05
4423.69 -0.000179763 -2.7557e-05
4425.95 -0.000200851 -2.60637e-05
4428.22 -0.000221674 -2.45281e-05
4430.48 -0.000242192 -2.29602e-05
4432.74 -0.000262338 -2.13382e-05
4435.01 -0.000282078 -1.96554e-05
4437.27 -0.000301413 -1.79424e-05
4439.53 -0.000320311 -1.6219e-05
4441.8 -0.0003387 -1.44626e-05
4444.06 -0.00035653 -1.26518e-05
4446.32 -0.000373796 -1.08082e-05
4448.59 -0.000390489 -8.95925e-06
4450.85 -0.000406559 -7.09094e-06
4453.11 -0.000421961 -5.17808e-06
4455.37 -0.000436683 -3.23822e-06
4457.64 -0.000450718 -1.30898e-06
4459.9 -0.000464021 6.12561e-07
4462.16 -0.000476541 2.55973e-06
4464.43 -0.000488257 4.53326e-06
4466.69 -0.000499166 6.49803e-06
4468.95 -0.000509248 8.44292e-06
4471.22 -0.000518482 1.03936e-05
4473.48 -0.000526854 1.23566e-05
4475.74 -0.000534349 1.42997e-05
4478.01 -0.000540938 1.6205e-05
4480.27 -0.000546598 1.80965e-05
4482.53 -0.000551326 1.99911e-05
4484.8 -0.000555123 2.18625e-05
4487.06 -0.000557963 2.36849e-05
4489.32 -0.00055983 2.54749e-05
4491.59 -0.000560737 2.7254e-05
4493.85 -0.000560699 2.90005e-05
4496.11 -0.000559694 3.06818e-05
4498.38 -0.000557696 3.23085e-05
4500.64 -0.00055472 3.39105e-05
4502.9 -0.000550796 3.54777e-05
4505.17 -0.000545913 3.69726e-05
4507.43 -0.00054004 3.83941e-05
4509.69 -0.000533197 3.9775e-05
4511.96 -0.000525438 4.11163e-05
4514.22 -0.000516774 4.23783e-05
4516.48 -0.000507167 4.35453e-05
4518.74 -0.000496618 4.46491e-05
4521.01 -0.000485192 4.57073e-05
4523.27 -0.000472935 4.66883e-05
4525.53 -0.000459821 4.75646e-05
4527.8 -0.000445824 4.83591e-05
4530.06 -0.000431003 4.91008e-05
4532.32 -0.000415431 4.97688e-05
4534.59 -0.000399112 5.03252e-05
4536.85 -0.000382017 5.07777e-05
4539.11 -0.000364182 5.11616e-05
4541.38 -0.000345695 5.14746e-05
4543.64 -0.000326592 5.16798e-05
4545.9 -0.00030685 5.17688e-05
4548.17 -0.000286486 5.17748e-05
4550.43 -0.000265573 5.17145e-05
4552.69 -0.000244164 5.15619e-05
4554.96 -0.000222254 5.12946e-05
4557.22 -0.000199862 5.0927e-05
4559.48 -0.000177066 5.04779e-05
4561.75 -0.000153936 4.99364e-05
4564.01 -0.000130478 4.9286e-05
4566.27 -0.000106694 4.85378e-05
4568.54 -8.26478e-05 4.77138e-05
4570.8 -5.84116e-05 4.68124e-05
4573.06 -3.40048e-05 4.58152e-05
4575.32 -9.43245e-06 4.47189e-05
4577.59 1.5243e-05 4.35366e-05
4579.85 3.99346e-05 4.22739e-05
4582.11 6.46075e-05 4.09257e-05
4584.38 8.92607e-05 3.94927e-05
4586.64 0.000113849 3.79847e-05
4588.9 0.000138294 3.6407e-05
4591.17 0.000162557 3.47587e-05
4593.43 0.000186639 3.30409e-05
4595.69 0.000210499 3.12574e-05
4597.96 0.000234045 2.94087e-05
4600.22 0.000257225 2.74966e-05
4602.48 0.000280044 2.55297e-05
4604.75 0.000302481 2.35142e-05
4607.01 0.00032445 2.14464e-05
4609.27 0.000345882 1.9326e-05
4611.54 0.000366782 1.71673e-05
4613.8 0.000387154 1.49849e-05
4616.06 0.000406928 1.2775e-05
4618.33 0.000426025 1.05277e-05
4620.59 0.000444436 8.25038e-06
4622.85 0.000462173 5.95843e-06
4625.12 0.000479178 3.65125e-06
4627.38 0.000495364 1.32091e-06
4629.64 0.000510709 -1.02078e-06
4631.91 0.000525248 -3.3494e-06
4634.17 0.000538959 -5.66117e-06
4636.43 0.000551765 -7.97244e-06
4638.69 0.000563631 -1.0285e-05
4640.96 0.000574585 -1.25802e-05
4643.22 0.000584612 -1.48515e-05
4645.48 0.000593636 -1.71106e-05
4647.75 0.000601615 -1.93524e-05
4650.01 0.000608584 -2.15473e-05
4652.27 0.000614568 -2.3684e-05
4654.54 0.00061951 -2.57863e-05
4656.8 0.000623358 -2.78673e-05
4659.06 0.000626139 -2.9902e-05
4661.33 0.000627895 -3.1868e-05
4663.59 0.000628587 -3.37821e-05
4665.85 0.000628153 -3.56599e-05
4668.12 0.000626606 -3.74737e-05
4670.38 0.000624001 -3.91928e-05
4672.64 0.00062033 -4.08384e-05
4674.91 0.000615545 -4.24472e-05
4677.17 0.00060966 -4.40004e-05
4679.43 0.000602742 -4.54488e-05
4681.7 0.000594803 -4.67964e-05
4683.96 0.000585786 -4.80911e-05
4686.22 0.000575682 -4.93331e-05
4688.49 0.000564564 -5.04658e-05
4690.75 0.000552477 -5.1474e-05
4693.01 0.000539389 -5.24137e-05
4695.28 0.000525285 -5.33127e-05
4697.54 0.000510237 -5.41159e-05
4699.8 0.00049431 -5.47782e-05
4702.06 0.000477486 -5.53438e-05
4704.33 0.000459741 -5.58652e-05
4706.59 0.000441134 -5.63057e-05
4708.85 0.00042175 -5.66014e-05
4711.12 0.000401594 -5.67787e-05
4713.38 0.000380639 -5.69118e-05
4715.64 0.000358936 -5.69903e-05
4717.91 0.000336585 -5.69333e-05
4720.17 0.000313621 -5.6731e-05
4722.43 0.000290011 -5.64622e-05
4724.7 0.000265788 -5.6155e-05
4726.96 0.000241057 -5.57373e-05
4729.22 0.000215878 -5.51685e-05
4731.49 0.000190234 -5.4516e-05
4733.75 0.000164139 -5.38368e-05
4736.01 0.00013769 -5.30739e-05
4738.28 0.000110967 -5.2158e-05
4740.54 8.39611e-05 -5.11346e-05
4742.8 5.66762e-05 -5.00877e-05
4745.07 2.92106e-05 -4.89926e-05
4747.33 1.66973e-06 -4.77608e-05
4749.59 -2.59385e-05 -4.64001e-05
4751.86 -5.36341e-05 -4.5004e-05
4754.12 -8.13456e-05 -4.3589e-05
4756.38 -0.000108957 -4.20693e-05
4758.64 -0.000136436 -4.04137e-05
4760.91 -0.000163806 -3.8705e-05
4763.17 -0.000191016 -3.69965e-05
4765.43 -0.000217941 -3.52213e-05
4767.7 -0.000244515 -3.33159e-05
4769.96 -0.000270762 -3.13356e-05
4772.22 -0.000296666 -2.93582e-05
4774.49 -0.000322121 -2.73517e-05
4776.75 -0.000347049 -2.52407e-05
4779.01 -0.000371461 -2.30477e-05
4781.28 -0.000395358 -2.08554e-05
4783.54 -0.000418645 -1.8662e-05
4785.8 -0.00044122 -1.63906e-05
4788.07 -0.000463077 -1.40335e-05
4790.33 -0.00048424 -1.16702e-05
4792.59 -0.000504648 -9.32992e-06
4794.86 -0.000524202 -6.94801e-06
4797.12 -0.000542878 -4.49041e-06
4799.38 -0.000560705 -2.01917e-06
4801.65 -0.00057765 4.16009e-07
4803.91 -0.000593618 2.85918e-06
4806.17 -0.000608568 5.35745e-06
4808.44 -0.000622528 7.86817e-06
4810.7 -0.000635482 1.0333e-05
4812.96 -0.000647349 1.278e-05
4815.23 -0.000658088 1.52655e-05
4817.49 -0.000667731 1.77629e-05
4819.75 -0.00067629 2.02017e-05
4822.01 -0.000683702 2.25857e-05
4824.28 -0.000689914 2.49769e-05
4826.54 -0.000694948 2.73759e-05
4828.8 -0.00069883 2.97176e-05
4831.07 -0.000701511 3.19854e-05
4833.33 -0.00070294 3.42343e-05
4835.59 -0.000703143 3.64804e-05
4837.86 -0.00070217 3.86613e-05
4840.12 -0.000699998 4.07393e-05
4842.38 -0.000696573 4.27616e-05
4844.65 -0.000691911 4.47685e-05
4846.91 -0.000686071 4.67171e-05
4849.17 -0.000679056 4.85547e-05
4851.44 -0.000670816 5.03064e-05
4853.7 -0.000661354 5.20197e-05
4855.96 -0.000650735 5.36702e-05
4858.23 -0.000638992 5.51992e-05
4860.49 -0.000626096 5.66119e-05
4862.75 -0.000612052 5.79599e-05
4865.02 -0.000596922 5.92437e-05
4867.28 -0.000580753 6.04118e-05
4869.54 -0.000563527 6.145e-05
4871.81 -0.000545244 6.23972e-05
4874.07 -0.000525965 6.32657e-05
4876.33 -0.000505747 6.40158e-05
4878.6 -0.000484591 6.46265e-05
4880.86 -0.000462507 6.5127e-05
4883.12 -0.000439568 6.55362e-05
4885.38 -0.000415849 6.58269e-05
4887.65 -0.000391349 6.59797e-05
4889.91 -0.000366062 6.60178e-05
4892.17 -0.000340058 6.59577e-05
4894.44 -0.000313431 6.57722e-05
4896.7 -0.000286201 6.54392e-05
4898.96 -0.000258358 6.49828e-05
4901.23 -0.000229971 6.44278e-05
4903.49 -0.000201154 6.37548e-05
4905.75 -0.000171943 6.29411e-05
4908.02 -0.000142313 6.20081e-05
4910.28 -0.00011231 6.0981e-05
4912.54 -8.2063e-05 5.98367e-05
4914.81 -5.16429e-05 5.85453e-05
4917.07 -2.10241e-05 5.71316e-05
4919.33 9.77695e-06 5.56379e-05
4921.6 4.06336e-05 5.40502e-05
4923.86 7.14402e-05 5.23268e-05
4926.12 0.00010221 5.04813e-05
4928.39 0.000132957 4.85651e-05
4930.65 0.000163574 4.65761e-05
4932.91 0.000193926 4.44648e-05
4934.94 0.00022087 4.24688e-05
4936.97 0.000247619 4.0419e-05
4938.99 0.000274139 3.83385e-05
4941.02 0.000300327 3.61966e-05
4943.05 0.00032611 3.39597e-05
4945.07 0.000351502 3.16487e-05
4947.1 0.000376527 2.93151e-05
4949.13 0.000401125 2.69672e-05
4951.16 0.000425187 2.45606e-05
4953.18 0.000448664 2.20689e-05
4955.21 0.000471588 1.95306e-05
4957.24 0.000493976 1.69984e-05
4959.26 0.000515758 1.4465e-05
4961.29 0.000536834 1.18792e-05
4963.32 0.000557183 9.22943e-06
4965.34 0.000576842 6.56992e-06
4967.37 0.000595809 3.9462e-06
4969.4 0.000613995 1.33119e-06
4971.43 0.000631313 -1.33066e-06
4973.45 0.000647769 -4.03461e-06
4975.48 0.000663413 -6.71537e-06
4977.59 0.000678792 -9.43916e-06
4979.69 0.000693183 -1.21477e-05
4981.8 0.000706519 -1.48929e-05
4983.9 0.000718831 -1.764e-05
4986.01 0.000730157 -2.03151e-05
4988.12 0.000740443 -2.29164e-05
4990.22 0.0007496 -2.55126e-05
4992.33 0.000757619 -2.81271e-05
4994.43 0.000764558 -3.06941e-05
4996.54 0.000770432 -3.31557e-05
4998.65 0.000775167 -3.55481e-05
5000.75 0.000778699 -3.79367e-05
5002.86 0.000781057 -4.0306e-05
5004.96 0.000782299 -4.25783e-05
5007.07 0.000782407 -4.47321e-05
5009.18 0.000781317 -4.6831e-05
5011.28 0.000779018 -4.89167e-05
5013.39 0.000775566 -5.09378e-05
5015.49 0.000770993 -5.28282e-05
5017.6 0.000765254 -5.46087e-05
5019.71 0.000758307 -5.63492e-05
5021.81 0.000750187 -5.8052e-05
5023.92 0.000740963 -5.9644e-05
5026.02 0.000730639 -6.10896e-05
5028.13 0.000719173 -6.24435e-05
5030.24 0.000706564 -6.37598e-05
5032.34 0.000692877 -6.50031e-05
5034.45 0.00067816 -6.61044e-05
5036.55 0.000662392 -6.70706e-05
5038.66 0.000645546 -6.79716e-05
5040.77 0.000627668 -6.88253e-05
5042.87 0.000608836 -6.9566e-05
5044.98 0.000589078 -7.01473e-05
5047.08 0.000568366 -7.06146e-05
5049.19 0.000546709 -7.1032e-05
5051.29 0.000524183 -7.13798e-05
5053.4 0.000500855 -7.15868e-05
5055.51 0.000476727 -7.16443e-05
5057.61 0.000451781 -7.16205e-05
5059.72 0.000426064 -7.15513e-05
5061.82 0.000399666 -7.13838e-05
5063.93 0.000372634 -7.10601e-05
5066.04 0.00034496 -7.06091e-05
5068.14 0.000316655 -7.00999e-05
5070.25 0.000287799 -6.95335e-05
5072.35 0.000258474 -6.88448e-05
5074.46 0.000228706 -6.80087e-05
5076.57 0.000198487 -6.7082e-05
5078.67 0.000167859 -6.61138e-05
5080.78 0.000136909 -6.50703e-05
5082.88 0.000105701 -6.38905e-05
5084.99 7.42521e-05 -6.25842e-05
5087.1 4.25792e-05 -6.12161e-05
5089.2 1.0749e-05 -5.98058e-05
5091.31 -2.11581e-05 -5.83016e-05
5093.41 -5.30992e-05 -5.66679e-05
5095.52 -8.50583e-05 -5.49435e-05
5097.63 -0.000116994 -5.31819e-05
5099.73 -0.000148833 -5.13699e-05
5101.84 -0.000180515 -4.94537e-05
5103.94 -0.000212012 -4.74269e-05
5106.05 -0.000243293 -4.53413e-05
5108.16 -0.000274297 -4.32268e-05
5110.26 -0.000304956 -4.10509e-05
5112.37 -0.000335231 -3.87772e-05
5114.47 -0.00036509 -3.64266e-05
5116.58 -0.000394484 -3.40447e-05
5118.69 -0.000423353 -3.16325e-05
5120.79 -0.000451654 -2.91519e-05
5122.9 -0.000479364 -2.65932e-05
5125 -0.000506441 -2.39936e-05
5127.11 -0.000532823 -2.13807e-05
5129.22 -0.000558458 -1.87332e-05
5131.32 -0.000583323 -1.60216e-05
5133.43 -0.000607393 -1.32604e-05
5135.53 -0.000630615 -1.04883e-05
5137.64 -0.000652931 -7.7113e-06
5139.75 -0.000674314 -4.9004e-06
5141.85 -0.000694758 -2.0451e-06
5143.96 -0.000714228 8.25304e-07
5146.06 -0.000732664 3.68452e-06
5148.17 -0.000750028 6.54511e-06
5150.28 -0.000766318 9.43083e-06
5152.38 -0.000781526 1.23327e-05
5154.49 -0.000795603 1.52193e-05
5156.59 -0.000808493 1.80814e-05
5158.7 -0.000820183 2.0939e-05
5160.81 -0.000830691 2.38012e-05
5162.91 -0.000840004 2.6646e-05
5165.02 -0.000848069 2.94506e-05
5167.12 -0.000854853 3.22203e-05
5169.23 -0.000860376 3.49714e-05
5171.34 -0.000864654 3.76982e-05
5173.44 -0.000867656 4.03781e-05
5175.55 -0.000869336 4.30031e-05
5177.65 -0.000869692 4.55841e-05
5179.76 -0.00086876 4.81246e-05
5181.87 -0.000866549 5.0608e-05
5183.97 -0.000863024 5.30194e-05
5186.08 -0.000858162 5.53629e-05
5188.18 -0.000851999 5.76461e-05
5190.29 -0.000844579 5.986e-05
5192.4 -0.000835895 6.19885e-05
5194.5 -0.000825913 6.40302e-05
5196.61 -0.000814638 6.59944e-05
5198.71 -0.000802125 6.78784e-05
5200.82 -0.000788406 6.96649e-05
5202.92 -0.000773468 7.13446e-05
5205.03 -0.000757301 7.29249e-05
5207.14 -0.000739951 7.4411e-05
5209.24 -0.000721482 7.57905e-05
5211.35 -0.000701911 7.70502e-05
5213.45 -0.000681223 7.81942e-05
5215.56 -0.000659438 7.92329e-05
5217.67 -0.00063662 8.016e-05
5219.77 -0.000612821 8.09577e-05
5221.88 -0.000588043 8.1622e-05
5223.98 -0.000562292 8.21661e-05
5226.09 -0.000535626 8.25939e-05
5228.2 -0.000508122 8.28893e-05
5230.3 -0.000479815 8.30403e-05
5232.41 -0.000450705 8.30586e-05
5234.51 -0.000420826 8.296e-05
5236.62 -0.000390257 8.27355e-05
5238.73 -0.000359061 8.23628e-05
5240.83 -0.00032725 8.18415e-05
5242.94 -0.000294838 8.11944e-05
5245.04 -0.000261891 8.04305e-05
5247.15 -0.0002285 7.95305e-05
5249.26 -0.000194714 7.84789e-05
5251.36 -0.00016054 7.72916e-05
5253.47 -0.000126018 7.59924e-05
5255.57 -9.12361e-05 7.45747e-05
5257.68 -5.62686e-05 7.30132e-05
5259.79 -2.11332e-05 7.13085e-05
5261.89 1.41565e-05 6.94921e-05
5264 4.95288e-05 6.75802e-05
5266.1 8.48822e-05 6.55501e-05
5268.21 0.000120162 6.33789e-05
5270.32 0.000155363 6.10858e-05
5272.42 0.000190453 5.87085e-05
5274.53 0.000225338 5.62495e-05
5276.63 0.000259932 5.36776e-05
5278.74 0.000294209 5.09837e-05
5280.85 0.000328165 4.82019e-05
5282.95 0.000361736 4.5362e-05
5285.06 0.000394823 4.2449e-05
5287.16 0.000427364 3.94342e-05
5289.27 0.000459359 3.63302e-05
5291.38 0.000490789 3.31798e-05
5293.48 0.000521568 2.99966e-05
5295.59 0.000551604 2.67514e-05
5297.69 0.000580865 2.3427e-05
5299.8 0.000609355 2.00542e-05
5301.91 0.000637036 1.66711e-05
5304.01 0.000663819 1.32717e-05
5306.12 0.000689641 9.82499e-06
5308.22 0.000714499 6.33529e-06
5310.33 0.000738391 2.84579e-06
5312.44 0.000761256 -6.20825e-07
5314.54 0.000783011 -4.08981e-06
5316.65 0.00080362 -7.58537e-06
5318.75 0.000823094 -1.10829e-05
5320.86 0.00084142 -1.45384e-05
5322.97 0.000858532 -1.79493e-05
5325.07 0.000874373 -2.1349e-05
5327.18 0.000888939 -2.47448e-05
5329.28 0.000902242 -2.80971e-05
5331.39 0.000914253 -3.1373e-05
5333.5 0.000924916 -3.45888e-05
5335.6 0.000934202 -3.77753e-05
5337.71 0.000942121 -4.09212e-05
5339.81 0.000948671 -4.39848e-05
5341.92 0.00095382 -4.69532e-05
5344.03 0.000957538 -4.9855e-05
5346.13 0.000959831 -5.27066e-05
5348.24 0.000960714 -5.54787e-05
5350.34 0.000960178 -5.81361e-05
5352.45 0.000958198 -6.06864e-05
5354.55 0.00095477 -6.31611e-05
5356.66 0.000949915 -6.55598e-05
5358.77 0.000943641 -6.78465e-05
5360.87 0.000935935 -7.00029e-05
5362.98 0.000926797 -7.20526e-05
5365.08 0.00091625 -7.40188e-05
5367.19 0.000904323 -7.58833e-05
5369.3 0.000891022 -7.76116e-05
5371.4 0.000876342 -7.92033e-05
5373.51 0.000860309 -8.06881e-05
5375.61 0.000842963 -8.2075e-05
5377.72 0.000824328 -8.33361e-05
5379.83 0.000804404 -8.44498e-05
5381.93 0.000783211 -8.54334e-05
5384.04 0.000760793 -8.63154e-05
5386.14 0.000737195 -8.70897e-05
5388.25 0.000712436 -8.7725e-05
5390.36 0.000686535 -8.82116e-05
5392.46 0.00065954 -8.85735e-05
5394.57 0.000631508 -8.88285e-05
5396.67 0.000602473 -8.89615e-05
5398.78 0.00057245 -8.89504e-05
5400.89 0.000541475 -8.88034e-05
5402.99 0.000509615 -8.85468e-05
5405.1 0.00047693 -8.81854e-05
5407.2 0.000443448 -8.76968e-05
5409.31 0.000409199 -8.70666e-05
5411.42 0.000374249 -8.63103e-05
5413.52 0.00033867 -8.54485e-05
5415.63 0.000302507 -8.44776e-05
5417.73 0.000265784 -8.33802e-05
5419.84 0.00022855 -8.21561e-05
5421.95 0.000190889 -8.08252e-05
5424.05 0.000152868 -7.93987e-05
5426.16 0.000114519 -7.78651e-05
5428.26 7.58787e-05 -7.62105e-05
5430.37 3.70238e-05 -7.44415e-05
5432.48 -1.95711e-06 -7.25766e-05
5434.58 -4.10171e-05 -7.06215e-05
5436.69 -8.01355e-05 -6.85662e-05
5438.79 -0.000119258 -6.64057e-05
5440.9 -0.000158289 -6.41503e-05
5443.01 -0.000197149 -6.18117e-05
5445.11 -0.00023581 -5.93889e-05
5447.22 -0.000274244 -5.68742e-05
5449.32 -0.000312371 -5.42702e-05
5451.43 -0.000350095 -5.15897e-05
5453.54 -0.000387365 -4.88408e-05
5455.64 -0.000424169 -4.60193e-05
5457.75 -0.000460461 -4.31194e-05
5459.85 -0.000496143 -4.0146e-05
5461.96 -0.000531133 -3.71116e-05
5464.07 -0.000565405 -3.40228e-05
5466.17 -0.000598943 -3.08764e-05
5468.28 -0.00063168 -2.76696e-05
5470.38 -0.000663518 -2.44093e-05
5472.49 -0.000694413 -2.11076e-05
5474.6 -0.000724365 -1.77691e-05
5476.7 -0.00075334 -1.43895e-05
5478.81 -0.000781247 -1.09659e-05
5480.91 -0.000808005 -7.50714e-06
5483.02 -0.000833604 -4.02721e-06
5485.13 -0.000858049 -5.3126e-07
5487.23 -0.000881287 2.98632e-06
5489.34 -0.000903227 6.52749e-06
5491.44 -0.000923828 1.00802e-05
5493.55 -0.000943112 1.36284e-05
5495.65 -0.000961074 1.71697e-05
5497.76 -0.000977632 2.07134e-05
5499.87 -0.000992712 2.42609e-05
5501.97 -0.00100632 2.77954e-05
5504.08 -0.00101848 3.12997e-05
5506.18 -0.00102919 3.47743e-05
5508.29 -0.00103834 3.82298e-05
5510.4 -0.00104591 4.16621e-05
5512.5 -0.00105194 4.50497e-05
5514.61 -0.00105645 4.83787e-05
5516.71 -0.0010594 5.16572e-05
5518.82 -0.00106072 5.48959e-05
5520.93 -0.00106042 5.80833e-05
5523.03 -0.00105856 6.11942e-05
5525.14 -0.00105515 6.42207e-05
5527.24 -0.00105014 6.71772e-05
5529.35 -0.00104348 7.00697e-05
5531.46 -0.00103524 7.28771e-05
5533.56 -0.00102547 7.55747e-05
5535.67 -0.00101418 7.81642e-05
5537.77 -0.00100129 8.06646e-05
5539.88 -0.000986841 8.30752e-05
5541.99 -0.000970896 8.53691e-05
5544.09 -0.000953508 8.7528e-05
5546.2 -0.000934649 8.95628e-05
5548.3 -0.000914297 9.14889e-05
5550.41 -0.00089251 9.32939e-05
5552.52 -0.000869377 9.49493e-05
5554.62 -0.000844923 9.64491e-05
5556.73 -0.000819124 9.78136e-05
5558.91 -0.000791035 9.90927e-05
5561.09 -0.000761625 0.000100213
5563.27 -0.000730974 0.000101148
5565.44 -0.00069908 0.000101909
5567.62 -0.000665947 0.000102518
5569.8 -0.000631657 0.000102966
5571.98 -0.000596317 0.000103222
5574.16 -0.000559965 0.000103282
5576.34 -0.000522601 0.000103175
5578.52 -0.000484283 0.000102911
5580.7 -0.000445124 0.000102465
5582.88 -0.000405202 0.000101814
5585.06 -0.000364529 0.000100973
5587.23 -0.000323141 9.99705e-05
5589.41 -0.000281141 9.87992e-05
5591.59 -0.000238634 9.74319e-05
5593.77 -0.00019566 9.58683e-05
5595.95 -0.000152241 9.41392e-05
5598.13 -0.00010846 9.2259e-05
5600.31 -6.44321e-05 9.02064e-05
5602.49 -2.0227e-05 8.79632e-05
5604.67 2.41284e-05 8.55471e-05
5606.85 6.85722e-05 8.29861e-05
5609.02 0.000112995 8.02787e-05
5611.2 0.00015731 7.74062e-05
5613.38 0.000201482 7.43727e-05
5615.56 0.000245464 7.12067e-05
5617.74 0.000289155 6.7922e-05
5619.92 0.000332453 6.45045e-05
5622.1 0.00037531 6.0946e-05
5624.28 0.000417693 5.72662e-05
5626.46 0.00045952 5.34889e-05
5628.64 0.000500683 4.96135e-05
5630.81 0.000541121 4.56303e-05
5632.99 0.00058081 4.15504e-05
5635.17 0.000619689 3.73998e-05
5637.35 0.000657655 3.31891e-05
5639.53 0.00069463 2.89095e-05
5641.71 0.000730588 2.45608e-05
5643.89 0.000765493 2.01638e-05
5646.07 0.000799257 1.57375e-05
5648.25 0.000831792 1.12818e-05
5650.43 0.000863065 6.7937e-06
5652.61 0.000893065 2.28747e-06
5654.78 0.000921729 -2.21494e-06
5656.96 0.000948965 -6.70609e-06
5659.14 0.000974726 -1.11906e-05
5661.32 0.00099901 -1.56635e-05
5663.5 0.00102178 -2.01061e-05
5665.68 0.00104297 -2.45043e-05
5667.86 0.00106251 -2.88584e-05
5670.04 0.0010804 -3.3168e-05
5672.22 0.00109664 -3.74199e-05
5674.4 0.00111118 -4.1597e-05
5676.57 0.00112395 -4.56927e-05
5678.75 0.00113494 -4.9709e-05
5680.93 0.00114418 -5.36424e-05
5683.11 0.00115162 -5.7481e-05
5685.29 0.00115723 -6.12133e-05
5687.47 0.00116097 -6.48349e-05
5689.65 0.00116289 -6.83446e-05
5691.83 0.00116298 -7.17384e-05
5694.01 0.00116121 -7.50082e-05
5696.19 0.00115755 -7.81453e-05
5698.36 0.00115203 -8.11449e-05
5700.54 0.00114469 -8.40073e-05
5702.72 0.00113551 -8.67328e-05
5704.9 0.00112446 -8.9315e-05
5707.08 0.00111157 -9.17428e-05
5709.26 0.0010969 -9.40124e-05
5711.44 0.00108048 -9.61304e-05
5713.62 0.00106225 -9.81001e-05
5715.8 0.00104225 -9.99109e-05
5717.98 0.00102055 -0.000101551
5720.15 0.000997211 -0.000103025
5722.33 0.000972207 -0.000104345
5724.51 0.000945544 -0.000105509
5726.69 0.000917302 -0.0001065
5728.87 0.000887568 -0.000107312
5731.05 0.000856355 -0.000107963
5733.23 0.00082365 -0.000108465
5735.41 0.000789518 -0.000108804
5737.59 0.000754072 -0.000108961
5739.77 0.00071737 -0.000108946
5741.95 0.000679407 -0.000108786
5744.12 0.000640218 -0.000108478
5746.3 0.00059992 -0.000107998
5748.48 0.000558612 -0.00010734
5750.66 0.000516306 -0.00010653
5752.84 0.000473015 -0.000105588
5755.02 0.000428841 -0.000104495
5757.2 0.000383918 -0.000103229
5759.38 0.000338303 -0.000101805
5761.56 0.000291998 -0.000100258
5763.74 0.000245068 -9.85842e-05
5765.91 0.000197656 -9.6752e-05
5768.09 0.00014986 -9.47558e-05
5770.27 0.000101694 -9.26328e-05
5772.45 5.31891e-05 -9.0406e-05
5774.63 4.47541e-06 -8.80506e-05
5776.81 -4.43097e-05 -8.55404e-05
5778.99 -9.31206e-05 -8.28977e-05
5781.17 -0.000141947 -8.0162e-05
5783.35 -0.000190699 -7.73276e-05
5785.53 -0.000239225 -7.43563e-05
5787.7 -0.00028744 -7.12469e-05
5789.88 -0.000335337 -6.80445e-05
5792.06 -0.000382864 -6.4772e-05
5794.24 -0.00042988 -6.13977e-05
5796.42 -0.000476264 -5.78947e-05
5798.6 -0.000521987 -5.42924e-05
5800.78 -0.000567034 -5.06336e-05
5802.96 -0.000611297 -4.69071e-05
5805.14 -0.000654635 -4.30725e-05
5807.32 -0.000696991 -3.91358e-05
5809.49 -0.000738366 -3.51484e-05
5811.67 -0.000778698 -3.11288e-05
5813.85 -0.000817846 -2.70376e-05
5816.03 -0.000855717 -2.28503e-05
5818.21 -0.000892313 -1.86065e-05
5820.39 -0.000927616 -1.4352e-05
5822.57 -0.000961516 -1.007e-05
5824.75 -0.000993894 -5.71702e-06
5826.93 -0.00102472 -1.30502e-06
5829.11 -0.00105403 3.10958e-06
5831.29 -0.00108173 7.51128e-06
5833.46 -0.00110773 1.19424e-05
5835.64 -0.00113196 1.64223e-05
5837.82 -0.00115445 2.09045e-05
5840 -0.00117518 2.5345e-05
5842.18 -0.00119406 2.97664e-05
5844.36 -0.00121101 3.42102e-05
5846.54 -0.00122604 3.86559e-05
5848.72 -0.00123918 4.30442e-05
5850.9 -0.00125039 4.73645e-05
5853.08 -0.00125956 5.16613e-05
5855.25 -0.00126669 5.59475e-05
5857.43 -0.00127183 6.0172e-05
5859.61 -0.00127499 6.42939e-05
5861.79 -0.00127608 6.83398e-05
5863.97 -0.00127507 7.23462e-05
5866.15 -0.00127202 7.62858e-05
5868.33 -0.00126696 8.01014e-05
5870.51 -0.00125986 8.37895e-05
5872.69 -0.00125068 8.73932e-05
5874.87 -0.00123944 9.09167e-05
5877.04 -0.00122624 9.43062e-05
5879.22 -0.00121106 9.75293e-05
5881.4 -0.00119387 0.000100618
5883.58 -0.00117469 0.000103602
5885.76 -0.00115361 0.000106448
5887.94 -0.00113067 0.000109103
5890.12 -0.00110585 0.000111571
5892.3 -0.00107916 0.000113896
5894.48 -0.00105068 0.000116076
5896.66 -0.00102051 0.000118057
5898.83 -0.000988639 0.000119817
5901.01 -0.00095508 0.00012139
5903.19 -0.000919894 0.000122802
5905.37 -0.000883193 0.000124017
5907.55 -0.000845033 0.00012499
5909.73 -0.000805416 0.000125735
5911.91 -0.000764386 0.000126293
5914.09 -0.000722059 0.00012666
5916.27 -0.000678527 0.000126788
5918.45 -0.000633819 0.000126664
5920.62 -0.000587963 0.000126324
5922.8 -0.000541064 0.000125789
5924.98 -0.000493238 0.000125028
5927.16 -0.000444541 0.000124009
5929.34 -0.000395002 0.000122754
5931.52 -0.000344705 0.000121299
5933.7 -0.000293776 0.000119636
5935.88 -0.000242303 0.000117732
5938.06 -0.00019032 0.000115585
5940.24 -0.000137891 0.000113232
5942.42 -8.51451e-05 0.000110686
5944.59 -3.21911e-05 0.000107924
5946.77 2.09243e-05 0.000104932
5948.95 7.41536e-05 0.000101737
5951.13 0.000127383 9.83682e-05
5953.31 0.000180484 9.48174e-05
5955.49 0.000233387 9.1064e-05
5957.67 0.000286058 8.71213e-05
5959.85 0.000338408 8.30239e-05
5962.03 0.000390303 7.87798e-05
5964.21 0.00044165 7.43708e-05
5966.38 0.000492414 6.97978e-05
5968.56 0.000542536 6.50931e-05
5970.74 0.000591891 6.02796e-05
5972.92 0.000640365 5.53492e-05
5975.1 0.000687914 5.02945e-05
5977.28 0.000734506 4.51385e-05
5979.46 0.000780042 3.99105e-05
5981.64 0.000824396 3.4612e-05
5983.82 0.000867502 2.92322e-05
5986 0.000909343 2.37845e-05
5988.17 0.000949856 1.83013e-05
5990.35 0.000988923 1.27976e-05
5992.53 0.00102646 7.266e-06
5994.71 0.00106245 1.71008e-06
5996.89 0.00109686 -3.84373e-06
5999.07 0.00112961 -9.37527e-06
6001.25 0.00116058 -1.48881e-05
6003.43 0.00118976 -2.03847e-05
6005.61 0.00121714 -2.58432e-05
6007.79 0.00124265 -3.12376e-05
6009.96 0.00126622 -3.65642e-05
6012.14 0.00128779 -4.18289e-05
6014.32 0.00130738 -4.70185e-05
6016.5 0.00132496 -5.21076e-05
6018.68 0.00134045 -5.70888e-05
6020.86 0.00135379 -6.19718e-05
6023.04 0.00136502 -6.67509e-05
6025.22 0.00137413 -7.13987e-05
6027.4 0.00138108 -7.58993e-05
6029.58 0.0013858 -8.02627e-05
6031.76 0.00138831 -8.44949e-05
6033.93 0.00138864 -8.8575e-05
6036.11 0.00138679 -9.248e-05
6038.29 0.00138268 -9.62158e-05
6040.47 0.00137632 -9.97979e-05
6042.65 0.00136778 -0.000103216
6044.83 0.00135708 -0.00010644
6047.01 0.00134418 -0.000109467
6049.19 0.00132905 -0.000112318
6051.37 0.00131176 -0.000114997
6053.55 0.00129238 -0.000117478
6055.72 0.00127092 -0.000119744
6057.9 0.00124733 -0.000121814
6060.08 0.00122166 -0.000123707
6062.26 0.00119401 -0.000125407
6064.44 0.00116445 -0.000126888
6066.62 0.00113292 -0.000128155
6068.8 0.00109946 -0.000129236
6070.98 0.00106418 -0.000130136
6073.16 0.00102716 -0.000130827
6075.34 0.000988422 -0.000131297
6077.51 0.000947959 -0.000131572
6079.69 0.000905863 -0.000131673
6081.87 0.000862267 -0.000131581
6084.05 0.000817229 -0.000131273
6086.23 0.000770742 -0.000130764
6088.41 0.000722863 -0.000130088
6090.59 0.000673736 -0.000129241
6092.77 0.00062347 -0.000128194
6094.95 0.000572084 -0.000126943
6097.13 0.000519607 -0.000125523
6099.3 0.000466163 -0.000123949
6101.48 0.000411899 -0.0001222
6103.66 0.000356878 -0.000120257
6105.84 0.000301114 -0.000118144
6108.02 0.000244698 -0.000115893
6110.2 0.000187789 -0.000113494
6112.38 0.000130494 -0.000110917
6114.56 7.28426e-05 -0.000108168
6116.74 1.48892e-05 -0.000105283
6118.92 -4.32209e-05 -0.000102276
6121.1 -0.000101344 -9.91196e-05
6123.27 -0.000159422 -9.58009e-05
6125.45 -0.000217423 -9.23488e-05
6127.63 -0.000275236 -8.87917e-05
6129.81 -0.000332703 -8.51147e-05
6131.99 -0.00038973 -8.12908e-05
6134.17 -0.000446284 -7.73328e-05
6136.35 -0.000502291 -7.32792e-05
6138.53 -0.000557606 -6.91358e-05
6140.71 -0.000612104 -6.48733e-05
6142.89 -0.000665739 -6.04838e-05
6145.06 -0.000718467 -5.6002e-05
6147.24 -0.000770172 -5.14541e-05
6149.42 -0.000820717 -4.68211e-05
6151.6 -0.000870031 -4.20782e-05
6153.78 -0.000918084 -3.72444e-05
6155.96 -0.000964794 -3.2358e-05
6158.14 -0.00101003 -2.742e-05
6160.32 -0.00105371 -2.24009e-05
6162.5 -0.0010958 -1.73001e-05
6164.68 -0.00113626 -1.21566e-05
6166.85 -0.00117497 -6.99347e-06
6169.03 -0.00121185 -1.78808e-06
6171.21 -0.00124684 3.48051e-06
6173.39 -0.00127992 8.78668e-06
6175.57 -0.00131104 1.40907e-05
6177.75 -0.00134008 1.93945e-05
6179.93 -0.00136701 2.47268e-05
6182.11 -0.00139181 3.0084e-05
6184.29 -0.00141445 3.54239e-05
6186.47 -0.00143485 4.07243e-05
6188.64 -0.00145296 4.60072e-05
6190.82 -0.00146876 5.12888e-05
6193 -0.00148226 5.65397e-05
6195.18 -0.0014934 6.17206e-05
6197.36 -0.00150214 6.68346e-05
6199.54 -0.00150847 7.19082e-05
6201.72 -0.0015124 7.69337e-05
6203.9 -0.00151393 8.1868e-05
6206.08 -0.001513 8.66888e-05
6208.26 -0.00150962 9.14154e-05
6210.44 -0.00150382 9.60611e-05
6212.61 -0.0014956 0.000100596
6214.79 -0.00148495 0.000104985
6216.97 -0.00147188 0.000109228
6219.15 -0.00145642 0.000113347
6221.33 -0.0014386 0.000117334
6223.51 -0.00141844 0.000121148
6225.69 -0.00139594 0.000124771
6227.87 -0.00137115 0.000128219
6230.05 -0.00134413 0.000131501
6232.23 -0.0013149 0.000134591
6234.4 -0.00128349 0.000137457
6236.58 -0.00124995 0.000140102
6238.76 -0.00121435 0.000142543
6240.94 -0.00117675 0.000144774
6243.12 -0.00113718 0.000146761
6245.3 -0.0010957 0.00014849
6247.48 -0.00105239 0.000149975
6249.66 -0.00100733 0.000151225
6251.84 -0.000960562 0.000152219
6254.02 -0.000912149 0.000152934
6256.19 -0.000862188 0.000153376
6258.37 -0.000810777 0.000153561
6260.55 -0.000757973 0.000153484
6262.73 -0.000703834 0.000153121
6264.91 -0.00064846 0.000152466
6267.09 -0.000591973 0.000151535
6269.27 -0.000534451 0.000150337
6271.45 -0.000475946 0.00014886
6273.63 -0.000416549 0.00014709
6275.81 -0.000356392 0.000145038
6277.98 -0.000295585 0.000142723
6280.16 -0.000234185 0.000140141
6282.34 -0.000172266 0.00013728
6284.52 -0.000109957 0.000134141
6286.7 -4.73936e-05 0.000130746
6288.88 1.53495e-05 0.000127109
6291.06 7.82173e-05 0.000123222
6293.24 0.000141098 0.000119081
6295.42 0.000203843 0.000114702
6297.6 0.000266347 0.000110107
6299.77 0.000328562 0.000105298
6301.95 0.000390405 0.000100271
6304.13 0.000451733 9.50354e-05
6306.31 0.000512415 8.96182e-05
6308.49 0.00057239 8.40351e-05
6310.67 0.000631607 7.82838e-05
6312.85 0.000689942 7.23651e-05
6315.03 0.000747252 6.63003e-05
6317.21 0.000803452 6.01156e-05
6319.39 0.00085851 5.38199e-05
6321.57 0.000912342 4.74119e-05
6323.74 0.000964806 4.09032e-05
6325.92 0.00101579 3.43212e-05
6328.1 0.00106527 2.76861e-05
6330.28 0.00111318 2.10005e-05
6332.46 0.00115942 1.42681e-05
6334.64 0.00120386 7.50938e-06
6336.82 0.00124646 7.50553e-07
6339 0.00128719 -5.99739e-06
6341.18 0.00132598 -1.2734e-05
6343.36 0.00136272 -1.94476e-05
6345.53 0.00139731 -2.61121e-05
6347.71 0.00142977 -3.27075e-05
6349.89 0.00146006 -3.92309e-05
6352.07 0.00148808 -4.56811e-05
6354.25 0.00151374 -5.2041e-05
6356.43 0.00153703 -5.82861e-05
6358.61 0.00155797 -6.44047e-05
6360.79 0.00157649 -7.03973e-05
6362.97 0.00159251 -7.62576e-05
6365.15 0.00160598 -8.1966e-05
6367.32 0.00161696 -8.75054e-05
6369.5 0.00162541 -9.2874e-05
6371.68 0.00163128 -9.80734e-05
6373.86 0.00163452 -0.000103092
6376.04 0.00163517 -0.000107912
6378.22 0.00163326 -0.000112523
6380.4 0.00162874 -0.000116929
6382.58 0.00162158 -0.000121131
6384.76 0.00161181 -0.000125115
6386.94 0.00159947 -0.000128871
6389.11 0.00158458 -0.000132398
6391.29 0.00156711 -0.000135699
6393.47 0.00154707 -0.000138772
6395.65 0.00152453 -0.000141605
6397.83 0.00149955 -0.000144193
6400.01 0.00147212 -0.000146543
6402.19 0.00144224 -0.000148658
6404.37 0.00140999 -0.000150534
6406.55 0.00137545 -0.000152165
6408.73 0.00133865 -0.00015355
6410.91 0.00129961 -0.000154698
6413.08 0.00125838 -0.00015561
6415.26 0.00121507 -0.000156283
6417.44 0.00116976 -0.000156716
6419.62 0.00112246 -0.000156914
6421.8 0.00107324 -0.000156882
6423.98 0.00102219 -0.000156624
6426.16 0.000969426 -0.000156138
6428.34 0.000915004 -0.000155427
6430.52 0.000858972 -0.000154495
6432.7 0.000801428 -0.000153347
6434.87 0.000742497 -0.000151988
6437.05 0.000682267 -0.000150418
6439.23 0.000620795 -0.000148642
6441.41 0.000558172 -0.000146663
6443.59 0.000494529 -0.000144489
6445.77 0.000429976 -0.000142123
6447.95 0.00036459 -0.000139566
6450.13 0.000298455 -0.000136821
6452.31 0.000231697 -0.000133895
6454.49 0.000164443 -0.000130794
6456.66 9.6783e-05 -0.000127523
6458.84 2.88003e-05 -0.000124082
6461.02 -3.93839e-05 -0.000120474
6463.2 -0.000107635 -0.000116707
6465.38 -0.000175848 -0.000112789
6467.56 -0.000243941 -0.000108718
6469.74 -0.000311801 -0.000104495
6471.92 -0.000379294 -0.00010013
6474.1 -0.000446306 -9.56306e-05
6476.28 -0.000512754 -9.09996e-05
6478.45 -0.000578537 -8.62344e-05
6480.63 -0.000643521 -8.13394e-05
6482.81 -0.000707589 -7.63268e-05
6484.99 -0.000770656 -7.12038e-05
6487.17 -0.000832638 -6.59678e-05
6489.35 -0.00089341 -6.06179e-05
6491.53 -0.000952849 -5.51648e-05
6493.71 -0.00101087 -4.96208e-05
6495.89 -0.00106741 -4.39872e-05
6498.07 -0.00112236 -3.82596e-05
6500.25 -0.00117559 -3.24451e-05
6502.42 -0.00122702 -2.65603e-05
6504.6 -0.00127659 -2.06131e-05
6506.78 -0.00132424 -1.45981e-05
6508.96 -0.00136983 -8.51485e-06
6511.14 -0.00141328 -2.37932e-06
6513.32 -0.00145455 3.79213e-06
6515.5 -0.00149358 9.99939e-06
6517.68 -0.00153029 1.62475e-05
6519.86 -0.00156456 2.25253e-05
6522.04 -0.00159638 2.88106e-05
6524.21 -0.00162571 3.50951e-05
6526.39 -0.0016525 4.13858e-05
6528.57 -0.00167666 4.76802e-05
6530.75 -0.00169813 5.39551e-05
6532.93 -0.00171692 6.019e-05
6535.11 -0.00173301 6.63874e-05
6537.29 -0.00174633 7.25533e-05
6539.47 -0.00175683 7.8671e-05
6541.65 -0.00176451 8.47112e-05
6543.83 -0.0017694 9.06641e-05
6546 -0.00177147 9.65391e-05
6548.18 -0.00177064 0.000102332
6550.36 -0.00176694 0.000108012
6552.54 -0.00176042 0.000113557
6554.72 -0.00175109 0.000118971
6556.9 -0.0017389 0.000124261
6559.08 -0.00172384 0.000129406
6561.26 -0.001706 0.000134371
6563.44 -0.00168542 0.000139147
6565.62 -0.00166211 0.000143747
6567.79 -0.00163603 0.000148166
6569.97 -0.00160726 0.000152371
6572.15 -0.00157589 0.000156337
6574.33 -0.00154198 0.000160072
6576.51 -0.00150549 0.000163584
6578.69 -0.00146648 0.000166852
6580.87 -0.00142508 0.000169843
6583.05 -0.00138136 0.000172549
6585.23 -0.00133535 0.000174988
6587.41 -0.00128706 0.000177155
6589.59 -0.00123663 0.000179019
6591.76 -0.00118418 0.00018056
6593.94 -0.00112977 0.00018179
6596.12 -0.00107341 0.000182721
6598.3 -0.00101521 0.000183336
6600.48 -0.000955319 0.000183606
6602.66 -0.000893847 0.000183532
6604.84 -0.000830824 0.000183134
6607.02 -0.000766318 0.000182413
6609.2 -0.000700489 0.000181342
6611.38 -0.000633487 0.000179913
6613.55 -0.000565373 0.000178144
6615.73 -0.000496197 0.000176051
6617.91 -0.000426094 0.000173621
6620.09 -0.000355241 0.000170837
6622.27 -0.000283741 0.00016771
6624.45 -0.00021164 0.000164268
6626.63 -0.00013904 0.000160513
6628.81 -6.61211e-05 0.000156426
6630.99 6.97094e-06 0.000152012
6633.17 8.01748e-05 0.0001473
6635.34 0.00015342 0.000142308
6637.52 0.000226548 0.000137027
6639.7 0.000299386 0.000131452
6641.88 0.000371844 0.000125608
6644.06 0.00044387 0.000119525
6646.24 0.000515344 0.00011321
6648.42 0.000586085 0.000106653
6650.6 0.000655966 9.98669e-05
6652.78 0.000724935 9.28871e-05
6654.96 0.000792913 8.57364e-05
6657.13 0.00085974 7.84115e-05
6659.31 0.000925263 7.09153e-05
6661.49 0.000989418 6.32788e-05
6663.67 0.00105215 5.55352e-05
6665.85 0.00111334 4.76919e-05
6668.03 0.00117283 3.97458e-05
6670.21 0.00123052 3.17164e-05
6672.39 0.00128639 2.36409e-05
6674.57 0.00134034 1.55404e-05
6676.75 0.00139224 7.4149e-06
6678.92 0.00144198 -7.27037e-07
6681.1 0.00148952 -8.85405e-06
6683.28 0.00153482 -1.69369e-05
6685.46 0.00157777 -2.49692e-05
6687.64 0.00161824 -3.29498e-05
6689.82 0.0016562 -4.08576e-05
6692 0.00169163 -4.8661e-05
6694.18 0.00172446 -5.63448e-05
6696.36 0.00175458 -6.39086e-05
6698.54 0.00178194 -7.13417e-05
6700.72 0.00180653 -7.86176e-05
6702.89 0.00182833 -8.57161e-05
6705.07 0.00184725 -9.2635e-05
6707.25 0.00186324 -9.93722e-05
6709.43 0.00187628 -0.00010591
6711.61 0.00188641 -0.000112225
6713.79 0.00189356 -0.000118312
6715.97 0.00189769 -0.000124172
6718.15 0.00189877 -0.000129796
6720.33 0.00189687 -0.000135167
6722.51 0.00189197 -0.000140275
6724.68 0.00188403 -0.000145122
6726.86 0.00187303 -0.000149707
6729.04 0.00185905 -0.000154019
6731.22 0.00184211 -0.000158048
6733.4 0.0018222 -0.000161795
6735.58 0.00179931 -0.000165263
6737.76 0.0017735 -0.000168446
6739.94 0.00174484 -0.000171338
6742.12 0.00171336 -0.000173939
6744.3 0.00167905 -0.000176255
6746.47 0.00164198 -0.000178284
6748.65 0.00160223 -0.000180024
6750.83 0.00155988 -0.000181476
6753.01 0.00151493 -0.000182646
6755.19 0.00146743 -0.000183537
6757.37 0.00141751 -0.000184144
6759.55 0.00136526 -0.000184472
6761.73 0.00131071 -0.000184529
6763.91 0.00125393 -0.000184322
6766.09 0.00119501 -0.000183847
6768.26 0.00113411 -0.000183107
6770.44 0.00107127 -0.000182112
6772.62 0.00100657 -0.00018087
6774.8 0.00094009 -0.000179382
6776.98 0.000872001 -0.000177644
6779.16 0.00080241 -0.000175667
6781.34 0.000731372 -0.000173466
6783.52 0.000658977 -0.000171041
6785.7 0.000585387 -0.000168389
6787.88 0.00051075 -0.000165515
6790.06 0.000435143 -0.000162435
6792.23 0.00035864 -0.000159156
6794.41 0.000281393 -0.000155673
6796.59 0.000203576 -0.000151985
6798.77 0.000125298 -0.000148107
6800.95 4.66266e-05 -0.000144053
6803.13 -3.23137e-05 -0.00013982
6805.31 -0.000111338 -0.000135402
6807.49 -0.000190303 -0.000130807
6809.67 -0.000269136 -0.000126054
6811.85 -0.000347741 -0.000121147
6814.02 -0.000425944 -0.000116075
6816.2 -0.000503573 -0.000110841
6818.38 -0.000580536 -0.000105463
6820.56 -0.000656762 -9.99519e-05
6822.74 -0.000732107 -9.43008e-05
6824.92 -0.000806385 -8.85026e-05
6827.1 -0.000879477 -8.25715e-05
6829.28 -0.000951325 -7.65268e-05
6831.46 -0.00102182 -7.03677e-05
6833.64 -0.0010908 -6.40821e-05
6835.81 -0.0011581 -5.76755e-05
6837.99 -0.00122368 -5.11708e-05
6840.17 -0.00128745 -4.45778e-05
6842.35 -0.00134928 -3.78846e-05
6844.53 -0.00140901 -3.10869e-05
6846.71 -0.00146655 -2.42053e-05
6848.89 -0.00152188 -1.72611e-05
6851.07 -0.00157489 -1.02501e-05
6853.25 -0.00162543 -3.16023e-06
6855.43 -0.0016734 3.99651e-06
6857.6 -0.00171877 1.11919e-05
6859.78 -0.0017615 1.84169e-05
6861.96 -0.00180147 2.56845e-05
6864.14 -0.00183854 3.29948e-05
6866.32 -0.00187271 4.03201e-05
6868.5 -0.00190396 4.76368e-05
6870.68 -0.00193222 5.49494e-05
6872.86 -0.00195737 6.22668e-05
6875.04 -0.00197936 6.95702e-05
6877.22 -0.00199824 7.6827e-05
6879.4 -0.00201396 8.40284e-05
6881.57 -0.00202645 9.11856e-05
6883.75 -0.00203563 9.8292e-05
6885.93 -0.00204155 0.000105314
6888.11 -0.00204424 0.000112227
6890.29 -0.00204365 0.000119037
6892.47 -0.00203971 0.000125746
6894.65 -0.00203245 0.000132329
6896.83 -0.00202195 0.000138752
6899.01 -0.00200821 0.000145006
6901.19 -0.00199118 0.000151103
6903.36 -0.00197086 0.000157028
6905.54 -0.00194737 0.000162747
6907.72 -0.00192075 0.000168235
6909.9 -0.00189099 0.000173498
6912.08 -0.0018581 0.000178537
6914.26 -0.00182215 0.000183324
6916.44 -0.00178328 0.000187825
6918.62 -0.0017415 0.000192037
6920.8 -0.00169681 0.00019597
6922.98 -0.0016493 0.000199609
6925.15 -0.00159911 0.000202919
6927.33 -0.00154632 0.000205883
6929.51 -0.00149095 0.00020851
6931.69 -0.00143306 0.000210802
6933.87 -0.00137279 0.000212732
6936.05 -0.0013103 0.000214275
6938.23 -0.00124562 0.000215434
6940.41 -0.0011788 0.000216222
6942.59 -0.00110999 0.000216627
6944.77 -0.00103935 0.000216621
6946.94 -0.000966976 0.000216199
6949.12 -0.00089292 0.000215376
6951.3 -0.000817292 0.000214158
6953.48 -0.000740281 0.000212526
6955.66 -0.00066203 0.000210465
6957.84 -0.000582602 0.000207989
6960.02 -0.000502082 0.000205118
6962.2 -0.000420647 0.000201848
6964.38 -0.000338482 0.000198161
6966.56 -0.000255683 0.000194063
6968.73 -0.000172315 0.000189579
6970.91 -8.85254e-05 0.000184723
6973.09 -4.51634e-06 0.000179486
6975.27 7.95744e-05 0.000173866
6977.45 0.000163681 0.000167887
6979.63 0.000247692 0.000161576
6981.81 0.000331417 0.000154937
6983.99 0.000414679 0.000147966
6986.17 0.000497395 0.000140679
6988.35 0.000579486 0.000133109
6990.53 0.000660792 0.000125276
6992.7 0.000741122 0.000117183
6994.88 0.000820361 0.000108838
6997.06 0.000898446 0.00010027
6999.24 0.000975256 9.15116e-05
7001.42 0.00105061 8.25749e-05
7003.6 0.00112435 7.34654e-05
7005.78 0.00119644 6.42052e-05
7007.96 0.00126678 5.48294e-05
7010.14 0.00133521 4.53625e-05
7012.32 0.00140159 3.5813e-05
7014.49 0.00146583 2.61946e-05
7016.67 0.00152788 1.65381e-05
7018.85 0.00158763 6.8751e-06
7021.03 0.00164492 -2.77891e-06
7023.21 0.00169965 -1.24145e-05
7025.39 0.0017518 -2.20097e-05
7027.57 0.00180129 -3.15324e-05
7029.75 0.00184799 -4.09603e-05
7031.93 0.00189179 -5.02837e-05
7034.11 0.00193266 -5.94899e-05
7036.28 0.00197057 -6.85526e-05
7038.46 0.00200543 -7.74457e-05
7040.64 0.00203712 -8.61557e-05
7042.82 0.00206561 -9.46756e-05
7045 0.0020909 -0.000102989
7047.18 0.00211294 -0.000111073
7049.36 0.00213164 -0.000118911
7051.54 0.00214695 -0.000126496
7053.72 0.00215889 -0.000133822
7055.9 0.00216746 -0.000140871
7058.07 0.0021726 -0.000147627
7060.25 0.00217425 -0.000154082
7062.43 0.00217244 -0.000160235
7064.61 0.00216721 -0.000166079
7066.79 0.00215854 -0.0001716
7068.97 0.00214639 -0.00017679
7071.15 0.00213077 -0.000181648
7073.33 0.00211177 -0.000186178
7075.51 0.0020894 -0.000190371
7077.69 0.00206364 -0.000194218
7079.87 0.00203451 -0.00019772
7082.04 0.0020021 -0.000200882
7084.22 0.00196647 -0.000203706
7086.4 0.00192765 -0.000206188
7088.58 0.00188564 -0.000208323
7090.76 0.00184054 -0.000210121
7092.94 0.00179245 -0.00021159
7095.12 0.00174143 -0.000212729
7097.3 0.00168751 -0.000213535
7099.48 0.00163077 -0.000214014
7101.66 0.00157133 -0.000214178
7103.83 0.00150931 -0.000214033
7106.01 0.00144474 -0.000213579
7108.19 0.00137771 -0.000212817
7110.37 0.00130835 -0.000211759
7112.55 0.0012368 -0.000210416
7114.73 0.00116315 -0.000208793
7116.91 0.00108745 -0.000206888
7119.09 0.00100986 -0.000204707
7121.27 0.000930533 -0.000202267
7123.45 0.000849585 -0.000199576
7125.62 0.000767098 -0.000196634
7127.8 0.000683196 -0.000193441
7129.98 0.000598054 -0.000190009
7132.16 0.000511821 -0.000186353
7134.34 0.000424593 -0.000182476
7136.52 0.000336484 -0.000178375
7138.7 0.000247665 -0.000174056
7140.88 0.000158313 -0.000169535
7143.06 6.85439e-05 -0.00016482
7145.24 -2.1539e-05 -0.000159909
7147.41 -0.000111775 -0.0001548
7149.59 -0.000201973 -0.000149505
7151.77 -0.000291995 -0.000144036
7153.95 -0.000381743 -0.000138397
7156.13 -0.000471076 -0.000132583
7158.31 -0.000559803 -0.000126599
7160.49 -0.00064776 -0.000120457
7162.67 -0.000734847 -0.000114165
7164.85 -0.000820951 -0.000107721
7167.03 -0.000905896 -0.000101123
7169.21 -0.0009895 -9.43798e-05
7171.38 -0.00107165 -8.75033e-05
7173.56 -0.00115226 -8.04959e-05
7175.74 -0.00123118 -7.33553e-05
7177.92 -0.00130823 -6.6086e-05
7180.1 -0.00138327 -5.86991e-05
7182.28 -0.00145624 -5.12015e-05
7184.46 -0.00152703 -4.3593e-05
7186.64 -0.00159547 -3.5876e-05
7188.82 -0.00166141 -2.80601e-05
7191 -0.00172478 -2.01547e-05
7193.17 -0.00178551 -1.21636e-05
7195.35 -0.00184348 -4.08998e-06
7197.53 -0.00189854 4.05669e-06
7199.71 -0.00195059 1.2265e-05
7201.89 -0.00199961 2.05283e-05
7204.07 -0.00204552 2.88423e-05
7206.25 -0.00208817 3.71977e-05
7208.43 -0.00212748 4.5581e-05
7210.61 -0.00216342 5.39822e-05
7212.79 -0.00219597 6.23943e-05
7214.96 -0.00222502 7.08069e-05
7217.14 -0.00225048 7.92043e-05
7219.32 -0.00227232 8.75731e-05
7221.5 -0.00229057 9.59045e-05
7223.68 -0.00230516 0.000104188
7225.86 -0.00231603 0.000112406
7228.04 -0.00232314 0.000120541
7230.22 -0.00232652 0.000128583
7232.4 -0.00232619 0.00013652
7234.58 -0.00232209 0.000144333
7236.75 -0.0023142 0.000152002
7238.93 -0.00230256 0.000159512
7241.11 -0.00228722 0.000166855
7243.29 -0.00226819 0.000174011
7245.47 -0.00224545 0.000180957
7247.65 -0.00221902 0.000187677
7249.83 -0.00218902 0.000194159
7252.01 -0.00215547 0.00020039
7254.19 -0.00211839 0.000206344
7256.37 -0.00207782 0.000212002
7258.55 -0.00203386 0.000217354
7260.72 -0.00198661 0.000222389
7262.9 -0.0019361 0.000227085
7265.08 -0.00188239 0.00023142
7267.26 -0.00182558 0.00023538
7269.44 -0.00176579 0.000238962
7271.62 -0.00170312 0.000242151
7273.8 -0.00163761 0.000244923
7275.98 -0.00156938 0.000247263
7278.16 -0.00149856 0.000249172
7280.34 -0.00142529 0.000250644
7282.51 -0.00134963 0.000251659
7284.69 -0.00127171 0.000252198
7286.87 -0.00119166 0.000252264
7289.05 -0.00110964 0.000251861
7291.23 -0.00102576 0.00025098
7293.41 -0.000940117 0.000249603
7295.59 -0.000852865 0.000247729
7297.77 -0.000764172 0.000245372
7299.95 -0.000674177 0.000242535
7302.13 -0.000582988 0.000239202
7304.3 -0.000490746 0.00023537
7306.48 -0.000397629 0.000231057
7308.66 -0.000303797 0.000226283
7310.84 -0.00020937 0.000221043
7313.02 -0.000114478 0.000215327
7315.2 -1.92948e-05 0.000209154
7317.38 7.60058e-05 0.000202555
7319.56 0.000171289 0.000195542
7321.74 0.000266432 0.000188105
7323.92 0.000361274 0.000180255
7326.09 0.000455635 0.00017203
7328.27 0.000549368 0.00016346
7330.45 0.000642353 0.000154546
7332.63 0.000734449 0.000145287
7334.81 0.000825481 0.000135718
7336.99 0.000915295 0.000125886
7339.17 0.00100377 0.000115806
7341.35 0.00109079 0.000105474
7343.53 0.00117619 9.49108e-05
7345.71 0.00125981 8.41699e-05
7347.88 0.00134153 7.32878e-05
7350.06 0.00142125 6.22633e-05
7352.24 0.00149884 5.11015e-05
7354.42 0.00157413 3.98492e-05
7356.6 0.00164702 2.85602e-05
7358.78 0.00171741 1.7248e-05
7360.96 0.00178519 5.90585e-06
7363.14 0.00185022 -5.43849e-06
7365.32 0.0019124 -1.67261e-05
7367.5 0.00197164 -2.79235e-05
7369.68 0.00202786 -3.90376e-05
7371.85 0.00208094 -5.00629e-05
7374.03 0.00213079 -6.09493e-05
7376.21 0.00217732 -7.16473e-05
7378.39 0.00222049 -8.21528e-05
7380.57 0.00226022 -9.24779e-05
7382.75 0.00229641 -0.000102594
7384.93 0.00232899 -0.000112447
7387.11 0.00235795 -0.000122014
7389.29 0.00238323 -0.000131313
7391.47 0.00240477 -0.000140343
7393.64 0.00242249 -0.000149055
7395.82 0.00243641 -0.000157415
7398 0.00244651 -0.000165432
7400.18 0.00245274 -0.000173125
7402.36 0.00245506 -0.00018047
7404.54 0.00245348 -0.00018742
7406.72 0.00244802 -0.000193974
7408.9 0.00243869 -0.000200159
7411.08 0.00242544 -0.000205978
7413.26 0.00240829 -0.000211391
7415.43 0.0023873 -0.000216377
7417.61 0.00236251 -0.000220964
7419.79 0.00233391 -0.000225177
7421.97 0.00230151 -0.000228991
7424.15 0.0022654 -0.000232376
7426.33 0.00222565 -0.000235346
7428.51 0.0021823 -0.000237938
7430.69 0.00213537 -0.000240156
7432.87 0.00208495 -0.000241966
7435.05 0.00203113 -0.000243364
7437.22 0.00197401 -0.000244389
7439.4 0.00191362 -0.000245067
7441.58 0.00185004 -0.000245375
7443.76 0.00178342 -0.000245293
7445.94 0.00171386 -0.000244847
7448.12 0.00164144 -0.00024408
7450.3 0.00156623 -0.00024299
7452.48 0.00148839 -0.000241548
7454.66 0.00140806 -0.000239762
7456.84 0.00132535 -0.000237677
7459.02 0.00124035 -0.000235312
7461.19 0.00115318 -0.000232644
7463.37 0.00106404 -0.00022966
7465.55 0.000973064 -0.000226393
7467.73 0.000880355 -0.000222883
7469.91 0.000786035 -0.00021912
7472.09 0.00069029 -0.000215077
7474.27 0.0005933 -0.00021077
7476.45 0.000495191 -0.000206243
7478.63 0.000396081 -0.000201505
7480.81 0.000296142 -0.000196529
7482.98 0.000195575 -0.000191308
7485.16 9.45373e-05 -0.00018588
7487.34 -6.85504e-06 -0.000180272
7489.52 -0.000108446 -0.000174468
7491.7 -0.000210031 -0.000168444
7493.88 -0.000311428 -0.000162219
7496.06 -0.000412508 -0.000155831
7498.24 -0.000513135 -0.000149281
7500.42 -0.000613117 -0.000142539
7502.6 -0.000712257 -0.000135606
7504.77 -0.000810413 -0.000128515
7506.95 -0.000907463 -0.000121287
7509.13 -0.00100324 -0.000113899
7511.31 -0.00109754 -0.000106332
7513.49 -0.0011902 -9.86105e-05
7515.67 -0.00128113 -9.07645e-05
7517.85 -0.00137016 -8.27861e-05
7520.03 -0.00145713 -7.46504e-05
7522.21 -0.00154186 -6.63661e-05
7524.39 -0.00162424 -5.79671e-05
7526.56 -0.00170416 -4.94625e-05
7528.74 -0.00178147 -4.08296e-05
7530.92 -0.00185599 -3.20617e-05
7533.1 -0.00192762 -2.31882e-05
7535.28 -0.00199627 -1.42324e-05
7537.46 -0.00206182 -5.18244e-06
7539.64 -0.00212412 3.97626e-06
7541.82 -0.00218305 1.32231e-05
7544 -0.00223855 2.2525e-05
7546.18 -0.00229054 3.18792e-05
7548.36 -0.0023389 4.13028e-05
7550.53 -0.00238351 5.07867e-05
7552.71 -0.00242432 6.02945e-05
7554.89 -0.0024613 6.98076e-05
7557.07 -0.00249436 7.93378e-05
7559.25 -0.0025234 8.88857e-05
7561.43 -0.00254837 9.84173e-05
7563.61 -0.00256927 0.000107899
7565.79 -0.00258607 0.000117332
7567.97 -0.00259869 0.000126723
7570.15 -0.00260709 0.000136047
7572.32 -0.00261129 0.000145263
7574.5 -0.00261131 0.000154355
7576.68 -0.0026071 0.000163331
7578.86 -0.00259864 0.000172178
7581.04 -0.00258595 0.000180851
7583.22 -0.00256911 0.000189319
7585.4 -0.00254811 0.000197585
7587.58 -0.00252295 0.000205646
7589.76 -0.00249365 0.000213465
7591.94 -0.00246032 0.000220999
7594.11 -0.00242302 0.00022824
7596.29 -0.00238176 0.000235192
7598.47 -0.00233657 0.000241829
7600.65 -0.00228759 0.000248106
7602.83 -0.0022349 0.000254
7605.01 -0.00217856 0.000259517
7607.19 -0.00211863 0.000264648
7609.37 -0.00205522 0.00026935
7611.55 -0.00198847 0.00027359
7613.73 -0.00191849 0.000277371
7615.9 -0.00184534 0.000280696
7618.08 -0.00176913 0.000283536
7620.26 -0.00169003 0.000285853
7622.44 -0.00160817 0.000287641
7624.62 -0.00152366 0.000288915
7626.8 -0.0014366 0.000289663
7628.98 -0.00134716 0.000289847
7631.16 -0.00125552 0.000289454
7633.34 -0.0011618 0.000288502
7635.52 -0.00106611 0.000287001
7637.7 -0.00096862 0.000284923
7639.87 -0.000869521 0.000282247
7642.05 -0.000768977 0.000278993
7644.23 -0.000667098 0.000275184
7646.41 -0.000564033 0.000270813
7648.59 -0.000459991 0.000265856
7650.77 -0.000355163 0.000260323
7652.95 -0.000249676 0.000254253
7655.13 -0.00014366 0.000247662
7657.31 -3.73111e-05 0.000240531
7659.49 6.91575e-05 0.000232861
7661.66 0.000175593 0.000224693
7663.84 0.000281879 0.000216064
7666.02 0.000387843 0.000206972
7668.2 0.000493268 0.00019741
7670.38 0.000597976 0.000187413
7672.56 0.000701849 0.000177034
7674.74 0.000804751 0.000166291
7676.92 0.000906476 0.000155179
7679.1 0.00100683 0.000143718
7681.28 0.00110568 0.000131966
7683.45 0.00120291 0.000119964
7685.63 0.00129837 0.000107715
7687.81 0.00139183 9.52264e-05
7689.99 0.00148317 8.2549e-05
7692.17 0.00157228 6.97409e-05
7694.35 0.00165904 5.68201e-05
7696.53 0.00174326 4.37861e-05
7698.71 0.00182478 3.06734e-05
7700.89 0.00190351 1.75447e-05
7703.07 0.00197936 4.43687e-06
7705.24 0.00205217 -8.64919e-06
7707.42 0.00212179 -2.16975e-05
7709.6 0.00218813 -3.46527e-05
7711.78 0.00225111 -4.74642e-05
7713.96 0.00231065 -6.01226e-05
7716.14 0.00236657 -7.26272e-05
7718.32 0.00241879 -8.49401e-05
7720.5 0.00246727 -9.70061e-05
7722.68 0.00251195 -0.000108803
7724.86 0.0025527 -0.000120336
7727.03 0.00258943 -0.000131589
7729.21 0.0026221 -0.000142512
7731.39 0.00265071 -0.000153073
7733.57 0.00267517 -0.000163277
7735.75 0.0026954 -0.000173126
7737.93 0.00271136 -0.000182587
7740.11 0.00272307 -0.000191621
7742.29 0.00273052 -0.000200226
7744.47 0.00273363 -0.000208417
7746.65 0.00273237 -0.000216181
7748.83 0.00272678 -0.000223483
7751 0.0027169 -0.000230311
7753.18 0.0027027 -0.000236685
7755.36 0.00268414 -0.000242613
7757.54 0.00266128 -0.000248069
7759.72 0.0026342 -0.000253035
7761.9 0.00260291 -0.000257528
7764.08 0.0025674 -0.000261571
7766.26 0.00252773 -0.000265154
7768.44 0.00248399 -0.000268256
7770.62 0.00243628 -0.000270886
7772.79 0.0023846 -0.000273076
7774.97 0.002329 -0.000274834
7777.15 0.0022696 -0.000276142
7779.33 0.00220654 -0.000276999
7781.51 0.00213987 -0.000277436
7783.69 0.00206964 -0.000277475
7785.87 0.00199598 -0.00027711
7788.05 0.00191905 -0.00027633
7790.23 0.00183896 -0.000275158
7792.41 0.00175578 -0.000273628
7794.58 0.00166963 -0.000271744
7796.76 0.00158068 -0.000269494
7798.94 0.0014891 -0.000266887
7801.12 0.00139498 -0.000263958
7803.3 0.00129844 -0.000260724
7805.48 0.00119965 -0.000257175
7807.66 0.00109881 -0.00025331
7809.84 0.000996073 -0.000249155
7812.02 0.00089153 -0.000244738
7814.2 0.000785354 -0.000240057
7816.37 0.000677769 -0.000235101
7818.55 0.000568956 -0.000229884
7820.73 0.00045903 -0.000224436
7822.91 0.000348141 -0.000218765
7825.09 0.000236514 -0.000212859
7827.27 0.000124363 -0.000206718
7829.45 1.18308e-05 -0.000200369
7831.63 -0.000100952 -0.000193829
7833.81 -0.000213779 -0.000187087
7835.99 -0.000326412 -0.000180135
7838.17 -0.000438679 -0.000172988
7840.34 -0.000550455 -0.000165668
7842.52 -0.000661567 -0.000158174
7844.7 -0.000771776 -0.000150492
7846.88 -0.000880881 -0.000142626
7849.06 -0.000988753 -0.000134599
7851.24 -0.00109525 -0.000126417
7853.42 -0.00120015 -0.000118066
7855.6 -0.00130325 -0.000109543
7857.78 -0.00140439 -0.000100865
7859.96 -0.00150345 -9.20445e-05
7862.13 -0.00160027 -8.3075e-05
7864.31 -0.00169463 -7.39472e-05
7866.49 -0.00178635 -6.46726e-05
7868.67 -0.00187534 -5.52693e-05
7870.85 -0.00196148 -4.57366e-05
7873.03 -0.00204456 -3.60645e-05
7875.21 -0.00212441 -2.6259e-05
7877.39 -0.00220093 -1.63406e-05
7879.57 -0.00227404 -6.31779e-06
7881.75 -0.00234359 3.81661e-06
7883.92 -0.00240939 1.40606e-05
7886.1 -0.00247136 2.43936e-05
7888.28 -0.00252943 3.47987e-05
7890.46 -0.00258352 4.52775e-05
7892.64 -0.00263346 5.58301e-05
7894.82 -0.00267916 6.64363e-05
7897 -0.00272058 7.70713e-05
7899.18 -0.00275768 8.77281e-05
7901.36 -0.00279036 9.84075e-05
7903.54 -0.00281851 0.000109092
7905.71 -0.00284211 0.000119751
7907.89 -0.00286116 0.000130366
7910.07 -0.00287562 0.000140936
7912.25 -0.0028854 0.000151448
7914.43 -0.00289048 0.000161867
7916.61 -0.00289091 0.000172165
7918.79 -0.00288669 0.000182334
7920.97 -0.00287778 0.000192366
7923.15 -0.00286415 0.000202229
7925.33 -0.00284588 0.000211884
7927.51 -0.00282303 0.000221315
7929.68 -0.0027956 0.000230516
7931.86 -0.00276358 0.000239461
7934.04 -0.00272705 0.000248107
7936.22 -0.00268612 0.000256429
7938.4 -0.00264084 0.000264419
7940.58 -0.00259123 0.000272062
7942.76 -0.00253737 0.000279315
7944.94 -0.0024794 0.000286143
7947.12 -0.00241742 0.000292538
7949.3 -0.00235149 0.000298492
7951.47 -0.0022817 0.000303972
7953.65 -0.00220817 0.000308938
7955.83 -0.00213109 0.000313373
7958.01 -0.00205054 0.000317281
7960.19 -0.00196661 0.000320642
7962.37 -0.00187944 0.000323416
7964.55 -0.00178924 0.000325581
7966.73 -0.00169613 0.000327143
7968.91 -0.00160023 0.0003281
7971.09 -0.00150167 0.000328424
7973.26 -0.00140067 0.000328086
7975.44 -0.00129739 0.000327091
7977.62 -0.00119198 0.000325454
7979.8 -0.00108457 0.000323164
7981.98 -0.000975345 0.000320192
7984.16 -0.00086454 0.00031654
7986.34 -0.000752308 0.000312232
7988.52 -0.000638776 0.00030728
7990.7 -0.000524131 0.000301666
7992.88 -0.000408605 0.000295382
7995.05 -0.000292392 0.00028846
7997.23 -0.000175624 0.00028093
7999.41 -5.84644e-05 0.000272791
8001.59 5.88592e-05 0.000264034
8003.77 0.000176127 0.000254686
8005.95 0.000293188 0.000244793
8008.13 0.000409904 0.000234377
8010.31 0.000526068 0.000223433
8012.49 0.000641447 0.00021198
8014.67 0.000755867 0.000200069
8016.85 0.000869205 0.000187742
8019.02 0.000981287 0.000175008
8021.2 0.00109189 0.000161877
8023.38 0.00120081 0.000148398
8025.56 0.00130792 0.000134628
8027.74 0.00141311 0.000120592
8029.92 0.00151615 0.000106299
8032.1 0.00161684 9.17835e-05
8034.28 0.00171506 7.71095e-05
8036.46 0.00181069 6.23203e-05
8038.64 0.00190358 4.74273e-05
8040.81 0.00199352 3.24529e-05
8042.99 0.00208037 1.74542e-05
8045.17 0.00216404 2.48756e-06
8047.35 0.00224441 -1.24256e-05
8049.53 0.00232132 -2.72739e-05
8051.71 0.00239459 -4.2015e-05
8053.89 0.00246416 -5.65894e-05
8056.07 0.00252996 -7.09636e-05
8058.25 0.00259185 -8.51308e-05
8060.43 0.00264968 -9.90667e-05
8062.6 0.00270336 -0.000112719
8064.78 0.00275286 -0.000126046
8066.96 0.00279811 -0.000139039
8069.14 0.00283897 -0.00015169
8071.32 0.00287535 -0.000163961
8073.5 0.00290723 -0.00017581
8075.68 0.0029346 -0.000187222
8077.86 0.00295737 -0.000198201
8080.04 0.00297545 -0.000208727
8082.22 0.00298882 -0.000218764
8084.39 0.00299752 -0.000228292
8086.57 0.00300151 -0.00023732
8088.75 0.00300072 -0.000245847
8090.93 0.00299515 -0.000253848
8093.11 0.00298483 -0.000261302
8095.29 0.00296981 -0.000268216
8097.47 0.00295006 -0.000274603
8099.65 0.00292556 -0.000280454
8101.83 0.00289637 -0.000285752
8104.01 0.00286259 -0.0002905
8106.18 0.00282423 -0.000294719
8108.36 0.0027813 -0.000298414
8110.54 0.00273386 -0.000301574
8112.72 0.00268204 -0.000304202
8114.9 0.00262591 -0.000306318
8117.08 0.00256551 -0.000307941
8119.26 0.0025009 -0.000309068
8121.44 0.00243222 -0.000309698
8123.62 0.0023596 -0.000309853
8125.8 0.00228313 -0.000309558
8127.98 0.00220287 -0.000308817
8130.15 0.00211897 -0.00030763
8132.33 0.00203159 -0.000306015
8134.51 0.00194086 -0.000303999
8136.69 0.00184688 -0.000301595
8138.87 0.00174977 -0.000298802
8141.05 0.00164974 -0.00029563
8143.23 0.00154696 -0.00029211
8145.41 0.00144154 -0.000288259
8147.59 0.00133362 -0.000284077
8149.77 0.0012234 -0.000279567
8151.94 0.00111108 -0.000274754
8154.12 0.000996821 -0.000269663
8156.3 0.000880762 -0.000264295
8158.48 0.000763093 -0.000258645
8160.66 0.000644039 -0.00025273
8162.84 0.00052379 -0.000246578
8165.02 0.000402499 -0.000240196
8167.2 0.000280346 -0.000233572
8169.38 0.000157559 -0.000226713
8171.56 3.43537e-05 -0.000219645
8173.73 -8.9099e-05 -0.000212382
8175.91 -0.000212628 -0.000204912
8178.09 -0.000336014 -0.000197228
8180.27 -0.000459029 -0.000189351
8182.45 -0.000581482 -0.000181301
8184.63 -0.000703208 -0.000173071
8186.81 -0.000824006 -0.000164645
8188.99 -0.000943646 -0.000156032
8191.17 -0.00106193 -0.000147257
8193.35 -0.00117868 -0.000138323
8195.52 -0.00129373 -0.000129209
8197.7 -0.00140686 -0.00011991
8199.88 -0.00151786 -0.000110452
8202.06 -0.00162657 -0.000100848
8204.24 -0.00173283 -9.10824e-05
8206.42 -0.00183645 -8.1138e-05
8208.6 -0.00193722 -7.1033e-05
8210.78 -0.00203498 -6.07941e-05
8212.96 -0.0021296 -5.0415e-05
8215.14 -0.00222091 -3.98723e-05
8217.32 -0.00230873 -2.91723e-05
8219.49 -0.0023929 -1.83481e-05
8221.67 -0.00247332 -7.41125e-06
8223.85 -0.00254984 3.65976e-06
8226.03 -0.00262231 1.4872e-05
8228.21 -0.00269059 2.61932e-05
8230.39 -0.00275459 3.75932e-05
8232.57 -0.00281421 4.90814e-05
8234.75 -0.00286933 6.06751e-05
8236.93 -0.00291983 7.23517e-05
8239.11 -0.00296563 8.40666e-05
8241.28 -0.00300668 9.58084e-05
8243.46 -0.0030429 0.000107595
8245.64 -0.00307419 0.000119419
8247.82 -0.00310051 0.00013123
8250 -0.00312182 0.000142995
8252.18 -0.00313809 0.000154721
8254.36 -0.00314928 0.000166414
8256.54 -0.00315535 0.000178032
8258.72 -0.00315629 0.000189521
8260.9 -0.00315213 0.000200868
8263.07 -0.00314286 0.000212085
8265.25 -0.00312846 0.000223146
8267.43 -0.00310896 0.000233991
8269.61 -0.00308443 0.000244582
8271.79 -0.00305489 0.000254926
8273.97 -0.00302038 0.000265014
8276.15 -0.00298093 0.000274793
8278.33 -0.00293664 0.000284206
8280.51 -0.0028876 0.000293243
8282.69 -0.00283386 0.000301908
8284.86 -0.00277549 0.000310167
8287.04 -0.0027126 0.000317954
8289.22 -0.00264533 0.000325241
8291.4 -0.00257377 0.000332035
8293.58 -0.00249801 0.000338322
8295.76 -0.00241817 0.000344045
8297.94 -0.00233443 0.000349158
8300.12 -0.00224691 0.000353663
8302.3 -0.00215574 0.000357564
8304.48 -0.00206105 0.000360825
8306.66 -0.00196302 0.000363394
8308.83 -0.00186183 0.00036526
8311.01 -0.00175763 0.00036644
8313.19 -0.00165055 0.000366922
8315.37 -0.00154078 0.000366663
8317.55 -0.00142853 0.000365639
8319.73 -0.00131398 0.000363872
8321.91 -0.00119728 0.000361375
8324.09 -0.00107861 0.000358119
8326.27 -0.000958183 0.000354082
8328.45 -0.000836217 0.000349278
8330.62 -0.000712874 0.00034374
8332.8 -0.00058833 0.000337465
8334.98 -0.000462803 0.000330433
8337.16 -0.000336519 0.000322655
8339.34 -0.000209663 0.000314173
8341.52 -8.24049e-05 0.000305009
8343.7 4.50497e-05 0.000295156
8345.88 0.000172469 0.000284622
8348.06 0.00029965 0.000273451
8350.24 0.000426423 0.000261686
8352.41 0.000552601 0.000249337
8354.59 0.000677961 0.000236412
8356.77 0.000802288 0.000222953
8358.95 0.000925408 0.000209017
8361.13 0.00104715 0.000194633
8363.31 0.00116732 0.000179811
8365.49 0.0012857 0.000164589
8367.67 0.0014021 0.00014903
8369.85 0.00151638 0.000133178
8372.03 0.00162836 0.000117053
8374.2 0.00173784 0.000100682
8376.38 0.00184463 8.4129e-05
8378.56 0.00194859 6.74515e-05
8380.74 0.00204958 5.06755e-05
8382.92 0.00214742 3.38224e-05
8385.1 0.00224193 1.69464e-05
8387.28 0.00233297 1.13246e-07
8389.46 0.00242043 -1.6642e-05
8391.64 0.00250417 -3.33045e-05
8393.82 0.00258401 -4.98337e-05
8395.99 0.00265984 -6.61643e-05
8398.17 0.00273156 -8.22521e-05
8400.35 0.00279905 -9.80857e-05
8402.53 0.00286219 -0.000113642
8404.71 0.00292085 -0.000128865
8406.89 0.00297498 -0.000143702
8409.07 0.00302448 -0.000158142
8411.25 0.00306926 -0.000172181
8413.43 0.00310923 -0.000185777
8415.61 0.00314433 -0.000198877
8417.79 0.00317451 -0.000211464
8419.96 0.00319973 -0.000223549
8422.14 0.0032199 -0.000235113
8424.32 0.003235 -0.000246108
8426.5 0.003245 -0.000256509
8428.68 0.00324991 -0.000266333
8430.86 0.00324967 -0.000275588
8433.04 0.00324427 -0.000284239
8435.22 0.00323374 -0.000292255
8437.4 0.00321808 -0.00029965
8439.58 0.00319731 -0.000306454
8441.75 0.00317144 -0.000312655
8443.93 0.0031405 -0.000318218
8446.11 0.00310456 -0.000323147
8448.29 0.00306365 -0.000327486
8450.47 0.00301782 -0.000331249
8452.65 0.00296713 -0.000334409
8454.83 0.00291168 -0.000336954
8457.01 0.00285154 -0.000338928
8459.19 0.00278678 -0.000340371
8461.37 0.00271749 -0.000341272
8463.54 0.0026438 -0.000341606
8465.72 0.00256581 -0.000341404
8467.9 0.00248364 -0.000340722
8470.08 0.00239739 -0.000339574
8472.26 0.0023072 -0.000337931
8474.44 0.00221323 -0.000335801
8476.62 0.00211561 -0.000333242
8478.8 0.00201447 -0.000330292
8480.98 0.00190996 -0.000326933
8483.16 0.00180228 -0.000323148
8485.33 0.00169158 -0.00031898
8487.51 0.00157802 -0.000314486
8489.69 0.00146175 -0.000309667
8491.87 0.00134299 -0.000304493
8494.05 0.00122194 -0.000298979
8496.23 0.00109876 -0.000293186
8498.41 0.000973619 -0.00028714
8500.59 0.000846738 -0.000280809
8502.77 0.000718338 -0.000274179
8504.95 0.000588612 -0.000267299
8507.13 0.000457734 -0.000260215
8509.3 0.000325916 -0.00025291
8511.48 0.0001934 -0.000245349
8513.66 6.03997e-05 -0.000237552
8515.84 -7.29027e-05 -0.000229575
8518.02 -0.000206306 -0.000221425
8520.2 -0.000339566 -0.000213058
8522.38 -0.000472447 -0.000204464
8524.56 -0.000604759 -0.000195692
8526.74 -0.000736314 -0.000186773
8528.92 -0.000866882 -0.000177674
8531.09 -0.000996214 -0.000168358
8533.27 -0.00112411 -0.000158853
8535.45 -0.00125039 -0.000149206
8537.63 -0.00137485 -0.000139406
8539.81 -0.00149724 -0.000129405
8541.99 -0.00161736 -0.000119202
8544.17 -0.00173503 -0.000108847
8546.35 -0.00185008 -9.83569e-05
8548.53 -0.00196229 -8.76885e-05
8550.71 -0.00207144 -7.68143e-05
8552.88 -0.00217735 -6.57721e-05
8555.06 -0.0022799 -5.46034e-05
8557.24 -0.0023789 -4.3286e-05
8559.42 -0.00247413 -3.17764e-05
8561.6 -0.00256543 -2.00898e-05
8563.78 -0.00265268 -8.28047e-06
8565.96 -0.00273575 3.64295e-06
8568.14 -0.00281446 1.57227e-05
8570.32 -0.00288864 2.79689e-05
8572.5 -0.0029582 4.033e-05
8574.67 -0.00302305 5.27668e-05
8576.85 -0.00308306 6.53034e-05
8579.03 -0.00313807 7.79675e-05
8581.21 -0.003188 9.07233e-05
8583.39 -0.00323281 0.000103511
8585.57 -0.00327242 0.000116324
8587.75 -0.00330672 0.000129194
8589.93 -0.00333562 0.000142107
8592.11 -0.00335913 0.000154998
8594.29 -0.00337721 0.000167827
8596.47 -0.00338982 0.000180615
8598.64 -0.00339687 0.000193365
8600.82 -0.0033984 0.000206022
8603 -0.00339442 0.000218523
8605.18 -0.00338494 0.00023086
8607.36 -0.00336993 0.00024305
8609.54 -0.00334941 0.000255056
8611.72 -0.00332345 0.000266801
8613.9 -0.00329211 0.000278252
8616.08 -0.00325542 0.000289422
8618.26 -0.00321339 0.000300293
8620.43 -0.00316613 0.000310796
8622.61 -0.00311377 0.000320873
8624.79 -0.00305636 0.000330522
8626.97 -0.00299396 0.000339743
8629.15 -0.00292667 0.000348484
8631.33 -0.00285467 0.000356675
8633.51 -0.00277807 0.000364294
8635.69 -0.00269696 0.000371351
8637.87 -0.00261146 0.000377818
8640.05 -0.00252173 0.000383626
8642.22 -0.00242798 0.000388737
8644.4 -0.00233031 0.000393159
8646.58 -0.00222885 0.000396889
8648.76 -0.00212379 0.000399876
8650.94 -0.00201535 0.000402068
8653.12 -0.00190369 0.00040347
8655.3 -0.00178895 0.000404097
8657.48 -0.0016713 0.000403923
8659.66 -0.001551 0.000402898
8661.84 -0.00142824 0.000401016
8664.01 -0.0013032 0.000398306
8666.19 -0.00117603 0.000394771
8668.37 -0.00104697 0.000390373
8670.55 -0.00091628 0.000385099
8672.73 -0.00078413 0.000378981
8674.91 -0.000650693 0.000372051
8677.09 -0.000516192 0.000364294
8679.27 -0.000380882 0.000355691
8681.45 -0.000244979 0.000346276
8683.63 -0.000108653 0.000336098
8685.81 2.7894e-05 0.000325172
8687.98 0.00016441 0.000313485
8690.16 0.000300657 0.000301062
8692.34 0.000436455 0.000287966
8694.52 0.000571626 0.000274238
8696.7 0.000705935 0.000259881
8698.88 0.000839135 0.000244909
8701.06 0.000971033 0.000229388
8703.24 0.00110146 0.000213382
8705.42 0.00123023 0.000196914
8707.6 0.00135708 0.000179993
8709.77 0.00148181 0.000162675
8711.95 0.00160428 0.00014504
8714.13 0.0017243 0.000127131
8716.31 0.00184166 0.000108961
8718.49 0.00195615 9.05686e-05
8720.67 0.00206762 7.20361e-05
8722.85 0.00217592 5.34268e-05
8725.03 0.00228088 3.47599e-05
8727.21 0.00238228 1.60599e-05
8729.39 0.00247998 -2.60303e-06
8731.56 0.00257387 -2.11527e-05
8733.74 0.00266379 -3.95583e-05
8735.92 0.00274958 -5.78078e-05
8738.1 0.00283107 -7.58503e-05
8740.28 0.00290817 -9.36081e-05
8742.46 0.00298079 -0.000111038
8744.64 0.00304877 -0.000128134
8746.82 0.00311198 -0.000144869
8749 0.00317034 -0.000161177
8751.18 0.00322378 -0.000177002
8753.35 0.0032722 -0.00019234
8755.53 0.00331548 -0.000207187
8757.71 0.00335356 -0.000221496
8759.89 0.0033864 -0.000235209
8762.07 0.00341396 -0.000248314
8764.25 0.00343615 -0.000260827
8766.43 0.0034529 -0.000272727
8768.61 0.00346422 -0.000283962
8770.79 0.00347012 -0.000294511
8772.97 0.00347054 -0.000304398
8775.14 0.00346544 -0.000313633
8777.32 0.00345485 -0.000322178
8779.5 0.00343881 -0.000330004
8781.68 0.00341733 -0.000337132
8783.86 0.0033904 -0.000343598
8786.04 0.00335804 -0.000349388
8788.22 0.00332034 -0.000354472
8790.4 0.00327737 -0.00035886
8792.58 0.00322914 -0.000362599
8794.76 0.00317571 -0.000365707
8796.94 0.00311718 -0.000368158
8799.11 0.00305366 -0.000369949
8801.29 0.00298523 -0.000371127
8803.47 0.00291196 -0.000371734
8805.65 0.00283394 -0.000371762
8807.83 0.00275136 -0.000371195
8810.01 0.00266433 -0.000370068
8812.19 0.00257294 -0.000368437
8814.37 0.00247731 -0.000366317
8816.55 0.00237763 -0.000363688
8818.73 0.00227408 -0.000360565
8820.9 0.00216678 -0.000357005
8823.08 0.00205585 -0.000353043
8825.26 0.0019415 -0.000348666
8827.44 0.00182394 -0.000343869
8829.62 0.00170334 -0.000338696
8831.8 0.00157983 -0.000333198
8833.98 0.00145362 -0.000327374
8836.16 0.00132494 -0.000321206
8838.34 0.00119401 -0.000314715
8840.52 0.00106099 -0.000307955
8842.69 0.000926055 -0.000300945
8844.87 0.000789461 -0.00029366
8847.05 0.000651458 -0.000286098
8849.23 0.000512237 -0.000278303
8851.41 0.000371972 -0.000270308
8853.59 0.000230901 -0.000262098
8855.77 8.92994e-05 -0.000253649
8857.95 -5.2609e-05 -0.000244985
8860.13 -0.000194647 -0.000236148
8862.31 -0.0003366 -0.000227137
8864.48 -0.000478192 -0.000217918
8866.66 -0.000619167 -0.000208491
8868.84 -0.000759335 -0.000198896
8871.02 -0.000898507 -0.000189147
8873.2 -0.00103643 -0.000179215
8875.38 -0.00117282 -0.000169078
8877.56 -0.00130748 -0.000158761
8879.74 -0.00144023 -0.000148295
8881.92 -0.00157085 -0.000137663
8884.1 -0.00169908 -0.00012683
8886.28 -0.00182468 -0.000115803
8888.45 -0.00194749 -0.000104617
8890.63 -0.00206734 -9.32758e-05
8892.81 -0.00218397 -8.17445e-05
8894.99 -0.00229716 -7.00109e-05
8897.17 -0.00240674 -5.81064e-05
8899.35 -0.00251256 -4.60538e-05
8901.53 -0.00261444 -3.38306e-05
8903.71 -0.00271214 -2.1412e-05
8905.89 -0.0028055 -8.81783e-06
8908.07 -0.00289441 3.91541e-06
8910.24 -0.00297872 1.67892e-05
8912.42 -0.00305825 2.98303e-05
8914.6 -0.00313282 4.30332e-05
8916.78 -0.00320235 5.6357e-05
8918.96 -0.00326676 6.97798e-05
8921.14 -0.00332589 8.33181e-05
8923.32 -0.00337961 9.69776e-05
8925.5 -0.00342783 0.000110721
8927.68 -0.00347051 0.000124509
8929.86 -0.00350759 0.000138338
8932.03 -0.00353894 0.000152216
8934.21 -0.0035645 0.000166116
8936.39 -0.00358427 0.000179988
8938.57 -0.00359823 0.000193805
8940.75 -0.00360633 0.000207572
8942.93 -0.00360851 0.000221268
8945.11 -0.0036048 0.000234842
8947.29 -0.00359525 0.00024825
8949.47 -0.00357985 0.000261481
8951.65 -0.00355859 0.000274523
8953.82 -0.00353151 0.000287326
8956 -0.0034987 0.000299837
8958.18 -0.00346022 0.00031203
8960.36 -0.00341611 0.000323892
8962.54 -0.00336641 0.000335384
8964.72 -0.00331124 0.000346447
8966.9 -0.00325074 0.000357042
8969.08 -0.00318497 0.000367156
8971.26 -0.00311401 0.000376758
8973.44 -0.00303801 0.000385793
8975.62 -0.00295712 0.000394214
8977.79 -0.00287149 0.000402004
8979.97 -0.00278121 0.000409145
8982.15 -0.00268644 0.000415588
8984.33 -0.00258736 0.000421286
8986.51 -0.00248416 0.00042622
8988.69 -0.00237698 0.00043038
8990.87 -0.00226597 0.000433736
8993.05 -0.00215135 0.00043624
8995.23 -0.00203333 0.000437873
8997.41 -0.00191209 0.000438638
8999.58 -0.00178779 0.000438521
9001.76 -0.00166064 0.000437487
9003.94 -0.00153089 0.000435514
9006.12 -0.00139874 0.000432615
9008.3 -0.00126439 0.0004288
9010.48 -0.00112802 0.000424047
9012.66 -0.000989895 0.000418337
9014.84 -0.000850249 0.000411689
9017.02 -0.00070928 0.000404134
9019.2 -0.000567186 0.000395673
9021.37 -0.000424208 0.000386293
9023.55 -0.000280603 0.000376014
9025.73 -0.000136585 0.000364883
9027.91 7.65125e-06 0.000352929
9030.09 0.000151879 0.000340149
9032.27 0.000295844 0.00032656
9034.45 0.000439313 0.00031222
9036.63 0.000582095 0.000297182
9038.81 0.000723983 0.000281463
9040.99 0.000864731 0.000265077
9043.16 0.0010041 0.00024808
9045.34 0.0011419 0.000230547
9047.52 0.00127794 0.000212515
9049.7 0.001412 0.000194
9051.88 0.00154385 0.000175049
9054.06 0.00167328 0.000155745
9056.24 0.00180013 0.000136152
9058.42 0.0019242 0.000116289
9060.6 0.00204528 9.61891e-05
9062.78 0.00216316 7.5933e-05
9064.96 0.0022777 5.56023e-05
9067.13 0.00238873 3.52306e-05
9069.31 0.00249605 1.48363e-05
9071.49 0.00259948 -5.51727e-06
9073.67 0.00269888 -2.57395e-05
9075.85 0.00279411 -4.57791e-05
9078.03 0.00288501 -6.56253e-05
9080.21 0.00297141 -8.5241e-05
9082.39 0.00305318 -0.000104542
9084.57 0.00313022 -0.00012346
9086.75 0.00320241 -0.000141984
9088.92 0.00326961 -0.000160101
9091.1 0.00333168 -0.000177751
9093.28 0.00338857 -0.000194857
9095.46 0.00344019 -0.000211396
9097.64 0.00348643 -0.000227378
9099.82 0.0035272 -0.000242773
9102 0.00356244 -0.000257512
9104.18 0.00359211 -0.000271555
9106.36 0.00361616 -0.000284921
9108.54 0.00363452 -0.000297615
9110.71 0.00364713 -0.000309589
9112.89 0.00365402 -0.000320794
9115.07 0.00365516 -0.000331243
9117.25 0.00365053 -0.000340966
9119.43 0.00364011 -0.00034995
9121.61 0.00362392 -0.000358147
9123.79 0.00360201 -0.000365554
9125.97 0.00357439 -0.000372218
9128.15 0.00354107 -0.000378157
9130.33 0.00350209 -0.000383339
9132.5 0.00345755 -0.000387748
9134.68 0.00340751 -0.000391427
9136.86 0.00335201 -0.000394421
9139.04 0.00329111 -0.000396726
9141.22 0.00322494 -0.000398317
9143.4 0.00315361 -0.000399222
9145.58 0.00307721 -0.000399501
9147.76 0.00299581 -0.000399178
9149.94 0.00290957 -0.000398232
9152.12 0.00281863 -0.000396671
9154.29 0.00272313 -0.000394554
9156.47 0.00262318 -0.000391928
9158.65 0.00251894 -0.000388786
9160.83 0.00241058 -0.000385121
9163.01 0.00229829 -0.000380973
9165.19 0.00218221 -0.000376405
9167.37 0.0020625 -0.000371427
9169.55 0.00193937 -0.000366025
9171.73 0.00181303 -0.000360216
9173.91 0.00168365 -0.00035406
9176.09 0.00155142 -0.000347589
9178.26 0.00141655 -0.000340788
9180.44 0.00127927 -0.000333652
9182.62 0.0011398 -0.000326228
9184.8 0.000998332 -0.000318558
9186.98 0.000855072 -0.000310637
9189.16 0.000710276 -0.000302446
9191.34 0.000564189 -0.000294007
9193.52 0.000417016 -0.000285366
9195.7 0.000268969 -0.000276532
9197.88 0.000120299 -0.000267479
9200.05 -2.87275e-05 -0.000258205
9202.23 -0.000177883 -0.000248748
9204.41 -0.000326959 -0.000239131
9206.59 -0.000475713 -0.000229329
9208.77 -0.000623874 -0.000219322
9210.95 -0.000771197 -0.000209134
9213.13 -0.000917467 -0.000198794
9215.31 -0.00106246 -0.00018829
9217.49 -0.00120592 -0.000177589
9219.67 -0.00134758 -0.000166696
9221.84 -0.00148723 -0.000155644
9224.02 -0.00162466 -0.000144434
9226.2 -0.00175964 -0.000133033
9228.38 -0.0018919 -0.000121427
9230.56 -0.00202123 -0.000109646
9232.74 -0.00214744 -9.77052e-05
9234.92 -0.00227031 -8.55797e-05
9237.1 -0.00238962 -7.32443e-05
9239.28 -0.00250515 -6.07168e-05
9241.46 -0.00261672 -4.80263e-05
9243.63 -0.00272416 -3.51635e-05
9245.81 -0.00282726 -2.20984e-05
9247.99 -0.00292583 -8.83634e-06
9250.17 -0.0030197 4.58648e-06
9252.35 -0.00310874 1.81595e-05
9254.53 -0.00319278 3.19078e-05
9256.71 -0.00327166 4.58375e-05
9258.89 -0.00334524 5.99121e-05
9261.07 -0.0034134 7.41006e-05
9263.25 -0.00347604 8.84143e-05
9265.43 -0.00353303 0.000102867
9267.6 -0.00358425 0.000117427
9269.78 -0.00362964 0.000132046
9271.96 -0.00366912 0.000146715
9274.14 -0.00370261 0.000161448
9276.32 -0.00373005 0.000176224
9278.5 -0.0037514 0.000190984
9280.68 -0.00376662 0.000205694
9282.86 -0.00377569 0.00022036
9285.04 -0.00377858 0.000234972
9287.22 -0.0037753 0.000249471
9289.39 -0.00376585 0.000263798
9291.57 -0.00375026 0.000277944
9293.75 -0.00372854 0.000291907
9295.93 -0.00370074 0.000305638
9298.11 -0.0036669 0.00031906
9300.29 -0.00362711 0.000332142
9302.47 -0.00358141 0.000344885
9304.65 -0.00352989 0.000357256
9306.83 -0.00347264 0.000369176
9309.01 -0.00340976 0.000380588
9311.18 -0.00334138 0.000391486
9313.36 -0.00326759 0.000401858
9315.54 -0.00318852 0.000411638
9317.72 -0.00310432 0.00042075
9319.9 -0.00301515 0.000429173
9322.08 -0.00292113 0.000436912
9324.26 -0.00282243 0.000443925
9326.44 -0.00271923 0.000450133
9328.62 -0.0026117 0.000455496
9330.8 -0.00250001 0.000460025
9332.97 -0.00238436 0.000463713
9335.15 -0.00226493 0.000466492
9337.33 -0.00214193 0.000468309
9339.51 -0.00201557 0.000469172
9341.69 -0.00188604 0.000469101
9343.87 -0.00175356 0.000468061
9346.05 -0.00161835 0.000465996
9348.23 -0.00148063 0.0004629
9350.41 -0.00134062 0.000458815
9352.59 -0.00119853 0.000453746
9354.77 -0.00105461 0.000447648
9356.94 -0.000909092 0.000440505
9359.12 -0.000762197 0.000432364
9361.3 -0.000614147 0.000423269
9363.48 -0.000465187 0.000413202
9365.66 -0.000315564 0.000402144
9367.84 -0.000165504 0.000390134
9370.02 -1.52252e-05 0.000377244
9372.2 0.000135035 0.000363495
9374.38 0.000285024 0.000348873
9376.56 0.00043451 0.000333406
9378.73 0.000583282 0.000317175
9380.91 0.000731115 0.000300243
9383.09 0.000877765 0.000282612
9385.27 0.001023 0.000264298
9387.45 0.0011666 0.00024538
9389.63 0.00130838 0.000225946
9391.81 0.00144809 0.000206029
9393.99 0.00158552 0.000185639
9396.17 0.00172045 0.000164838
9398.35 0.0018527 0.000143726
9400.52 0.00198207 0.000122368
9402.7 0.00210834 0.000100777
9404.88 0.00223131 7.89942e-05
9407.06 0.00235081 5.71152e-05
9409.24 0.00246666 3.52261e-05
9411.42 0.00257868 1.33555e-05
9413.6 0.00268667 -8.47436e-06
9415.78 0.00279049 -3.01878e-05
9417.96 0.00288998 -5.16893e-05
9420.14 0.00298498 -7.29327e-05
9422.31 0.00307533 -9.39063e-05
9424.49 0.00316088 -0.000114562
9426.67 0.00324153 -0.000134811
9428.85 0.00331714 -0.000154592
9431.03 0.00338758 -0.000173896
9433.21 0.00345272 -0.000192702
9435.39 0.00351247 -0.00021094
9437.57 0.00356676 -0.000228544
9439.75 0.00361548 -0.0002455
9441.93 0.00365852 -0.00026181
9444.11 0.00369583 -0.000277433
9446.28 0.00372737 -0.000292307
9448.46 0.00375307 -0.00030641
9450.64 0.00377286 -0.000319758
9452.82 0.00378671 -0.000332343
9455 0.0037946 -0.000344115
9457.18 0.00379653 -0.000355048
9459.36 0.00379248 -0.000365165
9461.54 0.00378241 -0.000374483
9463.72 0.00376636 -0.000382977
9465.9 0.00374437 -0.000390618
9468.07 0.00371644 -0.000397428
9470.25 0.00368261 -0.000403444
9472.43 0.00364291 -0.000408667
9474.61 0.00359742 -0.000413074
9476.79 0.00354622 -0.000416677
9478.97 0.00348935 -0.000419525
9481.15 0.00342688 -0.000421647
9483.33 0.00335894 -0.000423028
9485.51 0.00328563 -0.000423671
9487.69 0.00320705 -0.000423626
9489.86 0.00312329 -0.000422941
9492.04 0.00303449 -0.000421619
9494.22 0.00294081 -0.000419651
9496.4 0.00284239 -0.000417079
9498.58 0.00273935 -0.000413964
9500.76 0.00263184 -0.000410325
9502.94 0.00252006 -0.000406153
9505.12 0.00240418 -0.000401468
9507.3 0.00228435 -0.000396332
9509.48 0.00216076 -0.000390785
9511.65 0.0020336 -0.000384819
9513.83 0.0019031 -0.000378433
9516.01 0.00176943 -0.000371678
9518.19 0.00163279 -0.000364606
9520.37 0.0014934 -0.000357219
9522.55 0.00135149 -0.000349501
9524.73 0.00120728 -0.000341478
9526.91 0.00106098 -0.000333208
9529.09 0.000912802 -0.000324707
9531.27 0.000763014 -0.00031595
9533.44 0.000611855 -0.000306938
9535.62 0.000459541 -0.000297719
9537.8 0.0003063 -0.000288324
9539.98 0.000152394 -0.000278732
9542.16 -1.91437e-06 -0.000268919
9544.34 -0.000156395 -0.000258914
9546.52 -0.000310821 -0.000248758
9548.7 -0.000464933 -0.000238443
9550.88 -0.00061846 -0.00022793
9553.06 -0.000771158 -0.000217223
9555.24 -0.000922802 -0.000206363
9557.41 -0.00107315 -0.000195359
9559.59 -0.00122192 -0.000184173
9561.77 -0.00136887 -0.000172782
9563.95 -0.00151378 -0.000161218
9566.13 -0.00165641 -0.000149508
9568.31 -0.00179652 -0.000137624
9570.49 -0.00193383 -0.000125527
9572.67 -0.00206815 -0.00011323
9574.85 -0.00219927 -0.000100772
9577.03 -0.00232695 -8.8147e-05
9579.2 -0.00245094 -7.53096e-05
9581.38 -0.00257105 -6.22511e-05
9583.56 -0.00268708 -4.90127e-05
9585.74 -0.00279885 -3.5614e-05
9587.92 -0.00290614 -2.20192e-05
9590.1 -0.00300874 -8.20068e-06
9592.28 -0.0031065 5.80948e-06
9594.46 -0.00319927 1.9969e-05
9596.64 -0.00328687 3.42907e-05
9598.82 -0.00336912 4.88111e-05
9600.99 -0.00344588 6.35154e-05
9603.17 -0.00351707 7.8348e-05
9605.35 -0.00358254 9.32908e-05
9607.53 -0.00364214 0.000108375
9609.71 -0.00369577 0.000123604
9611.89 -0.00374337 0.000138922
9614.07 -0.00378487 0.00015428
9616.25 -0.00382017 0.000169689
9618.43 -0.00384918 0.000185165
9620.61 -0.00387188 0.000200664
9622.78 -0.00388826 0.000216115
9624.96 -0.00389829 0.000231497
9627.14 -0.0039019 0.000246828
9629.32 -0.0038991 0.000262081
9631.5 -0.00388994 0.000277178
9633.68 -0.00387445 0.000292066
9635.86 -0.00385261 0.000306747
9638.04 -0.00382445 0.000321215
9640.22 -0.00379005 0.000335398
9642.4 -0.00374952 0.000349217
9644.58 -0.00370289 0.000362651
9646.75 -0.00365022 0.000375704
9648.93 -0.00359162 0.000388324
9651.11 -0.00352723 0.000400422
9653.29 -0.00345716 0.00041195
9655.47 -0.00338151 0.000422909
9657.65 -0.00330038 0.000433275
9659.83 -0.00321397 0.000442966
9662.01 -0.00312245 0.000451911
9664.19 -0.00302593 0.000460102
9666.37 -0.00292456 0.000467537
9668.54 -0.00281855 0.000474157
9670.72 -0.0027081 0.000479884
9672.9 -0.00259338 0.000484693
9675.08 -0.00247456 0.000488598
9677.26 -0.00235183 0.000491573
9679.44 -0.00222545 0.000493547
9681.62 -0.00209563 0.000494482
9683.8 -0.00196254 0.000494398
9685.98 -0.00182639 0.000493303
9688.16 -0.00168744 0.00049115
9690.33 -0.00154593 0.000487895
9692.51 -0.00140208 0.000483554
9694.69 -0.00125608 0.000478164
9696.87 -0.00110817 0.000471716
9699.05 -0.000958643 0.000464168
9701.23 -0.000807728 0.00045553
9703.41 -0.000655616 0.000445857
9705.59 -0.000502541 0.000435179
9707.77 -0.000348786 0.000423472
9709.95 -0.000194612 0.00041074
9712.12 -4.02207e-05 0.000397043
9714.3 0.00011418 0.000382444
9716.48 0.000268322 0.000366951
9718.66 0.00042193 0.000350564
9720.84 0.000574783 0.000333338
9723.02 0.000726694 0.00031536
9725.2 0.000877425 0.000296673
9727.38 0.0010267 0.000277281
9729.56 0.00117428 0.00025723
9731.74 0.00132 0.000236613
9733.92 0.00146364 0.000215505
9736.09 0.00160495 0.000193928
9738.27 0.00174369 0.000171912
9740.45 0.00187967 0.000149546
9742.63 0.00201273 0.000126925
9744.81 0.00214264 0.000104093
9746.99 0.00226917 8.10726e-05
9749.17 0.00239214 5.79336e-05
9751.35 0.00251138 3.47792e-05
9753.53 0.00262673 1.16749e-05
9755.71 0.00273798 -1.13578e-05
9757.88 0.00284493 -3.42727e-05
9760.06 0.00294745 -5.69752e-05
9762.24 0.00304541 -7.93837e-05
9764.42 0.00313863 -0.000101471
9766.6 0.00322693 -0.000123214
9768.78 0.00331019 -0.000144539
9770.96 0.00338832 -0.00016536
9773.14 0.00346119 -0.00018564
9775.32 0.00352863 -0.000205373
9777.5 0.00359055 -0.000224514
9779.67 0.00364686 -0.000242986
9781.85 0.00369751 -0.000260743
9784.03 0.00374237 -0.000277787
9786.21 0.00378133 -0.000294106
9788.39 0.00381437 -0.000309641
9790.57 0.00384145 -0.000324342
9792.75 0.00386252 -0.000338212
9794.93 0.00387749 -0.000351267
9797.11 0.00388634 -0.000363477
9799.29 0.00388909 -0.000374795
9801.46 0.00388574 -0.000385217
9803.64 0.00387624 -0.00039478
9805.82 0.00386058 -0.000403486
9808 0.00383883 -0.000411298
9810.18 0.00381104 -0.000418208
9812.36 0.0037772 -0.000424257
9814.54 0.00373734 -0.000429478
9816.72 0.00369153 -0.000433856
9818.9 0.00363988 -0.000437376
9821.08 0.00358245 -0.000440075
9823.25 0.00351928 -0.000442008
9825.43 0.00345048 -0.000443186
9827.61 0.00337617 -0.000443592
9829.79 0.00329648 -0.000443252
9831.97 0.00321151 -0.00044223
9834.15 0.00312134 -0.000440562
9836.33 0.00302616 -0.00043824
9838.51 0.00292614 -0.00043527
9840.69 0.00282139 -0.000431714
9842.87 0.00271206 -0.000427628
9845.05 0.00259832 -0.000423016
9847.22 0.00248038 -0.000417872
9849.4 0.00235843 -0.000412239
9851.58 0.0022326 -0.000406182
9853.76 0.00210309 -0.000399725
9855.94 0.00197014 -0.000392853
9858.12 0.00183395 -0.000385584
9860.3 0.00169473 -0.000377979
9862.48 0.00155264 -0.00037008
9864.66 0.00140795 -0.000361873
9866.84 0.0012609 -0.00035335
9869.01 0.00111171 -0.000344556
9871.19 0.000960578 -0.000335543
9873.37 0.000807744 -0.000326308
9875.55 0.000653484 -0.000316825
9877.73 0.000498046 -0.000307112
9879.91 0.00034164 -0.000297221
9882.09 0.000184497 -0.000287167
9884.27 2.69001e-05 -0.000276915
9886.45 -0.000130878 -0.000266455
9888.63 -0.00028861 -0.000255828
9890.8 -0.000446073 -0.000245064
9892.98 -0.000602995 -0.000234136
9895.16 -0.000759089 -0.000223009
9897.34 -0.000914108 -0.000211704
9899.52 -0.00106783 -0.000200259
9901.7 -0.00122002 -0.000188667
9903.88 -0.00137038 -0.00017688
9906.06 -0.00151864 -0.000164893
9908.24 -0.00166461 -0.000152745
9910.42 -0.00180804 -0.000140449
9912.59 -0.00194868 -0.000127962
9914.77 -0.00208626 -0.000115257
9916.95 -0.00222056 -0.000102359
9919.13 -0.00235139 -8.93024e-05
9921.31 -0.00247851 -7.60638e-05
9923.49 -0.00260167 -6.25998e-05
9925.67 -0.00272066 -4.89185e-05
9927.85 -0.00283531 -3.5064e-05
9930.03 -0.00294543 -2.10404e-05
9932.21 -0.00305078 -6.80579e-06
9934.39 -0.00315118 7.65261e-06
9936.56 -0.00324648 2.22918e-05
9938.74 -0.00333652 3.70796e-05
9940.92 -0.00342114 5.20406e-05
9943.1 -0.00350015 6.72019e-05
9945.28 -0.00357343 8.25329e-05
9947.46 -0.00364088 9.79804e-05
9949.64 -0.00370238 0.00011354
9951.82 -0.0037578 0.000129241
9954 -0.00380703 0.00014507
9956.18 -0.00385001 0.000160964
9958.35 -0.00388669 0.000176888
9960.53 -0.00391698 0.000192857
9962.71 -0.00394081 0.000208871
9964.89 -0.00395816 0.000224875
9967.07 -0.00396902 0.000240804
9969.25 -0.00397338 0.000256648
9971.43 -0.0039712 0.000272415
9973.61 -0.00396249 0.00028806
9975.79 -0.00394731 0.000303506
9977.97 -0.00392569 0.000318713
9980.14 -0.00389765 0.00033368
9982.32 -0.00386322 0.000348381
9984.5 -0.0038225 0.000362739
9986.68 -0.0037756 0.000376686
9988.86 -0.00372256 0.000390207
9991.04 -0.00366348 0.000403289
9993.22 -0.00359847 0.000415866
9995.4 -0.00352767 0.000427857
9997.58 -0.00345122 0.000439228
9999.76 -0.00336922 0.000449969
10001.9 -0.00328181 0.000460038
10004.1 -0.00318917 0.000469355
10006.3 -0.00309148 0.000477865
10008.5 -0.00298889 0.000485562
10010.7 -0.00288155 0.000492423
10012.8 -0.00276968 0.000498385
10015 -0.00265348 0.000503386
10017.2 -0.00253314 0.000507413
10019.4 -0.00240884 0.000510465
10021.5 -0.0022808 0.000512503
10023.7 -0.00214925 0.00051347
10025.9 -0.00201442 0.000513347
10028.1 -0.0018765 0.000512149
10030.3 -0.00173572 0.000509867
10032.4 -0.00159232 0.00050646
10034.6 -0.00144655 0.000501907
10036.8 -0.00129863 0.000496233
10039 -0.00114879 0.000489459
10041.2 -0.00099726 0.000481566
10043.3 -0.000844318 0.000472541
10045.5 -0.000690195 0.00046241
10047.7 -0.00053511 0.000451221
10049.9 -0.000379306 0.000438985
10052.1 -0.000223051 0.000425697
10054.2 -6.65905e-05 0.000411388
10056.4 8.98543e-05 0.00039612
10058.6 0.000246053 0.000379934
10060.8 0.000401748 0.000362843
10062.9 0.000556687 0.000344877
10065.1 0.000710647 0.000326106
10067.3 0.000863413 0.000306598
10069.5 0.00101474 0.000286384
10071.7 0.00116439 0.000265495
10073.8 0.00131213 0.000244001
10076 0.00145776 0.000221989
10078.2 0.00160107 0.00019951
10080.4 0.00174181 0.000176597
10082.6 0.00187977 0.000153313
10084.7 0.00201476 0.000129752
10086.9 0.00214658 0.000105985
10089.1 0.00227503 8.20491e-05
10091.3 0.00239988 5.79946e-05
10093.5 0.00252097 3.39126e-05
10095.6 0.00263813 9.88817e-06
10097.8 0.00275116 -1.40357e-05
10100 0.00285989 -3.78222e-05
10102.2 0.00296414 -6.13945e-05
10104.3 0.00306377 -8.46621e-05
10106.5 0.00315864 -0.000107574
10108.7 0.00324857 -0.000130105
10110.9 0.00333342 -0.000152202
10113.1 0.00341307 -0.00017378
10115.2 0.00348741 -0.000194779
10117.4 0.0035563 -0.000215183
10119.6 0.00361963 -0.000234967
10121.8 0.00367729 -0.000254062
10124 0.00372921 -0.000272403
10126.1 0.00377531 -0.000289977
10128.3 0.00381548 -0.000306784
10130.5 0.00384967 -0.000322784
10132.7 0.00387782 -0.000337916
10134.9 0.00389989 -0.000352161
10137 0.00391583 -0.00036554
10139.2 0.00392561 -0.000378044
10141.4 0.0039292 -0.000389628
10143.6 0.00392662 -0.000400267
10145.8 0.00391784 -0.000409988
10147.9 0.00390287 -0.000418817
10150.1 0.00388173 -0.000426731
10152.3 0.00385446 -0.000433704
10154.5 0.00382109 -0.000439759
10156.6 0.00378166 -0.000444945
10158.8 0.00373622 -0.00044927
10161 0.00368486 -0.000452713
10163.2 0.00362765 -0.000455286
10165.4 0.00356467 -0.000457048
10167.5 0.00349599 -0.000458038
10169.7 0.00342175 -0.000458247
10171.9 0.00334205 -0.000457676
10174.1 0.00325701 -0.000456377
10176.3 0.00316675 -0.000454413
10178.4 0.00307142 -0.000451797
10180.6 0.00297116 -0.000448519
10182.8 0.00286614 -0.000444617
10185 0.00275649 -0.00044016
10187.2 0.00264239 -0.000435185
10189.3 0.00252403 -0.000429682
10191.5 0.00240159 -0.000423666
10193.7 0.00227524 -0.0004172
10195.9 0.00214518 -0.000410338
10198 0.00201162 -0.000403079
10200.2 0.00187477 -0.000395417
10202.4 0.00173484 -0.000387396
10204.6 0.00159202 -0.000379076
10206.8 0.00144655 -0.000370472
10208.9 0.00129868 -0.000361565
10211.1 0.00114861 -0.000352369
10213.3 0.00099658 -0.000342942
10215.5 0.000842815 -0.000333313
10217.7 0.000687576 -0.00032346
10219.8 0.000531111 -0.000313373
10222 0.000373651 -0.000303089
10224.2 0.000215432 -0.00029265
10226.4 5.67219e-05 -0.000282043
10228.6 -0.000102214 -0.000271237
10230.7 -0.000261134 -0.000260245
10232.9 -0.000419801 -0.000249109
10235.1 -0.000577953 -0.000237835
10237.3 -0.000735312 -0.000226382
10239.4 -0.000891626 -0.000214738
10241.6 -0.00104666 -0.000202938
10243.8 -0.00120016 -0.000191001
10246 -0.00135186 -0.000178897
10248.2 -0.0015015 -0.000166591
10250.3 -0.00164883 -0.000154102
10252.5 -0.00179364 -0.000141461
10254.7 -0.00193566 -0.000128655
10256.9 -0.00207463 -0.000115642
10259.1 -0.00221033 -0.000102417
10261.2 -0.00234254 -8.90175e-05
10263.4 -0.00247104 -7.54513e-05
10265.6 -0.00259558 -6.16813e-05
10267.8 -0.00271594 -4.76853e-05
10270 -0.00283194 -3.34931e-05
10272.1 -0.00294338 -1.91344e-05
10274.3 -0.00305005 -4.58896e-06
10276.5 -0.00315174 1.01753e-05
10278.7 -0.0032483 2.5142e-05
10280.8 -0.00333958 4.02678e-05
10283 -0.0034254 5.55474e-05
10285.2 -0.00350559 7.10111e-05
10287.4 -0.00358001 8.66574e-05
10289.6 -0.00364857 0.000102439
10291.7 -0.00371114 0.000118324
10293.9 -0.00376759 0.000134328
10296.1 -0.00381781 0.000150461
10298.3 -0.00386175 0.000166681
10300.5 -0.00389934 0.000182932
10302.6 -0.0039305 0.000199208
10304.8 -0.00395516 0.000215518
10307 -0.0039733 0.000231833
10309.2 -0.00398492 0.000248085
10311.4 -0.00398998 0.000264236
10313.5 -0.00398848 0.000280292
10315.7 -0.00398041 0.00029623
10317.9 -0.00396582 0.000311983
10320.1 -0.00394476 0.000327489
10322.3 -0.00391724 0.000342731
10324.4 -0.00388331 0.0003577
10326.6 -0.00384306 0.000372335
10328.8 -0.00379658 0.000386557
10331 -0.00374394 0.000400328
10333.1 -0.00368524 0.000413639
10335.3 -0.00362058 0.000426447
10337.5 -0.00355011 0.000438667
10339.7 -0.00347396 0.000450242
10341.9 -0.00339224 0.000461159
10344 -0.0033051 0.000471392
10346.2 -0.00321271 0.000480869
10348.4 -0.00311525 0.000489517
10350.6 -0.00301288 0.000497314
10352.8 -0.00290575 0.000504254
10354.9 -0.00279408 0.000510286
10357.1 -0.00267807 0.000515337
10359.3 -0.0025579 0.000519374
10361.5 -0.00243377 0.000522403
10363.7 -0.0023059 0.000524405
10365.8 -0.00217451 0.000525319
10368 -0.00203982 0.000525105
10370.2 -0.00190205 0.000523776
10372.4 -0.00176141 0.000521344
10374.5 -0.00161815 0.000517774
10376.7 -0.00147252 0.000513026
10378.9 -0.00132473 0.000507114
10381.1 -0.00117501 0.000500075
10383.3 -0.00102361 0.000491911
10385.4 -0.000870792 0.000482591
10387.6 -0.00071678 0.000472125
10389.8 -0.0005618 0.000460569
10392 -0.000406102 0.000447959
10394.2 -0.000249948 0.000434289
10396.3 -9.3577e-05 0.000419563
10398.5 6.27914e-05 0.000403843
10400.7 0.00021892 0.000387198
10402.9 0.00037455 0.00036965
10405.1 0.000529435 0.000351206
10407.2 0.000683362 0.000331922
10409.4 0.000836109 0.000311889
10411.6 0.00098743 0.00029116
10413.8 0.00113708 0.000269753
10415.9 0.00128484 0.000247713
10418.1 0.00143053 0.000225135
10420.3 0.0015739 0.000202103
10422.5 0.00171472 0.000178651
10424.7 0.00185278 0.000154813
10426.8 0.0019879 0.000130675
10429 0.00211988 0.00010634
10431.2 0.00224851 8.18633e-05
10433.4 0.00237356 5.72712e-05
10435.6 0.00249488 3.26316e-05
10437.7 0.0026123 8.0506e-06
10439.9 0.00272562 -1.63967e-05
10442.1 0.00283465 -4.0683e-05
10444.3 0.00293924 -6.47649e-05
10446.5 0.00303925 -8.85489e-05
10448.6 0.00313452 -0.000111946
10450.8 0.00322488 -0.000134923
10453 0.00331017 -0.000157459
10455.2 0.00339031 -0.000179485
10457.4 0.00346517 -0.000200911
10459.5 0.0035346 -0.000221694
10461.7 0.00359849 -0.000241829
10463.9 0.00365675 -0.000261279
10466.1 0.0037093 -0.000279969
10468.2 0.00375606 -0.000297846
10470.4 0.00379691 -0.000314909
10472.6 0.00383179 -0.000331159
10474.8 0.00386067 -0.000346542
10477 0.00388351 -0.000361004
10479.1 0.00390024 -0.000374545
10481.3 0.00391081 -0.000387188
10483.5 0.00391523 -0.000398915
10485.7 0.00391351 -0.000409679
10487.9 0.00390563 -0.000419474
10490 0.00389155 -0.000428335
10492.2 0.00387132 -0.000436282
10494.4 0.003845 -0.000443285
10496.6 0.00381261 -0.00044933
10498.8 0.00377417 -0.000454457
10500.9 0.00372973 -0.00045871
10503.1 0.00367938 -0.00046209
10505.3 0.00362323 -0.000464579
10507.5 0.00356132 -0.000466207
10509.6 0.00349372 -0.000467038
10511.8 0.00342057 -0.000467098
10514 0.00334199 -0.000466376
10516.2 0.0032581 -0.00046489
10518.4 0.00316899 -0.000462703
10520.5 0.0030748 -0.000459867
10522.7 0.00297572 -0.000456384
10524.9 0.0028719 -0.000452257
10527.1 0.00276346 -0.000447539
10529.3 0.00265056 -0.000442294
10531.4 0.0025334 -0.000436544
10533.6 0.0024122 -0.000430281
10535.8 0.0022871 -0.000423538
10538 0.00215827 -0.000416381
10540.2 0.00202593 -0.000408846
10542.3 0.00189032 -0.000400927
10544.5 0.00175164 -0.000392631
10546.7 0.00161006 -0.000384011
10548.9 0.00146581 -0.000375116
10551 0.00131914 -0.000365947
10553.2 0.0011703 -0.000356488
10555.4 0.00101947 -0.000346773
10557.6 0.000866884 -0.000336851
10559.8 0.000712795 -0.000326734
10561.9 0.000557477 -0.000316397
10564.1 0.000401154 -0.000305844
10566.3 0.000244037 -0.000295119
10568.5 8.63859e-05 -0.000284246
10570.7 -7.1513e-05 -0.000273198
10572.8 -0.000229407 -0.000261957
10575 -0.000387082 -0.000250549
10577.2 -0.000544294 -0.000239006
10579.4 -0.000700753 -0.000227313
10581.6 -0.000856187 -0.000215435
10583.7 -0.00101037 -0.000203378
10585.9 -0.00116308 -0.000191175
10588.1 -0.00131404 -0.000178828
10590.3 -0.00146296 -0.000166298
10592.5 -0.00160961 -0.000153569
10594.6 -0.00175379 -0.000140671
10596.8 -0.00189523 -0.00012762
10599 -0.00203368 -0.000114388
10601.2 -0.00216888 -0.000100944
10603.3 -0.00230063 -8.7303e-05
10605.5 -0.00242873 -7.34967e-05
10607.7 -0.00255293 -5.95148e-05
10609.9 -0.00267298 -4.53211e-05
10612.1 -0.0027887 -3.09151e-05
10614.2 -0.00289993 -1.63328e-05
10616.4 -0.00300644 -1.58705e-06
10618.6 -0.00310802 1.33511e-05
10620.8 -0.00320449 2.84963e-05
10623 -0.00329573 4.38162e-05
10625.1 -0.00338158 5.92771e-05
10627.3 -0.00346184 7.48898e-05
10629.5 -0.00353638 9.0676e-05
10631.7 -0.00360508 0.000106613
10633.9 -0.00366786 0.000122653
10636 -0.00372459 0.000138782
10638.2 -0.00377512 0.000155017
10640.4 -0.0038194 0.000171349
10642.6 -0.0038574 0.000187723
10644.7 -0.00388903 0.000204099
10646.9 -0.00391421 0.000220482
10649.1 -0.00393291 0.000236867
10651.3 -0.00394513 0.000253206
10653.5 -0.00395088 0.000269436
10655.6 -0.00395011 0.000285538
10657.8 -0.00394282 0.000301511
10660 -0.00392906 0.000317313
10662.2 -0.0039089 0.000332872
10664.4 -0.00388235 0.000348142
10666.5 -0.00384943 0.000363115
10668.7 -0.00381024 0.00037776
10670.9 -0.00376488 0.000392005
10673.1 -0.00371344 0.000405783
10675.3 -0.00365599 0.000419071
10677.4 -0.00359263 0.00043185
10679.6 -0.00352351 0.000444057
10681.8 -0.00344878 0.000455613
10684 -0.00336855 0.00046648
10686.1 -0.00328294 0.000476645
10688.3 -0.00319213 0.000486063
10690.5 -0.00309631 0.000494659
10692.7 -0.00299565 0.000502379
10694.9 -0.00289028 0.000509213
10697 -0.00278038 0.00051514
10699.2 -0.00266621 0.000520098
10701.4 -0.00254795 0.000524028
10703.6 -0.00242577 0.000526918
10705.8 -0.00229986 0.00052877
10707.9 -0.00217047 0.000529548
10710.1 -0.00203785 0.000529198
10712.3 -0.00190218 0.000527704
10714.5 -0.00176367 0.000525087
10716.7 -0.00162254 0.000521341
10718.8 -0.00147907 0.00051643
10721 -0.0013335 0.000510336
10723.2 -0.001186 0.00050309
10725.4 -0.00103681 0.000494721
10727.5 -0.000886217 0.000485216
10729.7 -0.000734464 0.000474561
10731.9 -0.000581754 0.000462791
10734.1 -0.0004283 0.000449962
10736.3 -0.000274369 0.000436091
10738.4 -0.000120233 0.000421176
10740.6 3.38883e-05 0.000405249
10742.8 0.000187803 0.000388382
10745 0.000341268 0.000370626
10747.2 0.000494006 0.000351997
10749.3 0.000645783 0.000332521
10751.5 0.000796414 0.000312276
10753.7 0.000945688 0.000291342
10755.9 0.00109334 0.000269755
10758.1 0.00123913 0.000247541
10760.2 0.00138286 0.000224772
10762.4 0.00152436 0.000201544
10764.6 0.0016634 0.000177918
10766.8 0.00179972 0.000153924
10769 0.00193313 0.00012962
10771.1 0.00206348 0.000105105
10773.3 0.00219058 8.04641e-05
10775.5 0.00231418 5.57326e-05
10777.7 0.00243409 3.09533e-05
10779.8 0.00255018 6.2164e-06
10782 0.00266228 -1.83819e-05
10784.2 0.0027702 -4.27927e-05
10786.4 0.00287373 -6.69876e-05
10788.6 0.00297275 -9.08982e-05
10790.7 0.00306714 -0.000114427
10792.9 0.00315675 -0.000137513
10795.1 0.00324139 -0.000160136
10797.3 0.00332092 -0.000182255
10799.5 0.00339528 -0.000203788
10801.6 0.00346436 -0.000224662
10803.8 0.003528 -0.00024486
10806 0.00358608 -0.000264369
10808.2 0.00363854 -0.000283132
10810.4 0.00368533 -0.000301077
10812.5 0.00372635 -0.000318182
10814.7 0.0037615 -0.000334456
10816.9 0.00379072 -0.000349875
10819.1 0.00381401 -0.00036438
10821.2 0.00383133 -0.00037794
10823.4 0.0038426 -0.000390577
10825.6 0.0038478 -0.000402301
10827.8 0.00384694 -0.000413075
10830 0.00384006 -0.000422866
10832.1 0.00382712 -0.000431696
10834.3 0.0038081 -0.000439601
10836.5 0.00378306 -0.000446577
10838.7 0.00375208 -0.000452595
10840.9 0.00371518 -0.000457668
10843 0.00367238 -0.000461848
10845.2 0.00362374 -0.000465164
10847.4 0.00356938 -0.000467597
10849.6 0.00350939 -0.000469153
10851.8 0.00344383 -0.000469885
10853.9 0.00337277 -0.000469847
10856.1 0.00329636 -0.000469042
10858.3 0.00321474 -0.000467466
10860.5 0.00312802 -0.000465164
10862.6 0.00303629 -0.000462202
10864.8 0.00293971 -0.000458609
10867 0.00283847 -0.000454378
10869.2 0.00273272 -0.000449535
10871.4 0.00262259 -0.000444147
10873.5 0.00250824 -0.000438264
10875.7 0.00238988 -0.000431884
10877.9 0.00226771 -0.000425013
10880.1 0.0021419 -0.000417705
10882.3 0.0020126 -0.000410021
10884.4 0.00188005 -0.000401972
10886.6 0.00174447 -0.000393548
10888.8 0.00160607 -0.000384778
10891 0.00146502 -0.000375725
10893.2 0.00132155 -0.000366414
10895.3 0.00117591 -0.000356826
10897.5 0.00102834 -0.000346965
10899.7 0.000879033 -0.000336881
10901.9 0.000728202 -0.000326611
10904.1 0.000576115 -0.000316139
10906.2 0.000423035 -0.000305447
10908.4 0.00026918 -0.00029456
10910.6 0.000114761 -0.000283523
10912.8 -3.99619e-05 -0.000272332
10914.9 -0.000194707 -0.000260952
10917.1 -0.000349234 -0.000249386
10919.3 -0.000503327 -0.000237673
10921.5 -0.000656744 -0.000225826
10923.7 -0.0008092 -0.00021381
10925.8 -0.000960434 -0.000201602
10928 -0.00111023 -0.00018923
10930.2 -0.00125835 -0.000176721
10932.4 -0.00140454 -0.000164052
10934.6 -0.00154851 -0.000151186
10936.7 -0.00169006 -0.00013813
10938.9 -0.00182895 -0.000124921
10941.1 -0.00196496 -0.000111556
10943.3 -0.00209782 -9.79943e-05
10945.5 -0.0022273 -8.42243e-05
10947.6 -0.0023532 -7.02801e-05
10949.8 -0.00247532 -5.6182e-05
10952 -0.00259343 -4.19007e-05
10954.2 -0.00270729 -2.74085e-05
10956.3 -0.00281672 -1.27289e-05
10958.5 -0.00292157 2.10028e-06
10960.7 -0.00302164 1.70867e-05
10962.9 -0.00311671 3.2263e-05
10965.1 -0.00320664 4.76217e-05
10967.2 -0.00329129 6.31168e-05
10969.4 -0.00337051 7.873e-05
10971.6 -0.00344415 9.44861e-05
10973.8 -0.00351206 0.000110392
10976 -0.00357416 0.000126405
10978.1 -0.00363035 0.000142481
10980.3 -0.00368052 0.000158626
10982.5 -0.00372457 0.000174856
10984.7 -0.00376243 0.000191135
10986.9 -0.00379408 0.000207405
10989 -0.00381946 0.000223644
10991.2 -0.00383849 0.000239864
10993.4 -0.00385118 0.000256042
10995.6 -0.00385751 0.000272114
10997.7 -0.00385751 0.00028803
10999.9 -0.00385115 0.000303787
11002.1 -0.00383845 0.000319374
11004.3 -0.00381947 0.000334729
11006.5 -0.00379426 0.000349781
11008.6 -0.00376286 0.000364505
11010.8 -0.00372532 0.000378893
11013 -0.00368174 0.000392897
11015.2 -0.00363222 0.000406435
11017.4 -0.00357685 0.000419457
11019.5 -0.00351572 0.000431954
11021.7 -0.00344895 0.000443893
11023.9 -0.00337669 0.000455196
11026.1 -0.00329907 0.000465796
11028.3 -0.00321622 0.000475672
11030.4 -0.00312829 0.00048481
11032.6 -0.00303545 0.000493149
11034.8 -0.00293789 0.000500614
11037 -0.00283575 0.000507173
11039.1 -0.00272921 0.000512823
11041.3 -0.00261846 0.000517533
11043.5 -0.00250372 0.000521233
11045.7 -0.00238518 0.000523881
11047.9 -0.00226301 0.000525483
11050 -0.00213743 0.000526035
11052.2 -0.00200867 0.000525492
11054.4 -0.00187694 0.000523808
11056.6 -0.00174246 0.00052099
11058.8 -0.00160542 0.00051706
11060.9 -0.00146607 0.000512005
11063.1 -0.00132465 0.000505787
11065.3 -0.00118137 0.000498411
11067.5 -0.00103645 0.000489918
11069.7 -0.000890118 0.000480328
11071.8 -0.000742635 0.000469624
11074 -0.000594224 0.000457808
11076.2 -0.000445092 0.00044493
11078.4 -0.000295469 0.000431042
11080.6 -0.000145611 0.000416153
11082.7 4.2464e-06 0.000400269
11084.9 0.000153897 0.000383438
11087.1 0.000303127 0.000365735
11089.3 0.000451691 0.000347201
11091.4 0.000599347 0.000327849
11093.6 0.000745889 0.000307723
11095.8 0.000891118 0.000286909
11098 0.00103481 0.000265474
11100.2 0.00117673 0.000243449
11102.3 0.00131665 0.00022087
11104.5 0.00145442 0.000197821
11106.7 0.00158981 0.000174391
11108.9 0.00172261 0.000150628
11111.1 0.0018526 0.000126567
11113.2 0.00197963 0.000102278
11115.4 0.0021035 7.78591e-05
11117.6 0.00222402 5.33788e-05
11119.8 0.002341 2.88703e-05
11122 0.00245425 4.38823e-06
11124.1 0.00256365 -1.99738e-05
11126.3 0.00266902 -4.41343e-05
11128.5 0.00277017 -6.8055e-05
11130.7 0.00286694 -9.16997e-05
11132.8 0.00295922 -0.000114991
11135 0.00304687 -0.000137843
11137.2 0.00312974 -0.000160211
11139.4 0.00320768 -0.000182072
11141.6 0.00328058 -0.000203376
11143.7 0.00334836 -0.000224043
11145.9 0.0034109 -0.000244021
11148.1 0.00346806 -0.000263299
11150.3 0.00351978 -0.000281852
11152.5 0.00356598 -0.000299621
11154.6 0.0036066 -0.000316551
11156.8 0.00364155 -0.000332634
11159 0.00367075 -0.000347871
11161.2 0.00369419 -0.00036223
11163.4 0.00371184 -0.000375662
11165.5 0.00372365 -0.000388156
11167.7 0.00372957 -0.000399733
11169.9 0.00372961 -0.000410391
11172.1 0.0037238 -0.000420095
11174.2 0.00371211 -0.000428833
11176.4 0.00369456 -0.000436632
11178.6 0.00367117 -0.000443519
11180.8 0.00364199 -0.000449481
11183 0.00360707 -0.000454505
11185.1 0.00356644 -0.00045862
11187.3 0.00352016 -0.000461871
11189.5 0.00346831 -0.000464271
11191.7 0.00341099 -0.000465811
11193.9 0.00334828 -0.000466514
11196 0.00328025 -0.000466433
11198.2 0.00320702 -0.000465606
11200.4 0.00312872 -0.000464035
11202.6 0.00304548 -0.000461732
11204.8 0.00295739 -0.000458749
11206.9 0.00286459 -0.000455139
11209.1 0.00276726 -0.000450918
11211.3 0.00266555 -0.000446092
11213.5 0.00255959 -0.000440701
11215.7 0.00244953 -0.000434803
11217.8 0.00233558 -0.000428428
11220 0.00221792 -0.00042158
11222.2 0.00209672 -0.00041428
11224.4 0.00197214 -0.000406582
11226.5 0.00184439 -0.000398527
11228.7 0.00171368 -0.000390118
11230.9 0.00158022 -0.00038136
11233.1 0.00144419 -0.000372292
11235.3 0.0013058 -0.000362959
11237.4 0.00116529 -0.00035337
11239.6 0.00102287 -0.000343515
11241.8 0.000878756 -0.000333414
11244 0.000733152 -0.000323106
11246.2 0.000586307 -0.000312609
11248.3 0.000438469 -0.000301907
11250.5 0.000289852 -0.000290997
11252.7 0.000140672 -0.00027991
11254.9 -8.82379e-06 -0.000268669
11257.1 -0.000158374 -0.000257259
11259.2 -0.000307745 -0.000245662
11261.4 -0.000456722 -0.000233893
11263.6 -0.000605064 -0.000221977
11265.8 -0.000752504 -0.00020991
11267.9 -0.000898795 -0.000197665
11270.1 -0.00104372 -0.00018524
11272.3 -0.00118705 -0.000172659
11274.5 -0.00132853 -0.000159929
11276.7 -0.00146791 -0.000147026
11278.8 -0.00160495 -0.000133933
11281 -0.00173947 -0.000120669
11283.2 -0.00187121 -0.000107253
11285.4 -0.00199992 -9.36683e-05
11287.6 -0.00212539 -7.98928e-05
11289.7 -0.00224744 -6.59349e-05
11291.9 -0.00236584 -5.18211e-05
11294.1 -0.00248037 -3.75513e-05
11296.3 -0.00259082 -2.3102e-05
11298.5 -0.00269702 -8.47147e-06
11300.6 -0.00279881 6.31138e-06
11302.8 -0.00289599 2.12297e-05
11305 -0.00298835 3.62991e-05
11307.2 -0.00307575 5.15294e-05
11309.3 -0.00315808 6.68952e-05
11311.5 -0.00323519 8.23646e-05
11313.7 -0.0033069 9.7938e-05
11315.9 -0.00337309 0.000113628
11318.1 -0.00343369 0.000129417
11320.2 -0.0034886 0.000145262
11322.4 -0.0035377 0.000161144
11324.6 -0.0035809 0.000177071
11326.8 -0.00361814 0.000193032
11329 -0.0036494 0.000208982
11331.1 -0.00367461 0.00022488
11333.3 -0.00369371 0.000240721
11335.5 -0.00370669 0.000256498
11337.7 -0.00371356 0.000272169
11339.9 -0.00371433 0.000287677
11342 -0.00370897 0.000302996
11344.2 -0.0036975 0.000318119
11346.4 -0.00367997 0.000333011
11348.6 -0.00365647 0.000347604
11350.8 -0.00362701 0.000361852
11352.9 -0.00359162 0.000375741
11355.1 -0.00355041 0.000389243
11357.3 -0.0035035 0.000402294
11359.5 -0.00345096 0.000414829
11361.6 -0.00339287 0.00042682
11363.8 -0.00332934 0.00043825
11366 -0.00326053 0.000449064
11368.2 -0.00318658 0.000459191
11370.4 -0.0031076 0.000468588
11372.5 -0.00302371 0.000477244
11374.7 -0.00293508 0.000485122
11376.9 -0.00284193 0.000492156
11379.1 -0.00274438 0.000498295
11381.3 -0.00264258 0.000503527
11383.4 -0.00253671 0.000507837
11385.6 -0.00242701 0.000511178
11387.8 -0.00231366 0.000513496
11390 -0.00219681 0.000514777
11392.2 -0.00207666 0.000515027
11394.3 -0.00195344 0.000514226
11396.5 -0.00182738 0.000512328
11398.7 -0.00169866 0.000509317
11400.9 -0.00156746 0.000505214
11403 -0.00143401 0.000500027
11405.2 -0.00129858 0.000493732
11407.4 -0.00116136 0.000486313
11409.6 -0.00102253 0.000477798
11411.8 -0.000882321 0.000468222
11413.9 -0.00074099 0.000457589
11416.1 -0.000598766 0.00044589
11418.3 -0.000455833 0.000433153
11420.5 -0.000312394 0.000419433
11422.7 -0.000168701 0.000404764
11424.8 -2.50039e-05 0.00038915
11427 0.000118507 0.000372619
11429.2 0.000261647 0.000355235
11431.4 0.000404184 0.000337058
11433.6 0.000545865 0.000318114
11435.8 0.00069132 0.000297735
11438.1 0.00083545 0.000276635
11440.3 0.000978028 0.000254899
11442.6 0.00111878 0.000232579
11444.8 0.00125748 0.000209708
11447.1 0.00139394 0.000186356
11449.3 0.00152797 0.00016262
11451.6 0.00165931 0.000138568
11453.8 0.00178774 0.000114238
11456.1 0.00191308 8.96953e-05
11458.4 0.00203516 6.50379e-05
11460.6 0.00215376 4.03459e-05
11462.9 0.00226865 1.56618e-05
11465.1 0.00237967 -8.9597e-06
11467.4 0.00248669 -3.34259e-05
11469.6 0.00258952 -5.76513e-05
11471.9 0.00268794 -8.15911e-05
11474.1 0.0027818 -0.000105203
11476.4 0.002871 -0.000128408
11478.6 0.00295539 -0.000151122
11480.9 0.00303478 -0.0001733
11483.1 0.00310904 -0.000194914
11485.4 0.00317808 -0.000215904
11487.7 0.00324181 -0.000236194
11489.9 0.00330008 -0.000255743
11492.2 0.00335276 -0.000274536
11494.4 0.0033998 -0.000292535
11496.7 0.00344116 -0.000309679
11498.9 0.00347673 -0.000325932
11501.2 0.00350641 -0.000341293
11503.4 0.00353017 -0.000355748
11505.7 0.00354803 -0.000369253
11507.9 0.00355991 -0.000381779
11510.2 0.00356575 -0.000393339
11512.5 0.00356556 -0.000403939
11514.7 0.00355939 -0.000413557
11517 0.00354723 -0.000422172
11519.2 0.00352906 -0.000429805
11521.5 0.00350489 -0.000436484
11523.7 0.00347484 -0.000442206
11526 0.00343894 -0.00044696
11528.2 0.0033972 -0.000450771
11530.5 0.0033497 -0.000453684
11532.7 0.00329654 -0.000455715
11535 0.00323785 -0.000456861
11537.2 0.00317368 -0.000457148
11539.5 0.0031041 -0.000456633
11541.8 0.00302927 -0.000455347
11544 0.00294936 -0.000453294
11546.3 0.00286447 -0.000450499
11548.5 0.00277468 -0.00044702
11550.8 0.00268019 -0.000442902
11553 0.0025812 -0.000438154
11555.3 0.00247785 -0.000432795
11557.5 0.00237027 -0.000426879
11559.8 0.00225864 -0.000420458
11562 0.0021432 -0.000413546
11564.3 0.00202415 -0.000406151
11566.6 0.00190163 -0.000398319
11568.8 0.00177583 -0.000390103
11571.1 0.00164701 -0.000381519
11573.3 0.0015154 -0.000372566
11575.6 0.00138118 -0.000363274
11577.8 0.00124454 -0.000353692
11580.1 0.00110575 -0.000343841
11582.3 0.000965072 -0.000333708
11584.6 0.000822707 -0.000323307
11586.8 0.000678849 -0.000312679
11589.1 0.000533771 -0.000301848
11591.4 0.000387763 -0.000290794
11593.6 0.00024105 -0.000279515
11595.9 9.38255e-05 -0.000268043
11598.1 -5.36431e-05 -0.000256401
11600.4 -0.00020105 -0.000244573
11602.6 -0.000348146 -0.000232539
11604.9 -0.000494734 -0.000220321
11607.1 -0.000640563 -0.000207945
11609.4 -0.000785324 -0.000195399
11611.6 -0.000928746 -0.000182656
11613.9 -0.00107063 -0.000169724
11616.1 -0.00121075 -0.000156633
11618.4 -0.0013488 -0.00014338
11620.7 -0.0014845 -0.000129934
11622.9 -0.00161765 -0.000116293
11625.2 -0.00174805 -0.00010249
11627.4 -0.00187542 -8.85316e-05
11629.7 -0.00199949 -7.43912e-05
11631.9 -0.00212005 -6.0058e-05
11634.2 -0.00223692 -4.55621e-05
11636.4 -0.00234989 -3.09248e-05
11638.7 -0.00245867 -1.61272e-05
11640.9 -0.00256308 -1.15248e-06
11643.2 -0.00266298 1.39733e-05
11645.5 -0.00275819 2.92168e-05
11647.7 -0.00284847 4.45848e-05
11650 -0.00293364 6.00961e-05
11652.2 -0.0030136 7.57304e-05
11654.5 -0.00308822 9.14453e-05
11656.7 -0.00315732 0.000107232
11659 -0.00322075 0.000123106
11661.2 -0.00327843 0.000139054
11663.5 -0.0033303 0.000155028
11665.7 -0.00337623 0.000170999
11668 -0.0034161 0.000186978
11670.3 -0.00344988 0.000202954
11672.5 -0.00347757 0.000218875
11674.8 -0.0034991 0.000234698
11677 -0.00351438 0.000250418
11679.3 -0.00352343 0.000266025
11681.5 -0.00352628 0.000281469
11683.8 -0.00352296 0.000296691
11686 -0.00351341 0.000311669
11688.3 -0.00349767 0.000326392
11690.5 -0.00347585 0.000340812
11692.8 -0.00344801 0.000354859
11695 -0.00341416 0.000368495
11697.3 -0.00337437 0.000381705
11699.6 -0.00332877 0.000394447
11701.8 -0.00327749 0.000406645
11704.1 -0.00322061 0.000418249
11706.3 -0.0031582 0.00042924
11708.6 -0.00309043 0.000439584
11710.8 -0.00301748 0.000449209
11713.1 -0.00293947 0.000458057
11715.3 -0.00285651 0.000466108
11717.6 -0.00276878 0.000473337
11719.8 -0.00267649 0.000479686
11722.1 -0.00257983 0.000485096
11724.4 -0.00247892 0.000489547
11726.6 -0.00237395 0.00049303
11728.9 -0.00226516 0.000495503
11731.1 -0.00215278 0.000496915
11733.4 -0.00203695 0.000497251
11735.6 -0.00191786 0.000496517
11737.9 -0.00179578 0.000494693
11740.1 -0.00167095 0.000491742
11742.4 -0.00154355 0.000487655
11744.6 -0.00141376 0.000482454
11746.9 -0.00128186 0.000476144
11749.2 -0.0011481 0.000468704
11751.4 -0.00101269 0.000460137
11753.7 -0.000875817 0.000450476
11755.9 -0.000737724 0.00043975
11758.2 -0.000598697 0.00042796
11760.4 -0.000458955 0.000415115
11762.7 -0.000318675 0.000401263
11764.9 -0.000178093 0.000386454
11767.2 -3.74912e-05 0.000370706
11769.4 0.000102896 0.00035404
11771.7 0.000242893 0.000336512
11773.9 0.00038229 0.000318188
11776.2 0.000520812 0.000299108
11778.5 0.000658214 0.000279299
11780.7 0.000794325 0.000258822
11783 0.000928959 0.000237757
11785.2 0.00106186 0.00021616
11787.5 0.00119278 0.000194066
11789.7 0.00132154 0.000171535
11792 0.00144799 0.000148655
11794.2 0.0015719 0.000125496
11796.5 0.00169302 0.000102098
11798.7 0.00181118 7.85181e-05
11801 0.00192625 5.48446e-05
11803.3 0.00203803 3.11565e-05
11805.5 0.00214628 7.49793e-06
11807.8 0.00225084 -1.60822e-05
11810 0.0023516 -3.95006e-05
11812.3 0.00244839 -6.26748e-05
11814.5 0.00254101 -8.55592e-05
11816.8 0.00262929 -0.000108116
11819 0.00271314 -0.000130273
11821.3 0.00279244 -0.000151952
11823.5 0.00286703 -0.000173106
11825.8 0.00293673 -0.00019371
11828.1 0.00300149 -0.000213713
11830.3 0.00306122 -0.00023304
11832.6 0.0031158 -0.00025165
11834.8 0.00316509 -0.00026953
11837.1 0.00320903 -0.00028665
11839.3 0.0032476 -0.000302951
11841.6 0.00328071 -0.000318393
11843.8 0.00330825 -0.000332978
11846.1 0.00333019 -0.000346698
11848.3 0.00334654 -0.000359511
11850.6 0.00335727 -0.000371384
11852.8 0.00336231 -0.000382329
11855.1 0.00336164 -0.000392359
11857.4 0.00335531 -0.000401454
11859.6 0.00334336 -0.000409588
11861.9 0.00332575 -0.000416778
11864.1 0.00330248 -0.000423058
11866.4 0.00327364 -0.000428428
11868.6 0.00323932 -0.000432871
11870.9 0.00319953 -0.000436408
11873.1 0.00315429 -0.000439086
11875.4 0.00310372 -0.000440926
11877.6 0.00304795 -0.00044192
11879.9 0.00298705 -0.000442087
11882.2 0.00292108 -0.000441482
11884.4 0.00285015 -0.000440144
11886.7 0.00277445 -0.000438075
11888.9 0.0026941 -0.000435287
11891.2 0.00260918 -0.000431838
11893.4 0.00251982 -0.000427779
11895.7 0.00242623 -0.000423119
11897.9 0.00232858 -0.000417865
11900.2 0.00222699 -0.000412066
11902.4 0.00212159 -0.00040578
11904.7 0.00201262 -0.000399024
11907 0.00190029 -0.000391798
11909.2 0.00178474 -0.000384135
11911.5 0.00166612 -0.000376096
11913.7 0.00154466 -0.000367702
11916 0.00142062 -0.000358945
11918.2 0.00129417 -0.000349842
11920.5 0.00116547 -0.000340447
11922.7 0.00103475 -0.000330788
11925 0.000902293 -0.00032085
11927.2 0.000768298 -0.000310632
11929.5 0.00063294 -0.000300178
11931.7 0.000496444 -0.000289518
11934 0.000359094 -0.000278638
11936.3 0.000221133 -0.000267522
11938.5 8.27438e-05 -0.000256197
11940.8 -5.58576e-05 -0.000244698
11943 -0.000194386 -0.000233015
11945.3 -0.000332573 -0.000221122
11947.5 -0.000470224 -0.000209029
11949.8 -0.000607133 -0.000196774
11952 -0.000743025 -0.000184355
11954.3 -0.000877618 -0.000171742
11956.5 -0.0010107 -0.000158931
11958.8 -0.00114209 -0.000145959
11961.1 -0.00127152 -0.000132838
11963.3 -0.00139871 -0.000119538
11965.6 -0.00152345 -0.000106044
11967.8 -0.00164555 -9.23901e-05
11970.1 -0.00176479 -7.86002e-05
11972.3 -0.00188091 -6.46527e-05
11974.6 -0.00199368 -5.05265e-05
11976.8 -0.00210294 -3.62473e-05
11979.1 -0.00220851 -2.18507e-05
11981.3 -0.00231014 -7.32807e-06
11983.6 -0.00240763 7.34551e-06
11985.9 -0.00250084 2.21526e-05
11988.1 -0.00258961 3.70504e-05
11990.4 -0.00267376 5.20318e-05
11992.6 -0.0027531 6.71203e-05
11994.9 -0.0028275 8.23072e-05
11997.1 -0.00289687 9.75463e-05
11999.4 -0.00296107 0.000112814
12001.6 -0.00301994 0.000128127
12003.9 -0.00307339 0.000143484
12006.1 -0.00312138 0.000158838
12008.4 -0.00316381 0.00017415
12010.6 -0.00320056 0.000189424
12012.9 -0.00323159 0.000204663
12015.2 -0.0032569 0.000219823
12017.4 -0.00327644 0.000234849
12019.7 -0.00329017 0.000249731
12021.9 -0.00329804 0.000264469
12024.2 -0.00330011 0.000279024
12026.4 -0.00329641 0.000293331
12028.7 -0.00328691 0.000307361
12030.9 -0.00327164 0.00032111
12033.2 -0.00325066 0.000334543
12035.4 -0.00322407 0.00034759
12037.7 -0.00319189 0.000360206
12040 -0.00315418 0.000372379
12042.2 -0.00311105 0.000384081
12044.5 -0.00306262 0.000395242
12046.7 -0.00300898 0.000405805
12049 -0.00295021 0.000415752
12051.2 -0.00288644 0.000425062
12053.5 -0.00281784 0.000433674
12055.7 -0.00274455 0.000441523
12058 -0.00266667 0.000448588
12060.2 -0.00258436 0.000454859
12062.5 -0.00249781 0.000460287
12064.8 -0.00240719 0.000464813
12067 -0.00231265 0.00046841
12069.3 -0.00221434 0.00047108
12071.5 -0.00211249 0.000472798
12073.8 -0.00200729 0.000473511
12076 -0.00189892 0.000473195
12078.3 -0.00178754 0.000471865
12080.5 -0.00167339 0.000469516
12082.8 -0.00155668 0.000466113
12085 -0.00143761 0.000461638
12087.3 -0.00131636 0.000456114
12089.5 -0.00119314 0.000449563
12091.8 -0.00106821 0.000441967
12094.1 -0.000941765 0.000433316
12096.3 -0.000813987 0.000423644
12098.6 -0.000685097 0.00041299
12100.8 -0.000555349 0.000401363
12103.1 -0.000424959 0.000388761
12105.3 -0.0002941 0.000375222
12107.6 -0.000162983 0.000360805
12109.8 -3.18626e-05 0.000345539
12112.1 9.90379e-05 0.000329435
12114.3 0.000229545 0.000312532
12116.6 0.000359467 0.000294903
12118.9 0.000488557 0.000276598
12121.1 0.000616588 0.000257638
12123.4 0.000743388 0.000238064
12125.6 0.000868783 0.000217954
12127.9 0.000992546 0.000197378
12130.1 0.00111445 0.000176366
12132.4 0.00123432 0.000154959
12134.6 0.00135201 0.000133237
12136.9 0.00146731 0.00011128
12139.1 0.00158 8.91302e-05
12141.4 0.00168992 6.68249e-05
12143.7 0.00179692 4.44388e-05
12145.9 0.00190084 2.20588e-05
12148.2 0.00200147 -2.63664e-07
12150.4 0.00209863 -2.24964e-05
12152.7 0.00219223 -4.45755e-05
12154.9 0.00228212 -6.6414e-05
12157.2 0.00236811 -8.79548e-05
12159.4 0.00245004 -0.000109171
12161.7 0.00252783 -0.000130014
12163.9 0.00260136 -0.000150405
12166.2 0.00267049 -0.000170284
12168.4 0.00273506 -0.000189629
12170.7 0.00279501 -0.000208411
12173 0.00285026 -0.000226565
12175.2 0.00290071 -0.000244032
12177.5 0.00294622 -0.000260796
12179.7 0.00298674 -0.000276848
12182 0.00302224 -0.00029214
12184.2 0.00305266 -0.000306621
12186.5 0.00307789 -0.00032028
12188.7 0.0030979 -0.000333123
12191 0.00311269 -0.000345128
12193.2 0.00312226 -0.000356252
12195.5 0.00312653 -0.000366488
12197.8 0.00312549 -0.000375857
12200 0.00311918 -0.00038436
12202.3 0.00310764 -0.000391969
12204.5 0.00309084 -0.000398677
12206.8 0.00306878 -0.000404517
12209 0.00304155 -0.000409512
12211.3 0.00300922 -0.000413647
12213.5 0.00297182 -0.000416922
12215.8 0.00292937 -0.000419372
12218 0.00288197 -0.000421036
12220.3 0.00282974 -0.000421919
12222.6 0.00277277 -0.00042202
12224.8 0.0027111 -0.000421375
12227.1 0.00264484 -0.000420035
12229.3 0.00257415 -0.000418019
12231.6 0.00249917 -0.000415327
12233.8 0.00241996 -0.000411991
12236.1 0.00233665 -0.000408066
12238.3 0.00224943 -0.000403582
12240.6 0.00215846 -0.000398542
12242.8 0.00206385 -0.000392968
12245.1 0.00196573 -0.000386911
12247.3 0.00186432 -0.00038041
12249.6 0.00175981 -0.00037347
12251.9 0.00165233 -0.000366099
12254.1 0.00154204 -0.000358342
12256.4 0.00142914 -0.000350238
12258.6 0.00131386 -0.000341794
12260.9 0.00119638 -0.000333009
12263.1 0.00107684 -0.000323913
12265.4 0.000955457 -0.000314544
12267.6 0.000832484 -0.000304911
12269.9 0.000708116 -0.000295005
12272.1 0.000582514 -0.00028484
12274.4 0.00045589 -0.000274451
12276.7 0.000328508 -0.000263848
12278.9 0.00020059 -0.000253017
12281.2 7.23054e-05 -0.000241962
12283.4 -5.61397e-05 -0.000230709
12285.7 -0.000184478 -0.000219272
12287.9 -0.000312467 -0.000207638
12290.2 -0.000439927 -0.0001958
12292.4 -0.000566664 -0.000183778
12294.7 -0.000692415 -0.00017159
12296.9 -0.000816925 -0.000159227
12299.2 -0.000940007 -0.000146676
12301.5 -0.00106148 -0.000133951
12303.7 -0.0011811 -0.000121074
12306 -0.0012986 -0.000108042
12308.2 -0.0014138 -9.48431e-05
12310.5 -0.00152654 -8.14846e-05
12312.7 -0.00163658 -6.79906e-05
12315 -0.00174369 -5.4367e-05
12317.2 -0.00184767 -4.06031e-05
12319.5 -0.00194839 -2.67034e-05
12321.7 -0.00204565 -1.26925e-05
12324 -0.00213923 1.41591e-06
12326.2 -0.00222895 1.56279e-05
12328.5 -0.0023147 2.99411e-05
12330.8 -0.00239632 4.43314e-05
12333 -0.00247364 5.87782e-05
12335.3 -0.00254647 7.32814e-05
12337.5 -0.00261474 8.7839e-05
12339.8 -0.00267836 0.000102428
12342 -0.00273717 0.00011702
12344.3 -0.00279103 0.00013161
12346.5 -0.00283988 0.000146193
12348.8 -0.00288369 0.000160745
12351 -0.00292236 0.000175235
12353.3 -0.00295577 0.000189645
12355.6 -0.00298389 0.00020397
12357.8 -0.00300675 0.000218182
12360.1 -0.00302429 0.000232246
12362.3 -0.00303645 0.000246135
12364.6 -0.00304322 0.000259836
12366.8 -0.00304465 0.000273321
12369.1 -0.00304077 0.000286549
12371.3 -0.00303155 0.000299483
12373.6 -0.003017 0.000312105
12375.8 -0.00299721 0.000324385
12378.1 -0.00297228 0.000336277
12380.4 -0.00294222 0.000347739
12382.6 -0.00290704 0.000358744
12384.9 -0.00286689 0.000369265
12387.1 -0.0028219 0.000379253
12389.4 -0.00277213 0.000388664
12391.6 -0.00271762 0.000397467
12393.9 -0.00265853 0.000405637
12396.1 -0.00259503 0.000413131
12398.4 -0.00252724 0.000419902
12400.6 -0.00245523 0.000425923
12402.9 -0.00237913 0.000431173
12405.1 -0.00229917 0.00043562
12407.4 -0.00221552 0.000439221
12409.7 -0.00212825 0.000441952
12411.9 -0.00203751 0.000443803
12414.2 -0.00194354 0.000444755
12416.4 -0.00184654 0.000444775
12418.7 -0.00174663 0.000443846
12420.9 -0.00164395 0.000441969
12423.2 -0.00153872 0.000439141
12425.4 -0.0014312 0.000435344
12427.5 -0.00133261 0.00043109
12429.5 -0.00123237 0.000426052
12431.5 -0.00113064 0.000420243
12433.6 -0.0010276 0.000413664
12435.6 -0.000923418 0.00040631
12437.6 -0.000818185 0.000398192
12439.6 -0.000712009 0.00038933
12441.7 -0.000605066 0.000379747
12443.7 -0.000497555 0.000369447
12445.7 -0.00038961 0.000358441
12447.8 -0.00028132 0.000346753
12449.8 -0.00017281 0.000334415
12451.8 -6.42712e-05 0.000321452
12453.8 4.41122e-05 0.000307879
12455.9 0.000152227 0.000293718
12457.9 0.000259987 0.000279003
12459.9 0.000367248 0.000263776
12461.9 0.000473816 0.000248066
12464 0.000579529 0.000231893
12466 0.000684296 0.000215289
12468 0.000788027 0.000198301
12470.1 0.000890564 0.000180971
12472.1 0.000991721 0.00016333
12474.1 0.00109136 0.000145405
12476.1 0.00118942 0.000127238
12478.2 0.0012858 0.000108879
12480.2 0.00138032 9.03708e-05
12482.2 0.00147283 7.17438e-05
12484.3 0.00156322 5.30305e-05
12486.3 0.00165143 3.42774e-05
12488.3 0.00173736 1.55353e-05
12490.3 0.00182084 -3.15708e-06
12492.4 0.00190174 -2.17708e-05
12494.4 0.00197998 -4.02704e-05
12496.4 0.00205551 -5.86083e-05
12498.5 0.00212822 -7.67387e-05
12500.5 0.00219796 -9.46296e-05
12502.5 0.00226463 -0.000112255
12504.5 0.00232818 -0.000129579
12506.6 0.00238857 -0.000146558
12508.6 0.00244569 -0.000163155
12510.6 0.00249941 -0.000179346
12512.7 0.00254966 -0.000195111
12514.7 0.00259643 -0.000210415
12516.7 0.00263968 -0.000225224
12518.7 0.00267931 -0.000239513
12520.8 0.00271522 -0.000253268
12522.8 0.00274739 -0.000266471
12524.8 0.00277582 -0.000279096
12526.9 0.00280048 -0.000291119
12528.9 0.00282129 -0.000302528
12530.9 0.00283819 -0.000313319
12532.9 0.00285119 -0.00032348
12535 0.00286033 -0.000332993
12537 0.00286558 -0.000341848
12539 0.00286687 -0.000350045
12541.1 0.00286419 -0.000357587
12543.1 0.00285761 -0.000364469
12545.1 0.00284717 -0.000370683
12547.1 0.00283284 -0.000376231
12549.2 0.00281459 -0.000381127
12551.2 0.00279247 -0.000385377
12553.2 0.00276656 -0.000388983
12555.3 0.00273692 -0.000391948
12557.3 0.00270353 -0.000394286
12559.3 0.00266641 -0.000396016
12561.3 0.00262565 -0.000397149
12563.4 0.00258134 -0.000397693
12565.4 0.00253355 -0.000397659
12567.4 0.00248229 -0.000397069
12569.5 0.00242761 -0.000395947
12571.5 0.00236964 -0.000394305
12573.5 0.0023085 -0.000392153
12575.5 0.00224423 -0.00038951
12577.6 0.00217688 -0.000386404
12579.6 0.00210655 -0.000382854
12581.6 0.00203338 -0.000378873
12583.7 0.0019575 -0.000374472
12585.7 0.00187896 -0.000369675
12587.7 0.00179783 -0.000364508
12589.7 0.00171426 -0.000358987
12591.8 0.00162839 -0.00035312
12593.8 0.00154035 -0.00034692
12595.8 0.00145021 -0.000340411
12597.9 0.00135806 -0.000333615
12599.9 0.00126407 -0.00032654
12601.9 0.00116841 -0.000319189
12603.9 0.00107119 -0.000311578
12606 0.000972481 -0.000303728
12608 0.000872423 -0.000295652
12610 0.0007712 -0.000287352
12612.1 0.000665461 -0.000278534
12614.2 0.00055876 -0.000269494
12616.3 0.00045121 -0.000260252
12618.4 0.000342996 -0.000250812
12620.5 0.00023433 -0.00024117
12622.6 0.000125367 -0.00023133
12624.7 1.62113e-05 -0.000221309
12626.8 -9.29868e-05 -0.000211119
12628.9 -0.000202014 -0.000200757
12631 -0.000310674 -0.000190218
12633.1 -0.00041884 -0.00017951
12635.2 -0.000526396 -0.000168651
12637.3 -0.000633156 -0.000157646
12639.4 -0.000738902 -0.000146485
12641.5 -0.000843473 -0.00013517
12643.6 -0.000946761 -0.000123715
12645.7 -0.00104863 -0.000112135
12647.8 -0.00114886 -0.000100428
12649.9 -0.00124728 -8.85864e-05
12652 -0.00134375 -7.66191e-05
12654.1 -0.00143817 -6.45461e-05
12656.2 -0.00153039 -5.23763e-05
12658.3 -0.0016202 -4.01032e-05
12660.4 -0.00170745 -2.77264e-05
12662.5 -0.00179205 -1.52637e-05
12664.6 -0.00187391 -2.73461e-06
12666.7 -0.00195285 9.85846e-06
12668.8 -0.0020287 2.2521e-05
12670.9 -0.00210136 3.52438e-05
12673 -0.00217079 4.80032e-05
12675.1 -0.00223686 6.07841e-05
12677.2 -0.00229941 7.35886e-05
12679.3 -0.00235834 8.64162e-05
12681.3 -0.0024136 9.92475e-05
12683.4 -0.00246514 0.000112057
12685.5 -0.00251286 0.000124837
12687.6 -0.00255663 0.000137587
12689.7 -0.0025964 0.000150298
12691.8 -0.00263219 0.000162942
12693.9 -0.00266393 0.000175496
12696 -0.00269154 0.000187955
12698.1 -0.00271496 0.000200313
12700.2 -0.0027342 0.000212549
12702.3 -0.00274929 0.00022463
12704.4 -0.00276018 0.000236537
12706.5 -0.00276682 0.000248264
12708.6 -0.00276921 0.000259795
12710.7 -0.00276743 0.000271098
12712.8 -0.00276149 0.000282139
12714.9 -0.00275137 0.000292904
12717 -0.00273707 0.00030338
12719.1 -0.00271866 0.000313542
12721.2 -0.00269624 0.000323349
12723.3 -0.00266981 0.000332773
12725.4 -0.0026394 0.000341801
12727.5 -0.00260505 0.000350415
12729.6 -0.0025669 0.000358579
12731.7 -0.00252503 0.000366255
12733.8 -0.00247946 0.000373422
12735.9 -0.00243026 0.000380068
12738 -0.00237753 0.00038617
12740.1 -0.00232142 0.000391689
12742.2 -0.00226202 0.000396597
12744.3 -0.00219936 0.000400883
12746.4 -0.00213356 0.000404535
12748.5 -0.00206476 0.000407526
12750.6 -0.00199312 0.000409828
12752.7 -0.0019187 0.000411424
12754.8 -0.00184158 0.000412314
12756.9 -0.00176192 0.000412488
12759 -0.00167989 0.000411922
12761.1 -0.00159562 0.0004106
12763.2 -0.00150918 0.000408526
12765.3 -0.00142069 0.000405704
12767.4 -0.00133034 0.000402128
12769.5 -0.00123829 0.000397784
12771.6 -0.00114466 0.000392675
12773.7 -0.00104953 0.000386818
12775.8 -0.000953065 0.000380222
12777.8 -0.000855464 0.000372886
12779.9 -0.000756869 0.000364813
12782 -0.000657373 0.000356023
12784.1 -0.000557101 0.000346541
12786.2 -0.000456239 0.000336381
12788.3 -0.000354971 0.000325551
12790.4 -0.000253411 0.000314071
12792.5 -0.000151656 0.000301973
12794.6 -4.9861e-05 0.000289288
12796.7 5.17788e-05 0.000276032
12798.8 0.000153113 0.000262227
12800.9 0.000254047 0.000247907
12803 0.000354469 0.000233112
12805.1 0.000454201 0.000217872
12807.2 0.000553064 0.000202211
12809.3 0.000650944 0.000186162
12811.4 0.000747755 0.00016977
12813.5 0.00084336 0.000153075
12815.6 0.000937579 0.000136109
12817.7 0.00103027 0.000118902
12819.8 0.00112134 0.000101497
12821.9 0.0012107 8.39417e-05
12824 0.0012982 6.62752e-05
12826.1 0.00138368 4.85274e-05
12828.2 0.00146702 3.07358e-05
12830.3 0.00154818 1.29488e-05
12832.4 0.00162702 -4.78862e-06
12834.5 0.00170341 -2.24439e-05
12836.6 0.00177721 -3.9986e-05
12838.7 0.00184836 -5.73728e-05
12840.8 0.00191679 -7.45578e-05
12842.9 0.00198239 -9.15047e-05
12845 0.00204501 -0.000108187
12847.1 0.00210458 -0.000124573
12849.2 0.00216107 -0.000140621
12851.3 0.00221439 -0.000156293
12853.4 0.00226444 -0.000171565
12855.5 0.0023111 -0.000186414
12857.6 0.00235436 -0.00020081
12859.7 0.00239419 -0.000214719
12861.8 0.00243051 -0.000228115
12863.9 0.00246322 -0.000240985
12866 0.00249229 -0.000253312
12868.1 0.0025177 -0.00026507
12870.2 0.00253946 -0.000276235
12872.2 0.00255747 -0.000286798
12874.3 0.0025717 -0.000296756
12876.4 0.00258214 -0.000306094
12878.5 0.00258882 -0.000314795
12880.6 0.00259173 -0.000322851
12882.7 0.00259081 -0.000330266
12884.8 0.00258606 -0.000337043
12886.9 0.00257754 -0.000343173
12889 0.00256529 -0.00034865
12891.1 0.00254928 -0.000353482
12893.2 0.0025295 -0.000357682
12895.3 0.00250602 -0.000361256
12897.4 0.00247891 -0.000364202
12899.5 0.00244821 -0.000366527
12901.6 0.00241392 -0.000368252
12903.7 0.00237608 -0.000369393
12905.8 0.0023348 -0.000369957
12907.9 0.00229015 -0.00036995
12910 0.00224218 -0.000369392
12912.1 0.00219092 -0.000368308
12914.2 0.00213647 -0.000366714
12916.3 0.00207896 -0.000364618
12918.4 0.00201846 -0.000362034
12920.5 0.00195502 -0.000358988
12922.6 0.00188872 -0.000355504
12924.7 0.00181969 -0.000351594
12926.8 0.00174808 -0.000347267
12928.9 0.00167395 -0.000342541
12931 0.00159738 -0.000337445
12933.1 0.00151848 -0.000331997
12935.2 0.00143743 -0.000326201
12937.3 0.00135433 -0.000320069
12939.4 0.00126927 -0.000313622
12941.5 0.00118236 -0.000306884
12943.6 0.00109375 -0.000299862
12945.7 0.0010036 -0.000292558
12947.8 0.000912028 -0.000284986
12949.9 0.00081912 -0.000277166
12952 0.000725022 -0.000269112
12954.1 0.000629915 -0.000260824
12956.2 0.000533947 -0.000252304
12958.3 0.000437218 -0.000243568
12960.4 0.000339846 -0.000234631
12962.5 0.000242008 -0.0002255
12964.6 0.000143885 -0.000216169
12966.7 4.56032e-05 -0.000206644
12968.7 -5.27327e-05 -0.000196941
12970.8 -0.000150972 -0.000187072
12972.9 -0.000248923 -0.000177035
12975 -0.000346425 -0.000166827
12977.1 -0.000443368 -0.000156458
12979.2 -0.000539632 -0.000145945
12981.3 -0.000635042 -0.000135292
12983.4 -0.000729412 -0.000124496
12985.5 -0.000822612 -0.00011356
12987.6 -0.000914541 -0.000102498
12989.7 -0.00100506 -9.13239e-05
12991.8 -0.00109398 -8.00396e-05
12994 -0.00118419 -6.82388e-05
12996.2 -0.00127241 -5.63281e-05
12998.3 -0.00135852 -4.43271e-05
13000.5 -0.00144236 -3.22453e-05
13002.7 -0.00152373 -2.00812e-05
13004.9 -0.00160253 -7.84037e-06
13007 -0.00167866 4.45779e-06
13009.2 -0.001752 1.67966e-05
13011.4 -0.00182236 2.91731e-05
13013.5 -0.00188964 4.15852e-05
13015.7 -0.00195375 5.40172e-05
13017.9 -0.00201462 6.64478e-05
13020.1 -0.00207211 7.88669e-05
13022.2 -0.00212609 9.12726e-05
13024.4 -0.00217651 0.000103654
13026.6 -0.00222333 0.000115988
13028.7 -0.00226645 0.000128257
13030.9 -0.00230576 0.000140455
13033.1 -0.00234121 0.000152574
13035.3 -0.00237281 0.000164593
13037.4 -0.0024005 0.000176488
13039.6 -0.0024242 0.000188245
13041.8 -0.00244388 0.000199856
13043.9 -0.00245954 0.000211302
13046.1 -0.00247121 0.000222555
13048.3 -0.00247883 0.000233594
13050.5 -0.00248238 0.000244406
13052.6 -0.00248189 0.000254973
13054.8 -0.0024774 0.000265268
13057 -0.00246893 0.000275262
13059.1 -0.00245647 0.000284935
13061.3 -0.00244004 0.000294272
13063.5 -0.00241973 0.000303245
13065.7 -0.00239561 0.000311822
13067.8 -0.00236768 0.000319979
13070 -0.00233598 0.000327699
13072.2 -0.00230062 0.000334959
13074.3 -0.00226168 0.000341727
13076.5 -0.00221924 0.000347975
13078.7 -0.00217333 0.000353685
13080.9 -0.00212405 0.000358841
13083 -0.00207154 0.000363417
13085.2 -0.00201588 0.000367383
13087.4 -0.00195716 0.000370725
13089.6 -0.00189544 0.000373429
13091.7 -0.00183089 0.000375479
13093.9 -0.00176365 0.000376852
13096.1 -0.00169378 0.000377535
13098.2 -0.00162139 0.00037752
13100.4 -0.00154663 0.000376801
13102.6 -0.00146965 0.000375366
13104.8 -0.00139057 0.000373205
13106.9 -0.00130948 0.000370316
13109.1 -0.00122653 0.000366705
13111.3 -0.00114187 0.00036237
13113.4 -0.00105567 0.000357307
13115.6 -0.000968028 0.000351524
13117.8 -0.000879054 0.000345031
13120 -0.000788928 0.000337841
13122.1 -0.000697821 0.000329959
13124.3 -0.000605851 0.000321396
13126.5 -0.000513125 0.000312173
13128.6 -0.000419802 0.000302311
13130.8 -0.000326067 0.000291826
13133 -0.000232058 0.000280736
13135.2 -0.000137877 0.000269064
13137.3 -4.36609e-05 0.000256842
13139.5 5.04094e-05 0.000244095
13141.7 0.000144175 0.000230847
13143.8 0.00023753 0.000217126
13146 0.000330361 0.000202967
13148.2 0.000422504 0.000188406
13150.4 0.000513788 0.000173471
13152.5 0.000604095 0.000158194
13154.7 0.00069333 0.000142613
13156.9 0.000781355 0.000126768
13159 0.000868 0.000110694
13161.2 0.000953133 9.44248e-05
13163.4 0.00103667 7.79988e-05
13165.6 0.00111849 6.14582e-05
13167.7 0.00119846 4.48426e-05
13169.9 0.00127642 2.8187e-05
13172.1 0.00135228 1.15281e-05
13174.2 0.00142598 -5.09248e-06
13176.4 0.00149737 -2.16339e-05
13178.6 0.00156632 -3.80603e-05
13180.8 0.00163273 -5.43377e-05
13182.9 0.00169654 -7.04283e-05
13185.1 0.00175766 -8.6293e-05
13187.3 0.00181595 -0.000101897
13189.4 0.00187132 -0.00011721
13191.6 0.00192372 -0.000132199
13193.8 0.00197309 -0.000146831
13196 0.00201933 -0.000161073
13198.1 0.00206233 -0.0001749
13200.3 0.00210206 -0.000188287
13202.5 0.00213849 -0.000201207
13204.7 0.00217154 -0.000213633
13206.8 0.00220114 -0.000225545
13209 0.00222723 -0.000236925
13211.2 0.00224983 -0.000247755
13213.3 0.0022689 -0.000258017
13215.5 0.00228438 -0.000267696
13217.7 0.00229622 -0.000276782
13219.9 0.00230445 -0.000285267
13222 0.00230908 -0.000293141
13224.2 0.00231009 -0.000300395
13226.4 0.00230743 -0.000307028
13228.5 0.00230112 -0.00031304
13230.7 0.00229124 -0.00031843
13232.9 0.00227777 -0.000323198
13235.1 0.00226072 -0.000327347
13237.2 0.0022401 -0.000330884
13239.4 0.00221599 -0.000333818
13241.6 0.00218845 -0.000336156
13243.7 0.00215748 -0.000337905
13245.9 0.00212312 -0.000339079
13248.1 0.00208545 -0.000339691
13250.3 0.00204456 -0.000339754
13252.4 0.00200051 -0.00033928
13254.6 0.00195332 -0.000338285
13256.8 0.00190309 -0.000336786
13258.9 0.00184993 -0.000334799
13261.1 0.00179394 -0.00033234
13263.3 0.00173516 -0.000329424
13265.5 0.00167366 -0.000326067
13267.6 0.0016096 -0.000322289
13269.8 0.00154309 -0.000318105
13272 0.0014742 -0.00031353
13274.1 0.00140302 -0.000308579
13276.3 0.00132968 -0.000303268
13278.5 0.00125432 -0.000297614
13280.7 0.00117707 -0.000291629
13282.8 0.00109799 -0.000285325
13285 0.00101721 -0.000278716
13287.2 0.0009349 -0.000271815
13289.3 0.000851202 -0.000264634
13291.5 0.000766208 -0.000257184
13293.7 0.000680025 -0.000249472
13295.9 0.000592822 -0.000241511
13298 0.000504772 -0.000233311
13300.2 0.000415991 -0.00022488
13302.4 0.000326578 -0.000216226
13304.6 0.000236686 -0.000207355
13306.7 0.000146505 -0.000198279
13308.9 5.61798e-05 -0.000189005
13311.1 -3.41905e-05 -0.00017954
13313.2 -0.000124473 -0.000169889
13315.4 -0.000214481 -0.00016006
13317.6 -0.000304042 -0.000150065
13319.8 -0.000393046 -0.000139911
13321.9 -0.000481382 -0.000129601
13324.1 -0.00056888 -0.000119144
13326.3 -0.000655354 -0.00010855
13328.4 -0.000740676 -9.78302e-05
13330.6 -0.00082475 -8.69901e-05
13332.8 -0.000907436 -7.60357e-05
13335 -0.00098855 -6.49774e-05
13337.1 -0.00106795 -5.38286e-05
13339.3 -0.00114553 -4.25984e-05
13341.5 -0.00122121 -3.12923e-05
13343.6 -0.00129481 -1.99191e-05
13345.8 -0.00136618 -8.49322e-06
13348 -0.00143523 2.97239e-06
13350.2 -0.00150188 1.44707e-05
13352.3 -0.00156601 2.5995e-05
13354.5 -0.00162746 3.75317e-05
13356.7 -0.00168615 4.90647e-05
13358.8 -0.00174201 6.05836e-05
13361 -0.00179498 7.20824e-05
13363.2 -0.00184492 8.35499e-05
13365.4 -0.00189172 9.49684e-05
13367.5 -0.00193536 0.000106323
13369.7 -0.00197581 0.000117606
13371.9 -0.00201296 0.000128808
13374 -0.00204672 0.000139912
13376.2 -0.00207707 0.000150898
13378.4 -0.002104 0.000161754
13380.6 -0.00212748 0.000172471
13382.7 -0.00214743 0.000183034
13384.9 -0.00216381 0.00019342
13387.1 -0.00217666 0.000203609
13389.2 -0.00218598 0.000213592
13391.4 -0.00219174 0.000223354
13393.6 -0.0021939 0.000232872
13395.8 -0.0021925 0.000242121
13397.9 -0.00218759 0.000251084
13400.1 -0.00217919 0.00025975
13402.3 -0.00216726 0.000268097
13404.4 -0.00215184 0.000276096
13406.6 -0.00213303 0.000283726
13408.8 -0.00211088 0.000290974
13411 -0.00208538 0.000297822
13413.1 -0.00205656 0.000304243
13415.3 -0.00202454 0.00031021
13417.5 -0.00198941 0.00031571
13419.7 -0.0019512 0.00032073
13421.8 -0.00190994 0.000325248
13424 -0.00186574 0.000329236
13426.2 -0.00181872 0.00033268
13428.3 -0.00176897 0.000335571
13430.5 -0.00171652 0.000337896
13432.7 -0.00166145 0.000339633
13434.9 -0.00160393 0.000340765
13437 -0.00154406 0.000341288
13439.2 -0.00148191 0.0003412
13441.4 -0.00141755 0.000340488
13443.5 -0.00135112 0.000339136
13445.7 -0.00128279 0.000337142
13447.9 -0.00121263 0.000334515
13450.1 -0.00114073 0.000331253
13452.2 -0.0010672 0.000327347
13454.4 -0.000992214 0.000322797
13456.6 -0.000915906 0.000317616
13458.7 -0.000838344 0.000311819
13460.9 -0.000759632 0.000305404
13463.1 -0.000679943 0.000298374
13465.3 -0.000599432 0.000290746
13467.4 -0.000518189 0.000282543
13469.6 -0.000436298 0.00027378
13471.8 -0.000353912 0.000264461
13473.9 -0.000271206 0.000254604
13476.1 -0.000188295 0.000244241
13478.3 -0.000105254 0.000233397
13480.5 -2.22037e-05 0.000222085
13482.6 6.06766e-05 0.000210322
13484.8 0.000143245 0.000198141
13487 0.000225425 0.000185579
13489.1 0.000307126 0.000172658
13491.3 0.000388186 0.000159395
13493.5 0.000468443 0.000145823
13495.7 0.000547805 0.000131983
13497.8 0.000626205 0.000117908
13500 0.000703513 0.000103617
13502.2 0.00077956 8.91396e-05
13504.3 0.000854234 7.45173e-05
13506.5 0.000927476 5.97912e-05
13508.7 0.000999196 4.49863e-05
13510.9 0.00106924 3.01259e-05
13513 0.00113747 1.52489e-05
13515.2 0.00120383 4.00298e-07
13517.4 0.00126825 -1.43889e-05
13519.6 0.00133063 -2.90982e-05
13521.7 0.00139081 -4.36966e-05
13523.9 0.00144871 -5.81399e-05
13526.1 0.00150431 -7.23919e-05
13528.2 0.00155752 -8.64327e-05
13530.4 0.00160821 -0.000100241
13532.6 0.00165629 -0.000113778
13534.8 0.00170173 -0.000127006
13536.9 0.00174449 -0.000139904
13539.1 0.00178448 -0.000152458
13541.3 0.00182157 -0.000164642
13543.4 0.00185576 -0.000176419
13545.6 0.00188704 -0.000187766
13547.8 0.00191534 -0.000198677
13550 0.00194057 -0.000209137
13552.1 0.00196269 -0.000219119
13554.3 0.00198173 -0.000228597
13556.5 0.00199767 -0.000237569
13558.6 0.00201044 -0.000246033
13560.8 0.00201998 -0.000253973
13563 0.00202634 -0.000261368
13565.2 0.00202954 -0.000268212
13567.3 0.00202956 -0.000274517
13569.5 0.00202635 -0.000280279
13571.7 0.00201992 -0.000285485
13573.8 0.00201035 -0.000290127
13576 0.00199766 -0.000294221
13578.2 0.00198182 -0.000297779
13580.4 0.00196283 -0.000300797
13582.5 0.00194078 -0.000303267
13584.7 0.00191575 -0.000305203
13586.9 0.00188773 -0.000306628
13589 0.00185673 -0.000307551
13591.2 0.00182283 -0.000307965
13593.4 0.00178614 -0.000307879
13595.6 0.0017467 -0.000307322
13597.7 0.00170452 -0.000306311
13599.9 0.00165968 -0.000304847
13602.1 0.00161229 -0.000302932
13604.2 0.00156246 -0.000300589
13606.4 0.00151021 -0.000297847
13608.6 0.0014556 -0.000294713
13610.8 0.00139875 -0.000291184
13612.9 0.0013398 -0.000287275
13615.1 0.00127881 -0.000283015
13617.3 0.00121584 -0.000278421
13619.4 0.00115098 -0.00027349
13621.6 0.0010844 -0.000268226
13623.8 0.00101621 -0.000262652
13626 0.000946466 -0.000256794
13628.1 0.000875249 -0.000250651
13630.3 0.000802727 -0.000244219
13632.5 0.000729046 -0.000237513
13634.7 0.000654282 -0.00023056
13636.8 0.000578509 -0.000223368
13639 0.000501875 -0.000215929
13641.2 0.000424553 -0.000208248
13643.3 0.000346655 -0.000200347
13645.5 0.000268246 -0.000192246
13647.7 0.000189452 -0.00018394
13649.9 0.000110453 -0.000175422
13652 3.13936e-05 -0.00016671
13654.2 -4.76487e-05 -0.00015783
13656.4 -0.000126578 -0.000148783
13658.5 -0.000205224 -0.000139561
13660.7 -0.000283418 -0.000130173
13662.9 -0.00036106 -0.000120643
13665.1 -0.000438075 -0.000110987
13667.2 -0.000514321 -0.000101198
13669.4 -0.00058962 -9.1274e-05
13671.6 -0.000663845 -8.12378e-05
13673.7 -0.00073693 -7.1113e-05
13675.9 -0.000808769 -6.09006e-05
13678.1 -0.000879196 -5.05939e-05
13680.3 -0.000948063 -4.02068e-05
13682.4 -0.0010153 -2.97675e-05
13684.6 -0.00108083 -1.92876e-05
13686.8 -0.00114452 -8.76041e-06
13688.9 -0.00120622 1.81001e-06
13691.1 -0.00126585 1.23974e-05
13693.3 -0.00132334 2.29799e-05
13695.5 -0.00137862 3.35587e-05
13697.6 -0.00143155 4.41374e-05
13699.8 -0.00148201 5.46968e-05
13702 -0.00152998 6.52088e-05
13704.1 -0.00157541 7.56649e-05
13706.3 -0.00161819 8.60711e-05
13708.5 -0.00165821 9.64178e-05
13710.7 -0.00169545 0.000106676
13712.8 -0.00172988 0.000116826
13715 -0.00176145 0.000126871
13717.2 -0.00179007 0.000136809
13719.3 -0.00181568 0.000146616
13721.5 -0.00183831 0.000156262
13723.7 -0.00185794 0.000165743
13725.9 -0.00187451 0.000175059
13728 -0.00188796 0.000184194
13730.2 -0.00189832 0.000193117
13732.4 -0.00190563 0.000201808
13734.5 -0.00190985 0.000210269
13736.7 -0.00191095 0.00021849
13738.9 -0.00190894 0.000226441
13741.1 -0.00190389 0.000234095
13743.2 -0.00189583 0.000241445
13745.4 -0.00188471 0.000248488
13747.6 -0.00187057 0.0002552
13749.8 -0.00185347 0.000261549
13751.9 -0.0018335 0.000267519
13754.1 -0.00181064 0.000273109
13756.3 -0.00178491 0.000278306
13758.4 -0.0017564 0.000283078
13760.6 -0.0017252 0.000287403
13762.8 -0.00169136 0.000291277
13765 -0.0016549 0.000294698
13767.1 -0.00161588 0.00029764
13769.3 -0.00157443 0.000300079
13771.5 -0.00153063 0.000302008
13773.6 -0.00148451 0.000303431
13775.8 -0.00143614 0.000304335
13778 -0.00138564 0.000304699
13780.2 -0.00133314 0.00030451
13782.3 -0.00127868 0.000303779
13784.5 -0.00122233 0.000302506
13786.7 -0.00116419 0.000300677
13788.8 -0.00110441 0.000298279
13791 -0.00104309 0.000295322
13793.2 -0.000980279 0.000291819
13795.4 -0.000916067 0.000287768
13797.5 -0.00085061 0.000283158
13799.7 -0.000784032 0.000277999
13801.9 -0.0007164 0.000272311
13804 -0.00064779 0.000266105
13806.2 -0.000578341 0.000259379
13808.4 -0.000508206 0.000252138
13810.6 -0.000437471 0.000244408
13812.7 -0.000366202 0.000236212
13814.9 -0.000294514 0.000227555
13817.1 -0.000222569 0.000218446
13819.2 -0.000150482 0.000208908
13821.4 -7.8315e-05 0.000198973
13823.6 -6.15912e-06 0.00018866
13825.8 6.5835e-05 0.000177976
13827.9 0.000137528 0.000166943
13830.1 0.000208845 0.000155599
13832.3 0.00027972 0.000143971
13834.4 0.000350025 0.000132073
13836.6 0.00041961 0.000119922
13838.8 0.000488378 0.000107557
13841 0.000556278 9.50127e-05
13843.1 0.000623212 8.23096e-05
13845.3 0.000689035 6.94638e-05
13847.5 0.000753631 5.65074e-05
13849.7 0.000816945 4.34814e-05
13851.8 0.000878914 3.04135e-05
13854 0.000939413 1.73191e-05
13856.2 0.000998312 4.22393e-06
13858.3 0.00105555 -8.83166e-06
13860.5 0.00111107 -2.18135e-05
13862.7 0.0011648 -3.47042e-05
13864.9 0.00121661 -4.74854e-05
13867 0.00126641 -6.01218e-05
13869.2 0.00131417 -7.25758e-05
13871.4 0.00135984 -8.48267e-05
13873.5 0.00140331 -9.68618e-05
13875.7 0.00144449 -0.000108655
13877.9 0.00148335 -0.00012017
13880.1 0.00151986 -0.000131381
13882.2 0.00155395 -0.000142281
13884.4 0.00158552 -0.000152853
13886.6 0.00161454 -0.000163067
13888.7 0.00164101 -0.000172897
13890.9 0.00166489 -0.000182334
13893.1 0.0016861 -0.000191374
13895.3 0.0017046 -0.000199997
13897.4 0.0017204 -0.000208177
13899.6 0.0017335 -0.000215906
13901.8 0.00174386 -0.000223187
13903.9 0.00175143 -0.000230012
13906.1 0.00175621 -0.000236362
13908.3 0.00175824 -0.000242227
13910.5 0.00175753 -0.000247614
13912.6 0.00175402 -0.000252529
13914.8 0.00174772 -0.000256961
13917 0.00173869 -0.000260901
13919.1 0.00172696 -0.000264356
13921.3 0.00171252 -0.000267341
13923.5 0.00169537 -0.000269858
13925.7 0.00167556 -0.000271899
13927.8 0.00165318 -0.000273468
13930 0.00162823 -0.000274586
13932.2 0.00160071 -0.000275265
13934.3 0.0015707 -0.000275503
13936.5 0.00153827 -0.0002753
13938.7 0.00150349 -0.000274675
13940.9 0.00146637 -0.00027365
13943 0.00142696 -0.000272227
13945.2 0.00138536 -0.000270407
13947.4 0.00134167 -0.000268202
13949.5 0.00129592 -0.000265636
13951.7 0.00124815 -0.000262721
13953.9 0.00119847 -0.000259454
13956.1 0.00114699 -0.000255843
13958.2 0.00109378 -0.000251909
13960.4 0.00103889 -0.00024767
13962.6 0.000982405 -0.000243125
13964.8 0.000924455 -0.000238277
13966.9 0.000865144 -0.00023314
13969.1 0.000804528 -0.000227735
13971.3 0.000742681 -0.000222067
13973.4 0.000679734 -0.000216134
13975.6 0.000615817 -0.000209944
13977.8 0.000551008 -0.000203518
13980 0.000485373 -0.000196866
13982.1 0.000419031 -0.000189987
13984.3 0.000352128 -0.000182882
13986.5 0.000284768 -0.000175569
13988.6 0.000217017 -0.000168064
13990.8 0.000148978 -0.000160368
13993 8.07964e-05 -0.000152481
13995.2 1.26015e-05 -0.000144414
13997.3 -5.55299e-05 -0.000136187
13999.5 -0.000123514 -0.000127807
14001.7 -0.000191216 -0.000119273
14003.8 -0.000258491 -0.000110591
14006 -0.000325246 -0.000101781
14008.2 -0.00039141 -9.28569e-05
14010.4 -0.00045687 -8.38198e-05
14012.5 -0.000521477 -7.46724e-05
14014.7 -0.000585123 -6.54315e-05
14016.9 -0.000647742 -5.61156e-05
14019 -0.000709243 -4.67306e-05
14021.2 -0.000769494 -3.72771e-05
14023.4 -0.000828372 -2.77674e-05
14025.6 -0.000885808 -1.8222e-05
14027.7 -0.000941739 -8.65221e-06
14029.9 -0.000996056 9.41153e-07
14032.1 -0.00104863 1.05507e-05
14034.2 -0.00109939 2.01568e-05
14036.4 -0.0011483 2.97434e-05
14038.6 -0.00119527 3.9307e-05
14040.8 -0.00124019 4.88443e-05
14042.9 -0.00128297 5.83389e-05
14045.1 -0.0013236 6.77711e-05
14047.3 -0.00136202 7.71334e-05
14049.4 -0.00139815 8.64242e-05
14051.6 -0.0014319 9.56314e-05
14053.8 -0.00146324 0.000104734
14056 -0.00149217 0.000113719
14058.1 -0.00151862 0.000122584
14060.3 -0.00154254 0.000131322
14062.5 -0.00156387 0.000139911
14064.7 -0.00158264 0.000148334
14066.8 -0.00159884 0.000156585
14069 -0.0016124 0.000164659
14071.2 -0.00162329 0.000172538
14073.3 -0.00163154 0.0001802
14075.5 -0.00163717 0.000187634
14077.7 -0.00164015 0.000194837
14079.9 -0.00164047 0.000201795
14082 -0.00163813 0.000208483
14084.2 -0.00163319 0.000214886
14086.4 -0.00162567 0.000220998
14088.5 -0.00161555 0.000226811
14090.7 -0.00160284 0.000232303
14092.9 -0.00158762 0.000237451
14095.1 -0.00156994 0.00024225
14097.2 -0.0015498 0.000246696
14099.4 -0.00152722 0.00025077
14101.6 -0.00150226 0.000254449
14103.7 -0.00147502 0.000257723
14105.9 -0.00144553 0.000260593
14108.1 -0.0014138 0.000263048
14110.3 -0.0013799 0.000265067
14112.4 -0.00134394 0.000266636
14114.6 -0.00130598 0.000267758
14116.8 -0.00126605 0.000268431
14118.9 -0.00122421 0.000268642
14121.1 -0.00118056 0.000268373
14123.3 -0.00113521 0.000267629
14125.5 -0.0010882 0.000266416
14127.6 -0.00103959 0.00026473
14129.8 -0.00098947 0.000262557
14132 -0.000937965 0.000259897
14134.1 -0.000885152 0.000256765
14136.3 -0.000831078 0.000253168
14138.5 -0.000775828 0.000249096
14140.7 -0.000719531 0.00024455
14142.8 -0.000662291 0.000239545
14145 -0.000604166 0.0002341
14147.2 -0.000545223 0.000228216
14149.3 -0.000485584 0.000221891
14151.5 -0.000425375 0.00021514
14153.7 -0.00036467 0.000207991
14155.9 -0.000303527 0.000200456
14158 -0.000242048 0.000192535
14160.2 -0.000180368 0.000184241
14162.4 -0.000118585 0.000175603
14164.5 -5.67533e-05 0.000166647
14166.7 5.04766e-06 0.000157379
14168.9 6.66882e-05 0.000147807
14171.1 0.000128051 0.000137961
14173.2 0.000189072 0.000127873
14175.4 0.000249694 0.00011756
14177.6 0.000309805 0.000107028
14179.8 0.000369277 9.62999e-05
14181.9 0.00042803 8.54149e-05
14184.1 0.000486019 7.43982e-05
14186.3 0.000543157 6.32581e-05
14188.4 0.000599322 5.20112e-05
14190.6 0.000654414 4.06941e-05
14192.8 0.000708389 2.93413e-05
14195 0.00076119 1.79664e-05
14197.1 0.000812707 6.57961e-06
14199.3 0.000862834 -4.78867e-06
14201.5 0.000911515 -1.60993e-05
14203.6 0.000958715 -2.73312e-05
14205.8 0.00100435 -3.84773e-05
14208 0.00104832 -4.95169e-05
14210.2 0.00109055 -6.04118e-05
14212.3 0.00113102 -7.11331e-05
14214.5 0.00116968 -8.16736e-05
14216.7 0.00120644 -9.20229e-05
14218.8 0.00124121 -0.000102149
14221 0.00127398 -0.000112019
14223.2 0.00130473 -0.000121622
14225.4 0.00133339 -0.000130955
14227.5 0.00135988 -0.000139999
14229.7 0.00138417 -0.00014872
14231.9 0.00140627 -0.000157102
14234 0.00142614 -0.000165147
14236.2 0.00144372 -0.00017285
14238.4 0.00145896 -0.000180182
14240.6 0.0014719 -0.000187124
14242.7 0.00148252 -0.000193677
14244.9 0.00149078 -0.000199849
14247.1 0.00149665 -0.000205624
14249.2 0.00150014 -0.00021098
14251.4 0.00150129 -0.000215916
14253.6 0.00150008 -0.000220448
14255.8 0.00149648 -0.000224573
14257.9 0.0014905 -0.000228275
14260.1 0.00148219 -0.000231546
14262.3 0.00147159 -0.000234406
14264.4 0.00145867 -0.000236866
14266.6 0.00144344 -0.000238916
14268.8 0.00142595 -0.000240548
14271 0.00140628 -0.000241774
14273.1 0.00138442 -0.000242618
14275.3 0.00136039 -0.000243081
14277.5 0.00133423 -0.000243151
14279.6 0.00130604 -0.000242836
14281.8 0.00127585 -0.000242162
14284 0.00124367 -0.000241142
14286.2 0.00120956 -0.000239766
14288.3 0.00117361 -0.000238034
14290.5 0.00113589 -0.000235968
14292.7 0.00109643 -0.000233591
14294.9 0.00105528 -0.0002309
14297 0.00101251 -0.000227887
14299.2 0.000968242 -0.000224567
14301.4 0.000922522 -0.000220966
14303.5 0.000875388 -0.000217092
14305.7 0.000826922 -0.000212933
14307.9 0.000777241 -0.000208493
14310.1 0.000726428 -0.000203799
14312.2 0.000674526 -0.000198867
14314.4 0.000621604 -0.000193689
14316.6 0.000567781 -0.000188259
14318.7 0.000513167 -0.000182597
14320.9 0.00045782 -0.000176727
14323.1 0.000401798 -0.000170651
14325.3 0.000345211 -0.000164356
14327.4 0.000288186 -0.000157851
14329.6 0.000230804 -0.000151165
14331.8 0.000173118 -0.00014431
14333.9 0.000115221 -0.000137275
14336.1 5.72447e-05 -0.000130058
14338.3 -7.05497e-07 -0.000122685
14340.5 -5.85722e-05 -0.000115179
14342.6 -0.000116283 -0.000107537
14344.8 -0.000173712 -9.97478e-05
14347 -0.000230739 -9.18293e-05
14349.1 -0.000287292 -8.38126e-05
14351.3 -0.000343316 -7.57049e-05
14353.5 -0.000398706 -6.74937e-05
14355.7 -0.000453333 -5.91847e-05
14357.8 -0.000507109 -5.08093e-05
14360 -0.000559988 -4.2388e-05
14362.3 -0.000613693 -3.36136e-05
14364.5 -0.000666219 -2.47754e-05
14366.7 -0.000717455 -1.59018e-05
14369 -0.000767351 -7.0245e-06
14371.2 -0.000815847 1.85893e-06
14373.5 -0.000862824 1.07601e-05
14375.7 -0.00090817 1.96579e-05
14378 -0.000951837 2.85161e-05
14380.2 -0.000993788 3.73285e-05
14382.5 -0.00103393 4.611e-05
14384.7 -0.00107215 5.4849e-05
14387 -0.00110841 6.35078e-05
14389.2 -0.00114269 7.20703e-05
14391.5 -0.00117492 8.05511e-05
14393.7 -0.00120501 8.89486e-05
14396 -0.00123291 9.72268e-05
14398.2 -0.00125863 0.00010536
14400.5 -0.00128213 0.000113358
14402.7 -0.00130333 0.000121229
14405 -0.00132219 0.000128941
14407.2 -0.00133873 0.000136461
14409.5 -0.00135295 0.00014379
14411.7 -0.00136479 0.000150943
14414 -0.00137421 0.000157896
14416.2 -0.00138123 0.00016461
14418.4 -0.00138589 0.000171077
14420.7 -0.00138817 0.000177313
14422.9 -0.00138802 0.000183305
14425.2 -0.00138547 0.000189013
14427.4 -0.00138059 0.000194417
14429.7 -0.00137338 0.000199534
14431.9 -0.00136382 0.000204361
14434.2 -0.00135193 0.000208861
14436.4 -0.00133779 0.000213005
14438.7 -0.00132144 0.000216805
14440.9 -0.00130287 0.000220271
14443.2 -0.00128211 0.000223372
14445.4 -0.00125924 0.000226073
14447.7 -0.00123434 0.00022838
14449.9 -0.00120742 0.000230311
14452.2 -0.00117849 0.000231848
14454.4 -0.00114766 0.000232954
14456.7 -0.00111501 0.000233628
14458.9 -0.00108059 0.000233894
14461.2 -0.00104441 0.000233747
14463.4 -0.00100657 0.000233154
14465.7 -0.000967174 0.000232107
14467.9 -0.00092629 0.000230632
14470.1 -0.000883942 0.000228741
14472.4 -0.000840208 0.000226407
14474.6 -0.000795218 0.000223616
14476.9 -0.000749057 0.000220395
14479.1 -0.000701757 0.000216769
14481.4 -0.000653384 0.000212723
14483.6 -0.000604072 0.000208238
14485.9 -0.000553926 0.000203338
14488.1 -0.000502991 0.00019806
14490.4 -0.000451322 0.000192403
14492.6 -0.000399044 0.000186347
14494.9 -0.000346282 0.00017991
14497.1 -0.000293094 0.000173135
14499.4 -0.000239526 0.000166038
14501.6 -0.000185688 0.000158601
14503.9 -0.000131717 0.000150834
14506.1 -7.76876e-05 0.000142784
14508.4 -2.36377e-05 0.000134478
14510.6 3.03392e-05 0.000125908
14512.9 8.41045e-05 0.000117074
14515.1 0.000137567 0.000108021
14517.4 0.000190691 9.87905e-05
14519.6 0.000243404 8.93798e-05
14521.9 0.000295573 7.97847e-05
14524.1 0.000347092 7.00433e-05
14526.3 0.000397923 6.0205e-05
14528.6 0.000448014 5.02791e-05
14530.8 0.000497245 4.02566e-05
14533.1 0.000545502 3.0166e-05
14535.3 0.000592739 2.00611e-05
14537.6 0.000638923 9.96282e-06
14539.8 0.000683955 -1.39023e-07
14542.1 0.000727716 -1.02276e-05
14544.3 0.000770152 -2.02497e-05
14546.6 0.000811246 -3.01733e-05
14548.8 0.000850921 -4.00068e-05
14551.1 0.000889065 -4.97451e-05
14553.3 0.000925614 -5.9341e-05
14555.6 0.000960561 -6.87534e-05
14557.8 0.000993859 -7.79858e-05
14560.1 0.0010254 -8.70445e-05
14562.3 0.00105513 -9.58923e-05
14564.6 0.00108303 -0.000104483
14566.8 0.0011091 -0.000112813
14569.1 0.00113324 -0.000120898
14571.3 0.00115538 -0.000128714
14573.6 0.00117553 -0.000136215
14575.8 0.00119369 -0.000143389
14578 0.00120981 -0.000150258
14580.3 0.00122382 -0.000156814
14582.5 0.00123572 -0.000163015
14584.8 0.00124554 -0.000168841
14587 0.00125326 -0.000174317
14589.3 0.0012588 -0.000179451
14591.5 0.00126218 -0.00018421
14593.8 0.00126345 -0.000188568
14596 0.0012626 -0.000192547
14598.3 0.00125959 -0.000196172
14600.5 0.00125443 -0.00019942
14602.8 0.00124716 -0.000202262
14605 0.00123783 -0.000204715
14607.3 0.00122642 -0.000206812
14609.5 0.00121291 -0.000208548
14611.8 0.00119738 -0.000209891
14614 0.00117989 -0.00021085
14616.3 0.00116044 -0.000211462
14618.5 0.00113903 -0.000211738
14620.8 0.00111572 -0.00021165
14623 0.0010906 -0.000211193
14625.3 0.0010637 -0.000210405
14627.5 0.00103503 -0.000209312
14629.7 0.00100463 -0.000207888
14632 0.000972609 -0.000206121
14634.2 0.000939038 -0.000204043
14636.5 0.000903919 -0.000201687
14638.7 0.000867299 -0.00019904
14641 0.000829292 -0.00019608
14643.2 0.000789989 -0.000192828
14645.5 0.000749412 -0.000189324
14647.7 0.000707598 -0.000185569
14650 0.00066466 -0.000181533
14652.2 0.000620714 -0.000177225
14654.5 0.0005758 -0.00017269
14656.7 0.000529951 -0.000167939
14659 0.000483268 -0.000162945
14661.2 0.000435886 -0.000157703
14663.5 0.000387868 -0.000152255
14665.7 0.000339244 -0.000146625
14668 0.000290103 -0.000140792
14670.2 0.000240586 -0.000134741
14672.5 0.000190783 -0.000128506
14674.7 0.000140723 -0.000122124
14677 9.04794e-05 -0.000115582
14679.2 4.01917e-05 -0.000108859
14681.5 -1.00284e-05 -0.000101978
14683.7 -6.01425e-05 -9.49827e-05
14685.9 -0.000110097 -8.7875e-05
14688.2 -0.000159763 -8.0629e-05
14690.4 -0.000209013 -7.32562e-05
14692.7 -0.000257795 -6.58032e-05
14694.9 -0.000306074 -5.82855e-05
14697.2 -0.000353738 -5.06786e-05
14699.4 -0.000400654 -4.29812e-05
14701.7 -0.000446755 -3.52371e-05
14703.9 -0.000492017 -2.74749e-05
14706.2 -0.000536356 -1.96758e-05
14708.4 -0.00057964 -1.1827e-05
14710.7 -0.000621789 -3.96462e-06
14712.9 -0.000662787 3.87267e-06
14715.2 -0.000702578 1.16941e-05
14717.4 -0.000741043 1.95209e-05
14719.7 -0.000778091 2.73285e-05
14721.9 -0.000813709 3.5072e-05
14724.2 -0.000847871 4.27488e-05
14726.4 -0.000880478 5.03841e-05
14728.7 -0.000911438 5.79667e-05
14730.9 -0.000940732 6.54504e-05
14733.2 -0.000968362 7.28194e-05
14735.4 -0.000994258 8.00981e-05
14737.6 -0.00101833 8.72883e-05
14739.9 -0.00104056 9.43475e-05
14742.1 -0.00106096 0.000101247
14744.4 -0.0010795 0.000108007
14746.6 -0.0010961 0.000114639
14748.9 -0.00111073 0.000121108
14751.1 -0.00112343 0.000127376
14753.4 -0.0011342 0.000133453
14755.6 -0.00114297 0.000139359
14757.9 -0.00114972 0.00014507
14760.1 -0.00115448 0.000150542
14762.4 -0.00115728 0.000155772
14764.6 -0.0011581 0.000160785
14766.9 -0.00115689 0.000165568
14769.1 -0.0011537 0.000170078
14771.4 -0.00114859 0.000174299
14773.6 -0.00114155 0.000178255
14775.9 -0.00113255 0.000181947
14778.1 -0.00112163 0.000185335
14780.4 -0.00110886 0.000188393
14782.6 -0.00109428 0.00019114
14784.9 -0.00107785 0.000193591
14787.1 -0.00105962 0.000195714
14789.3 -0.00103967 0.000197475
14791.6 -0.00101805 0.000198887
14793.8 -0.000994764 0.000199974
14796.1 -0.000969832 0.000200717
14798.3 -0.000943349 0.00020108
14800.6 -0.000915392 0.000201066
14802.8 -0.000885976 0.000200707
14805.1 -0.00085512 0.000199998
14807.3 -0.000822917 0.000198904
14809.6 -0.000789464 0.000197421
14811.8 -0.000754797 0.000195583
14814.1 -0.000718933 0.0001934
14816.3 -0.000681956 0.000190844
14818.6 -0.000643977 0.000187903
14820.8 -0.000605055 0.000184611
14823.1 -0.000565208 0.000180991
14825.3 -0.000524507 0.000177025
14827.6 -0.000483071 0.000172698
14829.8 -0.000440979 0.000168035
14832.1 -0.000398254 0.000163074
14834.3 -0.000354953 0.000157809
14836.6 -0.000311195 0.00015222
14838.8 -0.000267076 0.000146328
14841.1 -0.000222629 0.000140177
14843.3 -0.000177898 0.000133775
14845.5 -0.000132991 0.000127103
14847.8 -8.80198e-05 0.000120173
14850 -4.30286e-05 0.000113032
14852.3 1.94922e-06 0.000105701
14854.5 4.68194e-05 9.81647e-05
14856.8 9.14647e-05 9.04274e-05
14859 0.000135825 8.25333e-05
14861.3 0.000179876 7.45164e-05
14863.5 0.000223542 6.6368e-05
14865.8 0.000266703 5.80838e-05
14868 0.000309288 4.97026e-05
14870.3 0.000351273 4.12676e-05
14872.5 0.000392604 3.27793e-05
14874.8 0.000433169 2.42272e-05
14877 0.000472883 1.56415e-05
14879.3 0.000511724 7.07043e-06
14881.5 0.000549654 -1.47464e-06
14883.8 0.000586578 -1.00075e-05
14886 0.000622403 -1.85092e-05
14888.3 0.000657101 -2.69303e-05
14890.5 0.000690654 -3.52488e-05
14892.8 0.000722985 -4.34785e-05
14895 0.000753999 -5.16126e-05
14897.2 0.000783664 -5.96052e-05
14899.5 0.000811975 -6.7425e-05
14901.7 0.000838879 -7.50828e-05
14904 0.000864287 -8.25833e-05
14906.2 0.000888159 -8.98889e-05
14908.5 0.000910502 -9.69617e-05
14910.7 0.000931288 -0.000103807
14913 0.000950442 -0.000110439
14915.2 0.000967918 -0.000116833
14917.5 0.000983729 -0.000122947
14919.7 0.000997875 -0.000128781
14922 0.0010103 -0.000134354
14924.2 0.00102095 -0.000139658
14926.5 0.00102985 -0.000144651
14928.7 0.00103701 -0.000149325
14931 0.00104242 -0.000153706
14933.2 0.00104601 -0.000157795
14935.5 0.0010478 -0.000161562
14937.7 0.00104785 -0.000164988
14940 0.00104614 -0.000168099
14942.2 0.00104263 -0.000170912
14944.5 0.00103734 -0.000173402
14946.7 0.00103033 -0.000175548
14948.9 0.00102161 -0.000177371
14951.2 0.00101116 -0.000178898
14953.4 0.000998991 -0.000180116
14955.7 0.000985167 -0.000180999
14957.9 0.000969737 -0.000181562
14960.2 0.000952691 -0.000181838
14962.4 0.000934036 -0.000181826
14964.7 0.000913839 -0.0001815
14966.9 0.000892171 -0.000180864
14969.2 0.000869045 -0.000179955
14971.4 0.000844465 -0.000178781
14973.7 0.000818496 -0.000177321
14975.9 0.000791226 -0.000175568
14978.2 0.00076269 -0.000173555
14980.4 0.000732896 -0.000171304
14982.7 0.000701902 -0.000168794
14984.9 0.000669806 -0.000166014
14987.2 0.000636667 -0.000162989
14989.4 0.000602499 -0.000159748
14991.7 0.000567353 -0.000156281
14993.9 0.00053133 -0.000152568
14996.2 0.00049451 -0.000148626
14998.4 0.000456919 -0.000144492
15000.7 0.000418599 -0.000140163
15002.9 0.000379648 -0.000135617
15005.1 0.000340164 -0.000130864
15007.4 0.000300188 -0.00012594
15009.6 0.000259753 -0.000120854
15011.9 0.000218952 -0.000115587
15014.1 0.000177894 -0.000110137
15016.4 0.000136633 -0.000104541
15018.6 9.52018e-05 -9.88181e-05
15020.9 5.36795e-05 -9.29528e-05
15023.1 1.21798e-05 -8.69366e-05
15025.4 -2.92266e-05 -8.08009e-05
15027.6 -7.05094e-05 -7.45756e-05
15029.9 -0.000111603 -6.82511e-05
15032.1 -0.000152396 -6.18128e-05
15034.4 -0.000192804 -5.52854e-05
15036.6 -0.000232797 -4.87049e-05
15038.9 -0.000272323 -4.2071e-05
15041.1 -0.00031128 -3.53653e-05
15043.4 -0.000349576 -2.8603e-05
15045.6 -0.000387176 -2.18234e-05
15047.9 -0.000424044 -1.5036e-05
15050.1 -0.000460092 -8.22128e-06
15052.4 -0.000495226 -1.38462e-06
15054.6 -0.000529404 5.43571e-06
15056.8 -0.000562606 1.22206e-05
15059.1 -0.000594764 1.89872e-05
15061.3 -0.000625784 2.57401e-05
15063.6 -0.000655621 3.24453e-05
15065.8 -0.000684266 3.90751e-05
15068.1 -0.000711674 4.56418e-05
15070.3 -0.000737759 5.2158e-05
15072.6 -0.000762472 5.85966e-05
15074.8 -0.000785814 6.49239e-05
15077.1 -0.000807762 7.11443e-05
15079.3 -0.000828246 7.72762e-05
15081.6 -0.000847215 8.33016e-05
15083.8 -0.000864674 8.91826e-05
15086.1 -0.000880624 9.49148e-05
15088.3 -0.000895014 0.000100519
15090.6 -0.000907794 0.000105987
15092.8 -0.00091897 0.00011128
15095.1 -0.000928565 0.000116385
15097.3 -0.000936551 0.000121321
15099.6 -0.000942881 0.00012609
15101.8 -0.000947563 0.000130656
15104.1 -0.000950635 0.000134996
15106.3 -0.000952093 0.000139126
15108.5 -0.000951901 0.000143058
15110.8 -0.000950063 0.000146762
15113 -0.000946629 0.000150206
15115.3 -0.000941621 0.000153402
15117.5 -0.000935014 0.000156367
15119.8 -0.000926812 0.000159082
15122 -0.00091707 0.000161511
15124.3 -0.000905832 0.000163655
15126.5 -0.000893092 0.000165541
15128.8 -0.00087885 0.000167159
15131 -0.000863164 0.000168471
15133.3 -0.000846097 0.000169472
15135.5 -0.000827664 0.00017019
15137.8 -0.000807863 0.000170628
15140 -0.00078675 0.000170752
15142.3 -0.000764404 0.000170549
15144.5 -0.000740857 0.000170044
15146.8 -0.000716115 0.000169257
15149 -0.000690226 0.000168159
15151.3 -0.000663277 0.000166728
15153.5 -0.000635323 0.00016499
15155.8 -0.000606373 0.000162972
15158 -0.000576469 0.00016066
15160.2 -0.000545702 0.000158025
15162.5 -0.000514144 0.000155086
15164.7 -0.000481815 0.000151881
15167 -0.000448747 0.000148408
15169.2 -0.000415029 0.000144638
15171.5 -0.000380748 0.00014058
15173.7 -0.000345938 0.000136277
15176 -0.000310622 0.000131741
15178.2 -0.00027488 0.000126948
15180.5 -0.000238811 0.000121895
15182.7 -0.000202462 0.000116625
15185 -0.000165853 0.000111167
15187.2 -0.00012905 0.0001055
15189.5 -9.21573e-05 9.96142e-05
15191.7 -5.52371e-05 9.35473e-05
15194 -1.83073e-05 8.73399e-05
15196.2 1.85807e-05 8.0982e-05
15198.5 5.53251e-05 7.44547e-05
15200.7 9.18493e-05 6.77884e-05
15203 0.000128132 6.10319e-05
15205.2 0.000164139 5.41879e-05
15207.5 0.000199776 4.7233e-05
15209.7 0.000234956 4.01858e-05
15212 0.000269651 3.30991e-05
15214.2 0.00030384 2.59899e-05
15216.4 0.000337444 1.8834e-05
15218.7 0.00037037 1.16367e-05
15220.9 0.000402581 4.45e-06
15223.2 0.000434067 -2.69568e-06
15225.4 0.000464768 -9.82055e-06
15227.7 0.000494591 -1.69325e-05
15229.9 0.000523488 -2.3986e-05
15232.2 0.000551457 -3.0939e-05
15234.4 0.000578459 -3.78037e-05
15236.7 0.000604409 -4.45995e-05
15238.9 0.000629249 -5.12922e-05
15241.2 0.00065298 -5.78317e-05
15243.4 0.000675587 -6.42194e-05
15245.7 0.000696995 -7.04827e-05
15247.9 0.000717143 -7.66026e-05
15250.2 0.000736031 -8.25261e-05
15252.4 0.000753662 -8.82422e-05
15254.7 0.000769984 -9.37822e-05
15256.9 0.000784932 -9.9144e-05
15259.2 0.000798502 -0.000104278
15261.4 0.000810717 -0.00010916
15263.7 0.000821547 -0.000113822
15265.9 0.000830933 -0.000118278
15268.1 0.000838863 -0.000122487
15270.4 0.000845374 -0.000126415
15272.6 0.000850462 -0.000130087
15274.9 0.000854077 -0.000133534
15277.1 0.000856204 -0.000136726
15279.4 0.000856885 -0.000139625
15281.6 0.000856142 -0.000142244
15283.9 0.000853943 -0.000144624
15286.1 0.000850266 -0.000146754
15288.4 0.000845156 -0.000148591
15290.6 0.000838658 -0.000150138
15292.9 0.000830759 -0.000151438
15295.1 0.000821438 -0.000152501
15297.4 0.000810735 -0.000153283
15299.6 0.000798714 -0.000153774
15301.9 0.000785385 -0.000154017
15304.1 0.00077073 -0.000154037
15306.4 0.000754782 -0.000153798
15308.6 0.000737617 -0.000153277
15310.9 0.000719269 -0.000152509
15313.1 0.000699729 -0.000151534
15315.4 0.00067902 -0.000150326
15317.6 0.000657223 -0.000148852
15319.8 0.000634396 -0.000147136
15322.1 0.00061054 -0.000145225
15324.3 0.000585674 -0.000143111
15326.6 0.000559875 -0.000140753
15328.8 0.00053322 -0.00013816
15331.1 0.000505729 -0.000135384
15333.3 0.000477411 -0.000132434
15335.6 0.00044834 -0.000129267
15337.8 0.000418607 -0.000125878
15340.1 0.000388247 -0.000122316
15342.3 0.000357271 -0.000118608
15344.6 0.000325741 -0.000114717
15346.8 0.000293756 -0.000110623
15349.1 0.00026137 -0.000106367
15351.3 0.000228597 -0.000101993
15353.6 0.000195484 -9.74741e-05
15355.8 0.000162134 -9.27785e-05
15358.1 0.000128617 -8.7937e-05
15360.3 9.49522e-05 -8.30022e-05
15362.6 6.1176e-05 -7.7966e-05
15364.8 2.73836e-05 -7.2788e-05
15367.1 -6.33862e-06 -6.74836e-05
15369.3 -3.99642e-05 -6.21112e-05
15371.6 -7.34682e-05 -5.66811e-05
15373.8 -0.000106767 -5.11517e-05
15376 -0.000139764 -4.55209e-05
15378.3 -0.000172423 -3.9846e-05
15380.5 -0.000204729 -3.41558e-05
15382.8 -0.000236614 -2.84139e-05
15385 -0.000267979 -2.26009e-05
15387.3 -0.000298776 -1.67663e-05
15389.5 -0.000328997 -1.09548e-05
15391.8 -0.000358593 -5.14121e-06
15394 -0.00038747 7.08324e-07
15396.3 -0.00041557 6.55826e-06
15398.5 -0.000442887 1.23522e-05
15400.8 -0.000469394 1.80999e-05
15403 -0.000495006 2.38442e-05
15405.3 -0.000519658 2.95678e-05
15407.5 -0.000543346 3.52092e-05
15409.8 -0.000566061 4.07592e-05
15412 -0.000587737 4.62634e-05
15414.3 -0.000608303 5.17248e-05
15416.5 -0.000627752 5.70831e-05
15418.8 -0.000646094 6.23103e-05
15421 -0.000663283 6.74474e-05
15423.3 -0.000679251 7.25162e-05
15425.5 -0.000693984 7.74656e-05
15427.7 -0.000707508 8.22503e-05
15430 -0.0007198 8.68998e-05
15432.2 -0.000730797 9.14516e-05
15434.5 -0.000740482 9.58695e-05
15436.7 -0.000748887 0.000100096
15439 -0.000756016 0.000104144
15441.2 -0.000761819 0.00010806
15443.5 -0.00076627 0.000111828
15445.7 -0.000769407 0.000115384
15448 -0.000771257 0.000118722
15450.2 -0.000771788 0.000121892
15452.5 -0.000770969 0.000124898
15454.7 -0.000768837 0.000127679
15457 -0.00076544 0.000130209
15459.2 -0.000760767 0.000132533
15461.5 -0.000754787 0.000134676
15463.7 -0.000747529 0.000136588
15466 -0.00073906 0.000138225
15468.2 -0.00072939 0.000139621
15470.5 -0.000718493 0.000140818
15472.7 -0.00070639 0.000141784
15475 -0.000693155 0.000142463
15477.2 -0.000678825 0.000142873
15479.4 -0.000663381 0.000143068
15481.7 -0.000646836 0.000143036
15483.9 -0.000629264 0.000142718
15486.2 -0.000610727 0.000142113
15488.4 -0.00059122 0.000141279
15490.7 -0.000570744 0.000140228
15492.9 -0.000549372 0.000138905
15495.2 -0.000527182 0.00013729
15497.4 -0.000504189 0.000135438
15499.7 -0.000480389 0.000133382
15501.9 -0.00045584 0.00013108
15504.2 -0.000430638 0.000128496
15506.4 -0.000404816 0.000125674
15508.7 -0.000378368 0.000122665
15510.9 -0.00035134 0.000119445
15513.2 -0.00032383 0.000115967
15515.4 -0.000295896 0.00011226
15517.7 -0.000267533 0.000108386
15519.9 -0.000238773 0.000104342
15522.2 -0.00020971 0.000100078
15524.4 -0.000180421 9.56017e-05
15526.7 -0.000150912 9.09816e-05
15528.9 -0.000121199 8.62368e-05
15531.2 -9.13651e-05 8.13199e-05
15533.4 -6.15024e-05 7.62199e-05
15535.6 -3.1632e-05 7.10001e-05
15537.9 -1.75633e-06 6.57011e-05
15540.1 2.80556e-05 6.02858e-05
15542.4 5.77045e-05 5.47259e-05
15544.6 8.71526e-05 4.90732e-05
15546.9 0.000116404 4.33851e-05
15549.1 0.000145409 3.76407e-05
15551.4 0.000174069 3.17989e-05
15553.6 0.000202328 2.58944e-05
15555.9 0.000230192 1.99952e-05
15558.1 0.000257632 1.41002e-05
15560.4 0.000284556 8.16235e-06
15562.6 0.000310894 2.19541e-06
15564.9 0.000336646 -3.7296e-06
15567.1 0.000361805 -9.59244e-06
15569.4 0.000386293 -1.54393e-05
15571.6 0.000410029 -2.12776e-05
15573.9 0.000433004 -2.70417e-05
15576.1 0.000455228 -3.26914e-05
15578.4 0.000476643 -3.82649e-05
15580.6 0.000497165 -4.37892e-05
15582.9 0.000516772 -4.92113e-05
15585.1 0.000535487 -5.44755e-05
15587.3 0.000553275 -5.9606e-05
15589.6 0.000570057 -6.46449e-05
15591.8 0.000585798 -6.95581e-05
15594.1 0.000600526 -7.42807e-05
15596.3 0.000614235 -7.8819e-05
15598.6 0.000626853 -8.32241e-05
15600.8 0.000638337 -8.74844e-05
15603.1 0.000648715 -9.15336e-05
15605.3 0.000658004 -9.53586e-05
15607.6 0.000666153 -9.90122e-05
15609.8 0.00067311 -0.000102506
15612.1 0.000678898 -0.000105781
15614.3 0.000683555 -0.000108805
15616.6 0.000687054 -0.000111626
15618.8 0.000689341 -0.000114276
15621.1 0.000690431 -0.00011671
15623.3 0.000690376 -0.000118881
15625.6 0.000689176 -0.000120824
15627.8 0.000686782 -0.000122588
15630.1 0.000683197 -0.000124147
15632.3 0.000678483 -0.000125445
15634.6 0.000672666 -0.000126499
15636.8 0.000665707 -0.000127369
15639 0.0006576 -0.000128049
15641.3 0.000648408 -0.000128481
15643.5 0.000638179 -0.000128663
15645.8 0.000626894 -0.000128654
15648 0.000614537 -0.000128473
15650.3 0.000601166 -0.000128066
15652.5 0.000586849 -0.000127409
15654.8 0.000571588 -0.000126557
15657 0.000555363 -0.000125549
15659.3 0.00053822 -0.000124341
15661.5 0.000520243 -0.000122894
15663.8 0.000501456 -0.000121248
15666 0.00048184 -0.000119457
15668.3 0.000461429 -0.000117497
15670.5 0.000440312 -0.000115315
15672.8 0.000418537 -0.000112934
15675 0.000396092 -0.000110418
15677.3 0.000372996 -0.000107762
15679.5 0.000349338 -0.00010491
15681.8 0.000325187 -0.000101865
15684 0.000300543 -9.86903e-05
15686.3 0.000275414 -9.54058e-05
15688.5 0.000249879 -9.19596e-05
15690.8 0.000224025 -8.83325e-05
15693 0.000197868 -8.45832e-05
15695.2 0.000171407 -8.07517e-05
15697.5 0.000144708 -7.6798e-05
15699.7 0.000117868 -7.26857e-05
15702 9.09223e-05 -6.84603e-05
15704.2 6.38649e-05 -6.41783e-05
15706.5 3.67446e-05 -5.98172e-05
15708.7 9.6614e-06 -5.53292e-05
15710.8 -1.46096e-05 -5.12067e-05
15712.8 -3.88103e-05 -4.70537e-05
15714.8 -6.29283e-05 -4.28793e-05
15716.8 -8.69012e-05 -3.86454e-05
15718.8 -0.000110661 -3.43334e-05
15720.9 -0.000134187 -2.99804e-05
15722.9 -0.000157488 -2.56319e-05
15724.9 -0.000180537 -2.12807e-05
15726.9 -0.000203266 -1.68873e-05
15728.9 -0.000225619 -1.2448e-05
15731 -0.000247591 -8.0095e-06
15733 -0.000269188 -3.60602e-06
15735 -0.000290374 7.83803e-07
15737 -0.000311079 5.19588e-06
15739 -0.000331264 9.61771e-06
15741.1 -0.000350937 1.39992e-05
15743.1 -0.000370099 1.83208e-05
15745.1 -0.000388705 2.26146e-05
15747.1 -0.000406691 2.69076e-05
15749.2 -0.000424037 3.11727e-05
15751.2 -0.00044076 3.53623e-05
15753.2 -0.000456855 3.94729e-05
15755.2 -0.000472269 4.35425e-05
15757.2 -0.000486951 4.75853e-05
15759.3 -0.000500902 5.15628e-05
15761.3 -0.000514142 5.54352e-05
15763.3 -0.000526658 5.92145e-05
15765.3 -0.000538395 6.2939e-05
15767.3 -0.000549322 6.66079e-05
15769.4 -0.000559453 7.01759e-05
15771.4 -0.000568812 7.36152e-05
15773.4 -0.000577374 7.6951e-05
15775.4 -0.000585093 8.02161e-05
15777.4 -0.000591954 8.33946e-05
15779.5 -0.000597987 8.644e-05
15781.5 -0.000603209 8.93393e-05
15783.5 -0.000607592 9.21266e-05
15785.5 -0.000611098 9.48247e-05
15787.6 -0.000613733 9.74047e-05
15789.6 -0.000615536 9.98243e-05
15791.6 -0.000616516 0.000102087
15793.6 -0.000616643 0.000104229
15795.6 -0.000615894 0.000106262
15797.7 -0.000614292 0.000108147
15799.7 -0.000611879 0.000109851
15801.7 -0.000608659 0.000111392
15803.7 -0.000604601 0.000112807
15805.7 -0.000599699 0.000114091
15807.8 -0.000593993 0.000115202
15809.8 -0.000587523 0.00011612
15811.8 -0.000580284 0.000116876
15813.8 -0.000572252 0.000117499
15815.8 -0.00056344 0.000117972
15817.9 -0.000553897 0.000118254
15819.9 -0.000543659 0.000118342
15821.9 -0.000532714 0.000118273
15823.9 -0.000521049 0.000118067
15825.9 -0.000508694 0.000117696
15828 -0.000495705 0.000117126
15830 -0.000482106 0.000116371
15832 -0.000467886 0.000115469
15834 -0.000453042 0.000114428
15836.1 -0.000437621 0.000113215
15838.1 -0.000421678 0.000111807
15840.1 -0.000405229 0.000110231
15842.1 -0.000388261 0.000108523
15844.1 -0.00037079 0.000106678
15846.2 -0.00035287 0.000104661
15848.2 -0.000334554 0.000102465
15850.2 -0.000315846 0.000100126
15852.2 -0.000296739 9.76725e-05
15854.2 -0.000277265 9.5089e-05
15856.3 -0.000257484 9.23436e-05
15858.3 -0.000237438 8.94446e-05
15860.3 -0.000217125 8.64332e-05
15862.3 -0.000196547 8.3328e-05
15864.3 -0.000175748 8.01033e-05
15866.4 -0.00015479 7.67365e-05
15868.4 -0.000133702 7.32499e-05
15870.4 -0.000112479 6.96846e-05
15872.4 -9.1134e-05 6.60463e-05
15874.5 -6.97206e-05 6.23049e-05
15876.5 -4.82956e-05 5.84497e-05
15878.5 -2.68761e-05 5.45142e-05
15880.5 -5.45762e-06 5.05343e-05
15882.5 1.59355e-05 4.65027e-05
15884.6 3.72438e-05 4.23898e-05
15886.6 5.84199e-05 3.81984e-05
15888.6 7.94576e-05 3.39694e-05
15890.6 0.000100358 2.97288e-05
15892.6 0.000121085 2.54585e-05
15894.7 0.000141579 2.11339e-05
15896.7 0.000161806 1.67718e-05
15898.7 0.000181767 1.24146e-05
15900.7 0.000201456 8.07625e-06
15902.7 0.00022083 3.73104e-06
15904.8 0.000239833 -6.36531e-07
15906.8 0.000258445 -4.99793e-06
15908.8 0.000276672 -9.31387e-06
15910.8 0.000294501 -1.3584e-05
15912.9 0.000311882 -1.7837e-05
15914.9 0.000328769 -2.20768e-05
15916.9 0.000345157 -2.62666e-05
15918.9 0.000361052 -3.03751e-05
15920.9 0.000376434 -3.44145e-05
15923 0.000391251 -3.84122e-05
15925 0.000405473 -4.23596e-05
15927 0.000419104 -4.62161e-05
15929 0.00043215 -4.99621e-05
15931 0.000444583 -5.36203e-05
15933.1 0.000456358 -5.72123e-05
15935.1 0.000467458 -6.0718e-05
15937.1 0.000477897 -6.40982e-05
15939.1 0.000487677 -6.73474e-05
15941.1 0.000496766 -7.04945e-05
15943.2 0.000505127 -7.35525e-05
15945.2 0.000512761 -7.64921e-05
15947.2 0.000519687 -7.92809e-05
15949.2 0.000525901 -8.1927e-05
15951.2 0.00053137 -8.44618e-05
15953.3 0.000536073 -8.68873e-05
15955.3 0.000540022 -8.91691e-05
15957.3 0.000543239 -9.12852e-05
15959.3 0.000545716 -9.3256e-05
15961.4 0.000547422 -9.51102e-05
15963.4 0.000548352 -9.68388e-05
15965.4 0.00054853 -9.84065e-05
15967.4 0.000547976 -9.98042e-05
15969.4 0.000546677 -0.000101061
15971.5 0.000544612 -0.000102199
15973.5 0.00054179 -0.0001032
15975.5 0.000538243 -0.000104031
15977.5 0.000533988 -0.000104696
15979.5 0.000529008 -0.000105231
15981.6 0.000523295 -0.000105646
15983.6 0.000516871 -0.000105915
15985.6 0.000509773 -0.000106014
15987.6 0.00050201 -0.00010596
15989.6 0.00049357 -0.000105786
15991.7 0.000484454 -0.000105492
15993.7 0.000474698 -0.000105048
15995.7 0.000464338 -0.000104441
15997.7 0.000453379 -0.000103697
15999.8 0.00044181 -0.000102844
16001.8 0.000429649 -0.000101871
16003.8 0.000416938 -0.000100749
16005.8 0.00040371 -9.94762e-05
16007.8 0.000389965 -9.80852e-05
16009.9 0.000375701 -9.65955e-05
16011.9 0.000360947 -9.49871e-05
16013.9 0.000345752 -9.32346e-05
16015.9 0.000330139 -9.13495e-05
16017.9 0.000314107 -8.93665e-05
16020 0.000297665 -8.7294e-05
16022 0.000280854 -8.5106e-05
16024 0.000263719 -8.27859e-05
16026 0.000246279 -8.03563e-05
16028 0.000228532 -7.78493e-05
16030.1 0.0002105 -7.52621e-05
16032.1 0.000192229 -7.25668e-05
16034.1 0.000173762 -6.97583e-05
16036.1 0.00015511 -6.68673e-05
16038.1 0.000136275 -6.39195e-05
16040.2 0.000117289 -6.09019e-05
16042.2 9.8204e-05 -5.77893e-05
16044.2 7.90529e-05 -5.45888e-05
16046.2 5.98412e-05 -5.13354e-05
16048.3 4.05793e-05 -4.80453e-05
16050.3 2.13079e-05 -4.46978e-05
16052.3 2.07677e-06 -4.12742e-05
16054.3 -1.70904e-05 -3.77932e-05
16056.3 -3.61911e-05 -3.42895e-05
16058.4 -5.52069e-05 -3.07679e-05
16060.4 -7.4091e-05 -2.72036e-05
16062.4 -9.27998e-05 -2.35873e-05
16064.4 -0.000111319 -1.99469e-05
16066.4 -0.000129648 -1.63122e-05
16068.5 -0.000147758 -1.26769e-05
16070.5 -0.000165602 -9.01565e-06
16072.5 -0.000183146 -5.33033e-06
16074.5 -0.000200384 -1.65439e-06
16076.5 -0.000217313 1.99092e-06
16078.6 -0.000233899 5.62171e-06
16080.6 -0.000250097 9.25957e-06
16082.6 -0.000265884 1.28915e-05
16084.6 -0.000281262 1.64827e-05
16086.7 -0.000296224 2.00229e-05
16088.7 -0.000310731 2.35352e-05
16090.7 -0.000324745 2.70338e-05
16092.7 -0.000338257 3.04959e-05
16094.7 -0.000351273 3.38899e-05
16096.8 -0.00036378 3.72173e-05
16098.8 -0.000375739 4.0504e-05
16100.8 -0.000387123 4.37545e-05
16102.8 -0.000397933 4.69388e-05
16104.8 -0.000408179 5.00324e-05
16106.9 -0.000417841 5.30477e-05
16108.9 -0.000426884 5.60092e-05
16110.9 -0.000435292 5.89105e-05
16112.9 -0.000443079 6.1718e-05
16114.9 -0.000450251 6.44174e-05
16117 -0.000456786 6.70295e-05
16119 -0.000462655 6.95735e-05
16121 -0.000467857 7.20323e-05
16123 -0.000472411 7.43734e-05
16125.1 -0.000476319 7.65938e-05
16127.1 -0.00047956 7.87198e-05
16129.1 -0.000482113 8.07618e-05
16131.1 -0.000483991 8.26942e-05
16133.1 -0.000485216 8.44897e-05
16135.2 -0.000485787 8.61571e-05
16137.2 -0.000485681 8.77236e-05
16139.2 -0.000484894 8.91896e-05
16141.2 -0.000483446 9.05239e-05
16143.2 -0.000481362 9.17084e-05
16145.3 -0.000478634 9.27621e-05
16147.3 -0.000475247 9.37095e-05
16149.3 -0.000471207 9.454e-05
16151.3 -0.000466545 9.52219e-05
16153.3 -0.00046128 9.57482e-05
16155.4 -0.000455403 9.61458e-05
16157.4 -0.000448906 9.64325e-05
16159.4 -0.000441809 9.65888e-05
16161.4 -0.000434147 9.65861e-05
16163.4 -0.000425933 9.64303e-05
16165.5 -0.000417159 9.6152e-05
16167.5 -0.000407826 9.57603e-05
16169.5 -0.000397965 9.52286e-05
16171.5 -0.000387611 9.45364e-05
16173.6 -0.000376774 9.37013e-05
16175.6 -0.000365445 9.27537e-05
16177.6 -0.000353637 9.16923e-05
16179.6 -0.000341391 9.04878e-05
16181.6 -0.000328737 8.91301e-05
16183.7 -0.000315679 8.76468e-05
16185.7 -0.000302216 8.60638e-05
16187.7 -0.00028837 8.43695e-05
16189.7 -0.000274186 8.25361e-05
16191.7 -0.00025969 8.05658e-05
16193.8 -0.000244881 7.84923e-05
16195.8 -0.000229765 7.63336e-05
16197.8 -0.000214376 7.40697e-05
16199.8 -0.000198757 7.1678e-05
16201.8 -0.000182927 6.91734e-05
16203.9 -0.000166885 6.65911e-05
16206 -0.000150076 6.38453e-05
16208.1 -0.000133102 6.09965e-05
16210.1 -0.000116004 5.80317e-05
16212.2 -9.87921e-05 5.4982e-05
16214.3 -8.14687e-05 5.18799e-05
16216.4 -6.40646e-05 4.87151e-05
16218.5 -4.66309e-05 4.54593e-05
16220.6 -2.91964e-05 4.21202e-05
16222.7 -1.17617e-05 3.8738e-05
16224.8 5.66092e-06 3.53292e-05
16226.9 2.3027e-05 3.18686e-05
16229 4.02913e-05 2.83392e-05
16231.1 5.74409e-05 2.47689e-05
16233.1 7.44761e-05 2.11945e-05
16235.2 9.13701e-05 1.76119e-05
16237.3 0.000108073 1.39918e-05
16239.4 0.000124554 1.03367e-05
16241.5 0.000140812 6.68643e-06
16243.6 0.000156841 3.06333e-06
16245.7 0.0001726 -5.54268e-07
16247.8 0.000188045 -4.18755e-06
16249.9 0.000203162 -7.81337e-06
16252 0.000217956 -1.13921e-05
16254.1 0.000232406 -1.49221e-05
16256.1 0.000246469 -1.84332e-05
16258.2 0.000260111 -2.19291e-05
16260.3 0.000273337 -2.53723e-05
16262.4 0.000286146 -2.87355e-05
16264.5 0.000298506 -3.2037e-05
16266.6 0.000310376 -3.53026e-05
16268.7 0.000321744 -3.8515e-05
16270.8 0.000332621 -4.16341e-05
16272.9 0.000342997 -4.46533e-05
16275 0.000352834 -4.76028e-05
16277.1 0.000362104 -5.04933e-05
16279.2 0.000370813 -5.32917e-05
16281.2 0.000378972 -5.59675e-05
16283.3 0.00038656 -5.85361e-05
16285.4 0.000393541 -6.10276e-05
16287.5 0.000399907 -6.34326e-05
16289.6 0.000405677 -6.5712e-05
16291.7 0.000410852 -6.78553e-05
16293.8 0.000415405 -6.9893e-05
16295.9 0.000419312 -7.18432e-05
16298 0.000422586 -7.36787e-05
16300.1 0.000425247 -7.53673e-05
16302.2 0.000427287 -7.69212e-05
16304.2 0.000428677 -7.83745e-05
16306.3 0.000429415 -7.97261e-05
16308.4 0.000429526 -8.09393e-05
16310.5 0.000429027 -8.19997e-05
16312.6 0.000427898 -8.29374e-05
16314.7 0.000426122 -8.37775e-05
16316.8 0.000423717 -8.44988e-05
16318.9 0.000420714 -8.5068e-05
16321 0.000417118 -8.54932e-05
16323.1 0.000412906 -8.58115e-05
16325.2 0.000408081 -8.60292e-05
16327.3 0.000402675 -8.61126e-05
16329.3 0.000396716 -8.60431e-05
16331.4 0.000390196 -8.58487e-05
16333.5 0.000383102 -8.55602e-05
16335.6 0.000375455 -8.51627e-05
16337.7 0.000367295 -8.46216e-05
16339.8 0.000358638 -8.39402e-05
16341.9 0.000349471 -8.31567e-05
16344 0.000339796 -8.22848e-05
16346.1 0.000329652 -8.12938e-05
16348.2 0.000319076 -8.01608e-05
16350.3 0.000308069 -7.89105e-05
16352.3 0.000296624 -7.75785e-05
16354.4 0.000284761 -7.61568e-05
16356.5 0.000272529 -7.46099e-05
16358.6 0.000259951 -7.29359e-05
16360.7 0.000247023 -7.1173e-05
16362.8 0.000233747 -6.93424e-05
16364.9 0.000220163 -6.74175e-05
16367 0.000206316 -6.53716e-05
16369.1 0.000192218 -6.32255e-05
16371.2 0.000177861 -6.10186e-05
16373.3 0.000163267 -5.87509e-05
16375.4 0.000148485 -5.63874e-05
16377.4 0.00013355 -5.39205e-05
16379.5 0.000118461 -5.13879e-05
16381.6 0.00010322 -4.88176e-05
16383.7 8.78655e-05 -4.61889e-05
16385.8 7.24473e-05 -4.34717e-05
16387.9 5.69829e-05 -4.06818e-05
16390 4.14674e-05 -3.78618e-05
16392.1 2.59184e-05 -3.50194e-05
16394.2 1.03855e-05 -3.21215e-05
16396.3 -5.09267e-06 -2.91546e-05
16398.4 -2.05132e-05 -2.61538e-05
16400.4 -3.58765e-05 -2.31534e-05
16402.5 -5.11485e-05 -2.01386e-05
16404.6 -6.62791e-05 -1.70768e-05
16406.7 -8.12466e-05 -1.39771e-05
16408.8 -9.6057e-05 -1.08835e-05
16410.9 -0.000110698 -7.81083e-06
16413 -0.000125126 -4.72832e-06
16415.1 -0.000139299 -1.6162e-06
16417.2 -0.000153214 1.49503e-06
16419.3 -0.000166877 4.56663e-06
16421.4 -0.000180261 7.60703e-06
16423.5 -0.000193319 1.06514e-05
16425.5 -0.000206029 1.36982e-05
16427.6 -0.000218399 1.67045e-05
16429.7 -0.000230427 1.96487e-05
16431.8 -0.000242074 2.25589e-05
16433.9 -0.000253304 2.5461e-05
16436 -0.000264113 2.83309e-05
16438.1 -0.000274513 3.11267e-05
16440.2 -0.000284488 3.38505e-05
16442.3 -0.000293998 3.65389e-05
16444.4 -0.000303023 3.91983e-05
16446.5 -0.000311574 4.17887e-05
16448.5 -0.000319659 4.42825e-05
16450.6 -0.00032725 4.67035e-05
16452.7 -0.000334314 4.90834e-05
16454.8 -0.00034085 5.14052e-05
16456.9 -0.000346878 5.36256e-05
16459 -0.000352395 5.57396e-05
16461.1 -0.000357366 5.77838e-05
16463.2 -0.000361774 5.97727e-05
16465.3 -0.000365638 6.16707e-05
16467.4 -0.000368974 6.34447e-05
16469.5 -0.000371765 6.51135e-05
16471.5 -0.000373984 6.67129e-05
16473.6 -0.000375633 6.82345e-05
16475.7 -0.00037674 6.96349e-05
16477.8 -0.000377312 7.09022e-05
16479.9 -0.000377324 7.20717e-05
16482 -0.000376763 7.31657e-05
16484.1 -0.000375651 7.41546e-05
16486.2 -0.000374015 7.50018e-05
16488.3 -0.000371849 7.57199e-05
16490.4 -0.00036913 7.63483e-05
16492.5 -0.000365745 7.6904e-05
16494.7 -0.000361813 7.73194e-05
16496.9 -0.000357352 7.75776e-05
16499 -0.000352343 7.77173e-05
16501.2 -0.000346779 7.77656e-05
16503.3 -0.000340694 7.76913e-05
16505.5 -0.000334122 7.74579e-05
16507.7 -0.000327059 7.70858e-05
16509.8 -0.000319491 7.66183e-05
16512 -0.000311437 7.60487e-05
16514.2 -0.000302944 7.53331e-05
16516.3 -0.000294026 7.4467e-05
16518.5 -0.000284669 7.34951e-05
16520.6 -0.00027488 7.24377e-05
16522.8 -0.000264701 7.1259e-05
16525 -0.000254168 6.99315e-05
16527.1 -0.000243276 6.84866e-05
16529.3 -0.000232019 6.6965e-05
16531.5 -0.00022043 6.53518e-05
16533.6 -0.000208557 6.36065e-05
16535.8 -0.000196413 6.17373e-05
16538 -0.000183987 5.97922e-05
16540.1 -0.000171295 5.7783e-05
16542.3 -0.00015839 5.5671e-05
16544.4 -0.000145301 5.34392e-05
16546.6 -0.000132024 5.11277e-05
16548.8 -0.000118559 4.87719e-05
16550.9 -0.000104951 4.63491e-05
16553.1 -9.12447e-05 4.38242e-05
16555.3 -7.74483e-05 4.1217e-05
16557.4 -6.35536e-05 3.85757e-05
16559.6 -4.9588e-05 3.59025e-05
16561.7 -3.56043e-05 3.31574e-05
16563.9 -2.16278e-05 3.03347e-05
16566.1 -7.64957e-06 2.74805e-05
16568.2 6.32088e-06 2.46223e-05
16570.4 2.02352e-05 2.17305e-05
16572.6 3.40518e-05 1.87772e-05
16574.7 4.77706e-05 1.57924e-05
16576.9 6.13967e-05 1.28213e-05
16579 7.48958e-05 9.8558e-06
16581.2 8.8217e-05 6.85719e-06
16583.4 0.000101344 3.83074e-06
16585.5 0.00011429 8.25518e-07
16587.7 0.000127038 -2.14061e-06
16589.9 0.000139539 -5.10268e-06
16592 0.00015176 -8.08012e-06
16594.2 0.00016371 -1.1035e-05
16596.3 0.000175392 -1.39281e-05
16598.5 0.000186767 -1.67774e-05
16600.7 0.000197791 -1.96189e-05
16602.8 0.00020846 -2.24369e-05
16605 0.00021879 -2.51829e-05
16607.2 0.00022876 -2.78501e-05
16609.3 0.000238326 -3.04775e-05
16611.5 0.000247465 -3.30756e-05
16613.6 0.000256197 -3.56012e-05
16615.8 0.000264521 -3.80243e-05
16618 0.000272402 -4.03722e-05
16620.1 0.000279804 -4.26765e-05
16622.3 0.000286738 -4.49131e-05
16624.5 0.000293221 -4.70373e-05
16626.6 0.000299233 -4.90547e-05
16628.8 0.000304736 -5.10062e-05
16630.9 0.000309723 -5.28934e-05
16633.1 0.000314221 -5.46715e-05
16635.3 0.000318231 -5.63214e-05
16637.4 0.00032172 -5.78786e-05
16639.6 0.000324666 -5.93691e-05
16641.8 0.000327093 -6.07619e-05
16643.9 0.000329021 -6.20193e-05
16646.1 0.000330431 -6.31587e-05
16648.3 0.000331294 -6.42208e-05
16650.4 0.00033162 -6.51982e-05
16652.6 0.000331442 -6.6047e-05
16654.7 0.000330762 -6.67602e-05
16656.9 0.000329551 -6.7379e-05
16659.1 0.000327804 -6.79217e-05
16661.2 0.000325554 -6.83523e-05
16663.4 0.000322824 -6.86418e-05
16665.6 0.000319597 -6.88179e-05
16667.7 0.000315854 -6.8918e-05
16669.9 0.00031162 -6.8926e-05
16672 0.000306933 -6.88008e-05
16674.2 0.000301792 -6.85473e-05
16676.4 0.000296178 -6.82093e-05
16678.5 0.000290098 -6.77961e-05
16680.7 0.000283595 -6.72684e-05
16682.9 0.000276691 -6.66072e-05
16685 0.000269369 -6.5848e-05
16687.2 0.000261625 -6.50225e-05
16689.3 0.000253493 -6.41068e-05
16691.5 0.000245014 -6.3065e-05
16693.7 0.000236186 -6.19129e-05
16695.8 0.000226995 -6.06943e-05
16698 0.000217463 -5.94091e-05
16700.2 0.000207637 -5.80172e-05
16702.3 0.000197536 -5.65103e-05
16704.5 0.000187147 -5.493e-05
16706.6 0.000176475 -5.33006e-05
16708.8 0.000165564 -5.15922e-05
16711 0.000154453 -4.9776e-05
16713.1 0.000143137 -4.78783e-05
16715.3 0.00013161 -4.59404e-05
16717.5 0.000119905 -4.39531e-05
16719.6 0.00010807 -4.18782e-05
16721.8 9.61188e-05 -3.97189e-05
16723.9 8.40398e-05 -3.75202e-05
16726.1 7.18495e-05 -3.52979e-05
16728.3 5.95971e-05 -3.30181e-05
16730.4 4.73141e-05 -3.06611e-05
16732.6 3.49942e-05 -2.82616e-05
16734.8 2.26377e-05 -2.58557e-05
16736.9 1.0285e-05 -2.34263e-05
16739.1 -2.01902e-06 -2.0939e-05
16741.2 -1.42681e-05 -1.84078e-05
16743.4 -2.64718e-05 -1.58778e-05
16745.6 -3.8606e-05 -1.33555e-05
16747.7 -5.06212e-05 -1.08046e-05
16749.9 -6.24948e-05 -8.21508e-06
16752.1 -7.42374e-05 -5.62716e-06
16754.2 -8.58429e-05 -3.06957e-06
16756.4 -9.72681e-05 -5.17611e-07
16758.5 -0.000108476 2.05771e-06
16760.7 -0.000119468 4.63352e-06
16762.9 -0.000130254 7.16749e-06
16765 -0.000140806 9.66335e-06
16767.2 -0.000151077 1.21578e-05
16769.4 -0.000161058 1.46515e-05
16771.5 -0.000170763 1.71018e-05
16773.7 -0.000180183 1.94893e-05
16775.9 -0.000189275 2.18448e-05
16778 -0.000198014 2.41906e-05
16780.2 -0.000206411 2.64968e-05
16782.3 -0.000214476 2.87267e-05
16784.5 -0.000222177 3.08939e-05
16786.7 -0.00022948 3.30332e-05
16788.8 -0.000236385 3.51363e-05
16791 -0.000242911 3.71607e-05
16793.2 -0.000249049 3.90974e-05
16795.3 -0.000254758 4.0981e-05
16797.5 -0.000260028 4.28258e-05
16799.6 -0.000264879 4.4597e-05
16801.8 -0.000269319 4.62656e-05
16804 -0.00027332 4.78535e-05
16806.1 -0.000276855 4.93916e-05
16808.3 -0.00027994 5.08631e-05
16810.5 -0.000282596 5.22285e-05
16812.6 -0.000284813 5.34892e-05
16814.8 -0.000286558 5.46813e-05
16816.9 -0.000287832 5.58105e-05
16819.1 -0.000288667 5.68394e-05
16821.3 -0.000289067 5.77485e-05
16823.4 -0.000289007 5.85664e-05
16825.6 -0.000288475 5.93183e-05
16827.8 -0.000287496 5.99807e-05
16829.9 -0.000286094 6.05197e-05
16832.1 -0.000284257 6.0947e-05
16834.2 -0.000281962 6.12981e-05
16836.4 -0.000279226 6.15704e-05
16838.6 -0.000276081 6.17268e-05
16840.7 -0.000272534 6.17586e-05
16842.9 -0.000268562 6.16997e-05
16845.1 -0.000264166 6.15683e-05
16847.2 -0.000259382 6.13364e-05
16849.4 -0.000254232 6.09781e-05
16851.5 -0.000248705 6.05149e-05
16853.7 -0.000242787 5.99796e-05
16855.9 -0.000236507 5.9362e-05
16858 -0.000229901 5.86282e-05
16860.2 -0.000222972 5.77807e-05
16862.4 -0.000215704 5.68563e-05
16864.5 -0.000208108 5.58657e-05
16866.7 -0.000200227 5.47784e-05
16868.8 -0.000192081 5.35781e-05
16871 -0.000183658 5.22941e-05
16873.2 -0.000174956 5.09546e-05
16875.3 -0.000166011 4.95427e-05
16877.5 -0.00015686 4.80294e-05
16879.7 -0.000147502 4.64281e-05
16881.8 -0.000137926 4.47755e-05
16884 -0.000128155 4.30742e-05
16886.2 -0.000118233 4.1293e-05
16888.3 -0.000108176 3.94257e-05
16890.5 -9.79733e-05 3.75071e-05
16892.6 -8.76309e-05 3.55585e-05
16894.8 -7.71908e-05 3.35573e-05
16897 -6.66858e-05 3.14815e-05
16899.1 -5.6112e-05 2.93531e-05
16901.3 -4.54637e-05 2.72066e-05
16903.5 -3.47713e-05 2.50358e-05
16905.6 -2.40778e-05 2.28111e-05
16907.8 -1.33937e-05 2.05363e-05
16909.9 -2.70765e-06 1.82487e-05
16912.1 7.96575e-06 1.59614e-05
16914.3 1.85828e-05 1.36477e-05
16916.4 2.91171e-05 1.12936e-05
16918.6 3.95767e-05 8.92813e-06
16920.8 4.99621e-05 6.58065e-06
16922.9 6.02384e-05 4.23718e-06
16925.1 7.03673e-05 1.87128e-06
16927.2 8.0346e-05 -5.03874e-07
16929.4 9.01848e-05 -2.85135e-06
16931.6 9.98638e-05 -5.16693e-06
16933.7 0.000109341 -7.47949e-06
16935.9 0.000118599 -9.79483e-06
16938.1 0.000127651 -1.20792e-05
16940.2 0.000136492 -1.43104e-05
16942.4 0.000145086 -1.65096e-05
16944.5 0.000153405 -1.86982e-05
16946.7 0.000161452 -2.08555e-05
16948.9 0.000169238 -2.29476e-05
16951 0.000176741 -2.49799e-05
16953.2 0.000183924 -2.69818e-05
16955.4 0.00019078 -2.89507e-05
16957.5 0.000197326 -3.08515e-05
16959.7 0.000203556 -3.2671e-05
16961.8 0.000209436 -3.4436e-05
16964 0.000214948 -3.61623e-05
16966.2 0.000220105 -3.78234e-05
16968.3 0.000224917 -3.93917e-05
16970.5 0.000229362 -4.08816e-05
16972.7 0.000233411 -4.23213e-05
16974.8 0.000237071 -4.37009e-05
16977 0.00024036 -4.49863e-05
16979.1 0.000243273 -4.61747e-05
16981.3 0.000245779 -4.72966e-05
16983.5 0.000247875 -4.83612e-05
16985.6 0.00024958 -4.93387e-05
16987.8 0.000250905 -5.02093e-05
16990 0.000251828 -5.09955e-05
16992.1 0.000252333 -5.17221e-05
16994.3 0.000252437 -5.23726e-05
16996.5 0.000252162 -5.29167e-05
16998.6 0.000251499 -5.33611e-05
17000.8 0.000250427 -5.37379e-05
17002.9 0.000248954 -5.40489e-05
17005.1 0.000247108 -5.42628e-05
17007.3 0.000244895 -5.43686e-05
17009.4 0.000242298 -5.43949e-05
17011.6 0.000239312 -5.43609e-05
17013.8 0.000235964 -5.42448e-05
17015.9 0.000232276 -5.40213e-05
17018.1 0.000228238 -5.37063e-05
17020.2 0.000223839 -5.33305e-05
17022.4 0.000219098 -5.2888e-05
17024.6 0.000214044 -5.23483e-05
17026.7 0.000208683 -5.17096e-05
17028.9 0.000203002 -5.10039e-05
17031.1 0.000197008 -5.02439e-05
17033.2 0.000190733 -4.94036e-05
17035.4 0.000184197 -4.84649e-05
17037.5 0.000177392 -4.74511e-05
17039.7 0.000170315 -4.63896e-05
17041.9 0.000162993 -4.52676e-05
17044 0.000155457 -4.40574e-05
17046.2 0.00014771 -4.27665e-05
17048.4 0.000139743 -4.14285e-05
17050.5 0.000131573 -4.00486e-05
17052.7 0.000123237 -3.85989e-05
17054.8 0.00011475 -3.70698e-05
17057 0.000106105 -3.54905e-05
17059.2 9.73064e-05 -3.38833e-05
17061.3 8.83899e-05 -3.22297e-05
17063.5 7.9383e-05 -3.05069e-05
17065.7 7.0284e-05 -2.87314e-05
17067.8 6.10899e-05 -2.69356e-05
17070 5.18268e-05 -2.51174e-05
17072.1 4.25309e-05 -2.32488e-05
17074.3 3.32113e-05 -2.13295e-05
17076.5 2.38606e-05 -1.93922e-05
17078.6 1.44928e-05 -1.74525e-05
17080.8 5.14552e-06 -1.54874e-05
17083 -4.15951e-06 -1.34805e-05
17085.1 -1.34282e-05 -1.14555e-05
17087.3 -2.26587e-05 -9.44144e-06
17089.4 -3.18194e-05 -7.42838e-06
17091.6 -4.08783e-05 -5.39034e-06
17093.8 -4.98336e-05 -3.33535e-06
17095.9 -5.86927e-05 -1.29727e-06
17098.1 -6.74355e-05 7.1664e-07
17100.3 -7.60255e-05 2.7326e-06
17102.4 -8.44495e-05 4.75989e-06
17104.6 -9.27182e-05 6.7696e-06
17106.7 -0.000100826 8.73888e-06
17108.9 -0.000108739 1.06848e-05
17111.1 -0.000116432 1.26301e-05
17113.2 -0.000123913 1.45589e-05
17115.4 -0.000131188 1.64394e-05
17117.6 -0.000138235 1.82732e-05
17119.7 -0.00014502 2.0088e-05
17121.9 -0.000151542 2.18856e-05
17124.1 -0.000157815 2.3634e-05
17126.2 -0.000163831 2.53183e-05
17128.4 -0.000169556 2.69616e-05
17130.5 -0.000174977 2.85816e-05
17132.7 -0.000180108 3.01559e-05
17134.9 -0.000184956 3.16566e-05
17137 -0.000189496 3.30944e-05
17139.2 -0.000193704 3.44963e-05
17141.4 -0.000197588 3.58561e-05
17143.5 -0.000201165 3.71413e-05
17145.7 -0.000204425 3.83454e-05
17147.8 -0.000207338 3.94962e-05
17150 -0.000209903 4.06047e-05
17152.2 -0.00021214 4.16435e-05
17154.3 -0.000214056 4.25909e-05
17156.5 -0.000215625 4.34653e-05
17158.7 -0.000216833 4.42915e-05
17160.8 -0.000217698 4.50557e-05
17163 -0.000218239 4.57268e-05
17165.1 -0.000218445 4.6308e-05
17167.3 -0.000218291 4.68293e-05
17169.5 -0.000217788 4.72947e-05
17171.6 -0.000216961 4.76739e-05
17173.8 -0.000215815 4.79528e-05
17176 -0.000214327 4.81569e-05
17178.1 -0.000212492 4.83071e-05
17180.3 -0.000210339 4.8383e-05
17182.4 -0.000207885 4.83578e-05
17184.6 -0.000205118 4.8244e-05
17186.8 -0.000202022 4.80724e-05
17188.9 -0.000198616 4.78399e-05
17191.1 -0.000194932 4.75152e-05
17193.3 -0.000190969 4.70934e-05
17195.4 -0.000186709 4.66058e-05
17197.6 -0.000182157 4.60675e-05
17199.7 -0.000177349 4.54536e-05
17201.9 -0.000172301 4.47432e-05
17204.1 -0.000166997 4.39575e-05
17206.2 -0.000161433 4.3126e-05
17208.4 -0.000155636 4.22384e-05
17210.6 -0.000149637 4.1265e-05
17212.7 -0.000143433 4.02101e-05
17214.9 -0.00013701 3.91083e-05
17217 -0.000130383 3.79683e-05
17219.2 -0.000123592 3.67614e-05
17221.4 -0.000116648 3.54743e-05
17223.5 -0.000109536 3.41354e-05
17225.7 -0.000102258 3.27703e-05
17227.9 -9.48512e-05 3.13622e-05
17230 -8.73425e-05 2.98842e-05
17232.2 -7.97245e-05 2.835e-05
17234.4 -7.19874e-05 2.67945e-05
17236.5 -6.4157e-05 2.5219e-05
17238.7 -5.62715e-05 2.35931e-05
17240.8 -4.83375e-05 2.19114e-05
17243 -4.03397e-05 2.02075e-05
17245.2 -3.22886e-05 1.85014e-05
17247.3 -2.42242e-05 1.67702e-05
17249.5 -1.6169e-05 1.4992e-05
17251.7 -8.11098e-06 1.31882e-05
17253.8 -4.58439e-08 1.13924e-05
17256 7.99415e-06 9.59762e-06
17258.1 1.59738e-05 7.77372e-06
17260.3 2.3894e-05 5.92369e-06
17262.5 3.1769e-05 4.08393e-06
17264.6 3.9581e-05 2.26729e-06
17266.8 4.72896e-05 4.46283e-07
17269 5.48805e-05 -1.39481e-06
17271.1 6.23697e-05 -3.2279e-06
17273.3 6.97562e-05 -5.02382e-06
17275.4 7.70038e-05 -6.79699e-06
17277.6 8.40838e-05 -8.57574e-06
17279.8 9.10054e-05 -1.03489e-05
17281.9 9.77815e-05 -1.20799e-05
17284.1 0.000104389 -1.37643e-05
17286.3 0.000110789 -1.54324e-05
17288.4 0.00011698 -1.70932e-05
17290.6 0.00012298 -1.8714e-05
17292.7 0.000128783 -2.0272e-05
17294.9 0.000134353 -2.1789e-05
17297.1 0.000139671 -2.32896e-05
17299.2 0.000144753 -2.47556e-05
17301.4 0.000149612 -2.6153e-05
17303.6 0.00015422 -2.74863e-05
17305.7 0.000158547 -2.87875e-05
17307.9 0.000162599 -3.00578e-05
17310 0.0001664 -3.12629e-05
17312.2 0.00016994 -3.23881e-05
17314.4 0.000173183 -3.3461e-05
17316.5 0.000176123 -3.45016e-05
17318.7 0.000178785 -3.54858e-05
17320.9 0.000181178 -3.63845e-05
17323 0.000183273 -3.72113e-05
17325.2 0.000185048 -3.79974e-05
17327.3 0.000186523 -3.87367e-05
17329.5 0.000187722 -3.9395e-05
17331.7 0.00018863 -3.99668e-05
17333.8 0.000189219 -4.04841e-05
17336 0.000189493 -4.09605e-05
17338.2 0.000189484 -4.13673e-05
17340.3 0.000189197 -4.16823e-05
17342.5 0.000188605 -4.19269e-05
17344.6 0.000187695 -4.21295e-05
17346.8 0.000186498 -4.22769e-05
17349 0.000185037 -4.23367e-05
17351.1 0.000183295 -4.23131e-05
17353.3 0.000181248 -4.224e-05
17355.5 0.000178915 -4.21234e-05
17357.6 0.00017633 -4.19319e-05
17359.8 0.000173494 -4.1651e-05
17362 0.000170381 -4.13088e-05
17364.1 0.000166992 -4.0929e-05
17366.3 0.000163363 -4.04914e-05
17368.4 0.000159515 -3.99678e-05
17370.6 0.000155429 -3.93717e-05
17372.8 0.000151089 -3.87365e-05
17374.9 0.000146523 -3.80605e-05
17377.1 0.000141769 -3.73112e-05
17379.3 0.000136821 -3.64831e-05
17381.4 0.000131656 -3.56092e-05
17383.6 0.000126286 -3.47067e-05
17385.7 0.000120753 -3.37502e-05
17387.9 0.000115073 -3.27176e-05
17390.1 0.000109224 -3.16304e-05
17392.2 0.000103201 -3.05203e-05
17394.4 9.70393e-05 -2.93775e-05
17396.6 9.07737e-05 -2.81709e-05
17398.7 8.43946e-05 -2.69044e-05
17400.9 7.78827e-05 -2.56136e-05
17403 7.12599e-05 -2.43089e-05
17405.2 6.45703e-05 -2.29609e-05
17407.4 5.78231e-05 -2.15547e-05
17409.5 5.09956e-05 -2.01194e-05
17411.7 4.40905e-05 -1.8682e-05
17413.9 3.71505e-05 -1.7226e-05
17416 3.02043e-05 -1.5723e-05
17418.2 2.32367e-05 -1.4186e-05
17420.3 1.62333e-05 -1.26514e-05
17422.5 9.22442e-06 -1.11212e-05
17424.7 2.25226e-06 -9.56394e-06
17426.8 -4.68208e-06 -7.97287e-06
17429 -1.16019e-05 -6.38197e-06
17431.2 -1.84963e-05 -4.81241e-06
17433.3 -2.53204e-05 -3.24079e-06
17435.5 -3.20535e-05 -1.64343e-06
17437.6 -3.87164e-05 -4.12866e-08
17439.8 -4.53185e-05 1.5314e-06
17442 -5.18238e-05 3.08128e-06
17444.1 -5.81955e-05 4.64038e-06
17446.3 -6.44419e-05 6.20725e-06
17448.5 -7.05859e-05 7.74519e-06
17450.6 -7.66101e-05 9.24084e-06
17452.8 -8.24706e-05 1.07231e-05
17454.9 -8.81571e-05 1.221e-05
17457.1 -9.36957e-05 1.36739e-05
17459.3 -9.90903e-05 1.50852e-05
17461.4 -0.000104302 1.64588e-05
17463.6 -0.000109304 1.78258e-05
17465.8 -0.000114112 1.91764e-05
17467.9 -0.000118748 2.04738e-05
17470.1 -0.00012319 2.17131e-05
17472.3 -0.000127398 2.2927e-05
17474.4 -0.000131375 2.41269e-05
17476.6 -0.000135148 2.52803e-05
17478.7 -0.000138718 2.63635e-05
17480.9 -0.000142045 2.73991e-05
17483.1 -0.000145112 2.84151e-05
17485.2 -0.000147944 2.93942e-05
17487.4 -0.000150563 3.03011e-05
17489.6 -0.000152939 3.11401e-05
17491.7 -0.000155042 3.19456e-05
17493.9 -0.000156884 3.27214e-05
17496 -0.000158498 3.34322e-05
17498.2 -0.000159876 3.40616e-05
17500.4 -0.000160982 3.46386e-05
17502.5 -0.00016181 3.51863e-05
17504.7 -0.000162395 3.56813e-05
17506.9 -0.00016275 3.60919e-05
17509 -0.000162847 3.64312e-05
17511.2 -0.000162664 3.67336e-05
17513.3 -0.000162224 3.69953e-05
17515.5 -0.000161558 3.71802e-05
17517.7 -0.000160656 3.72806e-05
17519.8 -0.000159485 3.73303e-05
17522 -0.000158052 3.73465e-05
17524.2 -0.000156395 3.73009e-05
17526.3 -0.000154525 3.71677e-05
17528.5 -0.000152411 3.69683e-05
17530.6 -0.000150042 3.67351e-05
17532.8 -0.00014745 3.64572e-05
17535 -0.000144665 3.61e-05
17537.1 -0.000141671 3.56651e-05
17539.3 -0.000138443 3.51889e-05
17541.5 -0.000134998 3.46821e-05
17543.6 -0.000131378 3.41131e-05
17545.8 -0.000127584 3.34636e-05
17547.9 -0.000123591 3.27618e-05
17550.1 -0.000119396 3.20364e-05
17552.3 -0.000115039 3.12698e-05
17554.4 -0.000110546 3.04308e-05
17556.6 -0.000105895 2.95301e-05
17558.8 -0.000101069 2.86046e-05
17560.9 -9.60965e-05 2.76573e-05
17563.1 -9.10169e-05 2.66552e-05
17565.2 -8.58271e-05 2.55884e-05
17567.4 -8.05015e-05 2.449e-05
17569.6 -7.50496e-05 2.33828e-05
17571.7 -6.9515e-05 2.22437e-05
17573.9 -6.39154e-05 2.10464e-05
17576.1 -5.82278e-05 1.98097e-05
17578.2 -5.24431e-05 1.85686e-05
17580.4 -4.65974e-05 1.73184e-05
17582.6 -4.07256e-05 1.60262e-05
17584.7 -3.4818e-05 1.46907e-05
17586.9 -2.88525e-05 1.33481e-05
17589 -2.28486e-05 1.20138e-05
17591.2 -1.68501e-05 1.06603e-05
17593.4 -1.08662e-05 9.26775e-06
17595.5 -4.872e-06 7.86168e-06
17597.7 1.13287e-06 6.47318e-06
17599.9 7.10759e-06 5.08989e-06
17602 1.30239e-05 3.68112e-06
17604.2 1.88986e-05 2.25407e-06
17606.3 2.47489e-05 8.45393e-07
17608.5 3.05476e-05 -5.37402e-07
17610.7 3.62538e-05 -1.9247e-06
17612.8 4.18678e-05 -3.32897e-06
17615 4.74155e-05 -4.7197e-06
17617.2 5.28892e-05 -6.07166e-06
17619.3 5.82463e-05 -7.40404e-06
17621.5 6.34679e-05 -8.7438e-06
17623.6 6.85771e-05 -1.0076e-05
17625.8 7.3586e-05 -1.13658e-05
17628 7.84618e-05 -1.26141e-05
17630.1 8.317e-05 -1.38527e-05
17632.3 8.77211e-05 -1.50863e-05
17634.5 9.21406e-05 -1.62814e-05
17636.6 9.64138e-05 -1.74204e-05
17638.8 0.0001005 -1.85283e-05
17640.9 0.000104392 -1.96271e-05
17643.1 0.000108117 -2.06953e-05
17645.3 0.000111682 -2.17021e-05
17647.4 0.000115052 -2.26573e-05
17649.6 0.000118202 -2.3592e-05
17651.8 0.000121151 -2.45033e-05
17653.9 0.000123924 -2.5357e-05
17656.1 0.000126501 -2.61443e-05
17658.2 0.000128846 -2.68944e-05
17660.4 0.000130962 -2.76234e-05
17662.6 0.000132883 -2.83048e-05
17664.7 0.000134609 -2.89137e-05
17666.9 0.000136104 -2.94679e-05
17669.1 0.000137354 -2.99961e-05
17671.2 0.000138388 -3.04881e-05
17673.4 0.000139228 -3.09113e-05
17675.5 0.000139848 -3.12656e-05
17677.7 0.000140221 -3.15828e-05
17679.9 0.000140362 -3.1872e-05
17682 0.000140305 -3.21034e-05
17684.2 0.000140045 -3.22592e-05
17686.4 0.000139549 -3.23636e-05
17688.5 0.000138813 -3.24415e-05
17690.7 0.000137875 -3.24761e-05
17692.8 0.000136749 -3.24377e-05
17695 0.00013541 -3.23348e-05
17697.2 0.000133837 -3.21999e-05
17699.3 0.000132056 -3.20344e-05
17701.5 0.000130101 -3.18069e-05
17703.7 0.000127962 -3.15077e-05
17705.8 0.000125608 -3.11659e-05
17708 0.000123048 -3.08007e-05
17710.2 0.000120323 -3.03898e-05
17712.3 0.000117443 -2.99084e-05
17714.5 0.000114379 -2.9373e-05
17716.6 0.000111123 -2.88144e-05
17718.8 0.000107707 -2.82267e-05
17721 0.000104163 -2.7579e-05
17723.1 0.000100474 -2.68699e-05
17725.3 9.66165e-05 -2.61316e-05
17727.5 9.26104e-05 -2.53768e-05
17729.6 8.84962e-05 -2.45794e-05
17731.8 8.42776e-05 -2.37209e-05
17733.9 7.9927e-05 -2.28245e-05
17736.1 7.54448e-05 -2.19177e-05
17738.3 7.08712e-05 -2.0988e-05
17740.4 6.62302e-05 -2.00069e-05
17742.6 6.15016e-05 -1.89812e-05
17744.8 5.66685e-05 -1.79442e-05
17746.9 5.17599e-05 -1.69018e-05
17749.1 4.68141e-05 -1.58255e-05
17751.2 4.18275e-05 -1.47041e-05
17753.4 3.67742e-05 -1.3566e-05
17755.6 3.16643e-05 -1.24338e-05
17757.7 2.65406e-05 -1.12892e-05
17759.9 2.14194e-05 -1.01075e-05
17762.1 1.62767e-05 -8.90325e-06
17764.2 1.11036e-05 -7.70854e-06
17766.4 5.93494e-06 -6.52187e-06
17768.5 8.04262e-07 -5.31414e-06
17770.7 -4.29993e-06 -4.08176e-06
17772.9 -9.40049e-06 -2.85613e-06
17775.1 -1.46552e-05 -1.61175e-06
17777.3 -1.98407e-05 -3.6607e-07
17779.6 -2.49518e-05 9.00399e-07
17781.8 -3.00177e-05 2.16195e-06
17784.1 -3.50336e-05 3.39026e-06
17786.3 -3.99549e-05 4.60166e-06
17788.5 -4.4763e-05 5.82385e-06
17790.8 -4.94846e-05 7.04226e-06
17793 -5.41298e-05 8.22284e-06
17795.3 -5.86599e-05 9.36997e-06
17797.5 -6.30447e-05 1.0515e-05
17799.7 -6.73041e-05 1.16564e-05
17802 -7.14597e-05 1.27593e-05
17804.2 -7.54842e-05 1.38153e-05
17806.4 -7.93392e-05 1.48544e-05
17808.7 -8.30338e-05 1.58878e-05
17810.9 -8.65977e-05 1.6885e-05
17813.2 -9.00176e-05 1.7826e-05
17815.4 -9.32517e-05 1.87346e-05
17817.6 -9.62969e-05 1.96329e-05
17819.9 -9.91855e-05 2.04986e-05
17822.1 -0.000101919 2.13033e-05
17824.3 -0.000104459 2.20611e-05
17826.6 -0.000106789 2.28009e-05
17828.8 -0.000108939 2.35121e-05
17831.1 -0.000110924 2.41619e-05
17833.3 -0.000112714 2.47525e-05
17835.5 -0.000114282 2.53152e-05
17837.8 -0.000115651 2.58521e-05
17840 -0.000116848 2.63309e-05
17842.3 -0.000117853 2.6742e-05
17844.5 -0.000118632 2.71141e-05
17846.7 -0.000119199 2.74613e-05
17849 -0.000119587 2.77566e-05
17851.2 -0.000119791 2.79801e-05
17853.4 -0.000119776 2.81538e-05
17855.7 -0.000119541 2.83014e-05
17857.9 -0.000119123 2.8405e-05
17860.2 -0.000118532 2.84374e-05
17862.4 -0.000117735 2.84112e-05
17864.6 -0.000116719 2.83557e-05
17866.9 -0.00011552 2.82644e-05
17869.1 -0.00011416 2.81074e-05
17871.4 -0.000112613 2.78859e-05
17873.6 -0.000110858 2.76308e-05
17875.8 -0.000108922 2.73476e-05
17878.1 -0.000106838 2.70077e-05
17880.3 -0.000104592 2.66017e-05
17882.5 -0.000102157 2.61574e-05
17884.8 -9.9548e-05 2.56912e-05
17887 -9.68053e-05 2.518e-05
17889.3 -9.39286e-05 2.46053e-05
17891.5 -9.08877e-05 2.39883e-05
17893.7 -8.76868e-05 2.33536e-05
17896 -8.43669e-05 2.2687e-05
17898.2 -8.0942e-05 2.19637e-05
17900.4 -7.73847e-05 2.11956e-05
17902.7 -7.36868e-05 2.04121e-05
17904.9 -6.9886e-05 1.96095e-05
17907.2 -6.60091e-05 1.87607e-05
17909.4 -6.20357e-05 1.78669e-05
17911.6 -5.79475e-05 1.69584e-05
17913.9 -5.37741e-05 1.60424e-05
17916.1 -4.95521e-05 1.50933e-05
17918.4 -4.5272e-05 1.41021e-05
17920.6 -4.09086e-05 1.30958e-05
17922.8 -3.648e-05 1.20914e-05
17925.1 -3.20284e-05 1.10687e-05
17927.3 -2.75573e-05 1.001e-05
17929.5 -2.30389e-05 8.93566e-06
17931.8 -1.84784e-05 7.87024e-06
17934 -1.39184e-05 6.80149e-06
17936.3 -9.37556e-06 5.70615e-06
17938.5 -4.82464e-06 4.5955e-06
17940.7 -2.57937e-07 3.49821e-06
17943 4.28672e-06 2.41188e-06
17945.2 8.78076e-06 1.31097e-06
17947.4 1.32428e-05 1.96647e-07
17949.7 1.76913e-05 -9.01992e-07
17951.9 2.20976e-05 -1.97724e-06
17954.2 2.64244e-05 -3.0532e-06
17956.4 3.06804e-05 -4.13857e-06
17958.6 3.48911e-05 -5.20758e-06
17960.9 3.90403e-05 -6.24342e-06
17963.1 4.30867e-05 -7.26536e-06
17965.4 4.70266e-05 -8.29046e-06
17967.6 5.08887e-05 -9.29948e-06
17969.8 5.46704e-05 -1.02688e-05
17972.1 5.83312e-05 -1.12101e-05
17974.3 6.18555e-05 -1.21462e-05
17976.5 6.52699e-05 -1.30668e-05
17978.8 6.85853e-05 -1.39445e-05
17981 7.17671e-05 -1.47818e-05
17983.3 7.4789e-05 -1.56042e-05
17985.5 7.76716e-05 -1.64111e-05
17987.7 8.04369e-05 -1.71751e-05
17990 8.30604e-05 -1.78892e-05
17992.2 8.55082e-05 -1.85776e-05
17994.5 8.77918e-05 -1.92498e-05
17996.7 8.99404e-05 -1.98817e-05
17998.9 9.19428e-05 -2.04575e-05
18001.2 9.37619e-05 -2.0997e-05
18003.4 9.53974e-05 -2.15182e-05
18005.6 9.68822e-05 -2.20033e-05
18007.9 9.82187e-05 -2.24301e-05
18010.1 9.93717e-05 -2.2811e-05
18012.4 0.000100329 -2.31698e-05
18014.6 0.000101123 -2.34976e-05
18016.8 0.000101768 -2.37684e-05
18019.1 0.000102235 -2.39857e-05
18021.3 0.000102504 -2.41757e-05
18023.5 0.000102598 -2.43396e-05
18025.8 0.000102545 -2.44509e-05
18028 0.000102326 -2.45038e-05
18030.3 0.000101912 -2.45233e-05
18032.5 0.000101319 -2.45202e-05
18034.7 0.00010058 -2.44716e-05
18037 9.96911e-05 -2.43629e-05
18039.2 9.86189e-05 -2.42144e-05
18041.5 9.73677e-05 -2.40454e-05
18043.7 9.59747e-05 -2.38393e-05
18045.9 9.4448e-05 -2.35749e-05
18048.2 9.27572e-05 -2.32653e-05
18050.4 9.08945e-05 -2.29352e-05
18052.6 8.88952e-05 -2.25772e-05
18054.9 8.67802e-05 -2.21662e-05
18057.1 8.45252e-05 -2.17062e-05
18059.4 8.21125e-05 -2.12244e-05
18061.6 7.95708e-05 -2.07232e-05
18063.8 7.69315e-05 -2.01776e-05
18066.1 7.41803e-05 -1.9582e-05
18068.3 7.12922e-05 -1.89623e-05
18070.5 6.8286e-05 -1.83307e-05
18072.8 6.52001e-05 -1.76657e-05
18075 6.20323e-05 -1.6953e-05
18077.3 5.87544e-05 -1.62138e-05
18079.5 5.53735e-05 -1.54686e-05
18081.7 5.19301e-05 -1.47024e-05
18084 4.84354e-05 -1.38945e-05
18086.2 4.4862e-05 -1.30585e-05
18088.5 4.12051e-05 -1.22204e-05
18090.7 3.75027e-05 -1.13742e-05
18092.9 3.37782e-05 -1.04956e-05
18095.2 3.00097e-05 -9.58891e-06
18097.4 2.61816e-05 -8.68215e-06
18099.6 2.23248e-05 -7.77925e-06
18101.9 1.84728e-05 -6.85599e-06
18104.1 1.46128e-05 -5.90696e-06
18106.4 1.07208e-05 -4.95841e-06
18108.6 6.81732e-06 -4.02373e-06
18110.8 2.94221e-06 -3.08231e-06
18113.1 -9.05885e-07 -2.11996e-06
18115.3 -4.75525e-06 -1.15772e-06
18117.6 -8.59801e-06 -2.16748e-07
18119.8 -1.23927e-05 7.17016e-07
18122 -1.61281e-05 1.66435e-06
18124.3 -1.98324e-05 2.61213e-06
18126.5 -2.35109e-05 3.53425e-06
18128.7 -2.71254e-05 4.4361e-06
18131 -3.06527e-05 5.34198e-06
18133.2 -3.41165e-05 6.24831e-06
18135.5 -3.75342e-05 7.12744e-06
18137.7 -4.08752e-05 7.97522e-06
18139.9 -4.41067e-05 8.81595e-06
18142.2 -4.7244e-05 9.65584e-06
18144.4 -5.03137e-05 1.04693e-05
18146.6 -5.32968e-05 1.12431e-05
18148.9 -5.61544e-05 1.19981e-05
18151.1 -5.88904e-05 1.27491e-05
18153.4 -6.15368e-05 1.34761e-05
18155.6 -6.40883e-05 1.41582e-05
18157.8 -6.65046e-05 1.48099e-05
18160.1 -6.87771e-05 1.54526e-05
18162.3 -7.09382e-05 1.60742e-05
18164.6 -7.2997e-05 1.66491e-05
18166.8 -7.49169e-05 1.7183e-05
18169 -7.6677e-05 1.77012e-05
18171.3 -7.83055e-05 1.82008e-05
18173.5 -7.98244e-05 1.86549e-05
18175.7 -8.12056e-05 1.90597e-05
18178 -8.24184e-05 1.94405e-05
18180.2 -8.3482e-05 1.98045e-05
18182.5 -8.44288e-05 2.01266e-05
18184.7 -8.5243e-05 2.03941e-05
18186.9 -8.58876e-05 2.06288e-05
18189.2 -8.63701e-05 2.08468e-05
18191.4 -8.67284e-05 2.10288e-05
18193.6 -8.69616e-05 2.11542e-05
18195.9 -8.70313e-05 2.12385e-05
18198.1 -8.69319e-05 2.13047e-05
18200.4 -8.67015e-05 2.13416e-05
18202.6 -8.63545e-05 2.13239e-05
18204.8 -8.58569e-05 2.12583e-05
18207.1 -8.51898e-05 2.11716e-05
18209.3 -8.43867e-05 2.10627e-05
18211.6 -8.34756e-05 2.09046e-05
18213.8 -8.24317e-05 2.06944e-05
18216 -8.12257e-05 2.04591e-05
18218.3 -7.98812e-05 2.02078e-05
18220.5 -7.84368e-05 1.99159e-05
18222.7 -7.68808e-05 1.95709e-05
18225 -7.51776e-05 1.91963e-05
18227.2 -7.33376e-05 1.88105e-05
18229.5 -7.14048e-05 1.83946e-05
18231.7 -6.93831e-05 1.79284e-05
18233.9 -6.72359e-05 1.74283e-05
18236.2 -6.4959e-05 1.69197e-05
18238.4 -6.25958e-05 1.63927e-05
18240.6 -6.01662e-05 1.58216e-05
18242.9 -5.76382e-05 1.52136e-05
18245.1 -5.49935e-05 1.45977e-05
18247.4 -5.22694e-05 1.39745e-05
18249.6 -4.94995e-05 1.33168e-05
18251.8 -4.66619e-05 1.26212e-05
18254.1 -4.37271e-05 1.19166e-05
18256.3 -4.07209e-05 1.12141e-05
18258.6 -3.76871e-05 1.04892e-05
18260.8 -3.46175e-05 9.72833e-06
18263 -3.14762e-05 8.95599e-06
18265.3 -2.82742e-05 8.19279e-06
18267.5 -2.50596e-05 7.42064e-06
18269.7 -2.18404e-05 6.61779e-06
18272 -1.85798e-05 5.80076e-06
18274.2 -1.52727e-05 4.99709e-06
18276.5 -1.19655e-05 4.19801e-06
18278.7 -8.68203e-06 3.37675e-06
18280.9 -5.39062e-06 2.53951e-06
18283.2 -2.07121e-06 1.71698e-06
18285.4 1.23794e-06 9.11397e-07
18287.7 4.49926e-06 9.49659e-08
18289.9 7.734e-06 -7.37336e-07
18292.1 1.0974e-05 -1.556e-06
18294.4 1.41942e-05 -2.34775e-06
18296.6 1.73479e-05 -3.13709e-06
18298.8 2.04418e-05 -3.9396e-06
18301.1 2.35147e-05 -4.7312e-06
18303.3 2.65578e-05 -5.48915e-06
18305.6 2.95214e-05 -6.23085e-06
18307.8 3.23959e-05 -6.98009e-06
18310 3.52205e-05 -7.72175e-06
18312.3 3.80041e-05 -8.4268e-06
18314.5 4.07007e-05 -9.1026e-06
18316.7 4.32843e-05 -9.77759e-06
18319 4.57889e-05 -1.04479e-05
18321.2 4.82393e-05 -1.10823e-05
18323.5 5.05993e-05 -1.16767e-05
18325.7 5.283e-05 -1.22599e-05
18327.9 5.4954e-05 -1.28399e-05
18330.2 5.70084e-05 -1.33877e-05
18332.4 5.89722e-05 -1.38883e-05
18334.7 6.07981e-05 -1.43663e-05
18336.9 6.24936e-05 -1.48402e-05
18339.1 6.41026e-05 -1.52878e-05
18341.4 6.56218e-05 -1.56852e-05
18343.6 6.70026e-05 -1.60487e-05
18345.8 6.82351e-05 -1.64048e-05
18348.1 6.93633e-05 -1.67413e-05
18350.3 7.04027e-05 -1.70285e-05
18352.6 7.13097e-05 -1.72724e-05
18354.8 7.20582e-05 -1.75031e-05
18357 7.26855e-05 -1.77201e-05
18359.3 7.32235e-05 -1.78927e-05
18361.5 7.36402e-05 -1.80152e-05
18363.7 7.38967e-05 -1.8117e-05
18366 7.40176e-05 -1.82092e-05
18368.2 7.40471e-05 -1.82646e-05
18370.5 7.39693e-05 -1.82669e-05
18372.7 7.3738e-05 -1.824e-05
18374.9 7.33615e-05 -1.82052e-05
18377.2 7.28894e-05 -1.81428e-05
18379.4 7.23252e-05 -1.80282e-05
18381.7 7.1622e-05 -1.78764e-05
18383.9 7.07701e-05 -1.77157e-05
18386.1 6.98177e-05 -1.75368e-05
18388.4 6.87874e-05 -1.73104e-05
18390.6 6.76387e-05 -1.70408e-05
18392.8 6.63453e-05 -1.67589e-05
18395.1 6.49471e-05 -1.64671e-05
18397.3 6.34831e-05 -1.61361e-05
18399.6 6.19254e-05 -1.57586e-05
18401.8 6.02351e-05 -1.53638e-05
18404 5.84379e-05 -1.49656e-05
18406.3 5.65839e-05 -1.45389e-05
18408.5 5.46631e-05 -1.40663e-05
18410.8 5.26293e-05 -1.35708e-05
18413 5.04906e-05 -1.30759e-05
18415.2 4.83014e-05 -1.25646e-05
18417.5 4.60715e-05 -1.2012e-05
18419.7 4.37551e-05 -1.14318e-05
18421.9 4.13411e-05 -1.08535e-05
18424.2 3.8881e-05 -1.02708e-05
18426.4 3.64035e-05 -9.65514e-06
18428.7 3.38707e-05 -9.00915e-06
18430.9 3.12543e-05 -8.36415e-06
18433.1 2.85951e-05 -7.72549e-06
18435.4 2.59378e-05 -7.06511e-06
18437.6 2.32584e-05 -6.37449e-06
18439.8 2.05159e-05 -5.68223e-06
18442.1 1.7735e-05 -5.00464e-06
18444.3 1.49702e-05 -4.31854e-06
18446.6 1.22159e-05 -3.60546e-06
18448.8 9.42489e-06 -2.88734e-06
18451 6.60217e-06 -2.18914e-06
18453.3 3.80479e-06 -1.49605e-06
18455.5 1.04726e-06 -7.82553e-07
18457.8 -1.71636e-06 -6.08036e-08
18460 -4.50112e-06 6.39103e-07
18462.2 -7.25555e-06 1.3213e-06
18464.5 -9.94627e-06 2.01448e-06
18466.7 -1.26104e-05 2.71789e-06
18468.9 -1.52805e-05 3.4006e-06
18471.2 -1.79181e-05 4.05531e-06
18473.4 -2.04749e-05 4.70952e-06
18475.7 -2.29731e-05 5.37387e-06
18477.9 -2.54576e-05 6.02097e-06
18480.1 -2.79081e-05 6.63303e-06
18482.4 -3.02683e-05 7.23217e-06
18484.6 -3.25411e-05 7.83868e-06
18486.8 -3.47768e-05 8.43266e-06
18489.1 -3.6976e-05 8.98829e-06
18491.3 -3.90822e-05 9.51887e-06
18493.6 -4.10779e-05 1.00512e-05
18495.8 -4.30108e-05 1.05758e-05
18498 -4.49022e-05 1.10624e-05
18500.3 -4.67035e-05 1.15134e-05
18502.5 -4.83788e-05 1.1958e-05
18504.8 -4.99654e-05 1.23984e-05
18507 -5.15021e-05 1.28044e-05
18509.2 -5.2955e-05 1.31671e-05
18511.5 -5.42749e-05 1.35135e-05
18513.7 -5.54828e-05 1.3857e-05
18515.9 -5.66286e-05 1.41721e-05
18518.2 -5.76983e-05 1.44396e-05
18520.4 -5.86365e-05 1.46805e-05
18522.7 -5.94441e-05 1.49173e-05
18524.9 -6.01749e-05 1.51327e-05
18527.1 -6.08366e-05 1.53003e-05
18529.4 -6.13755e-05 1.54316e-05
18531.6 -6.17723e-05 1.5555e-05
18533.9 -6.20761e-05 1.5664e-05
18536.1 -6.23156e-05 1.57289e-05
18538.3 -6.24467e-05 1.57503e-05
18540.6 -6.24325e-05 1.57576e-05
18542.8 -6.23104e-05 1.57564e-05
18545 -6.21251e-05 1.57182e-05
18547.3 -6.18492e-05 1.56322e-05
18549.5 -6.14338e-05 1.55252e-05
18551.8 -6.08985e-05 1.54133e-05
18554 -6.02981e-05 1.52738e-05
18556.2 -5.96256e-05 1.50865e-05
18558.5 -5.88277e-05 1.48709e-05
18560.7 -5.79034e-05 1.46517e-05
18562.9 -5.69094e-05 1.44151e-05
18565.2 -5.58607e-05 1.41348e-05
18567.4 -5.47072e-05 1.38203e-05
18569.7 -5.34281e-05 1.35009e-05
18571.9 -5.20736e-05 1.31739e-05
18574.1 -5.06785e-05 1.28108e-05
18576.4 -4.9204e-05 1.24101e-05
18578.6 -4.76127e-05 1.20011e-05
18580.9 -4.59409e-05 1.15926e-05
18583.1 -4.42387e-05 1.11584e-05
18585.3 -4.24846e-05 1.06861e-05
18587.6 -4.06301e-05 1.02011e-05
18589.8 -3.86932e-05 9.72199e-06
18592 -3.67318e-05 9.22907e-06
18594.3 -3.47453e-05 8.70132e-06
18596.5 -3.26821e-05 8.15612e-06
18598.8 -3.0539e-05 7.61942e-06
18601 -2.83739e-05 7.08075e-06
18603.2 -2.62076e-05 6.51398e-06
18605.5 -2.39932e-05 5.9262e-06
18607.7 -2.17077e-05 5.34659e-06
18609.9 -1.94006e-05 4.77565e-06
18612.2 -1.71114e-05 4.18624e-06
18614.4 -1.48055e-05 3.57442e-06
18616.7 -1.24439e-05 2.96829e-06
18618.9 -1.00608e-05 2.37909e-06
18621.1 -7.7092e-06 1.78297e-06
18623.4 -5.37217e-06 1.16595e-06
18625.6 -3.00098e-06 5.50926e-07
18627.9 -6.10304e-07 -4.1892e-08
18630.1 1.74109e-06 -6.29431e-07
18632.3 4.04934e-06 -1.23323e-06
18634.6 6.36529e-06 -1.83879e-06
18636.8 8.69547e-06 -2.42008e-06
18639 1.09834e-05 -2.98459e-06
18641.3 1.32046e-05 -3.55788e-06
18643.5 1.54042e-05 -4.13568e-06
18645.8 1.76085e-05 -4.69005e-06
18648 1.97708e-05 -5.21812e-06
18650.2 2.18497e-05 -5.7454e-06
18652.5 2.38774e-05 -6.27809e-06
18654.7 2.58953e-05 -6.79047e-06
18657 2.78734e-05 -7.2699e-06
18659.2 2.97587e-05 -7.73801e-06
18661.4 3.15654e-05 -8.21011e-06
18663.7 3.3344e-05 -8.66635e-06
18665.9 3.50846e-05 -9.08641e-06
18668.1 3.67301e-05 -9.48486e-06
18670.4 3.82748e-05 -9.88352e-06
18672.6 3.977e-05 -1.0271e-05
18674.9 4.12272e-05 -1.06226e-05
18677.1 4.25933e-05 -1.09437e-05
18679.3 4.38428e-05 -1.12592e-05
18681.6 4.50207e-05 -1.15675e-05
18683.8 4.61577e-05 -1.18431e-05
18686 4.72118e-05 -1.20817e-05
18688.3 4.81417e-05 -1.23076e-05
18690.5 4.8979e-05 -1.25289e-05
18692.8 4.9769e-05 -1.27226e-05
18695 5.04868e-05 -1.2876e-05
18697.2 5.10808e-05 -1.3009e-05
18699.5 5.1565e-05 -1.31378e-05
18701.7 5.19921e-05 -1.32457e-05
18704 5.23579e-05 -1.33129e-05
18706.2 5.2608e-05 -1.33525e-05
18708.4 5.27363e-05 -1.33863e-05
18710.7 5.27958e-05 -1.34057e-05
18712.9 5.28032e-05 -1.33873e-05
18715.1 5.27091e-05 -1.33355e-05
18717.4 5.24883e-05 -1.32744e-05
18719.6 5.21865e-05 -1.32045e-05
18721.9 5.18387e-05 -1.31023e-05
18724.1 5.14077e-05 -1.29632e-05
18726.3 5.0853e-05 -1.28099e-05
18728.6 5.02063e-05 -1.2652e-05
18730.8 4.95164e-05 -1.24691e-05
18733 4.87633e-05 -1.22484e-05
18735.3 4.78974e-05 -1.20085e-05
18737.5 4.69321e-05 -1.17661e-05
18739.8 4.59228e-05 -1.1507e-05
18742 4.48701e-05 -1.12122e-05
18744.2 4.37223e-05 -1.08937e-05
18746.5 4.24729e-05 -1.05731e-05
18748.7 4.11764e-05 -1.02438e-05
18751 3.98538e-05 -9.88419e-06
18753.2 3.84592e-05 -9.49764e-06
18755.4 3.69673e-05 -9.10767e-06
18757.7 3.54241e-05 -8.71654e-06
18759.9 3.38685e-05 -8.30258e-06
18762.1 3.2267e-05 -7.86079e-06
18764.4 3.05797e-05 -7.41319e-06
18766.6 2.88376e-05 -6.97036e-06
18768.9 2.70923e-05 -6.51392e-06
18771.1 2.53281e-05 -6.03136e-06
18773.3 2.3496e-05 -5.54017e-06
18775.6 2.16083e-05 -5.05775e-06
18777.8 1.97222e-05 -4.57159e-06
18780.1 1.78421e-05 -4.06368e-06
18782.3 1.59178e-05 -3.54468e-06
18784.5 1.39413e-05 -3.03626e-06
18786.8 1.19674e-05 -2.53362e-06
18789 1.00205e-05 -2.01595e-06
18791.2 8.05672e-06 -1.48577e-06
18793.5 6.04927e-06 -9.65958e-07
18795.7 4.04308e-06 -4.60062e-07
18798 2.07956e-06 5.23783e-08
18800.2 1.27688e-07 5.77161e-07
18802.4 -1.85387e-06 1.09339e-06
18804.7 -3.83604e-06 1.58971e-06
18806.9 -5.76611e-06 2.08317e-06
18809.1 -7.6573e-06 2.58683e-06
18811.4 -9.55915e-06 3.08469e-06
18813.6 -1.14623e-05 3.55922e-06
18815.9 -1.33098e-05 4.02154e-06
18818.1 -1.5095e-05 4.48984e-06
18820.3 -1.6868e-05 4.9552e-06
18822.6 -1.86401e-05 5.39645e-06
18824.8 -2.03582e-05 5.81714e-06
18827.1 -2.19961e-05 6.23777e-06
18829.3 -2.35971e-05 6.65754e-06
18831.5 -2.51911e-05 7.05475e-06
18833.8 -2.6736e-05 7.42489e-06
18836 -2.81897e-05 7.78759e-06
18838.2 -2.95822e-05 8.1501e-06
18840.5 -3.09572e-05 8.49326e-06
18842.7 -3.22894e-05 8.80525e-06
18845 -3.35269e-05 9.10192e-06
18847.2 -3.46813e-05 9.3972e-06
18849.4 -3.5804e-05 9.67721e-06
18851.7 -3.68897e-05 9.92465e-06
18853.9 -3.78835e-05 1.01493e-05
18856.1 -3.87777e-05 1.03694e-05
18858.4 -3.9623e-05 1.05784e-05
18860.6 -4.04348e-05 1.0756e-05
18862.9 -4.11633e-05 1.09047e-05
18865.1 -4.17817e-05 1.10443e-05
18867.3 -4.23334e-05 1.1176e-05
18869.6 -4.28518e-05 1.12798e-05
18871.8 -4.32988e-05 1.13506e-05
18874.1 -4.3633e-05 1.14069e-05
18876.3 -4.38838e-05 1.14573e-05
18878.5 -4.40976e-05 1.1485e-05
18880.8 -4.42537e-05 1.14781e-05
18883 -4.43015e-05 1.14512e-05
18885.2 -4.42527e-05 1.1419e-05
18887.5 -4.41599e-05 1.13699e-05
18889.7 -4.40225e-05 1.12875e-05
18892 -4.37883e-05 1.11805e-05
18894.2 -4.34492e-05 1.10671e-05
18896.4 -4.30571e-05 1.09427e-05
18898.7 -4.26312e-05 1.07889e-05
18900.9 -4.21251e-05 1.06073e-05
18903.2 -4.15127e-05 1.04172e-05
18905.4 -4.08374e-05 1.02213e-05
18907.6 -4.01359e-05 1.00018e-05
18909.9 -3.93739e-05 9.75332e-06
18912.1 -3.85113e-05 9.4935e-06
18914.3 -3.75773e-05 9.23184e-06
18916.6 -3.66207e-05 8.95367e-06
18918.8 -3.56245e-05 8.64778e-06
18921.1 -3.45402e-05 8.3276e-06
18923.3 -3.33792e-05 8.00788e-06
18925.5 -3.21955e-05 7.6792e-06
18927.8 -3.0992e-05 7.32628e-06
18930 -2.9719e-05 6.95676e-06
18932.2 -2.83684e-05 6.58839e-06
18934.5 -2.69926e-05 6.21818e-06
18936.7 -2.56137e-05 5.8292e-06
18939 -2.41881e-05 5.42249e-06
18941.2 -2.269e-05 5.0163e-06
18943.4 -2.11627e-05 4.6143e-06
18945.7 -1.9645e-05 4.20042e-06
18947.9 -1.81055e-05 3.76932e-06
18950.2 -1.65046e-05 3.33725e-06
18952.4 -1.48712e-05 2.91387e-06
18954.6 -1.32552e-05 2.48625e-06
18956.9 -1.16422e-05 2.04374e-06
18959.1 -9.98469e-06 1.59854e-06
18961.3 -8.29331e-06 1.16482e-06
18963.6 -6.62273e-06 7.34494e-07
18965.8 -4.97768e-06 2.93387e-07
18968.1 -3.30958e-06 -1.51762e-07
18970.3 -1.60979e-06 -5.8431e-07
18972.5 6.9564e-08 -1.00651e-06
18974.8 1.70499e-06 -1.43393e-06
18977 3.33909e-06 -1.86588e-06
18979.2 4.99828e-06 -2.28551e-06
18981.5 6.63985e-06 -2.68908e-06
18983.7 8.22447e-06 -3.09137e-06
18986 9.78264e-06 -3.49753e-06
18988.2 1.13546e-05 -3.89263e-06
18990.4 1.29126e-05 -4.26764e-06
18992.7 1.44067e-05 -4.63454e-06
18994.9 1.58506e-05 -5.00337e-06
18997.2 1.72927e-05 -5.36299e-06
18999.4 1.87239e-05 -5.70032e-06
19001.6 2.00899e-05 -6.02305e-06
19003.9 2.13858e-05 -6.34459e-06
19006.1 2.26611e-05 -6.65884e-06
19008.3 2.39261e-05 -6.9505e-06
19010.6 2.51299e-05 -7.22199e-06
19012.8 2.62489e-05 -7.48822e-06
19015.1 2.73268e-05 -7.74874e-06
19017.3 2.8392e-05 -7.98802e-06
19019.5 2.94035e-05 -8.20302e-06
19021.8 3.03221e-05 -8.40807e-06
19024 3.11794e-05 -8.60831e-06
19026.3 3.20178e-05 -8.78993e-06
19028.5 3.28118e-05 -8.94489e-06
19030.7 3.35119e-05 -9.08511e-06
19033 3.41327e-05 -9.22044e-06
19035.2 3.47249e-05 -9.34054e-06
19037.4 3.52819e-05 -9.43349e-06
19039.7 3.57505e-05 -9.50723e-06
19041.9 3.61262e-05 -9.57495e-06
19044.2 3.64608e-05 -9.63106e-06
19046.4 3.67676e-05 -9.66135e-06
19048.6 3.6997e-05 -9.66879e-06
19050.9 3.71259e-05 -9.6681e-06
19053.1 3.71995e-05 -9.6591e-06
19055.3 3.72498e-05 -9.62717e-06
19057.6 3.72375e-05 -9.57e-06
19059.8 3.71237e-05 -9.50191e-06
19062.1 3.69412e-05 -9.42807e-06
19064.3 3.67358e-05 -9.33542e-06
19066.5 3.64844e-05 -9.21669e-06
19068.8 3.61377e-05 -9.08399e-06
19071 3.57112e-05 -8.94712e-06
19073.3 3.52585e-05 -8.79627e-06
19075.5 3.47759e-05 -8.62031e-06
19077.7 3.42109e-05 -8.42755e-06
19080 3.35593e-05 -8.23116e-06
19082.2 3.28751e-05 -8.02588e-06
19084.4 3.21751e-05 -7.79825e-06
19086.7 3.14107e-05 -7.55175e-06
19088.9 3.05586e-05 -7.30121e-06
19091.2 2.96659e-05 -7.04667e-06
19093.4 2.87677e-05 -6.77413e-06
19095.6 2.78265e-05 -6.48191e-06
19097.9 2.68032e-05 -6.18455e-06
19100.1 2.57315e-05 -5.88741e-06
19102.3 2.46601e-05 -5.5779e-06
19104.6 2.35682e-05 -5.24941e-06
19106.8 2.24065e-05 -4.91438e-06
19109.1 2.11904e-05 -4.58278e-06
19111.3 1.9976e-05 -4.24516e-06
19113.5 1.87624e-05 -3.89096e-06
19115.8 1.74971e-05 -3.52887e-06
19118 1.61753e-05 -3.17223e-06
19120.3 1.48527e-05 -2.81602e-06
19122.5 1.35489e-05 -2.44721e-06
19124.7 1.22158e-05 -2.06963e-06
19127 1.08291e-05 -1.69827e-06
19129.2 9.43647e-06 -1.33329e-06
19131.4 8.07573e-06 -9.60941e-07
19133.7 6.71038e-06 -5.79785e-07
19135.9 5.30003e-06 -2.04499e-07
19138.2 3.8779e-06 1.59563e-07
19140.4 2.495e-06 5.24903e-07
19142.6 1.13188e-06 8.9801e-07
19144.9 -2.62021e-07 1.26642e-06
19147.1 -1.67255e-06 1.62022e-06
19149.4 -3.04222e-06 1.96894e-06
19151.6 -4.3703e-06 2.32318e-06
19153.8 -5.71027e-06 2.67428e-06
19156.1 -7.06892e-06 3.00903e-06
19158.3 -8.39003e-06 3.33265e-06
19160.5 -9.65238e-06 3.65833e-06
19162.8 -1.09046e-05 3.98235e-06
19165 -1.21734e-05 4.2899e-06
19167.3 -1.34115e-05 4.58109e-06
19169.5 -1.45797e-05 4.86989e-06
19171.7 -1.57147e-05 5.15795e-06
19174 -1.68594e-05 5.43077e-06
19176.2 -1.79819e-05 5.68327e-06
19178.4 -1.903e-05 5.9283e-06
19180.7 -2.00231e-05 6.17259e-06
19182.9 -2.10141e-05 6.40384e-06
19185.2 -2.1991e-05 6.6124e-06
19187.4 -2.28959e-05 6.8082e-06
19189.6 -2.37272e-05 7.00216e-06
19191.9 -2.45406e-05 7.18581e-06
19194.1 -2.53459e-05 7.34612e-06
19196.4 -2.60868e-05 7.48873e-06
19198.6 -2.67413e-05 7.62728e-06
19200.8 -2.73596e-05 7.75827e-06
19203.1 -2.79718e-05 7.867e-06
19205.3 -2.85315e-05 7.95398e-06
19207.5 -2.89986e-05 8.03377e-06
19209.8 -2.94106e-05 8.10833e-06
19212 -2.9814e-05 8.16325e-06
19214.3 -3.01789e-05 8.19376e-06
19216.5 -3.04522e-05 8.21336e-06
19218.7 -3.06533e-05 8.2293e-06
19221 -3.08388e-05 8.22941e-06
19223.2 -3.09994e-05 8.20422e-06
19225.4 -3.10766e-05 8.16428e-06
19227.7 -3.10686e-05 8.12125e-06
19229.9 -3.10339e-05 8.0669e-06
19232.2 -3.09858e-05 7.98829e-06
19234.4 -3.08684e-05 7.89156e-06
19236.6 -3.06585e-05 7.7912e-06
19238.9 -3.04086e-05 7.68417e-06
19241.1 -3.01528e-05 7.55579e-06
19243.4 -2.98459e-05 7.40688e-06
19245.6 -2.94464e-05 7.25284e-06
19247.8 -2.89931e-05 7.09632e-06
19250.1 -2.85366e-05 6.92295e-06
19252.3 -2.80491e-05 6.72805e-06
19254.5 -2.74763e-05 6.52582e-06
19256.8 -2.68377e-05 6.32433e-06
19259 -2.61936e-05 6.1116e-06
19261.3 -2.5538e-05 5.87804e-06
19263.5 -2.48114e-05 5.63467e-06
19265.7 -2.40111e-05 5.394e-06
19268 -2.31986e-05 5.14814e-06
19270.2 -2.23911e-05 4.88394e-06
19272.4 -2.15328e-05 4.6077e-06
19274.7 -2.05984e-05 4.33469e-06
19276.9 -1.96424e-05 4.06236e-06
19279.2 -1.87032e-05 3.77584e-06
19281.4 -1.77367e-05 3.47581e-06
19283.6 -1.66989e-05 3.17827e-06
19285.9 -1.56291e-05 2.88647e-06
19288.1 -1.45822e-05 2.58595e-06
19290.4 -1.35325e-05 2.27168e-06
19292.6 -1.24234e-05 1.95819e-06
19294.8 -1.12734e-05 1.65424e-06
19297.1 -1.01463e-05 1.34785e-06
19299.3 -9.03938e-06 1.029e-06
19301.5 -7.89137e-06 7.08752e-07
19303.8 -6.69716e-06 4.00248e-07
19306 -5.52078e-06 9.58202e-08
19308.3 -4.38327e-06 -2.18175e-07
19310.5 -3.22793e-06 -5.35651e-07
19312.7 -2.02643e-06 -8.40818e-07
19315 -8.33963e-07 -1.13585e-06
19317.2 3.06845e-07 -1.43607e-06
19319.5 1.43972e-06 -1.74123e-06
19321.7 2.61229e-06 -2.03502e-06
19323.9 3.78619e-06 -2.3137e-06
19326.2 4.90274e-06 -2.59204e-06
19328.4 5.98581e-06 -2.87573e-06
19330.6 7.09554e-06 -3.15017e-06
19332.9 8.21615e-06 -3.40608e-06
19335.1 9.28092e-06 -3.65557e-06
19337.4 1.02897e-05 -3.90944e-06
19339.6 1.13064e-05 -4.1569e-06
19341.8 1.23405e-05 -4.38431e-06
19344.1 1.33264e-05 -4.59929e-06
19346.3 1.42396e-05 -4.81628e-06
19348.5 1.5138e-05 -5.0298e-06
19350.8 1.60551e-05 -5.22373e-06
19353 1.69364e-05 -5.4e-06
19355.3 1.77354e-05 -5.57461e-06
19357.5 1.84956e-05 -5.74824e-06
19359.7 1.92699e-05 -5.90452e-06
19362 2.00227e-05 -6.03928e-06
19364.2 2.0692e-05 -6.1678e-06
19366.5 2.12998e-05 -6.29685e-06
19368.7 2.19109e-05 -6.41212e-06
19370.9 2.25141e-05 -6.50386e-06
19373.2 2.30407e-05 -6.58434e-06
19375.4 2.34874e-05 -6.66553e-06
19377.6 2.39213e-05 -6.73723e-06
19379.9 2.43575e-05 -6.78543e-06
19382.1 2.47307e-05 -6.81758e-06
19384.4 2.50123e-05 -6.84911e-06
19386.6 2.52616e-05 -6.87548e-06
19388.8 2.55184e-05 -6.88038e-06
19391.1 2.57302e-05 -6.86527e-06
19393.3 2.58467e-05 -6.84686e-06
19395.5 2.59108e-05 -6.82698e-06
19397.8 2.5981e-05 -6.78935e-06
19400 2.60259e-05 -6.72919e-06
19402.3 2.59807e-05 -6.66207e-06
19404.5 2.5865e-05 -6.59597e-06
19406.7 2.57478e-05 -6.51707e-06
19409 2.56237e-05 -6.41497e-06
19411.2 2.54228e-05 -6.30184e-06
19413.5 2.51381e-05 -6.19074e-06
19415.7 2.48392e-05 -6.07234e-06
19417.9 2.45478e-05 -5.93217e-06
19420.2 2.41993e-05 -5.7772e-06
19422.4 2.3761e-05 -5.62371e-06
19424.6 2.32925e-05 -5.46833e-06
19426.9 2.28401e-05 -5.29462e-06
19429.1 2.23542e-05 -5.10334e-06
19431.4 2.1781e-05 -4.91166e-06
19433.6 2.11612e-05 -4.72274e-06
19435.8 2.0559e-05 -4.52063e-06
19438.1 1.99479e-05 -4.29975e-06
19440.3 1.92605e-05 -4.07571e-06
19442.6 1.85128e-05 -3.85779e-06
19444.8 1.77775e-05 -3.63293e-06
19447 1.70554e-05 -3.39009e-06
19449.3 1.6276e-05 -3.14098e-06
19451.5 1.54275e-05 -2.89973e-06
19453.7 1.45809e-05 -2.65819e-06
19456 1.37645e-05 -2.40148e-06
19458.2 1.29153e-05 -2.13574e-06
19460.5 1.19956e-05 -1.87788e-06
19462.7 1.1064e-05 -1.62591e-06
19464.9 1.01724e-05 -1.36344e-06
19467.2 9.27537e-06 -1.09011e-06
19469.4 8.3146e-06 -8.2315e-07
19471.6 7.32753e-06 -5.67096e-07
19473.9 6.38268e-06 -3.06503e-07
19476.1 5.45885e-06 -3.46942e-08
19478.4 4.48622e-06 2.33367e-07
19480.6 3.47544e-06 4.87271e-07
19482.8 2.5015e-06 7.39105e-07
19484.9 1.6653e-06 9.74017e-07
19486.9 8.12169e-07 1.20999e-06
19488.9 -8.30316e-08 1.43459e-06
19490.9 -9.77594e-07 1.64853e-06
19492.9 -1.82376e-06 1.86402e-06
19494.9 -2.63909e-06 2.08594e-06
19496.9 -3.47818e-06 2.30409e-06
19498.9 -4.34857e-06 2.50822e-06
19500.9 -5.19777e-06 2.70303e-06
19503 -5.99095e-06 2.90064e-06
19505 -6.76188e-06 3.1019e-06
19507 -7.56028e-06 3.29483e-06
19509 -8.37527e-06 3.47238e-06
19511 -9.15039e-06 3.64262e-06
19513 -9.86742e-06 3.81618e-06
19515 -1.05724e-05 3.98991e-06
19517 -1.13045e-05 4.15143e-06
19519 -1.20359e-05 4.29751e-06
19521.1 -1.27122e-05 4.43853e-06
19523.1 -1.33337e-05 4.58253e-06
19525.1 -1.39532e-05 4.72285e-06
19527.1 -1.45954e-05 4.84805e-06
19529.1 -1.52183e-05 4.95889e-06
19531.1 -1.57757e-05 5.06685e-06
19533.1 -1.6286e-05 5.17657e-06
19535.1 -1.6803e-05 5.27875e-06
19537.2 -1.73341e-05 5.3641e-06
19539.2 -1.78281e-05 5.4371e-06
19541.2 -1.82517e-05 5.50899e-06
19543.2 -1.86392e-05 5.58067e-06
19545.2 -1.90394e-05 5.64136e-06
19547.2 -1.94417e-05 5.68482e-06
19549.2 -1.97913e-05 5.71857e-06
19551.2 -2.00715e-05 5.7524e-06
19553.2 -2.03284e-05 5.78355e-06
19555.3 -2.06005e-05 5.80102e-06
19557.3 -2.08605e-05 5.80215e-06
19559.3 -2.10561e-05 5.79654e-06
19561.3 -2.11888e-05 5.79148e-06
19563.3 -2.13111e-05 5.78109e-06
19565.3 -2.14473e-05 5.7554e-06
19567.3 -2.15564e-05 5.71544e-06
19569.3 -2.15944e-05 5.67166e-06
19571.4 -2.15806e-05 5.62822e-06
19573.4 -2.15682e-05 5.57696e-06
19575.4 -2.15644e-05 5.51001e-06
19577.4 -2.15195e-05 5.43176e-06
19579.4 -2.14026e-05 5.35228e-06
19581.4 -2.12481e-05 5.27234e-06
19583.4 -2.11043e-05 5.18258e-06
19585.4 -2.09607e-05 5.07798e-06
19587.4 -2.07646e-05 4.96561e-06
19589.5 -2.05011e-05 4.85406e-06
19591.5 -2.02163e-05 4.7408e-06
19593.5 -1.99478e-05 4.61646e-06
19595.5 -1.96691e-05 4.4793e-06
19597.5 -1.93302e-05 4.33805e-06
19599.5 -1.8934e-05 4.19894e-06
19601.5 -1.85326e-05 4.0567e-06
19603.5 -1.81495e-05 3.90303e-06
19605.6 -1.77449e-05 3.73948e-06
19607.6 -1.72773e-05 3.57532e-06
19609.6 -1.67666e-05 3.41385e-06
19611.6 -1.62655e-05 3.2479e-06
19613.6 -1.57806e-05 3.07118e-06
19615.6 -1.52639e-05 2.8881e-06
19617.6 -1.46865e-05 2.70739e-06
19619.6 -1.40834e-05 2.52923e-06
19621.6 -1.35015e-05 2.34558e-06
19623.7 -1.29305e-05 2.15277e-06
19625.7 -1.23196e-05 1.95739e-06
19627.7 -1.16557e-05 1.76662e-06
19629.7 -1.09844e-05 1.57777e-06
19631.7 -1.03424e-05 1.38295e-06
19633.7 -9.70361e-06 1.18144e-06
19635.7 -9.02006e-06 9.81072e-07
19637.7 -8.29587e-06 7.86703e-07
19639.8 -7.58226e-06 5.93361e-07
19641.8 -6.90162e-06 3.94305e-07
19643.8 -6.21539e-06 1.91641e-07
19645.8 -5.48388e-06 -6.58767e-09
19647.8 -4.72765e-06 -1.98221e-07
19649.8 -3.99782e-06 -3.89739e-07
19651.8 -3.30039e-06 -5.85935e-07
19653.8 -2.58887e-06 -7.82312e-07
19655.8 -1.83613e-06 -9.71616e-07
19657.9 -1.07671e-06 -1.15444e-06
19659.9 -3.56059e-07 -1.33783e-06
19661.9 3.36534e-07 -1.52413e-06
19663.9 1.05008e-06 -1.70717e-06
19665.9 1.79637e-06 -1.88133e-06
19667.9 2.53084e-06 -2.04967e-06
19669.9 3.21857e-06 -2.21882e-06
19671.9 3.88543e-06 -2.38856e-06
19674 4.57741e-06 -2.55191e-06
19676 5.28984e-06 -2.70549e-06
19678 5.97322e-06 -2.85424e-06
19680 6.60676e-06 -3.00354e-06
19682 7.22822e-06 -3.15076e-06
19684 7.87552e-06 -3.2891e-06
19686 8.52826e-06 -3.41766e-06
19688 9.13755e-06 -3.54247e-06
19690 9.69866e-06 -3.66704e-06
19692.1 1.02568e-05 -3.78683e-06
19694.1 1.08376e-05 -3.89607e-06
19696.1 1.14076e-05 -3.99629e-06
19698.1 1.19238e-05 -4.09374e-06
19700.1 1.23976e-05 -4.18967e-06
19702.1 1.28766e-05 -4.27839e-06
19704.1 1.33714e-05 -4.35582e-06
19706.1 1.38393e-05 -4.42554e-06
19708.1 1.42479e-05 -4.49316e-06
19710.2 1.46232e-05 -4.55768e-06
19712.2 1.50094e-05 -4.61303e-06
19714.2 1.54015e-05 -4.65727e-06
19716.2 1.57525e-05 -4.69541e-06
19718.2 1.60438e-05 -4.7317e-06
19720.2 1.63127e-05 -4.76312e-06
19722.2 1.65954e-05 -4.7841e-06
19724.2 1.68718e-05 -4.79496e-06
19726.3 1.7096e-05 -4.80136e-06
19728.3 1.7265e-05 -4.80565e-06
19730.3 1.74229e-05 -4.80339e-06
19732.3 1.75939e-05 -4.79021e-06
19734.3 1.77456e-05 -4.76848e-06
19736.3 1.78382e-05 -4.74371e-06
19738.3 1.78844e-05 -4.71616e-06
19740.3 1.79298e-05 -4.68065e-06
19742.3 1.79843e-05 -4.63455e-06
19744.4 1.80069e-05 -4.58186e-06
19746.4 1.79684e-05 -4.52715e-06
19748.4 1.78952e-05 -4.46873e-06
19750.4 1.78295e-05 -4.40142e-06
19752.4 1.77659e-05 -4.32465e-06
19754.4 1.766e-05 -4.24339e-06
19756.4 1.74958e-05 -4.16068e-06
19758.4 1.73104e-05 -4.07325e-06
19760.5 1.71378e-05 -3.97671e-06
19762.5 1.69584e-05 -3.8725e-06
19764.5 1.67292e-05 -3.76579e-06
19766.5 1.64494e-05 -3.65784e-06
19768.5 1.61621e-05 -3.54431e-06
19770.5 1.58895e-05 -3.42223e-06
19772.5 1.56004e-05 -3.29476e-06
19774.5 1.52583e-05 -3.16657e-06
19776.5 1.4877e-05 -3.037e-06
19778.6 1.45008e-05 -2.9014e-06
19780.6 1.41379e-05 -2.75861e-06
19782.6 1.37493e-05 -2.61297e-06
19784.6 1.33088e-05 -2.468e-06
19786.6 1.28435e-05 -2.32134e-06
19788.6 1.23934e-05 -2.16877e-06
19790.6 1.19523e-05 -2.01103e-06
19792.6 1.14781e-05 -1.85299e-06
19794.7 1.09579e-05 -1.69654e-06
19796.7 1.04282e-05 -1.53809e-06
19798.7 9.92078e-06 -1.37448e-06
19800.7 9.41586e-06 -1.20818e-06
19802.7 8.87335e-06 -1.04385e-06
19804.7 8.29469e-06 -8.81571e-07
19806.7 7.72165e-06 -7.17115e-07
19808.7 7.17425e-06 -5.48845e-07
19810.7 6.62186e-06 -3.80572e-07
19812.8 6.03089e-06 -2.16056e-07
19814.8 5.41681e-06 -5.36125e-08
19816.8 4.82176e-06 1.10913e-07
19818.8 4.252e-06 2.77398e-07
19820.8 3.66988e-06 4.41293e-07
19822.8 3.05214e-06 6.00277e-07
19824.8 2.42624e-06 7.57465e-07
19826.8 1.82984e-06 9.16275e-07
19828.9 1.25511e-06 1.07484e-06
19830.9 6.61976e-07 1.22857e-06
19832.9 1.79848e-08 1.38208e-06
19835 -6.16662e-07 1.53424e-06
19837.1 -1.21254e-06 1.68707e-06
19839.2 -1.79644e-06 1.83656e-06
19841.3 -2.40684e-06 1.97888e-06
19843.4 -3.0308e-06 2.11632e-06
19845.4 -3.62361e-06 2.25325e-06
19847.5 -4.17926e-06 2.38868e-06
19849.6 -4.73865e-06 2.51757e-06
19851.7 -5.3226e-06 2.63877e-06
19853.8 -5.89729e-06 2.75666e-06
19855.9 -6.42749e-06 2.87373e-06
19857.9 -6.93189e-06 2.98626e-06
19860 -7.45177e-06 3.09012e-06
19862.1 -7.98362e-06 3.18731e-06
19864.2 -8.48385e-06 3.28249e-06
19866.3 -8.93776e-06 3.3752e-06
19868.3 -9.38202e-06 3.46033e-06
19870.4 -9.84471e-06 3.53629e-06
19872.5 -1.02993e-05 3.60747e-06
19874.6 -1.07067e-05 3.67694e-06
19876.7 -1.10767e-05 3.74128e-06
19878.8 -1.14519e-05 3.79595e-06
19880.8 -1.18378e-05 3.84261e-06
19882.9 -1.21939e-05 3.88637e-06
19885 -1.24978e-05 3.92736e-06
19887.1 -1.27806e-05 3.9604e-06
19889.2 -1.3076e-05 3.98331e-06
19891.3 -1.3366e-05 4.0005e-06
19893.3 -1.36091e-05 4.01581e-06
19895.4 -1.38066e-05 4.0262e-06
19897.5 -1.4e-05 4.02663e-06
19899.6 -1.42039e-05 4.01827e-06
19901.7 -1.43822e-05 4.00673e-06
19903.8 -1.45061e-05 3.99302e-06
19905.8 -1.45998e-05 3.97187e-06
19907.9 -1.47016e-05 3.94034e-06
19910 -1.4802e-05 3.90275e-06
19912.1 -1.48592e-05 3.86386e-06
19914.2 -1.48662e-05 3.82124e-06
19916.2 -1.48618e-05 3.76927e-06
19918.3 -1.48684e-05 3.70841e-06
19920.4 -1.48563e-05 3.64471e-06
19922.5 -1.47914e-05 3.58025e-06
19924.6 -1.46904e-05 3.50989e-06
19926.7 -1.45941e-05 3.42973e-06
19928.7 -1.45019e-05 3.34371e-06
19930.8 -1.43737e-05 3.25756e-06
19932.9 -1.41943e-05 3.16976e-06
19935 -1.39984e-05 3.07416e-06
19937.1 -1.38153e-05 2.97019e-06
19939.2 -1.36223e-05 2.86413e-06
19941.2 -1.3382e-05 2.7593e-06
19943.3 -1.31028e-05 2.65093e-06
19945.4 -1.28263e-05 2.53409e-06
19947.5 -1.25607e-05 2.41198e-06
19949.6 -1.22688e-05 2.29119e-06
19951.6 -1.19285e-05 2.17135e-06
19953.7 -1.1569e-05 2.04597e-06
19955.8 -1.12248e-05 1.91323e-06
19957.9 -1.08811e-05 1.77929e-06
19960 -1.04986e-05 1.64875e-06
19962.1 -1.00777e-05 1.51753e-06
19964.1 -9.65857e-06 1.3797e-06
19966.2 -9.25777e-06 1.2374e-06
19968.3 -8.84265e-06 1.09781e-06
19970.4 -8.38501e-06 9.6193e-07
19972.5 -7.90742e-06 8.23237e-07
19974.6 -7.448e-06 6.78502e-07
19976.6 -7.00032e-06 5.33384e-07
19978.7 -6.52495e-06 3.93713e-07
19980.8 -6.01404e-06 2.56415e-07
19982.9 -5.50503e-06 1.14727e-07
19985 -5.02165e-06 -3.05678e-08
19987.1 -4.53704e-06 -1.72004e-07
19989.1 -4.01821e-06 -3.07093e-07
19991.2 -3.48025e-06 -4.42054e-07
19993.3 -2.96326e-06 -5.81523e-07
19995.4 -2.46912e-06 -7.20731e-07
19997.5 -1.95979e-06 -8.52805e-07
19999.5 -1.41971e-06 -9.79523e-07
20001.6 -8.81997e-07 -1.1082e-06
20003.7 -3.76396e-07 -1.23964e-06
20005.8 1.17259e-07 -1.36648e-06
20007.9 6.35366e-07 -1.48472e-06
20010 1.17085e-06 -1.59992e-06
20012 1.6834e-06 -1.718e-06
20014.1 2.16309e-06 -1.83547e-06
20016.2 2.64512e-06 -1.94471e-06
20018.3 3.15207e-06 -2.04598e-06
20020.4 3.6565e-06 -2.14683e-06
20022.5 4.12399e-06 -2.24971e-06
20024.5 4.56738e-06 -2.34783e-06
20026.6 5.02502e-06 -2.43582e-06
20028.7 5.49809e-06 -2.51818e-06
20030.8 5.94775e-06 -2.60193e-06
20032.9 6.3566e-06 -2.68511e-06
20035 6.75567e-06 -2.75979e-06
20037 7.17362e-06 -2.82462e-06
20039.1 7.58979e-06 -2.88693e-06
20041.2 7.96659e-06 -2.95083e-06
20043.3 8.30912e-06 -3.01048e-06
20045.4 8.65615e-06 -3.05937e-06
20047.4 9.01704e-06 -3.10071e-06
20049.5 9.35603e-06 -3.14221e-06
20051.6 9.64905e-06 -3.18363e-06
20053.7 9.92176e-06 -3.21712e-06
20055.8 1.02077e-05 -3.23977e-06
20057.9 1.04938e-05 -3.25829e-06
20059.9 1.0741e-05 -3.27822e-06
20062 1.09463e-05 -3.295e-06
20064.1 1.11475e-05 -3.30129e-06
20066.2 1.13616e-05 -3.29881e-06
20068.3 1.15576e-05 -3.29559e-06
20070.4 1.17055e-05 -3.29308e-06
20072.4 1.18247e-05 -3.28388e-06
20074.5 1.19523e-05 -3.26365e-06
20076.6 1.20833e-05 -3.23819e-06
20078.7 1.21786e-05 -3.21416e-06
20080.8 1.22277e-05 -3.18844e-06
20082.8 1.22653e-05 -3.15323e-06
20084.9 1.23159e-05 -3.10868e-06
20087 1.23539e-05 -3.06277e-06
20089.1 1.23453e-05 -3.01857e-06
20091.2 1.2302e-05 -2.9694e-06
20093.3 1.22632e-05 -2.90972e-06
20095.4 1.22309e-05 -2.84195e-06
20097.6 1.21657e-05 -2.77603e-06
20099.7 1.20508e-05 -2.70964e-06
20101.9 1.19225e-05 -2.63418e-06
20104 1.1809e-05 -2.5496e-06
20106.2 1.16829e-05 -2.46477e-06
20108.3 1.1508e-05 -2.38256e-06
20110.5 1.13016e-05 -2.29519e-06
20112.6 1.11058e-05 -2.19771e-06
20114.8 1.09162e-05 -2.09673e-06
20116.9 1.06903e-05 -1.99945e-06
20119.1 1.04203e-05 -1.90165e-06
20121.3 1.01472e-05 -1.79516e-06
20123.4 9.89191e-06 -1.6821e-06
20125.6 9.62052e-06 -1.57161e-06
20127.7 9.3027e-06 -1.4646e-06
20129.9 8.96418e-06 -1.35249e-06
20132 8.64402e-06 -1.23215e-06
20134.2 8.32915e-06 -1.11163e-06
20136.3 7.9775e-06 -9.96801e-07
20138.5 7.59049e-06 -8.81673e-07
20140.6 7.21176e-06 -7.58915e-07
20142.8 6.85405e-06 -6.32734e-07
20144.9 6.47857e-06 -5.12105e-07
20147.1 6.06196e-06 -3.9582e-07
20149.3 5.63718e-06 -2.74844e-07
20151.4 5.23865e-06 -1.48063e-07
20153.6 4.84489e-06 -2.45786e-08
20155.7 4.41607e-06 9.14314e-08
20157.9 3.96286e-06 2.07548e-07
20160 3.52956e-06 3.29897e-07
20162.2 3.11997e-06 4.52347e-07
20164.3 2.69203e-06 5.66582e-07
20166.5 2.23042e-06 6.75983e-07
20168.6 1.77382e-06 7.89626e-07
20170.8 1.35039e-06 9.06519e-07
20172.9 9.31036e-07 1.01694e-06
20175.1 4.7991e-07 1.11869e-06
20177.2 1.64982e-08 1.22064e-06
20179.4 -4.16286e-07 1.3274e-06
20181.6 -8.23904e-07 1.43114e-06
20183.7 -1.24989e-06 1.52464e-06
20185.9 -1.70081e-06 1.61338e-06
20188 -2.13397e-06 1.70605e-06
20190.2 -2.52883e-06 1.79951e-06
20192.3 -2.92095e-06 1.88386e-06
20194.5 -3.34059e-06 1.95908e-06
20196.6 -3.76028e-06 2.03493e-06
20198.8 -4.14041e-06 2.1142e-06
20200.9 -4.49561e-06 2.1877e-06
20203.1 -4.86902e-06 2.2497e-06
20205.2 -5.25811e-06 2.30755e-06
20207.4 -5.61801e-06 2.3691e-06
20209.5 -5.93685e-06 2.42918e-06
20211.7 -6.25516e-06 2.47818e-06
20213.9 -6.59627e-06 2.51829e-06
20216 -6.92586e-06 2.55972e-06
20218.2 -7.20943e-06 2.60328e-06
20220.3 -7.47027e-06 2.63882e-06
20222.5 -7.74924e-06 2.66238e-06
20224.6 -8.03475e-06 2.68293e-06
20226.8 -8.28175e-06 2.70708e-06
20228.9 -8.48765e-06 2.7278e-06
20231.1 -8.69627e-06 2.73626e-06
20233.2 -8.92294e-06 2.73683e-06
20235.4 -9.12792e-06 2.73973e-06
20237.5 -9.28344e-06 2.74367e-06
20239.7 -9.42051e-06 2.73799e-06
20241.8 -9.57598e-06 2.72082e-06
20244 -9.72961e-06 2.70232e-06
20246.2 -9.83811e-06 2.68753e-06
20248.3 -9.90844e-06 2.66787e-06
20250.5 -9.98588e-06 2.63572e-06
20252.6 -1.0077e-05 2.59752e-06
20254.8 -1.01383e-05 2.56297e-06
20256.9 -1.01501e-05 2.5287e-06
20259.1 -1.01498e-05 2.48407e-06
20261.2 -1.01687e-05 2.42939e-06
20263.4 -1.01786e-05 2.37559e-06
20265.5 -1.01399e-05 2.32586e-06
20267.7 -1.0069e-05 2.27038e-06
20269.8 -1.00106e-05 2.20316e-06
20272 -9.96217e-06 2.13244e-06
20274.2 -9.87833e-06 2.06694e-06
20276.3 -9.74824e-06 2.00125e-06
20278.5 -9.61441e-06 1.92523e-06
20280.6 -9.50094e-06 1.84144e-06
20282.8 -9.37295e-06 1.76108e-06
20284.9 -9.19621e-06 1.6852e-06
20287.1 -8.9958e-06 1.60317e-06
20289.2 -8.81412e-06 1.51095e-06
20291.4 -8.63942e-06 1.41823e-06
20293.5 -8.42628e-06 1.33226e-06
20295.7 -8.17336e-06 1.24578e-06
20297.8 -7.92638e-06 1.14961e-06
20300 -7.70123e-06 1.04849e-06
20302.1 -7.45761e-06 9.53334e-07
20304.3 -7.16817e-06 8.62967e-07
20306.5 -6.86576e-06 7.66365e-07
20308.6 -6.58851e-06 6.61652e-07
20310.8 -6.31589e-06 5.59574e-07
20312.9 -6.00429e-06 4.65522e-07
20315.1 -5.66198e-06 3.70642e-07
20317.2 -5.33599e-06 2.67129e-07
20319.4 -5.0332e-06 1.61764e-07
20321.5 -4.70947e-06 6.46792e-08
20323.7 -4.3455e-06 -2.75939e-08
20325.8 -3.98058e-06 -1.25979e-07
20328 -3.64692e-06 -2.30034e-07
20330.1 -3.31586e-06 -3.28426e-07
20332.3 -2.94744e-06 -4.17925e-07
20334.4 -2.55923e-06 -5.08652e-07
20336.6 -2.19759e-06 -6.06636e-07
20338.8 -1.85993e-06 -7.03311e-07
20340.9 -1.50003e-06 -7.89819e-07
20343.1 -1.10747e-06 -8.71834e-07
20345.2 -7.26363e-07 -9.59703e-07
20347.4 -3.81519e-07 -1.05063e-06
20349.5 -3.72457e-08 -1.13318e-06
20351.7 3.41165e-07 -1.20652e-06
20353.8 7.27517e-07 -1.28163e-06
20356 1.07814e-06 -1.36246e-06
20358.1 1.4051e-06 -1.439e-06
20360.3 1.75487e-06 -1.5041e-06
20362.4 2.12854e-06 -1.56548e-06
20364.6 2.47901e-06 -1.63246e-06
20366.8 2.79e-06 -1.69993e-06
20368.9 3.1029e-06 -1.75689e-06
20371.1 3.44574e-06 -1.80502e-06
20373.2 3.78474e-06 -1.85572e-06
20375.4 4.08079e-06 -1.91063e-06
20377.5 4.35506e-06 -1.9587e-06
20379.7 4.65243e-06 -1.99488e-06
20381.8 4.96458e-06 -2.02865e-06
20384 5.24335e-06 -2.06787e-06
20386.1 5.48177e-06 -2.10529e-06
20388.3 5.72533e-06 -2.13083e-06
20390.4 5.99421e-06 -2.14868e-06
20392.6 6.24839e-06 -2.17018e-06
20394.7 6.45496e-06 -2.19452e-06
20396.9 6.64347e-06 -2.21005e-06
20399.1 6.85537e-06 -2.21408e-06
20401.2 7.07321e-06 -2.21749e-06
20403.4 7.24972e-06 -2.22629e-06
20405.5 7.38764e-06 -2.23135e-06
20407.7 7.53476e-06 -2.22392e-06
20409.9 7.70811e-06 -2.21016e-06
20412.1 7.85414e-06 -2.20173e-06
20414.3 7.94859e-06 -2.19414e-06
20416.6 8.03529e-06 -2.17484e-06
20418.8 8.14744e-06 -2.14584e-06
20421 8.24783e-06 -2.12024e-06
20423.3 8.29526e-06 -2.09883e-06
20425.5 8.31836e-06 -2.06865e-06
20427.7 8.36433e-06 -2.02635e-06
20429.9 8.41426e-06 -1.9844e-06
20432.2 8.41692e-06 -1.94886e-06
20434.4 8.38065e-06 -1.90855e-06
20436.6 8.35863e-06 -1.8552e-06
20438.8 8.35375e-06 -1.79849e-06
20441.1 8.31345e-06 -1.74892e-06
20443.3 8.22411e-06 -1.69907e-06
20445.5 8.13585e-06 -1.63702e-06
20447.7 8.07304e-06 -1.56792e-06
20450 7.99092e-06 -1.50506e-06
20452.2 7.85607e-06 -1.4462e-06
20454.4 7.70681e-06 -1.37773e-06
20456.6 7.58509e-06 -1.29925e-06
20458.9 7.46175e-06 -1.22464e-06
20461.1 7.28919e-06 -1.15742e-06
20463.3 7.08727e-06 -1.0846e-06
20465.6 6.9084e-06 -1.00018e-06
20467.8 6.74429e-06 -9.1623e-07
20470 6.54133e-06 -8.41572e-07
20472.2 6.29733e-06 -7.66185e-07
20474.5 6.06624e-06 -6.79363e-07
20476.7 5.86228e-06 -5.89216e-07
20478.9 5.63516e-06 -5.0849e-07
20481.1 5.36087e-06 -4.31984e-07
20483.4 5.08561e-06 -3.46076e-07
20485.6 4.84388e-06 -2.5341e-07
20487.8 4.59749e-06 -1.68509e-07
20490 4.30476e-06 -9.20452e-08
20492.3 3.99608e-06 -9.84489e-09
20494.5 3.72043e-06 8.14769e-08
20496.7 3.45851e-06 1.68134e-07
20498.9 3.15817e-06 2.43568e-07
20501.2 2.8287e-06 3.19982e-07
20503.4 2.52517e-06 4.06274e-07
20505.6 2.25074e-06 4.91828e-07
20507.9 1.95184e-06 5.65249e-07
20510.1 1.61502e-06 6.34559e-07
20512.3 1.29202e-06 7.12649e-07
20514.5 1.00799e-06 7.93967e-07
20516.8 7.17386e-07 8.64217e-07
20519 3.86365e-07 9.25761e-07
20521.2 5.43381e-08 9.93226e-07
20523.4 -2.35704e-07 1.06713e-06
20525.7 -5.13313e-07 1.13274e-06
20527.9 -8.26806e-07 1.1863e-06
20530.1 -1.15588e-06 1.24158e-06
20532.3 -1.4471e-06 1.30509e-06
20534.6 -1.70877e-06 1.36425e-06
20536.8 -1.99523e-06 1.40976e-06
20539 -2.30875e-06 1.45214e-06
20541.2 -2.59468e-06 1.50276e-06
20543.5 -2.83853e-06 1.55335e-06
20545.7 -3.09117e-06 1.59068e-06
20547.9 -3.37698e-06 1.62018e-06
20550.2 -3.64949e-06 1.65608e-06
20552.4 -3.87391e-06 1.69585e-06
20554.6 -4.08874e-06 1.72463e-06
20556.8 -4.33616e-06 1.74179e-06
20559.1 -4.58588e-06 1.762e-06
20561.3 -4.78879e-06 1.78885e-06
20563.5 -4.96433e-06 1.80839e-06
20565.7 -5.16508e-06 1.81409e-06
20568 -5.38208e-06 1.81852e-06
20570.2 -5.56042e-06 1.83078e-06
20572.4 -5.6971e-06 1.84018e-06
20574.6 -5.84593e-06 1.83541e-06
20576.9 -6.02071e-06 1.82483e-06
20579.1 -6.17021e-06 1.82151e-06
20581.3 -6.26959e-06 1.81979e-06
20583.5 -6.36451e-06 1.80551e-06
20585.8 -6.48905e-06 1.78147e-06
20588 -6.60445e-06 1.76244e-06
20590.2 -6.66836e-06 1.74876e-06
20592.5 -6.71049e-06 1.7258e-06
20594.7 -6.77916e-06 1.69032e-06
20596.9 -6.85469e-06 1.65642e-06
20599.1 -6.8846e-06 1.6303e-06
20601.4 -6.87758e-06 1.59928e-06
20603.6 -6.88784e-06 1.55472e-06
20605.8 -6.91799e-06 1.50765e-06
20608 -6.91453e-06 1.46914e-06
20610.3 -6.86378e-06 1.43056e-06
20612.5 -6.81643e-06 1.37925e-06
20614.7 -6.79685e-06 1.32145e-06
20616.9 -6.75971e-06 1.27127e-06
20619.2 -6.67144e-06 1.22552e-06
20621.4 -6.57057e-06 1.16962e-06
20623.6 -6.49892e-06 1.104e-06
20625.8 -6.42704e-06 1.04356e-06
20628.1 -6.3074e-06 9.9105e-07
20630.3 -6.15988e-06 9.32359e-07
20632.5 -6.03648e-06 8.62053e-07
20634.8 -5.92859e-06 7.93394e-07
20637 -5.78298e-06 7.34712e-07
20639.2 -5.59765e-06 6.74615e-07
20641.4 -5.42584e-06 6.0267e-07
20643.7 -5.28114e-06 5.28402e-07
20645.9 -5.11381e-06 4.64408e-07
20648.1 -4.90052e-06 4.03893e-07
20650.3 -4.68667e-06 3.33066e-07
20652.6 -4.50562e-06 2.56177e-07
20654.8 -4.31962e-06 1.88132e-07
20657 -4.0882e-06 1.27886e-07
20659.2 -3.84132e-06 6.04752e-08
20661.5 -3.62626e-06 -1.58594e-08
20663.7 -3.42369e-06 -8.62386e-08
20665.9 -3.18311e-06 -1.45686e-07
20668.1 -2.91408e-06 -2.07942e-07
20670.4 -2.66971e-06 -2.80578e-07
20672.6 -2.45226e-06 -3.51119e-07
20674.8 -2.20995e-06 -4.09234e-07
20677.1 -1.93056e-06 -4.65184e-07
20679.3 -1.66399e-06 -5.31248e-07
20681.5 -1.43358e-06 -5.99403e-07
20683.7 -1.19516e-06 -6.55495e-07
20686 -9.1706e-07 -7.0455e-07
20688.2 -6.37561e-07 -7.6166e-07
20690.4 -3.96972e-07 -8.24666e-07
20692.6 -1.66248e-07 -8.77782e-07
20694.9 1.0008e-07 -9.19817e-07
20697.1 3.81708e-07 -9.6628e-07
20699.3 6.28308e-07 -1.02139e-06
20701.5 8.48953e-07 -1.07025e-06
20703.8 1.09499e-06 -1.10547e-06
20706 1.36731e-06 -1.14041e-06
20708.2 1.61413e-06 -1.18515e-06
20710.4 1.82318e-06 -1.22819e-06
20712.7 2.04284e-06 -1.25693e-06
20714.9 2.29475e-06 -1.28031e-06
20717.1 2.53446e-06 -1.31275e-06
20719.4 2.73058e-06 -1.34818e-06
20721.6 2.9203e-06 -1.37074e-06
20723.8 3.14205e-06 -1.38326e-06
20726 3.36614e-06 -1.40225e-06
20728.3 3.54753e-06 -1.42823e-06
20730.5 3.70598e-06 -1.44465e-06
20732.7 3.89e-06 -1.44756e-06
20734.9 4.08943e-06 -1.45282e-06
20737.2 4.25335e-06 -1.46766e-06
20739.4 4.3809e-06 -1.47762e-06
20741.6 4.52229e-06 -1.47244e-06
20743.8 4.68835e-06 -1.46458e-06
20746.1 4.83094e-06 -1.46697e-06
20748.3 4.92892e-06 -1.46977e-06
20750.5 5.02565e-06 -1.45795e-06
20752.7 5.15084e-06 -1.43837e-06
20755 5.26721e-06 -1.42761e-06
20757.2 5.33715e-06 -1.42224e-06
20759.4 5.38988e-06 -1.40493e-06
20761.7 5.46873e-06 -1.37561e-06
20763.9 5.55341e-06 -1.35175e-06
20766.1 5.5964e-06 -1.33713e-06
20768.3 5.60802e-06 -1.31501e-06
20770.6 5.63771e-06 -1.27822e-06
20772.8 5.68533e-06 -1.24218e-06
20775 5.70163e-06 -1.21742e-06
20777.2 5.67654e-06 -1.19067e-06
20779.5 5.65716e-06 -1.14872e-06
20781.7 5.66329e-06 -1.10228e-06
20783.9 5.65222e-06 -1.06697e-06
20786.1 5.59553e-06 -1.03537e-06
20788.4 5.53009e-06 -9.9037e-07
20790.6 5.49199e-06 -9.36016e-07
20792.8 5.45218e-06 -8.90489e-07
20795.1 5.36896e-06 -8.53626e-07
20797.3 5.26294e-06 -8.07271e-07
20799.5 5.18022e-06 -7.47985e-07
20801.7 5.11007e-06 -6.93468e-07
20804 5.00473e-06 -6.51001e-07
20806.2 4.86542e-06 -6.04471e-07
20808.4 4.74036e-06 -5.43405e-07
20810.6 4.63865e-06 -4.82007e-07
20812.9 4.51462e-06 -4.33918e-07
20815.1 4.35023e-06 -3.87861e-07
20817.3 4.18777e-06 -3.2799e-07
20819.5 4.05435e-06 -2.62549e-07
20821.8 3.91396e-06 -2.09346e-07
20824 3.73274e-06 -1.63957e-07
20826.2 3.54012e-06 -1.07765e-07
20828.4 3.37643e-06 -4.15603e-08
20830.7 3.22116e-06 1.56081e-08
20832.9 3.03056e-06 6.04328e-08
20835.1 2.81666e-06 1.11191e-07
20837.4 2.62608e-06 1.74794e-07
20839.6 2.45697e-06 2.34132e-07
20841.8 2.26315e-06 2.78579e-07
20844 2.03763e-06 3.22977e-07
20846.3 1.82556e-06 3.80896e-07
20848.5 1.64374e-06 4.40058e-07
20850.7 1.45126e-06 4.84163e-07
20852.9 1.22367e-06 5.22059e-07
20855.2 9.97329e-07 5.71805e-07
20857.4 8.04603e-07 6.2808e-07
20859.6 6.16492e-07 6.71522e-07
20861.8 3.95483e-07 7.03386e-07
20864.1 1.63418e-07 7.43275e-07
20866.3 -3.73042e-08 7.93831e-07
20868.5 -2.1922e-07 8.35786e-07
20870.7 -4.26504e-07 8.62435e-07
20873 -6.55063e-07 8.9168e-07
20875.2 -8.59497e-07 9.33839e-07
20877.4 -1.0341e-06 9.72932e-07
20879.7 -1.22237e-06 9.9523e-07
20881.9 -1.43827e-06 1.01392e-06
20884.1 -1.64074e-06 1.04543e-06
20886.3 -1.80705e-06 1.0798e-06
20888.6 -1.97296e-06 1.09839e-06
20890.8 -2.16785e-06 1.10735e-06
20893 -2.36155e-06 1.12664e-06
20895.2 -2.5182e-06 1.15412e-06
20897.5 -2.66013e-06 1.16921e-06
20899.7 -2.82715e-06 1.16981e-06
20901.9 -3.00462e-06 1.17619e-06
20904.1 -3.14946e-06 1.19457e-06
20906.4 -3.26718e-06 1.20582e-06
20908.6 -3.40143e-06 1.19972e-06
20910.8 -3.55517e-06 1.19345e-06
20913 -3.68512e-06 1.20081e-06
20915.3 -3.77927e-06 1.20736e-06
20917.5 -3.87803e-06 1.19624e-06
20919.7 -4.00125e-06 1.17854e-06
20922 -4.11236e-06 1.17358e-06
20924.2 -4.18392e-06 1.17418e-06
20926.4 -4.24667e-06 1.15945e-06
20928.6 -4.33395e-06 1.13238e-06
20930.9 -4.42165e-06 1.11468e-06
20933.1 -4.47146e-06 1.10789e-06
20935.3 -4.49961e-06 1.09051e-06
20937.5 -4.54745e-06 1.05665e-06
20939.8 -4.60705e-06 1.02683e-06
20942 -4.63547e-06 1.01134e-06
20944.2 -4.63191e-06 9.91698e-07
20946.4 -4.63907e-06 9.53847e-07
20948.7 -4.66635e-06 9.13591e-07
20950.9 -4.67302e-06 8.88491e-07
20953.1 -4.64156e-06 8.66374e-07
20955.3 -4.60916e-06 8.27144e-07
20957.6 -4.60093e-06 7.79031e-07
20959.8 -4.58486e-06 7.44122e-07
20962 -4.52961e-06 7.18835e-07
20964.3 -4.46095e-06 6.80305e-07
20966.5 -4.41561e-06 6.27535e-07
20968.7 -4.37542e-06 5.83494e-07
20970.9 -4.30024e-06 5.54098e-07
20973.2 -4.2004e-06 5.17574e-07
20975.4 -4.11835e-06 4.63576e-07
20977.6 -4.0526e-06 4.12031e-07
20979.8 -3.96074e-06 3.77652e-07
20982.1 -3.83601e-06 3.43564e-07
20984.3 -3.7198e-06 2.91579e-07
20986.5 -3.62757e-06 2.35045e-07
20988.7 -3.52141e-06 1.95208e-07
20991 -3.37862e-06 1.63192e-07
20993.2 -3.23294e-06 1.15884e-07
20995.4 -3.11429e-06 5.75452e-08
20997.6 -2.99539e-06 1.24747e-08
20999.9 -2.84125e-06 -1.84065e-08
21002.1 -2.67257e-06 -5.92398e-08
21004.3 -2.52899e-06 -1.15862e-07
21006.6 -2.39829e-06 -1.65055e-07
21008.8 -2.23882e-06 -1.95959e-07
21011 -2.05489e-06 -2.29547e-07
21013.2 -1.88958e-06 -2.8101e-07
21015.5 -1.74777e-06 -3.32293e-07
21017.7 -1.58784e-06 -3.64212e-07
21019.9 -1.39704e-06 -3.90797e-07
21022.1 -1.21495e-06 -4.34174e-07
21024.4 -1.0629e-06 -4.84748e-07
21026.6 -9.06079e-07 -5.18144e-07
21028.8 -7.16634e-07 -5.38802e-07
21031 -5.24302e-07 -5.72066e-07
21033.3 -3.63538e-07 -6.18684e-07
21035.5 -2.12056e-07 -6.53238e-07
21037.7 -3.13587e-08 -6.69563e-07
21039.9 1.63511e-07 -6.91837e-07
21042.2 3.30431e-07 -7.31244e-07
21044.4 4.75425e-07 -7.65761e-07
21046.6 6.41408e-07 -7.79466e-07
21048.9 8.30556e-07 -7.91092e-07
21051.1 9.99831e-07 -8.20505e-07
21053.3 1.13784e-06 -8.53e-07
21055.5 1.28494e-06 -8.65501e-07
21057.8 1.46026e-06 -8.67906e-07
21060 1.62683e-06 -8.85429e-07
21062.2 1.75753e-06 -9.13382e-07
21064.4 1.88346e-06 -9.25455e-07
21066.7 2.03774e-06 -9.20829e-07
21068.9 2.19551e-06 -9.25734e-07
21071.1 2.31817e-06 -9.46468e-07
21073.3 2.4224e-06 -9.58032e-07
21075.6 2.54995e-06 -9.4888e-07
21077.8 2.69223e-06 -9.41695e-07
21080 2.80537e-06 -9.52806e-07
21082.2 2.8887e-06 -9.62887e-07
21084.5 2.98579e-06 -9.51548e-07
21086.7 3.10592e-06 -9.3394e-07
21088.9 3.20703e-06 -9.33697e-07
21091.2 3.27103e-06 -9.40584e-07
21093.4 3.33618e-06 -9.28806e-07
21095.6 3.42818e-06 -9.03285e-07
21097.8 3.51376e-06 -8.9095e-07
21100.1 3.5602e-06 -8.92509e-07
21102.3 3.59401e-06 -8.81163e-07
21104.5 3.65331e-06 -8.50678e-07
21106.7 3.71916e-06 -8.26672e-07
21109 3.7494e-06 -8.20766e-07
21111.2 3.75435e-06 -8.09759e-07
21113.4 3.77831e-06 -7.77247e-07
21115.6 3.81997e-06 -7.43145e-07
21117.9 3.83462e-06 -7.28087e-07
21120.1 3.81446e-06 -7.16465e-07
21122.3 3.80273e-06 -6.84443e-07
21124.5 3.81616e-06 -6.42803e-07
21126.8 3.81487e-06 -6.17746e-07
21129 3.77401e-06 -6.0397e-07
21131.2 3.7286e-06 -5.74221e-07
21133.5 3.71085e-06 -5.28264e-07
21135.7 3.69236e-06 -4.93463e-07
21137.9 3.63521e-06 -4.758e-07
21140.1 3.56027e-06 -4.49199e-07
21142.4 3.51005e-06 -4.02388e-07
21144.6 3.47254e-06 -3.59282e-07
21146.8 3.40288e-06 -3.3622e-07
21149 3.30418e-06 -3.1272e-07
21151.3 3.22232e-06 -2.68305e-07
21153.5 3.16387e-06 -2.194e-07
21155.7 3.08445e-06 -1.90028e-07
21157.9 2.96868e-06 -1.68793e-07
21160.2 2.85825e-06 -1.29396e-07
21162.4 2.77743e-06 -7.79679e-08
21164.6 2.68977e-06 -4.22473e-08
21166.8 2.56376e-06 -2.19143e-08
21169.1 2.4299e-06 1.07839e-08
21171.3 2.32637e-06 6.11136e-08
21173.5 2.23083e-06 1.02222e-07
21175.8 2.10078e-06 1.23201e-07
21178 1.95027e-06 1.4862e-07
21180.2 1.82523e-06 1.94356e-07
21182.4 1.72139e-06 2.38929e-07
21184.7 1.59221e-06 2.61909e-07
21186.9 1.43282e-06 2.80546e-07
21189.1 1.28931e-06 3.18771e-07
21191.3 1.17644e-06 3.64108e-07
21193.6 1.05144e-06 3.8991e-07
21195.8 8.91113e-07 4.03137e-07
21198 7.34007e-07 4.31866e-07
21200.2 6.11721e-07 4.74803e-07
21202.5 4.92508e-07 5.03442e-07
21204.7 3.38549e-07 5.13165e-07
21206.9 1.74311e-07 5.31558e-07
21209.1 4.31673e-08 5.68851e-07
21211.4 -7.00911e-08 5.9941e-07
21213.6 -2.11704e-07 6.07649e-07
21215.8 -3.75546e-07 6.16041e-07
21218.1 -5.13583e-07 6.44789e-07
21220.3 -6.21681e-07 6.75443e-07
21222.5 -7.46787e-07 6.83896e-07
21224.7 -9.0235e-07 6.83671e-07
21227 -1.04369e-06 7.01704e-07
21229.2 -1.14773e-06 7.29922e-07
21231.4 -1.25419e-06 7.39597e-07
21233.6 -1.39405e-06 7.32901e-07
21235.9 -1.53352e-06 7.39091e-07
21238.1 -1.63424e-06 7.61978e-07
21240.3 -1.72185e-06 7.72963e-07
21242.5 -1.83982e-06 7.62321e-07
21244.8 -1.9711e-06 7.56751e-07
21247 -2.06828e-06 7.71501e-07
21249.2 -2.13837e-06 7.82904e-07
21251.5 -2.23014e-06 7.70785e-07
21253.7 -2.34634e-06 7.54756e-07
21255.9 -2.43841e-06 7.59116e-07
21258.1 -2.4933e-06 7.692e-07
21260.4 -2.55682e-06 7.57613e-07
21262.6 -2.65131e-06 7.3346e-07
21264.8 -2.73527e-06 7.26148e-07
21267 -2.77751e-06 7.32629e-07
21269.3 -2.81306e-06 7.22796e-07
21271.5 -2.8803e-06 6.93549e-07
21273.7 -2.9519e-06 6.74518e-07
21275.9 -2.98362e-06 6.7498e-07
21278.2 -2.99356e-06 6.67161e-07
21280.4 -3.02982e-06 6.36086e-07
21282.6 -3.08407e-06 6.06611e-07
21284.8 -3.10636e-06 5.98965e-07
21287.1 -3.09459e-06 5.92443e-07
21289.3 -3.09845e-06 5.62549e-07
21291.5 -3.13031e-06 5.25088e-07
21293.8 -3.14293e-06 5.07991e-07
21296 -3.11412e-06 5.01244e-07
21298.2 -3.08671e-06 4.74832e-07
21300.4 -3.09187e-06 4.32701e-07
21302.7 -3.09322e-06 4.05876e-07
21304.9 -3.052e-06 3.96895e-07
21307.1 -2.99679e-06 3.75236e-07
21309.3 -2.97247e-06 3.32145e-07
21311.6 -2.95987e-06 2.96533e-07
21313.8 -2.91011e-06 2.83251e-07
21316 -2.83245e-06 2.66444e-07
21318.2 -2.77798e-06 2.25968e-07
21320.5 -2.74822e-06 1.83693e-07
21322.7 -2.69247e-06 1.64444e-07
21324.9 -2.59886e-06 1.51495e-07
21327.1 -2.51599e-06 1.16576e-07
21329.4 -2.4661e-06 7.07177e-08
21331.6 -2.40534e-06 4.46509e-08
21333.8 -2.30254e-06 3.37446e-08
21336.1 -2.19547e-06 6.30288e-09
21338.3 -2.12347e-06 -3.94891e-08
21340.5 -2.05719e-06 -7.21265e-08
21342.7 -1.95137e-06 -8.3197e-08
21345 -1.82631e-06 -1.0248e-07
21347.2 -1.73191e-06 -1.44482e-07
21349.4 -1.65855e-06 -1.82248e-07
21351.6 -1.55452e-06 -1.95585e-07
21353.9 -1.41904e-06 -2.07279e-07
21356.1 -1.3041e-06 -2.42209e-07
21358.3 -1.22164e-06 -2.82586e-07
21360.5 -1.12243e-06 -2.99717e-07
21362.8 -9.84558e-07 -3.05447e-07
21365 -8.53166e-07 -3.30929e-07
21367.2 -7.59946e-07 -3.70646e-07
21369.4 -6.66644e-07 -3.92159e-07
21371.7 -5.33892e-07 -3.9425e-07
21373.9 -3.92158e-07 -4.09137e-07
21376.1 -2.87582e-07 -4.44636e-07
21378.4 -1.99617e-07 -4.69999e-07
21380.6 -7.81154e-08 -4.71006e-07
21382.8 6.64481e-08 -4.75513e-07
21385 1.81324e-07 -5.03483e-07
21387.3 2.65665e-07 -5.31062e-07
21389.5 3.7178e-07 -5.33286e-07
21391.7 5.11094e-07 -5.28902e-07
21393.9 6.3328e-07 -5.46784e-07
21396.2 7.1609e-07 -5.74058e-07
21398.4 8.04962e-07 -5.79105e-07
21400.6 9.31333e-07 -5.68308e-07
21402.8 1.05597e-06 -5.74682e-07
21405.1 1.13892e-06 -5.9862e-07
21407.3 1.21087e-06 -6.0709e-07
21409.5 1.3179e-06 -5.92897e-07
21411.7 1.43867e-06 -5.87694e-07
21414 1.52231e-06 -6.05222e-07
21416.2 1.57935e-06 -6.16571e-07
21418.4 1.66267e-06 -6.02018e-07
21420.7 1.77249e-06 -5.86515e-07
21422.9 1.85576e-06 -5.95003e-07
21425.1 1.90094e-06 -6.07605e-07
21427.3 1.95858e-06 -5.95229e-07
21429.6 2.05052e-06 -5.71847e-07
21431.8 2.13058e-06 -5.69549e-07
21434 2.16711e-06 -5.80953e-07
21436.2 2.19958e-06 -5.7237e-07
21438.5 2.26773e-06 -5.44293e-07
21440.7 2.34024e-06 -5.30662e-07
21442.9 2.37067e-06 -5.38009e-07
21445.1 2.38062e-06 -5.33657e-07
21447.4 2.42093e-06 -5.0435e-07
21449.6 2.48053e-06 -4.80186e-07
21451.8 2.50616e-06 -4.80716e-07
21454 2.49776e-06 -4.7981e-07
21456.3 2.50857e-06 -4.52495e-07
21458.5 2.5497e-06 -4.1989e-07
21460.7 2.57021e-06 -4.11468e-07
21463 2.54836e-06 -4.12169e-07
21465.2 2.53061e-06 -3.8935e-07
21467.4 2.5484e-06 -3.51438e-07
21469.6 2.56185e-06 -3.32997e-07
21471.9 2.53127e-06 -3.32774e-07
21474.1 2.48834e-06 -3.15876e-07
21476.3 2.47945e-06 -2.76404e-07
21478.5 2.48267e-06 -2.48232e-07
21480.8 2.44712e-06 -2.44358e-07
21483 2.38429e-06 -2.3354e-07
21485.2 2.34757e-06 -1.96331e-07
21487.4 2.33673e-06 -1.60135e-07
21489.7 2.29849e-06 -1.50226e-07
21491.9 2.22215e-06 -1.4441e-07
21494.1 2.15894e-06 -1.12791e-07
21496.3 2.1304e-06 -7.15213e-08
21498.6 2.09e-06 -5.40371e-08
21500.8 2.00668e-06 -5.11407e-08
21503 1.92077e-06 -2.74392e-08
21505.3 1.87188e-06 1.51098e-08
21507.5 1.82821e-06 4.0503e-08
21509.7 1.74372e-06 4.31505e-08
21511.9 1.6409e-06 5.79511e-08
21514.2 1.57069e-06 9.76988e-08
21516.4 1.52145e-06 1.29963e-07
21518.6 1.44009e-06 1.35092e-07
21520.8 1.32747e-06 1.41475e-07
21523.1 1.23707e-06 1.74676e-07
21525.3 1.17947e-06 2.11469e-07
21527.5 1.10363e-06 2.21314e-07
21529.7 9.88653e-07 2.21097e-07
21532 8.81467e-07 2.44919e-07
21534.2 8.12996e-07 2.82896e-07
21536.4 7.43044e-07 2.98709e-07
21538.6 6.32608e-07 2.94663e-07
21540.9 5.14025e-07 3.0762e-07
21543.1 4.33276e-07 3.42914e-07
21545.3 3.67877e-07 3.64648e-07
21547.6 2.67469e-07 3.59952e-07
21549.8 1.44318e-07 3.62105e-07
21552 5.15688e-08 3.90921e-07
21554.2 -1.17133e-08 4.17136e-07
21556.5 -9.85692e-08 4.14749e-07
21558.7 -2.18832e-07 4.07649e-07
21560.9 -3.21285e-07 4.26863e-07
21563.1 -3.85196e-07 4.54894e-07
21565.4 -4.57174e-07 4.56969e-07
21567.6 -5.67376e-07 4.43351e-07
21569.8 -6.75259e-07 4.51015e-07
21572 -7.42019e-07 4.77377e-07
21574.3 -7.99855e-07 4.84832e-07
21576.5 -8.93996e-07 4.68105e-07
21578.7 -1.00145e-06 4.6377e-07
21580.9 -1.07203e-06 4.84736e-07
21583.2 -1.11806e-06 4.97052e-07
21585.4 -1.19202e-06 4.80693e-07
21587.6 -1.2923e-06 4.65492e-07
21589.9 -1.36596e-06 4.77738e-07
21592.1 -1.4034e-06 4.93039e-07
21594.3 -1.45533e-06 4.79983e-07
21596.5 -1.54169e-06 4.56453e-07
21598.8 -1.61584e-06 4.57654e-07
21601 -1.64798e-06 4.73041e-07
21603.2 -1.67839e-06 4.65182e-07
21605.4 -1.74501e-06 4.36846e-07
21607.7 -1.81541e-06 4.26119e-07
21609.9 -1.84482e-06 4.38201e-07
21612.1 -1.85623e-06 4.36083e-07
21614.3 -1.899e-06 4.06873e-07
21616.6 -1.96035e-06 3.84969e-07
21618.8 -1.98826e-06 3.90489e-07
21621 -1.98462e-06 3.93244e-07
21623.2 -2.00169e-06 3.66848e-07
21625.5 -2.04838e-06 3.36067e-07
21627.7 -2.07435e-06 3.32517e-07
21629.9 -2.06022e-06 3.38056e-07
21632.2 -2.05219e-06 3.17322e-07
21634.4 -2.0792e-06 2.81156e-07
21636.6 -2.10113e-06 2.67257e-07
21638.8 -2.08082e-06 2.72686e-07
21641.1 -2.05058e-06 2.59172e-07
21643.3 -2.05427e-06 2.21749e-07
21645.5 -2.06876e-06 1.97729e-07
21647.7 -2.04557e-06 1.99905e-07
21650 -1.99777e-06 1.93672e-07
21652.2 -1.97654e-06 1.59097e-07
21654.4 -1.9795e-06 1.26707e-07
21656.6 -1.95523e-06 1.2285e-07
21658.9 -1.89553e-06 1.22525e-07
21661.1 -1.85011e-06 9.42409e-08
21663.3 -1.83758e-06 5.65203e-08
21665.5 -1.81233e-06 4.47627e-08
21667.8 -1.7465e-06 4.7852e-08
21670 -1.67996e-06 2.81305e-08
21672.2 -1.6489e-06 -1.10464e-08
21674.5 -1.62121e-06 -3.12647e-08
21676.7 -1.55433e-06 -2.78561e-08
21678.9 -1.47166e-06 -3.82187e-08
21681.1 -1.42065e-06 -7.47265e-08
21683.4 -1.38798e-06 -1.02491e-07
21685.6 -1.32378e-06 -1.01854e-07
21687.8 -1.23121e-06 -1.03582e-07
21690 -1.16088e-06 -1.33669e-07
21692.3 -1.12028e-06 -1.6668e-07
21694.5 -1.06074e-06 -1.71302e-07
21696.7 -9.64952e-07 -1.66441e-07
21698.9 -8.78089e-07 -1.87293e-07
21701.2 -8.26956e-07 -2.22192e-07
21703.4 -7.72286e-07 -2.3348e-07
21705.6 -6.79488e-07 -2.24988e-07
21707.9 -5.80803e-07 -2.3514e-07
21710.1 -5.17594e-07 -2.68027e-07
21712.3 -4.66488e-07 -2.86025e-07
21714.5 -3.8168e-07 -2.77222e-07
21716.8 -2.77261e-07 -2.76761e-07
21719 -2.02023e-07 -3.03807e-07
21721.2 -1.52205e-07 -3.27145e-07
21723.4 -7.86427e-08 -3.21123e-07
21725.7 2.48057e-08 -3.11636e-07
21727.9 1.1018e-07 -3.29693e-07
21730.1 1.61263e-07 -3.55792e-07
21732.3 2.22287e-07 -3.5486e-07
21734.6 3.18287e-07 -3.39141e-07
21736.8 4.10117e-07 -3.46252e-07
21739 4.64571e-07 -3.71726e-07
21741.2 5.13618e-07 -3.77e-07
21743.5 5.9671e-07 -3.5856e-07
21745.7 6.89895e-07 -3.54266e-07
21747.9 7.4875e-07 -3.75475e-07
21750.2 7.8783e-07 -3.86662e-07
21752.4 8.54194e-07 -3.69122e-07
21754.6 9.4282e-07 -3.54532e-07
21756.8 1.00562e-06 -3.6818e-07
21759.1 1.03757e-06 -3.83617e-07
21761.3 1.08537e-06 -3.70081e-07
21763.5 1.16347e-06 -3.47682e-07
21765.7 1.22814e-06 -3.51376e-07
21768 1.25589e-06 -3.683e-07
21770.2 1.28535e-06 -3.6083e-07
21772.4 1.34768e-06 -3.34069e-07
21774.6 1.41068e-06 -3.26736e-07
21776.9 1.43659e-06 -3.41761e-07
21779.1 1.44968e-06 -3.41034e-07
21781.3 1.49241e-06 -3.13755e-07
21783.5 1.54922e-06 -2.95843e-07
21785.8 1.57454e-06 -3.0556e-07
21788 1.5745e-06 -3.10776e-07
21790.2 1.59566e-06 -2.86594e-07
21792.5 1.6414e-06 -2.60032e-07
21794.7 1.66596e-06 -2.61623e-07
21796.9 1.65663e-06 -2.70679e-07
21799.1 1.65634e-06 -2.52405e-07
21801.4 1.68651e-06 -2.20325e-07
21803.6 1.70874e-06 -2.12086e-07
21805.8 1.69385e-06 -2.21978e-07
21808 1.67418e-06 -2.11192e-07
21810.3 1.68538e-06 -1.77445e-07
21812.5 1.70254e-06 -1.5913e-07
21814.7 1.68511e-06 -1.66515e-07
21816.9 1.64971e-06 -1.6335e-07
21819.2 1.64014e-06 -1.31908e-07
21821.4 1.64885e-06 -1.04827e-07
21823.6 1.63073e-06 -1.06642e-07
21825.8 1.58422e-06 -1.09814e-07
21828.1 1.55401e-06 -8.41498e-08
21830.3 1.55085e-06 -5.09994e-08
21832.5 1.5325e-06 -4.50334e-08
21834.8 1.47979e-06 -5.21083e-08
21837 1.43103e-06 -3.4659e-08
21839.2 1.41319e-06 8.84619e-10
21841.4 1.39374e-06 1.5564e-08
21843.7 1.33933e-06 7.71071e-09
21845.9 1.27575e-06 1.59111e-08
21848.1 1.2416e-06 4.97653e-08
21850.3 1.21915e-06 7.26092e-08
21852.6 1.16652e-06 6.72167e-08
21854.8 1.09304e-06 6.66673e-08
21857 1.0425e-06 9.49895e-08
21859.2 1.01461e-06 1.24014e-07
21861.5 9.65872e-07 1.23843e-07
21863.7 8.87936e-07 1.16446e-07
21865.9 8.22625e-07 1.36239e-07
21868.1 7.86887e-07 1.68316e-07
21870.4 7.42654e-07 1.75136e-07
21872.6 6.65524e-07 1.6383e-07
21874.8 5.8868e-07 1.73402e-07
21877.1 5.43312e-07 2.04744e-07
21879.3 5.02832e-07 2.1899e-07
21881.5 4.30973e-07 2.07204e-07
21883.7 3.47096e-07 2.06407e-07
21886 2.91427e-07 2.33159e-07
21888.2 2.52958e-07 2.53817e-07
21890.4 1.89562e-07 2.44851e-07
21892.6 1.039e-07 2.35059e-07
21894.9 3.86757e-08 2.53908e-07
21897.1 9.08004e-12 2.78643e-07
21899.3 -5.32559e-08 2.75077e-07
21901.5 -1.35328e-07 2.58917e-07
21903.8 -2.07867e-07 2.67605e-07
21906 -2.48823e-07 2.93128e-07
21908.2 -2.91822e-07 2.96356e-07
21910.4 -3.65434e-07 2.77238e-07
21912.7 -4.41715e-07 2.74921e-07
21914.9 -4.86394e-07 2.97513e-07
21917.1 -5.203e-07 3.075e-07
21919.4 -5.81631e-07 2.89035e-07
21921.6 -6.57133e-07 2.76404e-07
21923.8 -7.05898e-07 2.9253e-07
21926 -7.32793e-07 3.07812e-07
21928.3 -7.79456e-07 2.93211e-07
21930.5 -8.49248e-07 2.72385e-07
21932.7 -9.01171e-07 2.79285e-07
21934.9 -9.23527e-07 2.9722e-07
21937.2 -9.54752e-07 2.8877e-07
21939.4 -1.0141e-06 2.62957e-07
21941.6 -1.06698e-06 2.59122e-07
21943.8 -1.08711e-06 2.76341e-07
21946.1 -1.10369e-06 2.75047e-07
21948.3 -1.14867e-06 2.48037e-07
21950.5 -1.19923e-06 2.33483e-07
21952.7 -1.21883e-06 2.46473e-07
21955 -1.22285e-06 2.51907e-07
21957.2 -1.25079e-06 2.27473e-07
21959.4 -1.29513e-06 2.03769e-07
21961.7 -1.31488e-06 2.09474e-07
21963.9 -1.30929e-06 2.1987e-07
21966.1 -1.31912e-06 2.01168e-07
21968.3 -1.35323e-06 1.71213e-07
21970.6 -1.37265e-06 1.67572e-07
21972.8 -1.36073e-06 1.8013e-07
21975 -1.35305e-06 1.692e-07
21977.2 -1.37335e-06 1.36782e-07
21979.5 -1.39084e-06 1.23102e-07
21981.7 -1.37565e-06 1.34476e-07
21983.9 -1.35259e-06 1.31927e-07
21986.1 -1.3565e-06 1.01131e-07
21988.4 -1.36958e-06 7.82509e-08
21990.6 -1.35347e-06 8.51297e-08
21992.8 -1.31836e-06 9.00553e-08
21995 -1.30467e-06 6.46301e-08
21997.3 -1.31036e-06 3.48328e-08
21999.5 -1.29466e-06 3.4528e-08
22001.7 -1.25153e-06 4.46845e-08
22004 -1.22063e-06 2.74555e-08
22006.2 -1.21599e-06 -5.8459e-09
22008.4 -1.20084e-06 -1.48982e-08
22010.6 -1.15389e-06 -2.6942e-09
22012.9 -1.10776e-06 -1.02581e-08
22015.1 -1.09039e-06 -4.30245e-08
22017.3 -1.07483e-06 -6.09369e-08
22019.5 -1.02784e-06 -5.02415e-08
22021.8 -9.69865e-07 -4.82468e-08
22024 -9.384e-07 -7.64282e-08
22026.2 -9.20595e-07 -1.0177e-07
22028.4 -8.76477e-07 -9.58759e-08
22030.7 -8.11049e-07 -8.59687e-08
22032.9 -7.65478e-07 -1.06139e-07
22035.1 -7.4314e-07 -1.36103e-07
22037.3 -7.03622e-07 -1.37437e-07
22039.6 -6.35596e-07 -1.22516e-07
22041.8 -5.77426e-07 -1.32426e-07
22044 -5.48306e-07 -1.63241e-07
22046.3 -5.13794e-07 -1.72902e-07
22048.5 -4.47908e-07 -1.56618e-07
22050.7 -3.80106e-07 -1.55574e-07
22052.9 -3.425e-07 -1.83097e-07
22055.2 -3.12163e-07 -2.00615e-07
22057.4 -2.52463e-07 -1.86742e-07
22059.6 -1.79184e-07 -1.75731e-07
22061.8 -1.32379e-07 -1.96133e-07
22064.1 -1.04433e-07 -2.19497e-07
22066.3 -5.38066e-08 -2.11267e-07
22068.5 2.00636e-08 -1.92808e-07
22070.7 7.54804e-08 -2.03217e-07
22073 1.03332e-07 -2.2918e-07
22075.2 1.43456e-07 -2.28704e-07
22077.4 2.1287e-07 -2.06426e-07
22079.6 2.74898e-07 -2.05436e-07
22081.9 3.04929e-07 -2.30039e-07
22084.1 3.34654e-07 -2.3791e-07
22086.3 3.95023e-07 -2.15938e-07
22088.6 4.60353e-07 -2.03862e-07
22090.8 4.94271e-07 -2.231e-07
22093 5.15073e-07 -2.38256e-07
22095.2 5.62832e-07 -2.20496e-07
22097.5 6.27174e-07 -1.99337e-07
22099.7 6.65666e-07 -2.0985e-07
22101.9 6.8002e-07 -2.29733e-07
22104.1 7.13064e-07 -2.1919e-07
22106.4 7.71652e-07 -1.92319e-07
22108.6 8.14087e-07 -1.91981e-07
22110.8 8.24942e-07 -2.12962e-07
22113 8.42853e-07 -2.11212e-07
22115.3 8.91062e-07 -1.82809e-07
22117.5 9.35426e-07 -1.71125e-07
22119.7 9.45602e-07 -1.8913e-07
22122 9.49634e-07 -1.96047e-07
22124.2 9.83623e-07 -1.70401e-07
22126.4 1.02669e-06 -1.4863e-07
22128.6 1.03831e-06 -1.59861e-07
22130.9 1.03113e-06 -1.73637e-07
22133.1 1.04839e-06 -1.54432e-07
22135.3 1.08616e-06 -1.25412e-07
22137.5 1.1002e-06 -1.27033e-07
22139.8 1.08541e-06 -1.44503e-07
22142 1.08515e-06 -1.34204e-07
22144.2 1.11339e-06 -1.01914e-07
22146.4 1.12943e-06 -9.25809e-08
22148.7 1.11095e-06 -1.09788e-07
22150.9 1.09426e-06 -1.09237e-07
22153.1 1.10919e-06 -7.8149e-08
22155.3 1.12543e-06 -5.82948e-08
22157.6 1.10683e-06 -7.1199e-08
22159.8 1.07649e-06 -7.94886e-08
22162 1.07545e-06 -5.38402e-08
22164.3 1.08898e-06 -2.5646e-08
22166.5 1.0729e-06 -3.08547e-08
22168.7 1.03301e-06 -4.55007e-08
22170.9 1.0149e-06 -2.85937e-08
22173.2 1.02218e-06 4.3384e-09
22175.4 1.00987e-06 8.9516e-09
22177.6 9.65225e-07 -8.43576e-09
22179.8 9.30826e-07 -2.08962e-09
22182.1 9.28318e-07 3.11358e-08
22184.3 9.19481e-07 4.60262e-08
22186.5 8.74827e-07 3.0004e-08
22188.7 8.26755e-07 2.57488e-08
22191 8.11619e-07 5.47112e-08
22193.2 8.04476e-07 7.85456e-08
22195.4 7.63813e-07 6.77597e-08
22197.6 7.06223e-07 5.46371e-08
22199.9 6.76894e-07 7.5423e-08
22202.1 6.68582e-07 1.05269e-07
22204.3 6.3456e-07 1.02665e-07
22206.6 5.72586e-07 8.38734e-08
22208.8 5.29196e-07 9.3862e-08
22211 5.16349e-07 1.25653e-07
22213.2 4.89926e-07 1.32712e-07
22215.5 4.2895e-07 1.12354e-07
22217.7 3.73479e-07 1.1065e-07
22219.9 3.52936e-07 1.39845e-07
22222.1 3.33322e-07 1.56296e-07
22224.4 2.78219e-07 1.38656e-07
22226.6 2.14338e-07 1.26227e-07
22228.8 1.83843e-07 1.48559e-07
22231 1.68763e-07 1.72385e-07
22233.3 1.23208e-07 1.61174e-07
22235.5 5.58454e-08 1.40681e-07
22237.7 1.46088e-08 1.52861e-07
22239.9 8.27731e-10 1.80606e-07
22242.2 -3.31861e-08 1.78305e-07
22244.4 -9.85075e-08 1.53639e-07
22246.6 -1.49486e-07 1.53911e-07
22248.9 -1.65462e-07 1.81243e-07
22251.1 -1.87834e-07 1.88655e-07
22253.3 -2.45772e-07 1.64271e-07
22255.5 -3.03687e-07 1.52713e-07
22257.8 -3.24861e-07 1.75147e-07
22260 -3.37275e-07 1.91238e-07
22262.2 -3.83435e-07 1.714e-07
22264.4 -4.43983e-07 1.49926e-07
22266.7 -4.72196e-07 1.63589e-07
22268.9 -4.77713e-07 1.85651e-07
22271.1 -5.09277e-07 1.73706e-07
22273.3 -5.67234e-07 1.45762e-07
22275.6 -6.02699e-07 1.48069e-07
22277.8 -6.0512e-07 1.7218e-07
22280 -6.21228e-07 1.69991e-07
22282.2 -6.71212e-07 1.39998e-07
22284.5 -7.12339e-07 1.30119e-07
22286.7 -7.15448e-07 1.51814e-07
22288.9 -7.17258e-07 1.59446e-07
22291.2 -7.54548e-07 1.32068e-07
22293.4 -7.98089e-07 1.11102e-07
22295.6 -8.04904e-07 1.26152e-07
22297.8 -7.95325e-07 1.4186e-07
22300.1 -8.16594e-07 1.21232e-07
22302.3 -8.58097e-07 9.20578e-08
22304.5 -8.70261e-07 9.72062e-08
22306.7 -8.53401e-07 1.17737e-07
22309 -8.57231e-07 1.0677e-07
22311.2 -8.91734e-07 7.35892e-08
22313.4 -9.09155e-07 6.71373e-08
22315.6 -8.8957e-07 8.82857e-08
22317.9 -8.76675e-07 8.8178e-08
22320.1 -8.99505e-07 5.58287e-08
22322.3 -9.2032e-07 3.79581e-08
22324.5 -9.022e-07 5.52954e-08
22326.8 -8.75295e-07 6.53307e-08
22329 -8.82867e-07 3.84888e-08
22331.2 -9.03727e-07 1.12702e-08
22333.5 -8.90165e-07 2.09182e-08
22335.7 -8.53519e-07 3.85923e-08
22337.9 -8.43964e-07 2.09969e-08
22340.1 -8.60611e-07 -1.19187e-08
22342.4 -8.53074e-07 -1.25936e-08
22344.6 -8.1181e-07 8.86242e-09
22346.8 -7.85345e-07 2.69527e-09
22349 -7.9338e-07 -3.12649e-08
22351.3 -7.91481e-07 -4.31598e-08
22353.5 -7.50743e-07 -2.24559e-08
22355.7 -7.09708e-07 -1.69291e-08
22357.9 -7.05403e-07 -4.70341e-08
22360.2 -7.07019e-07 -6.91075e-08
22362.4 -6.71152e-07 -5.35695e-08
22364.6 -6.19692e-07 -3.8035e-08
22366.8 -6.00725e-07 -5.9944e-08
22369.1 -6.02433e-07 -8.93458e-08
22371.3 -5.74312e-07 -8.24825e-08
22373.5 -5.17766e-07 -6.02829e-08
22375.8 -4.83728e-07 -7.09378e-08
22378 -4.81492e-07 -1.03456e-07
22380.2 -4.62113e-07 -1.07239e-07
22382.4 -4.06201e-07 -8.27972e-08
22384.7 -3.58791e-07 -8.09396e-08
22386.9 -3.48768e-07 -1.11689e-07
22389.1 -3.37186e-07 -1.26187e-07
22391.3 -2.87134e-07 -1.04243e-07
22393.6 -2.29994e-07 -9.06332e-08
22395.8 -2.09332e-07 -1.14876e-07
22398 -2.02932e-07 -1.38212e-07
22400.2 -1.62691e-07 -1.23009e-07
22402.5 -1.0091e-07 -1.00305e-07
22404.7 -6.83737e-08 -1.14255e-07
22406.9 -6.34587e-08 -1.42908e-07
22409.1 -3.51377e-08 -1.37453e-07
22411.4 2.5496e-08 -1.09769e-07
22413.6 6.91683e-08 -1.11241e-07
22415.8 7.66073e-08 -1.40626e-07
22418.1 9.29719e-08 -1.46166e-07
22420.3 1.46844e-07 -1.18377e-07
22422.5 1.98934e-07 -1.07172e-07
22424.7 2.12384e-07 -1.32415e-07
22427 2.18707e-07 -1.48204e-07
22429.2 2.61223e-07 -1.2512e-07
22431.4 3.17371e-07 -1.03073e-07
22433.6 3.39061e-07 -1.19834e-07
22435.9 3.38747e-07 -1.43245e-07
22438.1 3.67005e-07 -1.28788e-07
22440.3 4.21847e-07 -9.94714e-08
22442.5 4.52241e-07 -1.04694e-07
22444.8 4.49469e-07 -1.3165e-07
22447 4.62645e-07 -1.28181e-07
22449.2 5.1064e-07 -9.6317e-08
22451.4 5.48249e-07 -8.87614e-08
22453.7 5.47142e-07 -1.14422e-07
22455.9 5.46528e-07 -1.22332e-07
22458.1 5.82819e-07 -9.3004e-08
22460.4 6.24376e-07 -7.34866e-08
22462.6 6.28193e-07 -9.30794e-08
22464.8 6.1688e-07 -1.10713e-07
22467 6.38058e-07 -8.85159e-08
22469.3 6.7902e-07 -5.98027e-08
22471.5 6.89531e-07 -6.94511e-08
22473.7 6.71798e-07 -9.33892e-08
22475.9 6.76425e-07 -8.16568e-08
22478.2 7.11715e-07 -4.80277e-08
22480.4 7.2885e-07 -4.54413e-08
22482.6 7.09372e-07 -7.10851e-08
22484.8 6.98181e-07 -7.13305e-08
22487.1 7.23034e-07 -3.7884e-08
22489.3 7.44881e-07 -2.27848e-08
22491.5 7.27897e-07 -4.51525e-08
22493.7 7.03626e-07 -5.68126e-08
22496 7.144e-07 -2.86236e-08
22498.2 7.37544e-07 -2.83389e-09
22500.4 7.26118e-07 -1.74282e-08
22502.7 6.93024e-07 -3.79608e-08
22504.9 6.8782e-07 -1.92331e-08
22507.1 7.07953e-07 1.35968e-08
22509.3 7.03474e-07 9.99677e-09
22511.6 6.66597e-07 -1.53208e-08
22513.8 6.45593e-07 -8.67844e-09
22516 6.58291e-07 2.63023e-08
22518.2 6.60279e-07 3.50618e-08
22520.5 6.24604e-07 9.89195e-09
22522.7 5.90037e-07 3.85344e-09
22524.9 5.91566e-07 3.56669e-08
22527.1 5.97824e-07 5.60299e-08
22529.4 5.67468e-07 3.59361e-08
22531.6 5.23279e-07 1.87572e-08
22533.8 5.11282e-07 4.25484e-08
22536 5.18355e-07 7.17341e-08
22538.3 4.95941e-07 6.07841e-08
22540.5 4.47141e-07 3.58852e-08
22542.7 4.21095e-07 4.80857e-08
22545 4.24952e-07 8.17328e-08
22547.2 4.11258e-07 8.24162e-08
22549.4 3.63138e-07 5.45162e-08
22551.6 3.24495e-07 5.34542e-08
22553.9 3.21313e-07 8.63402e-08
22556.1 3.15257e-07 9.91136e-08
22558.3 2.72571e-07 7.34202e-08
22560.5 2.24577e-07 5.96107e-08
22562.8 2.11481e-07 8.65257e-08
22565 2.10431e-07 1.09702e-07
22567.2 1.76699e-07 9.1009e-08
22569.4 1.2391e-07 6.70719e-08
22571.7 9.95457e-08 8.36988e-08
22573.9 9.98969e-08 1.13706e-07
22576.1 7.69362e-08 1.05554e-07
22578.4 2.45309e-08 7.577e-08
22580.6 -1.06277e-08 7.94217e-08
22582.8 -1.27254e-08 1.11387e-07
22585 -2.49752e-08 1.15435e-07
22587.3 -7.19727e-08 8.50183e-08
22589.5 -1.15632e-07 7.51052e-08
22591.7 -1.23519e-07 1.03675e-07
22593.9 -1.26848e-07 1.19398e-07
22596.2 -1.64308e-07 9.36019e-08
22598.4 -2.12675e-07 7.1748e-08
22600.6 -2.28533e-07 9.20044e-08
22602.8 -2.26035e-07 1.16763e-07
22605.1 -2.51303e-07 9.99822e-08
22607.3 -2.99649e-07 6.97669e-08
22609.5 -3.24069e-07 7.80781e-08
22611.7 -3.19515e-07 1.07564e-07
22614 -3.31741e-07 1.02581e-07
22616.2 -3.75126e-07 6.89483e-08
22618.4 -4.06956e-07 6.36132e-08
22620.7 -4.04074e-07 9.25867e-08
22622.9 -4.0425e-07 1.00091e-07
22625.1 -4.38274e-07 6.85211e-08
22627.3 -4.74767e-07 5.00883e-08
22629.6 -4.76558e-07 7.32831e-08
22631.8 -4.67254e-07 9.17509e-08
22634 -4.88714e-07 6.73357e-08
22636.2 -5.25954e-07 3.85376e-08
22638.5 -5.34146e-07 5.15802e-08
22640.7 -5.19003e-07 7.75324e-08
22642.9 -5.26357e-07 6.41072e-08
22645.1 -5.59879e-07 2.94176e-08
22647.4 -5.74617e-07 2.95979e-08
22649.6 -5.57684e-07 5.81968e-08
22651.8 -5.51237e-07 5.76829e-08
22654 -5.76738e-07 2.2569e-08
22656.3 -5.96555e-07 9.32915e-09
22658.5 -5.81584e-07 3.52141e-08
22660.7 -5.63379e-07 4.72864e-08
22663 -5.77408e-07 1.72834e-08
22665.2 -5.99476e-07 -7.66163e-09
22667.4 -5.89289e-07 1.05589e-08
22669.6 -5.62733e-07 3.27007e-08
22671.9 -5.63237e-07 1.24702e-08
22674.1 -5.83854e-07 -2.04626e-08
22676.3 -5.79896e-07 -1.35772e-08
22678.5 -5.49177e-07 1.43623e-08
22680.8 -5.35823e-07 6.89788e-09
22683 -5.51049e-07 -2.8919e-08
22685.2 -5.5319e-07 -3.51046e-08
22687.4 -5.22592e-07 -6.64838e-09
22689.7 -4.96816e-07 -5.27918e-10
22691.9 -5.03152e-07 -3.35966e-08
22694.1 -5.09766e-07 -5.23298e-08
22696.3 -4.83002e-07 -2.87232e-08
22698.6 -4.47777e-07 -1.05059e-08
22700.8 -4.42769e-07 -3.56174e-08
22703 -4.51071e-07 -6.41803e-08
22705.3 -4.30729e-07 -4.99328e-08
22707.5 -3.90105e-07 -2.3148e-08
22709.7 -3.7278e-07 -3.64008e-08
22711.9 -3.79354e-07 -7.03283e-08
22714.2 -3.66554e-07 -6.82983e-08
22716.4 -3.25035e-07 -3.79008e-08
22718.6 -2.96097e-07 -3.73644e-08
22720.8 -2.97525e-07 -7.11985e-08
22723.1 -2.91825e-07 -8.20865e-08
22725.3 -2.537e-07 -5.35964e-08
22727.5 -2.15453e-07 -3.9641e-08
22729.7 -2.08944e-07 -6.78628e-08
22732 -2.08507e-07 -9.0081e-08
22734.2 -1.77227e-07 -6.86283e-08
22736.4 -1.33255e-07 -4.38608e-08
22738.6 -1.17161e-07 -6.18394e-08
22740.9 -1.19153e-07 -9.17792e-08
22743.1 -9.68597e-08 -8.12173e-08
22745.3 -5.15013e-08 -5.0034e-08
22747.6 -2.56473e-08 -5.48255e-08
22749.8 -2.67903e-08 -8.74788e-08
22752 -1.40686e-08 -8.97185e-08
22754.2 2.82186e-08 -5.75478e-08
22756.5 6.24455e-08 -4.84054e-08
22758.7 6.52564e-08 -7.82288e-08
22760.9 6.93707e-08 -9.29095e-08
22763.1 1.04654e-07 -6.52759e-08
22765.4 1.44474e-07 -4.37789e-08
22767.6 1.53587e-07 -6.56526e-08
22769.8 1.51349e-07 -9.02072e-08
22772 1.76774e-07 -7.17782e-08
22774.3 2.18407e-07 -4.15572e-08
22776.5 2.34967e-07 -5.16697e-08
22778.7 2.29464e-07 -8.17736e-08
22780.9 2.43626e-07 -7.55575e-08
22783.2 2.82847e-07 -4.16648e-08
22785.4 3.06558e-07 -3.81698e-08
22787.6 3.01125e-07 -6.84966e-08
22789.9 3.04205e-07 -7.53324e-08
22792.1 3.36972e-07 -4.33686e-08
22794.3 3.66108e-07 -2.66994e-08
22796.5 3.63724e-07 -5.18486e-08
22798.8 3.5738e-07 -7.02789e-08
22801 3.80425e-07 -4.54318e-08
22803.2 4.12076e-07 -1.82212e-08
22805.4 4.14843e-07 -3.36563e-08
22807.7 4.01867e-07 -6.02016e-08
22809.9 4.13168e-07 -4.63667e-08
22812.1 4.43692e-07 -1.29884e-08
22814.3 4.52478e-07 -1.58199e-08
22816.6 4.36297e-07 -4.56024e-08
22818.8 4.35346e-07 -4.47383e-08
22821 4.60934e-07 -1.05555e-08
22823.2 4.7523e-07 -3.23461e-11
22825.5 4.59327e-07 -2.76355e-08
22827.7 4.47165e-07 -3.94602e-08
22829.9 4.64437e-07 -9.9142e-09
22832.2 4.82449e-07 1.24562e-08
22834.4 4.69799e-07 -7.95188e-09
22836.6 4.48818e-07 -3.00266e-08
22838.8 4.55342e-07 -9.72387e-09
22841.1 4.74298e-07 2.09957e-08
22843.3 4.66908e-07 1.1539e-08
22845.5 4.40452e-07 -1.66373e-08
22847.7 4.35116e-07 -8.58946e-09
22850 4.51725e-07 2.55932e-08
22852.2 4.50348e-07 2.89549e-08
22854.4 4.22184e-07 -1.93445e-10
22856.6 4.05364e-07 -5.33534e-09
22858.9 4.16352e-07 2.68673e-08
22861.1 4.20405e-07 4.27234e-08
22863.3 3.94155e-07 1.78333e-08
22865.5 3.67656e-07 7.71579e-10
22867.8 3.70303e-07 2.59085e-08
22870 3.78003e-07 5.18167e-08
22872.2 3.56609e-07 3.56316e-08
22874.5 3.23397e-07 9.88286e-09
22876.7 3.15982e-07 2.40686e-08
22878.9 3.24675e-07 5.5895e-08
22881.1 3.09991e-07 5.13379e-08
22883.4 2.73763e-07 2.15319e-08
22885.6 2.55863e-07 2.27137e-08
22887.8 2.6248e-07 5.53354e-08
22890 2.55041e-07 6.33275e-08
22892 2.23655e-07 3.78599e-08
22894 1.95345e-07 2.1689e-08
22896 1.91499e-07 4.05472e-08
22898.1 1.96299e-07 6.74176e-08
22900.1 1.80667e-07 6.32565e-08
22902.1 1.46123e-07 3.56044e-08
22904.1 1.22451e-07 2.71011e-08
22906.1 1.22799e-07 5.13912e-08
22908.1 1.23942e-07 7.27627e-08
22910.1 1.0138e-07 5.99033e-08
22912.1 6.6276e-08 3.28586e-08
22914.1 4.85963e-08 3.27721e-08
22916.1 5.19558e-08 6.00823e-08
22918.1 4.82522e-08 7.40129e-08
22920.1 2.00955e-08 5.39e-08
22922.1 -1.29795e-08 3.01235e-08
22924.1 -2.39807e-08 3.83437e-08
22926.1 -1.91149e-08 6.59772e-08
22928.1 -2.83542e-08 7.1249e-08
22930.1 -6.02059e-08 4.59789e-08
22932.1 -8.88932e-08 2.7739e-08
22934.1 -9.32185e-08 4.33166e-08
22936.1 -8.84764e-08 6.85552e-08
22938.1 -1.03332e-07 6.47802e-08
22940.1 -1.36576e-07 3.68861e-08
22942.1 -1.58951e-07 2.58445e-08
22944.1 -1.57249e-07 4.70971e-08
22946.1 -1.54179e-07 6.74685e-08
22948.1 -1.74085e-07 5.51178e-08
22950.1 -2.06221e-07 2.7322e-08
22952.1 -2.20953e-07 2.43867e-08
22954.1 -2.14413e-07 4.90801e-08
22956.2 -2.14296e-07 6.2602e-08
22958.2 -2.38069e-07 4.29548e-08
22960.2 -2.6663e-07 1.79091e-08
22962.2 -2.73089e-07 2.31661e-08
22964.2 -2.63292e-07 4.87488e-08
22966.2 -2.66978e-07 5.41237e-08
22968.2 -2.92925e-07 2.91405e-08
22970.2 -3.15704e-07 9.17819e-09
22972.2 -3.13999e-07 2.19034e-08
22974.2 -3.02726e-07 4.57678e-08
22976.2 -3.10533e-07 4.25073e-08
22978.2 -3.36603e-07 1.46357e-08
22980.2 -3.51865e-07 1.55504e-09
22982.2 -3.42807e-07 2.03023e-08
22984.2 -3.31837e-07 4.00443e-08
22986.2 -3.43505e-07 2.85087e-08
22988.2 -3.67484e-07 4.41339e-10
22990.2 -3.74121e-07 -4.65988e-09
22992.2 -3.59124e-07 1.80936e-08
22994.2 -3.5004e-07 3.17445e-08
22996.2 -3.64739e-07 1.30958e-08
22998.2 -3.84471e-07 -1.24965e-08
23000.2 -3.82104e-07 -9.31885e-09
23002.2 -3.63025e-07 1.50584e-08
23004.2 -3.57036e-07 2.12692e-08
23006.2 -3.73452e-07 -2.65517e-09
23008.2 -3.87046e-07 -2.33847e-08
23010.2 -3.76055e-07 -1.24472e-08
23012.3 -3.54993e-07 1.10406e-08
23014.3 -3.52809e-07 9.20357e-09
23016.3 -3.69271e-07 -1.76727e-08
23018.3 -3.75297e-07 -3.16644e-08
23020.3 -3.56775e-07 -1.42424e-08
23022.3 -3.35858e-07 5.95989e-09
23024.3 -3.3762e-07 -3.74026e-09
23026.3 -3.52277e-07 -3.09889e-08
23028.3 -3.49913e-07 -3.70532e-08
23030.3 -3.25561e-07 -1.50399e-08
23032.3 -3.06734e-07 -1.66018e-10
23034.3 -3.12006e-07 -1.67758e-08
23036.3 -3.23027e-07 -4.18112e-08
23038.3 -3.12154e-07 -3.95444e-08
23040.3 -2.84118e-07 -1.52523e-08
23042.3 -2.68953e-07 -7.19514e-09
23044.3 -2.76783e-07 -2.90884e-08
23046.3 -2.82561e-07 -4.95635e-08
23048.3 -2.63791e-07 -3.93708e-08
23050.3 -2.34457e-07 -1.5294e-08
23052.3 -2.24015e-07 -1.48428e-08
23054.3 -2.33053e-07 -3.98816e-08
23056.3 -2.32385e-07 -5.39082e-08
23058.3 -2.0702e-07 -3.69486e-08
23060.3 -1.78791e-07 -1.5513e-08
23062.3 -1.73535e-07 -2.26859e-08
23064.3 -1.82189e-07 -4.84319e-08
23066.3 -1.74428e-07 -5.47565e-08
23068.3 -1.44347e-07 -3.28189e-08
23070.4 -1.19423e-07 -1.61456e-08
23072.4 -1.1919e-07 -3.01972e-08
23074.4 -1.25819e-07 -5.41529e-08
23076.4 -1.10958e-07 -5.22718e-08
23078.4 -7.8453e-08 -2.75945e-08
23080.4 -5.86314e-08 -1.72988e-08
23082.4 -6.26772e-08 -3.68036e-08
23084.4 -6.57805e-08 -5.66588e-08
23086.4 -4.44852e-08 -4.68609e-08
23088.4 -1.20534e-08 -2.1911e-08
23090.4 1.43063e-09 -1.89539e-08
23092.4 -5.67275e-09 -4.19555e-08
23094.4 -4.07008e-09 -5.58123e-08
23096.4 2.23618e-08 -3.9144e-08
23098.4 5.22433e-08 -1.63772e-08
23100.4 5.88113e-08 -2.09807e-08
23102.4 5.01987e-08 -4.51893e-08
23104.4 5.7216e-08 -5.17426e-08
23106.4 8.69571e-08 -2.9898e-08
23108.4 1.12053e-07 -1.15193e-08
23110.4 1.11814e-07 -2.31524e-08
23112.4 1.03381e-07 -4.61698e-08
23114.4 1.15948e-07 -4.4826e-08
23116.4 1.46795e-07 -1.99731e-08
23118.4 1.6531e-07 -7.72339e-09
23120.4 1.59022e-07 -2.51591e-08
23122.4 1.52396e-07 -4.47103e-08
23124.4 1.70031e-07 -3.56349e-08
23126.4 1.99601e-07 -1.01977e-08
23128.5 2.10333e-07 -5.18692e-09
23130.5 1.993e-07 -2.66268e-08
23132.5 1.95858e-07 -4.07773e-08
23134.5 2.17485e-07 -2.48691e-08
23136.5 2.43427e-07 -1.28858e-09
23138.5 2.45869e-07 -3.89404e-09
23140.5 2.31786e-07 -2.7148e-08
23142.5 2.32495e-07 -3.44887e-08
23144.5 2.5653e-07 -1.32867e-08
23146.5 2.76749e-07 6.21396e-09
23148.5 2.71119e-07 -3.62586e-09
23150.5 2.5589e-07 -2.63318e-08
23152.5 2.61188e-07 -2.61139e-08
23154.5 2.85685e-07 -1.64695e-09
23156.5 2.98535e-07 1.19765e-08
23158.5 2.8575e-07 -4.00687e-09
23160.5 2.71279e-07 -2.38673e-08
23162.5 2.81027e-07 -1.60759e-08
23164.5 3.03862e-07 9.33168e-09
23166.5 3.08308e-07 1.58682e-08
23168.5 2.89878e-07 -4.57865e-09
23170.5 2.77879e-07 -1.95899e-08
23172.5 2.91364e-07 -4.94604e-09
23174.5 3.10445e-07 1.90016e-08
23176.5 3.06161e-07 1.79337e-08
23178.5 2.84044e-07 -4.88239e-09
23180.5 2.7586e-07 -1.35323e-08
23182.5 2.91864e-07 6.57721e-09
23184.5 3.05337e-07 2.6815e-08
23186.6 2.9274e-07 1.83556e-08
23188.6 2.69139e-07 -4.53142e-09
23190.6 2.65611e-07 -5.94457e-09
23192.6 2.82531e-07 1.77146e-08
23194.6 2.88967e-07 3.23565e-08
23196.6 2.69177e-07 1.74205e-08
23198.6 2.46322e-07 -3.25907e-09
23200.6 2.47702e-07 2.72441e-09
23202.6 2.63713e-07 2.76774e-08
23204.6 2.62252e-07 3.53809e-08
23206.6 2.3698e-07 1.54929e-08
23208.6 2.16912e-07 -9.38236e-10
23210.6 2.22842e-07 1.18791e-08
23212.6 2.36082e-07 3.57532e-08
23214.6 2.26524e-07 3.58465e-08
23216.6 1.97915e-07 1.29917e-08
23218.6 1.82287e-07 2.42173e-09
23220.6 1.91843e-07 2.08507e-08
23222.6 2.00607e-07 4.13877e-08
23224.6 1.83443e-07 3.39314e-08
23226.6 1.5387e-07 1.03634e-08
23228.6 1.43797e-07 6.68932e-09
23230.6 1.55595e-07 2.8972e-08
23232.6 1.58518e-07 4.42448e-08
23234.6 1.34902e-07 3.00201e-08
23236.6 1.06748e-07 8.04234e-09
23238.6 1.02714e-07 1.16251e-08
23240.6 1.15064e-07 3.56393e-08
23242.7 1.11281e-07 4.42316e-08
23244.7 8.29306e-08 2.4657e-08
23246.7 5.83774e-08 6.39805e-09
23248.7 6.0211e-08 1.68923e-08
23250.7 7.13122e-08 4.03531e-08
23252.7 6.05647e-08 4.14865e-08
23254.7 2.96192e-08 1.84724e-08
23256.7 1.04559e-08 5.67919e-09
23258.7 1.73742e-08 2.20666e-08
23260.7 2.55151e-08 4.27417e-08
23262.7 8.20309e-09 3.63406e-08
23264.7 -2.29606e-08 1.20983e-08
23266.7 -3.54867e-08 5.96832e-09
23268.7 -2.47747e-08 2.66569e-08
23270.7 -2.10191e-08 4.25762e-08
23272.7 -4.3851e-08 2.92669e-08
23274.7 -7.28293e-08 6.09387e-09
23276.7 -7.81104e-08 7.16384e-09
23278.7 -6.52514e-08 3.01436e-08
23280.7 -6.68564e-08 3.97857e-08
23282.7 -9.36003e-08 2.08327e-08
23284.7 -1.18177e-07 8.94576e-10
23286.7 -1.16281e-07 8.99743e-09
23288.7 -1.03094e-07 3.20391e-08
23290.7 -1.1047e-07 3.44762e-08
23292.7 -1.39094e-07 1.16616e-08
23294.7 -1.57438e-07 -3.20773e-09
23296.7 -1.49084e-07 1.10838e-08
23298.7 -1.37362e-07 3.19579e-08
23300.8 -1.503e-07 2.69466e-08
23302.8 -1.78535e-07 2.40269e-09
23304.8 -1.89365e-07 -6.06102e-09
23306.8 -1.75834e-07 1.29899e-08
23308.8 -1.67157e-07 2.96852e-08
23310.8 -1.84837e-07 1.76898e-08
23312.8 -2.10385e-07 -6.30057e-09
23314.8 -2.1308e-07 -7.63706e-09
23316.8 -1.96077e-07 1.43035e-08
23318.8 -1.91644e-07 2.52206e-08
23320.8 -2.12707e-07 7.36699e-09
23322.8 -2.33457e-07 -1.3851e-08
23324.8 -2.28105e-07 -8.01515e-09
23326.8 -2.0958e-07 1.46877e-08
23328.8 -2.10086e-07 1.87883e-08
23330.8 -2.3276e-07 -3.247e-09
23332.8 -2.46985e-07 -1.9748e-08
23334.8 -2.34363e-07 -7.37091e-09
23336.8 -2.16309e-07 1.39114e-08
23338.8 -2.21871e-07 1.08113e-08
23340.8 -2.44139e-07 -1.33435e-08
23342.8 -2.50656e-07 -2.36411e-08
23344.8 -2.32144e-07 -5.96709e-09
23346.8 -2.16399e-07 1.18618e-08
23348.8 -2.26542e-07 1.85957e-09
23350.8 -2.46339e-07 -2.21675e-08
23352.8 -2.44618e-07 -2.53724e-08
23354.8 -2.22056e-07 -4.13815e-09
23356.8 -2.10123e-07 8.54379e-09
23358.9 -2.23828e-07 -7.41368e-09
23360.9 -2.39239e-07 -2.90949e-08
23362.9 -2.29452e-07 -2.49948e-08
23364.9 -2.04961e-07 -2.26111e-09
23366.9 -1.97861e-07 4.07789e-09
23368.9 -2.13674e-07 -1.6333e-08
23370.9 -2.23126e-07 -3.36875e-08
23372.9 -2.06128e-07 -2.27593e-08
23374.9 -1.81904e-07 -7.11174e-10
23376.9 -1.80089e-07 -1.30167e-09
23378.9 -1.96272e-07 -2.42525e-08
23380.9 -1.98691e-07 -3.57182e-08
23382.9 -1.75941e-07 -1.90739e-08
23384.9 -1.54051e-07 1.90387e-10
23386.9 -1.57374e-07 -7.25245e-09
23388.9 -1.72084e-07 -3.05982e-08
23390.9 -1.67008e-07 -3.51721e-08
23392.9 -1.40433e-07 -1.44453e-08
23394.9 -1.22623e-07 2.2417e-10
23396.9 -1.3037e-07 -1.33399e-08
23398.9 -1.41858e-07 -3.49056e-08
23400.9 -1.29489e-07 -3.22317e-08
23402.9 -1.01303e-07 -9.41742e-09
23404.9 -8.88476e-08 -6.9645e-10
23406.9 -9.9824e-08 -1.90701e-08
23408.9 -1.06615e-07 -3.68558e-08
23410.9 -8.78092e-08 -2.72533e-08
23412.9 -6.03113e-08 -4.51718e-09
23414.9 -5.39067e-08 -2.51844e-09
23417 -6.65761e-08 -2.39394e-08
23419 -6.7627e-08 -3.63086e-08
23421 -4.38168e-08 -2.0738e-08
23423 -1.91801e-08 -2.12978e-10
23425 -1.88981e-08 -5.06436e-09
23427 -3.15503e-08 -2.74916e-08
23429 -2.63626e-08 -3.33252e-08
23431 1.56204e-09 -1.24523e-08
23433.1 2.0921e-08 3.28586e-09
23435.2 1.37357e-08 -1.04027e-08
23437.3 4.1349e-09 -3.10372e-08
23439.3 1.99173e-08 -2.51077e-08
23441.4 4.83844e-08 -1.28082e-09
23443.5 5.659e-08 3.40683e-09
23445.5 4.36884e-08 -1.76305e-08
23447.6 4.21749e-08 -3.01147e-08
23449.7 6.6183e-08 -1.33666e-08
23451.8 8.90763e-08 6.88459e-09
23453.8 8.58377e-08 -6.02801e-10
23455.9 7.27717e-08 -2.29887e-08
23458 8.14845e-08 -2.37897e-08
23460 1.08641e-07 -8.21441e-10
23462.1 1.21348e-07 1.03756e-08
23464.2 1.0945e-07 -7.00523e-09
23466.3 1.0158e-07 -2.43851e-08
23468.3 1.19562e-07 -1.32217e-08
23470.4 1.43771e-07 9.68378e-09
23472.5 1.44406e-07 8.9109e-09
23474.5 1.28827e-07 -1.3335e-08
23476.6 1.29746e-07 -2.07725e-08
23478.7 1.53195e-07 -6.77451e-10
23480.8 1.69026e-07 1.59487e-08
23482.8 1.58882e-07 3.64196e-09
23484.9 1.45303e-07 -1.71136e-08
23487 1.55795e-07 -1.2459e-08
23489 1.79134e-07 1.10782e-08
23491.1 1.83306e-07 1.69961e-08
23493.2 1.66406e-07 -3.20532e-09
23495.3 1.59559e-07 -1.65689e-08
23497.3 1.7738e-07 -1.04574e-09
23499.4 1.94824e-07 1.95215e-08
23501.5 1.87083e-07 1.33016e-08
23503.6 1.6898e-07 -8.99134e-09
23505.6 1.71292e-07 -1.11598e-08
23507.7 1.91824e-07 1.099e-08
23509.8 1.99011e-07 2.30328e-08
23511.8 1.82145e-07 6.6151e-09
23513.9 1.68308e-07 -1.14362e-08
23516 1.79235e-07 -1.75439e-09
23518.1 1.96824e-07 2.09529e-08
23520.1 1.92027e-07 2.13055e-08
23522.2 1.71026e-07 -5.68033e-10
23524.3 1.65291e-07 -9.2837e-09
23526.3 1.81521e-07 9.58913e-09
23528.4 1.91102e-07 2.66522e-08
23530.5 1.75687e-07 1.53966e-08
23532.6 1.56302e-07 -5.72971e-09
23534.6 1.59817e-07 -2.66491e-09
23536.7 1.76261e-07 2.01842e-08
23538.8 1.74805e-07 2.699e-08
23540.8 1.52813e-07 7.40875e-09
23542.9 1.39932e-07 -7.04104e-09
23545 1.50894e-07 6.93809e-09
23547.1 1.62186e-07 2.746e-08
23549.1 1.49556e-07 2.22549e-08
23551.2 1.26544e-07 -1.03465e-10
23553.3 1.2284e-07 -3.86651e-09
23555.3 1.37081e-07 1.71152e-08
23557.4 1.39147e-07 2.96781e-08
23559.5 1.1813e-07 1.40354e-08
23561.6 9.95949e-08 -4.8433e-09
23563.6 1.04841e-07 3.07235e-09
23565.7 1.17101e-07 2.52099e-08
23567.8 1.08339e-07 2.64144e-08
23569.8 8.38442e-08 4.77292e-09
23571.9 7.37068e-08 -5.40421e-09
23574 8.49319e-08 1.19113e-08
23576.1 9.04204e-08 2.90627e-08
23578.1 7.21698e-08 1.86699e-08
23580.2 4.98487e-08 -2.92206e-09
23582.3 4.94094e-08 -1.65489e-09
23584.3 6.18466e-08 2.01691e-08
23586.4 5.76621e-08 2.76058e-08
23588.5 3.38275e-08 8.57768e-09
23590.6 1.84987e-08 -7.00204e-09
23592.6 2.61662e-08 5.2293e-09
23594.7 3.47026e-08 2.54373e-08
23596.8 2.0687e-08 2.11464e-08
23598.8 -3.36311e-09 -1.20463e-09
23600.9 -9.01882e-09 -6.55291e-09
23603 2.83416e-09 1.30988e-08
23605.1 3.53953e-09 2.6046e-08
23607.1 -1.76628e-08 1.12675e-08
23609.2 -3.66003e-08 -8.2401e-09
23611.3 -3.27153e-08 -2.03939e-09
23613.3 -2.1707e-08 1.94377e-08
23615.4 -3.04158e-08 2.15265e-08
23617.5 -5.41066e-08 3.82722e-10
23619.6 -6.41151e-08 -1.0981e-08
23621.6 -5.34944e-08 4.84615e-09
23623.7 -4.79529e-08 2.20803e-08
23625.8 -6.48423e-08 1.27474e-08
23627.8 -8.55997e-08 -8.92462e-09
23629.9 -8.5394e-08 -9.17234e-09
23632 -7.26133e-08 1.16874e-08
23634.1 -7.53805e-08 1.98356e-08
23636.1 -9.67526e-08 1.68773e-09
23638.2 -1.09955e-07 -1.45948e-08
23640.3 -1.01062e-07 -3.88282e-09
23642.3 -9.1076e-08 1.60541e-08
23644.4 -1.0238e-07 1.28419e-08
23646.5 -1.23135e-07 -9.09239e-09
23648.6 -1.26237e-07 -1.56288e-08
23650.6 -1.12469e-07 2.83708e-09
23652.7 -1.09139e-07 1.62113e-08
23654.8 -1.26534e-07 2.54928e-09
23656.8 -1.41628e-07 -1.71388e-08
23658.9 -1.34825e-07 -1.23271e-08
23661 -1.21112e-07 8.56467e-09
23663.1 -1.26075e-07 1.16257e-08
23665.1 -1.45159e-07 -8.67046e-09
23667.2 -1.51029e-07 -2.07615e-08
23669.3 -1.37135e-07 -6.1699e-09
23671.3 -1.28051e-07 1.1207e-08
23673.4 -1.4026e-07 3.12459e-09
23675.5 -1.55958e-07 -1.81731e-08
23677.6 -1.51513e-07 -1.94803e-08
23679.7 -1.34653e-07 1.31894e-09
23681.8 -1.34247e-07 9.16869e-09
23684 -1.51255e-07 -9.70396e-09
23686.1 -1.56919e-07 -2.41375e-08
23688.3 -1.4128e-07 -1.04488e-08
23690.4 -1.29899e-07 7.8017e-09
23692.6 -1.40712e-07 -5.36177e-10
23694.7 -1.53845e-07 -2.18662e-08
23696.8 -1.45196e-07 -2.07573e-08
23699 -1.27051e-07 5.06656e-10
23701.1 -1.27297e-07 5.82652e-09
23703.3 -1.4241e-07 -1.40166e-08
23705.4 -1.43477e-07 -2.59201e-08
23707.6 -1.2498e-07 -1.01361e-08
23709.7 -1.14041e-07 6.57758e-09
23711.8 -1.24658e-07 -4.01606e-09
23714 -1.34155e-07 -2.41961e-08
23716.1 -1.21485e-07 -2.01291e-08
23718.3 -1.02705e-07 1.26687e-09
23720.4 -1.03847e-07 4.01022e-09
23722.5 -1.17034e-07 -1.64492e-08
23724.7 -1.13838e-07 -2.56376e-08
23726.8 -9.3244e-08 -8.03694e-09
23729 -8.33209e-08 6.87423e-09
23731.1 -9.38692e-08 -5.78251e-09
23733.3 -9.99432e-08 -2.44965e-08
23735.4 -8.39757e-08 -1.75818e-08
23737.5 -6.53943e-08 3.57064e-09
23739.7 -6.78242e-08 3.69793e-09
23741.8 -7.92648e-08 -1.70525e-08
23744 -7.23875e-08 -2.34268e-08
23746.1 -5.0649e-08 -4.35165e-09
23748.2 -4.24367e-08 8.4974e-09
23750.4 -5.31858e-08 -6.01934e-09
23752.5 -5.6256e-08 -2.3005e-08
23754.7 -3.79046e-08 -1.34288e-08
23756.8 -2.04625e-08 7.08976e-09
23759 -2.46542e-08 4.5911e-09
23761.1 -3.46642e-08 -1.61398e-08
23763.2 -2.48555e-08 -1.96735e-08
23765.4 -3.029e-09 4.88389e-10
23767.5 2.74463e-09 1.10371e-08
23769.7 -8.53248e-09 -5.12006e-09
23771.8 -9.13431e-09 -2.01678e-08
23774 1.05945e-08 -8.18699e-09
23776.1 2.59501e-08 1.12986e-08
23778.2 1.954e-08 6.19302e-09
23780.4 1.06023e-08 -1.42296e-08
23782.5 2.2528e-08 -1.49727e-08
23784.7 4.3393e-08 5.8436e-09
23786.8 4.60695e-08 1.38739e-08
23788.9 3.3976e-08 -3.69425e-09
23791.1 3.52915e-08 -1.66516e-08
23793.2 5.54075e-08 -2.59024e-09
23795.4 6.78257e-08 1.54619e-08
23797.5 5.88485e-08 7.80071e-09
23799.7 5.06723e-08 -1.2043e-08
23801.8 6.39339e-08 -1.01086e-08
23803.9 8.28906e-08 1.09072e-08
23806.1 8.19648e-08 1.62425e-08
23808.2 6.88799e-08 -2.47942e-09
23810.4 7.16261e-08 -1.32262e-08
23812.5 9.12391e-08 2.56136e-09
23814.7 1.00042e-07 1.88174e-08
23816.8 8.83192e-08 8.71771e-09
23818.9 8.07025e-08 -1.02611e-08
23821.1 9.46219e-08 -5.78246e-09
23823.2 1.10896e-07 1.50051e-08
23825.4 1.06073e-07 1.75529e-08
23827.5 9.19837e-08 -2.00307e-09
23829.6 9.57937e-08 -1.04139e-08
23831.8 1.14178e-07 6.75991e-09
23833.9 1.18918e-07 2.09357e-08
23836.1 1.04486e-07 8.60737e-09
23838.2 9.73831e-08 -9.18516e-09
23840.4 1.11443e-07 -2.29081e-09
23842.5 1.24492e-07 1.78927e-08
23844.6 1.15735e-07 1.76561e-08
23846.8 1.00834e-07 -2.355e-09
23848.9 1.05512e-07 -8.30409e-09
23851.1 1.22165e-07 9.93003e-09
23853.2 1.22674e-07 2.18121e-08
23855.4 1.05827e-07 7.53266e-09
23857.5 9.93858e-08 -8.74945e-09
23859.6 1.13277e-07 4.09445e-10
23861.8 1.22839e-07 1.96392e-08
23863.9 1.10401e-07 1.66794e-08
23866.1 9.51089e-08 -3.39745e-09
23868.2 1.00656e-07 -6.80354e-09
23870.3 1.15327e-07 1.21425e-08
23872.5 1.11736e-07 2.15501e-08
23874.6 9.30216e-08 5.61786e-09
23876.8 8.75848e-08 -8.87354e-09
23878.9 1.01208e-07 2.34183e-09
23881.1 1.07287e-07 2.02684e-08
23883.2 9.16888e-08 1.46753e-08
23885.3 7.66168e-08 -5.09851e-09
23887.5 8.31969e-08 -5.94523e-09
23889.6 9.58454e-08 1.33368e-08
23891.8 8.85294e-08 2.01198e-08
23894 6.81209e-08 2.08141e-09
23896.2 6.53469e-08 -9.51858e-09
23898.4 7.94611e-08 5.7124e-09
23900.6 7.93071e-08 2.02935e-08
23902.9 5.90248e-08 7.93909e-09
23905.1 4.86144e-08 -9.60173e-09
23907.3 6.03373e-08 -1.40176e-09
23909.5 6.67335e-08 1.75112e-08
23911.7 4.96848e-08 1.30341e-08
23914 3.28838e-08 -7.19267e-09
23916.2 3.95448e-08 -7.49026e-09
23918.4 5.08579e-08 1.22111e-08
23920.6 3.95572e-08 1.63264e-08
23922.8 1.87184e-08 -2.88042e-09
23925 1.84761e-08 -1.15678e-08
23927.3 3.21379e-08 5.27317e-09
23929.5 2.80698e-08 1.71086e-08
23931.7 6.26557e-09 2.39131e-09
23933.9 -1.53717e-09 -1.30477e-08
23936.1 1.14327e-08 -2.15087e-09
23938.4 1.47931e-08 1.51287e-08
23940.6 -4.70393e-09 7.50347e-09
23942.8 -1.93899e-08 -1.18419e-08
23945 -1.00732e-08 -8.85434e-09
23947.2 -4.13219e-10 1.06272e-08
23949.5 -1.46918e-08 1.137e-08
23951.7 -3.43335e-08 -8.36502e-09
23953.9 -3.1007e-08 -1.37934e-08
23956.1 -1.7303e-08 4.28622e-09
23958.3 -2.43219e-08 1.31373e-08
23960.6 -4.6049e-08 -3.44509e-09
23962.8 -4.99829e-08 -1.62673e-08
23965 -3.52185e-08 -2.89715e-09
23967.2 -3.41701e-08 1.23394e-08
23969.4 -5.46517e-08 1.84087e-09
23971.6 -6.57895e-08 -1.6029e-08
23973.9 -5.31421e-08 -9.78682e-09
23976.1 -4.46063e-08 8.98223e-09
23978.3 -6.06257e-08 6.37254e-09
23980.5 -7.75565e-08 -1.33118e-08
23982.7 -6.98191e-08 -1.53038e-08
23985 -5.56746e-08 3.54294e-09
23987.2 -6.46977e-08 9.19475e-09
23989.4 -8.4872e-08 -8.77184e-09
23991.6 -8.3932e-08 -1.86083e-08
23993.8 -6.70343e-08 -3.11458e-09
23996.1 -6.76711e-08 9.6906e-09
23998.3 -8.78275e-08 -3.35906e-09
24000.5 -9.42978e-08 -1.92396e-08
24002.7 -7.79759e-08 -9.89286e-09
24004.9 -7.02488e-08 7.69007e-09
24007.2 -8.69809e-08 1.857e-09
24009.4 -1.00054e-07 -1.71896e-08
24011.6 -8.75098e-08 -1.56551e-08
24013.8 -7.2875e-08 3.49646e-09
24016 -8.32423e-08 5.87781e-09
24018.2 -1.00799e-07 -1.29005e-08
24020.5 -9.45185e-08 -1.94262e-08
24022.7 -7.56295e-08 -2.17144e-09
24024.9 -7.77008e-08 7.95063e-09
24027.1 -9.6666e-08 -7.18393e-09
24029.3 -9.79444e-08 -2.05647e-08
24031.6 -7.81933e-08 -8.30974e-09
24033.8 -7.14235e-08 7.69928e-09
24036 -8.83062e-08 -1.07705e-09
24038.2 -9.69851e-08 -1.88755e-08
24040.4 -7.98983e-08 -1.38086e-08
24042.7 -6.5263e-08 5.18927e-09
24044.9 -7.67917e-08 4.34204e-09
24047.1 -9.12575e-08 -1.46436e-08
24049.3 -7.98539e-08 -1.76487e-08
24051.5 -5.97096e-08 9.1629e-10
24053.8 -6.34471e-08 8.14669e-09
24056 -8.09009e-08 -8.58154e-09
24058.2 -7.71295e-08 -1.90817e-08
24060.4 -5.48174e-08 -4.28069e-09
24062.6 -4.96384e-08 9.72818e-09
24064.8 -6.65969e-08 -1.70228e-09
24067.1 -7.09597e-08 -1.77637e-08
24069.3 -5.02185e-08 -9.36842e-09
24071.5 -3.6559e-08 8.90563e-09
24073.7 -4.94957e-08 4.86181e-09
24075.9 -6.09337e-08 -1.3818e-08
24078.2 -4.52242e-08 -1.33056e-08
24080.4 -2.50463e-08 5.95783e-09
24082.6 -3.10603e-08 1.00598e-08
24084.8 -4.71294e-08 -7.81819e-09
24087 -3.89959e-08 -1.52347e-08
24089.3 -1.5468e-08 1.56987e-09
24091.5 -1.28518e-08 1.31076e-08
24093.7 -3.01633e-08 -6.91107e-10
24095.9 -3.07534e-08 -1.4644e-08
24098.1 -7.69598e-09 -3.29695e-09
24100.4 3.70686e-09 1.36228e-08
24102.6 -1.11433e-08 6.44245e-09
24104.8 -1.99792e-08 -1.14699e-08
24107 -1.17719e-09 -7.58802e-09
24109.2 1.75439e-08 1.16863e-08
24111.4 8.47165e-09 1.24622e-08
24113.7 -6.58071e-09 -6.11813e-09
24115.9 4.91214e-09 -1.03563e-08
24118.1 2.80891e-08 7.81916e-09
24120.3 2.70808e-08 1.64437e-08
24122.5 9.02589e-09 6.02061e-10
24124.8 1.14579e-08 -1.09425e-08
24127 3.53326e-08 2.87946e-09
24129.2 4.31832e-08 1.78196e-08
24131.4 2.5927e-08 7.61927e-09
24133.6 1.9185e-08 -9.10036e-09
24135.9 3.97798e-08 -2.09897e-09
24138.1 5.56061e-08 1.64776e-08
24140.3 4.28209e-08 1.37915e-08
24142.5 2.84643e-08 -5.043e-09
24144.7 4.2312e-08 -6.09755e-09
24147 6.36803e-08 1.27763e-08
24149.2 5.82067e-08 1.81114e-08
24151.4 3.91893e-08 5.95734e-10
24153.6 4.39798e-08 -8.29806e-09
24155.8 6.73285e-08 7.47841e-09
24158 7.06211e-08 1.98866e-08
24160.3 5.07484e-08 6.87664e-09
24162.5 4.57698e-08 -8.23e-09
24164.7 6.70525e-08 1.61033e-09
24166.9 7.88796e-08 1.88616e-08
24169.1 6.21007e-08 1.27238e-08
24171.4 4.83887e-08 -5.85504e-09
24173.6 6.38201e-08 -3.72457e-09
24175.8 8.22787e-08 1.52601e-08
24178 7.19436e-08 1.71153e-08
24180.2 5.21079e-08 -1.57512e-09
24182.5 5.88731e-08 -7.5462e-09
24184.7 8.07199e-08 9.74031e-09
24186.9 7.89416e-08 1.92622e-08
24189.1 5.6696e-08 3.83705e-09
24191.3 5.34903e-08 -9.17531e-09
24193.5 7.47315e-08 3.27454e-09
24195.8 8.19732e-08 1.87465e-08
24198 6.14542e-08 9.37357e-09
24200.2 4.87485e-08 -8.35619e-09
24202.4 6.538e-08 -3.02532e-09
24204.6 8.03489e-08 1.55948e-08
24206.9 6.53478e-08 1.39703e-08
24209.1 4.53251e-08 -5.30214e-09
24211.3 5.40866e-08 -8.10363e-09
24213.5 7.39575e-08 1.02771e-08
24215.7 6.72088e-08 1.66993e-08
24218 4.338e-08 -6.55095e-10
24220.2 4.238e-08 -1.11443e-08
24222.4 6.33122e-08 3.63101e-09
24224.6 6.5973e-08 1.69408e-08
24226.8 4.25401e-08 4.63293e-09
24229.1 3.16327e-08 -1.17105e-08
24231.3 4.94844e-08 -3.27785e-09
24233.5 6.09061e-08 1.45038e-08
24235.7 4.19889e-08 9.47552e-09
24237.9 2.28291e-08 -9.81717e-09
24240.1 3.39388e-08 -9.3357e-09
24242.4 5.17765e-08 9.67238e-09
24244.6 4.06477e-08 1.28521e-08
24246.8 1.64096e-08 -5.92673e-09
24249 1.82972e-08 -1.35732e-08
24251.2 3.89405e-08 3.16581e-09
24253.5 3.7413e-08 1.39974e-08
24255.7 1.22218e-08 -8.66321e-10
24257.9 4.07673e-09 -1.53376e-08
24260.1 2.3323e-08 -3.98142e-09
24262.3 3.14049e-08 1.25454e-08
24264.6 9.58444e-09 4.31781e-09
24266.8 -7.55315e-09 -1.44139e-08
24269 6.29434e-09 -1.06008e-08
24271.2 2.21794e-08 8.60285e-09
24273.4 7.45551e-09 8.54686e-09
24275.7 -1.59477e-08 -1.10708e-08
24277.9 -1.05361e-08 -1.55999e-08
24280.1 9.86223e-09 2.7379e-09
24282.3 4.66842e-09 1.09055e-08
24284.5 -2.10689e-08 -6.02076e-09
24286.7 -2.55746e-08 -1.81627e-08
24289 -4.82433e-09 -4.114e-09
24291.2 1.93676e-10 1.08145e-08
24293.4 -2.3456e-08 -2.9536e-10
24295.6 -3.74997e-08 -1.79031e-08
24297.8 -2.06482e-08 -1.08124e-08
24300.1 -6.62548e-09 8.14732e-09
24302.3 -2.40915e-08 4.94221e-09
24304.5 -4.5475e-08 -1.49409e-08
24306.7 -3.60556e-08 -1.62142e-08
24308.9 -1.59083e-08 3.26835e-09
24311.2 -2.41852e-08 8.61605e-09
24313.4 -4.92781e-08 -9.88421e-09
24315.6 -4.94261e-08 -1.93815e-08
24317.8 -2.71751e-08 -3.01946e-09
24320 -2.49179e-08 9.9462e-09
24322.3 -4.9319e-08 -3.72109e-09
24324.5 -5.93489e-08 -1.97564e-08
24326.7 -3.94031e-08 -9.61163e-09
24328.9 -2.71908e-08 8.60579e-09
24331.1 -4.65446e-08 2.36316e-09
24333.3 -6.48671e-08 -1.72711e-08
24335.6 -5.11901e-08 -1.53018e-08
24337.8 -3.14296e-08 4.79443e-09
24340 -4.22433e-08 7.20824e-09
24342.2 -6.56438e-08 -1.2369e-08
24344.4 -6.09973e-08 -1.90082e-08
24346.7 -3.74804e-08 -7.89814e-10
24348.9 -3.77879e-08 9.89967e-09
24351.1 -6.20164e-08 -5.93067e-09
24353.3 -6.74257e-08 -1.99841e-08
24355.5 -4.46215e-08 -7.07654e-09
24357.8 -3.43637e-08 9.94578e-09
24360 -5.49284e-08 8.84616e-10
24362.2 -6.94746e-08 -1.79687e-08
24364.4 -5.1688e-08 -1.28249e-08
24366.6 -3.27366e-08 7.37584e-09
24368.9 -4.57509e-08 6.85435e-09
24371.1 -6.67319e-08 -1.32475e-08
24373.3 -5.72901e-08 -1.68627e-08
24375.5 -3.31057e-08 2.73902e-09
24377.7 -3.60269e-08 1.09243e-08
24379.9 -5.94602e-08 -6.60706e-09
24382.2 -6.00807e-08 -1.83149e-08
24384.4 -3.50703e-08 -2.99727e-09
24386.6 -2.71896e-08 1.24119e-08
24388.8 -4.85617e-08 8.08747e-10
24391 -5.90253e-08 -1.6778e-08
24393.3 -3.77179e-08 -8.63135e-09
24395.5 -2.03056e-08 1.11397e-08
24397.7 -3.54273e-08 7.71498e-09
24399.9 -5.36179e-08 -1.24036e-08
24402.1 -3.98164e-08 -1.2959e-08
24404.4 -1.58946e-08 7.4725e-09
24406.6 -2.16976e-08 1.29308e-08
24408.8 -4.40031e-08 -5.87477e-09
24411 -4.00726e-08 -1.50078e-08
24413.2 -1.38561e-08 2.24774e-09
24415.5 -8.9811e-09 1.56056e-08
24417.7 -3.09787e-08 1.72001e-09
24419.9 -3.74068e-08 -1.42298e-08
24422.1 -1.35194e-08 -3.38775e-09
24424.3 1.41862e-09 1.53807e-08
24426.5 -1.58774e-08 9.09118e-09
24428.8 -3.11895e-08 -1.06125e-08
24431 -1.38026e-08 -8.20305e-09
24433.2 8.71563e-09 1.24536e-08
24435.4 -3.48352e-10 1.49905e-08
24437.6 -2.13937e-08 -4.68897e-09
24439.9 -1.34521e-08 -1.11266e-08
24442.1 1.27546e-08 7.53433e-09
24444.3 1.39192e-08 1.84442e-08
24446.5 -8.6342e-09 2.55822e-09
24448.7 -1.13137e-08 -1.14594e-08
24451 1.40036e-08 1.70155e-09
24453.2 2.54793e-08 1.8933e-08
24455.4 5.91529e-09 9.8787e-09
24457.6 -6.58435e-09 -9.01518e-09
24459.8 1.34298e-08 -3.81157e-09
24462 3.33656e-08 1.64849e-08
24464.3 2.07104e-08 1.59888e-08
24466.5 1.00451e-09 -4.16104e-09
24468.7 1.22819e-08 -7.85863e-09
24470.9 3.72375e-08 1.16641e-08
24473.1 3.40947e-08 1.98136e-08
24475.4 1.11071e-08 2.25096e-09
24477.6 1.18229e-08 -9.6023e-09
24479.8 3.74095e-08 5.45967e-09
24482 4.45804e-08 2.06902e-08
24484.2 2.28025e-08 9.0469e-09
24486.5 1.30663e-08 -8.67442e-09
24488.7 3.47603e-08 -9.05823e-10
24490.9 5.10981e-08 1.84937e-08
24493.1 3.47452e-08 1.49569e-08
24495.3 1.65641e-08 -5.24424e-09
24497.6 3.05426e-08 -6.20976e-09
24499.8 5.31712e-08 1.36595e-08
24502 4.53986e-08 1.88593e-08
24504.2 2.22902e-08 1.69649e-11
24506.4 2.61296e-08 -9.46252e-09
24508.6 5.09832e-08 7.09883e-09
24510.9 5.33075e-08 1.99955e-08
24513.1 2.96383e-08 6.0673e-09
24515.3 2.27497e-08 -1.00948e-08
24517.5 4.53282e-08 2.31027e-11
24519.7 5.73574e-08 1.81132e-08
24522 3.75322e-08 1.16953e-08
24524.2 2.12569e-08 -8.06435e-09
24526.4 3.74554e-08 -6.28939e-09
24528.6 5.69748e-08 1.35121e-08
24530.8 4.46285e-08 1.57524e-08
24533.1 2.19787e-08 -3.86035e-09
24535.3 2.88382e-08 -1.07373e-08
24537.5 5.22291e-08 6.9839e-09
24539.7 4.95684e-08 1.73728e-08
24541.9 2.46668e-08 1.59406e-09
24544.2 2.09088e-08 -1.26036e-08
24546.4 4.38215e-08 -3.39362e-10
24548.6 5.1234e-08 1.61392e-08
24550.8 2.85568e-08 7.12408e-09
24553 1.4808e-08 -1.1686e-08
24555.2 3.29619e-08 -7.1995e-09
24557.5 4.89602e-08 1.21643e-08
24559.7 3.25236e-08 1.15341e-08
24561.9 1.1194e-08 -8.32599e-09
24564.1 2.1159e-08 -1.24463e-08
24566.3 4.26658e-08 6.07221e-09
24568.6 3.53029e-08 1.38428e-08
24570.8 1.01418e-08 -3.33308e-09
24573 9.96083e-09 -1.52484e-08
24575.2 3.28805e-08 -1.11619e-09
24577.4 3.57381e-08 1.34758e-08
24579.7 1.11529e-08 2.18046e-09
24581.9 6.94281e-10 -1.52424e-08
24584.1 2.06649e-08 -8.17398e-09
24586.3 3.30091e-08 1.03795e-08
24588.5 1.32691e-08 7.01987e-09
24590.8 -5.75156e-09 -1.25931e-08
24593 7.43888e-09 -1.38981e-08
24595.2 2.68015e-08 5.03163e-09
24597.4 1.52719e-08 1.01406e-08
24599.6 -9.05916e-09 -7.95434e-09
24601.8 -5.25195e-09 -1.7336e-08
24604.1 1.73856e-08 -1.65063e-09
24606.3 1.59287e-08 1.08489e-08
24608.5 -9.51173e-09 -2.33937e-09
24610.7 -1.59892e-08 -1.79646e-08
24612.9 5.59181e-09 -8.48894e-09
24615.2 1.42412e-08 8.93224e-09
24617.4 -7.91367e-09 3.07679e-09
24619.6 -2.37108e-08 -1.57865e-08
24621.8 -7.31501e-09 -1.42713e-08
24624 9.65015e-09 4.69655e-09
24626.3 -5.41866e-09 7.18396e-09
24628.5 -2.78768e-08 -1.13249e-08
24630.7 -1.98407e-08 -1.79842e-08
24632.9 2.15912e-09 -1.09696e-09
24635.1 -3.29739e-09 9.15025e-09
24637.4 -2.85426e-08 -5.51605e-09
24639.6 -3.05098e-08 -1.90034e-08
24641.8 -7.64664e-09 -7.38075e-09
24644 -2.6876e-09 8.58058e-09
24646.2 -2.63274e-08 4.76587e-10
24648.4 -3.81124e-08 -1.7207e-08
24650.7 -1.86888e-08 -1.2987e-08
24652.9 -4.37197e-09 5.58973e-09
24655.1 -2.22849e-08 5.49156e-09
24657.3 -4.19056e-08 -1.29896e-08
24659.5 -2.9576e-08 -1.68703e-08
24661.8 -8.6235e-09 7.75791e-10
24664 -1.7699e-08 8.59408e-09
24666.2 -4.17335e-08 -7.17728e-09
24668.4 -3.88435e-08 -1.83047e-08
24670.6 -1.51458e-08 -4.90039e-09
24672.9 -1.3841e-08 9.25258e-09
24675.1 -3.80438e-08 -8.61829e-10
24677.3 -4.52064e-08 -1.7017e-08
24679.5 -2.31186e-08 -1.03052e-08
24681.7 -1.17323e-08 7.43291e-09
24684 -3.17979e-08 4.81113e-09
24686.2 -4.77836e-08 -1.32327e-08
24688.4 -3.13398e-08 -1.43539e-08
24690.6 -1.19556e-08 3.59354e-09
24692.8 -2.42918e-08 8.85935e-09
24695 -4.62507e-08 -7.62649e-09
24697.3 -3.84377e-08 -1.62193e-08
24699.5 -1.45482e-08 -1.41486e-09
24701.7 -1.69208e-08 1.06441e-08
24703.9 -4.08952e-08 -1.18813e-09
24706.1 -4.31172e-08 -1.54876e-08
24708.4 -1.89955e-08 -6.52306e-09
24710.6 -1.09296e-08 9.97998e-09
24712.8 -3.25656e-08 4.96796e-09
24715 -4.43937e-08 -1.22316e-08
24717.2 -2.43287e-08 -1.06544e-08
24719.5 -7.19434e-09 7.15666e-09
24721.7 -2.25244e-08 9.81299e-09
24723.9 -4.17752e-08 -6.98898e-09
24726.1 -2.93046e-08 -1.29314e-08
24728.3 -6.07498e-09 2.86937e-09
24730.5 -1.22306e-08 1.25926e-08
24732.8 -3.53594e-08 -6.52305e-10
24735 -3.26397e-08 -1.28385e-08
24737.2 -7.36279e-09 -1.92409e-09
24739.4 -3.09245e-09 1.2959e-08
24741.6 -2.5829e-08 5.70456e-09
24743.9 -3.32517e-08 -1.03118e-08
24746.1 -1.03323e-08 -6.1917e-09
24748.3 3.76881e-09 1.10232e-08
24750.5 -1.43461e-08 1.10294e-08
24752.7 -3.0469e-08 -5.74145e-09
24755 -1.38867e-08 -9.02383e-09
24757.2 7.701e-09 7.31925e-09
24759.4 -2.36341e-09 1.44835e-08
24761.6 -2.4168e-08 1.09905e-10
24763.8 -1.67703e-08 -9.80158e-09
24766.1 8.61971e-09 2.69103e-09
24768.3 8.61466e-09 1.55874e-08
24770.5 -1.48152e-08 6.25396e-09
24772.7 -1.78097e-08 -8.30707e-09
24774.9 7.00589e-09 -1.87558e-09
24777.1 1.72803e-08 1.42957e-08
24779.4 -3.40472e-09 1.166e-08
24781.6 -1.61416e-08 -4.75737e-09
24783.8 3.80372e-09 -5.44173e-09
24786 2.27363e-08 1.09887e-08
24788.2 8.69632e-09 1.54398e-08
24790.5 -1.13867e-08 2.4155e-10
24792.7 2.36363e-10 -7.29035e-09
24794.9 2.46388e-08 6.38887e-09
24797.1 1.99706e-08 1.7002e-08
24799.3 -3.73757e-09 5.81075e-09
24801.6 -2.42807e-09 -7.0552e-09
24803.8 2.32441e-08 1.41722e-09
24806 2.90013e-08 1.61496e-08
24808.2 6.05314e-09 1.09617e-08
24810.4 -3.11923e-09 -4.78167e-09
24812.7 1.93498e-08 -2.98009e-09
24814.9 3.47081e-08 1.31053e-08
24817.1 1.67864e-08 1.47772e-08
24819.3 -1.17268e-09 -9.10128e-10
24821.5 1.4142e-08 -6.00414e-09
24823.7 3.65274e-08 8.46263e-09
24826 2.70119e-08 1.65767e-08
24828.2 3.53396e-09 3.81296e-09
24830.4 8.9736e-09 -7.14362e-09
24832.6 3.45051e-08 3.07272e-09
24834.8 3.5272e-08 1.60364e-08
24837.1 1.05426e-08 8.47807e-09
24839.3 5.11454e-09 -6.2598e-09
24841.5 2.92849e-08 -2.11278e-09
24843.7 4.0354e-08 1.32437e-08
24845.9 1.88825e-08 1.21823e-08
24848.2 3.51635e-09 -3.60282e-09
24850.4 2.19939e-08 -6.21338e-09
24852.6 4.15038e-08 8.67584e-09
24854.8 2.72334e-08 1.41943e-08
24857 4.63486e-09 2.41837e-10
24859.3 1.40437e-08 -8.57634e-09
24861.5 3.85661e-08 3.10866e-09
24863.7 3.4158e-08 1.40851e-08
24865.9 8.34224e-09 4.4657e-09
24868.1 6.88206e-09 -8.89006e-09
24870.3 3.20207e-08 -2.52709e-09
24872.6 3.83601e-08 1.18024e-08
24874.8 1.39453e-08 8.18826e-09
24877 1.73639e-09 -7.23419e-09
24879.2 2.29097e-08 -7.31498e-09
24881.4 3.89253e-08 7.67693e-09
24883.7 2.0308e-08 1.06197e-08
24885.9 -6.04278e-10 -4.05754e-09
24888.1 1.2664e-08 -1.05163e-08
24890.3 3.54978e-08 2.36006e-09
24892.5 2.60571e-08 1.12065e-08
24894.8 6.94907e-11 -8.80275e-11
24897 2.85876e-09 -1.16978e-08
24899.2 2.8362e-08 -3.29371e-09
24901.4 2.98354e-08 9.7345e-09
24903.6 3.34996e-09 3.80853e-09
24905.9 -5.06024e-09 -1.08017e-08
24908.1 1.841e-08 -8.37949e-09
24910.3 3.05587e-08 6.36918e-09
24912.5 8.28707e-09 6.79403e-09
24914.7 -1.00296e-08 -8.14513e-09
24916.9 7.00122e-09 -1.21019e-08
24919.2 2.76281e-08 1.62699e-09
24921.4 1.35645e-08 8.21665e-09
24923.6 -1.15553e-08 -4.35248e-09
24925.8 -4.26473e-09 -1.39138e-08
24928 2.10601e-08 -3.71912e-09
24930.3 1.77469e-08 7.73214e-09
24932.5 -9.79822e-09 -2.32381e-10
24934.7 -1.38214e-08 -1.36098e-08
24936.9 1.15089e-08 -8.78153e-09
24939.1 1.9555e-08 5.36515e-09
24941.4 -5.54006e-09 3.37508e-09
24943.6 -2.04068e-08 -1.13562e-08
24945.8 1.71572e-10 -1.27209e-08
24948 1.81173e-08 1.49991e-09
24950.2 -3.49054e-11 5.75325e-09
24952.4 -2.32837e-08 -7.65488e-09
24954.7 -1.14056e-08 -1.48984e-08
24956.9 1.31521e-08 -3.1963e-09
24959.1 5.22834e-09 6.43724e-09
24961.3 -2.23679e-08 -3.24557e-09
24963.5 -2.15908e-08 -1.49895e-08
24965.8 5.04289e-09 -7.90048e-09
24968 8.80964e-09 5.29326e-09
24970.2 -1.82403e-08 1.03258e-09
24972.4 -2.89511e-08 -1.30364e-08
24974.6 -5.20798e-09 -1.17865e-08
24976.9 9.59577e-09 2.53612e-09
24979.1 -1.20388e-08 4.39521e-09
24981.3 -3.25082e-08 -9.43269e-09
24983.5 -1.61437e-08 -1.41736e-08
24985.7 7.02051e-09 -1.31621e-09
24988 -5.24766e-09 6.25355e-09
24990.2 -3.19163e-08 -4.84407e-09
24992.4 -2.61055e-08 -1.4645e-08
24994.6 1.18557e-09 -5.54113e-09
24996.8 5.78115e-10 6.31665e-09
24999 -2.75283e-08 -8.22825e-11
25001.3 -3.35291e-08 -1.31148e-08
25003.5 -7.14211e-09 -9.34394e-09
25005.7 4.1046e-09 4.63718e-09
25007.9 -2.03363e-08 4.04279e-09
25010.1 -3.72299e-08 -9.83675e-09
25012.4 -1.66576e-08 -1.20004e-08
25014.6 4.47247e-09 1.59438e-09
25016.8 -1.17934e-08 6.86556e-09
25019 -3.66242e-08 -5.35245e-09
25021.2 -2.57484e-08 -1.29841e-08
25023.5 1.46542e-09 -2.18113e-09
25025.7 -3.54996e-09 7.97683e-09
25027.9 -3.18434e-08 -3.9323e-10
25030.1 -3.27865e-08 -1.20577e-08
25032.3 -4.43928e-09 -5.92547e-09
25034.6 2.85085e-09 7.28747e-09
25036.8 -2.37191e-08 4.24809e-09
25039 -3.64289e-08 -9.31203e-09
25041.2 -1.21497e-08 -8.88059e-09
25043.4 6.25892e-09 5.03475e-09
25045.6 -1.36398e-08 7.8524e-09
25047.9 -3.58721e-08 -5.14936e-09
25050.1 -2.01552e-08 -1.04295e-08
25052.3 6.13329e-09 1.73265e-09
25054.5 -3.30426e-09 9.89441e-09
25056.7 -3.10115e-08 -2.12374e-10
25059 -2.68044e-08 -1.02049e-08
25061.2 2.64587e-09 -1.9238e-09
25063.4 5.58415e-09 1.01282e-08
25065.6 -2.24758e-08 4.72653e-09
25067.8 -3.06164e-08 -8.15253e-09
25070.1 -3.34784e-09 -5.183e-09
25072.3 1.16258e-08 8.62501e-09
25074.5 -1.15281e-08 8.89773e-09
25076.7 -3.05656e-08 -4.5404e-09
25078.9 -1.04673e-08 -7.36906e-09
25081.2 1.39795e-08 5.75702e-09
25083.4 1.51463e-10 1.16658e-08
25085.6 -2.62878e-08 8.72507e-11
25087.8 -1.70667e-08 -8.00018e-09
25090 1.25154e-08 2.13053e-09
25092.2 1.07611e-08 1.26379e-08
25094.5 -1.81673e-08 5.00332e-09
25096.7 -2.15486e-08 -6.87389e-09
25098.9 7.83695e-09 -1.52128e-09
25101.1 1.86998e-08 1.173e-08
25103.3 -7.28614e-09 9.42211e-09
25105.6 -2.26726e-08 -4.10502e-09
25107.8 1.16589e-09 -4.46827e-09
25110 2.28561e-08 9.1805e-09
25112.2 4.757e-09 1.26339e-08
25114.4 -1.98027e-08 -1.09581e-10
25116.7 -5.88869e-09 -6.11415e-09
25118.9 2.28091e-08 5.50683e-09
25121.1 1.61269e-08 1.41274e-08
25123.3 -1.30435e-08 4.46361e-09
25125.5 -1.16367e-08 -6.10538e-09
25127.8 1.8904e-08 1.41327e-09
25130 2.50795e-08 1.36781e-08
25132.2 -3.24076e-09 8.84318e-09
25134.4 -1.46317e-08 -4.3984e-09
25136.6 1.21862e-08 -2.33516e-09
25138.8 3.02777e-08 1.13887e-08
25141.1 8.1572e-09 1.22691e-08
25143.3 -1.39536e-08 -1.27189e-09
25145.5 4.20412e-09 -5.0501e-09
25147.7 3.10351e-08 7.6716e-09
25149.9 1.93533e-08 1.41278e-08
25152.2 -9.39537e-09 2.71965e-09
25154.4 -3.28274e-09 -6.24404e-09
25156.6 2.74429e-08 3.17826e-09
25158.8 2.85246e-08 1.40631e-08
25161 -1.5182e-09 6.84354e-09
25163.3 -8.63803e-09 -5.71864e-09
25165.5 2.03536e-08 -1.31501e-09
25167.7 3.41551e-08 1.20444e-08
25169.9 8.4387e-09 1.0321e-08
25172.1 -1.06615e-08 -3.60101e-09
25174.4 1.12246e-08 -5.04377e-09
25176.6 3.53176e-08 8.37678e-09
25178.8 1.87777e-08 1.2469e-08
25181 -8.82218e-09 -3.21116e-10
25183.2 1.84835e-09 -7.39118e-09
25185.4 3.18496e-08 3.65025e-09
25187.7 2.7653e-08 1.28267e-08
25189.9 -3.3662e-09 3.46562e-09
25192.1 -5.98084e-09 -7.99851e-09
25194.3 2.43911e-08 -1.36231e-09
25196.5 3.34146e-08 1.1242e-08
25198.8 4.72191e-09 6.99686e-09
25201 -1.08013e-08 -6.83021e-09
25203.2 1.42745e-08 -5.84223e-09
25205.4 3.4921e-08 7.90283e-09
25207.6 1.3899e-08 9.54201e-09
25209.9 -1.1758e-08 -4.18102e-09
25212.1 3.2845e-09 -9.07135e-09
25214.3 3.17618e-08 3.30682e-09
25216.5 2.23517e-08 1.05364e-08
25218.7 -8.76373e-09 -6.23084e-10
25220.9 -6.66675e-09 -1.05607e-08
25223.2 2.43465e-08 -1.8244e-09
25225.4 2.83392e-08 9.68673e-09
25227.6 -2.51647e-09 3.09855e-09
25229.8 -1.38914e-08 -1.01376e-08
25232 1.3841e-08 -6.67157e-09
25234.3 3.05269e-08 7.02957e-09
25236.5 5.63163e-09 6.20331e-09
25238.7 -1.72376e-08 -7.97542e-09
25240.9 1.96169e-09 -1.04616e-08
25243.1 2.82471e-08 2.93038e-09
25245.4 1.39297e-08 8.0205e-09
25247.6 -1.63026e-08 -4.55922e-09
25249.8 -9.33504e-09 -1.26033e-08
25252 2.16363e-08 -1.97598e-09
25254.2 2.05616e-08 8.11581e-09
25256.5 -1.15059e-08 -5.9577e-10
25258.7 -1.82103e-08 -1.27907e-08
25260.9 1.16239e-08 -6.89423e-09
25263.1 2.39939e-08 6.37518e-09
25265.3 -4.00818e-09 3.11685e-09
25267.5 -2.32804e-08 -1.10568e-08
25269.8 -2.2907e-10 -1.10081e-08
25272 2.32749e-08 3.03032e-09
25274.2 4.51074e-09 5.83519e-09
25276.4 -2.38704e-08 -7.76734e-09
25278.6 -1.201e-08 -1.36256e-08
25280.9 1.82249e-08 -1.37918e-09
25283.1 1.21731e-08 7.00615e-09
25285.3 -2.01359e-08 -3.55682e-09
25287.5 -2.18024e-08 -1.43045e-08
25289.7 9.48373e-09 -6.10053e-09
25292 1.72634e-08 6.36827e-09
25294.2 -1.30292e-08 7.83618e-10
25296.4 -2.8037e-08 -1.29345e-08
25298.6 -1.59675e-09 -1.03022e-08
25300.8 1.85594e-08 4.00116e-09
25303.1 -4.11702e-09 4.44676e-09
25305.3 -2.97797e-08 -9.76163e-09
25307.5 -1.31953e-08 -1.32241e-08
25309.7 1.55708e-08 3.14216e-10
25311.9 4.71818e-09 6.75464e-09
25314.1 -2.69032e-08 -5.34855e-09
25316.4 -2.33546e-08 -1.43169e-08
25318.6 8.63997e-09 -4.02381e-09
25320.8 1.16346e-08 7.28309e-09
25323 -2.01093e-08 -4.76322e-10
25325.2 -3.03433e-08 -1.33444e-08
25327.5 -1.11457e-09 -8.20287e-09
25329.7 1.51807e-08 5.9428e-09
25331.9 -1.07967e-08 3.99485e-09
25334.1 -3.29781e-08 -1.04316e-08
25336.3 -1.20029e-08 -1.14173e-08
25338.6 1.45701e-08 3.00089e-09
25340.8 -8.00022e-10 7.28198e-09
25343 -3.08462e-08 -6.04714e-09
25345.2 -2.20768e-08 -1.3014e-08
25347.4 9.83284e-09 -9.62725e-10
25349.7 7.95396e-09 8.82405e-09
25351.9 -2.4384e-08 -9.23757e-10
25354.1 -2.94942e-08 -1.26165e-08
25356.3 1.81179e-09 -5.15834e-09
25358.5 1.38066e-08 8.38799e-09
25360.7 -1.47981e-08 4.07111e-09
25363 -3.28641e-08 -1.02013e-08
25365.2 -7.99362e-09 -8.73161e-09
25367.4 1.56782e-08 6.1153e-09
25369.6 -3.84179e-09 8.09168e-09
25371.8 -3.15097e-08 -6.1116e-09
25374.1 -1.77078e-08 -1.09248e-08
25376.3 1.32701e-08 2.49895e-09
25378.5 6.51075e-09 1.0469e-08
25380.7 -2.55977e-08 -1.00267e-09
25382.9 -2.54312e-08 -1.12239e-08
25385.2 7.11987e-09 -1.70656e-09
25387.4 1.44311e-08 1.08365e-08
25389.6 -1.61112e-08 4.27295e-09
25391.8 -2.95989e-08 -9.46284e-09
25394 -1.50116e-09 -5.62646e-09
25396.3 1.85758e-08 9.20056e-09
25398.5 -4.67018e-09 8.8203e-09
25400.7 -2.92771e-08 -5.86338e-09
25402.9 -1.08292e-08 -8.43222e-09
25405.1 1.83334e-08 5.94269e-09
25407.3 6.7661e-09 1.18688e-08
25409.6 -2.43436e-08 -1.00056e-09
25411.8 -1.89427e-08 -9.50181e-09
25414 1.39339e-08 1.75006e-09
25416.2 1.62593e-08 1.2919e-08
25418.4 -1.55167e-08 4.30042e-09
25420.7 -2.4127e-08 -8.54248e-09
25422.9 6.39952e-09 -2.51335e-09
25425.1 2.22479e-08 1.18395e-08
25427.3 -4.22802e-09 9.1177e-09
25429.5 -2.52017e-08 -5.65166e-09
25431.8 -2.65231e-09 -5.9715e-09
25434 2.38315e-08 8.8946e-09
25436.2 7.63851e-09 1.26069e-08
25438.4 -2.17473e-08 -1.30327e-09
25440.6 -1.13179e-08 -7.90538e-09
25442.9 2.0933e-08 4.69555e-09
25445.1 1.8091e-08 1.41623e-08
25447.3 -1.41901e-08 3.73865e-09
25449.5 -1.77689e-08 -7.89383e-09
25451.7 1.43052e-08 8.37042e-11
25453.9 2.53952e-08 1.35323e-08
25456.2 -3.72865e-09 8.56299e-09
25458.4 -2.05994e-08 -5.89793e-09
25460.6 5.38508e-09 -4.03177e-09
25462.8 2.83918e-08 1.08678e-08
25465 7.88433e-09 1.22841e-08
25467.3 -1.90937e-08 -2.27193e-09
25469.5 -3.98084e-09 -6.85021e-09
25471.7 2.67065e-08 6.69299e-09
25473.9 1.86637e-08 1.42105e-08
25476.1 -1.33646e-08 2.30245e-09
25478.4 -1.18859e-08 -7.8349e-09
25480.6 2.08148e-08 1.80362e-09
25482.8 2.67575e-08 1.39773e-08
25485 -4.33611e-09 6.94612e-09
25487.2 -1.67236e-08 -6.81716e-09
25489.4 1.19477e-08 -2.88589e-09
25491.7 3.07882e-08 1.16168e-08
25493.9 6.42576e-09 1.07524e-08
25496.1 -1.74906e-08 -4.02795e-09
25498.3 1.85738e-09 -6.51801e-09
25500.5 3.01051e-08 7.55254e-09
25502.8 1.7003e-08 1.29631e-08
25505 -1.39756e-08 -5.1126e-11
25507.2 -7.51324e-09 -8.45588e-09
25509.4 2.49019e-08 2.51862e-09
25511.6 2.54821e-08 1.31165e-08
25513.9 -6.79872e-09 4.29269e-09
25516.1 -1.43944e-08 -8.40308e-09
25518.3 1.61773e-08 -2.58149e-09
25520.5 3.03093e-08 1.11371e-08
25522.7 2.70657e-09 8.10819e-09
25525 -1.75188e-08 -6.45685e-09
25527.2 5.5461e-09 -6.84828e-09
25529.4 3.05797e-08 7.35035e-09
25531.6 1.27448e-08 1.06012e-08
25533.8 -1.63539e-08 -3.08405e-09
25536 -5.06147e-09 -9.55806e-09
25538.3 2.62042e-08 2.41777e-09
25540.5 2.13964e-08 1.12333e-08
25542.7 -1.11953e-08 9.74514e-10
25544.9 -1.37573e-08 -1.02994e-08
25547.1 1.79252e-08 -2.79252e-09
25549.4 2.69782e-08 9.82498e-09
25551.6 -3.10378e-09 4.85242e-09
25553.8 -1.90411e-08 -9.04687e-09
25556 7.17886e-09 -7.3744e-09
25558.2 2.83575e-08 6.58741e-09
25560.5 6.29937e-09 7.7288e-09
25562.7 -2.00718e-08 -6.15849e-09
25564.9 -4.17029e-09 -1.05572e-08
25567.1 2.51633e-08 2.07795e-09
25569.3 1.51399e-08 8.9885e-09
25571.6 -1.68137e-08 -2.29758e-09
25573.8 -1.41714e-08 -1.18494e-08
25576 1.78543e-08 -2.91053e-09
25578.2 2.16423e-08 8.33984e-09
25580.4 -1.00343e-08 1.70355e-09
25582.6 -2.11424e-08 -1.11247e-08
25584.9 7.63444e-09 -7.50367e-09
25587.1 2.4461e-08 5.8676e-09
25589.3 -1.15237e-09 5.01045e-09
25591.5 -2.39733e-08 -8.63577e-09
25593.7 -3.76891e-09 -1.09121e-08
25596 2.29294e-08 2.01172e-09
25598.2 8.03054e-09 6.9498e-09
25600.4 -2.23214e-08 -4.95395e-09
25602.6 -1.44201e-08 -1.25783e-08
25604.8 1.71823e-08 -2.52255e-09
25607.1 1.56678e-08 7.13716e-09
25609.3 -1.66649e-08 -8.50288e-10
25611.5 -2.25267e-08 -1.22752e-08
25613.7 8.1313e-09 -6.90446e-09
25615.9 2.02105e-08 5.54485e-09
25618.2 -8.20543e-09 2.85848e-09
25620.4 -2.67615e-08 -1.01409e-08
25622.6 -2.70191e-09 -1.03392e-08
25624.8 2.06935e-08 2.49829e-09
25627 1.35982e-09 5.4674e-09
25629.2 -2.64976e-08 -6.64188e-09
25631.5 -1.34623e-08 -1.22189e-08
25633.7 1.69125e-08 -1.39648e-09
25635.9 1.01551e-08 6.51416e-09
25638.1 -2.19149e-08 -2.47552e-09
25640.3 -2.22973e-08 -1.22344e-08
25642.6 9.46097e-09 -5.37765e-09
25644.8 1.6472e-08 5.85897e-09
25647 -1.39596e-08 1.5689e-09
25649.2 -2.76909e-08 -1.04258e-08
25651.4 -3.78736e-10 -8.67892e-09
25653.7 1.90822e-08 3.69985e-09
25655.9 -4.16601e-09 4.76236e-09
25658.1 -2.87354e-08 -7.16461e-09
25660.3 -1.08698e-08 -1.06765e-08
25662.5 1.74598e-08 5.22658e-10
25664.8 5.62547e-09 6.57188e-09
25667 -2.52928e-08 -3.07269e-09
25669.2 -2.01372e-08 -1.10038e-08
25671.4 1.18743e-08 -3.00224e-09
25673.6 1.36037e-08 6.75401e-09
25675.8 -1.8017e-08 1.10441e-09
25678.1 -2.65087e-08 -9.61187e-09
25680.3 3.33901e-09 -6.15485e-09
25682.5 1.8314e-08 5.38916e-09
25684.7 -8.23433e-09 4.64258e-09
25686.9 -2.88179e-08 -6.76751e-09
25689.2 -6.57605e-09 -8.3048e-09
25691.4 1.89197e-08 2.85243e-09
25693.6 2.29734e-09 6.97414e-09
25695.8 -2.66164e-08 -2.99117e-09
25698 -1.60308e-08 -9.02823e-09
25700.3 1.53507e-08 -2.71201e-10
25702.5 1.17054e-08 7.78658e-09
25704.7 -2.02549e-08 1.05028e-09
25706.9 -2.32503e-08 -8.18078e-09
25709.1 8.31371e-09 -3.30849e-09
25711.4 1.83401e-08 7.06783e-09
25713.6 -1.08216e-08 4.6733e-09
25715.8 -2.68473e-08 -5.91444e-09
25718 -8.37695e-10 -5.63113e-09
25720.2 2.10708e-08 5.0919e-09
25722.4 5.3e-11 7.30413e-09
25724.7 -2.60762e-08 -2.63763e-09
25726.9 -1.035e-08 -6.77404e-09
25729.1 1.9489e-08 2.35093e-09
25731.3 1.04888e-08 8.5782e-09
25733.5 -2.09703e-08 1.07149e-09
25735.8 -1.83892e-08 -6.51663e-09
25738 1.39807e-08 -5.50271e-10
25740.2 1.86931e-08 8.39517e-09
25742.4 -1.23403e-08 4.57957e-09
25744.6 -2.33761e-08 -4.91301e-09
25746.9 5.65463e-09 -3.01479e-09
25749.1 2.32828e-08 6.92159e-09
25751.3 -1.6323e-09 7.31734e-09
25753.5 -2.42768e-08 -2.26823e-09
25755.7 -3.86071e-09 -4.56526e-09
25757.9 2.35324e-08 4.54385e-09
25760.2 9.32927e-09 8.8804e-09
25762.4 -2.07953e-08 9.31795e-10
25764.6 -1.27148e-08 -4.92599e-09
25766.8 1.9504e-08 1.78307e-09
25769 1.86677e-08 9.09336e-09
25771.3 -1.34336e-08 4.12007e-09
25773.5 -1.91741e-08 -4.06209e-09
25775.7 1.20347e-08 -8.09598e-10
25777.9 2.47911e-08 8.02727e-09
25780.1 -3.40653e-09 6.75718e-09
25782.4 -2.19414e-08 -2.17105e-09
25784.6 2.58365e-09 -2.7564e-09
25786.8 2.66795e-08 5.97005e-09
25789 7.57271e-09 8.42728e-09
25791.2 -2.03961e-08 3.6784e-10
25793.5 -7.03367e-09 -3.73581e-09
25795.7 2.40692e-08 3.35872e-09
25797.9 1.75997e-08 8.90446e-09
25800.1 -1.47126e-08 3.07405e-09
25802.3 -1.49772e-08 -3.63075e-09
25804.5 1.75019e-08 6.89051e-10
25806.8 2.49218e-08 8.17921e-09
25809 -5.83429e-09 5.45897e-09
25811.2 -1.97191e-08 -2.53551e-09
25813.4 8.22658e-09 -1.57844e-09
25815.6 2.82562e-08 6.44376e-09
25817.9 4.69294e-09 7.11374e-09
25820.1 -2.03253e-08 -7.23206e-10
25822.3 -2.02613e-09 -3.09815e-09
25824.5 2.70229e-08 4.04219e-09
25826.7 1.49982e-08 7.776e-09
25829 -1.66291e-08 1.41729e-09
25831.2 -1.13585e-08 -3.69095e-09
25833.4 2.1453e-08 1.39816e-09
25835.6 2.32234e-08 7.3652e-09
25837.8 -9.26648e-09 3.46053e-09
25840.1 -1.80509e-08 -3.36039e-09
25842.3 1.25489e-08 -1.06472e-09
25844.5 2.78605e-08 5.9827e-09
25846.7 4.36176e-10 5.02346e-09
25848.9 -2.08761e-08 -2.27429e-09
25851.1 1.90544e-09 -2.99428e-09
25853.4 2.8028e-08 3.87992e-09
25855.6 1.06997e-08 5.82961e-09
25857.8 -1.93241e-08 -7.18839e-10
25860 -8.5761e-09 -4.16135e-09
25862.2 2.3635e-08 1.40348e-09
25864.5 1.96149e-08 5.74773e-09
25866.7 -1.36977e-08 9.62985e-10
25868.9 -1.70312e-08 -4.48439e-09
25871.1 1.54036e-08 -1.07011e-09
25873.3 2.54901e-08 4.80118e-09
25875.6 -5.05957e-09 2.43545e-09
25877.8 -2.19689e-08 -4.02669e-09
25880 4.74457e-09 -3.19781e-09
25882.2 2.71634e-08 3.14971e-09
25884.4 4.95855e-09 3.42492e-09
25886.7 -2.25428e-08 -2.9702e-09
25888.9 -6.49222e-09 -4.7203e-09
25891.1 2.42193e-08 1.05108e-09
25893.3 1.44524e-08 3.75765e-09
25895.5 -1.87057e-08 -1.57366e-09
25897.7 -1.63481e-08 -5.49289e-09
25900 1.7073e-08 -1.18819e-09
25902.2 2.15926e-08 3.37706e-09
25904.4 -1.12206e-08 -1.24242e-10
25906.6 -2.31079e-08 -5.49451e-09
25908.8 6.90366e-09 -3.26295e-09
25911.1 2.49614e-08 2.34117e-09
25913.3 -1.52464e-09 1.10913e-09
25915.5 -2.56107e-08 -4.81708e-09
25917.7 -4.55095e-09 -4.91246e-09
25919.9 2.38169e-08 8.04191e-10
25922.2 8.52993e-09 1.9141e-09
25924.4 -2.34626e-08 -3.6398e-09
25926.6 -1.53037e-08 -5.95153e-09
25928.8 1.8236e-08 -1.0127e-09
25931 1.70126e-08 2.16079e-09
25933.3 -1.71121e-08 -2.19473e-09
25935.5 -2.34747e-08 -6.28751e-09
25937.7 9.11106e-09 -2.85585e-09
25939.9 2.2268e-08 1.81382e-09
25942.1 -7.77366e-09 -7.29743e-10
25944.3 -2.76328e-08 -5.92382e-09
25946.6 -2.00331e-09 -4.47415e-09
25948.8 2.32227e-08 9.30785e-10
25951 2.78897e-09 5.2597e-10
25953.2 -2.7058e-08 -4.95196e-09
25955.4 -1.31644e-08 -5.65076e-09
25957.7 1.95898e-08 -3.50815e-10
25959.9 1.25815e-08 1.39024e-09
25962.1 -2.18782e-08 -3.5348e-09
25964.3 -2.23897e-08 -6.22902e-09
25966.5 1.19314e-08 -1.83538e-09
25968.8 1.97431e-08 1.7481e-09
25971 -1.3053e-08 -1.88379e-09
25973.2 -2.80174e-08 -6.13051e-09
25975.4 1.56779e-09 -3.29661e-09
25977.6 2.28902e-08 1.56313e-09
25979.8 -2.2058e-09 -2.32365e-10
25982.1 -2.90123e-08 -5.3644e-09
25984.3 -9.65438e-09 -4.50747e-09
25986.5 2.13773e-08 8.80029e-10
25988.7 8.6669e-09 1.19259e-09
25990.9 -2.51626e-08 -4.027e-09
25993.2 -1.96937e-08 -5.26988e-09
25995.4 1.54247e-08 -1.81372e-10
25997.6 1.75578e-08 2.19918e-09
25999.8 -1.71293e-08 -2.29134e-09
26002 -2.66872e-08 -5.44161e-09
26004.3 6.08843e-09 -1.44028e-09
26006.5 2.28177e-08 2.65673e-09
26008.7 -6.33588e-09 -3.86791e-10
26010.9 -2.92963e-08 -4.95764e-09
26013.1 -4.92411e-09 -2.67713e-09
26015.4 2.34625e-08 2.5164e-09
26017.6 5.28281e-09 1.43009e-09
26019.8 -2.69624e-08 -3.84333e-09
26022 -1.55631e-08 -3.66277e-09
26024.2 1.93622e-08 1.8228e-09
26026.4 1.56295e-08 2.91099e-09
26028.7 -2.00217e-08 -2.2165e-09
26030.9 -2.38124e-08 -4.19222e-09
26033.1 1.12737e-08 7.12754e-10
26035.3 2.28288e-08 3.8532e-09
26037.5 -9.65697e-09 -2.76738e-10
26039.8 -2.80658e-08 -4.1191e-09
26042 7.10213e-10 -6.00599e-10
26044.2 2.55753e-08 4.13345e-09
26046.4 2.30973e-09 1.7189e-09
26048.6 -2.74316e-08 -3.3849e-09
26050.9 -1.03322e-08 -1.85852e-09
26053.1 2.33817e-08 3.73175e-09
26055.3 1.37451e-08 3.49176e-09
26057.5 -2.19092e-08 -2.0372e-09
26059.7 -1.97409e-08 -2.79838e-09
26062 1.66773e-08 2.74015e-09
26064.2 2.25959e-08 4.78474e-09
26066.4 -1.24016e-08 -2.31312e-10
26068.6 -2.56807e-08 -3.20022e-09
26070.8 6.73719e-09 1.35282e-09
26073 2.72705e-08 5.40608e-09
26075.3 -5.59703e-10 1.78716e-09
26077.5 -2.69406e-08 -2.92956e-09
26079.7 -4.54758e-09 -1.6242e-10
26081.9 2.69383e-08 5.26577e-09
26084.1 1.15149e-08 3.71816e-09
26086.4 -2.31685e-08 -1.96797e-09
26088.6 -1.50182e-08 -1.50785e-09
26090.8 2.1691e-08 4.39718e-09
26093 2.16552e-08 5.25645e-09
26095.2 -1.49481e-08 -4.24215e-10
26097.5 -2.26504e-08 -2.40787e-09
26099.7 1.25321e-08 2.95807e-09
26101.9 2.80303e-08 6.14591e-09
26104.1 -3.70163e-09 1.47768e-09
26106.3 -2.59359e-08 -2.66044e-09
26108.6 1.19653e-09 1.20882e-09
26110.8 2.94879e-08 6.22873e-09
26113 8.56623e-09 3.43271e-09
26115.2 -2.41708e-08 -2.17807e-09
26117.4 -1.01695e-08 -5.29856e-10
26119.6 2.57738e-08 5.47929e-09
26121.9 1.96357e-08 5.10647e-09
26124.1 -1.75953e-08 -1.01002e-09
26126.3 -1.94067e-08 -1.93324e-09
26128.5 1.75846e-08 4.01506e-09
26130.7 2.74833e-08 6.19509e-09
26133 -7.35699e-09 6.59833e-10
26135.2 -2.47473e-08 -2.73301e-09
26137.4 6.44397e-09 2.08086e-09
26139.6 3.06594e-08 6.48242e-09
26141.8 4.69522e-09 2.54071e-09
26144.1 -2.51477e-08 -2.7701e-09
26146.3 -5.57688e-09 8.36073e-12
26148.5 2.85619e-08 5.88365e-09
26150.7 1.6351e-08 4.28436e-09
26152.9 -2.04883e-08 -2.02897e-09
26155.2 -1.62418e-08 -1.84254e-09
26157.4 2.15528e-08 4.46614e-09
26159.6 2.54474e-08 5.54786e-09
26161.8 -1.16014e-08 -6.45875e-10
26164 -2.35649e-08 -3.14966e-09
26166.2 1.0897e-08 2.44288e-09
26168.5 3.02716e-08 6.05869e-09
26170.7 -1.22181e-10 1.11205e-09
26172.9 -2.61816e-08 -3.68934e-09
26175.1 -1.46814e-09 1.38516e-10
26177.3 2.98818e-08 5.66919e-09
26179.6 1.18116e-08 2.89364e-09
26181.8 -2.36047e-08 -3.38041e-09
26184 -1.32881e-08 -2.06656e-09
26186.2 2.42873e-08 4.38974e-09
26188.4 2.1954e-08 4.32853e-09
26190.7 -1.63189e-08 -2.30234e-09
26192.9 -2.24075e-08 -3.80446e-09
26195.1 1.44525e-08 2.39321e-09
26197.3 2.83682e-08 5.09773e-09
26199.5 -5.69569e-09 -6.83539e-10
26201.8 -2.71688e-08 -4.78792e-09
26204 2.1248e-09 -1.14941e-11
26206.2 2.97893e-08 4.99667e-09
26208.4 6.2587e-09 1.13882e-09
26210.6 -2.67213e-08 -4.86545e-09
26212.8 -1.04831e-08 -2.43259e-09
26215.1 2.58641e-08 3.97816e-09
26217.3 1.72729e-08 2.78069e-09
26219.5 -2.11811e-08 -4.05244e-09
26221.7 -2.10989e-08 -4.46622e-09
26223.9 1.72244e-08 2.16648e-09
26226.2 2.52328e-08 3.88366e-09
26228.4 -1.16128e-08 -2.53155e-09
26230.6 -2.7809e-08 -5.77163e-09
26232.8 5.37816e-09 -1.60777e-10
26235 2.85763e-08 4.18456e-09
26237.3 1.64128e-10 -6.21067e-10
26239.5 -2.94137e-08 -6.13623e-09
26241.7 -7.56276e-09 -2.62065e-09
26243.9 2.65893e-08 3.56889e-09
26246.1 1.19106e-08 1.28362e-09
26248.3 -2.56512e-08 -5.51775e-09
26250.6 -1.92679e-08 -4.79393e-09
26252.8 1.95457e-08 2.09734e-09
26255 2.13829e-08 2.78503e-09
26257.2 -1.7251e-08 -4.05455e-09
26259.4 -2.76174e-08 -6.30283e-09
26261.7 8.66495e-09 -5.83332e-13
26263.9 2.67508e-08 3.56083e-09
26266.1 -5.80312e-09 -2.04152e-09
26268.3 -3.10958e-08 -6.88254e-09
26270.5 -4.10632e-09 -2.36562e-09
26272.8 2.69425e-08 3.42833e-09
26275 6.53312e-09 1.24635e-10
26277.2 -2.90763e-08 -6.43277e-09
26279.4 -1.64499e-08 -4.57388e-09
26281.6 2.18503e-08 2.38315e-09
26283.9 1.74281e-08 2.02047e-09
26286.1 -2.19427e-08 -5.03913e-09
26288.3 -2.61038e-08 -6.21622e-09
26290.5 1.2359e-08 6.03784e-10
26292.7 2.48157e-08 3.27714e-09
26294.9 -1.10237e-08 -2.95936e-09
26297.2 -3.12834e-08 -6.97695e-09
26299.4 1.88698e-10 -1.57972e-09
26301.6 2.72819e-08 3.65214e-09
26303.8 1.64927e-09 -5.76657e-10
26306 -3.10168e-08 -6.69626e-09
26308.3 -1.24201e-08 -3.74751e-09
26310.5 2.43336e-08 3.07728e-09
26312.7 1.37173e-08 1.67183e-09
26314.9 -2.53316e-08 -5.40397e-09
26317.1 -2.3121e-08 -5.47068e-09
26319.4 1.64973e-08 1.67317e-09
26321.6 2.29338e-08 3.37781e-09
26323.8 -1.52555e-08 -3.31702e-09
26326 -2.99008e-08 -6.39506e-09
26328.2 5.22662e-09 -2.73096e-10
26330.5 2.75853e-08 4.24008e-09
26332.7 -2.63031e-09 -8.0047e-10
26334.9 -3.1458e-08 -6.31168e-09
26337.1 -7.36577e-09 -2.36314e-09
26339.3 2.68143e-08 4.12277e-09
26341.5 1.02285e-08 1.70115e-09
26343.8 -2.74523e-08 -5.19932e-09
26346 -1.89019e-08 -4.16483e-09
26348.2 2.07833e-08 3.08172e-09
26350.4 2.0962e-08 3.74869e-09
26352.6 -1.85734e-08 -3.2304e-09
26354.9 -2.71852e-08 -5.29682e-09
26357.1 1.06462e-08 1.35349e-09
26359.3 2.76085e-08 4.99276e-09
26361.5 -6.41728e-09 -7.38783e-10
26363.7 -3.06144e-08 -5.50344e-09
26366 -1.66679e-09 -6.91299e-10
26368.2 2.89702e-08 5.24054e-09
26370.4 6.808e-09 1.84408e-09
26372.6 -2.84879e-08 -4.70498e-09
26374.8 -1.38106e-08 -2.62092e-09
26377.1 2.4838e-08 4.49162e-09
26379.3 1.86934e-08 4.07181e-09
26381.5 -2.11387e-08 -3.01356e-09
26383.7 -2.34664e-08 -4.0275e-09
26385.9 1.60306e-08 2.93569e-09
26388.1 2.70782e-08 5.5679e-09
26390.4 -9.87493e-09 -7.11652e-10
26392.6 -2.8777e-08 -4.60677e-09
26394.8 4.24027e-09 9.13156e-10
26397 3.0453e-08 6.09603e-09
26399.2 3.26257e-09 1.80223e-09
26401.5 -2.86971e-08 -4.21702e-09
26403.7 -8.28467e-09 -1.15328e-09
26405.9 2.82417e-08 5.60229e-09
26408.1 1.58812e-08 4.08962e-09
26410.3 -2.31889e-08 -2.90572e-09
26412.6 -1.91619e-08 -2.84173e-09
26414.8 2.09068e-08 4.22183e-09
26417 2.56827e-08 5.755e-09
26419.2 -1.32309e-08 -8.9896e-10
26421.4 -2.63219e-08 -3.81247e-09
26423.7 9.86123e-09 2.24939e-09
26425.9 3.08912e-08 6.51947e-09
26428.1 -6.34027e-10 1.44358e-09
26430.3 -2.83947e-08 -3.87154e-09
26432.5 -2.79832e-09 8.03671e-11
26434.7 3.05824e-08 6.27109e-09
26437 1.22958e-08 3.69865e-09
26439.2 -2.49657e-08 -3.00489e-09
26441.4 -1.4685e-08 -1.86567e-09
26443.6 2.48529e-08 5.08281e-09
26445.8 2.3188e-08 5.46031e-09
26448.1 -1.66513e-08 -1.37738e-09
26450.3 -2.35679e-08 -3.22404e-09
26452.5 1.47986e-08 3.19518e-09
26454.7 3.00471e-08 6.41578e-09
26456.9 -4.98228e-09 7.0207e-10
26459.2 -2.77875e-08 -3.75163e-09
26461.4 2.30719e-09 9.68021e-10
26463.6 3.16227e-08 6.40181e-09
26465.8 7.88311e-09 2.84132e-09
26468 -2.65622e-08 -3.36927e-09
26470.3 -1.02952e-08 -1.18901e-09
26472.5 2.76383e-08 5.43153e-09
26474.7 1.95614e-08 4.63961e-09
26476.9 -2.01308e-08 -2.17244e-09
26479.1 -2.06768e-08 -2.89335e-09
26481.3 1.88398e-08 3.68777e-09
26483.6 2.78871e-08 5.7617e-09
26485.8 -9.70464e-09 -4.09402e-10
26488 -2.69327e-08 -3.85923e-09
26490.2 6.85394e-09 1.48525e-09
26492.4 3.13129e-08 5.99785e-09
26494.7 2.7609e-09 1.56833e-09
26496.9 -2.79349e-08 -3.94741e-09
26499.1 -6.11549e-09 -7.90181e-10
26501.3 2.91952e-08 5.29935e-09
26503.5 1.49311e-08 3.37346e-09
26505.8 -2.35381e-08 -3.18624e-09
26508 -1.76966e-08 -2.75325e-09
26510.2 2.19103e-08 3.78375e-09
26512.4 2.4526e-08 4.65521e-09
26514.6 -1.46028e-08 -1.76101e-09
26516.8 -2.57881e-08 -4.08839e-09
26519.1 1.0782e-08 1.70993e-09
26521.3 2.97425e-08 5.16313e-09
26523.5 -2.83144e-09 2.52557e-11
26525.7 -2.89457e-08 -4.60377e-09
26527.9 -2.16478e-09 -5.71695e-10
26530.2 2.95872e-08 4.79073e-09
26532.4 9.55019e-09 1.81138e-09
26534.6 -2.66459e-08 -4.26098e-09
26536.8 -1.45803e-08 -2.68402e-09
26539 2.40583e-08 3.5914e-09
26541.3 2.02071e-08 3.24609e-09
26543.5 -1.93783e-08 -3.17591e-09
26545.7 -2.42235e-08 -4.29078e-09
26547.9 1.41438e-08 1.76471e-09
26550.1 2.71288e-08 4.05172e-09
26552.4 -8.54974e-09 -1.59188e-09
26554.6 -2.93743e-08 -5.15445e-09
26556.8 1.63714e-09 -3.83544e-10
26559 2.90006e-08 4.07191e-09
26561.2 3.78063e-09 1.68996e-10
26563.4 -2.91476e-08 -5.17426e-09
26565.7 -1.11957e-08 -2.49887e-09
26567.9 2.54462e-08 3.29546e-09
26570.1 1.52858e-08 1.76643e-09
26572.3 -2.3652e-08 -4.39814e-09
26574.5 -2.20347e-08 -4.24199e-09
26576.8 1.70945e-08 1.85317e-09
26579 2.38032e-08 2.90306e-09
26581.2 -1.39635e-08 -3.00781e-09
26583.4 -2.89326e-08 -5.347e-09
26585.6 5.46088e-09 -1.03478e-11
26587.9 2.77348e-08 3.37513e-09
26590.1 -1.92211e-09 -1.28075e-09
26592.3 -3.06717e-08 -5.66379e-09
26594.5 -7.33484e-09 -1.98328e-09
26596.7 2.63406e-08 3.10429e-09
26599 1.02129e-08 4.62577e-10
26601.2 -2.69836e-08 -5.1779e-09
26603.4 -1.89614e-08 -3.74252e-09
26605.6 1.9872e-08 2.14597e-09
26607.8 2.01819e-08 1.9162e-09
26610 -1.85939e-08 -4.00593e-09
26612.3 -2.73064e-08 -5.0084e-09
26614.5 9.52105e-09 6.7416e-10
26616.7 2.61427e-08 2.84017e-09
26618.9 -7.08247e-09 -2.36891e-09
26621.1 -3.08637e-08 -5.58903e-09
26623.4 -2.80337e-09 -1.05319e-09
26625.6 2.70075e-08 3.09769e-09
26627.8 5.41215e-09 -5.49966e-10
26630 -2.90078e-08 -5.40736e-09
26632.2 -1.4831e-08 -2.741e-09
26634.5 2.26396e-08 2.67221e-09
26636.7 1.65902e-08 1.15536e-09
26638.9 -2.21033e-08 -4.50788e-09
26641.1 -2.43502e-08 -4.10738e-09
26643.3 1.38733e-08 1.66332e-09
26645.6 2.44145e-08 2.48701e-09
26647.5 -7.3059e-09 -2.4654e-09
26649.5 -3.03399e-08 -5.2295e-09
26651.5 -1.03203e-08 -1.62433e-09
26653.5 2.2817e-08 2.95454e-09
26655.5 1.96854e-08 1.67993e-09
26657.5 -1.48545e-08 -3.45312e-09
26659.5 -2.91289e-08 -4.66457e-09
26661.5 -1.85442e-09 -9.73678e-11
26663.5 2.62341e-08 3.42067e-09
26665.5 1.33317e-08 6.69732e-10
26667.5 -2.11036e-08 -4.1279e-09
26669.5 -2.55737e-08 -3.69057e-09
26671.5 6.56509e-09 1.36843e-09
26673.5 2.7351e-08 3.49256e-09
26675.5 5.91748e-09 -4.33529e-10
26677.5 -2.55429e-08 -4.41577e-09
26679.5 -1.99967e-08 -2.39471e-09
26681.5 1.42486e-08 2.64055e-09
26683.5 2.61225e-08 3.17559e-09
26685.5 -1.91006e-09 -1.51094e-09
26687.5 -2.78175e-08 -4.27967e-09
26689.5 -1.2881e-08 -8.95006e-10
26691.5 2.05809e-08 3.60498e-09
26693.5 2.27022e-08 2.51259e-09
26695.5 -9.47665e-09 -2.44557e-09
26697.5 -2.77561e-08 -3.72274e-09
26699.4 -4.82866e-09 6.71191e-10
26701.4 2.50702e-08 4.1776e-09
26703.4 1.74253e-08 1.58056e-09
26705.4 -1.61388e-08 -3.1329e-09
26707.4 -2.5384e-08 -2.78769e-09
26709.4 3.48947e-09 2.16059e-09
26711.4 2.73861e-08 4.31287e-09
26713.4 1.0777e-08 4.842e-10
26715.4 -2.13383e-08 -3.49034e-09
26717.4 -2.09195e-08 -1.55266e-09
26719.4 1.13897e-08 3.43772e-09
26721.4 2.73834e-08 4.00858e-09
26723.4 3.3487e-09 -6.53795e-10
26725.4 -2.46485e-08 -3.46545e-09
26727.4 -1.47533e-08 -1.24513e-10
26729.4 1.8232e-08 4.38746e-09
26731.4 2.51113e-08 3.30599e-09
26733.4 -4.21346e-09 -1.70492e-09
26735.4 -2.58084e-08 -3.04202e-09
26737.4 -7.41433e-09 1.37012e-09
26739.4 2.34721e-08 4.92509e-09
26741.4 2.08059e-08 2.28514e-09
26743.4 -1.12633e-08 -2.54828e-09
26745.4 -2.47417e-08 -2.24346e-09
26747.4 4.76705e-10 2.79524e-09
26749.4 2.67061e-08 5.00338e-09
26751.4 1.48681e-08 1.05635e-09
26753.3 -1.72081e-08 -3.08362e-09
26755.3 -2.15611e-08 -1.13241e-09
26757.3 8.26055e-09 4.017e-09
26759.3 2.77021e-08 4.61639e-09
26761.3 7.82813e-09 -2.50909e-10
26763.3 -2.15578e-08 -3.24213e-09
26765.3 -1.65555e-08 1.93811e-10
26767.3 1.52949e-08 4.91589e-09
26769.3 2.64169e-08 3.80019e-09
26771.3 2.99087e-10 -1.50056e-09
26773.3 -2.39639e-08 -2.99384e-09
26775.3 -1.01638e-08 1.61174e-09
26777.3 2.10074e-08 5.39832e-09
26779.3 2.29969e-08 2.63023e-09
26781.3 -7.07551e-09 -2.56246e-09
26783.3 -2.42472e-08 -2.35077e-09
26785.3 -2.93689e-09 2.98362e-09
26787.3 2.4942e-08 5.40662e-09
26789.3 1.77625e-08 1.21549e-09
26791.3 -1.36765e-08 -3.32431e-09
26793.3 -2.24114e-08 -1.36588e-09
26795.3 4.50959e-09 4.17091e-09
26797.3 2.67949e-08 4.92593e-09
26799.3 1.11785e-08 -3.10571e-10
26801.3 -1.89609e-08 -3.70212e-09
26803.3 -1.86399e-08 -1.28376e-10
26805.2 1.1547e-08 5.04797e-09
26807.2 2.64374e-08 3.98684e-09
26809.2 3.81305e-09 -1.80199e-09
26811.2 -2.25063e-08 -3.64863e-09
26813.2 -1.32789e-08 1.24414e-09
26815.2 1.75862e-08 5.51426e-09
26817.2 2.39242e-08 2.66343e-09
26819.2 -3.71087e-09 -3.11405e-09
26821.2 -2.40445e-08 -3.15889e-09
26823.2 -6.80592e-09 2.61589e-09
26825.2 2.21266e-08 5.50416e-09
26827.2 1.94868e-08 1.06682e-09
26829.2 -1.07682e-08 -4.11744e-09
26831.2 -2.34812e-08 -2.27205e-09
26833.2 2.12351e-10 3.84505e-09
26835.2 2.47968e-08 4.99371e-09
26837.2 1.35122e-08 -6.64691e-10
26839.2 -1.67831e-08 -4.7111e-09
26841.2 -2.09014e-08 -1.0689e-09
26843.2 7.16882e-09 4.79696e-09
26845.2 2.5385e-08 4.00395e-09
26847.2 6.50927e-09 -2.37793e-09
26849.2 -2.12764e-08 -4.83219e-09
26851.2 -1.65593e-08 3.35121e-10
26853.2 1.34677e-08 5.35752e-09
26855.2 2.38544e-08 2.60066e-09
26857.2 -9.35128e-10 -3.91819e-09
26859.1 -2.39031e-08 -4.46226e-09
26861.1 -1.08547e-08 1.80074e-09
26863.1 1.85747e-08 5.44537e-09
26865.1 2.03451e-08 8.90319e-10
26867.1 -8.20528e-09 -5.14279e-09
26869.1 -2.44797e-08 -3.62909e-09
26871.1 -4.29661e-09 3.17835e-09
26873.1 2.20609e-08 5.02144e-09
26875.1 1.51604e-08 -9.87836e-10
26877.1 -1.47079e-08 -5.93374e-09
26879.1 -2.29965e-08 -2.40445e-09
26881.1 2.5402e-09 4.32257e-09
26883.1 2.36384e-08 4.09447e-09
26885.1 8.74026e-09 -2.87327e-09
26887.1 -1.99208e-08 -6.20899e-09
26889.1 -1.96155e-08 -8.98141e-10
26891.1 9.0654e-09 5.10624e-09
26893.1 2.3183e-08 2.72175e-09
26895.1 1.62357e-09 -4.59834e-09
26897.1 -2.34343e-08 -5.93082e-09
26899.1 -1.46542e-08 7.51249e-10
26901.1 1.4723e-08 5.43276e-09
26903.1 2.07435e-08 1.00502e-09
26905.1 -5.59688e-09 -6.00394e-09
26907.1 -2.49837e-08 -5.11096e-09
26909.1 -8.55643e-09 2.38801e-09
26911 1.90381e-08 5.24546e-09
26913 1.65362e-08 -9.18105e-10
26915 -1.2324e-08 -6.95468e-09
26917 -2.4469e-08 -3.81104e-09
26919 -1.8533e-09 3.85305e-09
26921 2.16561e-08 4.53376e-09
26923 1.09255e-08 -2.88596e-09
26925 -1.80056e-08 -7.35215e-09
26927 -2.19606e-08 -2.13839e-09
26929 4.8822e-09 4.99841e-09
26931 2.23706e-08 3.33553e-09
26933 4.39176e-09 -4.72685e-09
26935 -2.21804e-08 -7.14471e-09
26937 -1.76922e-08 -2.37041e-10
26939 1.10832e-08 5.70161e-09
26941 2.11392e-08 1.73541e-09
26943 -2.5105e-09 -6.2739e-09
26945 -2.45154e-08 -6.3328e-09
26947 -1.20395e-08 1.72508e-09
26949 1.62355e-08 5.87813e-09
26951 1.80839e-08 -1.40995e-10
26953 -9.19997e-09 -7.37974e-09
26955 -2.4833e-08 -4.96966e-09
26957 -5.48831e-09 3.57145e-09
26959 1.99194e-08 5.49083e-09
26961 1.34793e-08 -2.13672e-09
26963 -1.51179e-08 -7.92974e-09
26964.9 -2.31244e-08 -3.1573e-09
26966.9 1.40676e-09 5.13325e-09
26968.9 2.18428e-08 4.55486e-09
26970.9 7.72711e-09 -4.07665e-09
26972.9 -1.97744e-08 -7.85313e-09
26974.9 -1.95488e-08 -1.03848e-09
26976.9 8.06918e-09 6.2647e-09
26978.9 2.18647e-08 3.13755e-09
26980.9 1.32206e-09 -5.78301e-09
26982.9 -2.27886e-08 -7.13072e-09
26984.9 -1.44183e-08 1.21469e-09
26986.9 1.39488e-08 6.85631e-09
26988.9 2.0005e-08 1.35301e-09
26990.9 -5.19032e-09 -7.09198e-09
26992.9 -2.39186e-08 -5.79869e-09
26994.9 -8.16968e-09 3.41468e-09
26996.9 1.85679e-08 6.84472e-09
26998.9 1.64421e-08 -6.4775e-10
27000.9 -1.12589e-08 -7.86952e-09
27002.9 -2.30797e-08 -3.94753e-09
27004.9 -1.32654e-09 5.37408e-09
27006.9 2.15602e-08 6.21855e-09
27008.9 1.14966e-08 -2.69031e-09
27010.9 -1.63727e-08 -8.02488e-09
27012.9 -2.03498e-08 -1.71601e-09
27014.9 5.5451e-09 6.92156e-09
27016.8 2.27004e-08 5.02009e-09
27018.8 5.60314e-09 -4.59234e-09
27020.8 -2.01028e-08 -7.51999e-09
27022.8 -1.59614e-08 7.19778e-10
27024.8 1.1884e-08 7.9173e-09
27026.8 2.19213e-08 3.34256e-09
27028.8 -7.2731e-10 -6.17954e-09
27030.8 -2.2138e-08 -6.37395e-09
27032.8 -1.02812e-08 3.16135e-09
27034.8 1.71796e-08 8.26621e-09
27036.8 1.93164e-08 1.32326e-09
27038.8 -6.95135e-09 -7.30089e-09
27040.8 -2.23101e-08 -4.66209e-09
27042.8 -3.77994e-09 5.40536e-09
27044.8 2.10127e-08 7.92776e-09
27046.8 1.51302e-08 -8.67064e-10
27048.8 -1.25397e-08 -7.84189e-09
27050.8 -2.06079e-08 -2.50995e-09
27052.8 3.00727e-09 7.26183e-09
27054.8 2.30883e-08 6.92102e-09
27056.8 9.73528e-09 -3.03831e-09
27058.8 -1.70216e-08 -7.73506e-09
27060.8 -1.71769e-08 -8.30868e-11
27062.8 9.52484e-09 8.57118e-09
27064.8 2.32587e-08 5.32406e-09
27066.8 3.59944e-09 -4.99738e-09
27068.8 -2.00241e-08 -6.96692e-09
27070.7 -1.23066e-08 2.42638e-09
27072.7 1.52427e-08 9.21824e-09
27074.7 2.15335e-08 3.26768e-09
27076.7 -2.75387e-09 -6.56564e-09
27078.7 -2.1302e-08 -5.58085e-09
27080.7 -6.40531e-09 4.81532e-09
27082.7 1.96998e-08 9.14228e-09
27084.7 1.80776e-08 9.23924e-10
27086.7 -8.78949e-09 -7.59572e-09
27088.7 -2.07569e-08 -3.67517e-09
27090.8 1.06497e-09 7.16715e-09
27092.8 2.30896e-08 7.9169e-09
27094.9 1.04935e-08 -2.65106e-09
27097 -1.67603e-08 -7.83979e-09
27099 -1.55387e-08 5.96799e-10
27101.1 1.22148e-08 9.35515e-09
27103.2 2.25855e-08 4.56499e-09
27105.2 -8.18008e-10 -6.2431e-09
27107.3 -2.09548e-08 -5.97921e-09
27109.4 -5.97997e-09 4.97638e-09
27111.4 2.03877e-08 9.3083e-09
27113.5 1.64222e-08 1.24028e-10
27115.6 -1.1597e-08 -8.09278e-09
27117.6 -1.93518e-08 -2.34066e-09
27119.7 5.38913e-09 8.30725e-09
27121.8 2.34477e-08 6.99384e-09
27123.8 6.24073e-09 -4.25773e-09
27125.9 -1.90192e-08 -7.68552e-09
27128 -1.24055e-08 2.14067e-09
27130 1.55644e-08 9.68426e-09
27132.1 2.06019e-08 2.97414e-09
27134.2 -5.28086e-09 -7.43426e-09
27136.2 -2.1166e-08 -5.10315e-09
27138.3 -1.98125e-09 6.28454e-09
27140.4 2.186e-08 8.70012e-09
27142.4 1.26025e-08 -1.73276e-09
27144.5 -1.51355e-08 -8.56653e-09
27146.5 -1.75233e-08 -1.0106e-09
27148.6 9.14186e-09 8.97728e-09
27150.7 2.26127e-08 5.56221e-09
27152.7 1.54176e-09 -5.91695e-09
27154.8 -2.07774e-08 -7.34985e-09
27156.9 -9.10751e-09 3.51358e-09
27158.9 1.80074e-08 9.47003e-09
27161 1.76146e-08 1.04644e-09
27163.1 -9.70258e-09 -8.49551e-09
27165.1 -2.07862e-08 -4.10132e-09
27167.2 1.8109e-09 7.25947e-09
27169.3 2.22598e-08 7.583e-09
27171.3 8.16136e-09 -3.70161e-09
27173.4 -1.82252e-08 -8.80142e-09
27175.5 -1.5232e-08 3.17768e-10
27177.5 1.23117e-08 9.20656e-09
27179.6 2.0761e-08 3.76041e-09
27181.7 -3.29384e-09 -7.46628e-09
27183.7 -2.18539e-08 -6.76439e-09
27185.8 -5.64693e-09 4.72599e-09
27187.9 1.95965e-08 8.79765e-09
27189.9 1.38841e-08 -1.04035e-09
27192 -1.37886e-08 -9.28283e-09
27194.1 -1.9713e-08 -2.9339e-09
27196.1 5.38652e-09 7.93376e-09
27198.2 2.17232e-08 6.09218e-09
27200.2 3.40872e-09 -5.59705e-09
27202.3 -2.06292e-08 -8.69416e-09
27204.4 -1.24446e-08 1.66308e-09
27206.4 1.49203e-08 9.06035e-09
27208.5 1.81129e-08 1.75658e-09
27210.6 -7.95156e-09 -8.74336e-09
27212.6 -2.20935e-08 -5.87407e-09
27214.7 -2.02965e-09 5.79267e-09
27216.8 2.04172e-08 7.77089e-09
27218.8 9.69475e-09 -3.10716e-09
27220.9 -1.72644e-08 -9.67699e-09
27223 -1.78751e-08 -1.5835e-09
27225 8.7408e-09 8.3413e-09
27227.1 2.04157e-08 4.36933e-09
27229.2 -1.34395e-09 -7.25016e-09
27231.2 -2.21468e-08 -8.17301e-09
27233.3 -9.15408e-09 3.02942e-09
27235.4 1.70033e-08 8.61228e-09
27237.4 1.49078e-08 -2.78575e-10
27239.5 -1.2137e-08 -9.60614e-09
27241.6 -2.13845e-08 -4.64485e-09
27243.6 1.72335e-09 6.73282e-09
27245.7 2.05745e-08 6.51236e-09
27247.8 5.33456e-09 -4.97228e-09
27249.8 -1.98929e-08 -9.57388e-09
27251.9 -1.52418e-08 -3.59873e-11
27254 1.18677e-08 8.53772e-09
27256 1.85208e-08 2.57824e-09
27258.1 -5.79893e-09 -8.49336e-09
27260.1 -2.26237e-08 -7.17694e-09
27262.2 -5.38173e-09 4.42948e-09
27264.3 1.86081e-08 7.96062e-09
27266.3 1.13963e-08 -2.16454e-09
27268.4 -1.55854e-08 -9.92788e-09
27270.5 -1.96608e-08 -3.05749e-09
27272.5 5.57923e-09 7.57123e-09
27274.6 2.01911e-08 5.1522e-09
27276.7 1.08896e-09 -6.4726e-09
27278.7 -2.14786e-08 -8.90793e-09
27280.8 -1.18204e-08 1.69427e-09
27282.9 1.47627e-08 8.56579e-09
27284.9 1.62348e-08 8.574e-10
27287 -9.68194e-09 -9.2139e-09
27289.1 -2.19582e-08 -5.70829e-09
27291.1 -1.18077e-09 5.82974e-09
27293.2 1.9784e-08 7.16447e-09
27295.3 7.81965e-09 -3.7824e-09
27297.3 -1.80839e-08 -9.66714e-09
27299.4 -1.69216e-08 -1.17221e-09
27301.5 1.0327e-08 8.38426e-09
27303.7 1.87162e-08 2.99001e-09
27305.8 -5.73295e-09 -8.29101e-09
27307.9 -2.20486e-08 -6.55122e-09
27310.1 -2.88679e-09 5.3176e-09
27312.2 1.97283e-08 7.48052e-09
27314.3 8.01571e-09 -3.63931e-09
27316.5 -1.83506e-08 -9.39075e-09
27318.6 -1.51898e-08 -1.21439e-10
27320.8 1.22562e-08 8.6813e-09
27322.9 1.81213e-08 2.32819e-09
27325 -7.32737e-09 -8.49589e-09
27327.2 -2.14277e-08 -5.6367e-09
27329.3 -5.2714e-10 6.14654e-09
27331.4 2.04584e-08 7.17054e-09
27333.6 6.4934e-09 -4.22161e-09
27335.7 -1.89649e-08 -8.91053e-09
27337.8 -1.32454e-08 9.83717e-10
27340 1.41387e-08 8.93201e-09
27342.1 1.74378e-08 1.68436e-09
27344.2 -8.77616e-09 -8.56549e-09
27346.4 -2.05554e-08 -4.61801e-09
27348.5 1.87144e-09 6.94721e-09
27350.6 2.10404e-08 6.81517e-09
27352.8 4.96256e-09 -4.72796e-09
27354.9 -1.93672e-08 -8.30387e-09
27357.1 -1.11693e-08 2.10396e-09
27359.2 1.58939e-08 9.10452e-09
27361.3 1.66114e-08 1.03643e-09
27363.5 -1.01252e-08 -8.52922e-09
27365.6 -1.95001e-08 -3.53943e-09
27367.7 4.22588e-09 7.67503e-09
27369.9 2.14099e-08 6.38171e-09
27372 3.38138e-09 -5.18979e-09
27374.1 -1.96088e-08 -7.61615e-09
27376.3 -9.03631e-09 3.18608e-09
27378.4 1.7451e-08 9.15508e-09
27380.5 1.55981e-08 3.49689e-10
27382.7 -1.14114e-08 -8.42968e-09
27384.8 -1.8321e-08 -2.45598e-09
27387 6.46517e-09 8.27857e-09
27389.1 2.15165e-08 5.83224e-09
27391.2 1.71994e-09 -5.64396e-09
27393.4 -1.97314e-08 -6.89646e-09
27395.5 -6.91005e-09 4.1775e-09
27397.6 1.87528e-08 9.04419e-09
27399.8 1.43668e-08 -4.05397e-10
27401.9 -1.26621e-08 -8.30368e-09
27404 -1.7068e-08 -1.41354e-09
27406.2 8.52992e-09 8.71995e-09
27408.3 2.13223e-08 5.14439e-09
27410.4 -4.14467e-11 -6.11184e-09
27412.6 -1.97683e-08 -6.17711e-09
27414.7 -4.8447e-09 5.046e-09
27416.9 1.97542e-08 8.75533e-09
27419 1.28979e-08 -1.23576e-09
27421.1 -1.38955e-08 -8.16615e-09
27423.3 -1.57823e-08 -4.34635e-10
27425.4 1.03727e-08 8.98681e-09
27427.5 2.0803e-08 4.32109e-09
27429.7 -1.91053e-09 -6.59162e-09
27431.8 -1.97422e-08 -5.46812e-09
27433.9 -2.88105e-09 5.78255e-09
27436.1 2.04268e-08 8.29507e-09
27438.2 1.11885e-08 -2.12769e-09
27440.3 -1.51147e-08 -8.01405e-09
27442.5 -1.44886e-08 4.75584e-10
27444.6 1.19662e-08 9.08414e-09
27446.8 1.99569e-08 3.38069e-09
27448.9 -3.87418e-09 -7.06929e-09
27451 -1.96559e-08 -4.76903e-09
27453.2 -1.03716e-09 6.38852e-09
27455.3 2.07683e-08 7.67951e-09
27457.4 9.26187e-09 -3.06055e-09
27459.6 -1.62995e-08 -7.83947e-09
27461.7 -1.31882e-08 1.3167e-09
27463.8 1.33104e-08 9.02196e-09
27466 1.88101e-08 2.34532e-09
27468.2 -6.85441e-09 -7.68508e-09
27470.4 -1.90782e-08 -3.33362e-09
27472.6 3.73497e-09 7.63867e-09
27474.8 2.10997e-08 5.72039e-09
27477 2.20458e-09 -5.70995e-09
27479.2 -1.95109e-08 -6.38991e-09
27481.4 -5.63377e-09 4.85026e-09
27483.7 1.91715e-08 8.01668e-09
27485.9 1.08967e-08 -2.54594e-09
27488.1 -1.58369e-08 -8.11677e-09
27490.3 -1.37203e-08 1.1581e-09
27492.5 1.34135e-08 8.77084e-09
27494.7 1.74163e-08 1.16603e-09
27496.9 -8.84859e-09 -8.18955e-09
27499.1 -1.88945e-08 -2.72054e-09
27501.3 4.99661e-09 7.82305e-09
27503.5 2.04096e-08 4.67848e-09
27505.8 -1.72553e-11 -6.61026e-09
27508 -2.01333e-08 -6.03441e-09
27510.2 -4.3694e-09 5.34724e-09
27512.4 1.92519e-08 7.28381e-09
27514.6 8.81369e-09 -3.70584e-09
27516.8 -1.72268e-08 -8.14461e-09
27519 -1.27893e-08 1.81667e-09
27521.2 1.41722e-08 8.45257e-09
27523.4 1.58102e-08 -6.3551e-11
27525.7 -1.08156e-08 -8.64872e-09
27527.9 -1.85718e-08 -2.08824e-09
27530.1 6.2016e-09 7.93709e-09
27532.3 1.95244e-08 3.58407e-09
27534.5 -2.25328e-09 -7.45902e-09
27536.7 -2.05738e-08 -5.61218e-09
27538.9 -3.04248e-09 5.82058e-09
27541.1 1.91888e-08 6.50251e-09
27543.3 6.67563e-09 -4.81966e-09
27545.5 -1.84304e-08 -8.07182e-09
27547.8 -1.16903e-08 2.5022e-09
27550 1.48696e-08 8.09933e-09
27552.2 1.41243e-08 -1.25955e-09
27554.4 -1.26233e-08 -8.98926e-09
27556.6 -1.80031e-08 -1.37938e-09
27558.8 7.44753e-09 8.04109e-09
27561 1.85613e-08 2.51031e-09
27563.2 -4.37599e-09 -8.18624e-09
27565.4 -2.07264e-08 -5.06953e-09
27567.7 -1.5666e-09 6.32043e-09
27569.9 1.90818e-08 5.73544e-09
27572.1 4.60114e-09 -5.82062e-09
27574.3 -1.9342e-08 -7.84469e-09
27576.5 -1.03441e-08 3.25986e-09
27578.7 1.55872e-08 7.7658e-09
27580.9 1.24634e-08 -2.35775e-09
27583.1 -1.41674e-08 -9.15469e-09
27585.3 -1.71123e-08 -5.48981e-10
27587.5 8.8006e-09 8.18462e-09
27589.8 1.76087e-08 1.51867e-09
27592 -6.28533e-09 -8.73246e-09
27594.2 -2.05145e-08 -4.35937e-09
27596.4 1.13831e-10 6.89254e-09
27598.6 1.90013e-08 5.03924e-09
27600.8 2.6824e-09 -6.64939e-09
27603 -1.98826e-08 -7.41531e-09
27605.2 -8.6998e-09 4.13051e-09
27607.4 1.63793e-08 7.49996e-09
27609.6 1.09082e-08 -3.30472e-09
27611.9 -1.53678e-08 -9.10075e-09
27614.1 -1.58483e-08 4.35851e-10
27616.3 1.03017e-08 8.4022e-09
27618.5 1.67311e-08 6.49767e-10
27620.7 -7.90424e-09 -9.06318e-09
27622.9 -1.98852e-08 -3.4607e-09
27625.1 2.02949e-09 7.55405e-09
27627.3 1.8993e-08 4.43602e-09
27629.5 9.85921e-10 -7.28669e-09
27631.8 -2.00004e-08 -6.77759e-09
27634 -6.73571e-09 5.11215e-09
27636.2 1.7269e-08 7.30259e-09
27638.4 9.50493e-09 -4.0995e-09
27640.6 -1.6181e-08 -8.83722e-09
27642.8 -1.42e-08 1.55505e-09
27645 1.19488e-08 8.67433e-09
27647.2 1.59456e-08 -1.1335e-10
27649.4 -9.2082e-09 -9.2024e-09
27651.6 -1.88422e-08 -2.40795e-09
27653.9 4.15079e-09 8.2692e-09
27656.1 1.90364e-08 3.89421e-09
27658.3 -4.9388e-10 -7.76714e-09
27660.5 -1.97204e-08 -5.97533e-09
27662.7 -4.50999e-09 6.15826e-09
27664.9 1.81949e-08 7.13217e-09
27667.1 8.20955e-09 -4.78306e-09
27669.3 -1.66593e-08 -8.41246e-09
27671.5 -1.22535e-08 2.75624e-09
27673.7 1.36405e-08 8.95342e-09
27676 1.5166e-08 -8.1497e-10
27678.2 -1.02802e-08 -9.19996e-09
27680.4 -1.74969e-08 -1.25659e-09
27682.6 6.34288e-09 8.98588e-09
27684.8 1.90062e-08 3.3667e-09
27687 -1.86989e-09 -8.14166e-09
27689.2 -1.91737e-08 -5.06692e-09
27691.4 -2.18095e-09 7.21098e-09
27693.6 1.90009e-08 6.93639e-09
27695.9 6.88425e-09 -5.40965e-09
27698.1 -1.69461e-08 -7.88968e-09
27700.3 -1.01782e-08 3.97292e-09
27702.5 1.52024e-08 9.17772e-09
27704.7 1.42377e-08 -1.51653e-09
27706.9 -1.1268e-08 -9.12655e-09
27709.1 -1.60174e-08 -8.44424e-11
27711.3 8.42614e-09 9.62903e-09
27713.5 1.87408e-08 2.78122e-09
27715.7 -3.28696e-09 -8.48997e-09
27718 -1.8517e-08 -4.14192e-09
27720.2 7.90511e-11 8.1808e-09
27722.4 1.95273e-08 6.63077e-09
27724.6 5.3924e-09 -6.06722e-09
27726.8 -1.71804e-08 -7.36704e-09
27729 -8.13014e-09 5.10427e-09
27731.2 1.64836e-08 9.25293e-09
27733.4 1.30352e-08 -2.31036e-09
27735.6 -1.22901e-08 -9.08211e-09
27737.8 -1.45381e-08 1.00401e-09
27740.1 1.02634e-08 1.0101e-08
27742.3 1.81259e-08 2.0476e-09
27744.5 -4.84399e-09 -8.90487e-09
27746.7 -1.78612e-08 -3.29794e-09
27748.9 2.14915e-09 8.97592e-09
27751.1 1.96708e-08 6.13516e-09
27753.3 3.65197e-09 -6.83238e-09
27755.5 -1.74498e-08 -6.92448e-09
27757.7 -6.21187e-09 6.07416e-09
27760 1.73915e-08 9.11622e-09
27762.2 1.14903e-08 -3.2501e-09
27764.4 -1.34122e-08 -9.12088e-09
27766.6 -1.31412e-08 1.95599e-09
27768.8 1.17742e-08 1.0361e-08
27771 1.71062e-08 1.13797e-09
27773.2 -6.58528e-09 -9.41141e-09
27775.4 -1.72653e-08 -2.56069e-09
27777.6 3.96455e-09 9.57893e-09
27779.8 1.93889e-08 5.4459e-09
27782.1 1.64014e-09 -7.70283e-09
27784.3 -1.77863e-08 -6.56155e-09
27786.5 -4.46734e-09 6.88644e-09
27788.7 1.78993e-08 8.78314e-09
27790.9 9.60251e-09 -4.31205e-09
27793.1 -1.46355e-08 -9.2208e-09
27795.3 -1.18437e-08 2.79224e-09
27797.5 1.29507e-08 1.04374e-08
27799.7 1.57034e-08 8.96696e-11
27802 -8.47941e-09 -9.97246e-09
27804.2 -1.67136e-08 -1.8974e-09
27806.4 5.54012e-09 1.00255e-08
27808.6 1.87252e-08 4.6069e-09
27810.8 -5.7996e-10 -8.63255e-09
27813 -1.81389e-08 -6.23733e-09
27815.2 -2.85608e-09 7.58067e-09
27817.4 1.80696e-08 8.29973e-09
27819.6 7.46188e-09 -5.44564e-09
27821.8 -1.58749e-08 -9.33495e-09
27824.1 -1.05785e-08 3.55577e-09
27826.3 1.38712e-08 1.03772e-08
27828.5 1.40267e-08 -1.04409e-09
27830.7 -1.04128e-08 -1.05356e-08
27832.9 -1.61145e-08 -1.26021e-09
27835.1 6.9657e-09 1.03647e-08
27837.3 1.77981e-08 3.674e-09
27839.5 -2.87542e-09 -9.56333e-09
27841.7 -1.83952e-08 -5.89738e-09
27843.9 -1.2807e-09 8.21029e-09
27846.2 1.80206e-08 7.72504e-09
27848.4 5.2094e-09 -6.58719e-09
27850.6 -1.70035e-08 -9.40175e-09
27852.8 -9.2438e-09 4.30531e-09
27855 1.46464e-08 1.02425e-08
27857.2 1.2214e-08 -2.19582e-09
27859.4 -1.2251e-08 -1.10336e-08
27861.6 -1.53632e-08 -5.86143e-10
27863.8 8.34039e-09 1.06601e-08
27866.1 1.67329e-08 2.71529e-09
27868.3 -5.11206e-09 -1.04262e-08
27870.5 -1.84491e-08 -5.47743e-09
27872.7 3.45984e-10 8.83699e-09
27874.9 1.78594e-08 7.12366e-09
27877.1 2.97172e-09 -7.67052e-09
27879.3 -1.79144e-08 -9.35957e-09
27881.5 -7.76184e-09 5.09742e-09
27883.7 1.53625e-08 1.00905e-08
27885.9 1.03779e-08 -3.30629e-09
27888.2 -1.38884e-08 -1.1411e-08
27890.4 -1.43877e-08 1.73899e-10
27892.6 9.73069e-09 1.09589e-08
27894.8 1.56237e-08 1.78042e-09
27897 -7.18862e-09 -1.11733e-08
27899.2 -1.823e-08 -4.93624e-09
27901.4 2.07462e-09 9.4981e-09
27903.6 1.76581e-08 6.53511e-09
27905.8 8.41157e-10 -8.65517e-09
27908 -1.85369e-08 -9.17339e-09
27910.3 -6.09225e-09 5.9616e-09
27912.5 1.60695e-08 9.95188e-09
27914.7 8.59669e-09 -4.34134e-09
27916.9 -1.52544e-08 -1.16363e-08
27919.1 -1.3152e-08 1.04497e-09
27921.3 1.11673e-08 1.12856e-08
27923.5 1.453e-08 8.98638e-10
27925.7 -9.03755e-09 -1.17747e-08
27927.9 -1.77018e-08 -4.25012e-09
27930.2 3.92199e-09 1.02142e-08
27932.4 1.74558e-08 5.98423e-09
27934.6 -1.1221e-09 -9.51305e-09
27936.8 -1.88317e-08 -8.8197e-09
27939 -4.22524e-09 6.91567e-09
27941.2 1.67873e-08 9.8464e-09
27943.4 6.91861e-09 -5.27657e-09
27945.6 -1.6307e-08 -1.16876e-08
27947.8 -1.16467e-08 2.04153e-09
27950 1.26548e-08 1.16528e-08
27952.3 1.34848e-08 8.68341e-11
27954.5 -1.06172e-08 -1.22138e-08
27956.7 -1.68514e-08 -3.41015e-09
27958.9 5.88276e-09 1.09884e-08
27961.1 1.72681e-08 5.47639e-09
27963.3 -2.88242e-09 -1.02369e-08
27965.5 -1.87822e-08 -8.2979e-09
27967.7 -2.17157e-09 7.95151e-09
27969.9 1.75138e-08 9.76512e-09
27972.1 5.36669e-09 -6.11778e-09
27974.4 -1.703e-08 -1.15747e-08
27976.6 -9.8863e-09 3.14393e-09
27978.8 1.41736e-08 1.20371e-08
27981 1.24919e-08 -6.75059e-10
27983.2 -1.19192e-08 -1.25114e-08
27985.4 -1.56982e-08 -2.44596e-09
27987.6 7.91991e-09 1.17849e-08
27989.8 1.70744e-08 4.97871e-09
27992 -4.44739e-09 -1.08568e-08
27994.3 -1.84169e-08 -7.64441e-09
27996.5 1.41946e-11 9.02513e-09
27998.7 1.82003e-08 9.66576e-09
28000.9 3.90978e-09 -6.90168e-09
28003.1 -1.74659e-08 -1.13371e-08
28005.3 -7.94257e-09 4.30484e-09
28007.5 1.56469e-08 1.23906e-08
28009.7 1.14921e-08 -1.42748e-09
28011.9 -1.30038e-08 -1.27063e-08
28014.1 -1.43303e-08 -1.40407e-09
28016.4 9.93136e-09 1.25537e-08
28018.6 1.6787e-08 4.44838e-09
28020.8 -5.89662e-09 -1.14105e-08
28023 -1.78365e-08 -6.90272e-09
28025.2 2.21095e-09 1.00862e-08
28027.4 1.87349e-08 9.50259e-09
28029.6 2.45106e-09 -7.66588e-09
28031.8 -1.77236e-08 -1.10153e-08
28034 -5.947e-09 5.47374e-09
28036.3 1.69457e-08 1.26628e-08
28038.5 1.03759e-08 -2.212e-09
28040.7 -1.39819e-08 -1.28393e-08
28042.9 -1.28796e-08 -3.3599e-10
28045.1 1.17809e-08 1.32377e-08
28047.3 1.62899e-08 3.83559e-09
28049.5 -7.33703e-09 -1.19422e-08
28051.7 -1.71647e-08 -6.12628e-09
28053.9 4.28512e-09 1.10706e-08
28056.1 1.90016e-08 9.21503e-09
28058.4 8.91888e-10 -8.46194e-09
28060.6 -1.7911e-08 -1.06652e-08
28062.8 -4.02201e-09 6.58198e-09
28065 1.79596e-08 1.27836e-08
28067.2 9.05552e-09 -3.08807e-09
28069.4 -1.49422e-08 -1.29673e-08
28071.6 -1.14512e-08 6.89993e-10
28073.8 1.33677e-08 1.37623e-08
28076 1.55065e-08 3.07579e-09
28078.2 -8.83746e-09 -1.25073e-08
28080.5 -1.64858e-08 -5.3767e-09
28082.7 6.14825e-09 1.19078e-08
28084.9 1.89336e-08 8.73957e-09
28087.1 -8.18659e-10 -9.33932e-09
28089.3 -1.80906e-08 -1.03353e-08
28091.5 -2.24157e-09 7.57205e-09
28093.7 1.86304e-08 1.26981e-08
28095.9 7.49448e-09 -4.09462e-09
28098.1 -1.59258e-08 -1.31211e-08
28100.4 -1.01026e-08 1.63654e-09
28102.6 1.4642e-08 1.40887e-08
28104.8 1.44115e-08 2.14436e-09
28107 -1.0419e-08 -1.31168e-08
28109.2 -1.58382e-08 -4.66744e-09
28111.4 7.7604e-09 1.25793e-08
28113.6 1.8515e-08 8.06765e-09
28115.8 -2.68306e-09 -1.02903e-08
28118 -1.82793e-08 -1.00157e-08
28120.2 -6.32188e-10 8.44669e-09
28122.5 1.89512e-08 1.24133e-08
28124.7 5.70757e-09 -5.20895e-09
28126.9 -1.69251e-08 -1.32714e-08
28129.1 -8.84188e-09 2.52545e-09
28131.3 1.56074e-08 1.42364e-08
28133.5 1.30355e-08 1.07373e-09
28135.7 -1.20484e-08 -1.37283e-08
28137.9 -1.52064e-08 -3.96191e-09
28140.1 9.13908e-09 1.31141e-08
28142.3 1.77904e-08 7.23614e-09
28144.6 -4.64333e-09 -1.12659e-08
28146.8 -1.84343e-08 -9.65992e-09
28149 8.40742e-10 9.24156e-09
28151.2 1.8979e-08 1.19667e-08
28153.4 3.77364e-09 -6.38081e-09
28155.6 -1.78702e-08 -1.3366e-08
28157.8 -7.61491e-09 3.39752e-09
28160 1.63311e-08 1.42425e-08
28162.2 1.1472e-08 -8.79963e-11
28164.5 -1.36318e-08 -1.42868e-08
28166.7 -1.45167e-08 -3.21448e-09
28168.9 1.03591e-08 1.35495e-08
28171.1 1.68603e-08 6.29014e-09
28173.3 -6.58922e-09 -1.22101e-08
28175.5 -1.84645e-08 -9.2171e-09
28177.7 2.25763e-09 9.99628e-09
28179.9 1.88134e-08 1.14011e-08
28182.1 1.81001e-09 -7.55485e-09
28184.3 -1.86573e-08 -1.33491e-08
28186.6 -6.3378e-09 4.29664e-09
28188.8 1.6906e-08 1.41487e-08
28191 9.83546e-09 -1.28708e-09
28193.2 -1.50598e-08 -1.47332e-08
28195.4 -1.36835e-08 -2.3764e-09
28197.6 1.15033e-08 1.39269e-08
28199.8 1.5828e-08 5.27997e-09
28202 -8.4128e-09 -1.30637e-08
28204.2 -1.82847e-08 -8.6351e-09
28206.5 3.69e-09 1.07517e-08
28208.7 1.85414e-08 1.07613e-08
28210.9 -8.38275e-11 -8.6753e-09
28213.1 -1.92037e-08 -1.31683e-08
28215.3 -4.94906e-09 5.26181e-09
28217.5 1.74005e-08 1.3992e-08
28219.7 8.2116e-09 -2.47569e-09
28221.9 -1.62545e-08 -1.50184e-08
28224.1 -1.2653e-08 -1.41209e-09
28226.3 1.26221e-08 1.42743e-08
28228.6 1.47621e-08 4.24239e-09
28230.8 -1.00435e-08 -1.37843e-08
28233 -1.78467e-08 -7.88284e-09
28235.2 5.17385e-09 1.1527e-08
28237.4 1.8213e-08 1.00716e-08
28239.6 -1.84757e-09 -9.70872e-09
28241.8 -1.94655e-08 -1.27971e-08
28244 -3.42338e-09 6.30513e-09
28246.2 1.78468e-08 1.37852e-08
28248.4 6.64809e-09 -3.6299e-09
28250.7 -1.71763e-08 -1.51197e-08
28252.9 -1.14072e-08 -3.13624e-10
28255.1 1.37328e-08 1.45954e-08
28257.3 1.36961e-08 3.19236e-09
28259.5 -1.14475e-08 -1.4352e-08
28261.7 -1.71367e-08 -6.95331e-09
28263.9 6.7144e-09 1.23199e-08
28266.1 1.78474e-08 9.33897e-09
28268.3 -3.45416e-09 -1.0638e-08
28270.6 -1.94314e-08 -1.2227e-08
28272.8 -1.76385e-09 7.4217e-09
28275 1.82511e-08 1.35281e-08
28277.2 5.16389e-09 -4.73623e-09
28279.4 -1.78154e-08 -1.50268e-08
28281.6 -9.95368e-09 9.13688e-10
28283.8 1.48302e-08 1.48831e-08
28286 1.26401e-08 2.13718e-09
28288.2 -1.26162e-08 -1.47564e-08
28290.4 -1.61641e-08 -5.85152e-09
28292.7 8.29767e-09 1.31166e-08
28294.9 1.74455e-08 8.56134e-09
28297.1 -4.89738e-09 -1.14561e-08
28299.3 -1.91109e-08 -1.14634e-08
28301.5 9.12162e-12 8.59092e-09
28303.7 1.86043e-08 1.32063e-08
28305.9 3.7611e-09 -5.79562e-09
28308.1 -1.81812e-08 -1.47473e-08
28310.3 -8.31784e-09 2.24343e-09
28312.5 1.58944e-08 1.51099e-08
28314.8 1.15888e-08 1.06431e-09
28317 -1.35605e-08 -1.5009e-08
28319.2 -1.49587e-08 -4.60778e-09
28321.4 9.89193e-09 1.38779e-08
28323.6 1.69904e-08 7.71298e-09
28325.8 -6.19273e-09 -1.21798e-08
28328 -1.85383e-08 -1.05378e-08
28330.2 1.85091e-09 9.76635e-09
28332.4 1.88736e-08 1.27821e-08
28334.7 2.41468e-09 -6.83068e-09
28336.9 -1.83142e-08 -1.43108e-08
28339.1 -6.55715e-09 3.62762e-09
28341.3 1.68738e-08 1.52295e-08
28343.5 1.05031e-08 -5.43612e-11
28345.7 -1.43284e-08 -1.51361e-08
28347.9 -1.35894e-08 -3.26605e-09
28350.1 1.14264e-08 1.4554e-08
28352.3 1.64256e-08 6.76092e-09
28354.5 -7.39748e-09 -1.28319e-08
28356.8 -1.77914e-08 -9.48662e-09
28359 3.67456e-09 1.08991e-08
28361.2 1.89851e-08 1.22184e-08
28363.4 1.0583e-09 -7.86249e-09
28365.6 -1.82964e-08 -1.37456e-08
28367.8 -4.76893e-09 5.02128e-09
28370 1.76801e-08 1.52009e-08
28372.2 9.30898e-09 -1.24176e-09
28374.4 -1.50021e-08 -1.516e-08
28376.6 -1.21561e-08 -1.86646e-09
28378.9 1.2804e-08 1.51003e-08
28381.1 1.56721e-08 5.67673e-09
28383.3 -8.58902e-09 -1.34333e-08
28385.5 -1.69645e-08 -8.34593e-09
28387.7 5.38172e-09 1.19413e-08
28389.9 1.88585e-08 1.14786e-08
28392.1 -3.77544e-10 -8.91493e-09
28394.3 -1.82099e-08 -1.30855e-08
28396.5 -3.04509e-09 6.37453e-09
28398.8 1.82354e-08 1.49794e-08
28401 7.9464e-09 -2.52722e-09
28403.2 -1.56467e-08 -1.51133e-08
28405.4 -1.07377e-08 -4.58572e-10
28407.6 1.39531e-08 1.54659e-08
28409.8 1.46797e-08 4.42574e-09
28412 -9.81448e-09 -1.40143e-08
28414.2 -1.61192e-08 -7.16114e-09
28416.4 6.9099e-09 1.28409e-08
28418.6 1.84518e-08 1.05256e-08
28420.9 -1.92352e-09 -1.00139e-08
28423.1 -1.80971e-08 -1.23669e-08
28425.3 -1.43656e-09 7.6404e-09
28427.5 1.85046e-08 1.45295e-08
28429.7 6.39786e-09 -3.92916e-09
28431.9 -1.62857e-08 -1.50182e-08
28434.1 -9.37172e-09 9.22241e-10
28436.3 1.48446e-08 1.56221e-08
28438.5 1.34399e-08 2.99954e-09
28440.8 -1.10803e-08 -1.45801e-08
28443 -1.52774e-08 -5.95088e-09
28445.2 8.23688e-09 1.35798e-08
28447.4 1.77629e-08 9.36174e-09
28449.6 -3.5714e-09 -1.11465e-08
28451.8 -1.79628e-08 -1.15886e-08
28454 4.38061e-11 8.81346e-09
28456.2 1.84909e-08 1.38633e-08
28458.4 4.68368e-09 -5.41891e-09
28460.6 -1.69057e-08 -1.48543e-08
28462.9 -8.0578e-09 2.28363e-09
28465.1 1.54878e-08 1.55879e-08
28467.3 1.19832e-08 1.43755e-09
28469.5 -1.23546e-08 -1.50934e-08
28471.7 -1.4422e-08 -4.69517e-09
28473.9 9.38057e-09 1.41803e-08
28476.1 1.68308e-08 8.03087e-09
28478.3 -5.2721e-09 -1.22635e-08
28480.5 -1.77703e-08 -1.072e-08
28482.7 1.42564e-09 9.91709e-09
28485 1.82407e-08 1.30231e-08
28487.2 2.86735e-09 -6.94117e-09
28489.4 -1.74501e-08 -1.45817e-08
28491.6 -6.75214e-09 3.64954e-09
28493.8 1.59361e-08 1.53995e-08
28496 1.03832e-08 -2.04337e-10
28498.2 -1.35631e-08 -1.55067e-08
28500.4 -1.34942e-08 -3.36822e-09
28502.6 1.04003e-08 1.46715e-08
28504.9 1.57343e-08 6.58487e-09
28507.1 -6.93887e-09 -1.33116e-08
28509.3 -1.74472e-08 -9.73079e-09
28511.5 2.77298e-09 1.09744e-08
28513.7 1.78328e-08 1.20535e-08
28515.9 1.04123e-09 -8.43929e-09
28518.1 -1.78365e-08 -1.41629e-08
28520.3 -5.3876e-09 5.04034e-09
28522.5 1.62633e-08 1.5093e-08
28524.7 8.73041e-09 -1.86965e-09
28527 -1.46192e-08 -1.57746e-08
28529.2 -1.24257e-08 -1.94845e-09
28531.4 1.13619e-08 1.50805e-08
28533.6 1.45551e-08 5.07578e-09
28535.8 -8.4867e-09 -1.42391e-08
28538 -1.69263e-08 -8.595e-09
28540.2 4.14213e-09 1.2005e-08
28542.4 1.73351e-08 1.09978e-08
28544.6 -7.1723e-10 -9.85907e-09
28546.8 -1.80009e-08 -1.35665e-08
28549.1 -3.91731e-09 6.46988e-09
28551.3 1.65212e-08 1.4699e-08
28553.5 7.08997e-09 -3.50763e-09
28555.7 -1.54641e-08 -1.58609e-08
28557.9 -1.11778e-08 -4.25277e-10
28560.1 1.23011e-08 1.5424e-08
28562.3 1.33429e-08 3.54472e-09
28564.5 -9.86434e-09 -1.50078e-08
28566.7 -1.61751e-08 -7.30292e-09
28569 5.55495e-09 1.30118e-08
28571.2 1.67808e-08 9.8825e-09
28573.4 -2.36618e-09 -1.11649e-08
28575.6 -1.79158e-08 -1.27817e-08
28577.8 -2.33001e-09 7.93088e-09
28580 1.67269e-08 1.42277e-08
28582.2 5.49242e-09 -5.0894e-09
28584.4 -1.60743e-08 -1.57527e-08
28586.6 -9.74596e-09 1.18867e-09
28588.8 1.32208e-08 1.56965e-08
28591.1 1.21157e-08 2.01066e-09
28593.3 -1.10528e-08 -1.56029e-08
28595.5 -1.51929e-08 -5.86719e-09
28597.7 7.00319e-09 1.39778e-08
28599.9 1.61745e-08 8.71513e-09
28602.1 -3.89238e-09 -1.23412e-08
28604.3 -1.75816e-08 -1.18167e-08
28606.5 -6.41146e-10 9.40007e-09
28608.7 1.68724e-08 1.3675e-08
28610.9 3.94365e-09 -6.6009e-09
28613.2 -1.64507e-08 -1.54518e-08
28615.4 -8.14898e-09 2.86904e-09
28617.6 1.41026e-08 1.58834e-08
28619.8 1.08706e-08 4.82845e-10
28622 -1.20532e-08 -1.60204e-08
28624.2 -1.3998e-08 -4.30944e-09
28626.4 8.46114e-09 1.48801e-08
28628.6 1.5504e-08 7.49669e-09
28630.8 -5.29895e-09 -1.33813e-08
28633.1 -1.70144e-08 -1.06888e-08
28635.3 1.12001e-09 1.0848e-08
28637.5 1.69369e-08 1.30309e-08
28639.7 2.43664e-09 -8.03746e-09
28641.9 -1.66065e-08 -1.49713e-08
28644.1 -6.41655e-09 4.58239e-09
28646.3 1.49179e-08 1.59626e-08
28648.5 9.59452e-09 -1.04064e-09
28650.7 -1.28781e-08 -1.6271e-08
28652.9 -1.26191e-08 -2.66466e-09
28655.2 9.89429e-09 1.56846e-08
28657.4 1.47482e-08 6.21538e-09
28659.6 -6.60026e-09 -1.42954e-08
28661.8 -1.62419e-08 -9.43182e-09
28664 2.91381e-09 1.22322e-08
28666.2 1.68892e-08 1.22724e-08
28668.4 9.51384e-10 -9.41064e-09
28670.6 -1.65705e-08 -1.43416e-08
28672.8 -4.593e-09 6.28206e-09
28675.1 1.56249e-08 1.59014e-08
28677.3 8.25828e-09 -2.5737e-09
28679.5 -1.35592e-08 -1.63791e-08
28681.7 -1.1105e-08 -9.78264e-10
28683.9 1.12496e-08 1.63522e-08
28686.1 1.38665e-08 4.85448e-09
28688.3 -7.83327e-09 -1.51011e-08
28690.5 -1.53166e-08 -8.08528e-09
28692.7 4.67774e-09 1.35103e-08
28694.9 1.66768e-08 1.13799e-08
28697.2 -5.55305e-10 -1.07316e-08
28699.4 -1.63969e-08 -1.35928e-08
28701.6 -2.74721e-09 7.92628e-09
28703.8 1.61603e-08 1.56761e-08
28706 6.8128e-09 -4.12338e-09
28708.2 -1.41504e-08 -1.63651e-08
28710.4 -9.52595e-09 7.10936e-10
28712.6 1.24569e-08 1.68544e-08
28714.8 1.28051e-08 3.40713e-09
28717 -9.04845e-09 -1.58104e-08
28719.3 -1.43045e-08 -6.6834e-09
28721.5 6.33943e-09 1.46487e-08
28723.7 1.62432e-08 1.03421e-08
28725.9 -2.12822e-09 -1.2007e-08
28728.1 -1.61421e-08 -1.27539e-08
28730.3 -9.47456e-10 9.47655e-09
28732.5 1.64677e-08 1.52678e-08
28734.7 5.21988e-09 -5.69529e-09
28736.9 -1.46939e-08 -1.62519e-08
28739.2 -7.94009e-09 2.36212e-09
28741.4 1.34626e-08 1.71631e-08
28743.6 1.15319e-08 1.86557e-09
28745.8 -1.02728e-08 -1.64396e-08
28748 -1.32485e-08 -5.26513e-09
28750.2 7.85175e-09 1.56119e-08
28752.4 1.55614e-08 9.14735e-09
28754.6 -3.78064e-09 -1.32465e-08
28756.8 -1.58313e-08 -1.18565e-08
28759 7.68774e-10 1.08951e-08
28761.3 1.65236e-08 1.46612e-08
28763.5 3.47632e-09 -7.29149e-09
28765.7 -1.51976e-08 -1.60587e-08
28767.9 -6.37242e-09 3.94165e-09
28770.1 1.42466e-08 1.72617e-08
28772.3 1.00496e-08 2.34857e-10
28774.5 -1.14991e-08 -1.6992e-08
28776.7 -1.21594e-08 -3.85323e-09
28778.9 9.19923e-09 1.63855e-08
28781.1 1.46361e-08 7.80693e-09
28783.4 -5.49414e-09 -1.44363e-08
28785.6 -1.54597e-08 -1.09077e-08
28787.8 2.39314e-09 1.2173e-08
28790 1.63338e-08 1.38721e-08
28792.2 1.60794e-09 -8.88383e-09
28794.4 -1.56415e-08 -1.57746e-08
28796.6 -4.82084e-09 5.44904e-09
28798.8 1.48164e-08 1.71687e-08
28801 8.38832e-09 -1.44682e-09
28803.3 -1.26936e-08 -1.74399e-08
28805.5 -1.10212e-08 -2.43824e-09
28807.7 1.03935e-08 1.69883e-08
28809.9 1.35001e-08 6.36314e-09
28812.1 -7.22315e-09 -1.55358e-08
28814.3 -1.49958e-08 -9.88756e-09
28816.5 3.94499e-09 1.33285e-08
28818.7 1.59327e-08 1.29413e-08
28820.9 -3.30996e-10 -1.04239e-08
28823.1 -1.5978e-08 -1.53704e-08
28825.4 -3.25502e-09 6.90195e-09
28827.6 1.52087e-08 1.69187e-08
28829.8 6.60738e-09 -3.12929e-09
28832 -1.37947e-08 -1.77464e-08
28834.2 -9.79098e-09 -1.00195e-09
28836.4 1.14744e-08 1.74475e-08
28838.6 1.2214e-08 4.86291e-09
28840.8 -8.89632e-09 -1.65028e-08
28843 -1.4384e-08 -8.77562e-09
28845.3 5.46789e-09 1.43819e-08
28847.5 1.53789e-08 1.1909e-08
28849.7 -2.26526e-09 -1.1867e-08
28851.9 -1.61418e-08 -1.48215e-08
28854.1 -1.62784e-09 8.3159e-09
28856.3 1.54769e-08 1.65441e-08
28858.5 4.77948e-09 -4.76821e-09
28860.7 -1.47318e-08 -1.7882e-08
28862.9 -8.41884e-09 4.69666e-10
28865.1 1.24881e-08 1.77874e-08
28867.4 1.08422e-08 3.34749e-09
28869.6 -1.04437e-08 -1.73033e-08
28871.8 -1.35736e-08 -7.55673e-09
28874 7.00011e-09 1.53501e-08
28876.2 1.47242e-08 1.08107e-08
28878.4 -4.13097e-09 -1.31769e-08
28880.6 -1.60835e-08 -1.41102e-08
28882.8 9.12932e-11 9.70232e-09
28885 1.56581e-08 1.60723e-08
28887.2 2.95791e-09 -6.32812e-09
28889.5 -1.5459e-08 -1.78267e-08
28891.7 -6.88095e-09 1.98346e-09
28893.9 1.34569e-08 1.80258e-08
28896.1 9.42425e-09 1.84774e-09
28898.3 -1.18248e-08 -1.79166e-08
28900.5 -1.2546e-08 -6.2276e-09
28902.7 8.55034e-09 1.62407e-08
28904.9 1.39928e-08 9.66947e-09
28907.1 -5.89479e-09 -1.43339e-08
28909.4 -1.57878e-08 -1.32359e-08
28911.6 1.90031e-09 1.10587e-08
28913.8 1.57607e-08 1.55162e-08
28916 1.1671e-09 -7.79248e-09
28918.2 -1.59631e-08 -1.75814e-08
28920.4 -5.18648e-09 3.52872e-09
28922.6 1.43745e-08 1.81643e-08
28924.8 7.97398e-09 3.75569e-10
28927 -1.30277e-08 -1.83436e-08
28929.2 -1.13134e-08 -4.80421e-09
28931.5 1.01e-08 1.70451e-08
28933.7 1.31862e-08 8.49138e-09
28935.9 -7.54694e-09 -1.53381e-08
28938.1 -1.52664e-08 -1.22163e-08
28940.3 3.77179e-09 1.23681e-08
28942.5 1.57733e-08 1.48753e-08
28944.7 -5.86978e-10 -9.16009e-09
28946.9 -1.62525e-08 -1.71619e-08
28949.1 -3.36695e-09 5.08316e-09
28951.3 1.52168e-08 1.81959e-08
28953.6 6.49083e-09 -1.06735e-09
28955.8 -1.40567e-08 -1.85963e-08
28958 -9.90622e-09 -3.31106e-09
28960.2 1.16145e-08 1.77493e-08
28962.4 1.22948e-08 7.27669e-09
28964.6 -9.08841e-09 -1.61968e-08
28966.8 -1.45443e-08 -1.10754e-08
28969 5.66517e-09 1.361e-08
28971.2 1.56754e-08 1.41459e-08
28973.5 -2.30513e-09 -1.04352e-08
28975.7 -1.63442e-08 -1.65902e-08
28977.9 -1.46386e-09 6.62073e-09
28980.1 1.59525e-08 1.811e-08
28982.3 4.97015e-09 -2.48468e-09
28984.5 -1.49209e-08 -1.86936e-08
28986.7 -8.36217e-09 -1.77827e-09
28988.9 1.30537e-08 1.83345e-08
28991.1 1.13059e-08 6.01932e-09
28993.3 -1.0523e-08 -1.69262e-08
28995.6 -1.36519e-08 -9.84508e-09
28997.8 7.53443e-09 1.47576e-08
29000 1.54429e-08 1.3317e-08
29002.2 -3.99092e-09 -1.16313e-08
29004.4 -1.62601e-08 -1.58972e-08
29006.6 4.74991e-10 8.10809e-09
29008.8 1.65448e-08 1.78897e-08
29011 3.40275e-09 -3.88812e-09
29013.2 -1.56352e-08 -1.86626e-08
29015.4 -6.72681e-09 -2.42069e-10
29017.7 1.43691e-08 1.87778e-08
29019.9 1.01994e-08 4.70863e-09
29022.1 -1.1863e-08 -1.75469e-08
29024.3 -1.26294e-08 -8.5602e-09
29026.5 9.3227e-09 1.57835e-08
29028.7 1.50417e-08 1.2378e-08
29030.9 -5.65827e-09 -1.27616e-08
29033.1 -1.60337e-08 -1.51122e-08
29035.3 2.38973e-09 9.5162e-09
29037.6 1.69457e-08 1.75232e-08
29039.8 1.76858e-09 -5.28405e-09
29042 -1.62261e-08 -1.85242e-08
29044.2 -5.05681e-09 1.26929e-09
29046.4 1.55024e-08 1.90651e-08
29048.6 8.9464e-09 3.34229e-09
29050.8 -1.31287e-08 -1.80712e-08
29053 -1.15245e-08 -7.24598e-09
29055.2 1.09679e-08 1.66703e-08
29057.4 1.44342e-08 1.13269e-08
29059.7 -7.32373e-09 -1.38315e-08
29061.9 -1.56994e-08 -1.42559e-08
29064.1 4.22226e-09 1.08241e-08
29066.3 1.71114e-08 1.70049e-08
29068.5 5.26208e-11 -6.67415e-09
29070.7 -1.67135e-08 -1.82943e-08
29072.9 -3.39914e-09 2.73262e-09
29075.1 1.6408e-08 1.91852e-08
29077.3 7.53167e-09 1.91891e-09
29079.6 -1.43264e-08 -1.85101e-08
29081.8 -1.03681e-08 -5.92552e-09
29084 1.24284e-08 1.74014e-08
29086.2 1.36039e-08 1.01602e-08
29088.4 -8.98356e-09 -1.48475e-08
29090.6 -1.52701e-08 -1.33484e-08
29092.8 5.93978e-09 1.20123e-08
29095 1.70244e-08 1.63291e-08
29097.2 -1.73557e-09 -8.06078e-09
29099.4 -1.70933e-08 -1.79868e-08
29101.7 -1.77399e-09 4.12955e-09
29103.9 1.70693e-08 1.91314e-08
29106.1 5.96644e-09 4.40687e-10
29108.3 -1.54391e-08 -1.88688e-08
29110.5 -9.16592e-09 -4.6118e-09
29112.7 1.36904e-08 1.79718e-08
29114.9 1.25609e-08 8.88518e-09
29117.1 -1.06119e-08 -1.58047e-08
29119.3 -1.47374e-08 -1.23938e-08
29121.5 7.53406e-09 1.308e-08
29123.8 1.66927e-08 1.5508e-08
29126 -3.56575e-09 -9.42887e-09
29128.2 -1.73441e-08 -1.75952e-08
29130.4 -1.81414e-10 5.46533e-09
29132.6 1.74926e-08 1.89205e-08
29134.8 4.28204e-09 -1.06876e-09
29137 -1.64341e-08 -1.91304e-08
29139.2 -7.9076e-09 -3.29308e-09
29141.4 1.47607e-08 1.84015e-08
29143.7 1.13357e-08 7.53118e-09
29145.9 -1.21673e-08 -1.66775e-08
29148.1 -1.40784e-08 -1.13746e-08
29150.3 9.01552e-09 1.40489e-08
29152.5 1.61453e-08 1.45735e-08
29154.7 -5.39047e-09 -1.07469e-08
29156.9 -1.74304e-08 -1.70973e-08
29159.1 1.39546e-09 6.76134e-09
29161.3 1.77055e-08 1.85836e-08
29163.5 2.52918e-09 -2.57519e-09
29165.8 -1.72643e-08 -1.92693e-08
29168 -6.56748e-09 -1.94911e-09
29170.2 1.56664e-08 1.8718e-08
29172.4 9.97906e-09 6.13213e-09
29174.6 -1.35935e-08 -1.74383e-08
29176.8 -1.3258e-08 -1.02716e-08
29179 1.04111e-08 1.49417e-08
29181.2 1.54297e-08 1.35568e-08
29183.4 -7.14797e-09 -1.19863e-08
29185.6 -1.73077e-08 -1.64744e-08
29187.9 2.98426e-09 8.03563e-09
29190.1 1.77496e-08 1.81473e-08
29192.3 7.69687e-10 -4.05013e-09
29194.5 -1.78777e-08 -1.92665e-08
29196.7 -5.11683e-09 -5.6542e-10
29198.9 1.64404e-08 1.8943e-08
29201.1 8.54726e-09 4.71522e-09
29203.3 -1.48349e-08 -1.80668e-08
29205.5 -1.22459e-08 -9.07236e-09
29207.8 1.17443e-08 1.57746e-08
29210 1.45915e-08 1.24822e-08
29212.2 -8.78389e-09 -1.31257e-08
29214.4 -1.69444e-08 -1.57148e-08
29216.6 4.59948e-09 9.2997e-09
29218.8 1.76557e-08 1.76317e-08
29221 -9.48121e-10 -5.4724e-09
29223.2 -1.82422e-08 -1.911e-08
29225.4 -3.54808e-09 8.65135e-10
29227.6 1.70975e-08 1.90906e-08
29229.9 7.0779e-09 3.2994e-09
29232.1 -1.58597e-08 -1.85512e-08
29234.3 -1.10384e-08 -7.77348e-09
29236.5 1.30146e-08 1.65549e-08
29238.7 1.36539e-08 1.13641e-08
29240.9 -1.02689e-08 -1.41543e-08
29243.1 -1.63375e-08 -1.48178e-08
29245.3 6.22842e-09 1.05532e-08
29247.5 1.74306e-08 1.70444e-08
29249.7 -2.60044e-09 -6.83367e-09
29252 -1.8353e-08 -1.88013e-08
29254.2 -1.88123e-09 2.33575e-09
29256.4 1.76282e-08 1.91602e-08
29258.6 5.58597e-09 1.88912e-09
29260.8 -1.66608e-08 -1.88942e-08
29263 -9.6576e-09 -6.3863e-09
29265.2 1.41986e-08 1.72742e-08
29267.4 1.26202e-08 1.02019e-08
29269.6 -1.15947e-08 -1.50757e-08
29271.9 -1.55064e-08 -1.37969e-08
29274.1 7.83825e-09 1.17817e-08
29276.3 1.70644e-08 1.63791e-08
29278.5 -4.18042e-09 -8.13801e-09
29280.7 -1.8224e-08 -1.83534e-08
29282.9 -1.53369e-10 3.82815e-09
29285.1 1.80094e-08 1.91405e-08
29287.3 4.07347e-09 4.79229e-10
29289.5 -1.72456e-08 -1.91065e-08
29291.7 -8.13923e-09 -4.9299e-09
29294 1.52624e-08 1.79164e-08
29296.2 1.14842e-08 8.98837e-09
29298.4 -1.27635e-08 -1.58979e-08
29300.6 -1.4481e-08 -1.26696e-08
29302.8 9.38822e-09 1.29658e-08
29305 1.65409e-08 1.56255e-08
29307.2 -5.68789e-09 -9.39194e-09
29309.4 -1.78761e-08 -1.77806e-08
29311.6 1.59324e-09 5.32167e-09
29313.9 1.82148e-08 1.90165e-08
29316.1 2.53893e-09 -9.37396e-10
29318.3 -1.76258e-08 -1.91996e-08
29320.5 -6.52203e-09 -3.42484e-09
29322.7 1.61714e-08 1.84623e-08
29324.9 1.02393e-08 7.7134e-09
29327.1 -1.37795e-08 -1.66305e-08
29329.3 -1.32926e-08 -1.14548e-08
29331.5 1.08385e-08 1.40831e-08
29333.7 1.58451e-08 1.47686e-08
29336 -7.1237e-09 -1.06051e-08
29338.2 -1.73317e-08 -1.70997e-08
29340.4 3.31737e-09 6.79214e-09
29342.6 1.822e-08 1.87688e-08
29344.8 9.80373e-10 -2.37204e-09
29347 -1.78153e-08 -1.91873e-08
29349.2 -4.84496e-09 -1.89408e-09
29351.4 1.68922e-08 1.88892e-08
29353.6 8.8778e-09 6.36323e-09
29355.8 -1.46509e-08 -1.72847e-08
29358.1 -1.19752e-08 -1.01718e-08
29360.3 1.21491e-08 1.51099e-08
29362.5 1.49609e-08 1.37926e-08
29364.7 -8.49366e-09 -1.17865e-08
29366.9 -1.66182e-08 -1.63243e-08
29369.1 4.97586e-09 8.21876e-09
29371.3 1.79994e-08 1.83804e-08
29373.5 -6.09345e-10 -3.83247e-09
29375.7 -1.78348e-08 -1.90777e-08
29378 -3.15049e-09 -3.53457e-10
29380.2 1.73908e-08 1.91807e-08
29382.4 7.38871e-09 4.9305e-09
29384.6 -1.5392e-08 -1.7864e-08
29386.8 -1.05667e-08 -8.83059e-09
29389 1.3281e-08 1.60322e-08
29391.2 1.38724e-08 1.26898e-08
29393.4 -9.80691e-09 -1.29374e-08
29395.6 -1.57657e-08 -1.54595e-08
29397.8 6.52888e-09 9.59002e-09
29400.1 1.75326e-08 1.78427e-08
29402.3 -2.2351e-09 -5.31961e-09
29404.5 -1.77038e-08 -1.88723e-08
29406.7 -1.47453e-09 1.1881e-09
29408.9 1.76446e-08 1.93271e-08
29411.1 5.77039e-09 3.41272e-09
29413.3 -1.60111e-08 -1.83686e-08
29415.5 -9.09499e-09 -7.43788e-09
29417.7 1.42112e-08 1.68395e-08
29419.9 1.25801e-08 1.14554e-08
29422.2 -1.10604e-08 -1.40575e-08
29424.4 -1.4791e-08 -1.45097e-08
29426.6 7.95561e-09 1.08957e-08
29428.8 1.68211e-08 1.71492e-08
29431 -3.88441e-09 -6.83345e-09
29433.2 -1.7427e-08 -1.85732e-08
29435.4 1.66388e-10 2.72221e-09
29437.6 1.76545e-08 1.93216e-08
29439.8 4.04199e-09 1.81057e-09
29442.1 -1.65002e-08 -1.87967e-08
29444.3 -7.57043e-09 -5.9982e-09
29446.5 1.49395e-08 1.75264e-08
29448.7 1.11062e-08 1.00918e-08
29450.9 -1.22352e-08 -1.51403e-08
29453.1 -1.36968e-08 -1.34736e-08
29455.3 9.25426e-09 1.21338e-08
29457.5 1.5887e-08 1.63048e-08
29459.7 -5.52914e-09 -8.36168e-09
29461.9 -1.69977e-08 -1.81713e-08
29464.2 1.76994e-09 4.25182e-09
29466.4 1.74394e-08 1.91718e-08
29468.6 2.23779e-09 1.41382e-10
29470.8 -1.68422e-08 -1.91313e-08
29473 -5.99361e-09 -4.50255e-09
29475.2 1.54799e-08 1.81029e-08
29477.4 9.48795e-09 8.61951e-09
29479.6 -1.33028e-08 -1.61617e-08
29481.8 -1.24785e-08 -1.23358e-08
29484.1 1.04343e-08 1.33159e-08
29486.3 1.47664e-08 1.53307e-08
29488.5 -7.13078e-09 -9.8759e-09
29490.7 -1.64026e-08 -1.76454e-08
29492.9 3.34271e-09 5.78987e-09
29495.1 1.70317e-08 1.88966e-08
29497.3 4.0407e-10 -1.56529e-09
29499.5 -1.70123e-08 -1.93466e-08
29501.7 -4.35762e-09 -2.93663e-09
29503.9 1.58586e-08 1.8584e-08
29506.2 7.77511e-09 7.06573e-09
29508.4 -1.42262e-08 -1.70932e-08
29510.6 -1.11251e-08 -1.10802e-08
29512.8 1.15148e-08 1.44529e-08
29515 1.35077e-08 1.42485e-08
29517.2 -8.64142e-09 -1.1347e-08
29519.4 -1.56228e-08 -1.69768e-08
29521.6 4.89751e-09 7.34392e-09
29523.8 1.64724e-08 1.85109e-08
29526 -1.40513e-09 -3.28255e-09
29528.3 -1.6982e-08 -1.9421e-08
29530.5 -2.65345e-09 -1.29392e-09
29532.7 1.61053e-08 1.89774e-08
29534.9 6.0213e-09 5.45266e-09
29537.1 -1.49678e-08 -1.79111e-08
29539.3 -9.62798e-09 -9.69871e-09
29541.5 1.2512e-08 1.55466e-08
29543.7 1.21567e-08 1.30739e-08
29545.9 -1.00177e-08 -1.27509e-08
29548.2 -1.46474e-08 -1.61543e-08
29550.4 6.43813e-09 8.91266e-09
29552.6 1.57938e-08 1.80225e-08
29554.8 -3.14589e-09 -4.98841e-09
29557 -1.67355e-08 -1.93396e-08
29559.2 -8.86585e-10 4.23671e-10
29561.4 1.6235e-08 1.9283e-08
29563.6 4.26477e-09 3.79707e-09
29565.8 -1.5507e-08 -1.85976e-08
29568 -7.99716e-09 -8.19162e-09
29570.3 1.34235e-08 1.65904e-08
29572.5 1.07402e-08 1.18156e-08
29574.7 -1.12362e-08 -1.40698e-08
29576.9 -1.34856e-08 -1.5175e-08
29579.1 7.94767e-09 1.04847e-08
29581.3 1.50071e-08 1.74302e-08
29583.5 -4.79549e-09 -6.66862e-09
29585.7 -1.62782e-08 -1.90964e-08
29587.9 9.17094e-10 2.20286e-09
29590.1 1.62419e-08 1.949e-08
29592.4 2.5229e-09 2.10628e-09
29594.6 -1.58435e-08 -1.9145e-08
29596.8 -6.26117e-09 -6.57113e-09
29599 1.42284e-08 1.75651e-08
29601.2 9.26595e-09 1.04717e-08
29603.4 -1.22917e-08 -1.52962e-08
29605.6 -1.21632e-08 -1.40478e-08
29607.8 9.39413e-09 1.20364e-08
29610 1.41075e-08 1.67224e-08
29612.3 -6.34722e-09 -8.31838e-09
29614.5 -1.56288e-08 -1.86956e-08
29616.7 2.72023e-09 4.01978e-09
29618.9 1.61084e-08 1.95781e-08
29621.1 7.99812e-10 3.80104e-10
29623.3 -1.59879e-08 -1.95531e-08
29625.5 -4.45672e-09 -4.85758e-09
29627.7 1.48978e-08 1.84452e-08
29629.9 7.73167e-09 9.0354e-09
29632.1 -1.31884e-08 -1.64271e-08
29634.4 -1.07111e-08 -1.27868e-08
29636.6 1.07416e-08 1.35401e-08
29638.8 1.30841e-08 1.58852e-08
29641 -7.80179e-09 -9.93468e-09
29643.2 -1.48099e-08 -1.81443e-08
29645.4 4.48499e-09 5.84831e-09
29647.6 1.58145e-08 1.9527e-08
29649.8 -9.05415e-10 -1.3813e-09
29652 -1.59541e-08 -1.9823e-08
29654.2 -2.61876e-09 -3.07271e-09
29656.5 1.54047e-08 1.92053e-08
29658.7 6.13307e-09 7.50144e-09
29660.9 -1.39331e-08 -1.74601e-08
29663.1 -9.15816e-09 -1.14076e-08
29665.3 1.19593e-08 1.4968e-08
29667.5 1.19273e-08 1.49062e-08
29669.7 -9.16172e-09 -1.15144e-08
29671.9 -1.38428e-08 -1.74516e-08
29674.1 6.17991e-09 7.66084e-09
29676.4 1.5345e-08 1.93171e-08
29678.6 -2.59429e-09 -3.17741e-09
29680.8 -1.57563e-08 -1.99577e-08
29683 -7.76914e-10 -1.24071e-09
29685.2 1.5729e-08 1.98202e-08
29687.4 4.46704e-09 5.86562e-09
29689.6 -1.45344e-08 -1.83935e-08
29691.8 -7.53067e-09 -9.92837e-09
29694 1.3023e-08 1.62923e-08
29696.2 1.06306e-08 1.37757e-08
29698.5 -1.04322e-08 -1.30532e-08
29700.7 -1.27497e-08 -1.66274e-08
29702.9 7.7781e-09 9.4309e-09
29705.1 1.46891e-08 1.89336e-08
29707.3 -4.27017e-09 -5.00295e-09
29709.5 -1.54124e-08 -1.99584e-08
29711.7 1.04063e-09 6.16788e-10
29713.9 1.58552e-08 2.02714e-08
29716.1 2.73077e-09 4.13186e-09
29718.4 -1.50053e-08 -1.92203e-08
29720.6 -5.85622e-09 -8.36294e-09
29722.8 1.39129e-08 1.74926e-08
29725 9.19081e-09 1.24941e-08
29727.2 -1.16206e-08 -1.45384e-08
29729.4 -1.15553e-08 -1.56765e-08
29731.6 9.25639e-09 1.11386e-08
29733.8 1.38422e-08 1.83717e-08
29736 -5.93427e-09 -6.84328e-09
29738.2 -1.49408e-08 -1.98206e-08
29740.5 2.80956e-09 2.4828e-09
29742.7 1.57764e-08 2.05479e-08
29744.9 9.28757e-10 2.31276e-09
29747.1 -1.53553e-08 -1.99288e-08
29749.3 -4.15719e-09 -6.72309e-09
29751.5 1.46196e-08 1.85529e-08
29753.7 7.61657e-09 1.10683e-08
29755.9 -1.27256e-08 -1.59535e-08
29758.1 -1.02762e-08 -1.46034e-08
29760.3 1.06034e-08 1.27649e-08
29762.6 1.28146e-08 1.76304e-08
29764.8 -7.57479e-09 -8.6806e-09
29767 -1.43494e-08 -1.95405e-08
29769.2 4.51797e-09 4.33922e-09
29771.4 1.55019e-08 2.06412e-08
29773.6 -9.18818e-10 4.2412e-10
29775.8 -1.55812e-08 -2.05067e-08
29778 -2.44369e-09 -5.02159e-09
29780.2 1.51489e-08 1.94589e-08
29782.5 5.93257e-09 9.5097e-09
29784.7 -1.37326e-08 -1.7279e-08
29786.9 -8.91792e-09 -1.34117e-08
29789.1 1.18207e-08 1.4294e-08
29791.3 1.1631e-08 1.67155e-08
29793.5 -9.1673e-09 -1.04906e-08
29795.7 -1.36361e-08 -1.911e-08
29797.9 6.16383e-09 6.1734e-09
29800.1 1.50522e-08 2.05515e-08
29802.3 -2.78104e-09 -1.50834e-09
29804.6 -1.56714e-08 -2.09339e-08
29806.8 -7.18551e-10 -3.26365e-09
29809 1.55149e-08 2.02069e-08
29811.2 4.17196e-09 7.84186e-09
29813.4 -1.46201e-08 -1.84853e-08
29815.6 -7.48035e-09 -1.20962e-08
29817.8 1.29154e-08 1.57207e-08
29820 1.03225e-08 1.56452e-08
29822.2 -1.06814e-08 -1.22384e-08
29824.4 -1.2794e-08 -1.85131e-08
29826.7 7.74962e-09 7.98126e-09
29828.9 1.44529e-08 2.02899e-08
29831.1 -4.62144e-09 -3.44959e-09
29833.3 -1.56095e-08 -2.11848e-08
29835.5 1.01972e-09 -1.44962e-09
29837.7 1.57359e-08 2.08002e-08
29839.9 2.37309e-09 6.09484e-09
29842.1 -1.53612e-08 -1.95402e-08
29844.3 -5.95865e-09 -1.06516e-08
29846.6 1.38989e-08 1.70419e-08
29848.8 8.92465e-09 1.44408e-08
29851 -1.20816e-08 -1.38896e-08
29853.2 -1.18115e-08 -1.77373e-08
29855.4 9.28178e-09 9.75612e-09
29857.6 1.37331e-08 1.98666e-08
29859.8 -6.40025e-09 -5.36725e-09
29862 -1.53754e-08 -2.12402e-08
29864.2 2.77548e-09 4.13843e-10
29866.4 1.58319e-08 2.12387e-08
29868.7 5.74689e-10 4.29487e-09
29870.9 -1.59284e-08 -2.04191e-08
29873.1 -4.3475e-09 -9.08082e-09
29875.3 1.47815e-08 1.82491e-08
29877.5 7.46977e-09 1.31193e-08
29879.7 -1.33363e-08 -1.54165e-08
29881.9 -1.06801e-08 -1.67793e-08
29884.1 1.07622e-08 1.14847e-08
29886.3 1.29144e-08 1.92882e-08
29888.5 -8.08628e-09 -7.23465e-09
29890.8 -1.49569e-08 -2.10892e-08
29893 4.54512e-09 2.31296e-09
29895.2 1.58119e-08 2.15183e-08
29897.4 -1.19752e-09 2.46377e-09
29899.6 -1.63067e-08 -2.11049e-08
29901.8 -2.6529e-09 -7.39452e-09
29904 1.55605e-08 1.93294e-08
29906.2 5.97423e-09 1.16943e-08
29908.4 -1.44301e-08 -1.67985e-08
29910.7 -9.40552e-09 -1.56441e-08
29912.9 1.21789e-08 1.31482e-08
29915.1 1.20018e-08 1.85573e-08
29917.3 -9.66662e-09 -9.03166e-09
29919.5 -1.4358e-08 -2.07306e-08
29921.7 6.31089e-09 4.22649e-09
29923.9 1.56697e-08 2.16302e-08
29926.1 -2.93578e-09 6.17002e-10
29928.3 -1.64982e-08 -2.15904e-08
29930.5 -8.94688e-10 -5.61273e-09
29932.8 1.62199e-08 2.02639e-08
29935 4.43876e-09 1.0173e-08
29937.2 -1.53638e-08 -1.80251e-08
29939.4 -8.00682e-09 -1.43475e-08
29941.6 1.35091e-08 1.47208e-08
29943.8 1.09882e-08 1.76711e-08
29946 -1.11425e-08 -1.07468e-08
29948.2 -1.35949e-08 -2.01737e-08
29950.4 8.04657e-09 6.12549e-09
29952.7 1.53907e-08 2.15615e-08
29954.9 -4.6431e-09 -1.23615e-09
29957.1 -1.65156e-08 -2.18781e-08
29959.3 9.0041e-10 -3.76306e-09
29961.5 1.6739e-08 2.1031e-08
29963.7 2.85726e-09 8.55982e-09
29965.9 -1.6147e-08 -1.90922e-08
29968.1 -6.50868e-09 -1.2912e-08
29970.3 1.4728e-08 1.61746e-08
29972.5 9.8637e-09 1.66274e-08
29974.8 -1.25205e-08 -1.23718e-08
29977 -1.26885e-08 -1.94331e-08
29979.2 9.72517e-09 7.97984e-09
29981.4 1.4961e-08 2.13017e-08
29983.6 -6.32448e-09 -3.08605e-09
29985.8 -1.63749e-08 -2.19735e-08
29988 2.70564e-09 -1.8743e-09
29990.2 1.71001e-08 2.16121e-08
29992.4 1.22519e-09 6.86214e-09
29994.6 -1.67898e-08 -1.99971e-08
29996.9 -4.93551e-09 -1.13614e-08
29999.1 1.58147e-08 1.74848e-08
30001.3 8.62286e-09 1.54275e-08
30003.5 -1.38058e-08 -1.3898e-08
30005.7 -1.1659e-08 -1.85253e-08
30007.9 1.13237e-08 9.76063e-09
30010.1 1.43728e-08 2.08445e-08
30012.3 -7.98089e-09 -4.9218e-09
30014.5 -1.60903e-08 -2.18844e-08
30016.8 4.49726e-09 2.44185e-11
30019 1.72918e-08 2.19925e-08
30021.2 -4.56167e-10 5.08957e-09
30023.4 -1.73003e-08 -2.07389e-08
30025.6 -3.3098e-09 -9.72117e-09
30027.8 1.67531e-08 1.8629e-08
30030 7.26658e-09 1.40768e-08
30032.2 -1.5e-08 -1.53172e-08
30034.4 -1.05253e-08 -1.74683e-08
30036.6 1.28218e-08 1.14415e-08
30038.9 1.36237e-08 2.01885e-08
30041.1 -9.60889e-09 -6.73002e-09
30043.3 -1.56752e-08 -2.16187e-08
30045.5 6.25233e-09 1.90672e-09
30047.7 1.73061e-08 2.21636e-08
30049.9 -2.18094e-09 3.25712e-09
30052.1 -1.76844e-08 -2.13145e-08
30054.3 -1.65425e-09 -8.01332e-09
30056.5 1.7529e-08 1.95927e-08
30058.7 5.79999e-09 1.25883e-08
30061 -1.61013e-08 -1.66164e-08
30063.2 -9.30618e-09 -1.62761e-08
30065.4 1.42e-08 1.30036e-08
30067.6 1.27152e-08 1.93416e-08
30069.8 -1.12004e-08 -8.49147e-09
30072 -1.51406e-08 -2.11804e-08
30074.2 7.94917e-09 3.75253e-09
30076.4 1.71388e-08 2.21258e-08
30078.6 -3.93722e-09 1.38617e-09
30080.9 -1.79429e-08 -2.17179e-08
30083.1 1.18672e-11 -6.25583e-09
30085.3 1.81324e-08 2.03683e-08
30087.5 4.23537e-09 1.09809e-08
30089.7 -1.71003e-08 -1.77813e-08
30091.9 -8.01378e-09 -1.49615e-08
30094.1 1.54446e-08 1.44327e-08
30096.3 1.16565e-08 1.83164e-08
30098.5 -1.27374e-08 -1.0186e-08
30100.7 -1.44881e-08 -2.05748e-08
30103 9.57382e-09 5.54378e-09
30105.2 1.67941e-08 2.18836e-08
30107.4 -5.70258e-09 -5.01093e-10
30109.6 -1.80657e-08 -2.19453e-08
30111.8 1.67847e-09 -4.4666e-09
30114 1.8562e-08 2.09516e-08
30116.2 2.59487e-09 9.27541e-09
30118.4 -1.79763e-08 -1.8799e-08
30120.6 -6.65059e-09 -1.3538e-08
30122.8 1.655e-08 1.5718e-08
30125.1 1.04653e-08 1.71296e-08
30127.3 -1.41927e-08 -1.17932e-08
30129.5 -1.37105e-08 -1.9807e-08
30131.7 1.11196e-08 7.26645e-09
30133.9 1.62825e-08 2.14474e-08
30136.1 -7.44777e-09 -2.37909e-09
30138.3 -1.80357e-08 -2.19914e-08
30140.5 3.34157e-09 -2.65882e-09
30142.7 1.88207e-08 2.13467e-08
30145 9.04815e-10 7.49902e-09
30147.2 -1.87042e-08 -1.96535e-08
30149.4 -5.21448e-09 -1.2014e-08
30151.6 1.75139e-08 1.68577e-08
30153.8 9.16141e-09 1.58062e-08
30156 -1.55363e-08 -1.32878e-08
30158.2 -1.27972e-08 -1.8878e-08
30160.4 1.25826e-08 8.91455e-09
30162.6 1.56159e-08 2.08369e-08
30164.8 -9.14245e-09 -4.2171e-09
30167.1 -1.78335e-08 -2.18483e-08
30169.3 4.9997e-09 -8.40335e-10
30171.5 1.89135e-08 2.15652e-08
30173.7 -8.07765e-10 5.6835e-09
30175.9 -1.92574e-08 -2.03281e-08
30178.1 -3.70094e-09 -1.03966e-08
30180.3 1.83364e-08 1.78547e-08
30182.5 7.76585e-09 1.43744e-08
30184.7 -1.67377e-08 -1.46465e-08
30187 -1.17358e-08 -1.77914e-08
30189.2 1.39614e-08 1.04828e-08
30191.4 1.48079e-08 2.00726e-08
30193.6 -1.07561e-08 -5.98785e-09
30195.8 -1.74393e-08 -2.15138e-08
30198 6.65342e-09 9.7802e-10
30200.2 1.88466e-08 2.16177e-08
30202.4 -2.51627e-09 3.8563e-09
30204.6 -1.96108e-08 -2.08138e-08
30206.8 -2.10547e-09 -8.69846e-09
30209.1 1.90183e-08 1.87087e-08
30211.3 6.29812e-09 1.2858e-08
30213.5 -1.77702e-08 -1.58537e-08
30215.7 -1.05175e-08 -1.65579e-08
30217.9 1.52532e-08 1.19621e-08
30220.1 1.38692e-08 1.91714e-08
30222.3 -1.22641e-08 -7.67104e-09
30224.5 -1.68403e-08 -2.09934e-08
30226.7 8.29794e-09 2.78086e-09
30228.9 1.86217e-08 2.15119e-08
30231.2 -4.20199e-09 2.03941e-09
30233.4 -1.97498e-08 -2.11091e-08
30235.6 -4.32867e-10 -6.93757e-09
30237.8 1.95527e-08 1.94177e-08
30240 4.76868e-09 1.12768e-08
30242.2 -1.86194e-08 -1.69008e-08
30244.4 -9.14566e-09 -1.51941e-08
30246.6 1.64448e-08 1.33407e-08
30248.8 1.28008e-08 1.81472e-08
30251.1 -1.3655e-08 -9.25259e-09
30253.3 -1.60382e-08 -2.02994e-08
30255.5 9.91652e-09 4.54926e-09
30257.7 1.82304e-08 2.12528e-08
30259.9 -5.85793e-09 2.49129e-10
30262.1 -1.96741e-08 -2.122e-08
30264.3 1.29903e-09 -5.1368e-09
30266.5 1.99235e-08 1.99761e-08
30268.7 3.17838e-09 9.64548e-09
30270.9 -1.92836e-08 -1.77868e-08
30273.2 -7.63685e-09 -1.37231e-08
30275.4 1.75141e-08 1.46032e-08
30277.6 1.15966e-08 1.70095e-08
30279.8 -1.49266e-08 -1.0726e-08
30282 -1.50462e-08 -1.94513e-08
30284.2 1.14837e-08 6.2601e-09
30286.4 1.76595e-08 2.08417e-08
30288.6 -7.48322e-09 -1.50469e-09
30290.8 -1.93925e-08 -2.11593e-08
30293 3.06448e-09 -3.32322e-09
30295.3 2.01106e-08 2.03761e-08
30297.5 1.52522e-09 7.97423e-09
30299.7 -1.97672e-08 -1.85169e-08
30301.9 -6.01416e-09 -1.21714e-08
30304.1 1.8436e-08 1.57332e-08
30306.3 1.025e-08 1.57653e-08
30308.5 -1.60794e-08 -1.20888e-08
30310.7 -1.38823e-08 -1.8471e-08
30312.9 1.29718e-08 7.89073e-09
30315.2 1.68968e-08 2.02802e-08
30317.4 -9.07615e-09 -3.21411e-09
30319.6 -1.8916e-08 -2.09418e-08
30321.8 4.83603e-09 -1.52243e-09
30324 2.00964e-08 2.06121e-08
30326.2 -1.89296e-10 6.27319e-09
30328.4 -2.00736e-08 -1.90971e-08
30330.6 -4.30143e-09 -1.0564e-08
30332.8 1.91879e-08 1.67179e-08
30335 8.75991e-09 1.44234e-08
30337.3 -1.71104e-08 -1.33391e-08
30339.5 -1.25636e-08 -1.73793e-08
30341.7 1.43552e-08 9.42217e-09
30343.9 1.59362e-08 1.95724e-08
30346.1 -1.06296e-08 -4.87147e-09
30348.3 -1.82534e-08 -2.05813e-08
30350.5 6.58847e-09 2.43235e-10
30352.7 1.98684e-08 2.06816e-08
30354.9 -1.95711e-09 4.55254e-09
30357.2 -2.02027e-08 -1.95334e-08
30359.4 -2.5202e-09 -8.92309e-09
30361.6 1.97517e-08 1.75476e-08
30363.8 7.13161e-09 1.29934e-08
30366 -1.80119e-08 -1.44754e-08
30368.2 -1.11052e-08 -1.61948e-08
30370.4 1.5612e-08 1.08396e-08
30372.6 1.47774e-08 1.87245e-08
30374.8 -1.21311e-08 -6.46934e-09
30377 -1.74108e-08 -2.00905e-08
30379.3 8.2989e-09 1.95626e-09
30381.5 1.94191e-08 2.0586e-08
30383.7 -3.7651e-09 2.82352e-09
30385.9 -2.01515e-08 -1.98307e-08
30388.1 -6.90551e-10 -7.26569e-09
30390.3 2.01126e-08 1.82192e-08
30392.5 5.37508e-09 1.14875e-08
30394.7 -1.87732e-08 -1.54947e-08
30396.9 -9.52053e-09 -1.49314e-08
30399.1 1.67225e-08 1.21357e-08
30401.4 1.34243e-08 1.77477e-08
30403.6 -1.3565e-08 -7.99805e-09
30405.8 -1.6393e-08 -1.94775e-08
30408 9.94645e-09 3.60679e-09
30410.2 1.87449e-08 2.03335e-08
30412.4 -5.59605e-09 1.10012e-09
30414.6 -1.99148e-08 -1.9991e-08
30416.8 1.16982e-09 -5.60249e-09
30419 2.02604e-08 1.87363e-08
30421.3 3.50547e-09 9.92156e-09
30423.5 -1.938e-08 -1.63927e-08
30425.7 -7.82024e-09 -1.35987e-08
30427.9 1.76721e-08 1.33092e-08
30430.1 1.1887e-08 1.66566e-08
30432.3 -1.49104e-08 -9.44813e-09
30434.5 -1.52005e-08 -1.87495e-08
30436.7 1.15159e-08 5.18907e-09
30438.9 1.78497e-08 1.99351e-08
30441.1 -7.42626e-09 -6.04471e-10
30443.4 -1.94826e-08 -2.00173e-08
30445.6 3.049e-09 -3.94225e-09
30447.8 2.01928e-08 1.91051e-08
30450 1.54533e-09 8.3105e-09
30452.2 -1.98128e-08 -1.71675e-08
30454.4 -6.00967e-09 -1.22062e-08
30456.6 1.84539e-08 1.43612e-08
30458.8 1.01836e-08 1.54661e-08
30461 -1.61416e-08 -1.08119e-08
30463.2 -1.38302e-08 -1.79142e-08
30465.5 1.29982e-08 6.69986e-09
30467.7 1.67446e-08 1.94042e-08
30469.7 -6.44779e-09 6.94093e-10
30471.6 -2.00594e-08 -1.89841e-08
30473.6 -4.00075e-09 -1.05936e-08
30475.6 1.78974e-08 1.33766e-08
30477.6 1.32421e-08 1.74969e-08
30479.6 -1.1009e-08 -4.23989e-09
30481.6 -1.89492e-08 -1.96653e-08
30483.6 1.10808e-09 -6.04453e-09
30485.5 1.94232e-08 1.64131e-08
30487.5 8.92034e-09 1.4535e-08
30489.5 -1.47894e-08 -8.81842e-09
30491.5 -1.6615e-08 -1.91097e-08
30493.5 6.07431e-09 -1.20402e-09
30495.5 1.96549e-08 1.83706e-08
30497.4 4.07121e-09 1.07224e-08
30499.4 -1.75501e-08 -1.27638e-08
30501.4 -1.32235e-08 -1.7375e-08
30503.4 1.05734e-08 3.62161e-09
30505.4 1.85914e-08 1.91474e-08
30507.4 -9.81346e-10 6.31127e-09
30509.4 -1.91212e-08 -1.58427e-08
30511.3 -9.00935e-09 -1.45908e-08
30513.3 1.43146e-08 8.13276e-09
30515.3 1.63165e-08 1.87169e-08
30517.3 -5.90289e-09 1.58657e-09
30519.3 -1.94125e-08 -1.78801e-08
30521.3 -4.2591e-09 -1.09494e-08
30523.3 1.70596e-08 1.20549e-08
30525.2 1.29932e-08 1.71276e-08
30527.2 -1.03706e-08 -3.15281e-09
30529.2 -1.84186e-08 -1.87683e-08
30531.2 7.08109e-10 -6.69251e-09
30533.2 1.86382e-08 1.51551e-08
30535.2 8.85212e-09 1.44991e-08
30537.2 -1.40944e-08 -7.61247e-09
30539.1 -1.62191e-08 -1.84731e-08
30541.1 5.56177e-09 -2.09543e-09
30543.1 1.89584e-08 1.72557e-08
30545.1 4.17582e-09 1.1013e-08
30547.1 -1.6836e-08 -1.15206e-08
30549.1 -1.29723e-08 -1.70338e-08
30551.1 9.98183e-09 2.55051e-09
30553 1.80124e-08 1.82439e-08
30555 -7.20352e-10 6.90087e-09
30557 -1.84241e-08 -1.46444e-08
30559 -8.9045e-09 -1.45598e-08
30561 1.36798e-08 6.95625e-09
30563 1.58762e-08 1.80781e-08
30565 -5.50926e-09 2.42882e-09
30566.9 -1.87651e-08 -1.68037e-08
30568.9 -4.29403e-09 -1.12224e-08
30570.9 1.64177e-08 1.08527e-08
30572.9 1.27038e-08 1.67884e-08
30574.9 -9.87372e-09 -2.11941e-09
30576.9 -1.78491e-08 -1.78808e-08
30578.8 5.47154e-10 -7.24343e-09
30580.8 1.8023e-08 1.4007e-08
30582.8 8.71699e-09 1.44743e-08
30584.8 -1.35274e-08 -6.46028e-09
30586.8 -1.57492e-08 -1.78274e-08
30588.8 5.29454e-09 -2.88033e-09
30590.8 1.84003e-08 1.62362e-08
30592.7 4.18936e-09 1.12966e-08
30594.7 -1.62335e-08 -1.03279e-08
30596.7 -1.26169e-08 -1.66655e-08
30598.7 9.63265e-09 1.58995e-09
30600.7 1.75362e-08 1.74174e-08
30602.7 -5.7159e-10 7.46684e-09
30604.7 -1.78202e-08 -1.34903e-08
30606.6 -8.67059e-09 -1.44853e-08
30608.6 1.32759e-08 5.88857e-09
30610.6 1.55004e-08 1.74947e-08
30612.6 -5.24539e-09 3.23322e-09
30614.6 -1.81915e-08 -1.57624e-08
30616.6 -4.18125e-09 -1.14384e-08
30618.6 1.59874e-08 9.75189e-09
30620.5 1.24398e-08 1.64814e-08
30622.5 -9.51993e-09 -1.13501e-09
30624.5 -1.73331e-08 -1.70177e-08
30626.5 5.4626e-10 -7.72736e-09
30628.5 1.75942e-08 1.29475e-08
30630.5 8.56853e-09 1.44577e-08
30632.5 -1.31122e-08 -5.36467e-09
30634.4 -1.53126e-08 -1.7194e-08
30636.4 5.19363e-09 -3.5926e-09
30638.4 1.79982e-08 1.52878e-08
30640.4 4.15313e-09 1.15651e-08
30642.4 -1.57867e-08 -9.19539e-09
30644.4 -1.22748e-08 -1.62969e-08
30646.3 9.45035e-09 7.03195e-10
30648.3 1.71826e-08 1.66412e-08
30650.3 -5.05591e-10 7.99652e-09
30652.3 -1.73711e-08 -1.23955e-08
30654.3 -8.43111e-09 -1.43983e-08
30656.3 1.30343e-08 4.89136e-09
30658.3 1.5212e-08 1.69387e-08
30660.2 -5.09279e-09 3.98368e-09
30662.2 -1.77672e-08 -1.47759e-08
30664.2 -4.04527e-09 -1.16306e-08
30666.2 1.57102e-08 8.71391e-09
30668.2 1.22275e-08 1.61779e-08
30670.2 -9.30071e-09 -2.17866e-10
30672.2 -1.69566e-08 -1.62008e-08
30674.1 5.84573e-10 -8.17825e-09
30676.1 1.73054e-08 1.19392e-08
30678.1 8.43712e-09 1.44213e-08
30680.1 -1.28491e-08 -4.34466e-09
30682.1 -1.5002e-08 -1.65957e-08
30684.1 5.14598e-09 -4.2651e-09
30686.1 1.77201e-08 1.43759e-08
30688 4.1012e-09 1.17923e-08
30690 -1.55038e-08 -8.14168e-09
30692 -1.20421e-08 -1.59505e-08
30694 9.3331e-09 -1.40406e-10
30696 1.69345e-08 1.58838e-08
30698 -4.85288e-10 8.46637e-09
30700 -1.70919e-08 -1.13779e-08
30701.9 -8.28196e-09 -1.43198e-08
30703.9 1.2867e-08 3.93702e-09
30705.9 1.50087e-08 1.63825e-08
30707.9 -5.01255e-09 4.65946e-09
30709.9 -1.75132e-08 -1.38601e-08
30711.9 -3.97908e-09 -1.18181e-08
30713.9 1.55141e-08 7.7148e-09
30715.8 1.20788e-08 1.58545e-08
30717.8 -9.17677e-09 6.14407e-10
30719.8 -1.6746e-08 -1.54444e-08
30721.8 5.74371e-10 -8.61236e-09
30723.8 1.71013e-08 1.09625e-08
30725.8 8.34709e-09 1.43464e-08
30727.7 -1.27003e-08 -3.41448e-09
30729.7 -1.48483e-08 -1.60441e-08
30731.7 5.0711e-09 -4.91086e-09
30733.7 1.75276e-08 1.34853e-08
30735.7 4.06814e-09 1.19646e-08
30737.7 -1.53499e-08 -7.17726e-09
30739.7 -1.19535e-08 -1.56348e-08
30741.6 9.20929e-09 -9.49929e-10
30743.6 1.67699e-08 1.51358e-08
30745.7 -1.26089e-09 8.26037e-09
30747.7 -1.72583e-08 -1.14918e-08
30749.8 -6.10288e-09 -1.31873e-08
30751.8 1.46865e-08 5.78892e-09
30753.9 1.24613e-08 1.5699e-08
30756 -9.28893e-09 1.05161e-09
30758 -1.64132e-08 -1.51848e-08
30760.1 2.27521e-09 -7.60087e-09
30762.1 1.74299e-08 1.18869e-08
30764.2 5.24938e-09 1.27571e-08
30766.2 -1.51463e-08 -6.31749e-09
30768.3 -1.17334e-08 -1.545e-08
30770.3 1.01307e-08 -3.69668e-10
30772.4 1.61132e-08 1.52755e-08
30774.4 -3.18696e-09 6.9988e-09
30776.5 -1.74716e-08 -1.22036e-08
30778.5 -4.31096e-09 -1.22621e-08
30780.6 1.56333e-08 6.87714e-09
30782.7 1.10417e-08 1.52237e-08
30784.7 -1.0886e-08 -2.66528e-10
30786.8 -1.57255e-08 -1.53094e-08
30788.8 4.12525e-09 -6.36545e-09
30790.9 1.75007e-08 1.25221e-08
30792.9 3.39258e-09 1.17738e-08
30795 -1.60587e-08 -7.40576e-09
30797 -1.03149e-08 -1.49686e-08
30799.1 1.1612e-08 8.98744e-10
30801.1 1.52954e-08 1.53194e-08
30803.2 -5.05876e-09 5.72471e-09
30805.2 -1.75033e-08 -1.28285e-08
30807.3 -2.49709e-09 -1.12892e-08
30809.4 1.6407e-08 7.89658e-09
30811.4 9.52543e-09 1.46689e-08
30813.5 -1.23513e-08 -1.55197e-09
30815.5 -1.48832e-08 -1.53409e-08
30817.6 5.91221e-09 -5.12246e-09
30819.6 1.73928e-08 1.30677e-08
30821.7 1.52569e-09 1.07446e-08
30823.7 -1.67927e-08 -8.42275e-09
30825.8 -8.80444e-09 -1.4408e-08
30827.8 1.29604e-08 2.13317e-09
30829.9 1.43353e-08 1.52725e-08
30831.9 -6.85174e-09 4.44922e-09
30834 -1.73511e-08 -1.33582e-08
30836.1 -6.74295e-10 -1.02679e-08
30838.1 1.70102e-08 8.84799e-09
30840.2 7.93704e-09 1.40425e-08
30842.2 -1.36666e-08 -2.79298e-09
30844.3 -1.38932e-08 -1.5273e-08
30846.3 7.62475e-09 -3.87184e-09
30848.4 1.71181e-08 1.35264e-08
30850.4 -3.25255e-10 9.67968e-09
30852.5 -1.73393e-08 -9.35768e-09
30854.5 -7.21497e-09 -1.37646e-08
30856.6 1.41707e-08 3.33294e-09
30858.6 1.32527e-08 1.51393e-08
30860.7 -8.54284e-09 3.18299e-09
30862.7 -1.70158e-08 -1.37844e-08
30864.8 1.14286e-09 -9.19747e-09
30866.9 1.74462e-08 9.73038e-09
30868.9 6.30139e-09 1.33503e-08
30871 -1.48159e-08 -3.97971e-09
30873 -1.27648e-08 -1.51013e-08
30875.1 9.25113e-09 -2.61595e-09
30877.1 1.6689e-08 1.38974e-08
30879.2 -2.135e-09 8.58551e-09
30881.2 -1.76922e-08 -1.02029e-08
30883.3 -5.56153e-09 -1.3038e-08
30885.3 1.52374e-08 4.49379e-09
30887.4 1.20674e-08 1.492e-08
30889.4 -1.01115e-08 1.93281e-09
30891.5 -1.6502e-08 -1.41027e-08
30893.6 2.93766e-09 -8.08123e-09
30895.6 1.77178e-08 1.0539e-08
30897.7 4.64102e-09 1.25941e-08
30899.7 -1.57877e-08 -5.10602e-09
30901.8 -1.1512e-08 -1.48246e-08
30903.8 1.07769e-08 -1.36059e-09
30905.9 1.61156e-08 1.41768e-08
30907.9 -3.88307e-09 7.46557e-09
30910 -1.78515e-08 -1.09538e-08
30912 -3.864e-09 -1.22306e-08
30914.1 1.61515e-08 5.60866e-09
30916.1 1.07941e-08 1.46127e-08
30918.2 -1.15441e-08 7.02989e-10
30920.3 -1.5821e-08 -1.4311e-08
30922.3 4.68844e-09 -6.92498e-09
30924.4 1.78227e-08 1.12669e-08
30926.4 2.97199e-09 1.17742e-08
30928.5 -1.65783e-08 -6.16796e-09
30930.5 -1.01551e-08 -1.44447e-08
30932.6 1.28098e-08 6.02519e-10
30934.8 1.44605e-08 1.46225e-08
30936.9 -7.97948e-09 4.32894e-09
30939 -1.7181e-08 -1.31577e-08
30941.2 2.1979e-09 -8.78212e-09
30943.3 1.79379e-08 1.01716e-08
30945.4 3.83231e-09 1.22089e-08
30947.5 -1.66752e-08 -6.03876e-09
30949.7 -9.45023e-09 -1.4241e-08
30951.8 1.35213e-08 1.22102e-09
30953.9 1.40235e-08 1.46451e-08
30956 -8.80783e-09 3.73558e-09
30958.2 -1.69957e-08 -1.33632e-08
30960.3 3.11214e-09 -8.24062e-09
30962.4 1.80857e-08 1.05772e-08
30964.6 2.99676e-09 1.18213e-08
30966.7 -1.70762e-08 -6.55826e-09
30968.8 -8.72622e-09 -1.40118e-08
30970.9 1.41882e-08 1.83445e-09
30973.1 1.35495e-08 1.46391e-08
30975.2 -9.60701e-09 3.13587e-09
30977.3 -1.67671e-08 -1.35439e-08
30979.4 4.00804e-09 -7.68641e-09
30981.6 1.81796e-08 1.09598e-08
30983.7 2.1568e-09 1.14105e-08
30985.8 -1.74297e-08 -7.06545e-09
30987.9 -7.98687e-09 -1.37583e-08
30990.1 1.48071e-08 2.44065e-09
30992.2 1.3038e-08 1.46027e-08
30994.3 -1.03769e-08 2.52955e-09
30996.5 -1.64974e-08 -1.37001e-08
30998.6 4.882e-09 -7.12111e-09
31000.7 1.82183e-08 1.13176e-08
31002.8 1.31305e-09 1.0976e-08
31005 -1.77363e-08 -7.56002e-09
31007.1 -7.23524e-09 -1.3481e-08
31009.2 1.5376e-08 3.03759e-09
31011.3 1.24897e-08 1.45347e-08
31013.5 -1.11171e-08 1.91699e-09
31015.6 -1.61886e-08 -1.38316e-08
31017.7 5.73149e-09 -6.54632e-09
31019.9 1.82015e-08 1.16485e-08
31022 4.66837e-10 1.05176e-08
31024.1 -1.79966e-08 -8.04116e-09
31026.2 -6.47361e-09 -1.31808e-08
31028.4 1.58936e-08 3.62318e-09
31030.5 1.19058e-08 1.44341e-08
31032.6 -1.18265e-08 1.29912e-09
31034.7 -1.58422e-08 -1.39379e-08
31036.9 6.55485e-09 -5.96355e-09
31039 1.81301e-08 1.1951e-08
31041.1 -3.79968e-10 1.00357e-08
31043.2 -1.82108e-08 -8.50743e-09
31045.4 -5.70386e-09 -1.28578e-08
31047.5 1.63601e-08 4.19563e-09
31049.6 1.12886e-08 1.43005e-08
31051.8 -1.2504e-08 6.77608e-10
31053.9 -1.54595e-08 -1.40179e-08
31056 7.35096e-09 -5.37382e-09
31058.1 1.80057e-08 1.22238e-08
31060.3 -1.22511e-09 9.53145e-09
31062.4 -1.83791e-08 -8.95657e-09
31064.5 -4.92763e-09 -1.25117e-08
31066.6 1.67758e-08 4.75368e-09
31068.8 1.06406e-08 1.41338e-08
31070.9 -1.31483e-08 5.48778e-11
31073 -1.50419e-08 -1.40695e-08
31075.1 8.11911e-09 -4.77766e-09
31077.3 1.78306e-08 1.24662e-08
31079.4 -2.06592e-09 9.00657e-09
31081.5 -1.85016e-08 -9.38585e-09
31083.7 -4.14631e-09 -1.21417e-08
31085.8 1.71418e-08 5.29638e-09
31087.9 9.96516e-09 1.39348e-08
31090.1 -1.44012e-08 -1.31255e-09
31092.3 -1.33227e-08 -1.42212e-08
31094.5 1.13322e-08 -1.99656e-09
31096.7 1.60148e-08 1.37669e-08
31098.9 -7.58636e-09 5.2291e-09
31101.1 -1.77982e-08 -1.25293e-08
31103.4 3.44833e-09 -8.14726e-09
31105.6 1.86422e-08 1.06302e-08
31107.8 9.14579e-10 1.06378e-08
31110 -1.8451e-08 -8.13497e-09
31112.2 -5.22952e-09 -1.25331e-08
31114.4 1.72543e-08 5.20467e-09
31116.6 9.2705e-09 1.37464e-08
31118.8 -1.51157e-08 -1.991e-09
31121 -1.2828e-08 -1.42104e-08
31123.2 1.21249e-08 -1.33604e-09
31125.4 1.56693e-08 1.38867e-08
31127.6 -8.49101e-09 4.57314e-09
31129.8 -1.76955e-08 -1.28223e-08
31132 4.34119e-09 -7.57945e-09
31134.2 1.87117e-08 1.10327e-08
31136.4 6.39156e-12 1.01398e-08
31138.6 -1.8762e-08 -8.67469e-09
31140.8 -4.42696e-09 -1.218e-08
31143.1 1.77177e-08 5.80532e-09
31145.3 8.54491e-09 1.35097e-08
31147.5 -1.57759e-08 -2.66837e-09
31149.7 -1.22859e-08 -1.415e-08
31151.9 1.28793e-08 -6.63816e-10
31154.1 1.52732e-08 1.39608e-08
31156.3 -9.36314e-09 3.89691e-09
31158.5 -1.75281e-08 -1.30716e-08
31160.7 5.22378e-09 -6.97792e-09
31162.9 1.87223e-08 1.14027e-08
31165.1 -8.96755e-10 9.60448e-09
31167.3 -1.90043e-08 -9.18578e-09
31169.5 -3.60413e-09 -1.17776e-08
31171.7 1.81271e-08 6.39443e-09
31173.9 7.79705e-09 1.3227e-08
31176.1 -1.63765e-08 -3.33812e-09
31178.3 -1.16964e-08 -1.40342e-08
31180.6 1.35967e-08 2.14195e-11
31182.8 1.48335e-08 1.39908e-08
31185 -1.01957e-08 3.20607e-09
31187.2 -1.72949e-08 -1.32706e-08
31189.4 6.09552e-09 -6.3405e-09
31191.6 1.86785e-08 1.17408e-08
31193.8 -1.78734e-09 9.03613e-09
31196 -1.91746e-08 -9.66181e-09
31198.2 -2.76217e-09 -1.1323e-08
31200.4 1.84842e-08 6.97176e-09
31202.6 7.03371e-09 1.29008e-08
31204.8 -1.69122e-08 -3.99443e-09
31207 -1.10599e-08 -1.386e-08
31209.2 1.42769e-08 7.18678e-10
31211.4 1.4355e-08 1.3977e-08
31213.6 -1.09827e-08 2.50529e-09
31215.8 -1.69948e-08 -1.34162e-08
31218.1 6.955e-09 -5.66865e-09
31220.3 1.85826e-08 1.20453e-08
31222.5 -2.65962e-09 8.43779e-09
31224.7 -1.927e-08 -1.00992e-08
31226.9 -1.90259e-09 -1.08176e-08
31229.1 1.87889e-08 7.53387e-09
31231.3 6.25884e-09 1.25321e-08
31233.5 -1.73796e-08 -4.63369e-09
31235.7 -1.03774e-08 -1.36281e-08
31237.9 1.49177e-08 1.42323e-09
31240.1 1.38391e-08 1.39183e-08
31242.3 -1.17211e-08 1.79787e-09
31244.5 -1.66278e-08 -1.35077e-08
31246.7 7.79882e-09 -4.96755e-09
31248.9 1.84329e-08 1.23127e-08
31251.1 -3.51246e-09 7.81178e-09
31253.3 -1.92907e-08 -1.0496e-08
31255.6 -1.02913e-09 -1.0266e-08
31257.8 1.9037e-08 8.07508e-09
31260 5.47093e-09 1.21214e-08
31262.2 -1.77793e-08 -5.25293e-09
31264.4 -9.65235e-09 -1.33415e-08
31266.6 1.55133e-08 2.12794e-09
31268.8 1.32815e-08 1.38126e-08
31271 -1.24132e-08 1.08693e-09
31273.2 -1.61977e-08 -1.35462e-08
31275.4 8.62089e-09 -4.24473e-09
31277.6 1.82232e-08 1.2538e-08
31279.8 -4.35027e-09 7.16019e-09
31282 -1.92406e-08 -1.08515e-08
31284.2 -1.47525e-10 -9.67513e-09
31286.4 1.92212e-08 8.58768e-09
31288.6 4.66364e-09 1.16685e-08
31290.8 -1.81163e-08 -5.84993e-09
31293 -8.89008e-09 -1.30054e-08
31295.3 1.60567e-08 2.82337e-09
31297.5 1.26746e-08 1.36566e-08
31299.7 -1.3065e-08 3.74963e-10
31301.9 -1.57093e-08 -1.35344e-08
31304.1 9.41517e-09 -3.50995e-09
31306.3 1.79457e-08 1.27146e-08
31308.5 -5.1802e-09 6.48447e-09
31310.7 -1.9125e-08 -1.11654e-08
31312.9 7.37273e-10 -9.05321e-09
31315.1 1.93348e-08 9.06268e-09
31317.3 3.82938e-09 1.11729e-08
31319.5 -1.83966e-08 -6.42258e-09
31321.7 -8.09478e-09 -1.26252e-08
31323.9 1.6543e-08 3.49942e-09
31326.1 1.20115e-08 1.3447e-08
31328.3 -1.36834e-08 -3.35048e-10
31330.5 -1.51668e-08 -1.34742e-08
31332.8 1.01784e-08 -2.77265e-09
31335 1.75951e-08 1.28367e-08
31337.2 -6.00905e-09 5.7871e-09
31339.4 -1.89485e-08 -1.14366e-08
31341.6 1.62319e-09 -8.40753e-09
31343.8 1.93748e-08 9.49226e-09
31346 2.96229e-09 1.06351e-08
31348.2 -1.86254e-08 -6.96732e-09
31350.4 -7.26818e-09 -1.22049e-08
31352.6 1.69712e-08 4.14769e-09
31354.8 1.12882e-08 1.3182e-08
31357 -1.42736e-08 -1.03871e-09
31359.2 -1.45723e-08 -1.33662e-08
31361.4 1.09112e-08 -2.04041e-09
31363.6 1.71701e-08 1.29e-08
31365.8 -6.84123e-09 5.07182e-09
31368 -1.8714e-08 -1.16626e-08
31370.3 2.5115e-09 -7.7436e-09
31372.5 1.93424e-08 9.87058e-09
31374.7 2.05979e-09 1.00573e-08
31376.9 -1.88059e-08 -7.47984e-09
31379.1 -6.40943e-09 -1.17473e-08
31381.3 1.73445e-08 4.76186e-09
31383.5 1.05047e-08 1.28615e-08
31385.7 -1.48386e-08 -1.73096e-09
31387.9 -1.39262e-08 -1.32101e-08
31390.1 1.16176e-08 -1.3187e-09
31392.3 1.66733e-08 1.29026e-08
31394.5 -7.6785e-09 4.3434e-09
31396.7 -1.84228e-08 -1.18405e-08
31398.9 3.40559e-09 -7.06502e-09
31401.1 1.92422e-08 1.01946e-08
31403.3 1.12224e-09 9.44329e-09
31405.5 -1.89401e-08 -7.95513e-09
31407.8 -5.51655e-09 -1.12535e-08
31410 1.76684e-08 5.33869e-09
31412.2 9.66385e-09 1.24881e-08
31414.4 -1.53797e-08 -2.40568e-09
31416.6 -1.32279e-08 -1.30044e-08
31418.8 1.23027e-08 -6.10257e-10
31421 1.61096e-08 1.2846e-08
31423.2 -8.52056e-09 3.60832e-09
31425.4 -1.80756e-08 -1.19666e-08
31427.6 4.30941e-09 -6.37353e-09
31429.8 1.90805e-08 1.04647e-08
31432 1.52267e-10 8.79914e-09
31434.2 -1.90286e-08 -8.38793e-09
31436.4 -4.58725e-09 -1.07241e-08
31438.6 1.79496e-08 5.87749e-09
31440.8 8.77064e-09 1.20671e-08
31443 -1.58964e-08 -3.05641e-09
31445.3 -1.24766e-08 -1.27485e-08
31447.5 1.29723e-08 8.3298e-11
31449.7 1.54859e-08 1.27337e-08
31451.9 -9.36491e-09 2.8736e-09
31454.1 -1.76719e-08 -1.20388e-08
31456.3 5.22725e-09 -5.67141e-09
31458.5 1.8865e-08 1.06825e-08
31460.7 -8.45401e-10 8.13183e-09
31462.9 -1.90705e-08 -8.77438e-09
31465.1 -3.61877e-09 -1.01614e-08
31467.3 1.8195e-08 6.37769e-09
31469.5 7.83152e-09 1.16044e-08
31471.7 -1.63865e-08 -3.67767e-09
31473.9 -1.16706e-08 -1.24439e-08
31476.1 1.3632e-08 7.59442e-10
31478.3 1.48094e-08 1.25702e-08
31480.5 -1.02078e-08 2.14611e-09
31482.7 -1.72107e-08 -1.20567e-08
31485 6.16286e-09 -4.9624e-09
31487.2 1.86023e-08 1.085e-08
31489.4 -1.86582e-09 7.44885e-09
31491.6 -1.90644e-08 -9.11162e-09
31493.8 -2.6091e-09 -9.56908e-09
31496 1.84102e-08 6.83885e-09
31498.2 6.85202e-09 1.11073e-08
31500.4 -1.68482e-08 -4.26385e-09
31502.6 -1.08092e-08 -1.20928e-08
31504.8 1.42855e-08 1.41556e-09
31507 1.40853e-08 1.2361e-08
31509.2 -1.10466e-08 1.4336e-09
31511.4 -1.66917e-08 -1.20203e-08
31513.6 7.11811e-09 -4.25042e-09
31515.8 1.8297e-08 1.09702e-08
31518 -2.90575e-09 6.75894e-09
31520.2 -1.90103e-08 -9.3966e-09
31522.5 -1.55787e-09 -8.95125e-09
31524.7 1.85984e-08 7.26094e-09
31526.9 5.83573e-09 1.05837e-08
31529.1 -1.72807e-08 -4.80914e-09
31531.3 -9.89296e-09 -1.16984e-08
31533.5 1.49347e-08 2.04873e-09
31535.7 1.33174e-08 1.21119e-08
31537.9 -1.18801e-08 7.43723e-10
31540.1 -1.61159e-08 -1.19305e-08
31542.3 8.09357e-09 -3.54048e-09
31544.5 1.79523e-08 1.10456e-08
31546.7 -3.96302e-09 6.07005e-09
31548.9 -1.89089e-08 -9.62773e-09
31551.1 -4.65728e-10 -8.31374e-09
31553.3 1.87618e-08 7.64246e-09
31555.5 4.78537e-09 1.00403e-08
31557.7 -1.76844e-08 -5.3096e-09
31560 -8.92345e-09 -1.12658e-08
31562.2 1.55805e-08 2.65403e-09
31564.4 1.25083e-08 1.18268e-08
31566.6 -1.27075e-08 8.19547e-11
31568.8 -1.54855e-08 -1.17905e-08
31571 9.08843e-09 -2.83969e-09
31573.2 1.75701e-08 1.10766e-08
31575.4 -5.03658e-09 5.388e-09
31577.6 -1.87623e-08 -9.80556e-09
31579.8 6.64863e-10 -7.66416e-09
31582 1.8901e-08 7.98024e-09
31584.2 3.70204e-09 9.48182e-09
31586.4 -1.80612e-08 -5.76315e-09
31588.6 -7.90452e-09 -1.08014e-08
31590.8 1.62213e-08 3.22548e-09
31593 1.16585e-08 1.15083e-08
31595.2 -1.35306e-08 -5.47808e-10
31597.5 -1.48051e-08 -1.16046e-08
31599.7 1.00989e-08 -2.15561e-09
31601.9 1.71496e-08 1.10625e-08
31604.1 -6.12766e-09 4.71719e-09
31606.3 -1.85756e-08 -9.9316e-09
31608.5 1.82826e-09 -7.01026e-09
31610.7 1.90134e-08 8.27083e-09
31612.9 2.5846e-09 8.91183e-09
31615.1 -1.84154e-08 -6.16897e-09
31617.3 -6.84304e-09 -1.0312e-08
31619.5 1.68527e-08 3.75717e-09
31621.7 1.07665e-08 1.11578e-08
31623.9 -1.43527e-08 -1.1433e-09
31626.1 -1.40818e-08 -1.13776e-08
31628.3 1.11188e-08 -1.49561e-09
31630.5 1.66886e-08 1.10026e-08
31632.7 -7.23854e-09 4.06023e-09
31634.9 -1.8355e-08 -1.00087e-08
31637.2 3.01684e-09 -6.35971e-09
31639.4 1.90953e-08 8.51075e-09
31641.6 1.43167e-09 8.33227e-09
31643.8 -1.87519e-08 -6.52808e-09
31646 -5.74703e-09 -9.80449e-09
31648.2 1.74692e-08 4.24379e-09
31650.4 9.83121e-09 1.0776e-08
31652.6 -1.51766e-08 -1.70412e-09
31654.8 -1.3323e-08 -1.1115e-08
31657 1.21413e-08 -8.65996e-10
31659.2 1.61853e-08 1.08959e-08
31661.4 -8.36985e-09 3.41843e-09
31663.6 -1.8106e-08 -1.00407e-08
31665.8 4.22305e-09 -5.71896e-09
31668 1.91438e-08 8.69806e-09
31670.2 2.44001e-10 7.7449e-09
31672.4 -1.90733e-08 -6.8423e-09
31674.7 -4.62375e-09 -9.28488e-09
31676.9 1.80665e-08 4.68236e-09
31679.1 8.85378e-09 1.03649e-08
31681.3 -1.6002e-08 -2.23031e-09
31683.5 -1.25343e-08 -1.08219e-08
31685.7 1.31604e-08 -2.70537e-10
31687.9 1.56401e-08 1.07443e-08
31690.1 -9.51902e-09 2.79329e-09
31692.3 -1.78316e-08 -1.0031e-08
31694.5 5.44055e-09 -5.09237e-09
31696.7 1.91577e-08 8.83365e-09
31698.9 -9.74413e-10 7.15249e-09
31701.1 -1.93794e-08 -7.11366e-09
31703.3 -3.47872e-09 -8.75783e-09
31705.5 1.86414e-08 5.07271e-09
31707.7 7.83818e-09 9.928e-09
31709.9 -1.68253e-08 -2.72202e-09
31712.2 -1.17191e-08 -1.05028e-08
31714.4 1.41718e-08 2.89301e-10
31716.6 1.50557e-08 1.05513e-08
31718.8 -1.06799e-08 2.18669e-09
31721 -1.75317e-08 -9.98357e-09
31723.2 6.66435e-09 -4.48276e-09
31725.4 1.91373e-08 8.92085e-09
31727.6 -2.21653e-09 6.55886e-09
31729.8 -1.96664e-08 -7.34437e-09
31732 -2.31589e-09 -8.22718e-09
31734.2 1.91917e-08 5.41707e-09
31736.4 6.79062e-09 9.47067e-09
31738.6 -1.76396e-08 -3.17919e-09
31740.8 -1.08787e-08 -1.01618e-08
31743 1.51711e-08 8.14029e-10
31745.2 1.44359e-08 1.03232e-08
31747.4 -1.18438e-08 1.60147e-09
31749.7 -1.72044e-08 -9.90186e-09
31751.9 7.88984e-09 -3.89149e-09
31754.1 1.90832e-08 8.96553e-09
31756.3 -3.47349e-09 5.96953e-09
31758.5 -1.99285e-08 -7.53619e-09
31760.7 -1.13854e-09 -7.69586e-09
31762.9 1.97148e-08 5.71976e-09
31765.1 5.71818e-09 9.00031e-09
31767.3 -1.8436e-08 -3.60093e-09
31769.5 -1.00136e-08 -9.80265e-09
31771.7 1.6154e-08 1.30559e-09
31773.9 1.37845e-08 1.0068e-08
31776.1 -1.30001e-08 1.0414e-09
31778.3 -1.68458e-08 -9.78919e-09
31780.5 9.1124e-09 -3.31934e-09
31782.7 1.89955e-08 8.97463e-09
31784.9 -4.7354e-09 5.39076e-09
31787.2 -2.0158e-08 -7.69085e-09
31789.4 5.06062e-11 -7.16694e-09
31791.6 2.02077e-08 5.98537e-09
31793.8 4.6282e-09 8.52463e-09
31796 -1.9204e-08 -3.98658e-09
31798.2 -9.12274e-09 -9.42963e-09
31800.4 1.71154e-08 1.76539e-09
31802.6 1.3105e-08 9.79333e-09
31804.8 -1.41376e-08 5.09849e-10
31807 -1.6451e-08 -9.64952e-09
31809.2 1.03274e-08 -2.76796e-09
31811.4 1.88732e-08 8.95424e-09
31813.6 -5.99235e-09 4.82812e-09
31815.8 -2.03461e-08 -7.81067e-09
31818 1.2491e-09 -6.64424e-09
31820.2 2.06659e-08 6.2174e-09
31822.4 3.52706e-09 8.05035e-09
31824.6 -1.99326e-08 -4.33588e-09
31826.9 -8.20516e-09 -9.04724e-09
31829.1 1.80495e-08 2.1941e-09
31831.3 1.23991e-08 9.50567e-09
31833.5 -1.52456e-08 9.73608e-12
31835.7 -1.6015e-08 -9.48659e-09
31837.9 1.1529e-08 -2.23911e-09
31840.1 1.87137e-08 8.90958e-09
31842.3 -7.23613e-09 4.28662e-09
31844.5 -2.04848e-08 -7.89743e-09
31846.7 2.4536e-09 -6.13088e-09
31848.9 2.10833e-08 6.419e-09
31851.1 2.41892e-09 7.58341e-09
31853.3 -2.06125e-08 -4.64825e-09
31855.5 -7.26066e-09 -8.65883e-09
31857.7 1.89485e-08 2.59261e-09
31859.9 1.16663e-08 9.2107e-09
31862.1 -1.63152e-08 -4.56312e-10
31864.4 -1.55338e-08 -9.30299e-09
31866.6 1.27107e-08 -1.73374e-09
31868.8 1.85121e-08 8.84498e-09
31871 -8.46043e-09 3.77007e-09
31873.2 -2.05672e-08 -7.95253e-09
31875.4 3.66005e-09 -5.62905e-09
31877.6 2.14524e-08 6.59264e-09
31879.8 1.30622e-09 7.12782e-09
31882 -2.12355e-08 -4.92394e-09
31884.2 -6.28948e-09 -8.26713e-09
31886.4 1.98042e-08 2.96152e-09
31888.6 1.09047e-08 8.91179e-09
31890.8 -1.73388e-08 -8.8772e-10
31893 -1.5004e-08 -9.10151e-09
31895.2 1.38654e-08 -1.25281e-09
31897.4 1.8263e-08 8.76272e-09
31899.6 -9.66013e-09 3.27939e-09
31901.9 -2.05872e-08 -7.97858e-09
31904.1 4.86431e-09 -5.14081e-09
31906.3 2.17653e-08 6.73948e-09
31908.5 1.90371e-10 6.68455e-09
31910.7 -2.17943e-08 -5.16528e-09
31912.9 -5.2924e-09 -7.87489e-09
31915.1 2.06082e-08 3.30105e-09
31917.3 1.01116e-08 8.60986e-09
31919.5 -1.83105e-08 -1.28657e-09
31921.7 -1.44232e-08 -8.88541e-09
31923.9 1.49857e-08 -7.96853e-10
31926.1 1.796e-08 8.66378e-09
31928.3 -1.08319e-08 2.81291e-09
31930.5 -2.05404e-08 -7.97921e-09
31932.7 6.06116e-09 -4.66741e-09
31934.9 2.20135e-08 6.86063e-09
31937.1 -9.29027e-10 6.25253e-09
31939.4 -2.22843e-08 -5.37618e-09
31941.6 -4.27181e-09 -7.48432e-09
31943.8 2.13511e-08 3.61231e-09
31946 9.28285e-09 8.30475e-09
31948.2 -1.92264e-08 -1.65673e-09
31950.4 -1.37912e-08 -8.65802e-09
31952.6 1.6063e-08 -3.65193e-10
31954.8 1.75958e-08 8.54901e-09
31957 -1.19744e-08 2.36726e-09
31959.2 -2.04247e-08 -7.95896e-09
31961.4 7.24418e-09 -4.20925e-09
31963.6 2.21876e-08 6.95778e-09
31965.8 -2.05352e-09 5.82953e-09
31968 -2.27026e-08 -5.56204e-09
31970.2 -3.2314e-09 -7.09744e-09
31972.4 2.20233e-08 3.89724e-09
31974.6 8.41396e-09 7.99582e-09
31976.8 -2.00841e-08 -2.0037e-09
31979.1 -1.31089e-08 -8.42331e-09
31981.3 1.7089e-08 4.35359e-11
31983.5 1.71636e-08 8.41949e-09
31985.7 -1.30864e-08 1.9379e-09
31987.9 -2.02389e-08 -7.92342e-09
31990.1 8.40714e-09 -3.76642e-09
31992.3 2.22798e-08 7.03331e-09
31994.5 -3.18392e-09 5.41294e-09
31996.7 -2.30465e-08 -5.72917e-09
31998.9 -2.17462e-09 -6.71637e-09
32001.1 2.26169e-08 4.15868e-09
32003.3 7.50212e-09 7.68295e-09
32005.5 -2.08807e-08 -2.33322e-09
32007.7 -1.2377e-08 -8.18537e-09
32009.9 1.80567e-08 4.31485e-10
32012.1 1.6659e-08 8.27742e-09
32014.3 -1.41656e-08 1.52091e-09
32016.6 -1.99811e-08 -7.87799e-09
32018.8 9.54516e-09 -3.33837e-09
32021 2.22845e-08 7.09089e-09
32023.2 -4.31904e-09 5.00146e-09
32025.4 -2.33126e-08 -5.88311e-09
32027.6 -1.10377e-09 -6.34264e-09
32029.8 2.31262e-08 4.40047e-09
32032 6.54696e-09 7.36752e-09
32034.2 -2.16118e-08 -2.64971e-09
32036.4 -1.1595e-08 -7.94754e-09
32038.6 1.89614e-08 8.01453e-10
32040.8 1.60801e-08 8.12622e-09
32043 -1.52077e-08 1.11399e-09
32045.2 -1.96484e-08 -7.82692e-09
32047.4 1.0655e-08 -2.92417e-09
32049.6 2.21988e-08 7.13481e-09
32051.8 -5.45543e-09 4.59528e-09
32054.1 -2.3496e-08 -6.02786e-09
32056.3 -1.98879e-11 -5.97721e-09
32058.5 2.35478e-08 4.62655e-09
32060.7 5.55059e-09 7.0519e-09
32062.9 -2.22717e-08 -2.9558e-09
32065.1 -1.07616e-08 -7.71208e-09
32067.3 1.98e-08 1.15613e-09
32069.5 1.54276e-08 7.96959e-09
32071.7 -1.62069e-08 7.16487e-10
32073.9 -1.92372e-08 -7.77277e-09
32076.1 1.17348e-08 -2.52263e-09
32078.3 2.20219e-08 7.16909e-09
32080.5 -6.58811e-09 4.19574e-09
32082.7 -2.35915e-08 -6.16523e-09
32084.9 1.07668e-09 -5.62005e-09
32087.1 2.38802e-08 4.84041e-09
32089.3 4.51658e-09 6.73886e-09
32091.6 -2.28542e-08 -3.25195e-09
32093.8 -9.87521e-09 -7.47942e-09
32096 2.05706e-08 1.49813e-09
32098.2 1.47033e-08 7.8109e-09
32100.4 -1.7157e-08 3.29338e-10
32102.6 -1.87443e-08 -7.71569e-09
32104.8 1.27831e-08 -2.13193e-09
32107 2.17542e-08 7.19695e-09
32109.2 -7.71162e-09 3.80469e-09
32111.4 -2.35944e-08 -6.29475e-09
32113.6 2.18569e-09 -5.26976e-09
32115.8 2.41225e-08 5.04476e-09
32118 3.44913e-09 6.43048e-09
32120.2 -2.33536e-08 -3.53717e-09
32122.4 -8.93465e-09 -7.24817e-09
32124.6 2.12719e-08 1.82964e-09
32126.8 1.39098e-08 7.65189e-09
32129.1 -1.80522e-08 -4.64043e-11
32131.3 -1.81669e-08 -7.65422e-09
32133.5 1.37989e-08 -1.75009e-09
32135.7 2.1397e-08 7.21965e-09
32137.9 -8.82054e-09 3.42272e-09
32140.1 -2.35006e-08 -6.41506e-09
32142.3 3.30669e-09 -4.92426e-09
32144.5 2.42748e-08 5.24062e-09
32146.7 2.35267e-09 6.12663e-09
32148.9 -2.37653e-08 -3.81063e-09
32151.1 -7.9395e-09 -7.01607e-09
32153.3 2.19034e-08 2.15196e-09
32155.5 1.30504e-08 7.49188e-09
32157.7 -1.88875e-08 -4.10863e-10
32159.9 -1.75037e-08 -7.58612e-09
32162.1 1.47808e-08 -1.37507e-09
32164.3 2.09519e-08 7.2365e-09
32166.5 -9.91033e-09 3.04862e-09
32168.8 -2.33083e-08 -6.52452e-09
32171 4.43815e-09 -4.58064e-09
32173.2 2.43374e-08 5.42807e-09
32175.4 1.23101e-09 5.82528e-09
32177.6 -2.40867e-08 -4.07185e-09
32179.8 -6.89131e-09 -6.77973e-09
32182 2.24637e-08 2.46656e-09
32184.2 1.21278e-08 7.32873e-09
32186.4 -1.96601e-08 -7.65038e-10
32188.6 -1.6756e-08 -7.50832e-09
32190.8 1.57266e-08 -1.00389e-09
32193 2.04204e-08 7.24617e-09
32195.2 -1.09778e-08 2.68005e-09
32197.4 -2.3018e-08 -6.62124e-09
32199.6 5.57681e-09 -4.23489e-09
32201.8 2.43104e-08 5.6073e-09
32204 8.73731e-11 5.52338e-09
32206.3 -2.43176e-08 -4.32083e-09
32208.5 -5.79376e-09 -6.53506e-09
32210.7 2.29515e-08 2.77538e-09
32212.9 1.1145e-08 7.15961e-09
32215.1 -2.03685e-08 -1.11093e-09
32217.3 -1.59273e-08 -7.41784e-09
32219.5 1.66331e-08 -6.33244e-10
32221.7 1.98047e-08 7.2469e-09
32223.9 -1.20204e-08 2.31348e-09
32226.1 -2.26324e-08 -6.70426e-09
32228.3 6.71834e-09 -3.88325e-09
32230.5 2.41944e-08 5.77812e-09
32232.7 -1.07463e-09 5.21682e-09
32234.9 -2.4459e-08 -4.5589e-09
32237.1 -4.65198e-09 -6.27895e-09
32239.3 2.33654e-08 3.07977e-09
32241.5 1.01057e-08 6.98087e-09
32243.8 -2.10119e-08 -1.45182e-09
32246 -1.50227e-08 -7.31307e-09
32248.2 1.7497e-08 -2.60787e-10
32250.4 1.91078e-08 7.23633e-09
32252.6 -1.30352e-08 1.94458e-09
32254.8 -2.21556e-08 -6.77391e-09
32257 7.8572e-09 -3.52321e-09
32259.2 2.39906e-08 5.93979e-09
32261.4 -2.25103e-09 4.90128e-09
32263.6 -2.45133e-08 -4.78815e-09
32265.8 -3.47283e-09 -6.00956e-09
32268 2.37038e-08 3.38032e-09
32270.2 9.01417e-09 6.78906e-09
32272.4 -2.15901e-08 -1.79094e-09
32274.6 -1.40492e-08 -7.19336e-09
32276.8 1.83135e-08 1.14782e-10
32279 1.83327e-08 7.21225e-09
32281.3 -1.402e-08 1.56975e-09
32283.5 -2.15934e-08 -6.83075e-09
32285.7 8.98616e-09 -3.15347e-09
32287.9 2.36995e-08 6.0912e-09
32290.1 -3.43802e-09 4.57341e-09
32292.3 -2.44837e-08 -5.01009e-09
32294.5 -2.26483e-09 -5.72602e-09
32296.7 2.39641e-08 3.67662e-09
32298.9 7.87431e-09 6.58133e-09
32301.1 -2.21035e-08 -2.13032e-09
32303.3 -1.3015e-08 -7.05842e-09
32305.5 1.90769e-08 4.93291e-10
32307.7 1.7482e-08 7.17222e-09
32309.9 -1.49724e-08 1.18675e-09
32312.1 -2.0952e-08 -6.87491e-09
32314.3 1.00973e-08 -2.77413e-09
32316.5 2.33214e-08 6.23011e-09
32318.7 -4.63145e-09 4.2308e-09
32321 -2.43735e-08 -5.22505e-09
32323.2 -1.03673e-09 -5.42829e-09
32325.4 2.41437e-08 3.96656e-09
32327.6 6.69069e-09 6.35499e-09
32329.8 -2.25521e-08 -2.4704e-09
32332 -1.19279e-08 -6.90771e-09
32334.2 1.97818e-08 8.72985e-10
32336.4 1.65592e-08 7.11316e-09
32338.6 -1.58892e-08 7.94815e-10
32340.8 -2.02369e-08 -6.9052e-09
32343 1.11835e-08 -2.38613e-09
32345.2 2.28575e-08 6.35315e-09
32347.4 -5.82629e-09 3.872e-09
32349.6 -2.41849e-08 -5.43127e-09
32351.8 2.04061e-10 -5.11593e-09
32354 2.42411e-08 4.24692e-09
32356.2 5.46873e-09 6.10755e-09
32358.5 -2.29343e-08 -2.80942e-09
32360.7 -1.07943e-08 -6.73919e-09
32362.9 2.04246e-08 1.25156e-09
32365.1 1.55689e-08 7.03153e-09
32367.3 -1.67664e-08 3.94906e-10
32369.5 -1.94519e-08 -6.91815e-09
32371.7 1.22395e-08 -1.99005e-09
32373.9 2.23104e-08 6.45622e-09
32376.1 -7.01669e-09 3.49642e-09
32378.3 -2.39185e-08 -5.62468e-09
32380.5 1.45214e-09 -4.78728e-09
32382.7 2.42566e-08 4.51399e-09
32384.9 4.21461e-09 5.83654e-09
32387.1 -2.3248e-08 -3.14385e-09
32389.3 -9.61827e-09 -6.54899e-09
32391.5 2.10034e-08 1.62681e-09
32393.7 1.45162e-08 6.92333e-09
32396 -1.75991e-08 -1.11123e-11
32398.2 -1.85994e-08 -6.90848e-09
32400.4 1.32623e-08 -1.58566e-09
32402.6 2.16839e-08 6.53479e-09
32404.8 -8.1966e-09 3.10358e-09
32407 -2.35744e-08 -5.79978e-09
32409.2 2.70411e-09 -4.43938e-09
32411.4 2.41921e-08 4.76408e-09
32413.6 2.9348e-09 5.53925e-09
32415.8 -2.3491e-08 -3.46936e-09
32418 -8.40292e-09 -6.33189e-09
32420.2 2.15183e-08 1.99715e-09
32422.4 1.34073e-08 6.78443e-09
32424.6 -1.83834e-08 -4.21066e-10
32426.8 -1.76812e-08 -6.86978e-09
32429 1.42506e-08 -1.17175e-09
32431.2 2.09828e-08 6.58464e-09
32433.5 -9.36052e-09 2.69314e-09
32435.7 -2.31531e-08 -5.95048e-09
32437.9 3.95771e-09 -4.06829e-09
32440.1 2.4051e-08 4.99423e-09
32442.3 1.63554e-09 5.2132e-09
32444.5 -2.36619e-08 -3.78142e-09
32446.7 -7.15094e-09 -6.08209e-09
32448.9 2.1971e-08 2.36183e-09
32451.1 1.22485e-08 6.61121e-09
32453.3 -1.91161e-08 -8.32834e-10
32455.5 -1.67e-08 -6.79572e-09
32457.7 1.52042e-08 -7.46605e-10
32459.9 2.02129e-08 6.6022e-09
32462.1 -1.05038e-08 2.26475e-09
32464.3 -2.26562e-08 -6.07126e-09
32466.5 5.21098e-09 -3.6703e-09
32468.7 2.38376e-08 5.20194e-09
32470.9 3.228e-10 4.8561e-09
32473.2 -2.37611e-08 -4.07633e-09
32475.4 -5.86547e-09 -5.7948e-09
32477.6 2.23638e-08 2.71998e-09
32479.8 1.10463e-08 6.40039e-09
32482 -1.97957e-08 -1.24491e-09
32484.2 -1.56593e-08 -6.68151e-09
32486.4 1.6123e-08 -3.09423e-10
32488.6 1.93804e-08 6.58418e-09
32490.8 -1.16226e-08 1.81792e-09
32493 -2.2087e-08 -6.15814e-09
32495.2 6.46159e-09 -3.24331e-09
32497.4 2.35567e-08 5.38461e-09
32499.6 -9.97975e-10 4.4661e-09
32501.8 -2.37902e-08 -4.35138e-09
32504 -4.55076e-09 -5.46718e-09
32506.2 2.26991e-08 3.07008e-09
32508.4 9.80704e-09 6.14943e-09
32510.7 -2.04217e-08 -1.65587e-09
32512.9 -1.45643e-08 -6.52407e-09
32515.1 1.70066e-08 1.3939e-10
32517.3 1.84911e-08 6.52792e-09
32519.5 -1.27145e-08 1.35299e-09
32521.7 -2.14503e-08 -6.20815e-09
32523.9 7.70608e-09 -2.78676e-09
32526.1 2.32126e-08 5.53985e-09
32528.3 -2.32231e-09 4.0427e-09
32530.5 -2.37529e-08 -4.6039e-09
32532.7 -3.21249e-09 -5.09793e-09
32534.9 2.29788e-08 3.4101e-09
32537.1 8.53626e-09 5.85717e-09
32539.3 -2.09953e-08 -2.06345e-09
32541.5 -1.34218e-08 -6.3215e-09
32543.7 1.78536e-08 5.98185e-10
32545.9 1.75507e-08 6.4316e-09
32548.2 -1.37778e-08 8.71649e-10
32550.4 -2.07525e-08 -6.21893e-09
32552.6 8.94018e-09 -2.30187e-09
32554.8 2.28095e-08 5.6651e-09
32557 -3.64618e-09 3.58676e-09
32559.2 -2.36535e-08 -4.83114e-09
32561.4 -1.85708e-09 -4.68761e-09
32563.6 2.32043e-08 3.73682e-09
32565.8 7.23948e-09 5.52328e-09
32568 -2.15182e-08 -2.46477e-09
32570.2 -1.2239e-08 -6.07345e-09
32572.4 1.86625e-08 1.06335e-09
32574.6 1.65646e-08 6.29338e-09
32576.8 -1.48111e-08 3.76505e-10
32579 -2.00002e-08 -6.18893e-09
32581.2 1.01594e-08 -1.79205e-09
32583.4 2.23514e-08 5.75694e-09
32585.7 -4.96552e-09 3.09999e-09
32587.9 -2.34966e-08 -5.03036e-09
32590.1 -4.9119e-10 -4.23871e-09
32592.3 2.33772e-08 4.04545e-09
32594.5 5.92213e-09 5.14788e-09
32596.7 -2.19922e-08 -2.85625e-09
32598.9 -1.10234e-08 -5.78071e-09
32601.1 1.94315e-08 1.52947e-09
32603.3 1.55381e-08 6.11134e-09
32605.5 -1.58131e-08 -1.28779e-10
32607.7 -1.92001e-08 -6.11681e-09
32609.9 1.13589e-08 -1.26233e-09
32612.1 2.1842e-08 5.81128e-09
32614.3 -6.2768e-09 2.58507e-09
32616.5 -2.3287e-08 -5.1982e-09
32618.7 8.78266e-10 -3.75471e-09
32620.9 2.34982e-08 4.33026e-09
32623.2 4.58885e-09 4.73173e-09
32625.4 -2.24192e-08 -3.23322e-09
32627.6 -9.78258e-09 -5.44434e-09
32629.8 2.01583e-08 1.99013e-09
32632 1.44756e-08 5.88364e-09
32634.2 -1.67832e-08 -6.39479e-10
32636.4 -1.83591e-08 -6.00093e-09
32638.6 1.25337e-08 -7.18466e-10
32640.8 2.12839e-08 5.82371e-09
32643 -7.57718e-09 2.04548e-09
32645.2 -2.30296e-08 -5.3307e-09
32647.4 2.24463e-09 -3.23947e-09
32649.6 2.35678e-08 4.58494e-09
32651.8 3.24364e-09 4.27589e-09
32654 -2.28014e-08 -3.59044e-09
32656.2 -8.52362e-09 -5.06551e-09
32658.4 2.08408e-08 2.43843e-09
32660.6 1.33809e-08 5.60844e-09
32662.9 -1.77208e-08 -1.15043e-09
32665.1 -1.74832e-08 -5.83954e-09
32667.3 1.36797e-08 -1.6652e-10
32669.5 2.06801e-08 5.78975e-09
32671.7 -8.86387e-09 1.48494e-09
32673.9 -2.27285e-08 -5.42373e-09
32676.1 3.60249e-09 -2.69694e-09
32678.3 2.35871e-08 4.80333e-09
32680.5 1.8906e-09 3.78173e-09
32682.7 -2.31405e-08 -3.92248e-09
32684.9 -7.2521e-09 -4.64527e-09
32687.1 2.14783e-08 2.86784e-09
32689.3 1.22586e-08 5.28447e-09
32691.5 -1.86249e-08 -1.65619e-09
32693.7 -1.65772e-08 -5.63079e-09
32695.9 1.47943e-08 3.87962e-10
32698.1 2.00344e-08 5.70583e-09
32700.4 -1.01338e-08 9.07726e-10
32702.6 -2.23867e-08 -5.47312e-09
32704.8 4.94806e-09 -2.13064e-09
32707 2.35586e-08 4.98041e-09
32709.2 5.34279e-10 3.25158e-09
32711.4 -2.34373e-08 -4.22384e-09
32713.6 -5.97219e-09 -4.18461e-09
32715.8 2.20714e-08 3.27291e-09
32718 1.11136e-08 4.9118e-09
32720.2 -1.94941e-08 -2.15106e-09
32722.4 -1.56448e-08 -5.37313e-09
32724.6 1.58763e-08 9.40172e-10
32726.8 1.93514e-08 5.56995e-09
32729 -1.13833e-08 3.18759e-10
32731.2 -2.20067e-08 -5.47521e-09
32733.4 6.2789e-09 -1.54394e-09
32735.6 2.34857e-08 5.11262e-09
32737.9 -8.20213e-10 2.68886e-09
32740.1 -2.36923e-08 -4.48944e-09
32742.3 -4.68711e-09 -3.68498e-09
32744.5 2.26219e-08 3.64928e-09
32746.7 9.95193e-09 4.492e-09
32748.9 -2.03266e-08 -2.62931e-09
32751.1 -1.46891e-08 -5.06586e-09
32753.3 1.69257e-08 1.48569e-09
32755.5 1.86367e-08 5.38174e-09
32757.7 -1.26085e-08 -2.76367e-10
32759.9 -2.15905e-08 -5.42723e-09
32762.1 7.59304e-09 -9.40577e-10
32764.3 2.33728e-08 5.19783e-09
32766.5 -2.16732e-09 2.09835e-09
32768.7 -2.39059e-08 -4.71471e-09
32770.9 -3.39995e-09 -3.14873e-09
32773.1 2.31319e-08 3.99345e-09
32775.4 8.77965e-09 4.02836e-09
32777.6 -2.11205e-08 -3.08508e-09
32779.8 -1.37135e-08 -4.70948e-09
32782 1.79422e-08 2.0202e-09
32784.2 1.7896e-08 5.14254e-09
32786.4 -1.38053e-08 -8.71227e-10
32788.6 -2.11405e-08 -5.32748e-09
32790.8 8.8881e-09 -3.24976e-10
32793 2.32238e-08 5.23513e-09
32795.2 -3.50129e-09 1.48608e-09
32797.4 -2.40782e-08 -4.89575e-09
32799.6 -2.11433e-09 -2.57956e-09
32801.8 2.3603e-08 4.30224e-09
32804 7.60297e-09 3.52554e-09
32806.2 -2.18735e-08 -3.51266e-09
32808.4 -1.27213e-08 -4.30608e-09
32810.6 1.89245e-08 2.5387e-09
32812.8 1.71345e-08 4.85467e-09
32815.1 -1.49691e-08 -1.45908e-09
32817.3 -2.06588e-08 -5.17575e-09
32819.5 1.01608e-08 2.96993e-10
32821.7 2.30417e-08 5.22389e-09
32823.9 -4.81639e-09 8.58685e-10
32826.1 -2.42093e-08 -5.02974e-09
32828.3 -8.34595e-10 -1.98302e-09
32830.5 2.40352e-08 4.57205e-09
32832.7 6.42756e-09 2.98881e-09
32834.9 -2.25832e-08 -3.9068e-09
32837.1 -1.17167e-08 -3.85954e-09
32839.3 1.98701e-08 3.03524e-09
32841.5 1.63563e-08 4.52087e-09
32843.7 -1.60956e-08 -2.03308e-09
32845.9 -2.01477e-08 -4.97321e-09
32848.1 1.14064e-08 9.18146e-10
32850.3 2.28279e-08 5.16364e-09
32852.6 -6.10736e-09 2.23358e-10
32854.8 -2.42989e-08 -5.11456e-09
32857 4.34059e-10 -1.36592e-09
32859.2 2.44268e-08 4.79911e-09
32861.4 5.25782e-09 2.42414e-09
32863.6 -2.32467e-08 -4.26234e-09
32865.8 -1.07036e-08 -3.37476e-09
32868 2.07743e-08 3.50338e-09
32870.2 1.55634e-08 4.14456e-09
32872.4 -1.71802e-08 -2.58598e-09
32874.6 -1.9609e-08 -4.72161e-09
32876.8 1.26191e-08 1.53074e-09
32879 2.25813e-08 5.0543e-09
32881.2 -7.36967e-09 -4.12164e-10
32883.4 -2.43459e-08 -5.14838e-09
32885.6 1.68617e-09 -7.35698e-10
32887.8 2.47738e-08 4.9797e-09
32890.1 4.09684e-09 1.83801e-09
32892.3 -2.38607e-08 -4.57421e-09
32894.5 -9.68562e-09 -2.85724e-09
32896.7 2.16314e-08 3.9365e-09
32898.9 1.47563e-08 3.72939e-09
32901.1 -1.82185e-08 -3.11064e-09
32903.3 -1.90431e-08 -4.42335e-09
32905.5 1.37927e-08 2.12656e-09
32907.7 2.22994e-08 4.89579e-09
32909.9 -8.59933e-09 -1.04032e-09
32912.1 -2.43478e-08 -5.12998e-09
32914.3 2.91717e-09 -1.0033e-10
32916.5 2.50711e-08 5.11e-09
32918.7 2.94639e-09 1.23662e-09
32920.9 -2.44206e-08 -4.838e-09
32923.1 -8.66446e-09 -2.31305e-09
32925.3 2.24351e-08 4.32782e-09
32927.6 1.39338e-08 3.27879e-09
32929.8 -1.92057e-08 -3.60059e-09
32932 -1.84487e-08 -4.0814e-09
32934.2 1.49219e-08 2.69746e-09
32936.4 2.19779e-08 4.68806e-09
32938.6 -9.79337e-09 -1.65415e-09
32940.8 -2.43008e-08 -5.05886e-09
32943 4.12382e-09 5.32298e-10
32945.2 2.53125e-08 5.18656e-09
32947.4 1.80658e-09 6.25873e-10
32949.6 -2.49217e-08 -5.0501e-09
32951.8 -7.6403e-09 -1.74826e-09
32954 2.31792e-08 4.67136e-09
32956.2 1.30926e-08 2.79635e-09
32958.4 -2.01382e-08 -4.05013e-09
32960.6 -1.7823e-08 -3.69901e-09
32962.8 1.60018e-08 3.23614e-09
32965.1 2.16111e-08 4.43175e-09
32967.3 -1.09504e-08 -2.24727e-09
32969.5 -2.42006e-08 -4.93512e-09
32971.7 5.30423e-09 1.15502e-09
32973.9 2.54915e-08 5.20706e-09
32976.1 6.75691e-10 1.14384e-11
32978.3 -2.53598e-08 -5.20782e-09
32980.5 -6.61195e-09 -1.16869e-09
32982.7 2.3858e-08 4.96244e-09
32984.9 1.22282e-08 2.28598e-09
32987.1 -2.10131e-08 -4.45466e-09
32989.3 -1.71626e-08 -3.27984e-09
32991.5 1.70293e-08 3.73649e-09
32993.7 2.11931e-08 4.1284e-09
32995.9 -1.20702e-08 -2.81414e-09
32998.1 -2.40426e-08 -4.75991e-09
33000.3 6.45818e-09 1.76139e-09
33002.5 2.56022e-08 5.17059e-09
33004.8 -4.48886e-10 -6.01244e-10
33007 -2.57309e-08 -5.30988e-09
33009.2 -5.57684e-09 -5.8016e-10
33011.4 2.44673e-08 5.19791e-09
33013.6 1.13362e-08 1.75216e-09
33015.8 -2.18285e-08 -4.81078e-09
33018 -1.64631e-08 -2.82825e-09
33020.2 1.80028e-08 4.19374e-09
33022.4 2.07186e-08 3.78088e-09
33024.6 -1.31533e-08 -3.3499e-09
33026.8 -2.38222e-08 -4.53556e-09
33029 7.58705e-09 2.34569e-09
33031.2 2.56403e-08 5.07799e-09
33033.4 -1.56974e-09 -1.20653e-09
33035.6 -2.60313e-08 -5.35619e-09
33037.8 -4.5313e-09 1.1555e-11
33040 2.50047e-08 5.37646e-09
33042.3 1.04127e-08 1.20045e-09
33044.5 -2.25824e-08 -5.11598e-09
33046.7 -1.57196e-08 -2.3492e-09
33048.9 1.89224e-08 4.60449e-09
33051.1 2.01837e-08 3.39376e-09
33053.3 -1.42e-08 -3.84983e-09
33055.5 -2.35347e-08 -4.26532e-09
33057.7 8.69327e-09 2.90293e-09
33059.9 2.56028e-08 4.93198e-09
33062.1 -2.68881e-09 -1.79825e-09
33064.3 -2.62576e-08 -5.34763e-09
33066.5 -3.47139e-09 6.00628e-10
33068.7 2.54693e-08 5.49837e-09
33070.9 9.45487e-09 6.37493e-10
33073.1 -2.32733e-08 -5.36835e-09
33075.3 -1.49279e-08 -1.84827e-09
33077.5 1.97892e-08 4.96641e-09
33079.8 1.9586e-08 2.97299e-09
33082 -1.52101e-08 -4.30942e-09
33084.2 -2.31761e-08 -3.95334e-09
33086.4 9.77948e-09 3.42847e-09
33088.6 2.54885e-08 4.73668e-09
33090.8 -3.8071e-09 -2.36984e-09
33093 -2.64068e-08 -5.28589e-09
33095.2 -2.39354e-09 1.18103e-09
33097.4 2.58608e-08 5.56501e-09
33099.6 8.46138e-09 7.07383e-11
33101.8 -2.38994e-08 -5.56651e-09
33104 -1.40839e-08 -1.33158e-09
33106.2 2.06042e-08 5.27779e-09
33108.4 1.89242e-08 2.52547e-09
33110.6 -1.6183e-08 -4.72422e-09
33112.8 -2.2743e-08 -3.6044e-09
33115 1.08476e-08 3.91791e-09
33117.3 2.52963e-08 4.49702e-09
33119.5 -4.92481e-09 -2.91454e-09
33121.7 -2.64762e-08 -5.17317e-09
33123.9 -1.29521e-09 1.74665e-09
33126.1 2.6179e-08 5.57837e-09
33128.3 7.43142e-09 -4.92031e-10
33130.5 -2.44586e-08 -5.70948e-09
33132.7 -1.31852e-08 -8.05505e-10
33134.9 2.13677e-08 5.53729e-09
33137.1 1.8197e-08 2.05838e-09
33139.3 -1.71176e-08 -5.09012e-09
33141.5 -2.22327e-08 -3.22365e-09
33143.7 1.18986e-08 4.36694e-09
33145.9 2.5025e-08 4.2181e-09
33148.1 -6.04165e-09 -3.426e-09
33150.3 -2.64632e-08 -5.01223e-09
33152.5 -1.75045e-10 2.29131e-09
33154.7 2.64227e-08 5.5404e-09
33157 6.36451e-09 -1.04362e-09
33159.2 -2.4949e-08 -5.79697e-09
33161.4 -1.22296e-08 -2.7666e-10
33163.6 2.20788e-08 5.74348e-09
33165.8 1.74034e-08 1.57824e-09
33168 -1.80126e-08 -5.40398e-09
33170.2 -2.16429e-08 -2.81664e-09
33172.4 1.2932e-08 4.7713e-09
33174.6 2.46729e-08 3.90441e-09
33176.8 -7.15724e-09 -3.899e-09
33179 -2.63657e-08 -4.80636e-09
33181.2 9.67308e-10 2.809e-09
33183.4 2.65899e-08 5.45284e-09
33185.6 5.25991e-09 -1.57793e-09
33187.8 -2.53688e-08 -5.82953e-09
33190 -1.12164e-08 2.48637e-10
33192.2 2.27357e-08 5.89523e-09
33194.5 1.65415e-08 1.0907e-09
33196.7 -1.88669e-08 -5.66368e-09
33198.9 -2.09722e-08 -2.38868e-09
33201.1 1.39466e-08 5.12747e-09
33203.3 2.42374e-08 3.56011e-09
33205.5 -8.27165e-09 -4.32947e-09
33207.7 -2.61821e-08 -4.55901e-09
33209.9 2.13133e-09 3.29476e-09
33212.1 2.66779e-08 5.31772e-09
33214.3 4.11641e-09 -2.08994e-09
33216.5 -2.57166e-08 -5.80829e-09
33218.7 -1.0145e-08 7.65011e-10
33220.9 2.3336e-08 5.99227e-09
33223.1 1.56092e-08 6.00691e-10
33225.3 -1.96799e-08 -5.86823e-09
33227.5 -2.02197e-08 -1.94465e-09
33229.7 1.49406e-08 5.43319e-09
33232 2.37161e-08 3.18919e-09
33234.2 -9.38513e-09 -4.71473e-09
33236.4 -2.59111e-08 -4.27385e-09
33238.6 3.31623e-09 3.74486e-09
33240.8 2.66841e-08 5.13748e-09
33243 2.93296e-09 -2.57599e-09
33245.2 -2.59915e-08 -5.73543e-09
33247.4 -9.01566e-09 1.26792e-09
33249.6 2.38775e-08 6.03529e-09
33251.8 1.4605e-08 1.12193e-10
33254 -2.04511e-08 -6.01816e-09
33256.2 -1.9385e-08 -1.48925e-09
33258.4 1.59127e-08 5.68739e-09
33260.6 2.31071e-08 2.79532e-09
33262.8 -1.04977e-08 -5.05379e-09
33265 -2.55524e-08 -3.95516e-09
33267.2 4.52108e-09 4.15669e-09
33269.5 2.6607e-08 4.91502e-09
33271.7 1.70919e-09 -3.03375e-09
33273.9 -2.61931e-08 -5.61424e-09
33276.1 -7.82892e-09 1.75357e-09
33278.3 2.43589e-08 6.026e-09
33280.5 1.35284e-08 -3.71481e-10
33282.7 -2.11803e-08 -6.11538e-09
33284.9 -1.84686e-08 -1.02697e-09
33287.1 1.68613e-08 5.8903e-09
33289.3 2.24099e-08 2.38232e-09
33291.5 -1.1609e-08 -5.34688e-09
33293.7 -2.51064e-08 -3.60754e-09
33295.9 5.74427e-09 4.52886e-09
33298.1 2.64457e-08 4.65406e-09
33300.3 4.45657e-10 -3.46172e-09
33302.5 -2.63217e-08 -5.44878e-09
33304.7 -6.58669e-09 2.219e-09
33307 2.47791e-08 5.96731e-09
33309.2 1.238e-08 -8.47314e-10
33311.4 -2.18673e-08 -6.16272e-09
33313.6 -1.74725e-08 -5.61981e-10
33315.8 1.77848e-08 6.04342e-09
33318 2.16253e-08 1.95422e-09
33320.2 -1.27181e-08 -5.59513e-09
33322.4 -2.4575e-08 -3.23574e-09
33324.6 6.98316e-09 4.86104e-09
33326.8 2.62007e-08 4.35886e-09
33329 -8.55669e-10 -3.85907e-09
33331.2 -2.63782e-08 -5.24358e-09
33333.4 -5.29226e-09 2.66202e-09
33335.6 2.51372e-08 5.86294e-09
33337.8 1.11626e-08 -1.31267e-09
33340 -2.25113e-08 -6.16372e-09
33342.2 -1.64002e-08 -9.804e-11
33344.4 1.86808e-08 6.14914e-09
33346.7 2.07557e-08 1.51498e-09
33348.9 -1.38223e-08 -5.80037e-09
33351.1 -2.39604e-08 -2.84443e-09
33353.3 8.23413e-09 5.15381e-09
33355.5 2.58734e-08 4.03398e-09
33357.7 -2.19077e-09 -4.22563e-09
33359.9 -2.63632e-08 -5.00336e-09
33362.1 -3.9501e-09 3.08126e-09
33364.3 2.54329e-08 5.71714e-09
33366.5 9.88076e-09 -1.76537e-09
33368.7 -2.31105e-08 -6.12225e-09
33370.9 -1.52558e-08 3.61811e-10
33373.1 1.95467e-08 6.21067e-09
33375.3 1.98053e-08 1.06836e-09
33377.5 -1.49174e-08 -5.96494e-09
33379.7 -2.32655e-08 -2.43776e-09
33381.9 9.49245e-09 5.40876e-09
33384.2 2.54658e-08 3.68411e-09
33386.4 -3.55349e-09 -4.56175e-09
33388.6 -2.62766e-08 -4.7326e-09
33390.8 -2.5658e-09 3.47644e-09
33393 2.56654e-08 5.53472e-09
33395.2 8.54105e-09 -2.20372e-09
33397.4 -2.36616e-08 -6.04229e-09
33399.6 -1.40442e-08 8.15495e-10
33401.8 2.03788e-08 6.23207e-09
33404 1.87793e-08 6.17864e-10
33406.2 -1.59972e-08 -6.09159e-09
33408.4 -2.24929e-08 -2.01919e-09
33410.6 1.07524e-08 5.62854e-09
33412.8 2.49806e-08 3.31392e-09
33415 -4.93602e-09 -4.86841e-09
33417.2 -2.61177e-08 -4.43551e-09
33419.4 -1.14576e-09 3.84834e-09
33421.7 2.58337e-08 5.32076e-09
33423.9 7.15115e-09 -2.62668e-09
33426.1 -2.41601e-08 -5.92799e-09
33428.3 -1.27707e-08 1.26183e-09
33430.5 2.11728e-08 6.21799e-09
33432.7 1.76833e-08 1.66403e-10
33434.9 -1.70543e-08 -6.18358e-09
33437.1 -2.16448e-08 -1.59159e-09
33439.3 1.20073e-08 5.81657e-09
33441.5 2.44198e-08 2.92781e-09
33443.7 -6.32963e-09 -5.14729e-09
33445.9 -2.58849e-08 -4.11604e-09
33448.1 3.02994e-10 4.19861e-09
33450.3 2.59361e-08 5.08039e-09
33452.5 5.7191e-09 -3.03397e-09
33454.7 -2.46009e-08 -5.7836e-09
33456.9 -1.14407e-08 1.70046e-09
33459.2 2.19233e-08 6.17342e-09
33461.4 1.65228e-08 -2.83741e-10
33463.6 -1.80808e-08 -6.24459e-09
33465.8 -2.07237e-08 -1.1572e-09
33468 1.32499e-08 5.97686e-09
33470.2 2.37853e-08 2.52968e-09
33472.4 -7.72549e-09 -5.40079e-09
33474.6 -2.5577e-08 -3.77786e-09
33476.8 1.77295e-09 4.52958e-09
33479 2.59702e-08 4.81847e-09
33481.2 4.25271e-09 -3.42625e-09
33483.4 -2.49789e-08 -5.61349e-09
33485.6 -1.006e-08 2.13166e-09
33487.8 2.26247e-08 6.10336e-09
33490 1.53029e-08 -7.31297e-10
33492.2 -1.9069e-08 -6.27891e-09
33494.4 -1.97322e-08 -7.17868e-10
33496.6 1.44725e-08 6.11362e-09
33498.9 2.30782e-08 2.12252e-09
33501.1 -9.11521e-09 -5.6323e-09
33503.3 -2.51926e-08 -3.42459e-09
33505.5 3.25632e-09 4.84394e-09
33507.7 2.59332e-08 4.53923e-09
33509.9 2.75927e-09 -3.80528e-09
33512.1 -2.52894e-08 -5.4224e-09
33514.3 -8.63471e-09 2.55603e-09
33516.5 2.3271e-08 6.01245e-09
33518.7 1.40282e-08 -1.17609e-09
33520.9 -2.00123e-08 -6.29144e-09
33523.1 -1.86736e-08 -2.75131e-10
33525.3 1.56672e-08 6.23109e-09
33527.5 2.22996e-08 1.70849e-09
33529.7 -1.04912e-08 -5.84595e-09
33531.9 -2.47316e-08 -3.05964e-09
33534.1 4.74508e-09 5.14467e-09
33536.4 2.58224e-08 4.24636e-09
33538.6 1.24541e-09 -4.17366e-09
33540.8 -2.55292e-08 -5.21495e-09
33543 -7.17148e-09 2.97476e-09
33545.2 2.38562e-08 5.90526e-09
33547.4 1.27031e-08 -1.61863e-09
33549.6 -2.09047e-08 -6.28718e-09
33551.8 -1.75517e-08 1.70066e-10
33554 1.68264e-08 6.33372e-09
33556.2 2.14507e-08 1.28918e-09
33558.4 -1.18467e-08 -6.04612e-09
33560.6 -2.41948e-08 -2.68591e-09
33562.8 6.23115e-09 5.43519e-09
33565 2.56357e-08 3.94321e-09
33567.2 -2.82453e-10 -4.53433e-09
33569.4 -2.56957e-08 -4.99546e-09
33571.6 -5.6773e-09 3.3895e-09
33573.9 2.43755e-08 5.78606e-09
33576.1 1.13321e-08 -2.05996e-09
33578.3 -2.17412e-08 -6.27101e-09
33580.5 -1.63714e-08 6.17284e-10
33582.7 1.79429e-08 6.42584e-09
33584.9 2.05334e-08 8.65566e-10
33587.1 -1.31751e-08 -6.23735e-09
33589.3 -2.35838e-08 -2.30584e-09
33591.5 7.70666e-09 5.71896e-09
33593.7 2.5372e-08 3.63244e-09
33595.9 -1.81756e-09 -4.89066e-09
33598.1 -2.57873e-08 -4.76785e-09
33600.3 -4.15945e-09 3.80213e-09
33602.5 2.48246e-08 5.65862e-09
33604.7 9.92104e-09 -2.50169e-09
33606.9 -2.25174e-08 -6.24754e-09
33609.1 -1.5138e-08 1.0665e-09
33611.4 1.90102e-08 6.51144e-09
33613.6 1.95512e-08 4.37979e-10
33615.8 -1.44699e-08 -6.42406e-09
33618 -2.2901e-08 -1.92129e-09
33620.2 9.16378e-09 5.99938e-09
33622.4 2.50315e-08 3.31609e-09
33624.6 -3.35266e-09 -5.24606e-09
33626.8 -2.5803e-08 -4.5354e-09
33629 -2.62562e-09 4.21482e-09
33631.2 2.52004e-08 5.52615e-09
33633.4 8.47622e-09 -2.94569e-09
33635.6 -2.3229e-08 -6.2208e-09
33637.8 -1.38576e-08 1.51829e-09
33640 2.00222e-08 6.59419e-09
33642.2 1.85081e-08 6.30866e-12
33644.4 -1.57245e-08 -6.61021e-09
33646.6 -2.21499e-08 -1.53332e-09
33648.8 1.05946e-08 6.27983e-09
33651.1 2.4615e-08 2.99569e-09
33653.3 -4.88017e-09 -5.60376e-09
33655.5 -2.57428e-08 -4.3005e-09
33657.7 -1.08396e-09 4.63e-09
33659.9 2.55001e-08 5.39133e-09
33662.1 7.0047e-09 -3.39393e-09
33664.3 -2.38723e-08 -6.19396e-09
33666.5 -1.25369e-08 1.97373e-09
33668.7 2.09732e-08 6.67731e-09
33670.9 1.74091e-08 -4.29965e-10
33673.1 -1.69324e-08 -6.7992e-09
33675.3 -2.13341e-08 -1.14227e-09
33677.5 1.19913e-08 6.5634e-09
33679.7 2.41243e-08 2.6721e-09
33681.9 -6.3921e-09 -5.9667e-09
33684.1 -2.56066e-08 -4.06472e-09
33686.3 4.57383e-10 5.05011e-09
33688.6 2.57218e-08 5.2561e-09
33690.8 5.51415e-09 -3.84845e-09
33693 -2.44436e-08 -6.16944e-09
33695.2 -1.11827e-08 2.43425e-09
33697.4 2.18578e-08 6.76338e-09
33699.6 1.62599e-08 -8.71692e-10
33701.8 -1.80868e-08 -6.99366e-09
33704 -2.04575e-08 -7.47841e-10
33706.2 1.33467e-08 6.85275e-09
33708.4 2.35618e-08 2.34564e-09
33710.6 -7.88019e-09 -6.33729e-09
33712.8 -2.53945e-08 -3.82875e-09
33715 1.9906e-09 5.47746e-09
33717.2 2.58645e-08 5.12177e-09
33719.4 4.01264e-09 -4.31101e-09
33721.6 -2.49393e-08 -6.14856e-09
33723.8 -9.80148e-09 2.90154e-09
33726.1 2.26717e-08 6.85426e-09
33728.3 1.50667e-08 -1.31983e-09
33730.5 -1.91812e-08 -7.19524e-09
33732.7 -1.95241e-08 -3.49065e-10
33734.9 1.4654e-08 7.15002e-09
33737.1 2.29308e-08 2.01617e-09
33739.3 -9.33629e-09 -6.71712e-09
33741.5 -2.5107e-08 -3.59226e-09
33743.7 3.50845e-09 5.91409e-09
33745.9 2.59277e-08 4.98882e-09
33748.1 2.50824e-09 -4.78297e-09
33750.3 -2.53562e-08 -6.1315e-09
33752.5 -8.39956e-09 3.37737e-09
33754.7 2.34113e-08 6.95091e-09
33756.9 1.38359e-08 -1.7754e-09
33759.1 -2.02096e-08 -7.40443e-09
33761.3 -1.85377e-08 5.55437e-11
33763.6 1.59075e-08 7.45639e-09
33765.8 2.22351e-08 1.68296e-09
33768 -1.07528e-08 -7.10689e-09
33770.2 -2.4745e-08 -3.35401e-09
33772.4 5.00425e-09 6.36142e-09
33774.6 2.59119e-08 4.85675e-09
33776.8 1.00875e-09 -5.26523e-09
33779 -2.5692e-08 -6.11723e-09
33781.2 -6.98312e-09 3.86341e-09
33783.4 2.40742e-08 7.05306e-09
33785.6 1.25742e-08 -2.23958e-09
33787.8 -2.11669e-08 -7.62048e-09
33790 -1.7503e-08 4.67952e-10
33792.2 1.71023e-08 7.772e-09
33794.4 2.14787e-08 1.34452e-09
33796.6 -1.21228e-08 -7.50637e-09
33798.8 -2.43103e-08 -3.11179e-09
33801.1 6.47166e-09 6.82016e-09
33803.3 2.58185e-08 4.72389e-09
33805.5 -4.78483e-10 -5.75831e-09
33807.7 -2.59457e-08 -6.10351e-09
33809.9 -5.55855e-09 4.36117e-09
33812.1 2.46583e-08 7.15912e-09
33814.3 1.12881e-08 -2.71384e-09
33816.5 -2.20494e-08 -7.84155e-09
33818.7 -1.6425e-08 8.90518e-10
33820.9 1.82338e-08 8.09575e-09
33823.1 2.06665e-08 9.9846e-10
33825.3 -1.34406e-08 -7.91461e-09
33827.5 -2.38059e-08 -2.86259e-09
33829.7 7.90446e-09 7.29018e-09
33831.9 2.56494e-08 4.58722e-09
33834.1 -1.94658e-09 -6.26261e-09
33836.3 -2.61176e-08 -6.08717e-09
33838.5 -4.13268e-09 4.87182e-09
33840.8 2.51627e-08 7.26604e-09
33843 9.98423e-09 -3.20011e-09
33845.2 -2.28545e-08 -8.06498e-09
33847.4 -1.53099e-08 1.32575e-09
33849.6 1.9298e-08 8.42527e-09
33851.8 1.98035e-08 6.41438e-10
33854 -1.4701e-08 -8.33013e-09
33856.2 -2.32363e-08 -2.60287e-09
33858.4 9.29633e-09 7.77049e-09
33860.6 2.54071e-08 4.44253e-09
33862.8 -3.38898e-09 -6.77839e-09
33865 -2.6209e-08 -6.06429e-09
33867.2 -2.71293e-09 5.39617e-09
33869.4 2.55866e-08 7.36956e-09
33871.6 8.66937e-09 -3.70061e-09
33873.8 -2.35804e-08 -8.28731e-09
33876 -1.41649e-08 1.77631e-09
33878.3 2.02909e-08 8.75724e-09
33880.5 1.88952e-08 2.69566e-10
33882.7 -1.58996e-08 -8.75082e-09
33884.9 -2.26065e-08 -2.32855e-09
33887.1 1.06406e-08 8.2595e-09
33889.3 2.50944e-08 4.28492e-09
33891.5 -4.79928e-09 -7.30551e-09
33893.7 -2.62224e-08 -6.03017e-09
33895.9 -1.30721e-09 5.93483e-09
33898.1 2.59295e-08 7.46474e-09
33900.3 7.35036e-09 -4.21741e-09
33902.5 -2.42261e-08 -8.50426e-09
33904.7 -1.29974e-08 2.24498e-09
33906.9 2.12085e-08 9.08765e-09
33909.1 1.79472e-08 -1.21201e-10
33911.3 -1.70319e-08 -9.17385e-09
33913.5 -2.19222e-08 -2.03518e-09
33915.8 1.19308e-08 8.75503e-09
33918 2.47145e-08 4.10907e-09
33920.2 -6.17096e-09 -7.84332e-09
33922.4 -2.616e-08 -5.97961e-09
33924.6 7.66039e-11 6.48797e-09
33926.8 2.61908e-08 7.546e-09
33929 6.03417e-09 -4.7523e-09
33931.2 -2.479e-08 -8.71101e-09
33933.4 -1.18146e-08 2.73431e-09
33935.6 2.20469e-08 9.41181e-09
33937.8 1.69652e-08 -5.34877e-10
33940 -1.80934e-08 -9.59578e-09
33942.2 -2.11882e-08 -1.71834e-09
33944.4 1.31604e-08 9.25423e-09
33946.6 2.42701e-08 3.9095e-09
33948.8 -7.49753e-09 -8.39056e-09
33951 -2.60235e-08 -5.90719e-09
33953.3 1.4313e-09 7.05515e-09
33955.5 2.63702e-08 7.6074e-09
33957.7 4.72742e-09 -5.30653e-09
33959.9 -2.52704e-08 -8.90219e-09
33962.1 -1.06231e-08 3.24638e-09
33964.3 2.28026e-08 9.72449e-09
33966.5 1.59543e-08 -9.75033e-10
33968.7 -1.90795e-08 -1.00124e-08
33970.9 -2.04089e-08 -1.37376e-09
33973.1 1.43238e-08 9.75356e-09
33975.3 2.37638e-08 3.6809e-09
33977.5 -8.77316e-09 -8.94502e-09
33979.7 -2.5814e-08 -5.80727e-09
33981.9 2.75062e-09 7.63524e-09
33984.1 2.6467e-08 7.64289e-09
33986.3 3.43576e-09 -5.88041e-09
33988.5 -2.56657e-08 -9.07188e-09
33990.7 -9.42818e-09 3.78274e-09
33993 2.34723e-08 1.002e-08
33995.2 1.49185e-08 -1.44453e-09
33997.4 -1.99865e-08 -1.04186e-08
33999.6 -1.95875e-08 -9.97485e-10
34001.8 1.54163e-08 1.02487e-08
34004 2.31972e-08 3.41831e-09
34006.2 -9.99307e-09 -9.50348e-09
34008.4 -2.55324e-08 -5.67415e-09
34010.6 4.02967e-09 8.22624e-09
34012.8 2.64807e-08 7.64627e-09
34015 2.16367e-09 -6.47328e-09
34017.2 -2.59743e-08 -9.21365e-09
34019.4 -8.23367e-09 4.34415e-09
34021.6 2.40538e-08 1.02919e-08
34023.8 1.38612e-08 -1.9455e-09
34026 -2.08113e-08 -1.08086e-08
34028.2 -1.87262e-08 -5.86009e-10
34030.5 1.64347e-08 1.07346e-08
34032.7 2.25721e-08 3.11712e-09
34034.9 -1.11537e-08 -1.00617e-08
34037.1 -2.51791e-08 -5.50215e-09
34039.3 5.26529e-09 8.82523e-09
34041.5 2.64113e-08 7.61124e-09
34043.7 9.14413e-10 -7.08348e-09
34045.9 -2.61951e-08 -9.32066e-09
34048.1 -7.04206e-09 4.93059e-09
34050.3 2.45459e-08 1.05336e-08
34052.5 1.27848e-08 -2.47929e-09
34054.7 -2.15519e-08 -1.11755e-08
34056.9 -1.78263e-08 -1.36258e-10
34059.1 1.73774e-08 1.12052e-08
34061.3 2.18899e-08 2.77313e-09
34063.5 -1.22527e-08 -1.06145e-08
34065.7 -2.47545e-08 -5.28556e-09
34068 6.45595e-09 9.42851e-09
34070.2 2.62595e-08 7.53153e-09
34072.4 -3.09849e-10 -7.7084e-09
34074.6 -2.63278e-08 -9.38566e-09
34076.8 -5.85452e-09 5.54144e-09
34079 2.49489e-08 1.0738e-08
34081.2 1.16911e-08 -3.04652e-09
34083.4 -2.22075e-08 -1.1512e-08
34085.6 -1.68889e-08 3.54445e-10
34087.8 1.82444e-08 1.16543e-08
34090 2.11521e-08 2.38256e-09
34092.2 -1.32892e-08 -1.11559e-08
34094.4 -2.42591e-08 -5.01888e-09
34096.6 7.6015e-09 1.00318e-08
34098.8 2.60267e-08 7.40099e-09
34101 -1.50802e-09 -8.34474e-09
34103.2 -2.63729e-08 -9.40135e-09
34105.5 -4.67143e-09 6.17545e-09
34107.7 2.52641e-08 1.08978e-08
34109.9 1.05815e-08 -3.6472e-09
34112.1 -2.27787e-08 -1.18106e-08
34114.3 -1.59145e-08 8.88235e-10
34116.5 1.9037e-08 1.20752e-08
34118.7 2.03606e-08 1.94214e-09
34120.9 -1.42634e-08 -1.16795e-08
34123.1 -2.36943e-08 -4.697e-09
34125.3 8.70275e-09 1.06302e-08
34127.5 2.57151e-08 7.21384e-09
34129.7 -2.67987e-09 -8.98872e-09
34131.9 -2.63321e-08 -9.36076e-09
34134.1 -3.49277e-09 6.8308e-09
34136.3 2.54939e-08 1.1006e-08
34138.5 9.45695e-09 -4.2808e-09
34140.7 -2.32672e-08 -1.20639e-08
34143 -1.49042e-08 1.46655e-09
34145.2 1.97572e-08 1.2461e-08
34147.4 1.95172e-08 1.44921e-09
34149.6 -1.51767e-08 -1.21792e-08
34151.8 -2.30619e-08 -4.31564e-09
34154 9.7609e-09 1.12189e-08
34156.2 2.53273e-08 6.96494e-09
34158.4 -3.82583e-09 -9.63632e-09
34160.6 -2.62079e-08 -9.25777e-09
34162.6 -6.11115e-09 5.91744e-09
34164.6 2.29344e-08 1.23643e-08
34166.5 1.80604e-08 5.37583e-10
34168.5 -1.34392e-08 -1.21025e-08
34170.5 -2.50217e-08 -6.86747e-09
34172.5 3.3441e-10 8.52763e-09
34174.5 2.51154e-08 1.13341e-08
34176.5 1.27733e-08 -2.61508e-09
34178.5 -1.83715e-08 -1.27175e-08
34180.4 -2.2324e-08 -4.03072e-09
34182.4 6.65937e-09 1.0626e-08
34184.4 2.57268e-08 9.5893e-09
34186.4 6.78776e-09 -5.62806e-09
34188.4 -2.21035e-08 -1.25438e-08
34190.4 -1.83039e-08 -9.2202e-10
34192.3 1.24776e-08 1.20762e-08
34194.3 2.47557e-08 7.23367e-09
34196.3 4.81908e-10 -8.31055e-09
34198.3 -2.44249e-08 -1.15855e-08
34200.3 -1.32288e-08 2.26517e-09
34202.3 1.74402e-08 1.27815e-08
34204.3 2.22866e-08 4.4106e-09
34206.2 -5.7524e-09 -1.04909e-08
34208.2 -2.52157e-08 -9.89687e-09
34210.2 -7.42645e-09 5.33061e-09
34212.2 2.12563e-08 1.26916e-08
34214.2 1.84946e-08 1.29448e-09
34216.2 -1.15339e-08 -1.20278e-08
34218.1 -2.44516e-08 -7.57893e-09
34220.1 -1.2645e-09 8.08001e-09
34222.1 2.37101e-08 1.18066e-08
34224.1 1.36335e-08 -1.92009e-09
34226.1 -1.65151e-08 -1.28196e-08
34228.1 -2.22045e-08 -4.77361e-09
34230.1 4.87331e-09 1.03376e-08
34232 2.46729e-08 1.01768e-08
34234 8.01868e-09 -5.03069e-09
34236 -2.04034e-08 -1.28114e-08
34238 -1.86361e-08 -1.65503e-09
34240 1.06108e-08 1.19574e-08
34242 2.41099e-08 7.90064e-09
34243.9 2.00696e-09 -7.83994e-09
34245.9 -2.29778e-08 -1.19988e-08
34247.9 -1.39868e-08 1.58139e-09
34249.9 1.56024e-08 1.28332e-08
34251.9 2.20803e-08 5.11835e-09
34253.9 -4.02626e-09 -1.01682e-08
34255.8 -2.41017e-08 -1.04286e-08
34257.8 -8.55964e-09 4.73135e-09
34259.8 1.95538e-08 1.29054e-08
34261.8 1.87328e-08 2.0035e-09
34263.8 -9.71019e-09 -1.18655e-08
34265.8 -2.37298e-08 -8.19647e-09
34267.8 -2.70054e-09 7.59472e-09
34269.7 2.22395e-08 1.21654e-08
34271.7 1.42945e-08 -1.24801e-09
34273.7 -1.47015e-08 -1.28209e-08
34275.7 -2.19096e-08 -5.44079e-09
34277.7 3.22346e-09 9.98845e-09
34279.7 2.35153e-08 1.06565e-08
34281.6 9.05617e-09 -4.43037e-09
34283.6 -1.87048e-08 -1.29707e-08
34285.6 -1.87767e-08 -2.33434e-09
34287.6 8.84722e-09 1.17585e-08
34289.6 2.33262e-08 8.47127e-09
34291.6 3.35298e-09 -7.34106e-09
34293.6 -2.14904e-08 -1.2302e-08
34295.5 -1.45455e-08 9.26749e-10
34297.5 1.38299e-08 1.279e-08
34299.5 2.17079e-08 5.7463e-09
34301.5 -2.4566e-09 -9.79396e-09
34303.5 -2.29071e-08 -1.08547e-08
34305.5 -9.4946e-09 4.13549e-09
34307.4 1.78756e-08 1.30149e-08
34309.4 1.87837e-08 2.65329e-09
34311.4 -8.01326e-09 -1.16315e-08
34313.4 -2.28905e-08 -8.71833e-09
34315.4 -3.9484e-09 7.08735e-09
34317.4 2.07507e-08 1.24164e-08
34319.4 1.47554e-08 -6.11693e-10
34321.3 -1.2979e-08 -1.27348e-08
34323.3 -2.14653e-08 -6.02744e-09
34325.3 1.74321e-09 9.5935e-09
34327.3 2.22976e-08 1.10308e-08
34329.3 9.88959e-09 -3.84084e-09
34331.3 -1.70577e-08 -1.30319e-08
34333.2 -1.87428e-08 -2.95245e-09
34335.2 7.22693e-09 1.14931e-08
34337.2 2.24429e-08 8.94494e-09
34339.2 4.5001e-09 -6.82794e-09
34341.2 -2.00124e-08 -1.25024e-08
34343.2 -1.49124e-08 3.10958e-10
34345.1 1.21679e-08 1.26637e-08
34347.1 2.12009e-08 6.29086e-09
34349.1 -1.07177e-09 -9.3818e-09
34351.1 -2.16795e-08 -1.11788e-08
34353.1 -1.0229e-08 3.55445e-09
34355.1 1.627e-08 1.30297e-08
34357.1 1.86712e-08 3.23758e-09
34359 -6.47886e-09 -1.13386e-08
34361 -2.19772e-08 -9.14501e-09
34363 -4.99602e-09 6.57053e-09
34365 1.92937e-08 1.25668e-08
34367 1.50315e-08 -1.98205e-11
34369 -1.13896e-08 -1.25727e-08
34370.9 -2.09097e-08 -6.5308e-09
34372.9 4.53885e-10 9.16597e-09
34374.9 2.10694e-08 1.13043e-08
34376.9 1.0525e-08 -3.27283e-09
34378.9 -1.55084e-08 -1.30049e-08
34380.9 -1.85654e-08 -3.50347e-09
34382.9 5.77978e-09 1.11744e-08
34384.8 2.15079e-08 9.32306e-09
34386.8 5.44506e-09 -6.31297e-09
34388.8 -1.85929e-08 -1.26074e-08
34390.8 -1.51104e-08 -2.57144e-10
34392.8 1.06537e-08 1.24671e-08
34394.8 2.06035e-08 6.75028e-09
34396.7 1.15834e-10 -8.94529e-09
34398.7 -2.04688e-08 -1.1406e-08
34400.7 -1.07769e-08 2.99976e-09
34402.7 1.47806e-08 1.29616e-08
34404.7 1.84342e-08 3.75144e-09
34406.7 -5.12798e-09 -1.10011e-08
34408.6 -2.10391e-08 -9.47864e-09
34410.6 -5.84815e-09 6.05813e-09
34412.6 1.79163e-08 1.26267e-08
34414.6 1.51549e-08 5.19551e-10
34416.6 -9.96205e-09 -1.2349e-08
34418.6 -2.02894e-08 -6.94979e-09
34420.6 -6.39886e-10 8.72168e-09
34422.5 1.98816e-08 1.14851e-08
34424.5 1.09872e-08 -2.73738e-09
34426.5 -1.40923e-08 -1.29033e-08
34428.5 -1.82871e-08 -3.98292e-09
34430.5 5.44356e-09 1.11361e-08
34432.6 2.05766e-08 8.78258e-09
34434.7 3.44578e-09 -7.34912e-09
34436.7 -1.903e-08 -1.19508e-08
34438.8 -1.16453e-08 2.19454e-09
34440.8 1.39473e-08 1.28935e-08
34442.9 1.76225e-08 3.36269e-09
34444.9 -6.30822e-09 -1.14428e-08
34447 -2.02926e-08 -8.29581e-09
34449 -2.46408e-09 7.86323e-09
34451.1 1.91668e-08 1.16818e-08
34453.1 1.07187e-08 -2.82785e-09
34455.2 -1.4491e-08 -1.28993e-08
34457.2 -1.6938e-08 -2.73363e-09
34459.3 7.14262e-09 1.17165e-08
34461.4 1.99651e-08 7.78081e-09
34463.4 1.48309e-09 -8.36176e-09
34465.5 -1.92706e-08 -1.13835e-08
34467.5 -9.78939e-09 3.45266e-09
34469.6 1.49921e-08 1.28666e-08
34471.6 1.62215e-08 2.09109e-09
34473.7 -7.95927e-09 -1.19631e-08
34475.7 -1.96091e-08 -7.2464e-09
34477.8 -5.18527e-10 8.8359e-09
34479.8 1.93277e-08 1.10497e-08
34481.9 8.84537e-09 -4.07376e-09
34483.9 -1.54638e-08 -1.28025e-08
34486 -1.54884e-08 -1.4444e-09
34488.1 8.74302e-09 1.21748e-08
34490.1 1.92116e-08 6.68757e-09
34492.2 -4.41541e-10 -9.29088e-09
34494.2 -1.93519e-08 -1.06887e-08
34496.3 -7.90186e-09 4.68218e-09
34498.3 1.58923e-08 1.27008e-08
34500.4 1.47274e-08 7.89367e-10
34502.4 -9.50539e-09 -1.23572e-08
34504.5 -1.87865e-08 -6.11271e-09
34506.5 1.38306e-09 9.71891e-09
34508.6 1.93315e-08 1.02958e-08
34510.6 6.94897e-09 -5.28159e-09
34512.7 -1.62887e-08 -1.25675e-08
34514.8 -1.39512e-08 -1.33908e-10
34516.8 1.02343e-08 1.25045e-08
34518.9 1.83242e-08 5.5188e-09
34520.9 -2.3143e-09 -1.01235e-08
34523 -1.92763e-08 -9.87714e-09
34525 -5.99773e-09 5.86535e-09
34527.1 1.66435e-08 1.2399e-08
34529.1 1.31529e-08 -5.23663e-10
34531.2 -1.09366e-08 -1.262e-08
34533.2 -1.78332e-08 -4.91166e-09
34535.3 3.22664e-09 1.04998e-08
34537.3 1.91802e-08 9.43134e-09
34539.4 5.04398e-09 -6.43427e-09
34541.5 -1.69617e-08 -1.21986e-08
34543.5 -1.23393e-08 1.17859e-09
34545.6 1.16063e-08 1.27015e-08
34547.6 1.73108e-08 4.29169e-09
34549.7 -4.12181e-09 -1.08483e-08
34551.7 -1.90463e-08 -8.96145e-09
34553.8 -4.09193e-09 6.98526e-09
34555.8 1.72411e-08 1.19664e-08
34557.9 1.15105e-08 -1.82914e-09
34559.9 -1.22433e-08 -1.2749e-08
34562 -1.67582e-08 -3.66125e-09
34564.1 4.99842e-09 1.1168e-08
34566.1 1.88758e-08 8.46966e-09
34568.2 3.14462e-09 -7.51584e-09
34570.2 -1.74793e-08 -1.17024e-08
34572.3 -1.0666e-08 2.47416e-09
34574.3 1.28491e-08 1.27641e-08
34576.4 1.61798e-08 3.02421e-09
34578.4 -5.85115e-09 -1.14561e-08
34580.5 -1.8665e-08 -7.95579e-09
34582.5 -2.19923e-09 8.02652e-09
34584.6 1.76811e-08 1.14103e-08
34586.6 9.81271e-09 -3.10876e-09
34588.7 -1.34168e-08 -1.27439e-08
34590.8 -1.55704e-08 -2.37973e-09
34592.9 7.57043e-09 1.19621e-08
34595 1.80559e-08 6.33278e-09
34597.1 -1.59309e-09 -9.87543e-09
34599.3 -1.85596e-08 -9.59655e-09
34601.4 -4.53929e-09 6.71187e-09
34603.5 1.70414e-08 1.18194e-08
34605.7 1.01678e-08 -2.81011e-09
34607.8 -1.36608e-08 -1.27524e-08
34609.9 -1.46687e-08 -1.39957e-09
34612.1 8.8018e-09 1.22978e-08
34614.2 1.75645e-08 5.46378e-09
34616.3 -2.98641e-09 -1.0498e-08
34618.5 -1.85313e-08 -8.93325e-09
34620.6 -3.13762e-09 7.55347e-09
34622.7 1.74789e-08 1.14344e-08
34624.8 8.91285e-09 -3.77863e-09
34627 -1.45147e-08 -1.26874e-08
34629.1 -1.36985e-08 -4.09861e-10
34631.2 9.97719e-09 1.25598e-08
34633.4 1.69855e-08 4.56097e-09
34635.5 -4.35306e-09 -1.10582e-08
34637.6 -1.84067e-08 -8.21594e-09
34639.8 -1.73094e-09 8.35036e-09
34641.9 1.78213e-08 1.09806e-08
34644 7.621e-09 -4.72516e-09
34646.2 -1.5286e-08 -1.25467e-08
34648.3 -1.26641e-08 5.82536e-10
34650.4 1.10909e-08 1.27469e-08
34652.5 1.63214e-08 3.63081e-09
34654.7 -5.68644e-09 -1.15527e-08
34656.8 -1.81862e-08 -7.44997e-09
34658.9 -3.25984e-10 9.09756e-09
34661.1 1.80669e-08 1.04618e-08
34663.2 6.29839e-09 -5.64355e-09
34665.3 -1.59706e-08 -1.23321e-08
34667.5 -1.15704e-08 1.57096e-09
34669.6 1.21373e-08 1.28589e-08
34671.7 1.55754e-08 2.67985e-09
34673.9 -6.97998e-09 -1.19792e-08
34676 -1.78705e-08 -6.64103e-09
34678.1 1.07044e-09 9.7908e-09
34680.3 1.82142e-08 9.88244e-09
34682.4 4.95145e-09 -6.52808e-09
34684.5 -1.65652e-08 -1.20459e-08
34686.6 -1.04226e-08 2.54897e-09
34688.8 1.31112e-08 1.2896e-08
34690.9 1.47509e-08 1.71468e-09
34693 -8.22718e-09 -1.23359e-08
34695.2 -1.74612e-08 -5.79511e-09
34697.3 2.45145e-09 1.04265e-08
34699.4 1.82623e-08 9.24722e-09
34701.6 3.58687e-09 -7.37358e-09
34703.7 -1.70665e-08 -1.16915e-08
34705.8 -9.22625e-09 3.51041e-09
34708 1.40078e-08 1.28596e-08
34710.1 1.3852e-08 7.41848e-10
34712.3 -1.01722e-08 -1.27528e-08
34714.5 -1.6249e-08 -3.74142e-09
34716.7 6.36138e-09 1.18946e-08
34718.9 1.77521e-08 6.5444e-09
34721.1 -2.19611e-09 -1.03761e-08
34723.3 -1.82791e-08 -8.99602e-09
34725.5 -2.09668e-09 8.27763e-09
34727.7 1.77969e-08 1.0958e-08
34729.9 6.27744e-09 -5.71462e-09
34732.1 -1.63343e-08 -1.23216e-08
34734.3 -1.01194e-08 2.82503e-09
34736.5 1.39664e-08 1.30069e-08
34738.7 1.34055e-08 2.30076e-10
34740.9 -1.08275e-08 -1.29759e-08
34743.1 -1.59592e-08 -3.28504e-09
34745.3 7.08387e-09 1.22245e-08
34747.5 1.76325e-08 6.16747e-09
34749.7 -2.94768e-09 -1.07947e-08
34752 -1.83385e-08 -8.72053e-09
34754.2 -1.36072e-09 8.75941e-09
34756.4 1.80294e-08 1.07975e-08
34758.6 5.59594e-09 -6.23296e-09
34760.8 -1.67289e-08 -1.22855e-08
34763 -9.53262e-09 3.34915e-09
34765.2 1.44986e-08 1.30951e-08
34767.4 1.29441e-08 -2.71056e-10
34769.6 -1.14692e-08 -1.31832e-08
34771.8 -1.56506e-08 -2.83605e-09
34774 7.79728e-09 1.25372e-08
34776.2 1.74918e-08 5.79482e-09
34778.4 -3.6944e-09 -1.11948e-08
34780.6 -1.83749e-08 -8.44539e-09
34782.8 -6.23711e-10 9.22256e-09
34785 1.82392e-08 1.06339e-08
34787.2 4.90858e-09 -6.73268e-09
34789.4 -1.7101e-08 -1.22421e-08
34791.6 -8.93392e-09 3.85611e-09
34793.8 1.50112e-08 1.31726e-08
34796 1.24665e-08 -7.56584e-10
34798.2 -1.20941e-08 -1.33761e-08
34800.4 -1.53207e-08 -2.39962e-09
34802.6 8.49919e-09 1.28328e-08
34804.8 1.73276e-08 5.43174e-09
34807 -4.43424e-09 -1.1575e-08
34809.2 -1.83849e-08 -8.17538e-09
34811.5 1.13224e-10 9.66464e-09
34813.7 1.84228e-08 1.04714e-08
34815.9 4.21585e-09 -7.21022e-09
34818.1 -1.7447e-08 -1.21945e-08
34820.3 -8.32288e-09 4.34169e-09
34822.5 1.55009e-08 1.32415e-08
34824.7 1.19717e-08 -1.22175e-09
34826.9 -1.2699e-08 -1.35552e-08
34829.1 -1.4968e-08 -1.98053e-09
34831.3 9.18696e-09 1.31109e-08
34833.5 1.71374e-08 5.08281e-09
34835.7 -5.16515e-09 -1.19337e-08
34837.9 -1.83657e-08 -7.91457e-09
34840.1 8.48634e-10 1.0083e-08
34842.3 1.8577e-08 1.03132e-08
34844.5 3.51838e-09 -7.66223e-09
34846.7 -1.77637e-08 -1.21451e-08
34848.9 -7.69949e-09 4.802e-09
34851.1 1.59644e-08 1.3303e-08
34853.3 1.14587e-08 -1.6626e-09
34855.5 -1.3281e-08 -1.37208e-08
34857.7 -1.45909e-08 -1.58276e-09
34859.9 9.85772e-09 1.33705e-08
34862.1 1.6919e-08 4.75143e-09
34864.3 -5.88506e-09 -1.22692e-08
34866.5 -1.83148e-08 -7.66592e-09
34868.7 1.58075e-09 1.04752e-08
34871 1.86987e-08 1.01612e-08
34873.2 2.81688e-09 -8.08608e-09
34875.4 -1.8048e-08 -1.20952e-08
34877.6 -7.06412e-09 5.23399e-09
34879.8 1.63981e-08 1.33573e-08
34882 1.09268e-08 -2.07647e-09
34884.2 -1.38373e-08 -1.38726e-08
34886.4 -1.41883e-08 -1.20895e-09
34888.6 1.05085e-08 1.36104e-08
34890.8 1.66701e-08 4.4395e-09
34893 -6.59185e-09 -1.25804e-08
34895.2 -1.82301e-08 -7.43105e-09
34897.4 2.30755e-09 1.08394e-08
34899.6 1.87848e-08 1.00164e-08
34901.8 2.11223e-09 -8.4802e-09
34904 -1.82972e-08 -1.20454e-08
34906.2 -6.41746e-09 5.63598e-09
34908.4 1.67988e-08 1.34043e-08
34910.6 1.03753e-08 -2.46216e-09
34912.8 -1.43649e-08 -1.40105e-08
34915 -1.37596e-08 -8.60147e-10
34917.2 1.11362e-08 1.38301e-08
34919.4 1.63891e-08 4.1475e-09
34921.6 -7.28335e-09 -1.28666e-08
34923.8 -1.81096e-08 -7.21026e-09
34926 3.0269e-09 1.11751e-08
34928.2 1.88325e-08 9.8784e-09
34930.5 1.4056e-09 -8.84434e-09
34932.7 -1.85087e-08 -1.19954e-08
34934.9 -5.76039e-09 6.00789e-09
34937.1 1.71633e-08 1.34436e-08
34939.3 9.80435e-09 -2.81998e-09
34941.5 -1.48612e-08 -1.41341e-08
34943.7 -1.33044e-08 -5.35874e-10
34945.9 1.17379e-08 1.40295e-08
34948.1 1.60745e-08 3.8747e-09
34950.3 -7.95716e-09 -1.31282e-08
34952.5 -1.79517e-08 -7.00284e-09
34954.7 3.73667e-09 1.14829e-08
34956.9 1.88397e-08 9.74668e-09
34959.1 6.98485e-10 -9.17966e-09
34961.3 -1.868e-08 -1.19449e-08
34963.5 -5.09391e-09 6.3511e-09
34965.7 1.74889e-08 1.34751e-08
34967.9 9.21414e-09 -3.1516e-09
34970.1 -1.53234e-08 -1.42441e-08
34972.3 -1.28222e-08 -2.34483e-10
34974.5 1.23111e-08 1.42096e-08
34976.7 1.57255e-08 3.61953e-09
34978.9 -8.61081e-09 -1.33669e-08
34981.1 -1.77549e-08 -6.80756e-09
34983.3 4.43477e-09 1.17648e-08
34985.5 1.88045e-08 9.62039e-09
34987.7 -7.36791e-12 -9.48848e-09
34990 -1.88087e-08 -1.18936e-08
34992.2 -4.41917e-09 6.66817e-09
34994.4 1.77732e-08 1.34994e-08
34996.6 8.60541e-09 -3.45952e-09
34998.8 -1.57489e-08 -1.43416e-08
35001 -1.23132e-08 4.64155e-11
35003.2 1.28532e-08 1.43722e-08
35005.4 1.53418e-08 3.38007e-09
35007.6 -9.24179e-09 -1.35849e-08
35009.8 -1.75183e-08 -6.62293e-09
35012 5.11907e-09 1.20238e-08
35014.2 1.87256e-08 9.49887e-09
35016.4 -7.10016e-10 -9.77381e-09
35018.6 -1.88931e-08 -1.18416e-08
35020.8 -3.73755e-09 6.9623e-09
35023 1.80141e-08 1.35174e-08
35025.2 7.97925e-09 -3.74665e-09
35027.4 -1.61352e-08 -1.44279e-08
35029.6 -1.17778e-08 3.09532e-10
35031.8 1.3362e-08 1.45197e-08
35034 1.49234e-08 3.15427e-09
35036.2 -9.84761e-09 -1.37849e-08
35038.4 -1.72411e-08 -6.44743e-09
35040.6 5.78742e-09 1.2263e-08
35042.8 1.8602e-08 9.38151e-09
35045 -1.40732e-09 -1.0039e-08
35047.2 -1.89315e-08 -1.17889e-08
35049.5 -3.05061e-09 7.2369e-09
35051.7 1.821e-08 1.35299e-08
35053.9 7.33708e-09 -4.01609e-09
35056.1 -1.64801e-08 -1.45048e-08
35058.3 -1.12166e-08 5.57681e-10
35060.5 1.38351e-08 1.46544e-08
35062.7 1.44708e-08 2.93997e-09
35064.9 -1.04258e-08 -1.39698e-08
35067.1 -1.6923e-08 -6.27945e-09
35069.3 6.4377e-09 1.24857e-08
35071.5 1.84332e-08 9.26751e-09
35073.7 -2.09701e-09 -1.02872e-08
35075.9 -1.89226e-08 -1.17353e-08
35078.1 -2.36009e-09 7.4954e-09
35080.3 1.83596e-08 1.35378e-08
35082.5 6.6806e-09 -4.27096e-09
35084.7 -1.67816e-08 -1.45736e-08
35086.9 -1.06306e-08 7.93833e-10
35089.1 1.42709e-08 1.47784e-08
35091.3 1.39849e-08 2.73477e-09
35093.5 -1.0974e-08 -1.41418e-08
35095.7 -1.65642e-08 -6.11695e-09
35097.9 7.06777e-09 1.26948e-08
35100.1 1.8219e-08 9.15557e-09
35102.3 -2.77674e-09 -1.05217e-08
35104.5 -1.88656e-08 -1.168e-08
35106.7 -1.66786e-09 7.7412e-09
35109 1.84616e-08 1.3541e-08
35111.2 6.01163e-09 -4.51459e-09
35113.4 -1.7038e-08 -1.46347e-08
35115.6 -1.00211e-08 1.02132e-09
35117.8 1.46673e-08 1.4893e-08
35120 1.34665e-08 2.53568e-09
35122.2 -1.149e-08 -1.43031e-08
35124.4 -1.61648e-08 -5.95722e-09
35126.6 7.67558e-09 1.2893e-08
35128.8 1.79596e-08 9.04358e-09
35131 -3.44433e-09 -1.07455e-08
35133.2 -1.87599e-08 -1.16215e-08
35135.4 -9.75831e-10 7.97787e-09
35137.6 1.85152e-08 1.35389e-08
35139.8 5.33201e-09 -4.75074e-09
35142 -1.7248e-08 -1.46883e-08
35144.2 -9.38953e-09 1.24407e-09
35146.4 1.5023e-08 1.49992e-08
35148.6 1.29169e-08 2.33889e-09
35150.8 -1.19719e-08 -1.44553e-08
35153 -1.57257e-08 -5.79668e-09
35155.2 8.2592e-09 1.30829e-08
35157.4 1.76551e-08 8.92846e-09
35159.6 -4.09781e-09 -1.09619e-08
35161.8 -1.86052e-08 -1.15573e-08
35164 -2.85905e-10 8.20941e-09
35166.2 1.85199e-08 1.35297e-08
35168.4 4.6434e-09 -4.98389e-09
35170.7 -1.74106e-08 -1.47337e-08
35172.9 -8.7373e-09 1.46681e-09
35175.1 1.53366e-08 1.50974e-08
35177.3 1.23372e-08 2.13964e-09
35179.5 -1.24185e-08 -1.46e-08
35181.7 -1.52476e-08 -5.63092e-09
35183.9 8.81697e-09 1.32673e-08
35186.1 1.73059e-08 8.80629e-09
35188.3 -4.73562e-09 -1.11748e-08
35190.5 -1.84018e-08 -1.14845e-08
35192.7 4.00194e-10 8.4404e-09
35194.9 1.84753e-08 1.35115e-08
35197.1 3.94725e-09 -5.21933e-09
35199.3 -1.75254e-08 -1.47703e-08
35201.5 -8.06599e-09 1.69495e-09
35203.7 1.56072e-08 1.51882e-08
35205.9 1.17284e-08 1.93239e-09
35208.1 -1.28288e-08 -1.47394e-08
35210.3 -1.47318e-08 -5.45499e-09
35212.5 9.34762e-09 1.34492e-08
35214.7 1.69127e-08 8.67266e-09
35216.9 -5.35672e-09 -1.13887e-08
35219.1 -1.81504e-08 -1.13999e-08
35221.3 1.08103e-09 8.67595e-09
35223.5 1.83815e-08 1.34821e-08
35225.7 3.24468e-09 -5.46294e-09
35227.9 -1.75928e-08 -1.47976e-08
35230.2 -7.37705e-09 1.93434e-09
35232.4 1.58345e-08 1.52725e-08
35234.6 1.10917e-08 1.71132e-09
35236.8 -1.32027e-08 -1.4876e-08
35239 -1.41796e-08 -5.26385e-09
35241.2 9.8505e-09 1.36324e-08
35243.4 1.64765e-08 8.52328e-09
35245.6 -5.96062e-09 -1.16085e-08
35247.8 -1.78523e-08 -1.13006e-08
35250 1.75558e-09 8.92152e-09
35252.2 1.82394e-08 1.344e-08
35254.4 2.53653e-09 -5.7207e-09
35256.6 -1.76136e-08 -1.48157e-08
35258.8 -6.67184e-09 2.19081e-09
35261 1.60191e-08 1.53515e-08
35263.2 1.04282e-08 1.47089e-09
35265.4 -1.35409e-08 -1.50126e-08
35267.6 -1.35927e-08 -5.05279e-09
35269.8 1.03257e-08 1.38206e-08
35272 1.59987e-08 8.35442e-09
35274.2 -6.54733e-09 -1.18389e-08
35276.4 -1.75092e-08 -1.11842e-08
35278.6 2.42334e-09 9.18242e-09
35280.8 1.80506e-08 1.33841e-08
35283 1.82354e-09 -5.99813e-09
35285.2 -1.75898e-08 -1.48248e-08
35287.4 -5.9516e-09 2.46964e-09
35289.7 1.61624e-08 1.5427e-08
35291.9 9.73951e-09 1.2063e-09
35294.1 -1.38446e-08 -1.5152e-08
35296.3 -1.2973e-08 -4.8179e-09
35298.5 1.07741e-08 1.40177e-08
35300.7 1.54816e-08 8.16314e-09
35302.9 -7.11727e-09 -1.20842e-08
35305.1 -1.71237e-08 -1.10489e-08
35307.3 3.08419e-09 9.46325e-09
35309.5 1.78176e-08 1.33136e-08
35311.7 1.10649e-09 -6.2998e-09
35313.9 -1.75236e-08 -1.48256e-08
35316.1 -5.21768e-09 2.77512e-09
35318.3 1.62668e-08 1.55004e-08
35320.5 9.02766e-09 9.1384e-10
35322.7 -1.41157e-08 -1.52966e-08
35324.9 -1.2323e-08 -4.55613e-09
35327.1 1.11971e-08 1.42265e-08
35329.3 1.49283e-08 7.94732e-09
35331.5 -7.67114e-09 -1.23479e-08
35333.7 -1.66989e-08 -1.08934e-08
35335.9 3.73819e-09 9.76749e-09
35338.1 1.75441e-08 1.32284e-08
35340.3 3.86302e-10 -6.62904e-09
35342.5 -1.74185e-08 -1.48182e-08
35344.7 -4.47169e-09 3.11038e-09
35346.9 1.63354e-08 1.55729e-08
35349.2 8.29525e-09 5.90908e-10
35351.4 -1.43567e-08 -1.54477e-08
35353.6 -1.16459e-08 -4.26527e-09
35355.8 1.15967e-08 1.44491e-08
35358 1.43425e-08 7.70538e-09
35360.2 -8.20973e-09 -1.26318e-08
35362.4 -1.62388e-08 -1.07165e-08
35364.6 4.38532e-09 1.00973e-08
35366.8 1.72342e-08 1.31278e-08
35369 -3.35828e-10 -6.98785e-09
35371.2 -1.72781e-08 -1.48026e-08
35373.4 -3.71565e-09 3.47742e-09
35375.6 1.63717e-08 1.56446e-08
35377.8 7.54536e-09 2.35772e-10
35380 -1.45702e-08 -1.56059e-08
35382.2 -1.09453e-08 -3.94365e-09
35384.4 1.19748e-08 1.4686e-08
35386.6 1.37287e-08 7.43596e-09
35388.8 -8.73378e-09 -1.29368e-08
35391 -1.57479e-08 -1.05169e-08
35393.2 5.02543e-09 1.04537e-08
35395.4 1.68924e-08 1.30107e-08
35397.6 -1.05838e-09 -7.37718e-09
35399.8 -1.71067e-08 -1.47776e-08
35402 -2.95194e-09 3.87741e-09
35404.2 1.63795e-08 1.57147e-08
35406.4 6.78152e-09 -1.52751e-10
35408.7 -1.47589e-08 -1.57702e-08
35410.9 -1.02253e-08 -3.58988e-09
35413.1 1.23333e-08 1.49368e-08
35415.3 1.30916e-08 7.13759e-09
35417.5 -9.2439e-09 -1.32623e-08
35419.7 -1.52308e-08 -1.0293e-08
35421.9 5.6581e-09 1.08366e-08
35424.1 1.65237e-08 1.28755e-08
35426.3 -1.77958e-09 -7.7972e-09
35428.5 -1.69085e-08 -1.47413e-08
35430.7 -2.18321e-09 4.31095e-09
35432.9 1.63626e-08 1.57816e-08
35435.1 6.00748e-09 -5.75574e-10
35437.3 -1.49255e-08 -1.59391e-08
35439.5 -9.49003e-09 -3.20259e-09
35441.7 1.26741e-08 1.52002e-08
35443.9 1.24361e-08 6.80864e-09
35446.1 -9.74057e-09 -1.36073e-08
35448.3 -1.46925e-08 -1.00428e-08
35450.5 6.28276e-09 1.12453e-08
35452.7 1.61329e-08 1.272e-08
35454.9 -2.49756e-09 -8.24768e-09
35457.1 -1.66877e-08 -1.46917e-08
35459.3 -1.41227e-09 4.77834e-09
35461.5 1.63247e-08 1.5843e-08
35463.7 5.22703e-09 -1.03344e-09
35465.9 -1.50728e-08 -1.61104e-08
35468.2 -8.74395e-09 -2.7805e-09
35470.4 1.29987e-08 1.54741e-08
35472.6 1.17669e-08 6.44746e-09
35474.8 -1.02242e-08 -1.39704e-08
35477 -1.41377e-08 -9.76421e-09
35479.2 6.8987e-09 1.16788e-08
35481.4 1.57247e-08 1.2542e-08
35483.6 -3.21047e-09 -8.72803e-09
35485.8 -1.64486e-08 -1.46262e-08
35488 -6.4199e-10 5.27954e-09
35490.2 1.62691e-08 1.58966e-08
35492.4 4.44385e-09 -1.52684e-09
35494.6 -1.52032e-08 -1.62819e-08
35496.8 -7.99137e-09 -2.3227e-09
35499 1.33088e-08 1.57568e-08
35501.2 1.10887e-08 6.05267e-09
35503.4 -1.06953e-08 -1.43496e-08
35505.6 -1.35713e-08 -9.45558e-09
35507.8 7.50512e-09 1.21357e-08
35510 1.53035e-08 1.23395e-08
35512.2 -3.9165e-09 -9.23735e-09
35514.4 -1.61952e-08 -1.45428e-08
35516.6 1.24744e-10 5.81399e-09
35518.8 1.61993e-08 1.59401e-08
35521 3.66148e-09 -2.05567e-09
35523.2 -1.53194e-08 -1.64514e-08
35525.4 -7.23654e-09 -1.82892e-09
35527.7 1.36056e-08 1.60459e-08
35529.9 1.04059e-08 5.62357e-09
35532.1 -1.11541e-08 -1.47433e-08
35534.3 -1.29979e-08 -9.11597e-09
35536.5 8.10112e-09 1.26142e-08
35538.7 1.48735e-08 1.21112e-08
35540.9 -4.6139e-09 -9.77409e-09
35543.1 -1.59316e-08 -1.44399e-08
35545.3 8.85052e-10 6.38029e-09
35547.5 1.61182e-08 1.59715e-08
35549.7 2.88333e-09 -2.61899e-09
35551.9 -1.54235e-08 -1.6617e-08
35554.1 -6.48361e-09 -1.29995e-09
35556.3 1.38902e-08 1.63392e-08
35558.5 9.72263e-09 5.16037e-09
35560.7 -1.1601e-08 -1.51489e-08
35562.9 -1.24218e-08 -8.74532e-09
35565.1 8.68563e-09 1.31116e-08
35567.3 1.44386e-08 1.18563e-08
35569.5 -5.30089e-09 -1.03358e-08
35571.7 -1.56612e-08 -1.43166e-08
35573.9 1.63605e-09 6.97595e-09
35576.1 1.60284e-08 1.59893e-08
35578.3 2.11268e-09 -3.21466e-09
35580.5 -1.55178e-08 -1.67764e-08
35582.7 -5.73654e-09 -7.37685e-10
35584.9 1.41634e-08 1.66337e-08
35587.1 9.0428e-09 4.66438e-09
35589.4 -1.20359e-08 -1.55634e-08
35591.6 -1.18471e-08 -8.34439e-09
35593.8 9.25744e-09 1.36245e-08
35596 1.40024e-08 1.15748e-08
35598.2 -5.97557e-09 -1.0919e-08
35600.4 -1.53872e-08 -1.41719e-08
35602.6 2.37492e-09 7.59734e-09
35604.8 1.5932e-08 1.59915e-08
35607 1.35271e-09 -3.83935e-09
35609.2 -1.56035e-08 -1.69272e-08
35611.4 -4.99895e-09 -1.45041e-10
35613.6 1.44255e-08 1.69263e-08
35615.8 8.36994e-09 4.13781e-09
35618 -1.24585e-08 -1.59828e-08
35620.2 -1.12773e-08 -7.91455e-09
35622.4 9.81517e-09 1.41483e-08
35624.6 1.35676e-08 1.1267e-08
35626.8 -6.63589e-09 -1.15188e-08
35629 -1.51119e-08 -1.4005e-08
35631.2 3.09903e-09 8.23977e-09
35633.4 1.58308e-08 1.59762e-08
35635.6 6.06376e-10 -4.48871e-09
35637.8 -1.56815e-08 -1.70661e-08
35640 -4.27387e-09 4.74279e-10
35642.2 1.46766e-08 1.72127e-08
35644.4 7.70703e-09 3.58344e-09
35646.6 -1.28677e-08 -1.64022e-08
35648.9 -1.07149e-08 -7.45743e-09
35651.1 1.03573e-08 1.46777e-08
35653.3 1.31365e-08 1.09333e-08
35655.5 -7.27973e-09 -1.21297e-08
35657.7 -1.48367e-08 -1.3815e-08
35659.9 3.80607e-09 8.89781e-09
35662.1 1.57254e-08 1.59411e-08
35664.3 -1.23764e-10 -5.15777e-09
35666.5 -1.57517e-08 -1.71896e-08
35668.7 -3.56362e-09 1.1162e-09
35670.9 1.4916e-08 1.74883e-08
35673.1 7.05623e-09 3.00434e-09
35675.3 -1.32623e-08 -1.68161e-08
35677.5 -1.01614e-08 -6.97468e-09
35679.7 1.08824e-08 1.52067e-08
35681.9 1.27103e-08 1.05739e-08
35684.1 -7.90519e-09 -1.27455e-08
35686.3 -1.45622e-08 -1.36005e-08
35688.5 4.4942e-09 9.56577e-09
35690.7 1.5616e-08 1.58836e-08
35692.9 -8.35856e-10 -5.84134e-09
35695.1 -1.58134e-08 -1.72937e-08
35697.3 -2.86968e-09 1.77656e-09
35699.5 1.51428e-08 1.77483e-08
35701.7 6.41877e-09 2.40356e-09
35703.9 -1.36411e-08 -1.72187e-08
35706.1 -9.61758e-09 -6.4679e-09
35708.4 1.13889e-08 1.57294e-08
35710.6 1.22891e-08 1.01892e-08
35712.8 -8.51076e-09 -1.33602e-08
35715 -1.4288e-08 -1.33602e-08
35717.2 5.16223e-09 1.0238e-08
35719.4 1.55019e-08 1.58011e-08
35721.6 -1.52881e-09 -6.53429e-09
35723.8 -1.58657e-08 -1.73746e-08
35726 -2.19258e-09 2.45126e-09
35728.2 1.53559e-08 1.79879e-08
35730.4 5.79494e-09 1.78415e-09
35732.6 -1.40026e-08 -1.76046e-08
35734.8 -9.08305e-09 -5.93878e-09
35737 1.1876e-08 1.62401e-08
35739.2 1.18726e-08 9.77946e-09
35741.4 -9.09542e-09 -1.3968e-08
35743.6 -1.4013e-08 -1.30932e-08
35745.8 5.80961e-09 1.09089e-08
35748 1.5382e-08 1.56915e-08
35750.2 -2.20234e-09 -7.23167e-09
35752.4 -1.5907e-08 -1.74289e-08
35754.6 -1.53205e-09 3.1362e-09
35756.8 1.55542e-08 1.82031e-08
35759 5.18416e-09 1.14929e-09
35761.2 -1.43457e-08 -1.79691e-08
35763.4 -8.55673e-09 -5.38935e-09
35765.6 1.23427e-08 1.67336e-08
35767.9 1.14594e-08 9.34566e-09
35770.1 -9.65872e-09 -1.45635e-08
35772.3 -1.37357e-08 -1.27991e-08
35774.5 6.43643e-09 1.15734e-08
35776.7 1.52548e-08 1.55533e-08
35778.9 -2.8569e-09 -7.92857e-09
35781.1 -1.59361e-08 -1.74542e-08
35783.3 -8.87095e-10 3.82706e-09
35785.5 1.57364e-08 1.83904e-08
35787.7 4.58513e-09 5.02572e-10
35789.9 -1.46695e-08 -1.83079e-08
35792.1 -8.037e-09 -4.82226e-09
35794.3 1.27888e-08 1.72052e-08
35796.5 1.10478e-08 8.88945e-09
35798.7 -1.02007e-08 -1.51416e-08
35800.9 -1.34542e-08 -1.24786e-08
35803.1 7.04328e-09 1.22263e-08
35805.3 1.51187e-08 1.5386e-08
35807.5 -3.49357e-09 -8.61992e-09
35809.7 -1.59513e-08 -1.74488e-08
35811.9 -2.5623e-10 4.51911e-09
35814.1 1.59015e-08 1.85471e-08
35816.3 3.99603e-09 -1.51845e-10
35818.5 -1.49734e-08 -1.86174e-08
35820.7 -7.52182e-09 -4.24093e-09
35822.9 1.32141e-08 1.76505e-08
35825.1 1.06356e-08 8.41332e-09
35827.4 -1.07218e-08 -1.56974e-08
35829.6 -1.31666e-08 -1.2133e-08
35831.8 7.63111e-09 1.28622e-08
35834 1.49717e-08 1.51899e-08
35836.2 -4.1138e-09 -9.30034e-09
35838.4 -1.59514e-08 -1.74118e-08
35840.6 3.6234e-10 5.20709e-09
35842.8 1.60484e-08 1.86712e-08
35845 3.41469e-09 -8.09153e-10
35847.2 -1.5257e-08 -1.88945e-08
35849.4 -7.00899e-09 -3.64955e-09
35851.6 1.36186e-08 1.80653e-08
35853.8 1.02205e-08 7.92045e-09
35856 -1.12228e-08 -1.6226e-08
35858.2 -1.28708e-08 -1.17644e-08
35860.4 8.201e-09 1.34756e-08
35862.6 1.4812e-08 1.49657e-08
35864.8 -4.7193e-09 -9.96409e-09
35867 -1.59347e-08 -1.73428e-08
35869.2 9.70554e-10 5.88525e-09
35871.4 1.61761e-08 1.87608e-08
35873.6 2.83878e-09 -1.46407e-09
35875.8 -1.55198e-08 -1.91362e-08
35878 -6.4962e-09 -3.0528e-09
35880.2 1.40023e-08 1.84454e-08
35882.4 9.80011e-09 7.4145e-09
35884.6 -1.17043e-08 -1.67223e-08
35886.9 -1.25646e-08 -1.13756e-08
35889.1 8.75406e-09 1.40609e-08
35891.3 1.46375e-08 1.47147e-08
35893.5 -5.31181e-09 -1.06053e-08
35895.7 -1.59e-08 -1.72416e-08
35897.9 1.57035e-09 6.54761e-09
35900.1 1.62832e-08 1.88141e-08
35902.3 2.26591e-09 -2.11112e-09
35904.5 -1.57614e-08 -1.93394e-08
35906.7 -5.98108e-09 -2.45554e-09
35908.9 1.43651e-08 1.87866e-08
35911.1 9.3718e-09 6.8992e-09
35913.3 -1.2167e-08 -1.71814e-08
35915.5 -1.22458e-08 -1.0969e-08
35917.7 9.29131e-09 1.46122e-08
35919.9 1.4446e-08 1.44379e-08
35922.1 -5.89299e-09 -1.1218e-08
35924.3 -1.58453e-08 -1.7108e-08
35926.5 2.16366e-09 7.18835e-09
35928.7 1.63684e-08 1.88295e-08
35930.9 1.69369e-09 -2.74502e-09
35933.1 -1.5981e-08 -1.95013e-08
35935.3 -5.46118e-09 -1.86232e-09
35937.5 1.47068e-08 1.90848e-08
35939.7 8.93295e-09 6.37803e-09
35941.9 -1.26114e-08 -1.75984e-08
35944.1 -1.19118e-08 -1.05469e-08
35946.3 9.81363e-09 1.51243e-08
35948.6 1.42351e-08 1.41363e-08
35950.8 -6.46438e-09 -1.17969e-08
35953 -1.57689e-08 -1.69416e-08
35955.2 2.75243e-09 7.80228e-09
35957.4 1.64302e-08 1.88055e-08
35959.6 1.11975e-09 -3.36107e-09
35961.8 -1.61776e-08 -1.96193e-08
35964 -4.93387e-09 -1.2771e-09
35966.2 1.50268e-08 1.93366e-08
35968.4 8.4808e-09 5.85402e-09
35970.6 -1.30375e-08 -1.79693e-08
35972.8 -1.156e-08 -1.01113e-08
35975 1.03219e-08 1.55929e-08
35977.2 1.40023e-08 1.38108e-08
35979.4 -7.02738e-09 -1.23375e-08
35981.6 -1.56683e-08 -1.67423e-08
35983.8 3.33868e-09 8.38515e-09
35986 1.64667e-08 1.87408e-08
35988.2 5.41693e-10 -3.9554e-09
35990.4 -1.63498e-08 -1.96913e-08
35992.6 -4.39637e-09 -7.03084e-10
35994.8 1.53246e-08 1.95394e-08
35997 8.0125e-09 5.32971e-09
35999.2 -1.34455e-08 -1.82909e-08
36001.4 -1.11874e-08 -9.66402e-09
36003.6 1.08169e-08 1.60146e-08
36005.8 1.37449e-08 1.34623e-08
36008.1 -7.58339e-09 -1.28364e-08
36010.3 -1.55412e-08 -1.65101e-08
36012.5 3.92451e-09 8.9338e-09
36014.7 1.64762e-08 1.8635e-08
36016.9 -4.28847e-11 -4.52506e-09
36019.1 -1.64964e-08 -1.97163e-08
36021.3 -3.84581e-09 -1.42794e-10
36023.5 1.55997e-08 1.96917e-08
36025.7 7.52519e-09 4.80727e-09
36027.9 -1.38353e-08 -1.85615e-08
36030.1 -1.07909e-08 -9.20652e-09
36032.3 1.12996e-08 1.63875e-08
36034.5 1.34602e-08 1.30922e-08
36036.7 -8.13377e-09 -1.32915e-08
36038.9 -1.53852e-08 -1.62458e-08
36041.1 4.51195e-09 9.44611e-09
36043.3 1.64567e-08 1.84885e-08
36045.5 -6.36345e-10 -5.06789e-09
36047.7 -1.6616e-08 -1.96942e-08
36049.9 -3.27946e-09 4.01775e-10
36052.1 1.58516e-08 1.97932e-08
36054.3 7.01614e-09 4.28865e-09
36056.5 -1.4207e-08 -1.87803e-08
36058.7 -1.03679e-08 -8.74061e-09
36060.9 1.17708e-08 1.67107e-08
36063.1 1.3146e-08 1.2702e-08
36065.3 -8.67983e-09 -1.37017e-08
36067.6 -1.5198e-08 -1.59509e-08
36069.8 5.1029e-09 9.92083e-09
36072 1.64069e-08 1.83027e-08
36074.2 -1.24081e-09 -5.58238e-09
36076.4 -1.67075e-08 -1.96261e-08
36078.6 -2.69489e-09 9.28959e-10
36080.8 1.60798e-08 1.98448e-08
36083 6.48296e-09 3.77573e-09
36085.2 -1.45607e-08 -1.8948e-08
36087.4 -9.91591e-09 -8.2683e-09
36089.6 1.22311e-08 1.69846e-08
36091.8 1.28e-08 1.22939e-08
36094 -9.22262e-09 -1.40667e-08
36096.2 -1.49779e-08 -1.56275e-08
36098.4 5.69885e-09 1.03574e-08
36100.6 1.63253e-08 1.80797e-08
36102.8 -1.85795e-09 -6.06752e-09
36105 -1.67701e-08 -1.9514e-08
36107.2 -2.09024e-09 1.43734e-09
36109.4 1.62839e-08 1.98484e-08
36111.6 5.92386e-09 3.27037e-09
36113.8 -1.48963e-08 -1.90661e-08
36116 -9.43324e-09 -7.79177e-09
36118.2 1.26809e-08 1.72101e-08
36120.4 1.24208e-08 1.18705e-08
36122.6 -9.76278e-09 -1.43873e-08
36124.8 -1.47236e-08 -1.52784e-08
36127.1 6.30069e-09 1.07559e-08
36129.3 1.62109e-08 1.78222e-08
36131.5 -2.48879e-09 -6.52276e-09
36133.7 -1.68027e-08 -1.93606e-08
36135.9 -1.4644e-09 1.92577e-09
36138.1 1.64633e-08 1.98064e-08
36140.3 5.33768e-09 2.77428e-09
36142.5 -1.52135e-08 -1.91366e-08
36144.7 -8.91874e-09 -7.31327e-09
36146.9 1.312e-08 1.73891e-08
36149.1 1.20072e-08 1.14343e-08
36151.3 -1.03003e-08 -1.46645e-08
36153.5 -1.44339e-08 -1.49064e-08
36155.7 6.90847e-09 1.11168e-08
36157.9 1.60626e-08 1.75335e-08
36160.1 -3.13356e-09 -6.94801e-09
36162.3 -1.68045e-08 -1.91691e-08
36164.5 -8.17088e-10 2.39346e-09
36166.7 1.6617e-08 1.97219e-08
36168.9 4.72395e-09 2.28884e-09
36171.1 -1.55113e-08 -1.91624e-08
36173.3 -8.37187e-09 -6.83479e-09
36175.5 1.35474e-08 1.75238e-08
36177.7 1.15585e-08 1.09879e-08
36179.9 -1.08343e-08 -1.49002e-08
36182.1 -1.4108e-08 -1.45144e-08
36184.3 7.52143e-09 1.14414e-08
36186.6 1.58793e-08 1.72165e-08
36188.8 -3.7917e-09 -7.34385e-09
36191 -1.67742e-08 -1.89428e-08
36193.2 -1.48721e-10 2.84025e-09
36195.4 1.67435e-08 1.9598e-08
36197.6 4.08275e-09 1.81489e-09
36199.8 -1.57881e-08 -1.91467e-08
36202 -7.79245e-09 -6.35791e-09
36204.2 1.39615e-08 1.76171e-08
36206.4 1.1074e-08 1.05333e-08
36208.6 -1.13633e-08 -1.5097e-08
36210.8 -1.3745e-08 -1.41053e-08
36213 8.13803e-09 1.17316e-08
36215.2 1.56595e-08 1.68745e-08
36217.4 -4.46205e-09 -7.7117e-09
36219.6 -1.67101e-08 -1.86852e-08
36221.8 5.3978e-10 3.26677e-09
36224 1.68407e-08 1.94386e-08
36226.2 3.4144e-09 1.35247e-09
36228.4 -1.60419e-08 -1.90933e-08
36230.6 -7.18042e-09 -5.88356e-09
36232.8 1.436e-08 1.76727e-08
36235 1.05529e-08 1.00723e-08
36237.2 -1.18852e-08 -1.52584e-08
36239.4 -1.33437e-08 -1.36816e-08
36241.6 8.75627e-09 1.19904e-08
36243.8 1.54014e-08 1.65106e-08
36246.1 -5.14312e-09 -8.05394e-09
36248.3 -1.66101e-08 -1.84003e-08
36250.5 1.24733e-09 3.67457e-09
36252.7 1.6906e-08 1.92479e-08
36254.9 2.71928e-09 9.00878e-10
36257.1 -1.62701e-08 -1.90068e-08
36259.3 -6.53562e-09 -5.41208e-09
36261.5 1.47401e-08 1.76952e-08
36263.7 9.99438e-09 9.60609e-09
36265.9 -1.23975e-08 -1.53887e-08
36268.1 -1.29026e-08 -1.32456e-08
36270.3 9.37406e-09 1.22216e-08
36272.5 1.51029e-08 1.61283e-08
36274.7 -5.83338e-09 -8.3739e-09
36276.9 -1.64719e-08 -1.80922e-08
36279.1 1.9729e-09 4.06608e-09
36281.3 1.69369e-08 1.90306e-08
36283.5 1.99771e-09 4.5875e-10
36285.7 -1.64699e-08 -1.88924e-08
36287.9 -5.85771e-09 -4.9433e-09
36290.1 1.50993e-08 1.769e-08
36292.3 9.39741e-09 9.1359e-09
36294.5 -1.2898e-08 -1.54932e-08
36296.7 -1.24202e-08 -1.27998e-08
36298.9 9.98948e-09 1.24303e-08
36301.1 1.47622e-08 1.5731e-08
36303.3 -6.53143e-09 -8.67567e-09
36305.6 -1.62931e-08 -1.77655e-08
36307.8 2.7157e-09 4.44436e-09
36310 1.69308e-08 1.87924e-08
36312.2 1.24994e-09 2.43011e-11
36314.4 -1.6639e-08 -1.87562e-08
36316.6 -5.14637e-09 -4.47682e-09
36318.8 1.54353e-08 1.76633e-08
36321 8.76122e-09 8.66281e-09
36323.2 -1.33848e-08 -1.5578e-08
36325.4 -1.18952e-08 -1.23466e-08
36327.6 1.0601e-08 1.26218e-08
36329.8 1.43777e-08 1.53227e-08
36332 -7.23603e-09 -8.96382e-09
36334.2 -1.60721e-08 -1.74253e-08
36336.4 3.475e-09 4.81287e-09
36338.6 1.68863e-08 1.85391e-08
36340.8 4.76411e-10 -4.04464e-10
36343 -1.67756e-08 -1.86047e-08
36345.2 -4.40154e-09 -4.01218e-09
36347.4 1.57467e-08 1.76217e-08
36349.6 8.08557e-09 8.18801e-09
36351.8 -1.38561e-08 -1.56495e-08
36354 -1.13272e-08 -1.18889e-08
36356.2 1.12074e-08 1.2802e-08
36358.4 1.39488e-08 1.49076e-08
36360.6 -7.94599e-09 -9.24314e-09
36362.8 -1.58078e-08 -1.7077e-08
36365 4.24988e-09 5.17517e-09
36367.3 1.68022e-08 1.82771e-08
36369.5 -3.22043e-10 -8.29523e-10
36371.7 -1.68786e-08 -1.84445e-08
36373.9 -3.62383e-09 -3.54894e-09
36376.1 1.60323e-08 1.75723e-08
36378.3 7.37104e-09 7.71284e-09
36380.5 -1.43109e-08 -1.57141e-08
36382.7 -1.07163e-08 -1.14294e-08
36384.9 1.18073e-08 1.29768e-08
36387.1 1.34757e-08 1.44901e-08
36389.3 -8.6599e-09 -9.51834e-09
36391.5 -1.55005e-08 -1.67259e-08
36393.7 5.03894e-09 5.53468e-09
36395.9 1.66785e-08 1.80126e-08
36398.1 -1.14385e-09 -1.25273e-09
36400.3 -1.69476e-08 -1.82822e-08
36402.5 -2.8148e-09 -3.08686e-09
36404.7 1.62915e-08 1.75216e-08
36406.9 6.61922e-09 7.23868e-09
36409.1 -1.4748e-08 -1.57781e-08
36411.3 -1.00641e-08 -1.09711e-08
36413.5 1.23994e-08 1.31516e-08
36415.7 1.29599e-08 1.40744e-08
36417.9 -9.37589e-09 -9.79387e-09
36420.1 -1.51509e-08 -1.63773e-08
36422.3 5.84001e-09 5.89456e-09
36424.5 1.65158e-08 1.77516e-08
36426.8 -1.98651e-09 -1.67574e-09
36429 -1.69825e-08 -1.81242e-08
36431.2 -1.97704e-09 -2.62578e-09
36433.4 1.65236e-08 1.74759e-08
36435.6 5.83278e-09 6.76686e-09
36437.8 -1.51661e-08 -1.58473e-08
36440 -9.3731e-09 -1.05165e-08
36442.2 1.29818e-08 1.33316e-08
36444.4 1.24033e-08 1.36642e-08
36446.6 -1.00914e-08 -1.00737e-08
36448.8 -1.47607e-08 -1.60358e-08
36451 6.65004e-09 6.25758e-09
36453.2 1.6315e-08 1.74993e-08
36455.4 -2.8466e-09 -2.10004e-09
36457.6 -1.69836e-08 -1.79759e-08
36459.8 -1.11414e-09 -2.16556e-09
36462 1.6728e-08 1.74405e-08
36464.2 5.01524e-09 6.29856e-09
36466.4 -1.55637e-08 -1.59267e-08
36468.6 -8.64643e-09 -1.00681e-08
36470.8 1.35519e-08 1.3521e-08
36473 1.18088e-08 1.32629e-08
36475.2 -1.08032e-08 -1.03614e-08
36477.4 -1.4332e-08 -1.57055e-08
36479.6 7.46519e-09 6.6262e-09
36481.8 1.60773e-08 1.72601e-08
36484 -3.71996e-09 -2.52697e-09
36486.3 -1.69508e-08 -1.78419e-08
36488.2 -2.73982e-09 -4.2992e-09
36490.2 1.54826e-08 1.55208e-08
36492.2 1.08335e-08 1.24559e-08
36494.2 -9.78394e-09 -8.91378e-09
36496.2 -1.59299e-08 -1.71086e-08
36498.1 1.43086e-09 -1.21125e-10
36500.1 1.66463e-08 1.69907e-08
36502.1 7.27984e-09 9.0652e-09
36504.1 -1.2805e-08 -1.21652e-08
36506.1 -1.39638e-08 -1.54412e-08
36508 5.47508e-09 3.99878e-09
36510 1.68004e-08 1.74987e-08
36512 3.32396e-09 5.22546e-09
36514 -1.50288e-08 -1.46944e-08
36516 -1.1179e-08 -1.29453e-08
36517.9 9.15204e-09 7.83524e-09
36519.9 1.59449e-08 1.70313e-08
36521.9 -7.93701e-10 1.15419e-09
36523.9 -1.63296e-08 -1.63731e-08
36525.9 -7.74958e-09 -9.77026e-09
36527.9 1.2245e-08 1.11818e-08
36529.8 1.41404e-08 1.56285e-08
36531.8 -4.82517e-09 -2.92166e-09
36533.8 -1.66378e-08 -1.71216e-08
36535.8 -3.88674e-09 -6.10025e-09
36537.8 1.45741e-08 1.38616e-08
36539.7 1.15034e-08 1.33807e-08
36541.7 -8.5298e-09 -6.7782e-09
36543.7 -1.59441e-08 -1.69117e-08
36545.7 1.74266e-10 -2.14376e-09
36547.7 1.60066e-08 1.57368e-08
36549.6 8.19935e-09 1.04229e-08
36551.6 -1.16886e-08 -1.02066e-08
36553.6 -1.42988e-08 -1.57681e-08
36555.6 4.18842e-09 1.87796e-09
36557.6 1.64648e-08 1.67151e-08
36559.5 4.43213e-09 6.92731e-09
36561.5 -1.41172e-08 -1.30241e-08
36563.5 -1.1809e-08 -1.3766e-08
36565.5 7.91564e-09 5.74304e-09
36567.5 1.59298e-08 1.67546e-08
36569.5 4.31504e-10 3.0929e-09
36571.4 -1.56765e-08 -1.50837e-08
36573.4 -8.63126e-09 -1.10264e-08
36575.4 1.11351e-08 9.24099e-09
36577.4 1.44423e-08 1.58648e-08
36579.4 -3.5608e-09 -8.65275e-10
36581.3 -1.62807e-08 -1.62816e-08
36583.3 -4.96192e-09 -7.709e-09
36585.3 1.36584e-08 1.2184e-08
36587.3 1.20996e-08 1.4106e-08
36589.3 -7.30565e-09 -4.72801e-09
36591.2 -1.59017e-08 -1.65622e-08
36593.2 -1.02507e-09 -4.00315e-09
36595.2 1.53402e-08 1.44166e-08
36597.2 9.0495e-09 1.1585e-08
36599.2 -1.05808e-08 -8.2839e-09
36601.1 -1.45706e-08 -1.59207e-08
36603.1 2.9412e-09 -1.17204e-10
36605.1 1.6087e-08 1.58241e-08
36607.1 5.48061e-09 8.44933e-09
36609.1 -1.31941e-08 -1.13407e-08
36611.1 -1.23753e-08 -1.44025e-08
36613 6.69907e-09 3.73294e-09
36615 1.58619e-08 1.6338e-08
36617 1.61104e-09 4.87809e-09
36619 -1.49946e-08 -1.37353e-08
36621 -9.45432e-09 -1.21006e-08
36622.9 1.00253e-08 7.33565e-09
36624.9 1.46865e-08 1.59392e-08
36626.9 -2.32502e-09 1.07255e-09
36628.9 -1.58812e-08 -1.53428e-08
36630.9 -5.98867e-09 -9.14977e-09
36632.8 1.27243e-08 1.04949e-08
36634.8 1.2639e-08 1.4659e-08
36636.8 -6.09146e-09 -2.75529e-09
36638.8 -1.58084e-08 -1.60822e-08
36640.8 -2.19016e-09 -5.71893e-09
36642.7 1.46398e-08 1.30409e-08
36644.7 9.84903e-09 1.25762e-08
36646.7 -9.46435e-09 -6.39417e-09
36648.7 -1.47884e-08 -1.5921e-08
36650.7 1.71127e-09 -2.00173e-09
36652.7 1.56636e-08 1.48389e-08
36654.6 6.48955e-09 9.81316e-09
36656.6 -1.22452e-08 -9.64512e-09
36658.6 -1.28899e-08 -1.48761e-08
36660.6 5.48158e-09 1.79422e-09
36662.6 1.57417e-08 1.57962e-08
36664.5 2.76591e-09 6.52814e-09
36666.5 -1.42726e-08 -1.23321e-08
36668.5 -1.02335e-08 -1.30126e-08
36670.5 8.89653e-09 5.45875e-09
36672.5 1.48771e-08 1.5867e-08
36674.4 -1.09653e-09 2.90687e-09
36676.4 -1.54316e-08 -1.43114e-08
36678.4 -6.98377e-09 -1.04403e-08
36680.4 1.17551e-08 8.79055e-09
36682.4 1.3129e-08 1.50546e-08
36684.4 -4.86612e-09 -8.47989e-10
36686.3 -1.56598e-08 -1.54791e-08
36688.3 -3.33947e-09 -7.3066e-09
36690.3 1.38911e-08 1.16081e-08
36692.3 1.06086e-08 1.34105e-08
36694.3 -8.31873e-09 -4.52792e-09
36696.2 -1.49512e-08 -1.57769e-08
36698.2 4.78987e-10 -3.78895e-09
36700.2 1.5183e-08 1.37594e-08
36702.2 7.47229e-09 1.10316e-08
36704.2 -1.17408e-08 -8.55091e-09
36706.3 -1.25649e-08 -1.47634e-08
36708.3 6.27693e-09 2.08659e-09
36710.4 1.52816e-08 1.56649e-08
36712.4 3.62637e-10 4.76691e-09
36714.5 -1.5114e-08 -1.35686e-08
36716.5 -6.92584e-09 -1.0699e-08
36718.6 1.2096e-08 8.87896e-09
36720.6 1.2174e-08 1.45756e-08
36722.7 -6.80127e-09 -2.49728e-09
36724.7 -1.512e-08 -1.56587e-08
36726.8 2.29623e-10 -4.3544e-09
36728.8 1.52096e-08 1.37439e-08
36730.9 6.37645e-09 1.0364e-08
36732.9 -1.24303e-08 -9.20202e-09
36735 -1.17721e-08 -1.43837e-08
36737 7.3083e-09 2.90412e-09
36739.1 1.49389e-08 1.56459e-08
36741.1 -8.14142e-10 3.94207e-09
36743.2 -1.52834e-08 -1.39131e-08
36745.2 -5.82658e-09 -1.0027e-08
36747.3 1.27419e-08 9.51898e-09
36749.3 1.13587e-08 1.41863e-08
36751.4 -7.79882e-09 -3.30796e-09
36753.4 -1.47404e-08 -1.56269e-08
36755.5 1.38843e-09 -3.53067e-09
36757.5 1.53341e-08 1.40747e-08
36759.6 5.27568e-09 9.68682e-09
36761.6 -1.3032e-08 -9.83049e-09
36763.7 -1.09362e-08 -1.39839e-08
36765.7 8.27055e-09 3.70781e-09
36767.8 1.45235e-08 1.56002e-08
36769.8 -1.9532e-09 3.11915e-09
36771.9 -1.53635e-08 -1.42293e-08
36773.9 -4.72633e-09 -9.34402e-09
36776 1.3299e-08 1.01353e-08
36778 1.0504e-08 1.37751e-08
36780.1 -8.72453e-09 -4.10442e-09
36782.2 -1.42903e-08 -1.55661e-08
36784.2 2.50603e-09 -2.70826e-09
36786.3 1.53704e-08 1.43756e-08
36788.3 4.17795e-09 8.99744e-09
36790.4 -1.35441e-08 -1.04339e-08
36792.4 -1.00645e-08 -1.35602e-08
36794.5 9.15876e-09 4.49686e-09
36796.5 1.40402e-08 1.55235e-08
36798.6 -3.04757e-09 2.29718e-09
36800.6 -1.53563e-08 -1.45136e-08
36802.7 -3.63278e-09 -8.6475e-09
36804.7 1.37659e-08 1.07252e-08
36806.8 9.61708e-09 1.33381e-08
36808.8 -9.57405e-09 -4.88555e-09
36810.9 -1.37748e-08 -1.54723e-08
36812.9 3.57594e-09 -1.88647e-09
36815 1.53206e-08 1.46424e-08
36817 3.09061e-09 8.29339e-09
36819.1 -1.39655e-08 -1.10093e-08
36821.1 -9.16371e-09 -1.31089e-08
36823.2 9.9691e-09 5.2698e-09
36825.2 1.34941e-08 1.54115e-08
36827.3 -4.09133e-09 1.47574e-09
36829.3 -1.52644e-08 -1.47617e-08
36831.4 -2.55297e-09 -7.93522e-09
36833.4 1.41423e-08 1.12853e-08
36835.5 8.70455e-09 1.28718e-08
36837.5 -1.03442e-08 -5.64957e-09
36839.6 -1.31992e-08 -1.53408e-08
36841.6 4.5927e-09 -1.06521e-09
36843.7 1.51877e-08 1.48708e-08
36845.7 2.02027e-09 7.57269e-09
36847.8 -1.42966e-08 -1.1553e-08
36849.8 -8.24063e-09 -1.26265e-08
36851.9 1.11951e-08 6.6846e-09
36854.1 1.2093e-08 1.49499e-08
36856.2 -7.03258e-09 -1.5062e-09
36858.3 -1.45126e-08 -1.54794e-08
36860.4 2.03729e-09 -3.8582e-09
36862.5 1.52129e-08 1.415e-08
36864.7 3.19944e-09 8.7647e-09
36866.8 -1.411e-08 -1.11191e-08
36868.9 -8.05614e-09 -1.26228e-08
36871 1.13354e-08 6.74953e-09
36873.1 1.19578e-08 1.49685e-08
36875.3 -7.21701e-09 -1.56453e-09
36877.4 -1.44408e-08 -1.55179e-08
36879.5 2.24422e-09 -3.8131e-09
36881.6 1.52116e-08 1.42037e-08
36883.7 2.99415e-09 8.73805e-09
36885.9 -1.41778e-08 -1.11816e-08
36888 -7.87558e-09 -1.26174e-08
36890.1 1.14634e-08 6.81366e-09
36892.2 1.18221e-08 1.49848e-08
36894.4 -7.38941e-09 -1.62288e-09
36896.5 -1.43643e-08 -1.55537e-08
36898.6 2.44079e-09 -3.76699e-09
36900.7 1.5202e-08 1.42548e-08
36902.8 2.79623e-09 8.70928e-09
36905 -1.42348e-08 -1.1242e-08
36907.1 -7.69857e-09 -1.26089e-08
36909.2 1.15794e-08 6.87669e-09
36911.3 1.16857e-08 1.49973e-08
36913.4 -7.55015e-09 -1.68144e-09
36915.6 -1.4283e-08 -1.55855e-08
36917.7 2.62743e-09 -3.71925e-09
36919.8 1.51841e-08 1.43023e-08
36921.9 2.60521e-09 8.67742e-09
36924 -1.42812e-08 -1.12998e-08
36926.2 -7.52473e-09 -1.25962e-08
36928.3 1.16837e-08 6.93834e-09
36930.4 1.15483e-08 1.50048e-08
36932.5 -7.69973e-09 -1.74038e-09
36934.6 -1.41969e-08 -1.56122e-08
36936.8 2.80467e-09 -3.66928e-09
36938.9 1.51581e-08 1.43452e-08
36941 2.42061e-09 8.64152e-09
36943.1 -1.43173e-08 -1.13542e-08
36945.2 -7.35369e-09 -1.2578e-08
36947.4 1.17769e-08 6.99836e-09
36949.5 1.14097e-08 1.50061e-08
36951.6 -7.83872e-09 -1.79989e-09
36953.7 -1.4106e-08 -1.56327e-08
36955.8 2.97309e-09 -3.61649e-09
36958 1.51242e-08 1.43825e-08
36960.1 2.24193e-09 8.6007e-09
36962.2 -1.43436e-08 -1.14045e-08
36964.3 -7.1851e-09 -1.25534e-08
36966.4 1.18595e-08 7.05655e-09
36968.6 1.12698e-08 1.49999e-08
36970.7 -7.96776e-09 -1.86014e-09
36972.8 -1.40103e-08 -1.56457e-08
36974.9 3.13332e-09 -3.56033e-09
36977.1 1.50828e-08 1.44133e-08
36979.2 2.06865e-09 8.55412e-09
36981.3 -1.43606e-08 -1.14503e-08
36983.4 -7.01861e-09 -1.25212e-08
36985.6 1.2399e-08 7.8287e-09
36987.8 1.00314e-08 1.44484e-08
36990 -9.9701e-09 -4.3064e-09
36992.2 -1.24559e-08 -1.55165e-08
36994.4 6.95131e-09 5.19266e-10
36996.6 1.41488e-08 1.56597e-08
36998.8 -3.51988e-09 3.30674e-09
37001 -1.50093e-08 -1.48678e-08
37003.2 -1.22207e-10 -6.94296e-09
37005.4 1.49858e-08 1.3186e-08
37007.6 3.76021e-09 1.01715e-08
37009.8 -1.40788e-08 -1.07136e-08
37012 -7.17972e-09 -1.27986e-08
37014.2 1.23409e-08 7.59657e-09
37016.4 1.01785e-08 1.46661e-08
37018.6 -9.87417e-09 -4.02052e-09
37020.8 -1.25795e-08 -1.56611e-08
37023 6.82304e-09 1.98078e-10
37025.2 1.42402e-08 1.57226e-08
37027.4 -3.36768e-09 3.64222e-09
37029.6 -1.50626e-08 -1.48457e-08
37031.8 -2.88984e-10 -7.27135e-09
37034 1.49967e-08 1.30809e-08
37036.2 3.93054e-09 1.04716e-08
37038.4 -1.40466e-08 -1.05331e-08
37040.6 -7.3429e-09 -1.30516e-08
37042.8 1.2267e-08 7.35281e-09
37045 1.03236e-08 1.4856e-08
37047.2 -9.76319e-09 -3.72991e-09
37049.4 -1.26973e-08 -1.57764e-08
37051.6 6.6816e-09 -1.20338e-10
37053.8 1.43227e-08 1.57564e-08
37056 -3.20485e-09 3.96751e-09
37058.2 -1.51044e-08 -1.47967e-08
37060.4 -4.63161e-10 -7.58251e-09
37062.6 1.49946e-08 1.2953e-08
37064.7 4.10484e-09 1.07485e-08
37066.9 -1.40007e-08 -1.03354e-08
37069.1 -7.50637e-09 -1.32768e-08
37071.3 1.21797e-08 7.09884e-09
37073.5 1.04657e-08 1.50151e-08
37075.7 -9.63996e-09 -3.43675e-09
37077.9 -1.2809e-08 -1.58599e-08
37080.1 6.5299e-09 -4.33217e-10
37082.3 1.43967e-08 1.57595e-08
37084.5 -3.03416e-09 4.27947e-09
37086.7 -1.51358e-08 -1.47201e-08
37088.9 -6.4223e-10 -7.87317e-09
37091.1 1.49814e-08 1.28025e-08
37093.3 4.28109e-09 1.0999e-08
37095.5 -1.39435e-08 -1.01215e-08
37097.7 -7.66875e-09 -1.34711e-08
37099.9 1.20818e-08 6.83633e-09
37102.1 1.0604e-08 1.51411e-08
37104.3 -9.50738e-09 -3.14332e-09
37106.5 -1.29146e-08 -1.59099e-08
37108.7 6.37085e-09 -7.37866e-10
37110.9 1.4463e-08 1.5731e-08
37113.1 -2.85832e-09 4.5752e-09
37115.3 -1.51586e-08 -1.46156e-08
37117.5 -8.23894e-10 -8.14041e-09
37119.7 1.49592e-08 1.26299e-08
37121.9 4.45755e-09 1.12205e-08
37124.1 -1.38775e-08 -9.89272e-09
37126.3 -7.82897e-09 -1.36324e-08
37128.5 1.19763e-08 6.56715e-09
37130.7 1.07384e-08 1.52322e-08
37132.9 -9.36848e-09 -2.85193e-09
37135.1 -1.30147e-08 -1.59253e-08
37137.3 6.20732e-09 -1.03172e-09
37139.5 1.45229e-08 1.56704e-08
37141.7 -2.6799e-09 4.85205e-09
37143.9 -1.51745e-08 -1.44837e-08
37146.1 -1.0061e-09 -8.38175e-09
37148.3 1.49304e-08 1.24361e-08
37150.5 4.63275e-09 1.14106e-08
37152.7 -1.38056e-08 -9.65054e-09
37154.9 -7.98635e-09 -1.37589e-08
37157.1 1.1866e-08 6.29332e-09
37159.3 1.08688e-08 1.52872e-08
37161.5 -9.22624e-09 -2.56491e-09
37163.7 -1.311e-08 -1.59055e-08
37165.9 6.04205e-09 -1.31237e-09
37168.1 1.45779e-08 1.55779e-08
37170.3 -2.50127e-09 5.10765e-09
37172.5 -1.51857e-08 -1.4325e-08
37174.7 -1.18708e-09 -8.59509e-09
37176.9 1.48977e-08 1.22227e-08
37179.1 4.80561e-09 1.15678e-08
37181.3 -1.37308e-08 -9.39686e-09
37183.5 -8.14058e-09 -1.38494e-08
37185.7 1.1754e-08 6.01697e-09
37187.9 1.09956e-08 1.53056e-08
37190 -9.08357e-09 -2.28456e-09
37192.2 -1.32019e-08 -1.58507e-08
37194.4 5.87759e-09 -1.57756e-09
37196.6 1.46299e-08 1.54542e-08
37198.8 -2.32453e-09 5.33996e-09
37201 -1.51947e-08 -1.4141e-08
37203.2 -1.36543e-09 -8.77878e-09
37205.4 1.48638e-08 1.19913e-08
37207.6 4.97539e-09 1.16908e-08
37209.8 -1.36559e-08 -9.13381e-09
37212 -8.29173e-09 -1.39034e-08
37214.2 1.16431e-08 5.7404e-09
37216.4 1.11198e-08 1.52874e-08
37218.6 -8.94317e-09 -2.01317e-09
37220.8 -1.32919e-08 -1.57616e-08
37223 5.71617e-09 -1.82524e-09
37225.2 1.46809e-08 1.53007e-08
37227.4 -2.15139e-09 5.54727e-09
37229.6 -1.52041e-08 -1.39335e-08
37231.8 -1.5401e-09 -8.93166e-09
37234 1.48314e-08 1.17441e-08
37236.2 5.14173e-09 1.1779e-08
37238.4 -1.35839e-08 -8.86381e-09
37240.6 -8.44022e-09 -1.39211e-08
37242.8 1.15361e-08 5.46597e-09
37245 1.12422e-08 1.52334e-08
37247.2 -8.80742e-09 -1.75293e-09
37249.4 -1.33815e-08 -1.56398e-08
37251.6 5.55972e-09 -2.05363e-09
37253.8 1.47331e-08 1.51193e-08
37256 -1.98321e-09 5.72834e-09
37258.2 -1.52162e-08 -1.37049e-08
37260.4 -1.71041e-09 -9.05316e-09
37262.6 1.48032e-08 1.14838e-08
37264.8 5.30461e-09 1.18327e-08
37267 -1.35174e-08 -8.58944e-09
37269.2 -8.58669e-09 -1.39034e-08
37271.4 1.14353e-08 5.19606e-09
37273.6 1.13642e-08 1.51454e-08
37275.8 -8.67838e-09 -1.50579e-09
37278 -1.34727e-08 -1.54874e-08
37280.2 5.40979e-09 -2.26136e-09
37282.4 1.47886e-08 1.49127e-08
37284.6 -1.82102e-09 5.88251e-09
37286.8 -1.52334e-08 -1.34581e-08
37289 -1.87597e-09 -9.14341e-09
37291.2 1.47816e-08 1.12132e-08
37293.4 5.46425e-09 1.18527e-08
37295.6 -1.34586e-08 -8.31337e-09
37297.8 -8.73195e-09 -1.38519e-08
37300 1.13428e-08 4.93291e-09
37302.2 1.14872e-08 1.50256e-08
37304.4 -8.55776e-09 -1.27337e-09
37306.6 -1.35671e-08 -1.53073e-08
37308.8 5.26767e-09 -2.44757e-09
37311 1.48494e-08 1.46841e-08
37313.2 -1.66553e-09 6.00982e-09
37315.3 -1.5258e-08 -1.31963e-08
37317.5 -2.03657e-09 -9.20335e-09
37319.7 1.47687e-08 1.09354e-08
37321.9 5.62104e-09 1.1841e-08
37324.1 -1.34096e-08 -8.03819e-09
37326.3 -8.87686e-09 -1.37693e-08
37328.5 1.12604e-08 4.67847e-09
37330.7 1.16123e-08 1.48772e-08
37332.9 -8.44702e-09 -1.05677e-09
37335.1 -1.36663e-08 -1.5103e-08
37337.3 5.1344e-09 -2.61208e-09
37339.5 1.49175e-08 1.4437e-08
37341.7 -1.51726e-09 6.11107e-09
37343.9 -1.52919e-08 -1.29229e-08
37346.1 -2.19217e-09 -9.23468e-09
37348.3 1.47666e-08 1.06534e-08
37350.5 5.77549e-09 1.18e-08
37352.7 -1.33723e-08 -7.76621e-09
37354.9 -9.02235e-09 -1.36586e-08
37357.1 1.11899e-08 4.43427e-09
37359.3 1.17411e-08 1.47038e-08
37361.5 -8.34737e-09 -8.5651e-10
37363.7 -1.37721e-08 -1.48782e-08
37365.9 5.01082e-09 -2.75535e-09
37368.1 1.49947e-08 1.41753e-08
37370.3 -1.37652e-09 6.18778e-09
37372.5 -1.53369e-08 -1.26412e-08
37374.7 -2.34291e-09 -9.23983e-09
37376.9 1.47773e-08 1.03699e-08
37379.1 5.92825e-09 1.1733e-08
37381.3 -1.33483e-08 -7.49944e-09
37383.5 -9.16946e-09 -1.35238e-08
37385.7 1.11325e-08 4.20133e-09
37387.9 1.18749e-08 1.45097e-08
37390.1 -8.25982e-09 -6.72542e-10
37392.3 -1.3886e-08 -1.46372e-08
37394.5 4.89753e-09 -2.87852e-09
37396.7 1.50828e-08 1.39028e-08
37398.9 -1.24341e-09 6.24214e-09
37401.1 -1.5395e-08 -1.23547e-08
37403.3 -2.48915e-09 -9.22186e-09
37405.5 1.48023e-08 1.00877e-08
37407.7 6.08014e-09 1.16438e-08
37409.9 -1.33391e-08 -7.23949e-09
37412.1 -9.31939e-09 -1.3369e-08
37414.3 1.10894e-08 3.9802e-09
37416.5 1.20153e-08 1.42991e-08
37418.7 -8.18508e-09 -5.04244e-10
37420.9 -1.40097e-08 -1.43843e-08
37423.1 4.79479e-09 -2.98332e-09
37425.3 1.51837e-08 1.36235e-08
37427.5 -1.1177e-09 6.27689e-09
37429.7 -1.54678e-08 -1.20666e-08
37431.9 -2.63157e-09 -9.1844e-09
37434.1 1.48432e-08 9.80899e-09
37436.3 6.23227e-09 1.15366e-08
37438.5 -1.33459e-08 -6.9876e-09
37440.6 -9.47356e-09 -1.31989e-08
37442.8 1.10615e-08 3.77091e-09
37445 1.21639e-08 1.40769e-08
37447.2 -8.12349e-09 -3.50463e-10
37449.4 -1.41451e-08 -1.41238e-08
37451.6 4.70243e-09 -3.07206e-09
37453.8 1.52989e-08 1.33412e-08
37456 -9.98762e-10 6.29537e-09
37458.2 -1.55567e-08 -1.17799e-08
37460.4 -2.77122e-09 -9.13159e-09
37462.6 1.49012e-08 9.53576e-09
37464.8 6.38601e-09 1.14162e-08
37467 -1.33694e-08 -6.74454e-09
37469.2 -9.63358e-09 -1.30183e-08
37471.4 1.1049e-08 3.57298e-09
37473.6 1.23223e-08 1.38477e-08
37475.8 -8.07488e-09 -2.09453e-10
37478 -1.42936e-08 -1.38602e-08
37480.2 4.6198e-09 -3.14768e-09
37482.4 1.54299e-08 1.30595e-08
37484.6 -8.85554e-10 6.30147e-09
37486.8 -1.5663e-08 -1.14973e-08
37489 -2.90953e-09 -9.06808e-09
37491.2 1.4977e-08 9.26953e-09
37493.4 6.54294e-09 1.12875e-08
37495.6 -1.34099e-08 -6.51056e-09
37497.8 -9.80114e-09 -1.28325e-08
37500 1.10517e-08 3.38526e-09
37502.2 1.24922e-08 1.36166e-08
37504.4 -8.03856e-09 -7.88251e-11
37506.6 -1.44567e-08 -1.35977e-08
37508.8 4.54574e-09 -3.21371e-09
37511 1.55778e-08 1.27819e-08
37513.2 -7.76625e-10 6.29963e-09
37515.4 -1.57873e-08 -1.12211e-08
37517.6 -3.04815e-09 -8.99895e-09
37519.8 1.50707e-08 9.01126e-09
37522 6.70478e-09 1.11559e-08
37524.2 -1.34672e-08 -6.28522e-09
37526.4 -9.97791e-09 -1.26468e-08
37528.6 1.10687e-08 3.20595e-09
37530.8 1.2675e-08 1.33882e-08
37533 -8.01329e-09 4.45056e-11
37535.2 -1.46356e-08 -1.33406e-08
37537.4 4.47869e-09 -3.27433e-09
37539.6 1.57432e-08 1.25113e-08
37541.8 -6.70229e-10 6.29477e-09
37544 -1.59297e-08 -1.09529e-08
37546.2 -3.18893e-09 -8.92956e-09
37548.4 1.51819e-08 8.76114e-09
37550.6 6.87323e-09 1.10268e-08
37552.8 -1.35402e-08 -6.0673e-09
37555 -1.01654e-08 -1.24661e-08
37557.2 1.10987e-08 3.03244e-09
37559.4 1.28717e-08 1.31671e-08
37561.6 -7.9974e-09 1.6428e-10
37563.8 -1.48308e-08 -1.3092e-08
37565.9 4.41673e-09 -3.33418e-09
37568.1 1.59261e-08 1.22499e-08
37570.3 -5.64433e-10 6.29213e-09
37572.5 -1.60897e-08 -1.06936e-08
37574.7 -3.3337e-09 -8.86538e-09
37576.9 1.53096e-08 8.51852e-09
37579.1 7.04987e-09 1.09056e-08
37581.3 -1.36276e-08 -5.85476e-09
37583.5 -1.03647e-08 -1.22953e-08
37585.7 1.11399e-08 2.86143e-09
37587.9 1.3083e-08 1.29569e-08
37590.1 -7.98887e-09 2.84793e-10
37592.3 -1.50425e-08 -1.28547e-08
37594.5 4.35777e-09 -3.39826e-09
37596.7 1.61261e-08 1.1999e-08
37598.9 -4.57224e-10 6.29699e-09
37601.1 -1.62665e-08 -1.0443e-08
37603.3 -3.48423e-09 -8.8116e-09
37605.5 1.54523e-08 8.28184e-09
37607.7 7.23607e-09 1.07968e-08
37609.9 -1.37274e-08 -5.64477e-09
37612.1 -1.05768e-08 -1.21383e-08
37614.3 1.119e-08 2.68908e-09
37616.5 1.33093e-08 1.27607e-08
37618.7 -7.98539e-09 4.10651e-10
37620.9 -1.52704e-08 -1.26304e-08
37623.1 4.29957e-09 -3.47155e-09
37625.3 1.63424e-08 1.17587e-08
37627.5 -3.46586e-10 6.31435e-09
37629.7 -1.64584e-08 -1.01999e-08
37631.9 -3.64217e-09 -8.77286e-09
37634.1 1.56081e-08 8.04873e-09
37636.3 7.43298e-09 1.07045e-08
37638.5 -1.38374e-08 -5.43393e-09
37640.7 -1.08022e-08 -1.1998e-08
37642.9 1.12467e-08 2.51121e-09
37645.1 1.35505e-08 1.25801e-08
37647.3 -7.98449e-09 5.46445e-10
37649.5 -1.55137e-08 -1.24193e-08
37651.7 4.23984e-09 -3.55869e-09
37653.9 1.65734e-08 1.15284e-08
37656.1 -2.30557e-10 6.34857e-09
37658.3 -1.66635e-08 -9.96242e-09
37660.5 -3.80896e-09 -8.7529e-09
37662.7 1.57746e-08 7.81626e-09
37664.9 7.64146e-09 1.06316e-08
37667.1 -1.39549e-08 -5.21853e-09
37669.3 -1.1041e-08 -1.18762e-08
37671.5 1.13072e-08 2.32374e-09
37673.7 1.38059e-08 1.24158e-08
37675.9 -7.98358e-09 6.96381e-10
37678.1 -1.57711e-08 -1.22211e-08
37680.3 4.17629e-09 -3.66363e-09
37682.5 1.68173e-08 1.13063e-08
37684.7 -1.07271e-10 6.4031e-09
37686.9 -1.68795e-08 -9.72795e-09
37689.1 -3.98583e-09 -8.75433e-09
37691.2 1.59491e-08 7.58121e-09
37693.4 7.8621e-09 1.05797e-08
37695.6 -1.4077e-08 -4.99495e-09
37697.8 -1.12931e-08 -1.17736e-08
37700 1.13686e-08 2.12294e-09
37702.2 1.40748e-08 1.22673e-08
37704.4 -7.97996e-09 8.63987e-10
37706.6 -1.6041e-08 -1.20343e-08
37708.8 4.10669e-09 -3.7894e-09
37711 1.7072e-08 1.10903e-08
37713.2 2.49791e-11 6.48028e-09
37715.4 -1.71035e-08 -9.49368e-09
37717.6 -4.17378e-09 -8.77865e-09
37719.8 1.61286e-08 7.3404e-09
37722 8.09514e-09 1.05494e-08
37724.2 -1.42007e-08 -4.7599e-09
37726.4 -1.15579e-08 -1.16897e-08
37728.6 1.14281e-08 1.90574e-09
37730.8 1.43557e-08 1.21335e-08
37733 -7.97097e-09 1.05192e-09
37735.2 -1.63213e-08 -1.18569e-08
37737.4 4.02887e-09 -3.93803e-09
37739.6 1.73348e-08 1.08779e-08
37741.8 1.67717e-10 6.58137e-09
37744 -1.73327e-08 -9.25674e-09
37746.2 -4.37356e-09 -8.82627e-09
37748.4 1.63099e-08 7.09091e-09
37750.6 8.34048e-09 1.05403e-08
37752.8 -1.43225e-08 -4.51066e-09
37755 -1.18344e-08 -1.16234e-08
37757.2 1.14826e-08 1.66983e-09
37759.4 1.46469e-08 1.20125e-08
37761.6 -7.95395e-09 1.26193e-09
37763.8 -1.66096e-08 -1.16866e-08
37766 3.9408e-09 -4.11054e-09
37768.2 1.76027e-08 1.06664e-08
37770.4 3.22212e-10 6.7066e-09
37772.6 -1.75636e-08 -9.01446e-09
37774.8 -4.58556e-09 -8.89662e-09
37777 1.64894e-08 6.83024e-09
37779.2 8.59763e-09 1.0551e-08
37781.4 -1.44392e-08 -4.24511e-09
37783.6 -1.21213e-08 -1.15726e-08
37785.8 1.15289e-08 1.41363e-09
37788 1.49462e-08 1.19018e-08
37790.2 -7.92639e-09 1.49485e-09
37792.4 -1.69031e-08 -1.15206e-08
37794.6 3.84067e-09 -4.30702e-09
37796.8 1.78723e-08 1.04531e-08
37799 4.89392e-10 6.8553e-09
37801.2 -1.77925e-08 -8.76439e-09
37803.4 -4.80981e-09 -8.9883e-09
37805.6 1.66635e-08 6.55634e-09
37807.8 8.86565e-09 1.05795e-08
37810 -1.45473e-08 -3.96179e-09
37812.2 -1.24166e-08 -1.1535e-08
37814.4 1.15641e-08 1.13639e-09
37816.5 1.5251e-08 1.17988e-08
37818.7 -7.88602e-09 1.75067e-09
37820.9 -1.71984e-08 -1.13564e-08
37823.1 3.72701e-09 -4.52666e-09
37825.3 1.814e-08 1.02355e-08
37827.5 6.69779e-10 7.02586e-09
37829.7 -1.80158e-08 -8.50437e-09
37831.9 -5.04586e-09 -9.0991e-09
37834.1 1.68286e-08 6.26763e-09
37836.3 9.14308e-09 1.06231e-08
37838.5 -1.46435e-08 -3.65988e-09
37840.7 -1.27182e-08 -1.15075e-08
37842.9 1.15854e-08 8.38107e-10
37845.1 1.55583e-08 1.17003e-08
37847.3 -7.83087e-09 2.02848e-09
37849.5 -1.74921e-08 -1.11909e-08
37851.7 3.59877e-09 -4.76774e-09
37853.9 1.8402e-08 1.00112e-08
37856.1 8.6339e-10 7.21582e-09
37858.3 -1.82296e-08 -8.2326e-09
37860.5 -5.29275e-09 -9.22598e-09
37862.7 1.69809e-08 5.9631e-09
37864.9 9.42803e-09 1.06785e-08
37867.1 -1.47247e-08 -3.33932e-09
37869.3 -1.30233e-08 -1.14866e-08
37871.5 1.15906e-08 5.19684e-10
37873.7 1.58646e-08 1.1603e-08
37875.9 -7.75947e-09 2.32643e-09
37878.1 -1.77804e-08 -1.10214e-08
37880.3 3.45544e-09 -5.02756e-09
37882.5 1.86544e-08 9.77782e-09
37884.7 1.06971e-09 7.4218e-09
37886.9 -1.84302e-08 -7.94777e-09
37889.1 -5.54898e-09 -9.36515e-09
37891.3 1.71172e-08 5.64245e-09
37893.5 9.71808e-09 1.07416e-08
37895.7 -1.47883e-08 -3.00091e-09
37897.9 -1.33289e-08 -1.14686e-08
37900.1 1.15775e-08 1.83006e-10
37902.3 1.61665e-08 1.15036e-08
37904.5 -7.6709e-09 2.64165e-09
37906.7 -1.80596e-08 -1.0845e-08
37908.9 3.2971e-09 -5.30245e-09
37911.1 1.88933e-08 9.5337e-09
37913.3 1.28762e-09 7.63954e-09
37915.5 -1.8614e-08 -7.64922e-09
37917.7 -5.81252e-09 -9.51205e-09
37919.9 1.72345e-08 5.30629e-09
37922.1 1.00104e-08 1.08079e-08
37924.3 -1.48319e-08 -2.64648e-09
37926.5 -1.36315e-08 -1.14493e-08
37928.7 1.15451e-08 -1.68962e-10
37930.9 1.64601e-08 1.13987e-08
37933.1 -7.56488e-09 2.97017e-09
37935.3 -1.83257e-08 -1.06595e-08
37937.5 3.12449e-09 -5.58773e-09
37939.7 1.91153e-08 9.27774e-09
37941.8 1.51544e-09 7.864e-09
37944 -1.8778e-08 -7.33724e-09
37946.2 -6.08087e-09 -9.66164e-09
37948.4 1.73305e-08 4.95623e-09
37950.6 1.03019e-08 1.08728e-08
37952.8 -1.48543e-08 -2.27897e-09
37955 -1.39276e-08 -1.14248e-08
37957.2 1.14928e-08 -5.32131e-10
37959.4 1.67419e-08 1.12853e-08
37961.6 -7.44185e-09 3.30708e-09
37963.8 -1.85755e-08 -1.04634e-08
37966 2.939e-09 -5.87797e-09
37968.2 1.93172e-08 9.00976e-09
37970.4 1.75098e-09 8.08962e-09
37972.6 -1.89198e-08 -7.01316e-09
37974.8 -6.35118e-09 -9.80864e-09
37977 1.74034e-08 4.59511e-09
37979.2 1.05894e-08 1.09317e-08
37981.4 -1.48545e-08 -1.90247e-09
37983.6 -1.42138e-08 -1.13915e-08
37985.8 1.14208e-08 -9.01425e-10
37988 1.70085e-08 1.11613e-08
37990.2 -7.30294e-09 3.64667e-09
37992.4 -1.88058e-08 -1.02558e-08
37994.6 2.74259e-09 -6.16722e-09
37996.8 1.94967e-08 8.73076e-09
37999 1.99165e-09 8.3107e-09
38001.2 -1.90377e-08 -6.6795e-09
38003.4 -6.62042e-09 -9.94798e-09
38005.6 1.74526e-08 4.22682e-09
38007.8 1.08695e-08 1.09805e-08
38010 -1.48326e-08 -1.52198e-09
38012.2 -1.4487e-08 -1.13468e-08
38014.4 1.133e-08 -1.27106e-09
38016.6 1.72571e-08 1.10255e-08
38018.8 -7.14986e-09 3.98284e-09
38021 -1.90144e-08 -1.00373e-08
38023.2 2.53761e-09 -6.4495e-09
38025.4 1.96522e-08 8.44282e-09
38027.6 2.23471e-09 8.52182e-09
38029.8 -1.91308e-08 -6.33982e-09
38032 -6.88564e-09 -1.00752e-08
38034.2 1.74781e-08 3.85616e-09
38036.4 1.11396e-08 1.10161e-08
38038.6 -1.47897e-08 -1.14311e-09
38040.8 -1.47445e-08 -1.1289e-08
38043 1.1222e-08 -1.63499e-09
38045.2 1.74857e-08 1.0878e-08
38047.4 -6.98477e-09 4.30956e-09
38049.6 -1.91998e-08 -9.80951e-09
38051.8 2.32659e-09 -6.71919e-09
38054 1.9783e-08 8.14906e-09
38056.2 2.47749e-09 8.71821e-09
38058.4 -1.91993e-08 -5.99845e-09
38060.6 -7.14424e-09 -1.01867e-08
38062.8 1.74806e-08 3.48838e-09
38065 1.13971e-08 1.10364e-08
38067.1 -1.4727e-08 -7.71669e-10
38069.3 -1.49846e-08 -1.12174e-08
38071.5 1.1099e-08 -1.98727e-09
38073.7 1.7693e-08 1.07197e-08
38075.9 -6.80997e-09 4.62121e-09
38078.1 -1.93615e-08 -9.57486e-09
38080.3 2.11197e-09 -6.97141e-09
38082.5 1.98893e-08 7.85319e-09
38084.7 2.71764e-09 8.89606e-09
38086.9 -1.9244e-08 -5.6601e-09
38089.1 -7.39411e-09 -1.02799e-08
38091.3 1.74617e-08 3.12882e-09
38093.5 1.16406e-08 1.10402e-08
38095.7 -1.46465e-08 -4.13208e-10
38097.9 -1.5206e-08 -1.11325e-08
38100.1 1.09629e-08 -2.32255e-09
38102.3 1.78785e-08 1.05523e-08
38104.5 -6.62771e-09 4.91298e-09
38106.7 -1.94995e-08 -9.3364e-09
38108.9 1.89594e-09 -7.2022e-09
38111.1 1.99717e-08 7.55924e-09
38113.3 2.95322e-09 9.05249e-09
38115.5 -1.92662e-08 -5.32949e-09
38117.7 -7.63376e-09 -1.03533e-08
38119.9 1.74231e-08 2.7825e-09
38122.1 1.1869e-08 1.10273e-08
38124.3 -1.45501e-08 -7.27186e-11
38126.5 -1.54085e-08 -1.10353e-08
38128.7 1.08159e-08 -2.6362e-09
38130.9 1.80425e-08 1.03783e-08
38133.1 -6.44006e-09 5.18092e-09
38135.3 -1.96149e-08 -9.09734e-09
38137.5 1.68028e-09 -7.40853e-09
38139.7 2.00318e-08 7.27114e-09
38141.9 3.18282e-09 9.18557e-09
38144.1 -1.92676e-08 -5.01095e-09
38146.3 -7.86227e-09 -1.04061e-08
38148.5 1.73667e-08 2.45386e-09
38150.7 1.20819e-08 1.09981e-08
38152.9 -1.44401e-08 2.45533e-10
38155.1 -1.55922e-08 -1.09273e-08
38157.3 1.066e-08 -2.92445e-09
38159.5 1.81857e-08 1.01998e-08
38161.7 -6.2488e-09 5.42193e-09
38163.9 -1.97088e-08 -8.86081e-09
38166.1 1.4664e-09 -7.58819e-09
38168.3 2.00711e-08 6.9925e-09
38170.5 3.40546e-09 9.29404e-09
38172.7 -1.92503e-08 -4.70834e-09
38174.9 -8.07922e-09 -1.04381e-08
38177.1 1.72946e-08 2.14672e-09
38179.3 1.22794e-08 1.09532e-08
38181.5 -1.43184e-08 5.38003e-10
38183.7 -1.57578e-08 -1.08101e-08
38185.9 1.04971e-08 -3.18426e-09
38188.1 1.83093e-08 1.00193e-08
38190.3 -6.05547e-09 5.63361e-09
38192.4 -1.97828e-08 -8.62968e-09
38194.6 1.25541e-09 -7.73957e-09
38196.8 2.00914e-08 6.7265e-09
38199 3.62054e-09 9.37711e-09
38201.2 -1.92162e-08 -4.42498e-09
38203.4 -8.28458e-09 -1.04493e-08
38205.6 1.72088e-08 1.86429e-09
38207.8 1.24621e-08 1.08937e-08
38210 -1.4187e-08 8.01761e-10
38212.2 -1.59065e-08 -1.06853e-08
38214.4 1.03289e-08 -3.41314e-09
38216.6 1.84148e-08 9.83887e-09
38218.8 -5.86141e-09 5.81409e-09
38221 -1.98389e-08 -8.40655e-09
38223.2 1.04816e-09 -7.8615e-09
38225.4 2.00951e-08 6.47599e-09
38227.6 3.82774e-09 9.43436e-09
38229.8 -1.91677e-08 -4.16376e-09
38232 -8.4786e-09 -1.044e-08
38234.2 1.71117e-08 1.60933e-09
38236.4 1.26308e-08 1.08203e-08
38238.6 -1.40478e-08 1.03437e-09
38240.8 -1.60394e-08 -1.05545e-08
38243 1.0157e-08 -3.60914e-09
38245.2 1.85041e-08 9.66067e-09
38247.4 -5.66786e-09 5.96199e-09
38249.6 -1.98792e-08 -8.19385e-09
38251.8 8.45327e-10 -7.95323e-09
38254 2.00843e-08 6.24353e-09
38256.2 4.02698e-09 9.46571e-09
38258.4 -1.9107e-08 -3.92723e-09
38260.6 -8.66185e-09 -1.04108e-08
38262.8 1.70054e-08 1.38417e-09
38265 1.27867e-08 1.07345e-08
38267.2 -1.39031e-08 1.23383e-09
38269.4 -1.61585e-08 -1.04194e-08
38271.6 9.98303e-09 -3.77075e-09
38273.8 1.85792e-08 9.48676e-09
38276 -5.47593e-09 6.07636e-09
38278.2 -1.99062e-08 -7.99387e-09
38280.4 6.47404e-10 -8.01447e-09
38282.6 2.00618e-08 6.03149e-09
38284.8 4.21849e-09 9.47154e-09
38287 -1.90371e-08 -3.7176e-09
38289.2 -8.83524e-09 -1.03628e-08
38291.4 1.68926e-08 1.19075e-09
38293.6 1.29314e-08 1.06376e-08
38295.8 -1.37548e-08 1.39867e-09
38298 -1.62659e-08 -1.0282e-08
38300.2 9.8087e-09 -3.89704e-09
38302.4 1.86429e-08 9.3193e-09
38304.6 -5.28654e-09 6.15692e-09
38306.8 -1.99229e-08 -7.80882e-09
38309 4.5456e-10 -8.04556e-09
38311.2 2.00308e-08 5.84195e-09
38313.4 4.4029e-09 9.45278e-09
38315.6 -1.89607e-08 -3.53668e-09
38317.7 -9.00019e-09 -1.02974e-08
38319.9 1.67758e-08 1.03042e-09
38322.1 1.30669e-08 1.05316e-08
38324.3 -1.36052e-08 1.52808e-09
38326.5 -1.63642e-08 -1.01442e-08
38328.7 9.63536e-09 -3.98781e-09
38330.9 1.86984e-08 9.1604e-09
38333.1 -5.10026e-09 6.20412e-09
38335.3 -1.99325e-08 -7.64068e-09
38337.5 2.66498e-10 -8.04754e-09
38339.7 1.99944e-08 5.67658e-09
38341.9 4.5814e-09 9.41098e-09
38344.1 -1.88808e-08 -3.38564e-09
38346.3 -9.15869e-09 -1.02164e-08
38348.5 1.66576e-08 9.03813e-10
38350.7 1.31961e-08 1.04185e-08
38352.9 -1.34559e-08 1.62211e-09
38355.1 -1.64568e-08 -1.00082e-08
38357.3 9.46401e-09 -4.04375e-09
38359.5 1.8749e-08 9.01199e-09
38361.7 -4.91713e-09 6.21921e-09
38363.9 -1.99387e-08 -7.49097e-09
38366.1 8.23273e-11 -8.02214e-09
38368.3 1.9956e-08 5.5364e-09
38370.5 4.75582e-09 9.34823e-09
38372.7 -1.88005e-08 -3.26489e-09
38374.9 -9.31334e-09 -1.01221e-08
38377.1 1.65401e-08 8.1064e-10
38379.3 1.33221e-08 1.03005e-08
38381.5 -1.33084e-08 1.68169e-09
38383.7 -1.65471e-08 -9.8759e-09
38385.9 9.29506e-09 -4.06637e-09
38388.1 1.87987e-08 8.87553e-09
38390.3 -4.73656e-09 6.20423e-09
38392.5 -1.99451e-08 -7.3606e-09
38394.7 -9.95028e-11 -7.97169e-09
38396.9 1.99188e-08 5.42163e-09
38399.1 4.92857e-09 9.26695e-09
38401.3 -1.87221e-08 -3.17391e-09
38403.5 -9.46725e-09 -1.00168e-08
38405.7 1.64252e-08 7.49705e-10
38407.9 1.34486e-08 1.01796e-08
38410.1 -1.31634e-08 1.70865e-09
38412.3 -1.6639e-08 -9.74878e-09
38414.5 9.12826e-09 -4.05797e-09
38416.7 1.8851e-08 8.75189e-09
38418.9 -4.5573e-09 6.16174e-09
38421.1 -1.99549e-08 -7.24967e-09
38423.3 -2.81153e-10 -7.89882e-09
38425.5 1.98857e-08 5.33162e-09
38427.7 5.10254e-09 9.16964e-09
38429.9 -1.86478e-08 -3.11131e-09
38432.1 -9.62382e-09 -9.9026e-09
38434.3 1.63138e-08 7.18988e-10
38436.5 1.35791e-08 1.00574e-08
38438.7 -1.3021e-08 1.70549e-09
38440.8 -1.67362e-08 -9.62776e-09
38443 8.96269e-09 -4.02135e-09
38445.2 1.89094e-08 8.64119e-09
38447.4 -4.37755e-09 6.09462e-09
38449.6 -1.99711e-08 -7.15752e-09
38451.8 -4.65186e-10 -7.80626e-09
38454 1.98587e-08 5.26494e-09
38456.2 5.28085e-09 9.05866e-09
38458.4 -1.85788e-08 -3.07502e-09
38460.6 -9.78649e-09 -9.78138e-09
38462.8 1.62063e-08 7.15877e-10
38465 1.37172e-08 9.93498e-09
38467.2 -1.28806e-08 1.67512e-09
38469.4 -1.68419e-08 -9.51316e-09
38471.6 8.79692e-09 -3.95954e-09
38473.8 1.89767e-08 8.54293e-09
38476 -4.19512e-09 6.00577e-09
38478.2 -1.99959e-08 -7.08286e-09
38480.4 -6.54349e-10 -7.69661e-09
38482.6 1.98393e-08 5.21957e-09
38484.8 5.46657e-09 8.93605e-09
38487 -1.85157e-08 -3.06245e-09
38489.2 -9.95848e-09 -9.65452e-09
38491.4 1.61025e-08 7.37423e-10
38493.6 1.3866e-08 9.81298e-09
38495.8 -1.27412e-08 1.62068e-09
38498 -1.69589e-08 -9.40478e-09
38500.2 8.6292e-09 -3.87564e-09
38502.4 1.90553e-08 8.45609e-09
38504.6 -4.00776e-09 5.89802e-09
38506.8 -2.0031e-08 -7.02396e-09
38509 -8.51302e-10 -7.57226e-09
38511.2 1.98285e-08 5.19317e-09
38513.4 5.66252e-09 8.80361e-09
38515.6 -1.84587e-08 -3.07083e-09
38517.8 -1.01426e-08 -9.52307e-09
38520 1.60019e-08 7.80541e-10
38522.2 1.4028e-08 9.6917e-09
38524.4 -1.26017e-08 1.54531e-09
38526.6 -1.70895e-08 -9.30213e-09
38528.8 8.45775e-09 -3.77267e-09
38531 1.91467e-08 8.37943e-09
38533.2 -3.81328e-09 5.7741e-09
38535.4 -2.00775e-08 -6.97888e-09
38537.6 -1.05846e-09 -7.43544e-09
38539.8 1.98266e-08 5.18324e-09
38542 5.87116e-09 8.66297e-09
38544.2 -1.84077e-08 -3.09724e-09
38546.4 -1.03412e-08 -9.38798e-09
38548.6 1.59036e-08 8.421e-10
38550.8 1.42053e-08 9.57128e-09
38553 -1.24605e-08 1.45219e-09
38555.2 -1.72353e-08 -9.20461e-09
38557.4 8.28085e-09 -3.65368e-09
38559.6 1.92521e-08 8.31159e-09
38561.8 -3.60971e-09 5.63671e-09
38564 -2.0136e-08 -6.94562e-09
38566.1 -1.27793e-09 -7.28842e-09
38568.3 1.98338e-08 5.18722e-09
38570.5 6.0946e-09 8.51577e-09
38572.7 -1.83621e-08 -3.13872e-09
38574.9 -1.05562e-08 -9.25018e-09
38577.1 1.58067e-08 9.18873e-10
38579.3 1.43997e-08 9.4519e-09
38581.5 -1.23166e-08 1.34461e-09
38583.7 -1.73976e-08 -9.11157e-09
38585.9 8.0969e-09 -3.52184e-09
38588.1 1.93726e-08 8.25117e-09
38590.3 -3.39522e-09 5.48873e-09
38592.5 -2.02069e-08 -6.92206e-09
38594.7 -1.51161e-09 -7.13357e-09
38596.9 1.98501e-08 5.20239e-09
38599.1 6.33468e-09 8.36377e-09
38601.3 -1.83216e-08 -3.19209e-09
38603.5 -1.07893e-08 -9.11067e-09
38605.7 1.57102e-08 1.00741e-09
38607.9 1.46124e-08 9.33373e-09
38610.1 -1.21686e-08 1.22611e-09
38612.3 -1.75776e-08 -9.02235e-09
38614.5 7.90433e-09 -3.38057e-09
38616.7 1.95088e-08 8.19664e-09
38618.9 -3.1681e-09 5.33326e-09
38621.1 -2.02905e-08 -6.90589e-09
38623.3 -1.76125e-09 -6.97347e-09
38625.5 1.98751e-08 5.22578e-09
38627.7 6.59309e-09 8.20882e-09
38629.9 -1.82853e-08 -3.25386e-09
38632.1 -1.10421e-08 -8.97047e-09
38634.3 1.56132e-08 1.10391e-09
38636.5 1.48449e-08 9.21686e-09
38638.7 -1.20149e-08 1.10057e-09
38640.9 -1.7776e-08 -8.93604e-09
38643.1 7.70151e-09 -3.23357e-09
38645.3 1.96609e-08 8.14616e-09
38647.5 -2.9266e-09 5.17359e-09
38649.7 -2.03867e-08 -6.89439e-09
38651.9 -2.02857e-09 -6.81076e-09
38654.1 1.99084e-08 5.25396e-09
38656.3 6.8714e-09 8.05277e-09
38658.5 -1.82523e-08 -3.32009e-09
38660.7 -1.13157e-08 -8.83041e-09
38662.9 1.55142e-08 1.20419e-09
38665.1 1.50978e-08 9.10105e-09
38667.3 -1.18541e-08 9.72181e-10
38669.5 -1.79933e-08 -8.85133e-09
38671.7 7.48665e-09 -3.08473e-09
38673.9 1.98291e-08 8.0974e-09
38676.1 -2.66892e-09 5.01304e-09
38678.3 -2.04948e-08 -6.88436e-09
38680.5 -2.3152e-09 -6.64794e-09
38682.7 1.99488e-08 5.28305e-09
38684.9 7.17098e-09 7.89711e-09
38687.1 -1.82211e-08 -3.38647e-09
38689.3 -1.16111e-08 -8.69089e-09
38691.4 1.54114e-08 1.30381e-09
38693.6 1.53718e-08 8.98556e-09
38695.8 -1.16842e-08 8.45195e-10
38698 -1.82294e-08 -8.76633e-09
38700.2 7.25785e-09 -2.93782e-09
38702.4 2.00125e-08 8.04749e-09
38704.6 -2.39331e-09 4.85465e-09
38706.8 -2.06138e-08 -6.87212e-09
38709 -2.62257e-09 -6.48709e-09
38711.2 1.99947e-08 5.30883e-09
38713.4 7.4928e-09 7.74281e-09
38715.6 -1.81897e-08 -3.44853e-09
38717.8 -1.19288e-08 -8.55169e-09
38720 1.53028e-08 1.39837e-09
38722.2 1.56666e-08 8.869e-09
38724.4 -1.1503e-08 7.23654e-10
38726.6 -1.84834e-08 -8.67861e-09
38728.8 7.0132e-09 -2.79622e-09
38731 2.021e-08 7.99312e-09
38733.2 -2.09822e-09 4.7009e-09
38735.4 -2.07416e-08 -6.85369e-09
38737.6 -2.95174e-09 -6.32963e-09
38739.8 2.0044e-08 5.327e-09
38742 7.83731e-09 7.59016e-09
38744.2 -1.81558e-08 -3.50191e-09
38746.4 -1.22686e-08 -8.41192e-09
38748.6 1.5186e-08 1.48379e-09
38750.8 1.59814e-08 8.74942e-09
38753 -1.13085e-08 6.11079e-10
38755.2 -1.87539e-08 -8.5853e-09
38757.4 6.75098e-09 -2.66265e-09
38759.6 2.04192e-08 7.93072e-09
38761.8 -1.78252e-09 4.55355e-09
38764 -2.0876e-08 -6.82513e-09
38766.2 -3.30312e-09 -6.17624e-09
38768.4 2.0094e-08 5.33345e-09
38770.6 8.20415e-09 7.43873e-09
38772.8 -1.81167e-08 -3.5427e-09
38775 -1.26292e-08 -8.27015e-09
38777.2 1.50586e-08 1.55658e-09
38779.4 1.63142e-08 8.6245e-09
38781.6 -1.10987e-08 5.10268e-10
38783.8 -1.90384e-08 -8.48337e-09
38786 6.46997e-09 -2.53906e-09
38788.2 2.06375e-08 7.85682e-09
38790.4 -1.44575e-09 4.41358e-09
38792.6 -2.10138e-08 -6.78274e-09
38794.8 -3.67636e-09 -6.02691e-09
38797 2.01417e-08 5.32459e-09
38799.2 8.59212e-09 7.28755e-09
38801.4 -1.80699e-08 -3.56763e-09
38803.6 -1.30088e-08 -8.12457e-09
38805.8 1.49186e-08 1.61403e-09
38808 1.66624e-08 8.49172e-09
38810.2 -1.08723e-08 4.23206e-10
38812.4 -1.93338e-08 -8.36987e-09
38814.6 6.16952e-09 -2.42662e-09
38816.7 2.08616e-08 7.76821e-09
38818.9 -1.08819e-09 4.28126e-09
38821.1 -2.11518e-08 -6.72335e-09
38823.3 -4.07025e-09 -5.88108e-09
38825.5 2.01842e-08 5.29746e-09
38827.7 8.99916e-09 7.13529e-09
38829.9 -1.80128e-08 -3.57421e-09
38832.1 -1.34045e-08 -7.97322e-09
38834.3 1.47641e-08 1.65424e-09
38836.5 1.70229e-08 8.34869e-09
38838.7 -1.06284e-08 3.51083e-10
38840.9 -1.96367e-08 -8.24215e-09
38843.1 5.84979e-09 -2.32576e-09
38845.3 2.10878e-08 7.66219e-09
38847.5 -7.10985e-10 4.15629e-09
38849.7 -2.12868e-08 -6.64443e-09
38851.9 -4.48277e-09 -5.73777e-09
38854.1 2.02186e-08 5.24988e-09
38856.3 9.42249e-09 6.98042e-09
38858.5 -1.79435e-08 -3.56073e-09
38860.7 -1.38131e-08 -7.81416e-09
38862.9 1.45941e-08 1.67609e-09
38865.1 1.73918e-08 8.1932e-09
38867.3 -1.03669e-08 2.94393e-10
38869.5 -1.99432e-08 -8.09794e-09
38871.7 5.51165e-09 -2.23635e-09
38873.9 2.13128e-08 7.53662e-09
38876.1 -3.15966e-10 4.03796e-09
38878.3 -2.14157e-08 -6.54412e-09
38880.5 -4.91126e-09 -5.59577e-09
38882.7 2.02428e-08 5.18038e-09
38884.9 9.85876e-09 6.82132e-09
38887.1 -1.78605e-08 -3.52621e-09
38889.3 -1.42308e-08 -7.64556e-09
38891.5 1.4408e-08 1.67913e-09
38893.7 1.77654e-08 8.02336e-09
38895.9 -1.00882e-08 2.53003e-10
38898.1 -2.02496e-08 -7.93545e-09
38900.3 5.15663e-09 -2.15775e-09
38902.5 2.1533e-08 7.38995e-09
38904.7 9.44408e-11 3.92515e-09
38906.9 -2.15357e-08 -6.42121e-09
38909.1 -5.35253e-09 -5.45365e-09
38911.3 2.02546e-08 5.08818e-09
38913.5 1.03043e-08 6.65639e-09
38915.7 -1.77628e-08 -3.4704e-09
38917.9 -1.46536e-08 -7.46574e-09
38920.1 1.4206e-08 1.66363e-09
38922.3 1.81396e-08 7.83759e-09
38924.5 -9.79357e-09 2.26187e-10
38926.7 -2.05523e-08 -7.75333e-09
38928.9 4.78677e-09 -2.0888e-09
38931.1 2.17453e-08 7.22116e-09
38933.3 5.17362e-10 3.81644e-09
38935.5 -2.16444e-08 -6.27513e-09
38937.7 -5.8031e-09 -5.30978e-09
38939.9 2.02526e-08 4.97326e-09
38942 1.07552e-08 6.48395e-09
38944.2 -1.76498e-08 -3.39377e-09
38946.4 -1.50774e-08 -7.27317e-09
38948.6 1.39884e-08 1.63055e-09
38950.8 1.85105e-08 7.63463e-09
38953 -9.48445e-09 2.12572e-10
38955.2 -2.08477e-08 -7.55071e-09
38957.4 4.40453e-09 -2.02783e-09
38959.6 2.19468e-08 7.0299e-09
38961.8 9.49607e-10 3.70998e-09
38964 -2.17397e-08 -6.10609e-09
38966.2 -6.25922e-09 -5.16233e-09
38968.4 2.02357e-08 4.83639e-09
38970.6 1.12074e-08 6.30237e-09
38972.8 -1.75215e-08 -3.29762e-09
38975 -1.54983e-08 -7.06654e-09
38977.2 1.37564e-08 1.58164e-09
38979.4 1.88744e-08 7.41366e-09
38981.6 -9.1628e-09 2.10075e-10
38983.8 -2.11324e-08 -7.32737e-09
38986 4.01271e-09 -1.97261e-09
38988.2 2.2135e-08 6.81662e-09
38990.4 1.3877e-09 3.60358e-09
38992.6 -2.182e-08 -5.91521e-09
38994.8 -6.71697e-09 -5.00934e-09
38997 2.02031e-08 4.67929e-09
38999.2 1.16569e-08 6.11012e-09
39001.4 -1.73783e-08 -3.18421e-09
39003.6 -1.59122e-08 -6.84491e-09
39005.8 1.35113e-08 1.51953e-09
39008 1.92276e-08 7.17449e-09
39010.2 -8.83095e-09 2.15928e-10
39012.4 -2.14034e-08 -7.0839e-09
39014.6 3.61444e-09 -1.92042e-09
39016.8 2.23076e-08 6.58272e-09
39019 1.82795e-09 3.49484e-09
39021.2 -2.18839e-08 -5.70462e-09
39023.4 -7.17229e-09 -4.84892e-09
39025.6 2.01547e-08 4.50476e-09
39027.8 1.20995e-08 5.90604e-09
39030 -1.72209e-08 -3.05673e-09
39032.2 -1.63152e-08 -6.60801e-09
39034.4 1.32549e-08 1.44762e-09
39036.6 1.95665e-08 6.91777e-09
39038.8 -8.49158e-09 2.26803e-10
39041 -2.1658e-08 -6.82195e-09
39043.2 3.21314e-09 -1.86828e-09
39045.4 2.24627e-08 6.33073e-09
39047.6 2.26643e-09 3.38139e-09
39049.8 -2.19304e-08 -5.47761e-09
39052 -7.62105e-09 -4.67958e-09
39054.2 2.00905e-08 4.31658e-09
39056.4 1.25312e-08 5.68966e-09
39058.6 -1.70506e-08 -2.91924e-09
39060.8 -1.67035e-08 -6.35644e-09
39063 1.29895e-08 1.36989e-09
39065.2 1.98881e-08 6.64528e-09
39067.3 -8.14777e-09 2.39095e-10
39069.5 -2.18938e-08 -6.5443e-09
39071.7 2.81249e-09 -1.81328e-09
39073.9 2.25988e-08 6.06434e-09
39076.1 2.69913e-09 3.26128e-09
39078.3 -2.19594e-08 -5.23848e-09
39080.5 -8.05915e-09 -4.50047e-09
39082.7 2.00115e-08 4.11939e-09
39084.9 1.2948e-08 5.46138e-09
39087.1 -1.68691e-08 -2.77634e-09
39089.3 -1.70738e-08 -6.09194e-09
39091.5 1.27177e-08 1.29058e-09
39093.7 2.01898e-08 6.35991e-09
39095.9 -7.80289e-09 2.49294e-10
39098.1 -2.21089e-08 -6.25487e-09
39100.3 2.4163e-09 -1.75291e-09
39102.5 2.27154e-08 5.78819e-09
39104.7 3.12203e-09 3.13321e-09
39106.9 -2.19712e-08 -4.99231e-09
39109.1 -8.4827e-09 -4.31169e-09
39111.3 1.99189e-08 3.91832e-09
39113.5 1.33464e-08 5.22272e-09
39115.7 -1.66789e-08 -2.63283e-09
39117.9 -1.74231e-08 -5.8173e-09
39120.1 1.24425e-08 1.21378e-09
39122.3 2.04693e-08 6.06561e-09
39124.5 -7.46051e-09 2.54324e-10
39126.7 -2.23025e-08 -5.9585e-09
39128.9 2.0284e-09 -1.68538e-09
39131.1 2.28122e-08 5.50767e-09
39133.3 3.53135e-09 2.99684e-09
39135.5 -2.19666e-08 -4.74462e-09
39137.7 -8.88821e-09 -4.11437e-09
39139.9 1.98146e-08 3.71862e-09
39142.1 1.37235e-08 4.9762e-09
39144.3 -1.64825e-08 -2.49333e-09
39146.5 -1.77493e-08 -5.53632e-09
39148.7 1.21672e-08 1.14308e-09
39150.9 2.07255e-08 5.76717e-09
39153.1 -7.12417e-09 2.51843e-10
39155.3 -2.2474e-08 -5.66062e-09
39157.5 1.65235e-09 -1.60979e-09
39159.7 2.289e-08 5.22844e-09
39161.9 3.92372e-09 2.85277e-09
39164.1 -2.19474e-08 -4.50095e-09
39166.3 -9.27279e-09 -3.9106e-09
39168.5 1.97009e-08 3.52527e-09
39170.7 1.40772e-08 4.72523e-09
39172.9 -1.62828e-08 -2.36189e-09
39175.1 -1.8051e-08 -5.25351e-09
39177.3 1.18951e-08 1.08139e-09
39179.5 2.09578e-08 5.46982e-09
39181.7 -6.79718e-09 2.40343e-10
39183.9 -2.26241e-08 -5.36686e-09
39186.1 1.2913e-09 -1.52613e-09
39188.3 2.29501e-08 4.95614e-09
39190.5 4.29639e-09 2.70246e-09
39192.6 -2.19154e-08 -4.26652e-09
39194.8 -9.63432e-09 -3.70321e-09
39197 1.95805e-08 3.34272e-09
39199.2 1.44059e-08 4.4738e-09
39201.4 -1.60828e-08 -2.24194e-09
39203.6 -1.83276e-08 -4.97371e-09
39205.8 1.1629e-08 1.0308e-09
39208 2.11665e-08 5.17895e-09
39210.2 -6.48242e-09 2.19139e-10
39212.4 -2.27536e-08 -5.08275e-09
39214.6 9.47768e-10 -1.43516e-09
39216.8 2.29942e-08 4.69603e-09
39219 4.64739e-09 2.54804e-09
39221.2 -2.1873e-08 -4.04601e-09
39223.4 -9.97145e-09 -3.49551e-09
39225.6 1.94558e-08 3.17476e-09
39227.8 1.47091e-08 4.22619e-09
39230 -1.58851e-08 -2.13611e-09
39232.2 -1.85793e-08 -4.70184e-09
39234.4 1.13717e-08 9.92678e-10
39236.6 2.13526e-08 4.89977e-09
39238.8 -6.18219e-09 1.88224e-10
39241 -2.28642e-08 -4.81345e-09
39243.2 6.23597e-10 -1.33819e-09
39245.4 2.30242e-08 4.4529e-09
39247.6 4.97545e-09 2.39203e-09
39249.8 -2.18224e-08 -3.8435e-09
39252 -1.02836e-08 -3.29106e-09
39254.2 1.93294e-08 3.02453e-09
39256.4 1.49869e-08 3.98668e-09
39258.6 -1.56921e-08 -2.04639e-09
39260.8 -1.88069e-08 -4.44265e-09
39263 1.11252e-08 9.67764e-10
39265.2 2.15174e-08 4.63718e-09
39267.4 -5.89818e-09 1.48111e-10
39269.6 -2.29577e-08 -4.56366e-09
39271.8 3.1994e-10 -1.23694e-09
39274 2.30424e-08 4.23096e-09
39276.2 5.28006e-09 2.2372e-09
39278.4 -2.1766e-08 -3.66243e-09
39280.6 -1.0571e-08 -3.09346e-09
39282.8 1.92035e-08 2.89449e-09
39285 1.52401e-08 3.75948e-09
39287.2 -1.55058e-08 -1.97417e-09
39289.4 -1.90116e-08 -4.20064e-09
39291.6 1.08911e-08 9.56295e-10
39293.8 2.16625e-08 4.39566e-09
39296 -5.63149e-09 9.97205e-11
39298.2 -2.30361e-08 -4.33757e-09
39300.4 3.7319e-11 -1.13336e-09
39302.6 2.30509e-08 4.03383e-09
39304.8 5.56132e-09 2.08641e-09
39307 -2.17059e-08 -3.50567e-09
39309.2 -1.08341e-08 -2.90625e-09
39311.4 1.90799e-08 2.78658e-09
39313.6 1.54699e-08 3.54858e-09
39315.8 -1.53278e-08 -1.9203e-09
39317.9 -1.91953e-08 -3.97995e-09
39320.1 1.06706e-08 9.58052e-10
39322.3 2.17902e-08 4.17925e-09
39324.5 -5.38267e-09 4.42966e-11
39326.7 -2.31016e-08 -4.13884e-09
39328.9 -2.24337e-10 -1.02963e-09
39331.1 2.3052e-08 3.86457e-09
39333.3 5.81992e-09 1.94259e-09
39335.5 -2.1644e-08 -3.37546e-09
39337.7 -1.10744e-08 -2.73288e-09
39339.9 1.89605e-08 2.7021e-09
39342.1 1.56782e-08 3.35771e-09
39344.3 -1.51593e-08 -1.88511e-09
39346.5 -1.93599e-08 -3.78435e-09
39348.7 1.04642e-08 9.72375e-10
39350.9 2.19027e-08 3.99148e-09
39353.1 -5.1517e-09 -1.65832e-11
39355.3 -2.31566e-08 -3.97052e-09
39357.5 -4.65673e-10 -9.28087e-10
39359.7 2.30477e-08 3.72557e-09
39361.9 6.05712e-09 1.80867e-09
39364.1 -2.15824e-08 -3.27335e-09
39366.3 -1.12937e-08 -2.57666e-09
39368.5 1.88465e-08 2.64172e-09
39370.7 1.5867e-08 3.19029e-09
39372.9 -1.50011e-08 -1.86836e-09
39375.1 -1.9508e-08 -3.61711e-09
39377.3 1.02722e-08 9.98159e-10
39379.5 2.20024e-08 3.83527e-09
39381.7 -4.93803e-09 -8.1054e-11
39383.9 -2.32035e-08 -3.83496e-09
39386.1 -6.87956e-10 -8.31192e-10
39388.3 2.30403e-08 3.61846e-09
39390.5 6.27481e-09 1.68749e-09
39392.7 -2.15225e-08 -3.20018e-09
39394.9 -1.14942e-08 -2.44058e-09
39397.1 1.87391e-08 2.60543e-09
39399.3 1.60391e-08 3.04924e-09
39401.5 -1.48536e-08 -1.86921e-09
39403.7 -1.96425e-08 -3.48086e-09
39405.9 1.00941e-08 1.03387e-09
39408.1 2.20924e-08 3.71275e-09
39410.3 -4.74043e-09 -1.47021e-10
39412.5 -2.32448e-08 -3.73366e-09
39414.7 -8.93107e-10 -7.41405e-10
39416.9 2.30318e-08 3.54399e-09
39419.1 6.4755e-09 1.58167e-09
39421.3 -2.14659e-08 -3.15595e-09
39423.5 -1.16789e-08 -2.32719e-09
39425.7 1.86388e-08 2.5925e-09
39427.9 1.61977e-08 2.93684e-09
39430.1 -1.47164e-08 -1.88631e-09
39432.3 -1.97664e-08 -3.37741e-09
39434.5 9.92875e-09 1.07764e-09
39436.7 2.21753e-08 3.62514e-09
39438.9 -4.55698e-09 -2.12322e-10
39441.1 -2.32829e-08 -3.66717e-09
39443.2 -1.08373e-09 -6.61002e-10
39445.4 2.3024e-08 3.50205e-09
39447.6 6.66231e-09 1.49338e-09
39449.8 -2.14135e-08 -3.13987e-09
39452 -1.18513e-08 -2.23838e-09
39454.2 1.85457e-08 2.60159e-09
39456.4 1.63462e-08 2.85452e-09
39458.6 -1.45886e-08 -1.9179e-09
39460.8 -1.9883e-08 -3.30764e-09
39463 9.77433e-09 1.1275e-09
39465.2 2.22541e-08 3.57269e-09
39467.4 -4.38507e-09 -2.74932e-10
39469.6 -2.332e-08 -3.6351e-09
39471.8 -1.26307e-09 -5.91847e-10
39474 2.30181e-08 3.49163e-09
39476.2 6.83886e-09 1.42415e-09
39478.4 -2.13655e-08 -3.15048e-09
39480.6 -1.20152e-08 -2.17519e-09
39482.8 1.8459e-08 2.6309e-09
39485 1.64883e-08 2.80274e-09
39487.2 -1.44687e-08 -1.96206e-09
39489.4 -1.99956e-08 -3.27139e-09
39491.6 9.62829e-09 1.18156e-09
39493.8 2.23313e-08 3.55461e-09
39496 -4.22144e-09 -3.33212e-10
39498.2 -2.33578e-08 -3.63613e-09
39500.4 -1.43488e-09 -5.35182e-10
39502.6 2.30148e-08 3.51103e-09
39504.8 7.00914e-09 1.37469e-09
39507 -2.13216e-08 -3.18583e-09
39509.2 -1.21743e-08 -2.13772e-09
39511.4 1.83774e-08 2.67844e-09
39513.6 1.66275e-08 2.78096e-09
39515.8 -1.43541e-08 -2.01692e-09
39518 -2.01071e-08 -3.26752e-09
39520.2 9.48747e-09 1.23828e-09
39522.4 2.2409e-08 3.56928e-09
39524.6 -4.06235e-09 -3.86104e-10
39526.8 -2.33975e-08 -3.66829e-09
39529 -1.6032e-09 -4.9147e-10
39531.2 2.30142e-08 3.55807e-09
39533.4 7.1772e-09 1.34479e-09
39535.6 -2.12809e-08 -3.24377e-09
39537.8 -1.23326e-08 -2.12512e-09
39540 1.82988e-08 2.74225e-09
39542.2 1.67671e-08 2.78773e-09
39544.4 -1.42421e-08 -2.08094e-09
39546.6 -2.022e-08 -3.29409e-09
39548.8 9.3483e-09 1.29664e-09
39551 2.24887e-08 3.61442e-09
39553.2 -3.90383e-09 -4.33249e-10
39555.4 -2.34394e-08 -3.72915e-09
39557.6 -1.77215e-09 -4.60375e-10
39559.8 2.30157e-08 3.63039e-09
39562 7.34698e-09 1.33344e-09
39564.2 -2.12416e-08 -3.32217e-09
39566.4 -1.24935e-08 -2.13575e-09
39568.5 1.82207e-08 2.82065e-09
39570.7 1.69098e-08 2.8209e-09
39572.9 -1.41293e-08 -2.15299e-09
39575.1 -2.03363e-08 -3.34861e-09
39577.3 9.20698e-09 1.35623e-09
39579.5 2.25714e-08 3.68738e-09
39581.7 -3.74186e-09 -4.74959e-10
39583.9 -2.34834e-08 -3.8161e-09
39586.1 -1.94567e-09 -4.40859e-10
39588.3 2.30181e-08 3.72562e-09
39590.5 7.52211e-09 1.33893e-09
39592.7 -2.12017e-08 -3.41911e-09
39594.9 -1.26601e-08 -2.16735e-09
39597.1 1.81402e-08 2.91231e-09
39599.3 1.7058e-08 2.87783e-09
39601.5 -1.40123e-08 -2.23247e-09
39603.7 -2.04572e-08 -3.42824e-09
39605.9 9.05975e-09 1.41718e-09
39608.1 2.26575e-08 3.78533e-09
39610.3 -3.57259e-09 -5.12114e-10
39612.5 -2.35291e-08 -3.92655e-09
39614.7 -2.12743e-09 -4.31345e-10
39616.9 2.30198e-08 3.84157e-09
39619.1 7.70582e-09 1.3591e-09
39621.3 -2.11588e-08 -3.53297e-09
39623.5 -1.2835e-08 -2.21732e-09
39625.7 1.80542e-08 3.01627e-09
39627.9 1.72135e-08 2.95565e-09
39630.1 -1.38876e-08 -2.31915e-09
39632.3 -2.05837e-08 -3.53007e-09
39634.5 8.90295e-09 1.48003e-09
39636.7 2.27469e-08 3.9055e-09
39638.9 -3.3924e-09 -5.45974e-10
39641.1 -2.35753e-08 -4.05801e-09
39643.3 -2.32074e-09 -4.29933e-10
39645.5 2.30192e-08 3.97626e-09
39647.7 7.90095e-09 1.39154e-09
39649.9 -2.11103e-08 -3.66236e-09
39652.1 -1.30203e-08 -2.28291e-09
39654.3 1.79598e-08 3.13185e-09
39656.5 1.73776e-08 3.05147e-09
39658.7 -1.37519e-08 -2.41308e-09
39660.9 -2.07163e-08 -3.65117e-09
39663.1 8.73313e-09 1.54555e-09
39665.3 2.28393e-08 4.04516e-09
39667.5 -3.19798e-09 -5.77992e-10
39669.7 -2.36209e-08 -4.20815e-09
39671.9 -2.52861e-09 -4.34591e-10
39674.1 2.30141e-08 4.12784e-09
39676.3 8.10997e-09 1.43378e-09
39678.5 -2.10537e-08 -3.80605e-09
39680.7 -1.32179e-08 -2.36134e-09
39682.9 1.78538e-08 3.25852e-09
39685.1 1.75514e-08 3.16236e-09
39687.3 -1.36018e-08 -2.51442e-09
39689.5 -2.08551e-08 -3.7887e-09
39691.7 8.54701e-09 1.61461e-09
39693.8 2.29338e-08 4.20168e-09
39696 -2.98625e-09 -6.09656e-10
39698.2 -2.36643e-08 -4.37467e-09
39700.4 -2.75368e-09 -4.4328e-10
39702.6 2.30025e-08 4.29454e-09
39704.8 8.33496e-09 1.48336e-09
39707 -2.09863e-08 -3.96285e-09
39709.2 -1.3429e-08 -2.44987e-09
39711.4 1.77334e-08 3.39572e-09
39713.6 1.77354e-08 3.28545e-09
39715.8 -1.34343e-08 -2.62333e-09
39718 -2.1e-08 -3.93982e-09
39720.2 8.34154e-09 1.68804e-09
39722.4 2.30296e-08 4.37243e-09
39724.6 -2.75442e-09 -6.42422e-10
39726.8 -2.37039e-08 -4.5553e-09
39729 -2.99827e-09 -4.53999e-10
39731.2 2.2982e-08 4.47452e-09
39733.4 8.57761e-09 1.53783e-09
39735.6 -2.09054e-08 -4.13151e-09
39737.8 -1.36547e-08 -2.54574e-09
39740 1.75954e-08 3.54287e-09
39742.2 1.79298e-08 3.41787e-09
39744.4 -1.32464e-08 -2.73988e-09
39746.6 -2.11502e-08 -4.10164e-09
39748.8 8.11386e-09 1.76659e-09
39751 2.31253e-08 4.55468e-09
39753.2 -2.50005e-09 -6.77703e-10
39755.4 -2.37377e-08 -4.74764e-09
39757.6 -3.26431e-09 -4.64766e-10
39759.8 2.29501e-08 4.66588e-09
39762 8.83916e-09 1.59476e-09
39764.2 -2.08081e-08 -4.31069e-09
39766.4 -1.38954e-08 -2.64619e-09
39768.6 1.7437e-08 3.69928e-09
39770.8 1.81342e-08 3.55665e-09
39773 -1.30351e-08 -2.8641e-09
39775.2 -2.13047e-08 -4.27122e-09
39777.4 7.86145e-09 1.85101e-09
39779.6 2.3219e-08 4.74565e-09
39781.8 -2.22109e-09 -7.16908e-10
39784 -2.37632e-08 -4.94922e-09
39786.2 -3.55314e-09 -4.73561e-10
39788.4 2.2904e-08 4.8666e-09
39790.6 9.12019e-09 1.65161e-09
39792.8 -2.06915e-08 -4.49899e-09
39795 -1.41509e-08 -2.74835e-09
39797.2 1.72553e-08 3.86423e-09
39799.4 1.83477e-08 3.69874e-09
39801.6 -1.2798e-08 -2.99601e-09
39803.8 -2.14618e-08 -4.44547e-09
39806 7.58226e-09 1.94205e-09
39808.2 2.33085e-08 4.94244e-09
39810.4 -1.91615e-09 -7.61515e-10
39812.6 -2.37778e-08 -5.15752e-09
39814.8 -3.86544e-09 -4.78295e-10
39817 2.2841e-08 5.07467e-09
39819.1 9.42058e-09 1.70582e-09
39821.3 -2.05528e-08 -4.69502e-09
39823.5 -1.44204e-08 -2.84929e-09
39825.7 1.70479e-08 4.03706e-09
39827.9 1.85686e-08 3.84104e-09
39830.1 -1.25329e-08 -3.13571e-09
39832.3 -2.16193e-08 -4.62135e-09
39834.5 7.27488e-09 2.04057e-09
39836.7 2.33912e-08 5.14219e-09
39838.9 -1.5846e-09 -8.13084e-10
39841.1 -2.37786e-08 -5.37005e-09
39843.3 -4.20101e-09 -4.76795e-10
39845.5 2.27582e-08 5.28815e-09
39847.7 9.7393e-09 1.75471e-09
39849.9 -2.03896e-08 -4.89749e-09
39852.1 -1.47019e-08 -2.94605e-09
39854.3 1.68126e-08 4.2172e-09
39856.5 1.87946e-08 3.98046e-09
39858.7 -1.22387e-08 -3.28342e-09
39860.9 -2.17743e-08 -4.79582e-09
39863.1 6.93877e-09 2.14754e-09
39865.3 2.3464e-08 5.34215e-09
39867.5 -1.22673e-09 -8.73254e-10
39869.7 -2.3763e-08 -5.58449e-09
39871.9 -4.55872e-09 -4.66863e-10
39874.1 2.26531e-08 5.50526e-09
39876.3 1.00745e-08 1.79568e-09
39878.5 -2.01998e-08 -5.10532e-09
39880.7 -1.49932e-08 -3.03577e-09
39882.9 1.65482e-08 4.40431e-09
39885.1 1.90228e-08 4.11408e-09
39887.3 -1.19148e-08 -3.43949e-09
39889.5 -2.1924e-08 -4.96609e-09
39891.7 6.57437e-09 2.26399e-09
39893.9 2.35242e-08 5.5398e-09
39896.1 -8.43834e-10 -9.43678e-10
39898.3 -2.37282e-08 -5.79876e-09
39900.5 -4.93655e-09 -4.46352e-10
39902.7 2.25238e-08 5.7245e-09
39904.9 1.04235e-08 1.82624e-09
39907.1 -1.99822e-08 -5.31762e-09
39909.3 -1.52911e-08 -3.11577e-09
39911.5 1.62544e-08 4.59813e-09
39913.7 1.92501e-08 4.23922e-09
39915.9 -1.15618e-08 -3.60435e-09
39918.1 -2.20652e-08 -5.12962e-09
39920.3 6.18309e-09 2.39097e-09
39922.5 2.35691e-08 5.73291e-09
39924.7 -4.38109e-10 -1.02593e-09
39926.9 -2.36724e-08 -6.01106e-09
39929.1 -5.33167e-09 -4.13284e-10
39931.3 2.2369e-08 5.94457e-09
39933.5 1.07832e-08 1.84413e-09
39935.7 -1.97366e-08 -5.53367e-09
39937.9 -1.55924e-08 -3.18369e-09
39940.1 1.59318e-08 4.79858e-09
39942.3 1.94733e-08 4.35352e-09
39944.4 -1.11811e-08 -3.77849e-09
39946.6 -2.21952e-08 -5.28423e-09
39948.8 5.7673e-09 2.52948e-09
39951 2.35964e-08 5.91959e-09
39953.2 -1.25688e-11 -1.12143e-09
39955.4 -2.35939e-08 -6.21989e-09
39957.6 -5.74062e-09 -3.65904e-10
39959.8 2.21882e-08 6.16445e-09
39962 1.11499e-08 1.8474e-09
39964.2 -1.94633e-08 -5.75295e-09
39966.4 -1.58934e-08 -3.23747e-09
39968.6 1.55818e-08 5.00563e-09
39970.8 1.96891e-08 4.45501e-09
39973 -1.07753e-08 -3.96234e-09
39975.2 -2.23114e-08 -5.42811e-09
39977.4 5.33012e-09 2.68039e-09
39979.6 2.36045e-08 6.09828e-09
39981.8 4.29165e-10 -1.2314e-09
39984 -2.34922e-08 -6.42404e-09
39986.2 -6.15956e-09 -3.02732e-10
39988.4 2.19818e-08 6.38332e-09
39990.6 1.15198e-08 1.83442e-09
39992.8 -1.91639e-08 -5.97505e-09
39995 -1.61908e-08 -3.27547e-09
39997.2 1.5207e-08 5.21928e-09
39999.4 1.98949e-08 4.54208e-09
40001.6 -1.03475e-08 -4.15631e-09
40003.8 -2.24119e-08 -5.55979e-09
40006 4.87531e-09 2.84443e-09
40008.2 2.35925e-08 6.26779e-09
40010.4 8.83045e-10 -1.35685e-09
40012.6 -2.33675e-08 -6.62259e-09
40014.8 -6.58444e-09 -2.22586e-10
40017 2.1751e-08 6.60059e-09
40019.2 1.18891e-08 1.80392e-09
40021.4 -1.88405e-08 -6.19972e-09
40023.6 -1.64814e-08 -3.29639e-09
40025.8 1.48103e-08 5.43962e-09
40028 2.00882e-08 4.61353e-09
40030.2 -9.90142e-09 -4.36077e-09
40032.4 -2.24952e-08 -5.67826e-09
40034.6 4.40705e-09 3.02222e-09
40036.8 2.35601e-08 6.42727e-09
40039 1.34479e-09 -1.49854e-09
40041.2 -2.32205e-08 -6.81495e-09
40043.4 -7.01118e-09 -1.24601e-10
40045.6 2.14979e-08 6.81592e-09
40047.8 1.22544e-08 1.755e-09
40050 -1.84962e-08 -6.4269e-09
40052.2 -1.67624e-08 -3.29942e-09
40054.4 1.43955e-08 5.66678e-09
40056.6 2.02671e-08 4.66865e-09
40058.8 -9.44136e-09 -4.57602e-09
40061 -2.25607e-08 -5.78292e-09
40063.2 3.92978e-09 3.21419e-09
40065.4 2.35076e-08 6.57634e-09
40067.6 1.81003e-09 -1.65697e-09
40069.7 -2.30529e-08 -7.00092e-09
40071.9 -7.43577e-09 -8.28877e-12
40074.1 2.12249e-08 7.0293e-09
40076.3 1.26122e-08 1.68727e-09
40078.5 -1.81344e-08 -6.65667e-09
40080.7 -1.70312e-08 -3.28421e-09
40082.9 1.39668e-08 5.90098e-09
40085.1 2.04303e-08 4.70725e-09
40087.3 -8.97182e-09 -4.80231e-09
40089.5 -2.26081e-08 -5.87376e-09
40091.7 3.44812e-09 3.42055e-09
40093.9 2.34361e-08 6.7151e-09
40096.1 2.27438e-09 -1.83228e-09
40098.3 -2.28666e-08 -7.1807e-09
40100.5 -7.8544e-09 1.26383e-10
40102.7 2.09353e-08 7.24099e-09
40104.9 1.29595e-08 1.60081e-09
40107.1 -1.7759e-08 -6.88931e-09
40109.3 -1.7286e-08 -3.25107e-09
40111.5 1.35286e-08 6.14242e-09
40113.7 2.0577e-08 4.72975e-09
40115.9 -8.49753e-09 -5.03974e-09
40118.1 -2.26378e-08 -5.9513e-09
40120.3 2.9667e-09 3.64123e-09
40122.5 2.33471e-08 6.84415e-09
40124.7 2.73361e-09 -2.02418e-09
40126.9 -2.26646e-08 -7.3549e-09
40129.1 -8.26349e-09 2.78882e-10
40131.3 2.06327e-08 7.4515e-09
40133.5 1.32937e-08 1.4964e-09
40135.7 -1.73745e-08 -7.12519e-09
40137.9 -1.75251e-08 -3.20092e-09
40140.1 1.30857e-08 6.39122e-09
40142.3 2.07068e-08 4.73723e-09
40144.5 -8.02332e-09 -5.28813e-09
40146.7 -2.26507e-08 -6.01668e-09
40148.9 2.49011e-09 3.87573e-09
40151.1 2.32429e-08 6.96459e-09
40153.3 3.18367e-09 -2.23184e-09
40155.5 -2.24499e-08 -7.52447e-09
40157.7 -8.65985e-09 4.48047e-10
40159.9 2.03211e-08 7.66153e-09
40162.1 1.36126e-08 1.37545e-09
40164.3 -1.69853e-08 -7.36465e-09
40166.5 -1.77476e-08 -3.13539e-09
40168.7 1.26429e-08 6.64733e-09
40170.9 2.08201e-08 4.73141e-09
40173.1 -7.55399e-09 -5.54696e-09
40175.3 -2.26485e-08 -6.07159e-09
40177.5 2.02276e-09 4.12304e-09
40179.7 2.3126e-08 7.0779e-09
40181.9 3.62087e-09 -2.45379e-09
40184.1 -2.22263e-08 -7.69059e-09
40186.3 -9.04072e-09 6.32034e-10
40188.5 2.0005e-08 7.87185e-09
40190.7 1.39146e-08 1.24011e-09
40192.9 -1.65963e-08 -7.60794e-09
40195 -1.79532e-08 -3.05679e-09
40197.2 1.22051e-08 6.91037e-09
40199.4 2.09177e-08 4.71457e-09
40201.6 -7.09419e-09 -5.81525e-09
40203.8 -2.26332e-08 -6.11813e-09
40206 1.56872e-09 4.38157e-09
40208.2 2.29998e-08 7.18589e-09
40210.4 4.04194e-09 -2.68792e-09
40212.6 -2.19977e-08 -7.85457e-09
40214.8 -9.40391e-09 8.283e-10
40217 1.96888e-08 8.08312e-09
40219.2 1.41987e-08 1.09317e-09
40221.4 -1.62124e-08 -7.85503e-09
40223.6 -1.81422e-08 -2.96799e-09
40225.8 1.17772e-08 7.17959e-09
40228 2.10012e-08 4.6895e-09
40230.2 -6.64826e-09 -6.09149e-09
40232.4 -2.26075e-08 -6.15878e-09
40234.6 1.13163e-09 4.64914e-09
40236.8 2.28677e-08 7.2905e-09
40239 4.44423e-09 -2.93147e-09
40241.2 -2.17685e-08 -8.01771e-09
40243.4 -9.7479e-09 1.03369e-09
40245.6 1.93773e-08 8.29588e-09
40247.8 1.44647e-08 9.38018e-10
40250 -1.58383e-08 -8.10557e-09
40252.2 -1.83154e-08 -2.87237e-09
40254.4 1.13635e-08 7.45374e-09
40256.6 2.10727e-08 4.65931e-09
40258.8 -6.22007e-09 -6.37361e-09
40261 -2.25746e-08 -6.19621e-09
40263.2 7.1451e-10 4.92295e-09
40265.4 2.27338e-08 7.39376e-09
40267.6 4.82576e-09 -3.18107e-09
40269.8 -2.15431e-08 -8.18119e-09
40272 -1.00719e-08 1.24446e-09
40274.2 1.90751e-08 8.51036e-09
40276.4 1.4713e-08 7.78511e-10
40278.6 -1.54784e-08 -8.35881e-09
40280.8 -1.84746e-08 -2.77366e-09
40283 1.0968e-08 7.73112e-09
40285.2 2.11349e-08 4.62737e-09
40287.4 -5.81284e-09 -6.659e-09
40289.6 -2.25379e-08 -6.23314e-09
40291.8 3.19623e-10 5.19965e-09
40294 2.26021e-08 7.49757e-09
40296.2 5.1854e-09 -3.43283e-09
40298.4 -2.13257e-08 -8.34594e-09
40300.6 -1.03759e-08 1.45642e-09
40302.8 1.87865e-08 8.72645e-09
40305 1.49447e-08 6.18872e-10
40307.2 -1.51366e-08 -8.61355e-09
40309.4 -1.86219e-08 -2.67582e-09
40311.6 1.0594e-08 8.00948e-09
40313.8 2.11909e-08 4.59712e-09
40316 -5.42901e-09 -6.9445e-09
40318.2 -2.25011e-08 -6.27224e-09
40320.3 -5.16215e-11 5.47537e-09
40322.5 2.24765e-08 7.60364e-09
40324.7 5.52284e-09 -3.68241e-09
40326.9 -2.11206e-08 -8.51257e-09
40329.1 -1.06608e-08 1.66504e-09
40331.3 1.85152e-08 8.94359e-09
40333.5 1.51617e-08 4.63546e-10
40335.7 -1.48163e-08 -8.86809e-09
40337.9 -1.876e-08 -2.58289e-09
40340.1 1.0244e-08 8.28607e-09
40342.3 2.12439e-08 4.57191e-09
40344.5 -5.07009e-09 -7.2265e-09
40346.7 -2.24679e-08 -6.31598e-09
40348.9 -3.98755e-10 5.74583e-09
40351.1 2.2361e-08 7.71335e-09
40353.3 5.83865e-09 -3.92513e-09
40355.5 -2.09312e-08 -8.68126e-09
40357.7 -1.0928e-08 1.86558e-09
40359.9 1.82644e-08 9.16073e-09
40362.1 1.53663e-08 3.17005e-10
40364.3 -1.45197e-08 -9.12023e-09
40366.5 -1.88919e-08 -2.4988e-09
40368.7 9.91949e-09 8.55769e-09
40370.9 2.12974e-08 4.55488e-09
40373.1 -4.73663e-09 -7.50096e-09
40375.3 -2.24419e-08 -6.36643e-09
40377.5 -7.22179e-10 6.00646e-09
40379.7 2.22588e-08 7.82759e-09
40381.9 6.13415e-09 -4.15619e-09
40384.1 -2.07604e-08 -8.85169e-09
40386.3 -1.11798e-08 2.05332e-09
40388.5 1.80362e-08 9.37633e-09
40390.7 1.55613e-08 1.83573e-10
40392.9 -1.42483e-08 -9.3673e-09
40395.1 -1.90207e-08 -2.42718e-09
40397.3 9.62103e-09 8.82072e-09
40399.5 2.13546e-08 4.54869e-09
40401.7 -4.42829e-09 -7.76362e-09
40403.9 -2.24259e-08 -6.42517e-09
40406.1 -1.02311e-09 6.25258e-09
40408.3 2.21725e-08 7.94673e-09
40410.5 6.4113e-09 -4.37087e-09
40412.7 -2.06102e-08 -9.02297e-09
40414.9 -1.14185e-08 2.22378e-09
40417.1 1.78321e-08 9.58837e-09
40419.3 1.57495e-08 6.71804e-11
40421.5 -1.40026e-08 -9.6063e-09
40423.7 -1.91494e-08 -2.37116e-09
40425.9 9.34824e-09 9.07139e-09
40428.1 2.14181e-08 4.55547e-09
40430.3 -4.14389e-09 -8.01014e-09
40432.5 -2.24226e-08 -6.49317e-09
40434.7 -1.3034e-09 6.47968e-09
40436.9 2.21041e-08 8.07056e-09
40439.1 6.67245e-09 -4.56471e-09
40441.3 -2.04819e-08 -9.19378e-09
40443.5 -1.16469e-08 2.3729e-09
40445.6 1.76522e-08 9.79449e-09
40447.8 1.59337e-08 -2.87881e-11
40450 -1.37821e-08 -9.834e-09
40452.2 -1.92805e-08 -2.33324e-09
40454.4 9.09993e-09 9.30585e-09
40456.6 2.14904e-08 4.5767e-09
40458.8 -3.88159e-09 -8.23639e-09
40461 -2.24334e-08 -6.57084e-09
40463.2 -1.5654e-09 6.68356e-09
40465.4 2.20544e-08 8.1984e-09
40467.6 6.92025e-09 -4.73381e-09
40469.8 -2.03757e-08 -9.36241e-09
40472 -1.18676e-08 2.49729e-09
40474.2 1.74963e-08 9.99212e-09
40476.4 1.61163e-08 -1.01653e-10
40478.6 -1.35857e-08 -1.00472e-08
40480.8 -1.94162e-08 -2.31522e-09
40483 8.87421e-09 9.52053e-09
40485.2 2.1573e-08 4.6132e-09
40487.4 -3.63903e-09 -8.43863e-09
40489.6 -2.24596e-08 -6.65801e-09
40491.8 -1.81175e-09 6.86063e-09
40494 2.20238e-08 8.32914e-09
40496.2 7.15742e-09 -4.87491e-09
40498.4 -2.0291e-08 -9.52696e-09
40500.6 -1.20834e-08 2.59428e-09
40502.8 1.73629e-08 1.01787e-08
40505 1.62998e-08 -1.49478e-10
40507.2 -1.34114e-08 -1.02429e-08
40509.4 -1.95582e-08 -2.3182e-09
40511.6 8.66867e-09 9.71222e-09
40513.8 2.16669e-08 4.66524e-09
40516 -3.41347e-09 -8.61371e-09
40518.2 -2.25013e-08 -6.7541e-09
40520.4 -2.04528e-09 7.00798e-09
40522.6 2.20118e-08 8.46149e-09
40524.8 7.38667e-09 -4.98556e-09
40527 -2.02266e-08 -9.68552e-09
40529.2 -1.22965e-08 2.66199e-09
40531.4 1.725e-08 1.0352e-08
40533.6 1.64858e-08 -1.71076e-10
40535.8 -1.32566e-08 -1.04187e-08
40538 -1.97078e-08 -2.34267e-09
40540.2 8.48044e-09 9.87837e-09
40542.4 2.17726e-08 4.73258e-09
40544.6 -3.20193e-09 -8.75923e-09
40546.8 -2.2558e-08 -6.85827e-09
40549 -2.2689e-09 7.12353e-09
40551.2 2.2017e-08 8.59407e-09
40553.4 7.6106e-09 -5.06413e-09
40555.6 -2.01804e-08 -9.83636e-09
40557.8 -1.2509e-08 2.69932e-09
40560 1.71553e-08 1.05099e-08
40562.2 1.66759e-08 -1.65905e-10
40564.4 -1.31184e-08 -1.05724e-08
40566.6 -1.98656e-08 -2.38861e-09
40568.8 8.30635e-09 1.00171e-08
40570.9 2.18899e-08 4.8147e-09
40573.1 -3.00124e-09 -8.87354e-09
40575.3 -2.26288e-08 -6.96957e-09
40577.5 -2.48553e-09 7.20598e-09
40579.7 2.20377e-08 8.72563e-09
40581.9 7.83166e-09 -5.10975e-09
40584.1 -2.015e-08 -9.97805e-09
40586.3 -1.27228e-08 2.70585e-09
40588.5 1.70755e-08 1.06511e-08
40590.7 1.68709e-08 -1.33989e-10
40592.9 -1.29935e-08 -1.07027e-08
40595.1 -2.00316e-08 -2.45559e-09
40597.3 8.14297e-09 1.01272e-08
40599.5 2.2018e-08 4.91087e-09
40601.7 -2.80813e-09 -8.95578e-09
40603.9 -2.2712e-08 -7.08706e-09
40606.1 -2.69802e-09 7.25483e-09
40608.3 2.20714e-08 8.85515e-09
40610.5 8.05207e-09 -5.12225e-09
40612.7 -2.01323e-08 -1.01096e-08
40614.9 -1.29392e-08 2.68177e-09
40617.1 1.70072e-08 1.07746e-08
40619.3 1.70716e-08 -7.58021e-11
40621.5 -1.28781e-08 -1.0809e-08
40623.7 -2.02055e-08 -2.54292e-09
40625.9 7.98669e-09 1.02083e-08
40628.1 2.21554e-08 5.02029e-09
40630.3 -2.61935e-09 -9.00586e-09
40632.5 -2.28052e-08 -7.20993e-09
40634.7 -2.90907e-09 7.27028e-09
40636.9 2.21151e-08 8.98189e-09
40639.1 8.27381e-09 -5.10213e-09
40641.3 -2.01237e-08 -1.02304e-08
40643.5 -1.31593e-08 2.62778e-09
40645.7 1.69465e-08 1.08802e-08
40647.9 1.72778e-08 7.81825e-12
40650.1 -1.27684e-08 -1.08912e-08
40652.3 -2.03862e-08 -2.64975e-09
40654.5 7.83383e-09 1.02608e-08
40656.7 2.23002e-08 5.14215e-09
40658.9 -2.43167e-09 -9.02439e-09
40661.1 -2.29057e-08 -7.33754e-09
40663.3 -3.12118e-09 7.25321e-09
40665.5 2.21652e-08 9.10549e-09
40667.7 8.49844e-09 -5.05044e-09
40669.9 -2.01203e-08 -1.03405e-08
40672.1 -1.33838e-08 2.54502e-09
40674.3 1.68893e-08 1.09682e-08
40676.5 1.74892e-08 1.1577e-10
40678.7 -1.26604e-08 -1.09501e-08
40680.9 -2.05721e-08 -2.77511e-09
40683.1 7.68074e-09 1.02856e-08
40685.3 2.24498e-08 5.27576e-09
40687.5 -2.24208e-09 -9.01268e-09
40689.7 -2.30101e-08 -7.46953e-09
40691.9 -3.3365e-09 7.2051e-09
40694.1 2.22178e-08 9.22598e-09
40696.2 8.72712e-09 -4.96872e-09
40698.4 -2.01177e-08 -1.04403e-08
40700.6 -1.36125e-08 2.43497e-09
40702.8 1.68313e-08 1.10395e-08
40705 1.77045e-08 2.46771e-10
40707.2 -1.25499e-08 -1.09869e-08
40709.4 -2.07612e-08 -2.91802e-09
40711.6 7.52393e-09 1.02845e-08
40713.8 2.26013e-08 5.42056e-09
40716 -2.0479e-09 -8.9726e-09
40718.2 -2.31145e-08 -7.60586e-09
40720.4 -3.55675e-09 7.12791e-09
40722.6 2.22688e-08 9.34387e-09
40724.8 8.96046e-09 -4.85888e-09
40727 -2.01117e-08 -1.05309e-08
40729.2 -1.3845e-08 2.29931e-09
40731.4 1.67682e-08 1.10956e-08
40733.6 1.79221e-08 3.9948e-10
40735.8 -1.24331e-08 -1.10037e-08
40738 -2.09507e-08 -3.07765e-09
40740.2 7.36022e-09 1.02596e-08
40742.4 2.2751e-08 5.57628e-09
40744.6 -1.84685e-09 -8.90654e-09
40746.8 -2.3215e-08 -7.74686e-09
40749 -3.78312e-09 7.02402e-09
40751.2 2.23136e-08 9.46014e-09
40753.4 9.19849e-09 -4.72309e-09
40755.6 -2.00977e-08 -1.06138e-08
40757.8 -1.40801e-08 2.13985e-09
40760 1.66958e-08 1.11387e-08
40762.2 1.81399e-08 5.72611e-10
40764.4 -1.23065e-08 -1.10029e-08
40766.6 -2.11376e-08 -3.25331e-09
40768.8 7.18687e-09 1.02137e-08
40771 2.28951e-08 5.74294e-09
40773.2 -1.6372e-09 -8.81726e-09
40775.4 -2.33072e-08 -7.89331e-09
40777.6 -4.01623e-09 6.89601e-09
40779.8 2.23478e-08 9.57624e-09
40782 9.44068e-09 -4.5636e-09
40784.2 -2.00714e-08 -1.06912e-08
40786.4 -1.43163e-08 1.95836e-09
40788.6 1.66104e-08 1.11713e-08
40790.8 1.83552e-08 7.65028e-10
40793 -1.2167e-08 -1.09873e-08
40795.2 -2.13183e-08 -3.44462e-09
40797.4 7.00168e-09 1.01497e-08
40799.6 2.30297e-08 5.92092e-09
40801.8 -1.4178e-09 -8.7077e-09
40804 -2.33869e-08 -8.04632e-09
40806.2 -4.25612e-09 6.74657e-09
40808.4 2.23672e-08 9.69399e-09
40810.6 9.68594e-09 -4.38266e-09
40812.8 -2.0029e-08 -1.07654e-08
40815 -1.45513e-08 1.75646e-09
40817.2 1.65086e-08 1.11962e-08
40819.4 1.8565e-08 9.75837e-10
40821.5 -1.20119e-08 -1.09602e-08
40823.7 -2.14892e-08 -3.65146e-09
40825.9 6.80302e-09 1.00709e-08
40828.1 2.31507e-08 6.11091e-09
40830.3 -1.18809e-09 -8.58084e-09
40832.5 -2.34498e-08 -8.20736e-09
40834.7 -4.50227e-09 6.57832e-09
40836.9 2.23678e-08 9.81553e-09
40839.1 9.93273e-09 -4.18235e-09
40841.3 -1.99669e-08 -1.08391e-08
40843.5 -1.47828e-08 1.53556e-09
40845.7 1.63874e-08 1.12164e-08
40847.9 1.87661e-08 1.20437e-09
40850.1 -1.18393e-08 -1.09246e-08
40852.3 -2.16468e-08 -3.87397e-09
40854.5 6.58987e-09 9.98035e-09
40856.7 2.32541e-08 6.31384e-09
40858.9 -9.48073e-10 -8.43956e-09
40861.1 -2.34922e-08 -8.37807e-09
40863.3 -4.75363e-09 6.39372e-09
40865.5 2.2346e-08 9.94309e-09
40867.7 1.01791e-08 -3.96456e-09
40869.9 -1.9882e-08 -1.09149e-08
40872.1 -1.5008e-08 1.29686e-09
40874.3 1.62447e-08 1.1235e-08
40876.5 1.89552e-08 1.45019e-09
40878.7 -1.16477e-08 -1.08836e-08
40880.9 -2.17872e-08 -4.11247e-09
40883.1 6.36181e-09 9.88101e-09
40885.3 2.33364e-08 6.53074e-09
40887.5 -6.9833e-10 -8.28656e-09
40889.7 -2.35105e-08 -8.56015e-09
40891.9 -5.00872e-09 6.19501e-09
40894.1 2.22988e-08 1.00789e-08
40896.3 1.04227e-08 -3.73094e-09
40898.5 -1.9772e-08 -1.09956e-08
40900.7 -1.5224e-08 1.04139e-09
40902.9 1.60787e-08 1.12548e-08
40905.1 1.9129e-08 1.71297e-09
40907.3 -1.14365e-08 -1.08401e-08
40909.5 -2.19071e-08 -4.36733e-09
40911.7 6.11905e-09 9.7756e-09
40913.9 2.3394e-08 6.76265e-09
40916.1 -4.39958e-10 -8.12425e-09
40918.3 -2.35017e-08 -8.75517e-09
40920.5 -5.26564e-09 5.9842e-09
40922.7 2.22236e-08 1.0225e-08
40924.9 1.0661e-08 -3.48301e-09
40927.1 -1.9635e-08 -1.10835e-08
40929.3 -1.54277e-08 7.70035e-10
40931.5 1.58886e-08 1.12782e-08
40933.7 1.92843e-08 1.99242e-09
40935.9 -1.12056e-08 -1.07966e-08
40938.1 -2.20032e-08 -4.63886e-09
40940.3 5.86238e-09 9.66657e-09
40942.5 2.34241e-08 7.01043e-09
40944.7 -1.74548e-10 -7.95483e-09
40946.8 -2.34632e-08 -8.96451e-09
40949 -5.52212e-09 5.76313e-09
40951.2 2.21186e-08 1.03832e-08
40953.4 1.08913e-08 -3.22215e-09
40955.6 -1.94699e-08 -1.11805e-08
40957.8 -1.56162e-08 4.83731e-10
40960 1.5674e-08 1.13075e-08
40962.2 1.9418e-08 2.28814e-09
40964.4 -1.09555e-08 -1.07555e-08
40966.6 -2.20727e-08 -4.92718e-09
40968.8 5.5932e-09 9.55613e-09
40971 2.34242e-08 7.2747e-09
40973.2 9.584e-11 -7.78034e-09
40975.4 -2.33932e-08 -9.18921e-09
40977.6 -5.77559e-09 5.53356e-09
40979.8 2.19826e-08 1.05549e-08
40982 1.11107e-08 -2.94978e-09
40984.2 -1.92764e-08 -1.12885e-08
40986.4 -1.57865e-08 1.83469e-10
40988.6 1.54355e-08 1.13447e-08
40990.8 1.95273e-08 2.59957e-09
40993 -1.06875e-08 -1.07186e-08
40995.2 -2.21132e-08 -5.23218e-09
40997.4 5.31345e-09 9.44627e-09
40999.6 2.33924e-08 7.55578e-09
41001.8 3.68725e-10 -7.60266e-09
41004 -2.32906e-08 -9.43001e-09
41006.2 -6.02326e-09 5.2972e-09
41008.4 2.18153e-08 1.07411e-08
41010.6 1.13163e-08 -2.66736e-09
41012.8 -1.90551e-08 -1.14088e-08
41015 -1.59359e-08 -1.29612e-10
41017.2 1.51744e-08 1.13913e-08
41019.4 1.96099e-08 2.92594e-09
41021.6 -1.04036e-08 -1.06878e-08
41023.8 -2.21228e-08 -5.55348e-09
41026 5.02565e-09 9.33884e-09
41028.2 2.33276e-08 7.85372e-09
41030.4 6.41288e-10 -7.42363e-09
41032.6 -2.31551e-08 -9.68736e-09
41034.8 -6.26223e-09 5.05578e-09
41037 2.16173e-08 1.09427e-08
41039.2 1.15054e-08 -2.3764e-09
41041.4 -1.88072e-08 -1.15426e-08
41043.6 -1.6062e-08 -4.54251e-10
41045.8 1.48927e-08 1.14488e-08
41048 1.9664e-08 3.26631e-09
41050.2 -1.01065e-08 -1.06648e-08
41052.4 -2.21005e-08 -5.8905e-09
41054.6 4.73272e-09 9.23557e-09
41056.8 2.32296e-08 8.16829e-09
41059 9.10505e-10 -7.24501e-09
41061.2 -2.29872e-08 -9.96142e-09
41063.4 -6.48961e-09 4.81098e-09
41065.6 2.13901e-08 1.11603e-08
41067.8 1.16755e-08 -2.07849e-09
41070 -1.85351e-08 -1.16907e-08
41072.1 -1.61628e-08 -7.89073e-10
41074.3 1.45932e-08 1.15183e-08
41076.5 1.96884e-08 3.61956e-09
41078.7 -9.79922e-09 -1.06509e-08
41080.9 -2.2046e-08 -6.24246e-09
41083.1 4.43789e-09 9.13803e-09
41085.3 2.30992e-08 8.49906e-09
41087.5 1.17328e-09 -7.06844e-09
41089.7 -2.27887e-08 -1.02521e-08
41091.9 -6.70272e-09 4.56449e-09
41094.1 2.11359e-08 1.13941e-08
41096.3 1.18244e-08 -1.77521e-09
41098.5 -1.82415e-08 -1.18538e-08
41100.7 -1.62373e-08 -1.13264e-09
41102.9 1.42792e-08 1.16008e-08
41105.1 1.96828e-08 3.98449e-09
41107.3 -9.48528e-09 -1.06472e-08
41109.5 -2.19601e-08 -6.60839e-09
41111.7 4.14455e-09 9.04764e-09
41113.9 2.29379e-08 8.84541e-09
41116.1 1.42668e-09 -6.89548e-09
41118.3 -2.2562e-08 -1.05592e-08
41120.5 -6.89927e-09 4.31789e-09
41122.7 2.08581e-08 1.16442e-08
41124.9 1.19509e-08 -1.46813e-09
41127.1 -1.79303e-08 -1.20323e-08
41129.3 -1.62849e-08 -1.48349e-09
41131.5 1.39547e-08 1.1697e-08
41133.7 1.96479e-08 4.35976e-09
41135.9 -9.16842e-09 -1.06549e-08
41138.1 -2.18444e-08 -6.98721e-09
41140.3 3.856e-09 8.9656e-09
41142.5 2.27484e-08 9.2065e-09
41144.7 1.66803e-09 -6.72751e-09
41146.9 -2.23104e-08 -1.08821e-08
41149.1 -7.07751e-09 4.07267e-09
41151.3 2.05605e-08 1.19104e-08
41153.5 1.20541e-08 -1.15879e-09
41155.7 -1.76056e-08 -1.22263e-08
41157.9 -1.63061e-08 -1.8401e-09
41160.1 1.36236e-08 1.18073e-08
41162.3 1.95852e-08 4.744e-09
41164.5 -8.85236e-09 -1.06747e-08
41166.7 -2.17014e-08 -7.37768e-09
41168.9 3.5753e-09 8.89291e-09
41171.1 2.25341e-08 9.5813e-09
41173.3 1.89519e-09 -6.56573e-09
41175.5 -2.20382e-08 -1.122e-08
41177.7 -7.23636e-09 3.83021e-09
41179.9 2.02475e-08 1.21922e-08
41182.1 1.21343e-08 -8.48654e-10
41184.3 -1.72718e-08 -1.24357e-08
41186.5 -1.63021e-08 -2.20098e-09
41188.7 1.32903e-08 1.19319e-08
41190.9 1.94972e-08 5.13571e-09
41193.1 -8.54063e-09 -1.07069e-08
41195.3 -2.15348e-08 -7.77842e-09
41197.4 3.30511e-09 8.83035e-09
41199.6 2.22992e-08 9.9686e-09
41201.8 2.10659e-09 -6.4112e-09
41204 -2.17499e-08 -1.1572e-08
41206.2 -7.37549e-09 3.59177e-09
41208.4 1.9924e-08 1.24888e-08
41210.6 1.21922e-08 -5.39151e-10
41212.8 -1.69335e-08 -1.266e-08
41215 -1.62752e-08 -2.56461e-09
41217.2 1.29585e-08 1.20708e-08
41219.4 1.93871e-08 5.53335e-09
41221.6 -8.23643e-09 -1.0752e-08
41223.8 -2.13484e-08 -8.18793e-09
41226 3.04756e-09 8.7785e-09
41228.2 2.20484e-08 1.0367e-08
41230.4 2.30134e-09 -6.2648e-09
41232.6 -2.14505e-08 -1.19369e-08
41234.8 -7.49531e-09 3.3585e-09
41237 1.95948e-08 1.27994e-08
41239.2 1.22298e-08 -2.31636e-10
41241.4 -1.65952e-08 -1.28986e-08
41243.6 -1.62283e-08 -2.92948e-09
41245.8 1.26323e-08 1.22235e-08
41248 1.92588e-08 5.93536e-09
41250.2 -7.9425e-09 -1.08099e-08
41252.4 -2.11472e-08 -8.60466e-09
41254.6 2.80417e-09 8.73774e-09
41256.8 2.17868e-08 1.07751e-08
41259 2.47925e-09 -6.12722e-09
41261.2 -2.11452e-08 -1.23133e-08
41263.4 -7.597e-09 3.13139e-09
41265.6 1.92648e-08 1.31229e-08
41267.8 1.22493e-08 7.2657e-11
41270 -1.62611e-08 -1.31506e-08
41272.2 -1.61649e-08 -3.29418e-09
41274.4 1.23148e-08 1.23896e-08
41276.6 1.91169e-08 6.34021e-09
41278.8 -7.66106e-09 -1.08803e-08
41281 -2.0936e-08 -9.02704e-09
41283.2 2.57584e-09 8.70824e-09
41285.4 2.15199e-08 1.11913e-08
41287.6 2.64081e-09 -5.99897e-09
41289.8 -2.08392e-08 -1.26999e-08
41292 -7.68242e-09 2.91122e-09
41294.2 1.89389e-08 1.3458e-08
41296.4 1.2254e-08 3.72674e-10
41298.6 -1.59354e-08 -1.34151e-08
41300.8 -1.60892e-08 -3.65744e-09
41303 1.2009e-08 1.25684e-08
41305.2 1.89663e-08 6.74648e-09
41307.4 -7.39373e-09 -1.0963e-08
41309.6 -2.07203e-08 -9.45357e-09
41311.8 2.3628e-09 8.68986e-09
41314 2.12529e-08 1.16141e-08
41316.2 2.78722e-09 -5.88024e-09
41318.4 -2.05377e-08 -1.30951e-08
41320.6 -7.75409e-09 2.69852e-09
41322.7 1.86215e-08 1.38033e-08
41324.9 1.22474e-08 6.67633e-10
41327.1 -1.56213e-08 -1.36909e-08
41329.3 -1.60059e-08 -4.01824e-09
41331.5 1.17172e-08 1.27588e-08
41333.7 1.88122e-08 7.15294e-09
41335.9 -7.14146e-09 -1.10572e-08
41338.1 -2.05056e-08 -9.88286e-09
41340.3 2.16458e-09 8.68213e-09
41341.4 1.48553e-08 1.3702e-08
