# time   dipole_moment
0 -0
0.01 -4.83369e-10
0.055 -1.46205e-08
0.2575 -3.20161e-07
1.16875 -6.48978e-06
3.76709 -5.78527e-05
6.36543 -0.000119957
9.15956 -0.000143129
11.9537 -0.000109047
14.4627 -6.18463e-05
16.9716 -3.67063e-05
19.5806 -5.05106e-05
22.1896 -9.18079e-05
24.7986 -0.000131618
26.9991 -0.000147117
29.1996 -0.000143225
31.5217 -0.000126787
33.8438 -0.000111797
36.1659 -0.000109357
38.488 -0.000122033
40.8102 -0.00014417
43.1323 -0.000166446
45.4544 -0.000181391
47.7765 -0.000186836
50.0986 -0.00018596
52.4207 -0.000184541
54.7428 -0.000187374
57.065 -0.000195934
59.3871 -0.00020832
61.7092 -0.000221001
64.0313 -0.000231052
66.3534 -0.000237583
68.6755 -0.000241759
70.9976 -0.000245654
73.3197 -0.000250802
75.6419 -0.000257337
77.964 -0.000264157
80.2861 -0.000269831
82.6082 -0.00027358
84.9303 -0.000275733
87.2524 -0.000277431
89.5745 -0.000279815
91.8967 -0.00028323
94.2188 -0.000286949
96.5409 -0.000289596
98.863 -0.000289984
101.185 -0.000287831
103.507 -0.000283922
105.829 -0.000279646
108.151 -0.000276182
110.474 -0.00027387
112.796 -0.000272093
115.118 -0.000269679
117.44 -0.000265475
119.762 -0.000258772
122.084 -0.000249531
124.406 -0.000238484
126.728 -0.000227037
129.05 -0.00021675
131.373 -0.000208373
133.695 -0.000201048
136.017 -0.000192537
138.339 -0.000180655
140.661 -0.000164949
142.983 -0.000147163
145.305 -0.000129967
147.627 -0.000114989
149.949 -0.000101768
152.272 -8.83351e-05
154.594 -7.27133e-05
156.916 -5.4167e-05
159.344 -3.2575e-05
161.772 -1.08276e-05
164.2 9.22746e-06
166.628 2.74755e-05
169.056 4.58062e-05
171.484 6.6559e-05
173.912 9.03023e-05
176.34 0.000115181
178.768 0.000138628
181.196 0.000159681
183.624 0.000179572
186.052 0.000200344
188.48 0.000223182
190.908 0.000247827
193.336 0.00027299
195.764 0.000297129
198.192 0.00031933
200.62 0.000339943
203.048 0.000360341
205.476 0.000381756
207.904 0.000404248
210.332 0.000426836
212.76 0.000448484
215.188 0.000468861
217.616 0.000488304
220.044 0.000507359
222.473 0.000526319
224.901 0.000544941
227.329 0.00056257
229.757 0.000578728
232.185 0.000593695
234.613 0.000608338
237.041 0.000623294
239.469 0.000638339
241.897 0.000652535
244.325 0.000664856
246.753 0.000674765
249.181 0.000682519
251.609 0.00068917
254.037 0.000696082
256.465 0.000704032
258.893 0.000712459
261.321 0.000719565
263.749 0.000723418
266.177 0.000723405
268.605 0.000720939
271.033 0.00071861
273.461 0.000718148
275.889 0.000718864
278.317 0.000718151
280.745 0.000713789
283.173 0.000705845
285.601 0.000696356
288.029 0.00068726
290.457 0.000678736
292.885 0.000669438
295.313 0.000658025
297.741 0.00064435
300.169 0.000629336
302.597 0.00061396
305.025 0.000598424
307.453 0.000582107
309.881 0.000564134
312.309 0.000544039
314.737 0.000522115
317.275 0.000498254
319.813 0.000474504
322.35 0.00045115
324.888 0.00042739
327.425 0.00040198
329.963 0.00037423
332.5 0.000344475
335.038 0.00031375
337.575 0.0002831
340.113 0.000253026
342.651 0.000223274
345.188 0.000193034
347.726 0.000161457
350.263 0.000128191
352.801 9.35785e-05
355.338 5.84754e-05
357.876 2.38191e-05
360.413 -9.87098e-06
362.951 -4.28154e-05
365.489 -7.5835e-05
368.026 -0.000109756
370.564 -0.000144793
373.101 -0.000180388
375.639 -0.00021559
378.176 -0.000249699
380.714 -0.000282716
383.251 -0.000315224
385.789 -0.000347746
388.327 -0.000380178
390.864 -0.000411928
393.402 -0.00044265
395.939 -0.00047268
398.477 -0.00050261
401.014 -0.000532436
403.552 -0.000561285
406.089 -0.000588089
408.627 -0.000612559
411.165 -0.000635472
413.702 -0.000657989
416.24 -0.000680694
418.777 -0.000703243
421.315 -0.000724729
423.852 -0.000744203
426.39 -0.000760952
428.927 -0.000774741
431.465 -0.000786169
434.003 -0.000796663
436.54 -0.000807646
439.078 -0.000819321
441.615 -0.00083018
444.153 -0.00083788
446.69 -0.00084091
449.228 -0.000839815
451.765 -0.000836937
454.303 -0.000834739
456.841 -0.000833914
459.378 -0.000832863
461.916 -0.000829025
464.453 -0.00082084
466.991 -0.000808655
469.528 -0.000794086
472.066 -0.000778757
474.603 -0.000763476
477.141 -0.000748063
479.679 -0.000731533
482.216 -0.000712574
484.754 -0.000690335
487.291 -0.000665117
489.829 -0.000638223
492.366 -0.000610862
494.904 -0.000583108
497.441 -0.000554075
499.979 -0.00052308
502.517 -0.00049041
505.054 -0.000456828
507.592 -0.000422583
510.129 -0.000387133
512.667 -0.000349774
515.204 -0.000310375
517.742 -0.000269616
520.279 -0.000228653
522.817 -0.000188378
525.355 -0.00014871
527.892 -0.000108542
530.43 -6.65572e-05
532.967 -2.2281e-05
535.505 2.35256e-05
538.042 6.93457e-05
540.58 0.000113844
543.117 0.000156672
545.655 0.000198644
548.193 0.000241097
550.73 0.000284879
553.268 0.000329781
555.805 0.000374808
558.343 0.000418899
560.88 0.000461474
563.418 0.000502523
565.955 0.00054237
568.493 0.000581416
571.031 0.000620043
573.568 0.000658542
576.106 0.000696856
578.643 0.000734374
581.181 0.000770195
583.718 0.000803741
586.256 0.000835041
588.793 0.000864495
591.331 0.000892619
593.869 0.00091996
596.406 0.000946799
598.944 0.000972669
601.481 0.000996394
604.019 0.00101697
606.556 0.0010344
609.094 0.00104965
611.631 0.00106372
614.169 0.00107686
616.707 0.00108853
619.244 0.00109793
621.782 0.00110463
624.319 0.00110868
626.857 0.00111024
629.394 0.00110943
631.932 0.00110657
634.469 0.00110218
637.007 0.00109634
639.545 0.00108826
642.082 0.00107697
644.62 0.00106242
647.157 0.00104579
649.695 0.0010282
652.232 0.00100955
654.77 0.000988658
657.307 0.00096456
659.845 0.000937394
662.383 0.000908121
664.92 0.0008776
667.458 0.000846035
669.995 0.000813098
672.533 0.000778314
675.07 0.000741335
677.608 0.000702073
680.145 0.000660724
682.683 0.000617682
685.221 0.000573415
687.758 0.000528403
690.296 0.00048298
692.833 0.000436987
695.371 0.000389593
697.908 0.000339882
700.446 0.000287873
702.983 0.000234789
705.521 0.000182066
708.059 0.000130155
710.596 7.84249e-05
713.134 2.59848e-05
715.671 -2.76814e-05
718.209 -8.26232e-05
720.746 -0.000138368
723.284 -0.000193898
725.821 -0.000248212
728.359 -0.000301228
730.897 -0.00035388
733.434 -0.000407085
735.972 -0.000460754
738.509 -0.000513915
741.047 -0.000565636
743.584 -0.000615729
746.122 -0.000664769
748.659 -0.000713531
751.197 -0.000762185
753.735 -0.000809908
756.272 -0.000855444
758.81 -0.000898171
761.347 -0.000938624
763.885 -0.000978029
766.422 -0.00101733
768.96 -0.00105639
771.497 -0.00109387
774.035 -0.00112801
776.573 -0.00115804
779.11 -0.00118487
781.648 -0.00121021
784.185 -0.00123508
786.723 -0.00125926
789.26 -0.00128161
791.798 -0.00130085
794.335 -0.00131617
796.873 -0.00132759
799.411 -0.00133602
801.948 -0.00134265
804.486 -0.00134813
807.023 -0.0013522
809.561 -0.00135392
812.098 -0.00135219
814.636 -0.00134651
817.173 -0.00133731
819.711 -0.00132542
822.249 -0.00131141
824.786 -0.00129543
827.324 -0.00127756
829.861 -0.00125768
832.399 -0.00123511
834.936 -0.00120893
837.474 -0.00117899
840.011 -0.00114627
842.549 -0.001112
845.087 -0.00107661
847.624 -0.00103952
850.162 -0.000999933
852.699 -0.000957481
855.237 -0.000912368
857.774 -0.000865072
860.312 -0.0008161
862.849 -0.000765882
865.387 -0.000714556
867.925 -0.000661734
870.462 -0.00060676
873 -0.000549511
875.537 -0.000490822
878.075 -0.000431827
880.612 -0.000372884
883.15 -0.00031331
885.687 -0.000252107
888.225 -0.000188888
890.763 -0.00012431
893.3 -5.97925e-05
895.838 3.43651e-06
898.375 6.53679e-05
900.913 0.000127261
903.45 0.000190492
905.988 0.0002553
908.525 0.000320581
911.063 0.000384673
913.601 0.00044638
916.138 0.000505662
918.676 0.000563664
921.213 0.000621875
923.751 0.000680941
926.288 0.000740087
928.826 0.000797592
931.363 0.000851824
933.901 0.00090221
936.439 0.00094975
938.976 0.000996519
941.514 0.00104399
944.051 0.00109143
946.589 0.00113621
949.126 0.00117606
951.664 0.00121111
954.201 0.00124342
956.739 0.00127498
959.277 0.00130607
961.814 0.00133546
964.352 0.00136139
966.889 0.00138266
969.427 0.0013994
971.964 0.00141295
974.502 0.00142476
977.039 0.0014351
979.577 0.00144305
982.115 0.00144746
984.652 0.00144774
987.19 0.00144395
989.727 0.00143658
992.265 0.00142645
994.802 0.00141421
997.34 0.00139972
999.877 0.00138216
1002.42 0.00136088
1004.95 0.00133584
1007.49 0.00130745
1010.03 0.00127625
1012.57 0.00124271
1014.82 0.00121106
1017.08 0.0011774
1019.33 0.00114138
1021.59 0.00110288
1023.84 0.00106216
1026.18 0.00101796
1028.52 0.000971957
1030.86 0.000924148
1033.2 0.000874463
1035.63 0.000821023
1038.05 0.000765709
1040.48 0.000708803
1042.9 0.000650525
1045.32 0.000590853
1047.75 0.000529664
1050.17 0.000467034
1052.6 0.000403237
1055.02 0.000338493
1057.44 0.000272929
1059.87 0.000206764
1062.29 0.000140227
1064.71 7.32605e-05
1067.14 5.6061e-06
1069.56 -6.26923e-05
1071.99 -0.000131081
1074.41 -0.000198954
1076.83 -0.000266192
1079.26 -0.000333116
1081.68 -0.000400013
1084.1 -0.000466754
1086.53 -0.000532808
1088.95 -0.000597606
1091.38 -0.000660975
1093.8 -0.000723178
1096.22 -0.000784463
1098.65 -0.000844637
1101.07 -0.000903231
1103.49 -0.00095997
1105.92 -0.00101489
1108.34 -0.00106806
1110.77 -0.00111941
1113.19 -0.00116872
1115.61 -0.00121564
1118.04 -0.0012599
1120.46 -0.00130155
1122.88 -0.001341
1125.31 -0.00137843
1127.73 -0.00141338
1130.16 -0.00144524
1132.58 -0.00147391
1135 -0.00149964
1137.43 -0.00152243
1139.85 -0.00154202
1142.27 -0.0015585
1144.7 -0.00157226
1147.12 -0.0015833
1149.55 -0.0015911
1151.97 -0.00159526
1154.39 -0.00159592
1156.82 -0.00159335
1159.24 -0.00158754
1161.66 -0.00157833
1164.09 -0.00156584
1166.51 -0.00155032
1168.94 -0.0015318
1171.36 -0.00151013
1173.78 -0.00148524
1176.21 -0.00145716
1178.63 -0.00142574
1181.05 -0.0013908
1183.48 -0.00135244
1185.9 -0.00131127
1188.33 -0.00126799
1190.75 -0.00122279
1193.17 -0.00117508
1195.6 -0.00112403
1198.02 -0.00106941
1200.45 -0.00101184
1202.87 -0.000952219
1205.29 -0.000890981
1207.72 -0.000828076
1210.14 -0.000763391
1212.56 -0.000696929
1214.99 -0.000628605
1217.41 -0.00055821
1219.84 -0.000485747
1222.26 -0.00041165
1224.68 -0.000336562
1227.11 -0.000260943
1229.53 -0.000184927
1231.95 -0.000108415
1234.38 -3.12035e-05
1236.8 4.68831e-05
1239.23 0.000125804
1241.65 0.00020518
1244.07 0.000284421
1246.5 0.000363046
1248.92 0.000440877
1251.34 0.000517978
1253.77 0.000594475
1256.19 0.00067045
1258.62 0.000745856
1261.04 0.000820391
1263.46 0.000893501
1265.89 0.000964689
1268.31 0.00103389
1270.73 0.00110141
1273.16 0.00116746
1275.58 0.00123179
1278.01 0.00129389
1280.43 0.00135334
1282.85 0.00141003
1285.28 0.00146402
1287.7 0.00151548
1290.12 0.00156454
1292.55 0.00161105
1294.97 0.00165454
1297.4 0.00169446
1299.82 0.00173055
1302.24 0.00176305
1304.67 0.00179236
1307.09 0.00181875
1309.51 0.00184207
1311.94 0.00186182
1314.36 0.0018775
1316.79 0.00188898
1319.21 0.00189651
1321.63 0.00190039
1324.06 0.00190069
1326.48 0.0018973
1328.9 0.00189008
1331.33 0.00187886
1333.75 0.00186361
1336.18 0.00184453
1338.6 0.00182196
1341.02 0.00179591
1343.45 0.00176598
1345.87 0.00173172
1348.3 0.00169326
1350.72 0.00165122
1353.14 0.00160627
1355.57 0.0015586
1357.99 0.00150796
1360.41 0.00145379
1362.84 0.00139571
1365.26 0.00133378
1367.69 0.00126859
1370.11 0.00120091
1372.53 0.0011312
1374.96 0.0010595
1377.38 0.000985505
1379.8 0.000908972
1382.23 0.000829811
1384.65 0.000748119
1387.08 0.000664154
1389.5 0.000578368
1391.92 0.000491381
1394.35 0.000403728
1396.77 0.000315511
1399.19 0.00022636
1401.62 0.000135846
1404.04 4.3933e-05
1406.47 -4.89666e-05
1408.89 -0.000142257
1411.31 -0.000235359
1413.74 -0.000327821
1416.16 -0.000419463
1418.58 -0.000510453
1421.01 -0.000601088
1423.43 -0.000691446
1425.86 -0.000781274
1428.28 -0.000870135
1430.7 -0.000957536
1433.13 -0.00104299
1435.55 -0.00112618
1437.97 -0.00120709
1440.4 -0.00128596
1442.82 -0.00136296
1445.25 -0.00143803
1447.67 -0.0015109
1450.09 -0.00158109
1452.52 -0.00164798
1454.94 -0.00171119
1457.36 -0.00177083
1459.79 -0.0018273
1462.21 -0.00188083
1464.64 -0.00193118
1467.06 -0.00197795
1469.48 -0.0020208
1471.91 -0.00205946
1474.33 -0.00209375
1476.75 -0.00212371
1479.18 -0.00214967
1481.6 -0.00217185
1484.03 -0.00219004
1486.45 -0.00220373
1488.87 -0.00221262
1491.3 -0.00221688
1493.72 -0.00221674
1496.15 -0.00221224
1498.57 -0.00220324
1500.99 -0.00218971
1503.42 -0.00217175
1505.84 -0.00214938
1508.26 -0.0021225
1510.69 -0.00209107
1513.11 -0.00205514
1515.54 -0.00201479
1517.96 -0.00197018
1520.38 -0.0019215
1522.81 -0.00186887
1525.23 -0.00181231
1527.65 -0.00175171
1530.08 -0.00168707
1532.5 -0.00161851
1534.93 -0.00154623
1537.35 -0.00147049
1539.77 -0.0013916
1542.2 -0.00130978
1544.62 -0.0012251
1547.04 -0.00113742
1549.47 -0.00104668
1551.89 -0.000952991
1554.32 -0.000856737
1556.74 -0.000758433
1559.16 -0.000658539
1561.59 -0.000557207
1564.01 -0.000454264
1566.43 -0.000349526
1568.86 -0.000243095
1571.28 -0.000135387
1573.71 -2.69365e-05
1576.13 8.1775e-05
1578.55 0.000190493
1580.98 0.000299273
1583.4 0.000408284
1585.82 0.000517416
1588.25 0.000626181
1590.67 0.000734077
1593.1 0.00084089
1595.52 0.000946559
1597.94 0.00105091
1600.37 0.00115369
1602.79 0.00125469
1605.21 0.00135373
1607.64 0.00145054
1610.06 0.00154488
1612.49 0.00163661
1614.91 0.00172561
1617.33 0.00181167
1619.76 0.00189455
1622.18 0.00197403
1624.6 0.00204987
1627.03 0.0021218
1629.45 0.00218975
1631.88 0.00225381
1634.3 0.00231389
1636.72 0.00236968
1639.15 0.00242094
1641.3 0.0024626
1643.45 0.00250051
1645.6 0.00253446
1647.76 0.00256432
1649.91 0.0025902
1652.06 0.00261228
1654.21 0.00263057
1656.37 0.00264487
1658.52 0.00265501
1660.67 0.00266094
1662.82 0.00266263
1664.98 0.00265992
1667.13 0.00265267
1669.28 0.00264098
1671.53 0.00262438
1673.77 0.00260353
1676.02 0.00257837
1678.26 0.00254868
1680.51 0.00251435
1682.75 0.00247528
1685 0.00243142
1687.24 0.00238285
1689.49 0.00232985
1691.73 0.00227276
1693.98 0.00221175
1696.22 0.00214683
1698.47 0.00207794
1700.71 0.00200504
1702.96 0.00192805
1705.21 0.00184696
1707.45 0.00176201
1709.7 0.00167362
1711.94 0.00158216
1714.19 0.00148774
1716.43 0.00139036
1718.68 0.00129005
1721 0.00118331
1723.32 0.0010736
1725.64 0.000961128
1727.96 0.000846226
1730.29 0.000729244
1732.61 0.000610368
1734.93 0.000489703
1737.25 0.000367455
1739.58 0.000243914
1741.9 0.000119298
1744.22 -6.24998e-06
1746.54 -0.000132523
1748.86 -0.000259249
1751.19 -0.000386219
1753.51 -0.000513301
1755.83 -0.000640274
1758.15 -0.000766746
1760.47 -0.000892306
1762.8 -0.0010167
1765.12 -0.00113984
1767.44 -0.00126164
1769.76 -0.00138194
1772.08 -0.00150046
1774.41 -0.00161695
1776.73 -0.00173114
1779.05 -0.00184282
1781.37 -0.00195169
1783.69 -0.00205738
1786.02 -0.00215962
1788.34 -0.00225833
1790.66 -0.00235353
1792.98 -0.0024452
1795.31 -0.00253316
1797.63 -0.00261713
1799.95 -0.0026968
1802.27 -0.00277176
1804.59 -0.00284164
1806.92 -0.00290633
1809.24 -0.00296601
1811.56 -0.00302091
1813.88 -0.00307105
1816.2 -0.00311617
1818.53 -0.00315583
1820.85 -0.00318966
1823.17 -0.00321745
1825.49 -0.00323925
1827.81 -0.0032553
1830.14 -0.00326578
1832.46 -0.00327064
1834.78 -0.00326967
1837.1 -0.00326261
1839.42 -0.00324937
1841.75 -0.00323003
1844.07 -0.00320483
1846.39 -0.00317393
1848.71 -0.0031372
1851.03 -0.00309436
1853.36 -0.00304531
1855.68 -0.00299029
1858 -0.00292969
1860.32 -0.00286378
1862.65 -0.00279266
1864.97 -0.00271629
1867.29 -0.00263454
1869.61 -0.00254724
1871.93 -0.00245439
1874.26 -0.00235638
1876.58 -0.00225376
1878.9 -0.00214692
1881.22 -0.00203604
1883.54 -0.00192114
1885.87 -0.00180218
1888.19 -0.00167908
1890.51 -0.00155186
1892.83 -0.0014209
1895.15 -0.0012868
1897.48 -0.00115
1899.8 -0.00101076
1902.12 -0.000869178
1904.44 -0.000725376
1906.76 -0.000579406
1909.09 -0.000431379
1911.41 -0.000281658
1913.73 -0.000130797
1916.05 2.07938e-05
1918.38 0.000172988
1920.7 0.000325692
1923.02 0.000478634
1925.34 0.000631457
1927.66 0.000783851
1929.99 0.000935474
1932.31 0.00108593
1934.63 0.00123499
1936.95 0.00138268
1939.27 0.00152897
1941.6 0.00167343
1943.92 0.00181542
1946.24 0.00195446
1948.56 0.00209037
1950.88 0.00222304
1953.21 0.00235234
1955.53 0.00247815
1957.85 0.00260031
1960.17 0.0027185
1962.49 0.00283228
1964.82 0.00294134
1967.14 0.00304552
1969.46 0.00314461
1971.78 0.00323831
1974.11 0.00332647
1976.43 0.00340911
1978.75 0.00348616
1981.07 0.00355739
1983.39 0.00362255
1985.72 0.00368148
1988.04 0.00373401
1990.36 0.00377987
1992.68 0.0038189
1995 0.00385112
1997.33 0.00387659
1999.65 0.00389521
2001.97 0.00390691
2004.29 0.00391174
2006.61 0.00390972
2008.94 0.00390063
2011.26 0.00388425
2013.58 0.00386053
2015.9 0.0038296
2018.22 0.00379152
2020.55 0.00374637
2022.87 0.00369439
2025.19 0.00363583
2027.51 0.00357063
2029.83 0.00349853
2032.16 0.00341943
2034.48 0.0033336
2036.8 0.00324137
2039.12 0.00314292
2041.45 0.0030383
2043.77 0.0029277
2046.09 0.00281133
2048.41 0.00268939
2050.73 0.00256208
2053.06 0.00242969
2055.38 0.00229237
2057.7 0.00215014
2060.02 0.00200301
2062.34 0.0018513
2064.67 0.00169553
2066.99 0.00153619
2069.31 0.00137366
2071.63 0.0012082
2073.95 0.00103996
2076.28 0.000868928
2078.6 0.00069511
2080.92 0.000518787
2083.24 0.000340571
2085.56 0.000161146
2087.89 -1.90021e-05
2090.21 -0.000199619
2092.53 -0.00038056
2094.85 -0.000561679
2097.18 -0.000742786
2099.5 -0.000923626
2101.82 -0.00110385
2104.14 -0.00128298
2106.46 -0.0014605
2108.79 -0.00163592
2111.11 -0.00180891
2113.43 -0.00197924
2115.75 -0.00214675
2118.07 -0.0023112
2120.4 -0.00247239
2122.72 -0.00263008
2125.04 -0.00278387
2127.36 -0.00293326
2129.68 -0.00307772
2132.01 -0.00321697
2134.33 -0.00335085
2136.65 -0.00347925
2138.97 -0.00360201
2141.29 -0.00371898
2143.62 -0.00382994
2145.94 -0.00393451
2148.26 -0.00403229
2150.58 -0.00412301
2152.9 -0.0042065
2155.23 -0.00428264
2157.55 -0.00435131
2159.87 -0.00441242
2162.19 -0.00446591
2164.52 -0.00451164
2166.84 -0.00454939
2169.16 -0.00457902
2171.48 -0.00460044
2173.8 -0.00461351
2176.13 -0.00461812
2178.45 -0.00461427
2180.77 -0.00460205
2183.09 -0.00458148
2185.41 -0.00455248
2187.74 -0.00451508
2190.06 -0.00446942
2192.38 -0.00441551
2194.7 -0.00435322
2197.02 -0.00428254
2199.35 -0.0042037
2201.67 -0.00411693
2203.99 -0.00402226
2206.31 -0.00391973
2208.63 -0.00380961
2210.96 -0.00369229
2213.28 -0.0035679
2215.6 -0.00343644
2217.92 -0.00329797
2220.25 -0.00315272
2222.57 -0.00300093
2224.89 -0.00284289
2227.21 -0.00267902
2229.53 -0.00250981
2231.86 -0.00233551
2234.18 -0.00215621
2236.5 -0.00197207
2238.82 -0.00178336
2241.14 -0.00159036
2243.47 -0.00139339
2245.79 -0.00119299
2248.11 -0.000989828
2250.43 -0.000784303
2252.75 -0.000576469
2255.08 -0.000366441
2257.4 -0.00015465
2259.72 5.84023e-05
2262.04 0.000272375
2264.36 0.000486911
2266.69 0.000701433
2269.01 0.00091537
2271.33 0.00112845
2273.65 0.00134055
2275.97 0.00155131
2278.3 0.0017602
2280.62 0.00196681
2282.94 0.00217085
2285.26 0.00237187
2287.59 0.00256928
2289.91 0.00276271
2292.23 0.00295205
2294.55 0.00313708
2296.87 0.00331728
2298.96 0.00347429
2301.04 0.00362676
2303.12 0.00377455
2305.2 0.00391744
2307.28 0.00405514
2309.36 0.00418742
2311.45 0.00431415
2313.53 0.00443516
2315.61 0.00455019
2317.69 0.00465895
2319.77 0.00476129
2321.85 0.00485707
2323.94 0.00494615
2326.02 0.00502832
2328.1 0.00510343
2330.18 0.00517144
2332.36 0.00523478
2334.53 0.00529009
2336.7 0.0053371
2338.87 0.00537571
2341.05 0.00540594
2343.22 0.0054278
2345.39 0.00544111
2347.57 0.00544571
2349.74 0.00544161
2351.91 0.00542892
2354.09 0.00540767
2356.26 0.00537777
2358.43 0.00533914
2360.61 0.00529181
2362.78 0.00523587
2364.95 0.00517136
2367.13 0.0050983
2369.3 0.0050168
2371.47 0.00492708
2373.64 0.00482928
2375.82 0.00472347
2377.99 0.00460968
2380.16 0.00448805
2382.34 0.00435881
2384.51 0.00422214
2386.68 0.00407816
2388.86 0.00392702
2391.03 0.00376903
2393.2 0.00360453
2395.38 0.00343376
2397.55 0.0032569
2399.72 0.00307413
2401.9 0.00288574
2404.07 0.00269202
2406.24 0.00249321
2408.42 0.00228953
2410.59 0.00208135
2412.76 0.0018691
2414.93 0.00165318
2417.11 0.00143388
2419.28 0.00121146
2421.45 0.000986237
2423.63 0.00075858
2425.8 0.000528797
2427.97 0.000297161
2430.15 6.40183e-05
2432.32 -0.000170167
2434.49 -0.000404897
2436.67 -0.000639745
2438.84 -0.000874365
2441.01 -0.00110845
2443.19 -0.0013417
2445.36 -0.00157382
2447.53 -0.00180446
2449.7 -0.00203321
2451.88 -0.00225961
2454.05 -0.00248324
2456.22 -0.00270373
2458.4 -0.0029207
2460.57 -0.00313377
2462.74 -0.0033426
2464.92 -0.00354692
2467.09 -0.00374648
2469.26 -0.00394097
2471.44 -0.00413003
2473.61 -0.00431326
2475.78 -0.00449031
2477.96 -0.00466081
2480.13 -0.00482443
2482.3 -0.00498093
2484.47 -0.00513008
2486.65 -0.00527167
2488.82 -0.00540545
2490.99 -0.00553119
2493.17 -0.00564874
2495.34 -0.00575789
2497.51 -0.00585831
2499.69 -0.00594964
2501.86 -0.00603164
2504.03 -0.00610423
2506.21 -0.00616736
2508.38 -0.00622096
2510.55 -0.00626496
2512.73 -0.00629935
2514.9 -0.00632405
2517.07 -0.0063388
2519.25 -0.00634332
2521.42 -0.00633751
2523.59 -0.00632146
2525.76 -0.00629531
2527.94 -0.00625909
2530.11 -0.0062128
2532.28 -0.00615655
2534.46 -0.00609044
2536.63 -0.00601449
2538.8 -0.00592861
2540.98 -0.00583277
2543.15 -0.00572711
2545.32 -0.00561188
2547.5 -0.00548729
2549.67 -0.00535353
2551.84 -0.0052108
2554.02 -0.00505934
2556.19 -0.00489933
2558.36 -0.0047309
2560.53 -0.00455419
2562.71 -0.00436944
2564.88 -0.004177
2567.05 -0.00397718
2569.23 -0.00377027
2571.4 -0.00355653
2573.57 -0.00333632
2575.75 -0.00311
2577.92 -0.00287793
2580.09 -0.00264043
2582.27 -0.00239781
2584.44 -0.00215041
2586.61 -0.0018986
2588.79 -0.00164275
2590.96 -0.00138324
2593.13 -0.0011205
2595.31 -0.000854997
2597.48 -0.000587198
2599.65 -0.00031752
2601.82 -4.63432e-05
2604 0.000225936
2606.17 0.000498891
2608.34 0.000772119
2610.52 0.00104525
2612.69 0.00131786
2614.86 0.00158945
2617.04 0.00185947
2619.21 0.00212747
2621.38 0.00239305
2623.56 0.00265581
2625.73 0.00291527
2627.9 0.00317099
2630.08 0.00342266
2632.25 0.00367
2634.42 0.00391261
2636.59 0.00414995
2638.77 0.00438146
2640.94 0.00460674
2643.11 0.00482542
2645.29 0.00503715
2647.46 0.00524158
2649.63 0.00543849
2651.81 0.00562764
2653.98 0.00580868
2656.15 0.00598115
2658.33 0.00614465
2660.5 0.00629889
2662.67 0.00644366
2664.85 0.00657867
2667.02 0.00670359
2669.19 0.0068182
2671.36 0.00692234
2673.54 0.00701589
2675.71 0.00709871
2677.88 0.00717068
2680.06 0.00723161
2682.23 0.00728118
2684.4 0.0073191
2686.58 0.0073452
2688.75 0.00735954
2690.92 0.00736221
2693.1 0.00735328
2695.27 0.00733275
2697.44 0.00730064
2699.62 0.00725685
2701.79 0.00720122
2703.96 0.00713359
2706.14 0.00705405
2708.31 0.00696289
2710.48 0.00686036
2712.65 0.0067466
2714.83 0.00662171
2717 0.00648588
2719.17 0.00633929
2721.35 0.00618199
2723.52 0.00601401
2725.69 0.00583556
2727.87 0.00564708
2730.04 0.00544896
2732.21 0.00524145
2734.39 0.0050248
2736.56 0.00479936
2738.73 0.00456549
2740.91 0.00432345
2743.08 0.00407342
2745.25 0.00381578
2747.42 0.00355106
2749.6 0.00327975
2751.77 0.00300223
2753.94 0.00271886
2756.12 0.00243012
2758.29 0.00213643
2760.46 0.00183813
2762.64 0.0015356
2764.81 0.00122942
2766.98 0.000920252
2769.16 0.000608624
2771.33 0.000294858
2773.5 -2.0688e-05
2775.68 -0.00033748
2777.85 -0.000654942
2780.02 -0.000972599
2782.19 -0.00128998
2784.37 -0.00160649
2786.54 -0.00192146
2788.71 -0.00223439
2790.89 -0.00254497
2793.06 -0.00285279
2795.23 -0.00315731
2797.41 -0.00345797
2799.58 -0.00375428
2801.75 -0.00404574
2803.93 -0.00433181
2806.1 -0.00461189
2808.27 -0.00488554
2810.45 -0.00515245
2812.62 -0.00541223
2814.79 -0.00566442
2816.97 -0.00590854
2819.14 -0.0061442
2821.31 -0.00637098
2823.48 -0.00658837
2825.66 -0.00679591
2827.83 -0.00699333
2830 -0.00718039
2832.18 -0.00735677
2834.35 -0.00752204
2836.52 -0.00767587
2838.7 -0.00781806
2840.87 -0.00794837
2843.04 -0.00806647
2845.22 -0.00817205
2847.39 -0.00826497
2849.56 -0.00834509
2851.74 -0.0084122
2853.91 -0.00846604
2856.08 -0.00850646
2858.25 -0.00853346
2860.43 -0.00854703
2862.6 -0.00854706
2864.77 -0.00853344
2866.95 -0.00850616
2869.12 -0.00846521
2871.29 -0.00841052
2873.47 -0.00834205
2875.64 -0.00825987
2877.81 -0.00816424
2879.99 -0.00805535
2882.16 -0.00793328
2884.33 -0.0077981
2886.51 -0.00764994
2888.68 -0.00748896
2890.85 -0.00731533
2893.03 -0.00712926
2895.2 -0.00693107
2897.37 -0.00672114
2899.54 -0.00649976
2901.72 -0.00626719
2903.89 -0.00602369
2906.06 -0.00576964
2908.24 -0.00550544
2910.41 -0.00523146
2912.58 -0.00494807
2914.76 -0.00465565
2916.93 -0.00435468
2919.1 -0.00404561
2921.28 -0.00372892
2923.45 -0.00340509
2925.62 -0.00307464
2927.8 -0.00273808
2929.97 -0.00239587
2932.14 -0.00204852
2934.31 -0.00169657
2936.49 -0.00134056
2938.66 -0.000981046
2940.83 -0.000618577
2943.01 -0.000253744
2945.18 0.00011284
2947.35 0.000480566
2949.53 0.000848854
2951.7 0.00121716
2953.87 0.00158495
2956.05 0.00195167
2958.22 0.00231671
2960.39 0.00267941
2962.57 0.00303917
2964.74 0.00339542
2966.91 0.00374759
2969.08 0.00409504
2971.26 0.00443721
2973.43 0.00477361
2975.6 0.00510376
2977.78 0.00542704
2979.95 0.00574282
2982.12 0.00605053
2984.3 0.00634976
2986.47 0.00664008
2988.64 0.00692091
2990.82 0.00719164
2992.99 0.00745183
2995.16 0.00770111
2997.34 0.00793911
2999.51 0.00816533
3001.68 0.00837934
3003.86 0.00858082
3006.03 0.00876942
3008.2 0.00894469
3010.37 0.0091062
3012.55 0.00925368
3014.72 0.00938702
3016.89 0.00950599
3019.07 0.00961025
3021.24 0.00969952
3023.41 0.00977362
3025.59 0.0098324
3027.76 0.00987563
3029.93 0.00990315
3032.11 0.00991496
3034.28 0.00991114
3036.45 0.00989163
3038.63 0.00985618
3040.8 0.00980469
3042.97 0.00973729
3045.14 0.00965415
3047.32 0.00955532
3049.49 0.00944082
3051.66 0.00931082
3053.84 0.00916557
3056.01 0.00900524
3058.18 0.00882986
3060.36 0.00863958
3062.53 0.00843474
3064.7 0.00821572
3066.88 0.00798281
3069.05 0.00773626
3071.22 0.00747646
3073.4 0.00720386
3075.57 0.00691882
3077.74 0.00662161
3079.92 0.00631257
3082.09 0.00599226
3084.26 0.00566123
3086.43 0.00531997
3088.61 0.00496896
3090.78 0.00460876
3092.95 0.00423997
3095.13 0.00386308
3097.3 0.00347853
3099.47 0.00308689
3101.65 0.00268887
3103.82 0.00228516
3105.99 0.00187634
3108.17 0.00146298
3110.34 0.0010458
3112.51 0.000625481
3114.69 0.000202644
3116.86 -0.000222137
3119.03 -0.00064818
3121.2 -0.00107471
3123.38 -0.00150104
3125.55 -0.00192656
3127.72 -0.00235066
3129.9 -0.00277255
3132.07 -0.00319145
3134.24 -0.0036067
3136.42 -0.00401775
3138.59 -0.00442396
3140.76 -0.00482458
3142.94 -0.00521891
3145.11 -0.00560639
3147.28 -0.0059864
3149.46 -0.00635826
3151.63 -0.00672121
3153.8 -0.00707465
3155.97 -0.00741807
3158.15 -0.00775099
3160.32 -0.00807279
3162.49 -0.00838285
3164.67 -0.00868065
3166.84 -0.00896569
3169.01 -0.00923745
3171.19 -0.00949537
3173.36 -0.00973899
3175.53 -0.00996799
3177.71 -0.010182
3179.88 -0.0103805
3182.05 -0.0105632
3184.23 -0.0107295
3186.4 -0.0108794
3188.57 -0.0110124
3190.75 -0.0111284
3192.92 -0.0112269
3195.09 -0.011308
3197.26 -0.0113713
3199.44 -0.0114166
3201.61 -0.0114438
3203.78 -0.0114528
3205.96 -0.0114435
3208.13 -0.011416
3210.3 -0.0113703
3212.48 -0.0113062
3214.65 -0.0112238
3216.82 -0.0111231
3219 -0.0110043
3221.17 -0.0108674
3223.34 -0.0107126
3225.52 -0.0105402
3227.69 -0.0103505
3229.86 -0.0101437
3232.03 -0.0099198
3234.21 -0.00967918
3236.38 -0.00942222
3238.55 -0.00914931
3240.73 -0.00886079
3242.9 -0.008557
3245.07 -0.00823844
3247.25 -0.00790571
3249.42 -0.00755927
3251.59 -0.00719947
3253.77 -0.00682672
3255.94 -0.00644167
3258.11 -0.00604498
3260.29 -0.00563725
3262.46 -0.005219
3264.63 -0.00479087
3266.81 -0.00435363
3268.98 -0.00390795
3271.15 -0.0034544
3273.32 -0.00299357
3275.5 -0.00252625
3277.67 -0.00205324
3279.84 -0.00157528
3282.02 -0.00109303
3284.19 -0.000607275
3286.36 -0.000118878
3288.54 0.00037139
3290.71 0.000862878
3292.88 0.00135489
3295.06 0.00184658
3297.23 0.00233705
3299.4 0.00282552
3301.58 0.00331125
3303.75 0.00379344
3305.92 0.00427125
3308.09 0.00474393
3310.27 0.00521084
3312.44 0.00567125
3314.61 0.00612429
3316.79 0.0065691
3318.96 0.00700496
3321.13 0.00743123
3323.31 0.00784718
3325.48 0.00825208
3327.65 0.00864526
3329.83 0.00902614
3332 0.0093941
3334.17 0.0097484
3336.35 0.0100883
3338.52 0.0104133
3340.69 0.0107228
3342.86 0.0110164
3345.04 0.0112934
3347.21 0.0115534
3349.38 0.0117959
3351.56 0.0120207
3353.73 0.012227
3355.9 0.0124144
3358.08 0.0125827
3360.25 0.0127314
3362.42 0.0128605
3364.6 0.0129695
3366.77 0.0130581
3368.94 0.0131263
3371.12 0.0131739
3373.29 0.0132005
3375.46 0.0132062
3377.64 0.0131908
3379.81 0.0131542
3381.98 0.0130966
3384.15 0.0130179
3386.33 0.0129181
3388.5 0.0127973
3390.67 0.0126557
3392.85 0.0124934
3395.02 0.0123107
3397.19 0.0121076
3399.37 0.0118845
3401.54 0.0116416
3403.71 0.0113792
3405.89 0.0110977
3408.06 0.0107975
3410.23 0.010479
3412.41 0.0101428
3414.58 0.00978918
3416.75 0.00941866
3418.92 0.0090318
3421.1 0.00862915
3423.27 0.00821127
3425.44 0.00777876
3427.62 0.00733231
3429.79 0.00687265
3431.96 0.00640046
3434.14 0.00591637
3436.31 0.00542109
3438.48 0.0049154
3440.66 0.00440012
3442.83 0.00387601
3445 0.00334383
3447.18 0.00280441
3449.35 0.00225863
3451.52 0.00170737
3453.69 0.00115147
3455.87 0.000591747
3458.04 2.91167e-05
3460.21 -0.000535497
3462.39 -0.00110122
3464.56 -0.00166722
3466.73 -0.00223259
3468.91 -0.00279637
3471.08 -0.00335761
3473.25 -0.00391544
3475.43 -0.004469
3477.6 -0.00501736
3479.77 -0.0055596
3481.95 -0.00609483
3484.12 -0.00662226
3486.29 -0.00714103
3488.47 -0.00765019
3490.64 -0.00814887
3492.81 -0.00863627
3494.98 -0.00911162
3497.16 -0.00957411
3499.33 -0.0100229
3501.5 -0.0104572
3503.68 -0.0108764
3505.85 -0.0112798
3508.02 -0.0116665
3510.2 -0.0120359
3512.37 -0.0123874
3514.54 -0.0127204
3516.72 -0.0130343
3518.89 -0.0133284
3521.06 -0.0136023
3523.24 -0.0138554
3525.41 -0.0140874
3527.58 -0.0142977
3529.75 -0.0144859
3531.93 -0.0146516
3534.1 -0.0147945
3536.27 -0.0149144
3538.45 -0.0150109
3540.62 -0.0150837
3542.79 -0.0151328
3544.97 -0.015158
3547.14 -0.015159
3549.31 -0.0151358
3551.49 -0.0150884
3553.66 -0.0150168
3555.83 -0.014921
3558.01 -0.0148011
3560.18 -0.0146572
3562.35 -0.0144894
3564.53 -0.0142981
3566.7 -0.0140832
3568.87 -0.0138451
3571.04 -0.013584
3573.22 -0.0133004
3575.39 -0.0129946
3577.56 -0.0126671
3579.74 -0.0123183
3581.91 -0.0119488
3584.08 -0.0115588
3586.26 -0.0111491
3588.43 -0.0107201
3590.6 -0.0102725
3592.78 -0.00980709
3594.95 -0.00932447
3597.12 -0.00882535
3599.3 -0.00831048
3601.47 -0.0077806
3603.64 -0.00723647
3605.81 -0.00667887
3607.99 -0.00610866
3610.16 -0.00552678
3612.33 -0.00493416
3614.51 -0.00433168
3616.68 -0.00372024
3618.85 -0.00310078
3621.03 -0.00247426
3623.2 -0.00184158
3625.37 -0.00120373
3627.55 -0.00056177
3629.72 8.32079e-05
3631.89 0.000730186
3634.07 0.00137821
3636.24 0.00202627
3638.41 0.00267335
3640.58 0.00331841
3642.76 0.00396043
3644.93 0.00459837
3647.1 0.00523111
3649.28 0.00585759
3651.45 0.00647684
3653.62 0.00708791
3655.8 0.00768983
3657.97 0.00828157
3660.14 0.00886212
3662.32 0.00943055
3664.49 0.00998589
3666.66 0.0105272
3668.84 0.0110535
3671.01 0.0115639
3673.18 0.0120577
3675.36 0.012534
3677.53 0.012992
3679.7 0.0134308
3681.87 0.0138497
3684.05 0.014248
3686.22 0.0146248
3688.39 0.0149796
3690.57 0.0153118
3692.74 0.0156206
3694.91 0.0159057
3697.09 0.0161663
3699.26 0.0164021
3701.43 0.0166125
3703.61 0.0167972
3705.78 0.0169557
3707.95 0.0170877
3710.13 0.0171929
3712.3 0.0172711
3714.47 0.017322
3716.64 0.0173454
3718.82 0.0173413
3720.99 0.0173096
3723.16 0.0172501
3725.34 0.0171629
3727.51 0.0170481
3729.68 0.0169056
3731.86 0.0167358
3734.03 0.0165388
3736.2 0.0163147
3738.38 0.0160638
3740.55 0.0157865
3742.72 0.0154831
3744.9 0.0151539
3747.07 0.0147995
3749.24 0.0144204
3751.42 0.014017
3753.59 0.0135898
3755.76 0.0131396
3757.93 0.012667
3760.11 0.0121726
3762.28 0.011657
3764.45 0.0111211
3766.63 0.0105658
3768.8 0.00999182
3770.97 0.00939998
3773.15 0.00879114
3775.32 0.00816627
3777.49 0.00752633
3779.67 0.00687225
3781.84 0.00620499
3784.01 0.0055256
3786.19 0.00483523
3788.36 0.00413493
3790.53 0.00342566
3792.7 0.00270851
3794.88 0.00198467
3797.05 0.00125533
3799.22 0.000521588
3801.4 -0.000215445
3803.57 -0.00095457
3805.83 -0.00172523
3808.1 -0.00249552
3810.36 -0.00326421
3812.62 -0.00402994
3814.89 -0.00479128
3817.15 -0.00554689
3819.41 -0.00629553
3821.68 -0.00703588
3823.94 -0.00776654
3826.2 -0.00848619
3828.47 -0.00919363
3830.73 -0.0098877
3832.99 -0.0105671
3835.26 -0.0112304
3837.52 -0.0118766
3839.78 -0.0125044
3842.04 -0.0131128
3844.31 -0.0137004
3846.57 -0.0142664
3848.83 -0.0148097
3851.1 -0.0153293
3853.36 -0.0158241
3855.62 -0.0162931
3857.89 -0.0167356
3860.15 -0.0171507
3862.41 -0.0175375
3864.68 -0.0178952
3866.94 -0.0182232
3869.2 -0.0185209
3871.47 -0.0187876
3873.73 -0.0190226
3875.99 -0.0192255
3878.26 -0.0193959
3880.52 -0.0195334
3882.78 -0.0196374
3885.05 -0.0197078
3887.31 -0.0197445
3889.57 -0.0197471
3891.84 -0.0197156
3894.1 -0.0196499
3896.36 -0.0195499
3898.63 -0.0194159
3900.89 -0.0192478
3903.15 -0.0190458
3905.41 -0.0188102
3907.68 -0.0185413
3909.94 -0.0182395
3912.2 -0.0179051
3914.47 -0.0175385
3916.73 -0.0171404
3918.99 -0.0167114
3921.26 -0.016252
3923.52 -0.0157628
3925.78 -0.0152448
3928.05 -0.0146988
3930.31 -0.0141254
3932.57 -0.0135256
3934.84 -0.0129004
3937.1 -0.0122509
3939.36 -0.011578
3941.63 -0.0108827
3943.89 -0.0101663
3946.15 -0.0094299
3948.42 -0.00867472
3950.68 -0.00790189
3952.94 -0.00711273
3955.21 -0.00630867
3957.47 -0.00549105
3959.73 -0.00466115
3962 -0.00382035
3964.26 -0.0029701
3966.52 -0.00211188
3968.78 -0.00124705
3971.05 -0.000377067
3973.31 0.000496511
3975.57 0.00137212
3977.84 0.00224828
3980.1 0.00312356
3982.36 0.00399644
3984.63 0.00486537
3986.89 0.00572882
3989.15 0.0065853
3991.42 0.00743329
3993.68 0.00827129
3995.94 0.00909781
3998.21 0.00991143
4000.47 0.0107107
4002.73 0.0114942
4005 0.0122604
4007.26 0.013008
4009.52 0.0137356
4011.79 0.014442
4014.05 0.0151257
4016.31 0.0157857
4018.58 0.0164206
4020.84 0.0170293
4023.1 0.0176106
4025.36 0.0181634
4027.63 0.0186867
4029.89 0.0191793
4032.15 0.0196405
4034.42 0.0200693
4036.68 0.0204649
4038.94 0.0208265
4041.21 0.0211532
4043.47 0.0214445
4045.73 0.0216997
4048 0.0219182
4050.26 0.0220995
4052.52 0.0222433
4054.79 0.0223491
4057.05 0.0224166
4059.31 0.0224456
4061.58 0.0224358
4063.84 0.0223873
4066.1 0.0222999
4068.37 0.0221737
4070.63 0.0220086
4072.89 0.021805
4075.16 0.0215629
4077.42 0.0212828
4079.68 0.020965
4081.95 0.0206099
4084.21 0.0202181
4086.47 0.0197899
4088.73 0.019326
4091 0.0188272
4093.26 0.0182942
4095.52 0.0177279
4097.79 0.0171289
4100.05 0.0164985
4102.31 0.0158374
4104.58 0.0151468
4106.84 0.0144276
4109.1 0.0136812
4111.37 0.0129086
4113.63 0.0121113
4115.89 0.0112903
4118.16 0.0104471
4120.42 0.00958312
4122.68 0.00869975
4124.95 0.00779841
4127.21 0.00688061
4129.47 0.00594796
4131.74 0.00500206
4134 0.00404441
4136.26 0.00307657
4138.53 0.00210026
4140.79 0.00111719
4143.05 0.000129009
4145.32 -0.00086265
4147.58 -0.00185603
4149.84 -0.00284934
4152.1 -0.00384089
4154.37 -0.00482907
4156.63 -0.00581215
4158.89 -0.00678832
4161.16 -0.00775586
4163.42 -0.00871315
4165.68 -0.00965849
4167.95 -0.0105901
4170.21 -0.0115063
4172.47 -0.0124056
4174.74 -0.0132864
4177 -0.0141471
4179.26 -0.014986
4181.53 -0.0158017
4183.79 -0.0165927
4186.05 -0.0173576
4188.32 -0.0180948
4190.58 -0.018803
4192.84 -0.019481
4195.11 -0.0201276
4197.37 -0.0207414
4199.63 -0.0213214
4201.9 -0.0218662
4204.16 -0.022375
4206.42 -0.0228467
4208.68 -0.0232804
4210.95 -0.0236752
4213.21 -0.0240304
4215.47 -0.0243452
4217.74 -0.0246189
4220 -0.0248508
4222.26 -0.0250405
4224.53 -0.0251875
4226.79 -0.0252914
4229.05 -0.025352
4231.32 -0.0253689
4233.58 -0.025342
4235.84 -0.0252712
4238.11 -0.0251564
4240.37 -0.0249978
4242.63 -0.0247954
4244.9 -0.0245495
4247.16 -0.0242605
4249.42 -0.0239286
4251.69 -0.0235542
4253.95 -0.0231379
4256.21 -0.0226803
4258.48 -0.022182
4260.74 -0.0216437
4263 -0.0210663
4265.27 -0.0204507
4267.53 -0.0197977
4269.79 -0.0191085
4272.05 -0.018384
4274.32 -0.0176254
4276.58 -0.0168339
4278.84 -0.0160108
4281.11 -0.0151573
4283.37 -0.0142749
4285.63 -0.0133651
4287.9 -0.0124293
4290.16 -0.0114689
4292.42 -0.0104857
4294.69 -0.00948117
4296.95 -0.00845706
4299.21 -0.00741502
4301.48 -0.00635678
4303.74 -0.00528419
4306 -0.0041991
4308.27 -0.00310329
4310.53 -0.00199857
4312.79 -0.000886816
4315.06 0.000230014
4317.32 0.00135001
4319.58 0.00247131
4321.85 0.00359195
4324.11 0.00470993
4326.37 0.00582333
4328.64 0.00693025
4330.9 0.00802878
4333.16 0.00911694
4335.42 0.0101928
4337.69 0.0112545
4339.95 0.0123002
4342.21 0.013328
4344.48 0.014336
4346.74 0.0153225
4349 0.0162856
4351.27 0.0172238
4353.53 0.0181351
4355.79 0.0190179
4358.06 0.0198708
4360.32 0.0206921
4362.58 0.0214802
4364.85 0.0222337
4367.11 0.0229512
4369.37 0.0236313
4371.64 0.0242728
4373.9 0.0248742
4376.16 0.0254346
4378.43 0.0259529
4380.69 0.026428
4382.95 0.0268589
4385.22 0.0272447
4387.48 0.0275847
4389.74 0.0278782
4392 0.0281243
4394.27 0.0283225
4396.53 0.0284723
4398.79 0.0285736
4401.06 0.0286257
4403.32 0.0286285
4405.58 0.0285818
4407.85 0.0284856
4410.11 0.0283398
4412.37 0.0281445
4414.64 0.0278999
4416.9 0.0276063
4419.16 0.0272642
4421.43 0.0268737
4423.69 0.0264356
4425.95 0.0259503
4428.22 0.0254188
4430.48 0.0248415
4432.74 0.0242195
4435.01 0.0235537
4437.27 0.0228451
4439.53 0.0220947
4441.8 0.0213038
4444.06 0.0204735
4446.32 0.0196053
4448.59 0.0187005
4450.85 0.0177605
4453.11 0.0167869
4455.37 0.0157812
4457.64 0.0147452
4459.9 0.0136804
4462.16 0.0125885
4464.43 0.0114716
4466.69 0.0103314
4468.95 0.00916986
4471.22 0.00798887
4473.48 0.00679043
4475.74 0.00557655
4478.01 0.00434925
4480.27 0.00311066
4482.53 0.0018629
4484.8 0.000608094
4487.06 -0.000651615
4489.32 -0.00191403
4491.59 -0.00317695
4493.85 -0.00443823
4496.11 -0.00569572
4498.38 -0.00694721
4500.64 -0.00819046
4502.9 -0.00942333
4505.17 -0.0106437
4507.43 -0.0118494
4509.69 -0.0130381
4511.96 -0.0142079
4514.22 -0.0153567
4516.48 -0.0164825
4518.74 -0.0175831
4521.01 -0.0186566
4523.27 -0.0197011
4525.53 -0.0207148
4527.8 -0.0216957
4530.06 -0.0226419
4532.32 -0.0235519
4534.59 -0.0244239
4536.85 -0.0252563
4539.11 -0.0260475
4541.38 -0.026796
4543.64 -0.0275004
4545.9 -0.0281594
4548.17 -0.0287718
4550.43 -0.0293362
4552.69 -0.0298515
4554.96 -0.0303169
4557.22 -0.0307311
4559.48 -0.0310934
4561.75 -0.0314031
4564.01 -0.0316594
4566.27 -0.0318618
4568.54 -0.0320097
4570.8 -0.0321027
4573.06 -0.0321405
4575.32 -0.0321229
4577.59 -0.0320496
4579.85 -0.0319206
4582.11 -0.0317361
4584.38 -0.0314963
4586.64 -0.0312012
4588.9 -0.0308513
4591.17 -0.0304471
4593.43 -0.0299891
4595.69 -0.0294778
4597.96 -0.028914
4600.22 -0.0282985
4602.48 -0.0276323
4604.75 -0.0269163
4607.01 -0.0261516
4609.27 -0.0253394
4611.54 -0.024481
4613.8 -0.0235778
4616.06 -0.0226311
4618.33 -0.0216423
4620.59 -0.0206132
4622.85 -0.0195454
4625.12 -0.0184406
4627.38 -0.0173004
4629.64 -0.016127
4631.91 -0.0149223
4634.17 -0.0136881
4636.43 -0.0124266
4638.69 -0.0111397
4640.96 -0.0098297
4643.22 -0.00849871
4645.48 -0.00714894
4647.75 -0.00578275
4650.01 -0.00440251
4652.27 -0.00301049
4654.54 -0.00160899
4656.8 -0.000200472
4659.06 0.00121261
4661.33 0.00262788
4663.59 0.00404299
4665.85 0.00545546
4668.12 0.00686274
4670.38 0.0082624
4672.64 0.00965207
4674.91 0.0110293
4677.17 0.0123916
4679.43 0.0137366
4681.7 0.015062
4683.96 0.0163655
4686.22 0.0176446
4688.49 0.0188971
4690.75 0.0201208
4693.01 0.0213134
4695.28 0.0224729
4697.54 0.023597
4699.8 0.0246837
4702.06 0.0257311
4704.33 0.0267373
4706.59 0.0277003
4708.85 0.0286183
4711.12 0.0294897
4713.38 0.0303129
4715.64 0.0310861
4717.91 0.0318078
4720.17 0.0324769
4722.43 0.0330919
4724.7 0.0336516
4726.96 0.0341547
4729.22 0.0346004
4731.49 0.0349876
4733.75 0.0353156
4736.01 0.0355835
4738.28 0.0357907
4740.54 0.0359368
4742.8 0.0360212
4745.07 0.0360434
4747.33 0.0360035
4749.59 0.0359013
4751.86 0.0357368
4754.12 0.0355099
4756.38 0.035221
4758.64 0.0348704
4760.91 0.0344585
4763.17 0.0339858
4765.43 0.0334529
4767.7 0.0328605
4769.96 0.0322097
4772.22 0.0315013
4774.49 0.0307363
4776.75 0.0299159
4779.01 0.0290414
4781.28 0.0281141
4783.54 0.0271354
4785.8 0.0261069
4788.07 0.0250303
4790.33 0.0239073
4792.59 0.0227396
4794.86 0.0215292
4797.12 0.020278
4799.38 0.0189882
4801.65 0.0176618
4803.91 0.0163008
4806.17 0.0149078
4808.44 0.013485
4810.7 0.0120347
4812.96 0.0105593
4815.23 0.00906148
4817.49 0.00754371
4819.75 0.00600851
4822.01 0.00445843
4824.28 0.00289617
4826.54 0.00132445
4828.8 -0.000254083
4831.07 -0.00183677
4833.33 -0.00342082
4835.59 -0.00500342
4837.86 -0.00658185
4840.12 -0.00815346
4842.38 -0.00971548
4844.65 -0.0112651
4846.91 -0.0127996
4849.17 -0.0143164
4851.44 -0.0158129
4853.7 -0.0172862
4855.96 -0.0187337
4858.23 -0.0201529
4860.49 -0.0215414
4862.75 -0.0228965
4865.02 -0.0242158
4867.28 -0.0254969
4869.54 -0.0267377
4871.81 -0.0279357
4874.07 -0.0290888
4876.33 -0.0301948
4878.6 -0.0312518
4880.86 -0.0322576
4883.12 -0.0332105
4885.38 -0.0341087
4887.65 -0.0349504
4889.91 -0.0357342
4892.17 -0.0364583
4894.44 -0.0371214
4896.7 -0.0377222
4898.96 -0.0382595
4901.23 -0.0387322
4903.49 -0.0391391
4905.75 -0.0394797
4908.02 -0.039753
4910.28 -0.0399583
4912.54 -0.040095
4914.81 -0.0401629
4917.07 -0.0401617
4919.33 -0.040091
4921.6 -0.0399507
4923.86 -0.039741
4926.12 -0.0394621
4928.39 -0.0391143
4930.65 -0.0386978
4932.91 -0.0382132
4934.94 -0.0377221
4936.97 -0.0371775
4938.99 -0.0365799
4941.02 -0.0359301
4943.05 -0.0352289
4945.07 -0.0344771
4947.1 -0.0336757
4949.13 -0.0328255
4951.16 -0.0319277
4953.18 -0.0309833
4955.21 -0.0299937
4957.24 -0.0289601
4959.26 -0.0278837
4961.29 -0.0267659
4963.32 -0.0256082
4965.34 -0.0244121
4967.37 -0.0231792
4969.4 -0.0219109
4971.43 -0.020609
4973.45 -0.0192753
4975.48 -0.0179116
4977.59 -0.0164649
4979.69 -0.0149896
4981.8 -0.013488
4983.9 -0.0119623
4986.01 -0.0104147
4988.12 -0.0088474
4990.22 -0.00726262
4992.33 -0.00566284
4994.43 -0.00405043
4996.54 -0.00242765
4998.65 -0.000796832
5000.75 0.000839534
5002.86 0.00247892
5004.96 0.00411892
5007.07 0.00575718
5009.18 0.00739125
5011.28 0.00901859
5013.39 0.0106367
5015.49 0.0122433
5017.6 0.0138359
5019.71 0.0154121
5021.81 0.0169694
5023.92 0.0185054
5026.02 0.0200179
5028.13 0.0215046
5030.24 0.022963
5032.34 0.024391
5034.45 0.0257863
5036.55 0.0271469
5038.66 0.0284705
5040.77 0.029755
5042.87 0.0309984
5044.98 0.0321988
5047.08 0.0333543
5049.19 0.034463
5051.29 0.0355231
5053.4 0.0365328
5055.51 0.0374907
5057.61 0.0383952
5059.72 0.0392445
5061.82 0.0400374
5063.93 0.0407726
5066.04 0.0414487
5068.14 0.0420647
5070.25 0.0426193
5072.35 0.0431117
5074.46 0.0435409
5076.57 0.0439062
5078.67 0.0442068
5080.78 0.044442
5082.88 0.0446113
5084.99 0.0447144
5087.1 0.0447509
5089.2 0.0447205
5091.31 0.0446231
5093.41 0.0444588
5095.52 0.0442275
5097.63 0.0439294
5099.73 0.0435648
5101.84 0.0431341
5103.94 0.0426378
5106.05 0.0420763
5108.16 0.0414505
5110.26 0.0407609
5112.37 0.0400086
5114.47 0.0391944
5116.58 0.0383195
5118.69 0.037385
5120.79 0.0363922
5122.9 0.0353423
5125 0.0342368
5127.11 0.0330773
5129.22 0.0318652
5131.32 0.0306023
5133.43 0.0292904
5135.53 0.0279313
5137.64 0.0265269
5139.75 0.0250793
5141.85 0.0235904
5143.96 0.0220624
5146.06 0.0204975
5148.17 0.0188979
5150.28 0.0172661
5152.38 0.0156042
5154.49 0.0139148
5156.59 0.0122002
5158.7 0.0104631
5160.81 0.00870598
5162.91 0.00693142
5165.02 0.005142
5167.12 0.00334042
5169.23 0.00152938
5171.34 -0.000288465
5173.44 -0.00211047
5175.55 -0.00393388
5177.65 -0.0057559
5179.76 -0.00757379
5181.87 -0.00938486
5183.97 -0.0111864
5186.08 -0.0129756
5188.18 -0.0147498
5190.29 -0.0165063
5192.4 -0.0182424
5194.5 -0.0199555
5196.61 -0.021643
5198.71 -0.0233021
5200.82 -0.0249305
5202.92 -0.0265255
5205.03 -0.0280848
5207.14 -0.0296057
5209.24 -0.0310861
5211.35 -0.0325235
5213.45 -0.0339159
5215.56 -0.0352608
5217.67 -0.0365562
5219.77 -0.0378001
5221.88 -0.0389905
5223.98 -0.0401254
5226.09 -0.0412029
5228.2 -0.0422214
5230.3 -0.0431792
5232.41 -0.0440748
5234.51 -0.0449065
5236.62 -0.045673
5238.73 -0.0463731
5240.83 -0.0470055
5242.94 -0.0475692
5245.04 -0.048063
5247.15 -0.048486
5249.26 -0.0488375
5251.36 -0.0491169
5253.47 -0.0493235
5255.57 -0.0494567
5257.68 -0.0495163
5259.79 -0.049502
5261.89 -0.0494137
5264 -0.0492512
5266.1 -0.0490145
5268.21 -0.0487041
5270.32 -0.0483201
5272.42 -0.0478628
5274.53 -0.0473329
5276.63 -0.0467308
5278.74 -0.0460575
5280.85 -0.0453137
5282.95 -0.0445002
5285.06 -0.0436183
5287.16 -0.0426689
5289.27 -0.0416535
5291.38 -0.0405734
5293.48 -0.0394299
5295.59 -0.0382246
5297.69 -0.0369592
5299.8 -0.0356355
5301.91 -0.0342553
5304.01 -0.0328205
5306.12 -0.0313331
5308.22 -0.0297952
5310.33 -0.0282091
5312.44 -0.0265768
5314.54 -0.0249007
5316.65 -0.0231833
5318.75 -0.021427
5320.86 -0.0196344
5322.97 -0.0178079
5325.07 -0.0159503
5327.18 -0.0140643
5329.28 -0.0121526
5331.39 -0.010218
5333.5 -0.00826325
5335.6 -0.00629131
5337.71 -0.00430508
5339.81 -0.00230746
5341.92 -0.000301396
5344.03 0.00171012
5346.13 0.00372407
5348.24 0.00573747
5350.34 0.00774734
5352.45 0.00975069
5354.55 0.0117445
5356.66 0.0137257
5358.77 0.0156913
5360.87 0.0176385
5362.98 0.0195642
5365.08 0.0214654
5367.19 0.0233394
5369.3 0.0251831
5371.4 0.0269939
5373.51 0.0287688
5375.61 0.0305052
5377.72 0.0322004
5379.83 0.0338518
5381.93 0.0354567
5384.04 0.0370126
5386.14 0.0385171
5388.25 0.0399678
5390.36 0.0413624
5392.46 0.0426986
5394.57 0.0439744
5396.67 0.0451877
5398.78 0.0463365
5400.89 0.0474189
5402.99 0.048433
5405.1 0.0493774
5407.2 0.0502503
5409.31 0.0510502
5411.42 0.0517758
5413.52 0.0524258
5415.63 0.052999
5417.73 0.0534945
5419.84 0.0539112
5421.95 0.0542483
5424.05 0.0545051
5426.16 0.054681
5428.26 0.0547757
5430.37 0.0547886
5432.48 0.0547196
5434.58 0.0545686
5436.69 0.0543356
5438.79 0.0540208
5440.9 0.0536244
5443.01 0.0531468
5445.11 0.0525886
5447.22 0.0519503
5449.32 0.0512327
5451.43 0.0504367
5453.54 0.0495633
5455.64 0.0486137
5457.75 0.047589
5459.85 0.0464906
5461.96 0.04532
5464.07 0.0440787
5466.17 0.0427685
5468.28 0.0413911
5470.38 0.0399484
5472.49 0.0384425
5474.6 0.0368755
5476.7 0.0352496
5478.81 0.0335669
5480.91 0.03183
5483.02 0.0300413
5485.13 0.0282035
5487.23 0.026319
5489.34 0.0243906
5491.44 0.0224213
5493.55 0.0204137
5495.65 0.0183709
5497.76 0.0162957
5499.87 0.0141912
5501.97 0.0120606
5504.08 0.00990697
5506.18 0.00773348
5508.29 0.00554328
5510.4 0.00333973
5512.5 0.00112614
5514.61 -0.00109425
5516.71 -0.00331821
5518.82 -0.00554237
5520.93 -0.0077633
5523.03 -0.00997765
5525.14 -0.0121822
5527.24 -0.0143736
5529.35 -0.0165485
5531.46 -0.0187035
5533.56 -0.0208355
5535.67 -0.0229411
5537.77 -0.0250172
5539.88 -0.0270606
5541.99 -0.029068
5544.09 -0.0310365
5546.2 -0.032963
5548.3 -0.0348446
5550.41 -0.0366782
5552.52 -0.0384609
5554.62 -0.0401902
5556.73 -0.0418633
5558.91 -0.0435323
5561.09 -0.0451354
5563.27 -0.0466699
5565.44 -0.0481333
5567.62 -0.049523
5569.8 -0.0508364
5571.98 -0.0520715
5574.16 -0.0532261
5576.34 -0.0542981
5578.52 -0.0552855
5580.7 -0.0561867
5582.88 -0.0569999
5585.06 -0.0577238
5587.23 -0.058357
5589.41 -0.0588981
5591.59 -0.0593461
5593.77 -0.0597002
5595.95 -0.0599595
5598.13 -0.0601234
5600.31 -0.0601913
5602.49 -0.0601631
5604.67 -0.0600385
5606.85 -0.0598176
5609.02 -0.0595003
5611.2 -0.059087
5613.38 -0.0585783
5615.56 -0.0579746
5617.74 -0.0572767
5619.92 -0.0564855
5622.1 -0.0556021
5624.28 -0.0546277
5626.46 -0.0535635
5628.64 -0.0524111
5630.81 -0.0511723
5632.99 -0.0498486
5635.17 -0.0484421
5637.35 -0.0469548
5639.53 -0.0453888
5641.71 -0.0437466
5643.89 -0.0420305
5646.07 -0.0402431
5648.25 -0.0383872
5650.43 -0.0364654
5652.61 -0.0344809
5654.78 -0.0324364
5656.96 -0.0303351
5659.14 -0.0281804
5661.32 -0.0259755
5663.5 -0.0237238
5665.68 -0.0214287
5667.86 -0.0190939
5670.04 -0.0167231
5672.22 -0.0143198
5674.4 -0.0118878
5676.57 -0.00943091
5678.75 -0.0069531
5680.93 -0.00445824
5683.11 -0.0019502
5685.29 0.000567045
5687.47 0.00308942
5689.65 0.00561291
5691.83 0.00813355
5694.01 0.0106473
5696.19 0.0131501
5698.36 0.015638
5700.54 0.0181068
5702.72 0.0205527
5704.9 0.0229718
5707.08 0.0253599
5709.26 0.0277132
5711.44 0.030028
5713.62 0.0323005
5715.8 0.0345268
5717.98 0.0367032
5720.15 0.0388263
5722.33 0.0408925
5724.51 0.0428983
5726.69 0.0448403
5728.87 0.0467154
5731.05 0.0485203
5733.23 0.0502521
5735.41 0.0519076
5737.59 0.0534841
5739.77 0.0549789
5741.95 0.0563894
5744.12 0.0577132
5746.3 0.0589477
5748.48 0.0600909
5750.66 0.0611409
5752.84 0.0620956
5755.02 0.0629531
5757.2 0.0637119
5759.38 0.0643707
5761.56 0.0649281
5763.74 0.0653829
5765.91 0.0657341
5768.09 0.0659809
5770.27 0.0661228
5772.45 0.0661592
5774.63 0.0660896
5776.81 0.0659141
5778.99 0.0656327
5781.17 0.0652455
5783.35 0.0647529
5785.53 0.0641554
5787.7 0.0634538
5789.88 0.062649
5792.06 0.0617419
5794.24 0.0607337
5796.42 0.0596258
5798.6 0.0584199
5800.78 0.0571176
5802.96 0.0557207
5805.14 0.0542312
5807.32 0.0526514
5809.49 0.0509837
5811.67 0.0492303
5813.85 0.0473939
5816.03 0.0454773
5818.21 0.0434835
5820.39 0.0414155
5822.57 0.0392762
5824.75 0.037069
5826.93 0.0347975
5829.11 0.0324651
5831.29 0.0300752
5833.46 0.0276317
5835.64 0.0251384
5837.82 0.0225992
5840 0.0200181
5842.18 0.017399
5844.36 0.0147461
5846.54 0.0120637
5848.72 0.00935603
5850.9 0.00662725
5853.08 0.00388175
5855.25 0.001124
5857.43 -0.00164159
5859.61 -0.00441068
5861.79 -0.00717887
5863.97 -0.00994161
5866.15 -0.0126944
5868.33 -0.0154328
5870.51 -0.0181526
5872.69 -0.0208492
5874.87 -0.0235181
5877.04 -0.0261552
5879.22 -0.028756
5881.4 -0.0313164
5883.58 -0.0338321
5885.76 -0.036299
5887.94 -0.0387129
5890.12 -0.0410701
5892.3 -0.0433665
5894.48 -0.0455983
5896.66 -0.0477617
5898.83 -0.0498533
5901.01 -0.0518694
5903.19 -0.0538067
5905.37 -0.0556619
5907.55 -0.0574318
5909.73 -0.0591136
5911.91 -0.0607042
5914.09 -0.0622009
5916.27 -0.0636011
5918.45 -0.0649025
5920.62 -0.0661027
5922.8 -0.0671995
5924.98 -0.068191
5927.16 -0.0690755
5929.34 -0.0698512
5931.52 -0.0705168
5933.7 -0.0710708
5935.88 -0.0715122
5938.06 -0.0718401
5940.24 -0.0720537
5942.42 -0.0721524
5944.59 -0.0721358
5946.77 -0.0720038
5948.95 -0.0717563
5951.13 -0.0713934
5953.31 -0.0709155
5955.49 -0.0703232
5957.67 -0.0696171
5959.85 -0.0687981
5962.03 -0.0678672
5964.21 -0.0668259
5966.38 -0.0656754
5968.56 -0.0644175
5970.74 -0.0630538
5972.92 -0.0615863
5975.1 -0.0600172
5977.28 -0.0583488
5979.46 -0.0565834
5981.64 -0.0547237
5983.82 -0.0527725
5986 -0.0507328
5988.17 -0.0486074
5990.35 -0.0463997
5992.53 -0.0441131
5994.71 -0.0417509
5996.89 -0.0393169
5999.07 -0.0368146
6001.25 -0.034248
6003.43 -0.031621
6005.61 -0.0289377
6007.79 -0.0262022
6009.96 -0.0234187
6012.14 -0.0205917
6014.32 -0.0177255
6016.5 -0.0148246
6018.68 -0.0118935
6020.86 -0.00893684
6023.04 -0.00595938
6025.22 -0.00296573
6027.4 3.94429e-05
6029.58 0.0030513
6031.76 0.00606499
6033.93 0.00907574
6036.11 0.0120788
6038.29 0.0150694
6040.47 0.0180426
6042.65 0.0209937
6044.83 0.0239179
6047.01 0.0268105
6049.19 0.0296669
6051.37 0.0324822
6053.55 0.035252
6055.72 0.0379719
6057.9 0.0406372
6060.08 0.0432436
6062.26 0.0457867
6064.44 0.0482625
6066.62 0.0506668
6068.8 0.0529956
6070.98 0.0552449
6073.16 0.0574109
6075.34 0.0594902
6077.51 0.0614791
6079.69 0.0633742
6081.87 0.0651721
6084.05 0.06687
6086.23 0.0684649
6088.41 0.0699539
6090.59 0.0713343
6092.77 0.0726037
6094.95 0.0737599
6097.13 0.0748008
6099.3 0.0757243
6101.48 0.0765287
6103.66 0.0772125
6105.84 0.0777743
6108.02 0.078213
6110.2 0.0785273
6112.38 0.0787167
6114.56 0.0787807
6116.74 0.0787186
6118.92 0.0785303
6121.1 0.0782159
6123.27 0.0777756
6125.45 0.0772099
6127.63 0.0765192
6129.81 0.0757044
6131.99 0.0747665
6134.17 0.073707
6136.35 0.072527
6138.53 0.0712282
6140.71 0.0698124
6142.89 0.0682818
6145.06 0.0666384
6147.24 0.0648847
6149.42 0.0630231
6151.6 0.0610566
6153.78 0.058988
6155.96 0.0568204
6158.14 0.054557
6160.32 0.0522014
6162.5 0.0497571
6164.68 0.0472279
6166.85 0.0446175
6169.03 0.0419301
6171.21 0.0391698
6173.39 0.0363409
6175.57 0.0334478
6177.75 0.030495
6179.93 0.0274871
6182.11 0.024429
6184.29 0.0213254
6186.47 0.0181811
6188.64 0.0150011
6190.82 0.0117907
6193 0.00855471
6195.18 0.0052984
6197.36 0.00202695
6199.54 -0.00125434
6201.72 -0.00454024
6203.9 -0.00782552
6206.08 -0.0111049
6208.26 -0.014373
6210.44 -0.0176246
6212.61 -0.0208544
6214.79 -0.0240572
6216.97 -0.0272278
6219.15 -0.030361
6221.33 -0.0334517
6223.51 -0.0364949
6225.69 -0.0394855
6227.87 -0.0424187
6230.05 -0.0452896
6232.23 -0.0480936
6234.4 -0.0508259
6236.58 -0.0534821
6238.76 -0.0560577
6240.94 -0.0585484
6243.12 -0.0609502
6245.3 -0.063259
6247.48 -0.0654708
6249.66 -0.067582
6251.84 -0.069589
6254.02 -0.0714884
6256.19 -0.0732769
6258.37 -0.0749515
6260.55 -0.0765093
6262.73 -0.0779475
6264.91 -0.0792637
6267.09 -0.0804555
6269.27 -0.0815207
6271.45 -0.0824576
6273.63 -0.0832642
6275.81 -0.0839391
6277.98 -0.0844809
6280.16 -0.0848887
6282.34 -0.0851613
6284.52 -0.0852982
6286.7 -0.0852989
6288.88 -0.0851632
6291.06 -0.084891
6293.24 -0.0844825
6295.42 -0.0839381
6297.6 -0.0832584
6299.77 -0.0824443
6301.95 -0.0814967
6304.13 -0.080417
6306.31 -0.0792066
6308.49 -0.0778674
6310.67 -0.076401
6312.85 -0.0748096
6315.03 -0.0730955
6317.21 -0.0712613
6319.39 -0.0693096
6321.57 -0.0672433
6323.74 -0.0650655
6325.92 -0.0627793
6328.1 -0.0603884
6330.28 -0.0578963
6332.46 -0.0553066
6334.64 -0.0526234
6336.82 -0.0498508
6339 -0.0469931
6341.18 -0.0440545
6343.36 -0.0410395
6345.53 -0.037953
6347.71 -0.0347996
6349.89 -0.0315843
6352.07 -0.0283119
6354.25 -0.0249876
6356.43 -0.0216167
6358.61 -0.0182043
6360.79 -0.0147558
6362.97 -0.0112767
6365.15 -0.00777236
6367.32 -0.00424845
6369.5 -0.000710425
6371.68 0.00283612
6373.86 0.00638549
6376.04 0.00993199
6378.22 0.01347
6380.4 0.016994
6382.58 0.0204982
6384.76 0.0239769
6386.94 0.0274247
6389.11 0.0308359
6391.29 0.034205
6393.47 0.0375266
6395.65 0.0407952
6397.83 0.0440055
6400.01 0.0471524
6402.19 0.0502305
6404.37 0.0532349
6406.55 0.0561606
6408.73 0.0590027
6410.91 0.0617566
6413.08 0.0644177
6415.26 0.0669813
6417.44 0.0694434
6419.62 0.0717998
6421.8 0.0740464
6423.98 0.0761793
6426.16 0.0781949
6428.34 0.0800899
6430.52 0.0818608
6432.7 0.0835045
6434.87 0.0850182
6437.05 0.0863991
6439.23 0.0876448
6441.41 0.0887529
6443.59 0.0897213
6445.77 0.0905483
6447.95 0.0912321
6450.13 0.0917714
6452.31 0.092165
6454.49 0.0924119
6456.66 0.0925115
6458.84 0.0924632
6461.02 0.0922667
6463.2 0.0919221
6465.38 0.0914297
6467.56 0.0907899
6469.74 0.0900034
6471.92 0.0890711
6474.1 0.0879942
6476.28 0.0867742
6478.45 0.0854128
6480.63 0.0839116
6482.81 0.0822731
6484.99 0.0804994
6487.17 0.0785931
6489.35 0.076557
6491.53 0.0743941
6493.71 0.0721077
6495.89 0.0697011
6498.07 0.067178
6500.25 0.0645422
6502.42 0.0617977
6504.6 0.0589488
6506.78 0.0559997
6508.96 0.0529551
6511.14 0.0498195
6513.32 0.0465981
6515.5 0.0432957
6517.68 0.0399174
6519.86 0.0364686
6522.04 0.0329548
6524.21 0.0293814
6526.39 0.0257541
6528.57 0.0220786
6530.75 0.0183608
6532.93 0.0146065
6535.11 0.0108219
6537.29 0.00701271
6539.47 0.00318526
6541.65 -0.000654307
6543.83 -0.00449988
6546 -0.00834535
6548.18 -0.0121845
6550.36 -0.016011
6552.54 -0.0198188
6554.72 -0.0236016
6556.9 -0.0273535
6559.08 -0.0310682
6561.26 -0.0347397
6563.44 -0.038362
6565.62 -0.0419293
6567.79 -0.0454357
6569.97 -0.0488753
6572.15 -0.0522426
6574.33 -0.0555321
6576.51 -0.0587385
6578.69 -0.0618562
6580.87 -0.0648801
6583.05 -0.0678053
6585.23 -0.0706271
6587.41 -0.0733405
6589.59 -0.075941
6591.76 -0.0784243
6593.94 -0.0807864
6596.12 -0.0830231
6598.3 -0.0851307
6600.48 -0.0871054
6602.66 -0.0889442
6604.84 -0.0906437
6607.02 -0.092201
6609.2 -0.0936133
6611.38 -0.0948782
6613.55 -0.0959935
6615.73 -0.0969571
6617.91 -0.0977672
6620.09 -0.0984222
6622.27 -0.0989209
6624.45 -0.0992623
6626.63 -0.0994455
6628.81 -0.09947
6630.99 -0.0993354
6633.17 -0.0990419
6635.34 -0.0985895
6637.52 -0.0979787
6639.7 -0.0972102
6641.88 -0.0962852
6644.06 -0.0952046
6646.24 -0.0939701
6648.42 -0.0925831
6650.6 -0.0910459
6652.78 -0.0893606
6654.96 -0.0875297
6657.13 -0.0855556
6659.31 -0.0834414
6661.49 -0.0811902
6663.67 -0.0788055
6665.85 -0.0762906
6668.03 -0.0736494
6670.21 -0.0708859
6672.39 -0.0680043
6674.57 -0.0650089
6676.75 -0.0619043
6678.92 -0.0586953
6681.1 -0.0553868
6683.28 -0.0519838
6685.46 -0.0484916
6687.64 -0.0449155
6689.82 -0.0412613
6692 -0.0375344
6694.18 -0.0337407
6696.36 -0.0298861
6698.54 -0.0259766
6700.72 -0.0220184
6702.89 -0.0180176
6705.07 -0.0139804
6707.25 -0.00991334
6709.43 -0.00582281
6711.61 -0.00171524
6713.79 0.00240293
6715.97 0.00652515
6718.15 0.0106448
6720.33 0.0147553
6722.51 0.0188502
6724.68 0.0229229
6726.86 0.0269669
6729.04 0.0309755
6731.22 0.0349425
6733.4 0.0388615
6735.58 0.042726
6737.76 0.0465298
6739.94 0.0502667
6742.12 0.0539306
6744.3 0.0575156
6746.47 0.0610157
6748.65 0.0644252
6750.83 0.0677386
6753.01 0.0709502
6755.19 0.0740548
6757.37 0.0770471
6759.55 0.0799223
6761.73 0.0826754
6763.91 0.0853018
6766.09 0.0877971
6768.26 0.0901569
6770.44 0.0923773
6772.62 0.0944544
6774.8 0.0963846
6776.98 0.0981644
6779.16 0.0997907
6781.34 0.101261
6783.52 0.102572
6785.7 0.103721
6787.88 0.104707
6790.06 0.105527
6792.23 0.10618
6794.41 0.106665
6796.59 0.106979
6798.77 0.107123
6800.95 0.107096
6803.13 0.106898
6805.31 0.106527
6807.49 0.105986
6809.67 0.105274
6811.85 0.104392
6814.02 0.103341
6816.2 0.102122
6818.38 0.100738
6820.56 0.0991897
6822.74 0.0974795
6824.92 0.0956097
6827.1 0.0935834
6829.28 0.0914033
6831.46 0.0890726
6833.64 0.0865947
6835.81 0.0839734
6837.99 0.0812128
6840.17 0.0783168
6842.35 0.0752899
6844.53 0.0721368
6846.71 0.0688623
6848.89 0.0654715
6851.07 0.0619695
6853.25 0.0583618
6855.43 0.0546541
6857.6 0.0508522
6859.78 0.046962
6861.96 0.0429895
6864.14 0.0389411
6866.32 0.0348233
6868.5 0.0306425
6870.68 0.0264053
6872.86 0.0221184
6875.04 0.0177888
6877.22 0.0134233
6879.4 0.00902895
6881.57 0.00461263
6883.75 0.000181567
6885.93 -0.00425707
6888.11 -0.0086962
6890.29 -0.0131288
6892.47 -0.0175475
6894.65 -0.0219452
6896.83 -0.0263148
6899.01 -0.0306493
6901.19 -0.0349416
6903.36 -0.0391846
6905.54 -0.0433715
6907.72 -0.0474955
6909.9 -0.0515498
6912.08 -0.0555279
6914.26 -0.059423
6916.44 -0.0632289
6918.62 -0.0669394
6920.8 -0.0705483
6922.98 -0.0740497
6925.15 -0.0774377
6927.33 -0.0807068
6929.51 -0.0838517
6931.69 -0.086867
6933.87 -0.0897476
6936.05 -0.0924888
6938.23 -0.0950861
6940.41 -0.0975351
6942.59 -0.0998315
6944.77 -0.101972
6946.94 -0.103952
6949.12 -0.105768
6951.3 -0.107418
6953.48 -0.108899
6955.66 -0.110208
6957.84 -0.111342
6960.02 -0.1123
6962.2 -0.11308
6964.38 -0.11368
6966.56 -0.1141
6968.73 -0.114338
6970.91 -0.114393
6973.09 -0.114265
6975.27 -0.113955
6977.45 -0.113462
6979.63 -0.112788
6981.81 -0.111932
6983.99 -0.110896
6986.17 -0.109681
6988.35 -0.108289
6990.53 -0.106723
6992.7 -0.104983
6994.88 -0.103073
6997.06 -0.100996
6999.24 -0.0987546
7001.42 -0.0963518
7003.6 -0.0937915
7005.78 -0.0910776
7007.96 -0.0882141
7010.14 -0.0852052
7012.32 -0.0820556
7014.49 -0.0787701
7016.67 -0.0753538
7018.85 -0.0718116
7021.03 -0.0681492
7023.21 -0.0643721
7025.39 -0.0604862
7027.57 -0.0564975
7029.75 -0.052412
7031.93 -0.0482362
7034.11 -0.0439766
7036.28 -0.0396397
7038.46 -0.0352323
7040.64 -0.0307613
7042.82 -0.0262337
7045 -0.0216566
7047.18 -0.0170371
7049.36 -0.0123825
7051.54 -0.00770024
7053.72 -0.00299766
7055.9 0.00171784
7058.07 0.00643884
7060.25 0.0111578
7062.43 0.0158671
7064.61 0.0205594
7066.79 0.0252271
7068.97 0.0298628
7071.15 0.0344591
7073.33 0.0390084
7075.51 0.0435036
7077.69 0.0479375
7079.87 0.0523027
7082.04 0.0565922
7084.22 0.0607991
7086.4 0.0649165
7088.58 0.0689377
7090.76 0.072856
7092.94 0.076665
7095.12 0.0803585
7097.3 0.0839305
7099.48 0.0873748
7101.66 0.0906857
7103.83 0.0938578
7106.01 0.0968858
7108.19 0.0997644
7110.37 0.102489
7112.55 0.105054
7114.73 0.107457
7116.91 0.109692
7119.09 0.111756
7121.27 0.113644
7123.45 0.115355
7125.62 0.116884
7127.8 0.118229
7129.98 0.119387
7132.16 0.120357
7134.34 0.121135
7136.52 0.121721
7138.7 0.122114
7140.88 0.122312
7143.06 0.122314
7145.24 0.122121
7147.41 0.121731
7149.59 0.121146
7151.77 0.120366
7153.95 0.119392
7156.13 0.118225
7158.31 0.116866
7160.49 0.115318
7162.67 0.113582
7164.85 0.111662
7167.03 0.109559
7169.21 0.107276
7171.38 0.104818
7173.56 0.102187
7175.74 0.0993885
7177.92 0.0964254
7180.1 0.0933027
7182.28 0.0900251
7184.46 0.0865976
7186.64 0.0830253
7188.82 0.079314
7191 0.0754693
7193.17 0.0714971
7195.35 0.0674037
7197.53 0.0631955
7199.71 0.0588791
7201.89 0.0544613
7204.07 0.049949
7206.25 0.0453493
7208.43 0.0406696
7210.61 0.0359173
7212.79 0.0311
7214.96 0.0262253
7217.14 0.0213009
7219.32 0.016335
7221.5 0.0113353
7223.68 0.00630987
7225.86 0.00126677
7228.04 -0.00378581
7230.22 -0.00883969
7232.4 -0.0138868
7234.58 -0.018919
7236.75 -0.023928
7238.93 -0.0289058
7241.11 -0.0338443
7243.29 -0.0387355
7245.47 -0.0435714
7247.65 -0.0483441
7249.83 -0.0530459
7252.01 -0.0576691
7254.19 -0.0622061
7256.37 -0.0666495
7258.55 -0.0709921
7260.72 -0.0752266
7262.9 -0.0793463
7265.08 -0.0833443
7267.26 -0.087214
7269.44 -0.090949
7271.62 -0.0945432
7273.8 -0.0979907
7275.98 -0.101286
7278.16 -0.104423
7280.34 -0.107397
7282.51 -0.110203
7284.69 -0.112836
7286.87 -0.115292
7289.05 -0.117566
7291.23 -0.119656
7293.41 -0.121556
7295.59 -0.123265
7297.77 -0.124779
7299.95 -0.126095
7302.13 -0.127211
7304.3 -0.128125
7306.48 -0.128836
7308.66 -0.129342
7310.84 -0.129642
7313.02 -0.129735
7315.2 -0.129621
7317.38 -0.1293
7319.56 -0.128773
7321.74 -0.128039
7323.92 -0.127099
7326.09 -0.125956
7328.27 -0.12461
7330.45 -0.123063
7332.63 -0.121318
7334.81 -0.119378
7336.99 -0.117244
7339.17 -0.114921
7341.35 -0.112411
7343.53 -0.109718
7345.71 -0.106847
7347.88 -0.103801
7350.06 -0.100586
7352.24 -0.0972065
7354.42 -0.093667
7356.6 -0.0899732
7358.78 -0.0861309
7360.96 -0.0821458
7363.14 -0.0780241
7365.32 -0.0737722
7367.5 -0.0693967
7369.68 -0.0649042
7371.85 -0.0603017
7374.03 -0.0555963
7376.21 -0.0507955
7378.39 -0.0459066
7380.57 -0.0409373
7382.75 -0.0358952
7384.93 -0.0307884
7387.11 -0.0256248
7389.29 -0.0204124
7391.47 -0.0151596
7393.64 -0.00987446
7395.82 -0.0045655
7398 0.000758993
7400.18 0.00609062
7402.36 0.0114209
7404.54 0.0167413
7406.72 0.0220434
7408.9 0.0273188
7411.08 0.0325591
7413.26 0.0377558
7415.43 0.0429006
7417.61 0.0479852
7419.79 0.0530016
7421.97 0.0579416
7424.15 0.0627971
7426.33 0.0675603
7428.51 0.0722235
7430.69 0.0767791
7432.87 0.0812197
7435.05 0.0855378
7437.22 0.0897266
7439.4 0.0937791
7441.58 0.0976885
7443.76 0.101448
7445.94 0.105053
7448.12 0.108495
7450.3 0.11177
7452.48 0.114871
7454.66 0.117794
7456.84 0.120534
7459.02 0.123086
7461.19 0.125446
7463.37 0.127608
7465.55 0.129571
7467.73 0.131329
7469.91 0.13288
7472.09 0.134222
7474.27 0.135351
7476.45 0.136265
7478.63 0.136962
7480.81 0.137442
7482.98 0.137702
7485.16 0.137743
7487.34 0.137563
7489.52 0.137162
7491.7 0.136541
7493.88 0.1357
7496.06 0.134641
7498.24 0.133364
7500.42 0.131871
7502.6 0.130165
7504.77 0.128247
7506.95 0.126121
7509.13 0.123788
7511.31 0.121254
7513.49 0.118521
7515.67 0.115594
7517.85 0.112477
7520.03 0.109174
7522.21 0.105691
7524.39 0.102033
7526.56 0.0982058
7528.74 0.0942151
7530.92 0.090067
7533.1 0.0857682
7535.28 0.0813252
7537.46 0.0767451
7539.64 0.0720349
7541.82 0.0672022
7544 0.0622546
7546.18 0.0571999
7548.36 0.052046
7550.53 0.0468012
7552.71 0.041474
7554.89 0.0360727
7557.07 0.030606
7559.25 0.0250826
7561.43 0.0195115
7563.61 0.0139016
7565.79 0.00826187
7567.97 0.00260138
7570.15 -0.00307067
7572.32 -0.00874508
7574.5 -0.0144127
7576.68 -0.0200645
7578.86 -0.0256912
7581.04 -0.0312835
7583.22 -0.0368326
7585.4 -0.0423294
7587.58 -0.0477649
7589.76 -0.0531303
7591.94 -0.0584167
7594.11 -0.0636157
7596.29 -0.0687188
7598.47 -0.0737176
7600.65 -0.0786038
7602.83 -0.0833696
7605.01 -0.0880072
7607.19 -0.092509
7609.37 -0.0968675
7611.55 -0.101076
7613.73 -0.105126
7615.9 -0.109013
7618.08 -0.11273
7620.26 -0.11627
7622.44 -0.119628
7624.62 -0.122798
7626.8 -0.125774
7628.98 -0.128553
7631.16 -0.131129
7633.34 -0.133498
7635.52 -0.135657
7637.7 -0.1376
7639.87 -0.139326
7642.05 -0.140831
7644.23 -0.142113
7646.41 -0.143168
7648.59 -0.143997
7650.77 -0.144596
7652.95 -0.144965
7655.13 -0.145104
7657.31 -0.14501
7659.49 -0.144686
7661.66 -0.14413
7663.84 -0.143344
7666.02 -0.142328
7668.2 -0.141084
7670.38 -0.139614
7672.56 -0.13792
7674.74 -0.136004
7676.92 -0.133869
7679.1 -0.131519
7681.28 -0.128956
7683.45 -0.126185
7685.63 -0.12321
7687.81 -0.120035
7689.99 -0.116665
7692.17 -0.113106
7694.35 -0.109362
7696.53 -0.10544
7698.71 -0.101345
7700.89 -0.0970837
7703.07 -0.0926628
7705.24 -0.0880889
7707.42 -0.0833691
7709.6 -0.0785107
7711.78 -0.0735213
7713.96 -0.0684085
7716.14 -0.0631802
7718.32 -0.0578447
7720.5 -0.0524102
7722.68 -0.0468852
7724.86 -0.0412782
7727.03 -0.0355982
7729.21 -0.0298539
7731.39 -0.0240544
7733.57 -0.0182087
7735.75 -0.0123261
7737.93 -0.00641583
7740.11 -0.000487279
7742.29 0.00545028
7744.47 0.0113875
7746.65 0.0173148
7748.83 0.0232228
7751 0.0291021
7753.18 0.0349435
7755.36 0.0407375
7757.54 0.0464749
7759.72 0.0521464
7761.9 0.057743
7764.08 0.0632557
7766.26 0.0686756
7768.44 0.0739938
7770.62 0.0792019
7772.79 0.0842913
7774.97 0.0892538
7777.15 0.0940811
7779.33 0.0987655
7781.51 0.103299
7783.69 0.107675
7785.87 0.111885
7788.05 0.115923
7790.23 0.119782
7792.41 0.123456
7794.58 0.126938
7796.76 0.130222
7798.94 0.133303
7801.12 0.136176
7803.3 0.138836
7805.48 0.141278
7807.66 0.143497
7809.84 0.14549
7812.02 0.147254
7814.2 0.148785
7816.37 0.15008
7818.55 0.151137
7820.73 0.151954
7822.91 0.152529
7825.09 0.15286
7827.27 0.152947
7829.45 0.15279
7831.63 0.152387
7833.81 0.15174
7835.99 0.150848
7838.17 0.149714
7840.34 0.148337
7842.52 0.146721
7844.7 0.144868
7846.88 0.142779
7849.06 0.140458
7851.24 0.137909
7853.42 0.135134
7855.6 0.132139
7857.78 0.128927
7859.96 0.125504
7862.13 0.121874
7864.31 0.118044
7866.49 0.114018
7868.67 0.109804
7870.85 0.105408
7873.03 0.100836
7875.21 0.0960966
7877.39 0.091196
7879.57 0.0861423
7881.75 0.0809434
7883.92 0.0756076
7886.1 0.0701434
7888.28 0.0645594
7890.46 0.0588645
7892.64 0.0530677
7894.82 0.0471785
7897 0.0412061
7899.18 0.0351603
7901.36 0.0290505
7903.54 0.0228868
7905.71 0.0166791
7907.89 0.0104373
7910.07 0.00417158
7912.25 -0.00210802
7914.43 -0.00839124
7916.61 -0.0146679
7918.79 -0.0209278
7920.97 -0.027161
7923.15 -0.0333572
7925.33 -0.0395062
7927.51 -0.0455982
7929.68 -0.0516232
7931.86 -0.0575715
7934.04 -0.0634333
7936.22 -0.069199
7938.4 -0.0748593
7940.58 -0.0804051
7942.76 -0.0858271
7944.94 -0.0911165
7947.12 -0.0962648
7949.3 -0.101263
7951.47 -0.106104
7953.65 -0.11078
7955.83 -0.115282
7958.01 -0.119603
7960.19 -0.123737
7962.37 -0.127676
7964.55 -0.131414
7966.73 -0.134946
7968.91 -0.138264
7971.09 -0.141364
7973.26 -0.144241
7975.44 -0.146889
7977.62 -0.149305
7979.8 -0.151485
7981.98 -0.153424
7984.16 -0.15512
7986.34 -0.15657
7988.52 -0.157771
7990.7 -0.158721
7992.88 -0.159419
7995.05 -0.159863
7997.23 -0.160053
7999.41 -0.159988
8001.59 -0.159667
8003.77 -0.159092
8005.95 -0.158263
8008.13 -0.157181
8010.31 -0.155848
8012.49 -0.154265
8014.67 -0.152436
8016.85 -0.150362
8019.02 -0.148047
8021.2 -0.145494
8023.38 -0.142707
8025.56 -0.139691
8027.74 -0.136449
8029.92 -0.132988
8032.1 -0.129311
8034.28 -0.125426
8036.46 -0.121337
8038.64 -0.117051
8040.81 -0.112575
8042.99 -0.107915
8045.17 -0.103079
8047.35 -0.0980737
8049.53 -0.0929075
8051.71 -0.0875881
8053.89 -0.0821238
8056.07 -0.0765232
8058.25 -0.0707947
8060.43 -0.0649474
8062.6 -0.0589904
8064.78 -0.0529329
8066.96 -0.0467845
8069.14 -0.0405546
8071.32 -0.0342531
8073.5 -0.0278899
8075.68 -0.0214749
8077.86 -0.0150182
8080.04 -0.00852987
8082.22 -0.00202033
8084.39 0.00450021
8086.57 0.0110215
8088.75 0.0175333
8090.93 0.0240251
8093.11 0.0304867
8095.29 0.0369077
8097.47 0.043278
8099.65 0.0495875
8101.83 0.0558258
8104.01 0.0619832
8106.18 0.0680497
8108.36 0.0740156
8110.54 0.0798711
8112.72 0.0856069
8114.9 0.0912138
8117.08 0.0966825
8119.26 0.102004
8121.44 0.10717
8123.62 0.112172
8125.8 0.117002
8127.98 0.121651
8130.15 0.126112
8132.33 0.130378
8134.51 0.134442
8136.69 0.138296
8138.87 0.141935
8141.05 0.145351
8143.23 0.14854
8145.41 0.151497
8147.59 0.154214
8149.77 0.15669
8151.94 0.158917
8154.12 0.160894
8156.3 0.162616
8158.48 0.16408
8160.66 0.165284
8162.84 0.166225
8165.02 0.166901
8167.2 0.16731
8169.38 0.167452
8171.56 0.167326
8173.73 0.166932
8175.91 0.16627
8178.09 0.16534
8180.27 0.164144
8182.45 0.162683
8184.63 0.160959
8186.81 0.158975
8188.99 0.156732
8191.17 0.154236
8193.35 0.151488
8195.52 0.148494
8197.7 0.145257
8199.88 0.141783
8202.06 0.138076
8204.24 0.134143
8206.42 0.12999
8208.6 0.125622
8210.78 0.121046
8212.96 0.116271
8215.14 0.111303
8217.32 0.106149
8219.49 0.100819
8221.67 0.09532
8223.85 0.0896613
8226.03 0.0838518
8228.21 0.0779006
8230.39 0.0718174
8232.57 0.0656117
8234.75 0.0592936
8236.93 0.0528731
8239.11 0.0463606
8241.28 0.0397667
8243.46 0.0331018
8245.64 0.0263767
8247.82 0.0196023
8250 0.0127897
8252.18 0.00594982
8254.36 -0.000906322
8256.54 -0.00776753
8258.72 -0.0146226
8260.9 -0.0214605
8263.07 -0.0282701
8265.25 -0.0350403
8267.43 -0.0417601
8269.61 -0.0484185
8271.79 -0.0550047
8273.97 -0.061508
8276.15 -0.0679178
8278.33 -0.0742236
8280.51 -0.0804152
8282.69 -0.0864826
8284.86 -0.0924158
8287.04 -0.0982051
8289.22 -0.103841
8291.4 -0.109315
8293.58 -0.114617
8295.76 -0.119739
8297.94 -0.124673
8300.12 -0.129411
8302.3 -0.133945
8304.48 -0.138267
8306.66 -0.142371
8308.83 -0.14625
8311.01 -0.149898
8313.19 -0.153308
8315.37 -0.156475
8317.55 -0.159394
8319.73 -0.162061
8321.91 -0.16447
8324.09 -0.166619
8326.27 -0.168503
8328.45 -0.170119
8330.62 -0.171465
8332.8 -0.172539
8334.98 -0.173338
8337.16 -0.173861
8339.34 -0.174108
8341.52 -0.174078
8343.7 -0.17377
8345.88 -0.173186
8348.06 -0.172326
8350.24 -0.17119
8352.41 -0.169782
8354.59 -0.168103
8356.77 -0.166156
8358.95 -0.163943
8361.13 -0.161467
8363.31 -0.158734
8365.49 -0.155746
8367.67 -0.152509
8369.85 -0.149027
8372.03 -0.145305
8374.2 -0.141351
8376.38 -0.137168
8378.56 -0.132765
8380.74 -0.128147
8382.92 -0.123322
8385.1 -0.118297
8387.28 -0.11308
8389.46 -0.10768
8391.64 -0.102104
8393.82 -0.0963607
8395.99 -0.0904597
8398.17 -0.0844099
8400.35 -0.0782207
8402.53 -0.0719016
8404.71 -0.0654626
8406.89 -0.0589137
8409.07 -0.0522651
8411.25 -0.0455272
8413.43 -0.0387104
8415.61 -0.0318256
8417.79 -0.0248835
8419.96 -0.017895
8422.14 -0.010871
8424.32 -0.00382271
8426.5 0.00323882
8428.68 0.0103025
8430.86 0.0173571
8433.04 0.0243914
8435.22 0.0313943
8437.4 0.0383548
8439.58 0.0452616
8441.75 0.0521039
8443.93 0.0588706
8446.11 0.065551
8448.29 0.0721344
8450.47 0.0786102
8452.65 0.084968
8454.83 0.0911975
8457.01 0.0972887
8459.19 0.103232
8461.37 0.109017
8463.54 0.114635
8465.72 0.120077
8467.9 0.125333
8470.08 0.130396
8472.26 0.135257
8474.44 0.139907
8476.62 0.144339
8478.8 0.148546
8480.98 0.152521
8483.16 0.156257
8485.33 0.159748
8487.51 0.162988
8489.69 0.165971
8491.87 0.168692
8494.05 0.171147
8496.23 0.173331
8498.41 0.17524
8500.59 0.176871
8502.77 0.178221
8504.95 0.179287
8507.13 0.180068
8509.3 0.18056
8511.48 0.180765
8513.66 0.180679
8515.84 0.180304
8518.02 0.17964
8520.2 0.178686
8522.38 0.177445
8524.56 0.175918
8526.74 0.174106
8528.92 0.172013
8531.09 0.16964
8533.27 0.166993
8535.45 0.164074
8537.63 0.160888
8539.81 0.15744
8541.99 0.153735
8544.17 0.149778
8546.35 0.145576
8548.53 0.141135
8550.71 0.136461
8552.88 0.131563
8555.06 0.126448
8557.24 0.121124
8559.42 0.115599
8561.6 0.109882
8563.78 0.103982
8565.96 0.0979081
8568.14 0.0916704
8570.32 0.0852789
8572.5 0.0787436
8574.67 0.0720752
8576.85 0.0652841
8579.03 0.0583814
8581.21 0.0513783
8583.39 0.0442861
8585.57 0.0371161
8587.75 0.02988
8589.93 0.0225896
8592.11 0.0152568
8594.29 0.00789329
8596.47 0.000511131
8598.64 -0.00687767
8600.82 -0.014261
8603 -0.0216269
8605.18 -0.0289635
8607.36 -0.0362587
8609.54 -0.0435006
8611.72 -0.0506774
8613.9 -0.0577776
8616.08 -0.0647894
8618.26 -0.0717016
8620.43 -0.0785027
8622.61 -0.0851818
8624.79 -0.091728
8626.97 -0.0981307
8629.15 -0.104379
8631.33 -0.110464
8633.51 -0.116375
8635.69 -0.122102
8637.87 -0.127636
8640.05 -0.132969
8642.22 -0.138091
8644.4 -0.142994
8646.58 -0.147671
8648.76 -0.152114
8650.94 -0.156316
8653.12 -0.160269
8655.3 -0.163968
8657.48 -0.167407
8659.66 -0.17058
8661.84 -0.173482
8664.01 -0.176108
8666.19 -0.178454
8668.37 -0.180517
8670.55 -0.182293
8672.73 -0.18378
8674.91 -0.184974
8677.09 -0.185874
8679.27 -0.186479
8681.45 -0.186787
8683.63 -0.186799
8685.81 -0.186513
8687.98 -0.185931
8690.16 -0.185053
8692.34 -0.18388
8694.52 -0.182415
8696.7 -0.180659
8698.88 -0.178616
8701.06 -0.176288
8703.24 -0.17368
8705.42 -0.170794
8707.6 -0.167636
8709.77 -0.16421
8711.95 -0.160523
8714.13 -0.156578
8716.31 -0.152383
8718.49 -0.147944
8720.67 -0.143268
8722.85 -0.138362
8725.03 -0.133234
8727.21 -0.127891
8729.39 -0.122343
8731.56 -0.116597
8733.74 -0.110662
8735.92 -0.104548
8738.1 -0.0982638
8740.28 -0.0918198
8742.46 -0.0852256
8744.64 -0.0784916
8746.82 -0.0716282
8749 -0.0646463
8751.18 -0.0575566
8753.35 -0.0503702
8755.53 -0.0430983
8757.71 -0.0357525
8759.89 -0.0283441
8762.07 -0.0208848
8764.25 -0.0133862
8766.43 -0.0058603
8768.61 0.00168114
8770.79 0.00922624
8772.97 0.0167631
8775.14 0.0242799
8777.32 0.0317645
8779.5 0.0392051
8781.68 0.0465901
8783.86 0.0539075
8786.04 0.0611458
8788.22 0.0682934
8790.4 0.0753388
8792.58 0.0822709
8794.76 0.0890784
8796.94 0.0957505
8799.11 0.102276
8801.29 0.108645
8803.47 0.114848
8805.65 0.120873
8807.83 0.126711
8810.01 0.132353
8812.19 0.137789
8814.37 0.143011
8816.55 0.14801
8818.73 0.152778
8820.9 0.157306
8823.08 0.161588
8825.26 0.165616
8827.44 0.169384
8829.62 0.172885
8831.8 0.176113
8833.98 0.179063
8836.16 0.18173
8838.34 0.184108
8840.52 0.186195
8842.69 0.187985
8844.87 0.189477
8847.05 0.190666
8849.23 0.191552
8851.41 0.192131
8853.59 0.192403
8855.77 0.192367
8857.95 0.192022
8860.13 0.191369
8862.31 0.190408
8864.48 0.18914
8866.66 0.187567
8868.84 0.185692
8871.02 0.183516
8873.2 0.181042
8875.38 0.178275
8877.56 0.175219
8879.74 0.171877
8881.92 0.168256
8884.1 0.16436
8886.28 0.160195
8888.45 0.155768
8890.63 0.151086
8892.81 0.146156
8894.99 0.140986
8897.17 0.135584
8899.35 0.129957
8901.53 0.124116
8903.71 0.11807
8905.89 0.111827
8908.07 0.105399
8910.24 0.0987949
8912.42 0.0920257
8914.6 0.0851022
8916.78 0.0780357
8918.96 0.0708376
8921.14 0.0635194
8923.32 0.0560929
8925.5 0.0485704
8927.68 0.040964
8929.86 0.0332859
8932.03 0.0255487
8934.21 0.017765
8936.39 0.00994757
8938.57 0.00210905
8940.75 -0.00573782
8942.93 -0.0135802
8945.11 -0.0214052
8947.29 -0.0292001
8949.47 -0.0369523
8951.65 -0.0446491
8953.82 -0.0522778
8956 -0.0598261
8958.18 -0.0672817
8960.36 -0.0746325
8962.54 -0.0818665
8964.72 -0.0889718
8966.9 -0.095937
8969.08 -0.102751
8971.26 -0.109402
8973.44 -0.11588
8975.62 -0.122174
8977.79 -0.128275
8979.97 -0.134172
8982.15 -0.139855
8984.33 -0.145316
8986.51 -0.150546
8988.69 -0.155537
8990.87 -0.16028
8993.05 -0.164768
8995.23 -0.168994
8997.41 -0.17295
8999.58 -0.176632
9001.76 -0.180033
9003.94 -0.183147
9006.12 -0.185969
9008.3 -0.188496
9010.48 -0.190724
9012.66 -0.192648
9014.84 -0.194265
9017.02 -0.195575
9019.2 -0.196573
9021.37 -0.197259
9023.55 -0.197632
9025.73 -0.19769
9027.91 -0.197435
9030.09 -0.196867
9032.27 -0.195986
9034.45 -0.194793
9036.63 -0.193292
9038.81 -0.191483
9040.99 -0.189371
9043.16 -0.186958
9045.34 -0.184248
9047.52 -0.181245
9049.7 -0.177955
9051.88 -0.174381
9054.06 -0.17053
9056.24 -0.166408
9058.42 -0.162021
9060.6 -0.157376
9062.78 -0.15248
9064.96 -0.147341
9067.13 -0.141966
9069.31 -0.136365
9071.49 -0.130546
9073.67 -0.124517
9075.85 -0.118288
9078.03 -0.11187
9080.21 -0.105271
9082.39 -0.0985022
9084.57 -0.0915741
9086.75 -0.0844975
9088.92 -0.0772833
9091.1 -0.0699428
9093.28 -0.0624875
9095.46 -0.054929
9097.64 -0.0472791
9099.82 -0.0395497
9102 -0.0317531
9104.18 -0.0239014
9106.36 -0.016007
9108.54 -0.00808214
9110.71 -0.000139444
9112.89 0.00780859
9115.07 0.0157495
9117.25 0.0236707
9119.43 0.0315597
9121.61 0.0394039
9123.79 0.047191
9125.97 0.0549086
9128.15 0.0625444
9130.33 0.0700862
9132.5 0.077522
9134.68 0.08484
9136.86 0.0920285
9139.04 0.0990759
9141.22 0.105971
9143.4 0.112702
9145.58 0.11926
9147.76 0.125632
9149.94 0.131809
9152.12 0.137781
9154.29 0.143538
9156.47 0.149071
9158.65 0.15437
9160.83 0.159427
9163.01 0.164234
9165.19 0.168783
9167.37 0.173066
9169.55 0.177077
9171.73 0.180807
9173.91 0.184252
9176.09 0.187405
9178.26 0.190261
9180.44 0.192815
9182.62 0.195063
9184.8 0.197
9186.98 0.198624
9189.16 0.19993
9191.34 0.200918
9193.52 0.201584
9195.7 0.201928
9197.88 0.201947
9200.05 0.201643
9202.23 0.201015
9204.41 0.200063
9206.59 0.19879
9208.77 0.197195
9210.95 0.195282
9213.13 0.193053
9215.31 0.190512
9217.49 0.187662
9219.67 0.184507
9221.84 0.181052
9224.02 0.177302
9226.2 0.173263
9228.38 0.168942
9230.56 0.164344
9232.74 0.159478
9234.92 0.15435
9237.1 0.148968
9239.28 0.143342
9241.46 0.13748
9243.63 0.131391
9245.81 0.125085
9247.99 0.118572
9250.17 0.111863
9252.35 0.104968
9254.53 0.0978986
9256.71 0.0906658
9258.89 0.0832816
9261.07 0.0757578
9263.25 0.0681066
9265.43 0.0603405
9267.6 0.0524722
9269.78 0.0445144
9271.96 0.0364802
9274.14 0.0283826
9276.32 0.0202349
9278.5 0.0120504
9280.68 0.00384238
9282.86 -0.00437562
9285.04 -0.0125902
9287.22 -0.0207879
9289.39 -0.0289554
9291.57 -0.0370793
9293.75 -0.0451463
9295.93 -0.0531433
9298.11 -0.0610572
9300.29 -0.068875
9302.47 -0.0765842
9304.65 -0.0841722
9306.83 -0.0916265
9309.01 -0.0989352
9311.18 -0.106086
9313.36 -0.113068
9315.54 -0.11987
9317.72 -0.126481
9319.9 -0.132889
9322.08 -0.139085
9324.26 -0.145059
9326.44 -0.150802
9328.62 -0.156303
9330.8 -0.161555
9332.97 -0.166549
9335.15 -0.171277
9337.33 -0.175731
9339.51 -0.179905
9341.69 -0.183793
9343.87 -0.187387
9346.05 -0.190683
9348.23 -0.193675
9350.41 -0.196358
9352.59 -0.19873
9354.77 -0.200785
9356.94 -0.202521
9359.12 -0.203935
9361.3 -0.205025
9363.48 -0.20579
9365.66 -0.206228
9367.84 -0.20634
9370.02 -0.206124
9372.2 -0.205581
9374.38 -0.204712
9376.56 -0.20352
9378.73 -0.202005
9380.91 -0.20017
9383.09 -0.198018
9385.27 -0.195553
9387.45 -0.192778
9389.63 -0.189699
9391.81 -0.186318
9393.99 -0.182644
9396.17 -0.178679
9398.35 -0.174432
9400.52 -0.169909
9402.7 -0.165117
9404.88 -0.160062
9407.06 -0.154754
9409.24 -0.149201
9411.42 -0.14341
9413.6 -0.137392
9415.78 -0.131155
9417.96 -0.124709
9420.14 -0.118064
9422.31 -0.111231
9424.49 -0.10422
9426.67 -0.0970421
9428.85 -0.0897084
9431.03 -0.0822305
9433.21 -0.07462
9435.39 -0.0668887
9437.57 -0.0590487
9439.75 -0.0511123
9441.93 -0.0430918
9444.11 -0.035
9446.28 -0.0268493
9448.46 -0.0186527
9450.64 -0.010423
9452.82 -0.00217306
9455 0.00608401
9457.18 0.0143353
9459.36 0.0225677
9461.54 0.0307683
9463.72 0.0389241
9465.9 0.0470221
9468.07 0.0550496
9470.25 0.0629939
9472.43 0.0708422
9474.61 0.078582
9476.79 0.0862012
9478.97 0.0936874
9481.15 0.101029
9483.33 0.108214
9485.51 0.11523
9487.69 0.122067
9489.86 0.128714
9492.04 0.13516
9494.22 0.141394
9496.4 0.147407
9498.58 0.153188
9500.76 0.158728
9502.94 0.164019
9505.12 0.169051
9507.3 0.173817
9509.48 0.178308
9511.65 0.182517
9513.83 0.186438
9516.01 0.190063
9518.19 0.193386
9520.37 0.196402
9522.55 0.199106
9524.73 0.201493
9526.91 0.20356
9529.09 0.205301
9531.27 0.206715
9533.44 0.207798
9535.62 0.208549
9537.8 0.208965
9539.98 0.209047
9542.16 0.208792
9544.34 0.208202
9546.52 0.207277
9548.7 0.206018
9550.88 0.204427
9553.06 0.202505
9555.24 0.200256
9557.41 0.197683
9559.59 0.194789
9561.77 0.19158
9563.95 0.188058
9566.13 0.184231
9568.31 0.180104
9570.49 0.175683
9572.67 0.170975
9574.85 0.165988
9577.03 0.160729
9579.2 0.155206
9581.38 0.149429
9583.56 0.143407
9585.74 0.137148
9587.92 0.130663
9590.1 0.123963
9592.28 0.117058
9594.46 0.10996
9596.64 0.10268
9598.82 0.0952287
9600.99 0.0876196
9603.17 0.0798647
9605.35 0.0719766
9607.53 0.063968
9609.71 0.0558523
9611.89 0.0476426
9614.07 0.0393523
9616.25 0.0309949
9618.43 0.0225843
9620.61 0.0141342
9622.78 0.00565852
9624.96 -0.002829
9627.14 -0.0113144
9629.32 -0.0197837
9631.5 -0.028223
9633.68 -0.0366186
9635.86 -0.0449568
9638.04 -0.0532239
9640.22 -0.0614063
9642.4 -0.0694908
9644.58 -0.0774643
9646.75 -0.0853137
9648.93 -0.0930263
9651.11 -0.10059
9653.29 -0.107991
9655.47 -0.11522
9657.65 -0.122263
9659.83 -0.12911
9662.01 -0.135749
9664.19 -0.14217
9666.37 -0.148363
9668.54 -0.154318
9670.72 -0.160026
9672.9 -0.165477
9675.08 -0.170663
9677.26 -0.175575
9679.44 -0.180207
9681.62 -0.18455
9683.8 -0.188598
9685.98 -0.192346
9688.16 -0.195786
9690.33 -0.198914
9692.51 -0.201725
9694.69 -0.204215
9696.87 -0.20638
9699.05 -0.208217
9701.23 -0.209724
9703.41 -0.210897
9705.59 -0.211736
9707.77 -0.212239
9709.95 -0.212406
9712.12 -0.212237
9714.3 -0.211732
9716.48 -0.210892
9718.66 -0.209719
9720.84 -0.208214
9723.02 -0.206381
9725.2 -0.204222
9727.38 -0.201741
9729.56 -0.198941
9731.74 -0.195828
9733.92 -0.192406
9736.09 -0.188681
9738.27 -0.184659
9740.45 -0.180345
9742.63 -0.175747
9744.81 -0.170872
9746.99 -0.165728
9749.17 -0.160322
9751.35 -0.154664
9753.53 -0.148761
9755.71 -0.142624
9757.88 -0.136261
9760.06 -0.129684
9762.24 -0.122901
9764.42 -0.115923
9766.6 -0.108762
9768.78 -0.101428
9770.96 -0.0939336
9773.14 -0.0862896
9775.32 -0.0785082
9777.5 -0.0706015
9779.67 -0.0625819
9781.85 -0.0544619
9784.03 -0.0462542
9786.21 -0.0379717
9788.39 -0.0296274
9790.57 -0.0212343
9792.75 -0.0128055
9794.93 -0.00435442
9797.11 0.0041057
9799.29 0.0125615
9801.46 0.0209998
9803.64 0.0294072
9805.82 0.0377704
9808 0.0460761
9810.18 0.0543113
9812.36 0.062463
9814.54 0.0705181
9816.72 0.0784639
9818.9 0.0862876
9821.08 0.093977
9823.25 0.10152
9825.43 0.108904
9827.61 0.116117
9829.79 0.123148
9831.97 0.129987
9834.15 0.13662
9836.33 0.143039
9838.51 0.149232
9840.69 0.15519
9842.87 0.160904
9845.05 0.166362
9847.22 0.171558
9849.4 0.176482
9851.58 0.181127
9853.76 0.185484
9855.94 0.189547
9858.12 0.193309
9860.3 0.196764
9862.48 0.199905
9864.66 0.202728
9866.84 0.205228
9869.01 0.2074
9871.19 0.209241
9873.37 0.210748
9875.55 0.211917
9877.73 0.212747
9879.91 0.213235
9882.09 0.213381
9884.27 0.213185
9886.45 0.212645
9888.63 0.211763
9890.8 0.21054
9892.98 0.208977
9895.16 0.207076
9897.34 0.204841
9899.52 0.202273
9901.7 0.199378
9903.88 0.19616
9906.06 0.192623
9908.24 0.188772
9910.42 0.184614
9912.59 0.180156
9914.77 0.175403
9916.95 0.170364
9919.13 0.165046
9921.31 0.159459
9923.49 0.15361
9925.67 0.147509
9927.85 0.141166
9930.03 0.134591
9932.21 0.127794
9934.39 0.120787
9936.56 0.113581
9938.74 0.106188
9940.92 0.0986195
9943.1 0.090888
9945.28 0.0830061
9947.46 0.0749868
9949.64 0.0668432
9951.82 0.0585885
9954 0.0502365
9956.18 0.0418008
9958.35 0.0332953
9960.53 0.0247339
9962.71 0.0161306
9964.89 0.0074998
9967.07 -0.00114447
9969.25 -0.00978804
9971.43 -0.0184167
9973.61 -0.0270162
9975.79 -0.0355725
9977.97 -0.0440717
9980.14 -0.0524998
9982.32 -0.060843
9984.5 -0.0690877
9986.68 -0.0772206
9988.86 -0.0852284
9991.04 -0.0930981
9993.22 -0.100817
9995.4 -0.108373
9997.58 -0.115753
9999.76 -0.122946
10001.9 -0.12994
10004.1 -0.136724
10006.3 -0.143288
10008.5 -0.14962
10010.7 -0.155711
10012.8 -0.161551
10015 -0.167131
10017.2 -0.172443
10019.4 -0.177478
10021.5 -0.182228
10023.7 -0.186686
10025.9 -0.190845
10028.1 -0.194698
10030.3 -0.198241
10032.4 -0.201467
10034.6 -0.204372
10036.8 -0.206952
10039 -0.209202
10041.2 -0.21112
10043.3 -0.212702
10045.5 -0.213947
10047.7 -0.214853
10049.9 -0.215419
10052.1 -0.215643
10054.2 -0.215527
10056.4 -0.215071
10058.6 -0.214275
10060.8 -0.213141
10062.9 -0.211672
10065.1 -0.209869
10067.3 -0.207735
10069.5 -0.205275
10071.7 -0.202493
10073.8 -0.199392
10076 -0.195978
10078.2 -0.192256
10080.4 -0.188232
10082.6 -0.183914
10084.7 -0.179306
10086.9 -0.174418
10089.1 -0.169256
10091.3 -0.163828
10093.5 -0.158144
10095.6 -0.152212
10097.8 -0.146041
10100 -0.13964
10102.2 -0.133021
10104.3 -0.126194
10106.5 -0.119168
10108.7 -0.111955
10110.9 -0.104566
10113.1 -0.0970127
10115.2 -0.089307
10117.4 -0.0814609
10119.6 -0.0734865
10121.8 -0.0653964
10124 -0.0572031
10126.1 -0.0489196
10128.3 -0.0405587
10130.5 -0.0321336
10132.7 -0.0236574
10134.9 -0.0151436
10137 -0.00660541
10139.2 0.0019437
10141.4 0.0104903
10143.6 0.0190208
10145.8 0.027522
10147.9 0.0359803
10150.1 0.0443823
10152.3 0.0527149
10154.5 0.0609648
10156.6 0.0691189
10158.8 0.0771643
10161 0.0850883
10163.2 0.0928783
10165.4 0.100522
10167.5 0.108007
10169.7 0.115321
10171.9 0.122453
10174.1 0.129392
10176.3 0.136126
10178.4 0.142644
10180.6 0.148937
10182.8 0.154993
10185 0.160803
10187.2 0.166359
10189.3 0.17165
10191.5 0.176669
10193.7 0.181406
10195.9 0.185855
10198 0.190009
10200.2 0.193859
10202.4 0.197401
10204.6 0.200627
10206.8 0.203534
10208.9 0.206115
10211.1 0.208367
10213.3 0.210285
10215.5 0.211867
10217.7 0.213109
10219.8 0.21401
10222 0.214566
10224.2 0.214779
10226.4 0.214645
10228.6 0.214166
10230.7 0.213343
10232.9 0.212175
10235.1 0.210664
10237.3 0.208813
10239.4 0.206625
10241.6 0.204101
10243.8 0.201247
10246 0.198067
10248.2 0.194565
10250.3 0.190746
10252.5 0.186617
10254.7 0.182184
10256.9 0.177454
10259.1 0.172435
10261.2 0.167134
10263.4 0.16156
10265.6 0.155721
10267.8 0.149628
10270 0.143289
10272.1 0.136716
10274.3 0.129918
10276.5 0.122907
10278.7 0.115695
10280.8 0.108292
10283 0.100711
10285.2 0.0929649
10287.4 0.0850658
10289.6 0.0770268
10291.7 0.0688612
10293.9 0.0605823
10296.1 0.0522039
10298.3 0.0437398
10300.5 0.0352038
10302.6 0.0266101
10304.8 0.0179728
10307 0.00930614
10309.2 0.000624459
10311.4 -0.00805802
10313.5 -0.016727
10315.7 -0.0253682
10317.9 -0.0339675
10320.1 -0.0425108
10322.3 -0.050984
10324.4 -0.0593735
10326.6 -0.0676654
10328.8 -0.0758463
10331 -0.083903
10333.1 -0.0918223
10335.3 -0.0995915
10337.5 -0.107198
10339.7 -0.11463
10341.9 -0.121875
10344 -0.128922
10346.2 -0.135759
10348.4 -0.142376
10350.6 -0.148762
10352.8 -0.154907
10354.9 -0.160802
10357.1 -0.166437
10359.3 -0.171804
10361.5 -0.176894
10363.7 -0.181699
10365.8 -0.186213
10368 -0.190428
10370.2 -0.194338
10372.4 -0.197937
10374.5 -0.20122
10376.7 -0.204182
10378.9 -0.206819
10381.1 -0.209126
10383.3 -0.211101
10385.4 -0.212741
10387.6 -0.214044
10389.8 -0.215007
10392 -0.215631
10394.2 -0.215914
10396.3 -0.215856
10398.5 -0.215457
10400.7 -0.21472
10402.9 -0.213644
10405.1 -0.212233
10407.2 -0.210488
10409.4 -0.208413
10411.6 -0.206011
10413.8 -0.203286
10415.9 -0.200243
10418.1 -0.196887
10420.3 -0.193223
10422.5 -0.189256
10424.7 -0.184994
10426.8 -0.180443
10429 -0.175611
10431.2 -0.170504
10433.4 -0.165132
10435.6 -0.159502
10437.7 -0.153624
10439.9 -0.147506
10442.1 -0.141158
10444.3 -0.13459
10446.5 -0.127813
10448.6 -0.120837
10450.8 -0.113673
10453 -0.106331
10455.2 -0.0988249
10457.4 -0.0911646
10459.5 -0.0833626
10461.7 -0.075431
10463.9 -0.0673824
10466.1 -0.0592292
10468.2 -0.0509842
10470.4 -0.0426604
10472.6 -0.0342708
10474.8 -0.0258285
10477 -0.0173468
10479.1 -0.008839
10481.3 -0.000318497
10483.5 0.00820127
10485.7 0.0167069
10487.9 0.0251852
10490 0.0336225
10492.2 0.0420056
10494.4 0.0503213
10496.6 0.0585564
10498.8 0.066698
10500.9 0.074733
10503.1 0.0826488
10505.3 0.0904329
10507.5 0.0980729
10509.6 0.105557
10511.8 0.112872
10514 0.120008
10516.2 0.126952
10518.4 0.133695
10520.5 0.140224
10522.7 0.14653
10524.9 0.152602
10527.1 0.158432
10529.3 0.164008
10531.4 0.169323
10533.6 0.174368
10535.8 0.179135
10538 0.183616
10540.2 0.187803
10542.3 0.191691
10544.5 0.195272
10546.7 0.198541
10548.9 0.201492
10551 0.204121
10553.2 0.206422
10555.4 0.208393
10557.6 0.21003
10559.8 0.211329
10561.9 0.212289
10564.1 0.212908
10566.3 0.213185
10568.5 0.213118
10570.7 0.212708
10572.8 0.211955
10575 0.21086
10577.2 0.209424
10579.4 0.20765
10581.6 0.20554
10583.7 0.203097
10585.9 0.200325
10588.1 0.197228
10590.3 0.19381
10592.5 0.190078
10594.6 0.186036
10596.8 0.181692
10599 0.177052
10601.2 0.172123
10603.3 0.166913
10605.5 0.161431
10607.7 0.155685
10609.9 0.149685
10612.1 0.143441
10614.2 0.136961
10616.4 0.130258
10618.6 0.123341
10620.8 0.116223
10623 0.108914
10625.1 0.101428
10627.3 0.0937755
10629.5 0.0859699
10631.7 0.078024
10633.9 0.0699508
10636 0.0617637
10638.2 0.0534762
10640.4 0.0451021
10642.6 0.0366551
10644.7 0.0281493
10646.9 0.0195986
10649.1 0.0110173
10651.3 0.00241943
10653.5 -0.00618076
10655.6 -0.0147692
10657.8 -0.0233316
10660 -0.0318541
10662.2 -0.0403225
10664.4 -0.0487231
10666.5 -0.0570423
10668.7 -0.0652662
10670.9 -0.0733817
10673.1 -0.0813756
10675.3 -0.0892349
10677.4 -0.096947
10679.6 -0.104499
10681.8 -0.11188
10684 -0.119078
10686.1 -0.12608
10688.3 -0.132876
10690.5 -0.139456
10692.7 -0.145808
10694.9 -0.151924
10697 -0.157793
10699.2 -0.163406
10701.4 -0.168755
10703.6 -0.173832
10705.8 -0.178628
10707.9 -0.183137
10710.1 -0.187352
10712.3 -0.191266
10714.5 -0.194874
10716.7 -0.19817
10718.8 -0.20115
10721 -0.20381
10723.2 -0.206145
10725.4 -0.208152
10727.5 -0.209829
10729.7 -0.211173
10731.9 -0.212184
10734.1 -0.212859
10736.3 -0.213198
10738.4 -0.213201
10740.6 -0.212868
10742.8 -0.212201
10745 -0.211201
10747.2 -0.209869
10749.3 -0.208209
10751.5 -0.206222
10753.7 -0.203913
10755.9 -0.201286
10758.1 -0.198344
10760.2 -0.195093
10762.4 -0.191538
10764.6 -0.187685
10766.8 -0.18354
10769 -0.179109
10771.1 -0.1744
10773.3 -0.169421
10775.5 -0.164178
10777.7 -0.158681
10779.8 -0.152938
10782 -0.146958
10784.2 -0.14075
10786.4 -0.134325
10788.6 -0.127692
10790.7 -0.120862
10792.9 -0.113845
10795.1 -0.106653
10797.3 -0.0992959
10799.5 -0.0917863
10801.6 -0.0841356
10803.8 -0.0763557
10806 -0.0684588
10808.2 -0.0604575
10810.4 -0.0523641
10812.5 -0.0441912
10814.7 -0.0359518
10816.9 -0.0276589
10819.1 -0.0193254
10821.2 -0.0109643
10823.4 -0.00258879
10825.6 0.00578787
10827.8 0.0141525
10830 0.022492
10832.1 0.0307932
10834.3 0.039043
10836.5 0.0472284
10838.7 0.0553364
10840.9 0.0633543
10843 0.0712694
10845.2 0.0790691
10847.4 0.0867411
10849.6 0.0942733
10851.8 0.101654
10853.9 0.108871
10856.1 0.115913
10858.3 0.122769
10860.5 0.129428
10862.6 0.135879
10864.8 0.142112
10867 0.148118
10869.2 0.153886
10871.4 0.159408
10873.5 0.164675
10875.7 0.169677
10877.9 0.174408
10880.1 0.178859
10882.3 0.183024
10884.4 0.186895
10886.6 0.190467
10888.8 0.193733
10891 0.196689
10893.2 0.199329
10895.3 0.201649
10897.5 0.203645
10899.7 0.205314
10901.9 0.206653
10904.1 0.207659
10906.2 0.208332
10908.4 0.208668
10910.6 0.208669
10912.8 0.208333
10914.9 0.207661
10917.1 0.206654
10919.3 0.205312
10921.5 0.203639
10923.7 0.201636
10925.8 0.199306
10928 0.196653
10930.2 0.193682
10932.4 0.190395
10934.6 0.1868
10936.7 0.182901
10938.9 0.178705
10941.1 0.174217
10943.3 0.169446
10945.5 0.164399
10947.6 0.159084
10949.8 0.15351
10952 0.147685
10954.2 0.141619
10956.3 0.135323
10958.5 0.128806
10960.7 0.122078
10962.9 0.115152
10965.1 0.108038
10967.2 0.100749
10969.4 0.0932956
10971.6 0.0856907
10973.8 0.077947
10976 0.0700772
10978.1 0.0620944
10980.3 0.0540118
10982.5 0.0458428
10984.7 0.037601
10986.9 0.0293
10989 0.0209535
10991.2 0.0125754
10993.4 0.00417953
10995.6 -0.00422027
10997.7 -0.0126102
10999.9 -0.0209764
11002.1 -0.0293051
11004.3 -0.0375826
11006.5 -0.0457955
11008.6 -0.0539303
11010.8 -0.0619738
11013 -0.0699129
11015.2 -0.0777348
11017.4 -0.0854269
11019.5 -0.0929767
11021.7 -0.100372
11023.9 -0.107602
11026.1 -0.114653
11028.3 -0.121516
11030.4 -0.12818
11032.6 -0.134633
11034.8 -0.140866
11037 -0.146869
11039.1 -0.152633
11041.3 -0.158149
11043.5 -0.163409
11045.7 -0.168404
11047.9 -0.173127
11050 -0.17757
11052.2 -0.181729
11054.4 -0.185595
11056.6 -0.189163
11058.8 -0.192429
11060.9 -0.195388
11063.1 -0.198035
11065.3 -0.200367
11067.5 -0.20238
11069.7 -0.204073
11071.8 -0.205442
11074 -0.206486
11076.2 -0.207204
11078.4 -0.207596
11080.6 -0.207661
11082.7 -0.207399
11084.9 -0.206812
11087.1 -0.205901
11089.3 -0.204668
11091.4 -0.203114
11093.6 -0.201243
11095.8 -0.199059
11098 -0.196564
11100.2 -0.193764
11102.3 -0.190662
11104.5 -0.187264
11106.7 -0.183576
11108.9 -0.179603
11111.1 -0.175351
11113.2 -0.170829
11115.4 -0.166043
11117.6 -0.161
11119.8 -0.155708
11122 -0.150177
11124.1 -0.144414
11126.3 -0.138429
11128.5 -0.132232
11130.7 -0.125831
11132.8 -0.119237
11135 -0.11246
11137.2 -0.105512
11139.4 -0.0984022
11141.6 -0.0911425
11143.7 -0.0837442
11145.9 -0.0762188
11148.1 -0.0685782
11150.3 -0.0608343
11152.5 -0.0529993
11154.6 -0.0450855
11156.8 -0.0371053
11159 -0.0290712
11161.2 -0.0209958
11163.4 -0.0128919
11165.5 -0.0047721
11167.7 0.00335074
11169.9 0.0114638
11172.1 0.0195544
11174.2 0.0276097
11176.4 0.0356172
11178.6 0.043564
11180.8 0.0514377
11183 0.0592258
11185.1 0.0669162
11187.3 0.0744965
11189.5 0.0819549
11191.7 0.0892795
11193.9 0.0964589
11196 0.103482
11198.2 0.110336
11200.4 0.117012
11202.6 0.123499
11204.8 0.129787
11206.9 0.135865
11209.1 0.141724
11211.3 0.147354
11213.5 0.152747
11215.7 0.157895
11217.8 0.162788
11220 0.167419
11222.2 0.171781
11224.4 0.175866
11226.5 0.179669
11228.7 0.183183
11230.9 0.186402
11233.1 0.189322
11235.3 0.191937
11237.4 0.194243
11239.6 0.196236
11241.8 0.197914
11244 0.199272
11246.2 0.20031
11248.3 0.201025
11250.5 0.201416
11252.7 0.201482
11254.9 0.201222
11257.1 0.200638
11259.2 0.199729
11261.4 0.198497
11263.6 0.196944
11265.8 0.195073
11267.9 0.192885
11270.1 0.190385
11272.3 0.187576
11274.5 0.184462
11276.7 0.181049
11278.8 0.177342
11281 0.173346
11283.2 0.169069
11285.4 0.164517
11287.6 0.159697
11289.7 0.154618
11291.9 0.149287
11294.1 0.143713
11296.3 0.137905
11298.5 0.131873
11300.6 0.125626
11302.8 0.119176
11305 0.112532
11307.2 0.105706
11309.3 0.0987085
11311.5 0.0915515
11313.7 0.0842468
11315.9 0.0768067
11318.1 0.0692434
11320.2 0.0615695
11322.4 0.0537977
11324.6 0.045941
11326.8 0.0380125
11329 0.0300252
11331.1 0.0219925
11333.3 0.0139275
11335.5 0.00584382
11337.7 -0.00224531
11339.9 -0.0103266
11342 -0.0183867
11344.2 -0.0264124
11346.4 -0.0343904
11348.6 -0.0423079
11350.8 -0.0501518
11352.9 -0.0579094
11355.1 -0.0655682
11357.3 -0.0731157
11359.5 -0.0805398
11361.6 -0.0878287
11363.8 -0.0949706
11366 -0.101954
11368.2 -0.108768
11370.4 -0.115402
11372.5 -0.121846
11374.7 -0.128089
11376.9 -0.134121
11379.1 -0.139934
11381.3 -0.145518
11383.4 -0.150865
11385.6 -0.155966
11387.8 -0.160815
11390 -0.165403
11392.2 -0.169724
11394.3 -0.173772
11396.5 -0.17754
11398.7 -0.181023
11400.9 -0.184216
11403 -0.187115
11405.2 -0.189715
11407.4 -0.192014
11409.6 -0.194007
11411.8 -0.195692
11413.9 -0.197068
11416.1 -0.198132
11418.3 -0.198884
11420.5 -0.199322
11422.7 -0.199447
11424.8 -0.199259
11427 -0.198759
11429.2 -0.197947
11431.4 -0.196826
11433.6 -0.195398
11435.8 -0.193601
11438.1 -0.191481
11440.3 -0.189042
11442.6 -0.18629
11444.8 -0.183228
11447.1 -0.179863
11449.3 -0.176201
11451.6 -0.172247
11453.8 -0.168009
11456.1 -0.163493
11458.4 -0.158709
11460.6 -0.153663
11462.9 -0.148365
11465.1 -0.142823
11467.4 -0.137048
11469.6 -0.131048
11471.9 -0.124833
11474.1 -0.118415
11476.4 -0.111805
11478.6 -0.105012
11480.9 -0.0980489
11483.1 -0.0909272
11485.4 -0.083659
11487.7 -0.0762562
11489.9 -0.0687314
11492.2 -0.0610972
11494.4 -0.0533665
11496.7 -0.0455523
11498.9 -0.0376676
11501.2 -0.0297257
11503.4 -0.0217401
11505.7 -0.0137241
11507.9 -0.00569124
11510.2 0.00234497
11512.5 0.0103709
11514.7 0.0183731
11517 0.0263381
11519.2 0.0342524
11521.5 0.0421027
11523.7 0.0498757
11526 0.0575583
11528.2 0.0651376
11530.5 0.0726007
11532.7 0.079935
11535 0.0871282
11537.2 0.0941681
11539.5 0.101043
11541.8 0.107741
11544 0.114251
11546.3 0.120561
11548.5 0.126662
11550.8 0.132543
11553 0.138194
11555.3 0.143605
11557.5 0.148768
11559.8 0.153672
11562 0.158312
11564.3 0.162677
11566.6 0.166761
11568.8 0.170558
11571.1 0.174059
11573.3 0.17726
11575.6 0.180156
11577.8 0.18274
11580.1 0.185008
11582.3 0.186957
11584.6 0.188584
11586.8 0.189885
11589.1 0.190857
11591.4 0.1915
11593.6 0.191812
11595.9 0.191792
11598.1 0.191441
11600.4 0.190758
11602.6 0.189745
11604.9 0.188403
11607.1 0.186734
11609.4 0.184742
11611.6 0.18243
11613.9 0.179801
11616.1 0.17686
11618.4 0.173611
11620.7 0.170061
11622.9 0.166216
11625.2 0.162082
11627.4 0.157666
11629.7 0.152976
11631.9 0.14802
11634.2 0.142807
11636.4 0.137346
11638.7 0.131647
11640.9 0.12572
11643.2 0.119574
11645.5 0.113222
11647.7 0.106674
11650 0.0999414
11652.2 0.0930371
11654.5 0.0859731
11656.7 0.0787619
11659 0.0714163
11661.2 0.0639495
11663.5 0.0563749
11665.7 0.0487057
11668 0.0409558
11670.3 0.033139
11672.5 0.0252691
11674.8 0.0173601
11677 0.00942606
11679.3 0.001481
11681.5 -0.00646101
11683.8 -0.0143861
11686 -0.0222802
11688.3 -0.0301296
11690.5 -0.0379204
11692.8 -0.0456391
11695 -0.0532724
11697.3 -0.060807
11699.6 -0.0682298
11701.8 -0.0755281
11704.1 -0.0826896
11706.3 -0.0897019
11708.6 -0.0965531
11710.8 -0.103232
11713.1 -0.109726
11715.3 -0.116026
11717.6 -0.122121
11719.8 -0.128
11722.1 -0.133655
11724.4 -0.139075
11726.6 -0.144252
11728.9 -0.149178
11731.1 -0.153844
11733.4 -0.158244
11735.6 -0.16237
11737.9 -0.166216
11740.1 -0.169776
11742.4 -0.173045
11744.6 -0.176017
11746.9 -0.178688
11749.2 -0.181055
11751.4 -0.183114
11753.7 -0.184862
11755.9 -0.186296
11758.2 -0.187415
11760.4 -0.188219
11762.7 -0.188705
11764.9 -0.188874
11767.2 -0.188726
11769.4 -0.188261
11771.7 -0.187483
11773.9 -0.18639
11776.2 -0.184988
11778.5 -0.183277
11780.7 -0.181262
11783 -0.178946
11785.2 -0.176334
11787.5 -0.17343
11789.7 -0.17024
11792 -0.166769
11794.2 -0.163023
11796.5 -0.159009
11798.7 -0.154734
11801 -0.150205
11803.3 -0.145429
11805.5 -0.140416
11807.8 -0.135174
11810 -0.129711
11812.3 -0.124038
11814.5 -0.118162
11816.8 -0.112095
11819 -0.105847
11821.3 -0.099428
11823.5 -0.092849
11825.8 -0.0861211
11828.1 -0.0792556
11830.3 -0.0722642
11832.6 -0.0651586
11834.8 -0.0579506
11837.1 -0.0506526
11839.3 -0.0432768
11841.6 -0.0358355
11843.8 -0.0283413
11846.1 -0.0208069
11848.3 -0.013245
11850.6 -0.00566821
11852.8 0.00191066
11855.1 0.00947877
11857.4 0.0170233
11859.6 0.0245317
11861.9 0.0319912
11864.1 0.0393893
11866.4 0.0467134
11868.6 0.0539512
11870.9 0.0610905
11873.1 0.0681193
11875.4 0.0750257
11877.6 0.0817981
11879.9 0.088425
11882.2 0.0948954
11884.4 0.101198
11886.7 0.107323
11888.9 0.113259
11891.2 0.118997
11893.4 0.124527
11895.7 0.129839
11897.9 0.134925
11900.2 0.139776
11902.4 0.144384
11904.7 0.14874
11907 0.152839
11909.2 0.156673
11911.5 0.160235
11913.7 0.163519
11916 0.16652
11918.2 0.169232
11920.5 0.171652
11922.7 0.173775
11925 0.175596
11927.2 0.177114
11929.5 0.178326
11931.7 0.179229
11934 0.179821
11936.3 0.180103
11938.5 0.180072
11940.8 0.17973
11943 0.179076
11945.3 0.178112
11947.5 0.17684
11949.8 0.17526
11952 0.173377
11954.3 0.171194
11956.5 0.168713
11958.8 0.165939
11961.1 0.162878
11963.3 0.159534
11965.6 0.155913
11967.8 0.152022
11970.1 0.147867
11972.3 0.143455
11974.6 0.138795
11976.8 0.133894
11979.1 0.128762
11981.3 0.123407
11983.6 0.117839
11985.9 0.112067
11988.1 0.106103
11990.4 0.0999559
11992.6 0.0936377
11994.9 0.0871594
11997.1 0.0805326
11999.4 0.0737691
12001.6 0.066881
12003.9 0.0598806
12006.1 0.0527805
12008.4 0.0455933
12010.6 0.0383318
12012.9 0.031009
12015.2 0.0236378
12017.4 0.0162315
12019.7 0.00880296
12021.9 0.00136551
12024.2 -0.00606775
12026.4 -0.0134838
12028.7 -0.0208696
12030.9 -0.0282123
12033.2 -0.0354989
12035.4 -0.0427168
12037.7 -0.0498537
12040 -0.0568971
12042.2 -0.0638348
12044.5 -0.0706551
12046.7 -0.0773463
12049 -0.0838971
12051.2 -0.0902963
12053.5 -0.0965333
12055.7 -0.102597
12058 -0.108479
12060.2 -0.114168
12062.5 -0.119655
12064.8 -0.124931
12067 -0.129987
12069.3 -0.134816
12071.5 -0.13941
12073.8 -0.143761
12076 -0.147862
12078.3 -0.151708
12080.5 -0.155291
12082.8 -0.158607
12085 -0.161651
12087.3 -0.164418
12089.5 -0.166904
12091.8 -0.169105
12094.1 -0.171018
12096.3 -0.172642
12098.6 -0.173972
12100.8 -0.175009
12103.1 -0.175751
12105.3 -0.176197
12107.6 -0.176347
12109.8 -0.176202
12112.1 -0.175761
12114.3 -0.175028
12116.6 -0.174002
12118.9 -0.172687
12121.1 -0.171085
12123.4 -0.1692
12125.6 -0.167034
12127.9 -0.164592
12130.1 -0.161879
12132.4 -0.158899
12134.6 -0.155657
12136.9 -0.15216
12139.1 -0.148414
12141.4 -0.144424
12143.7 -0.140199
12145.9 -0.135745
12148.2 -0.131069
12150.4 -0.126181
12152.7 -0.121088
12154.9 -0.115798
12157.2 -0.110322
12159.4 -0.104668
12161.7 -0.0988454
12163.9 -0.0928648
12166.2 -0.0867358
12168.4 -0.0804689
12170.7 -0.0740749
12173 -0.0675643
12175.2 -0.0609481
12177.5 -0.0542376
12179.7 -0.0474441
12182 -0.040579
12184.2 -0.0336539
12186.5 -0.0266804
12188.7 -0.0196705
12191 -0.0126359
12193.2 -0.00558833
12195.5 0.0014602
12197.8 0.00849778
12200 0.0155125
12202.3 0.0224926
12204.5 0.0294264
12206.8 0.036302
12209 0.043108
12211.3 0.0498327
12213.5 0.056465
12215.8 0.0629937
12218 0.0694077
12220.3 0.0756962
12222.6 0.0818488
12224.8 0.0878549
12227.1 0.0937046
12229.3 0.099388
12231.6 0.104896
12233.8 0.110218
12236.1 0.115347
12238.3 0.120272
12240.6 0.124987
12242.8 0.129484
12245.1 0.133754
12247.3 0.13779
12249.6 0.141586
12251.9 0.145136
12254.1 0.148433
12256.4 0.151471
12258.6 0.154247
12260.9 0.156755
12263.1 0.15899
12265.4 0.16095
12267.6 0.16263
12269.9 0.164029
12272.1 0.165143
12274.4 0.16597
12276.7 0.16651
12278.9 0.166762
12281.2 0.166724
12283.4 0.166397
12285.7 0.165782
12287.9 0.164879
12290.2 0.163691
12292.4 0.162218
12294.7 0.160465
12296.9 0.158433
12299.2 0.156127
12301.5 0.15355
12303.7 0.150706
12306 0.147602
12308.2 0.144242
12310.5 0.140632
12312.7 0.136779
12315 0.13269
12317.2 0.128371
12319.5 0.12383
12321.7 0.119076
12324 0.114117
12326.2 0.108962
12328.5 0.103619
12330.8 0.0980997
12333 0.0924124
12335.3 0.0865678
12337.5 0.0805764
12339.8 0.0744489
12342 0.0681962
12344.3 0.0618296
12346.5 0.0553604
12348.8 0.0488003
12351 0.0421609
12353.3 0.0354541
12355.6 0.0286918
12357.8 0.0218862
12360.1 0.0150491
12362.3 0.00819269
12364.6 0.00132918
12366.8 -0.00552933
12369.1 -0.0123709
12371.3 -0.0191836
12373.6 -0.0259554
12375.8 -0.0326745
12378.1 -0.0393293
12380.4 -0.0459085
12382.6 -0.0524006
12384.9 -0.0587943
12387.1 -0.065079
12389.4 -0.071244
12391.6 -0.0772787
12393.9 -0.0831731
12396.1 -0.0889172
12398.4 -0.0945015
12400.6 -0.0999169
12402.9 -0.105154
12405.1 -0.110205
12407.4 -0.115061
12409.7 -0.119715
12411.9 -0.124158
12414.2 -0.128384
12416.4 -0.132387
12418.7 -0.136159
12420.9 -0.139696
12423.2 -0.142991
12425.4 -0.146039
12427.5 -0.148568
12429.5 -0.150891
12431.5 -0.153004
12433.6 -0.154906
12435.6 -0.156595
12437.6 -0.158068
12439.6 -0.159325
12441.7 -0.160363
12443.7 -0.161181
12445.7 -0.16178
12447.8 -0.162159
12449.8 -0.162317
12451.8 -0.162255
12453.8 -0.161973
12455.9 -0.161473
12457.9 -0.160754
12459.9 -0.159819
12461.9 -0.158669
12464 -0.157307
12466 -0.155733
12468 -0.153951
12470.1 -0.151963
12472.1 -0.149773
12474.1 -0.147383
12476.1 -0.144797
12478.2 -0.142019
12480.2 -0.139053
12482.2 -0.135902
12484.3 -0.132573
12486.3 -0.129068
12488.3 -0.125394
12490.3 -0.121554
12492.4 -0.117556
12494.4 -0.113403
12496.4 -0.109102
12498.5 -0.10466
12500.5 -0.100081
12502.5 -0.0953719
12504.5 -0.0905401
12506.6 -0.0855916
12508.6 -0.0805333
12510.6 -0.075372
12512.7 -0.070115
12514.7 -0.0647695
12516.7 -0.0593427
12518.7 -0.0538421
12520.8 -0.0482751
12522.8 -0.0426495
12524.8 -0.036973
12526.9 -0.0312532
12528.9 -0.025498
12530.9 -0.0197153
12532.9 -0.0139131
12535 -0.00809921
12537 -0.00228159
12539 0.00353182
12541.1 0.009333
12543.1 0.015114
12545.1 0.020867
12547.1 0.0265841
12549.2 0.0322576
12551.2 0.0378797
12553.2 0.0434425
12555.3 0.0489388
12557.3 0.0543609
12559.3 0.0597015
12561.3 0.0649532
12563.4 0.0701089
12565.4 0.0751617
12567.4 0.0801047
12569.5 0.0849312
12571.5 0.0896345
12573.5 0.0942083
12575.5 0.0986465
12577.6 0.102943
12579.6 0.107092
12581.6 0.111088
12583.7 0.114925
12585.7 0.118599
12587.7 0.122104
12589.7 0.125436
12591.8 0.12859
12593.8 0.131562
12595.8 0.134347
12597.9 0.136943
12599.9 0.139345
12601.9 0.141551
12603.9 0.143557
12606 0.14536
12608 0.146959
12610 0.148351
12612.1 0.149571
12614.2 0.150566
12616.3 0.151335
12618.4 0.151876
12620.5 0.152188
12622.6 0.152272
12624.7 0.152127
12626.8 0.151754
12628.9 0.151153
12631 0.150324
12633.1 0.14927
12635.2 0.147992
12637.3 0.146492
12639.4 0.144772
12641.5 0.142835
12643.6 0.140683
12645.7 0.138321
12647.8 0.135752
12649.9 0.132979
12652 0.130008
12654.1 0.126842
12656.2 0.123486
12658.3 0.119947
12660.4 0.116228
12662.5 0.112337
12664.6 0.108279
12666.7 0.10406
12668.8 0.0996864
12670.9 0.095166
12673 0.0905055
12675.1 0.0857119
12677.2 0.0807927
12679.3 0.0757557
12681.3 0.0706087
12683.4 0.0653597
12685.5 0.0600168
12687.6 0.0545882
12689.7 0.0490826
12691.8 0.0435084
12693.9 0.0378742
12696 0.0321886
12698.1 0.0264604
12700.2 0.0206987
12702.3 0.014912
12704.4 0.00910921
12706.5 0.00329925
12708.6 -0.00250898
12710.7 -0.00830665
12712.8 -0.0140851
12714.9 -0.0198355
12717 -0.0255493
12719.1 -0.0312178
12721.2 -0.0368326
12723.3 -0.0423854
12725.4 -0.047868
12727.5 -0.0532721
12729.6 -0.0585897
12731.7 -0.0638133
12733.8 -0.0689352
12735.9 -0.073948
12738 -0.0788442
12740.1 -0.0836169
12742.2 -0.0882594
12744.3 -0.092765
12746.4 -0.0971273
12748.5 -0.10134
12750.6 -0.105398
12752.7 -0.109294
12754.8 -0.113025
12756.9 -0.116584
12759 -0.119966
12761.1 -0.123168
12763.2 -0.126185
12765.3 -0.129012
12767.4 -0.131647
12769.5 -0.134085
12771.6 -0.136324
12773.7 -0.138361
12775.8 -0.140193
12777.8 -0.141819
12779.9 -0.143235
12782 -0.144442
12784.1 -0.145436
12786.2 -0.146218
12788.3 -0.146787
12790.4 -0.147142
12792.5 -0.147283
12794.6 -0.14721
12796.7 -0.146925
12798.8 -0.146427
12800.9 -0.145718
12803 -0.1448
12805.1 -0.143674
12807.2 -0.142341
12809.3 -0.140805
12811.4 -0.139068
12813.5 -0.137133
12815.6 -0.135002
12817.7 -0.13268
12819.8 -0.13017
12821.9 -0.127475
12824 -0.1246
12826.1 -0.12155
12828.2 -0.118328
12830.3 -0.11494
12832.4 -0.111391
12834.5 -0.107686
12836.6 -0.103831
12838.7 -0.0998314
12840.8 -0.0956933
12842.9 -0.0914226
12845 -0.0870257
12847.1 -0.0825093
12849.2 -0.0778799
12851.3 -0.0731444
12853.4 -0.0683097
12855.5 -0.0633829
12857.6 -0.0583714
12859.7 -0.0532824
12861.8 -0.0481234
12863.9 -0.0429021
12866 -0.037626
12868.1 -0.032303
12870.2 -0.0269408
12872.2 -0.0215472
12874.3 -0.0161303
12876.4 -0.0106979
12878.5 -0.0052581
12880.6 0.000181323
12882.7 0.00561236
12884.8 0.011027
12886.9 0.0164173
12889 0.0217754
12891.1 0.0270936
12893.2 0.0323641
12895.3 0.0375791
12897.4 0.042731
12899.5 0.0478124
12901.6 0.0528159
12903.7 0.0577342
12905.8 0.0625601
12907.9 0.0672866
12910 0.071907
12912.1 0.0764145
12914.2 0.0808025
12916.3 0.0850648
12918.4 0.0891951
12920.5 0.0931876
12922.6 0.0970364
12924.7 0.100736
12926.8 0.104281
12928.9 0.107667
12931 0.110888
12933.1 0.11394
12935.2 0.116818
12937.3 0.119519
12939.4 0.122038
12941.5 0.124373
12943.6 0.126519
12945.7 0.128473
12947.8 0.130233
12949.9 0.131797
12952 0.133161
12954.1 0.134325
12956.2 0.135286
12958.3 0.136043
12960.4 0.136595
12962.5 0.136942
12964.6 0.137083
12966.7 0.137017
12968.7 0.136746
12970.8 0.136269
12972.9 0.135588
12975 0.134703
12977.1 0.133616
12979.2 0.132328
12981.3 0.130842
12983.4 0.12916
12985.5 0.127285
12987.6 0.125219
12989.7 0.122966
12991.8 0.12053
12994 0.117818
12996.2 0.114918
12998.3 0.111834
13000.5 0.108573
13002.7 0.105138
13004.9 0.101537
13007 0.0977746
13009.2 0.0938577
13011.4 0.0897926
13013.5 0.0855864
13015.7 0.081246
13017.9 0.0767787
13020.1 0.0721918
13022.2 0.0674932
13024.4 0.0626906
13026.6 0.0577922
13028.7 0.0528059
13030.9 0.0477401
13033.1 0.0426034
13035.3 0.0374041
13037.4 0.0321509
13039.6 0.0268523
13041.8 0.0215173
13043.9 0.0161546
13046.1 0.0107729
13048.3 0.00538105
13050.5 -1.22033e-05
13052.6 -0.00539801
13054.8 -0.0107677
13057 -0.0161126
13059.1 -0.0214241
13061.3 -0.0266937
13063.5 -0.0319129
13065.7 -0.0370735
13067.8 -0.0421674
13070 -0.0471864
13072.2 -0.0521227
13074.3 -0.0569684
13076.5 -0.0617163
13078.7 -0.0663588
13080.9 -0.0708888
13083 -0.0752993
13085.2 -0.0795837
13087.4 -0.0837354
13089.6 -0.0877482
13091.7 -0.091616
13093.9 -0.0953331
13096.1 -0.0988941
13098.2 -0.102294
13100.4 -0.105527
13102.6 -0.108589
13104.8 -0.111475
13106.9 -0.114182
13109.1 -0.116706
13111.3 -0.119043
13113.4 -0.12119
13115.6 -0.123144
13117.8 -0.124902
13120 -0.126463
13122.1 -0.127823
13124.3 -0.128983
13126.5 -0.12994
13128.6 -0.130693
13130.8 -0.131241
13133 -0.131585
13135.2 -0.131724
13137.3 -0.131659
13139.5 -0.131389
13141.7 -0.130916
13143.8 -0.130241
13146 -0.129365
13148.2 -0.12829
13150.4 -0.127019
13152.5 -0.125553
13154.7 -0.123895
13156.9 -0.122048
13159 -0.120015
13161.2 -0.1178
13163.4 -0.115406
13165.6 -0.112838
13167.7 -0.110099
13169.9 -0.107195
13172.1 -0.104129
13174.2 -0.100908
13176.4 -0.0975347
13178.6 -0.0940165
13180.8 -0.0903583
13182.9 -0.0865662
13185.1 -0.0826462
13187.3 -0.0786043
13189.4 -0.0744472
13191.6 -0.0701815
13193.8 -0.0658139
13196 -0.0613513
13198.1 -0.0568007
13200.3 -0.0521695
13202.5 -0.0474648
13204.7 -0.0426942
13206.8 -0.0378651
13209 -0.0329852
13211.2 -0.0280622
13213.3 -0.0231038
13215.5 -0.0181179
13217.7 -0.0131122
13219.9 -0.00809469
13222 -0.00307327
13224.2 0.00194427
13226.4 0.00695
13228.5 0.011936
13230.7 0.0168945
13232.9 0.0218178
13235.1 0.0266982
13237.2 0.031528
13239.4 0.0362996
13241.6 0.0410057
13243.7 0.0456389
13245.9 0.050192
13248.1 0.0546579
13250.3 0.0590296
13252.4 0.0633005
13254.6 0.0674639
13256.8 0.0715132
13258.9 0.0754424
13261.1 0.0792453
13263.3 0.082916
13265.5 0.086449
13267.6 0.0898387
13269.8 0.09308
13272 0.096168
13274.1 0.0990978
13276.3 0.101865
13278.5 0.104465
13280.7 0.106895
13282.8 0.10915
13285 0.111227
13287.2 0.113123
13289.3 0.114836
13291.5 0.116361
13293.7 0.117699
13295.9 0.118845
13298 0.119799
13300.2 0.120559
13302.4 0.121124
13304.6 0.121494
13306.7 0.121667
13308.9 0.121645
13311.1 0.121426
13313.2 0.121012
13315.4 0.120403
13317.6 0.1196
13319.8 0.118605
13321.9 0.11742
13324.1 0.116047
13326.3 0.114487
13328.4 0.112744
13330.6 0.110821
13332.8 0.108721
13335 0.106447
13337.1 0.104004
13339.3 0.101395
13341.5 0.0986253
13343.6 0.095699
13345.8 0.0926212
13348 0.0893973
13350.2 0.0860325
13352.3 0.0825326
13354.5 0.0789034
13356.7 0.0751511
13358.8 0.071282
13361 0.0673025
13363.2 0.0632193
13365.4 0.0590393
13367.5 0.0547696
13369.7 0.0504171
13371.9 0.0459891
13374 0.0414929
13376.2 0.0369362
13378.4 0.0323265
13380.6 0.0276712
13382.7 0.0229781
13384.9 0.0182549
13387.1 0.0135095
13389.2 0.00874942
13391.4 0.0039825
13393.6 -0.00078351
13395.8 -0.00554082
13397.9 -0.0102818
13400.1 -0.0149989
13402.3 -0.0196845
13404.4 -0.0243312
13406.6 -0.0289314
13408.8 -0.033478
13411 -0.0379638
13413.1 -0.0423818
13415.3 -0.0467249
13417.5 -0.0509866
13419.7 -0.0551601
13421.8 -0.0592392
13424 -0.0632174
13426.2 -0.0670886
13428.3 -0.0708472
13430.5 -0.0744874
13432.7 -0.0780037
13434.9 -0.0813909
13437 -0.0846439
13439.2 -0.087758
13441.4 -0.0907287
13443.5 -0.0935516
13445.7 -0.0962226
13447.9 -0.0987381
13450.1 -0.101094
13452.2 -0.103288
13454.4 -0.105317
13456.6 -0.107177
13458.7 -0.108866
13460.9 -0.110383
13463.1 -0.111725
13465.3 -0.11289
13467.4 -0.113877
13469.6 -0.114686
13471.8 -0.115314
13473.9 -0.115763
13476.1 -0.11603
13478.3 -0.116118
13480.5 -0.116024
13482.6 -0.115751
13484.8 -0.115299
13487 -0.114669
13489.1 -0.113863
13491.3 -0.112882
13493.5 -0.111727
13495.7 -0.110402
13497.8 -0.108908
13500 -0.107248
13502.2 -0.105426
13504.3 -0.103443
13506.5 -0.101304
13508.7 -0.0990114
13510.9 -0.0965699
13513 -0.0939833
13515.2 -0.0912558
13517.4 -0.0883919
13519.6 -0.0853961
13521.7 -0.0822733
13523.9 -0.0790287
13526.1 -0.0756673
13528.2 -0.0721947
13530.4 -0.0686162
13532.6 -0.0649377
13534.8 -0.0611651
13536.9 -0.0573043
13539.1 -0.0533614
13541.3 -0.0493428
13543.4 -0.0452548
13545.6 -0.041104
13547.8 -0.0368968
13550 -0.0326399
13552.1 -0.0283401
13554.3 -0.0240043
13556.5 -0.0196391
13558.6 -0.0152515
13560.8 -0.0108484
13563 -0.00643688
13565.2 -0.00202377
13567.3 0.00238405
13569.5 0.00677961
13571.7 0.0111559
13573.8 0.0155062
13576 0.0198236
13578.2 0.0241015
13580.4 0.0283331
13582.5 0.0325116
13584.7 0.0366308
13586.9 0.0406843
13589 0.0446656
13591.2 0.0485686
13593.4 0.0523871
13595.6 0.0561155
13597.7 0.0597479
13599.9 0.0632787
13602.1 0.0667024
13604.2 0.0700137
13606.4 0.0732077
13608.6 0.0762794
13610.8 0.0792241
13612.9 0.0820372
13615.1 0.0847146
13617.3 0.0872522
13619.4 0.0896461
13621.6 0.0918925
13623.8 0.0939883
13626 0.0959303
13628.1 0.0977155
13630.3 0.0993411
13632.5 0.100805
13634.7 0.102105
13636.8 0.103239
13639 0.104205
13641.2 0.105002
13643.3 0.10563
13645.5 0.106086
13647.7 0.106371
13649.9 0.106485
13652 0.106426
13654.2 0.106196
13656.4 0.105796
13658.5 0.105225
13660.7 0.104485
13662.9 0.103577
13665.1 0.102504
13667.2 0.101266
13669.4 0.0998666
13671.6 0.0983076
13673.7 0.0965919
13675.9 0.0947224
13678.1 0.0927022
13680.3 0.090535
13682.4 0.0882244
13684.6 0.0857744
13686.8 0.0831891
13688.9 0.0804728
13691.1 0.0776304
13693.3 0.0746666
13695.5 0.0715863
13697.6 0.0683947
13699.8 0.0650974
13702 0.0616999
13704.1 0.0582078
13706.3 0.0546269
13708.5 0.0509634
13710.7 0.0472233
13712.8 0.043413
13715 0.0395386
13717.2 0.0356066
13719.3 0.0316237
13721.5 0.0275964
13723.7 0.0235312
13725.9 0.0194349
13728 0.0153142
13730.2 0.0111758
13732.4 0.00702658
13734.5 0.00287308
13736.7 -0.00127791
13738.9 -0.00541962
13741.1 -0.00954542
13743.2 -0.0136488
13745.4 -0.0177231
13747.6 -0.021762
13749.8 -0.0257588
13751.9 -0.0297075
13754.1 -0.0336019
13756.3 -0.0374358
13758.4 -0.0412031
13760.6 -0.0448982
13762.8 -0.0485154
13765 -0.0520491
13767.1 -0.0554938
13769.3 -0.0588444
13771.5 -0.0620958
13773.6 -0.0652431
13775.8 -0.0682817
13778 -0.071207
13780.2 -0.0740146
13782.3 -0.0767007
13784.5 -0.0792611
13786.7 -0.0816923
13788.8 -0.0839906
13791 -0.086153
13793.2 -0.0881764
13795.4 -0.090058
13797.5 -0.0917951
13799.7 -0.0933855
13801.9 -0.0948272
13804 -0.0961182
13806.2 -0.0972568
13808.4 -0.0982416
13810.6 -0.0990718
13812.7 -0.0997461
13814.9 -0.100264
13817.1 -0.100625
13819.2 -0.100829
13821.4 -0.100876
13823.6 -0.100767
13825.8 -0.100501
13827.9 -0.10008
13830.1 -0.099505
13832.3 -0.0987766
13834.4 -0.0978964
13836.6 -0.0968663
13838.8 -0.095688
13841 -0.0943639
13843.1 -0.0928961
13845.3 -0.0912872
13847.5 -0.0895401
13849.7 -0.0876576
13851.8 -0.085643
13854 -0.0834995
13856.2 -0.0812308
13858.3 -0.0788406
13860.5 -0.0763328
13862.7 -0.0737115
13864.9 -0.0709809
13867 -0.0681455
13869.2 -0.06521
13871.4 -0.0621789
13873.5 -0.0590572
13875.7 -0.0558498
13877.9 -0.052562
13880.1 -0.049199
13882.2 -0.0457661
13884.4 -0.0422688
13886.6 -0.0387127
13888.7 -0.0351036
13890.9 -0.031447
13893.1 -0.0277488
13895.3 -0.0240148
13897.4 -0.0202511
13899.6 -0.0164636
13901.8 -0.0126581
13903.9 -0.00884075
13906.1 -0.00501765
13908.3 -0.00119478
13910.5 0.00262192
13912.6 0.00642642
13914.8 0.0102127
13917 0.0139748
13919.1 0.0177068
13921.3 0.0214031
13923.5 0.0250577
13925.7 0.0286649
13927.8 0.0322191
13930 0.0357149
13932.2 0.0391469
13934.3 0.0425095
13936.5 0.0457977
13938.7 0.0490065
13940.9 0.0521308
13943 0.0551659
13945.2 0.0581071
13947.4 0.0609498
13949.5 0.0636898
13951.7 0.066323
13953.9 0.0688451
13956.1 0.0712525
13958.2 0.0735415
13960.4 0.0757086
13962.6 0.0777506
13964.8 0.0796644
13966.9 0.0814471
13969.1 0.0830962
13971.3 0.0846091
13973.4 0.0859836
13975.6 0.0872178
13977.8 0.0883098
13980 0.0892581
13982.1 0.0900614
13984.3 0.0907185
13986.5 0.0912286
13988.6 0.0915911
13990.8 0.0918056
13993 0.0918719
13995.2 0.09179
13997.3 0.0915604
13999.5 0.0911837
14001.7 0.0906604
14003.8 0.0899918
14006 0.0891791
14008.2 0.0882238
14010.4 0.0871275
14012.5 0.0858924
14014.7 0.0845206
14016.9 0.0830145
14019 0.0813768
14021.2 0.0796103
14023.4 0.077718
14025.6 0.0757033
14027.7 0.0735696
14029.9 0.0713206
14032.1 0.0689601
14034.2 0.0664922
14036.4 0.063921
14038.6 0.061251
14040.8 0.0584866
14042.9 0.0556326
14045.1 0.0526938
14047.3 0.049675
14049.4 0.0465814
14051.6 0.0434182
14053.8 0.0401906
14056 0.0369041
14058.1 0.0335641
14060.3 0.0301761
14062.5 0.0267457
14064.7 0.0232787
14066.8 0.0197806
14069 0.0162572
14071.2 0.0127144
14073.3 0.0091578
14075.5 0.00559327
14077.7 0.00202649
14079.9 -0.00153676
14082 -0.0050907
14084.2 -0.00862965
14086.4 -0.012148
14088.5 -0.0156403
14090.7 -0.0191008
14092.9 -0.0225241
14095.1 -0.0259049
14097.2 -0.0292379
14099.4 -0.0325179
14101.6 -0.0357398
14103.7 -0.0388986
14105.9 -0.0419896
14108.1 -0.045008
14110.3 -0.0479492
14112.4 -0.0508088
14114.6 -0.0535824
14116.8 -0.056266
14118.9 -0.0588555
14121.1 -0.0613471
14123.3 -0.0637372
14125.5 -0.0660223
14127.6 -0.0681992
14129.8 -0.0702646
14132 -0.0722156
14134.1 -0.0740495
14136.3 -0.0757638
14138.5 -0.0773561
14140.7 -0.0788242
14142.8 -0.0801662
14145 -0.0813804
14147.2 -0.0824651
14149.3 -0.083419
14151.5 -0.084241
14153.7 -0.0849302
14155.9 -0.0854858
14158 -0.0859072
14160.2 -0.0861942
14162.4 -0.0863467
14164.5 -0.0863648
14166.7 -0.0862487
14168.9 -0.0859989
14171.1 -0.0856162
14173.2 -0.0851014
14175.4 -0.0844557
14177.6 -0.0836803
14179.8 -0.0827767
14181.9 -0.0817467
14184.1 -0.0805921
14186.3 -0.0793148
14188.4 -0.0779172
14190.6 -0.0764016
14192.8 -0.0747708
14195 -0.0730274
14197.1 -0.0711742
14199.3 -0.0692145
14201.5 -0.0671515
14203.6 -0.0649886
14205.8 -0.0627293
14208 -0.0603772
14210.2 -0.0579364
14212.3 -0.0554106
14214.5 -0.0528041
14216.7 -0.0501209
14218.8 -0.0473655
14221 -0.0445423
14223.2 -0.0416559
14225.4 -0.0387107
14227.5 -0.0357115
14229.7 -0.0326633
14231.9 -0.0295708
14234 -0.0264389
14236.2 -0.0232726
14238.4 -0.0200771
14240.6 -0.0168573
14242.7 -0.0136184
14244.9 -0.0103655
14247.1 -0.00710372
14249.2 -0.00383829
14251.4 -0.000574349
14253.6 0.00268302
14255.8 0.00592868
14257.9 0.00915747
14260.1 0.0123643
14262.3 0.0155443
14264.4 0.0186924
14266.6 0.0218036
14268.8 0.0248732
14271 0.0278963
14273.1 0.0308684
14275.3 0.0337847
14277.5 0.0366408
14279.6 0.0394322
14281.8 0.0421547
14284 0.0448042
14286.2 0.0473764
14288.3 0.0498675
14290.5 0.0522737
14292.7 0.0545913
14294.9 0.0568169
14297 0.058947
14299.2 0.0609784
14301.4 0.0629082
14303.5 0.0647333
14305.7 0.0664511
14307.9 0.068059
14310.1 0.0695547
14312.2 0.070936
14314.4 0.0722007
14316.6 0.0733472
14318.7 0.0743737
14320.9 0.0752788
14323.1 0.0760614
14325.3 0.0767202
14327.4 0.0772544
14329.6 0.0776634
14331.8 0.0779468
14333.9 0.0781042
14336.1 0.0781356
14338.3 0.0780412
14340.5 0.0778213
14342.6 0.0774764
14344.8 0.0770073
14347 0.076415
14349.1 0.0757006
14351.3 0.0748656
14353.5 0.0739113
14355.7 0.0728395
14357.8 0.0716523
14360 0.0703517
14362.3 0.0688886
14364.5 0.0673091
14366.7 0.0656165
14369 0.0638137
14371.2 0.0619042
14373.5 0.0598914
14375.7 0.057779
14378 0.0555711
14380.2 0.0532716
14382.5 0.0508847
14384.7 0.0484147
14387 0.0458661
14389.2 0.0432436
14391.5 0.0405518
14393.7 0.0377956
14396 0.03498
14398.2 0.0321099
14400.5 0.0291905
14402.7 0.026227
14405 0.0232245
14407.2 0.0201885
14409.5 0.0171243
14411.7 0.0140371
14414 0.0109324
14416.2 0.00781563
14418.4 0.0046922
14420.7 0.00156741
14422.9 -0.00155332
14425.2 -0.00466457
14427.4 -0.00776106
14429.7 -0.0108376
14431.9 -0.013889
14434.2 -0.0169099
14436.4 -0.0198954
14438.7 -0.0228405
14440.9 -0.0257403
14443.2 -0.02859
14445.4 -0.0313847
14447.7 -0.0341201
14449.9 -0.0367916
14452.2 -0.0393949
14454.4 -0.0419258
14456.7 -0.0443801
14458.9 -0.046754
14461.2 -0.0490438
14463.4 -0.0512457
14465.7 -0.0533563
14467.9 -0.0553724
14470.1 -0.0572909
14472.4 -0.0591088
14474.6 -0.0608233
14476.9 -0.0624319
14479.1 -0.0639322
14481.4 -0.065322
14483.6 -0.0665993
14485.9 -0.0677622
14488.1 -0.0688092
14490.4 -0.0697388
14492.6 -0.0705498
14494.9 -0.0712411
14497.1 -0.0718121
14499.4 -0.072262
14501.6 -0.0725904
14503.9 -0.072797
14506.1 -0.0728819
14508.4 -0.0728453
14510.6 -0.0726874
14512.9 -0.0724089
14515.1 -0.0720106
14517.4 -0.0714933
14519.6 -0.0708583
14521.9 -0.0701069
14524.1 -0.0692405
14526.3 -0.068261
14528.6 -0.0671702
14530.8 -0.0659702
14533.1 -0.0646631
14535.3 -0.0632515
14537.6 -0.0617379
14539.8 -0.060125
14542.1 -0.0584157
14544.3 -0.0566131
14546.6 -0.0547205
14548.8 -0.052741
14551.1 -0.0506783
14553.3 -0.0485359
14555.6 -0.0463177
14557.8 -0.0440275
14560.1 -0.0416691
14562.3 -0.0392468
14564.6 -0.0367648
14566.8 -0.0342273
14569.1 -0.0316387
14571.3 -0.0290034
14573.6 -0.0263261
14575.8 -0.0236113
14578 -0.0208636
14580.3 -0.0180877
14582.5 -0.0152884
14584.8 -0.0124706
14587 -0.00963886
14589.3 -0.00679807
14591.5 -0.00395313
14593.8 -0.00110885
14596 0.00173002
14598.3 0.00455872
14600.5 0.00737241
14602.8 0.0101663
14605 0.0129358
14607.3 0.0156763
14609.5 0.0183832
14611.8 0.0210519
14614 0.023678
14616.3 0.0262571
14618.5 0.0287851
14620.8 0.0312577
14623 0.0336707
14625.3 0.0360204
14627.5 0.0383028
14629.7 0.0405142
14632 0.0426509
14634.2 0.0447095
14636.5 0.0466868
14638.7 0.0485794
14641 0.0503843
14643.2 0.0520987
14645.5 0.0537199
14647.7 0.0552452
14650 0.0566721
14652.2 0.0579985
14654.5 0.0592225
14656.7 0.060342
14659 0.0613552
14661.2 0.0622608
14663.5 0.0630573
14665.7 0.0637437
14668 0.0643189
14670.2 0.0647821
14672.5 0.0651328
14674.7 0.0653706
14677 0.0654954
14679.2 0.0655069
14681.5 0.0654056
14683.7 0.0651919
14685.9 0.0648662
14688.2 0.0644293
14690.4 0.0638822
14692.7 0.0632262
14694.9 0.0624625
14697.2 0.0615927
14699.4 0.0606184
14701.7 0.0595417
14703.9 0.0583647
14706.2 0.0570894
14708.4 0.0557184
14710.7 0.0542543
14712.9 0.0526998
14715.2 0.0510578
14717.4 0.0493314
14719.7 0.0475237
14721.9 0.0456381
14724.2 0.0436781
14726.4 0.0416471
14728.7 0.0395489
14730.9 0.0373874
14733.2 0.0351665
14735.4 0.03289
14737.6 0.0305621
14739.9 0.028187
14742.1 0.025769
14744.4 0.0233122
14746.6 0.020821
14748.9 0.0182999
14751.1 0.0157533
14753.4 0.0131856
14755.6 0.0106012
14757.9 0.00800482
14760.1 0.00540083
14762.4 0.00279373
14764.6 0.000187921
14766.9 -0.00241207
14769.1 -0.00500174
14771.4 -0.00757675
14773.6 -0.0101328
14775.9 -0.0126656
14778.1 -0.0151707
14780.4 -0.0176441
14782.6 -0.0200817
14784.9 -0.0224794
14787.1 -0.0248333
14789.3 -0.0271394
14791.6 -0.0293941
14793.8 -0.0315937
14796.1 -0.0337346
14798.3 -0.0358134
14800.6 -0.0378267
14802.8 -0.0397715
14805.1 -0.0416445
14807.3 -0.0434429
14809.6 -0.0451638
14811.8 -0.0468047
14814.1 -0.0483631
14816.3 -0.0498364
14818.6 -0.0512224
14820.8 -0.0525193
14823.1 -0.0537251
14825.3 -0.0548379
14827.6 -0.0558561
14829.8 -0.0567785
14832.1 -0.0576037
14834.3 -0.0583307
14836.6 -0.0589583
14838.8 -0.059486
14841.1 -0.0599132
14843.3 -0.0602393
14845.5 -0.0604641
14847.8 -0.0605875
14850 -0.0606096
14852.3 -0.0605307
14854.5 -0.060351
14856.8 -0.0600711
14859 -0.0596919
14861.3 -0.0592142
14863.5 -0.058639
14865.8 -0.0579675
14868 -0.0572011
14870.3 -0.0563413
14872.5 -0.0553897
14874.8 -0.0543481
14877 -0.0532185
14879.3 -0.052003
14881.5 -0.0507038
14883.8 -0.0493233
14886 -0.0478639
14888.3 -0.0463283
14890.5 -0.0447193
14892.8 -0.0430396
14895 -0.0412922
14897.2 -0.0394803
14899.5 -0.037607
14901.7 -0.0356756
14904 -0.0336894
14906.2 -0.031652
14908.5 -0.0295669
14910.7 -0.0274377
14913 -0.025268
14915.2 -0.0230616
14917.5 -0.0208225
14919.7 -0.0185543
14922 -0.0162609
14924.2 -0.0139464
14926.5 -0.0116147
14928.7 -0.0092698
14931 -0.0069156
14933.2 -0.00455615
14935.5 -0.00219553
14937.7 0.000162285
14940 0.00251337
14942.2 0.00485376
14944.5 0.00717942
14946.7 0.00948647
14948.9 0.0117711
14951.2 0.0140295
14953.4 0.0162578
14955.7 0.0184523
14957.9 0.0206095
14960.2 0.0227257
14962.4 0.0247975
14964.7 0.0268214
14966.9 0.0287941
14969.2 0.0307124
14971.4 0.0325732
14973.7 0.0343734
14975.9 0.03611
14978.2 0.0377805
14980.4 0.039382
14982.7 0.0409119
14984.9 0.0423678
14987.2 0.0437474
14989.4 0.0450487
14991.7 0.0462694
14993.9 0.0474076
14996.2 0.0484618
14998.4 0.0494302
15000.7 0.0503113
15002.9 0.0511039
15005.1 0.0518067
15007.4 0.0524189
15009.6 0.0529395
15011.9 0.0533678
15014.1 0.0537033
15016.4 0.0539457
15018.6 0.0540947
15020.9 0.0541502
15023.1 0.0541124
15025.4 0.0539816
15027.6 0.0537582
15029.9 0.0534428
15032.1 0.053036
15034.4 0.0525389
15036.6 0.0519526
15038.9 0.0512782
15041.1 0.050517
15043.4 0.0496706
15045.6 0.0487408
15047.9 0.0477293
15050.1 0.0466379
15052.4 0.0454689
15054.6 0.0442245
15056.8 0.042907
15059.1 0.0415188
15061.3 0.0400625
15063.6 0.0385408
15065.8 0.0369567
15068.1 0.0353129
15070.3 0.0336124
15072.6 0.0318583
15074.8 0.0300539
15077.1 0.0282024
15079.3 0.0263071
15081.6 0.0243713
15083.8 0.0223987
15086.1 0.0203926
15088.3 0.0183566
15090.6 0.0162943
15092.8 0.0142093
15095.1 0.0121053
15097.3 0.00998589
15099.6 0.00785479
15101.8 0.00571572
15104.1 0.00357237
15106.3 0.00142835
15108.5 -0.000712672
15110.8 -0.00284699
15113 -0.00497098
15115.3 -0.00708111
15117.5 -0.00917385
15119.8 -0.0112456
15122 -0.013293
15124.3 -0.0153126
15126.5 -0.017301
15128.8 -0.0192551
15131 -0.0211715
15133.3 -0.0230472
15135.5 -0.0248792
15137.8 -0.0266645
15140 -0.0284001
15142.3 -0.0300833
15144.5 -0.0317115
15146.8 -0.0332822
15149 -0.0347927
15151.3 -0.0362408
15153.5 -0.0376243
15155.8 -0.038941
15158 -0.0401889
15160.2 -0.0413661
15162.5 -0.0424708
15164.7 -0.0435016
15167 -0.0444568
15169.2 -0.045335
15171.5 -0.046135
15173.7 -0.0468558
15176 -0.0474964
15178.2 -0.0480559
15180.5 -0.0485335
15182.7 -0.0489289
15185 -0.0492415
15187.2 -0.0494711
15189.5 -0.0496174
15191.7 -0.0496805
15194 -0.0496605
15196.2 -0.0495578
15198.5 -0.0493725
15200.7 -0.0491053
15203 -0.048757
15205.2 -0.0483281
15207.5 -0.0478198
15209.7 -0.0472329
15212 -0.0465688
15214.2 -0.0458287
15216.4 -0.045014
15218.7 -0.0441263
15220.9 -0.0431672
15223.2 -0.0421386
15225.4 -0.0410423
15227.7 -0.0398803
15229.9 -0.0386548
15232.2 -0.0373679
15234.4 -0.036022
15236.7 -0.0346194
15238.9 -0.0331626
15241.2 -0.0316543
15243.4 -0.0300971
15245.7 -0.0284937
15247.9 -0.0268469
15250.2 -0.0251596
15252.4 -0.0234349
15254.7 -0.0216756
15256.9 -0.0198848
15259.2 -0.0180656
15261.4 -0.0162213
15263.7 -0.0143549
15265.9 -0.0124696
15268.1 -0.0105688
15270.4 -0.00865571
15272.6 -0.00673353
15274.9 -0.00480554
15277.1 -0.00287508
15279.4 -0.000945458
15281.6 0.000980113
15283.9 0.00289842
15286.1 0.00480616
15288.4 0.00670009
15290.6 0.00857708
15292.9 0.010434
15295.1 0.0122678
15297.4 0.0140753
15299.6 0.0158536
15301.9 0.0175997
15304.1 0.0193108
15306.4 0.020984
15308.6 0.0226166
15310.9 0.0242059
15313.1 0.0257494
15315.4 0.0272445
15317.6 0.0286888
15319.8 0.03008
15322.1 0.0314159
15324.3 0.0326944
15326.6 0.0339133
15328.8 0.0350708
15331.1 0.0361651
15333.3 0.0371944
15335.6 0.0381572
15337.8 0.039052
15340.1 0.0398775
15342.3 0.0406324
15344.6 0.0413155
15346.8 0.0419259
15349.1 0.0424627
15351.3 0.0429253
15353.6 0.0433129
15355.8 0.0436251
15358.1 0.0438616
15360.3 0.0440221
15362.6 0.0441066
15364.8 0.044115
15367.1 0.0440476
15369.3 0.0439047
15371.6 0.0436868
15373.8 0.0433942
15376 0.0430278
15378.3 0.0425884
15380.5 0.042077
15382.8 0.0414946
15385 0.0408423
15387.3 0.0401216
15389.5 0.0393339
15391.8 0.0384806
15394 0.0375634
15396.3 0.0365841
15398.5 0.0355446
15400.8 0.0344468
15403 0.0332927
15405.3 0.0320846
15407.5 0.0308247
15409.8 0.0295153
15412 0.0281587
15414.3 0.0267575
15416.5 0.0253143
15418.8 0.0238316
15421 0.0223121
15423.3 0.0207584
15425.5 0.0191735
15427.7 0.0175602
15430 0.0159212
15432.2 0.0142594
15434.5 0.0125778
15436.7 0.0108794
15439 0.00916699
15441.2 0.00744363
15443.5 0.00571231
15445.7 0.00397606
15448 0.00223779
15450.2 0.00050042
15452.5 -0.00123304
15454.7 -0.0029596
15457 -0.00467638
15459.2 -0.00638057
15461.5 -0.00806928
15463.7 -0.00973963
15466 -0.0113889
15468.2 -0.0130143
15470.5 -0.0146134
15472.7 -0.0161833
15475 -0.0177215
15477.2 -0.0192255
15479.4 -0.0206931
15481.7 -0.0221217
15483.9 -0.023509
15486.2 -0.0248529
15488.4 -0.0261513
15490.7 -0.0274022
15492.9 -0.0286034
15495.2 -0.0297533
15497.4 -0.0308501
15499.7 -0.031892
15501.9 -0.0328775
15504.2 -0.0338051
15506.4 -0.0346735
15508.7 -0.0354814
15510.9 -0.0362276
15513.2 -0.036911
15515.4 -0.0375308
15517.7 -0.038086
15519.9 -0.038576
15522.2 -0.039
15524.4 -0.0393576
15526.7 -0.0396484
15528.9 -0.0398722
15531.2 -0.0400286
15533.4 -0.0401176
15535.6 -0.0401394
15537.9 -0.0400941
15540.1 -0.0399818
15542.4 -0.039803
15544.6 -0.0395582
15546.9 -0.039248
15549.1 -0.038873
15551.4 -0.038434
15553.6 -0.037932
15555.9 -0.037368
15558.1 -0.0367431
15560.4 -0.0360584
15562.6 -0.0353154
15564.9 -0.0345153
15567.1 -0.0336598
15569.4 -0.0327503
15571.6 -0.0317885
15573.9 -0.0307762
15576.1 -0.0297152
15578.4 -0.0286075
15580.6 -0.0274549
15582.9 -0.0262597
15585.1 -0.0250239
15587.3 -0.0237496
15589.6 -0.0224392
15591.8 -0.0210949
15594.1 -0.0197192
15596.3 -0.0183144
15598.6 -0.0168829
15600.8 -0.0154274
15603.1 -0.0139503
15605.3 -0.0124541
15607.6 -0.0109415
15609.8 -0.00941496
15612.1 -0.00787731
15614.3 -0.00633111
15616.6 -0.00477893
15618.8 -0.00322345
15621.1 -0.0016674
15623.3 -0.00011341
15625.6 0.00143598
15627.8 0.00297814
15630.1 0.00451039
15632.3 0.00603016
15634.6 0.00753497
15636.8 0.00902234
15639 0.0104897
15641.3 0.0119346
15643.5 0.0133547
15645.8 0.0147478
15648 0.0161114
15650.3 0.0174433
15652.5 0.0187414
15654.8 0.0200036
15657 0.0212278
15659.3 0.022412
15661.5 0.0235543
15663.8 0.024653
15666 0.0257063
15668.3 0.0267125
15670.5 0.02767
15672.8 0.0285773
15675 0.0294331
15677.3 0.030236
15679.5 0.0309848
15681.8 0.0316783
15684 0.0323155
15686.3 0.0328956
15688.5 0.0334176
15690.8 0.0338808
15693 0.0342846
15695.2 0.0346286
15697.5 0.0349121
15699.7 0.0351349
15702 0.0352968
15704.2 0.0353978
15706.5 0.0354377
15708.7 0.0354167
15710.8 0.035346
15712.8 0.0352265
15714.8 0.0350584
15716.8 0.0348421
15718.8 0.0345779
15720.9 0.0342666
15722.9 0.0339085
15724.9 0.0335043
15726.9 0.0330546
15728.9 0.0325603
15731 0.0320221
15733 0.0314409
15735 0.0308176
15737 0.0301531
15739 0.0294486
15741.1 0.0287052
15743.1 0.027924
15745.1 0.027106
15747.1 0.0262526
15749.2 0.0253652
15751.2 0.024445
15753.2 0.0234933
15755.2 0.0225116
15757.2 0.0215014
15759.3 0.0204641
15761.3 0.0194013
15763.3 0.0183144
15765.3 0.0172051
15767.3 0.016075
15769.4 0.0149256
15771.4 0.0137588
15773.4 0.012576
15775.4 0.011379
15777.4 0.0101695
15779.5 0.00894916
15781.5 0.00771976
15783.5 0.00648295
15785.5 0.00524045
15787.6 0.00399407
15789.6 0.00274553
15791.6 0.00149649
15793.6 0.000248645
15795.6 -0.000996258
15797.7 -0.00223647
15799.7 -0.00347032
15801.7 -0.0046962
15803.7 -0.00591247
15805.7 -0.00711743
15807.8 -0.00830943
15809.8 -0.00948693
15811.8 -0.0106484
15813.8 -0.0117923
15815.8 -0.0129171
15817.9 -0.0140212
15819.9 -0.0151034
15821.9 -0.0161621
15823.9 -0.0171961
15825.9 -0.0182038
15828 -0.0191842
15830 -0.0201358
15832 -0.0210576
15834 -0.0219484
15836.1 -0.0228069
15838.1 -0.0236322
15840.1 -0.0244232
15842.1 -0.025179
15844.1 -0.0258987
15846.2 -0.0265813
15848.2 -0.027226
15850.2 -0.0278322
15852.2 -0.028399
15854.2 -0.0289259
15856.3 -0.0294121
15858.3 -0.0298573
15860.3 -0.0302608
15862.3 -0.0306223
15864.3 -0.0309414
15866.4 -0.0312177
15868.4 -0.0314511
15870.4 -0.0316413
15872.4 -0.0317881
15874.5 -0.0318916
15876.5 -0.0319515
15878.5 -0.0319681
15880.5 -0.0319415
15882.5 -0.0318716
15884.6 -0.0317588
15886.6 -0.0316033
15888.6 -0.0314054
15890.6 -0.0311656
15892.6 -0.0308842
15894.7 -0.0305617
15896.7 -0.0301987
15898.7 -0.0297958
15900.7 -0.0293536
15902.7 -0.0288727
15904.8 -0.028354
15906.8 -0.0277983
15908.8 -0.0272065
15910.8 -0.0265793
15912.9 -0.0259178
15914.9 -0.0252228
15916.9 -0.0244956
15918.9 -0.0237371
15920.9 -0.0229485
15923 -0.0221308
15925 -0.0212853
15927 -0.0204133
15929 -0.0195159
15931 -0.0185945
15933.1 -0.0176504
15935.1 -0.0166849
15937.1 -0.0156995
15939.1 -0.0146954
15941.1 -0.0136742
15943.2 -0.0126373
15945.2 -0.0115861
15947.2 -0.0105222
15949.2 -0.009447
15951.2 -0.00836199
15953.3 -0.00726872
15955.3 -0.00616875
15957.3 -0.00506359
15959.3 -0.00395473
15961.4 -0.00284369
15963.4 -0.00173206
15965.4 -0.000621379
15967.4 0.000486863
15969.4 0.00159118
15971.5 0.00269006
15973.5 0.00378196
15975.5 0.0048654
15977.5 0.00593895
15979.5 0.00700119
15981.6 0.00805067
15983.6 0.00908594
15985.6 0.0101056
15987.6 0.0111084
15989.6 0.012093
15991.7 0.013058
15993.7 0.0140022
15995.7 0.0149243
15997.7 0.0158232
15999.8 0.0166977
16001.8 0.0175466
16003.8 0.0183688
16005.8 0.0191633
16007.8 0.0199291
16009.9 0.0206651
16011.9 0.0213706
16013.9 0.0220444
16015.9 0.0226859
16017.9 0.0232943
16020 0.0238688
16022 0.0244086
16024 0.0249131
16026 0.0253818
16028 0.0258141
16030.1 0.0262095
16032.1 0.0265675
16034.1 0.0268877
16036.1 0.0271699
16038.1 0.0274136
16040.2 0.0276188
16042.2 0.0277851
16044.2 0.0279125
16046.2 0.028001
16048.3 0.0280504
16050.3 0.0280608
16052.3 0.0280324
16054.3 0.0279652
16056.3 0.0278595
16058.4 0.0277156
16060.4 0.0275336
16062.4 0.027314
16064.4 0.0270572
16066.4 0.0267637
16068.5 0.026434
16070.5 0.0260685
16072.5 0.025668
16074.5 0.0252332
16076.5 0.0247646
16078.6 0.0242631
16080.6 0.0237294
16082.6 0.0231644
16084.6 0.022569
16086.7 0.0219441
16088.7 0.0212905
16090.7 0.0206094
16092.7 0.0199018
16094.7 0.0191687
16096.8 0.0184111
16098.8 0.0176303
16100.8 0.0168274
16102.8 0.0160035
16104.8 0.0151599
16106.9 0.0142978
16108.9 0.0134184
16110.9 0.012523
16112.9 0.0116129
16114.9 0.0106894
16117 0.00975377
16119 0.00880735
16121 0.00785151
16123 0.0068876
16125.1 0.00591693
16127.1 0.00494084
16129.1 0.00396071
16131.1 0.00297793
16133.1 0.00199385
16135.2 0.00100977
16137.2 2.70485e-05
16139.2 -0.000952949
16141.2 -0.00192887
16143.2 -0.00289941
16145.3 -0.00386329
16147.3 -0.00481922
16149.3 -0.00576587
16151.3 -0.00670197
16153.3 -0.00762631
16155.4 -0.0085377
16157.4 -0.0094349
16159.4 -0.0103167
16161.4 -0.011182
16163.4 -0.0120296
16165.5 -0.0128585
16167.5 -0.0136676
16169.5 -0.0144558
16171.5 -0.0152221
16173.6 -0.0159657
16175.6 -0.0166854
16177.6 -0.0173805
16179.6 -0.01805
16181.6 -0.0186931
16183.7 -0.019309
16185.7 -0.0198971
16187.7 -0.0204564
16189.7 -0.0209865
16191.7 -0.0214865
16193.8 -0.0219561
16195.8 -0.0223946
16197.8 -0.0228015
16199.8 -0.0231763
16201.8 -0.0235187
16203.9 -0.0238282
16206 -0.0241136
16208.1 -0.0243632
16210.1 -0.0245766
16212.2 -0.0247539
16214.3 -0.0248947
16216.4 -0.0249989
16218.5 -0.0250666
16220.6 -0.0250976
16222.7 -0.0250922
16224.8 -0.0250504
16226.9 -0.0249724
16229 -0.0248583
16231.1 -0.0247084
16233.1 -0.0245232
16235.2 -0.0243028
16237.3 -0.0240478
16239.4 -0.0237586
16241.5 -0.0234357
16243.6 -0.0230798
16245.7 -0.0226913
16247.8 -0.0222709
16249.9 -0.0218194
16252 -0.0213376
16254.1 -0.0208261
16256.1 -0.0202858
16258.2 -0.0197176
16260.3 -0.0191224
16262.4 -0.0185012
16264.5 -0.0178548
16266.6 -0.0171844
16268.7 -0.016491
16270.8 -0.0157757
16272.9 -0.0150396
16275 -0.0142837
16277.1 -0.0135094
16279.2 -0.0127177
16281.2 -0.01191
16283.3 -0.0110873
16285.4 -0.010251
16287.5 -0.00940235
16289.6 -0.00854267
16291.7 -0.00767319
16293.8 -0.00679522
16295.9 -0.0059101
16298 -0.00501918
16300.1 -0.00412377
16302.2 -0.00322516
16304.2 -0.0023247
16306.3 -0.00142374
16308.4 -0.000523626
16310.5 0.000374353
16312.6 0.00126891
16314.7 0.00215872
16316.8 0.00304245
16318.9 0.00391882
16321 0.00478662
16323.1 0.00564461
16325.2 0.0064915
16327.3 0.00732607
16329.3 0.00814717
16331.4 0.00895366
16333.5 0.00974438
16335.6 0.0105182
16337.7 0.011274
16339.8 0.0120107
16341.9 0.0127275
16344 0.0134232
16346.1 0.0140968
16348.2 0.0147475
16350.3 0.0153744
16352.3 0.0159766
16354.4 0.0165533
16356.5 0.0171038
16358.6 0.0176272
16360.7 0.0181231
16362.8 0.0185906
16364.9 0.0190291
16367 0.0194381
16369.1 0.0198172
16371.2 0.0201658
16373.3 0.0204834
16375.4 0.0207698
16377.4 0.0210246
16379.5 0.0212475
16381.6 0.0214383
16383.7 0.0215968
16385.8 0.0217228
16387.9 0.0218163
16390 0.0218773
16392.1 0.0219057
16394.2 0.0219015
16396.3 0.021865
16398.4 0.0217963
16400.4 0.0216955
16402.5 0.021563
16404.6 0.0213989
16406.7 0.0212036
16408.8 0.0209777
16410.9 0.0207214
16413 0.0204352
16415.1 0.0201197
16417.2 0.0197755
16419.3 0.0194031
16421.4 0.0190032
16423.5 0.0185764
16425.5 0.0181235
16427.6 0.0176453
16429.7 0.0171425
16431.8 0.0166159
16433.9 0.0160665
16436 0.0154951
16438.1 0.0149026
16440.2 0.01429
16442.3 0.0136581
16444.4 0.0130082
16446.5 0.0123411
16448.5 0.0116579
16450.6 0.0109597
16452.7 0.0102475
16454.8 0.0095224
16456.9 0.00878562
16459 0.00803818
16461.1 0.00728122
16463.2 0.00651591
16465.3 0.00574344
16467.4 0.00496493
16469.5 0.0041815
16471.5 0.00339435
16473.6 0.00260467
16475.7 0.00181363
16477.8 0.00102235
16479.9 0.000231974
16482 -0.000556308
16484.1 -0.00134132
16486.2 -0.00212196
16488.3 -0.00289713
16490.4 -0.00366571
16492.5 -0.00445241
16494.7 -0.00522964
16496.9 -0.00599626
16499 -0.00675113
16501.2 -0.00749308
16503.3 -0.00822097
16505.5 -0.00893373
16507.7 -0.00963035
16509.8 -0.0103098
16512 -0.010971
16514.2 -0.011613
16516.3 -0.0122349
16518.5 -0.0128359
16520.6 -0.0134149
16522.8 -0.0139713
16525 -0.0145041
16527.1 -0.0150128
16529.3 -0.0154965
16531.5 -0.0159546
16533.6 -0.0163864
16535.8 -0.0167914
16538 -0.017169
16540.1 -0.0175188
16542.3 -0.0178402
16544.4 -0.0181329
16546.6 -0.0183965
16548.8 -0.0186307
16550.9 -0.0188352
16553.1 -0.0190098
16555.3 -0.0191543
16557.4 -0.0192686
16559.6 -0.0193526
16561.7 -0.0194062
16563.9 -0.0194295
16566.1 -0.0194226
16568.2 -0.0193854
16570.4 -0.0193183
16572.6 -0.0192212
16574.7 -0.0190947
16576.9 -0.0189388
16579 -0.018754
16581.2 -0.0185405
16583.4 -0.0182989
16585.5 -0.0180296
16587.7 -0.017733
16589.9 -0.0174098
16592 -0.0170605
16594.2 -0.0166858
16596.3 -0.0162863
16598.5 -0.0158626
16600.7 -0.0154156
16602.8 -0.0149461
16605 -0.0144548
16607.2 -0.0139426
16609.3 -0.0134102
16611.5 -0.0128587
16613.6 -0.012289
16615.8 -0.011702
16618 -0.0110987
16620.1 -0.01048
16622.3 -0.00984711
16624.5 -0.00920096
16626.6 -0.00854258
16628.8 -0.00787307
16630.9 -0.00719355
16633.1 -0.00650515
16635.3 -0.00580891
16637.4 -0.00510595
16639.6 -0.00439743
16641.8 -0.00368452
16643.9 -0.00296832
16646.1 -0.00224994
16648.3 -0.00153052
16650.4 -0.000811245
16652.6 -9.32453e-05
16654.7 0.000622406
16656.9 0.0013346
16659.1 0.00204218
16661.2 0.00274403
16663.4 0.0034391
16665.6 0.00412637
16667.7 0.00480474
16669.9 0.00547314
16672 0.00613057
16674.2 0.00677608
16676.4 0.0074087
16678.5 0.00802742
16680.7 0.00863131
16682.9 0.00921952
16685 0.00979119
16687.2 0.0103455
16689.3 0.0108815
16691.5 0.0113985
16693.7 0.0118957
16695.8 0.0123725
16698 0.0128282
16700.2 0.013262
16702.3 0.0136734
16704.5 0.0140619
16706.6 0.0144268
16708.8 0.0147677
16711 0.0150842
16713.1 0.0153757
16715.3 0.0156421
16717.5 0.0158828
16719.6 0.0160975
16721.8 0.0162862
16723.9 0.0164485
16726.1 0.0165842
16728.3 0.0166933
16730.4 0.0167757
16732.6 0.0168313
16734.8 0.0168602
16736.9 0.0168623
16739.1 0.0168377
16741.2 0.0167867
16743.4 0.0167093
16745.6 0.0166058
16747.7 0.0164764
16749.9 0.0163215
16752.1 0.0161414
16754.2 0.0159364
16756.4 0.0157069
16758.5 0.0154534
16760.7 0.0151764
16762.9 0.0148765
16765 0.0145541
16767.2 0.0142098
16769.4 0.0138444
16771.5 0.0134584
16773.7 0.0130525
16775.9 0.0126274
16778 0.0121839
16780.2 0.0117227
16782.3 0.0112447
16784.5 0.0107506
16786.7 0.0102413
16788.8 0.0097176
16791 0.00918047
16793.2 0.00863071
16795.3 0.00806924
16797.5 0.00749702
16799.6 0.00691501
16801.8 0.00632412
16804 0.00572528
16806.1 0.00511948
16808.3 0.00450774
16810.5 0.00389101
16812.6 0.00327024
16814.8 0.00264641
16816.9 0.00202057
16819.1 0.0013937
16821.3 0.00076673
16823.4 0.000140635
16825.6 -0.000483577
16827.8 -0.00110491
16829.9 -0.00172244
16832.1 -0.00233524
16834.2 -0.00294237
16836.4 -0.00354285
16838.6 -0.00413578
16840.7 -0.00472031
16842.9 -0.00529555
16845.1 -0.00586061
16847.2 -0.00641463
16849.4 -0.00695681
16851.5 -0.00748639
16853.7 -0.00800255
16855.9 -0.0085045
16858 -0.00899153
16860.2 -0.00946298
16862.4 -0.00991815
16864.5 -0.0103564
16866.7 -0.010777
16868.8 -0.0111794
16871 -0.0115632
16873.2 -0.0119277
16875.3 -0.0122724
16877.5 -0.0125969
16879.7 -0.0129007
16881.8 -0.0131835
16884 -0.0134448
16886.2 -0.0136843
16888.3 -0.0139017
16890.5 -0.0140968
16892.6 -0.0142694
16894.8 -0.0144191
16897 -0.0145459
16899.1 -0.0146497
16901.3 -0.0147304
16903.5 -0.0147878
16905.6 -0.014822
16907.8 -0.0148331
16909.9 -0.014821
16912.1 -0.0147859
16914.3 -0.0147279
16916.4 -0.0146471
16918.6 -0.0145438
16920.8 -0.0144182
16922.9 -0.0142705
16925.1 -0.014101
16927.2 -0.0139102
16929.4 -0.0136983
16931.6 -0.0134658
16933.7 -0.013213
16935.9 -0.0129405
16938.1 -0.0126488
16940.2 -0.0123383
16942.4 -0.0120096
16944.5 -0.0116632
16946.7 -0.0112999
16948.9 -0.0109201
16951 -0.0105246
16953.2 -0.0101141
16955.4 -0.00968915
16957.5 -0.00925059
16959.7 -0.0087991
16961.8 -0.00833541
16964 -0.00786034
16966.2 -0.00737469
16968.3 -0.00687923
16970.5 -0.00637476
16972.7 -0.0058621
16974.8 -0.00534214
16977 -0.0048157
16979.1 -0.00428361
16981.3 -0.00374671
16983.5 -0.00320591
16985.6 -0.00266208
16987.8 -0.00211606
16990 -0.00156869
16992.1 -0.00102086
16994.3 -0.000473462
16996.5 7.26588e-05
16998.6 0.000616686
17000.8 0.00115776
17002.9 0.00169501
17005.1 0.0022276
17007.3 0.00275475
17009.4 0.00327566
17011.6 0.0037895
17013.8 0.00429548
17015.9 0.00479285
17018.1 0.00528089
17020.2 0.00575884
17022.4 0.00622597
17024.6 0.00668158
17026.7 0.00712504
17028.9 0.00755569
17031.1 0.00797287
17033.2 0.00837597
17035.4 0.00876442
17037.5 0.00913769
17039.7 0.00949522
17041.9 0.00983648
17044 0.010161
17046.2 0.0104684
17048.4 0.0107582
17050.5 0.0110299
17052.7 0.0112833
17054.8 0.0115181
17057 0.0117338
17059.2 0.0119303
17061.3 0.0121072
17063.5 0.0122645
17065.7 0.0124018
17067.8 0.0125191
17070 0.0126163
17072.1 0.0126932
17074.3 0.0127498
17076.5 0.0127861
17078.6 0.0128022
17080.8 0.012798
17083 0.0127736
17085.1 0.0127293
17087.3 0.012665
17089.4 0.012581
17091.6 0.0124775
17093.8 0.0123547
17095.9 0.0122129
17098.1 0.0120524
17100.3 0.0118734
17102.4 0.0116765
17104.6 0.0114619
17106.7 0.01123
17108.9 0.0109813
17111.1 0.0107162
17113.2 0.0104352
17115.4 0.0101389
17117.6 0.00982767
17119.7 0.00950211
17121.9 0.00916283
17124.1 0.0088104
17126.2 0.00844539
17128.4 0.00806841
17130.5 0.00768014
17132.7 0.00728125
17134.9 0.00687237
17137 0.00645415
17139.2 0.00602731
17141.4 0.00559258
17143.5 0.00515065
17145.7 0.00470221
17147.8 0.00424799
17150 0.00378876
17152.2 0.00332525
17154.3 0.00285817
17156.5 0.00238826
17158.7 0.00191627
17160.8 0.00144299
17163 0.000969129
17165.1 0.000495396
17167.3 2.25455e-05
17169.5 -0.000448651
17171.6 -0.000917472
17173.8 -0.00138323
17176 -0.00184523
17178.1 -0.00230271
17180.3 -0.00275498
17182.4 -0.00320137
17184.6 -0.00364123
17186.8 -0.00407389
17188.9 -0.00449866
17191.1 -0.00491492
17193.3 -0.0053221
17195.4 -0.00571959
17197.6 -0.00610677
17199.7 -0.00648306
17201.9 -0.00684796
17204.1 -0.00720095
17206.2 -0.0075415
17208.4 -0.00786909
17210.6 -0.00818329
17212.7 -0.00848368
17214.9 -0.00876984
17217 -0.00904132
17219.2 -0.00929777
17221.4 -0.00953887
17223.5 -0.00976431
17225.7 -0.00997375
17227.9 -0.0101669
17230 -0.0103436
17232.2 -0.0105035
17234.4 -0.0106466
17236.5 -0.0107725
17238.7 -0.0108813
17240.8 -0.0109727
17243 -0.0110467
17245.2 -0.0111032
17247.3 -0.0111422
17249.5 -0.0111638
17251.7 -0.0111678
17253.8 -0.0111545
17256 -0.0111237
17258.1 -0.0110757
17260.3 -0.0110107
17262.5 -0.0109287
17264.6 -0.0108299
17266.8 -0.0107145
17269 -0.0105829
17271.1 -0.0104352
17273.3 -0.0102717
17275.4 -0.0100927
17277.6 -0.00989864
17279.8 -0.00968982
17281.9 -0.00946661
17284.1 -0.00922938
17286.3 -0.00897857
17288.4 -0.00871465
17290.6 -0.00843809
17292.7 -0.00814932
17294.9 -0.00784883
17297.1 -0.00753718
17299.2 -0.00721492
17301.4 -0.00688256
17303.6 -0.00654062
17305.7 -0.0061897
17307.9 -0.00583044
17310 -0.0054634
17312.2 -0.00508916
17314.4 -0.00470833
17316.5 -0.00432158
17318.7 -0.00392955
17320.9 -0.00353283
17323 -0.00313205
17325.2 -0.00272788
17327.3 -0.00232101
17329.5 -0.00191206
17331.7 -0.00150164
17333.8 -0.00109041
17336 -0.000679076
17338.2 -0.000268274
17340.3 0.000141396
17342.5 0.000549309
17344.6 0.000954787
17346.8 0.00135718
17349 0.0017559
17351.1 0.00215037
17353.3 0.00253997
17355.5 0.00292405
17357.6 0.00330206
17359.8 0.00367346
17362 0.0040377
17364.1 0.0043942
17366.3 0.00474239
17368.4 0.00508182
17370.6 0.005412
17372.8 0.00573243
17374.9 0.0060426
17377.1 0.00634207
17379.3 0.00663048
17381.4 0.00690739
17383.6 0.00717236
17385.7 0.00742502
17387.9 0.00766507
17390.1 0.00789219
17392.2 0.00810603
17394.4 0.00830627
17396.6 0.0084927
17398.7 0.00866509
17400.9 0.00882322
17403 0.00896684
17405.2 0.00909578
17407.4 0.00920995
17409.5 0.00930924
17411.7 0.00939349
17413.9 0.00946261
17416 0.00951659
17418.2 0.00955543
17420.3 0.00957911
17422.5 0.00958759
17424.7 0.00958095
17426.8 0.0095593
17429 0.00952273
17431.2 0.0094713
17433.3 0.00940514
17435.5 0.00932448
17437.6 0.0092295
17439.8 0.00912039
17442 0.00899732
17444.1 0.00886058
17446.3 0.00871048
17448.5 0.0085473
17450.6 0.00837129
17452.8 0.00818279
17454.9 0.00798219
17457.1 0.00776986
17459.3 0.00754615
17461.4 0.0073114
17463.6 0.0070661
17465.8 0.00681068
17467.9 0.00654558
17470.1 0.00627118
17472.3 0.00598798
17474.4 0.0056965
17476.6 0.00539724
17478.7 0.00509063
17480.9 0.00477717
17483.1 0.00445743
17485.2 0.00413195
17487.4 0.00380124
17489.6 0.00346577
17491.7 0.00312614
17493.9 0.00278292
17496 0.00243665
17498.2 0.00208783
17500.4 0.00173701
17502.5 0.00138481
17504.7 0.00103178
17506.9 0.000678442
17509 0.000325306
17511.2 -2.70363e-05
17513.3 -0.000377998
17515.5 -0.000727066
17517.7 -0.00107375
17519.8 -0.00141752
17522 -0.00175778
17524.2 -0.00209402
17526.3 -0.00242579
17528.5 -0.0027526
17530.6 -0.00307391
17532.8 -0.00338922
17535 -0.0036981
17537.1 -0.00400013
17539.3 -0.00429483
17541.5 -0.00458174
17543.6 -0.00486043
17545.8 -0.00513057
17547.9 -0.00539177
17550.1 -0.00564359
17552.3 -0.00588567
17554.4 -0.00611771
17556.6 -0.00633941
17558.8 -0.00655044
17560.9 -0.00675045
17563.1 -0.00693921
17565.2 -0.0071165
17567.4 -0.00728208
17569.6 -0.00743568
17571.7 -0.0075771
17573.9 -0.00770622
17576.1 -0.00782288
17578.2 -0.00792693
17580.4 -0.00801819
17582.6 -0.00809661
17584.7 -0.00816215
17586.9 -0.00821474
17589 -0.00825429
17591.2 -0.00828079
17593.4 -0.00829429
17595.5 -0.00829483
17597.7 -0.0082824
17599.9 -0.00825704
17602 -0.00821889
17604.2 -0.00816809
17606.3 -0.00810471
17608.5 -0.00802887
17610.7 -0.00794075
17612.8 -0.00784058
17615 -0.00772855
17617.2 -0.00760483
17619.3 -0.00746965
17621.5 -0.00732331
17623.6 -0.00716611
17625.8 -0.00699829
17628 -0.00682011
17630.1 -0.00663193
17632.3 -0.00643413
17634.5 -0.00622703
17636.6 -0.00601094
17638.8 -0.00578625
17640.9 -0.00555339
17643.1 -0.00531276
17645.3 -0.00506474
17647.4 -0.00480971
17649.6 -0.00454814
17651.8 -0.00428051
17653.9 -0.00400722
17656.1 -0.0037287
17658.2 -0.0034454
17660.4 -0.00315786
17662.6 -0.00286652
17664.7 -0.00257183
17666.9 -0.00227423
17669.1 -0.00197426
17671.2 -0.00167242
17673.4 -0.00136916
17675.5 -0.00106492
17677.7 -0.000760202
17679.9 -0.000455543
17682 -0.000151403
17684.2 0.000151796
17686.4 0.000453582
17688.5 0.000753433
17690.7 0.00105087
17692.8 0.0013455
17695 0.00163688
17697.2 0.00192453
17699.3 0.00220799
17701.5 0.00248684
17703.7 0.00276072
17705.8 0.00302921
17708 0.00329185
17710.2 0.00354825
17712.3 0.0037981
17714.5 0.00404103
17716.6 0.00427664
17718.8 0.00450458
17721 0.00472454
17723.1 0.00493626
17725.3 0.0051394
17727.5 0.00533364
17729.6 0.00551872
17731.8 0.00569443
17733.9 0.00586054
17736.1 0.00601677
17738.3 0.0061629
17740.4 0.00629879
17742.6 0.00642429
17744.8 0.00653921
17746.9 0.00664337
17749.1 0.00673668
17751.2 0.00681907
17753.4 0.00689046
17755.6 0.00695072
17757.7 0.0069998
17759.9 0.00703772
17762.1 0.00706447
17764.2 0.00708003
17766.4 0.00708438
17768.5 0.00707759
17770.7 0.00705976
17772.9 0.00703094
17775.1 0.0069896
17777.3 0.00693666
17779.6 0.00687232
17781.8 0.00679674
17784.1 0.00671004
17786.3 0.0066124
17788.5 0.00650409
17790.8 0.00638535
17793 0.00625638
17795.3 0.00611741
17797.5 0.00596876
17799.7 0.00581075
17802 0.00564367
17804.2 0.00546777
17806.4 0.00528342
17808.7 0.00509102
17810.9 0.0048909
17813.2 0.00468337
17815.4 0.00446883
17817.6 0.00424771
17819.9 0.00402042
17822.1 0.00378731
17824.3 0.00354877
17826.6 0.00330528
17828.8 0.00305729
17831.1 0.00280519
17833.3 0.00254937
17835.5 0.00229032
17837.8 0.00202853
17840 0.00176441
17842.3 0.00149837
17844.5 0.00123087
17846.7 0.00096243
17849 0.000693474
17851.2 0.000424401
17853.4 0.000155666
17855.7 -0.000112232
17857.9 -0.000378844
17860.2 -0.000643784
17862.4 -0.000906634
17864.6 -0.00116691
17866.9 -0.00142418
17869.1 -0.00167805
17871.4 -0.00192816
17873.6 -0.00217406
17875.8 -0.00241532
17878.1 -0.00265159
17880.3 -0.00288255
17882.5 -0.00310779
17884.8 -0.00332693
17887 -0.00353963
17889.3 -0.00374561
17891.5 -0.00394456
17893.7 -0.00413612
17896 -0.00431999
17898.2 -0.00449594
17900.4 -0.00466373
17902.7 -0.00482306
17904.9 -0.00497367
17907.2 -0.00511539
17909.4 -0.00524805
17911.6 -0.00537142
17913.9 -0.00548529
17916.1 -0.00558954
17918.4 -0.00568408
17920.6 -0.00576876
17922.8 -0.00584344
17925.1 -0.00590802
17927.3 -0.0059625
17929.5 -0.00600683
17931.8 -0.0060409
17934 -0.00606471
17936.3 -0.00607829
17938.5 -0.00608168
17940.7 -0.00607487
17943 -0.00605787
17945.2 -0.00603081
17947.4 -0.0059938
17949.7 -0.0059469
17951.9 -0.00589019
17954.2 -0.00582382
17956.4 -0.00574801
17958.6 -0.00566289
17960.9 -0.00556859
17963.1 -0.00546531
17965.4 -0.00535333
17967.6 -0.00523285
17969.8 -0.00510408
17972.1 -0.00496724
17974.3 -0.00482265
17976.5 -0.0046706
17978.8 -0.00451135
17981 -0.00434514
17983.3 -0.00417235
17985.5 -0.00399331
17987.7 -0.00380833
17990 -0.00361769
17992.2 -0.00342178
17994.5 -0.00322098
17996.7 -0.00301565
17998.9 -0.00280609
18001.2 -0.00259268
18003.4 -0.00237586
18005.6 -0.00215599
18007.9 -0.00193342
18010.1 -0.00170852
18012.4 -0.00148172
18014.6 -0.00125344
18016.8 -0.00102402
18019.1 -0.000793815
18021.3 -0.000563262
18023.5 -0.000332786
18025.8 -0.000102738
18028 0.000126541
18030.3 0.000354643
18032.5 0.000581144
18034.7 0.000805686
18037 0.00102795
18039.2 0.00124757
18041.5 0.00146414
18043.7 0.0016773
18045.9 0.00188676
18048.2 0.00209221
18050.4 0.00229325
18052.6 0.00248955
18054.9 0.00268085
18057.1 0.00286688
18059.4 0.00304731
18061.6 0.00322182
18063.8 0.00339018
18066.1 0.00355217
18068.3 0.00370753
18070.5 0.00385597
18072.8 0.00399729
18075 0.00413134
18077.3 0.0042579
18079.5 0.00437676
18081.7 0.00448773
18084 0.00459073
18086.2 0.00468561
18088.5 0.00477222
18090.7 0.00485041
18092.9 0.00492014
18095.2 0.00498135
18097.4 0.00503394
18099.6 0.00507783
18101.9 0.00511301
18104.1 0.00513949
18106.4 0.00515726
18108.6 0.00516627
18110.8 0.00516656
18113.1 0.00515822
18115.3 0.0051413
18117.6 0.0051158
18119.8 0.00508181
18122 0.00503948
18124.3 0.00498892
18126.5 0.00493021
18128.7 0.00486346
18131 0.00478886
18133.2 0.0047066
18135.5 0.00461682
18137.7 0.00451966
18139.9 0.00441535
18142.2 0.00430414
18144.4 0.00418622
18146.6 0.00406177
18148.9 0.00393104
18151.1 0.00379434
18153.4 0.0036519
18155.6 0.00350393
18157.8 0.00335071
18160.1 0.00319257
18162.3 0.0030298
18164.6 0.00286264
18166.8 0.00269137
18169 0.00251634
18171.3 0.00233789
18173.5 0.00215629
18175.7 0.0019718
18178 0.0017848
18180.2 0.00159564
18182.5 0.00140463
18184.7 0.00121203
18186.9 0.0010182
18189.2 0.000823506
18191.4 0.00062828
18193.6 0.000432788
18195.9 0.000237353
18198.1 4.23567e-05
18200.4 -0.000151862
18202.6 -0.00034504
18204.8 -0.000536884
18207.1 -0.000727031
18209.3 -0.000915134
18211.6 -0.00110093
18213.8 -0.00128417
18216 -0.00146453
18218.3 -0.00164164
18220.5 -0.00181528
18222.7 -0.00198521
18225 -0.00215115
18227.2 -0.00231278
18229.5 -0.00246986
18231.7 -0.0026222
18233.9 -0.00276957
18236.2 -0.00291168
18238.4 -0.00304831
18240.6 -0.0031793
18242.9 -0.00330449
18245.1 -0.00342364
18247.4 -0.00353653
18249.6 -0.00364304
18251.8 -0.00374308
18254.1 -0.00383645
18256.3 -0.00392299
18258.6 -0.00400259
18260.8 -0.00407521
18263 -0.00414074
18265.3 -0.00419904
18267.5 -0.00425003
18269.7 -0.00429374
18272 -0.00433011
18274.2 -0.00435907
18276.5 -0.00438056
18278.7 -0.00439464
18280.9 -0.00440135
18283.2 -0.00440065
18285.4 -0.00439253
18287.7 -0.00437709
18289.9 -0.00435442
18292.1 -0.00432456
18294.4 -0.00428753
18296.6 -0.00424344
18298.8 -0.00419247
18301.1 -0.00413472
18303.3 -0.00407023
18305.6 -0.00399916
18307.8 -0.00392171
18310 -0.00383806
18312.3 -0.0037483
18314.5 -0.00365259
18316.7 -0.00355118
18319 -0.0034443
18321.2 -0.00333209
18323.5 -0.00321473
18325.7 -0.00309247
18327.9 -0.00296561
18330.2 -0.00283434
18332.4 -0.00269883
18334.7 -0.00255936
18336.9 -0.00241625
18339.1 -0.00226975
18341.4 -0.00212004
18343.6 -0.00196739
18345.8 -0.00181214
18348.1 -0.00165457
18350.3 -0.0014949
18352.6 -0.00133338
18354.8 -0.00117034
18357 -0.0010061
18359.3 -0.000840897
18361.5 -0.000674958
18363.7 -0.000508604
18366 -0.00034218
18368.2 -0.000175934
18370.5 -1.00752e-05
18372.7 0.000155103
18374.9 0.000319255
18377.2 0.000482113
18379.4 0.000643485
18381.7 0.000803116
18383.9 0.000960676
18386.1 0.00111588
18388.4 0.00126856
18390.6 0.0014185
18392.8 0.00156539
18395.1 0.00170897
18397.3 0.00184905
18399.6 0.00198547
18401.8 0.00211798
18404 0.00224631
18406.3 0.0023703
18408.5 0.00248981
18410.8 0.00260466
18413 0.00271461
18415.2 0.00281948
18417.5 0.0029192
18419.7 0.00301365
18421.9 0.0031026
18424.2 0.00318591
18426.4 0.00326354
18428.7 0.00333541
18430.9 0.00340138
18433.1 0.0034613
18435.4 0.00351515
18437.6 0.00356294
18439.8 0.00360457
18442.1 0.00363993
18444.3 0.003669
18446.6 0.00369186
18448.8 0.00370848
18451 0.00371878
18453.3 0.00372276
18455.5 0.00372054
18457.8 0.00371215
18460 0.00369757
18462.2 0.00367682
18464.5 0.00365003
18466.7 0.00361731
18468.9 0.0035787
18471.2 0.00353422
18473.4 0.00348402
18475.7 0.00342829
18477.9 0.0033671
18480.1 0.00330051
18482.4 0.00322868
18484.6 0.00315181
18486.8 0.00307008
18489.1 0.00298354
18491.3 0.00289236
18493.6 0.00279679
18495.8 0.00269703
18498 0.0025932
18500.3 0.00248544
18502.5 0.00237402
18504.8 0.00225918
18507 0.0021411
18509.2 0.0020199
18511.5 0.00189585
18513.7 0.00176924
18515.9 0.00164026
18518.2 0.00150906
18520.4 0.00137588
18522.7 0.00124103
18524.9 0.00110474
18527.1 0.000967169
18529.4 0.000828529
18531.6 0.000689132
18533.9 0.00054925
18536.1 0.000409045
18538.3 0.000268702
18540.6 0.000128517
18542.8 -1.12157e-05
18545 -0.000150315
18547.3 -0.000288625
18549.5 -0.000425881
18551.8 -0.000561783
18554 -0.000696128
18556.2 -0.000828784
18558.5 -0.000959531
18560.7 -0.00108808
18562.9 -0.0012142
18565.2 -0.00133779
18567.4 -0.00145868
18569.7 -0.00157659
18571.9 -0.0016913
18574.1 -0.00180271
18576.4 -0.00191069
18578.6 -0.00201502
18580.9 -0.00211547
18583.1 -0.00221195
18585.3 -0.00230437
18587.6 -0.00239257
18589.8 -0.00247634
18592 -0.00255558
18594.3 -0.00263024
18596.5 -0.00270024
18598.8 -0.00276538
18601 -0.00282556
18603.2 -0.00288077
18605.5 -0.00293099
18607.7 -0.00297607
18609.9 -0.00301591
18612.2 -0.00305053
18614.4 -0.00307995
18616.7 -0.0031041
18618.9 -0.00312288
18621.1 -0.00313632
18623.4 -0.0031445
18625.6 -0.00314741
18627.9 -0.00314498
18630.1 -0.00313724
18632.3 -0.00312432
18634.6 -0.00310627
18636.8 -0.00308305
18639 -0.0030547
18641.3 -0.00302137
18643.5 -0.00298318
18645.8 -0.00294015
18648 -0.00289231
18650.2 -0.00283982
18652.5 -0.00278286
18654.7 -0.0027215
18657 -0.00265578
18659.2 -0.00258588
18661.4 -0.002512
18663.7 -0.00243427
18665.9 -0.00235276
18668.1 -0.00226762
18670.4 -0.0021791
18672.6 -0.00208737
18674.9 -0.00199252
18677.1 -0.0018947
18679.3 -0.00179415
18681.6 -0.00169112
18683.8 -0.0015857
18686 -0.00147804
18688.3 -0.00136838
18690.5 -0.00125699
18692.8 -0.001144
18695 -0.00102955
18697.2 -0.000913866
18699.5 -0.000797222
18701.7 -0.000679806
18704 -0.000561736
18706.2 -0.000443212
18708.4 -0.000324514
18710.7 -0.000205861
18712.9 -8.7372e-05
18715.1 3.07875e-05
18717.4 0.000148349
18719.6 0.000265074
18721.9 0.000380833
18724.1 0.000495494
18726.3 0.00060882
18728.6 0.000720558
18730.8 0.000830569
18733 0.00093875
18735.3 0.00104491
18737.5 0.00114878
18739.8 0.00125024
18742 0.00134918
18744.2 0.00144547
18746.5 0.00153888
18748.7 0.00162923
18751 0.00171648
18753.2 0.00180052
18755.4 0.00188116
18757.7 0.00195823
18759.9 0.00203167
18762.1 0.00210145
18764.4 0.00216741
18766.6 0.00222938
18768.9 0.00228733
18771.1 0.00234124
18773.3 0.00239103
18775.6 0.00243654
18777.8 0.00247774
18780.1 0.00251465
18782.3 0.00254723
18784.5 0.00257539
18786.8 0.00259905
18789 0.00261829
18791.2 0.00263313
18793.5 0.0026435
18795.7 0.00264934
18798 0.00265074
18800.2 0.00264776
18802.4 0.0026404
18804.7 0.00262861
18806.9 0.00261246
18809.1 0.00259208
18811.4 0.00256752
18813.6 0.00253874
18815.9 0.00250581
18818.1 0.0024689
18820.3 0.0024281
18822.6 0.00238341
18824.8 0.0023349
18827.1 0.00228274
18829.3 0.00222708
18831.5 0.00216796
18833.8 0.00210544
18836 0.00203969
18838.2 0.00197091
18840.5 0.00189918
18842.7 0.00182456
18845 0.00174721
18847.2 0.00166736
18849.4 0.00158514
18851.7 0.0015006
18853.9 0.0014139
18856.1 0.00132528
18858.4 0.00123491
18860.6 0.00114286
18862.9 0.00104927
18865.1 0.000954371
18867.3 0.000858368
18869.6 0.000761365
18871.8 0.000663471
18874.1 0.000564903
18876.3 0.000465894
18878.5 0.000366574
18880.8 0.000267033
18883 0.000167463
18885.2 6.81085e-05
18887.5 -3.08763e-05
18889.7 -0.000129408
18892 -0.000227331
18894.2 -0.000324405
18896.4 -0.000420453
18898.7 -0.000515393
18900.9 -0.000609106
18903.2 -0.000701374
18905.4 -0.000792001
18907.6 -0.000880903
18909.9 -0.000967997
18912.1 -0.0010531
18914.3 -0.001136
18916.6 -0.00121662
18918.8 -0.0012949
18921.1 -0.0013707
18923.3 -0.00144382
18925.5 -0.00151416
18927.8 -0.0015817
18930 -0.00164634
18932.2 -0.00170791
18934.5 -0.00176629
18936.7 -0.00182147
18939 -0.00187342
18941.2 -0.00192199
18943.4 -0.00196706
18945.7 -0.00200864
18947.9 -0.00204673
18950.2 -0.00208123
18952.4 -0.00211203
18954.6 -0.00213913
18956.9 -0.00216257
18959.1 -0.00218231
18961.3 -0.00219827
18963.6 -0.00221042
18965.8 -0.00221884
18968.1 -0.00222356
18970.3 -0.00222449
18972.5 -0.00222163
18974.8 -0.00221508
18977 -0.0022049
18979.2 -0.00219105
18981.5 -0.00217353
18983.7 -0.00215243
18986 -0.00212788
18988.2 -0.00209988
18990.4 -0.00206843
18992.7 -0.00203363
18994.9 -0.00199562
18997.2 -0.00195447
18999.4 -0.00191018
19001.6 -0.00186285
19003.9 -0.00181265
19006.1 -0.00175968
19008.3 -0.00170398
19010.6 -0.00164562
19012.8 -0.00158479
19015.1 -0.00152164
19017.3 -0.00145622
19019.5 -0.0013886
19021.8 -0.00131896
19024 -0.00124749
19026.3 -0.00117427
19028.5 -0.00109937
19030.7 -0.00102295
19033 -0.000945212
19035.2 -0.000866289
19037.4 -0.000786235
19039.7 -0.00070519
19041.9 -0.000623375
19044.2 -0.000540943
19046.4 -0.000457958
19048.6 -0.000374534
19050.9 -0.000290884
19053.1 -0.00020719
19055.3 -0.000123529
19057.6 -3.99855e-05
19059.8 4.3246e-05
19062.1 0.000125964
19064.3 0.000208075
19066.5 0.000289518
19068.8 0.000370129
19071 0.0004497
19073.3 0.000528118
19075.5 0.000605338
19077.7 0.000681236
19080 0.000755611
19082.2 0.00082833
19084.4 0.000899356
19086.7 0.00096861
19088.9 0.00103591
19091.2 0.00110111
19093.4 0.00116418
19095.6 0.00122507
19097.9 0.00128364
19100.1 0.00133974
19102.3 0.00139332
19104.6 0.00144438
19106.8 0.00149282
19109.1 0.0015385
19111.3 0.00158136
19113.5 0.00162142
19115.8 0.00165864
19118 0.00169288
19120.3 0.00172408
19122.5 0.00175229
19124.7 0.00177751
19127 0.00179963
19129.2 0.00181858
19131.4 0.00183442
19133.7 0.00184718
19135.9 0.00185682
19138.2 0.00186327
19140.4 0.00186655
19142.6 0.00186678
19144.9 0.00186392
19147.1 0.00185793
19149.4 0.00184883
19151.6 0.00183674
19153.8 0.0018217
19156.1 0.00180367
19158.3 0.00178267
19160.5 0.00175883
19162.8 0.00173224
19165 0.00170288
19167.3 0.00167077
19169.5 0.00163603
19171.7 0.0015988
19174 0.00155911
19176.2 0.00151694
19178.4 0.00147243
19180.7 0.00142575
19182.9 0.00137694
19185.2 0.00132603
19187.4 0.00127311
19189.6 0.00121836
19191.9 0.0011619
19194.1 0.00110373
19196.4 0.00104395
19198.6 0.000982734
19200.8 0.000920233
19203.1 0.000856482
19205.3 0.000791539
19207.5 0.000725582
19209.8 0.00065879
19212 0.000591225
19214.3 0.000522929
19216.5 0.000454055
19218.7 0.000384802
19221 0.000315267
19223.2 0.000245478
19225.4 0.000175557
19227.7 0.000105711
19229.9 3.60669e-05
19232.2 -3.33479e-05
19234.4 -0.000102447
19236.6 -0.000171033
19238.9 -0.000238953
19241.1 -0.000306169
19243.4 -0.00037263
19245.6 -0.000438166
19247.8 -0.000502601
19250.1 -0.000565883
19252.3 -0.000627992
19254.5 -0.000688793
19256.8 -0.000748104
19259 -0.000805851
19261.3 -0.000862035
19263.5 -0.000916569
19265.7 -0.000969275
19268 -0.00102006
19270.2 -0.00106893
19272.4 -0.00111586
19274.7 -0.00116067
19276.9 -0.00120327
19279.2 -0.00124367
19281.4 -0.00128186
19283.6 -0.00131774
19285.9 -0.00135117
19288.1 -0.00138216
19290.4 -0.00141076
19292.6 -0.00143689
19294.8 -0.00146043
19297.1 -0.00148137
19299.3 -0.00149978
19301.5 -0.00151564
19303.8 -0.00152884
19306 -0.00153934
19308.3 -0.00154725
19310.5 -0.00155259
19312.7 -0.00155528
19315 -0.00155527
19317.2 -0.00155266
19319.5 -0.00154752
19321.7 -0.00153982
19323.9 -0.0015295
19326.2 -0.00151663
19328.4 -0.00150134
19330.6 -0.00148364
19332.9 -0.00146347
19335.1 -0.00144089
19337.4 -0.00141604
19339.6 -0.001389
19341.8 -0.00135971
19344.1 -0.00132821
19346.3 -0.00129465
19348.5 -0.00125915
19350.8 -0.00122169
19353 -0.00118229
19355.3 -0.00114108
19357.5 -0.00109824
19359.7 -0.00105376
19362 -0.00100766
19364.2 -0.000960056
19366.5 -0.000911134
19368.7 -0.000860959
19370.9 -0.000809518
19373.2 -0.000756909
19375.4 -0.000703329
19377.6 -0.000648887
19379.9 -0.000593577
19382.1 -0.000537462
19384.4 -0.000480735
19386.6 -0.000423545
19388.8 -0.000365905
19391.1 -0.000307845
19393.3 -0.000249536
19395.5 -0.00019116
19397.8 -0.000132757
19400 -7.4332e-05
19402.3 -1.60203e-05
19404.5 4.19789e-05
19406.7 9.95892e-05
19409 0.000156822
19411.2 0.000213586
19413.5 0.000269681
19415.7 0.000324995
19417.9 0.000379542
19420.2 0.000433276
19422.4 0.000486016
19424.6 0.000537618
19426.9 0.000588086
19429.1 0.000637416
19431.4 0.000685463
19433.6 0.000732062
19435.8 0.000777194
19438.1 0.00082089
19440.3 0.000863053
19442.6 0.000903512
19444.8 0.00094222
19447 0.000979228
19449.3 0.00101449
19451.5 0.00104786
19453.7 0.00107925
19456 0.00110872
19458.2 0.00113628
19460.5 0.0011618
19462.7 0.00118519
19464.9 0.00120649
19467.2 0.00122576
19469.4 0.00124292
19471.6 0.00125785
19473.9 0.00127058
19476.1 0.00128122
19478.4 0.00128971
19480.6 0.00129596
19482.8 0.00129997
19484.9 0.00130176
19486.9 0.00130185
19488.9 0.00130018
19490.9 0.00129671
19492.9 0.00129149
19494.9 0.00128462
19496.9 0.00127611
19498.9 0.00126589
19500.9 0.00125395
19503 0.00124038
19505 0.00122528
19507 0.00120863
19509 0.00119038
19511 0.00117056
19513 0.00114928
19515 0.00112662
19517 0.00110256
19519 0.00107706
19521.1 0.00105019
19523.1 0.00102207
19525.1 0.000992767
19527.1 0.000962247
19529.1 0.000930501
19531.1 0.000897624
19533.1 0.000863744
19535.1 0.000828901
19537.2 0.000793064
19539.2 0.000756253
19541.2 0.000718589
19543.2 0.000680188
19545.2 0.000641072
19547.2 0.000601213
19549.2 0.000560664
19551.2 0.000519561
19553.2 0.000478003
19555.3 0.000435993
19557.3 0.000393515
19559.3 0.000350653
19561.3 0.000307545
19563.3 0.000264271
19565.3 0.000220814
19567.3 0.000177182
19569.3 0.000133478
19571.4 8.98405e-05
19573.4 4.63166e-05
19575.4 2.88426e-06
19577.4 -4.04285e-05
19579.4 -8.34982e-05
19581.4 -0.000126206
19583.4 -0.00016853
19585.4 -0.000210496
19587.4 -0.00025205
19589.5 -0.000293062
19591.5 -0.000333437
19593.5 -0.000373181
19595.5 -0.00041231
19597.5 -0.000450753
19599.5 -0.000488378
19601.5 -0.000525124
19603.5 -0.000561016
19605.6 -0.00059606
19607.6 -0.000630165
19609.6 -0.000663215
19611.6 -0.00069518
19613.6 -0.000726101
19615.6 -0.000755967
19617.6 -0.000784678
19619.6 -0.00081214
19621.6 -0.000838356
19623.7 -0.000863372
19625.7 -0.000887162
19627.7 -0.000909623
19629.7 -0.000930692
19631.7 -0.0009504
19633.7 -0.000968794
19635.7 -0.00098583
19637.7 -0.00100141
19639.8 -0.00101551
19641.8 -0.00102819
19643.8 -0.00103948
19645.8 -0.00104932
19647.8 -0.00105765
19649.8 -0.00106446
19651.8 -0.00106982
19653.8 -0.00107377
19655.8 -0.00107624
19657.9 -0.00107718
19659.9 -0.00107662
19661.9 -0.00107465
19663.9 -0.00107128
19665.9 -0.00106644
19667.9 -0.00106012
19669.9 -0.00105238
19671.9 -0.00104329
19674 -0.00103287
19676 -0.00102105
19678 -0.00100783
19680 -0.000993324
19682 -0.000977589
19684 -0.00096061
19686 -0.000942348
19688 -0.000922845
19690 -0.000902207
19692.1 -0.00088049
19694.1 -0.000857669
19696.1 -0.000833724
19698.1 -0.000808728
19700.1 -0.00078279
19702.1 -0.00075595
19704.1 -0.000728176
19706.1 -0.000699478
19708.1 -0.000669952
19710.2 -0.0006397
19712.2 -0.000608744
19714.2 -0.000577056
19716.2 -0.000544673
19718.2 -0.000511706
19720.2 -0.000478246
19722.2 -0.000444295
19724.2 -0.000409837
19726.3 -0.000374934
19728.3 -0.000339706
19730.3 -0.000304222
19732.3 -0.000268472
19734.3 -0.000232455
19736.3 -0.000196255
19738.3 -0.000159991
19740.3 -0.000123707
19742.3 -8.73871e-05
19744.4 -5.1048e-05
19746.4 -1.47915e-05
19748.4 2.12775e-05
19750.4 5.7136e-05
19752.4 9.28043e-05
19754.4 0.000128244
19756.4 0.000163343
19758.4 0.000198019
19760.5 0.000232269
19762.5 0.000266109
19764.5 0.000299481
19766.5 0.000332275
19768.5 0.000364432
19770.5 0.000395967
19772.5 0.000426887
19774.5 0.000457119
19776.5 0.000486561
19778.6 0.000515182
19780.6 0.00054301
19782.6 0.00057004
19784.6 0.000596187
19786.6 0.000621367
19788.6 0.000645577
19790.6 0.000668852
19792.6 0.000691171
19794.7 0.000712447
19796.7 0.00073262
19798.7 0.000751712
19800.7 0.000769759
19802.7 0.000786725
19804.7 0.000802528
19806.7 0.000817137
19808.7 0.000830594
19810.7 0.000842929
19812.8 0.000854094
19814.8 0.000864021
19816.8 0.000872709
19818.8 0.000880214
19820.8 0.000886555
19822.8 0.000891678
19824.8 0.000895534
19826.8 0.000898151
19828.9 0.000899592
19830.9 0.000899863
19832.9 0.000898853
19835 0.000896506
19837.1 0.000892884
19839.2 0.000888049
19841.3 0.000881984
19843.4 0.00087464
19845.4 0.000866038
19847.5 0.000856262
19849.6 0.000845352
19851.7 0.000833273
19853.8 0.000820002
19855.9 0.000805606
19857.9 0.000790168
19860 0.000773699
19862.1 0.000756162
19864.2 0.000737577
19866.3 0.000718038
19868.3 0.000697611
19870.4 0.000676279
19872.5 0.000654026
19874.6 0.000630914
19876.7 0.000607045
19878.8 0.000582452
19880.8 0.000557111
19882.9 0.000531038
19885 0.000504329
19887.1 0.000477069
19889.2 0.000449262
19891.3 0.000420892
19893.3 0.000392016
19895.4 0.000362743
19897.5 0.000333125
19899.6 0.000303149
19901.7 0.000272824
19903.8 0.000242242
19905.8 0.000211501
19907.9 0.000180618
19910 0.000149577
19912.1 0.000118426
19914.2 8.72716e-05
19916.2 5.61817e-05
19918.3 2.5148e-05
19920.4 -5.82874e-06
19922.5 -3.66684e-05
19924.6 -6.72694e-05
19926.7 -9.76014e-05
19928.7 -0.000127685
19930.8 -0.000157488
19932.9 -0.000186912
19935 -0.000215881
19937.1 -0.0002444
19939.2 -0.000272481
19941.2 -0.000300061
19943.3 -0.000327042
19945.4 -0.000353386
19947.5 -0.00037912
19949.6 -0.000404233
19951.6 -0.000428639
19953.7 -0.000452262
19955.8 -0.000475106
19957.9 -0.000497197
19960 -0.000518495
19962.1 -0.000538912
19964.1 -0.000558409
19966.2 -0.000577018
19968.3 -0.000594751
19970.4 -0.000611542
19972.5 -0.000627321
19974.6 -0.000642091
19976.6 -0.000655894
19978.7 -0.000668718
19980.8 -0.000680487
19982.9 -0.000691165
19985 -0.000700791
19987.1 -0.000709399
19989.1 -0.000716949
19991.2 -0.000723378
19993.3 -0.000728692
19995.4 -0.000732949
19997.5 -0.000736161
19999.5 -0.000738273
20001.6 -0.000739252
20003.7 -0.000739142
20005.8 -0.000738
20007.9 -0.000735812
20010 -0.000732526
20012 -0.00072815
20014.1 -0.000722753
20016.2 -0.000716374
20018.3 -0.000708977
20020.4 -0.000700535
20022.5 -0.000691095
20024.5 -0.000680732
20026.6 -0.000669456
20028.7 -0.00065723
20030.8 -0.000644059
20032.9 -0.000630023
20035 -0.00061518
20037 -0.000599517
20039.1 -0.000583009
20041.2 -0.000565704
20043.3 -0.000547689
20045.4 -0.000528997
20047.4 -0.000509601
20049.5 -0.000489507
20051.6 -0.000468794
20053.7 -0.000447539
20055.8 -0.000425747
20057.9 -0.000403394
20059.9 -0.000380525
20062 -0.000357232
20064.1 -0.000333569
20066.2 -0.000309516
20068.3 -0.000285076
20070.4 -0.000260323
20072.4 -0.000235347
20074.5 -0.000210165
20076.6 -0.000184758
20078.7 -0.000159157
20080.8 -0.000133458
20082.8 -0.000107725
20084.9 -8.19503e-05
20087 -5.61246e-05
20089.1 -3.03148e-05
20091.2 -4.61491e-06
20093.3 2.09451e-05
20095.4 4.72528e-05
20097.6 7.34116e-05
20099.7 9.93222e-05
20101.9 0.000124911
20104 0.00015019
20106.2 0.000175169
20108.3 0.000199778
20110.5 0.00022392
20112.6 0.000247576
20114.8 0.000270778
20116.9 0.000293493
20119.1 0.000315626
20121.3 0.000337123
20123.4 0.00035801
20125.6 0.000378299
20127.7 0.000397914
20129.9 0.000416776
20132 0.000434888
20134.2 0.000452289
20136.3 0.000468944
20138.5 0.000484766
20140.6 0.000499725
20142.8 0.000513866
20144.9 0.000527199
20147.1 0.000539652
20149.3 0.000551167
20151.4 0.000561771
20153.6 0.000571511
20155.7 0.000580351
20157.9 0.000588217
20160 0.000595107
20162.2 0.000601082
20164.3 0.000606153
20166.5 0.000610253
20168.6 0.000613349
20170.8 0.000615492
20172.9 0.000616733
20175.1 0.000617038
20177.2 0.00061635
20179.4 0.000614694
20181.6 0.000612144
20183.7 0.00060871
20185.9 0.000604334
20188 0.000599007
20190.2 0.000592802
20192.3 0.000585772
20194.5 0.000577883
20196.6 0.000569098
20198.8 0.000559467
20200.9 0.000549071
20203.1 0.000537918
20205.2 0.00052596
20207.4 0.000513213
20209.5 0.000499765
20211.7 0.000485666
20213.9 0.000470885
20216 0.000455402
20218.2 0.000439289
20220.3 0.00042263
20222.5 0.000405428
20224.6 0.000387646
20226.8 0.000369319
20228.9 0.000350546
20231.1 0.000331373
20233.2 0.000311767
20235.4 0.000291726
20237.5 0.000271337
20239.7 0.000250682
20241.8 0.000229757
20244 0.000208531
20246.2 0.000187061
20248.3 0.000165447
20250.5 0.000143725
20252.6 0.000121859
20254.8 9.9864e-05
20256.9 7.78361e-05
20259.1 5.58487e-05
20261.2 3.38852e-05
20263.4 1.19251e-05
20265.5 -9.96397e-06
20267.7 -3.16836e-05
20269.8 -5.32155e-05
20272 -7.45964e-05
20274.2 -9.58004e-05
20276.3 -0.000116728
20278.5 -0.000137322
20280.6 -0.00015761
20282.8 -0.000177608
20284.9 -0.000197239
20287.1 -0.000216417
20289.2 -0.000235143
20291.4 -0.000253455
20293.5 -0.00027132
20295.7 -0.000288643
20297.8 -0.000305386
20300 -0.000321591
20302.1 -0.000337269
20304.3 -0.000352342
20306.5 -0.000366738
20308.6 -0.000380481
20310.8 -0.000393614
20312.9 -0.000406097
20315.1 -0.000417844
20317.2 -0.000428842
20319.4 -0.000439148
20321.5 -0.000448767
20323.7 -0.000457625
20325.8 -0.000465672
20328 -0.000472951
20330.1 -0.00047951
20332.3 -0.000485307
20334.4 -0.00049027
20336.6 -0.000494411
20338.8 -0.000497797
20340.9 -0.000500435
20343.1 -0.000502253
20345.2 -0.000503227
20347.4 -0.000503419
20349.5 -0.000502879
20351.7 -0.000501564
20353.8 -0.000499419
20356 -0.000496482
20358.1 -0.00049283
20360.3 -0.000488463
20362.4 -0.000483321
20364.6 -0.000477401
20366.8 -0.000470785
20368.9 -0.000463521
20371.1 -0.000455564
20373.2 -0.000446881
20375.4 -0.000437529
20377.5 -0.00042759
20379.7 -0.000417062
20381.8 -0.000405891
20384 -0.000394099
20386.1 -0.00038178
20388.3 -0.000368975
20390.4 -0.000355642
20392.6 -0.000341762
20394.7 -0.000327414
20396.9 -0.000312679
20399.1 -0.000297546
20401.2 -0.000281971
20403.4 -0.000265998
20405.5 -0.000249724
20407.7 -0.000233184
20409.9 -0.000215758
20412.1 -0.000198001
20414.3 -0.000180016
20416.6 -0.000161878
20418.8 -0.000143554
20421 -0.000125021
20423.3 -0.00010636
20425.5 -8.76686e-05
20427.7 -6.8943e-05
20429.9 -5.01391e-05
20432.2 -3.13089e-05
20434.4 -1.25633e-05
20436.6 6.07107e-06
20438.8 2.46445e-05
20441.1 4.31393e-05
20443.3 6.1447e-05
20445.5 7.95091e-05
20447.7 9.73691e-05
20450 0.000115043
20452.2 0.000132438
20454.4 0.000149471
20456.6 0.000166166
20458.9 0.000182565
20461.1 0.000198605
20463.3 0.000214186
20465.6 0.000229306
20467.8 0.000244022
20470 0.000258307
20472.2 0.00027206
20474.5 0.000285246
20476.7 0.000297926
20478.9 0.000310112
20481.1 0.000321713
20483.4 0.000332667
20485.6 0.000343024
20487.8 0.000352828
20490 0.000362015
20492.3 0.000370503
20494.5 0.00037832
20496.7 0.000385533
20498.9 0.000392113
20501.2 0.000397969
20503.4 0.000403101
20505.6 0.000407587
20507.9 0.000411437
20510.1 0.000414566
20512.3 0.000416944
20514.5 0.000418645
20516.8 0.000419714
20519 0.00042009
20521.2 0.000419716
20523.4 0.000418649
20525.7 0.000416964
20527.9 0.000414629
20530.1 0.000411574
20532.3 0.000407829
20534.6 0.000403486
20536.8 0.000398551
20539 0.000392951
20541.2 0.000386685
20543.5 0.000379849
20545.7 0.000372485
20547.9 0.000364535
20550.2 0.000355968
20552.4 0.000346867
20554.6 0.000337307
20556.8 0.000327255
20559.1 0.000316659
20561.3 0.000305578
20563.5 0.000294108
20565.7 0.00028225
20568 0.000269942
20570.2 0.000257211
20572.4 0.000244164
20574.6 0.000230835
20576.9 0.000217168
20579.1 0.000203158
20581.3 0.000188903
20583.5 0.000174472
20585.8 0.000159826
20588 0.000144931
20590.2 0.000129866
20592.5 0.000114725
20594.7 9.94954e-05
20596.9 8.41265e-05
20599.1 6.86654e-05
20601.4 5.32194e-05
20603.6 3.78096e-05
20605.8 2.2379e-05
20608 6.94069e-06
20610.3 -8.40061e-06
20612.5 -2.35907e-05
20614.7 -3.86782e-05
20616.9 -5.36832e-05
20619.2 -6.85174e-05
20621.4 -8.30995e-05
20623.6 -9.74581e-05
20625.8 -0.000111639
20628.1 -0.000125582
20630.3 -0.000139189
20632.5 -0.00015246
20634.8 -0.000165456
20637 -0.000178152
20639.2 -0.000190446
20641.4 -0.000202309
20643.7 -0.000213801
20645.9 -0.000224932
20648.1 -0.000235615
20650.3 -0.000245789
20652.6 -0.000255504
20654.8 -0.000264803
20657 -0.000273619
20659.2 -0.000281875
20661.5 -0.000289597
20663.7 -0.000296848
20665.9 -0.000303597
20668.1 -0.000309757
20670.4 -0.000315326
20672.6 -0.000320376
20674.8 -0.000324915
20677.1 -0.000328859
20679.3 -0.000332177
20681.5 -0.000334938
20683.7 -0.000337184
20686 -0.000338849
20688.2 -0.00033988
20690.4 -0.000340329
20692.6 -0.000340264
20694.9 -0.000339649
20697.1 -0.000338417
20699.3 -0.000336594
20701.5 -0.000334263
20703.8 -0.000331426
20706 -0.000328011
20708.2 -0.000324017
20710.4 -0.000319529
20712.7 -0.000314583
20714.9 -0.00030912
20717.1 -0.000303111
20719.4 -0.00029663
20721.6 -0.000289744
20723.8 -0.000282416
20726 -0.000274596
20728.3 -0.000266338
20730.5 -0.000257729
20732.7 -0.000248762
20734.9 -0.000239378
20737.2 -0.000229602
20739.4 -0.000219528
20741.6 -0.000209186
20743.8 -0.000198517
20746.1 -0.000187516
20748.3 -0.000176274
20750.5 -0.000164849
20752.7 -0.000153199
20755 -0.000141294
20757.2 -0.000129205
20759.4 -0.000117014
20761.7 -0.000104705
20763.9 -9.22303e-05
20766.1 -7.96333e-05
20768.3 -6.70099e-05
20770.6 -5.43735e-05
20772.8 -4.16699e-05
20775 -2.89127e-05
20777.2 -1.61965e-05
20779.5 -3.5654e-06
20781.7 9.02838e-06
20783.9 2.16012e-05
20786.1 3.40718e-05
20788.4 4.63706e-05
20790.6 5.85281e-05
20792.8 7.05843e-05
20795.1 8.24822e-05
20797.3 9.41358e-05
20799.5 0.00010555
20801.7 0.00011678
20804 0.000127799
20806.2 0.000138516
20808.4 0.000148908
20810.6 0.000159033
20812.9 0.000168895
20815.1 0.000178413
20817.3 0.000187537
20819.5 0.000196316
20821.8 0.000204782
20824 0.000212874
20826.2 0.000220523
20828.4 0.000227758
20830.7 0.000234633
20832.9 0.000241114
20835.1 0.000247123
20837.4 0.000252664
20839.6 0.0002578
20841.8 0.00026253
20844 0.000266778
20846.3 0.000270523
20848.5 0.000273825
20850.7 0.000276713
20852.9 0.000279127
20855.2 0.000281021
20857.4 0.000282445
20859.6 0.000283453
20861.8 0.000284005
20864.1 0.000284043
20866.3 0.000283596
20868.5 0.000282732
20870.7 0.000281443
20873 0.000279665
20875.2 0.000277402
20877.4 0.000274727
20879.7 0.000271663
20881.9 0.000268151
20884.1 0.000264173
20886.3 0.000259794
20888.6 0.000255064
20890.8 0.000249942
20893 0.00024439
20895.2 0.000238457
20897.5 0.000232213
20899.7 0.000225642
20901.9 0.000218693
20904.1 0.000211395
20906.4 0.000203827
20908.6 0.000196
20910.8 0.000187864
20913 0.00017942
20915.3 0.000170749
20917.5 0.00016189
20919.7 0.0001528
20922 0.000143458
20924.2 0.000133933
20926.4 0.000124287
20928.6 0.000114496
20930.9 0.000104521
20933.1 9.441e-05
20935.3 8.42414e-05
20937.5 7.4014e-05
20939.8 6.36807e-05
20942 5.32642e-05
20944.2 4.28475e-05
20946.4 3.24555e-05
20948.7 2.20421e-05
20950.9 1.16037e-05
20953.1 1.21702e-06
20955.3 -9.06846e-06
20957.6 -1.92887e-05
20959.8 -2.94701e-05
20962 -3.95523e-05
20964.3 -4.94671e-05
20966.5 -5.92322e-05
20968.7 -6.88906e-05
20970.9 -7.84053e-05
20973.2 -8.76984e-05
20975.4 -9.67643e-05
20977.6 -0.000105654
20979.8 -0.000114357
20982.1 -0.000122796
20984.3 -0.000130942
20986.5 -0.000138843
20988.7 -0.000146516
20991 -0.000153895
20993.2 -0.000160929
20995.4 -0.000167654
20997.6 -0.00017411
20999.9 -0.000180251
21002.1 -0.000186013
21004.3 -0.000191411
21006.6 -0.000196501
21008.8 -0.000201263
21011 -0.000205627
21013.2 -0.000209587
21015.5 -0.000213203
21017.7 -0.000216483
21019.9 -0.000219363
21022.1 -0.000221814
21024.4 -0.00022389
21026.6 -0.000225627
21028.8 -0.000226976
21031 -0.000227888
21033.3 -0.000228403
21035.5 -0.000228579
21037.7 -0.000228389
21039.9 -0.000227774
21042.2 -0.000226752
21044.4 -0.000225392
21046.6 -0.000223696
21048.9 -0.000221603
21051.1 -0.000219108
21053.3 -0.00021628
21055.5 -0.000213149
21057.8 -0.000209664
21060 -0.000205797
21062.2 -0.000201607
21064.4 -0.00019715
21066.7 -0.000192392
21068.9 -0.000187287
21071.1 -0.000181878
21073.3 -0.000176235
21075.6 -0.000170352
21077.8 -0.000164173
21080 -0.000157716
21082.2 -0.00015106
21084.5 -0.000144224
21086.7 -0.000137156
21088.9 -0.000129848
21091.2 -0.000122375
21093.4 -0.000114782
21095.6 -0.000107029
21097.8 -9.90843e-05
21100.1 -9.10085e-05
21102.3 -8.28693e-05
21104.5 -7.4646e-05
21106.7 -6.62915e-05
21109 -5.78427e-05
21111.2 -4.93797e-05
21113.4 -4.09082e-05
21115.6 -3.23745e-05
21117.9 -2.3788e-05
21120.1 -1.52301e-05
21122.3 -6.73393e-06
21124.5 1.75007e-06
21126.8 1.02396e-05
21129 1.86635e-05
21131.2 2.69645e-05
21133.5 3.51778e-05
21135.7 4.33435e-05
21137.9 5.1411e-05
21140.1 5.9306e-05
21142.4 6.70412e-05
21144.6 7.46713e-05
21146.8 8.21726e-05
21149 8.94644e-05
21151.3 9.6533e-05
21153.5 0.000103436
21155.7 0.000110181
21157.9 0.000116691
21160.2 0.000122927
21162.4 0.000128939
21164.6 0.000134762
21166.8 0.000140335
21169.1 0.000145597
21171.3 0.000150583
21173.5 0.000155346
21175.8 0.000159853
21178 0.000164031
21180.2 0.000167887
21182.4 0.000171488
21184.7 0.00017483
21186.9 0.000177839
21189.1 0.000180496
21191.3 0.000182866
21193.6 0.000184977
21195.8 0.000186763
21198 0.000188183
21200.2 0.00018929
21202.5 0.000190135
21204.7 0.000190678
21206.9 0.000190855
21209.1 0.0001907
21211.4 0.000190281
21213.6 0.000189587
21215.8 0.000188546
21218.1 0.000187164
21220.3 0.000185517
21222.5 0.000183623
21224.7 0.000181417
21227 0.000178875
21229.2 0.000176067
21231.4 0.000173042
21233.6 0.000169749
21235.9 0.000166141
21238.1 0.000162272
21240.3 0.000158211
21242.5 0.000153933
21244.8 0.000149378
21247 0.000144573
21249.2 0.000139599
21251.5 0.000134463
21253.7 0.000129099
21255.9 0.000123506
21258.1 0.000117766
21260.4 0.000111916
21262.6 0.000105899
21264.8 9.96853e-05
21267 9.33447e-05
21269.3 8.69411e-05
21271.5 8.04379e-05
21273.7 7.37834e-05
21275.9 6.70238e-05
21278.2 6.02412e-05
21280.4 5.34268e-05
21282.6 4.65173e-05
21284.8 3.95294e-05
21287.1 3.25508e-05
21289.3 2.56042e-05
21291.5 1.86271e-05
21293.8 1.16049e-05
21296 4.61785e-06
21298.2 -2.28174e-06
21300.4 -9.14315e-06
21302.7 -1.60086e-05
21304.9 -2.28172e-05
21307.1 -2.94941e-05
21309.3 -3.60652e-05
21311.6 -4.25916e-05
21313.8 -4.9041e-05
21316 -5.5327e-05
21318.2 -6.14456e-05
21320.5 -6.7465e-05
21322.7 -7.3386e-05
21324.9 -7.91237e-05
21327.1 -8.46432e-05
21329.4 -9.00069e-05
21331.6 -9.52473e-05
21333.8 -0.000100294
21336.1 -0.000105087
21338.3 -0.000109668
21340.5 -0.000114098
21342.7 -0.00011833
21345 -0.000122288
21347.2 -0.000125987
21349.4 -0.000129501
21351.6 -0.000132818
21353.9 -0.000135855
21356.1 -0.000138597
21358.3 -0.00014112
21360.5 -0.000143447
21362.8 -0.000145501
21365 -0.000147241
21367.2 -0.000148728
21369.4 -0.000150016
21371.7 -0.000151052
21373.9 -0.000151769
21376.1 -0.000152207
21378.4 -0.00015244
21380.6 -0.000152445
21382.8 -0.000152146
21385 -0.000151551
21387.3 -0.000150743
21389.5 -0.000149734
21391.7 -0.000148449
21393.9 -0.000146865
21396.2 -0.00014506
21398.4 -0.000143078
21400.6 -0.00014086
21402.8 -0.000138356
21405.1 -0.000135626
21407.3 -0.000132739
21409.5 -0.000129663
21411.7 -0.00012633
21414 -0.00012277
21416.2 -0.00011907
21418.4 -0.000115229
21420.7 -0.000111174
21422.9 -0.000106903
21425.1 -0.000102504
21427.3 -9.80097e-05
21429.6 -9.33549e-05
21431.8 -8.8507e-05
21434 -8.35405e-05
21436.2 -7.85188e-05
21438.5 -7.33967e-05
21440.7 -6.81176e-05
21442.9 -6.27311e-05
21445.1 -5.73211e-05
21447.4 -5.18721e-05
21449.6 -4.63139e-05
21451.8 -4.06646e-05
21454 -3.50152e-05
21456.3 -2.9384e-05
21458.5 -2.37009e-05
21460.7 -1.79504e-05
21463 -1.22166e-05
21465.2 -6.54972e-06
21467.4 -8.93284e-07
21469.6 4.79777e-06
21471.9 1.04594e-05
21474.1 1.60165e-05
21476.3 2.1501e-05
21478.5 2.69785e-05
21480.8 3.24145e-05
21483 3.77208e-05
21485.2 4.28978e-05
21487.4 4.8019e-05
21489.7 5.30844e-05
21491.9 5.80063e-05
21494.1 6.27525e-05
21496.3 6.73905e-05
21498.6 7.19535e-05
21500.8 7.63684e-05
21503 8.05746e-05
21505.3 8.4621e-05
21507.5 8.85675e-05
21509.7 9.23669e-05
21511.9 9.59397e-05
21514.2 9.93071e-05
21516.4 0.000102544
21518.6 0.000105637
21520.8 0.0001085
21523.1 0.000111122
21525.3 0.00011358
21527.5 0.000115894
21529.7 0.000117989
21532 0.00011982
21534.2 0.000121454
21536.4 0.000122942
21538.6 0.000124228
21540.9 0.000125245
21543.1 0.000126035
21545.3 0.000126671
21547.6 0.000127127
21549.8 0.000127324
21552 0.000127273
21554.2 0.000127056
21556.5 0.000126682
21558.7 0.000126073
21560.9 0.000125207
21563.1 0.000124161
21565.4 0.000122977
21567.6 0.000121592
21569.8 0.000119955
21572 0.000118127
21574.3 0.000116175
21576.5 0.000114061
21578.7 0.000111717
21580.9 0.000109175
21583.2 0.000106517
21585.4 0.000103738
21587.6 0.000100764
21589.9 9.75931e-05
21592.1 9.43111e-05
21594.3 9.09467e-05
21596.5 8.74316e-05
21598.8 8.37342e-05
21601 7.99275e-05
21603.2 7.60704e-05
21605.4 7.21141e-05
21607.7 6.80025e-05
21609.9 6.37851e-05
21612.1 5.95412e-05
21614.3 5.52511e-05
21616.6 5.08448e-05
21618.8 4.63409e-05
21621 4.1827e-05
21623.2 3.73162e-05
21625.5 3.27378e-05
21627.7 2.80779e-05
21629.9 2.34182e-05
21632.2 1.88035e-05
21634.4 1.41755e-05
21636.6 9.49146e-06
21638.8 4.81443e-06
21641.1 2.14105e-07
21643.3 -4.34426e-06
21645.5 -8.92378e-06
21647.7 -1.34894e-05
21650 -1.79576e-05
21652.2 -2.23328e-05
21654.4 -2.66865e-05
21656.6 -3.10162e-05
21658.9 -3.52377e-05
21661.1 -3.93239e-05
21663.3 -4.33412e-05
21665.5 -4.73188e-05
21667.8 -5.11853e-05
21670 -5.48858e-05
21672.2 -5.84695e-05
21674.5 -6.19914e-05
21676.7 -6.54037e-05
21678.9 -6.86325e-05
21681.1 -7.17012e-05
21683.4 -7.46796e-05
21685.6 -7.75509e-05
21687.8 -8.02344e-05
21690 -8.27229e-05
21692.3 -8.50888e-05
21694.5 -8.7348e-05
21696.7 -8.9426e-05
21698.9 -9.12863e-05
21701.2 -9.2991e-05
21703.4 -9.45852e-05
21705.6 -9.60126e-05
21707.9 -9.72136e-05
21710.1 -9.82295e-05
21712.3 -9.91261e-05
21714.5 -9.98744e-05
21716.8 -0.000100402
21719 -0.000100722
21721.2 -0.000100909
21723.4 -0.000100968
21725.7 -0.000100823
21727.9 -0.000100459
21730.1 -9.99487e-05
21732.3 -9.93245e-05
21734.6 -9.85249e-05
21736.8 -9.75077e-05
21739 -9.63297e-05
21741.2 -9.50493e-05
21743.5 -9.36268e-05
21745.7 -9.20015e-05
21747.9 -9.0206e-05
21750.2 -8.83141e-05
21752.4 -8.6315e-05
21754.6 -8.414e-05
21756.8 -8.17934e-05
21759.1 -7.93521e-05
21761.3 -7.6836e-05
21763.5 -7.41809e-05
21765.7 -7.13628e-05
21768 -6.84498e-05
21770.2 -6.54891e-05
21772.4 -6.24324e-05
21774.6 -5.92325e-05
21776.9 -5.59383e-05
21779.1 -5.2617e-05
21781.3 -4.92443e-05
21783.5 -4.57591e-05
21785.8 -4.2184e-05
21788 -3.85956e-05
21790.2 -3.49983e-05
21792.5 -3.13279e-05
21794.7 -2.75783e-05
21796.9 -2.38238e-05
21799.1 -2.0097e-05
21801.4 -1.63421e-05
21803.6 -1.25269e-05
21805.8 -8.71177e-06
21808 -4.95262e-06
21810.3 -1.21218e-06
21812.5 2.56156e-06
21814.7 6.33079e-06
21816.9 1.00249e-05
21819.2 1.36562e-05
21821.4 1.72867e-05
21823.6 2.0906e-05
21825.8 2.44399e-05
21828.1 2.78733e-05
21830.3 3.1267e-05
21832.5 3.46388e-05
21834.8 3.79219e-05
21837 4.10762e-05
21839.2 4.41506e-05
21841.4 4.71868e-05
21843.7 5.01358e-05
21845.9 5.29383e-05
21848.1 5.56234e-05
21850.3 5.82486e-05
21852.6 6.07897e-05
21854.8 6.31777e-05
21857 6.54167e-05
21859.2 6.75701e-05
21861.5 6.96414e-05
21863.7 7.15629e-05
21865.9 7.33127e-05
21868.1 7.49495e-05
21870.4 7.65031e-05
21872.6 7.79174e-05
21874.8 7.91482e-05
21877.1 8.024e-05
21879.3 8.12431e-05
21881.5 8.21217e-05
21883.7 8.28168e-05
21886 8.3351e-05
21888.2 8.37871e-05
21890.4 8.41148e-05
21892.6 8.42695e-05
21894.9 8.42491e-05
21897.1 8.41183e-05
21899.3 8.38934e-05
21901.5 8.35151e-05
21903.8 8.2957e-05
21906 8.22754e-05
21908.2 8.15108e-05
21910.4 8.06182e-05
21912.7 7.95519e-05
21914.9 7.83512e-05
21917.1 7.70741e-05
21919.4 7.56973e-05
21921.6 7.41634e-05
21923.8 7.24893e-05
21926 7.07411e-05
21928.3 6.89212e-05
21930.5 6.69701e-05
21932.7 6.48801e-05
21934.9 6.27155e-05
21937.2 6.05042e-05
21939.4 5.81944e-05
21941.6 5.57559e-05
21943.8 5.32414e-05
21946.1 5.07001e-05
21948.3 4.8097e-05
21950.5 4.53843e-05
21952.7 4.25962e-05
21955 3.97953e-05
21957.2 3.69692e-05
21959.4 3.40616e-05
21961.7 3.10827e-05
21963.9 2.80997e-05
21966.1 2.51254e-05
21968.3 2.2104e-05
21970.6 1.90212e-05
21972.8 1.5939e-05
21975 1.28935e-05
21977.2 9.83918e-06
21979.5 6.74036e-06
21981.7 3.64452e-06
21983.9 6.06131e-07
21986.1 -2.40225e-06
21988.4 -5.43144e-06
21990.6 -8.45518e-06
21992.8 -1.14085e-05
21995 -1.4296e-05
21997.3 -1.71748e-05
21999.5 -2.00434e-05
22001.7 -2.28359e-05
22004 -2.55326e-05
22006.2 -2.81875e-05
22008.4 -3.08234e-05
22010.6 -3.33832e-05
22012.9 -3.58256e-05
22015.1 -3.81922e-05
22017.3 -4.0526e-05
22019.5 -4.27874e-05
22021.8 -4.49191e-05
22024 -4.69434e-05
22026.2 -4.89164e-05
22028.4 -5.08215e-05
22030.7 -5.25944e-05
22032.9 -5.42338e-05
22035.1 -5.57995e-05
22037.3 -5.73008e-05
22039.6 -5.86756e-05
22041.8 -5.9899e-05
22044 -6.10249e-05
22046.3 -6.20864e-05
22048.5 -6.30338e-05
22050.7 -6.38217e-05
22052.9 -6.44893e-05
22055.2 -6.50887e-05
22057.4 -6.55897e-05
22059.6 -6.59339e-05
22061.8 -6.61391e-05
22064.1 -6.62678e-05
22066.3 -6.63149e-05
22068.5 -6.62177e-05
22070.7 -6.59695e-05
22073 -6.56337e-05
22075.2 -6.52311e-05
22077.4 -6.47048e-05
22079.6 -6.40246e-05
22081.9 -6.32444e-05
22084.1 -6.24083e-05
22086.3 -6.14746e-05
22088.6 -6.03941e-05
22090.8 -5.92028e-05
22093 -5.79614e-05
22095.2 -5.66507e-05
22097.5 -5.52105e-05
22099.7 -5.36529e-05
22101.9 -5.20461e-05
22104.1 -5.03971e-05
22106.4 -4.86446e-05
22108.6 -4.67751e-05
22110.8 -4.48535e-05
22113 -4.29127e-05
22115.3 -4.09008e-05
22117.5 -3.87809e-05
22119.7 -3.66042e-05
22122 -3.44254e-05
22124.2 -3.2211e-05
22126.4 -2.99067e-05
22128.6 -2.75422e-05
22130.9 -2.51855e-05
22133.1 -2.28282e-05
22135.3 -2.04077e-05
22137.5 -1.79273e-05
22139.8 -1.54583e-05
22142 -1.30193e-05
22144.2 -1.05505e-05
22146.4 -8.02832e-06
22148.7 -5.51598e-06
22150.9 -3.05742e-06
22153.1 -6.05833e-07
22155.3 1.88496e-06
22157.6 4.37e-06
22159.8 6.78635e-06
22162 9.159e-06
22164.3 1.15491e-05
22166.5 1.39371e-05
22168.7 1.62506e-05
22170.9 1.84878e-05
22173.2 2.07143e-05
22175.4 2.2939e-05
22177.6 2.50915e-05
22179.8 2.71425e-05
22182.1 2.91506e-05
22184.3 3.11517e-05
22186.5 3.3089e-05
22188.7 3.49092e-05
22191 3.66538e-05
22193.2 3.83795e-05
22195.4 4.00522e-05
22197.6 4.16034e-05
22199.9 4.30493e-05
22202.1 4.4458e-05
22204.3 4.58239e-05
22206.6 4.7074e-05
22208.8 4.81959e-05
22211 4.92575e-05
22213.2 5.02827e-05
22215.5 5.1206e-05
22217.7 5.19878e-05
22219.9 5.26841e-05
22222.1 5.33445e-05
22224.4 5.39219e-05
22226.6 5.43559e-05
22228.8 5.46806e-05
22231 5.49631e-05
22233.3 5.5183e-05
22235.5 5.52687e-05
22237.7 5.52265e-05
22239.9 5.51297e-05
22242.2 5.49885e-05
22244.4 5.47322e-05
22246.6 5.43375e-05
22248.9 5.38721e-05
22251.1 5.33752e-05
22253.3 5.27892e-05
22255.5 5.20651e-05
22257.8 5.12532e-05
22260 5.04158e-05
22262.2 4.95183e-05
22264.4 4.84946e-05
22266.7 4.73688e-05
22268.9 4.62162e-05
22271.1 4.50318e-05
22273.3 4.37434e-05
22275.6 4.23452e-05
22277.8 4.09128e-05
22280 3.94724e-05
22282.2 3.79583e-05
22284.5 3.63356e-05
22286.7 3.4668e-05
22288.9 3.30089e-05
22291.2 3.1311e-05
22293.4 2.95162e-05
22295.6 2.76658e-05
22297.8 2.58319e-05
22300.1 2.39941e-05
22302.3 2.20817e-05
22304.5 2.01064e-05
22306.7 1.81474e-05
22309 1.62156e-05
22311.2 1.42397e-05
22313.4 1.22003e-05
22315.6 1.01709e-05
22317.9 8.19223e-06
22320.1 6.20537e-06
22322.3 4.1633e-06
22324.5 2.12136e-06
22326.8 1.44181e-07
22329 -1.8042e-06
22331.2 -3.79009e-06
22333.5 -5.78534e-06
22335.7 -7.71188e-06
22337.9 -9.57598e-06
22340.1 -1.14515e-05
22342.4 -1.33419e-05
22344.6 -1.51687e-05
22346.8 -1.69066e-05
22349 -1.86239e-05
22351.3 -2.03551e-05
22353.5 -2.20341e-05
22355.7 -2.36078e-05
22357.9 -2.51269e-05
22360.2 -2.66506e-05
22362.4 -2.81362e-05
22364.6 -2.95117e-05
22366.8 -3.08008e-05
22369.1 -3.2077e-05
22371.3 -3.33283e-05
22373.5 -3.44754e-05
22375.8 -3.55108e-05
22378 -3.65094e-05
22380.2 -3.74917e-05
22382.4 -3.83847e-05
22384.7 -3.91503e-05
22386.9 -3.98519e-05
22389.1 -4.0539e-05
22391.3 -4.11569e-05
22393.6 -4.16437e-05
22395.8 -4.20398e-05
22398 -4.24151e-05
22400.2 -4.27429e-05
22402.5 -4.29477e-05
22404.7 -4.304e-05
22406.9 -4.3098e-05
22409.1 -4.31275e-05
22411.4 -4.30524e-05
22413.6 -4.28516e-05
22415.8 -4.25979e-05
22418.1 -4.2329e-05
22420.3 -4.1981e-05
22422.5 -4.1505e-05
22424.7 -4.09562e-05
22427 -4.03973e-05
22429.2 -3.97883e-05
22431.4 -3.90607e-05
22433.6 -3.82429e-05
22435.9 -3.74119e-05
22438.1 -3.65587e-05
22440.3 -3.56072e-05
22442.5 -3.45542e-05
22444.8 -3.34784e-05
22447 -3.24031e-05
22449.2 -3.12582e-05
22451.4 -3.00099e-05
22453.7 -2.8725e-05
22455.9 -2.74556e-05
22458.1 -2.61498e-05
22460.4 -2.47494e-05
22462.6 -2.32984e-05
22464.8 -2.18688e-05
22467 -2.04362e-05
22469.3 -1.89285e-05
22471.5 -1.73596e-05
22473.7 -1.58095e-05
22475.9 -1.42857e-05
22478.2 -1.27148e-05
22480.4 -1.10792e-05
22482.6 -9.45318e-06
22484.8 -7.87509e-06
22487.1 -6.28348e-06
22489.3 -4.63242e-06
22491.5 -2.97865e-06
22493.7 -1.38473e-06
22496 1.8803e-07
22498.2 1.80527e-06
22500.4 3.43719e-06
22502.7 5.00734e-06
22504.9 6.52488e-06
22507.1 8.06341e-06
22509.3 9.62455e-06
22511.6 1.11308e-05
22513.8 1.256e-05
22516 1.39808e-05
22518.2 1.54254e-05
22520.5 1.68279e-05
22522.7 1.81388e-05
22524.9 1.94097e-05
22527.1 2.06971e-05
22529.4 2.19579e-05
22531.6 2.31233e-05
22533.8 2.4219e-05
22536 2.53159e-05
22538.3 2.64e-05
22540.5 2.73953e-05
22542.7 2.82972e-05
22545 2.91784e-05
22547.2 3.0056e-05
22549.4 3.08593e-05
22551.6 3.15545e-05
22553.9 3.22034e-05
22556.1 3.28511e-05
22558.3 3.34436e-05
22560.5 3.39239e-05
22562.8 3.43327e-05
22565 3.47346e-05
22567.2 3.51016e-05
22569.4 3.53628e-05
22571.7 3.55314e-05
22573.9 3.56803e-05
22576.1 3.58116e-05
22578.4 3.58531e-05
22580.6 3.57881e-05
22582.8 3.56856e-05
22585 3.55772e-05
22587.3 3.54013e-05
22589.5 3.51148e-05
22591.7 3.47713e-05
22593.9 3.4426e-05
22596.2 3.40384e-05
22598.4 3.35466e-05
22600.6 3.29802e-05
22602.8 3.24086e-05
22605.1 3.1819e-05
22607.3 3.11412e-05
22609.5 3.03765e-05
22611.7 2.9597e-05
22614 2.88192e-05
22616.2 2.79772e-05
22618.4 2.70438e-05
22620.7 2.60821e-05
22622.9 2.51353e-05
22625.1 2.41523e-05
22627.3 2.30831e-05
22629.6 2.19715e-05
22631.8 2.088e-05
22634 1.9781e-05
22636.2 1.86105e-05
22638.5 1.73862e-05
22640.7 1.61794e-05
22642.9 1.4991e-05
22645.1 1.37536e-05
22647.4 1.24568e-05
22649.6 1.11692e-05
22651.8 9.91939e-06
22654 8.64869e-06
22656.3 7.32059e-06
22658.5 5.9901e-06
22660.7 4.70886e-06
22663 3.43657e-06
22665.2 2.11747e-06
22667.4 7.84294e-07
22669.6 -4.96799e-07
22671.9 -1.74101e-06
22674.1 -3.01355e-06
22676.3 -4.3088e-06
22678.5 -5.55686e-06
22680.8 -6.74537e-06
22683 -7.93786e-06
22685.2 -9.15607e-06
22687.4 -1.03376e-05
22689.7 -1.14447e-05
22691.9 -1.25286e-05
22694.1 -1.3634e-05
22696.3 -1.47161e-05
22698.6 -1.57179e-05
22700.8 -1.66698e-05
22703 -1.76318e-05
22705.3 -1.85833e-05
22707.5 -1.94577e-05
22709.7 -2.02594e-05
22711.9 -2.10537e-05
22714.2 -2.1847e-05
22716.4 -2.25737e-05
22718.6 -2.32121e-05
22720.8 -2.38213e-05
22723.1 -2.44337e-05
22725.3 -2.49951e-05
22727.5 -2.54611e-05
22729.7 -2.58756e-05
22732 -2.62904e-05
22734.2 -2.66719e-05
22736.4 -2.69605e-05
22738.6 -2.71772e-05
22740.9 -2.73853e-05
22743.1 -2.75764e-05
22745.3 -2.76856e-05
22747.6 -2.77081e-05
22749.8 -2.77079e-05
22752 -2.77029e-05
22754.2 -2.76337e-05
22756.5 -2.74708e-05
22758.7 -2.72683e-05
22760.9 -2.70675e-05
22763.1 -2.68239e-05
22765.4 -2.64883e-05
22767.6 -2.60967e-05
22769.8 -2.57066e-05
22772 -2.52956e-05
22774.3 -2.48032e-05
22776.5 -2.42417e-05
22778.7 -2.36753e-05
22780.9 -2.31073e-05
22783.2 -2.24761e-05
22785.4 -2.17684e-05
22787.6 -2.10452e-05
22789.9 -2.03346e-05
22792.1 -1.95839e-05
22794.3 -1.8757e-05
22796.5 -1.79021e-05
22798.8 -1.70673e-05
22801 -1.62175e-05
22803.2 -1.53003e-05
22805.4 -1.43431e-05
22807.7 -1.34068e-05
22809.9 -1.24794e-05
22812.1 -1.15008e-05
22814.3 -1.04741e-05
22816.6 -9.46302e-06
22818.8 -8.48047e-06
22821 -7.46876e-06
22823.2 -6.40659e-06
22825.5 -5.35048e-06
22827.7 -4.33633e-06
22829.9 -3.31819e-06
22832.2 -2.25425e-06
22834.4 -1.18516e-06
22836.6 -1.64012e-07
22838.8 8.3593e-07
22841.1 1.86989e-06
22843.3 2.91919e-06
22845.5 3.92191e-06
22847.7 4.88128e-06
22850 5.85681e-06
22852.2 6.85434e-06
22854.4 7.81281e-06
22856.6 8.71142e-06
22858.9 9.60428e-06
22861.1 1.05204e-05
22863.3 1.14091e-05
22865.5 1.22288e-05
22867.8 1.30194e-05
22870 1.38283e-05
22872.2 1.46228e-05
22874.5 1.53471e-05
22876.7 1.60206e-05
22878.9 1.67013e-05
22881.1 1.73794e-05
22883.4 1.79935e-05
22885.6 1.85394e-05
22887.8 1.90764e-05
22890 1.96189e-05
22892 2.00643e-05
22894 2.04435e-05
22896 2.07891e-05
22898.1 2.11403e-05
22900.1 2.14834e-05
22902.1 2.17719e-05
22904.1 2.19965e-05
22906.1 2.21985e-05
22908.1 2.24074e-05
22910.1 2.25959e-05
22912.1 2.27216e-05
22914.1 2.27902e-05
22916.1 2.28473e-05
22918.1 2.29093e-05
22920.1 2.2939e-05
22922.1 2.2902e-05
22924.1 2.28184e-05
22926.1 2.27331e-05
22928.1 2.26481e-05
22930.1 2.25201e-05
22932.1 2.23262e-05
22934.1 2.2099e-05
22936.1 2.18777e-05
22938.1 2.165e-05
22940.1 2.1371e-05
22942.1 2.10319e-05
22944.1 2.06737e-05
22946.1 2.03266e-05
22948.1 1.99649e-05
22950.1 1.95469e-05
22952.1 1.90789e-05
22954.1 1.86064e-05
22956.2 1.81467e-05
22958.2 1.7664e-05
22960.2 1.71244e-05
22962.2 1.65482e-05
22964.2 1.59807e-05
22966.2 1.54248e-05
22968.2 1.48384e-05
22970.2 1.41987e-05
22972.2 1.35384e-05
22974.2 1.28974e-05
22976.2 1.22644e-05
22978.2 1.15951e-05
22980.2 1.08806e-05
22982.2 1.01623e-05
22984.2 9.47089e-06
22986.2 8.78176e-06
22988.2 8.05349e-06
22990.2 7.2919e-06
22992.2 6.5428e-06
22994.2 5.82457e-06
22996.2 5.10195e-06
22998.2 4.34077e-06
23000.2 3.56103e-06
23002.2 2.80833e-06
23004.2 2.08675e-06
23006.2 1.3542e-06
23008.2 5.87389e-07
23010.2 -1.81489e-07
23012.3 -9.11736e-07
23014.3 -1.61396e-06
23016.3 -2.33265e-06
23018.3 -3.07763e-06
23020.3 -3.80781e-06
23022.3 -4.49158e-06
23024.3 -5.1531e-06
23026.3 -5.83453e-06
23028.3 -6.53114e-06
23030.3 -7.19709e-06
23032.3 -7.81314e-06
23034.3 -8.41444e-06
23036.3 -9.03639e-06
23038.3 -9.66006e-06
23040.3 -1.02396e-05
23042.3 -1.077e-05
23044.3 -1.12938e-05
23046.3 -1.1836e-05
23048.3 -1.23651e-05
23050.3 -1.28401e-05
23052.3 -1.32707e-05
23054.3 -1.37026e-05
23056.3 -1.41472e-05
23058.3 -1.45642e-05
23060.3 -1.49212e-05
23062.3 -1.5242e-05
23064.3 -1.55702e-05
23066.3 -1.59031e-05
23068.3 -1.61949e-05
23070.4 -1.64256e-05
23072.4 -1.66304e-05
23074.4 -1.68468e-05
23076.4 -1.70574e-05
23078.4 -1.72162e-05
23080.4 -1.73174e-05
23082.4 -1.74042e-05
23084.4 -1.75037e-05
23086.4 -1.75861e-05
23088.4 -1.76095e-05
23090.4 -1.7583e-05
23092.4 -1.75535e-05
23094.4 -1.75349e-05
23096.4 -1.74878e-05
23098.4 -1.73786e-05
23100.4 -1.72309e-05
23102.4 -1.70902e-05
23104.4 -1.69558e-05
23106.4 -1.67825e-05
23108.4 -1.65489e-05
23110.4 -1.62905e-05
23112.4 -1.60467e-05
23114.4 -1.58023e-05
23116.4 -1.5511e-05
23118.4 -1.51658e-05
23120.4 -1.48103e-05
23122.4 -1.44742e-05
23124.4 -1.41292e-05
23126.4 -1.37325e-05
23128.5 -1.32922e-05
23130.5 -1.28562e-05
23132.5 -1.24409e-05
23134.5 -1.20079e-05
23136.5 -1.15223e-05
23138.5 -1.10067e-05
23140.5 -1.05082e-05
23142.5 -1.00287e-05
23144.5 -9.52319e-06
23146.5 -8.96849e-06
23148.5 -8.39951e-06
23150.5 -7.85793e-06
23152.5 -7.3307e-06
23154.5 -6.77084e-06
23156.5 -6.16932e-06
23158.5 -5.56999e-06
23160.5 -5.00495e-06
23162.5 -4.44743e-06
23164.5 -3.8533e-06
23166.5 -3.2287e-06
23168.5 -2.62215e-06
23170.5 -2.0529e-06
23172.5 -1.48313e-06
23174.5 -8.76049e-07
23176.5 -2.52483e-07
23178.5 3.39118e-07
23180.5 8.94326e-07
23182.5 1.45827e-06
23184.5 2.05662e-06
23186.6 2.65576e-06
23188.6 3.21214e-06
23190.6 3.7366e-06
23192.6 4.2771e-06
23194.6 4.8455e-06
23196.6 5.39864e-06
23198.6 5.90212e-06
23200.6 6.38107e-06
23202.6 6.88146e-06
23204.6 7.40006e-06
23206.6 7.88828e-06
23208.6 8.32434e-06
23210.6 8.74518e-06
23212.6 9.19019e-06
23214.6 9.6412e-06
23216.6 1.0049e-05
23218.6 1.04065e-05
23220.6 1.07589e-05
23222.6 1.1135e-05
23224.6 1.15034e-05
23226.6 1.1819e-05
23228.6 1.20903e-05
23230.6 1.23661e-05
23232.6 1.26619e-05
23234.6 1.29359e-05
23236.6 1.31517e-05
23238.6 1.33323e-05
23240.6 1.35257e-05
23242.7 1.37322e-05
23244.7 1.39038e-05
23246.7 1.4016e-05
23248.7 1.41047e-05
23250.7 1.42119e-05
23252.7 1.43227e-05
23254.7 1.43876e-05
23256.7 1.43968e-05
23258.7 1.43949e-05
23260.7 1.44142e-05
23262.7 1.44261e-05
23264.7 1.43843e-05
23266.7 1.42944e-05
23268.7 1.42059e-05
23270.7 1.41379e-05
23272.7 1.40508e-05
23274.7 1.39062e-05
23276.7 1.37246e-05
23278.7 1.35554e-05
23280.7 1.3403e-05
23282.7 1.32205e-05
23284.7 1.29808e-05
23286.7 1.27179e-05
23288.7 1.2476e-05
23290.7 1.22443e-05
23292.7 1.19733e-05
23294.7 1.16502e-05
23296.7 1.13184e-05
23298.7 1.10134e-05
23300.8 1.071e-05
23302.8 1.0361e-05
23304.8 9.96885e-06
23306.8 9.58272e-06
23308.8 9.22552e-06
23310.8 8.86034e-06
23312.8 8.44677e-06
23314.8 8.00241e-06
23316.8 7.57737e-06
23318.8 7.17991e-06
23320.8 6.76503e-06
23322.8 6.30297e-06
23324.8 5.82481e-06
23326.8 5.37676e-06
23328.8 4.95175e-06
23330.8 4.50109e-06
23332.8 4.00854e-06
23334.8 3.51562e-06
23336.8 3.06028e-06
23338.8 2.6209e-06
23340.8 2.14984e-06
23342.8 1.64589e-06
23344.8 1.15705e-06
23346.8 7.09416e-07
23348.8 2.69038e-07
23350.8 -2.06091e-07
23352.8 -7.02053e-07
23354.8 -1.16901e-06
23356.8 -1.59509e-06
23358.9 -2.0232e-06
23360.9 -2.48567e-06
23362.9 -2.95487e-06
23364.9 -3.38388e-06
23366.9 -3.77603e-06
23368.9 -4.17897e-06
23370.9 -4.61229e-06
23372.9 -5.03738e-06
23374.9 -5.41466e-06
23376.9 -5.7622e-06
23378.9 -6.12774e-06
23380.9 -6.51634e-06
23382.9 -6.88216e-06
23384.9 -7.19667e-06
23386.9 -7.49077e-06
23388.9 -7.80769e-06
23390.9 -8.13757e-06
23392.9 -8.4318e-06
23394.9 -8.6755e-06
23396.9 -8.90926e-06
23398.9 -9.16768e-06
23400.9 -9.42707e-06
23402.9 -9.64073e-06
23404.9 -9.80867e-06
23406.9 -9.97716e-06
23408.9 -1.01689e-05
23410.9 -1.03489e-05
23412.9 -1.04766e-05
23414.9 -1.05669e-05
23417 -1.06672e-05
23419 -1.07862e-05
23421 -1.08809e-05
23423 -1.09212e-05
23425 -1.09348e-05
23427 -1.09657e-05
23429 -1.10082e-05
23431 -1.10148e-05
23433.1 -1.09661e-05
23435.2 -1.09058e-05
23437.3 -1.08694e-05
23439.3 -1.08287e-05
23441.4 -1.07365e-05
23443.5 -1.06022e-05
23445.5 -1.04771e-05
23447.6 -1.03729e-05
23449.7 -1.02442e-05
23451.8 -1.00606e-05
23453.8 -9.856e-06
23455.9 -9.67462e-06
23458 -9.50166e-06
23460 -9.28738e-06
23462.1 -9.02685e-06
23464.2 -8.76827e-06
23466.3 -8.53698e-06
23468.3 -8.29596e-06
23470.4 -8.00554e-06
23472.5 -7.68714e-06
23474.5 -7.38982e-06
23476.6 -7.11311e-06
23478.7 -6.8087e-06
23480.8 -6.45813e-06
23482.8 -6.10285e-06
23484.9 -5.77907e-06
23487 -5.46116e-06
23489 -5.10344e-06
23491.1 -4.71366e-06
23493.2 -4.34144e-06
23495.3 -4.00024e-06
23497.3 -3.64705e-06
23499.4 -3.25179e-06
23501.5 -2.84596e-06
23503.6 -2.47337e-06
23505.6 -2.12142e-06
23507.7 -1.74228e-06
23509.8 -1.32987e-06
23511.8 -9.30292e-07
23513.9 -5.69375e-07
23516 -2.12629e-07
23518.1 1.78861e-07
23520.1 5.85729e-07
23522.2 9.60413e-07
23524.3 1.30192e-06
23526.3 1.65637e-06
23528.4 2.04275e-06
23530.5 2.42204e-06
23532.6 2.7586e-06
23534.6 3.07595e-06
23536.7 3.41847e-06
23538.8 3.78005e-06
23540.8 4.11332e-06
23542.9 4.40428e-06
23545 4.69379e-06
23547.1 5.01177e-06
23549.1 5.32913e-06
23551.2 5.60359e-06
23553.3 5.8463e-06
23555.3 6.1034e-06
23557.4 6.38204e-06
23559.5 6.63872e-06
23561.6 6.8481e-06
23563.6 7.04275e-06
23565.7 7.26076e-06
23567.8 7.48484e-06
23569.8 7.66966e-06
23571.9 7.81362e-06
23574 7.96094e-06
23576.1 8.13094e-06
23578.1 8.28722e-06
23580.2 8.3955e-06
23582.3 8.47787e-06
23584.3 8.57733e-06
23586.4 8.68924e-06
23588.5 8.7688e-06
23590.6 8.80232e-06
23592.6 8.82879e-06
23594.7 8.8777e-06
23596.8 8.92224e-06
23598.8 8.92216e-06
23600.9 8.88787e-06
23603 8.86376e-06
23605.1 8.85765e-06
23607.1 8.82868e-06
23609.2 8.7526e-06
23611.3 8.66047e-06
23613.3 8.58926e-06
23615.4 8.52335e-06
23617.5 8.41986e-06
23619.6 8.27722e-06
23621.6 8.13782e-06
23623.7 8.02082e-06
23625.8 7.89217e-06
23627.8 7.71936e-06
23629.9 7.52353e-06
23632 7.34609e-06
23634.1 7.18328e-06
23636.1 6.99283e-06
23638.2 6.76185e-06
23640.3 6.52772e-06
23642.3 6.31903e-06
23644.4 6.1107e-06
23646.5 5.86471e-06
23648.6 5.59119e-06
23650.6 5.33274e-06
23652.7 5.0972e-06
23654.8 4.84598e-06
23656.8 4.55625e-06
23658.9 4.25791e-06
23661 3.98645e-06
23663.1 3.72722e-06
23665.1 3.4396e-06
23667.2 3.12244e-06
23669.3 2.81644e-06
23671.3 2.53996e-06
23673.4 2.26062e-06
23675.5 1.94773e-06
23677.6 1.62183e-06
23679.7 1.31296e-06
23681.8 1.02722e-06
23684 7.20577e-07
23686.1 3.85092e-07
23688.3 6.30003e-08
23690.4 -2.2373e-07
23692.6 -5.09522e-07
23694.7 -8.26247e-07
23696.8 -1.14875e-06
23699 -1.4366e-06
23701.1 -1.70145e-06
23703.3 -1.98653e-06
23705.4 -2.29298e-06
23707.6 -2.57731e-06
23709.7 -2.82409e-06
23711.8 -3.07117e-06
23714 -3.34513e-06
23716.1 -3.61585e-06
23718.3 -3.84677e-06
23720.4 -4.05591e-06
23722.5 -4.28482e-06
23724.7 -4.52792e-06
23726.8 -4.74149e-06
23729 -4.91692e-06
23731.1 -5.09466e-06
23733.3 -5.29554e-06
23735.4 -5.48521e-06
23737.5 -5.63179e-06
23739.7 -5.75923e-06
23741.8 -5.9065e-06
23744 -6.06158e-06
23746.1 -6.1815e-06
23748.2 -6.26459e-06
23750.4 -6.35305e-06
23752.5 -6.46154e-06
23754.7 -6.55233e-06
23756.8 -6.5989e-06
23759 -6.63052e-06
23761.1 -6.6828e-06
23763.2 -6.7376e-06
23765.4 -6.75367e-06
23767.5 -6.73628e-06
23769.7 -6.72835e-06
23771.8 -6.73816e-06
23774 -6.72551e-06
23776.1 -6.66971e-06
23778.2 -6.60466e-06
23780.4 -6.56186e-06
23782.5 -6.51751e-06
23784.7 -6.43296e-06
23786.8 -6.32019e-06
23788.9 -6.22192e-06
23791.1 -6.13988e-06
23793.2 -6.03228e-06
23795.4 -5.8847e-06
23797.5 -5.73483e-06
23799.7 -5.60934e-06
23801.8 -5.47934e-06
23803.9 -5.30961e-06
23806.1 -5.1185e-06
23808.2 -4.94752e-06
23810.4 -4.79184e-06
23812.5 -4.60901e-06
23814.7 -4.39112e-06
23816.8 -4.17875e-06
23818.9 -3.99311e-06
23821.1 -3.80089e-06
23823.2 -3.57106e-06
23825.4 -3.32784e-06
23827.5 -3.11053e-06
23829.6 -2.90786e-06
23831.8 -2.67764e-06
23833.9 -2.41861e-06
23836.1 -2.17324e-06
23838.2 -1.95678e-06
23840.4 -1.73223e-06
23842.5 -1.47337e-06
23844.6 -1.20971e-06
23846.8 -9.77402e-07
23848.9 -7.58939e-07
23851.1 -5.13327e-07
23853.2 -2.45891e-07
23855.4 1.55059e-11
23857.5 2.15469e-07
23859.6 4.4041e-07
23861.8 6.95664e-07
23863.9 9.47176e-07
23866.1 1.1628e-06
23868.2 1.36595e-06
23870.3 1.59554e-06
23872.5 1.8398e-06
23874.6 2.05552e-06
23876.8 2.24039e-06
23878.9 2.43641e-06
23881.1 2.65858e-06
23883.2 2.86908e-06
23885.3 3.04057e-06
23887.5 3.20185e-06
23889.6 3.38895e-06
23891.8 3.58389e-06
23894 3.74963e-06
23896.2 3.88498e-06
23898.4 4.03714e-06
23900.6 4.20979e-06
23902.9 4.35604e-06
23905.1 4.4619e-06
23907.3 4.57113e-06
23909.5 4.70674e-06
23911.7 4.82953e-06
23914 4.90784e-06
23916.2 4.97408e-06
23918.4 5.06667e-06
23920.6 5.16118e-06
23922.8 5.21371e-06
23925 5.23937e-06
23927.3 5.2853e-06
23929.5 5.34634e-06
23931.7 5.37408e-06
23933.9 5.36342e-06
23936.1 5.36182e-06
23938.4 5.3846e-06
23940.6 5.38743e-06
23942.8 5.34566e-06
23945 5.29861e-06
23947.2 5.27954e-06
23949.5 5.25626e-06
23951.7 5.18874e-06
23953.9 5.10098e-06
23956.1 5.03848e-06
23958.3 4.98717e-06
23960.6 4.89862e-06
23962.8 4.777e-06
23965 4.67209e-06
23967.2 4.5907e-06
23969.4 4.48469e-06
23971.6 4.33736e-06
23973.9 4.19387e-06
23976.1 4.08106e-06
23978.3 3.9598e-06
23980.5 3.79523e-06
23982.7 3.6197e-06
23985 3.4756e-06
23987.2 3.34004e-06
23989.4 3.16609e-06
23991.6 2.96725e-06
23993.8 2.79408e-06
23996.1 2.64439e-06
23998.3 2.46754e-06
24000.5 2.25547e-06
24002.7 2.05788e-06
24004.9 1.89412e-06
24007.2 1.71901e-06
24009.4 1.50407e-06
24011.6 1.28914e-06
24013.8 1.112e-06
24016 9.41341e-07
24018.2 7.33116e-07
24020.5 5.09931e-07
24022.7 3.21469e-07
24024.9 1.56296e-07
24027.1 -3.73365e-08
24029.3 -2.58473e-07
24031.6 -4.54354e-07
24033.8 -6.14025e-07
24036 -7.8755e-07
24038.2 -9.96133e-07
24040.4 -1.19351e-06
24042.7 -1.3479e-06
24044.9 -1.49841e-06
24047.1 -1.68484e-06
24049.3 -1.87602e-06
24051.5 -2.02475e-06
24053.8 -2.15174e-06
24056 -2.30836e-06
24058.2 -2.48449e-06
24060.4 -2.62591e-06
24062.6 -2.73073e-06
24064.8 -2.85258e-06
24067.1 -3.00459e-06
24069.3 -3.13539e-06
24071.5 -3.22039e-06
24073.7 -3.30558e-06
24075.9 -3.4253e-06
24078.2 -3.54052e-06
24080.4 -3.60813e-06
24082.6 -3.65777e-06
24084.8 -3.73895e-06
24087 -3.83246e-06
24089.3 -3.88427e-06
24091.5 -3.90191e-06
24093.7 -3.94113e-06
24095.9 -4.00638e-06
24098.1 -4.04259e-06
24100.4 -4.03339e-06
24102.6 -4.03048e-06
24104.8 -4.06154e-06
24107 -4.08069e-06
24109.2 -4.0503e-06
24111.4 -4.00837e-06
24113.7 -4.001e-06
24115.9 -4.00019e-06
24118.1 -3.95373e-06
24120.3 -3.87863e-06
24122.5 -3.83116e-06
24124.8 -3.80665e-06
24127 -3.74786e-06
24129.2 -3.64735e-06
24131.4 -3.5612e-06
24133.6 -3.50933e-06
24135.9 -3.4401e-06
24138.1 -3.32264e-06
24140.3 -3.20245e-06
24142.5 -3.12069e-06
24144.7 -3.04102e-06
24147 -2.91464e-06
24149.2 -2.76784e-06
24151.4 -2.65568e-06
24153.6 -2.56415e-06
24155.8 -2.43541e-06
24158 -2.27139e-06
24160.3 -2.13102e-06
24162.5 -2.02558e-06
24164.7 -1.89886e-06
24166.9 -1.72785e-06
24169.1 -1.5644e-06
24171.4 -1.44332e-06
24173.6 -1.32065e-06
24175.8 -1.15241e-06
24178 -9.73644e-07
24180.2 -8.36573e-07
24182.5 -7.1784e-07
24184.7 -5.60499e-07
24186.9 -3.76106e-07
24189.1 -2.24761e-07
24191.3 -1.08389e-07
24193.5 3.23962e-08
24195.8 2.1195e-07
24198 3.73371e-07
24200.2 4.89468e-07
24202.4 6.10967e-07
24204.6 7.75714e-07
24206.9 9.40637e-07
24209.1 1.05803e-06
24211.3 1.16033e-06
24213.5 1.30204e-06
24215.7 1.4621e-06
24218 1.58091e-06
24220.2 1.66635e-06
24222.4 1.77952e-06
24224.6 1.92551e-06
24226.8 2.04384e-06
24229.1 2.116e-06
24231.3 2.19836e-06
24233.5 2.32145e-06
24235.7 2.43517e-06
24237.9 2.4978e-06
24240.1 2.55031e-06
24242.4 2.64325e-06
24244.6 2.74633e-06
24246.8 2.80216e-06
24249 2.8285e-06
24251.2 2.88661e-06
24253.5 2.9719e-06
24255.7 3.02186e-06
24257.9 3.02743e-06
24260.1 3.04927e-06
24262.3 3.10956e-06
24264.6 3.1523e-06
24266.8 3.14307e-06
24269 3.13052e-06
24271.2 3.15974e-06
24273.4 3.19179e-06
24275.7 3.17305e-06
24277.9 3.13096e-06
24280.1 3.1253e-06
24282.3 3.14164e-06
24284.5 3.11702e-06
24286.7 3.05234e-06
24289 3.01103e-06
24291.2 3.00609e-06
24293.4 2.97695e-06
24295.6 2.89758e-06
24297.8 2.82318e-06
24300.1 2.79207e-06
24302.3 2.75743e-06
24304.5 2.67092e-06
24306.7 2.56917e-06
24308.9 2.50882e-06
24311.2 2.46575e-06
24313.4 2.3782e-06
24315.6 2.2572e-06
24317.8 2.16732e-06
24320 2.11182e-06
24322.3 2.02705e-06
24324.5 1.89617e-06
24326.7 1.77965e-06
24328.9 1.7078e-06
24331.1 1.627e-06
24333.3 1.49553e-06
24335.6 1.35839e-06
24337.8 1.26751e-06
24340 1.18947e-06
24342.2 1.06532e-06
24344.4 9.16084e-07
24346.7 8.05733e-07
24348.9 7.27491e-07
24351.1 6.16178e-07
24353.3 4.6476e-07
24355.5 3.37347e-07
24357.8 2.55293e-07
24360 1.59398e-07
24362.2 1.57544e-08
24364.4 -1.23381e-07
24366.6 -2.12337e-07
24368.9 -2.93161e-07
24371.1 -4.20387e-07
24373.3 -5.63451e-07
24375.5 -6.60772e-07
24377.7 -7.29237e-07
24379.9 -8.33857e-07
24382.2 -9.71558e-07
24384.4 -1.0763e-06
24386.6 -1.1365e-06
24388.8 -1.21547e-06
24391 -1.3383e-06
24393.3 -1.44682e-06
24395.5 -1.50301e-06
24397.7 -1.5566e-06
24399.9 -1.65621e-06
24402.1 -1.76243e-06
24404.4 -1.81783e-06
24406.6 -1.84917e-06
24408.8 -1.91956e-06
24411 -2.01577e-06
24413.2 -2.07161e-06
24415.5 -2.08583e-06
24417.7 -2.1242e-06
24419.9 -2.2022e-06
24422.1 -2.25726e-06
24424.3 -2.26022e-06
24426.5 -2.26728e-06
24428.8 -2.31974e-06
24431 -2.37032e-06
24433.2 -2.36739e-06
24435.4 -2.34705e-06
24437.6 -2.36875e-06
24439.9 -2.40931e-06
24442.1 -2.40426e-06
24444.3 -2.36283e-06
24446.5 -2.35157e-06
24448.7 -2.37571e-06
24451 -2.36996e-06
24453.2 -2.31499e-06
24455.4 -2.27201e-06
24457.6 -2.27375e-06
24459.8 -2.26621e-06
24462 -2.2051e-06
24464.3 -2.13499e-06
24466.5 -2.10995e-06
24468.7 -2.09733e-06
24470.9 -2.03616e-06
24473.1 -1.9461e-06
24475.4 -1.89254e-06
24477.6 -1.87021e-06
24479.8 -1.81281e-06
24482 -1.7115e-06
24484.2 -1.63087e-06
24486.5 -1.59399e-06
24488.7 -1.5415e-06
24490.9 -1.4378e-06
24493.1 -1.33477e-06
24495.3 -1.27949e-06
24497.6 -1.23053e-06
24499.8 -1.13218e-06
24502 -1.01408e-06
24504.2 -9.3861e-07
24506.4 -8.89895e-07
24508.6 -8.02452e-07
24510.9 -6.78305e-07
24513.1 -5.83634e-07
24515.3 -5.30979e-07
24517.5 -4.57195e-07
24519.7 -3.36424e-07
24522 -2.26492e-07
24524.2 -1.65991e-07
24526.4 -1.0573e-07
24528.6 3.18047e-09
24530.8 1.21829e-07
24533.1 1.927e-07
24535.3 2.42033e-07
24537.5 3.32699e-07
24539.7 4.51747e-07
24541.9 5.33306e-07
24544.2 5.75904e-07
24546.4 6.44828e-07
24548.6 7.55362e-07
24550.8 8.45322e-07
24553 8.85852e-07
24555.2 9.32702e-07
24557.5 1.02651e-06
24559.7 1.12009e-06
24561.9 1.16253e-06
24564.1 1.18987e-06
24566.3 1.26062e-06
24568.6 1.35114e-06
24570.8 1.39778e-06
24573 1.41034e-06
24575.2 1.45446e-06
24577.4 1.53433e-06
24579.7 1.58513e-06
24581.9 1.58868e-06
24584.1 1.60582e-06
24586.3 1.66768e-06
24588.5 1.72009e-06
24590.8 1.72025e-06
24593 1.7131e-06
24595.2 1.75106e-06
24597.4 1.80039e-06
24599.6 1.80146e-06
24601.8 1.77521e-06
24604.1 1.78574e-06
24606.3 1.8259e-06
24608.5 1.83006e-06
24610.7 1.79136e-06
24612.9 1.77398e-06
24615.2 1.79858e-06
24617.4 1.80547e-06
24619.6 1.76126e-06
24621.8 1.71857e-06
24624 1.72212e-06
24626.3 1.72896e-06
24628.5 1.68528e-06
24630.7 1.62259e-06
24632.9 1.60157e-06
24635.1 1.60381e-06
24637.4 1.56481e-06
24639.6 1.4893e-06
24641.8 1.44294e-06
24644 1.43518e-06
24646.2 1.40254e-06
24648.4 1.32214e-06
24650.7 1.25272e-06
24652.9 1.22992e-06
24655.1 1.20276e-06
24657.3 1.12488e-06
24659.5 1.03754e-06
24661.8 9.96107e-07
24664 9.71355e-07
24666.2 9.01846e-07
24668.4 8.03876e-07
24670.6 7.4258e-07
24672.9 7.15787e-07
24675.1 6.58086e-07
24677.3 5.57877e-07
24679.5 4.7832e-07
24681.7 4.44724e-07
24684 3.99529e-07
24686.2 3.05329e-07
24688.4 2.11925e-07
24690.6 1.67585e-07
24692.8 1.33008e-07
24695 5.17206e-08
24697.3 -4.88146e-08
24699.5 -1.06031e-07
24701.7 -1.33843e-07
24703.9 -1.97618e-07
24706.1 -2.97197e-07
24708.4 -3.6695e-07
24710.6 -3.92842e-07
24712.8 -4.37356e-07
24715 -5.27695e-07
24717.2 -6.06966e-07
24719.5 -6.3564e-07
24721.7 -6.62047e-07
24723.9 -7.35894e-07
24726.1 -8.19271e-07
24728.3 -8.54197e-07
24730.5 -8.66102e-07
24732.8 -9.183e-07
24735 -9.98717e-07
24737.2 -1.04129e-06
24739.4 -1.0439e-06
24741.6 -1.0721e-06
24743.9 -1.14191e-06
24746.1 -1.19101e-06
24748.3 -1.19002e-06
24750.5 -1.19496e-06
24752.7 -1.24712e-06
24755 -1.29916e-06
24757.2 -1.29961e-06
24759.4 -1.28481e-06
24761.6 -1.31405e-06
24763.8 -1.36351e-06
24766.1 -1.36876e-06
24768.3 -1.33989e-06
24770.5 -1.34355e-06
24772.7 -1.38386e-06
24774.9 -1.39497e-06
24777.1 -1.35872e-06
24779.4 -1.33724e-06
24781.6 -1.36196e-06
24783.8 -1.37743e-06
24786 -1.34039e-06
24788.2 -1.29721e-06
24790.5 -1.30118e-06
24792.7 -1.31727e-06
24794.9 -1.28474e-06
24797.1 -1.22579e-06
24799.3 -1.20611e-06
24801.6 -1.21755e-06
24803.8 -1.19269e-06
24806 -1.12541e-06
24808.2 -1.08208e-06
24810.4 -1.0831e-06
24812.7 -1.06646e-06
24814.9 -9.98638e-07
24817.1 -9.34729e-07
24819.3 -9.20233e-07
24821.5 -9.09787e-07
24823.7 -8.48276e-07
24826 -7.69549e-07
24828.2 -7.36214e-07
24830.4 -7.27872e-07
24832.6 -6.77591e-07
24834.8 -5.91693e-07
24837.1 -5.38771e-07
24839.3 -5.273e-07
24841.5 -4.90515e-07
24843.7 -4.05835e-07
24845.9 -3.3553e-07
24848.2 -3.157e-07
24850.4 -2.91812e-07
24852.6 -2.16206e-07
24854.8 -1.33533e-07
24857 -1.01277e-07
24859.3 -8.71287e-08
24861.5 -2.67251e-08
24863.7 6.11345e-08
24865.9 1.07749e-07
24868.1 1.1712e-07
24870.3 1.58824e-07
24872.6 2.43571e-07
24874.8 3.03751e-07
24877 3.14021e-07
24879.2 3.36613e-07
24881.4 4.10109e-07
24883.7 4.80241e-07
24885.9 4.96589e-07
24888.1 5.02658e-07
24890.3 5.58205e-07
24892.5 6.32288e-07
24894.8 6.58265e-07
24897 6.52802e-07
24899.2 6.86203e-07
24901.4 7.56732e-07
24903.6 7.93441e-07
24905.9 7.82807e-07
24908.1 7.93014e-07
24910.3 8.5218e-07
24912.5 8.97901e-07
24914.7 8.88564e-07
24916.9 8.77791e-07
24919.2 9.18779e-07
24921.4 9.69131e-07
24923.6 9.66388e-07
24925.8 9.39658e-07
24928 9.57815e-07
24930.3 1.00644e-06
24932.5 1.01336e-06
24934.7 9.77569e-07
24936.9 9.71231e-07
24939.1 1.01087e-06
24941.4 1.02767e-06
24943.6 9.90328e-07
24945.8 9.61146e-07
24948 9.84951e-07
24950.2 1.00891e-06
24952.4 9.76775e-07
24954.7 9.29479e-07
24956.9 9.32294e-07
24959.1 9.58236e-07
24961.3 9.36107e-07
24963.5 8.77729e-07
24965.8 8.57112e-07
24968 8.78381e-07
24970.2 8.6827e-07
24972.4 8.06965e-07
24974.6 7.63762e-07
24976.9 7.73519e-07
24979.1 7.74325e-07
24981.3 7.17993e-07
24983.5 6.56336e-07
24985.7 6.48927e-07
24988 6.56718e-07
24990.2 6.11669e-07
24992.4 5.38394e-07
24994.6 5.10533e-07
24996.8 5.19365e-07
24999 4.89273e-07
25001.3 4.12834e-07
25003.5 3.64392e-07
25005.7 3.67521e-07
25007.9 3.5286e-07
25010.1 2.81947e-07
25012.4 2.1617e-07
25014.6 2.07441e-07
25016.8 2.05509e-07
25019 1.47608e-07
25021.2 7.07199e-08
25023.5 4.58724e-08
25025.7 5.14115e-08
25027.9 1.15634e-08
25030.1 -6.8179e-08
25032.3 -1.10537e-07
25034.6 -1.04242e-07
25036.8 -1.24239e-07
25039 -1.97883e-07
25041.2 -2.5582e-07
25043.4 -2.55556e-07
25045.6 -2.57364e-07
25047.9 -3.16751e-07
25050.1 -3.85167e-07
25052.3 -3.96387e-07
25054.5 -3.84708e-07
25056.7 -4.23842e-07
25059 -4.9523e-07
25061.2 -5.2088e-07
25063.4 -5.02487e-07
25065.6 -5.18538e-07
25067.8 -5.84208e-07
25070.1 -6.24023e-07
25072.3 -6.06407e-07
25074.5 -6.00151e-07
25076.7 -6.51716e-07
25078.9 -7.02121e-07
25081.2 -6.92006e-07
25083.4 -6.67633e-07
25085.6 -6.98472e-07
25087.8 -7.53122e-07
25090 -7.55129e-07
25092.2 -7.1943e-07
25094.5 -7.25875e-07
25096.7 -7.76735e-07
25098.9 -7.92449e-07
25101.1 -7.53537e-07
25103.3 -7.35544e-07
25105.6 -7.74331e-07
25107.8 -8.01938e-07
25110 -7.67738e-07
25112.2 -7.28923e-07
25114.4 -7.4863e-07
25116.7 -7.83217e-07
25118.9 -7.5999e-07
25121.1 -7.07007e-07
25123.3 -7.0324e-07
25125.5 -7.37692e-07
25127.8 -7.28884e-07
25130 -6.70258e-07
25132.2 -6.42116e-07
25134.4 -6.68466e-07
25136.6 -6.74085e-07
25138.8 -6.18699e-07
25141.1 -5.6905e-07
25143.3 -5.80019e-07
25145.5 -5.96673e-07
25147.7 -5.52199e-07
25149.9 -4.87265e-07
25152.2 -4.77714e-07
25154.4 -4.993e-07
25156.6 -4.70856e-07
25158.8 -3.99191e-07
25161 -3.67209e-07
25163.3 -3.86134e-07
25165.5 -3.75415e-07
25167.7 -3.06456e-07
25169.9 -2.53869e-07
25172.1 -2.62573e-07
25174.4 -2.67632e-07
25176.6 -2.10069e-07
25178.8 -1.42269e-07
25181 -1.34772e-07
25183.2 -1.50477e-07
25185.4 -1.10766e-07
25187.7 -3.58704e-08
25189.9 -9.03934e-09
25192.1 -2.81433e-08
25194.3 -9.41103e-09
25196.5 6.30893e-08
25198.8 1.08795e-07
25201 9.41891e-08
25203.2 9.26255e-08
25205.4 1.53498e-07
25207.6 2.1395e-07
25209.9 2.10791e-07
25212.1 1.93206e-07
25214.3 2.35084e-07
25216.5 3.03109e-07
25218.7 3.15974e-07
25220.9 2.89351e-07
25223.2 3.08017e-07
25225.4 3.74607e-07
25227.6 4.04724e-07
25229.8 3.77371e-07
25232 3.72479e-07
25234.3 4.28372e-07
25236.5 4.73276e-07
25238.7 4.532e-07
25240.9 4.28285e-07
25243.1 4.65622e-07
25245.4 5.1952e-07
25247.6 5.12856e-07
25249.8 4.74641e-07
25252 4.8839e-07
25254.2 5.43167e-07
25256.5 5.52969e-07
25258.7 5.10082e-07
25260.9 4.98955e-07
25263.1 5.45647e-07
25265.3 5.71263e-07
25267.5 5.32605e-07
25269.8 4.99307e-07
25272 5.29753e-07
25274.2 5.66917e-07
25276.4 5.39992e-07
25278.6 4.9073e-07
25280.9 4.99112e-07
25283.1 5.4073e-07
25285.3 5.30245e-07
25287.5 4.73606e-07
25289.7 4.57573e-07
25292 4.95062e-07
25294.2 5.02064e-07
25296.4 4.47457e-07
25298.6 4.08625e-07
25300.8 4.33564e-07
25303.1 4.55278e-07
25305.3 4.1123e-07
25307.5 3.54956e-07
25309.7 3.60723e-07
25311.9 3.91121e-07
25314.1 3.63746e-07
25316.4 2.98212e-07
25318.6 2.81309e-07
25320.8 3.12302e-07
25323 3.04229e-07
25325.2 2.39007e-07
25327.5 1.99806e-07
25329.7 2.22838e-07
25331.9 2.32792e-07
25334.1 1.77143e-07
25336.3 1.19924e-07
25338.6 1.2766e-07
25340.8 1.50779e-07
25343 1.12014e-07
25345.2 4.42658e-08
25347.4 3.20606e-08
25349.7 6.08876e-08
25351.9 4.30827e-08
25354.1 -2.5796e-08
25356.3 -5.89306e-08
25358.5 -3.29694e-08
25360.7 -2.96489e-08
25363 -9.00115e-08
25365.2 -1.41122e-07
25367.4 -1.26026e-07
25369.6 -1.05279e-07
25371.8 -1.48946e-07
25374.1 -2.11593e-07
25376.3 -2.13207e-07
25378.5 -1.81826e-07
25380.7 -2.03532e-07
25382.9 -2.68907e-07
25385.2 -2.8974e-07
25387.4 -2.56269e-07
25389.6 -2.54576e-07
25391.8 -3.13064e-07
25394 -3.51744e-07
25396.3 -3.24812e-07
25398.5 -3.02309e-07
25400.7 -3.45221e-07
25402.9 -3.96683e-07
25405.1 -3.8333e-07
25407.3 -3.461e-07
25409.6 -3.67236e-07
25411.8 -4.2361e-07
25414 -4.27925e-07
25416.2 -3.84362e-07
25418.4 -3.81129e-07
25420.7 -4.33169e-07
25422.9 -4.55488e-07
25425.1 -4.14702e-07
25427.3 -3.88573e-07
25429.5 -4.27357e-07
25431.8 -4.6418e-07
25434 -4.34281e-07
25436.2 -3.90506e-07
25438.4 -4.0909e-07
25440.6 -4.53726e-07
25442.9 -4.40315e-07
25445.1 -3.86945e-07
25447.3 -3.81663e-07
25449.5 -4.25489e-07
25451.7 -4.3062e-07
25453.9 -3.77025e-07
25456.2 -3.48192e-07
25458.4 -3.82282e-07
25460.6 -4.04112e-07
25462.8 -3.5926e-07
25465 -3.11144e-07
25467.3 -3.27967e-07
25469.5 -3.61138e-07
25471.7 -3.3197e-07
25473.9 -2.72037e-07
25476.1 -2.66906e-07
25478.4 -3.03595e-07
25480.6 -2.93783e-07
25482.8 -2.31361e-07
25485 -2.0336e-07
25487.2 -2.34798e-07
25489.4 -2.4413e-07
25491.7 -1.88732e-07
25493.9 -1.40948e-07
25496.1 -1.5912e-07
25498.3 -1.83611e-07
25500.5 -1.43235e-07
25502.8 -8.22484e-08
25505 -8.14588e-08
25507.2 -1.14177e-07
25509.4 -9.38967e-08
25511.6 -2.8626e-08
25513.9 -6.62975e-09
25516.1 -3.90673e-08
25518.3 -4.01762e-08
25520.5 1.97075e-08
25522.7 6.12202e-08
25525 3.74815e-08
25527.2 1.76252e-08
25529.4 6.34195e-08
25531.6 1.19073e-07
25533.8 1.10727e-07
25536 7.81217e-08
25538.3 1.03633e-07
25540.5 1.65307e-07
25542.7 1.76019e-07
25544.9 1.38829e-07
25547.1 1.41444e-07
25549.4 1.99726e-07
25551.6 2.29408e-07
25553.8 1.96385e-07
25556 1.77484e-07
25558.2 2.23362e-07
25560.5 2.68153e-07
25562.7 2.46971e-07
25564.9 2.11612e-07
25567.1 2.38092e-07
25569.3 2.9105e-07
25571.6 2.86855e-07
25573.8 2.42784e-07
25576 2.46145e-07
25578.2 2.9851e-07
25580.4 3.12957e-07
25582.6 2.69152e-07
25584.9 2.49585e-07
25587.1 2.92385e-07
25589.3 3.23337e-07
25591.5 2.8833e-07
25593.7 2.49882e-07
25596 2.75571e-07
25598.2 3.17502e-07
25600.4 2.97819e-07
25602.6 2.47625e-07
25604.8 2.51464e-07
25607.1 2.96498e-07
25609.3 2.95473e-07
25611.5 2.42447e-07
25613.7 2.23375e-07
25615.9 2.62748e-07
25618.2 2.79951e-07
25620.4 2.33166e-07
25622.6 1.93995e-07
25624.8 2.19694e-07
25627 2.51049e-07
25629.2 2.18108e-07
25631.5 1.6503e-07
25633.7 1.71285e-07
25635.9 2.09871e-07
25638.1 1.95563e-07
25640.3 1.37045e-07
25642.6 1.2142e-07
25644.8 1.58786e-07
25647 1.64272e-07
25649.2 1.09553e-07
25651.4 7.34223e-08
25653.7 1.01188e-07
25655.9 1.23852e-07
25658.1 8.13092e-08
25660.3 2.96544e-08
25662.5 4.10848e-08
25664.8 7.50768e-08
25667 5.07613e-08
25669.2 -8.6949e-09
25671.4 -1.74098e-08
25673.6 1.99526e-08
25675.8 1.65454e-08
25678.1 -4.16025e-08
25680.3 -7.06103e-08
25682.5 -3.84395e-08
25684.7 -2.20544e-08
25686.9 -7.00046e-08
25689.2 -1.15719e-07
25691.4 -9.63005e-08
25693.6 -6.478e-08
25695.8 -9.54297e-08
25698 -1.51139e-07
25700.3 -1.49615e-07
25702.5 -1.10264e-07
25704.7 -1.19542e-07
25706.9 -1.76587e-07
25709.1 -1.94707e-07
25711.4 -1.56112e-07
25713.6 -1.43678e-07
25715.8 -1.92985e-07
25718 -2.28749e-07
25720.2 -1.99183e-07
25722.4 -1.68457e-07
25724.7 -2.02152e-07
25726.9 -2.50142e-07
25729.1 -2.36032e-07
25731.3 -1.93548e-07
25733.5 -2.0636e-07
25735.8 -2.58688e-07
25738 -2.63418e-07
25740.2 -2.17618e-07
25742.4 -2.07819e-07
25744.6 -2.5554e-07
25746.9 -2.78817e-07
25749.1 -2.38505e-07
25751.3 -2.08216e-07
25753.5 -2.42938e-07
25755.7 -2.80821e-07
25757.9 -2.53556e-07
25760.2 -2.0837e-07
25762.4 -2.23774e-07
25764.6 -2.69384e-07
25766.8 -2.60103e-07
25769 -2.08074e-07
25771.3 -2.01081e-07
25773.5 -2.45845e-07
25775.7 -2.55966e-07
25777.9 -2.06168e-07
25780.1 -1.77516e-07
25782.4 -2.12743e-07
25784.6 -2.39907e-07
25786.8 -2.00802e-07
25789 -1.5495e-07
25791.2 -1.73428e-07
25793.5 -2.11945e-07
25795.7 -1.89864e-07
25797.9 -1.3422e-07
25800.1 -1.31565e-07
25802.3 -1.73461e-07
25804.5 -1.71476e-07
25806.8 -1.15088e-07
25809 -9.05887e-08
25811.2 -1.27084e-07
25813.4 -1.44469e-07
25815.6 -9.64225e-08
25817.9 -5.32209e-08
25820.1 -7.63671e-08
25822.3 -1.08749e-07
25824.5 -7.65525e-08
25826.7 -2.1128e-08
25829 -2.52968e-08
25831.2 -6.54842e-08
25833.4 -5.37332e-08
25835.6 5.21911e-09
25837.8 2.22545e-08
25840.1 -1.70641e-08
25842.3 -2.66367e-08
25844.5 2.64621e-08
25846.7 6.30617e-08
25848.9 3.31503e-08
25851.1 5.2295e-09
25853.4 4.40694e-08
25855.6 9.49622e-08
25857.8 8.12623e-08
25860 4.12575e-08
25862.2 5.99039e-08
25864.5 1.17088e-07
25866.7 1.23381e-07
25868.9 7.96835e-08
25871.1 7.57291e-08
25873.3 1.29876e-07
25875.6 1.56178e-07
25877.8 1.17757e-07
25880 9.27491e-08
25882.2 1.34865e-07
25884.4 1.77373e-07
25886.7 1.52116e-07
25888.9 1.11272e-07
25891.1 1.34314e-07
25893.3 1.86049e-07
25895.5 1.79295e-07
25897.7 1.3056e-07
25900 1.30715e-07
25902.2 1.82757e-07
25904.4 1.96296e-07
25906.6 1.48897e-07
25908.8 1.2629e-07
25911.1 1.69383e-07
25913.3 2.01093e-07
25915.5 1.63867e-07
25917.7 1.22563e-07
25919.9 1.48798e-07
25922.2 1.93003e-07
25924.4 1.7278e-07
25926.6 1.20081e-07
25928.8 1.24353e-07
25931 1.72838e-07
25933.3 1.73185e-07
25935.5 1.18331e-07
25937.7 9.93097e-08
25939.9 1.42805e-07
25942.1 1.63362e-07
25944.3 1.15877e-07
25946.6 7.62966e-08
25948.8 1.06185e-07
25951 1.42712e-07
25953.2 1.10685e-07
25955.4 5.69056e-08
25957.7 6.68251e-08
25959.9 1.11964e-07
25962.1 1.00581e-07
25964.3 4.1487e-08
25966.5 2.85462e-08
25968.8 7.31657e-08
25971 8.37585e-08
25973.2 2.91897e-08
25975.4 -5.43432e-09
25977.6 2.94492e-08
25979.8 5.92464e-08
25982.1 1.82349e-08
25984.3 -3.29633e-08
25986.5 -1.53906e-08
25988.7 2.72343e-08
25990.9 6.37467e-09
25993.2 -5.32156e-08
25995.4 -5.74401e-08
25997.6 -1.07998e-08
25999.8 -8.55517e-09
26002 -6.67167e-08
26004.3 -9.32389e-08
26006.5 -5.22016e-08
26008.7 -2.80929e-08
26010.9 -7.51226e-08
26013.1 -1.20286e-07
26015.4 -9.34785e-08
26017.6 -5.27268e-08
26019.8 -8.08006e-08
26022 -1.37388e-07
26024.2 -1.30814e-07
26026.4 -8.16745e-08
26028.7 -8.62882e-08
26030.9 -1.44791e-07
26033.1 -1.60662e-07
26035.3 -1.12911e-07
26037.5 -9.37301e-08
26039.8 -1.44058e-07
26042 -1.80328e-07
26044.2 -1.43449e-07
26046.4 -1.04399e-07
26048.6 -1.37729e-07
26050.9 -1.88405e-07
26053.1 -1.69813e-07
26055.3 -1.18389e-07
26057.5 -1.28803e-07
26059.7 -1.85002e-07
26062 -1.88636e-07
26064.2 -1.34537e-07
26066.4 -1.20145e-07
26068.6 -1.71707e-07
26070.8 -1.97254e-07
26073 -1.506e-07
26075.3 -1.13927e-07
26077.5 -1.51289e-07
26079.7 -1.94195e-07
26081.9 -1.63651e-07
26084.1 -1.11214e-07
26086.4 -1.27194e-07
26088.6 -1.79473e-07
26090.8 -1.70623e-07
26093 -1.11762e-07
26095.2 -1.02926e-07
26097.5 -1.54624e-07
26099.7 -1.68913e-07
26101.9 -1.1409e-07
26104.1 -8.14348e-08
26106.3 -1.22476e-07
26108.6 -1.56921e-07
26110.8 -1.15792e-07
26113 -6.46175e-08
26115.2 -8.66975e-08
26117.4 -1.34421e-07
26119.6 -1.14054e-07
26121.9 -5.30293e-08
26124.1 -5.11969e-08
26126.3 -1.027e-07
26128.5 -1.06263e-07
26130.7 -4.5859e-08
26133 -1.94862e-08
26135.2 -6.44219e-08
26137.4 -9.05867e-08
26139.6 -4.1169e-08
26141.8 5.87615e-09
26144.1 -2.3243e-08
26146.3 -6.64291e-08
26148.5 -3.63538e-08
26150.7 2.36618e-08
26152.9 1.67568e-08
26155.2 -3.46551e-08
26157.4 -2.87297e-08
26159.6 3.41011e-08
26161.8 5.17219e-08
26164 2.45272e-09
26166.2 -1.61429e-08
26168.5 3.87391e-08
26170.7 7.86296e-08
26172.9 4.15013e-08
26175.1 2.51891e-09
26177.3 4.00482e-08
26179.6 9.57509e-08
26181.8 7.85066e-08
26184 2.701e-08
26186.2 4.08714e-08
26188.4 1.02876e-07
26190.7 1.0953e-07
26192.9 5.56673e-08
26195.1 4.38007e-08
26197.3 1.0127e-07
26199.5 1.31319e-07
26201.8 8.56241e-08
26204 5.06116e-08
26206.2 9.33646e-08
26208.4 1.41839e-07
26210.6 1.13261e-07
26212.8 6.1859e-08
26215.1 8.22482e-08
26217.3 1.40592e-07
26219.5 1.34817e-07
26221.7 7.67167e-08
26223.9 7.10521e-08
26226.2 1.28682e-07
26228.4 1.47051e-07
26230.6 9.30913e-08
26232.8 6.23435e-08
26235 1.08597e-07
26237.3 1.47828e-07
26239.5 1.07993e-07
26241.7 5.76422e-08
26243.9 8.37566e-08
26246.1 1.3653e-07
26248.3 1.18095e-07
26250.6 5.71477e-08
26252.8 5.79058e-08
26255 1.14207e-07
26257.2 1.20379e-07
26259.4 5.97278e-08
26261.7 3.44601e-08
26263.9 8.34347e-08
26266.1 1.12746e-07
26268.3 6.31706e-08
26270.5 1.59229e-08
26272.8 4.79039e-08
26275 9.44714e-08
26277.2 6.46515e-08
26279.4 3.48019e-09
26281.6 1.18123e-08
26283.9 6.64235e-08
26286.1 6.13307e-08
26288.3 -3.15191e-09
26290.5 -2.08333e-08
26292.7 3.09959e-08
26294.9 5.09669e-08
26297.2 -5.59661e-09
26299.4 -4.68767e-08
26301.6 -8.23654e-09
26303.8 3.24337e-08
26306 -6.4285e-09
26308.3 -6.451e-08
26310.5 -4.70796e-08
26312.7 6.03678e-09
26314.9 -8.59754e-09
26317.1 -7.35198e-08
26319.4 -8.13974e-08
26321.6 -2.64309e-08
26323.8 -1.47764e-08
26326 -7.52333e-08
26328.2 -1.07784e-07
26330.5 -6.19136e-08
26332.7 -2.67566e-08
26334.9 -7.21783e-08
26337.1 -1.24108e-07
26339.3 -9.65617e-08
26341.5 -4.50129e-08
26343.8 -6.75221e-08
26346 -1.29826e-07
26348.2 -1.26362e-07
26350.4 -6.85247e-08
26352.6 -6.44007e-08
26354.9 -1.26015e-07
26357.1 -1.47819e-07
26359.3 -9.48921e-08
26361.5 -6.52643e-08
26363.7 -1.15117e-07
26366 -1.58551e-07
26368.2 -1.2073e-07
26370.4 -7.13698e-08
26372.6 -1.00441e-07
26374.8 -1.57707e-07
26377.1 -1.42269e-07
26379.3 -8.25117e-08
26381.5 -8.55176e-08
26383.7 -1.46104e-07
26385.9 -1.56038e-07
26388.1 -9.70463e-08
26390.4 -7.34298e-08
26392.6 -1.26073e-07
26394.8 -1.5952e-07
26397 -1.12199e-07
26399.2 -6.624e-08
26401.5 -1.01028e-07
26403.7 -1.51632e-07
26405.9 -1.24597e-07
26408.1 -6.46203e-08
26410.3 -7.48497e-08
26412.6 -1.32946e-07
26414.8 -1.30928e-07
26417 -6.77554e-08
26419.2 -5.11872e-08
26421.4 -1.05619e-07
26423.7 -1.28593e-07
26425.9 -7.35363e-08
26428.1 -3.2821e-08
26430.3 -7.30297e-08
26432.5 -1.16236e-07
26434.7 -7.90049e-08
26437 -2.11959e-08
26439.2 -3.92008e-08
26441.4 -9.40555e-08
26443.6 -8.09673e-08
26445.8 -1.6218e-08
26448.1 -8.11123e-09
26450.3 -6.38263e-08
26452.5 -7.66574e-08
26454.7 -1.63457e-08
26456.9 1.69716e-08
26459.2 -2.86385e-08
26461.4 -6.43243e-08
26463.6 -1.89575e-08
26465.8 3.40195e-08
26468 7.60181e-09
26470.3 -4.36332e-08
26472.5 -2.09207e-08
26474.7 4.25371e-08
26476.9 4.08218e-08
26479.1 -1.58016e-08
26481.3 -1.92536e-08
26483.6 4.35692e-08
26485.8 6.7459e-08
26488 1.65545e-08
26490.2 -1.17537e-08
26492.4 3.94269e-08
26494.7 8.50449e-08
26496.9 4.98364e-08
26499.1 2.52534e-09
26501.3 3.31843e-08
26503.5 9.25887e-08
26505.8 8.00643e-08
26508 2.30364e-08
26510.2 2.80424e-08
26512.4 9.06923e-08
26514.6 1.03553e-07
26516.8 4.77855e-08
26519.1 2.6679e-08
26521.3 8.13778e-08
26523.5 1.1754e-07
26525.7 7.36541e-08
26527.9 3.07057e-08
26530.2 6.76611e-08
26532.4 1.20645e-07
26534.6 9.69362e-08
26536.8 4.0334e-08
26539 5.29545e-08
26541.3 1.13088e-07
26543.5 1.13995e-07
26545.7 5.43124e-08
26547.9 4.04085e-08
26550.1 9.66207e-08
26552.4 1.21914e-07
26554.6 7.01481e-08
26556.8 3.23199e-08
26559 7.41894e-08
26561.2 1.19032e-07
26563.4 8.45714e-08
26565.7 2.97132e-08
26567.9 4.93912e-08
26570.1 1.0525e-07
26572.3 9.41568e-08
26574.5 3.21748e-08
26576.8 2.58308e-08
26579 8.20771e-08
26581.2 9.59851e-08
26583.4 3.7968e-08
26585.6 6.48982e-09
26587.9 5.23744e-08
26590.1 8.82225e-08
26592.3 4.4404e-08
26594.5 -6.77233e-09
26596.7 1.98785e-08
26599 7.05064e-08
26601.2 4.83975e-08
26603.4 -1.34993e-08
26605.6 -1.14357e-08
26607.8 4.40664e-08
26610 4.71006e-08
26612.3 -1.46508e-08
26614.5 -3.80228e-08
26616.7 1.15571e-08
26618.9 3.84944e-08
26621.1 -1.23496e-08
26623.4 -5.73482e-08
26625.6 -2.3369e-08
26627.8 2.18276e-08
26630 -9.41233e-09
26632.2 -6.82779e-08
26634.5 -5.66667e-08
26636.7 -2.17941e-09
26638.9 -8.75387e-09
26641.1 -7.12054e-08
26643.3 -8.45724e-08
26645.6 -3.1403e-08
26647.5 -1.07344e-08
26649.5 -5.43233e-08
26651.5 -1.01377e-07
26653.5 -8.6024e-08
26655.5 -3.5531e-08
26657.5 -2.93245e-08
26659.5 -8.03866e-08
26661.5 -1.16124e-07
26663.5 -8.68917e-08
26665.5 -3.99265e-08
26667.5 -4.85793e-08
26669.5 -1.02856e-07
26671.5 -1.24604e-07
26673.5 -8.42691e-08
26675.5 -4.4792e-08
26677.5 -6.74365e-08
26679.5 -1.20447e-07
26681.5 -1.26716e-07
26683.5 -7.8914e-08
26685.5 -5.01739e-08
26687.5 -8.47633e-08
26689.5 -1.32174e-07
26691.5 -1.22762e-07
26693.5 -7.16643e-08
26695.5 -5.59337e-08
26697.5 -9.94261e-08
26699.4 -1.37408e-07
26701.4 -1.13392e-07
26703.4 -6.33483e-08
26705.4 -6.17468e-08
26707.4 -1.10372e-07
26709.4 -1.35909e-07
26711.4 -9.95379e-08
26713.4 -5.47112e-08
26715.4 -6.71294e-08
26717.4 -1.16715e-07
26719.4 -1.27849e-07
26721.4 -8.23369e-08
26723.4 -4.63608e-08
26725.4 -7.14904e-08
26727.4 -1.1782e-07
26729.4 -1.13796e-07
26731.4 -6.30474e-08
26733.4 -3.8734e-08
26735.4 -7.41981e-08
26737.4 -1.13366e-07
26739.4 -9.46853e-08
26741.4 -4.29596e-08
26743.4 -3.20803e-08
26745.4 -7.46509e-08
26747.4 -1.03388e-07
26749.4 -7.175e-08
26751.4 -2.33047e-08
26753.3 -2.64606e-08
26755.3 -7.2344e-08
26757.3 -8.82842e-08
26759.3 -4.64303e-08
26761.3 -5.16832e-09
26763.3 -2.17598e-08
26765.3 -6.69243e-08
26767.3 -6.87926e-08
26769.3 -2.02655e-08
26771.3 1.05825e-08
26773.3 -1.77148e-08
26775.3 -5.82346e-08
26777.3 -4.59416e-08
26779.3 5.21878e-09
26781.3 2.33514e-08
26783.3 -1.39561e-08
26785.3 -4.63422e-08
26787.3 -2.09795e-08
26789.3 2.8617e-08
26791.3 3.28366e-08
26793.3 -1.00639e-08
26795.3 -3.15549e-08
26797.3 4.70718e-09
26799.3 4.87329e-08
26801.3 3.90244e-08
26803.3 -5.63134e-09
26805.2 -1.44206e-08
26807.2 2.96819e-08
26809.2 6.46462e-08
26811.2 4.21567e-08
26813.2 -3.29466e-10
26815.2 4.29077e-09
26817.2 5.25477e-08
26819.2 7.57553e-08
26821.2 4.2676e-08
26823.2 6.03637e-09
26825.2 2.36245e-08
26827.2 7.20337e-08
26829.2 8.17943e-08
26831.2 4.11582e-08
26833.2 1.34848e-08
26835.2 4.24969e-08
26837.2 8.70747e-08
26839.2 8.28263e-08
26841.2 3.82396e-08
26843.2 2.1837e-08
26845.2 5.97666e-08
26847.2 9.68765e-08
26849.2 7.9215e-08
26851.2 3.45447e-08
26853.2 3.07171e-08
26855.2 7.4314e-08
26857.2 1.00965e-07
26859.1 7.15765e-08
26861.1 3.06216e-08
26863.1 3.95741e-08
26865.1 8.51239e-08
26867.1 9.92086e-08
26869.1 6.07155e-08
26871.1 2.6889e-08
26873.1 4.7723e-08
26875.1 9.13625e-08
26877.1 9.18248e-08
26879.1 4.7552e-08
26881.1 2.35999e-08
26883.1 5.4402e-08
26885.1 9.24445e-08
26887.1 7.93545e-08
26889.1 3.3046e-08
26891.1 2.08272e-08
26893.1 5.88428e-08
26895.1 8.80862e-08
26897.1 6.26236e-08
26899.1 1.81268e-08
26901.1 1.84711e-08
26903.1 6.03478e-08
26905.1 7.83405e-08
26907.1 4.26873e-08
26909.1 3.63442e-09
26911 1.62897e-08
26913 5.83689e-08
26915 6.36108e-08
26917 2.07629e-08
26919 -9.72468e-09
26921 1.3946e-08
26923 5.25779e-08
26925 4.46408e-08
26927 -1.84597e-09
26929 -2.14067e-08
26931 1.1066e-08
26933 4.29196e-08
26935 2.24768e-08
26937 -2.38302e-08
26939 -3.10464e-08
26941 7.29677e-09
26943 2.96395e-08
26945 -1.59735e-09
26947 -4.39607e-08
26949 -3.84622e-08
26951 2.35823e-09
26953 1.32817e-08
26955 -2.61499e-08
26957 -6.11704e-08
26959 -4.36518e-08
26961 -3.91825e-09
26963 -5.34538e-09
26964.9 -4.9708e-08
26966.9 -7.46284e-08
26968.9 -4.67777e-08
26970.9 -1.15651e-08
26972.9 -2.52272e-08
26974.9 -7.08696e-08
26976.9 -8.37965e-08
26978.9 -4.81422e-08
26980.9 -2.04675e-08
26982.9 -4.52198e-08
26984.9 -8.84093e-08
26986.9 -8.84591e-08
26988.9 -4.81488e-08
26990.9 -3.03617e-08
26992.9 -6.41332e-08
26994.9 -1.01364e-07
26996.9 -8.87238e-08
26998.9 -4.72526e-08
27000.9 -4.08429e-08
27002.9 -8.08138e-08
27004.9 -1.09093e-07
27006.9 -8.4991e-08
27008.9 -4.59026e-08
27010.9 -5.13803e-08
27012.9 -9.42197e-08
27014.9 -1.11307e-07
27016.8 -7.78959e-08
27018.8 -4.4484e-08
27020.8 -6.13422e-08
27022.8 -1.03486e-07
27024.8 -1.08071e-07
27026.8 -6.82359e-08
27028.8 -4.32692e-08
27030.8 -7.00326e-08
27032.8 -1.0798e-07
27034.8 -9.97771e-08
27036.8 -5.68901e-08
27038.8 -4.23854e-08
27040.8 -7.6741e-08
27042.8 -1.07345e-07
27044.8 -8.71096e-08
27046.8 -4.47423e-08
27048.8 -4.18046e-08
27050.8 -8.08026e-08
27052.8 -1.01526e-07
27054.8 -7.09862e-08
27056.8 -3.26151e-08
27058.8 -4.13564e-08
27060.8 -8.16627e-08
27062.8 -9.07905e-08
27064.8 -5.24944e-08
27066.8 -2.12161e-08
27068.8 -4.07583e-08
27070.7 -7.89392e-08
27072.7 -7.57148e-08
27074.7 -3.28177e-08
27076.7 -1.10993e-08
27078.7 -3.96596e-08
27080.7 -7.24702e-08
27082.7 -5.71548e-08
27084.7 -1.31556e-08
27086.7 -2.63912e-09
27088.7 -3.76892e-08
27090.8 -6.23149e-08
27092.8 -3.29997e-08
27094.9 7.87452e-09
27097 -3.05801e-10
27099 -4.04968e-08
27101.1 -4.50172e-08
27103.2 -2.65117e-09
27105.2 2.36418e-08
27107.3 -3.63891e-09
27109.4 -3.72404e-08
27111.4 -1.99649e-08
27113.5 2.48434e-08
27115.6 3.02733e-08
27117.6 -8.29367e-09
27119.7 -2.59287e-08
27121.8 9.09175e-09
27123.8 4.5128e-08
27125.9 2.89083e-08
27128 -1.02187e-08
27130 -6.76906e-09
27132.1 3.7275e-08
27134.2 5.56469e-08
27136.2 2.26444e-08
27138.3 -6.25648e-09
27140.4 1.77933e-08
27142.4 5.97621e-08
27144.5 5.62032e-08
27146.5 1.56131e-08
27148.6 4.93229e-09
27150.7 4.36311e-08
27152.7 7.29557e-08
27154.8 4.89049e-08
27156.9 1.17981e-08
27158.9 2.24391e-08
27161 6.59432e-08
27163.1 7.53403e-08
27165.1 3.75211e-08
27167.2 1.39163e-08
27169.3 4.32861e-08
27171.3 8.0449e-08
27173.4 6.78037e-08
27175.5 2.64221e-08
27177.5 2.26533e-08
27179.6 6.31652e-08
27181.7 8.44597e-08
27183.7 5.33452e-08
27185.8 1.93886e-08
27187.9 3.64572e-08
27189.9 7.75408e-08
27192 7.75435e-08
27194.1 3.62503e-08
27196.1 1.85995e-08
27198.2 5.19383e-08
27200.2 8.28249e-08
27202.3 6.16148e-08
27204.4 2.09515e-08
27206.4 2.40646e-08
27208.5 6.47662e-08
27210.6 7.73139e-08
27212.6 4.0424e-08
27214.7 1.08741e-08
27216.8 3.36471e-08
27218.8 7.08269e-08
27220.9 6.16446e-08
27223 1.85867e-08
27225 7.5702e-09
27227.1 4.36652e-08
27229.2 6.73323e-08
27231.2 3.86493e-08
27233.3 4.09052e-10
27235.4 1.03667e-08
27237.4 4.9913e-08
27239.5 5.35936e-08
27241.6 1.2655e-08
27243.6 -1.11816e-08
27245.7 1.66148e-08
27247.8 4.88296e-08
27249.8 3.12563e-08
27251.9 -1.15891e-08
27254 -1.53221e-08
27256 2.24732e-08
27258.1 3.85079e-08
27260.1 3.93761e-09
27262.2 -3.00734e-08
27264.3 -1.33392e-08
27266.3 2.4011e-08
27268.4 1.92758e-08
27270.5 -2.36399e-08
27272.5 -4.0478e-08
27274.6 -8.29134e-09
27276.7 1.83371e-08
27278.7 -6.30415e-09
27280.8 -4.6791e-08
27282.9 -4.26682e-08
27284.9 -4.05458e-09
27287 4.45274e-09
27289.1 -3.40173e-08
27291.1 -6.19932e-08
27293.2 -3.86137e-08
27295.3 -4.20038e-09
27297.3 -1.6398e-08
27299.4 -5.90115e-08
27301.5 -6.70075e-08
27303.7 -2.9045e-08
27305.8 -1.18268e-08
27307.9 -4.72048e-08
27310.1 -7.89038e-08
27312.2 -5.67165e-08
27314.3 -2.04936e-08
27316.5 -3.34164e-08
27318.6 -7.62753e-08
27320.8 -7.96505e-08
27322.9 -4.00777e-08
27325 -2.58012e-08
27327.2 -6.25566e-08
27329.3 -9.0538e-08
27331.4 -6.45001e-08
27333.6 -2.94409e-08
27335.7 -4.52653e-08
27337.8 -8.65567e-08
27340 -8.51493e-08
27342.1 -4.41901e-08
27344.2 -3.28278e-08
27346.4 -7.04917e-08
27348.5 -9.44213e-08
27350.6 -6.47109e-08
27352.8 -3.10518e-08
27354.9 -4.9546e-08
27357.1 -8.88543e-08
27359.2 -8.26833e-08
27361.3 -4.07081e-08
27363.5 -3.23344e-08
27365.6 -7.05575e-08
27367.7 -9.02687e-08
27369.9 -5.72268e-08
27372 -2.53137e-08
27374.1 -4.63397e-08
27376.3 -8.33856e-08
27378.4 -7.26319e-08
27380.5 -3.01331e-08
27382.7 -2.49014e-08
27384.8 -6.34338e-08
27387 -7.89033e-08
27389.1 -4.3003e-08
27391.2 -1.32616e-08
27393.4 -3.67496e-08
27395.5 -7.1366e-08
27397.6 -5.63431e-08
27399.8 -1.39046e-08
27401.9 -1.2021e-08
27404 -5.06898e-08
27406.2 -6.20139e-08
27408.3 -2.38326e-08
27410.4 3.25822e-09
27412.6 -2.26699e-08
27414.7 -5.47827e-08
27416.9 -3.59124e-08
27419 5.81791e-09
27421.1 4.11732e-09
27423.3 -3.45732e-08
27425.4 -4.19443e-08
27427.5 -2.13425e-09
27429.7 2.18028e-08
27431.8 -6.56666e-09
27433.9 -3.6168e-08
27436.1 -1.39468e-08
27438.2 2.64011e-08
27440.3 2.08856e-08
27442.5 -1.77366e-08
27444.6 -2.14037e-08
27446.8 1.93549e-08
27448.9 3.96579e-08
27451 8.8663e-09
27453.2 -1.82369e-08
27455.3 6.81691e-09
27457.4 4.51383e-08
27459.6 3.56348e-08
27461.7 -2.80365e-09
27463.8 -3.01833e-09
27466 3.80398e-08
27468.2 5.38397e-08
27470.4 1.82525e-08
27472.6 -2.96048e-09
27474.8 3.03421e-08
27477 6.15833e-08
27479.2 3.77476e-08
27481.4 3.29097e-09
27483.7 2.13233e-08
27485.9 6.17964e-08
27488.1 5.47942e-08
27490.3 1.44121e-08
27492.5 1.37261e-08
27494.7 5.52961e-08
27496.9 6.66831e-08
27499.1 2.88284e-08
27501.3 9.77322e-09
27503.5 4.40552e-08
27505.8 7.15534e-08
27508 4.40692e-08
27510.2 1.06994e-08
27512.4 3.07783e-08
27514.6 6.87596e-08
27516.8 5.72715e-08
27519 1.64957e-08
27521.2 1.83357e-08
27523.4 5.89927e-08
27525.7 6.57682e-08
27527.9 2.59189e-08
27530.1 9.1754e-09
27532.3 4.4133e-08
27534.5 6.7637e-08
27536.7 3.67597e-08
27538.9 4.83132e-09
27541.1 2.68654e-08
27543.3 6.20993e-08
27545.5 4.63128e-08
27547.8 5.62826e-09
27550 1.0139e-08
27552.2 4.96865e-08
27554.4 5.19491e-08
27556.6 1.06416e-08
27558.8 -3.41858e-09
27561 3.21419e-08
27563.2 5.16733e-08
27565.4 1.79169e-08
27567.7 -1.20119e-08
27569.9 1.20808e-08
27572.1 4.4551e-08
27574.3 2.49019e-08
27576.5 -1.50099e-08
27578.7 -7.52002e-09
27580.9 3.09213e-08
27583.1 2.90009e-08
27585.3 -1.30352e-08
27587.5 -2.38988e-08
27589.8 1.23514e-08
27592 2.81375e-08
27594.2 -7.79324e-09
27596.4 -3.50331e-08
27598.6 -8.65471e-09
27600.8 2.12092e-08
27603 -1.6811e-09
27605.2 -4.00087e-08
27607.4 -2.91337e-08
27609.6 8.34263e-09
27611.9 2.74266e-09
27614.1 -3.91584e-08
27616.3 -4.62299e-08
27618.5 -9.10235e-09
27620.7 3.31663e-09
27622.9 -3.39484e-08
27625.1 -5.77364e-08
27627.3 -2.87805e-08
27629.5 -1.25118e-09
27631.8 -2.66366e-08
27634 -6.25032e-08
27636.2 -4.78094e-08
27638.4 -1.10935e-08
27640.6 -1.97764e-08
27642.8 -6.06308e-08
27645 -6.33266e-08
27647.2 -2.51349e-08
27649.4 -1.56669e-08
27651.6 -5.34127e-08
27653.9 -7.30425e-08
27656.1 -4.12924e-08
27658.3 -1.58647e-08
27660.5 -4.30406e-08
27662.7 -7.56776e-08
27664.9 -5.6884e-08
27667.1 -2.08532e-08
27669.3 -3.21351e-08
27671.5 -7.11965e-08
27673.7 -6.91592e-08
27676 -2.99383e-08
27678.2 -2.31976e-08
27680.4 -6.0793e-08
27682.6 -7.58462e-08
27684.8 -4.13883e-08
27687 -1.8098e-08
27689.2 -4.66327e-08
27691.4 -7.56024e-08
27693.6 -5.27898e-08
27695.9 -1.76996e-08
27698.1 -3.14071e-08
27700.3 -6.82804e-08
27702.5 -6.15444e-08
27704.7 -2.16987e-08
27706.9 -1.77931e-08
27709.1 -5.49559e-08
27711.3 -6.54059e-08
27713.5 -2.87085e-08
27715.7 -7.92628e-09
27718 -3.7716e-08
27720.2 -6.29473e-08
27722.4 -3.65669e-08
27724.6 -2.99566e-09
27726.8 -1.92512e-08
27729 -5.38643e-08
27731.2 -4.28046e-08
27733.4 -3.03944e-09
27735.6 -2.33522e-09
27737.8 -3.9055e-08
27740.1 -4.5174e-08
27742.3 -6.97867e-09
27744.5 1.0702e-08
27746.7 -2.04593e-08
27748.9 -4.21321e-08
27751.1 -1.28785e-08
27753.3 1.84038e-08
27755.5 -6.94658e-10
27757.7 -3.31778e-08
27760 -1.83797e-08
27762.2 2.04346e-08
27764.4 1.7441e-08
27766.6 -1.8977e-08
27768.8 -2.12109e-08
27771 1.76017e-08
27773.2 3.14956e-08
27775.4 -1.25257e-09
27777.6 -1.9676e-08
27779.8 1.16477e-08
27782.1 3.98166e-08
27784.3 1.75384e-08
27786.5 -1.30186e-08
27788.7 4.86234e-09
27790.9 4.18413e-08
27793.1 3.46712e-08
27795.3 -1.59364e-09
27797.5 -4.0813e-10
27799.7 3.81703e-08
27802 4.76713e-08
27804.2 1.31884e-08
27806.4 -2.25377e-09
27808.6 3.04117e-08
27810.8 5.47798e-08
27813 2.9128e-08
27815.2 4.02094e-10
27817.4 2.08317e-08
27819.6 5.52758e-08
27821.8 4.36622e-08
27824.1 7.57906e-09
27826.3 1.18829e-08
27828.5 4.95944e-08
27830.7 5.436e-08
27832.9 1.82319e-08
27835.1 5.70568e-09
27837.3 3.92211e-08
27839.5 5.93938e-08
27841.7 3.04578e-08
27843.9 3.701e-09
27846.2 2.63842e-08
27848.4 5.78911e-08
27850.6 4.18759e-08
27852.8 6.25767e-09
27855 1.36106e-08
27857.2 5.01026e-08
27859.4 5.01027e-08
27861.6 1.26861e-08
27863.8 3.22986e-09
27866.1 3.73512e-08
27868.3 5.32295e-08
27870.5 2.13689e-08
27872.7 -3.07345e-09
27874.9 2.17774e-08
27877.1 5.02078e-08
27879.3 3.00961e-08
27881.5 -4.5757e-09
27883.7 5.92815e-09
27885.9 4.10674e-08
27888.2 3.65188e-08
27890.4 -1.63652e-09
27892.6 -7.72813e-09
27894.8 2.69264e-08
27897 3.8631e-08
27899.2 4.39389e-09
27901.4 -1.72678e-08
27903.6 9.78901e-09
27905.8 3.51857e-08
27908 1.1464e-08
27910.3 -2.16681e-08
27912.5 -7.82651e-09
27914.7 2.59641e-08
27916.9 1.72493e-08
27919.1 -2.09852e-08
27921.3 -2.33602e-08
27923.5 1.18448e-08
27925.7 1.96372e-08
27927.9 -1.63177e-08
27930.2 -3.46896e-08
27932.4 -5.34096e-09
27934.6 1.71718e-08
27936.8 -9.56524e-09
27939 -4.05234e-08
27941.2 -2.31418e-08
27943.4 9.37237e-09
27945.6 -3.02663e-09
27947.8 -4.06335e-08
27950 -3.8943e-08
27952.3 -3.14033e-09
27954.5 1.08204e-09
27956.7 -3.58776e-08
27958.9 -5.04591e-08
27961.1 -1.87368e-08
27963.3 1.09416e-09
27965.5 -2.80091e-08
27967.7 -5.61666e-08
27969.9 -3.50745e-08
27972.1 -3.7491e-09
27974.4 -1.93095e-08
27976.6 -5.55905e-08
27978.8 -4.95407e-08
27981 -1.3122e-08
27983.2 -1.21165e-08
27985.4 -4.93871e-08
27987.6 -5.97562e-08
27989.8 -2.56563e-08
27992 -8.34058e-09
27994.3 -3.9205e-08
27996.5 -6.40403e-08
27998.7 -3.91966e-08
28000.9 -9.06693e-09
28003.1 -2.73494e-08
28005.3 -6.17421e-08
28007.5 -5.12186e-08
28009.7 -1.43242e-08
28011.9 -1.63158e-08
28014.1 -5.33727e-08
28016.4 -5.93302e-08
28018.6 -2.30679e-08
28020.8 -8.28645e-09
28023 -4.05077e-08
28025.2 -6.17538e-08
28027.4 -3.33845e-08
28029.6 -4.68945e-09
28031.8 -2.548e-08
28034 -5.76927e-08
28036.3 -4.28771e-08
28038.5 -5.91224e-09
28040.7 -1.09202e-08
28042.9 -4.75075e-08
28045.1 -4.91569e-08
28047.3 -1.12276e-08
28049.5 7.6007e-10
28051.7 -3.26645e-08
28053.9 -5.03415e-08
28056.1 -1.895e-08
28058.4 7.84107e-09
28060.6 -1.54641e-08
28062.8 -4.54587e-08
28065 -2.67912e-08
28067.2 9.62631e-09
28069.4 1.39845e-09
28071.6 -3.46726e-08
28073.8 -3.23447e-08
28076 6.56563e-09
28078.2 1.53518e-08
28080.5 -1.92828e-08
28082.7 -3.35995e-08
28084.9 1.44019e-10
28087.1 2.44447e-08
28089.3 -1.49452e-09
28091.5 -2.93792e-08
28093.7 -7.4417e-09
28095.9 2.77184e-08
28098.1 1.59962e-08
28100.4 -1.96132e-08
28102.6 -1.37534e-08
28104.8 2.53797e-08
28107 3.05214e-08
28109.2 -5.38471e-09
28111.4 -1.66324e-08
28113.6 1.87397e-08
28115.8 3.9959e-08
28118 1.12587e-08
28120.2 -1.46661e-08
28122.5 9.92872e-09
28124.7 4.31442e-08
28126.9 2.76938e-08
28129.1 -7.50107e-09
28131.3 1.4451e-09
28133.5 4.00922e-08
28135.7 4.12339e-08
28137.9 4.05885e-09
28140.1 -4.37078e-09
28142.3 3.19834e-08
28144.6 4.96596e-08
28146.8 1.81951e-08
28149 -5.83061e-09
28151.2 2.09146e-08
28153.4 5.16616e-08
28155.6 3.24276e-08
28157.8 -2.25783e-09
28160 9.46453e-09
28162.2 4.71036e-08
28164.5 4.41101e-08
28166.7 5.86059e-09
28168.9 1.62155e-10
28171.1 3.70503e-08
28173.3 5.09662e-08
28175.5 1.69648e-08
28177.7 -5.0338e-09
28179.9 2.35543e-08
28182.1 5.15572e-08
28184.3 2.87367e-08
28186.6 -5.13738e-09
28188.8 9.24321e-09
28191 4.55855e-08
28193.2 3.8577e-08
28195.4 -3.36402e-10
28197.6 -3.21035e-09
28199.8 3.39683e-08
28202 4.41461e-08
28204.2 8.0504e-09
28206.5 -1.16265e-08
28208.7 1.86668e-08
28210.9 4.38584e-08
28213.1 1.78526e-08
28215.3 -1.47549e-08
28217.5 2.30084e-09
28219.7 3.72263e-08
28221.9 2.65063e-08
28224.1 -1.25195e-08
28226.3 -1.23705e-08
28228.6 2.49817e-08
28230.8 3.15982e-08
28233 -6.021e-09
28235.2 -2.2999e-08
28237.4 8.94818e-09
28239.6 3.13822e-08
28241.8 2.70558e-09
28244 -2.81128e-08
28246.2 -8.31222e-09
28248.4 2.51608e-08
28250.7 1.11278e-08
28252.9 -2.74027e-08
28255.1 -2.40052e-08
28257.3 1.34526e-08
28259.5 1.67575e-08
28261.7 -2.17671e-08
28263.9 -3.56596e-08
28266.1 -2.09229e-09
28268.3 1.76859e-08
28270.6 -1.31085e-08
28272.8 -4.1617e-08
28275 -1.90098e-08
28277.2 1.29982e-08
28279.4 -3.92069e-09
28281.6 -4.13549e-08
28283.8 -3.45099e-08
28286 2.98425e-09
28288.2 3.2453e-09
28290.4 -3.55751e-08
28292.7 -4.60337e-08
28294.9 -1.0903e-08
28297.1 6.32608e-09
28299.3 -2.60417e-08
28301.5 -5.17638e-08
28303.7 -2.63309e-08
28305.9 4.18806e-09
28308.1 -1.52005e-08
28310.3 -5.09852e-08
28312.5 -4.05547e-08
28314.8 -3.12622e-09
28317 -5.66105e-09
28319.2 -4.4219e-08
28321.4 -5.09742e-08
28323.6 -1.43978e-08
28325.8 3.5171e-10
28328 -3.31047e-08
28330.2 -5.56614e-08
28332.4 -2.74777e-08
28334.7 1.4622e-09
28336.9 -2.00542e-08
28339.1 -5.37527e-08
28341.3 -3.97284e-08
28343.5 -2.57093e-09
28345.7 -7.75003e-09
28347.9 -4.56223e-08
28350.1 -4.85683e-08
28352.3 -1.0808e-08
28354.5 1.4072e-09
28356.8 -3.28041e-08
28359 -5.20059e-08
28361.2 -2.1329e-08
28363.4 5.78909e-09
28365.6 -1.7676e-08
28367.8 -4.90547e-08
28370 -3.1639e-08
28372.2 4.86453e-09
28374.4 -2.97538e-09
28376.6 -3.99411e-08
28378.9 -3.91941e-08
28381.1 -7.05432e-10
28383.3 8.75431e-09
28385.5 -2.60653e-08
28387.7 -4.19384e-08
28389.9 -9.22293e-09
28392.1 1.56722e-08
28394.3 -9.72342e-09
28396.5 -3.87412e-08
28398.8 -1.83237e-08
28401 1.69978e-08
28403.2 6.3513e-09
28405.4 -2.96431e-08
28407.6 -2.54857e-08
28409.8 1.31471e-08
28412 1.95331e-08
28414.2 -1.5862e-08
28416.4 -2.85688e-08
28418.6 5.61976e-09
28420.9 2.78215e-08
28423.1 4.41974e-10
28425.3 -2.62739e-08
28427.5 -3.33612e-09
28429.7 3.02272e-08
28431.9 1.65948e-08
28434.1 -1.84255e-08
28436.3 -1.1211e-08
28438.5 2.69489e-08
28440.8 2.99396e-08
28443 -6.0215e-09
28445.2 -1.57701e-08
28447.4 1.93057e-08
28449.6 3.83631e-08
28451.8 8.96082e-09
28454 -1.55277e-08
28456.2 9.44237e-09
28458.4 4.07084e-08
28460.6 2.39602e-08
28462.9 -1.00624e-08
28465.1 -1.30898e-10
28467.3 3.69915e-08
28469.5 3.63467e-08
28471.7 -1.09134e-10
28473.9 -7.06699e-09
28476.1 2.83788e-08
28478.3 4.39498e-08
28480.5 1.25897e-08
28482.7 -9.6706e-09
28485 1.6931e-08
28487.2 4.54917e-08
28489.4 2.56407e-08
28491.6 -7.24654e-09
28493.8 5.1701e-09
28496 4.08373e-08
28498.2 3.649e-08
28500.4 -2.37796e-10
28502.6 -4.44247e-09
28504.9 3.10114e-08
28507.1 4.29453e-08
28509.3 9.87382e-09
28511.5 -1.00077e-08
28513.7 1.79816e-08
28515.9 4.36236e-08
28518.1 2.08815e-08
28520.3 -1.05684e-08
28522.5 4.25378e-09
28524.7 3.82316e-08
28527 3.03157e-08
28529.2 -6.29018e-09
28531.4 -7.63629e-09
28533.6 2.76251e-08
28535.8 3.5959e-08
28538 1.59133e-09
28540.2 -1.56304e-08
28542.4 1.36351e-08
28544.6 3.63069e-08
28546.8 1.1043e-08
28549.1 -1.85507e-08
28551.3 -1.30092e-09
28553.5 3.08809e-08
28555.7 1.96686e-08
28557.9 -1.63184e-08
28560.1 -1.4627e-08
28562.3 2.03313e-08
28564.5 2.52144e-08
28566.7 -9.94474e-09
28569 -2.41745e-08
28571.2 6.30923e-09
28573.4 2.60408e-08
28575.6 -1.30045e-09
28577.8 -2.8584e-08
28580 -8.86276e-09
28582.2 2.14656e-08
28584.4 7.28775e-09
28586.6 -2.75586e-08
28588.8 -2.26533e-08
28591.1 1.19082e-08
28593.3 1.35292e-08
28595.5 -2.18988e-08
28597.7 -3.28229e-08
28599.9 -1.19142e-09
28602.1 1.56478e-08
28604.3 -1.33147e-08
28606.5 -3.78605e-08
28608.7 -1.56597e-08
28610.9 1.27517e-08
28613.2 -4.05638e-09
28615.4 -3.72685e-08
28617.6 -2.90241e-08
28619.8 5.01741e-09
28622 3.5599e-09
28624.2 -3.16404e-08
28626.4 -3.90034e-08
28628.6 -6.3439e-09
28630.8 7.63264e-09
28633.1 -2.2518e-08
28635.3 -4.39567e-08
28637.5 -1.93323e-08
28639.7 7.06506e-09
28641.9 -1.20606e-08
28644.1 -4.31983e-08
28646.3 -3.15627e-08
28648.5 1.7856e-09
28650.7 -2.59492e-09
28652.9 -3.71195e-08
28655.2 -4.07441e-08
28657.4 -7.24369e-09
28659.6 3.86029e-09
28661.8 -2.70931e-08
28664 -4.51362e-08
28666.2 -1.82294e-08
28668.4 5.99957e-09
28670.6 -1.51844e-08
28672.8 -4.38924e-08
28675.1 -2.89164e-08
28677.3 3.48491e-09
28679.5 -3.72856e-09
28681.7 -3.72203e-08
28683.9 -3.7048e-08
28686.1 -3.00028e-09
28688.3 5.13792e-09
28690.5 -2.6331e-08
28692.7 -4.08222e-08
28694.9 -1.19047e-08
28697.2 9.89779e-09
28699.4 -1.319e-08
28701.6 -3.92523e-08
28703.8 -2.11362e-08
28706 9.94191e-09
28708.2 -1.23448e-10
28710.4 -3.23627e-08
28712.6 -2.84942e-08
28714.8 5.67115e-09
28717 1.06413e-08
28719.3 -2.11815e-08
28721.5 -3.21199e-08
28723.7 -1.60619e-09
28725.9 1.74065e-08
28728.1 -7.53612e-09
28730.3 -3.08742e-08
28732.5 -9.95712e-09
28734.7 1.93227e-08
28736.9 6.30625e-09
28739.2 -2.45688e-08
28741.4 -1.72288e-08
28743.6 1.6534e-08
28745.8 1.80785e-08
28748 -1.4008e-08
28750.2 -2.14922e-08
28752.4 1.01237e-08
28754.6 2.59481e-08
28756.8 -8.33902e-10
28759 -2.1437e-08
28761.3 1.87511e-09
28763.5 2.88604e-08
28765.7 1.27923e-08
28767.9 -1.66387e-08
28770.1 -6.10206e-09
28772.3 2.67246e-08
28774.5 2.4608e-08
28776.7 -7.64832e-09
28778.9 -1.18055e-08
28781.1 2.04099e-08
28783.4 3.26842e-08
28785.6 4.11338e-09
28787.8 -1.37461e-08
28790 1.15535e-08
28792.2 3.57912e-08
28794.4 1.66325e-08
28796.6 -1.12465e-08
28798.8 2.22243e-09
28801 3.36265e-08
28803.3 2.76951e-08
28805.5 -4.57637e-09
28807.7 -5.504e-09
28809.9 2.68598e-08
28812.1 3.5318e-08
28814.3 5.10228e-09
28816.5 -9.94837e-09
28818.7 1.69903e-08
28820.9 3.81329e-08
28823.1 1.59663e-08
28825.4 -1.01646e-08
28827.6 6.04415e-09
28829.8 3.56492e-08
28832 2.5892e-08
28834.2 -6.12033e-09
28836.4 -3.82692e-09
28838.6 2.83456e-08
28840.8 3.28751e-08
28843 1.30383e-09
28845.3 -1.0766e-08
28847.5 1.75734e-08
28849.7 3.54255e-08
28851.9 1.04948e-08
28854.1 -1.35694e-08
28856.3 5.29259e-09
28858.5 3.28626e-08
28860.7 1.94323e-08
28862.9 -1.19144e-08
28865.1 -6.3089e-09
28867.4 2.54524e-08
28869.6 2.60929e-08
28871.8 -6.41023e-09
28874 -1.52353e-08
28876.2 1.43604e-08
28878.4 2.88561e-08
28880.6 1.53243e-09
28882.8 -2.0064e-08
28885 1.43167e-09
28887.2 2.68295e-08
28889.5 9.99029e-09
28891.7 -2.0211e-08
28893.9 -1.11607e-08
28896.1 2.00335e-08
28898.3 1.69151e-08
28900.5 -1.60334e-08
28902.7 -2.13292e-08
28904.9 9.40785e-09
28907.1 2.05456e-08
28909.4 -8.74712e-09
28911.6 -2.74683e-08
28913.8 -3.36084e-09
28916 1.97626e-08
28918.2 -1.78552e-10
28920.4 -2.8757e-08
28922.6 -1.61567e-08
28924.8 1.43192e-08
28927 7.60185e-09
28929.2 -2.53098e-08
28931.5 -2.68366e-08
28933.7 4.90148e-09
28935.9 1.26936e-08
28938.1 -1.81471e-08
28940.3 -3.36386e-08
28942.5 -6.99309e-09
28944.7 1.37475e-08
28946.9 -8.98961e-09
28949.1 -3.55189e-08
28951.3 -1.93358e-08
28953.6 1.02407e-08
28955.8 8.24322e-11
28958 -3.23521e-08
28960.2 -2.9953e-08
28962.4 2.59152e-09
28964.6 7.04181e-09
28966.8 -2.49546e-08
28969 -3.69439e-08
28971.2 -7.91003e-09
28973.5 1.03177e-08
28975.7 -1.49261e-08
28977.9 -3.90514e-08
28980.1 -1.93431e-08
28982.3 9.1126e-09
28984.5 -4.33866e-09
28986.7 -3.59103e-08
28988.9 -2.95246e-08
28991.1 3.56909e-09
28993.3 4.66857e-09
28995.6 -2.81276e-08
28997.8 -3.64356e-08
29000 -5.24732e-09
29002.2 1.03111e-08
29004.4 -1.71732e-08
29006.6 -3.86223e-08
29008.8 -1.55488e-08
29011 1.15148e-08
29013.2 -5.10131e-09
29015.4 -3.54926e-08
29017.7 -2.5173e-08
29019.9 8.1345e-09
29022.1 5.84586e-09
29024.3 -2.74492e-08
29026.5 -3.20114e-08
29028.7 9.9132e-10
29030.9 1.36768e-08
29033.1 -1.58275e-08
29035.3 -3.44353e-08
29037.6 -8.2832e-09
29039.8 1.70452e-08
29042 -2.64966e-09
29044.2 -3.16346e-08
29046.4 -1.75681e-08
29048.6 1.55218e-08
29050.8 9.76307e-09
29053 -2.38001e-08
29055.2 -2.4679e-08
29057.4 9.68529e-09
29059.7 1.92426e-08
29061.9 -1.21088e-08
29064.1 -2.78147e-08
29066.3 1.01237e-09
29068.5 2.42031e-08
29070.7 1.48783e-09
29072.9 -2.59364e-08
29075.1 -8.41683e-09
29077.3 2.39591e-08
29079.6 1.46355e-08
29081.8 -1.89996e-08
29084 -1.63408e-08
29086.2 1.88672e-08
29088.4 2.50368e-08
29090.6 -7.98899e-09
29092.8 -2.07831e-08
29095 1.02571e-08
29097.2 3.09061e-08
29099.4 5.25541e-09
29101.7 -2.04686e-08
29103.9 1.66201e-10
29106.1 3.13298e-08
29108.3 1.83896e-08
29110.5 -1.51028e-08
29112.7 -9.07608e-09
29114.9 2.64545e-08
29117.1 2.90269e-08
29119.3 -5.45398e-09
29121.5 -1.53268e-08
29123.8 1.74629e-08
29126 3.52157e-08
29128.2 6.78193e-09
29130.4 -1.7077e-08
29132.6 6.33923e-09
29134.8 3.5838e-08
29137 1.93106e-08
29139.2 -1.37726e-08
29141.4 -4.53173e-09
29143.7 3.08429e-08
29145.9 2.9697e-08
29148.1 -5.94262e-09
29150.3 -1.28508e-08
29152.5 2.12668e-08
29154.7 3.58606e-08
29156.9 4.89513e-09
29159.1 -1.68772e-08
29161.3 9.03222e-09
29163.5 3.65045e-08
29165.8 1.65353e-08
29168 -1.57906e-08
29170.2 -3.43635e-09
29172.4 3.13906e-08
29174.6 2.65316e-08
29176.8 -9.86592e-09
29179 -1.37021e-08
29181.2 2.14014e-08
29183.4 3.27001e-08
29185.6 -4.23139e-10
29187.9 -1.98117e-08
29190.1 8.37334e-09
29192.3 3.35745e-08
29194.5 1.04404e-08
29196.7 -2.06939e-08
29198.9 -5.26633e-09
29201.1 2.87192e-08
29203.3 2.0281e-08
29205.5 -1.63797e-08
29207.8 -1.69858e-08
29210 1.88338e-08
29212.2 2.68157e-08
29214.4 -7.99523e-09
29216.6 -2.466e-08
29218.8 5.62581e-09
29221 2.84008e-08
29223.2 2.47085e-09
29225.4 -2.69998e-08
29227.6 -8.52414e-09
29229.9 2.43826e-08
29232.1 1.25802e-08
29234.3 -2.38132e-08
29236.5 -2.10387e-08
29238.7 1.52471e-08
29240.9 1.99524e-08
29243.1 -1.60408e-08
29245.3 -2.96626e-08
29247.5 2.5344e-09
29249.7 2.27637e-08
29252 -5.55917e-09
29254.2 -3.2919e-08
29256.4 -1.14635e-08
29258.6 2.01325e-08
29260.8 5.20892e-09
29263 -3.04077e-08
29265.2 -2.41633e-08
29267.4 1.23125e-08
29269.6 1.37983e-08
29271.9 -2.28848e-08
29274.1 -3.32127e-08
29276.3 6.51078e-10
29278.5 1.82147e-08
29280.7 -1.21033e-08
29282.9 -3.69691e-08
29285.1 -1.26786e-08
29287.3 1.73516e-08
29289.5 -4.50954e-10
29291.7 -3.48333e-08
29294 -2.51173e-08
29296.2 1.12251e-08
29298.4 9.54498e-09
29300.6 -2.7371e-08
29302.8 -3.42418e-08
29305 9.75423e-10
29307.2 1.57402e-08
29309.4 -1.61948e-08
29311.6 -3.82604e-08
29313.9 -1.13637e-08
29316.1 1.68172e-08
29318.3 -3.6311e-09
29320.5 -3.63807e-08
29322.7 -2.3282e-08
29324.9 1.25568e-08
29327.1 7.7586e-09
29329.3 -2.89725e-08
29331.5 -3.23098e-08
29333.7 3.88292e-09
29336 1.57041e-08
29338.2 -1.74914e-08
29340.4 -3.65269e-08
29342.6 -7.33159e-09
29344.8 1.86909e-08
29347 -4.18085e-09
29349.2 -3.49605e-08
29351.4 -1.86548e-08
29353.6 1.62661e-08
29355.8 8.38783e-09
29358.1 -2.7786e-08
29360.3 -2.76018e-08
29362.5 9.12451e-09
29364.7 1.784e-08
29366.9 -1.62921e-08
29369.1 -3.21507e-08
29371.3 -1.04447e-09
29373.5 2.24796e-08
29375.7 -2.6173e-09
29378 -3.11618e-08
29380.2 -1.19146e-08
29382.4 2.16274e-08
29384.6 1.0687e-08
29386.8 -2.46137e-08
29389 -2.10103e-08
29391.2 1.57479e-08
29393.4 2.11761e-08
29395.6 -1.36072e-08
29397.8 -2.62227e-08
29400.1 6.33892e-09
29402.3 2.70041e-08
29404.5 -1.3979e-10
29406.7 -2.62463e-08
29408.9 -4.39056e-09
29411.1 2.72898e-08
29413.3 1.33032e-08
29415.5 -2.08471e-08
29417.7 -1.39861e-08
29419.9 2.22803e-08
29422.2 2.42527e-08
29424.4 -1.09081e-08
29426.6 -2.02591e-08
29428.8 1.32819e-08
29431 3.07517e-08
29433.2 1.75406e-09
29435.4 -2.17372e-08
29437.6 2.3757e-09
29439.8 3.17414e-08
29442.1 1.47624e-08
29444.3 -1.79632e-08
29446.5 -8.02103e-09
29448.7 2.72594e-08
29450.9 2.56625e-08
29453.1 -9.58145e-09
29455.3 -1.5655e-08
29457.5 1.84137e-08
29459.7 3.24164e-08
29461.9 1.80165e-09
29464.2 -1.88956e-08
29466.4 7.14052e-09
29468.6 3.38052e-08
29470.8 1.39517e-08
29473 -1.70586e-08
29475.2 -4.19999e-09
29477.4 2.96623e-08
29479.6 2.44635e-08
29481.8 -1.05332e-08
29484.1 -1.33064e-08
29486.3 2.08911e-08
29488.5 3.12465e-08
29490.7 -6.88712e-10
29492.9 -1.83971e-08
29495.1 9.26942e-09
29497.3 3.29414e-08
29499.5 1.04155e-08
29501.7 -1.85588e-08
29503.9 -2.91737e-09
29506.2 2.91835e-08
29508.4 2.04541e-08
29510.6 -1.39138e-08
29512.8 -1.33377e-08
29515 2.06649e-08
29517.2 2.73073e-08
29519.4 -5.57718e-09
29521.6 -2.00752e-08
29523.8 8.98537e-09
29526 2.94851e-08
29528.3 4.58388e-09
29530.5 -2.19996e-08
29532.7 -3.67328e-09
29534.9 2.64192e-08
29537.1 1.43372e-08
29539.3 -1.89744e-08
29541.5 -1.49828e-08
29543.7 1.85702e-08
29545.9 2.15395e-08
29548.2 -1.18644e-08
29550.4 -2.29249e-08
29552.6 7.32839e-09
29554.8 2.45661e-08
29557 -2.3451e-09
29559.2 -2.61809e-08
29561.4 -5.26607e-09
29563.6 2.26326e-08
29565.8 7.44614e-09
29568 -2.43761e-08
29570.3 -1.69275e-08
29572.5 1.59464e-08
29574.7 1.53441e-08
29576.9 -1.81359e-08
29579.1 -2.55722e-08
29581.3 5.66072e-09
29583.5 1.95894e-08
29585.7 -8.94533e-09
29587.9 -2.97208e-08
29590.1 -6.35733e-09
29592.4 1.91776e-08
29594.6 1.15906e-09
29596.8 -2.8778e-08
29599 -1.78965e-08
29601.2 1.40534e-08
29603.4 1.00008e-08
29605.6 -2.31364e-08
29607.8 -2.6836e-08
29610 5.11784e-09
29612.3 1.56978e-08
29614.5 -1.40855e-08
29616.7 -3.15583e-08
29618.9 -5.95518e-09
29621.1 1.70337e-08
29623.3 -3.54701e-09
29625.5 -3.12608e-08
29627.7 -1.70521e-08
29629.9 1.36942e-08
29632.1 6.31165e-09
29634.4 -2.61043e-08
29636.6 -2.60376e-08
29638.8 6.32325e-09
29641 1.35073e-08
29643.2 -1.71731e-08
29645.4 -3.11747e-08
29647.6 -3.61029e-09
29649.8 1.66309e-08
29652 -6.25365e-09
29654.2 -3.14636e-08
29656.5 -1.41087e-08
29658.7 1.51206e-08
29660.9 4.52202e-09
29663.1 -2.68337e-08
29665.3 -2.30435e-08
29667.5 9.36433e-09
29669.7 1.30973e-08
29671.9 -1.81525e-08
29674.1 -2.85777e-08
29676.4 6.14724e-10
29678.6 1.78924e-08
29680.8 -7.05073e-09
29683 -2.95278e-08
29685.2 -9.26689e-09
29687.4 1.8109e-08
29689.6 4.40077e-09
29691.8 -2.55953e-08
29694 -1.81845e-08
29696.2 1.38773e-08
29698.5 1.4097e-08
29700.7 -1.74234e-08
29702.9 -2.42251e-08
29705.1 6.21961e-09
29707.3 2.03076e-08
29709.5 -6.46859e-09
29711.7 -2.60372e-08
29713.9 -3.16116e-09
29716.1 2.20092e-08
29718.4 5.2855e-09
29720.6 -2.30973e-08
29722.8 -1.22245e-08
29725 1.90758e-08
29727.2 1.57147e-08
29729.4 -1.58115e-08
29731.6 -1.89988e-08
29733.8 1.2293e-08
29736 2.29656e-08
29738.2 -5.43651e-09
29740.5 -2.19715e-08
29742.7 3.19412e-09
29744.9 2.58108e-08
29747.1 6.16579e-09
29749.3 -2.0387e-08
29751.5 -6.24789e-09
29753.7 2.38799e-08
29755.9 1.68888e-08
29758.1 -1.43955e-08
29760.3 -1.40119e-08
29762.6 1.77238e-08
29764.8 2.4788e-08
29767 -5.02575e-09
29769.2 -1.84273e-08
29771.4 8.69945e-09
29773.6 2.84543e-08
29775.8 6.01373e-09
29778 -1.85025e-08
29780.2 -1.3001e-09
29782.5 2.72835e-08
29784.7 1.66643e-08
29786.9 -1.41205e-08
29789.1 -1.02182e-08
29791.3 2.15896e-08
29793.5 2.49148e-08
29795.7 -6.06445e-09
29797.9 -1.62374e-08
29800.1 1.25419e-08
29802.3 2.91912e-08
29804.6 4.13267e-09
29806.8 -1.81345e-08
29809 1.93699e-09
29811.2 2.8662e-08
29813.4 1.44839e-08
29815.6 -1.55213e-08
29817.8 -8.14976e-09
29820 2.34029e-08
29822.2 2.29341e-08
29824.4 -8.9221e-09
29826.7 -1.57666e-08
29828.9 1.43864e-08
29831.1 2.77616e-08
29833.3 3.25385e-10
29835.5 -1.94652e-08
29837.7 3.29886e-09
29839.9 2.79181e-08
29842.1 1.03284e-08
29844.3 -1.85847e-08
29846.6 -7.78183e-09
29848.8 2.32413e-08
29851 1.90086e-08
29853.2 -1.33835e-08
29855.4 -1.67868e-08
29857.6 1.44973e-08
29859.8 2.45113e-08
29862 -4.99318e-09
29864.2 -2.20584e-08
29866.4 3.2425e-09
29868.7 2.55761e-08
29870.9 4.79994e-09
29873.1 -2.26756e-08
29875.3 -8.46999e-09
29877.5 2.17955e-08
29879.7 1.39044e-08
29881.9 -1.8639e-08
29884.1 -1.84847e-08
29886.3 1.371e-08
29888.5 2.03378e-08
29890.8 -1.08759e-08
29893 -2.4964e-08
29895.2 2.71763e-09
29897.4 2.26256e-08
29899.6 -1.06347e-09
29901.8 -2.67504e-08
29904 -9.18777e-09
29906.2 2.01055e-08
29908.4 8.70031e-09
29910.7 -2.36005e-08
29912.9 -1.97994e-08
29915.1 1.30737e-08
29917.3 1.63126e-08
29919.5 -1.62405e-08
29921.7 -2.71298e-08
29923.9 2.7439e-09
29926.1 2.0089e-08
29928.3 -6.23092e-09
29930.5 -2.98063e-08
29932.8 -8.9788e-09
29935 1.91098e-08
29937.2 4.33767e-09
29939.4 -2.73504e-08
29941.6 -1.98658e-08
29943.8 1.34172e-08
29946 1.32582e-08
29948.2 -2.02832e-08
29950.4 -2.78045e-08
29952.7 4.02298e-09
29954.9 1.86502e-08
29957.1 -1.00337e-08
29959.3 -3.12218e-08
29961.5 -7.27928e-09
29963.7 1.9343e-08
29965.9 1.33704e-09
29968.1 -2.94071e-08
29970.3 -1.82625e-08
29972.5 1.51223e-08
29974.8 1.15415e-08
29977 -2.26669e-08
29979.2 -2.67082e-08
29981.4 6.78673e-09
29983.6 1.85228e-08
29985.8 -1.22785e-08
29988 -3.08537e-08
29990.2 -3.999e-09
29992.4 2.08723e-08
29994.6 -2.46928e-10
29996.9 -2.97558e-08
29999.1 -1.5029e-08
30001.3 1.81208e-08
30003.5 1.10869e-08
30005.7 -2.34943e-08
30007.9 -2.39955e-08
30010.1 1.08455e-08
30012.3 1.95122e-08
30014.5 -1.31745e-08
30016.8 -2.89567e-08
30019 5.65953e-10
30021.2 2.33941e-08
30023.4 -7.20598e-10
30025.6 -2.87379e-08
30027.8 -1.0553e-08
30030 2.20103e-08
30032.2 1.14973e-08
30034.4 -2.31848e-08
30036.6 -2.01333e-08
30038.9 1.57074e-08
30041.1 2.11333e-08
30043.3 -1.32142e-08
30045.5 -2.60667e-08
30047.7 5.84328e-09
30049.9 2.63388e-08
30052.1 -6.48232e-10
30054.3 -2.69511e-08
30056.5 -5.47676e-09
30058.7 2.61415e-08
30061 1.21375e-08
30063.2 -2.2391e-08
30065.4 -1.58208e-08
30067.6 2.06533e-08
30069.8 2.26848e-08
30072 -1.30982e-08
30074.2 -2.29239e-08
30076.4 1.10619e-08
30078.6 2.89496e-08
30080.9 -7.68053e-10
30083.1 -2.51573e-08
30085.3 -5.98839e-10
30087.5 2.97216e-08
30089.7 1.22468e-08
30091.9 -2.18752e-08
30094.1 -1.18537e-08
30096.3 2.48829e-08
30098.5 2.3404e-08
30100.7 -1.35667e-08
30103 -2.02897e-08
30105.2 1.54467e-08
30107.4 3.04865e-08
30109.6 -1.77705e-09
30111.8 -2.4055e-08
30114 3.36501e-09
30116.2 3.20605e-08
30118.4 1.11902e-08
30120.6 -2.2251e-08
30122.8 -8.85971e-09
30125.1 2.77812e-08
30127.3 2.27329e-08
30129.5 -1.51351e-08
30131.7 -1.86827e-08
30133.9 1.84798e-08
30136.1 3.04807e-08
30138.3 -4.08626e-09
30140.5 -2.40423e-08
30142.7 6.01e-09
30145 3.2788e-08
30147.2 8.66173e-09
30149.4 -2.37931e-08
30151.6 -7.11954e-09
30153.8 2.90855e-08
30156 2.047e-08
30158.2 -1.79562e-08
30160.4 -1.82535e-08
30162.6 2.00151e-08
30164.8 2.88368e-08
30167.1 -7.73041e-09
30169.3 -2.51368e-08
30171.5 7.31624e-09
30173.7 3.19201e-08
30175.9 4.74268e-09
30178.1 -2.63853e-08
30180.3 -6.51824e-09
30182.5 2.89315e-08
30184.7 1.68132e-08
30187 -2.17821e-08
30189.2 -1.87469e-08
30191.4 2.03166e-08
30193.6 2.58705e-08
30195.8 -1.23337e-08
30198 -2.69432e-08
30200.2 7.68044e-09
30202.4 2.98902e-08
30204.6 -7.15543e-11
30206.8 -2.95004e-08
30209.1 -6.52944e-09
30211.3 2.78655e-08
30213.5 1.23637e-08
30215.7 -2.59703e-08
30217.9 -1.95197e-08
30220.1 2.00307e-08
30222.3 2.22695e-08
30224.5 -1.71643e-08
30226.7 -2.87249e-08
30228.9 7.82899e-09
30231.2 2.74472e-08
30233.4 -4.9916e-09
30235.6 -3.23399e-08
30237.8 -6.37434e-09
30240 2.66679e-08
30242.2 7.93304e-09
30244.4 -2.96974e-08
30246.6 -1.97728e-08
30248.8 1.99389e-08
30251.1 1.88316e-08
30253.3 -2.14114e-08
30255.5 -2.96961e-08
30257.7 8.51426e-09
30259.9 2.53426e-08
30262.1 -9.25475e-09
30264.3 -3.41633e-08
30266.5 -5.35638e-09
30268.7 2.60169e-08
30270.9 4.20565e-09
30273.2 -3.22956e-08
30275.4 -1.88875e-08
30277.6 2.06255e-08
30279.8 1.61396e-08
30282 -2.45027e-08
30284.2 -2.93322e-08
30286.4 1.0213e-08
30288.6 2.40414e-08
30290.8 -1.2401e-08
30293 -3.45518e-08
30295.3 -3.11324e-09
30297.5 2.62509e-08
30299.7 1.51764e-09
30301.9 -3.34597e-08
30304.1 -1.66175e-08
30306.3 2.23e-08
30308.5 1.44003e-08
30310.7 -2.62498e-08
30312.9 -2.75005e-08
30315.2 1.30107e-08
30317.4 2.36214e-08
30319.6 -1.4359e-08
30321.8 -3.34796e-08
30324 3.25824e-10
30326.2 2.73249e-08
30328.4 -1.72653e-10
30330.6 -3.32622e-08
30332.8 -1.30926e-08
30335 2.48062e-08
30337.3 1.34653e-08
30339.5 -2.68147e-08
30341.7 -2.44152e-08
30343.9 1.66551e-08
30346.1 2.38372e-08
30348.3 -1.53708e-08
30350.5 -3.12301e-08
30352.7 4.63143e-09
30354.9 2.89083e-08
30357.2 -1.17993e-09
30359.4 -3.20425e-08
30361.6 -8.70149e-09
30363.8 2.77423e-08
30366 1.29549e-08
30368.2 -2.65827e-08
30370.4 -2.0508e-08
30372.6 2.06881e-08
30374.8 2.42503e-08
30377 -1.58631e-08
30379.3 -2.82657e-08
30381.5 9.30293e-09
30383.7 3.05111e-08
30385.9 -1.96931e-09
30388.1 -3.02856e-08
30390.3 -3.97361e-09
30392.5 3.0575e-08
30394.7 1.23666e-08
30396.9 -2.60578e-08
30399.1 -1.6325e-08
30401.4 2.45444e-08
30403.6 2.43246e-08
30405.8 -1.63547e-08
30408 -2.51379e-08
30410.2 1.37578e-08
30412.4 3.15711e-08
30414.6 -3.07077e-09
30416.8 -2.8537e-08
30419 5.08982e-10
30421.3 3.27301e-08
30423.5 1.11669e-08
30425.7 -2.57674e-08
30427.9 -1.24278e-08
30430.1 2.7657e-08
30432.3 2.35351e-08
30434.5 -1.73436e-08
30436.7 -2.23666e-08
30438.9 1.74597e-08
30441.1 3.15881e-08
30443.4 -4.94033e-09
30445.6 -2.72572e-08
30447.8 4.26446e-09
30450 3.37508e-08
30452.2 8.95335e-09
30454.4 -2.6098e-08
30456.6 -9.22254e-09
30458.8 2.96311e-08
30461 2.15426e-08
30463.2 -1.91335e-08
30465.5 -2.02679e-08
30467.7 2.00912e-08
30469.7 3.20447e-08
30471.6 1.13441e-09
30473.6 -2.68697e-08
30475.6 -1.06367e-08
30477.6 2.56395e-08
30479.6 2.82001e-08
30481.6 -6.71703e-09
30483.6 -2.74637e-08
30485.5 -3.5018e-09
30487.5 2.9511e-08
30489.5 2.26365e-08
30491.5 -1.3951e-08
30493.5 -2.61824e-08
30495.5 3.83229e-09
30497.4 3.14605e-08
30499.4 1.57266e-08
30501.4 -2.01114e-08
30503.4 -2.31427e-08
30505.4 1.08695e-08
30507.4 3.13682e-08
30509.4 7.92593e-09
30511.3 -2.48189e-08
30513.3 -1.85778e-08
30515.3 1.71361e-08
30517.3 2.9248e-08
30519.3 -2.57406e-10
30521.3 -2.77948e-08
30523.3 -1.28205e-08
30525.2 2.2212e-08
30527.2 2.52461e-08
30529.2 -8.29553e-09
30531.2 -2.88778e-08
30533.2 -6.27965e-09
30535.2 2.57592e-08
30537.2 1.9631e-08
30539.1 -1.56754e-08
30541.1 -2.8033e-08
30543.1 5.87698e-10
30545.1 2.75431e-08
30547.1 1.2775e-08
30549.1 -2.19321e-08
30551.1 -2.53532e-08
30553 7.30711e-09
30555 2.74482e-08
30557 5.12947e-09
30559 -2.66788e-08
30561 -2.10514e-08
30563 1.34185e-08
30565 2.54844e-08
30566.9 -2.80585e-09
30568.9 -2.96318e-08
30570.9 -1.54458e-08
30572.9 1.85066e-08
30574.9 2.17862e-08
30576.9 -1.05157e-08
30578.8 -3.0628e-08
30580.8 -8.93705e-09
30582.8 2.22287e-08
30584.8 1.66027e-08
30586.8 -1.7503e-08
30588.8 -2.96344e-08
30590.8 -1.98124e-09
30592.7 2.43371e-08
30594.7 1.02812e-08
30596.7 -2.33213e-08
30598.7 -2.67482e-08
30600.7 4.9418e-09
30602.7 2.46954e-08
30604.7 3.24396e-09
30606.6 -2.76034e-08
30608.6 -2.21897e-08
30610.6 1.13609e-08
30612.6 2.32874e-08
30614.6 -4.0403e-09
30616.6 -3.00847e-08
30618.6 -1.6286e-08
30620.5 1.68448e-08
30622.5 2.02174e-08
30624.5 -1.10871e-08
30626.5 -3.06196e-08
30628.5 -9.44782e-09
30630.5 2.10315e-08
30632.5 1.57028e-08
30634.4 -1.74285e-08
30636.4 -2.91902e-08
30638.4 -2.14199e-09
30640.4 2.36513e-08
30642.4 1.00591e-08
30644.4 -2.26438e-08
30646.3 -2.59063e-08
30648.3 5.14076e-09
30650.3 2.45449e-08
30652.3 3.67813e-09
30654.3 -2.6387e-08
30656.3 -2.09972e-08
30658.3 1.19181e-08
30660.2 2.36726e-08
30662.2 -2.99845e-09
30664.2 -2.84098e-08
30666.2 -1.47958e-08
30668.2 1.77486e-08
30670.2 2.11163e-08
30672.2 -9.50923e-09
30674.1 -2.85774e-08
30676.1 -7.71591e-09
30678.1 2.22597e-08
30680.1 1.70728e-08
30682.1 -1.54043e-08
30684.1 -2.6877e-08
30686.1 -2.24526e-10
30688 2.51725e-08
30690 1.18394e-08
30692 -2.02756e-08
30694 -2.34191e-08
30696 7.18871e-09
30698 2.63182e-08
30700 5.79223e-09
30701.9 -2.3785e-08
30703.9 -1.84295e-08
30705.9 1.40436e-08
30707.9 2.56482e-08
30709.9 -6.39571e-10
30711.9 -2.56871e-08
30713.9 -1.2235e-08
30715.8 1.99003e-08
30717.8 2.32355e-08
30719.8 -7.00417e-09
30721.8 -2.58457e-08
30723.8 -5.24135e-09
30725.8 2.43877e-08
30727.7 1.92685e-08
30729.7 -1.28579e-08
30731.7 -2.42432e-08
30733.7 2.09351e-09
30735.7 2.72271e-08
30737.7 1.40369e-08
30739.7 -1.7795e-08
30741.6 -2.09813e-08
30743.6 9.2896e-09
30745.7 2.81972e-08
30747.7 5.55135e-09
30749.8 -2.29841e-08
30751.8 -1.24997e-08
30753.9 2.06364e-08
30756 2.4478e-08
30758 -6.92913e-09
30760.1 -2.41922e-08
30762.1 -1.28716e-10
30764.2 2.75449e-08
30766.2 1.54309e-08
30768.3 -1.7402e-08
30770.3 -1.93516e-08
30772.4 1.26922e-08
30774.4 2.84531e-08
30776.5 3.20614e-09
30778.5 -2.33908e-08
30780.6 -9.55517e-09
30782.7 2.30097e-08
30784.7 2.31773e-08
30786.8 -9.32766e-09
30788.8 -2.34814e-08
30790.9 2.93445e-09
30792.9 2.8435e-08
30795 1.29514e-08
30797 -1.92506e-08
30799.1 -1.76497e-08
30801.1 1.52113e-08
30803.2 2.76976e-08
30805.2 1.39414e-10
30807.3 -2.42689e-08
30809.4 -7.26526e-09
30811.4 2.44004e-08
30813.5 2.09385e-08
30815.5 -1.23135e-08
30817.6 -2.32458e-08
30819.6 5.22782e-09
30821.7 2.83253e-08
30823.7 9.67812e-09
30825.8 -2.15628e-08
30827.8 -1.64619e-08
30829.9 1.68799e-08
30831.9 2.60136e-08
30834 -3.53547e-09
30836.1 -2.55209e-08
30838.1 -5.54781e-09
30840.2 2.49211e-08
30842.2 1.79235e-08
30844.3 -1.57139e-08
30846.3 -2.33372e-08
30848.4 6.89725e-09
30850.4 2.74053e-08
30852.5 5.84048e-09
30854.5 -2.41168e-08
30856.6 -1.55912e-08
30858.6 1.791e-08
30860.7 2.3663e-08
30862.7 -7.53238e-09
30864.8 -2.68821e-08
30866.9 -4.15473e-09
30868.9 2.48517e-08
30871 1.44592e-08
30873 -1.91962e-08
30875.1 -2.34518e-08
30877.1 8.24484e-09
30879.2 2.60205e-08
30881.2 1.82e-09
30883.3 -2.65445e-08
30885.3 -1.46971e-08
30887.4 1.86573e-08
30889.4 2.10481e-08
30891.5 -1.14318e-08
30893.6 -2.79611e-08
30895.6 -2.71362e-09
30897.7 2.45933e-08
30899.7 1.09868e-08
30901.8 -2.2324e-08
30903.8 -2.31889e-08
30905.9 9.66473e-09
30907.9 2.46012e-08
30910 -1.9292e-09
30912 -2.84166e-08
30914.1 -1.3386e-08
30916.1 1.95218e-08
30918.2 1.86035e-08
30920.3 -1.47961e-08
30922.3 -2.83604e-08
30924.4 -8.55767e-10
30926.4 2.45323e-08
30928.5 7.91721e-09
30930.5 -2.47059e-08
30932.6 -2.12883e-08
30934.8 1.37046e-08
30936.9 2.20255e-08
30939 -1.02437e-08
30941.2 -2.94556e-08
30943.3 -3.61742e-09
30945.4 2.43139e-08
30947.5 7.84181e-09
30949.7 -2.56672e-08
30951.8 -2.04395e-08
30953.9 1.48969e-08
30956 2.15866e-08
30958.2 -1.15138e-08
30960.3 -2.93212e-08
30962.4 -2.12851e-09
30964.6 2.49119e-08
30966.7 6.84662e-09
30968.8 -2.62537e-08
30970.9 -1.92485e-08
30973.1 1.63271e-08
30975.2 2.13758e-08
30977.3 -1.24622e-08
30979.4 -2.88326e-08
30981.6 -3.77375e-10
30983.7 2.56982e-08
30985.8 6.09586e-09
30987.9 -2.65143e-08
30990.1 -1.77724e-08
30992.2 1.7934e-08
30994.3 2.13326e-08
30996.5 -1.31516e-08
30998.6 -2.80593e-08
31000.7 1.56086e-09
31002.8 2.65974e-08
31005 5.5147e-09
31007.1 -2.65278e-08
31009.2 -1.60961e-08
31011.3 1.96312e-08
31013.5 2.13723e-08
31015.6 -1.3668e-08
31017.7 -2.70922e-08
31019.9 3.59231e-09
31022 2.75175e-08
31024.1 5.01273e-09
31026.2 -2.6388e-08
31028.4 -1.43171e-08
31030.5 2.1322e-08
31032.6 2.14016e-08
31034.7 -1.4105e-08
31036.9 -2.6029e-08
31039 5.61846e-09
31041.1 2.83638e-08
31043.2 4.49753e-09
31045.4 -2.61897e-08
31047.5 -1.2533e-08
31049.6 2.29116e-08
31051.8 2.133e-08
31053.9 -1.45534e-08
31056 -2.49635e-08
31058.1 7.54612e-09
31060.3 2.90479e-08
31062.4 3.88338e-09
31064.5 -2.60211e-08
31066.6 -1.08333e-08
31068.8 2.43144e-08
31070.9 2.10768e-08
31073 -1.50939e-08
31075.1 -2.39793e-08
31077.3 9.2935e-09
31079.4 2.94944e-08
31081.5 3.09771e-09
31083.7 -2.5957e-08
31085.8 -9.29351e-09
31087.9 2.54603e-08
31090.1 1.94637e-08
31092.3 -1.8043e-08
31094.5 -2.07588e-08
31096.7 1.62154e-08
31098.9 2.76195e-08
31101.1 -6.71409e-09
31103.4 -2.61403e-08
31105.6 3.72174e-09
31107.8 3.01755e-08
31110 6.46424e-09
31112.2 -2.55733e-08
31114.4 -9.32556e-09
31116.6 2.65495e-08
31118.8 1.86554e-08
31121 -1.91388e-08
31123.2 -2.01027e-08
31125.4 1.7486e-08
31127.6 2.72079e-08
31129.8 -8.20077e-09
31132 -2.62696e-08
31134.2 4.90418e-09
31136.4 3.02325e-08
31138.6 4.88114e-09
31140.8 -2.64814e-08
31143.1 -8.51093e-09
31145.3 2.70186e-08
31147.5 1.72586e-08
31149.7 -2.06858e-08
31151.9 -1.9886e-08
31154.1 1.81962e-08
31156.3 2.62107e-08
31158.5 -1.01426e-08
31160.7 -2.67818e-08
31162.9 5.60882e-09
31165.1 2.97373e-08
31167.3 2.84423e-09
31169.5 -2.77245e-08
31171.7 -8.07923e-09
31173.9 2.69992e-08
31176.1 1.54217e-08
31178.3 -2.25305e-08
31180.6 -1.99555e-08
31182.8 1.85084e-08
31185 2.4807e-08
31187.2 -1.23515e-08
31189.4 -2.74901e-08
31191.6 6.0257e-09
31193.8 2.88942e-08
31196 5.70006e-10
31198.2 -2.90856e-08
31200.4 -7.8141e-09
31202.6 2.67176e-08
31204.8 1.33849e-08
31207 -2.44282e-08
31209.2 -2.00694e-08
31211.4 1.8669e-08
31213.6 2.32562e-08
31215.8 -1.45601e-08
31218.1 -2.81288e-08
31220.3 6.42004e-09
31222.5 2.79776e-08
31224.7 -1.65703e-09
31226.9 -3.02797e-08
31229.1 -7.43443e-09
31231.3 2.64586e-08
31233.5 1.14421e-08
31235.7 -2.60827e-08
31237.9 -1.99365e-08
31240.1 1.89668e-08
31242.3 2.18522e-08
31244.5 -1.64713e-08
31246.7 -2.84064e-08
31248.9 7.07646e-09
31251.1 2.72714e-08
31253.3 -3.5516e-09
31255.6 -3.10265e-08
31257.8 -6.6701e-09
31260 2.64852e-08
31262.2 9.85394e-09
31264.4 -2.72382e-08
31266.6 -1.93124e-08
31268.8 1.96343e-08
31271 2.082e-08
31273.2 -1.78665e-08
31275.4 -2.81154e-08
31277.6 8.18767e-09
31279.8 2.6956e-08
31282 -4.9423e-09
31284.2 -3.11654e-08
31286.4 -5.37541e-09
31288.6 2.69276e-08
31290.8 8.73817e-09
31293 -2.7788e-08
31295.3 -1.8104e-08
31297.5 2.07481e-08
31299.7 2.02209e-08
31301.9 -1.86964e-08
31304.1 -2.72182e-08
31306.3 9.77587e-09
31308.5 2.70368e-08
31310.7 -5.83739e-09
31312.9 -3.07153e-08
31315.1 -3.58191e-09
31317.3 2.77381e-08
31319.5 8.03197e-09
31321.7 -2.78056e-08
31323.9 -1.63944e-08
31326.1 2.22117e-08
31328.3 1.9943e-08
31330.5 -1.90847e-08
31332.8 -2.58461e-08
31335 1.1701e-08
31337.2 2.73601e-08
31339.4 -6.40352e-09
31341.6 -2.98496e-08
31343.8 -1.46756e-09
31346 2.87291e-08
31348.2 7.53483e-09
31350.4 -2.74988e-08
31352.6 -1.4393e-08
31354.8 2.38114e-08
31357 1.9762e-08
31359.2 -1.9264e-08
31361.4 -2.42321e-08
31363.6 1.37306e-08
31365.8 2.7687e-08
31368 -6.88803e-09
31370.3 -2.88167e-08
31372.5 7.2362e-10
31374.7 2.96556e-08
31376.9 6.99485e-09
31379.1 -2.71223e-08
31381.3 -1.23484e-08
31383.5 2.5303e-08
31385.7 1.94299e-08
31387.9 -1.94863e-08
31390.1 -2.26229e-08
31392.3 1.56267e-08
31394.5 2.77809e-08
31396.7 -7.53182e-09
31398.9 -2.78548e-08
31401.1 2.76392e-09
31403.3 3.02965e-08
31405.5 6.18849e-09
31407.8 -2.68996e-08
31410 -1.04748e-08
31412.2 2.64835e-08
31414.4 1.87451e-08
31416.6 -1.99553e-08
31418.8 -2.12154e-08
31421 1.72055e-08
31423.2 2.74641e-08
31425.4 -8.5138e-09
31427.6 -2.71395e-08
31429.8 4.49076e-09
31432 3.05001e-08
31434.2 4.96557e-09
31436.4 -2.69802e-08
31438.6 -8.91047e-09
31440.8 2.72284e-08
31443 1.75895e-08
31445.3 -2.07884e-08
31447.5 -2.01196e-08
31449.7 1.83723e-08
31451.9 2.66529e-08
31454.1 -9.91552e-09
31456.3 -2.67475e-08
31458.5 5.84135e-09
31460.7 3.02183e-08
31462.9 3.28374e-09
31465.1 -2.74031e-08
31467.3 -7.68369e-09
31469.5 2.75257e-08
31471.7 1.59604e-08
31473.9 -2.19853e-08
31476.1 -1.93273e-08
31478.3 1.91504e-08
31480.5 2.53831e-08
31482.7 -1.16967e-08
31485 -2.66339e-08
31487.2 6.8727e-09
31489.4 2.95217e-08
31491.6 1.22008e-09
31493.8 -2.80888e-08
31496 -6.70657e-09
31498.2 2.74763e-08
31500.4 1.39668e-08
31502.6 -2.3435e-08
31504.8 -1.87235e-08
31507 1.96654e-08
31509.2 2.37895e-08
31511.4 -1.37203e-08
31513.6 -2.66609e-08
31515.8 7.73002e-09
31518 2.85647e-08
31520.2 -1.06786e-09
31522.5 -2.88805e-08
31524.7 -5.81847e-09
31526.9 2.7249e-08
31529.1 1.17821e-08
31531.3 -2.49655e-08
31533.5 -1.81354e-08
31535.7 2.00963e-08
31537.9 2.20568e-08
31540.1 -1.58023e-08
31542.3 -2.66455e-08
31544.5 8.60029e-09
31546.7 2.75406e-08
31548.9 -3.38598e-09
31551.1 -2.95868e-08
31553.3 -4.82686e-09
31555.5 2.7042e-08
31557.7 9.60717e-09
31560 -2.63789e-08
31562.2 -1.73666e-08
31564.4 2.06439e-08
31566.6 2.03894e-08
31568.8 -1.77408e-08
31571 -2.63904e-08
31573.2 9.68189e-09
31575.4 2.66513e-08
31577.6 -5.53383e-09
31579.8 -3.00135e-08
31582 -3.54035e-09
31584.2 2.70489e-08
31586.4 7.63462e-09
31588.6 -2.74901e-08
31590.8 -1.6239e-08
31593 2.14851e-08
31595.2 1.89634e-08
31597.5 -1.93672e-08
31599.7 -2.57374e-08
31601.9 1.11279e-08
31604.1 2.60486e-08
31606.3 -7.36689e-09
31608.5 -3.00291e-08
31610.7 -1.83688e-09
31612.9 2.73886e-08
31615.1 5.97738e-09
31617.3 -2.81997e-08
31619.5 -1.46667e-08
31621.7 2.27e-08
31623.9 1.78544e-08
31626.1 -2.06183e-08
31628.3 -2.46394e-08
31630.5 1.29761e-08
31632.7 2.5766e-08
31634.9 -8.8608e-09
31637.2 -2.96258e-08
31639.4 2.78454e-10
31641.6 2.80512e-08
31643.8 4.61979e-09
31646 -2.8538e-08
31648.2 -1.26957e-08
31650.4 2.42359e-08
31652.6 1.7007e-08
31654.8 -2.15605e-08
31657 -2.31796e-08
31659.2 1.51339e-08
31661.4 2.57101e-08
31663.6 -1.01151e-08
31665.8 -2.89185e-08
31668 2.67845e-09
31670.2 2.89085e-08
31672.4 3.43292e-09
31674.7 -2.86459e-08
31676.9 -1.04809e-08
31679.1 2.59352e-08
31681.3 1.62666e-08
31683.5 -2.23544e-08
31685.7 -2.15324e-08
31687.9 1.7421e-08
31690.1 2.57058e-08
31692.3 -1.13043e-08
31694.5 -2.80931e-08
31696.7 5.16811e-09
31698.9 2.97703e-08
31701.1 2.23313e-09
31703.3 -2.8713e-08
31705.5 -8.22284e-09
31707.7 2.75989e-08
31709.9 1.54453e-08
31712.2 -2.31868e-08
31714.4 -1.98951e-08
31716.6 1.96376e-08
31718.8 2.55653e-08
31721 -1.26077e-08
31723.2 -2.73357e-08
31725.4 7.55487e-09
31727.6 3.04537e-08
31729.8 8.51778e-10
31732 -2.89084e-08
31734.2 -6.09956e-09
31736.4 2.90539e-08
31738.6 1.4387e-08
31740.8 -2.42071e-08
31743 -1.84251e-08
31745.2 2.16251e-08
31747.4 2.51461e-08
31749.7 -1.41539e-08
31751.9 -2.6779e-08
31754.1 9.69978e-09
31756.3 3.08314e-08
31758.5 -8.19409e-10
31760.7 -2.93381e-08
31762.9 -4.22561e-09
31765.1 3.01908e-08
31767.3 1.30027e-08
31769.5 -2.54936e-08
31771.7 -1.72084e-08
31773.9 2.32954e-08
31776.1 2.43783e-08
31778.3 -1.59952e-08
31780.5 -2.64778e-08
31782.7 1.15406e-08
31784.9 3.08533e-08
31787.2 -2.80826e-09
31789.4 -3.00244e-08
31791.6 -2.63281e-09
31793.8 3.09818e-08
31796 1.12873e-08
31798.2 -2.70378e-08
31800.4 -1.62433e-08
31802.6 2.46468e-08
31804.8 2.32782e-08
31807 -1.80943e-08
31809.2 -2.63958e-08
31811.4 1.31045e-08
31813.6 3.05572e-08
31815.8 -5.05345e-09
31818 -3.08992e-08
31820.2 -1.26356e-09
31822.4 3.14858e-08
31824.6 9.32141e-09
31826.9 -2.87443e-08
31829.1 -1.54428e-08
31831.3 2.5759e-08
31833.5 2.19413e-08
31835.7 -2.03363e-08
31837.9 -2.64204e-08
31840.1 1.44916e-08
31842.3 3.00494e-08
31844.5 -7.428e-09
31846.7 -3.18301e-08
31848.9 5.49714e-13
31851.1 3.18175e-08
31853.3 7.23715e-09
31855.5 -3.04688e-08
31857.7 -1.46732e-08
31859.9 2.67541e-08
31862.1 2.04999e-08
31864.4 -2.25722e-08
31866.6 -2.64069e-08
31868.8 1.58305e-08
31871 2.94599e-08
31873.2 -9.78418e-09
31875.4 -3.2666e-08
31877.6 1.29468e-09
31879.8 3.2105e-08
31882 5.1768e-09
31884.2 -3.20587e-08
31886.4 -1.37935e-08
31888.6 2.77592e-08
31890.8 1.9089e-08
31893 -2.46523e-08
31895.2 -2.62104e-08
31897.4 1.72491e-08
31899.6 2.89163e-08
31901.9 -1.19795e-08
31904.1 -3.32619e-08
31906.3 2.74778e-09
31908.5 3.24685e-08
31910.7 3.27208e-09
31912.9 -3.33735e-08
31915.1 -1.26757e-08
31917.3 2.88875e-08
31919.5 1.78263e-08
31921.7 -2.6447e-08
31923.9 -2.5708e-08
31926.1 1.88522e-08
31928.3 2.85198e-08
31930.5 -1.39019e-08
31932.7 -3.3506e-08
31934.9 4.45337e-09
31937.1 3.29902e-08
31939.4 1.61196e-09
31941.6 -3.43202e-08
31943.8 -1.12417e-08
31946 3.01997e-08
31948.2 1.67732e-08
31950.4 -2.78887e-08
31952.6 -2.4842e-08
31954.8 2.06775e-08
31957 2.83013e-08
31959.2 -1.55141e-08
31961.4 -3.33657e-08
31963.6 6.42467e-09
31965.8 3.36704e-08
31968 2.00225e-10
31970.2 -3.48943e-08
31972.4 -9.50334e-09
31974.6 3.1667e-08
31976.8 1.58998e-08
31979.1 -2.90033e-08
31981.3 -2.36492e-08
31983.5 2.26693e-08
31985.7 2.81995e-08
31987.9 -1.68725e-08
31990.1 -3.29023e-08
31992.3 8.5827e-09
31994.5 3.44199e-08
31996.7 -1.04824e-09
31998.9 -3.51807e-08
32001.1 -7.55939e-09
32003.3 3.31773e-08
32005.5 1.50958e-08
32007.7 -2.98967e-08
32009.9 -2.22445e-08
32012.1 2.46986e-08
32014.3 2.80837e-08
32016.6 -1.81011e-08
32018.8 -3.22428e-08
32021 1.07873e-08
32023.2 3.50936e-08
32025.4 -2.27124e-09
32027.6 -3.53147e-08
32029.8 -5.55518e-09
32032 3.45777e-08
32034.2 1.42142e-08
32036.4 -3.07088e-08
32038.6 -2.07733e-08
32040.8 2.66113e-08
32043 2.78034e-08
32045.2 -1.93403e-08
32047.4 -3.15282e-08
32049.6 1.28895e-08
32051.8 3.55432e-08
32054.1 -3.60607e-09
32056.3 -3.54287e-08
32058.5 -3.62933e-09
32060.7 3.57279e-08
32062.9 1.31251e-08
32065.1 -3.15605e-08
32067.3 -1.93592e-08
32069.5 2.828e-08
32071.7 2.72393e-08
32073.9 -2.06973e-08
32076.1 -3.08641e-08
32078.3 1.47791e-08
32080.5 3.56637e-08
32082.7 -5.14476e-09
32084.9 -3.5609e-08
32087.1 -1.8717e-09
32089.3 3.65396e-08
32091.6 1.17524e-08
32093.8 -3.25182e-08
32096 -1.80701e-08
32098.2 2.96359e-08
32100.4 2.63325e-08
32102.6 -2.22192e-08
32104.8 -3.02958e-08
32107 1.64084e-08
32109.2 3.5414e-08
32111.4 -6.91538e-09
32113.6 -3.58785e-08
32115.8 -3.07712e-10
32118 3.6991e-08
32120.2 1.00866e-08
32122.4 -3.35833e-08
32124.6 -1.69085e-08
32126.8 3.06772e-08
32129.1 2.50919e-08
32131.3 -2.38867e-08
32133.5 -2.98031e-08
32135.7 1.77966e-08
32137.9 3.48213e-08
32140.1 -8.87923e-09
32142.3 -3.6195e-08
32144.5 1.10316e-09
32146.7 3.71275e-08
32148.9 8.18431e-09
32151.1 -3.46934e-08
32153.3 -1.58138e-08
32155.5 3.14667e-08
32157.7 2.35898e-08
32159.9 -2.562e-08
32162.1 -2.93072e-08
32164.3 1.9022e-08
32166.5 3.39714e-08
32168.8 -1.09428e-08
32171 -3.64653e-08
32173.2 2.45142e-09
32175.4 3.70444e-08
32177.6 6.14863e-09
32179.8 -3.57449e-08
32182 -1.46866e-08
32184.2 3.21054e-08
32186.4 2.19346e-08
32188.6 -2.73093e-08
32190.8 -2.87039e-08
32193 2.01875e-08
32195.2 3.29731e-08
32197.4 -1.29939e-08
32199.6 -3.65829e-08
32201.8 3.83902e-09
32204 3.68479e-08
32206.3 4.09055e-09
32208.5 -3.66316e-08
32210.7 -1.34278e-08
32212.9 3.26943e-08
32215.1 2.02332e-08
32217.3 -2.88502e-08
32219.5 -2.78975e-08
32221.7 2.13874e-08
32223.9 3.19274e-08
32226.1 -1.49316e-08
32228.3 -3.64561e-08
32230.5 5.35294e-09
32232.7 3.66309e-08
32234.9 2.10652e-09
32237.1 -3.7265e-08
32239.3 -1.19577e-08
32241.5 3.33168e-08
32243.8 1.85755e-08
32246 -3.01583e-08
32248.2 -2.68151e-08
32250.4 2.26941e-08
32252.6 3.09148e-08
32254.8 -1.66766e-08
32257 -3.60184e-08
32259.2 7.05384e-09
32261.4 3.64614e-08
32263.6 2.67309e-10
32265.8 -3.75864e-08
32268 -1.02281e-08
32270.2 3.40247e-08
32272.4 1.70199e-08
32274.6 -3.11838e-08
32276.8 -2.54219e-08
32279 2.41408e-08
32281.3 2.99765e-08
32283.5 -1.81916e-08
32285.7 -3.52489e-08
32287.9 8.95446e-09
32290.1 3.6359e-08
32292.3 -1.4058e-09
32294.5 -3.75893e-08
32296.7 -8.24697e-09
32298.9 3.48133e-08
32301.1 1.55675e-08
32303.3 -3.19361e-08
32305.5 -2.37448e-08
32307.7 2.56979e-08
32309.9 2.90908e-08
32312.1 -1.95023e-08
32314.3 -3.41916e-08
32316.5 1.1002e-08
32318.7 3.62781e-08
32321 -2.95599e-09
32323.2 -3.73319e-08
32325.4 -6.08641e-09
32327.6 3.56142e-08
32329.8 1.41574e-08
32332 -3.24853e-08
32334.2 -2.18708e-08
32336.4 2.72768e-08
32338.6 2.81792e-08
32340.8 -2.06894e-08
32343 -3.2943e-08
32345.2 1.30927e-08
32347.4 3.61242e-08
32349.6 -4.47288e-09
32351.8 -3.69161e-08
32354 -3.85956e-09
32356.2 3.63202e-08
32358.5 1.26922e-08
32360.7 -3.29348e-08
32362.9 -1.99163e-08
32365.1 2.87624e-08
32367.3 2.71385e-08
32369.5 -2.18552e-08
32371.7 -3.16174e-08
32373.9 1.51089e-08
32376.1 3.57911e-08
32378.3 -6.05593e-09
32380.5 -3.64495e-08
32382.7 -1.68116e-09
32384.9 3.68252e-08
32387.1 1.10771e-08
32389.3 -3.33825e-08
32391.5 -1.79876e-08
32393.7 3.0053e-08
32396 2.58803e-08
32398.2 -2.30856e-08
32400.4 -3.03083e-08
32402.6 1.69575e-08
32404.8 3.51987e-08
32407 -7.77764e-09
32409.2 -3.60099e-08
32411.4 3.6843e-10
32413.6 3.70597e-08
32415.8 9.25363e-09
32418 -3.38886e-08
32420.2 -1.61495e-08
32422.4 3.10915e-08
32424.6 2.43605e-08
32426.8 -2.44223e-08
32429 -2.90631e-08
32431.2 1.85955e-08
32433.5 3.43171e-08
32435.7 -9.66185e-09
32437.9 -3.56258e-08
32440.1 2.26139e-09
32442.3 3.7008e-08
32444.5 7.21533e-09
32446.7 -3.44625e-08
32448.9 -1.4414e-08
32451.1 3.18759e-08
32453.3 2.25887e-08
32455.5 -2.58564e-08
32457.7 -2.7877e-08
32459.9 2.00339e-08
32462.1 3.31705e-08
32464.3 -1.16813e-08
32466.5 -3.52759e-08
32468.7 4.02139e-09
32470.9 3.67068e-08
32473.2 5.00589e-09
32475.4 -3.50659e-08
32477.6 -1.27446e-08
32479.8 3.24536e-08
32482 2.06229e-08
32484.2 -2.73327e-08
32486.4 -2.6701e-08
32488.6 2.13295e-08
32490.8 3.18285e-08
32493 -1.37662e-08
32495.2 -3.48984e-08
32497.4 5.71265e-09
32499.6 3.62335e-08
32501.8 2.70717e-09
32504 -3.56258e-08
32506.2 -1.10714e-08
32508.4 3.2906e-08
32510.7 1.85528e-08
32512.9 -2.87691e-08
32515.1 -2.5461e-08
32517.3 2.25632e-08
32519.5 3.03831e-08
32521.7 -1.58281e-08
32523.9 -3.44165e-08
32526.1 7.41296e-09
32528.3 3.56778e-08
32530.5 4.09866e-10
32532.7 -3.60638e-08
32534.9 -9.32138e-09
32537.1 3.33158e-08
32539.3 1.64671e-08
32541.5 -3.00871e-08
32543.7 -2.40892e-08
32545.9 2.38084e-08
32548.2 2.89176e-08
32550.4 -1.77899e-08
32552.6 -3.37674e-08
32554.8 9.18529e-09
32557 3.51137e-08
32559.2 -1.81215e-09
32561.4 -3.63207e-08
32563.6 -7.44158e-09
32565.8 3.37459e-08
32568 1.44344e-08
32570.2 -3.12301e-08
32572.4 -2.25408e-08
32574.6 2.5116e-08
32576.8 2.74925e-08
32579 -1.95977e-08
32581.2 -3.29116e-08
32583.4 1.10687e-08
32585.7 3.45917e-08
32587.9 -3.90886e-09
32590.1 -3.63611e-08
32592.3 -5.40334e-09
32594.5 3.42346e-08
32596.7 1.24983e-08
32598.9 -3.21664e-08
32601.1 -2.0796e-08
32603.3 2.65105e-08
32605.5 2.61416e-08
32607.7 -2.12247e-08
32609.9 -3.18376e-08
32612.1 1.30736e-08
32614.3 3.41324e-08
32616.5 -5.86078e-09
32618.7 -3.61809e-08
32620.9 -3.21015e-09
32623.2 3.47865e-08
32625.4 1.06674e-08
32627.6 -3.28998e-08
32629.8 -1.88715e-08
32632 2.79791e-08
32634.2 2.48596e-08
32636.4 -2.26838e-08
32638.6 -3.05734e-08
32640.8 1.51697e-08
32643 3.37139e-08
32645.2 -7.69166e-09
32647.4 -3.58184e-08
32649.6 -9.0792e-10
32651.8 3.53625e-08
32654 8.90611e-09
32656.2 -3.34775e-08
32658.4 -1.68256e-08
32660.6 2.94666e-08
32662.9 2.35983e-08
32665.1 -2.40299e-08
32667.3 -2.9187e-08
32669.5 1.72885e-08
32671.7 3.3276e-08
32673.9 -9.4629e-09
32676.1 -3.53474e-08
32678.3 1.42468e-09
32680.5 3.58916e-08
32682.7 7.1472e-09
32684.9 -3.3976e-08
32687.1 -1.47433e-08
32689.3 3.08936e-08
32691.5 2.22857e-08
32693.7 -2.53397e-08
32695.9 -2.77647e-08
32698.1 1.93451e-08
32700.4 3.27434e-08
32702.6 -1.12496e-08
32704.8 -3.48521e-08
32707 3.70145e-09
32709.2 3.62972e-08
32711.4 5.31896e-09
32713.6 -3.44741e-08
32715.8 -1.27079e-08
32718 3.21843e-08
32720.2 2.08549e-08
32722.4 -2.66835e-08
32724.6 -2.63836e-08
32726.8 2.12674e-08
32729 3.20548e-08
32731.2 -1.31117e-08
32733.4 -3.43994e-08
32735.6 5.85666e-09
32737.9 3.65247e-08
32740.1 3.37273e-09
32742.3 -3.50255e-08
32744.5 -1.07758e-08
32746.7 3.3292e-08
32748.9 1.92689e-08
32751.1 -2.81006e-08
32753.3 -2.50879e-08
32755.5 2.30176e-08
32757.7 3.11848e-08
32759.9 -1.5073e-08
32762.1 -3.40192e-08
32764.3 7.86289e-09
32766.5 3.65593e-08
32768.7 1.30005e-09
32770.9 -3.56443e-08
32773.1 -8.96294e-09
32775.4 3.42115e-08
32777.6 1.75328e-08
32779.8 -2.95883e-08
32782 -2.38804e-08
32784.2 2.45996e-08
32786.4 3.01497e-08
32788.6 -1.7115e-08
32790.8 -3.36999e-08
32793 9.73291e-09
32795.2 3.64262e-08
32797.4 -8.6709e-10
32799.6 -3.63042e-08
32801.8 -7.24674e-09
32804 3.49751e-08
32806.2 1.56895e-08
32808.4 -3.11063e-08
32810.6 -2.27279e-08
32812.8 2.60515e-08
32815.1 2.90001e-08
32817.3 -1.91851e-08
32819.5 -3.3397e-08
32821.7 1.15106e-08
32823.9 3.61805e-08
32826.1 -3.06639e-09
32828.3 -3.69495e-08
32830.5 -5.57729e-09
32832.7 3.56398e-08
32834.9 1.38068e-08
32837.1 -3.25891e-08
32839.3 -2.15739e-08
32841.5 2.7431e-08
32843.7 2.78048e-08
32845.9 -2.12113e-08
32848.1 -3.30482e-08
32850.3 1.32534e-08
32852.6 3.58884e-08
32854.8 -5.22438e-09
32857 -3.75131e-08
32859.2 -3.89736e-09
32861.4 3.62665e-08
32863.6 1.19547e-08
32865.8 -3.39683e-08
32868 -2.03619e-08
32870.2 2.87919e-08
32872.4 2.66264e-08
32874.6 -2.31276e-08
32876.8 -3.25972e-08
32879 1.50087e-08
32881.2 3.5602e-08
32883.4 -7.28124e-09
32885.6 -3.7941e-08
32887.8 -2.16512e-09
32890.1 3.68959e-08
32892.3 1.01836e-08
32894.5 -3.51934e-08
32896.7 -1.90534e-08
32898.9 3.01654e-08
32901.1 2.55033e-08
32903.3 -2.48898e-08
32905.5 -3.20085e-08
32907.7 1.68004e-08
32909.9 3.53477e-08
32912.1 -9.20162e-09
32914.3 -3.82003e-08
32916.5 -3.60337e-10
32918.7 3.75442e-08
32920.9 8.51789e-09
32923.1 -3.6236e-08
32925.3 -1.76303e-08
32927.6 3.15599e-08
32929.8 2.44485e-08
32932 -2.64764e-08
32934.2 -3.12658e-08
32936.4 1.86323e-08
32938.6 3.51275e-08
32940.8 -1.09739e-08
32943 -3.82782e-08
32945.2 1.51747e-09
32947.4 3.82042e-08
32949.6 6.95729e-09
32951.8 -3.709e-08
32954 -1.60948e-08
32956.2 3.29612e-08
32958.4 2.34492e-08
32960.6 -2.78912e-08
32962.8 -3.03751e-08
32965.1 2.0485e-08
32967.3 3.49172e-08
32969.5 -1.26142e-08
32971.7 -3.81871e-08
32973.9 3.44517e-09
32976.1 3.88422e-08
32978.3 5.47218e-09
32980.5 -3.77769e-08
32982.7 -1.4474e-08
32984.9 3.4329e-08
32987.1 2.24633e-08
32989.3 -2.91674e-08
32991.5 -2.93687e-08
32993.7 2.23142e-08
32995.9 3.46648e-08
32998.1 -1.41677e-08
33000.3 -3.79659e-08
33002.5 5.37619e-09
33004.8 3.94006e-08
33007 4.00721e-09
33009.2 -3.83431e-08
33011.4 -1.28159e-08
33013.6 3.56038e-08
33015.8 2.14283e-08
33018 -3.03583e-08
33020.2 -2.82958e-08
33022.4 2.40618e-08
33024.6 3.43051e-08
33026.8 -1.56936e-08
33029 -3.76654e-08
33031.2 7.25563e-09
33033.4 3.98152e-08
33035.6 2.49985e-09
33037.8 -3.8841e-08
33040 -1.11714e-08
33042.3 3.67263e-08
33044.5 2.0282e-08
33046.7 -3.15174e-08
33048.9 -2.72036e-08
33051.1 2.56754e-08
33053.3 3.37799e-08
33055.5 -1.72446e-08
33057.7 -3.73291e-08
33059.9 9.03942e-09
33062.1 4.00353e-08
33064.3 9.01081e-10
33066.5 -3.93103e-08
33068.7 -9.5762e-09
33070.9 3.76556e-08
33073.1 1.89819e-08
33075.3 -3.26794e-08
33077.5 -2.61195e-08
33079.8 2.71255e-08
33082 3.30561e-08
33084.2 -1.88485e-08
33086.4 -3.69763e-08
33088.6 1.07093e-08
33090.8 4.00391e-08
33093 -8.08791e-10
33095.2 -3.9762e-08
33097.4 -8.03759e-09
33099.6 3.83817e-08
33101.8 1.7518e-08
33104 -3.38471e-08
33106.2 -2.50406e-08
33108.4 2.84137e-08
33110.6 3.21336e-08
33112.8 -2.05003e-08
33115 -3.65951e-08
33117.3 1.22777e-08
33119.5 3.98367e-08
33121.7 -2.61657e-09
33123.9 -4.01763e-08
33126.1 -6.5334e-09
33128.3 3.89245e-08
33130.5 1.59113e-08
33132.7 -3.49937e-08
33134.9 -2.39365e-08
33137.1 2.95687e-08
33139.3 3.10411e-08
33141.5 -2.21668e-08
33143.7 -3.61481e-08
33145.9 1.37815e-08
33148.1 3.94632e-08
33150.3 -4.48378e-09
33152.5 -4.05101e-08
33154.7 -5.02029e-09
33157 3.9325e-08
33159.2 1.42044e-08
33161.4 -3.60718e-08
33163.6 -2.27586e-08
33165.8 3.06363e-08
33168 2.98238e-08
33170.2 -2.3798e-08
33172.4 -3.5583e-08
33174.6 1.52696e-08
33176.8 3.89657e-08
33179 -6.36019e-09
33181.2 -4.07097e-08
33183.4 -3.44718e-09
33185.6 3.96303e-08
33187.8 1.24459e-08
33190 -3.70288e-08
33192.2 -2.14556e-08
33194.5 3.16626e-08
33196.7 2.85271e-08
33198.9 -2.53453e-08
33201.1 -3.48507e-08
33203.3 1.67862e-08
33205.5 3.83848e-08
33207.7 -8.2027e-09
33209.9 -4.07303e-08
33212.1 -1.77343e-09
33214.3 3.98759e-08
33216.5 1.06717e-08
33218.7 -3.78263e-08
33220.9 -1.99917e-08
33223.1 3.26778e-08
33225.3 2.71793e-08
33227.5 -2.67778e-08
33229.7 -3.39212e-08
33232 1.83558e-08
33234.2 3.77416e-08
33236.4 -9.98885e-09
33238.6 -4.05487e-08
33240.8 2.00109e-11
33243 4.00765e-08
33245.2 8.8965e-09
33247.4 -3.84483e-08
33249.6 -1.83533e-08
33251.8 3.36908e-08
33254 2.57882e-08
33256.2 -2.80862e-08
33258.4 -3.27863e-08
33260.6 1.99825e-08
33262.8 3.70382e-08
33265 -1.17155e-08
33267.2 -4.01621e-08
33269.5 1.93282e-09
33271.7 4.02292e-08
33273.9 7.11807e-09
33276.1 -3.88969e-08
33278.3 -1.65452e-08
33280.5 3.46942e-08
33282.7 2.43467e-08
33284.9 -2.92779e-08
33287.1 -3.14559e-08
33289.3 2.16543e-08
33291.5 3.62625e-08
33293.7 -1.33946e-08
33295.9 -3.95852e-08
33298.1 3.94734e-09
33300.3 4.03167e-08
33302.5 5.31953e-09
33304.7 -3.91917e-08
33307 -1.45908e-08
33309.2 3.56648e-08
33311.4 2.28329e-08
33313.6 -3.03765e-08
33315.8 -2.99584e-08
33318 2.33412e-08
33320.2 3.53875e-08
33322.4 -1.50536e-08
33324.6 -3.88507e-08
33326.8 6.02783e-09
33329 4.03064e-08
33331.2 3.47042e-09
33333.4 -3.93683e-08
33335.6 -1.25309e-08
33337.8 3.65642e-08
33340 2.12135e-08
33342.2 -3.14189e-08
33344.4 -2.83379e-08
33346.7 2.5e-08
33348.9 3.43768e-08
33351.1 -1.67288e-08
33353.3 -3.80032e-08
33355.5 8.12708e-09
33357.7 4.01586e-08
33359.9 1.53574e-09
33362.1 -3.94684e-08
33364.3 -1.04139e-08
33366.5 3.735e-08
33368.7 1.94548e-08
33370.9 -3.24416e-08
33373.1 -2.66405e-08
33375.3 2.6586e-08
33377.5 3.31972e-08
33379.7 -1.84511e-08
33381.9 -3.70833e-08
33384.2 1.02006e-08
33386.4 3.98399e-08
33388.6 -5.09696e-10
33390.8 -3.95249e-08
33393 -8.28115e-09
33395.2 3.79881e-08
33397.4 1.75359e-08
33399.6 -3.3468e-08
33401.8 -2.49012e-08
33404 2.80664e-08
33406.2 3.18308e-08
33408.4 -2.02336e-08
33410.6 -3.6116e-08
33412.8 1.22187e-08
33415 3.93341e-08
33417.2 -2.67058e-09
33419.4 -3.95503e-08
33421.7 -6.15571e-09
33423.9 3.84643e-08
33426.1 1.54584e-08
33428.3 -3.44977e-08
33430.5 -2.3133e-08
33432.7 2.94292e-08
33434.9 3.02829e-08
33437.1 -2.20647e-08
33439.3 -3.5102e-08
33441.5 1.41745e-08
33443.7 3.86487e-08
33445.9 -4.92643e-09
33448.1 -3.9532e-08
33450.3 -4.03729e-09
33452.5 3.87868e-08
33454.7 1.32481e-08
33456.9 -3.5506e-08
33459.2 -2.13259e-08
33461.4 3.06844e-08
33463.6 2.85811e-08
33465.8 -2.39098e-08
33468 -3.40203e-08
33470.2 1.60808e-08
33472.4 3.78102e-08
33474.6 -7.23685e-09
33476.8 -3.94381e-08
33479 -1.90768e-09
33481.2 3.89808e-08
33483.4 1.09473e-08
33485.6 -3.64515e-08
33487.8 -1.94547e-08
33490 3.1856e-08
33492.2 2.67663e-08
33494.4 -2.57215e-08
33496.6 -3.28376e-08
33498.9 1.79621e-08
33501.1 3.68562e-08
33503.3 -9.5519e-09
33505.5 -3.92279e-08
33507.7 2.59518e-10
33509.9 3.90789e-08
33512.1 8.60456e-09
33514.3 -3.72881e-08
33516.5 -1.74894e-08
33518.7 3.29721e-08
33520.9 2.4882e-08
33523.1 -2.74513e-08
33525.3 -3.15203e-08
33527.5 1.98428e-08
33529.7 3.58225e-08
33531.9 -1.18247e-08
33534.1 -3.8865e-08
33536.4 2.48635e-09
33538.6 3.91085e-08
33540.8 6.26094e-09
33543 -3.79786e-08
33545.2 -1.54097e-08
33547.4 3.40513e-08
33549.6 2.29608e-08
33551.8 -2.9064e-08
33554 -3.00489e-08
33556.2 2.17338e-08
33558.4 3.47314e-08
33560.6 -1.4025e-08
33562.8 -3.83307e-08
33565 4.77792e-09
33567.2 3.90807e-08
33569.4 3.93996e-09
33571.6 -3.85056e-08
33573.9 -1.32141e-08
33576.1 3.50948e-08
33578.3 2.10175e-08
33580.5 -3.05442e-08
33582.7 -2.84237e-08
33584.9 2.36284e-08
33587.1 3.35878e-08
33589.3 -1.61405e-08
33591.5 -3.76254e-08
33593.7 7.12184e-09
33595.9 3.89912e-08
33598.1 1.6489e-09
33600.3 -3.88691e-08
33602.5 -1.09178e-08
33604.7 3.60897e-08
33606.9 1.90531e-08
33609.1 -3.18917e-08
33611.4 -2.66602e-08
33613.6 2.55068e-08
33615.8 3.23858e-08
33618 -1.81717e-08
33620.2 -3.67634e-08
33622.4 9.49374e-09
33624.6 3.88259e-08
33626.8 -6.1519e-10
33629 -3.90812e-08
33631.2 -8.54745e-09
33633.4 3.70139e-08
33635.6 1.70598e-08
33637.8 -3.31168e-08
33640 -2.47852e-08
33642.2 2.73396e-08
33644.4 3.11105e-08
33646.6 -2.01288e-08
33648.8 -3.57698e-08
33651.1 1.18592e-08
33653.3 3.85619e-08
33655.5 -2.86425e-09
33657.7 -3.9164e-08
33659.9 -6.13986e-09
33662.1 3.78366e-08
33664.3 1.50219e-08
33666.5 -3.42389e-08
33668.7 -2.28349e-08
33670.9 2.90899e-08
33673.1 2.97407e-08
33675.3 -2.20289e-08
33677.5 -3.46774e-08
33679.7 1.41773e-08
33681.9 3.81716e-08
33684.1 -5.11499e-09
33686.3 -3.91456e-08
33688.6 -3.73636e-09
33690.8 3.85245e-08
33693 1.29214e-08
33695.2 -3.528e-08
33697.4 -2.08473e-08
33699.6 3.072e-08
33701.8 2.82556e-08
33704 -2.38892e-08
33706.2 -3.35182e-08
33708.4 1.64095e-08
33710.6 3.7631e-08
33712.8 -7.38073e-09
33715 -3.90499e-08
33717.2 -1.37326e-09
33719.4 3.90502e-08
33721.6 1.07467e-08
33723.8 -3.6256e-08
33726.1 -1.88534e-08
33728.3 3.22016e-08
33730.5 2.66439e-08
33732.7 -2.57175e-08
33734.9 -3.23148e-08
33737.1 1.85285e-08
33739.3 3.69278e-08
33741.5 -9.66332e-09
33743.7 -3.88894e-08
33745.9 9.26467e-10
33748.1 3.94013e-08
33750.3 8.50017e-09
33752.5 -3.71688e-08
33754.7 -1.68687e-08
33756.9 3.35226e-08
33759.1 2.49101e-08
33761.3 -2.75068e-08
33763.6 -3.10734e-08
33765.8 2.05248e-08
33768 3.60678e-08
33770.2 -1.19483e-08
33772.4 -3.86603e-08
33774.6 3.15798e-09
33776.8 3.95838e-08
33779 6.20119e-09
33781.2 -3.80049e-08
33783.4 -1.48918e-08
33785.6 3.46896e-08
33787.8 2.30764e-08
33790 -2.92347e-08
33792.2 -2.97849e-08
33794.4 2.24064e-08
33796.6 3.50735e-08
33798.8 -1.42068e-08
33801.1 -3.83451e-08
33803.3 5.33174e-09
33805.5 3.96194e-08
33807.7 3.88277e-09
33809.9 -3.87387e-08
33812.1 -1.29084e-08
33814.3 3.57232e-08
33816.5 2.11769e-08
33818.7 -3.08688e-08
33820.9 -2.84302e-08
33823.1 2.41923e-08
33825.3 3.39782e-08
33827.5 -1.64017e-08
33829.7 -3.79194e-08
33831.9 7.46609e-09
33834.1 3.95386e-08
33836.3 1.5841e-09
33838.5 -3.93406e-08
33840.8 -1.08999e-08
33843 3.66494e-08
33845.2 1.92504e-08
33847.4 -3.23755e-08
33849.6 -2.69895e-08
33851.8 2.5904e-08
33854 3.28171e-08
33856.2 -1.84968e-08
33858.4 -3.73614e-08
33860.6 9.57787e-09
33862.8 3.93705e-08
33865 -6.58807e-10
33867.2 -3.97867e-08
33869.4 -8.85321e-09
33871.6 3.74894e-08
33873.8 1.73295e-08
33876 -3.37293e-08
33878.3 -2.5452e-08
33880.5 2.75542e-08
33882.7 3.16164e-08
33884.9 -2.04667e-08
33887.1 -3.66613e-08
33889.3 1.16718e-08
33891.5 3.91325e-08
33893.7 -2.82262e-09
33895.9 -4.00671e-08
33898.1 -6.76971e-09
33900.3 3.82507e-08
33902.5 1.54328e-08
33904.7 -3.49197e-08
33906.9 -2.38228e-08
33909.1 2.91404e-08
33911.3 3.03877e-08
33913.5 -2.2301e-08
33915.8 -3.58251e-08
33918 1.37374e-08
33920.2 3.88273e-08
33922.4 -4.89866e-09
33924.6 -4.01866e-08
33926.8 -4.66521e-09
33929 3.89265e-08
33931.2 1.35652e-08
33933.4 -3.59497e-08
33935.6 -2.21195e-08
33937.8 3.06476e-08
33940 2.91298e-08
33942.2 -2.40012e-08
33944.4 -3.48693e-08
33946.6 1.57537e-08
33948.8 3.84466e-08
33951 -6.88863e-09
33953.3 -4.01588e-08
33955.5 -2.56346e-09
33957.7 3.95016e-08
33959.9 1.17227e-08
33962.1 -3.68294e-08
33964.3 -2.03658e-08
33966.5 3.20543e-08
33968.7 2.78345e-08
33970.9 -2.55754e-08
33973.1 -3.38153e-08
33975.3 1.7695e-08
33977.5 3.79762e-08
33979.7 -8.8005e-09
33981.9 -4.00017e-08
33984.1 -4.91667e-10
33986.3 3.99556e-08
33988.5 9.89497e-09
33990.7 -3.7574e-08
33993 -1.8588e-08
33995.2 3.33355e-08
33997.4 2.64874e-08
33999.6 -2.70368e-08
34001.8 -3.26868e-08
34004 1.95339e-08
34006.2 3.73977e-08
34008.4 -1.06472e-08
34010.6 -3.97359e-08
34012.8 1.52243e-09
34015 4.02662e-08
34017.2 8.06797e-09
34019.4 -3.82008e-08
34021.6 -1.6812e-08
34023.8 3.44668e-08
34026 2.50726e-08
34028.2 -2.84004e-08
34030.5 -3.15065e-08
34032.7 2.12455e-08
34034.9 3.66931e-08
34037.1 -1.24426e-08
34039.3 -3.93801e-08
34041.5 3.4559e-09
34043.7 4.04151e-08
34045.9 6.22892e-09
34048.1 -3.87246e-08
34050.3 -1.50573e-08
34052.5 3.54303e-08
34054.7 2.35783e-08
34056.9 -2.96775e-08
34059.1 -3.02896e-08
34061.3 2.28145e-08
34063.5 3.58521e-08
34065.7 -1.41945e-08
34068 -3.8945e-08
34070.2 5.29667e-09
34072.4 4.03938e-08
34074.6 4.37269e-09
34076.8 -3.91519e-08
34079 -1.3332e-08
34081.2 3.62208e-08
34083.4 2.20024e-08
34085.6 -3.08705e-08
34087.8 -2.90399e-08
34090 2.4239e-08
34092.2 3.48762e-08
34094.4 -1.59014e-08
34096.6 -3.84303e-08
34098.8 7.04661e-09
34101 4.02075e-08
34103.2 2.50495e-09
34105.5 -3.94786e-08
34107.7 -1.16308e-08
34109.9 3.6847e-08
34112.1 2.03548e-08
34114.3 -3.19715e-08
34116.5 -2.77494e-08
34118.7 2.55311e-08
34120.9 3.3779e-08
34123.1 -1.75516e-08
34125.3 -3.78254e-08
34127.5 8.7202e-09
34129.7 3.98738e-08
34131.9 6.4125e-10
34134.1 -3.96915e-08
34136.3 -9.93762e-09
34138.5 3.73294e-08
34140.7 1.86547e-08
34143 -3.2965e-08
34145.2 -2.64009e-08
34147.4 2.67127e-08
34149.6 3.25835e-08
34151.8 -1.91272e-08
34154 -3.71131e-08
34156.2 1.03395e-08
34158.4 3.94175e-08
34160.6 -1.19769e-09
34162.6 -3.87813e-08
34164.6 -1.91429e-08
34166.5 2.85699e-08
34168.5 3.38914e-08
34170.5 -1.09008e-08
34172.5 -3.95905e-08
34174.5 -9.9179e-09
34176.5 3.4165e-08
34178.5 2.75905e-08
34180.4 -1.9789e-08
34182.4 -3.79687e-08
34184.4 -2.32166e-10
34186.4 3.75822e-08
34188.4 1.96996e-08
34190.4 -2.733e-08
34192.3 -3.40536e-08
34194.3 9.31259e-09
34196.3 3.86457e-08
34198.3 1.07273e-08
34200.3 -3.30828e-08
34202.3 -2.81217e-08
34204.3 1.8133e-08
34206.2 3.73271e-08
34208.2 1.24093e-09
34210.2 -3.6723e-08
34212.2 -2.05689e-08
34214.2 2.56993e-08
34216.2 3.37448e-08
34218.1 -8.16992e-09
34220.1 -3.80611e-08
34222.1 -1.18845e-08
34224.1 3.15673e-08
34226.1 2.81549e-08
34228.1 -1.69291e-08
34230.1 -3.70521e-08
34232 -2.61948e-09
34234 3.54043e-08
34236 2.09324e-08
34238 -2.45099e-08
34240 -3.37957e-08
34242 6.64838e-09
34243.9 3.70078e-08
34245.9 1.25471e-08
34247.9 -3.04661e-08
34249.9 -2.85283e-08
34251.9 1.53504e-08
34253.9 3.63161e-08
34255.8 3.53288e-09
34257.8 -3.44583e-08
34259.8 -2.16055e-08
34261.8 2.29621e-08
34263.8 3.34093e-08
34265.8 -5.54622e-09
34267.8 -3.62733e-08
34269.7 -1.34795e-08
34271.7 2.90341e-08
34273.7 2.8503e-08
34275.7 -1.4131e-08
34277.7 -3.5835e-08
34279.7 -4.66867e-09
34281.6 3.32194e-08
34283.6 2.19321e-08
34285.6 -2.17016e-08
34287.6 -3.3207e-08
34289.6 4.27471e-09
34291.6 3.52926e-08
34293.6 1.41287e-08
34295.5 -2.78087e-08
34297.5 -2.85865e-08
34299.5 1.2799e-08
34301.5 3.51617e-08
34303.5 5.59375e-09
34305.5 -3.21005e-08
34307.4 -2.22905e-08
34309.4 2.03872e-08
34311.4 3.28719e-08
34313.4 -3.13475e-09
34315.4 -3.43423e-08
34317.4 -1.47337e-08
34319.4 2.65882e-08
34321.3 2.86006e-08
34323.3 -1.15154e-08
34325.3 -3.44297e-08
34327.3 -6.40226e-09
34329.3 3.10435e-08
34331.3 2.26445e-08
34333.2 -1.90371e-08
34335.2 -3.23926e-08
34337.2 2.17773e-09
34339.2 3.35078e-08
34341.2 1.53994e-08
34343.2 -2.52497e-08
34345.1 -2.83916e-08
34347.1 1.04731e-08
34349.1 3.38624e-08
34351.1 7.33421e-09
34353.1 -2.9791e-08
34355.1 -2.2706e-08
34357.1 1.79767e-08
34359 3.21206e-08
34361 -1.03904e-09
34363 -3.24079e-08
34365 -1.57147e-08
34367 2.42379e-08
34369 2.8425e-08
34370.9 -9.19733e-09
34372.9 -3.29701e-08
34374.9 -7.87169e-09
34376.9 2.88899e-08
34378.9 2.30364e-08
34380.9 -1.66392e-08
34382.9 -3.14764e-08
34384.8 3.23597e-10
34386.8 3.1671e-08
34388.8 1.63162e-08
34390.8 -2.29154e-08
34392.8 -2.80531e-08
34394.8 8.35738e-09
34396.7 3.24392e-08
34398.7 8.70283e-09
34400.7 -2.76556e-08
34402.7 -2.29439e-08
34404.7 1.57337e-08
34406.7 3.11792e-08
34408.6 6.82919e-10
34410.6 -3.05907e-08
34412.6 -1.64934e-08
34414.6 2.20049e-08
34416.6 2.80017e-08
34418.6 -7.23897e-09
34420.6 -3.15674e-08
34422.5 -9.12425e-09
34424.5 2.67985e-08
34426.5 2.31345e-08
34428.5 -1.45719e-08
34430.5 -3.02151e-08
34432.6 1.57653e-09
34434.7 3.08792e-08
34436.7 1.18183e-08
34438.8 -2.56212e-08
34440.8 -2.27707e-08
34442.9 1.57793e-08
34444.9 2.95568e-08
34447 -2.94119e-09
34449 -3.06972e-08
34451.1 -1.02709e-08
34453.1 2.62045e-08
34455.2 2.1561e-08
34457.2 -1.68145e-08
34459.3 -2.87367e-08
34461.4 4.38007e-09
34463.4 3.05396e-08
34465.5 8.79168e-09
34467.5 -2.66736e-08
34469.6 -2.02835e-08
34471.6 1.78289e-08
34473.7 2.7881e-08
34475.7 -5.79512e-09
34477.8 -3.03406e-08
34479.8 -7.34531e-09
34481.9 2.70378e-08
34483.9 1.89217e-08
34486 -1.8869e-08
34488.1 -2.70683e-08
34490.1 7.07938e-09
34492.2 2.99688e-08
34494.2 5.77446e-09
34496.3 -2.74842e-08
34498.3 -1.76926e-08
34500.4 1.96922e-08
34502.4 2.60335e-08
34504.5 -8.52308e-09
34506.5 -2.97425e-08
34508.6 -4.4239e-09
34510.6 2.76468e-08
34512.7 1.62102e-08
34514.8 -2.07084e-08
34516.8 -2.52115e-08
34518.9 9.67014e-09
34520.9 2.91891e-08
34523 2.80335e-09
34525 -2.8037e-08
34527.1 -1.50061e-08
34529.1 2.13707e-08
34531.2 2.40433e-08
34533.2 -1.10941e-08
34535.3 -2.8899e-08
34537.3 -1.51772e-09
34539.4 2.80406e-08
34541.5 1.34585e-08
34543.5 -2.23118e-08
34545.6 -2.31735e-08
34547.6 1.21426e-08
34549.7 2.82171e-08
34551.7 -9.19268e-11
34553.8 -2.83235e-08
34555.8 -1.22391e-08
34557.9 2.28592e-08
34559.9 2.19322e-08
34562 -1.34855e-08
34564.1 -2.78151e-08
34566.1 1.35443e-09
34568.2 2.82206e-08
34570.2 1.06897e-08
34572.3 -2.36675e-08
34574.3 -2.09706e-08
34576.4 1.44787e-08
34578.4 2.70607e-08
34580.5 -2.89142e-09
34582.5 -2.83458e-08
34584.6 -9.41601e-09
34586.6 2.41442e-08
34588.7 1.97126e-08
34590.8 -1.56849e-08
34592.9 -2.59613e-08
34595 7.01172e-09
34597.1 2.81765e-08
34599.3 2.23981e-09
34601.4 -2.74667e-08
34603.5 -1.13701e-08
34605.7 2.36276e-08
34607.8 1.91182e-08
34609.9 -1.73271e-08
34612.1 -2.48602e-08
34614.2 9.06321e-09
34616.3 2.78034e-08
34618.5 1.11916e-10
34620.6 -2.77547e-08
34622.7 -9.29349e-09
34624.8 2.46518e-08
34627 1.74304e-08
34629.1 -1.88642e-08
34631.2 -2.36377e-08
34633.4 1.10516e-08
34635.5 2.72889e-08
34637.6 -1.9991e-09
34639.8 -2.78956e-08
34641.9 -7.18547e-09
34644 2.55378e-08
34646.2 1.56633e-08
34648.3 -2.02918e-08
34650.4 -2.23025e-08
34652.5 1.2964e-08
34654.7 2.6632e-08
34656.8 -4.08633e-09
34658.9 -2.78915e-08
34661.1 -5.05914e-09
34663.2 2.6278e-08
34665.3 1.38223e-08
34667.5 -2.16055e-08
34669.6 -2.08636e-08
34671.7 1.47883e-08
34673.9 2.58327e-08
34676 -6.14224e-09
34678.1 -2.77445e-08
34680.3 -2.92743e-09
34682.4 2.68659e-08
34684.5 1.19137e-08
34686.6 -2.28013e-08
34688.8 -1.93303e-08
34690.9 1.65128e-08
34693 2.48926e-08
34695.2 -8.15873e-09
34697.3 -2.74575e-08
34699.4 -8.02817e-10
34701.6 2.72966e-08
34703.7 9.94522e-09
34705.8 -2.38745e-08
34708 -1.77116e-08
34710.1 1.81277e-08
34712.3 2.3106e-08
34714.5 -1.25851e-08
34716.7 -2.59495e-08
34718.9 6.62227e-09
34721.1 2.76434e-08
34723.3 -1.1772e-11
34725.5 -2.75427e-08
34727.7 -6.33929e-09
34729.9 2.61868e-08
34732.1 1.26082e-08
34734.3 -2.31302e-08
34736.5 -1.79409e-08
34738.7 1.90365e-08
34740.9 2.25273e-08
34743.1 -1.36572e-08
34745.3 -2.56543e-08
34747.5 7.73203e-09
34749.7 2.75769e-08
34752 -1.17318e-09
34754.2 -2.77902e-08
34756.4 -5.27842e-09
34758.6 2.66417e-08
34760.8 1.16101e-08
34763 -2.38685e-08
34765.2 -1.71676e-08
34767.4 1.99056e-08
34769.6 2.19068e-08
34771.8 -1.47272e-08
34774 -2.53435e-08
34776.2 8.81661e-09
34778.4 2.74632e-08
34780.6 -2.34421e-09
34782.8 -2.80146e-08
34785 -4.22392e-09
34787.2 2.70512e-08
34789.4 1.05889e-08
34791.6 -2.45834e-08
34793.8 -1.63813e-08
34796 2.07393e-08
34798.2 2.12516e-08
34800.4 -1.57807e-08
34802.6 -2.50034e-08
34804.8 9.88306e-09
34807 2.73085e-08
34809.2 -3.51172e-09
34811.5 -2.82001e-08
34813.7 -3.16596e-09
34815.9 2.74214e-08
34818.1 9.55592e-09
34820.3 -2.52583e-08
34822.5 -1.55693e-08
34824.7 2.15443e-08
34826.9 2.05709e-08
34829.1 -1.68021e-08
34831.3 -2.46192e-08
34833.5 1.09392e-08
34835.7 2.71202e-08
34837.9 -4.66163e-09
34840.1 -2.83307e-08
34842.3 -2.09502e-09
34844.5 2.77582e-08
34846.7 8.52241e-09
34848.9 -2.58776e-08
34851.1 -1.47205e-08
34853.3 2.23257e-08
34855.5 1.98726e-08
34857.7 -1.77773e-08
34859.9 -2.41789e-08
34862.1 1.19901e-08
34864.3 2.69029e-08
34866.5 -5.78301e-09
34868.7 -2.83944e-08
34871 -1.00559e-09
34873.2 2.80637e-08
34875.4 7.49574e-09
34877.6 -2.64302e-08
34879.8 -1.3829e-08
34882 2.30841e-08
34884.2 1.91603e-08
34886.4 -1.86975e-08
34888.6 -2.36762e-08
34890.8 1.30354e-08
34893 2.66565e-08
34895.2 -6.87018e-09
34897.4 -2.83852e-08
34899.6 1.01547e-10
34901.8 2.83346e-08
34904 6.47741e-09
34906.2 -2.69116e-08
34908.4 -1.28956e-08
34910.6 2.38133e-08
34912.8 1.84311e-08
34915 -1.95606e-08
34917.2 -2.31121e-08
34919.4 1.40675e-08
34921.6 2.6374e-08
34923.8 -7.92445e-09
34926 -2.83048e-08
34928.2 1.2183e-09
34930.5 2.85606e-08
34932.7 5.46261e-09
34934.9 -2.73244e-08
34937.1 -1.1928e-08
34939.3 2.45016e-08
34941.5 1.76768e-08
34943.7 -2.03704e-08
34945.9 -2.24935e-08
34948.1 1.5074e-08
34950.3 2.60445e-08
34952.5 -8.95118e-09
34954.7 -2.81589e-08
34956.9 2.333e-09
34959.1 2.87292e-08
34961.3 4.44403e-09
34963.5 -2.76735e-08
34965.7 -1.09365e-08
34967.9 2.51353e-08
34970.1 1.68881e-08
34972.3 -2.1132e-08
34974.5 -2.18287e-08
34976.7 1.60418e-08
34978.9 2.56573e-08
34981.1 -9.95585e-09
34983.3 -2.7954e-08
34985.5 3.43386e-09
34987.7 2.88285e-08
34990 3.41536e-09
34992.2 -2.79641e-08
34994.4 -9.93069e-09
34996.6 2.57026e-08
34998.8 1.60578e-08
35001 -2.18492e-08
35003.2 -2.1125e-08
35005.4 1.69597e-08
35007.6 2.52038e-08
35009.8 -1.09422e-08
35012 -2.76953e-08
35014.2 4.51097e-09
35016.4 2.88492e-08
35018.6 2.37256e-09
35020.8 -2.81993e-08
35023 -8.91866e-09
35025.2 2.61941e-08
35027.4 1.51809e-08
35029.6 -2.25242e-08
35031.8 -2.03883e-08
35034 1.78187e-08
35036.2 2.46785e-08
35038.4 -1.19113e-08
35040.6 -2.7386e-08
35042.8 5.55683e-09
35045 2.87857e-08
35047.2 1.31474e-09
35049.5 -2.83802e-08
35051.7 -7.90578e-09
35053.9 2.66041e-08
35056.1 1.42568e-08
35058.3 -2.31557e-08
35060.5 -1.96212e-08
35062.7 1.86139e-08
35064.9 2.40806e-08
35067.1 -1.28607e-08
35069.3 -2.70261e-08
35071.5 6.56795e-09
35073.7 2.86365e-08
35075.9 2.45423e-10
35078.1 -2.85038e-08
35080.3 -6.89352e-09
35082.5 2.69313e-08
35084.7 1.32892e-08
35086.9 -2.37386e-08
35089.1 -1.88227e-08
35091.3 1.93447e-08
35093.5 2.34136e-08
35095.7 -1.37835e-08
35097.9 -2.66118e-08
35100.1 7.54487e-09
35102.3 2.84053e-08
35104.5 -8.2761e-10
35106.7 -2.85639e-08
35109 -5.87953e-09
35111.2 2.71791e-08
35113.4 1.2286e-08
35115.6 -2.42645e-08
35117.8 -1.79885e-08
35120 2.00145e-08
35122.2 2.26852e-08
35124.4 -1.46697e-08
35126.6 -2.61363e-08
35128.8 8.49148e-09
35131 2.80987e-08
35133.2 -1.89382e-09
35135.4 -2.85516e-08
35137.6 -4.85896e-09
35139.8 2.73536e-08
35142 1.12577e-08
35144.2 -2.4723e-08
35146.4 -1.71122e-08
35148.6 2.06289e-08
35150.8 2.19049e-08
35153 -1.55082e-08
35155.2 -2.55922e-08
35157.4 9.41318e-09
35159.6 2.77253e-08
35161.8 -2.94193e-09
35164 -2.84581e-08
35166.2 -3.82636e-09
35168.4 2.74616e-08
35170.7 1.02147e-08
35172.9 -2.51044e-08
35175.1 -1.6188e-08
35177.3 2.11934e-08
35179.5 2.10817e-08
35181.7 -1.62893e-08
35183.9 -2.49732e-08
35186.1 1.03144e-08
35188.3 2.72921e-08
35190.5 -3.96304e-09
35192.7 -2.82772e-08
35194.9 -2.77812e-09
35197.1 2.75085e-08
35199.3 9.1646e-09
35201.5 -2.54028e-08
35203.7 -1.52131e-08
35205.9 2.17113e-08
35208.1 2.02215e-08
35210.3 -1.70076e-08
35212.5 -2.4277e-08
35214.7 1.11966e-08
35216.9 2.6803e-08
35219.1 -4.95264e-09
35221.3 -2.80071e-08
35223.5 -1.71417e-09
35225.7 2.74959e-08
35227.9 8.11066e-09
35230.2 -2.56172e-08
35232.4 -1.41888e-08
35234.6 2.21823e-08
35236.8 1.93259e-08
35239 -1.7663e-08
35241.2 -2.35064e-08
35243.4 1.20577e-08
35245.6 2.62578e-08
35247.8 -5.91193e-09
35250 -2.7652e-08
35252.2 -6.39037e-10
35254.4 2.74219e-08
35256.6 7.05051e-09
35258.8 -2.5753e-08
35261 -1.31216e-08
35263.2 2.26026e-08
35265.4 1.83919e-08
35267.6 -1.82616e-08
35269.8 -2.26694e-08
35272 1.28916e-08
35274.2 2.56529e-08
35276.4 -6.84698e-09
35278.6 -2.72211e-08
35280.8 4.39703e-10
35283 2.72821e-08
35285.2 5.97873e-09
35287.4 -2.58196e-08
35289.7 -1.20208e-08
35291.9 2.29669e-08
35294.1 1.74146e-08
35296.3 -1.88126e-08
35298.5 -2.17768e-08
35300.7 1.36921e-08
35302.9 2.49844e-08
35305.1 -7.76538e-09
35307.3 -2.67256e-08
35309.5 1.5143e-09
35311.7 2.70733e-08
35313.9 4.88975e-09
35316.1 -2.58279e-08
35318.3 -1.08956e-08
35320.5 2.3272e-08
35322.7 1.63912e-08
35324.9 -1.93248e-08
35327.1 -2.08388e-08
35329.3 1.4455e-08
35331.5 2.42514e-08
35333.7 -8.67353e-09
35335.9 -2.61761e-08
35338.1 2.57869e-09
35340.3 2.67955e-08
35342.5 3.78041e-09
35344.7 -2.57876e-08
35346.9 -9.75401e-09
35349.2 2.35175e-08
35351.4 1.53213e-08
35353.6 -1.9806e-08
35355.8 -1.98649e-08
35358 1.51783e-08
35360.2 2.34558e-08
35362.4 -9.57574e-09
35364.6 -2.55824e-08
35366.8 3.62879e-09
35369 2.64518e-08
35371.2 2.65031e-09
35373.4 -2.5707e-08
35375.6 -8.6023e-09
35377.8 2.3706e-08
35380 1.42083e-08
35382.2 -2.02613e-08
35384.4 -1.88627e-08
35386.6 1.5863e-08
35388.8 2.26036e-08
35391 -1.04731e-08
35393.2 -2.49519e-08
35395.4 4.66316e-09
35397.6 2.6049e-08
35399.8 1.50276e-09
35402 -2.55916e-08
35404.2 -7.44417e-09
35406.4 2.38436e-08
35408.7 1.30591e-08
35410.9 -2.06931e-08
35413.1 -1.78374e-08
35415.3 1.65128e-08
35417.5 2.17041e-08
35419.7 -1.13636e-08
35421.9 -2.42895e-08
35424.1 5.68278e-09
35426.3 2.5597e-08
35428.5 3.44056e-10
35430.7 -2.54445e-08
35432.9 -6.2812e-09
35435.1 2.39389e-08
35437.3 1.18839e-08
35439.5 -2.11008e-08
35441.7 -1.67916e-08
35443.9 1.7134e-08
35446.1 2.07692e-08
35448.3 -1.22425e-08
35450.5 -2.35978e-08
35452.7 6.69072e-09
35454.9 2.51078e-08
35457.1 -8.16875e-10
35459.3 -2.52664e-08
35461.5 -5.11301e-09
35463.7 2.40022e-08
35465.9 1.06943e-08
35468.2 -2.1482e-08
35470.4 -1.57269e-08
35472.6 1.77338e-08
35474.8 1.98123e-08
35477 -1.31037e-08
35479.2 -2.28783e-08
35481.4 7.69092e-09
35483.6 2.45942e-08
35485.8 -1.9705e-09
35488 -2.50573e-08
35490.2 -3.9387e-09
35492.4 2.40441e-08
35494.6 9.50239e-09
35496.8 -2.18341e-08
35499 -1.46442e-08
35501.2 1.83194e-08
35503.4 1.88461e-08
35505.6 -1.39414e-08
35507.8 -2.21326e-08
35510 8.68659e-09
35512.2 2.40678e-08
35514.4 -3.10819e-09
35516.6 -2.48179e-08
35518.8 -2.75854e-09
35521 2.40736e-08
35523.2 8.31857e-09
35525.4 -2.21558e-08
35527.7 -1.35463e-08
35529.9 1.88959e-08
35532.1 1.78811e-08
35534.3 -1.47518e-08
35536.5 -2.13644e-08
35538.7 9.67865e-09
35540.9 2.35376e-08
35543.1 -4.22397e-09
35545.3 -2.45514e-08
35547.5 -1.5755e-09
35549.7 2.40963e-08
35551.9 7.15004e-09
35554.1 -2.24486e-08
35556.3 -1.24387e-08
35558.5 1.94649e-08
35560.7 1.69244e-08
35562.9 -1.55341e-08
35565.1 -2.05802e-08
35567.3 1.06644e-08
35569.5 2.30088e-08
35571.7 -5.31509e-09
35573.9 -2.42638e-08
35576.1 -3.95701e-10
35578.3 2.41141e-08
35580.5 6.00047e-09
35582.7 -2.27167e-08
35584.9 -1.133e-08
35587.1 2.00243e-08
35589.4 1.59788e-08
35591.6 -1.62908e-08
35593.8 -1.97893e-08
35596 1.16377e-08
35598.2 2.24822e-08
35600.4 -6.38219e-09
35602.6 -2.39635e-08
35604.8 7.71466e-10
35607 2.4125e-08
35609.2 4.87004e-09
35611.4 -2.29669e-08
35613.6 -1.02309e-08
35615.8 2.05684e-08
35618 1.50445e-08
35620.2 -1.70258e-08
35622.4 -1.90023e-08
35624.6 1.25901e-08
35626.8 2.19563e-08
35629 -7.42734e-09
35631.2 -2.36593e-08
35633.4 1.91587e-09
35635.6 2.4125e-08
35637.8 3.75777e-09
35640 -2.32051e-08
35642.2 -9.1518e-09
35644.4 2.1091e-08
35646.6 1.41201e-08
35648.9 -1.77426e-08
35651.1 -1.8228e-08
35653.3 1.35137e-08
35655.5 2.14287e-08
35657.7 -8.4518e-09
35659.9 -2.33576e-08
35662.1 3.02927e-09
35664.3 2.41102e-08
35666.5 2.66328e-09
35668.7 -2.34349e-08
35670.9 -8.09994e-09
35673.1 2.15869e-08
35675.3 1.32051e-08
35677.5 -1.84424e-08
35679.7 -1.74719e-08
35681.9 1.44025e-08
35684.1 2.08979e-08
35686.3 -9.4555e-09
35688.5 -2.30613e-08
35690.7 4.10619e-09
35692.9 2.40778e-08
35695.1 1.58698e-09
35697.3 -2.3657e-08
35699.5 -7.07933e-09
35701.7 2.20526e-08
35703.9 1.22994e-08
35706.1 -1.91242e-08
35708.4 -1.67356e-08
35710.6 1.52535e-08
35712.8 2.03628e-08
35715 -1.04369e-08
35717.2 -2.27702e-08
35719.4 5.14457e-09
35721.6 2.40262e-08
35723.8 5.3016e-10
35726 -2.38694e-08
35728.2 -6.09026e-09
35730.4 2.24866e-08
35732.6 1.14036e-08
35734.8 -1.97855e-08
35737 -1.60177e-08
35739.2 1.60659e-08
35741.4 1.98236e-08
35743.6 -1.13932e-08
35745.8 -2.24808e-08
35748 6.14549e-09
35750.2 2.39556e-08
35752.4 -5.05007e-10
35754.6 -2.4068e-08
35756.8 -5.12965e-09
35759 2.28897e-08
35761.2 1.05191e-08
35763.4 -2.04217e-08
35765.6 -1.53131e-08
35767.9 1.68421e-08
35770.1 1.92813e-08
35772.3 -1.23208e-08
35774.5 -2.21873e-08
35776.7 7.113e-09
35778.9 2.38672e-08
35781.1 -1.51581e-09
35783.3 -2.42466e-08
35785.5 -4.19174e-09
35787.7 2.32642e-08
35789.9 9.64781e-09
35792.1 -2.10278e-08
35794.3 -1.46151e-08
35796.5 1.75859e-08
35798.7 1.87373e-08
35800.9 -1.32159e-08
35803.1 -2.18827e-08
35805.3 8.05257e-09
35807.5 2.37628e-08
35809.7 -2.50001e-09
35811.9 -2.4399e-08
35814.1 -3.26982e-09
35816.3 2.36129e-08
35818.5 8.79079e-09
35820.7 -2.15989e-08
35822.9 -1.39165e-08
35825.1 1.83014e-08
35827.4 1.81924e-08
35829.6 -1.40757e-08
35831.8 -2.15602e-08
35834 8.96979e-09
35836.2 2.36436e-08
35838.4 -3.45647e-09
35840.6 -2.45199e-08
35842.8 -2.35736e-09
35845 2.39381e-08
35847.2 7.94804e-09
35849.4 -2.21317e-08
35851.6 -1.32107e-08
35853.8 1.89924e-08
35856 1.76461e-08
35858.2 -1.48987e-08
35860.4 -2.1214e-08
35862.6 9.86936e-09
35864.8 2.35094e-08
35867 -4.3858e-09
35869.2 -2.46052e-08
35871.4 -1.4493e-09
35873.6 2.42402e-08
35875.8 7.11745e-09
35878 -2.26245e-08
35880.2 -1.24928e-08
35882.4 1.96601e-08
35884.6 1.70955e-08
35886.9 -1.56859e-08
35889.1 -2.08407e-08
35891.3 1.07535e-08
35893.5 2.33572e-08
35895.7 -5.29115e-09
35897.9 -2.46533e-08
35900.1 -5.42932e-10
35902.3 2.45171e-08
35904.5 6.29433e-09
35906.7 -2.3078e-08
35908.9 -1.17607e-08
35911.1 2.03035e-08
35913.3 1.65353e-08
35915.5 -1.64404e-08
35917.7 -2.0439e-08
35919.9 1.1622e-08
35922.1 2.31818e-08
35924.3 -6.17777e-09
35926.5 -2.46647e-08
35928.7 3.62068e-10
35930.9 2.47642e-08
35933.1 5.47175e-09
35935.3 -2.34949e-08
35937.5 -1.10138e-08
35939.7 2.09189e-08
35941.9 1.59576e-08
35944.1 -1.71671e-08
35946.3 -2.0009e-08
35948.6 1.24725e-08
35950.8 2.29755e-08
35953 -7.05262e-09
35955.2 -2.46409e-08
35957.4 1.26467e-09
35959.6 2.49748e-08
35961.8 4.64156e-09
35964 -2.38782e-08
35966.2 -1.02525e-08
35968.4 2.15018e-08
35970.6 1.53539e-08
35972.8 -1.78712e-08
35975 -1.95511e-08
35977.2 1.33027e-08
35979.4 2.27306e-08
35981.6 -7.92234e-09
35983.8 -2.45827e-08
35986 2.16439e-09
35988.2 2.51431e-08
35990.4 3.79612e-09
35992.6 -2.42302e-08
35994.8 -9.47576e-09
35997 2.20485e-08
35999.2 1.47168e-08
36001.4 -1.85561e-08
36003.6 -1.90636e-08
36005.8 1.41116e-08
36008.1 2.24408e-08
36010.3 -8.79181e-09
36012.5 -2.4489e-08
36014.7 3.06272e-09
36016.9 2.52647e-08
36019.1 2.92973e-09
36021.3 -2.4551e-08
36023.5 -8.6807e-09
36025.7 2.25573e-08
36027.9 1.40406e-08
36030.1 -1.92237e-08
36032.3 -1.85432e-08
36034.5 1.49002e-08
36036.7 2.21014e-08
36038.9 -9.66432e-09
36041.1 -2.43571e-08
36043.3 3.96267e-09
36045.5 2.53371e-08
36047.7 2.03834e-09
36049.9 -2.48392e-08
36052.1 -7.8629e-09
36054.3 2.30282e-08
36056.5 1.33214e-08
36058.7 -1.98741e-08
36060.9 -1.79853e-08
36063.1 1.56708e-08
36065.3 2.17098e-08
36067.6 -1.05414e-08
36069.8 -2.4183e-08
36072 4.86857e-09
36074.2 2.53594e-08
36076.4 1.11991e-09
36078.6 -2.50919e-08
36080.8 -7.01699e-09
36083 2.34628e-08
36085.2 1.25576e-08
36087.4 -2.05058e-08
36089.6 -1.73844e-08
36091.8 1.64271e-08
36094 2.12654e-08
36096.2 -1.14225e-08
36098.4 -2.39618e-08
36100.6 5.78553e-09
36102.8 2.53329e-08
36105 1.74493e-10
36107.2 -2.53055e-08
36109.4 -6.13736e-09
36111.6 2.38637e-08
36113.8 1.17492e-08
36116 -2.11164e-08
36118.2 -1.67349e-08
36120.4 1.71729e-08
36122.6 2.07691e-08
36124.8 -1.23058e-08
36127.1 -2.36887e-08
36129.3 6.71805e-09
36131.5 2.5259e-08
36133.7 -7.96616e-10
36135.9 -2.54758e-08
36138.1 -5.21921e-09
36140.3 2.42331e-08
36142.5 1.08977e-08
36144.7 -2.17023e-08
36146.9 -1.60323e-08
36149.1 1.79109e-08
36151.3 2.02222e-08
36153.5 -1.31887e-08
36155.7 -2.33593e-08
36157.9 7.66908e-09
36160.1 2.5139e-08
36162.3 -1.79102e-09
36164.5 -2.55989e-08
36166.7 -4.25948e-09
36168.9 2.45721e-08
36171.1 1.00047e-08
36173.3 -2.22598e-08
36175.5 -1.52733e-08
36177.7 1.86421e-08
36179.9 1.96256e-08
36182.1 -1.40676e-08
36184.3 -2.29703e-08
36186.6 8.63951e-09
36188.8 2.4973e-08
36191 -2.80627e-09
36193.2 -2.56711e-08
36195.4 -3.25709e-09
36197.6 2.48799e-08
36199.8 9.07151e-09
36202 -2.27854e-08
36204.2 -1.44564e-08
36206.4 1.93648e-08
36208.6 1.89789e-08
36210.8 -1.49398e-08
36213 -2.25192e-08
36215.2 9.62758e-09
36217.4 2.47588e-08
36219.6 -3.84065e-09
36221.8 -2.56895e-08
36224 -2.21328e-09
36226.2 2.51528e-08
36228.4 8.09785e-09
36230.6 -2.32762e-08
36232.8 -1.35817e-08
36235 2.00749e-08
36237.2 1.82797e-08
36239.4 -1.5803e-08
36241.6 -2.20052e-08
36243.8 1.06291e-08
36246.1 2.44918e-08
36248.3 -4.89385e-09
36250.5 -2.56524e-08
36252.7 -1.13115e-09
36254.9 2.53849e-08
36257.1 7.08182e-09
36259.3 -2.37303e-08
36261.5 -1.26508e-08
36263.7 2.07659e-08
36265.9 1.75237e-08
36268.1 -1.66565e-08
36270.3 -2.14282e-08
36272.5 1.16388e-08
36274.7 2.4166e-08
36276.9 -5.96656e-09
36279.1 -2.55586e-08
36281.3 -1.44917e-11
36283.5 2.55691e-08
36285.7 6.0204e-09
36287.9 -2.41469e-08
36290.1 -1.16656e-08
36292.3 2.1431e-08
36294.5 1.67057e-08
36296.7 -1.75002e-08
36298.9 -2.07886e-08
36301.1 1.26508e-08
36303.3 2.37748e-08
36305.6 -7.06044e-09
36307.8 -2.54079e-08
36310 1.13277e-09
36312.2 2.56989e-08
36314.4 4.91058e-09
36316.6 -2.45251e-08
36318.8 -1.0628e-08
36321 2.20643e-08
36323.2 1.58216e-08
36325.4 -1.83339e-08
36327.6 -2.00868e-08
36329.8 1.36607e-08
36332 2.33137e-08
36334.2 -8.17599e-09
36336.4 -2.51995e-08
36338.6 2.30799e-09
36340.8 2.57697e-08
36343 3.75091e-09
36345.2 -2.48641e-08
36347.4 -9.53922e-09
36349.6 2.26623e-08
36351.8 1.48697e-08
36354 -1.91565e-08
36356.2 -1.93226e-08
36358.4 1.46662e-08
36360.6 2.27808e-08
36362.8 -9.31235e-09
36365 -2.49325e-08
36367.3 3.50952e-09
36369.5 2.57798e-08
36371.7 2.54227e-09
36373.9 -2.51622e-08
36376.1 -8.40007e-09
36378.3 2.32234e-08
36380.5 1.38506e-08
36382.7 -1.9966e-08
36384.9 -1.84962e-08
36387.1 1.56654e-08
36389.3 2.21769e-08
36391.5 -1.04668e-08
36393.7 -2.46061e-08
36395.9 4.73605e-09
36398.1 2.573e-08
36400.3 1.28808e-09
36402.5 -2.54176e-08
36404.7 -7.2116e-09
36406.9 2.37475e-08
36409.1 1.27683e-08
36411.3 -2.07591e-08
36413.5 -1.76081e-08
36415.7 1.66579e-08
36417.9 2.15055e-08
36420.1 -1.16344e-08
36422.3 -2.42198e-08
36424.5 5.9859e-09
36426.8 2.56225e-08
36429 -5.82416e-12
36431.2 -2.56279e-08
36433.4 -5.9759e-09
36435.6 2.42356e-08
36437.8 1.16287e-08
36440 -2.15312e-08
36442.2 -1.66598e-08
36444.4 1.76423e-08
36446.6 2.07716e-08
36448.8 -1.28089e-08
36451 -2.37735e-08
36453.2 7.25629e-09
36455.4 2.54605e-08
36457.6 -1.33193e-09
36459.8 -2.57907e-08
36462 -4.69629e-09
36464.2 2.46879e-08
36466.4 1.04394e-08
36468.6 -2.2277e-08
36470.8 -1.56538e-08
36473 1.86165e-08
36475.2 1.99813e-08
36477.4 -1.39827e-08
36479.6 -2.32675e-08
36481.8 8.54321e-09
36484 2.52471e-08
36486.3 -2.6816e-09
36488.2 -2.55368e-08
36490.2 -1.0701e-08
36492.2 1.98683e-08
36494.2 2.10541e-08
36496.2 -8.83301e-09
36498.1 -2.56511e-08
36500.1 -4.62227e-09
36502.1 2.31625e-08
36504.1 1.67101e-08
36506.1 -1.43947e-08
36508 -2.42263e-08
36510 1.67425e-09
36512 2.50351e-08
36514 1.14054e-08
36516 -1.90395e-08
36517.9 -2.13618e-08
36519.9 7.8097e-09
36521.9 2.53871e-08
36523.9 5.46636e-09
36525.9 -2.24978e-08
36527.9 -1.72424e-08
36529.8 1.34183e-08
36531.8 2.42114e-08
36533.8 -7.4575e-10
36535.8 -2.45732e-08
36537.8 -1.21259e-08
36539.7 1.8169e-08
36541.7 2.15921e-08
36543.7 -6.85634e-09
36545.7 -2.5154e-08
36547.7 -6.32796e-09
36549.6 2.1785e-08
36551.6 1.76992e-08
36553.6 -1.25003e-08
36555.6 -2.42185e-08
36557.6 -2.01801e-10
36559.5 2.40597e-08
36561.5 1.27771e-08
36563.5 -1.73435e-08
36565.5 -2.18363e-08
36567.5 5.88266e-09
36569.5 2.48688e-08
36571.4 7.12997e-09
36573.4 -2.11028e-08
36575.4 -1.81626e-08
36577.4 1.15613e-08
36579.4 2.41765e-08
36581.3 1.10246e-09
36583.3 -2.35621e-08
36585.3 -1.34287e-08
36587.3 1.64975e-08
36589.3 2.20375e-08
36591.2 -4.94089e-09
36593.2 -2.45854e-08
36595.2 -7.92719e-09
36597.2 2.04017e-08
36599.2 1.8592e-08
36601.1 -1.06379e-08
36603.1 -2.41234e-08
36605.1 -1.99422e-09
36607.1 2.3049e-08
36609.1 1.40578e-08
36611.1 -1.56503e-08
36613 -2.22164e-08
36615 4.01129e-09
36617 2.42913e-08
36619 8.71546e-09
36621 -1.96834e-08
36622.9 -1.89904e-08
36624.9 9.72927e-09
36626.9 2.40661e-08
36628.9 2.89163e-09
36630.9 -2.2504e-08
36632.8 -1.46495e-08
36634.8 1.48198e-08
36636.8 2.23989e-08
36638.8 -3.0612e-09
36640.8 -2.39531e-08
36642.7 -9.46255e-09
36644.7 1.89835e-08
36646.7 1.94013e-08
36648.7 -8.78576e-09
36650.7 -2.39551e-08
36652.7 -3.74657e-09
36654.6 2.1979e-08
36656.6 1.52634e-08
36658.6 -1.39417e-08
36660.6 -2.25218e-08
36662.6 2.15245e-09
36664.5 2.36367e-08
36666.5 1.02418e-08
36668.5 -1.82252e-08
36670.5 -1.97501e-08
36672.5 7.88078e-09
36674.4 2.38682e-08
36676.4 4.64336e-09
36678.4 -2.13877e-08
36680.4 -1.58163e-08
36682.4 1.30977e-08
36684.4 2.26712e-08
36686.3 -1.1931e-09
36688.3 -2.32494e-08
36690.3 -1.09643e-08
36692.3 1.74959e-08
36694.3 2.01284e-08
36696.2 -6.91757e-09
36698.2 -2.37093e-08
36700.2 -5.49065e-09
36702.2 2.08199e-08
36704.2 1.55991e-08
36706.3 -1.40174e-08
36708.3 -2.16596e-08
36710.4 4.61791e-09
36712.4 2.36645e-08
36714.5 5.67468e-09
36716.5 -2.11715e-08
36718.6 -1.48523e-08
36720.6 1.47196e-08
36722.7 2.12466e-08
36724.7 -5.47175e-09
36726.8 -2.35991e-08
36728.8 -4.77193e-09
36730.9 2.15203e-08
36732.9 1.41249e-08
36735 -1.53633e-08
36737 -2.07825e-08
36739.1 6.33201e-09
36741.1 2.3526e-08
36743.2 3.89771e-09
36745.2 -2.18134e-08
36747.3 -1.33686e-08
36749.3 1.59945e-08
36751.4 2.03124e-08
36753.4 -7.15668e-09
36755.5 -2.34083e-08
36757.5 -3.01924e-09
36759.6 2.20815e-08
36761.6 1.26126e-08
36763.7 -1.6588e-08
36765.7 -1.98161e-08
36767.8 7.96236e-09
36769.8 2.32611e-08
36771.9 2.14905e-09
36773.9 -2.23171e-08
36776 -1.18539e-08
36778 1.71443e-08
36780.1 1.92929e-08
36782.2 -8.75339e-09
36784.2 -2.30937e-08
36786.3 -1.30053e-09
36788.3 2.2505e-08
36790.4 1.10756e-08
36792.4 -1.76844e-08
36794.5 -1.87681e-08
36796.5 9.50138e-09
36798.6 2.28767e-08
36800.6 4.418e-10
36802.7 -2.26813e-08
36804.7 -1.03176e-08
36806.8 1.81665e-08
36808.8 1.81991e-08
36810.9 -1.02517e-08
36812.9 -2.26593e-08
36815 3.74992e-10
36817 2.27931e-08
36819.1 9.52629e-09
36821.1 -1.86474e-08
36823.2 -1.76463e-08
36825.2 1.09428e-08
36827.3 2.238e-08
36829.3 -1.2128e-09
36831.4 -2.29064e-08
36833.4 -8.76962e-09
36835.5 1.9059e-08
36837.5 1.70415e-08
36839.6 -1.16442e-08
36841.6 -2.21106e-08
36843.7 1.99873e-09
36845.7 2.2949e-08
36847.8 7.97575e-09
36849.8 -1.94745e-08
36851.9 -1.56911e-08
36854.1 1.40591e-08
36856.2 2.05145e-08
36858.3 -7.01215e-09
36860.4 -2.29408e-08
36862.5 -8.98255e-10
36864.7 2.26167e-08
36866.8 8.67053e-09
36868.9 -1.96425e-08
36871 -1.5444e-08
36873.1 1.43118e-08
36875.3 2.03583e-08
36877.4 -7.31165e-09
36879.5 -2.28836e-08
36881.6 -5.78641e-10
36883.7 2.26716e-08
36885.9 8.37666e-09
36888 -1.97916e-08
36890.1 -1.51987e-08
36892.2 1.45466e-08
36894.4 2.01991e-08
36896.5 -7.59293e-09
36898.6 -2.28154e-08
36900.7 -2.71954e-10
36902.8 2.27124e-08
36905 8.09186e-09
36907.1 -1.99223e-08
36909.2 -1.49549e-08
36911.3 1.47636e-08
36913.4 2.0036e-08
36915.6 -7.85705e-09
36917.7 -2.27367e-08
36919.8 2.21037e-11
36921.9 2.27389e-08
36924 7.81503e-09
36926.2 -2.00356e-08
36928.3 -1.47127e-08
36930.4 1.4963e-08
36932.5 1.98683e-08
36934.6 -8.1054e-09
36936.8 -2.2648e-08
36938.9 3.03727e-10
36941 2.27508e-08
36943.1 7.54494e-09
36945.2 -2.01327e-08
36947.4 -1.44719e-08
36949.5 1.51452e-08
36951.6 1.96954e-08
36953.7 -8.33925e-09
36955.8 -2.255e-08
36958 5.73445e-10
36960.1 2.27483e-08
36962.2 7.2806e-09
36964.3 -2.02146e-08
36966.4 -1.42328e-08
36968.6 1.53106e-08
36970.7 1.95169e-08
36972.8 -8.56001e-09
36974.9 -2.24433e-08
36977.1 8.31689e-10
36979.2 2.27317e-08
36981.3 7.02097e-09
36983.4 -2.02827e-08
36985.6 -1.30462e-08
36987.8 1.71423e-08
36990 1.72294e-08
36992.2 -1.29522e-08
36994.4 -2.0365e-08
36996.6 8.03095e-09
36998.8 2.23398e-08
37001 -2.59517e-09
37003.2 -2.29631e-08
37005.4 -2.96231e-09
37007.6 2.22692e-08
37009.8 8.3857e-09
37012 -2.02263e-08
37014.2 -1.32842e-08
37016.4 1.70236e-08
37018.6 1.74372e-08
37020.8 -1.27812e-08
37023 -2.05322e-08
37025.2 7.81392e-09
37027.4 2.24499e-08
37029.6 -2.35177e-09
37031.8 -2.30151e-08
37034 -3.22387e-09
37036.2 2.22509e-08
37038.4 8.63977e-09
37040.6 -2.01479e-08
37042.8 -1.35244e-08
37045 1.68788e-08
37047.2 1.76365e-08
37049.4 -1.25907e-08
37051.6 -2.069e-08
37053.8 7.57665e-09
37056 2.25422e-08
37058.2 -2.09653e-09
37060.4 -2.30499e-08
37062.6 -3.49566e-09
37064.7 2.22104e-08
37066.9 8.89542e-09
37069.1 -2.005e-08
37071.3 -1.37636e-08
37073.5 1.67131e-08
37075.7 1.78274e-08
37077.9 -1.2384e-08
37080.1 -2.08373e-08
37082.3 7.32473e-09
37084.5 2.26191e-08
37086.7 -1.83232e-09
37088.9 -2.30686e-08
37091.1 -3.77294e-09
37093.3 2.21522e-08
37095.5 9.15119e-09
37097.7 -1.99354e-08
37099.9 -1.39989e-08
37102.1 1.65321e-08
37104.3 1.80108e-08
37106.5 -1.21643e-08
37108.7 -2.09734e-08
37110.9 7.06379e-09
37113.1 2.26837e-08
37115.3 -1.56173e-09
37117.5 -2.30728e-08
37119.7 -4.0514e-09
37121.9 2.20811e-08
37124.1 9.40619e-09
37126.3 -1.98071e-08
37128.5 -1.42281e-08
37130.7 1.63415e-08
37132.9 1.81877e-08
37135.1 -1.19351e-08
37137.3 -2.10988e-08
37139.5 6.79898e-09
37141.7 2.27395e-08
37143.9 -1.28737e-09
37146.1 -2.30649e-08
37148.3 -4.32733e-09
37150.5 2.20021e-08
37152.7 9.65955e-09
37154.9 -1.96688e-08
37157.1 -1.44499e-08
37159.3 1.61467e-08
37161.5 1.83597e-08
37163.7 -1.17001e-08
37165.9 -2.12145e-08
37168.1 6.53492e-09
37170.3 2.27897e-08
37172.5 -1.01201e-09
37174.7 -2.30482e-08
37176.9 -4.5983e-09
37179.1 2.19198e-08
37181.3 9.91044e-09
37183.5 -1.95248e-08
37185.7 -1.46643e-08
37187.9 1.59524e-08
37190 1.8528e-08
37192.2 -1.14635e-08
37194.4 -2.1323e-08
37196.6 6.27505e-09
37198.8 2.28378e-08
37201 -7.38277e-10
37203.2 -2.30269e-08
37205.4 -4.86259e-09
37207.6 2.18384e-08
37209.8 1.01583e-08
37212 -1.93799e-08
37214.2 -1.48721e-08
37216.4 1.57625e-08
37218.6 1.86943e-08
37220.8 -1.12295e-08
37223 -2.14275e-08
37225.2 6.02208e-09
37227.4 2.28867e-08
37229.6 -4.68983e-10
37231.8 -2.30055e-08
37234 -5.11996e-09
37236.2 2.17616e-08
37238.4 1.04023e-08
37240.6 -1.92391e-08
37242.8 -1.50754e-08
37245 1.55802e-08
37247.2 1.88597e-08
37249.4 -1.10022e-08
37251.6 -2.15317e-08
37253.8 5.77756e-09
37256 2.29391e-08
37258.2 -2.06544e-10
37260.4 -2.29889e-08
37262.6 -5.37073e-09
37264.8 2.16924e-08
37267 1.06421e-08
37269.2 -1.91072e-08
37271.4 -1.52766e-08
37273.6 1.54078e-08
37275.8 1.90257e-08
37278 -1.07854e-08
37280.2 -2.16399e-08
37282.4 5.54233e-09
37284.6 2.29973e-08
37286.8 4.68509e-11
37289 -2.2982e-08
37291.2 -5.61598e-09
37293.4 2.16333e-08
37295.6 1.08774e-08
37297.8 -1.89887e-08
37300 -1.54785e-08
37302.2 1.52471e-08
37304.4 1.91933e-08
37306.6 -1.05826e-08
37308.8 -2.17559e-08
37311 5.3169e-09
37313.2 2.30636e-08
37315.3 2.89481e-10
37317.5 -2.29891e-08
37319.7 -5.85679e-09
37321.9 2.15868e-08
37324.1 1.11082e-08
37326.3 -1.88874e-08
37328.5 -1.56835e-08
37330.7 1.51e-08
37332.9 1.93643e-08
37335.1 -1.03963e-08
37337.3 -2.18831e-08
37339.5 5.10199e-09
37341.7 2.31405e-08
37343.9 5.20608e-10
37346.1 -2.30136e-08
37348.3 -6.0938e-09
37350.5 2.15554e-08
37352.7 1.13354e-08
37354.9 -1.88061e-08
37357.1 -1.58937e-08
37359.3 1.49686e-08
37361.5 1.95411e-08
37363.7 -1.02278e-08
37365.9 -2.20241e-08
37368.1 4.89859e-09
37370.3 2.32312e-08
37372.5 7.4033e-10
37374.7 -2.30581e-08
37376.9 -6.32721e-09
37379.1 2.15425e-08
37381.3 1.1561e-08
37383.5 -1.87467e-08
37385.7 -1.61101e-08
37387.9 1.48554e-08
37390.1 1.97266e-08
37392.3 -1.00778e-08
37394.5 -2.21807e-08
37396.7 4.7081e-09
37398.9 2.33394e-08
37401.1 9.4979e-10
37403.3 -2.31244e-08
37405.5 -6.55709e-09
37407.7 2.15514e-08
37409.9 1.17874e-08
37412.1 -1.87101e-08
37414.3 -1.6334e-08
37416.5 1.47628e-08
37418.7 1.99243e-08
37420.9 -9.9461e-09
37423.1 -2.23546e-08
37425.3 4.53143e-09
37427.5 2.34685e-08
37429.7 1.15054e-09
37431.9 -2.3214e-08
37434.1 -6.78386e-09
37436.3 2.15851e-08
37438.5 1.20174e-08
37440.6 -1.86971e-08
37442.8 -1.65669e-08
37445 1.46925e-08
37447.2 2.01378e-08
37449.4 -9.83188e-09
37451.6 -2.25478e-08
37453.8 4.36883e-09
37456 2.36219e-08
37458.2 1.34476e-09
37460.4 -2.33282e-08
37462.6 -7.00867e-09
37464.8 2.16458e-08
37467 1.22542e-08
37469.2 -1.87077e-08
37471.4 -1.68107e-08
37473.6 1.46452e-08
37475.8 2.03702e-08
37478 -9.7339e-09
37480.2 -2.27619e-08
37482.4 4.21952e-09
37484.6 2.38022e-08
37486.8 1.53485e-09
37489 -2.34681e-08
37491.2 -7.23343e-09
37493.4 2.17348e-08
37495.6 1.25008e-08
37497.8 -1.87417e-08
37500 -1.70675e-08
37502.2 1.46208e-08
37504.4 2.06242e-08
37506.6 -9.65046e-09
37508.8 -2.29987e-08
37511 4.08169e-09
37513.2 2.40108e-08
37515.4 1.72343e-09
37517.6 -2.36341e-08
37519.8 -7.46071e-09
37522 2.18519e-08
37524.2 1.27595e-08
37526.4 -1.87981e-08
37528.6 -1.734e-08
37530.8 1.46171e-08
37533 2.09015e-08
37535.2 -9.57972e-09
37537.4 -2.32598e-08
37539.6 3.95233e-09
37541.8 2.4248e-08
37544 1.91282e-09
37546.2 -2.38264e-08
37548.4 -7.69374e-09
37550.6 2.19957e-08
37552.8 1.30326e-08
37555 -1.88758e-08
37557.2 -1.76306e-08
37559.4 1.46316e-08
37561.6 2.1203e-08
37563.8 -9.5193e-09
37565.9 -2.35464e-08
37568.1 3.82804e-09
37570.3 2.4513e-08
37572.5 2.10551e-09
37574.7 -2.40446e-08
37576.9 -7.93566e-09
37579.1 2.21637e-08
37581.3 1.33217e-08
37583.5 -1.89727e-08
37585.7 -1.79414e-08
37587.9 1.46605e-08
37590.1 2.15288e-08
37592.3 -9.46655e-09
37594.5 -2.38588e-08
37596.7 3.70496e-09
37598.9 2.48041e-08
37601.1 2.30376e-09
37603.3 -2.42872e-08
37605.5 -8.18963e-09
37607.7 2.23527e-08
37609.9 1.36278e-08
37612.1 -1.90865e-08
37614.3 -1.8274e-08
37616.5 1.46997e-08
37618.7 2.18781e-08
37620.9 -9.41884e-09
37623.1 -2.41968e-08
37625.3 3.57901e-09
37627.5 2.51186e-08
37629.7 2.50959e-09
37631.9 -2.45525e-08
37634.1 -8.45865e-09
37636.3 2.25585e-08
37638.5 1.39515e-08
37640.7 -1.92141e-08
37642.9 -1.86295e-08
37645.1 1.47448e-08
37647.3 2.22496e-08
37649.5 -9.37306e-09
37651.7 -2.45593e-08
37653.9 3.44638e-09
37656.1 2.54534e-08
37658.3 2.72528e-09
37660.5 -2.48376e-08
37662.7 -8.74485e-09
37664.9 2.2777e-08
37667.1 1.42932e-08
37669.3 -1.93518e-08
37671.5 -1.90078e-08
37673.7 1.47913e-08
37675.9 2.26418e-08
37678.1 -9.32555e-09
37680.3 -2.49442e-08
37682.5 3.30374e-09
37684.7 2.58053e-08
37686.9 2.95317e-09
37689.1 -2.51384e-08
37691.2 -9.04955e-09
37693.4 2.3004e-08
37695.6 1.46534e-08
37697.8 -1.94948e-08
37700 -1.9408e-08
37702.2 1.48353e-08
37704.4 2.30529e-08
37706.6 -9.27222e-09
37708.8 -2.53481e-08
37711 3.14838e-09
37713.2 2.61709e-08
37715.4 3.19576e-09
37717.6 -2.54504e-08
37719.8 -9.37344e-09
37722 2.32352e-08
37724.2 1.50324e-08
37726.4 -1.96383e-08
37728.6 -1.98281e-08
37730.8 1.48728e-08
37733 2.34809e-08
37735.2 -9.20889e-09
37737.4 -2.57669e-08
37739.6 2.97792e-09
37741.8 2.65462e-08
37744 3.45533e-09
37746.2 -2.57679e-08
37748.4 -9.71641e-09
37750.6 2.3466e-08
37752.8 1.54298e-08
37755 -1.97765e-08
37757.2 -2.02655e-08
37759.4 1.49001e-08
37761.6 2.39231e-08
37763.8 -9.13119e-09
37766 -2.61957e-08
37768.2 2.79054e-09
37770.4 2.6927e-08
37772.6 3.73384e-09
37774.8 -2.60851e-08
37777 -1.00777e-08
37779.2 2.36919e-08
37781.4 1.58451e-08
37783.6 -1.99038e-08
37785.8 -2.07167e-08
37788 1.49135e-08
37790.2 2.43764e-08
37792.4 -9.03523e-09
37794.6 -2.66293e-08
37796.8 2.58466e-09
37799 2.73087e-08
37801.2 4.03272e-09
37803.4 -2.63957e-08
37805.6 -1.04561e-08
37807.8 2.39081e-08
37810 1.62765e-08
37812.2 -2.00148e-08
37814.4 -2.11777e-08
37816.5 1.49095e-08
37818.7 2.48368e-08
37820.9 -8.91756e-09
37823.1 -2.70617e-08
37825.3 2.35923e-09
37827.5 2.76858e-08
37829.7 4.35232e-09
37831.9 -2.66938e-08
37834.1 -1.08498e-08
37836.3 2.41093e-08
37838.5 1.67215e-08
37840.7 -2.01046e-08
37842.9 -2.16445e-08
37845.1 1.48845e-08
37847.3 2.5299e-08
37849.5 -8.77597e-09
37851.7 -2.74874e-08
37853.9 2.1132e-09
37856.1 2.80524e-08
37858.3 4.69176e-09
37860.5 -2.69737e-08
37862.7 -1.12568e-08
37864.9 2.42901e-08
37867.1 1.71762e-08
37869.3 -2.01694e-08
37871.5 -2.21126e-08
37873.7 1.48351e-08
37875.9 2.57574e-08
37878.1 -8.60923e-09
37880.3 -2.7901e-08
37882.5 1.84624e-09
37884.7 2.8402e-08
37886.9 5.04906e-09
37889.1 -2.72305e-08
37891.3 -1.16748e-08
37893.5 2.44452e-08
37895.7 1.76357e-08
37897.9 -2.02061e-08
37900.1 -2.25773e-08
37902.3 1.47587e-08
37904.5 2.62057e-08
37906.7 -8.41727e-09
37908.9 -2.8297e-08
37911.1 1.55872e-09
37913.3 2.87285e-08
37915.5 5.42117e-09
37917.7 -2.74597e-08
37919.9 -1.21003e-08
37922.1 2.45704e-08
37924.3 1.80949e-08
37926.5 -2.02125e-08
37928.7 -2.30338e-08
37930.9 1.46535e-08
37933.1 2.66375e-08
37935.3 -8.20093e-09
37937.5 -2.86702e-08
37939.7 1.25209e-09
37941.8 2.90263e-08
37944 5.80446e-09
37946.2 -2.76575e-08
37948.4 -1.25295e-08
37950.6 2.4662e-08
37952.8 1.8548e-08
37955 -2.01874e-08
37957.2 -2.34768e-08
37959.4 1.45191e-08
37961.6 2.70469e-08
37963.8 -7.96208e-09
37966 -2.90162e-08
37968.2 9.28651e-10
37970.4 2.92908e-08
37972.6 6.19454e-09
37974.8 -2.78212e-08
37977 -1.29581e-08
37979.2 2.47179e-08
37981.4 1.89896e-08
37983.6 -2.0131e-08
37985.8 -2.39015e-08
37988 1.43562e-08
37990.2 2.74288e-08
37992.4 -7.70345e-09
37994.6 -2.93308e-08
37996.8 5.91745e-10
37999 2.95185e-08
38001.2 6.58682e-09
38003.4 -2.79493e-08
38005.6 -1.33814e-08
38007.8 2.47375e-08
38010 1.94145e-08
38012.2 -2.00442e-08
38014.4 -2.43034e-08
38016.6 1.41669e-08
38018.8 2.7779e-08
38021 -7.42827e-09
38023.2 -2.96113e-08
38025.4 2.45337e-10
38027.6 2.97077e-08
38029.8 6.97693e-09
38032 -2.80408e-08
38034.2 -1.37946e-08
38036.4 2.47216e-08
38038.6 1.98188e-08
38040.8 -1.99286e-08
38043 -2.46786e-08
38045.2 1.39544e-08
38047.4 2.80953e-08
38049.6 -7.1398e-09
38051.8 -2.98554e-08
38054 -1.06022e-10
38056.2 2.98584e-08
38058.4 7.36128e-09
38060.6 -2.80962e-08
38062.8 -1.41935e-08
38065 2.46726e-08
38067.1 2.01997e-08
38069.3 -1.97864e-08
38071.5 -2.5024e-08
38073.7 1.37226e-08
38075.9 2.83768e-08
38078.1 -6.84114e-09
38080.3 -3.00623e-08
38082.5 -4.58007e-10
38084.7 2.99719e-08
38086.9 7.73695e-09
38089.1 -2.81165e-08
38091.3 -1.45746e-08
38093.5 2.45935e-08
38095.7 2.05557e-08
38097.9 -1.96202e-08
38100.1 -2.53379e-08
38102.3 1.34756e-08
38104.5 2.86239e-08
38106.7 -6.5353e-09
38108.9 -3.02323e-08
38111.1 -8.07008e-10
38113.3 3.00504e-08
38115.5 8.10172e-09
38117.7 -2.81039e-08
38119.9 -1.49354e-08
38122.1 2.44879e-08
38124.3 2.0886e-08
38126.5 -1.94329e-08
38128.7 -2.562e-08
38130.9 1.32169e-08
38133.1 2.88375e-08
38135.3 -6.22498e-09
38137.5 -3.03668e-08
38139.7 -1.15014e-09
38141.9 3.00966e-08
38144.1 8.45404e-09
38146.3 -2.80608e-08
38148.5 -1.52749e-08
38150.7 2.43591e-08
38152.9 2.11908e-08
38155.1 -1.92275e-08
38157.3 -2.58707e-08
38159.5 1.29495e-08
38161.7 2.90196e-08
38163.9 -5.91251e-09
38166.1 -3.0468e-08
38168.3 -1.48556e-09
38170.5 3.01133e-08
38172.7 8.7928e-09
38174.9 -2.79905e-08
38177.1 -1.55928e-08
38179.3 2.42101e-08
38181.5 2.14707e-08
38183.7 -1.9007e-08
38185.9 -2.60917e-08
38188.1 1.26761e-08
38190.3 2.9172e-08
38192.4 -5.6002e-09
38194.6 -3.05388e-08
38196.8 -1.81222e-09
38199 3.01032e-08
38201.2 9.11727e-09
38203.4 -2.78965e-08
38205.6 -1.58897e-08
38207.8 2.40438e-08
38210 2.17264e-08
38212.2 -1.87748e-08
38214.4 -2.62852e-08
38216.6 1.23985e-08
38218.8 2.92971e-08
38221 -5.29004e-09
38223.2 -3.05827e-08
38225.4 -2.12948e-09
38227.6 3.00694e-08
38229.8 9.42705e-09
38232 -2.77825e-08
38234.2 -1.61668e-08
38236.4 2.38631e-08
38238.6 2.19594e-08
38240.8 -1.85338e-08
38243 -2.64541e-08
38245.2 1.21188e-08
38247.4 2.93975e-08
38249.6 -4.98387e-09
38251.8 -3.06034e-08
38254 -2.43709e-09
38256.2 3.00154e-08
38258.4 9.72212e-09
38260.6 -2.76525e-08
38262.8 -1.64259e-08
38265 2.36711e-08
38267.2 2.21714e-08
38269.4 -1.82876e-08
38271.6 -2.66018e-08
38273.8 1.18386e-08
38276 2.94764e-08
38278.2 -4.68345e-09
38280.4 -3.06055e-08
38282.6 -2.73527e-09
38284.8 2.99447e-08
38287 1.00028e-08
38289.2 -2.7511e-08
38291.4 -1.66691e-08
38293.6 2.34708e-08
38295.8 2.2365e-08
38298 -1.80392e-08
38300.2 -2.67322e-08
38302.4 1.15596e-08
38304.6 2.95379e-08
38306.8 -4.38983e-09
38309 -3.05938e-08
38311.2 -3.02458e-09
38313.4 2.98618e-08
38315.6 1.02707e-08
38317.7 -2.73624e-08
38319.9 -1.68995e-08
38322.1 2.32659e-08
38324.3 2.25437e-08
38326.5 -1.77916e-08
38328.7 -2.68501e-08
38330.9 1.12833e-08
38333.1 2.95869e-08
38335.3 -4.10338e-09
38337.5 -3.05735e-08
38339.7 -3.30608e-09
38341.9 2.97716e-08
38344.1 1.0528e-08
38346.3 -2.72111e-08
38348.5 -1.71205e-08
38350.7 2.30598e-08
38352.9 2.27124e-08
38355.1 -1.75468e-08
38357.3 -2.69604e-08
38359.5 1.10107e-08
38361.7 2.9629e-08
38363.9 -3.82319e-09
38366.1 -3.05496e-08
38368.3 -3.58169e-09
38370.5 2.96792e-08
38372.7 1.07785e-08
38374.9 -2.70606e-08
38377.1 -1.73363e-08
38379.3 2.28556e-08
38381.5 2.28764e-08
38383.7 -1.73058e-08
38385.9 -2.70686e-08
38388.1 1.0742e-08
38390.3 2.96703e-08
38392.5 -3.54735e-09
38394.7 -3.05271e-08
38396.9 -3.8541e-09
38399.1 2.95895e-08
38401.3 1.10269e-08
38403.5 -2.6914e-08
38405.7 -1.75518e-08
38407.9 2.26556e-08
38410.1 2.3042e-08
38412.3 -1.70687e-08
38414.5 -2.718e-08
38416.7 1.04763e-08
38418.9 2.97166e-08
38421.1 -3.27278e-09
38423.3 -3.05105e-08
38425.5 -4.12684e-09
38427.7 2.95064e-08
38429.9 1.12784e-08
38432.1 -2.67733e-08
38434.3 -1.77721e-08
38436.5 2.24609e-08
38438.7 2.32151e-08
38440.8 -1.68345e-08
38443 -2.72997e-08
38445.2 1.0212e-08
38447.4 2.97731e-08
38449.6 -2.99572e-09
38451.8 -3.05031e-08
38454 -4.40403e-09
38456.2 2.94329e-08
38458.4 1.15383e-08
38460.6 -2.66393e-08
38462.8 -1.80023e-08
38465 2.22717e-08
38467.2 2.34012e-08
38469.4 -1.66013e-08
38471.6 -2.74324e-08
38473.8 9.94636e-09
38476 2.98439e-08
38478.2 -2.71225e-09
38480.4 -3.05078e-08
38482.6 -4.69002e-09
38484.8 2.93708e-08
38487 1.18117e-08
38489.2 -2.65123e-08
38491.4 -1.8247e-08
38493.6 2.20873e-08
38495.8 2.36051e-08
38498 -1.6367e-08
38500.2 -2.75817e-08
38502.4 9.67637e-09
38504.6 2.99321e-08
38506.8 -2.41844e-09
38509 -3.05264e-08
38511.2 -4.98911e-09
38513.4 2.93207e-08
38515.6 1.21028e-08
38517.8 -2.6392e-08
38520 -1.85108e-08
38522.2 2.19056e-08
38524.4 2.38299e-08
38526.6 -1.61294e-08
38528.8 -2.7751e-08
38531 9.39856e-09
38533.2 3.00392e-08
38535.4 -2.1112e-09
38537.6 -3.05606e-08
38539.8 -5.30545e-09
38542 2.92825e-08
38544.2 1.24149e-08
38546.4 -2.62781e-08
38548.6 -1.87972e-08
38550.8 2.17249e-08
38553 2.40784e-08
38555.2 -1.58864e-08
38557.4 -2.79429e-08
38559.6 9.10975e-09
38561.8 3.01666e-08
38564 -1.78759e-09
38566.1 -3.06111e-08
38568.3 -5.64259e-09
38570.5 2.92556e-08
38572.7 1.27509e-08
38574.9 -2.61698e-08
38577.1 -1.91094e-08
38579.3 2.15432e-08
38581.5 2.43526e-08
38583.7 -1.56362e-08
38585.9 -2.81592e-08
38588.1 8.80709e-09
38590.3 3.0315e-08
38592.5 -1.445e-09
38594.7 -3.06784e-08
38596.9 -6.00356e-09
38599.1 2.92393e-08
38601.3 1.31132e-08
38603.5 -2.60661e-08
38605.7 -1.94502e-08
38607.9 2.13583e-08
38610.1 2.4654e-08
38612.3 -1.53768e-08
38614.5 -2.84016e-08
38616.7 8.48766e-09
38618.9 3.04846e-08
38621.1 -1.08115e-09
38623.3 -3.0763e-08
38625.5 -6.39147e-09
38627.7 2.92325e-08
38629.9 1.35041e-08
38632.1 -2.5966e-08
38634.3 -1.98216e-08
38636.5 2.11683e-08
38638.7 2.49842e-08
38640.9 -1.51059e-08
38643.1 -2.86711e-08
38645.3 8.14894e-09
38647.5 3.06759e-08
38649.7 -6.9313e-10
38651.9 -3.0864e-08
38654.1 -6.8086e-09
38656.3 2.92343e-08
38658.5 1.39259e-08
38660.7 -2.58673e-08
38662.9 -2.02252e-08
38665.1 2.09709e-08
38667.3 2.53444e-08
38669.5 -1.48206e-08
38671.7 -2.89677e-08
38673.9 7.78822e-09
38676.1 3.08883e-08
38678.3 -2.78283e-10
38680.5 -3.09802e-08
38682.7 -7.25732e-09
38684.9 2.92425e-08
38687.1 1.43804e-08
38689.3 -2.57676e-08
38691.4 -2.06623e-08
38693.6 2.07633e-08
38695.8 2.57348e-08
38698 -1.45181e-08
38700.2 -2.92911e-08
38702.4 7.40264e-09
38704.6 3.11205e-08
38706.8 1.66015e-10
38709 -3.11093e-08
38711.2 -7.73937e-09
38713.4 2.92549e-08
38715.6 1.4869e-08
38717.8 -2.56634e-08
38720 -2.11326e-08
38722.2 2.05425e-08
38724.4 2.61551e-08
38726.6 -1.41947e-08
38728.8 -2.96391e-08
38731 6.98984e-09
38733.2 3.13705e-08
38735.4 6.4215e-10
38737.6 -3.12479e-08
38739.8 -8.25565e-09
38742 2.92679e-08
38744.2 1.53922e-08
38746.4 -2.5551e-08
38748.6 -2.16352e-08
38750.8 2.03052e-08
38753 2.66035e-08
38755.2 -1.38474e-08
38757.4 -3.00087e-08
38759.6 6.54784e-09
38761.8 3.16347e-08
38764 1.15157e-09
38766.2 -3.13916e-08
38768.4 -8.80597e-09
38770.6 2.92777e-08
38772.8 1.5949e-08
38775 -2.5426e-08
38777.2 -2.21675e-08
38779.4 2.00483e-08
38781.6 2.7077e-08
38783.8 -1.34733e-08
38786 -3.03956e-08
38788.2 6.07541e-09
38790.4 3.1909e-08
38792.6 1.69459e-09
38794.8 -3.15358e-08
38797 -9.3891e-09
38799.2 2.92801e-08
38801.4 1.65373e-08
38803.6 -2.52846e-08
38805.8 -2.27258e-08
38808 1.97692e-08
38810.2 2.75713e-08
38812.4 -1.30708e-08
38814.6 -3.07949e-08
38816.7 5.57238e-09
38818.9 3.21882e-08
38821.1 2.2701e-09
38823.3 -3.16755e-08
38825.5 -1.00024e-08
38827.7 2.9271e-08
38829.9 1.71531e-08
38832.1 -2.51237e-08
38834.3 -2.33056e-08
38836.5 1.94657e-08
38838.7 2.80811e-08
38840.9 -1.26394e-08
38843.1 -3.12011e-08
38845.3 5.03946e-09
38847.5 3.2467e-08
38849.7 2.87555e-09
38851.9 -3.18062e-08
38854.1 -1.06424e-08
38856.3 2.92463e-08
38858.5 1.77917e-08
38860.7 -2.49409e-08
38862.9 -2.39015e-08
38865.1 1.91366e-08
38867.3 2.86005e-08
38869.5 -1.21799e-08
38871.7 -3.16088e-08
38873.9 4.47876e-09
38876.1 3.274e-08
38878.3 3.50727e-09
38880.5 -3.19239e-08
38882.7 -1.13046e-08
38884.9 2.9203e-08
38887.1 1.84473e-08
38889.3 -2.47348e-08
38891.5 -2.45079e-08
38893.7 1.87819e-08
38895.9 2.91232e-08
38898.1 -1.1694e-08
38900.3 -3.20127e-08
38902.5 3.89297e-09
38904.7 3.30024e-08
38906.9 4.16076e-09
38909.1 -3.20252e-08
38911.3 -1.1984e-08
38913.5 2.91385e-08
38915.7 1.91139e-08
38917.9 -2.4505e-08
38920.1 -2.51188e-08
38922.3 1.84021e-08
38924.5 2.96432e-08
38926.7 -1.11844e-08
38928.9 -3.24077e-08
38931.1 3.28575e-09
38933.3 3.32495e-08
38935.5 4.83086e-09
38937.7 -3.21072e-08
38939.9 -1.2675e-08
38942 2.90511e-08
38944.2 1.97852e-08
38946.4 -2.42518e-08
38948.6 -2.57283e-08
38950.8 1.79987e-08
38953 3.01546e-08
38955.2 -1.06542e-08
38957.4 -3.27889e-08
38959.6 2.66124e-09
38961.8 3.34775e-08
38964 5.51213e-09
38966.2 -3.21676e-08
38968.4 -1.33718e-08
38970.6 2.89397e-08
38972.8 2.04548e-08
38975 -2.39757e-08
38977.2 -2.63305e-08
38979.4 1.75739e-08
38981.6 3.06518e-08
38983.8 -1.01073e-08
38986 -3.31519e-08
38988.2 2.02434e-09
38990.4 3.36829e-08
38992.6 6.19894e-09
38994.8 -3.22044e-08
38997 -1.4068e-08
38999.2 2.88043e-08
39001.4 2.11165e-08
39003.6 -2.3678e-08
39005.8 -2.69192e-08
39008 1.71306e-08
39010.2 3.11298e-08
39012.4 -9.5475e-09
39014.6 -3.34924e-08
39016.8 1.3804e-09
39019 3.38633e-08
39021.2 6.88541e-09
39023.4 -3.22164e-08
39025.6 -1.47574e-08
39027.8 2.86452e-08
39030 2.17643e-08
39032.2 -2.33607e-08
39034.4 -2.74887e-08
39036.6 1.66723e-08
39038.8 3.1584e-08
39041 -8.9796e-09
39043.2 -3.38067e-08
39045.4 7.35143e-10
39047.6 3.40165e-08
39049.8 7.56544e-09
39052 -3.22028e-08
39054.2 -1.54334e-08
39056.4 2.84638e-08
39058.6 2.23924e-08
39060.8 -2.30262e-08
39063 -2.80334e-08
39065.2 1.62036e-08
39067.3 3.20102e-08
39069.5 -8.4085e-09
39071.7 -3.40917e-08
39073.9 9.4923e-11
39076.1 3.41416e-08
39078.3 8.23309e-09
39080.5 -3.21637e-08
39082.7 -1.60896e-08
39084.9 2.82623e-08
39087.1 2.29953e-08
39089.3 -2.26779e-08
39091.5 -2.85486e-08
39093.7 1.57291e-08
39095.9 3.24053e-08
39098.1 -7.83963e-09
39100.3 -3.43453e-08
39102.5 -5.34217e-10
39104.7 3.42384e-08
39106.9 8.8823e-09
39109.1 -3.21005e-08
39111.3 -1.67202e-08
39113.5 2.80437e-08
39115.7 2.35682e-08
39117.9 -2.23197e-08
39120.1 -2.90301e-08
39122.3 1.52542e-08
39124.5 3.27668e-08
39126.7 -7.27863e-09
39128.9 -3.45666e-08
39131.1 -1.14622e-09
39133.3 3.43076e-08
39135.5 9.50754e-09
39137.7 -3.20152e-08
39139.9 -1.732e-08
39142.1 2.78116e-08
39144.3 2.41071e-08
39146.5 -2.1956e-08
39148.7 -2.94754e-08
39150.9 1.47841e-08
39153.1 3.30939e-08
39155.3 -6.73085e-09
39157.5 -3.47557e-08
39159.7 -1.73566e-09
39161.9 3.43511e-08
39164.1 1.0104e-08
39166.3 -3.19108e-08
39168.5 -1.78853e-08
39170.7 2.757e-08
39172.9 2.46094e-08
39175.1 -2.15919e-08
39177.3 -2.98831e-08
39179.5 1.43239e-08
39181.7 3.33861e-08
39183.9 -6.20158e-09
39186.1 -3.49143e-08
39188.3 -2.29824e-09
39190.5 3.43713e-08
39192.6 1.06677e-08
39194.8 -3.17912e-08
39197 -1.84135e-08
39199.2 2.73229e-08
39201.4 2.50733e-08
39203.6 -2.12322e-08
39205.8 -3.02532e-08
39208 1.38777e-08
39210.2 3.36444e-08
39212.4 -5.69523e-09
39214.6 -3.50448e-08
39216.8 -2.83065e-09
39219 3.4371e-08
39221.2 1.11959e-08
39223.4 -3.16603e-08
39225.6 -1.89032e-08
39227.8 2.70744e-08
39230 2.54982e-08
39232.2 -2.0881e-08
39234.4 -3.05867e-08
39236.6 1.34494e-08
39238.8 3.38704e-08
39241 -5.2151e-09
39243.2 -3.515e-08
39245.4 -3.33062e-09
39247.6 3.43535e-08
39249.8 1.1687e-08
39252 -3.15221e-08
39254.2 -1.93545e-08
39256.4 2.68278e-08
39258.6 2.58848e-08
39260.8 -2.05421e-08
39263 -3.08856e-08
39265.2 1.30416e-08
39267.4 3.40667e-08
39269.6 -4.76354e-09
39271.8 -3.52333e-08
39274 -3.797e-09
39276.2 3.43221e-08
39278.4 1.21407e-08
39280.6 -3.138e-08
39282.8 -1.97679e-08
39285 2.65866e-08
39287.2 2.62346e-08
39289.4 -2.02182e-08
39291.6 -3.11521e-08
39293.8 1.26566e-08
39296 3.42361e-08
39298.2 -4.34185e-09
39300.4 -3.52979e-08
39302.6 -4.22949e-09
39304.8 3.42803e-08
39307 1.25575e-08
39309.2 -3.12373e-08
39311.4 -2.01451e-08
39313.6 2.63535e-08
39315.8 2.655e-08
39317.9 -1.99114e-08
39320.1 -3.13893e-08
39322.3 1.22956e-08
39324.5 3.4382e-08
39326.7 -3.95026e-09
39328.9 -3.53471e-08
39331.1 -4.62857e-09
39333.3 3.42313e-08
39335.5 1.29391e-08
39337.7 -3.10968e-08
39339.9 -2.04882e-08
39342.1 2.61308e-08
39344.3 2.68341e-08
39346.5 -1.96232e-08
39348.7 -3.16004e-08
39350.9 1.19591e-08
39353.1 3.4508e-08
39355.3 -3.58828e-09
39357.5 -3.53844e-08
39359.7 -4.99563e-09
39361.9 3.41785e-08
39364.1 1.32879e-08
39366.3 -3.09608e-08
39368.5 -2.08004e-08
39370.7 2.59203e-08
39372.9 2.70905e-08
39375.1 -1.93541e-08
39377.3 -3.17891e-08
39379.5 1.16472e-08
39381.7 3.46183e-08
39383.9 -3.25436e-09
39386.1 -3.54133e-08
39388.3 -5.33294e-09
39390.5 3.41249e-08
39392.7 1.36073e-08
39394.9 -3.08315e-08
39397.1 -2.10853e-08
39399.3 2.57233e-08
39401.5 2.73238e-08
39403.7 -1.9104e-08
39405.9 -3.19599e-08
39408.1 1.13585e-08
39410.3 3.47169e-08
39412.5 -2.94598e-09
39414.7 -3.54371e-08
39416.9 -5.64384e-09
39419.1 3.40733e-08
39421.3 1.39017e-08
39423.5 -3.07103e-08
39425.7 -2.13475e-08
39427.9 2.55402e-08
39430.1 2.75388e-08
39432.3 -1.88718e-08
39434.5 -3.21172e-08
39436.7 1.10909e-08
39438.9 3.48082e-08
39441.1 -2.65963e-09
39443.2 -3.54591e-08
39445.4 -5.93267e-09
39447.6 3.40259e-08
39449.8 1.41761e-08
39452 -3.05979e-08
39454.2 -2.15925e-08
39456.4 2.53704e-08
39458.6 2.77409e-08
39460.8 -1.86552e-08
39463 -3.22657e-08
39465.2 1.0841e-08
39467.4 3.4896e-08
39469.6 -2.39068e-09
39471.8 -3.54819e-08
39474 -6.2046e-09
39476.2 3.39841e-08
39478.4 1.44364e-08
39480.6 -3.0494e-08
39482.8 -2.18257e-08
39485 2.52121e-08
39487.2 2.79355e-08
39489.4 -1.84511e-08
39491.6 -3.241e-08
39493.8 1.06042e-08
39496 3.49838e-08
39498.2 -2.13372e-09
39500.4 -3.55074e-08
39502.6 -6.46573e-09
39504.8 3.3948e-08
39507 1.46886e-08
39509.2 -3.03973e-08
39511.4 -2.20533e-08
39513.6 2.50623e-08
39515.8 2.81274e-08
39518 -1.82553e-08
39520.2 -3.2554e-08
39522.4 1.03753e-08
39524.6 3.50737e-08
39526.8 -1.88292e-09
39529 -3.55367e-08
39531.2 -6.72243e-09
39533.4 3.39168e-08
39535.6 1.49386e-08
39537.8 -3.03056e-08
39540 -2.22805e-08
39542.2 2.49171e-08
39544.4 2.8321e-08
39546.6 -1.80628e-08
39548.8 -3.2701e-08
39551 1.01482e-08
39553.2 3.51674e-08
39555.4 -1.63207e-09
39557.6 -3.55696e-08
39559.8 -6.98106e-09
39562 3.38886e-08
39564.2 1.5192e-08
39566.4 -3.02157e-08
39568.5 -2.25126e-08
39570.7 2.47718e-08
39572.9 2.85197e-08
39575.1 -1.78684e-08
39577.3 -3.28532e-08
39579.5 9.91672e-09
39581.7 3.52652e-08
39583.9 -1.37525e-09
39586.1 -3.56056e-08
39588.3 -7.24764e-09
39590.5 3.38608e-08
39592.7 1.54539e-08
39594.9 -3.0124e-08
39597.1 -2.27537e-08
39599.3 2.46214e-08
39601.5 2.87264e-08
39603.7 -1.76665e-08
39605.9 -3.30122e-08
39608.1 9.67498e-09
39610.3 3.5367e-08
39612.5 -1.10664e-09
39614.7 -3.56427e-08
39616.9 -7.52738e-09
39619.1 3.38302e-08
39621.3 1.57287e-08
39623.5 -3.00262e-08
39625.7 -2.30072e-08
39627.9 2.44609e-08
39630.1 2.8943e-08
39632.3 -1.74517e-08
39634.5 -3.31786e-08
39636.7 9.4173e-09
39638.9 3.54718e-08
39641.1 -8.20937e-10
39643.3 -3.56789e-08
39645.5 -7.82511e-09
39647.7 3.37937e-08
39649.9 1.60203e-08
39652.1 -2.99181e-08
39654.3 -2.32757e-08
39656.5 2.42854e-08
39658.7 2.91711e-08
39660.9 -1.72187e-08
39663.1 -3.33524e-08
39665.3 9.13848e-09
39667.5 3.55785e-08
39669.7 -5.13284e-10
39671.9 -3.57117e-08
39674.1 -8.14499e-09
39676.3 3.37476e-08
39678.5 1.6332e-08
39680.7 -2.97953e-08
39682.9 -2.35614e-08
39685.1 2.40901e-08
39687.3 2.94114e-08
39689.5 -1.69624e-08
39691.7 -3.3533e-08
39693.8 8.83386e-09
39696 3.56856e-08
39698.2 -1.79031e-10
39700.4 -3.57381e-08
39702.6 -8.49043e-09
39704.8 3.36884e-08
39707 1.66666e-08
39709.2 -2.96532e-08
39711.4 -2.38656e-08
39713.6 2.38705e-08
39715.8 2.96646e-08
39718 -1.66777e-08
39720.2 -3.37193e-08
39722.4 8.49912e-09
39724.6 3.57911e-08
39726.8 1.85827e-10
39729 -3.57549e-08
39731.2 -8.86444e-09
39733.4 3.36124e-08
39735.6 1.70263e-08
39737.8 -2.94872e-08
39740 -2.4189e-08
39742.2 2.36219e-08
39744.4 2.99302e-08
39746.6 -1.63603e-08
39748.8 -3.391e-08
39751 8.12988e-09
39753.2 3.58921e-08
39755.4 5.84561e-10
39757.6 -3.57585e-08
39759.8 -9.26957e-09
39762 3.35151e-08
39764.2 1.74121e-08
39766.4 -2.92931e-08
39768.6 -2.45319e-08
39770.8 2.33397e-08
39773 3.02072e-08
39775.2 -1.60059e-08
39777.4 -3.41024e-08
39779.6 7.72289e-09
39781.8 3.59857e-08
39784 1.01993e-09
39786.2 -3.5745e-08
39788.4 -9.70715e-09
39790.6 3.33924e-08
39792.8 1.78248e-08
39795 -2.90661e-08
39797.2 -2.48932e-08
39799.4 2.302e-08
39801.6 3.04934e-08
39803.8 -1.56108e-08
39806 -3.42937e-08
39808.2 7.27543e-09
39810.4 3.6068e-08
39812.6 1.49359e-09
39814.8 -3.57101e-08
39817 -1.01776e-08
39819.1 3.324e-08
39821.3 1.82632e-08
39823.5 -2.88023e-08
39825.7 -2.52707e-08
39827.9 2.26592e-08
39830.1 3.07858e-08
39832.3 -1.51724e-08
39834.5 -3.44798e-08
39836.7 6.78589e-09
39838.9 3.61346e-08
39841.1 2.00582e-09
39843.3 -3.56493e-08
39845.5 -1.06802e-08
39847.7 3.30536e-08
39849.9 1.87252e-08
39852.1 -2.84981e-08
39854.3 -2.56617e-08
39856.5 2.22545e-08
39858.7 3.10805e-08
39860.9 -1.46894e-08
39863.1 -3.46567e-08
39865.3 6.25397e-09
39867.5 3.61811e-08
39869.7 2.5554e-09
39871.9 -3.55586e-08
39874.1 -1.12124e-08
39876.3 3.28296e-08
39878.5 1.92076e-08
39880.7 -2.8151e-08
39882.9 -2.60617e-08
39885.1 2.18046e-08
39887.3 3.13727e-08
39889.5 -1.41617e-08
39891.7 -3.48197e-08
39893.9 5.68091e-09
39896.1 3.6203e-08
39898.3 3.13975e-09
39900.5 -3.54346e-08
39902.7 -1.17708e-08
39904.9 3.25655e-08
39907.1 1.97055e-08
39909.3 -2.776e-08
39911.5 -2.64663e-08
39913.7 2.13095e-08
39915.9 3.16576e-08
39918.1 -1.3591e-08
39920.3 -3.49644e-08
39922.5 5.06946e-09
39924.7 3.61967e-08
39926.9 3.75483e-09
39929.1 -3.52747e-08
39931.3 -1.23509e-08
39933.5 3.22598e-08
39935.7 2.02141e-08
39937.9 -2.73251e-08
39940.1 -2.68703e-08
39942.3 2.07707e-08
39944.4 3.19303e-08
39946.6 -1.29802e-08
39948.8 -3.5087e-08
39951 4.42377e-09
39953.2 3.61592e-08
39955.4 4.39564e-09
39957.6 -3.50774e-08
39959.8 -1.2947e-08
39962 3.19127e-08
39964.2 2.07275e-08
39966.4 -2.6848e-08
39968.6 -2.72684e-08
39970.8 2.01913e-08
39973 3.21865e-08
39975.2 -1.23338e-08
39977.4 -3.51841e-08
39979.6 3.74903e-09
39981.8 3.60887e-08
39984 5.05632e-09
39986.2 -3.48426e-08
39988.4 -1.35533e-08
39990.6 3.15254e-08
39992.8 2.12404e-08
39995 -2.63316e-08
39997.2 -2.7656e-08
39999.4 1.95756e-08
40001.6 3.24225e-08
40003.8 -1.16569e-08
40006 -3.52535e-08
40008.2 3.05139e-09
40010.4 3.59847e-08
40012.6 5.73078e-09
40014.8 -3.45711e-08
40017 -1.41637e-08
40019.2 3.11008e-08
40021.4 2.17473e-08
40023.6 -2.578e-08
40025.8 -2.80285e-08
40028 1.8929e-08
40030.2 3.26354e-08
40032.4 -1.09557e-08
40034.6 -3.52939e-08
40036.8 2.33732e-09
40039 3.58476e-08
40041.2 6.41254e-09
40043.4 -3.42651e-08
40045.6 -1.47722e-08
40047.8 3.06426e-08
40050 2.22434e-08
40052.2 -2.51983e-08
40054.4 -2.83823e-08
40056.6 1.82576e-08
40058.8 3.28233e-08
40061 -1.02369e-08
40063.2 -3.53047e-08
40065.4 1.61384e-09
40067.6 3.56789e-08
40069.7 7.09517e-09
40071.9 -3.39277e-08
40074.1 -1.5373e-08
40076.3 3.01556e-08
40078.5 2.27242e-08
40080.7 -2.45922e-08
40082.9 -2.87143e-08
40085.1 1.75683e-08
40087.3 3.29849e-08
40089.5 -9.50736e-09
40091.7 -3.52866e-08
40093.9 8.87857e-10
40096.1 3.54811e-08
40098.3 7.77246e-09
40100.5 -3.35629e-08
40102.7 -1.59607e-08
40104.9 2.96454e-08
40107.1 2.31859e-08
40109.3 -2.39682e-08
40111.5 -2.90222e-08
40113.7 1.68683e-08
40115.9 3.312e-08
40118.1 -8.77429e-09
40120.3 -3.52409e-08
40122.5 1.66322e-10
40124.7 3.52576e-08
40126.9 8.43839e-09
40129.1 -3.31755e-08
40131.3 -1.65306e-08
40133.5 2.91181e-08
40135.7 2.36254e-08
40137.9 -2.33332e-08
40140.1 -2.93047e-08
40142.3 1.61648e-08
40144.5 3.32291e-08
40146.7 -8.04495e-09
40148.9 -3.51702e-08
40151.1 -5.44157e-10
40153.3 3.50125e-08
40155.5 9.08731e-09
40157.7 -3.27712e-08
40159.9 -1.70785e-08
40162.1 2.85802e-08
40164.3 2.404e-08
40166.5 -2.26947e-08
40168.7 -2.95613e-08
40170.9 1.54652e-08
40173.1 3.33134e-08
40175.3 -7.32654e-09
40177.5 -3.50778e-08
40179.7 -1.2374e-09
40181.9 3.47506e-08
40184.1 9.71424e-09
40186.3 -3.23563e-08
40188.5 -1.76013e-08
40190.7 2.8039e-08
40192.9 2.44285e-08
40195 -2.20601e-08
40197.2 -2.97924e-08
40199.4 1.4777e-08
40201.6 3.33754e-08
40203.8 -6.6258e-09
40206 -3.49678e-08
40208.2 -1.90775e-09
40210.4 3.44775e-08
40212.6 1.03149e-08
40214.8 -3.19374e-08
40217 -1.80964e-08
40219.2 2.75015e-08
40221.4 2.47899e-08
40223.6 -2.14371e-08
40225.8 -2.99997e-08
40228 1.41069e-08
40230.2 3.34182e-08
40232.4 -5.94905e-09
40234.6 -3.48452e-08
40236.8 -2.55051e-09
40239 3.41991e-08
40241.2 1.0886e-08
40243.4 -3.15216e-08
40245.6 -1.85624e-08
40247.8 2.69751e-08
40250 2.51249e-08
40252.2 -2.08326e-08
40254.4 -3.01854e-08
40256.6 1.34615e-08
40258.8 3.34458e-08
40261 -5.30156e-09
40263.2 -3.47155e-08
40265.4 -3.16185e-09
40267.6 3.39218e-08
40269.8 1.14253e-08
40272 -3.11159e-08
40274.2 -1.89995e-08
40276.4 2.64664e-08
40278.6 2.5435e-08
40280.8 -2.02533e-08
40283 -3.03531e-08
40285.2 1.28461e-08
40287.4 3.34629e-08
40289.6 -4.68759e-09
40291.8 -3.45844e-08
40294 -3.73914e-09
40296.2 3.36523e-08
40298.4 1.19321e-08
40300.6 -3.07269e-08
40302.8 -1.94082e-08
40305 2.59822e-08
40307.2 2.5723e-08
40309.4 -1.97047e-08
40311.6 -3.05067e-08
40313.8 1.22654e-08
40316 3.3475e-08
40318.2 -4.1101e-09
40320.3 -3.44581e-08
40322.5 -4.28103e-09
40324.7 3.33968e-08
40326.9 1.24068e-08
40329.1 -3.03607e-08
40331.3 -1.97908e-08
40333.5 2.55277e-08
40335.7 2.59923e-08
40337.9 -1.91911e-08
40340.1 -3.06508e-08
40342.3 1.17224e-08
40344.5 3.34875e-08
40346.7 -3.57043e-09
40348.9 -3.43423e-08
40351.1 -4.78755e-09
40353.3 3.31611e-08
40355.5 1.28511e-08
40357.7 -3.00224e-08
40359.9 -2.015e-08
40362.1 2.51075e-08
40364.3 2.62473e-08
40366.5 -1.87154e-08
40368.7 -3.07905e-08
40370.9 1.12188e-08
40373.1 3.35059e-08
40375.3 -3.06872e-09
40377.5 -3.42421e-08
40379.7 -5.26007e-09
40381.9 3.29501e-08
40384.1 1.32679e-08
40386.3 -2.97158e-08
40388.5 -2.04899e-08
40390.7 2.47241e-08
40392.9 2.64925e-08
40395.1 -1.82793e-08
40397.3 -3.09304e-08
40399.5 1.07547e-08
40401.7 3.35349e-08
40403.9 -2.60358e-09
40406.1 -3.41618e-08
40408.3 -5.701e-09
40410.5 3.27673e-08
40412.7 1.36606e-08
40414.9 -2.94436e-08
40417.1 -2.08144e-08
40419.3 2.43792e-08
40421.5 2.67325e-08
40423.7 -1.78826e-08
40425.9 -3.10751e-08
40428.1 1.03289e-08
40430.3 3.35787e-08
40432.5 -2.17267e-09
40434.7 -3.41049e-08
40436.9 -6.11363e-09
40439.1 3.26153e-08
40441.3 1.40332e-08
40443.5 -2.92068e-08
40445.6 -2.11277e-08
40447.8 2.40726e-08
40450 2.69714e-08
40452.2 -1.7524e-08
40454.4 -3.12284e-08
40456.6 9.93911e-09
40458.8 3.36404e-08
40461 -1.77267e-09
40463.2 -3.40735e-08
40465.4 -6.50188e-09
40467.6 3.24949e-08
40469.8 1.43898e-08
40472 -2.90053e-08
40474.2 -2.14342e-08
40476.4 2.3803e-08
40478.6 2.7213e-08
40480.8 -1.72013e-08
40483 -3.13932e-08
40485.2 9.58189e-09
40487.4 3.3722e-08
40489.6 -1.3998e-09
40491.8 -3.40686e-08
40494 -6.87001e-09
40496.2 3.24059e-08
40498.4 1.47346e-08
40500.6 -2.88379e-08
40502.8 -2.17375e-08
40505 2.35677e-08
40507.2 2.74603e-08
40509.4 -1.69111e-08
40511.6 -3.1572e-08
40513.8 9.25316e-09
40516 3.38244e-08
40518.2 -1.04977e-09
40520.4 -3.409e-08
40522.6 -7.22237e-09
40524.8 3.23469e-08
40527 1.50715e-08
40529.2 -2.87019e-08
40531.4 -2.20409e-08
40533.6 2.33633e-08
40535.8 2.77155e-08
40538 -1.66491e-08
40540.2 -3.17657e-08
40542.4 8.94839e-09
40544.6 3.39477e-08
40546.8 -7.17997e-10
40549 -3.41365e-08
40551.2 -7.56323e-09
40553.4 3.23153e-08
40555.6 1.5404e-08
40557.8 -2.8594e-08
40560 -2.23474e-08
40562.2 2.31856e-08
40564.4 2.79804e-08
40566.6 -1.64108e-08
40568.8 -3.19749e-08
40570.9 8.66281e-09
40573.1 3.40909e-08
40575.3 -3.99669e-10
40577.5 -3.42058e-08
40579.7 -7.8967e-09
40581.9 3.23078e-08
40584.1 1.57356e-08
40586.3 -2.85097e-08
40588.5 -2.26589e-08
40590.7 2.30295e-08
40592.9 2.82558e-08
40595.1 -1.61908e-08
40597.3 -3.2199e-08
40599.5 8.39097e-09
40601.7 3.4252e-08
40603.9 -9.0308e-11
40606.1 -3.4295e-08
40608.3 -8.22688e-09
40610.5 3.23201e-08
40612.7 1.60689e-08
40614.9 -2.84441e-08
40617.1 -2.29772e-08
40619.3 2.28895e-08
40621.5 2.85417e-08
40623.7 -1.59836e-08
40625.9 -3.24368e-08
40628.1 8.12767e-09
40630.3 3.44282e-08
40632.5 2.1486e-10
40634.7 -3.43997e-08
40636.9 -8.55734e-09
40639.1 3.23471e-08
40641.3 1.64063e-08
40643.5 -2.83915e-08
40645.7 -2.3303e-08
40647.9 2.27596e-08
40650.1 2.88375e-08
40652.3 -1.57833e-08
40654.5 -3.26858e-08
40656.7 7.86757e-09
40658.9 3.46159e-08
40661.1 5.20216e-10
40663.3 -3.45153e-08
40665.5 -8.89127e-09
40667.7 3.23831e-08
40669.9 1.67496e-08
40672.1 -2.83456e-08
40674.3 -2.36365e-08
40676.5 2.26334e-08
40678.7 2.91415e-08
40680.9 -1.5584e-08
40683.1 -3.2943e-08
40685.3 7.6055e-09
40687.5 3.48106e-08
40689.7 8.29809e-10
40691.9 -3.4636e-08
40694.1 -9.23115e-09
40696.2 3.24218e-08
40698.4 1.70997e-08
40700.6 -2.82998e-08
40702.8 -2.39768e-08
40705 2.25047e-08
40707.2 2.94513e-08
40709.4 -1.53797e-08
40711.6 -3.32041e-08
40713.8 7.33685e-09
40716 3.50069e-08
40718.2 1.14711e-09
40720.4 -3.47555e-08
40722.6 -9.57868e-09
40724.8 3.24566e-08
40727 1.74568e-08
40729.2 -2.82472e-08
40731.4 -2.43219e-08
40733.6 2.23672e-08
40735.8 2.97637e-08
40738 -1.51648e-08
40740.2 -3.34645e-08
40742.4 7.05739e-09
40744.6 3.51992e-08
40746.8 1.47487e-09
40749 -3.48672e-08
40751.2 -9.93485e-09
40753.4 3.24806e-08
40755.6 1.78199e-08
40757.8 -2.81812e-08
40760 -2.46696e-08
40762.2 2.22149e-08
40764.4 3.00746e-08
40766.6 -1.49348e-08
40768.8 -3.37188e-08
40771 6.76366e-09
40773.2 3.53811e-08
40775.4 1.81486e-09
40777.6 -3.49645e-08
40779.8 -1.02997e-08
40782 3.24873e-08
40784.2 1.81876e-08
40786.4 -2.80956e-08
40788.6 -2.50163e-08
40790.8 2.20426e-08
40793 3.03792e-08
40795.2 -1.46854e-08
40797.4 -3.39611e-08
40799.6 6.4531e-09
40801.8 3.55462e-08
40804 2.16794e-09
40806.2 -3.50408e-08
40808.4 -1.06724e-08
40810.6 3.24701e-08
40812.8 1.85571e-08
40815 -2.79848e-08
40817.2 -2.53582e-08
40819.4 2.18455e-08
40821.5 3.06724e-08
40823.7 -1.44133e-08
40825.9 -3.41856e-08
40828.1 6.12402e-09
40830.3 3.56882e-08
40832.5 2.53416e-09
40834.7 -3.50898e-08
40836.9 -1.10513e-08
40839.1 3.24234e-08
40841.3 1.89254e-08
40843.5 -2.78439e-08
40845.7 -2.5691e-08
40847.9 2.16199e-08
40850.1 3.09488e-08
40852.3 -1.41164e-08
40854.5 -3.43866e-08
40856.7 5.77559e-09
40858.9 3.58011e-08
40861.1 2.91256e-09
40863.3 -3.51058e-08
40865.5 -1.14343e-08
40867.7 3.23418e-08
40869.9 1.92888e-08
40872.1 -2.76687e-08
40874.3 -2.601e-08
40876.5 2.13631e-08
40878.7 3.12032e-08
40880.9 -1.37932e-08
40883.1 -3.45582e-08
40885.3 5.408e-09
40887.5 3.58792e-08
40889.7 3.3016e-09
40891.9 -3.50837e-08
40894.1 -1.18183e-08
40896.3 3.22214e-08
40898.5 1.96433e-08
40900.7 -2.74563e-08
40902.9 -2.63104e-08
40905.1 2.1073e-08
40907.3 3.143e-08
40909.5 -1.34435e-08
40911.7 -3.46953e-08
40913.9 5.0221e-09
40916.1 3.59174e-08
40918.3 3.69877e-09
40920.5 -3.50194e-08
40922.7 -1.22e-08
40924.9 3.20584e-08
40927.1 1.99842e-08
40929.3 -2.72046e-08
40931.5 -2.65875e-08
40933.7 2.07488e-08
40935.9 3.16243e-08
40938.1 -1.3068e-08
40940.3 -3.47932e-08
40942.5 4.6198e-09
40944.7 3.59116e-08
40946.8 4.10111e-09
40949 -3.49094e-08
40951.2 -1.25755e-08
40953.4 3.18508e-08
40955.6 2.03075e-08
40957.8 -2.69124e-08
40960 -2.68364e-08
40962.2 2.0391e-08
40964.4 3.17816e-08
40966.6 -1.26678e-08
40968.8 -3.48475e-08
40971 4.20394e-09
40973.2 3.58584e-08
40975.4 4.50512e-09
40977.6 -3.47513e-08
40979.8 -1.29403e-08
40982 3.15975e-08
40984.2 2.06084e-08
40986.4 -2.658e-08
40988.6 -2.70526e-08
40990.8 2.0001e-08
40993 3.18979e-08
40995.2 -1.22459e-08
40997.4 -3.48551e-08
40999.6 3.77788e-09
41001.8 3.57556e-08
41004 4.90659e-09
41006.2 -3.45441e-08
41008.4 -1.32902e-08
41010.6 3.12986e-08
41012.8 2.08827e-08
41015 -2.62086e-08
41017.2 -2.72323e-08
41019.4 1.95812e-08
41021.6 3.19697e-08
41023.8 -1.18054e-08
41026 -3.48135e-08
41028.2 3.34579e-09
41030.4 3.56021e-08
41032.6 5.30111e-09
41034.8 -3.4288e-08
41037 -1.36207e-08
41039.2 3.09556e-08
41041.4 2.11262e-08
41043.6 -2.58011e-08
41045.8 -2.7372e-08
41048 1.91354e-08
41050.2 3.19951e-08
41052.4 -1.13508e-08
41054.6 -3.47218e-08
41056.8 2.9124e-09
41059 3.53982e-08
41061.2 5.68415e-09
41063.4 -3.39844e-08
41065.6 -1.39276e-08
41067.8 3.05714e-08
41070 2.13357e-08
41072.1 -2.53611e-08
41074.3 -2.74694e-08
41076.5 1.86681e-08
41078.7 3.19729e-08
41080.9 -1.08869e-08
41083.1 -3.45803e-08
41085.3 2.48267e-09
41087.5 3.51457e-08
41089.7 6.05123e-09
41091.9 -3.36363e-08
41094.1 -1.4207e-08
41096.3 3.01502e-08
41098.5 2.15086e-08
41100.7 -2.48935e-08
41102.9 -2.75232e-08
41105.1 1.81849e-08
41107.3 3.19034e-08
41109.5 -1.04191e-08
41111.7 -3.43906e-08
41113.9 2.06151e-09
41116.1 3.48477e-08
41118.3 6.39819e-09
41120.5 -3.32484e-08
41122.7 -1.44562e-08
41124.9 2.96973e-08
41127.1 2.16434e-08
41129.3 -2.44043e-08
41131.5 -2.75336e-08
41133.7 1.76913e-08
41135.9 3.17883e-08
41138.1 -9.95298e-09
41140.3 -3.41563e-08
41142.5 1.6535e-09
41144.7 3.4509e-08
41146.9 6.72157e-09
41149.1 -3.28263e-08
41151.3 -1.46732e-08
41153.5 2.92189e-08
41155.7 2.17397e-08
41157.9 -2.38999e-08
41160.1 -2.75021e-08
41162.3 1.71936e-08
41164.5 3.16307e-08
41166.7 -9.49369e-09
41168.9 -3.38819e-08
41171.1 1.2628e-09
41173.3 3.41353e-08
41175.5 7.01886e-09
41177.7 -3.23763e-08
41179.9 -1.48572e-08
41182.1 2.87218e-08
41184.3 2.17988e-08
41186.5 -2.33868e-08
41188.7 -2.74316e-08
41190.9 1.66977e-08
41193.1 3.14353e-08
41195.3 -9.04619e-09
41197.4 -3.35733e-08
41199.6 8.92567e-10
41201.8 3.37333e-08
41204 7.28846e-09
41206.2 -3.19061e-08
41208.4 -1.50088e-08
41210.6 2.82133e-08
41212.8 2.18228e-08
41215 -2.2872e-08
41217.2 -2.73263e-08
41219.4 1.62091e-08
41221.6 3.12075e-08
41223.8 -8.61461e-09
41226 -3.32374e-08
41228.2 5.45114e-10
41230.4 3.33105e-08
41232.6 7.52991e-09
41234.8 -3.14232e-08
41237 -1.51295e-08
41239.2 2.77005e-08
41241.4 2.18152e-08
41243.6 -2.23616e-08
41245.8 -2.71916e-08
41248 1.57328e-08
41250.2 3.09541e-08
41252.4 -8.20228e-09
41254.6 -3.28818e-08
41256.8 2.21894e-10
41259 3.2875e-08
41261.2 7.74416e-09
41263.4 -3.09354e-08
41265.6 -1.52222e-08
41267.8 2.71906e-08
41270 2.1781e-08
41272.2 -2.18616e-08
41274.4 -2.70335e-08
41276.6 1.52733e-08
41278.8 3.06824e-08
41281 -7.81153e-09
41283.2 -3.25145e-08
41285.4 -7.68746e-11
41287.6 3.24348e-08
41289.8 7.93288e-09
41292 -3.04504e-08
41294.2 -1.52905e-08
41296.4 2.66904e-08
41298.6 2.17255e-08
41300.8 -2.13774e-08
41303 -2.68592e-08
41305.2 1.4834e-08
41307.4 3.04005e-08
41309.6 -7.44384e-09
41311.8 -3.21437e-08
41314 -3.51835e-10
41316.2 3.19981e-08
41318.4 8.09891e-09
41320.6 -2.99756e-08
41322.7 -1.53395e-08
41324.9 2.62061e-08
41327.1 2.16553e-08
41329.3 -2.09134e-08
41331.5 -2.66761e-08
41333.7 1.44174e-08
41335.9 3.01166e-08
41338.1 -7.09958e-09
41340.3 -3.17779e-08
41341.4 -2.25453e-08
