-0.0262966 0
-0.0301494 0
-0.0626755 0
-0.0301494 0
-0.0262966 0
-0.0115063 0
-0.0524367 0
-0.0875108 0
-0.0436453 0
-0.0458824 0
-0.0690112 0
-0.10835 0
-0.0548691 0
-0.0629424 0
-0.0804831 0
-0.125772 0
-0.0633108 0
-0.0751222 0
-0.0869725 0
-0.129376 0
-0.0662204 0
-0.0826344 0
-0.0873127 0
-0.125846 0
-0.0645571 0
-0.0844115 0
-0.0810239 0
-0.114424 0
-0.0585064 0
-0.0785392 0
-0.069667 0
-0.0910697 0
-0.0475911 0
-0.0684405 0
-0.0533754 0
-0.065327 0
-0.0334686 0
-0.0529936 0
-0.0305178 0
-0.0280879 0
-0.0128137 0
-0.0300784 0
-0.0458825 0
-0.0436454 0
-0.0875108 0
-0.0690112 0
-0.118548 0
-0.0838197 0
-0.132626 0
-0.0908731 0
-0.140495 0
-0.0918339 0
-0.141531 0
-0.0873577 0
-0.127992 0
-0.0781276 0
-0.110929 0
-0.0628627 0
-0.0846565 0
-0.0398296 0
-0.042872 0
-0.0629425 0
-0.0548692 0
-0.10835 0
-0.0804831 0
-0.132626 0
-0.0908731 0
-0.143823 0
-0.0918072 0
-0.139435 0
-0.0877207 0
-0.131378 0
-0.0799987 0
-0.118866 0
-0.0670971 0
-0.0911027 0
-0.0446582 0
-0.0521822 0
-0.0751223 0
-0.0633109 0
-0.125772 0
-0.0869726 0
-0.140495 0
-0.0918339 0
-0.139435 0
-0.0877207 0
-0.133356 0
-0.080047 0
-0.117718 0
-0.0689887 0
-0.0971142 0
-0.0480243 0
-0.0585329 0
-0.0826345 0
-0.0662204 0
-0.129376 0
-0.0873127 0
-0.141531 0
-0.0873576 0
-0.131378 0
-0.0799986 0
-0.117718 0
-0.0689887 0
-0.100847 0
-0.0494437 0
-0.0609393 0
-0.0844115 0
-0.0645571 0
-0.125846 0
-0.0810237 0
-0.127992 0
-0.0781275 0
-0.118866 0
-0.067097 0
-0.0971142 0
-0.0480242 0
-0.0609393 0
-0.078539 0
-0.0585063 0
-0.114424 0
-0.0696668 0
-0.110929 0
-0.0628625 0
-0.0911025 0
-0.0446581 0
-0.0585329 0
-0.0684403 0
-0.0475909 0
-0.0910693 0
-0.0533752 0
-0.0846562 0
-0.0398295 0
-0.0521821 0
-0.0529933 0
-0.0334685 0
-0.0653267 0
-0.0305177 0
-0.0428718 0
-0.0300783 0
-0.0128137 0
-0.0280877 0
0 0
0 0
0 0
0 0
0 0
0 0
0 0
0 0
0 0
0 0
0 0
0 0
0 0
0 0
0 0
0 0
0 0
0 0
0 0
0 0
0 0
0 0
0 0
0 0
0 0
0 0
0 0
0 0
0 0
0 0
0 0
0 0
0 0
0 0
0 0
0 0
0 0
0 0
0 0
0 0
0 0
0 0
0 0
0 0
0 0
0 0
0 0
0 0
0 0
0 0
0 0
0 0
0 0
0 0
0 0
0 0
0 0
0 0
0 0
0 0
0 0
0 0
0 0
0 0
0 0
0 0
0 0
0 0
0 0
0 0
0 0
0 0
0 0
0 0
0 0
0 0
0 0
0 0
0 0
0 0
0 0
0 0
0 0
0 0
0 0
0 0
0 0
0 0
0 0
0 0
0 0
0 0
0 0
0 0
0 0
0 0
0 0
0 0
0 0
0 0
0 0
0 0
0 0
0 0
0 0
0 0
0 0
0 0
0 0
0 0
0 0
0 0
0 0
0 0
0 0
0 0
0 0
0 0
0 0
0 0
0 0
0 0
0 0
0 0
0 0
0 0
0 0
0 0
0 0
0 0
0 0
0 0
0 0
0 0
0 0
0 0
0 0
0 0
0 0
0 0
0 0
0 0
0 0
0 0
0 0
0 0
0 0
0 0
0 0
0 0
0 0
0 0
0 0
0 0
0 0
0 0
0 0
0 0
0 0
0 0
0 0
0 0
0 0
0 0
0 0
0 0
0 0
0 0
0 0
0 0
0 0
0 0
0 0
0 0
0 0
0 0
0 0
0 0
0 0
0 0
0 0
0 0
0 0
0 0
0 0
0 0
0 0
0 0
0 0
0 0
0 0
0 0
0 0
0 0
0 0
0 0
0 0
0 0
0 0
0 0
0 0
0 0
0 0
0 0
0 0
0 0
0 0
0 0
0 0
0 0
0 0
0 0
0 0
0 0
0 0
0 0
0 0
0 0
0 0
0 0
0 0
0 0
0 0
0 0
0 0
0 0
0 0
0 0
0 0
0 0
0 0
0 0
0 0
0 0
0 0
0 0
0 0
0 0
0 0
0 0
0 0
0 0
0 0
0 0
0 0
0 0
0 0
0 0
0 0
0 0
0 0
0 0
0 0
0 0
0 0
0 0
0 0
0 0
0 0
0 0
0 0
0 0
0 0
0 0
0 0
0 0
0 0
0 0
0 0
0 0
0 0
0 0
0 0
0 0
0 0
0 0
0 0
0 0
0 0
0 0
0 0
0 0
0.00987254 0
0.0318455 0
0.0298461 0
0.0318455 0
0.00987253 0
0.0126231 0
0.0700274 0
0.0504399 0
0.0511511 0
0.0181907 0
0.101887 0
0.0665785 0
0.0681037 0
0.0256478 0
0.125626 0
0.0761056 0
0.0795468 0
0.0319587 0
0.138389 0
0.0808449 0
0.0841614 0
0.0354682 0
0.13788 0
0.076848 0
0.0804981 0
0.0355085 0
0.12488 0
0.06573 0
0.0697553 0
0.0326704 0
0.101031 0
0.0511859 0
0.0539583 0
0.0268394 0
0.0696122 0
0.0306657 0
0.0342225 0
0.0191848 0
0.0319814 0
0.0100756 0
0.013629 0
0.0106593 0
0.0181907 0
0.0511511 0
0.0504399 0
0.101887 0
0.0753038 0
0.138163 0
0.0940429 0
0.157563 0
0.10193 0
0.16191 0
0.0991882 0
0.151774 0
0.0908142 0
0.129113 0
0.0722113 0
0.0936842 0
0.0466083 0
0.0463883 0
0.0173057 0
0.0256478 0
0.0681037 0
0.0665785 0
0.125627 0
0.0940429 0
0.157563 0
0.105551 0
0.167414 0
0.108693 0
0.161186 0
0.100717 0
0.1419 0
0.08308 0
0.107882 0
0.0584471 0
0.0575822 0
0.0225032 0
0.0319587 0
0.0795469 0
0.0761056 0
0.138389 0
0.10193 0
0.16191 0
0.108693 0
0.161186 0
0.101962 0
0.145165 0
0.0894774 0
0.115278 0
0.0642352 0
0.0644362 0
0.0261209 0
0.0354682 0
0.0841614 0
0.080845 0
0.13788 0
0.0991882 0
0.151774 0
0.100716 0
0.1419 0
0.0894774 0
0.115278 0
0.0654719 0
0.0665465 0
0.0282596 0
0.0355085 0
0.0804981 0
0.076848 0
0.12488 0
0.0908142 0
0.129113 0
0.0830799 0
0.107882 0
0.0642351 0
0.0644362 0
0.0282596 0
0.0326704 0
0.0697552 0
0.0657299 0
0.101031 0
0.0722112 0
0.0936841 0
0.058447 0
0.0575821 0
0.0261208 0
0.0268394 0
0.0539582 0
0.0511858 0
0.069612 0
0.0466082 0
0.0463882 0
0.0225032 0
0.0191848 0
0.0342223 0
0.0306656 0
0.0319813 0
0.0173057 0
0.0106593 0
0.0136289 0
0.0100756 0
-0.000976987 0
-0.00149647 0
-9.26485e-07 0
0.00149556 0
0.000976153 0
-1.84461e-07 0
-7.10226e-07 0
0.00876876 0
0.00727538 0
0.0056362 0
0.00881057 0
0.0309131 0
0.0198726 0
0.0179433 0
0.0280108 0
0.0693297 0
0.0399846 0
0.0393537 0
0.0555944 0
0.113441 0
0.0635078 0
0.0682958 0
0.0858625 0
0.155862 0
0.0850516 0
0.0992302 0
0.109398 0
0.183405 0
0.0981553 0
0.120949 0
0.118191 0
0.175736 0
0.0952109 0
0.129079 0
0.1067 0
0.143096 0
0.0752193 0
0.115355 0
0.0676931 0
0.0659058 0
0.0305427 0
0.0711457 0
-0.00563753 0
-0.00727653 0
-0.00877101 0
-0.00881214 0
-1.27492e-06 0
-7.51186e-07 0
0.0259363 0
0.0205392 0
0.0672311 0
0.049409 0
0.116381 0
0.0778036 0
0.152252 0
0.0980893 0
0.171509 0
0.100474 0
0.157477 0
0.0749266 0
0.089771 0
-0.0179449 0
-0.0198738 0
-0.0309153 0
-0.0280122 0
-0.0259385 0
-0.0205403 0
-7.59424e-07 0
-2.97615e-07 0
0.0405674 0
0.0274257 0
0.0843643 0
0.0541667 0
0.120324 0
0.0694522 0
0.123989 0
0.0612568 0
0.0869112 0
-0.0393551 0
-0.0399855 0
-0.0693315 0
-0.0555953 0
-0.0672324 0
-0.0494095 0
-0.040568 0
-0.0274257 0
7.92367e-08 0
1.84441e-07 0
0.0416318 0
0.0246612 0
0.0699263 0
0.0348057 0
0.0627343 0
-0.0682967 0
-0.0635083 0
-0.113442 0
-0.0858627 0
-0.116381 0
-0.0778034 0
-0.084364 0
-0.0541662 0
-0.0416311 0
-0.0246606 0
4.82768e-07 0
2.6862e-07 0
0.0224952 0
-0.0992305 0
-0.0850516 0
-0.155862 0
-0.109398 0
-0.152251 0
-0.0980886 0
-0.120323 0
-0.0694515 0
-0.0699253 0
-0.0348051 0
-0.0224945 0
-0.120949 0
-0.0981548 0
-0.183404 0
-0.11819 0
-0.171508 0
-0.100473 0
-0.123987 0
-0.0612561 0
-0.0627335 0
-0.129078 0
-0.09521 0
-0.175734 0
-0.106699 0
-0.157475 0
-0.0749258 0
-0.0869103 0
-0.115353 0
-0.0752185 0
-0.143095 0
-0.0676923 0
-0.08977 0
-0.0711448 0
-0.0305424 0
-0.065905 0
-0 0
-0 0
-0 0
-0 0
-0 0
-0 0
-0 0
-0 0
-0 0
-0 0
-0 0
-0 0
-0 0
-0 0
-0 0
-0 0
-0 0
-0 0
-0 0
-0 0
-0 0
-0 0
-0 0
-0 0
-0 0
-0 0
-0 0
-0 0
-0 0
-0 0
-0 0
-0 0
-0 0
-0 0
-0 0
-0 0
-0 0
-0 0
-0 0
-0 0
-0 0
-0 0
-0 0
-0 0
-0 0
-0 0
-0 0
-0 0
-0 0
-0 0
-0 0
-0 0
-0 0
-0 0
-0 0
-0 0
-0 0
-0 0
-0 0
-0 0
-0 0
-0 0
-0 0
-0 0
-0 0
-0 0
-0 0
-0 0
-0 0
-0 0
-0 0
-0 0
-0 0
-0 0
-0 0
-0 0
-0 0
-0 0
-0 0
-0 0
-0 0
-0 0
-0 0
-0 0
-0 0
-0 0
-0 0
-0 0
-0 0
-0 0
-0 0
-0 0
-0 0
-0 0
-0 0
-0 0
-0 0
-0 0
-0 0
-0 0
-0 0
-0 0
-0 0
-0 0
-0 0
-0 0
-0 0
-0 0
-0 0
-0 0
-0 0
-0 0
-0 0
-0 0
-0 0
-0 0
-0 0
-0 0
-0 0
-0 0
-0 0
-0 0
-0 0
-0 0
-0 0
-0 0
-0 0
-0 0
-0 0
-0 0
-0 0
-0 0
-0 0
-0 0
-0 0
-0 0
-0 0
-0 0
-0 0
-0 0
-0 0
-0.0709635 0
-0.0765378 0
-0.155914 0
-0.0765378 0
-0.0709635 0
-0.0314773 0
-0.117711 0
-0.18519 0
-0.0946877 0
-0.110725 0
-0.125499 0
-0.176337 0
-0.091958 0
-0.124165 0
-0.104217 0
-0.132868 0
-0.0694097 0
-0.10678 0
-0.0619296 0
-0.0566828 0
-0.0313035 0
-0.0668936 0
-0.00862663 0
0.0225138 0
0.00957606 0
-0.0146083 0
0.0393206 0
0.0849646 0
0.0421038 0
0.0343398 0
0.0686495 0
0.109353 0
0.0564275 0
0.0662054 0
0.0730397 0
0.0993957 0
0.0505736 0
0.0729056 0
0.0487967 0
0.047476 0
0.0215043 0
0.0488076 0
-0.110726 0
-0.0946877 0
-0.18519 0
-0.125499 0
-0.20246 0
-0.115329 0
-0.159236 0
-0.0769644 0
-0.088334 0
-0.0251906 0
-0.0044964 0
0.025629 0
0.068802 0
0.0632991 0
0.113231 0
0.0760657 0
0.116587 0
0.0586049 0
0.068022 0
-0.124165 0
-0.0919579 0
-0.176337 0
-0.104216 0
-0.159235 0
-0.0769642 0
-0.100791 0
-0.0315326 0
-0.0212184 0
0.0167434 0
0.0517233 0
0.0548464 0
0.103925 0
0.0723305 0
0.112371 0
0.0600261 0
0.076185 0
-0.106779 0
-0.0694092 0
-0.132867 0
-0.0619289 0
-0.0883332 0
-0.02519 0
-0.0212179 0
0.0167437 0
0.0456021 0
0.0510544 0
0.0932257 0
0.0697061 0
0.110258 0
0.0601605 0
0.0789934 0
-0.0668928 0
-0.0313027 0
-0.0566814 0
-0.00862551 0
-0.00449488 0
0.02563 0
0.0517244 0
0.0548471 0
0.0932262 0
0.0697064 0
0.11116 0
0.060289 0
0.0783422 0
-0.014607 0
0.00957716 0
0.0225159 0
0.039322 0
0.068804 0
0.0633004 0
0.103927 0
0.0723314 0
0.110259 0
0.0601609 0
0.0783425 0
0.0343413 0
0.0421051 0
0.0849669 0
0.068651 0
0.113233 0
0.0760669 0
0.112373 0
0.0600269 0
0.0789942 0
0.066207 0
0.0564286 0
0.109356 0
0.0730409 0
0.116589 0
0.0586058 0
0.0761861 0
0.0729069 0
0.0505744 0
0.0993974 0
0.0487974 0
0.068023 0
0.0488084 0
0.0215046 0
0.0474768 0
0 0
0 0
0 0
0 0
0 0
0 0
0 0
0 0
0 0
0 0
0 0
0 0
0 0
0 0
0 0
0 0
0 0
0 0
0 0
0 0
0 0
0 0
0 0
0 0
0 0
0 0
0 0
0 0
0 0
0 0
0 0
0 0
0 0
0 0
0 0
0 0
0 0
0 0
0 0
0 0
0 0
0 0
0 0
0 0
0 0
0 0
0 0
0 0
0 0
0 0
0 0
0 0
0 0
0 0
0 0
0 0
0 0
0 0
0 0
0 0
0 0
0 0
0 0
0 0
0 0
0 0
0 0
0 0
0 0
0 0
0 0
0 0
0 0
0 0
0 0
0 0
0 0
0 0
0 0
0 0
0 0
0 0
0 0
0 0
0 0
0 0
0 0
0 0
0 0
0 0
0 0
0 0
0 0
0 0
0 0
0 0
0 0
0 0
0 0
0 0
0 0
0 0
0 0
0 0
0 0
0 0
0 0
0 0
0 0
0 0
0 0
0 0
0 0
0 0
0 0
0 0
0 0
0 0
0 0
0 0
0 0
0 0
0 0
0 0
0 0
0 0
0 0
0 0
0 0
0 0
0 0
0 0
0 0
0 0
0 0
0 0
0 0
0 0
0 0
0 0
0 0
-0 0
-0 0
-0 0
-0 0
-0 0
-0 0
-0 0
-0 0
-0 0
-0 0
-0 0
-0 0
-0 0
-0 0
-0 0
-0 0
-0 0
-0 0
-0 0
-0 0
-0 0
-0 0
-0 0
-0 0
-0 0
-0 0
-0 0
-0 0
-0 0
-0 0
-0 0
-0 0
-0 0
-0 0
-0 0
-0 0
-0 0
-0 0
-0 0
-0 0
-0 0
-0 0
-0 0
-0 0
-0 0
-0 0
-0 0
-0 0
-0 0
-0 0
-0 0
-0 0
-0 0
-0 0
-0 0
-0 0
-0 0
-0 0
-0 0
-0 0
-0 0
-0 0
-0 0
-0 0
-0 0
-0 0
-0 0
-0 0
-0 0
-0 0
-0 0
-0 0
-0 0
-0 0
-0 0
-0 0
-0 0
-0 0
-0 0
-0 0
-0 0
-0 0
-0 0
-0 0
-0 0
-0 0
-0 0
-0 0
-0 0
-0 0
-0 0
-0 0
-0 0
-0 0
-0 0
-0 0
-0 0
-0 0
-0 0
-0 0
-0 0
-0 0
-0 0
-0 0
-0 0
-0 0
-0 0
-0 0
-0 0
-0 0
-0 0
-0 0
-0 0
-0 0
-0 0
-0 0
-0 0
-0 0
-0 0
-0 0
-0 0
-0 0
-0 0
-0 0
-0 0
-0 0
-0 0
-0 0
-0 0
-0 0
-0 0
-0 0
-0 0
-0 0
-0 0
-0 0
-0 0
-0 0
-0 0
-0 0
-0 0
0.000291326 0
0.00129136 0
5.24751e-07 0
-0.00129019 0
-0.000290947 0
2.53942e-07 0
1.14038e-06 0
-0.0046035 0
-0.00753412 0
-0.0019645 0
-0.0125001 0
-0.0181089 0
-0.0235379 0
-0.00678575 0
-0.0430876 0
-0.0418781 0
-0.050898 0
-0.0163619 0
-0.0921028 0
-0.0738853 0
-0.0854539 0
-0.0300008 0
-0.146622 0
-0.102489 0
-0.116502 0
-0.0442256 0
-0.187419 0
-0.116512 0
-0.132291 0
-0.0549408 0
-0.196146 0
-0.112008 0
-0.125105 0
-0.0567113 0
-0.162315 0
-0.0775618 0
-0.0913247 0
-0.0478226 0
-0.0843916 0
-0.0278271 0
-0.0396092 0
-0.0296334 0
0.00196512 0
0.00753574 0
0.00460503 0
0.0125028 0
9.26293e-07 0
1.4166e-06 0
-0.01816 0
-0.0369943 0
-0.05002 0
-0.0920522 0
-0.0864275 0
-0.148685 0
-0.118023 0
-0.182889 0
-0.124794 0
-0.171773 0
-0.098486 0
-0.102025 0
-0.0418178 0
0.00678648 0
0.0235396 0
0.0181105 0
0.0430901 0
0.0181616 0
0.0369964 0
5.75094e-07 0
5.12255e-07 0
-0.0331849 0
-0.0553587 0
-0.0698404 0
-0.106435 0
-0.0928633 0
-0.127623 0
-0.0895997 0
-0.0915454 0
-0.0425472 0
0.0163625 0
0.0508993 0
0.0418793 0
0.0921043 0
0.050021 0
0.092053 0
0.0331853 0
0.0553585 0
-1.57108e-07 0
-5.10909e-07 0
-0.0347459 0
-0.0473466 0
-0.0519289 0
-0.0538571 0
-0.0316051 0
0.0300013 0
0.0854545 0
0.0738859 0
0.146622 0
0.0864276 0
0.148685 0
0.06984 0
0.106433 0
0.0347451 0
0.0473452 0
-4.11093e-07 0
-4.71614e-07 0
-0.0117998 0
0.0442257 0
0.116502 0
0.102489 0
0.187419 0
0.118022 0
0.182888 0
0.0928624 0
0.127621 0
0.051928 0
0.0538561 0
0.0117994 0
0.0549406 0
0.13229 0
0.116511 0
0.196145 0
0.124792 0
0.171771 0
0.0895988 0
0.0915444 0
0.0316047 0
0.0567108 0
0.125104 0
0.112007 0
0.162314 0
0.098485 0
0.102024 0
0.0425467 0
0.0478221 0
0.0913237 0
0.0775609 0
0.0843907 0
0.0418173 0
0.029633 0
0.0396087 0
0.0278268 0
0 0
0 0
0 0
0 0
0 0
0 0
0 0
0 0
0 0
0 0
0 0
0 0
0 0
0 0
0 0
0 0
0 0
0 0
0 0
0 0
0 0
0 0
0 0
0 0
0 0
0 0
0 0
0 0
0 0
0 0
0 0
0 0
0 0
0 0
0 0
0 0
0 0
0 0
0 0
0 0
0 0
0 0
0 0
0 0
0 0
0 0
0 0
0 0
0 0
0 0
0 0
0 0
0 0
0 0
0 0
0 0
0 0
0 0
0 0
0 0
0 0
0 0
0 0
0 0
0 0
0 0
0 0
0 0
0 0
0 0
0 0
0 0
0 0
0 0
0 0
0 0
0 0
0 0
0 0
0 0
0 0
0 0
0 0
0 0
0 0
0 0
0 0
0 0
0 0
0 0
0 0
0 0
0 0
0 0
0 0
0 0
0 0
0 0
0 0
0 0
0 0
0 0
0 0
0 0
0 0
0 0
0 0
0 0
0 0
0 0
0 0
0 0
0 0
0 0
0 0
0 0
0 0
0 0
0 0
0 0
0 0
0 0
0 0
0 0
0 0
0 0
0 0
0 0
0 0
0 0
0 0
0 0
0 0
0 0
0 0
0 0
0 0
0 0
0 0
0 0
0 0
0.0302895 0
0.0933287 0
0.0830999 0
0.0933287 0
0.0302895 0
0.0407515 0
0.179199 0
0.118755 0
0.126774 0
0.0490761 0
0.209987 0
0.119662 0
0.129194 0
0.0559854 0
0.182842 0
0.0874651 0
0.097478 0
0.0499016 0
0.107729 0
0.0372384 0
0.0429751 0
0.0309506 0
0.0124235 0
-0.0166595 0
-0.0156274 0
0.00599791 0
-0.0699156 0
-0.0544109 0
-0.0579788 0
-0.0162795 0
-0.112631 0
-0.0677299 0
-0.0730035 0
-0.0289033 0
-0.106302 0
-0.051185 0
-0.0590298 0
-0.0292192 0
-0.0573881 0
-0.0188512 0
-0.0264838 0
-0.0193842 0
0.0490761 0
0.126774 0
0.118755 0
0.209987 0
0.141648 0
0.212215 0
0.123217 0
0.147437 0
0.0684572 0
0.0470212 0
0.0016023 0
-0.0522745 0
-0.0541677 0
-0.11563 0
-0.0799545 0
-0.124082 0
-0.0689957 0
-0.0746609 0
-0.029668 0
0.0559854 0
0.129194 0
0.119662 0
0.182842 0
0.123216 0
0.147437 0
0.0790228 0
0.0602538 0
0.0162634 0
-0.0351449 0
-0.0435055 0
-0.105683 0
-0.0773035 0
-0.125234 0
-0.0761991 0
-0.0826251 0
-0.0346247 0
0.0499014 0
0.0974774 0
0.0874646 0
0.107728 0
0.0684565 0
0.04702 0
0.0162629 0
-0.0351457 0
-0.03792 0
-0.100643 0
-0.0745118 0
-0.122936 0
-0.0756299 0
-0.0845699 0
-0.036397 0
0.0309502 0
0.0429739 0
0.0372374 0
0.0124215 0
0.00160112 0
-0.0522765 0
-0.0435065 0
-0.105685 0
-0.0745123 0
-0.122937 0
-0.0740561 0
-0.0844335 0
-0.0370839 0
0.00599731 0
-0.015629 0
-0.0166609 0
-0.0699182 0
-0.0541693 0
-0.115633 0
-0.0773048 0
-0.125236 0
-0.0756306 0
-0.0845707 0
-0.0370841 0
-0.0162802 0
-0.0579805 0
-0.0544124 0
-0.112633 0
-0.0799561 0
-0.124085 0
-0.0762003 0
-0.0826263 0
-0.0363975 0
-0.028904 0
-0.0730051 0
-0.0677314 0
-0.106304 0
-0.068997 0
-0.0746622 0
-0.0346252 0
-0.0292198 0
-0.0590309 0
-0.051186 0
-0.0573891 0
-0.0296685 0
-0.0193846 0
-0.0264843 0
-0.0188515 0
0.0822627 0
0.0806132 0
0.158551 0
0.080613 0
0.0822625 0
0.0372292 0
0.099933 0
0.139651 0
0.0760507 0
0.107541 0
0.0663087 0
0.0676214 0
0.0418313 0
0.0833917 0
0.00915538 0
-0.0140643 0
0.00154085 0
0.0305092 0
-0.03437 0
-0.0499855 0
-0.015386 0
-0.00977788 0
-0.0355894 0
-0.0110309 0
0.00591359 0
-0.00677699 0
0.0109336 0
0.0846414 0
0.0554645 0
0.0433661 0
0.0755204 0
0.170712 0
0.100345 0
0.111399 0
0.118118 0
0.195802 0
0.107384 0
0.15074 0
0.0965866 0
0.105233 0
0.049809 0
0.113319 0
0.107541 0
0.0760516 0
0.139652 0
0.0663096 0
0.0847746 0
0.0131742 0
-0.0132252 0
-0.0457708 0
-0.0870921 0
-0.0738326 0
-0.0953098 0
-0.0556026 0
-0.0255731 0
-0.000708474 0
0.0762092 0
0.0583615 0
0.149028 0
0.0756734 0
0.115664 0
0.0833937 0
0.0418332 0
0.0676243 0
0.0091576 0
-0.0132232 0
-0.0457696 0
-0.102752 0
-0.0883214 0
-0.145254 0
-0.0985184 0
-0.125861 0
-0.0711683 0
-0.0537731 0
-0.0218607 0
0.0320777 0
0.0201215 0
0.0652761 0
0.0305125 0
0.00154374 0
-0.0140594 0
-0.0343668 0
-0.0870885 0
-0.0738306 0
-0.145252 0
-0.0985178 0
-0.167873 0
-0.0991388 0
-0.136926 0
-0.0753476 0
-0.0750414 0
-0.0336827 0
-0.00947101 0
-0.00977367 0
-0.0153829 0
-0.0499801 0
-0.0355865 0
-0.0953061 0
-0.0556011 0
-0.12586 0
-0.071168 0
-0.136926 0
-0.0753478 0
-0.121389 0
-0.0565046 0
-0.0622897 0
-0.00677326 0
0.00591573 0
-0.0110271 0
0.010935 0
-0.0255715 0
-0.000708422 0
-0.0537733 0
-0.0218614 0
-0.0750421 0
-0.0336832 0
-0.0622901 0
0.0433678 0
0.0554648 0
0.084642 0
0.0755196 0
0.0762079 0
0.05836 0
0.0320759 0
0.0201203 0
-0.00947219 0
0.111398 0
0.100343 0
0.170709 0
0.118116 0
0.149025 0
0.0756715 0
0.0652741 0
0.150738 0
0.107382 0
0.195798 0
0.0965845 0
0.115661 0
0.113317 0
0.0498079 0
0.105231 0
0 0
0 0
0 0
0 0
0 0
0 0
0 0
0 0
0 0
0 0
0 0
0 0
0 0
0 0
0 0
0 0
0 0
0 0
0 0
0 0
0 0
0 0
0 0
0 0
0 0
0 0
0 0
0 0
0 0
0 0
0 0
0 0
0 0
0 0
0 0
0 0
0 0
0 0
0 0
0 0
0 0
0 0
0 0
0 0
0 0
0 0
0 0
0 0
0 0
0 0
0 0
0 0
0 0
0 0
0 0
0 0
0 0
0 0
0 0
0 0
0 0
0 0
0 0
0 0
0 0
0 0
0 0
0 0
0 0
0 0
0 0
0 0
0 0
0 0
0 0
0 0
0 0
0 0
0 0
0 0
0 0
0 0
0 0
0 0
0 0
0 0
0 0
0 0
0 0
0 0
0 0
0 0
0 0
0 0
0 0
0 0
0 0
0 0
0 0
0 0
0 0
0 0
0 0
0 0
0 0
0 0
0 0
0 0
0 0
0 0
0 0
0 0
0 0
0 0
0 0
0 0
0 0
0 0
0 0
0 0
0 0
0 0
0 0
0 0
0 0
0 0
0 0
0 0
0 0
0 0
0 0
0 0
0 0
0 0
0 0
0 0
0 0
0 0
0 0
0 0
0 0
0.0055069 0
0.00785551 0
-2.44774e-06 0
-0.007858 0
-0.00550946 0
-5.7894e-07 0
-1.53031e-06 0
-0.0394734 0
-0.0333359 0
-0.0283968 0
-0.0349064 0
-0.114051 0
-0.0748025 0
-0.0768323 0
-0.0874236 0
-0.193297 0
-0.113817 0
-0.133255 0
-0.122941 0
-0.206692 0
-0.119103 0
-0.165211 0
-0.109595 0
-0.137525 0
-0.0791381 0
-0.142456 0
-0.044088 0
-0.00743714 0
-0.00761854 0
-0.0615638 0
0.0392823 0
0.112059 0
0.0579764 0
0.036163 0
0.0950301 0
0.158011 0
0.0812905 0
0.101512 0
0.0826337 0
0.0888137 0
0.0403753 0
0.0880978 0
0.0283935 0
0.0333336 0
0.0394692 0
0.0349044 0
-1.27163e-06 0
-2.03733e-07 0
-0.0772394 0
-0.0490072 0
-0.139889 0
-0.0745087 0
-0.136505 0
-0.0514111 0
-0.0484703 0
0.00978996 0
0.0676017 0
0.0686452 0
0.144119 0
0.0792868 0
0.109171 0
0.0768298 0
0.0748013 0
0.114049 0
0.0874234 0
0.0772398 0
0.0490085 0
1.41979e-06 0
1.17568e-06 0
-0.0538055 0
-0.0217218 0
-0.0428533 0
-0.00331095 0
0.0241581 0
0.0354854 0
0.0905143 0
0.0550864 0
0.0919482 0
0.133254 0
0.113817 0
0.193298 0
0.122942 0
0.139891 0
0.0745107 0
0.0538093 0
0.0217242 0
2.0225e-06 0
1.10624e-06 0
0.00398815 0
0.0104404 0
0.0421376 0
0.0273143 0
0.0577953 0
0.165212 0
0.119104 0
0.206693 0
0.109596 0
0.136507 0
0.0514125 0
0.0428563 0
0.0033125 0
-0.00398525 0
-0.010439 0
1.1182e-06 0
4.77953e-07 0
0.0189458 0
0.142457 0
0.0791381 0
0.137526 0
0.0440879 0
0.0484709 0
-0.0097901 0
-0.0241572 0
-0.0354852 0
-0.0421364 0
-0.0273139 0
-0.0189448 0
0.0615629 0
0.00761725 0
0.00743512 0
-0.0392842 0
-0.0676038 0
-0.0686468 0
-0.0905156 0
-0.0550872 0
-0.0577956 0
-0.0361657 0
-0.0579788 0
-0.112063 0
-0.0950331 0
-0.144122 0
-0.0792888 0
-0.0919502 0
-0.101516 0
-0.0812931 0
-0.158016 0
-0.0826361 0
-0.109174 0
-0.0881005 0
-0.0403765 0
-0.0888162 0
0 0
0 0
0 0
0 0
0 0
0 0
0 0
0 0
0 0
0 0
0 0
0 0
0 0
0 0
0 0
0 0
0 0
0 0
0 0
0 0
0 0
0 0
0 0
0 0
0 0
0 0
0 0
0 0
0 0
0 0
0 0
0 0
0 0
0 0
0 0
0 0
0 0
0 0
0 0
0 0
0 0
0 0
0 0
0 0
0 0
0 0
0 0
0 0
0 0
0 0
0 0
0 0
0 0
0 0
0 0
0 0
0 0
0 0
0 0
0 0
0 0
0 0
0 0
0 0
0 0
0 0
0 0
0 0
0 0
0 0
0 0
0 0
0 0
0 0
0 0
0 0
0 0
0 0
0 0
0 0
0 0
0 0
0 0
0 0
0 0
0 0
0 0
0 0
0 0
0 0
0 0
0 0
0 0
0 0
0 0
0 0
0 0
0 0
0 0
0 0
0 0
0 0
0 0
0 0
0 0
0 0
0 0
0 0
0 0
0 0
0 0
0 0
0 0
0 0
0 0
0 0
0 0
0 0
0 0
0 0
0 0
0 0
0 0
0 0
0 0
0 0
0 0
0 0
0 0
0 0
0 0
0 0
0 0
0 0
0 0
0 0
0 0
0 0
0 0
0 0
0 0
-0.102616 0
-0.0986842 0
-0.193313 0
-0.0986841 0
-0.102616 0
-0.0466151 0
-0.117847 0
-0.160539 0
-0.086935 0
-0.128882 0
-0.0710925 0
-0.0597495 0
-0.0346553 0
-0.0870348 0
0.00309644 0
0.0581983 0
0.0304058 0
-0.00302441 0
0.063496 0
0.132802 0
0.0757839 0
0.0758823 0
0.0852679 0
0.143506 0
0.0869253 0
0.117806 0
0.0692564 0
0.108048 0
0.0710467 0
0.112935 0
0.0390709 0
0.0597958 0
0.0457487 0
0.0845061 0
0.0171643 0
0.0314485 0
0.0254359 0
0.0522842 0
0.00861086 0
0.012461 0
0.00851789 0
0.0247729 0
-0.128882 0
-0.0869353 0
-0.160539 0
-0.0710926 0
-0.0916501 0
-0.0139136 0
0.0151405 0
0.0374025 0
0.0871709 0
0.0517705 0
0.0968176 0
0.0289933 0
0.0515807 0
-0.00757826 0
0.0030455 0
-0.0262211 0
-0.0166129 0
-0.0187767 0
-0.00690262 0
-0.0870352 0
-0.0346556 0
-0.05975 0
0.0030961 0
0.0151402 0
0.0374024 0
0.0630107 0
0.0344487 0
0.0449022 0
-0.00638141 0
-0.0202171 0
-0.0584653 0
-0.088057 0
-0.0859992 0
-0.101607 0
-0.0654492 0
-0.058048 0
-0.00302495 0
0.0304054 0
0.0581976 0
0.0634956 0
0.0871705 0
0.0517703 0
0.0449021 0
-0.00638147 0
-0.0530144 0
-0.0798914 0
-0.150814 0
-0.129716 0
-0.18947 0
-0.11163 0
-0.125118 0
0.0758818 0
0.0757835 0
0.132802 0
0.0852676 0
0.0968172 0
0.0289931 0
-0.0202172 0
-0.0584652 0
-0.150814 0
-0.129716 0
-0.231463 0
-0.131821 0
-0.17009 0
0.117805 0
0.0869251 0
0.143506 0
0.0692563 0
0.0515807 0
-0.00757814 0
-0.0880568 0
-0.085999 0
-0.18947 0
-0.11163 0
-0.17009 0
0.112935 0
0.0710467 0
0.108048 0
0.0390711 0
0.00304586 0
-0.0262208 0
-0.101607 0
-0.065449 0
-0.125117 0
0.0845062 0
0.0457489 0
0.0597962 0
0.0171646 0
-0.0166123 0
-0.0187764 0
-0.0580476 0
0.0522846 0
0.0254361 0
0.0314491 0
0.00861117 0
-0.0069022 0
0.0247732 0
0.00851803 0
0.0124613 0
0 0
0 0
0 0
0 0
0 0
0 0
0 0
0 0
0 0
0 0
0 0
0 0
0 0
0 0
0 0
0 0
0 0
0 0
0 0
0 0
0 0
0 0
0 0
0 0
0 0
0 0
0 0
0 0
0 0
0 0
0 0
0 0
0 0
0 0
0 0
0 0
0 0
0 0
0 0
0 0
0 0
0 0
0 0
0 0
0 0
0 0
0 0
0 0
0 0
0 0
0 0
0 0
0 0
0 0
0 0
0 0
0 0
0 0
0 0
0 0
0 0
0 0
0 0
0 0
0 0
0 0
0 0
0 0
0 0
0 0
0 0
0 0
0 0
0 0
0 0
0 0
0 0
0 0
0 0
0 0
0 0
0 0
0 0
0 0
0 0
0 0
0 0
0 0
0 0
0 0
0 0
0 0
0 0
0 0
0 0
0 0
0 0
0 0
0 0
0 0
0 0
0 0
0 0
0 0
0 0
0 0
0 0
0 0
0 0
0 0
0 0
0 0
0 0
0 0
0 0
0 0
0 0
0 0
0 0
0 0
0 0
0 0
0 0
0 0
0 0
0 0
0 0
0 0
0 0
0 0
0 0
0 0
0 0
0 0
0 0
0 0
0 0
0 0
0 0
0 0
0 0
0 0
0 0
0 0
0 0
0 0
0 0
0 0
0 0
0 0
0 0
0 0
0 0
0 0
0 0
0 0
0 0
0 0
0 0
0 0
0 0
0 0
0 0
0 0
0 0
0 0
0 0
0 0
0 0
0 0
0 0
0 0
0 0
0 0
0 0
0 0
0 0
0 0
0 0
0 0
0 0
0 0
0 0
0 0
0 0
0 0
0 0
0 0
0 0
0 0
0 0
0 0
0 0
0 0
0 0
0 0
0 0
0 0
0 0
0 0
0 0
0 0
0 0
0 0
0 0
0 0
0 0
0 0
0 0
0 0
0 0
0 0
0 0
0 0
0 0
0 0
0 0
0 0
0 0
0 0
0 0
0 0
0 0
0 0
0 0
0 0
0 0
0 0
0 0
0 0
0 0
0 0
0 0
0 0
0 0
0 0
0 0
0 0
0 0
0 0
0 0
0 0
0 0
0 0
0 0
0 0
0 0
0 0
0 0
0 0
0 0
0 0
0 0
0 0
0 0
0 0
0 0
0 0
0 0
0 0
0 0
0 0
0 0
0 0
0 0
0 0
0 0
0 0
0 0
0 0
0 0
0 0
0 0
0 0
0 0
0 0
0 0
0 0
0 0
0 0
0 0
0 0
0.0410406 0
0.118267 0
0.0976572 0
0.118267 0
0.0410406 0
0.0592501 0
0.183528 0
0.106061 0
0.123756 0
0.0552097 0
0.142789 0
0.0606177 0
0.0760557 0
0.0446923 0
0.0394633 0
0.000742645 0
0.0117513 0
0.0197711 0
-0.047995 0
-0.0270195 0
-0.0180157 0
-0.00141191 0
-0.0496167 0
0.000840936 0
0.0142474 0
-0.000845225 0
0.0389751 0
0.0654296 0
0.0879662 0
0.0231242 0
0.15567 0
0.121909 0
0.149721 0
0.0536475 0
0.207732 0
0.116095 0
0.148006 0
0.0673969 0
0.13767 0
0.0489029 0
0.0749571 0
0.051728 0
0.0552098 0
0.123756 0
0.106061 0
0.142789 0
0.0773085 0
0.051634 0
0.00594442 0
-0.065527 0
-0.0549216 0
-0.123357 0
-0.0573864 0
-0.0780183 0
-0.000400258 0
0.0373263 0
0.0762274 0
0.135207 0
0.108182 0
0.124405 0
0.0602518 0
0.0446925 0
0.0760565 0
0.0606182 0
0.0394645 0
0.00594486 0
-0.0655263 0
-0.0646988 0
-0.153154 0
-0.101669 0
-0.164113 0
-0.0776999 0
-0.0948821 0
-0.0113551 0
0.00780064 0
0.0472407 0
0.0580028 0
0.0410702 0
0.0197716 0
0.0117525 0
0.000743576 0
-0.0479933 0
-0.0549207 0
-0.123356 0
-0.101669 0
-0.164112 0
-0.108301 0
-0.149008 0
-0.0766997 0
-0.087277 0
-0.0224027 0
-0.0168187 0
0.00916744 0
-0.00141134 0
-0.0180143 0
-0.0270184 0
-0.0496151 0
-0.0573855 0
-0.0780172 0
-0.0776994 0
-0.0948817 0
-0.0766996 0
-0.087277 0
-0.0512307 0
-0.0487602 0
-0.0147167 0
-0.000844704 0
0.0142484 0
0.000841743 0
0.038976 0
-0.00039978 0
0.0373265 0
-0.0113551 0
0.00780048 0
-0.0224028 0
-0.0168189 0
-0.0147167 0
0.0231245 0
0.0879663 0
0.0654297 0
0.15567 0
0.0762271 0
0.135206 0
0.0472404 0
0.0580024 0
0.00916732 0
0.0536474 0
0.14972 0
0.121908 0
0.207731 0
0.108181 0
0.124405 0
0.0410699 0
0.0673965 0
0.148004 0
0.116094 0
0.137669 0
0.0602513 0
0.0517276 0
0.0749564 0
0.0489025 0
0 0
0 0
0 0
0 0
0 0
0 0
0 0
0 0
0 0
0 0
0 0
0 0
0 0
0 0
0 0
0 0
0 0
0 0
0 0
0 0
0 0
0 0
0 0
0 0
0 0
0 0
0 0
0 0
0 0
0 0
0 0
0 0
0 0
0 0
0 0
0 0
0 0
0 0
0 0
0 0
0 0
0 0
0 0
0 0
0 0
0 0
0 0
0 0
0 0
0 0
0 0
0 0
0 0
0 0
0 0
0 0
0 0
0 0
0 0
0 0
0 0
0 0
0 0
0 0
0 0
0 0
0 0
0 0
0 0
0 0
0 0
0 0
0 0
0 0
0 0
0 0
0 0
0 0
0 0
0 0
0 0
0 0
0 0
0 0
0 0
0 0
0 0
0 0
0 0
0 0
0 0
0 0
0 0
0 0
0 0
0 0
0 0
0 0
0 0
0 0
0 0
0 0
0 0
0 0
0 0
0 0
0 0
0 0
0 0
0 0
0 0
0 0
0 0
0 0
0 0
0 0
0 0
0 0
0 0
0 0
0 0
0 0
0 0
0 0
0 0
0 0
0 0
0 0
0 0
0 0
0 0
0 0
0 0
0 0
0 0
0 0
0 0
0 0
0 0
0 0
0 0
0.00174159 0
0.00750321 0
-7.20475e-07 0
-0.00750497 0
-0.00174221 0
-4.53288e-07 0
-1.32141e-06 0
-0.0218872 0
-0.0380414 0
-0.0104313 0
-0.0544551 0
-0.0702134 0
-0.0970312 0
-0.03033 0
-0.146488 0
-0.120635 0
-0.156647 0
-0.0573444 0
-0.217767 0
-0.136771 0
-0.170046 0
-0.0739233 0
-0.195107 0
-0.0871677 0
-0.10831 0
-0.0626802 0
-0.068826 0
0.00510913 0
0.00252698 0
-0.0240264 0
0.088278 0
0.0854075 0
0.0987906 0
0.0229583 0
0.170932 0
0.0980663 0
0.122193 0
0.0502224 0
0.121955 0
0.0433444 0
0.0657492 0
0.04378 0
0.0104305 0
0.0380397 0
0.0218857 0
0.0544532 0
-5.08039e-07 0
-2.89405e-07 0
-0.0564368 0
-0.0952948 0
-0.107221 0
-0.147522 0
-0.101265 0
-0.0985133 0
-0.033063 0
0.0261001 0
0.0574099 0
0.131805 0
0.0984063 0
0.120665 0
0.0560032 0
0.0303294 0
0.0970302 0
0.0702126 0
0.146488 0
0.0564368 0
0.0952957 0
3.83071e-07 0
7.80598e-07 0
-0.0448384 0
-0.0460238 0
-0.0350348 0
-0.00681158 0
0.0202801 0
0.0692201 0
0.0677112 0
0.0859081 0
0.0466941 0
0.0573442 0
0.156647 0
0.120635 0
0.217768 0
0.107222 0
0.147523 0
0.0448394 0
0.0460249 0
2.9377e-07 0
1.36489e-07 0
0.00297378 0
0.0195996 0
0.0304451 0
0.0415144 0
0.0284742 0
0.0739234 0
0.170047 0
0.136772 0
0.195109 0
0.101266 0
0.0985141 0
0.0350352 0
0.00681162 0
-0.00297384 0
-0.0196001 0
-1.98979e-07 0
-3.03398e-07 0
0.00935277 0
0.0626804 0
0.108311 0
0.0871681 0
0.0688261 0
0.0330631 0
-0.0261006 0
-0.0202804 0
-0.069221 0
-0.0304456 0
-0.0415151 0
-0.00935307 0
0.0240265 0
-0.00252727 0
-0.00510939 0
-0.0882789 0
-0.0574105 0
-0.131807 0
-0.067712 0
-0.085909 0
-0.0284745 0
-0.0229585 0
-0.0987914 0
-0.0854082 0
-0.170933 0
-0.0984071 0
-0.120666 0
-0.0466945 0
-0.0502227 0
-0.122193 0
-0.0980669 0
-0.121956 0
-0.0560036 0
-0.0437802 0
-0.0657495 0
-0.0433447 0
0 0
0 0
0 0
0 0
0 0
0 0
0 0
0 0
0 0
0 0
0 0
0 0
0 0
0 0
0 0
0 0
0 0
0 0
0 0
0 0
0 0
0 0
0 0
0 0
0 0
0 0
0 0
0 0
0 0
0 0
0 0
0 0
0 0
0 0
0 0
0 0
0 0
0 0
0 0
0 0
0 0
0 0
0 0
0 0
0 0
0 0
0 0
0 0
0 0
0 0
0 0
0 0
0 0
0 0
0 0
0 0
0 0
0 0
0 0
0 0
0 0
0 0
0 0
0 0
0 0
0 0
0 0
0 0
0 0
0 0
0 0
0 0
0 0
0 0
0 0
0 0
0 0
0 0
0 0
0 0
0 0
0 0
0 0
0 0
0 0
0 0
0 0
0 0
0 0
0 0
0 0
0 0
0 0
0 0
0 0
0 0
0 0
0 0
0 0
0 0
0 0
0 0
0 0
0 0
0 0
0 0
0 0
0 0
0 0
0 0
0 0
0 0
0 0
0 0
0 0
0 0
0 0
0 0
0 0
0 0
0 0
0 0
0 0
0 0
0 0
0 0
0 0
0 0
0 0
0 0
0 0
0 0
0 0
0 0
0 0
0 0
0 0
0 0
0 0
0 0
0 0
-0.0488309 0
-0.137993 0
-0.111689 0
-0.137992 0
-0.0488309 0
-0.0719004 0
-0.201412 0
-0.111415 0
-0.13211 0
-0.0619975 0
-0.136258 0
-0.0470497 0
-0.0584455 0
-0.0428813 0
-0.00451544 0
0.0329241 0
0.0381059 0
-0.00460785 0
0.108259 0
0.0848142 0
0.105627 0
0.0325945 0
0.146776 0
0.0918849 0
0.122076 0
0.0513855 0
0.122651 0
0.0726419 0
0.10429 0
0.051527 0
0.084858 0
0.0538789 0
0.078897 0
0.0416005 0
0.0615689 0
0.0363188 0
0.0546341 0
0.0304139 0
0.0371715 0
0.0144141 0
0.0251102 0
0.0186177 0
-0.0619976 0
-0.132111 0
-0.111415 0
-0.136258 0
-0.0706784 0
-0.0338646 0
0.00654665 0
0.0663638 0
0.0624871 0
0.0931973 0
0.0665326 0
0.0492231 0
0.0394446 0
-0.00375408 0
0.0148576 0
-0.0175352 0
0.0107416 0
0.00207934 0
0.00908033 0
-0.0428815 0
-0.0584461 0
-0.0470502 0
-0.00451627 0
0.00654633 0
0.0663633 0
0.0442993 0
0.060672 0
0.0301213 0
-0.0241408 0
-0.0218275 0
-0.119166 0
-0.0606849 0
-0.141343 0
-0.055168 0
-0.0743704 0
-0.0163764 0
-0.00460818 0
0.038105 0
0.0329234 0
0.108257 0
0.0624865 0
0.0931966 0
0.0301211 0
-0.024141 0
-0.0499569 0
-0.170504 0
-0.122443 0
-0.235692 0
-0.124626 0
-0.155284 0
-0.0514298 0
0.0325941 0
0.105626 0
0.0848135 0
0.146775 0
0.0665321 0
0.0492227 0
-0.0218277 0
-0.119166 0
-0.122443 0
-0.235692 0
-0.152532 0
-0.18938 0
-0.0778185 0
0.0513852 0
0.122076 0
0.0918844 0
0.122651 0
0.0394445 0
-0.00375379 0
-0.0606847 0
-0.141343 0
-0.124626 0
-0.155283 0
-0.0778184 0
0.0515269 0
0.10429 0
0.072642 0
0.0848585 0
0.0148579 0
-0.0175344 0
-0.0551675 0
-0.0743699 0
-0.0514296 0
0.0416006 0
0.0788975 0
0.0538794 0
0.0615698 0
0.0107421 0
0.00208003 0
-0.0163761 0
0.0304141 0
0.0546346 0
0.0363192 0
0.0371721 0
0.00908062 0
0.0186179 0
0.0251105 0
0.0144143 0
0.0123176 0
0.0160285 0
1.03601e-05 0
-0.0160172 0
-0.0123041 0
3.14669e-06 0
4.4387e-06 0
-0.0651872 0
-0.056667 0
-0.0548233 0
-0.0478971 0
-0.139491 0
-0.0958218 0
-0.118891 0
-0.0799672 0
-0.14078 0
-0.0911549 0
-0.144874 0
-0.0474039 0
-0.0324649 0
-0.0332466 0
-0.0968131 0
0.0294727 0
0.0740069 0
0.0203895 0
-0.0101499 0
0.066186 0
0.0574202 0
0.00734517 0
0.0215943 0
0.0152236 0
-0.0841543 0
-0.0685378 0
-0.0482721 0
-0.080584 0
-0.206231 0
-0.123812 0
-0.154243 0
-0.107833 0
-0.140355 0
-0.0690367 0
-0.153522 0
0.0548363 0
0.0566729 0
0.0651957 0
0.047896 0
-3.57808e-06 0
-4.54571e-06 0
-0.0615303 0
-0.0210286 0
-0.0290037 0
0.0209552 0
0.0840555 0
0.0840993 0
0.150694 0
0.097368 0
0.0915772 0
0.0354406 0
-0.0507772 0
-0.0341191 0
-0.104506 0
0.118894 0
0.0958203 0
0.139484 0
0.0799598 0
0.0615143 0
0.021019 0
-7.8849e-06 0
-3.09615e-06 0
0.0351985 0
0.0376042 0
0.127436 0
0.089711 0
0.176116 0
0.0968559 0
0.110815 0
0.0487924 0
0.0109786 0
0.14487 0
0.0911516 0
0.140771 0
0.0473999 0
0.0289938 0
-0.0209577 0
-0.035204 0
-0.0376046 0
-1.50533e-08 0
3.7001e-07 0
0.0837358 0
0.049547 0
0.128983 0
0.061679 0
0.0849213 0
0.0968125 0
0.0332491 0
0.0324671 0
-0.0294677 0
-0.0840511 0
-0.0840948 0
-0.127432 0
-0.0897088 0
-0.0837342 0
-0.0495474 0
-7.49206e-07 0
-8.42744e-07 0
0.0468369 0
0.0101587 0
-0.0203808 0
-0.0739922 0
-0.0661766 0
-0.150683 0
-0.0973633 0
-0.176111 0
-0.096856 0
-0.128984 0
-0.061681 0
-0.0468397 0
-0.0215813 0
-0.00733719 0
-0.0574063 0
-0.0152194 0
-0.0915727 0
-0.0354422 0
-0.110818 0
-0.0487958 0
-0.0849254 0
0.0482785 0
0.0685379 0
0.0841537 0
0.0805788 0
0.0507689 0
0.034113 0
-0.0109857 0
0.154238 0
0.123806 0
0.206218 0
0.107825 0
0.104495 0
0.153513 0
0.0690322 0
0.140345 0
0 0
0 0
0 0
0 0
0 0
0 0
0 0
0 0
0 0
0 0
0 0
0 0
0 0
0 0
0 0
0 0
0 0
0 0
0 0
0 0
0 0
0 0
0 0
0 0
0 0
0 0
0 0
0 0
0 0
0 0
0 0
0 0
0 0
0 0
0 0
0 0
0 0
0 0
0 0
0 0
0 0
0 0
0 0
0 0
0 0
0 0
0 0
0 0
0 0
0 0
0 0
0 0
0 0
0 0
0 0
0 0
0 0
0 0
0 0
0 0
0 0
0 0
0 0
0 0
0 0
0 0
0 0
0 0
0 0
0 0
0 0
0 0
0 0
0 0
0 0
0 0
0 0
0 0
0 0
0 0
0 0
0 0
0 0
0 0
0 0
0 0
0 0
0 0
0 0
0 0
0 0
0 0
0 0
0 0
0 0
0 0
0 0
0 0
0 0
0 0
0 0
0 0
0 0
0 0
0 0
0 0
0 0
0 0
0 0
0 0
0 0
0 0
0 0
0 0
0 0
0 0
0 0
0 0
0 0
0 0
0 0
0 0
0 0
0 0
0 0
0 0
0 0
0 0
0 0
0 0
0 0
0 0
0 0
0 0
0 0
0 0
0 0
0 0
0 0
0 0
0 0
-0.156584 0
-0.130524 0
-0.240263 0
-0.130526 0
-0.156585 0
-0.0730533 0
-0.102892 0
-0.0984692 0
-0.0680185 0
-0.149914 0
0.0131045 0
0.0730582 0
0.0189745 0
-0.0382798 0
0.0849744 0
0.109564 0
0.0391011 0
0.0450473 0
0.0458426 0
-0.0241816 0
-0.0270433 0
0.00939397 0
-0.0568854 0
-0.16577 0
-0.0977023 0
-0.0985873 0
-0.10512 0
-0.154317 0
-0.0882888 0
-0.144971 0
-0.044904 0
0.0095714 0
-0.000491626 0
-0.0701123 0
0.0606113 0
0.148433 0
0.0733443 0
0.0584853 0
0.0905612 0
0.11083 0
0.0489475 0
0.0974617 0
-0.149909 0
-0.0680136 0
-0.0984635 0
0.0131087 0
0.0813928 0
0.102987 0
0.180462 0
0.108009 0
0.11014 0
0.0262872 0
-0.0523854 0
-0.0531691 0
-0.127844 0
-0.051634 0
-0.0464547 0
0.0215101 0
0.0985161 0
0.071523 0
0.11945 0
-0.0382694 0
0.018983 0
0.0730705 0
0.0849815 0
0.180467 0
0.108011 0
0.174297 0
0.0660016 0
0.0554226 0
-0.000165145 0
-0.0486761 0
-0.0273507 0
-0.0474983 0
0.00247408 0
0.0399285 0
0.0412095 0
0.0844351 0
0.04506 0
0.0391091 0
0.109577 0
0.0458467 0
0.110143 0
0.0262853 0
0.0554194 0
-0.000168509 0
-0.00746053 0
-0.0118411 0
-0.0218619 0
0.00286457 0
0.0181904 0
0.0239817 0
0.0501675 0
0.0094024 0
-0.0270405 0
-0.0241789 0
-0.0568881 0
-0.052393 0
-0.0531766 0
-0.0486875 0
-0.0273587 0
-0.0218693 0
0.00286022 0
0.0159658 0
0.0194136 0
0.0329883 0
-0.0985866 0
-0.0977042 0
-0.165777 0
-0.105126 0
-0.127858 0
-0.0516425 0
-0.0475138 0
0.00246559 0
0.0181791 0
0.0239763 0
0.0329842 0
-0.144973 0
-0.0882894 0
-0.154322 0
-0.0449052 0
-0.0464626 0
0.0215071 0
0.0399188 0
0.0412053 0
0.0501602 0
-0.0701079 0
-0.000485492 0
0.00957902 0
0.0606185 0
0.0985208 0
0.0715261 0
0.0844343 0
0.0584989 0
0.0733553 0
0.148452 0
0.0905707 0
0.119459 0
0.0974751 0
0.0489535 0
0.110842 0
0 0
0 0
0 0
0 0
0 0
0 0
0 0
0 0
0 0
0 0
0 0
0 0
0 0
0 0
0 0
0 0
0 0
0 0
0 0
0 0
0 0
0 0
0 0
0 0
0 0
0 0
0 0
0 0
0 0
0 0
0 0
0 0
0 0
0 0
0 0
0 0
0 0
0 0
0 0
0 0
0 0
0 0
0 0
0 0
0 0
0 0
0 0
0 0
0 0
0 0
0 0
0 0
0 0
0 0
0 0
0 0
0 0
0 0
0 0
0 0
0 0
0 0
0 0
0 0
0 0
0 0
0 0
0 0
0 0
0 0
0 0
0 0
0 0
0 0
0 0
0 0
0 0
0 0
0 0
0 0
0 0
0 0
0 0
0 0
0 0
0 0
0 0
0 0
0 0
0 0
0 0
0 0
0 0
0 0
0 0
0 0
0 0
0 0
0 0
0 0
0 0
0 0
0 0
0 0
0 0
0 0
0 0
0 0
0 0
0 0
0 0
0 0
0 0
0 0
0 0
0 0
0 0
0 0
0 0
0 0
0 0
0 0
0 0
0 0
0 0
0 0
0 0
0 0
0 0
0 0
0 0
0 0
0 0
0 0
0 0
0 0
0 0
0 0
0 0
0 0
0 0
0.0141188 0
0.0180398 0
-1.88756e-07 0
-0.01804 0
-0.014119 0
-5.33332e-08 0
-9.75864e-08 0
-0.070702 0
-0.0614396 0
-0.0610448 0
-0.0502829 0
-0.142978 0
-0.096933 0
-0.125813 0
-0.0786589 0
-0.127092 0
-0.0764105 0
-0.136834 0
-0.0391838 0
0.0049303 0
0.00722526 0
-0.0548582 0
0.0396133 0
0.137289 0
0.0922797 0
0.0800568 0
0.0801188 0
0.164385 0
0.11848 0
0.167197 0
0.0515796 0
0.0856723 0
0.082384 0
0.161485 0
0.000310783 0
0.0135648 0
0.0343944 0
0.0954651 0
-0.0144913 0
-0.00670951 0
0.00619591 0
0.0329369 0
0.0610447 0
0.0614396 0
0.0707018 0
0.0502828 0
-5.67432e-08 0
-3.33265e-08 0
-0.0642674 0
-0.0253048 0
-0.0440837 0
-0.00662447 0
0.0256495 0
0.0074515 0
0.0379288 0
-0.0261402 0
-0.0315882 0
-0.0757492 0
-0.0979288 0
-0.0750962 0
-0.067131 0
0.125813 0
0.0969331 0
0.142978 0
0.0786589 0
0.0642673 0
0.0253047 0
-1.04098e-07 0
-7.99967e-08 0
-0.00993858 0
-0.00967273 0
-0.0316647 0
-0.0495564 0
-0.118042 0
-0.111802 0
-0.192734 0
-0.122821 0
-0.150767 0
0.136834 0
0.0764106 0
0.127092 0
0.0391838 0
0.0440836 0
0.00662438 0
0.00993834 0
0.0096726 0
-9.34734e-08 0
-1.86088e-08 0
-0.0630519 0
-0.0538024 0
-0.166655 0
-0.0992861 0
-0.173919 0
0.0548584 0
-0.00722517 0
-0.00493021 0
-0.0396133 0
-0.0256496 0
-0.00745157 0
0.0316645 0
0.0495564 0
0.0630519 0
0.0538025 0
1.47299e-07 0
9.67982e-08 0
-0.0767832 0
-0.0800567 0
-0.0922796 0
-0.137289 0
-0.0801188 0
-0.0379288 0
0.0261401 0
0.118042 0
0.111802 0
0.166655 0
0.0992863 0
0.0767834 0
-0.167197 0
-0.11848 0
-0.164385 0
-0.0515796 0
0.0315881 0
0.075749 0
0.192734 0
0.122821 0
0.173919 0
-0.161485 0
-0.0823839 0
-0.0856724 0
-0.000310927 0
0.0979285 0
0.075096 0
0.150767 0
-0.0954651 0
-0.0343944 0
-0.0135651 0
0.0144911 0
0.0671308 0
-0.032937 0
-0.00619598 0
0.00670931 0
0 0
0 0
0 0
0 0
0 0
0 0
0 0
0 0
0 0
0 0
0 0
0 0
0 0
0 0
0 0
0 0
0 0
0 0
0 0
0 0
0 0
0 0
0 0
0 0
0 0
0 0
0 0
0 0
0 0
0 0
0 0
0 0
0 0
0 0
0 0
0 0
0 0
0 0
0 0
0 0
0 0
0 0
0 0
0 0
0 0
0 0
0 0
0 0
0 0
0 0
0 0
0 0
0 0
0 0
0 0
0 0
0 0
0 0
0 0
0 0
0 0
0 0
0 0
0 0
0 0
0 0
0 0
0 0
0 0
0 0
0 0
0 0
0 0
0 0
0 0
0 0
0 0
0 0
0 0
0 0
0 0
0 0
0 0
0 0
0 0
0 0
0 0
0 0
0 0
0 0
0 0
0 0
0 0
0 0
0 0
0 0
0 0
0 0
0 0
0 0
0 0
0 0
0 0
0 0
0 0
0 0
0 0
0 0
0 0
0 0
0 0
0 0
0 0
0 0
0 0
0 0
0 0
0 0
0 0
0 0
0 0
0 0
0 0
0 0
0 0
0 0
0 0
0 0
0 0
0 0
0 0
0 0
0 0
0 0
0 0
0 0
0 0
0 0
0 0
0 0
0 0
-0.101112 0
-0.0794106 0
-0.146229 0
-0.0794105 0
-0.101112 0
-0.0476556 0
-0.0563312 0
-0.04534 0
-0.0254433 0
-0.0818553 0
0.0110818 0
0.0720783 0
0.0515232 0
0.0210701 0
0.0497483 0
0.129464 0
0.0996806 0
0.121372 0
0.045729 0
0.115574 0
0.102382 0
0.162935 0
0.0288998 0
0.0826422 0
0.0763408 0
0.146266 0
0.0206439 0
0.0368915 0
0.0322547 0
0.0876104 0
0.00247117 0
-0.0329187 0
-0.021187 0
0.00905086 0
-0.0321856 0
-0.0912925 0
-0.0555156 0
-0.0638 0
-0.0464211 0
-0.0651649 0
-0.032776 0
-0.0728874 0
-0.0818556 0
-0.0254435 0
-0.0453402 0
0.0110817 0
0.0201216 0
0.00890305 0
0.00886495 0
-0.0444972 0
-0.0519853 0
-0.0839984 0
-0.0763552 0
-0.0636821 0
-0.0324633 0
-0.00885748 0
0.00644203 0
0.0165109 0
-0.0106082 0
-0.000409028 0
-0.0356531 0
0.0210696 0
0.0515229 0
0.0720778 0
0.0497481 0
0.00886474 0
-0.0444973 0
-0.146474 0
-0.141648 0
-0.229661 0
-0.146122 0
-0.162583 0
-0.0526303 0
-0.011642 0
0.0432403 0
0.0740597 0
0.0579545 0
0.0445497 0
0.121371 0
0.0996803 0
0.129464 0
0.0457289 0
-0.0519854 0
-0.0839983 0
-0.22966 0
-0.146122 0
-0.233172 0
-0.0781391 0
-0.0506242 0
0.0488471 0
0.121324 0
0.0982012 0
0.124323 0
0.162935 0
0.102382 0
0.115574 0
0.0288999 0
-0.076355 0
-0.0636819 0
-0.162582 0
-0.0526302 0
-0.0506241 0
0.0488472 0
0.136823 0
0.111794 0
0.165085 0
0.146266 0
0.0763409 0
0.0826425 0
0.0206441 0
-0.032463 0
-0.00885735 0
-0.0116418 0
0.0432404 0
0.121324 0
0.0982012 0
0.165085 0
0.0876106 0
0.0322548 0
0.0368917 0
0.00247118 0
0.00644206 0
0.0165108 0
0.0740596 0
0.0579544 0
0.124323 0
0.00905088 0
-0.021187 0
-0.0329189 0
-0.0321859 0
-0.0106086 0
-0.00040925 0
0.0445495 0
-0.0638002 0
-0.0555158 0
-0.091293 0
-0.0464213 0
-0.0356535 0
-0.0728876 0
-0.0327761 0
-0.0651651 0
0 0
0 0
0 0
0 0
0 0
0 0
0 0
0 0
0 0
0 0
0 0
0 0
0 0
0 0
0 0
0 0
0 0
0 0
0 0
0 0
0 0
0 0
0 0
0 0
0 0
0 0
0 0
0 0
0 0
0 0
0 0
0 0
0 0
0 0
0 0
0 0
0 0
0 0
0 0
0 0
0 0
0 0
0 0
0 0
0 0
0 0
0 0
0 0
0 0
0 0
0 0
0 0
0 0
0 0
0 0
0 0
0 0
0 0
0 0
0 0
0 0
0 0
0 0
0 0
0 0
0 0
0 0
0 0
0 0
0 0
0 0
0 0
0 0
0 0
0 0
0 0
0 0
0 0
0 0
0 0
0 0
0 0
0 0
0 0
0 0
0 0
0 0
0 0
0 0
0 0
0 0
0 0
0 0
0 0
0 0
0 0
0 0
0 0
0 0
0 0
0 0
0 0
0 0
0 0
0 0
0 0
0 0
0 0
0 0
0 0
0 0
0 0
0 0
0 0
0 0
0 0
0 0
0 0
0 0
0 0
0 0
0 0
0 0
0 0
0 0
0 0
0 0
0 0
0 0
0 0
0 0
0 0
0 0
0 0
0 0
0 0
0 0
0 0
0 0
0 0
0 0
0 0
0 0
0 0
0 0
0 0
0 0
0 0
0 0
0 0
0 0
0 0
0 0
0 0
0 0
0 0
0 0
0 0
0 0
0 0
0 0
0 0
0 0
0 0
0 0
0 0
0 0
0 0
0 0
0 0
0 0
0 0
0 0
0 0
0 0
0 0
0 0
0 0
0 0
0 0
0 0
0 0
0 0
0 0
0 0
0 0
0 0
0 0
0 0
0 0
0 0
0 0
0 0
0 0
0 0
0 0
0 0
0 0
0 0
0 0
0 0
0 0
0 0
0 0
0 0
0 0
0 0
0 0
0 0
0 0
0 0
0 0
0 0
0 0
0 0
0 0
0 0
0 0
0 0
0 0
0 0
0 0
0 0
0 0
0 0
0 0
0 0
0 0
0 0
0 0
0 0
0 0
0 0
0 0
0 0
0 0
0 0
0 0
0 0
0 0
0 0
0 0
0 0
0 0
0 0
0 0
0 0
0 0
0 0
0 0
0 0
0 0
0 0
0 0
0 0
0 0
0 0
0 0
0 0
0 0
0 0
0 0
0 0
0 0
0 0
0 0
0 0
0 0
0 0
0 0
0 0
0 0
0 0
0 0
0 0
0 0
0 0
0 0
0 0
0 0
0 0
0 0
0.0034152 0
0.0142754 0
4.41108e-06 0
-0.0142632 0
-0.00341046 0
3.81882e-06 0
6.16101e-06 0
-0.0330363 0
-0.0617094 0
-0.0179207 0
-0.0737189 0
-0.0822879 0
-0.123623 0
-0.0428366 0
-0.141431 0
-0.0921349 0
-0.135656 0
-0.0603418 0
-0.109057 0
-0.0413373 0
-0.0723209 0
-0.048452 0
0.010445 0
0.0200573 0
-0.00230174 0
-0.0172979 0
0.0749644 0
0.00739102 0
-0.0240476 0
-0.00616235 0
-0.0200594 0
-0.0809024 0
-0.132963 0
-0.0366317 0
-0.175826 0
-0.136906 0
-0.204761 0
-0.0790335 0
-0.181512 0
-0.0736765 0
-0.128195 0
-0.0799231 0
0.0179254 0
0.0617169 0
0.0330414 0
0.0737199 0
-9.08592e-07 0
-4.87698e-06 0
-0.0463732 0
-0.0513479 0
-0.0352898 0
0.0132919 0
0.0373638 0
0.134289 0
0.0884255 0
0.157261 0
0.0424441 0
0.0394192 0
-0.0498248 0
-0.0716451 0
-0.0601991 0
0.0428382 0
0.123623 0
0.0822863 0
0.141423 0
0.0463664 0
0.0513367 0
-3.4873e-06 0
-3.62509e-06 0
0.0190637 0
0.0665804 0
0.0880339 0
0.168259 0
0.11806 0
0.174746 0
0.0692278 0
0.0704079 0
-0.00028792 0
0.0603412 0
0.135654 0
0.0921317 0
0.109053 0
0.0352858 0
-0.013294 0
-0.019066 0
-0.0665808 0
-1.4929e-07 0
-2.68957e-07 0
0.0635605 0
0.0970029 0
0.0895249 0
0.100139 0
0.0392235 0
0.0484523 0
0.0723244 0
0.0413392 0
-0.0104373 0
-0.0373609 0
-0.134282 0
-0.0880319 0
-0.168257 0
-0.0635608 0
-0.0970055 0
-1.03203e-06 0
-1.73153e-06 0
0.0232243 0
0.0173009 0
0.00231123 0
-0.0200503 0
-0.0749524 0
-0.0884196 0
-0.157255 0
-0.118059 0
-0.174748 0
-0.0895266 0
-0.100143 0
-0.0232259 0
0.0061663 0
0.024055 0
-0.00738543 0
0.0200633 0
-0.0424425 0
-0.039422 0
-0.0692299 0
-0.070412 0
-0.0392252 0
0.0366331 0
0.132961 0
0.0809012 0
0.175818 0
0.0498208 0
0.0716385 0
0.000285431 0
0.0790313 0
0.204753 0
0.1369 0
0.181503 0
0.0601954 0
0.0799198 0
0.128189 0
0.0736731 0
0 0
0 0
0 0
0 0
0 0
0 0
0 0
0 0
0 0
0 0
0 0
0 0
0 0
0 0
0 0
0 0
0 0
0 0
0 0
0 0
0 0
0 0
0 0
0 0
0 0
0 0
0 0
0 0
0 0
0 0
0 0
0 0
0 0
0 0
0 0
0 0
0 0
0 0
0 0
0 0
0 0
0 0
0 0
0 0
0 0
0 0
0 0
0 0
0 0
0 0
0 0
0 0
0 0
0 0
0 0
0 0
0 0
0 0
0 0
0 0
0 0
0 0
0 0
0 0
0 0
0 0
0 0
0 0
0 0
0 0
0 0
0 0
0 0
0 0
0 0
0 0
0 0
0 0
0 0
0 0
0 0
0 0
0 0
0 0
0 0
0 0
0 0
0 0
0 0
0 0
0 0
0 0
0 0
0 0
0 0
0 0
0 0
0 0
0 0
0 0
0 0
0 0
0 0
0 0
0 0
0 0
0 0
0 0
0 0
0 0
0 0
0 0
0 0
0 0
0 0
0 0
0 0
0 0
0 0
0 0
0 0
0 0
0 0
0 0
0 0
0 0
0 0
0 0
0 0
0 0
0 0
0 0
0 0
0 0
0 0
0 0
0 0
0 0
0 0
0 0
0 0
-0.0804134 0
-0.206216 0
-0.149205 0
-0.206217 0
-0.0804136 0
-0.129822 0
-0.207498 0
-0.0853166 0
-0.125453 0
-0.0782757 0
-0.0165933 0
0.0287863 0
0.0095015 0
-0.0268137 0
0.12554 0
0.0540118 0
0.0431573 0
0.0122614 0
0.0575521 0
-0.0293344 0
-0.0536423 0
-0.00244392 0
-0.125146 0
-0.113058 0
-0.151317 0
-0.0475346 0
-0.191747 0
-0.0874875 0
-0.117017 0
-0.0627875 0
-0.0563052 0
0.0220795 0
0.0238671 0
-0.0217435 0
0.122138 0
0.0944194 0
0.125176 0
0.0348966 0
0.14014 0
0.0543836 0
0.0883486 0
0.0512815 0
-0.0782746 0
-0.125449 0
-0.0853146 0
-0.0165889 0
0.0306078 0
0.162206 0
0.112918 0
0.181432 0
0.0642576 0
0.0287477 0
-0.050044 0
-0.115148 0
-0.0954246 0
-0.0884223 0
-0.0216731 0
0.0545878 0
0.069148 0
0.111863 0
0.0599557 0
-0.0268111 0
0.00950899 0
0.0287913 0
0.125549 0
0.11292 0
0.181435 0
0.11099 0
0.108425 0
0.0314406 0
-0.00551826 0
-0.0376275 0
-0.0370248 0
-0.022675 0
0.0294135 0
0.0380525 0
0.0723379 0
0.0428886 0
0.0122651 0
0.0431655 0
0.0540173 0
0.0575586 0
0.0642597 0
0.0287467 0
0.0314394 0
-0.00552242 0
-0.0026775 0
-0.00036552 0
0.00104651 0
0.0417555 0
0.0311521 0
0.0581697 0
0.0300299 0
-0.00244101 0
-0.053638 0
-0.0293319 0
-0.125147 0
-0.0500464 0
-0.115157 0
-0.0376329 0
-0.0370351 0
0.00104259 0
0.0417495 0
0.0336068 0
0.0580631 0
0.0269707 0
-0.0475335 0
-0.151317 0
-0.113059 0
-0.191751 0
-0.09543 0
-0.0884319 0
-0.0226823 0
0.0294028 0
0.0311466 0
0.0581636 0
0.0269693 0
-0.0627871 0
-0.117015 0
-0.0874878 0
-0.0563038 0
-0.0216755 0
0.0545855 0
0.0380484 0
0.0723337 0
0.0300276 0
-0.0217412 0
0.0238754 0
0.0220846 0
0.122148 0
0.0691512 0
0.111868 0
0.0428887 0
0.0349014 0
0.125188 0
0.0944278 0
0.140151 0
0.0599594 0
0.0512864 0
0.0883564 0
0.0543881 0
0 0
0 0
0 0
0 0
0 0
0 0
0 0
0 0
0 0
0 0
0 0
0 0
0 0
0 0
0 0
0 0
0 0
0 0
0 0
0 0
0 0
0 0
0 0
0 0
0 0
0 0
0 0
0 0
0 0
0 0
0 0
0 0
0 0
0 0
0 0
0 0
0 0
0 0
0 0
0 0
0 0
0 0
0 0
0 0
0 0
0 0
0 0
0 0
0 0
0 0
0 0
0 0
0 0
0 0
0 0
0 0
0 0
0 0
0 0
0 0
0 0
0 0
0 0
0 0
0 0
0 0
0 0
0 0
0 0
0 0
0 0
0 0
0 0
0 0
0 0
0 0
0 0
0 0
0 0
0 0
0 0
0 0
0 0
0 0
0 0
0 0
0 0
0 0
0 0
0 0
0 0
0 0
0 0
0 0
0 0
0 0
0 0
0 0
0 0
0 0
0 0
0 0
0 0
0 0
0 0
0 0
0 0
0 0
0 0
0 0
0 0
0 0
0 0
0 0
0 0
0 0
0 0
0 0
0 0
0 0
0 0
0 0
0 0
0 0
0 0
0 0
0 0
0 0
0 0
0 0
0 0
0 0
0 0
0 0
0 0
0 0
0 0
0 0
0 0
0 0
0 0
0.00557056 0
0.0230221 0
-2.37724e-07 0
-0.0230228 0
-0.00557083 0
-2.28912e-07 0
-3.04824e-07 0
-0.0487426 0
-0.0932445 0
-0.0277416 0
-0.104207 0
-0.109245 0
-0.166604 0
-0.0607377 0
-0.173668 0
-0.0963378 0
-0.138955 0
-0.0719208 0
-0.0864833 0
0.00387034 0
0.00803794 0
-0.0308466 0
0.0942626 0
0.104557 0
0.156148 0
0.03849 0
0.177773 0
0.112262 0
0.183171 0
0.0802634 0
0.102327 0
0.0516051 0
0.106255 0
0.0682945 0
-0.00131197 0
0.00107531 0
0.0291644 0
0.0320528 0
-0.0234894 0
-0.00513647 0
0.00214579 0
0.00760389 0
0.0277413 0
0.0932442 0
0.0487424 0
0.104207 0
1.04345e-08 0
7.81547e-08 0
-0.0571541 0
-0.0611742 0
-0.0371866 0
-0.00556665 0
0.0321727 0
0.045821 0
0.0493834 0
-0.0212898 0
-0.0103283 0
-0.123517 0
-0.0546141 0
-0.100583 0
-0.0298464 0
0.0607377 0
0.166604 0
0.109245 0
0.173668 0
0.0571542 0
0.0611741 0
-1.22266e-07 0
-3.86559e-07 0
-0.00356975 0
-0.00921631 0
-0.0108098 0
-0.0814085 0
-0.0717268 0
-0.197772 0
-0.122887 0
-0.177924 0
-0.0655505 0
0.071921 0
0.138955 0
0.0963381 0
0.0864837 0
0.0371865 0
0.00556621 0
0.00356927 0
0.00921553 0
-2.17338e-07 0
-1.36366e-07 0
-0.0439987 0
-0.10009 0
-0.109124 0
-0.150173 0
-0.0763052 0
0.0308468 0
-0.00803749 0
-0.0038701 0
-0.0942624 0
-0.0321728 0
-0.0458213 0
0.0108095 0
0.0814083 0
0.0439987 0
0.10009 0
1.73083e-07 0
3.00678e-07 0
-0.035223 0
-0.0384898 0
-0.156148 0
-0.104557 0
-0.177773 0
-0.0493834 0
0.0212898 0
0.0717268 0
0.197773 0
0.109124 0
0.150173 0
0.0352233 0
-0.0802633 0
-0.183171 0
-0.112262 0
-0.102327 0
0.0103284 0
0.123517 0
0.122887 0
0.177925 0
0.0763054 0
-0.0682945 0
-0.106255 0
-0.0516052 0
0.00131162 0
0.054614 0
0.100583 0
0.0655505 0
-0.0320529 0
-0.0291648 0
-0.0010756 0
0.023489 0
0.0298463 0
-0.00760406 0
-0.00214609 0
0.0051363 0
0 0
0 0
0 0
0 0
0 0
0 0
0 0
0 0
0 0
0 0
0 0
0 0
0 0
0 0
0 0
0 0
0 0
0 0
0 0
0 0
0 0
0 0
0 0
0 0
0 0
0 0
0 0
0 0
0 0
0 0
0 0
0 0
0 0
0 0
0 0
0 0
0 0
0 0
0 0
0 0
0 0
0 0
0 0
0 0
0 0
0 0
0 0
0 0
0 0
0 0
0 0
0 0
0 0
0 0
0 0
0 0
0 0
0 0
0 0
0 0
0 0
0 0
0 0
0 0
0 0
0 0
0 0
0 0
0 0
0 0
0 0
0 0
0 0
0 0
0 0
0 0
0 0
0 0
0 0
0 0
0 0
0 0
0 0
0 0
0 0
0 0
0 0
0 0
0 0
0 0
0 0
0 0
0 0
0 0
0 0
0 0
0 0
0 0
0 0
0 0
0 0
0 0
0 0
0 0
0 0
0 0
0 0
0 0
0 0
0 0
0 0
0 0
0 0
0 0
0 0
0 0
0 0
0 0
0 0
0 0
0 0
0 0
0 0
0 0
0 0
0 0
0 0
0 0
0 0
0 0
0 0
0 0
0 0
0 0
0 0
0 0
0 0
0 0
0 0
0 0
0 0
-0.0631345 0
-0.154019 0
-0.106612 0
-0.154019 0
-0.0631344 0
-0.106473 0
-0.129282 0
-0.0429118 0
-0.0638433 0
-0.0520667 0
0.0195843 0
0.0494134 0
0.0700682 0
0.00145734 0
0.111057 0
0.0859736 0
0.143678 0
0.0503909 0
0.100851 0
0.0792525 0
0.146727 0
0.0685346 0
0.0757728 0
0.0629149 0
0.114748 0
0.0613949 0
0.0667026 0
0.0317381 0
0.0499268 0
0.0390151 0
0.014129 0
-0.0303309 0
-0.0499278 0
-2.51014e-07 0
-0.0858183 0
-0.0783182 0
-0.12188 0
-0.040731 0
-0.109541 0
-0.0469142 0
-0.0850836 0
-0.0503453 0
-0.0520668 0
-0.0638439 0
-0.0429121 0
0.0195837 0
0.0230574 0
0.056808 0
0.0318754 0
-0.0371077 0
-0.0147168 0
-0.124282 0
-0.0296601 0
-0.0753012 0
0.00477711 0
0.0281362 0
0.0196972 0
0.0386148 0
-0.0172535 0
-0.0238911 0
-0.0321504 0
0.00145697 0
0.0700672 0
0.0494128 0
0.111056 0
0.0318751 0
-0.037108 0
-0.0741333 0
-0.236653 0
-0.146421 0
-0.244445 0
-0.0908693 0
-0.056267 0
0.0185133 0
0.105559 0
0.0560149 0
0.0830005 0
0.0139344 0
0.0503905 0
0.143678 0
0.085973 0
0.10085 0
-0.0147169 0
-0.124282 0
-0.146421 0
-0.244445 0
-0.142448 0
-0.110406 0
-0.0147198 0
0.106052 0
0.0868736 0
0.14448 0
0.0529884 0
0.0685344 0
0.146727 0
0.0792525 0
0.0757732 0
-0.0296598 0
-0.0753006 0
-0.090869 0
-0.0562668 0
-0.0147198 0
0.106052 0
0.089371 0
0.159642 0
0.0714456 0
0.061395 0
0.114748 0
0.0629152 0
0.0667033 0
0.00477749 0
0.0281364 0
0.0185134 0
0.105559 0
0.0868735 0
0.144479 0
0.0714455 0
0.0390153 0
0.0499272 0
0.0317384 0
0.0141291 0
0.0196971 0
0.0386143 0
0.0560146 0
0.083 0
0.0529882 0
-1.66465e-07 0
-0.0499279 0
-0.030331 0
-0.0858188 0
-0.0172539 0
-0.0238918 0
0.0139341 0
-0.0407311 0
-0.12188 0
-0.0783185 0
-0.109542 0
-0.0321506 0
-0.0503454 0
-0.0850837 0
-0.0469143 0
0.150316 0
0.0993915 0
0.15938 0
0.0993906 0
0.150315 0
0.0727568 0
0.0179578 0
-0.0429298 0
0.00732984 0
0.0912515 0
-0.087438 0
-0.1152 0
-0.0282405 0
-0.0185654 0
-0.0510532 0
0.040614 0
0.0501691 0
0.0193315 0
0.0575804 0
0.162963 0
0.110911 0
0.142714 0
0.0629376 0
0.0440535 0
0.0469128 0
0.142125 0
-0.0476556 0
-0.132506 0
-0.0434165 0
0.00309936 0
-0.093036 0
-0.064617 0
-0.00717857 0
-0.0455241 0
0.00750002 0
0.145675 0
0.0957914 0
0.0812375 0
0.094492 0
0.154048 0
0.0755598 0
0.155788 0
0.0912543 0
0.00733211 0
-0.0429274 0
-0.0874367 0
-0.20186 0
-0.114289 0
-0.135651 0
-0.036127 0
0.033092 0
0.0275448 0
0.0513564 0
-0.0163142 0
-0.107235 0
-0.0955044 0
-0.184614 0
-0.081034 0
-0.0504777 0
0.00262727 0
0.0807949 0
-0.0185614 0
-0.0282383 0
-0.115197 0
-0.0510525 0
-0.13565 0
-0.0361275 0
-0.0473457 0
0.00297899 0
0.0298778 0
0.014512 0
-0.0118316 0
-0.0159773 0
-0.103606 0
-0.0393615 0
-0.0989077 0
-0.0257793 0
-0.0196159 0
0.0193337 0
0.0501694 0
0.0406137 0
0.0575791 0
0.0330895 0
0.0275431 0
0.0298762 0
0.0145113 0
0.0424489 0
0.0336744 0
0.0489591 0
0.0560744 0
0.0396406 0
0.0410428 0
0.0133353 0
0.142713 0
0.11091 0
0.16296 0
0.062936 0
0.0513534 0
-0.0163153 0
-0.011833 0
-0.0159777 0
0.0489588 0
0.0560743 0
0.143379 0
0.0913982 0
0.114114 0
0.142124 0
0.0469128 0
0.0440529 0
-0.0476549 0
-0.107235 0
-0.0955039 0
-0.103605 0
-0.0393613 0
0.0396406 0
0.0410428 0
0.114114 0
0.0031011 0
-0.0434145 0
-0.132503 0
-0.0930343 0
-0.184612 0
-0.0810336 0
-0.0989074 0
-0.0257795 0
0.0133351 0
-0.0455212 0
-0.00717727 0
-0.0646149 0
0.0075 0
-0.0504779 0
0.00262653 0
-0.0196167 0
0.0812377 0
0.0957904 0
0.145673 0
0.0944903 0
0.0807928 0
0.155786 0
0.0755586 0
0.154045 0
0 0
0 0
0 0
0 0
0 0
0 0
0 0
0 0
0 0
0 0
0 0
0 0
0 0
0 0
0 0
0 0
0 0
0 0
0 0
0 0
0 0
0 0
0 0
0 0
0 0
0 0
0 0
0 0
0 0
0 0
0 0
0 0
0 0
0 0
0 0
0 0
0 0
0 0
0 0
0 0
0 0
0 0
0 0
0 0
0 0
0 0
0 0
0 0
0 0
0 0
0 0
0 0
0 0
0 0
0 0
0 0
0 0
0 0
0 0
0 0
0 0
0 0
0 0
0 0
0 0
0 0
0 0
0 0
0 0
0 0
0 0
0 0
0 0
0 0
0 0
0 0
0 0
0 0
0 0
0 0
0 0
0 0
0 0
0 0
0 0
0 0
0 0
0 0
0 0
0 0
0 0
0 0
0 0
0 0
0 0
0 0
0 0
0 0
0 0
0 0
0 0
0 0
0 0
0 0
0 0
0 0
0 0
0 0
0 0
0 0
0 0
0 0
0 0
0 0
0 0
0 0
0 0
0 0
0 0
0 0
0 0
0 0
0 0
0 0
0 0
0 0
0 0
0 0
0 0
0 0
0 0
0 0
0 0
0 0
0 0
0 0
0 0
0 0
0 0
0 0
0 0
-0.0420344 0
-0.0478643 0
1.70277e-06 0
0.0478664 0
0.0420375 0
7.61202e-07 0
2.50531e-07 0
0.13923 0
0.127439 0
0.150742 0
0.0732123 0
0.161712 0
0.126234 0
0.226543 0
0.033541 0
-0.0243038 0
0.0118413 0
0.122432 0
-0.0791503 0
-0.16408 0
-0.0683656 0
-0.0503725 0
-0.0844223 0
-0.0303917 0
0.000892906 0
-0.0611226 0
0.0408221 0
0.173631 0
0.105775 0
0.095111 0
0.0935109 0
0.103398 0
0.0674 0
0.156745 0
-0.0132315 0
-0.124817 0
-0.055699 0
0.0107921 0
-0.0997141 0
-0.147853 0
-0.062528 0
-0.108135 0
-0.15074 0
-0.127439 0
-0.13923 0
-0.0732139 0
-1.79033e-06 0
-9.44425e-07 0
0.000493192 0
-0.0328109 0
-0.136422 0
-0.0891388 0
-0.151546 0
-0.044304 0
0.0241195 0
0.0391928 0
0.106042 0
0.0214434 0
-0.0324435 0
-0.0535727 0
-0.128222 0
-0.226543 0
-0.126235 0
-0.161714 0
-0.033542 0
-0.000495305 0
0.0328105 0
-1.26277e-07 0
1.41251e-07 0
-0.0814219 0
-0.0330562 0
-0.0561604 0
-0.00666404 0
0.0318659 0
0.0136567 0
0.014644 0
-0.0135541 0
-0.0571926 0
-0.122432 0
-0.0118405 0
0.0243045 0
0.0791514 0
0.136423 0
0.0891394 0
0.0814226 0
0.0330564 0
2.67262e-07 0
2.02045e-07 0
-0.00338939 0
0.00157899 0
0.00990998 0
-0.000862072 0
-0.0126676 0
0.0503749 0
0.0683675 0
0.164083 0
0.0844234 0
0.151547 0
0.0443036 0
0.0561599 0
0.00666357 0
0.00338996 0
-0.00157805 0
1.27115e-06 0
8.64532e-07 0
-0.000746259 0
0.061125 0
-0.000892169 0
0.0303923 0
-0.040823 0
-0.0241216 0
-0.0391946 0
-0.031868 0
-0.0136574 0
-0.00990924 0
0.000862926 0
0.000748497 0
-0.095111 0
-0.105776 0
-0.173633 0
-0.0935125 0
-0.106046 0
-0.0214448 0
-0.0146456 0
0.0135538 0
0.0126681 0
-0.156746 0
-0.0674 0
-0.103399 0
0.0132317 0
0.0324429 0
0.0535729 0
0.0571925 0
-0.0107906 0
0.0557007 0
0.12482 0
0.0997158 0
0.128224 0
0.108137 0
0.0625292 0
0.147855 0
0 0
0 0
0 0
0 0
0 0
0 0
0 0
0 0
0 0
0 0
0 0
0 0
0 0
0 0
0 0
0 0
0 0
0 0
0 0
0 0
0 0
0 0
0 0
0 0
0 0
0 0
0 0
0 0
0 0
0 0
0 0
0 0
0 0
0 0
0 0
0 0
0 0
0 0
0 0
0 0
0 0
0 0
0 0
0 0
0 0
0 0
0 0
0 0
0 0
0 0
0 0
0 0
0 0
0 0
0 0
0 0
0 0
0 0
0 0
0 0
0 0
0 0
0 0
0 0
0 0
0 0
0 0
0 0
0 0
0 0
0 0
0 0
0 0
0 0
0 0
0 0
0 0
0 0
0 0
0 0
0 0
0 0
0 0
0 0
0 0
0 0
0 0
0 0
0 0
0 0
0 0
0 0
0 0
0 0
0 0
0 0
0 0
0 0
0 0
0 0
0 0
0 0
0 0
0 0
0 0
0 0
0 0
0 0
0 0
0 0
0 0
0 0
0 0
0 0
0 0
0 0
0 0
0 0
0 0
0 0
0 0
0 0
0 0
0 0
0 0
0 0
0 0
0 0
0 0
0 0
0 0
0 0
0 0
0 0
0 0
0 0
0 0
0 0
0 0
0 0
0 0
0.113846 0
0.0734788 0
0.118822 0
0.0734787 0
0.113846 0
0.0552938 0
0.0129478 0
-0.032997 0
-0.00102366 0
0.0627107 0
-0.0592281 0
-0.0882845 0
-0.0366295 0
-0.0338549 0
-0.0306708 0
0.0133622 0
0.00776162 0
-0.0257701 0
0.0413737 0
0.0925053 0
0.0408906 0
0.0436514 0
0.0477984 0
0.0229787 0
-0.00979874 0
0.02836 0
-0.00588298 0
-0.0865485 0
-0.0912753 0
-0.090735 0
-0.021872 0
-0.09075 0
-0.11631 0
-0.189186 0
0.00925405 0
-0.0458128 0
-0.0847328 0
-0.18673 0
0.0139261 0
-0.0138633 0
-0.0290336 0
-0.10478 0
0.0627109 0
-0.0010235 0
-0.0329968 0
-0.0592281 0
-0.121729 0
-0.0541992 0
-0.0509464 0
0.00992422 0
0.0636033 0
0.0419787 0
0.0800632 0
0.0247177 0
0.0394958 0
0.0393432 0
0.0878643 0
0.109587 0
0.174164 0
0.123348 0
0.115559 0
-0.0338547 0
-0.0366294 0
-0.0882844 0
-0.0306708 0
-0.0509464 0
0.00992424 0
0.0283821 0
0.0212787 0
0.0299748 0
-0.0184991 0
-0.017321 0
-0.0320023 0
0.0349921 0
0.0431108 0
0.188109 0
0.122649 0
0.210951 0
-0.02577 0
0.00776163 0
0.0133623 0
0.0413737 0
0.0636033 0
0.0419787 0
0.0299748 0
-0.018499 0
-0.0895082 0
-0.0939418 0
-0.150374 0
-0.0985132 0
-0.0453236 0
-0.00999279 0
0.0996543 0
0.0436513 0
0.0408905 0
0.0925051 0
0.0477983 0
0.0800632 0
0.0247177 0
-0.0173208 0
-0.0320021 0
-0.150373 0
-0.098513 0
-0.210458 0
-0.0987741 0
-0.0948713 0
0.0283598 0
-0.00979887 0
0.0229786 0
-0.005883 0
0.0394959 0
0.0393433 0
0.0349924 0
0.043111 0
-0.0453233 0
-0.00999264 0
-0.0948711 0
-0.0907352 0
-0.0912753 0
-0.0865485 0
-0.021872 0
0.0878643 0
0.109587 0
0.188109 0
0.122649 0
0.0996545 0
-0.189186 0
-0.11631 0
-0.0907501 0
0.00925387 0
0.174164 0
0.123348 0
0.210951 0
-0.186729 0
-0.0847328 0
-0.0458131 0
0.0139259 0
0.115559 0
-0.10478 0
-0.0290337 0
-0.0138635 0
0 0
0 0
0 0
0 0
0 0
0 0
0 0
0 0
0 0
0 0
0 0
0 0
0 0
0 0
0 0
0 0
0 0
0 0
0 0
0 0
0 0
0 0
0 0
0 0
0 0
0 0
0 0
0 0
0 0
0 0
0 0
0 0
0 0
0 0
0 0
0 0
0 0
0 0
0 0
0 0
0 0
0 0
0 0
0 0
0 0
0 0
0 0
0 0
0 0
0 0
0 0
0 0
0 0
0 0
0 0
0 0
0 0
0 0
0 0
0 0
0 0
0 0
0 0
0 0
0 0
0 0
0 0
0 0
0 0
0 0
0 0
0 0
0 0
0 0
0 0
0 0
0 0
0 0
0 0
0 0
0 0
0 0
0 0
0 0
0 0
0 0
0 0
0 0
0 0
0 0
0 0
0 0
0 0
0 0
0 0
0 0
0 0
0 0
0 0
0 0
0 0
0 0
0 0
0 0
0 0
0 0
0 0
0 0
0 0
0 0
0 0
0 0
0 0
0 0
0 0
0 0
0 0
0 0
0 0
0 0
0 0
0 0
0 0
0 0
0 0
0 0
0 0
0 0
0 0
0 0
0 0
0 0
0 0
0 0
0 0
0 0
0 0
0 0
0 0
0 0
0 0
0 0
0 0
0 0
0 0
0 0
0 0
0 0
0 0
0 0
0 0
0 0
0 0
0 0
0 0
0 0
0 0
0 0
0 0
0 0
0 0
0 0
0 0
0 0
0 0
0 0
0 0
0 0
0 0
0 0
0 0
0 0
0 0
0 0
0 0
0 0
0 0
0 0
0 0
0 0
0 0
0 0
0 0
0 0
0 0
0 0
0 0
0 0
0 0
0 0
0 0
0 0
0 0
0 0
0 0
0 0
0 0
0 0
0 0
0 0
0 0
0 0
0 0
0 0
0 0
0 0
0 0
0 0
0 0
0 0
0 0
0 0
0 0
0 0
0 0
0 0
0 0
0 0
0 0
0 0
0 0
0 0
0 0
0 0
0 0
0 0
0 0
0 0
0 0
0 0
0 0
0 0
0 0
0 0
0 0
0 0
0 0
0 0
0 0
0 0
0 0
0 0
0 0
0 0
0 0
0 0
0 0
0 0
0 0
0 0
0 0
0 0
0 0
0 0
0 0
0 0
0 0
0 0
0 0
0 0
0 0
0 0
0 0
0 0
0 0
0 0
0 0
0 0
0 0
0 0
0 0
0 0
0 0
0 0
0 0
0 0
0 0
0 0
0 0
0 0
0 0
0 0
0.0703649 0
0.152744 0
0.0894953 0
0.152743 0
0.0703648 0
0.130193 0
0.0522247 0
-0.0086213 0
0.0270633 0
0.0440778 0
-0.113248 0
-0.0496202 0
-0.0214564 0
0.00134573 0
-0.0616351 0
0.0427106 0
0.102201 0
0.0195188 0
0.1316 0
0.118087 0
0.198587 0
0.0727885 0
0.13921 0
0.0438786 0
0.097959 0
0.0713897 0
-0.0623814 0
-0.0602826 0
-0.0408524 0
0.013875 0
-0.138796 0
-0.0225935 0
0.0111593 0
-0.00719636 0
0.0394162 0
0.0949878 0
0.171879 0
0.0445012 0
0.163493 0
0.0785189 0
0.154 0
0.0813502 0
0.0440781 0
0.0270642 0
-0.00862085 0
-0.113247 0
-0.100796 0
-0.182482 0
-0.079447 0
-0.0734441 0
0.0217847 0
0.029171 0
0.0301165 0
-0.0458273 0
-0.0700349 0
-0.170868 0
-0.109869 0
-0.129941 0
-0.018706 0
0.0154093 0
0.0442252 0
0.00134626 0
-0.0214551 0
-0.0496195 0
-0.0616344 0
-0.0794469 0
-0.0734444 0
-0.0473915 0
-0.0468655 0
-0.0101807 0
-0.0233287 0
-0.0257153 0
-0.0345526 0
-0.0632152 0
-0.0523279 0
-0.0544984 0
-0.033033 0
-0.00426004 0
0.0195193 0
0.102202 0
0.0427108 0
0.1316 0
0.0217842 0
0.0291697 0
-0.0101812 0
-0.0233295 0
0.00210485 0
0.0552926 0
0.0390867 0
0.136127 0
0.0431978 0
0.0887309 0
0.0132993 0
0.0727886 0
0.198587 0
0.118087 0
0.139209 0
0.0301158 0
-0.0458284 0
-0.0257159 0
-0.0345533 0
0.0390865 0
0.136127 0
0.110754 0
0.176808 0
0.0639591 0
0.0713897 0
0.0979592 0
0.0438786 0
-0.062381 0
-0.0700351 0
-0.170868 0
-0.0632154 0
-0.0523281 0
0.0431976 0
0.0887307 0
0.0639591 0
0.0138754 0
-0.0408511 0
-0.0602819 0
-0.138795 0
-0.109868 0
-0.129941 0
-0.0544983 0
-0.033033 0
0.0132993 0
-0.00719586 0
0.0111601 0
-0.0225929 0
0.0394163 0
-0.0187059 0
0.0154091 0
-0.00426008 0
0.0445012 0
0.171878 0
0.0949873 0
0.163492 0
0.0442249 0
0.0813497 0
0.153999 0
0.0785183 0
-0.0236937 0
-0.0255451 0
-6.79884e-07 0
0.0255443 0
0.0236922 0
-3.50504e-07 0
-4.41374e-08 0
0.0675522 0
0.0600499 0
0.0776414 0
0.0332148 0
0.0669675 0
0.0401077 0
0.0945565 0
0.0191081 0
-0.0221043 0
-0.0419152 0
-0.00169363 0
-0.00656705 0
-0.0822938 0
-0.109584 0
-0.142708 0
0.00480382 0
-0.065464 0
-0.109616 0
-0.210089 0
0.0167821 0
-0.0290072 0
-0.0594616 0
-0.159358 0
0.00432213 0
0.0140145 0
0.0101461 0
-0.0472236 0
0.00470006 0
0.0768272 0
0.0649731 0
0.0733803 0
0.029481 0
0.0703738 0
0.0434824 0
0.105011 0
-0.0776419 0
-0.0600495 0
-0.0675517 0
-0.0332144 0
6.53402e-08 0
-3.49515e-07 0
0.032542 0
0.0270405 0
0.0778465 0
0.0895688 0
0.167156 0
0.135817 0
0.162257 0
0.0778149 0
0.0324368 0
-0.0369489 0
-0.0719932 0
-0.064051 0
-0.0304593 0
-0.0945552 0
-0.0401066 0
-0.0669663 0
-0.0191081 0
-0.0325435 0
-0.027042 0
-1.47261e-06 0
-5.57107e-07 0
0.120748 0
0.0843381 0
0.225167 0
0.1031 0
0.122293 0
-0.0110684 0
-0.110258 0
-0.107534 0
-0.15414 0
0.00169562 0
0.0419162 0
0.0221049 0
0.00656682 0
-0.0778482 0
-0.0895694 0
-0.120749 0
-0.0843376 0
7.21428e-07 0
5.08267e-07 0
0.0745999 0
0.00430144 0
-0.0570929 0
-0.072586 0
-0.167164 0
0.142709 0
0.109584 0
0.0822939 0
-0.00480383 0
-0.167156 0
-0.135817 0
-0.225165 0
-0.103099 0
-0.0745986 0
-0.00430159 0
-6.64277e-07 0
-7.47902e-07 0
-0.0663796 0
0.210089 0
0.109616 0
0.0654638 0
-0.016782 0
-0.162256 0
-0.0778142 0
-0.122292 0
0.0110686 0
0.0570922 0
0.072585 0
0.0663773 0
0.159357 0
0.0594608 0
0.0290064 0
-0.00432233 0
-0.0324362 0
0.0369491 0
0.110258 0
0.107534 0
0.167163 0
0.0472222 0
-0.0101467 0
-0.0140152 0
-0.0047001 0
0.0719935 0
0.0640512 0
0.15414 0
-0.0733809 0
-0.0649731 0
-0.076827 0
-0.0294807 0
0.0304598 0
-0.10501 0
-0.0434822 0
-0.0703732 0
0 0
0 0
0 0
0 0
0 0
0 0
0 0
0 0
0 0
0 0
0 0
0 0
0 0
0 0
0 0
0 0
0 0
0 0
0 0
0 0
0 0
0 0
0 0
0 0
0 0
0 0
0 0
0 0
0 0
0 0
0 0
0 0
0 0
0 0
0 0
0 0
0 0
0 0
0 0
0 0
0 0
0 0
0 0
0 0
0 0
0 0
0 0
0 0
0 0
0 0
0 0
0 0
0 0
0 0
0 0
0 0
0 0
0 0
0 0
0 0
0 0
0 0
0 0
0 0
0 0
0 0
0 0
0 0
0 0
0 0
0 0
0 0
0 0
0 0
0 0
0 0
0 0
0 0
0 0
0 0
0 0
0 0
0 0
0 0
0 0
0 0
0 0
0 0
0 0
0 0
0 0
0 0
0 0
0 0
0 0
0 0
0 0
0 0
0 0
0 0
0 0
0 0
0 0
0 0
0 0
0 0
0 0
0 0
0 0
0 0
0 0
0 0
0 0
0 0
0 0
0 0
0 0
0 0
0 0
0 0
0 0
0 0
0 0
0 0
0 0
0 0
0 0
0 0
0 0
0 0
0 0
0 0
0 0
0 0
0 0
0 0
0 0
0 0
0 0
0 0
0 0
0.126019 0
0.0737788 0
0.126913 0
0.0737789 0
0.126019 0
0.0620126 0
0.0164396 0
-0.0303594 0
-0.0300354 0
0.039701 0
-0.0283009 0
-0.100848 0
-0.106782 0
-0.12924 0
-0.00404878 0
-0.0686468 0
-0.101618 0
-0.195379 0
0.0144841 0
-0.0223418 0
-0.0464802 0
-0.139583 0
0.00178017 0
0.0248496 0
0.0229232 0
-0.0225909 0
0.00869714 0
0.0776815 0
0.0711089 0
0.0886773 0
0.0228687 0
0.0466154 0
0.0492647 0
0.115334 0
-0.00840379 0
-0.0523518 0
-0.0154271 0
0.0330739 0
-0.0437033 0
-0.0684407 0
-0.0272145 0
-0.0413114 0
0.0397006 0
-0.0300357 0
-0.0303597 0
-0.0283011 0
0.0166056 0
0.0792654 0
0.153096 0
0.141798 0
0.149541 0
0.0550156 0
0.00467965 0
-0.0503543 0
-0.067407 0
-0.0540239 0
-0.0320124 0
-0.0134223 0
-0.02796 0
-0.015557 0
-0.0522416 0
-0.129241 0
-0.106783 0
-0.100848 0
-0.00404895 0
0.153095 0
0.141798 0
0.276137 0
0.101751 0
0.0704003 0
-0.0554158 0
-0.142853 0
-0.0992267 0
-0.12062 0
-0.014199 0
0.00555816 0
0.0354594 0
0.0178886 0
-0.195378 0
-0.101617 0
-0.0686466 0
0.014484 0
0.14954 0
0.0550145 0
0.0703988 0
-0.0554168 0
-0.154804 0
-0.107336 0
-0.142671 0
0.00124393 0
0.0572694 0
0.0925188 0
0.118839 0
-0.139582 0
-0.0464791 0
-0.0223412 0
0.00177999 0
0.00467756 0
-0.0503559 0
-0.142855 0
-0.0992279 0
-0.142672 0
0.00124391 0
0.0904637 0
0.119814 0
0.194283 0
-0.0225886 0
0.0229245 0
0.0248504 0
0.00869706 0
-0.0674086 0
-0.0540247 0
-0.120621 0
-0.0141989 0
0.0572701 0
0.0925196 0
0.194284 0
0.0886793 0
0.0711097 0
0.0776821 0
0.0228687 0
-0.0320126 0
-0.0134219 0
0.00555932 0
0.0354605 0
0.118841 0
0.115335 0
0.0492647 0
0.0466153 0
-0.00840391 0
-0.0279593 0
-0.0155564 0
0.0178902 0
0.033073 0
-0.0154279 0
-0.0523528 0
-0.0437038 0
-0.0522415 0
-0.0413126 0
-0.027215 0
-0.0684416 0
0 0
0 0
0 0
0 0
0 0
0 0
0 0
0 0
0 0
0 0
0 0
0 0
0 0
0 0
0 0
0 0
0 0
0 0
0 0
0 0
0 0
0 0
0 0
0 0
0 0
0 0
0 0
0 0
0 0
0 0
0 0
0 0
0 0
0 0
0 0
0 0
0 0
0 0
0 0
0 0
0 0
0 0
0 0
0 0
0 0
0 0
0 0
0 0
0 0
0 0
0 0
0 0
0 0
0 0
0 0
0 0
0 0
0 0
0 0
0 0
0 0
0 0
0 0
0 0
0 0
0 0
0 0
0 0
0 0
0 0
0 0
0 0
0 0
0 0
0 0
0 0
0 0
0 0
0 0
0 0
0 0
0 0
0 0
0 0
0 0
0 0
0 0
0 0
0 0
0 0
0 0
0 0
0 0
0 0
0 0
0 0
0 0
0 0
0 0
0 0
0 0
0 0
0 0
0 0
0 0
0 0
0 0
0 0
0 0
0 0
0 0
0 0
0 0
0 0
0 0
0 0
0 0
0 0
0 0
0 0
0 0
0 0
0 0
0 0
0 0
0 0
0 0
0 0
0 0
0 0
0 0
0 0
0 0
0 0
0 0
0 0
0 0
0 0
0 0
0 0
0 0
0 0
0 0
0 0
0 0
0 0
0 0
0 0
0 0
0 0
0 0
0 0
0 0
0 0
0 0
0 0
0 0
0 0
0 0
0 0
0 0
0 0
0 0
0 0
0 0
0 0
0 0
0 0
0 0
0 0
0 0
0 0
0 0
0 0
0 0
0 0
0 0
0 0
0 0
0 0
0 0
0 0
0 0
0 0
0 0
0 0
0 0
0 0
0 0
0 0
0 0
0 0
0 0
0 0
0 0
0 0
0 0
0 0
0 0
0 0
0 0
0 0
0 0
0 0
0 0
0 0
0 0
0 0
0 0
0 0
0 0
0 0
0 0
0 0
0 0
0 0
0 0
0 0
0 0
0 0
0 0
0 0
0 0
0 0
0 0
0 0
0 0
0 0
0 0
0 0
0 0
0 0
0 0
0 0
0 0
0 0
0 0
0 0
0 0
0 0
0 0
0 0
0 0
0 0
0 0
0 0
0 0
0 0
0 0
0 0
0 0
0 0
0 0
0 0
0 0
0 0
0 0
0 0
0 0
0 0
0 0
0 0
0 0
0 0
0 0
0 0
0 0
0 0
0 0
0 0
0 0
0 0
0 0
0 0
0 0
0 0
0 0
0 0
0 0
0 0
0 0
0 0
-0.0120133 0
-0.0480455 0
6.95044e-07 0
0.0480479 0
0.0120145 0
1.06719e-06 0
3.73743e-07 0
0.0752657 0
0.159262 0
0.0510922 0
0.135582 0
0.112189 0
0.200304 0
0.0867534 0
0.105589 0
0.0190053 0
0.0677861 0
0.065149 0
-0.0971779 0
-0.069452 0
-0.0516555 0
0.00392411 0
-0.125729 0
0.00375766 0
0.0451748 0
-0.00156836 0
0.0954407 0
0.116678 0
0.185666 0
0.0563844 0
0.184808 0
0.0612875 0
0.0873616 0
0.066521 0
-0.0341938 0
-0.0936607 0
-0.146845 0
-0.0145388 0
-0.186477 0
-0.0864133 0
-0.16106 0
-0.0772827 0
-0.0510916 0
-0.159262 0
-0.0752659 0
-0.135584 0
-5.7797e-07 0
-7.70264e-07 0
0.0144504 0
-0.0481418 0
-0.0822655 0
-0.182664 0
-0.105053 0
-0.116817 0
0.00973745 0
0.059967 0
0.0746587 0
0.0523246 0
-0.0134584 0
-0.0718817 0
-0.064212 0
-0.0867536 0
-0.200305 0
-0.11219 0
-0.10559 0
-0.0144509 0
0.0481421 0
1.61203e-07 0
3.29082e-07 0
-0.069958 0
-0.0977111 0
-0.0694498 0
-0.06405 0
-0.000376004 0
0.00255808 0
0.011382 0
-0.0101641 0
-0.0199371 0
-0.0651491 0
-0.0677856 0
-0.019005 0
0.0971792 0
0.0822661 0
0.182665 0
0.0699583 0
0.0977108 0
-1.74291e-07 0
-3.37955e-07 0
-0.021177 0
-0.0204791 0
-0.00741891 0
-0.0115485 0
-0.0052115 0
-0.00392367 0
0.0516569 0
0.0694529 0
0.12573 0
0.105053 0
0.116817 0
0.0694493 0
0.0640491 0
0.0211767 0
0.0204794 0
2.18147e-07 0
5.34923e-07 0
-0.00279615 0
0.00156876 0
-0.0451746 0
-0.00375759 0
-0.0954416 0
-0.00973816 0
-0.0599682 0
0.000375508 0
-0.00255797 0
0.00741926 0
0.0115495 0
0.00279664 0
-0.0563845 0
-0.185667 0
-0.116678 0
-0.184809 0
-0.0746591 0
-0.0523244 0
-0.0113818 0
0.0101649 0
0.00521193 0
-0.0665212 0
-0.0873618 0
-0.0612877 0
0.0341944 0
0.0134588 0
0.0718827 0
0.0199375 0
0.0145389 0
0.146846 0
0.0936612 0
0.186478 0
0.0642125 0
0.0772829 0
0.16106 0
0.0864137 0
0 0
0 0
0 0
0 0
0 0
0 0
0 0
0 0
0 0
0 0
0 0
0 0
0 0
0 0
0 0
0 0
0 0
0 0
0 0
0 0
0 0
0 0
0 0
0 0
0 0
0 0
0 0
0 0
0 0
0 0
0 0
0 0
0 0
0 0
0 0
0 0
0 0
0 0
0 0
0 0
0 0
0 0
0 0
0 0
0 0
0 0
0 0
0 0
0 0
0 0
0 0
0 0
0 0
0 0
0 0
0 0
0 0
0 0
0 0
0 0
0 0
0 0
0 0
0 0
0 0
0 0
0 0
0 0
0 0
0 0
0 0
0 0
0 0
0 0
0 0
0 0
0 0
0 0
0 0
0 0
0 0
0 0
0 0
0 0
0 0
0 0
0 0
0 0
0 0
0 0
0 0
0 0
0 0
0 0
0 0
0 0
0 0
0 0
0 0
0 0
0 0
0 0
0 0
0 0
0 0
0 0
0 0
0 0
0 0
0 0
0 0
0 0
0 0
0 0
0 0
0 0
0 0
0 0
0 0
0 0
0 0
0 0
0 0
0 0
0 0
0 0
0 0
0 0
0 0
0 0
0 0
0 0
0 0
0 0
0 0
0 0
0 0
0 0
0 0
0 0
0 0
0.0919195 0
0.190982 0
0.108628 0
0.190982 0
0.0919194 0
0.175535 0
0.0485702 0
-0.0215324 0
0.00330667 0
0.0480237 0
-0.135972 0
-0.0753817 0
-0.0946661 0
-0.0221059 0
-0.065102 0
0.00279184 0
-0.0128372 0
-0.0262002 0
0.0890992 0
0.0468249 0
0.0410398 0
0.00688081 0
0.0544159 0
-0.0121701 0
-0.0446908 0
-0.000886096 0
-0.057795 0
-0.0608679 0
-0.136389 0
-0.0443588 0
-0.0481488 0
-0.0516627 0
-0.146605 0
-0.0691494 0
-0.00523583 0
-0.0415209 0
-0.128873 0
-0.0675277 0
-0.0283218 0
-0.0266358 0
-0.0784855 0
-0.0522017 0
0.048024 0
0.00330762 0
-0.0215319 0
-0.135971 0
-0.0894626 0
-0.0880427 0
-0.0164353 0
0.0880031 0
0.071004 0
0.10514 0
0.0385989 0
-0.00378257 0
-0.00510247 0
0.0414166 0
0.0472856 0
0.19434 0
0.086228 0
0.154253 0
0.0313915 0
-0.0221054 0
-0.094665 0
-0.0753811 0
-0.0651014 0
-0.0164352 0
0.0880028 0
0.068351 0
0.10114 0
0.0372337 0
-0.0574987 0
-0.0387866 0
-0.0938395 0
0.0153539 0
0.114509 0
0.133757 0
0.215076 0
0.0900067 0
-0.0261998 0
-0.0128368 0
0.00279194 0
0.0890986 0
0.0710036 0
0.105139 0
0.0372334 0
-0.0574991 0
-0.0797993 0
-0.209666 0
-0.10878 0
-0.129405 0
0.0101021 0
0.0549039 0
0.0649865 0
0.00688081 0
0.0410395 0
0.0468245 0
0.0544152 0
0.0385983 0
-0.00378312 0
-0.0387869 0
-0.0938397 0
-0.10878 0
-0.129405 0
-0.0804777 0
-0.0647873 0
-0.00240001 0
-0.000886129 0
-0.0446906 0
-0.0121701 0
-0.0577945 0
-0.00510239 0
0.041417 0
0.0153539 0
0.114509 0
0.0101022 0
0.054904 0
-0.00239998 0
-0.0443585 0
-0.136388 0
-0.0608674 0
-0.0481479 0
0.0472859 0
0.19434 0
0.133757 0
0.215076 0
0.0649865 0
-0.0691491 0
-0.146604 0
-0.0516625 0
-0.00523624 0
0.0862278 0
0.154253 0
0.0900065 0
-0.0675278 0
-0.128874 0
-0.0415215 0
-0.028323 0
0.0313911 0
-0.0522021 0
-0.0784863 0
-0.0266363 0
0 0
0 0
0 0
0 0
0 0
0 0
0 0
0 0
0 0
0 0
0 0
0 0
0 0
0 0
0 0
0 0
0 0
0 0
0 0
0 0
0 0
0 0
0 0
0 0
0 0
0 0
0 0
0 0
0 0
0 0
0 0
0 0
0 0
0 0
0 0
0 0
0 0
0 0
0 0
0 0
0 0
0 0
0 0
0 0
0 0
0 0
0 0
0 0
0 0
0 0
0 0
0 0
0 0
0 0
0 0
0 0
0 0
0 0
0 0
0 0
0 0
0 0
0 0
0 0
0 0
0 0
0 0
0 0
0 0
0 0
0 0
0 0
0 0
0 0
0 0
0 0
0 0
0 0
0 0
0 0
0 0
0 0
0 0
0 0
0 0
0 0
0 0
0 0
0 0
0 0
0 0
0 0
0 0
0 0
0 0
0 0
0 0
0 0
0 0
0 0
0 0
0 0
0 0
0 0
0 0
0 0
0 0
0 0
0 0
0 0
0 0
0 0
0 0
0 0
0 0
0 0
0 0
0 0
0 0
0 0
0 0
0 0
0 0
0 0
0 0
0 0
0 0
0 0
0 0
0 0
0 0
0 0
0 0
0 0
0 0
0 0
0 0
0 0
0 0
0 0
0 0
-0.0131975 0
-0.0517975 0
-3.57647e-06 0
0.0517842 0
0.0131905 0
-7.11845e-06 0
-6.62363e-07 0
0.0691996 0
0.151383 0
0.0510002 0
0.114584 0
0.080753 0
0.138371 0
0.0711789 0
0.0588486 0
-0.0230701 0
-0.0564358 0
0.0202753 0
-0.0932017 0
-0.099325 0
-0.211456 0
-0.066364 0
-0.0806586 0
-0.0579562 0
-0.167362 0
-0.0933452 0
0.0226998 0
-0.00279251 0
-0.0470318 0
-0.05333 0
0.0133875 0
0.0143837 0
0.0426348 0
-0.00109095 0
-0.00123427 0
0.0423086 0
0.113381 0
0.0388345 0
0.0507413 0
0.0373106 0
0.0965563 0
0.0536892 0
-0.0510025 0
-0.151379 0
-0.0691968 0
-0.114576 0
3.27442e-07 0
-6.41795e-06 0
0.0191404 0
0.0158339 0
0.00200197 0
0.0852015 0
0.0537036 0
0.208857 0
0.0900314 0
0.11859 0
0.0057193 0
-0.109641 0
-0.0582554 0
-0.117483 0
-0.0168982 0
-0.071174 0
-0.138355 0
-0.0807463 0
-0.058846 0
-0.0191492 0
-0.0158582 0
-8.28053e-06 0
-8.81221e-06 0
0.0580001 0
0.142971 0
0.135411 0
0.181326 0
0.0616414 0
-0.0544808 0
-0.0914488 0
-0.18841 0
-0.0756912 0
-0.0202673 0
0.0564522 0
0.0230756 0
0.0932043 0
-0.00200892 0
-0.0852071 0
-0.0580038 0
-0.142962 0
3.4021e-06 0
4.59409e-06 0
0.0471744 0
0.00348237 0
-0.0425629 0
-0.114925 0
-0.0741219 0
0.0663707 0
0.211467 0
0.0993298 0
0.0806641 0
-0.0537005 0
-0.208845 0
-0.135402 0
-0.181312 0
-0.0471716 0
-0.00349437 0
-6.36373e-06 0
-1.31944e-05 0
-0.0283374 0
0.0933467 0
0.167358 0
0.0579553 0
-0.0227042 0
-0.0900268 0
-0.118581 0
-0.0616346 0
0.0544845 0
0.0425569 0
0.11491 0
0.0283272 0
0.0533238 0
0.0470114 0
0.00278316 0
-0.0133993 0
-0.0057178 0
0.109649 0
0.0914529 0
0.188414 0
0.0741192 0
0.00108172 0
-0.0426516 0
-0.0143911 0
0.00123466 0
0.0582603 0
0.117493 0
0.0756948 0
-0.0388384 0
-0.11338 0
-0.0423055 0
-0.050731 0
0.0169035 0
-0.0536872 0
-0.0965495 0
-0.0373062 0
0 0
0 0
0 0
0 0
0 0
0 0
0 0
0 0
0 0
0 0
0 0
0 0
0 0
0 0
0 0
0 0
0 0
0 0
0 0
0 0
0 0
0 0
0 0
0 0
0 0
0 0
0 0
0 0
0 0
0 0
0 0
0 0
0 0
0 0
0 0
0 0
0 0
0 0
0 0
0 0
0 0
0 0
0 0
0 0
0 0
0 0
0 0
0 0
0 0
0 0
0 0
0 0
0 0
0 0
0 0
0 0
0 0
0 0
0 0
0 0
0 0
0 0
0 0
0 0
0 0
0 0
0 0
0 0
0 0
0 0
0 0
0 0
0 0
0 0
0 0
0 0
0 0
0 0
0 0
0 0
0 0
0 0
0 0
0 0
0 0
0 0
0 0
0 0
0 0
0 0
0 0
0 0
0 0
0 0
0 0
0 0
0 0
0 0
0 0
0 0
0 0
0 0
0 0
0 0
0 0
0 0
0 0
0 0
0 0
0 0
0 0
0 0
0 0
0 0
0 0
0 0
0 0
0 0
0 0
0 0
0 0
0 0
0 0
0 0
0 0
0 0
0 0
0 0
0 0
0 0
0 0
0 0
0 0
0 0
0 0
0 0
0 0
0 0
0 0
0 0
0 0
0.0652718 0
0.123673 0
0.0667153 0
0.123678 0
0.0652732 0
0.132526 0
0.0129122 0
-0.025041 0
-0.0388927 0
0.0212846 0
-0.070258 0
-0.0620339 0
-0.145923 0
-0.0454032 0
-0.0233296 0
-0.0513393 0
-0.153657 0
-0.0741371 0
-0.0250398 0
-0.045342 0
-0.0997804 0
-0.0627866 0
-0.0510671 0
0.00863268 0
0.0426432 0
-0.01408 0
0.0419839 0
0.0869018 0
0.188811 0
0.057577 0
0.109776 0
0.0678732 0
0.154424 0
0.0851649 0
-0.0056842 0
-0.0296474 0
-0.0108775 0
0.0357327 0
-0.0975737 0
-0.0407984 0
-0.0634845 0
-0.0190184 0
0.0212792 0
-0.0389088 0
-0.0250483 0
-0.0702701 0
-0.00485384 0
0.121299 0
0.082923 0
0.225535 0
0.0643417 0
0.0512579 0
-0.0288569 0
-0.114852 0
-0.0413847 0
-0.088075 0
-0.0128551 0
-0.0719039 0
-0.0454232 0
-0.100458 0
-0.0501424 0
-0.0454108 0
-0.145938 0
-0.0620424 0
-0.0233358 0
0.0829209 0
0.225534 0
0.153715 0
0.162635 0
0.03291 0
-0.0844375 0
-0.0832366 0
-0.12842 0
-0.0626327 0
-0.0328734 0
-0.0361325 0
-0.0345041 0
-0.0333974 0
-0.0741392 0
-0.15365 0
-0.0513367 0
-0.02503 0
0.0643413 0
0.0512484 0
0.0329036 0
-0.0844531 0
-0.0638833 0
-0.0870414 0
-0.0270697 0
0.109418 0
0.0551048 0
0.138259 0
0.0253546 0
-0.0627795 0
-0.0997576 0
-0.0453314 0
-0.0510586 0
-0.0288629 0
-0.114875 0
-0.0832513 0
-0.128439 0
-0.0270749 0
0.109417 0
0.116636 0
0.242895 0
0.0939769 0
-0.0140699 0
0.0426615 0
0.00863901 0
0.0419817 0
-0.0413944 0
-0.0880877 0
-0.0626393 0
-0.0328675 0
0.0551094 0
0.138271 0
0.09398 0
0.0575829 0
0.188817 0
0.0869023 0
0.109775 0
-0.0128556 0
-0.071892 0
-0.0361227 0
-0.0344838 0
0.0253626 0
0.085165 0
0.154419 0
0.0678717 0
-0.00568415 0
-0.0454169 0
-0.100445 0
-0.0333892 0
0.0357284 0
-0.01089 0
-0.029652 0
-0.0975793 0
-0.0501406 0
-0.0190243 0
-0.063495 0
-0.0408025 0
0.0836468 0
0.0807933 0
2.16143e-06 0
-0.080789 0
-0.0836373 0
2.39609e-06 0
-1.80322e-06 0
-0.141937 0
-0.14476 0
-0.227784 0
-0.0352692 0
0.00306173 0
-0.0370531 0
-0.191989 0
0.0762046 0
0.196002 0
0.0804382 0
0.0454287 0
0.0818235 0
0.00520856 0
-0.0148596 0
0.0690762 0
-0.0605011 0
-0.183748 0
-0.107691 0
-0.131615 0
-0.0582714 0
0.0134903 0
0.0129826 0
-0.0998245 0
0.0616135 0
0.156561 0
0.114071 0
0.136315 0
0.0208791 0
-0.0448454 0
0.0189653 0
0.14596 0
-0.0926891 0
-0.149387 0
-0.045428 0
-0.0287461 0
0.227787 0
0.144758 0
0.141927 0
0.0352628 0
-6.70385e-06 0
-1.94637e-06 0
0.10108 0
0.0557955 0
0.120429 0
0.0191002 0
-0.0589817 0
-0.0332025 0
-0.0585717 0
0.0148728 0
0.0717058 0
0.01536 0
-0.0303288 0
-0.0734035 0
-0.162403 0
0.191989 0
0.0370546 0
-0.00306452 0
-0.0762032 0
-0.101081 0
-0.0557943 0
1.39363e-06 0
6.19531e-07 0
0.0144039 0
2.75991e-05 0
-0.0142951 0
0.014257 0
0.0457823 0
0.0293162 0
0.019178 0
-0.0197724 0
-0.0930887 0
-0.04542 0
-0.0804314 0
-0.195993 0
-0.0818204 0
-0.120426 0
-0.0191007 0
-0.0144029 0
-2.69435e-05 0
1.23021e-06 0
9.4082e-07 0
0.0252763 0
0.0192956 0
0.0510892 0
0.0166626 0
-0.00322176 0
-0.0690679 0
0.0148606 0
-0.00520847 0
0.060497 0
0.0589758 0
0.0331997 0
0.0142941 0
-0.0142561 0
-0.0252738 0
-0.0192951 0
-3.07106e-07 0
-9.05286e-07 0
0.0169797 0
0.131611 0
0.107686 0
0.183737 0
0.0582678 0
0.0585672 0
-0.0148721 0
-0.0457802 0
-0.0293152 0
-0.0510891 0
-0.0166639 0
-0.0169829 0
0.0998197 0
-0.0129822 0
-0.0134899 0
-0.0616099 0
-0.0717008 0
-0.0153578 0
-0.019176 0
0.0197717 0
0.00321957 0
-0.136308 0
-0.114066 0
-0.156553 0
-0.0208771 0
0.0303305 0
0.0734015 0
0.093086 0
-0.145954 0
-0.0189657 0
0.0448425 0
0.0926841 0
0.162396 0
0.0287419 0
0.0454246 0
0.149378 0
0 0
0 0
0 0
0 0
0 0
0 0
0 0
0 0
0 0
0 0
0 0
0 0
0 0
0 0
0 0
0 0
0 0
0 0
0 0
0 0
0 0
0 0
0 0
0 0
0 0
0 0
0 0
0 0
0 0
0 0
0 0
0 0
0 0
0 0
0 0
0 0
0 0
0 0
0 0
0 0
0 0
0 0
0 0
0 0
0 0
0 0
0 0
0 0
0 0
0 0
0 0
0 0
0 0
0 0
0 0
0 0
0 0
0 0
0 0
0 0
0 0
0 0
0 0
0 0
0 0
0 0
0 0
0 0
0 0
0 0
0 0
0 0
0 0
0 0
0 0
0 0
0 0
0 0
0 0
0 0
0 0
0 0
0 0
0 0
0 0
0 0
0 0
0 0
0 0
0 0
0 0
0 0
0 0
0 0
0 0
0 0
0 0
0 0
0 0
0 0
0 0
0 0
0 0
0 0
0 0
0 0
0 0
0 0
0 0
0 0
0 0
0 0
0 0
0 0
0 0
0 0
0 0
0 0
0 0
0 0
0 0
0 0
0 0
0 0
0 0
0 0
0 0
0 0
0 0
0 0
0 0
0 0
0 0
0 0
0 0
0 0
0 0
0 0
0 0
0 0
0 0
-0.186103 0
-0.0851721 0
-0.0890097 0
-0.0851762 0
-0.186107 0
-0.0942148 0
0.0654449 0
0.17254 0
0.0327603 0
-0.0530425 0
0.120297 0
0.0530147 0
-0.02562 0
0.00755593 0
-0.0275612 0
-0.175275 0
-0.126614 0
-0.15974 0
-0.0587216 0
0.000184926 0
-0.0187932 0
-0.153486 0
0.0777439 0
0.193224 0
0.0938965 0
0.0808321 0
0.0661152 0
-0.0120554 0
-0.0108103 0
0.0877597 0
-0.0698691 0
-0.162012 0
-0.0982853 0
-0.1173 0
-0.034928 0
0.0548538 0
0.00861417 0
-0.0985989 0
0.0908422 0
0.165397 0
0.0617459 0
0.0765979 0
-0.0530309 0
0.0327677 0
0.172547 0
0.120299 0
0.247905 0
0.0695737 0
0.0137609 0
-0.02407 0
-0.0556212 0
0.010521 0
0.11165 0
0.0527322 0
0.0783303 0
-0.0165625 0
-0.0999429 0
-0.0413825 0
-0.0289217 0
0.0409282 0
0.129096 0
0.00756572 0
-0.0256181 0
0.0530147 0
-0.0275649 0
0.0137561 0
-0.0240725 0
-0.0536506 0
-0.0206295 0
-0.0142684 0
-0.00881129 0
0.0193159 0
-0.0183972 0
-0.0439643 0
-0.0210774 0
-0.0341986 0
0.0181196 0
0.0591108 0
-0.159743 0
-0.126618 0
-0.175285 0
-0.0587254 0
-0.0556263 0
0.0105207 0
-0.0142686 0
-0.00881131 0
-0.0401807 0
-0.0344389 0
-0.0485622 0
-0.0115314 0
-0.00523064 0
0.0259363 0
0.045736 0
-0.153491 0
-0.018793 0
0.000184821 0
0.0777474 0
0.111654 0
0.0527343 0
0.0193161 0
-0.018399 0
-0.0485656 0
-0.0115341 0
0.00817857 0
0.0331931 0
0.0603813 0
0.0808375 0
0.0939013 0
0.193233 0
0.0661186 0
0.0783343 0
-0.0165628 0
-0.0439684 0
-0.0210805 0
-0.00523783 0
0.0259329 0
0.0603778 0
0.0877632 0
-0.0108117 0
-0.0120555 0
-0.0698711 0
-0.099944 0
-0.0413815 0
-0.0341994 0
0.0181205 0
0.0457334 0
-0.117309 0
-0.0982923 0
-0.162019 0
-0.0349278 0
-0.0289158 0
0.0409343 0
0.0591179 0
-0.0986096 0
0.00861123 0
0.0548556 0
0.090847 0
0.129107 0
0.0765957 0
0.0617469 0
0.165403 0
0 0
0 0
0 0
0 0
0 0
0 0
0 0
0 0
0 0
0 0
0 0
0 0
0 0
0 0
0 0
0 0
0 0
0 0
0 0
0 0
0 0
0 0
0 0
0 0
0 0
0 0
0 0
0 0
0 0
0 0
0 0
0 0
0 0
0 0
0 0
0 0
0 0
0 0
0 0
0 0
0 0
0 0
0 0
0 0
0 0
0 0
0 0
0 0
0 0
0 0
0 0
0 0
0 0
0 0
0 0
0 0
0 0
0 0
0 0
0 0
0 0
0 0
0 0
0 0
0 0
0 0
0 0
0 0
0 0
0 0
0 0
0 0
0 0
0 0
0 0
0 0
0 0
0 0
0 0
0 0
0 0
0 0
0 0
0 0
0 0
0 0
0 0
0 0
0 0
0 0
0 0
0 0
0 0
0 0
0 0
0 0
0 0
0 0
0 0
0 0
0 0
0 0
0 0
0 0
0 0
0 0
0 0
0 0
0 0
0 0
0 0
0 0
0 0
0 0
0 0
0 0
0 0
0 0
0 0
0 0
0 0
0 0
0 0
0 0
0 0
0 0
0 0
0 0
0 0
0 0
0 0
0 0
0 0
0 0
0 0
0 0
0 0
0 0
0 0
0 0
0 0
-0.0124806 0
-0.0120045 0
8.55577e-07 0
0.0120061 0
0.0124841 0
8.79262e-07 0
-5.74194e-07 0
0.0186285 0
0.0212686 0
0.0337453 0
0.00228312 0
-0.00964548 0
0.00707975 0
0.0300664 0
-0.0215534 0
-0.0398157 0
-0.000453878 0
0.00696816 0
-0.0262699 0
-0.00171025 0
0.029848 0
0.0310974 0
-0.0056932 0
0.0166374 0
0.0495465 0
0.0856474 0
-0.023417 0
-0.0544132 0
0.0340794 0
0.0885292 0
-0.076283 0
-0.0723536 0
0.0558752 0
0.0969419 0
-0.0701331 0
0.0438989 0
0.116638 0
0.190135 0
0.00504245 0
0.0883968 0
0.0763199 0
0.210554 0
-0.0337444 0
-0.0212693 0
-0.0186316 0
-0.00228524 0
-2.13032e-06 0
-5.42929e-07 0
-0.0353411 0
-0.0244509 0
-0.0616295 0
-0.0292253 0
-0.0372544 0
-0.012049 0
-0.0540847 0
-0.0350433 0
-0.172235 0
-0.108573 0
-0.244636 0
-0.120055 0
-0.112915 0
-0.0300668 0
-0.00707941 0
0.00964451 0
0.0215539 0
0.0353411 0
0.0244515 0
4.85541e-07 0
9.72762e-08 0
-0.0170552 0
0.00664641 0
0.0435422 0
0.0628456 0
0.0876453 0
0.0837237 0
-0.010716 0
0.010978 0
-0.109428 0
-0.00696554 0
0.000456039 0
0.0398189 0
0.026271 0
0.0616307 0
0.0292251 0
0.0170551 0
-0.00664653 0
3.21804e-08 0
1.57309e-07 0
0.118769 0
0.0943256 0
0.254148 0
0.145613 0
0.162923 0
-0.0310948 0
-0.0298478 0
0.0017103 0
0.0056919 0
0.0372526 0
0.0120482 0
-0.0435426 0
-0.0628452 0
-0.118769 0
-0.0943255 0
-2.43117e-07 0
-3.48046e-07 0
0.14902 0
-0.085649 0
-0.0495482 0
-0.0166407 0
0.023416 0
0.0540838 0
0.035044 0
-0.087644 0
-0.0837231 0
-0.254148 0
-0.145613 0
-0.149021 0
-0.088531 0
-0.0340794 0
0.0544134 0
0.0762842 0
0.172237 0
0.108574 0
0.010717 0
-0.0109781 0
-0.162924 0
-0.0969402 0
-0.0558736 0
0.0723561 0
0.0701334 0
0.244636 0
0.120054 0
0.109427 0
-0.190133 0
-0.116638 0
-0.0439002 0
-0.00504422 0
0.112912 0
-0.210555 0
-0.0763209 0
-0.0883996 0
0 0
0 0
0 0
0 0
0 0
0 0
0 0
0 0
0 0
0 0
0 0
0 0
0 0
0 0
0 0
0 0
0 0
0 0
0 0
0 0
0 0
0 0
0 0
0 0
0 0
0 0
0 0
0 0
0 0
0 0
0 0
0 0
0 0
0 0
0 0
0 0
0 0
0 0
0 0
0 0
0 0
0 0
0 0
0 0
0 0
0 0
0 0
0 0
0 0
0 0
0 0
0 0
0 0
0 0
0 0
0 0
0 0
0 0
0 0
0 0
0 0
0 0
0 0
0 0
0 0
0 0
0 0
0 0
0 0
0 0
0 0
0 0
0 0
0 0
0 0
0 0
0 0
0 0
0 0
0 0
0 0
0 0
0 0
0 0
0 0
0 0
0 0
0 0
0 0
0 0
0 0
0 0
0 0
0 0
0 0
0 0
0 0
0 0
0 0
0 0
0 0
0 0
0 0
0 0
0 0
0 0
0 0
0 0
0 0
0 0
0 0
0 0
0 0
0 0
0 0
0 0
0 0
0 0
0 0
0 0
0 0
0 0
0 0
0 0
0 0
0 0
0 0
0 0
0 0
0 0
0 0
0 0
0 0
0 0
0 0
0 0
0 0
0 0
0 0
0 0
0 0
0.134715 0
0.0523557 0
0.0757856 0
0.0523554 0
0.134714 0
0.0692695 0
-0.020022 0
-0.0764533 0
-0.063469 0
-0.0119874 0
-0.00865898 0
-0.0243777 0
-0.0725064 0
-0.153833 0
0.0517924 0
0.0689537 0
-0.0149188 0
-0.0980177 0
0.0426692 0
0.0546331 0
-0.00952891 0
-0.0275845 0
0.0312025 0
0.0307086 0
-0.0453417 0
-0.0632114 0
0.0500496 0
-0.0113823 0
-0.0781606 0
-0.139445 0
0.0150553 0
-0.0423498 0
-0.0479671 0
-0.145145 0
-0.017587 0
0.0581322 0
0.0530477 0
0.00598857 0
0.0293737 0
0.106847 0
0.062673 0
0.134953 0
-0.0119865 0
-0.0634685 0
-0.0764528 0
-0.00865887 0
0.0672803 0
0.0973873 0
0.15615 0
0.0448826 0
0.04145 0
-0.0362259 0
0.0351876 0
0.047311 0
0.174059 0
0.119297 0
0.111856 0
0.00186531 0
-0.0832277 0
-0.0810141 0
-0.0538125 0
-0.153833 0
-0.0725064 0
-0.0243777 0
0.0517923 0
0.15615 0
0.0448826 0
-0.0222454 0
-0.116922 0
-0.218214 0
-0.122875 0
-0.024357 0
0.044867 0
0.179139 0
0.0532258 0
-0.0213922 0
-0.0815207 0
-0.173305 0
-0.098018 0
-0.0149191 0
0.0689533 0
0.0426692 0
0.0414503 0
-0.0362256 0
-0.218213 0
-0.122875 0
-0.239864 0
-0.0503871 0
0.0210235 0
0.032102 0
0.0495921 0
-0.0250945 0
-0.118174 0
-0.0275849 0
-0.00952897 0
0.0546332 0
0.0312027 0
0.0351881 0
0.0473111 0
-0.0243568 0
0.0448669 0
0.0210236 0
0.0321022 0
0.0544079 0
-0.000153389 0
-0.0274974 0
-0.0632113 0
-0.0453415 0
0.0307089 0
0.0500495 0
0.174058 0
0.119297 0
0.179139 0
0.0532258 0
0.0495926 0
-0.0250941 0
-0.027497 0
-0.139445 0
-0.0781606 0
-0.0113826 0
0.015055 0
0.111855 0
0.00186507 0
-0.0213923 0
-0.0815206 0
-0.118173 0
-0.145145 0
-0.047967 0
-0.04235 0
-0.017587 0
-0.0832279 0
-0.0810142 0
-0.173305 0
0.00598894 0
0.0530479 0
0.0581324 0
0.0293738 0
-0.0538124 0
0.134954 0
0.062673 0
0.106847 0
0 0
0 0
0 0
0 0
0 0
0 0
0 0
0 0
0 0
0 0
0 0
0 0
0 0
0 0
0 0
0 0
0 0
0 0
0 0
0 0
0 0
0 0
0 0
0 0
0 0
0 0
0 0
0 0
0 0
0 0
0 0
0 0
0 0
0 0
0 0
0 0
0 0
0 0
0 0
0 0
0 0
0 0
0 0
0 0
0 0
0 0
0 0
0 0
0 0
0 0
0 0
0 0
0 0
0 0
0 0
0 0
0 0
0 0
0 0
0 0
0 0
0 0
0 0
0 0
0 0
0 0
0 0
0 0
0 0
0 0
0 0
0 0
0 0
0 0
0 0
0 0
0 0
0 0
0 0
0 0
0 0
0 0
0 0
0 0
0 0
0 0
0 0
0 0
0 0
0 0
0 0
0 0
0 0
0 0
0 0
0 0
0 0
0 0
0 0
0 0
0 0
0 0
0 0
0 0
0 0
0 0
0 0
0 0
0 0
0 0
0 0
0 0
0 0
0 0
0 0
0 0
0 0
0 0
0 0
0 0
0 0
0 0
0 0
0 0
0 0
0 0
0 0
0 0
0 0
0 0
0 0
0 0
0 0
0 0
0 0
0 0
0 0
0 0
0 0
0 0
0 0
0 0
0 0
0 0
0 0
0 0
0 0
0 0
0 0
0 0
0 0
0 0
0 0
0 0
0 0
0 0
0 0
0 0
0 0
0 0
0 0
0 0
0 0
0 0
0 0
0 0
0 0
0 0
0 0
0 0
0 0
0 0
0 0
0 0
0 0
0 0
0 0
0 0
0 0
0 0
0 0
0 0
0 0
0 0
0 0
0 0
0 0
0 0
0 0
0 0
0 0
0 0
0 0
0 0
0 0
0 0
0 0
0 0
0 0
0 0
0 0
0 0
0 0
0 0
0 0
0 0
0 0
0 0
0 0
0 0
0 0
0 0
0 0
0 0
0 0
0 0
0 0
0 0
0 0
0 0
0 0
0 0
0 0
0 0
0 0
0 0
0 0
0 0
0 0
0 0
0 0
0 0
0 0
0 0
0 0
0 0
0 0
0 0
0 0
0 0
0 0
0 0
0 0
0 0
0 0
0 0
0 0
0 0
0 0
0 0
0 0
0 0
0 0
0 0
0 0
0 0
0 0
0 0
0 0
0 0
0 0
0 0
0 0
0 0
0 0
0 0
0 0
0 0
0 0
0 0
0 0
0 0
0 0
0 0
0 0
0 0
0 0
0 0
0 0
0 0
0 0
0 0
-0.0146486 0
-0.0560857 0
-2.02895e-06 0
0.0560734 0
0.0146409 0
-8.69769e-06 0
4.49832e-06 0
0.0532745 0
0.136293 0
0.0494814 0
0.0633471 0
0.0235389 0
0.0881248 0
0.0564605 0
-0.0628435 0
-0.0499691 0
-0.00443112 0
0.0212146 0
-0.124574 0
0.00729123 0
0.0980222 0
0.0237499 0
0.0541366 0
0.0913132 0
0.217473 0
0.0796254 0
0.0746295 0
0.000232177 0
0.0732406 0
0.0740836 0
-0.146982 0
-0.0824596 0
-0.0427538 0
0.00774867 0
-0.116437 0
0.0396008 0
0.14684 0
0.0265428 0
0.118258 0
0.0860378 0
0.213148 0
0.0943806 0
-0.0494836 0
-0.136289 0
-0.0532671 0
-0.0633321 0
5.2379e-06 0
5.29079e-06 0
-0.0495747 0
-0.125818 0
-0.10628 0
-0.155276 0
-0.0342826 0
-0.0317966 0
-0.00243849 0
-0.0520825 0
-0.0937154 0
-0.157945 0
-0.0934225 0
-0.0828588 0
0.00918609 0
-0.0564612 0
-0.0881316 0
-0.0235386 0
0.0628363 0
0.049576 0
0.125819 0
6.42278e-07 0
1.11325e-06 0
-0.0517539 0
-0.0433483 0
-0.00272358 0
0.0646828 0
0.0320308 0
0.11186 0
-0.00511809 0
0.0268461 0
-0.0141973 0
-0.0212218 0
0.00440924 0
0.0499589 0
0.124563 0
0.106279 0
0.155282 0
0.0517547 0
0.0433433 0
-3.22548e-06 0
-7.59008e-06 0
0.0516036 0
0.132535 0
0.110939 0
0.177427 0
0.0511149 0
-0.0237571 0
-0.0980288 0
-0.00729239 0
-0.0541242 0
0.0342897 0
0.031806 0
0.00272297 0
-0.0646895 0
-0.0516099 0
-0.132538 0
6.03058e-07 0
4.60119e-06 0
0.0448057 0
-0.0796245 0
-0.217463 0
-0.0913044 0
-0.0746187 0
0.00244366 0
0.0520819 0
-0.0320323 0
-0.111859 0
-0.110937 0
-0.177418 0
-0.0448009 0
-0.0740818 0
-0.0732438 0
-0.000233297 0
0.146971 0
0.093711 0
0.157941 0
0.00511918 0
-0.0268394 0
-0.0511108 0
-0.00775292 0
0.0427403 0
0.0824508 0
0.11643 0
0.0934208 0
0.0828632 0
0.0142001 0
-0.0265451 0
-0.146835 0
-0.0395983 0
-0.118247 0
-0.00918199 0
-0.0943758 0
-0.213135 0
-0.0860313 0
0 0
0 0
0 0
0 0
0 0
0 0
0 0
0 0
0 0
0 0
0 0
0 0
0 0
0 0
0 0
0 0
0 0
0 0
0 0
0 0
0 0
0 0
0 0
0 0
0 0
0 0
0 0
0 0
0 0
0 0
0 0
0 0
0 0
0 0
0 0
0 0
0 0
0 0
0 0
0 0
0 0
0 0
0 0
0 0
0 0
0 0
0 0
0 0
0 0
0 0
0 0
0 0
0 0
0 0
0 0
0 0
0 0
0 0
0 0
0 0
0 0
0 0
0 0
0 0
0 0
0 0
0 0
0 0
0 0
0 0
0 0
0 0
0 0
0 0
0 0
0 0
0 0
0 0
0 0
0 0
0 0
0 0
0 0
0 0
0 0
0 0
0 0
0 0
0 0
0 0
0 0
0 0
0 0
0 0
0 0
0 0
0 0
0 0
0 0
0 0
0 0
0 0
0 0
0 0
0 0
0 0
0 0
0 0
0 0
0 0
0 0
0 0
0 0
0 0
0 0
0 0
0 0
0 0
0 0
0 0
0 0
0 0
0 0
0 0
0 0
0 0
0 0
0 0
0 0
0 0
0 0
0 0
0 0
0 0
0 0
0 0
0 0
0 0
0 0
0 0
0 0
0.0913838 0
0.143994 0
0.0481178 0
0.143999 0
0.0913851 0
0.205827 0
-0.104952 0
-0.0865317 0
-0.046938 0
0.0249749 0
-0.172273 0
-0.00357315 0
0.0738969 0
0.00678472 0
0.084927 0
0.116828 0
0.247783 0
0.0815657 0
0.115682 0
0.0117087 0
0.071866 0
0.0811415 0
-0.143265 0
-0.100519 0
-0.118632 0
-0.0118068 0
-0.119117 0
0.0136734 0
0.0355396 0
-0.0211818 0
0.135837 0
0.0967478 0
0.150435 0
0.0472838 0
0.0728291 0
-0.0292914 0
-0.0514107 0
0.0252605 0
-0.13134 0
-0.0723526 0
-0.14726 0
-0.0521044 0
0.0249705 0
-0.04695 0
-0.0865365 0
-0.172278 0
-0.118581 0
-0.11371 0
-0.0106514 0
-0.0117366 0
0.0096389 0
-0.0671661 0
-0.0812234 0
-0.104421 0
-0.0552256 0
0.0141293 0
0.0520043 0
0.0480778 0
0.0176905 0
-0.0532824 0
-0.0479251 0
0.00677976 0
0.0738893 0
-0.00357518 0
0.0849326 0
-0.010647 0
-0.0117257 0
-0.0135109 0
-0.0291681 0
-0.0115169 0
0.052149 0
0.00704676 0
0.0793313 0
0.0205989 0
-0.0134471 0
-0.0112351 0
-0.0768482 0
-0.0329944 0
0.081564 0
0.247784 0
0.116833 0
0.115693 0
0.00964812 0
-0.0671527 0
-0.0115125 0
0.0521526 0
0.0699443 0
0.169123 0
0.0714863 0
0.0246491 0
-0.025918 0
-0.109716 0
-0.0466987 0
0.0811394 0
0.0718573 0
0.011708 0
-0.143269 0
-0.0812205 0
-0.104418 0
0.00704691 0
0.0793255 0
0.0714818 0
0.0246373 0
-0.0153702 0
-0.10864 0
-0.0551581 0
-0.0118138 0
-0.118651 0
-0.100527 0
-0.119123 0
-0.0552253 0
0.0141341 0
0.0205961 0
-0.0134569 0
-0.0259279 0
-0.109732 0
-0.0551621 0
-0.0211882 0
0.0355333 0
0.0136735 0
0.13585 0
0.0520126 0
0.0480918 0
-0.0112346 0
-0.0768506 0
-0.0467033 0
0.047283 0
0.150439 0
0.096755 0
0.0728392 0
0.0176987 0
-0.0532751 0
-0.0329931 0
0.025258 0
-0.0514238 0
-0.029295 0
-0.13135 0
-0.0479259 0
-0.0521128 0
-0.147278 0
-0.0723602 0
-0.0500639 0
-0.0438176 0
8.79584e-08 0
0.0438176 0
0.0500639 0
1.50322e-09 0
9.31799e-08 0
0.0691147 0
0.0595059 0
0.114867 0
0.0218909 0
0.0151011 0
-0.0239502 0
0.0415219 0
0.0198379 0
-0.020837 0
-0.103284 0
-0.147205 0
0.0599842 0
0.0233191 0
-0.0867321 0
-0.221288 0
0.0535678 0
0.0119118 0
-0.02151 0
-0.128791 0
-0.018457 0
0.0130904 0
0.0523158 0
0.0359013 0
-0.0192051 0
0.0457479 0
0.0719298 0
0.147669 0
0.000563442 0
-0.0469204 0
-0.00891305 0
0.0767771 0
-0.0426853 0
-0.103257 0
-0.0434187 0
-0.0630591 0
-0.114867 0
-0.059506 0
-0.0691145 0
-0.0218908 0
2.03579e-07 0
7.16658e-08 0
0.0820718 0
0.079895 0
0.22787 0
0.135993 0
0.170213 0
0.0102981 0
-0.0958082 0
-0.108453 0
-0.132453 0
-0.0299872 0
0.00331768 0
0.0331883 0
-0.0101895 0
-0.0415222 0
0.02395 0
-0.0151011 0
-0.0198379 0
-0.0820717 0
-0.0798951 0
-1.37857e-07 0
-9.47587e-08 0
0.129645 0
0.0244191 0
-0.0344443 0
-0.0771768 0
-0.191524 0
-0.0415036 0
0.013634 0
0.087959 0
0.133092 0
0.147205 0
0.103284 0
0.0208369 0
-0.0599841 0
-0.22787 0
-0.135993 0
-0.129645 0
-0.0244193 0
-3.35176e-07 0
-1.86714e-07 0
-0.0743087 0
-0.0147269 0
0.0173601 0
0.0768365 0
0.188427 0
0.221288 0
0.0867321 0
-0.0233188 0
-0.0535675 0
-0.170212 0
-0.0102978 0
0.0344443 0
0.0771768 0
0.0743083 0
0.0147269 0
7.01072e-08 0
1.25519e-07 0
0.0862763 0
0.128791 0
0.0215099 0
-0.0119116 0
0.0184572 0
0.0958088 0
0.108453 0
0.191525 0
0.0415037 0
-0.0173601 0
-0.0768364 0
-0.0862759 0
-0.035902 0
-0.0523162 0
-0.0130906 0
0.0192051 0
0.132454 0
0.0299872 0
-0.0136341 0
-0.0879592 0
-0.188427 0
-0.14767 0
-0.0719299 0
-0.045748 0
-0.000563394 0
-0.00331778 0
-0.0331885 0
-0.133092 0
-0.0767769 0
0.00891328 0
0.0469207 0
0.0426854 0
0.0101894 0
0.0630594 0
0.0434188 0
0.103258 0
0 0
0 0
0 0
0 0
0 0
0 0
0 0
0 0
0 0
0 0
0 0
0 0
0 0
0 0
0 0
0 0
0 0
0 0
0 0
0 0
0 0
0 0
0 0
0 0
0 0
0 0
0 0
0 0
0 0
0 0
0 0
0 0
0 0
0 0
0 0
0 0
0 0
0 0
0 0
0 0
0 0
0 0
0 0
0 0
0 0
0 0
0 0
0 0
0 0
0 0
0 0
0 0
0 0
0 0
0 0
0 0
0 0
0 0
0 0
0 0
0 0
0 0
0 0
0 0
0 0
0 0
0 0
0 0
0 0
0 0
0 0
0 0
0 0
0 0
0 0
0 0
0 0
0 0
0 0
0 0
0 0
0 0
0 0
0 0
0 0
0 0
0 0
0 0
0 0
0 0
0 0
0 0
0 0
0 0
0 0
0 0
0 0
0 0
0 0
0 0
0 0
0 0
0 0
0 0
0 0
0 0
0 0
0 0
0 0
0 0
0 0
0 0
0 0
0 0
0 0
0 0
0 0
0 0
0 0
0 0
0 0
0 0
0 0
0 0
0 0
0 0
0 0
0 0
0 0
0 0
0 0
0 0
0 0
0 0
0 0
0 0
0 0
0 0
0 0
0 0
0 0
0.104237 0
0.0367054 0
0.0652815 0
0.0367054 0
0.104237 0
0.0540459 0
-0.00256286 0
-0.0375353 0
-0.0649193 0
-0.0315276 0
0.0234496 0
-0.0206099 0
-0.0855388 0
-0.176656 0
0.03792 0
-0.000640196 0
-0.0226629 0
-0.125857 0
-0.015975 0
-0.00895856 0
0.0578281 0
0.0411736 0
-0.0521152 0
0.00495955 0
0.0971219 0
0.185383 0
-0.0393668 0
-0.0115605 0
0.0520972 0
0.174841 0
-0.0256181 0
-0.0370947 0
-0.025054 0
0.0323187 0
0.00763448 0
-0.0105711 0
-0.0477645 0
-0.0892204 0
0.0286806 0
0.0146419 0
-0.0165386 0
-0.0779173 0
-0.0315276 0
-0.0649193 0
-0.0375352 0
0.0234497 0
0.148249 0
0.124755 0
0.166991 0
0.0394808 0
-0.0516751 0
-0.0858283 0
-0.195633 0
-0.0908619 0
-0.144239 0
-0.0446648 0
-0.0494233 0
0.0116876 0
0.0766978 0
0.0673534 0
0.103549 0
-0.176656 0
-0.0855387 0
-0.0206099 0
0.0379199 0
0.16699 0
0.0394806 0
0.0376626 0
-0.034197 0
-0.0853561 0
0.0148062 0
-0.0122851 0
0.0609685 0
0.020985 0
0.00848615 0
0.0176888 0
0.00111064 0
0.0755971 0
-0.125857 0
-0.0226627 0
-0.000640237 0
-0.0159751 0
-0.0516755 0
-0.0858285 0
-0.0853563 0
0.0148061 0
0.155297 0
0.157115 0
0.228233 0
0.06314 0
-0.0058897 0
-0.0785899 0
-0.0890592 0
0.0411739 0
0.0578282 0
-0.00895859 0
-0.0521152 0
-0.195633 0
-0.0908619 0
-0.0122851 0
0.0609685 0
0.228233 0
0.0631399 0
0.0215254 0
-0.101633 0
-0.203417 0
0.185383 0
0.0971219 0
0.00495964 0
-0.0393667 0
-0.144239 0
-0.0446646 0
0.0209851 0
0.00848613 0
-0.00588996 0
-0.0785901 0
-0.203417 0
0.174841 0
0.052097 0
-0.0115605 0
-0.025618 0
-0.049423 0
0.0116877 0
0.0176889 0
0.00111062 0
-0.0890594 0
0.0323183 0
-0.0250542 0
-0.0370948 0
0.00763447 0
0.0766978 0
0.0673534 0
0.0755972 0
-0.0892205 0
-0.0477645 0
-0.0105712 0
0.0286806 0
0.103549 0
-0.0779172 0
-0.0165386 0
0.0146419 0
0 0
0 0
0 0
0 0
0 0
0 0
0 0
0 0
0 0
0 0
0 0
0 0
0 0
0 0
0 0
0 0
0 0
0 0
0 0
0 0
0 0
0 0
0 0
0 0
0 0
0 0
0 0
0 0
0 0
0 0
0 0
0 0
0 0
0 0
0 0
0 0
0 0
0 0
0 0
0 0
0 0
0 0
0 0
0 0
0 0
0 0
0 0
0 0
0 0
0 0
0 0
0 0
0 0
0 0
0 0
0 0
0 0
0 0
0 0
0 0
0 0
0 0
0 0
0 0
0 0
0 0
0 0
0 0
0 0
0 0
0 0
0 0
0 0
0 0
0 0
0 0
0 0
0 0
0 0
0 0
0 0
0 0
0 0
0 0
0 0
0 0
0 0
0 0
0 0
0 0
0 0
0 0
0 0
0 0
0 0
0 0
0 0
0 0
0 0
0 0
0 0
0 0
0 0
0 0
0 0
0 0
0 0
0 0
0 0
0 0
0 0
0 0
0 0
0 0
0 0
0 0
0 0
0 0
0 0
0 0
0 0
0 0
0 0
0 0
0 0
0 0
0 0
0 0
0 0
0 0
0 0
0 0
0 0
0 0
0 0
0 0
0 0
0 0
0 0
0 0
0 0
0 0
0 0
0 0
0 0
0 0
0 0
0 0
0 0
0 0
0 0
0 0
0 0
0 0
0 0
0 0
0 0
0 0
0 0
0 0
0 0
0 0
0 0
0 0
0 0
0 0
0 0
0 0
0 0
0 0
0 0
0 0
0 0
0 0
0 0
0 0
0 0
0 0
0 0
0 0
0 0
0 0
0 0
0 0
0 0
0 0
0 0
0 0
0 0
0 0
0 0
0 0
0 0
0 0
0 0
0 0
0 0
0 0
0 0
0 0
0 0
0 0
0 0
0 0
0 0
0 0
0 0
0 0
0 0
0 0
0 0
0 0
0 0
0 0
0 0
0 0
0 0
0 0
0 0
0 0
0 0
0 0
0 0
0 0
0 0
0 0
0 0
0 0
0 0
0 0
0 0
0 0
0 0
0 0
0 0
0 0
0 0
0 0
0 0
0 0
0 0
0 0
0 0
0 0
0 0
0 0
0 0
0 0
0 0
0 0
0 0
0 0
0 0
0 0
0 0
0 0
0 0
0 0
0 0
0 0
0 0
0 0
0 0
0 0
0 0
0 0
0 0
0 0
0 0
0 0
0 0
0 0
0 0
0 0
0 0
0 0
0 0
0 0
0 0
0 0
0 0
0 0
-0.0242894 0
-0.091951 0
1.75015e-07 0
0.091952 0
0.0242901 0
7.706e-07 0
-2.73218e-07 0
0.0787831 0
0.203404 0
0.0768371 0
0.088389 0
0.0245384 0
0.0839645 0
0.0731022 0
-0.0810347 0
-0.0776136 0
-0.102987 0
-0.00487587 0
-0.11057 0
-0.00193683 0
-0.0112927 0
-0.0293253 0
0.114619 0
0.0797039 0
0.0857697 0
0.0190064 0
0.0983452 0
-0.0207318 0
-0.108374 0
-0.00582529 0
-0.0683276 0
-0.0781239 0
-0.242319 0
-0.0901355 0
0.0239875 0
0.00219107 0
-0.122779 0
-0.0941528 0
0.106921 0
0.0237915 0
-0.0163187 0
-0.036891 0
-0.076837 0
-0.203404 0
-0.0787836 0
-0.0883894 0
5.03665e-08 0
6.15632e-07 0
-0.0413878 0
-0.0746572 0
-0.0478281 0
0.00475941 0
0.0534056 0
0.0853747 0
0.0541515 0
0.0193179 0
0.0200526 0
0.124524 0
0.10296 0
0.240698 0
0.0912413 0
-0.0731025 0
-0.0839651 0
-0.0245385 0
0.0810353 0
0.0413885 0
0.0746579 0
3.87486e-08 0
-4.94482e-07 0
0.000109131 0
-0.00434486 0
-0.00537967 0
-0.10146 0
-0.0512648 0
-0.114814 0
0.0231178 0
0.0761787 0
0.0812173 0
0.00487569 0
0.102987 0
0.0776138 0
0.11057 0
0.0478281 0
-0.00476005 0
-0.000109769 0
0.00434407 0
-1.74514e-07 0
1.09563e-07 0
-0.0658341 0
-0.147257 0
-0.108325 0
-0.145078 0
-0.0174313 0
0.0293251 0
0.0112924 0
0.00193671 0
-0.11462 0
-0.0534057 0
-0.0853745 0
0.00537971 0
0.10146 0
0.0658344 0
0.147257 0
2.88718e-08 0
-1.54674e-07 0
-0.0370446 0
-0.0190065 0
-0.0857699 0
-0.0797038 0
-0.0983447 0
-0.054151 0
-0.019317 0
0.0512652 0
0.114815 0
0.108325 0
0.145078 0
0.0370444 0
0.00582518 0
0.108374 0
0.0207319 0
0.0683276 0
-0.0200525 0
-0.124524 0
-0.0231181 0
-0.0761795 0
0.0174309 0
0.0901352 0
0.242319 0
0.0781237 0
-0.0239878 0
-0.10296 0
-0.240698 0
-0.0812176 0
0.0941528 0
0.122779 0
-0.00219088 0
-0.10692 0
-0.0912413 0
0.0368913 0
0.0163196 0
-0.0237912 0
0 0
0 0
0 0
0 0
0 0
0 0
0 0
0 0
0 0
0 0
0 0
0 0
0 0
0 0
0 0
0 0
0 0
0 0
0 0
0 0
0 0
0 0
0 0
0 0
0 0
0 0
0 0
0 0
0 0
0 0
0 0
0 0
0 0
0 0
0 0
0 0
0 0
0 0
0 0
0 0
0 0
0 0
0 0
0 0
0 0
0 0
0 0
0 0
0 0
0 0
0 0
0 0
0 0
0 0
0 0
0 0
0 0
0 0
0 0
0 0
0 0
0 0
0 0
0 0
0 0
0 0
0 0
0 0
0 0
0 0
0 0
0 0
0 0
0 0
0 0
0 0
0 0
0 0
0 0
0 0
0 0
0 0
0 0
0 0
0 0
0 0
0 0
0 0
0 0
0 0
0 0
0 0
0 0
0 0
0 0
0 0
0 0
0 0
0 0
0 0
0 0
0 0
0 0
0 0
0 0
0 0
0 0
0 0
0 0
0 0
0 0
0 0
0 0
0 0
0 0
0 0
0 0
0 0
0 0
0 0
0 0
0 0
0 0
0 0
0 0
0 0
0 0
0 0
0 0
0 0
0 0
0 0
0 0
0 0
0 0
0 0
0 0
0 0
0 0
0 0
0 0
0.0992168 0
0.137026 0
0.0452527 0
0.137026 0
0.0992166 0
0.237555 0
-0.104292 0
-0.081963 0
-0.118519 0
0.00482732 0
-0.0799204 0
-0.0200154 0
-0.0968262 0
-0.0549236 0
0.102465 0
0.0279569 0
-0.0239741 0
-0.0310448 0
0.0273371 0
-0.0121076 0
-0.064239 0
-0.0226959 0
-0.00825211 0
0.00190443 0
-0.0696442 0
-0.0342562 0
0.0850147 0
-0.00926984 0
-0.094287 0
-0.0423575 0
-0.0256686 0
-0.0562528 0
-0.0955945 0
-0.0489321 0
-0.0845696 0
0.0284284 0
0.105812 0
0.00264185 0
0.0839437 0
0.0723537 0
0.19085 0
0.0788939 0
0.00482791 0
-0.118518 0
-0.0819625 0
-0.0799197 0
0.00937376 0
0.195572 0
0.110454 0
0.116338 0
0.0153639 0
-0.0858599 0
0.000843718 0
0.0973381 0
0.104286 0
0.207593 0
0.0361813 0
-0.0460431 0
-0.0665954 0
-0.120451 0
-0.00960797 0
-0.054923 0
-0.0968255 0
-0.0200152 0
0.102464 0
0.110454 0
0.116337 0
0.0120156 0
-0.186501 0
-0.117917 0
-0.173822 0
0.0103702 0
0.11576 0
0.103918 0
0.0748313 0
-0.023147 0
-0.114548 0
-0.0603898 0
-0.0310448 0
-0.0239748 0
0.0279563 0
0.0273361 0
0.0153634 0
-0.0858602 0
-0.117917 0
-0.173822 0
-0.101538 0
-0.0439379 0
0.0242688 0
0.0196152 0
0.00741024 0
-0.0666703 0
-0.0459664 0
-0.022696 0
-0.0642388 0
-0.0121076 0
-0.00825133 0
0.000843988 0
0.0973387 0
0.0103703 0
0.11576 0
0.0242686 0
0.0196149 0
-0.00868094 0
-0.0722955 0
-0.0355768 0
-0.0342559 0
-0.0696433 0
0.00190505 0
0.0850153 0
0.104286 0
0.207593 0
0.103918 0
0.074831 0
0.00741 0
-0.0666706 0
-0.0355768 0
-0.0423574 0
-0.0942874 0
-0.00927004 0
-0.0256696 0
0.0361811 0
-0.046043 0
-0.023147 0
-0.114548 0
-0.0459663 0
-0.0489325 0
-0.0955957 0
-0.0562534 0
-0.0845696 0
-0.0665951 0
-0.12045 0
-0.0603894 0
0.00264152 0
0.105812 0
0.0284286 0
0.0839447 0
-0.0096074 0
0.0788939 0
0.19085 0
0.0723541 0
-0.10127 0
-0.0256473 0
0.0277562 0
-0.0256353 0
-0.101255 0
-0.0537145 0
0.0789919 0
0.133549 0
0.00895469 0
-0.0206459 0
0.0571058 0
-0.0407432 0
-0.0699722 0
-0.0797882 0
-0.0313702 0
-0.0466153 0
-0.0364396 0
-0.137703 0
0.019591 0
0.113737 0
0.0750222 0
0.0502958 0
0.0257837 0
-0.0391071 0
0.00865748 0
0.11174 0
-0.0755122 0
-0.167661 0
-0.0399561 0
-0.0408333 0
-0.0568626 0
-0.00356465 0
0.0864094 0
0.0619537 0
-0.0333726 0
-0.0311167 0
0.101932 0
0.258284 0
-0.0995557 0
-0.128995 0
0.00380201 0
0.14321 0
-0.0206747 0
0.00894346 0
0.133542 0
0.0571095 0
0.121655 0
0.016067 0
-0.0304806 0
-0.0189455 0
0.00631804 0
0.00642494 0
0.0218946 0
-0.00850542 0
-0.0760018 0
-0.00152741 0
-0.041527 0
0.0127675 0
-0.0893236 0
-0.0725713 0
-0.2048 0
-0.079794 0
-0.0699654 0
-0.0407221 0
-0.0313578 0
-0.030466 0
-0.0189415 0
-0.0475991 0
-0.0145484 0
-0.00386874 0
0.00369081 0
0.021882 0
0.0297849 0
0.111757 0
0.0940436 0
0.178858 0
0.0928498 0
0.0247697 0
-0.137694 0
-0.0364388 0
-0.0466047 0
0.0195889 0
0.00631887 0
0.00642388 0
-0.00387004 0
0.00369038 0
-0.00396216 0
-0.0118007 0
-0.0204797 0
-0.0414379 0
0.064521 0
0.0180707 0
0.141658 0
0.0502782 0
0.0750079 0
0.113718 0
0.0257795 0
0.0218911 0
-0.00850406 0
0.0218816 0
0.0297836 0
-0.0204807 0
-0.0414377 0
-0.200486 0
-0.12925 0
-0.139145 0
0.111725 0
0.00866012 0
-0.0390997 0
-0.0755028 0
-0.0759927 0
-0.00152801 0
0.111753 0
0.0940416 0
0.0645226 0
0.0180743 0
-0.139141 0
-0.0408156 0
-0.0399452 0
-0.167643 0
-0.056864 0
-0.0415346 0
0.0127611 0
0.178853 0
0.0928519 0
0.141665 0
0.0619576 0
0.0864014 0
-0.0035806 0
-0.0333803 0
-0.0893343 0
-0.0725683 0
0.0247759 0
0.258266 0
0.101928 0
-0.0311189 0
-0.0995457 0
-0.204784 0
0.143214 0
0.00380919 0
-0.128972 0
0 0
0 0
0 0
0 0
0 0
0 0
0 0
0 0
0 0
0 0
0 0
0 0
0 0
0 0
0 0
0 0
0 0
0 0
0 0
0 0
0 0
0 0
0 0
0 0
0 0
0 0
0 0
0 0
0 0
0 0
0 0
0 0
0 0
0 0
0 0
0 0
0 0
0 0
0 0
0 0
0 0
0 0
0 0
0 0
0 0
0 0
0 0
0 0
0 0
0 0
0 0
0 0
0 0
0 0
0 0
0 0
0 0
0 0
0 0
0 0
0 0
0 0
0 0
0 0
0 0
0 0
0 0
0 0
0 0
0 0
0 0
0 0
0 0
0 0
0 0
0 0
0 0
0 0
0 0
0 0
0 0
0 0
0 0
0 0
0 0
0 0
0 0
0 0
0 0
0 0
0 0
0 0
0 0
0 0
0 0
0 0
0 0
0 0
0 0
0 0
0 0
0 0
0 0
0 0
0 0
0 0
0 0
0 0
0 0
0 0
0 0
0 0
0 0
0 0
0 0
0 0
0 0
0 0
0 0
0 0
0 0
0 0
0 0
0 0
0 0
0 0
0 0
0 0
0 0
0 0
0 0
0 0
0 0
0 0
0 0
0 0
0 0
0 0
0 0
0 0
0 0
-0.133344 0
-0.104301 0
-1.33006e-06 0
0.104304 0
0.133355 0
2.93752e-06 0
-4.11209e-06 0
0.0590213 0
0.0969406 0
0.249544 0
-0.032919 0
-0.182593 0
-0.058946 0
0.0497795 0
-0.106112 0
-0.0905952 0
-0.00633543 0
-0.0846411 0
0.018871 0
0.166455 0
0.122668 0
0.151944 0
0.0344147 0
-0.067537 0
-0.0237642 0
0.132332 0
-0.0814787 0
-0.157924 0
-0.0925541 0
-0.152048 0
0.0119452 0
0.139732 0
0.0706009 0
-0.0293367 0
0.0672139 0
0.0201188 0
0.0372738 0
0.148237 0
-0.0844769 0
-0.197143 0
-0.0615703 0
-0.0329746 0
-0.249542 0
-0.0969417 0
-0.0590353 0
0.0329131 0
-6.34008e-06 0
-8.90666e-07 0
-0.125255 0
-0.0344398 0
-0.00514677 0
0.00981675 0
0.0298674 0
-0.0119414 0
-0.0795308 0
0.00402113 0
0.062867 0
0.0530073 0
0.0898007 0
-0.0266808 0
-0.132492 0
-0.0497714 0
0.0589533 0
0.182598 0
0.106116 0
0.125258 0
0.0344416 0
2.05459e-06 0
4.99582e-07 0
0.0124601 0
0.00444042 0
0.00443798 0
0.0125587 0
0.0318541 0
0.0182325 0
0.046568 0
-0.0193248 0
-0.0562968 0
0.0846554 0
0.00633914 0
0.0906004 0
-0.0188728 0
0.00514635 0
-0.00981724 0
-0.0124603 0
-0.00444111 0
1.41386e-07 0
8.4736e-07 0
0.0114021 0
0.000481423 0
-0.00959805 0
-0.0292134 0
-0.0621067 0
-0.15195 0
-0.122676 0
-0.166466 0
-0.0344168 0
-0.0298687 0
0.0119425 0
-0.00444073 0
-0.0125623 0
-0.0113991 0
-0.000475968 0
1.27576e-05 0
8.02498e-06 0
-0.0366197 0
-0.132345 0
0.0237628 0
0.0675418 0
0.0814872 0
0.0795394 0
-0.00402122 0
-0.0318682 0
-0.0182442 0
0.00959003 0
0.0292108 0
0.0366366 0
0.152051 0
0.0925577 0
0.157943 0
-0.0119382 0
-0.0628618 0
-0.0530084 0
-0.0465901 0
0.019313 0
0.0620884 0
0.0293285 0
-0.0706107 0
-0.13973 0
-0.0672087 0
-0.0897881 0
0.0266897 0
0.0562934 0
-0.148267 0
-0.0372859 0
-0.0201144 0
0.0844881 0
0.132516 0
0.032956 0
0.0615688 0
0.197156 0
0 0
0 0
0 0
0 0
0 0
0 0
0 0
0 0
0 0
0 0
0 0
0 0
0 0
0 0
0 0
0 0
0 0
0 0
0 0
0 0
0 0
0 0
0 0
0 0
0 0
0 0
0 0
0 0
0 0
0 0
0 0
0 0
0 0
0 0
0 0
0 0
0 0
0 0
0 0
0 0
0 0
0 0
0 0
0 0
0 0
0 0
0 0
0 0
0 0
0 0
0 0
0 0
0 0
0 0
0 0
0 0
0 0
0 0
0 0
0 0
0 0
0 0
0 0
0 0
0 0
0 0
0 0
0 0
0 0
0 0
0 0
0 0
0 0
0 0
0 0
0 0
0 0
0 0
0 0
0 0
0 0
0 0
0 0
0 0
0 0
0 0
0 0
0 0
0 0
0 0
0 0
0 0
0 0
0 0
0 0
0 0
0 0
0 0
0 0
0 0
0 0
0 0
0 0
0 0
0 0
0 0
0 0
0 0
0 0
0 0
0 0
0 0
0 0
0 0
0 0
0 0
0 0
0 0
0 0
0 0
0 0
0 0
0 0
0 0
0 0
0 0
0 0
0 0
0 0
0 0
0 0
0 0
0 0
0 0
0 0
0 0
0 0
0 0
0 0
0 0
0 0
0 0
0 0
0 0
0 0
0 0
0 0
0 0
0 0
0 0
0 0
0 0
0 0
0 0
0 0
0 0
0 0
0 0
0 0
0 0
0 0
0 0
0 0
0 0
0 0
0 0
0 0
0 0
0 0
0 0
0 0
0 0
0 0
0 0
0 0
0 0
0 0
0 0
0 0
0 0
0 0
0 0
0 0
0 0
0 0
0 0
0 0
0 0
0 0
0 0
0 0
0 0
0 0
0 0
0 0
0 0
0 0
0 0
0 0
0 0
0 0
0 0
0 0
0 0
0 0
0 0
0 0
0 0
0 0
0 0
0 0
0 0
0 0
0 0
0 0
0 0
0 0
0 0
0 0
0 0
0 0
0 0
0 0
0 0
0 0
0 0
0 0
0 0
0 0
0 0
0 0
0 0
0 0
0 0
0 0
0 0
0 0
0 0
0 0
0 0
0 0
0 0
0 0
0 0
0 0
0 0
0 0
0 0
0 0
0 0
0 0
0 0
0 0
0 0
0 0
0 0
0 0
0 0
0 0
0 0
0 0
0 0
0 0
0 0
0 0
0 0
0 0
0 0
0 0
0 0
0 0
0 0
0 0
0 0
0 0
0 0
0 0
0 0
0 0
0 0
0 0
0 0
-0.0276291 0
-0.10226 0
8.38664e-08 0
0.10226 0
0.0276294 0
4.23924e-07 0
-4.48991e-08 0
0.0701876 0
0.184205 0
0.0761985 0
0.0698236 0
0.00553494 0
-0.0103722 0
0.0451915 0
-0.0393208 0
-0.0659061 0
-0.223643 0
-0.0613097 0
0.0183753 0
-0.0132068 0
-0.145063 0
-0.0967093 0
0.0784149 0
0.0104546 0
0.0098505 0
-0.0352661 0
-0.0499641 0
0.01127 0
0.121669 0
0.0346473 0
-0.0300618 0
0.04464 0
0.163099 0
0.0748154 0
0.0269898 0
-0.012633 0
0.0015036 0
0.0433935 0
-0.0742981 0
-0.0493697 0
-0.10954 0
-0.0293095 0
-0.0761986 0
-0.184206 0
-0.0701877 0
-0.0698232 0
3.72635e-07 0
9.52156e-07 0
0.0178553 0
0.104979 0
0.0987298 0
0.24084 0
0.0858693 0
0.00271042 0
-0.074977 0
-0.227536 0
-0.0880418 0
-0.0665135 0
-0.00387692 0
0.0251955 0
-0.0131804 0
-0.045192 0
0.0103711 0
-0.00553506 0
0.039321 0
-0.0178546 0
-0.104979 0
5.14784e-09 0
-3.6302e-07 0
0.0828221 0
0.0664031 0
-0.0078773 0
-0.0983629 0
-0.0879558 0
-0.00459305 0
0.0194816 0
0.14184 0
0.0437594 0
0.0613092 0
0.223642 0
0.0659058 0
-0.0183758 0
-0.0987301 0
-0.240841 0
-0.0828226 0
-0.0664029 0
2.79198e-07 0
8.86125e-07 0
-0.0146001 0
0.0444369 0
0.0634026 0
0.193105 0
0.0865897 0
0.0967091 0
0.145064 0
0.0132069 0
-0.0784147 0
-0.0858696 0
-0.002711 0
0.00787735 0
0.0983635 0
0.0146008 0
-0.0444366 0
-1.03864e-07 0
-6.79346e-07 0
0.0503944 0
0.0352667 0
-0.00984889 0
-0.010454 0
0.0499641 0
0.0749767 0
0.227536 0
0.0879557 0
0.00459289 0
-0.0634028 0
-0.193106 0
-0.050395 0
-0.0346468 0
-0.121669 0
-0.0112701 0
0.0300609 0
0.0880413 0
0.0665137 0
-0.0194815 0
-0.14184 0
-0.0865898 0
-0.0748154 0
-0.1631 0
-0.0446404 0
-0.0269896 0
0.00387739 0
-0.0251941 0
-0.0437589 0
-0.0433938 0
-0.00150416 0
0.012633 0
0.0742987 0
0.0131809 0
0.0293093 0
0.109539 0
0.0493697 0
-0.13512 0
-0.0317122 0
0.0333448 0
-0.0317135 0
-0.135121 0
-0.071984 0
0.0961732 0
0.162036 0
0.0204905 0
-0.0141757 0
0.0567013 0
-0.051349 0
-0.0746973 0
-0.0724187 0
-0.0369225 0
-0.0238064 0
-0.0393082 0
-0.150694 0
0.0519917 0
0.170833 0
0.0622587 0
0.0305644 0
0.0638138 0
-0.0143475 0
-0.0428809 0
0.0264489 0
-0.0357682 0
-0.0653954 0
-0.0838489 0
-0.168911 0
0.0534612 0
0.193546 0
0.0311389 0
-0.0718527 0
0.119983 0
0.0557899 0
-0.0369005 0
-0.00808103 0
-0.0284145 0
-0.168507 0
-0.0939356 0
-0.181191 0
-0.0141725 0
0.0204916 0
0.162037 0
0.0567009 0
0.101335 0
-0.00652546 0
-0.0629419 0
-0.0262538 0
0.0470287 0
0.0261284 0
0.0813751 0
-0.00316535 0
-0.0536179 0
-0.0205471 0
0.0710083 0
0.0439452 0
0.194549 0
0.0358554 0
0.00902763 0
-0.0724183 0
-0.0746981 0
-0.051351 0
-0.0369236 0
-0.062943 0
-0.026254 0
-0.0831049 0
-0.0376926 0
-0.0298279 0
-0.0221272 0
-0.0396987 0
-0.0193649 0
-0.0947069 0
-0.0621943 0
-0.10103 0
-0.0928928 0
-0.071078 0
-0.150695 0
-0.0393084 0
-0.0238071 0
0.0519922 0
0.0470293 0
0.0261286 0
-0.0298279 0
-0.0221274 0
-0.0143538 0
0.0284768 0
0.0611485 0
0.0599243 0
-0.0381176 0
-0.0388656 0
-0.171831 0
0.0305658 0
0.0622599 0
0.170835 0
0.0638142 0
0.0813754 0
-0.00316568 0
-0.0396993 0
-0.0193652 0
0.0611481 0
0.0599241 0
0.202235 0
0.0908475 0
0.0664054 0
0.02645 0
-0.0428813 0
-0.0143483 0
-0.035769 0
-0.0536187 0
-0.0205469 0
-0.0947067 0
-0.0621941 0
-0.0381179 0
-0.038866 0
0.066405 0
-0.168913 0
-0.0838498 0
-0.0653967 0
0.0534616 0
0.0710096 0
0.0439461 0
-0.101029 0
-0.0928928 0
-0.171831 0
-0.0718531 0
0.0311396 0
0.193548 0
0.119984 0
0.19455 0
0.0358551 0
-0.0710786 0
-0.00807962 0
-0.0369002 0
0.0557897 0
-0.0284156 0
0.00902585 0
-0.181191 0
-0.0939362 0
-0.168509 0
0 0
0 0
0 0
0 0
0 0
0 0
0 0
0 0
0 0
0 0
0 0
0 0
0 0
0 0
0 0
0 0
0 0
0 0
0 0
0 0
0 0
0 0
0 0
0 0
0 0
0 0
0 0
0 0
0 0
0 0
0 0
0 0
0 0
0 0
0 0
0 0
0 0
0 0
0 0
0 0
0 0
0 0
0 0
0 0
0 0
0 0
0 0
0 0
0 0
0 0
0 0
0 0
0 0
0 0
0 0
0 0
0 0
0 0
0 0
0 0
0 0
0 0
0 0
0 0
0 0
0 0
0 0
0 0
0 0
0 0
0 0
0 0
0 0
0 0
0 0
0 0
0 0
0 0
0 0
0 0
0 0
0 0
0 0
0 0
0 0
0 0
0 0
0 0
0 0
0 0
0 0
0 0
0 0
0 0
0 0
0 0
0 0
0 0
0 0
0 0
0 0
0 0
0 0
0 0
0 0
0 0
0 0
0 0
0 0
0 0
0 0
0 0
0 0
0 0
0 0
0 0
0 0
0 0
0 0
0 0
0 0
0 0
0 0
0 0
0 0
0 0
0 0
0 0
0 0
0 0
0 0
0 0
0 0
0 0
0 0
0 0
0 0
0 0
0 0
0 0
0 0
0 0
0 0
0 0
0 0
0 0
0 0
0 0
0 0
0 0
0 0
0 0
0 0
0 0
0 0
0 0
0 0
0 0
0 0
0 0
0 0
0 0
0 0
0 0
0 0
0 0
0 0
0 0
0 0
0 0
0 0
0 0
0 0
0 0
0 0
0 0
0 0
0 0
0 0
0 0
0 0
0 0
0 0
0 0
0 0
0 0
0 0
0 0
0 0
0 0
0 0
0 0
0 0
0 0
0 0
0 0
0 0
0 0
0 0
0 0
0 0
0 0
0 0
0 0
0 0
0 0
0 0
0 0
0 0
0 0
0 0
0 0
0 0
0 0
0 0
0 0
0 0
0 0
0 0
0 0
0 0
0 0
0 0
0 0
0 0
0 0
0 0
0 0
0 0
0 0
0 0
0 0
0 0
0 0
0 0
0 0
0 0
0 0
0 0
0 0
0 0
0 0
0 0
0 0
0 0
0 0
0 0
0 0
0 0
0 0
0 0
0 0
0 0
0 0
0 0
0 0
0 0
0 0
0 0
0 0
0 0
0 0
0 0
0 0
0 0
0 0
0 0
0 0
0 0
0 0
0 0
0 0
0 0
0 0
0 0
0 0
0 0
0 0
0 0
0 0
0 0
0 0
0.0468643 0
0.0498368 0
0.0172085 0
0.0498359 0
0.0468641 0
0.123511 0
-0.0364328 0
-0.0279402 0
-0.100873 0
-0.0135836 0
0.0362442 0
-0.0185071 0
-0.141943 0
-0.0631615 0
0.0384297 0
-0.0334621 0
-0.0978031 0
-0.0628479 0
-0.0647353 0
0.00635256 0
0.0924732 0
-0.0013988 0
-0.00453235 0
0.0648504 0
0.242389 0
0.0873894 0
-0.000415325 0
0.00523794 0
0.0961907 0
0.0892473 0
-0.0764324 0
-0.0417914 0
-0.0933342 0
0.000750921 0
0.0200441 0
-0.00436102 0
-0.103582 0
-0.0519426 0
0.0677355 0
0.00304985 0
-0.0563856 0
-0.0434244 0
-0.013583 0
-0.100871 0
-0.0279396 0
0.0362449 0
0.085673 0
0.247536 0
0.093436 0
0.05742 0
-0.0418556 0
-0.146988 0
-0.075997 0
-0.133259 0
-0.0705301 0
-0.12466 0
-0.0449718 0
0.0356364 0
0.0669988 0
0.191782 0
0.0697027 0
-0.0631611 0
-0.141943 0
-0.018507 0
0.0384294 0
0.0934362 0
0.0574207 0
0.0120597 0
-0.0694202 0
-0.0450317 0
0.0494564 0
-0.00140824 0
0.0785771 0
-0.021722 0
-0.0354886 0
0.0167038 0
0.0604628 0
0.0661207 0
-0.0628484 0
-0.0978048 0
-0.0334626 0
-0.0647353 0
-0.041855 0
-0.146987 0
-0.0450311 0
0.0494568 0
0.102148 0
0.287213 0
0.111175 0
0.0445829 0
-0.0340886 0
-0.134264 0
-0.01909 0
-0.00139952 0
0.0924722 0
0.00635248 0
-0.00453169 0
-0.0759964 0
-0.133259 0
-0.00140835 0
0.0785763 0
0.111175 0
0.044583 0
-0.0282228 0
-0.194508 0
-0.0858495 0
0.0873892 0
0.24239 0
0.0648506 0
-0.000415564 0
-0.0705306 0
-0.124662 0
-0.0217227 0
-0.0354887 0
-0.0340883 0
-0.134263 0
-0.0858492 0
0.0892475 0
0.0961914 0
0.00523799 0
-0.0764327 0
-0.0449723 0
0.0356362 0
0.016704 0
0.0604639 0
-0.0190895 0
0.00075131 0
-0.0933333 0
-0.0417912 0
0.0200442 0
0.0669988 0
0.191782 0
0.066121 0
-0.0519424 0
-0.103582 0
-0.00436116 0
0.067735 0
0.0697026 0
-0.0434246 0
-0.0563862 0
0.00304953 0
0 0
0 0
0 0
0 0
0 0
0 0
0 0
0 0
0 0
0 0
0 0
0 0
0 0
0 0
0 0
0 0
0 0
0 0
0 0
0 0
0 0
0 0
0 0
0 0
0 0
0 0
0 0
0 0
0 0
0 0
0 0
0 0
0 0
0 0
0 0
0 0
0 0
0 0
0 0
0 0
0 0
0 0
0 0
0 0
0 0
0 0
0 0
0 0
0 0
0 0
0 0
0 0
0 0
0 0
0 0
0 0
0 0
0 0
0 0
0 0
0 0
0 0
0 0
0 0
0 0
0 0
0 0
0 0
0 0
0 0
0 0
0 0
0 0
0 0
0 0
0 0
0 0
0 0
0 0
0 0
0 0
0 0
0 0
0 0
0 0
0 0
0 0
0 0
0 0
0 0
0 0
0 0
0 0
0 0
0 0
0 0
0 0
0 0
0 0
0 0
0 0
0 0
0 0
0 0
0 0
0 0
0 0
0 0
0 0
0 0
0 0
0 0
0 0
0 0
0 0
0 0
0 0
0 0
0 0
0 0
0 0
0 0
0 0
0 0
0 0
0 0
0 0
0 0
0 0
0 0
0 0
0 0
0 0
0 0
0 0
0 0
0 0
0 0
0 0
0 0
0 0
-0.0607249 0
-0.0470194 0
0.022926 0
-0.0470189 0
-0.0607248 0
-0.173921 0
0.176901 0
0.0770658 0
0.0211836 0
-0.0069888 0
0.0759995 0
-0.0579746 0
-0.208012 0
-0.0493757 0
-0.0752025 0
-0.0222127 0
-0.136751 0
-0.0918351 0
0.130913 0
0.100074 0
0.0831688 0
-0.0142895 0
0.145421 0
-0.0141968 0
-0.112468 0
-0.00776888 0
-0.0840736 0
-0.0632698 0
-0.198402 0
-0.0832721 0
0.0526605 0
0.0827244 0
0.0566148 0
-0.0378755 0
0.182085 0
0.0296899 0
-0.0263075 0
0.00812423 0
-0.0499913 0
-0.0673859 0
-0.196703 0
-0.0615496 0
-0.00698913 0
0.0211828 0
0.0770657 0
0.0759997 0
0.0585577 0
0.0631922 0
0.00359574 0
0.0250072 0
0.0536778 0
0.0387165 0
0.0591339 0
0.0338713 0
-0.00686161 0
0.0254854 0
0.0335256 0
0.0431685 0
0.0659312 0
0.0142731 0
-0.00975204 0
-0.0493759 0
-0.208012 0
-0.0579743 0
-0.0752013 0
0.00359639 0
0.0250083 0
-0.0310719 0
-0.16516 0
-0.072253 0
-0.137054 0
-0.016722 0
0.0421422 0
-0.000153589 0
-0.068195 0
-0.0551543 0
-0.171764 0
-0.0419488 0
-0.0918353 0
-0.136751 0
-0.0222125 0
0.130913 0
0.0536784 0
0.0387169 0
-0.072253 0
-0.137055 0
-0.0571049 0
0.0617076 0
0.0615432 0
0.119594 0
-0.01571 0
-0.108133 0
-0.0735525 0
-0.0142901 0
0.0831673 0
0.100073 0
0.145421 0
0.0591339 0
0.033871 0
-0.0167225 0
0.0421412 0
0.0615428 0
0.119594 0
0.0780009 0
0.0472288 0
-0.016159 0
-0.00776936 0
-0.112468 0
-0.0141967 0
-0.0840726 0
-0.00686136 0
0.0254856 0
-0.000153808 0
-0.068195 0
-0.01571 0
-0.108133 0
-0.0161589 0
-0.083272 0
-0.198401 0
-0.0632692 0
0.0526608 0
0.0335258 0
0.0431686 0
-0.0551541 0
-0.171763 0
-0.0735523 0
-0.0378754 0
0.056614 0
0.082724 0
0.182084 0
0.065931 0
0.0142733 0
-0.0419486 0
0.00812392 0
-0.0263079 0
0.0296896 0
-0.0499911 0
-0.00975193 0
-0.0615493 0
-0.196701 0
-0.0673855 0
-0.191398 0
-0.030324 0
-0.0196896 0
-0.0303243 0
-0.191398 0
-0.103808 0
0.0426235 0
0.0876274 0
0.104453 0
0.102236 0
-0.0591618 0
-0.104953 0
0.0235713 0
0.187751 0
-0.0696649 0
-0.104518 0
-0.0220262 0
0.00223972 0
-0.00776104 0
-0.0216846 0
0.0378269 0
0.023092 0
-0.0512233 0
-0.0254389 0
0.051756 0
0.134506 0
-0.0251412 0
0.00601715 0
0.000712692 0
0.0767494 0
0.0301147 0
-0.0261564 0
-0.0542096 0
-0.0802118 0
-0.0018101 0
0.0170889 0
-0.0025438 0
-0.0878068 0
0.0199605 0
0.0954384 0
0.0429759 0
0.0616857 0
0.102236 0
0.104453 0
0.0876276 0
-0.0591617 0
-0.199954 0
-0.0792418 0
-0.0464468 0
0.100567 0
0.0977519 0
0.00848734 0
-0.140394 0
-0.0976215 0
-0.0726412 0
0.0470194 0
0.130319 0
0.0552386 0
0.00249162 0
-0.0510358 0
-0.041018 0
0.187751 0
0.0235708 0
-0.104953 0
-0.0696642 0
-0.0464454 0
0.100568 0
0.321288 0
0.126175 0
0.0740968 0
-0.0559057 0
-0.148743 0
-0.00388337 0
0.116118 0
0.0743163 0
0.0703171 0
-0.0568859 0
-0.146668 0
0.002238 0
-0.0220268 0
-0.104516 0
-0.00776013 0
0.0977532 0
0.00848703 0
0.074095 0
-0.0559072 0
-0.133557 0
-0.0260943 0
0.018193 0
0.049305 0
0.0880468 0
-0.0344704 0
-0.13048 0
0.0230904 0
0.0378264 0
-0.0216837 0
-0.0512229 0
-0.140394 0
-0.0976224 0
-0.148747 0
-0.00388491 0
0.0181913 0
0.0493048 0
0.0758209 0
-0.0246694 0
-0.0825794 0
0.134505 0
0.0517558 0
-0.0254375 0
-0.02514 0
-0.07264 0
0.0470203 0
0.116118 0
0.0743166 0
0.0880477 0
-0.0344697 0
-0.0825784 0
0.0767482 0
0.00071209 0
0.00601886 0
0.0301157 0
0.130321 0
0.0552392 0
0.0703177 0
-0.0568861 0
-0.130479 0
-0.0802145 0
-0.0542108 0
-0.0261569 0
-0.00181045 0
0.00249054 0
-0.0510371 0
-0.14667 0
-0.0878079 0
-0.00254341 0
0.0170892 0
0.0199607 0
-0.0410194 0
0.0616879 0
0.042977 0
0.0954402 0
0 0
0 0
0 0
0 0
0 0
0 0
0 0
0 0
0 0
0 0
0 0
0 0
0 0
0 0
0 0
0 0
0 0
0 0
0 0
0 0
0 0
0 0
0 0
0 0
0 0
0 0
0 0
0 0
0 0
0 0
0 0
0 0
0 0
0 0
0 0
0 0
0 0
0 0
0 0
0 0
0 0
0 0
0 0
0 0
0 0
0 0
0 0
0 0
0 0
0 0
0 0
0 0
0 0
0 0
0 0
0 0
0 0
0 0
0 0
0 0
0 0
0 0
0 0
0 0
0 0
0 0
0 0
0 0
0 0
0 0
0 0
0 0
0 0
0 0
0 0
0 0
0 0
0 0
0 0
0 0
0 0
0 0
0 0
0 0
0 0
0 0
0 0
0 0
0 0
0 0
0 0
0 0
0 0
0 0
0 0
0 0
0 0
0 0
0 0
0 0
0 0
0 0
0 0
0 0
0 0
0 0
0 0
0 0
0 0
0 0
0 0
0 0
0 0
0 0
0 0
0 0
0 0
0 0
0 0
0 0
0 0
0 0
0 0
0 0
0 0
0 0
0 0
0 0
0 0
0 0
0 0
0 0
0 0
0 0
0 0
0 0
0 0
0 0
0 0
0 0
0 0
0.0644403 0
0.044868 0
-3.65443e-08 0
-0.0448675 0
-0.0644374 0
7.65656e-07 0
-4.64667e-07 0
-0.0343278 0
-0.0246062 0
-0.0964165 0
-0.00967853 0
-0.00117545 0
0.0529878 0
0.0419 0
-0.0444828 0
-0.0689809 0
0.0499559 0
0.150199 0
-0.0707993 0
-0.0910796 0
0.0167615 0
0.0981521 0
-0.0344163 0
-0.0915028 0
0.0183483 0
0.0530762 0
-0.0720346 0
-0.105232 0
0.0524285 0
0.104219 0
-0.0793621 0
0.0135049 0
0.0725826 0
0.188716 0
0.0200935 0
-0.0104399 0
-0.0357181 0
0.0574369 0
0.00613743 0
-0.108693 0
-0.0773235 0
-0.17366 0
0.0964153 0
0.0246048 0
0.0343261 0
0.0096792 0
1.21037e-06 0
5.25419e-07 0
-0.0930524 0
-0.0519427 0
-0.099155 0
0.020443 0
0.0567474 0
0.0704498 0
-0.0667184 0
-0.0676815 0
-0.198273 0
-0.053459 0
0.0698422 0
0.100117 0
0.141093 0
-0.0419021 0
-0.0529878 0
0.00117713 0
0.0444838 0
0.0930531 0
0.0519414 0
-2.16036e-06 0
-8.81101e-07 0
0.118079 0
0.104529 0
0.270734 0
0.110309 0
0.0151297 0
-0.0273923 0
-0.067911 0
0.0109756 0
0.151911 0
-0.150199 0
-0.0499557 0
0.0689824 0
0.0707994 0
0.0991537 0
-0.0204431 0
-0.11808 0
-0.104529 0
7.59149e-07 0
1.56151e-07 0
0.123583 0
0.0204219 0
-0.0482663 0
-0.0416831 0
-0.044143 0
-0.098153 0
-0.0167623 0
0.0910796 0
0.0344171 0
-0.0567454 0
-0.0704484 0
-0.270732 0
-0.110309 0
-0.123583 0
-0.0204226 0
-7.63807e-07 0
-3.81574e-08 0
-0.0585734 0
-0.0530782 0
-0.0183489 0
0.0915035 0
0.072035 0
0.0667196 0
0.0676808 0
-0.0151309 0
0.0273915 0
0.0482654 0
0.0416837 0
0.058574 0
-0.104219 0
-0.0524284 0
0.105232 0
0.0793613 0
0.198271 0
0.0534581 0
0.0679103 0
-0.0109746 0
0.0441452 0
-0.188715 0
-0.0725819 0
-0.0135051 0
-0.0200937 0
-0.0698427 0
-0.100117 0
-0.151909 0
-0.0574353 0
0.0357184 0
0.0104398 0
-0.00613755 0
-0.141092 0
0.17366 0
0.077323 0
0.108692 0
0 0
0 0
0 0
0 0
0 0
0 0
0 0
0 0
0 0
0 0
0 0
0 0
0 0
0 0
0 0
0 0
0 0
0 0
0 0
0 0
0 0
0 0
0 0
0 0
0 0
0 0
0 0
0 0
0 0
0 0
0 0
0 0
0 0
0 0
0 0
0 0
0 0
0 0
0 0
0 0
0 0
0 0
0 0
0 0
0 0
0 0
0 0
0 0
0 0
0 0
0 0
0 0
0 0
0 0
0 0
0 0
0 0
0 0
0 0
0 0
0 0
0 0
0 0
0 0
0 0
0 0
0 0
0 0
0 0
0 0
0 0
0 0
0 0
0 0
0 0
0 0
0 0
0 0
0 0
0 0
0 0
0 0
0 0
0 0
0 0
0 0
0 0
0 0
0 0
0 0
0 0
0 0
0 0
0 0
0 0
0 0
0 0
0 0
0 0
0 0
0 0
0 0
0 0
0 0
0 0
0 0
0 0
0 0
0 0
0 0
0 0
0 0
0 0
0 0
0 0
0 0
0 0
0 0
0 0
0 0
0 0
0 0
0 0
0 0
0 0
0 0
0 0
0 0
0 0
0 0
0 0
0 0
0 0
0 0
0 0
0 0
0 0
0 0
0 0
0 0
0 0
0 0
0 0
0 0
0 0
0 0
0 0
0 0
0 0
0 0
0 0
0 0
0 0
0 0
0 0
0 0
0 0
0 0
0 0
0 0
0 0
0 0
0 0
0 0
0 0
0 0
0 0
0 0
0 0
0 0
0 0
0 0
0 0
0 0
0 0
0 0
0 0
0 0
0 0
0 0
0 0
0 0
0 0
0 0
0 0
0 0
0 0
0 0
0 0
0 0
0 0
0 0
0 0
0 0
0 0
0 0
0 0
0 0
0 0
0 0
0 0
0 0
0 0
0 0
0 0
0 0
0 0
0 0
0 0
0 0
0 0
0 0
0 0
0 0
0 0
0 0
0 0
0 0
0 0
0 0
0 0
0 0
0 0
0 0
0 0
0 0
0 0
0 0
0 0
0 0
0 0
0 0
0 0
0 0
0 0
0 0
0 0
0 0
0 0
0 0
0 0
0 0
0 0
0 0
0 0
0 0
0 0
0 0
0 0
0 0
0 0
0 0
0 0
0 0
0 0
0 0
0 0
0 0
0 0
0 0
0 0
0 0
0 0
0 0
0 0
0 0
0 0
0 0
0 0
0 0
0 0
0 0
0 0
0 0
0 0
0 0
0 0
0 0
0 0
0 0
0 0
0 0
0.0347559 0
0.125951 0
1.00022e-07 0
-0.125951 0
-0.0347567 0
-1.12619e-06 0
9.06962e-07 0
-0.0445443 0
-0.181085 0
-0.0833854 0
0.0233105 0
0.0680216 0
0.00619385 0
-0.0463994 0
0.212631 0
0.0439312 0
-0.0652094 0
-0.0157812 0
0.0122172 0
-0.088211 0
-0.264978 0
-0.088399 0
-0.0628442 0
0.0366877 0
0.00916677 0
-0.0680939 0
0.185249 0
0.0916513 0
0.139022 0
0.0398504 0
0.00730011 0
-0.0885197 0
-0.155059 0
-0.00430067 0
-0.162725 0
-0.026569 0
-0.0307731 0
-0.0500095 0
0.0992187 0
0.0844025 0
0.208544 0
0.0492616 0
0.0833854 0
0.181086 0
0.0445451 0
-0.0233102 0
7.04432e-08 0
-5.10699e-08 0
0.101513 0
0.152814 0
0.0563776 0
0.0385748 0
-0.0102295 0
-0.0132949 0
0.0547771 0
0.0245672 0
0.00410667 0
-0.0170668 0
-0.0419279 0
0.0280788 0
0.0348942 0
0.0463991 0
-0.00619547 0
-0.0680222 0
-0.212632 0
-0.101513 0
-0.152813 0
1.37173e-07 0
-1.82853e-07 0
-0.00629882 0
-0.0614541 0
-0.0583082 0
-0.137248 0
-0.0336857 0
-0.0112883 0
0.0205542 0
0.101393 0
0.0346201 0
0.0157806 0
0.0652086 0
-0.0439314 0
-0.012216 0
-0.056377 0
-0.0385747 0
0.0062985 0
0.0614531 0
-1.66307e-07 0
3.89887e-07 0
-0.051482 0
-0.048919 0
0.00154014 0
0.0657468 0
0.0440904 0
0.088399 0
0.264979 0
0.0882117 0
0.0628446 0
0.0102294 0
0.0132941 0
0.0583078 0
0.137248 0
0.0514826 0
0.0489198 0
1.20674e-07 0
-3.829e-07 0
0.0175112 0
0.068094 0
-0.00916725 0
-0.0366879 0
-0.18525 0
-0.0547775 0
-0.0245668 0
0.033686 0
0.0112886 0
-0.00154012 0
-0.0657478 0
-0.0175117 0
-0.0398507 0
-0.139023 0
-0.0916515 0
-0.00729945 0
-0.00410621 0
0.0170675 0
-0.0205542 0
-0.101394 0
-0.0440909 0
0.00430059 0
0.155059 0
0.0885202 0
0.162726 0
0.0419281 0
-0.0280793 0
-0.0346204 0
0.0500096 0
0.030773 0
0.0265689 0
-0.0992193 0
-0.0348945 0
-0.0492617 0
-0.208544 0
-0.0844028 0
0 0
0 0
0 0
0 0
0 0
0 0
0 0
0 0
0 0
0 0
0 0
0 0
0 0
0 0
0 0
0 0
0 0
0 0
0 0
0 0
0 0
0 0
0 0
0 0
0 0
0 0
0 0
0 0
0 0
0 0
0 0
0 0
0 0
0 0
0 0
0 0
0 0
0 0
0 0
0 0
0 0
0 0
0 0
0 0
0 0
0 0
0 0
0 0
0 0
0 0
0 0
0 0
0 0
0 0
0 0
0 0
0 0
0 0
0 0
0 0
0 0
0 0
0 0
0 0
0 0
0 0
0 0
0 0
0 0
0 0
0 0
0 0
0 0
0 0
0 0
0 0
0 0
0 0
0 0
0 0
0 0
0 0
0 0
0 0
0 0
0 0
0 0
0 0
0 0
0 0
0 0
0 0
0 0
0 0
0 0
0 0
0 0
0 0
0 0
0 0
0 0
0 0
0 0
0 0
0 0
0 0
0 0
0 0
0 0
0 0
0 0
0 0
0 0
0 0
0 0
0 0
0 0
0 0
0 0
0 0
0 0
0 0
0 0
0 0
0 0
0 0
0 0
0 0
0 0
0 0
0 0
0 0
0 0
0 0
0 0
0 0
0 0
0 0
0 0
0 0
0 0
-0.0720484 0
-0.0459474 0
0.0235285 0
-0.0459467 0
-0.0720482 0
-0.214321 0
0.176324 0
0.0741863 0
0.0677747 0
0.00594651 0
0.0178191 0
-0.0576594 0
-0.126626 0
-0.0156609 0
-0.0957842 0
-0.0209721 0
-0.0398177 0
-0.0446447 0
0.0596324 0
0.0484126 0
0.14886 0
0.0292827 0
-0.0358323 0
-0.0287246 0
0.0686492 0
0.0580749 0
-0.135503 0
-0.0324015 0
0.0540722 0
0.0331035 0
-0.0354198 0
-0.00744882 0
0.124946 0
0.048155 0
-0.115568 0
-0.0227292 0
0.14533 0
0.0729585 0
-0.110157 0
0.00603342 0
0.132088 0
0.0771186 0
0.00594609 0
0.0677738 0
0.0741862 0
0.0178193 0
0.00121623 0
-0.0312005 0
-0.0164349 0
0.068007 0
0.0309285 0
-0.0162952 0
-0.0544888 0
-0.147341 0
-0.071269 0
0.0279694 0
0.00513518 0
0.0258989 0
-0.0800157 0
-0.198948 0
-0.0849967 0
-0.0156611 0
-0.126626 0
-0.0576591 0
-0.0957832 0
-0.0164345 0
0.0680076 0
0.0549961 0
0.066359 0
0.00691283 0
-0.025033 0
-0.0250617 0
0.0815416 0
0.094502 0
0.237192 0
0.100787 0
0.0939009 0
-0.0281751 0
-0.0446447 0
-0.0398179 0
-0.0209719 0
0.0596324 0
0.0309287 0
-0.0162952 0
0.00691279 0
-0.0250331 0
-0.00788266 0
0.0209512 0
0.0148704 0
-0.0488891 0
0.0455619 0
-0.0249461 0
0.0182447 0
0.0292823 0
0.148859 0
0.0484123 0
-0.0358327 0
-0.054489 0
-0.147342 0
-0.0250618 0
0.0815414 0
0.0148704 0
-0.048889 0
-0.109785 0
-0.302499 0
-0.0874794 0
0.0580746 0
0.0686493 0
-0.0287244 0
-0.135502 0
-0.0712688 0
0.0279694 0
0.094502 0
0.237192 0
0.045562 0
-0.0249458 0
-0.0874793 0
0.0331037 0
0.0540729 0
-0.0324011 0
-0.0354198 0
0.00513504 0
0.0258985 0
0.100787 0
0.093901 0
0.0182449 0
0.048155 0
0.124945 0
-0.00744909 0
-0.115568 0
-0.0800159 0
-0.198948 0
-0.028175 0
0.0729583 0
0.14533 0
-0.0227292 0
-0.110156 0
-0.0849964 0
0.0771187 0
0.132089 0
0.00603375 0
-0.110996 0
-0.0735165 0
1.30835e-07 0
0.0735165 0
0.110997 0
5.40711e-09 0
1.11134e-07 0
0.0365676 0
0.0295227 0
0.15007 0
0.00575788 0
-0.0156425 0
-0.0816676 0
-0.0810443 0
0.0608239 0
0.0943923 0
-0.045232 0
-0.194802 0
0.0705946 0
0.00391835 0
0.00618569 0
-0.0604637 0
-0.0731079 0
-0.115709 0
0.0430972 0
0.0785327 0
-0.0774703 0
-0.00940387 0
0.0796442 0
0.190248 0
-0.0106988 0
-0.0252088 0
-0.0157963 0
0.101592 0
0.00249836 0
0.00430726 0
-0.0646598 0
-0.132356 0
0.0659294 0
0.111883 0
0.00354691 0
-0.0990512 0
-0.150071 0
-0.0295227 0
-0.0365673 0
-0.00575779 0
6.63205e-08 0
-2.16996e-08 0
0.14235 0
0.0818522 0
0.157758 0
0.00495741 0
-0.153028 0
-0.0789514 0
-0.15559 0
0.000172801 0
-0.0041191 0
0.00650044 0
0.0298817 0
0.0185462 0
0.117469 0
0.0810441 0
0.0816675 0
0.0156425 0
-0.060824 0
-0.14235 0
-0.0818523 0
-3.76225e-08 0
4.24252e-08 0
0.0134521 0
0.00882314 0
0.0190675 0
0.0895734 0
0.160341 0
0.0662692 0
-0.00210878 0
-0.0748679 0
-0.0807649 0
0.194801 0
0.0452321 0
-0.0943924 0
-0.0705945 0
-0.157758 0
-0.00495735 0
-0.0134519 0
-0.0088231 0
-4.42657e-08 0
-8.38846e-08 0
0.150031 0
0.0640409 0
0.083979 0
-0.0485086 0
-0.186458 0
0.0604639 0
-0.00618557 0
-0.00391815 0
0.0731079 0
0.153028 0
0.0789515 0
-0.0190674 0
-0.0895734 0
-0.150031 0
-0.064041 0
-1.57505e-07 0
1.2032e-08 0
-0.0715796 0
-0.0785328 0
-0.0430973 0
0.115709 0
0.0774701 0
0.15559 0
-0.000172727 0
-0.160341 0
-0.0662692 0
-0.083979 0
0.0485088 0
0.0715798 0
-0.190248 0
-0.0796443 0
0.00940376 0
0.0106989 0
0.00411927 0
-0.00650044 0
0.00210889 0
0.0748679 0
0.186458 0
-0.101592 0
0.0157964 0
0.025209 0
-0.00249836 0
-0.029882 0
-0.0185465 0
0.0807647 0
0.132357 0
0.0646599 0
-0.00430725 0
-0.0659295 0
-0.117469 0
0.0990512 0
-0.00354684 0
-0.111882 0
0 0
0 0
0 0
0 0
0 0
0 0
0 0
0 0
0 0
0 0
0 0
0 0
0 0
0 0
0 0
0 0
0 0
0 0
0 0
0 0
0 0
0 0
0 0
0 0
0 0
0 0
0 0
0 0
0 0
0 0
0 0
0 0
0 0
0 0
0 0
0 0
0 0
0 0
0 0
0 0
0 0
0 0
0 0
0 0
0 0
0 0
0 0
0 0
0 0
0 0
0 0
0 0
0 0
0 0
0 0
0 0
0 0
0 0
0 0
0 0
0 0
0 0
0 0
0 0
0 0
0 0
0 0
0 0
0 0
0 0
0 0
0 0
0 0
0 0
0 0
0 0
0 0
0 0
0 0
0 0
0 0
0 0
0 0
0 0
0 0
0 0
0 0
0 0
0 0
0 0
0 0
0 0
0 0
0 0
0 0
0 0
0 0
0 0
0 0
0 0
0 0
0 0
0 0
0 0
0 0
0 0
0 0
0 0
0 0
0 0
0 0
0 0
0 0
0 0
0 0
0 0
0 0
0 0
0 0
0 0
0 0
0 0
0 0
0 0
0 0
0 0
0 0
0 0
0 0
0 0
0 0
0 0
0 0
0 0
0 0
0 0
0 0
0 0
0 0
0 0
0 0
0.061461 0
0.0060793 0
0.0404873 0
0.00607917 0
0.0614608 0
0.0338092 0
0.0228085 0
0.0207883 0
-0.0602385 0
-0.0804411 0
0.0572097 0
0.00840519 0
-0.0374243 0
-0.154999 0
-0.0117913 0
-0.0572205 0
0.04605 0
0.0135177 0
-0.0857422 0
-0.091185 0
0.0847868 0
0.206871 0
-0.08329 0
-0.0648163 0
0.0285758 0
0.184564 0
-0.00462898 0
0.0170179 0
-0.0403493 0
-0.0186338 0
0.0601787 0
0.0398117 0
-0.046346 0
-0.140934 0
0.0235343 0
0.0331943 0
0.00919537 0
-0.0624856 0
-0.00413393 0
0.0391253 0
0.0279084 0
0.061465 0
-0.0804408 0
-0.0602384 0
0.0207885 0
0.0572098 0
0.177954 0
0.052191 0
0.00610996 0
-0.0343572 0
-0.161466 0
-0.0388526 0
-0.144591 0
-0.0149218 0
0.0310875 0
0.0503557 0
0.160227 0
0.0439186 0
0.0112731 0
-0.0572116 0
-0.0869155 0
-0.154999 0
-0.0374244 0
0.00840548 0
-0.0117911 0
0.00611036 0
-0.034357 0
0.0298446 0
0.0975722 0
0.164077 0
0.107178 0
0.0589771 0
-0.0328966 0
-0.00779523 0
-0.0249402 0
-0.0122738 0
-0.031027 0
-0.128999 0
0.0135171 0
0.0460497 0
-0.0572204 0
-0.085742 0
-0.161466 0
-0.0388526 0
0.164077 0
0.107177 0
0.170543 0
-0.0470908 0
-0.171733 0
-0.0935586 0
-0.070754 0
0.0505223 0
0.0300687 0
0.206871 0
0.0847867 0
-0.0911848 0
-0.0832899 0
-0.144591 0
-0.014922 0
0.0589768 0
-0.0328967 0
-0.171733 0
-0.0935585 0
-0.0981358 0
0.0964983 0
0.221296 0
0.184564 0
0.0285758 0
-0.0648161 0
-0.00462893 0
0.0310874 0
0.0503557 0
-0.00779526 0
-0.0249401 0
-0.0707538 0
0.0505224 0
0.221296 0
-0.0186337 0
-0.0403494 0
0.017018 0
0.0601787 0
0.160227 0
0.0439187 0
-0.0122737 0
-0.0310271 0
0.0300687 0
-0.140934 0
-0.0463461 0
0.0398115 0
0.0235343 0
0.011273 0
-0.0572117 0
-0.128999 0
-0.0624856 0
0.00919539 0
0.0331944 0
-0.00413383 0
-0.0869154 0
0.061465 0
0.0279084 0
0.0391255 0
0 0
0 0
0 0
0 0
0 0
0 0
0 0
0 0
0 0
0 0
0 0
0 0
0 0
0 0
0 0
0 0
0 0
0 0
0 0
0 0
0 0
0 0
0 0
0 0
0 0
0 0
0 0
0 0
0 0
0 0
0 0
0 0
0 0
0 0
0 0
0 0
0 0
0 0
0 0
0 0
0 0
0 0
0 0
0 0
0 0
0 0
0 0
0 0
0 0
0 0
0 0
0 0
0 0
0 0
0 0
0 0
0 0
0 0
0 0
0 0
0 0
0 0
0 0
0 0
0 0
0 0
0 0
0 0
0 0
0 0
0 0
0 0
0 0
0 0
0 0
0 0
0 0
0 0
0 0
0 0
0 0
0 0
0 0
0 0
0 0
0 0
0 0
0 0
0 0
0 0
0 0
0 0
0 0
0 0
0 0
0 0
0 0
0 0
0 0
0 0
0 0
0 0
0 0
0 0
0 0
0 0
0 0
0 0
0 0
0 0
0 0
0 0
0 0
0 0
0 0
0 0
0 0
0 0
0 0
0 0
0 0
0 0
0 0
0 0
0 0
0 0
0 0
0 0
0 0
0 0
0 0
0 0
0 0
0 0
0 0
0 0
0 0
0 0
0 0
0 0
0 0
0 0
0 0
0 0
0 0
0 0
0 0
0 0
0 0
0 0
0 0
0 0
0 0
0 0
0 0
0 0
0 0
0 0
0 0
0 0
0 0
0 0
0 0
0 0
0 0
0 0
0 0
0 0
0 0
0 0
0 0
0 0
0 0
0 0
0 0
0 0
0 0
0 0
0 0
0 0
0 0
0 0
0 0
0 0
0 0
0 0
0 0
0 0
0 0
0 0
0 0
0 0
0 0
0 0
0 0
0 0
0 0
0 0
0 0
0 0
0 0
0 0
0 0
0 0
0 0
0 0
0 0
0 0
0 0
0 0
0 0
0 0
0 0
0 0
0 0
0 0
0 0
0 0
0 0
0 0
0 0
0 0
0 0
0 0
0 0
0 0
0 0
0 0
0 0
0 0
0 0
0 0
0 0
0 0
0 0
0 0
0 0
0 0
0 0
0 0
0 0
0 0
0 0
0 0
0 0
0 0
0 0
0 0
0 0
0 0
0 0
0 0
0 0
0 0
0 0
0 0
0 0
0 0
0 0
0 0
0 0
0 0
0 0
0 0
0 0
0 0
0 0
0 0
0 0
0 0
0 0
0 0
0 0
0 0
0 0
0 0
0 0
0 0
0 0
0 0
0 0
0 0
0.0443084 0
0.157581 0
-2.11069e-07 0
-0.157581 0
-0.044307 0
2.18783e-06 0
-1.15534e-06 0
-0.048891 0
-0.17822 0
-0.0928955 0
0.00834233 0
0.0567305 0
0.112374 0
-0.0177869 0
0.0774078 0
0.013126 0
0.105991 0
0.0594629 0
-0.136585 0
-0.0707923 0
-0.039219 0
0.0182045 0
-0.0727145 0
0.00624114 0
0.109353 0
0.0190095 0
-0.0146765 0
0.000639845 0
0.139379 0
0.0681213 0
-0.12243 0
0.000714385 0
0.0414472 0
0.0493839 0
0.0834409 0
0.0217492 0
-0.0951181 0
-0.0147099 0
0.0873896 0
-0.033183 0
-0.206153 0
-0.0850714 0
0.0928949 0
0.178217 0
0.0488902 0
-0.00834041 0
9.74387e-07 0
1.58594e-06 0
0.00264438 0
-0.0680677 0
-0.0683902 0
-0.0377331 0
-0.00200566 0
0.103217 0
-0.0204005 0
-0.160358 0
-0.114506 0
-0.122184 0
0.0524333 0
0.224939 0
0.0872236 0
0.017786 0
-0.112374 0
-0.0567298 0
-0.0774064 0
-0.00264383 0
0.0680651 0
-1.12345e-06 0
-1.48447e-06 0
0.0339562 0
0.158789 0
0.122291 0
0.174385 0
-0.0187743 0
-0.081856 0
-0.0533189 0
0.0181628 0
0.0661954 0
-0.0594633 0
-0.105992 0
-0.013126 0
0.136584 0
0.0683894 0
0.0377333 0
-0.0339565 0
-0.158787 0
2.48295e-07 0
-7.0028e-07 0
0.0670435 0
0.0635412 0
-0.00645028 0
-0.0044513 0
0.00368239 0
-0.0182048 0
0.0392189 0
0.0707927 0
0.0727163 0
0.00200699 0
-0.103215 0
-0.122289 0
-0.174384 0
-0.0670444 0
-0.0635436 0
-8.65981e-07 0
-6.60015e-07 0
-0.00120741 0
-0.0190097 0
-0.109354 0
-0.0062412 0
0.0146751 0
0.0204004 0
0.160356 0
0.0187744 0
0.0818573 0
0.00645061 0
0.00445366 0
0.00120769 0
-0.0681216 0
-0.139379 0
-0.00064096 0
0.122428 0
0.114504 0
0.122182 0
0.0533198 0
-0.0181597 0
-0.00368091 0
-0.0493828 0
-0.041443 0
-0.000713746 0
-0.0834407 0
-0.052434 0
-0.22494 0
-0.0661948 0
0.0147118 0
0.0951207 0
-0.021749 0
-0.0873917 0
-0.0872246 0
0.0850715 0
0.206151 0
0.0331818 0
0 0
0 0
0 0
0 0
0 0
0 0
0 0
0 0
0 0
0 0
0 0
0 0
0 0
0 0
0 0
0 0
0 0
0 0
0 0
0 0
0 0
0 0
0 0
0 0
0 0
0 0
0 0
0 0
0 0
0 0
0 0
0 0
0 0
0 0
0 0
0 0
0 0
0 0
0 0
0 0
0 0
0 0
0 0
0 0
0 0
0 0
0 0
0 0
0 0
0 0
0 0
0 0
0 0
0 0
0 0
0 0
0 0
0 0
0 0
0 0
0 0
0 0
0 0
0 0
0 0
0 0
0 0
0 0
0 0
0 0
0 0
0 0
0 0
0 0
0 0
0 0
0 0
0 0
0 0
0 0
0 0
0 0
0 0
0 0
0 0
0 0
0 0
0 0
0 0
0 0
0 0
0 0
0 0
0 0
0 0
0 0
0 0
0 0
0 0
0 0
0 0
0 0
0 0
0 0
0 0
0 0
0 0
0 0
0 0
0 0
0 0
0 0
0 0
0 0
0 0
0 0
0 0
0 0
0 0
0 0
0 0
0 0
0 0
0 0
0 0
0 0
0 0
0 0
0 0
0 0
0 0
0 0
0 0
0 0
0 0
0 0
0 0
0 0
0 0
0 0
0 0
-0.0801729 0
-0.0226991 0
0.022563 0
-0.0227015 0
-0.0801736 0
-0.262068 0
0.125001 0
0.0458702 0
0.159706 0
0.0379491 0
-0.125536 0
-0.0402966 0
0.0563807 0
0.0584437 0
-0.0713905 0
0.00301167 0
0.0571961 0
0.0309669 0
0.0249217 0
-0.0270799 0
-0.00314916 0
0.0147537 0
-0.116713 0
6.97857e-05 0
0.0386872 0
0.00964443 0
0.0782707 0
0.0644873 0
0.0457027 0
0.0231414 0
0.104688 0
-0.0437333 0
-0.225258 0
-0.0490985 0
-0.02968 0
-0.0073076 0
-0.133541 0
-0.0984623 0
0.137815 0
0.0727793 0
0.122331 0
-0.00316938 0
0.0379505 0
0.159709 0
0.0458709 0
-0.125536 0
-0.12298 0
-0.190232 0
-0.0292521 0
0.158419 0
0.0469544 0
-0.0171425 0
-0.0792828 0
-0.151582 0
0.00718381 0
0.0985674 0
0.0755187 0
0.0634841 0
0.0245364 0
0.0532147 0
0.0534173 0
0.0584439 0
0.0563788 0
-0.0402975 0
-0.0713914 0
-0.0292519 0
0.15842 0
0.134587 0
0.170272 0
0.0158522 0
-0.0966886 0
-0.0738916 0
-0.0150706 0
0.0113078 0
-0.0426957 0
-0.0403918 0
-0.161414 0
-0.029499 0
0.0309658 0
0.0571942 0
0.00301154 0
0.0249241 0
0.0469556 0
-0.017142 0
0.0158515 0
-0.0966917 0
-0.0366572 0
0.0602032 0
0.047913 0
0.124682 0
-0.0116878 0
-0.123184 0
-0.0765266 0
0.0147532 0
-0.00314898 0
-0.0270788 0
-0.116711 0
-0.0792828 0
-0.151583 0
-0.0738939 0
-0.0150741 0
0.0479117 0
0.124681 0
0.0820977 0
0.0449992 0
-0.0212309 0
0.00964397 0
0.0386854 0
6.9843e-05 0
0.0782715 0
0.00718442 0
0.0985705 0
0.0113081 0
-0.0426942 0
-0.0116877 0
-0.123184 0
-0.0212309 0
0.0231402 0
0.0457002 0
0.0644874 0
0.10469 0
0.0755208 0
0.0634864 0
-0.0403907 0
-0.161414 0
-0.0765266 0
-0.0490995 0
-0.225259 0
-0.0437336 0
-0.0296819 0
0.0245354 0
0.0532108 0
-0.0295 0
-0.0984621 0
-0.133539 0
-0.00730801 0
0.137814 0
0.0534158 0
-0.00316772 0
0.122335 0
0.0727801 0
0.156432 0
0.0944331 0
-7.90255e-07 0
-0.0944331 0
-0.15643 0
3.63031e-07 0
-7.05562e-07 0
0.0722568 0
-0.0144366 0
-0.173374 0
0.0799127 0
0.213472 0
0.0438665 0
0.0503287 0
0.0695728 0
-0.0699555 0
-0.108956 0
-0.109805 0
-0.0203875 0
-0.00499463 0
-0.0092684 0
-0.201362 0
0.0252678 0
0.105396 0
0.108229 0
0.173955 0
-0.0417786 0
-0.185579 0
-0.0503379 0
0.0987051 0
-0.0652285 0
-0.0524391 0
-0.000195011 0
-0.0886827 0
0.0185818 0
0.022228 0
0.0773279 0
0.140442 0
-0.0777688 0
-0.172171 0
-0.0190458 0
0.104388 0
0.173375 0
0.0144367 0
-0.0722585 0
-0.079913 0
8.42702e-08 0
3.35005e-07 0
0.105306 0
0.0297965 0
0.0021941 0
-0.00734855 0
-0.0103555 0
-0.0272663 0
-0.0687456 0
0.0040407 0
0.00570389 0
0.0664276 0
0.0959125 0
-0.00222336 0
-0.121113 0
-0.0503272 0
-0.0438657 0
-0.213471 0
-0.0695727 0
-0.105304 0
-0.0297963 0
2.87138e-07 0
4.06297e-08 0
-0.0183593 0
-0.0103822 0
-0.0192973 0
0.0191009 0
0.0775847 0
0.0477989 0
0.136204 0
0.0133039 0
0.0173488 0
0.109806 0
0.108955 0
0.0699542 0
0.0203866 0
-0.00219499 0
0.00734836 0
0.0183592 0
0.0103822 0
-4.57793e-08 0
-2.6738e-08 0
0.010843 0
-0.00863498 0
-0.0418896 0
-0.0775102 0
-0.106473 0
0.201361 0
0.00926823 0
0.00499373 0
-0.0252676 0
0.0103559 0
0.0272666 0
0.0192975 0
-0.019101 0
-0.010843 0
0.00863506 0
3.35646e-07 0
2.1503e-07 0
-0.125212 0
-0.173954 0
-0.108228 0
-0.105394 0
0.0417788 0
0.068746 0
-0.00404075 0
-0.0775851 0
-0.0477992 0
0.0418893 0
0.07751 0
0.125213 0
-0.0987048 0
0.0503372 0
0.185577 0
0.0652282 0
-0.00570407 0
-0.0664273 0
-0.136204 0
-0.0133042 0
0.106473 0
0.0886811 0
0.000194785 0
0.052439 0
-0.0185813 0
-0.0959112 0
0.0022236 0
-0.0173488 0
-0.140441 0
-0.0773274 0
-0.0222273 0
0.0777683 0
0.121113 0
-0.104387 0
0.0190453 0
0.172169 0
0 0
0 0
0 0
0 0
0 0
0 0
0 0
0 0
0 0
0 0
0 0
0 0
0 0
0 0
0 0
0 0
0 0
0 0
0 0
0 0
0 0
0 0
0 0
0 0
0 0
0 0
0 0
0 0
0 0
0 0
0 0
0 0
0 0
0 0
0 0
0 0
0 0
0 0
0 0
0 0
0 0
0 0
0 0
0 0
0 0
0 0
0 0
0 0
0 0
0 0
0 0
0 0
0 0
0 0
0 0
0 0
0 0
0 0
0 0
0 0
0 0
0 0
0 0
0 0
0 0
0 0
0 0
0 0
0 0
0 0
0 0
0 0
0 0
0 0
0 0
0 0
0 0
0 0
0 0
0 0
0 0
0 0
0 0
0 0
0 0
0 0
0 0
0 0
0 0
0 0
0 0
0 0
0 0
0 0
0 0
0 0
0 0
0 0
0 0
0 0
0 0
0 0
0 0
0 0
0 0
0 0
0 0
0 0
0 0
0 0
0 0
0 0
0 0
0 0
0 0
0 0
0 0
0 0
0 0
0 0
0 0
0 0
0 0
0 0
0 0
0 0
0 0
0 0
0 0
0 0
0 0
0 0
0 0
0 0
0 0
0 0
0 0
0 0
0 0
0 0
0 0
0.181662 0
0.00614209 0
-0.182114 0
0.00614322 0
0.181664 0
0.101507 0
-0.159293 0
-0.191014 0
0.00732721 0
0.0218374 0
-0.0190021 0
0.102117 0
0.104463 0
0.194873 0
0.00589841 0
-0.172073 0
-0.064575 0
0.0685746 0
-0.0864346 0
-0.0565983 0
-0.00550798 0
-0.121666 0
0.0428454 0
0.159847 0
0.094236 0
0.15907 0
0.000248991 0
-0.154543 0
-0.0889343 0
0.00921361 0
-0.0406315 0
0.0314331 0
-0.0026107 0
-0.163847 0
0.0709714 0
0.0911515 0
0.0689853 0
0.123345 0
-0.0665764 0
-0.223112 0
-0.0564078 0
0.0229838 0
0.0218353 0
0.00732707 0
-0.191013 0
-0.0190014 0
0.0211655 0
0.0566256 0
0.0909857 0
0.0223236 0
-0.0788255 0
-0.0090393 0
0.0489614 0
0.00984401 0
-0.00441913 0
-0.0142226 0
-0.0211496 0
0.0356601 0
0.127568 0
0.0020624 0
-0.099347 0
0.194874 0
0.104464 0
0.102119 0
0.00589876 0
0.0909861 0
0.0223237 0
0.0681313 0
0.0173875 0
-0.00265832 0
-0.010886 0
-0.00912652 0
-0.00762867 0
-0.0254624 0
-0.00114808 0
0.0208544 0
-0.015217 0
-0.0209601 0
0.0685738 0
-0.0645761 0
-0.172074 0
-0.0864348 0
-0.0788255 0
-0.00903922 0
-0.00265827 0
-0.010886 0
-0.0275785 0
-0.0037201 0
0.00706373 0
0.0180885 0
0.000491807 0
-0.0164957 0
-0.0535748 0
-0.121667 0
-0.00550786 0
-0.0565978 0
0.0428458 0
0.0489617 0
0.00984375 0
-0.00912667 0
-0.00762852 0
0.00706402 0
0.0180886 0
0.0572793 0
0.0134827 0
-0.00495611 0
0.159071 0
0.0942368 0
0.159848 0
0.000248435 0
-0.0044202 0
-0.0142228 0
-0.0254619 0
-0.00114769 0
0.000491978 0
-0.016496 0
-0.00495672 0
0.00921386 0
-0.088935 0
-0.154545 0
-0.0406319 0
-0.0211496 0
0.0356606 0
0.0208553 0
-0.0152171 0
-0.0535757 0
-0.163848 0
-0.00261045 0
0.0314336 0
0.070972 0
0.127569 0
0.00206225 0
-0.0209606 0
0.123346 0
0.0689857 0
0.091152 0
-0.066577 0
-0.0993481 0
0.0229838 0
-0.0564083 0
-0.223113 0
0 0
0 0
0 0
0 0
0 0
0 0
0 0
0 0
0 0
0 0
0 0
0 0
0 0
0 0
0 0
0 0
0 0
0 0
0 0
0 0
0 0
0 0
0 0
0 0
0 0
0 0
0 0
0 0
0 0
0 0
0 0
0 0
0 0
0 0
0 0
0 0
0 0
0 0
0 0
0 0
0 0
0 0
0 0
0 0
0 0
0 0
0 0
0 0
0 0
0 0
0 0
0 0
0 0
0 0
0 0
0 0
0 0
0 0
0 0
0 0
0 0
0 0
0 0
0 0
0 0
0 0
0 0
0 0
0 0
0 0
0 0
0 0
0 0
0 0
0 0
0 0
0 0
0 0
0 0
0 0
0 0
0 0
0 0
0 0
0 0
0 0
0 0
0 0
0 0
0 0
0 0
0 0
0 0
0 0
0 0
0 0
0 0
0 0
0 0
0 0
0 0
0 0
0 0
0 0
0 0
0 0
0 0
0 0
0 0
0 0
0 0
0 0
0 0
0 0
0 0
0 0
0 0
0 0
0 0
0 0
0 0
0 0
0 0
0 0
0 0
0 0
0 0
0 0
0 0
0 0
0 0
0 0
0 0
0 0
0 0
0 0
0 0
0 0
0 0
0 0
0 0
0.105284 0
0.0606087 0
-3.50983e-07 0
-0.0606087 0
-0.105284 0
5.95924e-08 0
-2.79131e-07 0
0.0340432 0
-0.00220091 0
-0.104693 0
0.032096 0
0.0798177 0
0.0372584 0
0.0629682 0
0.000705201 0
-0.0680775 0
-0.0446184 0
-0.013032 0
-0.0123462 0
0.0479311 0
0.00340342 0
-0.0737143 0
0.049711 0
0.0884343 0
0.0169261 0
0.0375859 0
0.00784441 0
-0.00393548 0
-0.0545522 0
-0.0673694 0
0.0434812 0
0.196481 0
-0.009068 0
-0.117421 0
0.135593 0
0.184617 0
-0.0484769 0
-0.110406 0
0.0583854 0
-0.0384767 0
-0.0789439 0
-0.240272 0
0.104693 0
0.00220111 0
-0.0340439 0
-0.0320963 0
-5.93068e-08 0
1.61268e-07 0
-0.00923787 0
-0.00916381 0
-0.0235671 0
3.8162e-05 0
0.0393949 0
-0.015294 0
-0.0567555 0
-0.0446276 0
-0.0389034 0
-0.033502 0
0.0945329 0
-0.023143 0
0.0557218 0
-0.0629674 0
-0.0372581 0
-0.0798177 0
-0.000705233 0
0.00923851 0
0.00916411 0
3.63602e-07 0
3.03945e-08 0
-0.0156911 0
-0.0147526 0
-0.037404 0
-0.0048566 0
-0.0637116 0
-0.00698716 0
-0.174633 0
-0.118133 0
-0.231338 0
0.0130322 0
0.0446182 0
0.0680767 0
0.0123457 0
0.0235668 0
-3.83395e-05 0
0.0156909 0
0.0147525 0
-2.32143e-07 0
-9.50393e-08 0
0.0836746 0
0.0832783 0
0.213413 0
0.113093 0
-0.00876465 0
0.0737142 0
-0.00340331 0
-0.0479315 0
-0.049711 0
-0.0393949 0
0.0152942 0
0.0374043 0
0.00485682 0
-0.0836747 0
-0.0832785 0
-2.14463e-07 0
-8.21324e-09 0
0.191351 0
-0.037585 0
-0.0169257 0
-0.088434 0
-0.00784443 0
0.0567558 0
0.0446278 0
0.0637123 0
0.0069873 0
-0.213413 0
-0.113093 0
-0.191351 0
0.0673695 0
0.0545518 0
0.00393474 0
-0.0434815 0
0.0389031 0
0.0335019 0
0.174633 0
0.118133 0
0.00876486 0
0.117421 0
0.00906808 0
-0.196481 0
-0.135593 0
-0.0945332 0
0.0231428 0
0.231338 0
0.110407 0
0.0484773 0
-0.184616 0
-0.0583855 0
-0.0557222 0
0.240272 0
0.0789439 0
0.0384764 0
0 0
0 0
0 0
0 0
0 0
0 0
0 0
0 0
0 0
0 0
0 0
0 0
0 0
0 0
0 0
0 0
0 0
0 0
0 0
0 0
0 0
0 0
0 0
0 0
0 0
0 0
0 0
0 0
0 0
0 0
0 0
0 0
0 0
0 0
0 0
0 0
0 0
0 0
0 0
0 0
0 0
0 0
0 0
0 0
0 0
0 0
0 0
0 0
0 0
0 0
0 0
0 0
0 0
0 0
0 0
0 0
0 0
0 0
0 0
0 0
0 0
0 0
0 0
0 0
0 0
0 0
0 0
0 0
0 0
0 0
0 0
0 0
0 0
0 0
0 0
0 0
0 0
0 0
0 0
0 0
0 0
0 0
0 0
0 0
0 0
0 0
0 0
0 0
0 0
0 0
0 0
0 0
0 0
0 0
0 0
0 0
0 0
0 0
0 0
0 0
0 0
0 0
0 0
0 0
0 0
0 0
0 0
0 0
0 0
0 0
0 0
0 0
0 0
0 0
0 0
0 0
0 0
0 0
0 0
0 0
0 0
0 0
0 0
0 0
0 0
0 0
0 0
0 0
0 0
0 0
0 0
0 0
0 0
0 0
0 0
0 0
0 0
0 0
0 0
0 0
0 0
0 0
0 0
0 0
0 0
0 0
0 0
0 0
0 0
0 0
0 0
0 0
0 0
0 0
0 0
0 0
0 0
0 0
0 0
0 0
0 0
0 0
0 0
0 0
0 0
0 0
0 0
0 0
0 0
0 0
0 0
0 0
0 0
0 0
0 0
0 0
0 0
0 0
0 0
0 0
0 0
0 0
0 0
0 0
0 0
0 0
0 0
0 0
0 0
0 0
0 0
0 0
0 0
0 0
0 0
0 0
0 0
0 0
0 0
0 0
0 0
0 0
0 0
0 0
0 0
0 0
0 0
0 0
0 0
0 0
0 0
0 0
0 0
0 0
0 0
0 0
0 0
0 0
0 0
0 0
0 0
0 0
0 0
0 0
0 0
0 0
0 0
0 0
0 0
0 0
0 0
0 0
0 0
0 0
0 0
0 0
0 0
0 0
0 0
0 0
0 0
0 0
0 0
0 0
0 0
0 0
0 0
0 0
0 0
0 0
0 0
0 0
0 0
0 0
0 0
0 0
0 0
0 0
0 0
0 0
0 0
0 0
0 0
0 0
0 0
0 0
0 0
0 0
0 0
0 0
0 0
0 0
0 0
0 0
0 0
0 0
0 0
0 0
0 0
0 0
0 0
0 0
0.0450535 0
0.156291 0
-5.21626e-08 0
-0.156291 0
-0.0450536 0
-4.2078e-08 0
-1.75274e-07 0
-0.0313559 0
-0.11654 0
-0.0773483 0
0.0103342 0
0.0401642 0
0.169151 0
0.0145558 0
-0.0427327 0
-0.0151824 0
0.112626 0
0.0786041 0
-0.122713 0
-0.000732412 0
-0.0295646 0
0.0231992 0
0.149771 0
0.0348638 0
-0.133212 0
-0.0451919 0
0.103075 0
-0.0275963 0
-0.193795 0
-0.0917583 0
-0.00484323 0
0.0323536 0
0.0938732 0
-0.0279571 0
0.0194412 0
0.00890871 0
0.146639 0
0.0675388 0
-0.135848 0
-0.0502226 0
-0.0395063 0
0.0310182 0
0.0773483 0
0.116541 0
0.0313558 0
-0.0103345 0
-1.21144e-07 0
-1.28647e-07 0
-0.0612659 0
-0.168337 0
-0.0866003 0
-0.00829544 0
0.0898493 0
0.174553 0
0.0786612 0
-0.0075978 0
-0.00880959 0
-0.0179448 0
-0.0255131 0
-0.0898637 0
-0.0646133 0
-0.0145556 0
-0.169151 0
-0.0401641 0
0.0427328 0
0.0612659 0
0.168338 0
1.02481e-07 0
1.93251e-07 0
-0.0105341 0
-0.0283371 0
-0.0148694 0
-0.197976 0
-0.0764681 0
-0.0640007 0
0.0189459 0
0.146335 0
0.0157523 0
-0.0786039 0
-0.112626 0
0.0151824 0
0.122713 0
0.0866003 0
0.00829537 0
0.0105341 0
0.028337 0
-3.75332e-08 0
-5.30148e-08 0
-0.0849702 0
-0.096132 0
0.00171242 0
0.166027 0
0.0859076 0
-0.0231992 0
0.0295644 0
0.000732254 0
-0.149771 0
-0.0898494 0
-0.174553 0
0.0148694 0
0.197976 0
0.0849702 0
0.0961321 0
4.5102e-08 0
5.35749e-08 0
0.0461224 0
0.0451919 0
0.133213 0
-0.0348637 0
-0.103075 0
-0.0786611 0
0.00759789 0
0.0764681 0
0.0640007 0
-0.00171242 0
-0.166027 0
-0.0461224 0
0.0917583 0
0.193795 0
0.0275963 0
0.00484305 0
0.00880959 0
0.0179449 0
-0.0189459 0
-0.146335 0
-0.0859076 0
0.027957 0
-0.0938734 0
-0.0323537 0
-0.0194412 0
0.0255132 0
0.0898638 0
-0.0157523 0
-0.0675388 0
-0.146639 0
-0.00890862 0
0.135848 0
0.0646133 0
-0.0310182 0
0.0395061 0
0.0502225 0
0 0
0 0
0 0
0 0
0 0
0 0
0 0
0 0
0 0
0 0
0 0
0 0
0 0
0 0
0 0
0 0
0 0
0 0
0 0
0 0
0 0
0 0
0 0
0 0
0 0
0 0
0 0
0 0
0 0
0 0
0 0
0 0
0 0
0 0
0 0
0 0
0 0
0 0
0 0
0 0
0 0
0 0
0 0
0 0
0 0
0 0
0 0
0 0
0 0
0 0
0 0
0 0
0 0
0 0
0 0
0 0
0 0
0 0
0 0
0 0
0 0
0 0
0 0
0 0
0 0
0 0
0 0
0 0
0 0
0 0
0 0
0 0
0 0
0 0
0 0
0 0
0 0
0 0
0 0
0 0
0 0
0 0
0 0
0 0
0 0
0 0
0 0
0 0
0 0
0 0
0 0
0 0
0 0
0 0
0 0
0 0
0 0
0 0
0 0
0 0
0 0
0 0
0 0
0 0
0 0
0 0
0 0
0 0
0 0
0 0
0 0
0 0
0 0
0 0
0 0
0 0
0 0
0 0
0 0
0 0
0 0
0 0
0 0
0 0
0 0
0 0
0 0
0 0
0 0
0 0
0 0
0 0
0 0
0 0
0 0
0 0
0 0
0 0
0 0
0 0
0 0
-0.0316934 0
0.0115559 0
0.00178822 0
0.0115562 0
-0.0316933 0
-0.121299 0
-0.0169631 0
-0.00789256 0
0.125345 0
0.038882 0
-0.135065 0
0.00880477 0
0.125323 0
0.0694744 0
0.0396649 0
0.0244855 0
-0.0548203 0
0.0197022 0
0.100185 0
-0.0201987 0
-0.252548 0
-0.0860013 0
0.0833516 0
0.0193476 0
-0.0578058 0
-0.0863162 0
0.0407211 0
0.0113662 0
0.13976 0
0.0230374 0
-0.141193 0
-0.0188456 0
0.113352 0
0.0709442 0
-0.0352224 0
0.000254457 0
0.00765904 0
0.0340422 0
0.0284253 0
-0.0224635 0
-0.106715 0
-0.0287325 0
0.0388819 0
0.125345 0
-0.00789266 0
-0.135065 0
-0.115172 0
-0.132872 0
0.000136648 0
0.093677 0
0.0787705 0
0.0779183 0
0.0693195 0
0.0821078 0
0.00297444 0
-0.112637 0
-0.109758 0
-0.124046 0
-0.0097181 0
0.125671 0
0.0441929 0
0.0694744 0
0.125323 0
0.00880476 0
0.0396647 0
0.000136535 0
0.0936768 0
0.00278186 0
-0.177534 0
-0.0801573 0
-0.178622 0
-0.000545436 0
0.094619 0
0.00941049 0
0.0511333 0
0.0139706 0
0.120305 0
0.0687349 0
0.0197024 0
-0.0548201 0
0.0244855 0
0.100185 0
0.0787704 0
0.0779185 0
-0.0801572 0
-0.178622 0
-0.0782913 0
0.0797978 0
0.0747959 0
0.083999 0
0.0208827 0
-0.0633878 0
0.0156811 0
-0.0860012 0
-0.252548 0
-0.0201988 0
0.0833515 0
0.0693196 0
0.082108 0
-0.000545203 0
0.0946192 0
0.074796 0
0.083999 0
-0.0234634 0
-0.250031 0
-0.0872223 0
-0.0863162 0
-0.0578057 0
0.0193475 0
0.0407208 0
0.00297427 0
-0.112638 0
0.00941035 0
0.051133 0
0.0208826 0
-0.0633877 0
-0.0872223 0
0.0230376 0
0.13976 0
0.0113662 0
-0.141193 0
-0.109758 0
-0.124046 0
0.0139707 0
0.120305 0
0.0156812 0
0.0709444 0
0.113352 0
-0.0188455 0
-0.0352225 0
-0.00971807 0
0.125671 0
0.0687351 0
0.0340422 0
0.00765884 0
0.000254341 0
0.0284251 0
0.0441929 0
-0.0287325 0
-0.106715 0
-0.0224636 0
0 0
0 0
0 0
0 0
0 0
0 0
0 0
0 0
0 0
0 0
0 0
0 0
0 0
0 0
0 0
0 0
0 0
0 0
0 0
0 0
0 0
0 0
0 0
0 0
0 0
0 0
0 0
0 0
0 0
0 0
0 0
0 0
0 0
0 0
0 0
0 0
0 0
0 0
0 0
0 0
0 0
0 0
0 0
0 0
0 0
0 0
0 0
0 0
0 0
0 0
0 0
0 0
0 0
0 0
0 0
0 0
0 0
0 0
0 0
0 0
0 0
0 0
0 0
0 0
0 0
0 0
0 0
0 0
0 0
0 0
0 0
0 0
0 0
0 0
0 0
0 0
0 0
0 0
0 0
0 0
0 0
0 0
0 0
0 0
0 0
0 0
0 0
0 0
0 0
0 0
0 0
0 0
0 0
0 0
0 0
0 0
0 0
0 0
0 0
0 0
0 0
0 0
0 0
0 0
0 0
0 0
0 0
0 0
0 0
0 0
0 0
0 0
0 0
0 0
0 0
0 0
0 0
0 0
0 0
0 0
0 0
0 0
0 0
0 0
0 0
0 0
0 0
0 0
0 0
0 0
0 0
0 0
0 0
0 0
0 0
0 0
0 0
0 0
0 0
0 0
0 0
0.0211174 0
0.0726792 0
-9.56363e-07 0
-0.0726799 0
-0.0211162 0
2.21041e-06 0
-2.65947e-06 0
0.0159569 0
-0.0457139 0
-0.0338259 0
0.0993306 0
0.0660027 0
-0.0182022 0
-0.0178177 0
0.141805 0
-0.012643 0
-0.202497 0
-0.0620366 0
0.0170507 0
0.0264816 0
-0.0659482 0
-0.0755512 0
0.138824 0
0.088453 0
0.0665643 0
0.00017235 0
0.0957264 0
-0.0316905 0
-0.205996 0
-0.0394255 0
0.00139002 0
0.0403243 0
-0.0772785 0
-0.079865 0
0.209986 0
0.0912024 0
0.015169 0
-0.0175754 0
0.0818727 0
-0.0429847 0
-0.230786 0
-0.0629231 0
0.0338262 0
0.0457157 0
-0.0159581 0
-0.0993309 0
-1.95587e-07 0
-2.93193e-07 0
0.0631882 0
0.0741688 0
-5.83542e-05 0
-0.0914196 0
-0.00379309 0
-0.0606425 0
0.0204357 0
0.0345121 0
-0.00750855 0
-0.0615962 0
0.0328671 0
-0.0354455 0
0.0133948 0
0.0178199 0
0.0182084 0
-0.0660014 0
-0.141807 0
-0.0631883 0
-0.0741668 0
1.31583e-06 0
2.61016e-06 0
-0.0739466 0
-0.163721 0
-0.0683698 0
-0.0117694 0
0.0161887 0
0.033887 0
-0.0764641 0
-0.230082 0
-0.0746333 0
0.0620378 0
0.202495 0
0.0126405 0
-0.0170558 0
5.74884e-05 0
0.0914197 0
0.0739475 0
0.163719 0
-9.37744e-07 0
-1.20719e-06 0
0.0420201 0
0.156072 0
0.0889036 0
0.113625 0
-0.0322704 0
0.075551 0
0.0659494 0
-0.0264824 0
-0.138823 0
0.00379308 0
0.0606411 0
0.0683689 0
0.0117698 0
-0.0420202 0
-0.15607 0
2.41407e-07 0
-7.90785e-07 0
0.0318052 0
-0.000170479 0
-0.0665588 0
-0.0884513 0
-0.0957271 0
-0.0204359 0
-0.0345109 0
-0.0161873 0
-0.0338839 0
-0.0889026 0
-0.113626 0
-0.031806 0
0.0394259 0
0.205992 0
0.0316884 0
-0.00139247 0
0.00750845 0
0.0615971 0
0.0764644 0
0.230079 0
0.0322691 0
0.0798638 0
0.0772782 0
-0.0403241 0
-0.209982 0
-0.0328665 0
0.0354431 0
0.0746317 0
0.0175762 0
-0.0151657 0
-0.0912006 0
-0.0818734 0
-0.0133957 0
0.0629227 0
0.230781 0
0.0429832 0
0 0
0 0
0 0
0 0
0 0
0 0
0 0
0 0
0 0
0 0
0 0
0 0
0 0
0 0
0 0
0 0
0 0
0 0
0 0
0 0
0 0
0 0
0 0
0 0
0 0
0 0
0 0
0 0
0 0
0 0
0 0
0 0
0 0
0 0
0 0
0 0
0 0
0 0
0 0
0 0
0 0
0 0
0 0
0 0
0 0
0 0
0 0
0 0
0 0
0 0
0 0
0 0
0 0
0 0
0 0
0 0
0 0
0 0
0 0
0 0
0 0
0 0
0 0
0 0
0 0
0 0
0 0
0 0
0 0
0 0
0 0
0 0
0 0
0 0
0 0
0 0
0 0
0 0
0 0
0 0
0 0
0 0
0 0
0 0
0 0
0 0
0 0
0 0
0 0
0 0
0 0
0 0
0 0
0 0
0 0
0 0
0 0
0 0
0 0
0 0
0 0
0 0
0 0
0 0
0 0
0 0
0 0
0 0
0 0
0 0
0 0
0 0
0 0
0 0
0 0
0 0
0 0
0 0
0 0
0 0
0 0
0 0
0 0
0 0
0 0
0 0
0 0
0 0
0 0
0 0
0 0
0 0
0 0
0 0
0 0
0 0
0 0
0 0
0 0
0 0
0 0
-0.04997 0
0.0297803 0
0.0856124 0
0.029778 0
-0.0499706 0
-0.201482 0
0.232559 0
0.0500551 0
-0.0762546 0
-0.0133003 0
0.0115919 0
-0.0574814 0
-0.267031 0
-0.0958489 0
0.0616146 0
0.101316 0
0.0952778 0
-0.0483557 0
0.192253 0
0.025087 0
-0.0343222 0
0.0171829 0
-0.0728832 0
-0.0708253 0
-0.206666 0
-0.0675226 0
0.0388472 0
0.0850918 0
0.159955 0
-0.0132294 0
0.0930641 0
-0.0123218 0
-0.00250216 0
0.0444628 0
-0.131467 0
-0.0591999 0
-0.117372 0
-0.0339761 0
0.0498842 0
0.0592599 0
0.155074 0
0.0110207 0
-0.0132992 0
-0.0762533 0
0.0500548 0
0.0115895 0
0.016925 0
0.035592 0
0.00645474 0
-0.0751815 0
0.0278802 0
-0.021617 0
-0.0121965 0
0.0520025 0
0.0168405 0
-0.0335933 0
0.00203432 0
-0.052521 0
-0.0306531 0
0.078827 0
0.0371959 0
-0.0958485 0
-0.267031 0
-0.0574831 0
0.0616114 0
0.00645334 0
-0.075183 0
-0.0978999 0
-0.192625 0
-0.0339566 0
0.097275 0
0.0394174 0
-0.013364 0
-0.0470241 0
-0.117271 0
-0.0146582 0
0.120456 0
0.0561034 0
-0.0483543 0
0.0952828 0
0.101317 0
0.192253 0
0.0278802 0
-0.021615 0
-0.0339549 0
0.0972791 0
0.0785435 0
0.0817011 0
-0.00385485 0
-0.081553 0
-0.0367214 0
0.0736383 0
0.0538685 0
0.0171847 0
-0.0343207 0
0.0250862 0
-0.072887 0
-0.0121966 0
0.0520039 0
0.0394191 0
-0.0133635 0
-0.00385585 0
-0.081557 0
-0.0273717 0
0.0681388 0
0.0397491 0
-0.0675226 0
-0.206668 0
-0.0708275 0
0.038845 0
0.01684 0
-0.033594 0
-0.0470244 0
-0.117271 0
-0.0367237 0
0.0736352 0
0.0397483 0
-0.0132282 0
0.15996 0
0.0850926 0
0.0930638 0
0.00203444 0
-0.0525195 0
-0.0146562 0
0.120462 0
0.0538692 0
0.0444648 0
-0.0025005 0
-0.012323 0
-0.131473 0
-0.030654 0
0.078828 0
0.0561053 0
-0.0339757 0
-0.117373 0
-0.059202 0
0.0498824 0
0.0371956 0
0.0110223 0
0.155079 0
0.0592609 0
0.0331483 0
-0.00230921 0
-0.0104738 0
-0.00231009 0
0.0331466 0
0.0189951 0
-0.00290105 0
0.000229195 0
-0.0137878 0
-0.0305091 0
0.0168736 0
0.0593539 0
0.00562813 0
-0.0168432 0
0.0253048 0
0.0884694 0
-0.0171112 0
-0.0233175 0
0.0585215 0
0.0835784 0
-0.0429087 0
-0.12329 0
0.0494329 0
0.123729 0
-0.00675606 0
-0.105989 0
0.0525856 0
0.178685 0
-0.0130141 0
-0.0406623 0
0.094006 0
0.0352142 0
-0.0724865 0
-0.182105 0
0.0064038 0
-0.0352323 0
0.0282957 0
-0.09844 0
-0.0599197 0
0.0356434 0
0.0763874 0
0.228555 0
-0.0305078 0
-0.013788 0
0.000229212 0
0.0168738 0
-0.000944035 0
-0.0344937 0
-0.059861 0
-0.0412935 0
0.0309256 0
0.00871221 0
-0.0361047 0
-0.0871123 0
-0.120237 0
-0.0671061 0
0.111477 0
0.0643253 0
0.0220183 0
-0.0539327 0
-0.203246 0
-0.0168451 0
0.0056274 0
0.0593547 0
0.0253058 0
-0.0598598 0
-0.0412936 0
-0.115902 0
-0.0126039 0
0.0357475 0
0.0348295 0
-0.149291 0
-0.0762334 0
-0.226033 0
-0.0406648 0
0.0903462 0
0.0518702 0
-0.00383075 0
-0.0233187 0
-0.0171111 0
0.0884711 0
0.0585217 0
0.030924 0
0.00871085 0
0.0357451 0
0.0348289 0
0.236379 0
0.127751 0
0.107066 0
0.0410861 0
-0.00647714 0
-0.00570089 0
0.0918386 0
-0.12329 0
-0.0429088 0
0.0835787 0
0.0494331 0
-0.0361056 0
-0.0871119 0
-0.149291 0
-0.0762331 0
0.107066 0
0.0410861 0
0.0430116 0
-0.0487192 0
-0.104911 0
-0.10599 0
-0.00675622 0
0.123731 0
0.0525866 0
-0.120234 0
-0.0671056 0
-0.226032 0
-0.040665 0
-0.00647756 0
-0.00570099 0
-0.104911 0
-0.0406636 0
-0.0130146 0
0.178685 0
0.0940053 0
0.111476 0
0.0643243 0
0.090345 0
0.0518705 0
0.0918389 0
-0.182105 0
-0.072486 0
0.0352135 0
0.00640345 0
0.0220174 0
-0.053932 0
-0.0038291 0
-0.0984376 0
0.0282961 0
-0.0352319 0
-0.0599196 0
-0.203244 0
0.228554 0
0.0763867 0
0.035642 0
0 0
0 0
0 0
0 0
0 0
0 0
0 0
0 0
0 0
0 0
0 0
0 0
0 0
0 0
0 0
0 0
0 0
0 0
0 0
0 0
0 0
0 0
0 0
0 0
0 0
0 0
0 0
0 0
0 0
0 0
0 0
0 0
0 0
0 0
0 0
0 0
0 0
0 0
0 0
0 0
0 0
0 0
0 0
0 0
0 0
0 0
0 0
0 0
0 0
0 0
0 0
0 0
0 0
0 0
0 0
0 0
0 0
0 0
0 0
0 0
0 0
0 0
0 0
0 0
0 0
0 0
0 0
0 0
0 0
0 0
0 0
0 0
0 0
0 0
0 0
0 0
0 0
0 0
0 0
0 0
0 0
0 0
0 0
0 0
0 0
0 0
0 0
0 0
0 0
0 0
0 0
0 0
0 0
0 0
0 0
0 0
0 0
0 0
0 0
0 0
0 0
0 0
0 0
0 0
0 0
0 0
0 0
0 0
0 0
0 0
0 0
0 0
0 0
0 0
0 0
0 0
0 0
0 0
0 0
0 0
0 0
0 0
0 0
0 0
0 0
0 0
0 0
0 0
0 0
0 0
0 0
0 0
0 0
0 0
0 0
0 0
0 0
0 0
0 0
0 0
0 0
-0.148577 0
-0.0728932 0
1.11117e-06 0
0.0728936 0
0.148572 0
-1.38585e-06 0
3.74513e-07 0
0.0100946 0
-0.0225547 0
0.0977657 0
0.0305603 0
0.0957214 0
-0.0645489 0
-0.184658 0
0.109867 0
0.163223 0
0.0020092 0
-0.130367 0
0.00913045 0
0.0209908 0
-0.0143611 0
-0.0260551 0
0.0212994 0
0.137833 0
-0.00547555 0
-0.0435173 0
0.0885401 0
-0.0119007 0
-0.0479413 0
-0.112823 0
-0.0493436 0
-0.0184929 0
0.0310164 0
-0.0370539 0
0.00389886 0
0.0556103 0
0.0388247 0
0.160126 0
-0.00362522 0
-0.179765 0
-0.0771367 0
-0.0860418 0
-0.0977617 0
0.0225564 0
-0.0100944 0
-0.0305626 0
-2.39228e-06 0
4.76792e-07 0
0.121564 0
-0.00889839 0
-0.152663 0
-0.126339 0
-0.0853284 0
0.0376673 0
0.179678 0
0.0233784 0
-0.139767 0
-0.0866281 0
-0.0237725 0
0.0648977 0
0.111929 0
0.18466 0
0.0645479 0
-0.0957249 0
-0.109866 0
-0.12156 0
0.00890012 0
1.13565e-06 0
-8.1089e-07 0
-0.203679 0
-0.0473393 0
0.0373259 0
0.0413278 0
0.0415881 0
-0.0313812 0
-0.136808 0
0.00537968 0
0.133698 0
0.130366 0
-0.00200898 0
-0.163222 0
-0.00913004 0
0.152663 0
0.126336 0
0.203675 0
0.04734 0
3.24905e-06 0
1.92153e-06 0
0.065988 0
0.0149034 0
-0.0140883 0
0.00517401 0
0.0215393 0
0.0260558 0
0.0143612 0
-0.0209908 0
-0.0212999 0
0.0853241 0
-0.0376677 0
-0.0373258 0
-0.0413281 0
-0.0659845 0
-0.0149041 0
-8.13629e-07 0
5.76071e-08 0
0.0102259 0
0.043517 0
0.00547528 0
-0.137831 0
-0.0885374 0
-0.179675 0
-0.0233786 0
-0.0415924 0
0.0313781 0
0.014084 0
-0.00517362 0
-0.0102249 0
0.11282 0
0.0479401 0
0.011905 0
0.0493452 0
0.139768 0
0.0866276 0
0.136806 0
-0.00537783 0
-0.0215347 0
0.0370487 0
-0.0310176 0
0.018493 0
-0.00389922 0
0.0237718 0
-0.0648974 0
-0.133694 0
-0.160125 0
-0.0388232 0
-0.0556107 0
0.00362371 0
-0.111931 0
0.0860462 0
0.0771372 0
0.179763 0
0 0
0 0
0 0
0 0
0 0
0 0
0 0
0 0
0 0
0 0
0 0
0 0
0 0
0 0
0 0
0 0
0 0
0 0
0 0
0 0
0 0
0 0
0 0
0 0
0 0
0 0
0 0
0 0
0 0
0 0
0 0
0 0
0 0
0 0
0 0
0 0
0 0
0 0
0 0
0 0
0 0
0 0
0 0
0 0
0 0
0 0
0 0
0 0
0 0
0 0
0 0
0 0
0 0
0 0
0 0
0 0
0 0
0 0
0 0
0 0
0 0
0 0
0 0
0 0
0 0
0 0
0 0
0 0
0 0
0 0
0 0
0 0
0 0
0 0
0 0
0 0
0 0
0 0
0 0
0 0
0 0
0 0
0 0
0 0
0 0
0 0
0 0
0 0
0 0
0 0
0 0
0 0
0 0
0 0
0 0
0 0
0 0
0 0
0 0
0 0
0 0
0 0
0 0
0 0
0 0
0 0
0 0
0 0
0 0
0 0
0 0
0 0
0 0
0 0
0 0
0 0
0 0
0 0
0 0
0 0
0 0
0 0
0 0
0 0
0 0
0 0
0 0
0 0
0 0
0 0
0 0
0 0
0 0
0 0
0 0
0 0
0 0
0 0
0 0
0 0
0 0
0.198475 0
-0.017658 0
-0.0787072 0
-0.0176564 0
0.198478 0
0.114279 0
-0.0198957 0
0.00517519 0
-0.0740189 0
-0.179373 0
0.0979993 0
0.149846 0
0.0377317 0
-0.0775541 0
-0.017519 0
-0.0251376 0
-0.0111957 0
0.0557581 0
0.0101745 0
0.0306327 0
-0.0210053 0
-0.0684743 0
0.0341639 0
-0.0507516 0
0.00602674 0
-0.0331364 0
-0.0784255 0
-0.0753985 0
0.0429275 0
0.104236 0
-0.0196187 0
-0.000251156 0
0.00955158 0
0.115859 0
0.00987211 0
0.00619136 0
-0.0456267 0
-0.0834381 0
0.040084 0
0.118086 0
0.0125183 0
-0.0749964 0
-0.179375 0
-0.0740182 0
0.00517486 0
0.0979984 0
0.183925 0
-0.0536276 0
-0.185316 0
-0.0820679 0
0.0296252 0
0.0962525 0
0.137875 0
-0.0220804 0
-0.144249 0
-0.0190359 0
0.00806962 0
0.0451246 0
0.0278118 0
-0.0342412 0
0.010748 0
-0.0775493 0
0.0377333 0
0.149843 0
-0.017522 0
-0.185319 0
-0.0820677 0
-0.130804 0
0.0588708 0
0.168625 0
-0.011977 0
-0.0707292 0
-0.0256583 0
0.0698913 0
0.100433 0
0.120398 0
-0.0468961 0
-0.155484 0
0.0557616 0
-0.0111956 0
-0.0251419 0
0.0101743 0
0.0296294 0
0.0962559 0
0.168631 0
-0.0119757 0
-0.139938 0
-0.0905982 0
-0.0890266 0
0.0407292 0
0.159161 0
-0.0140636 0
-0.125388 0
-0.0684731 0
-0.0210049 0
0.0306321 0
0.0341632 0
0.137877 0
-0.0220813 0
-0.0707301 0
-0.0256594 0
-0.0890284 0
0.0407288 0
0.0715443 0
-0.0269976 0
-0.0817675 0
-0.0331353 0
0.00602677 0
-0.0507557 0
-0.0784278 0
-0.144254 0
-0.0190365 0
0.0698901 0
0.100434 0
0.159161 0
-0.0140638 0
-0.0817679 0
0.104239 0
0.042929 0
-0.075398 0
-0.0196174 0
0.00807333 0
0.0451269 0
0.120402 0
-0.0468962 0
-0.125389 0
0.11586 0
0.00955071 0
-0.000250985 0
0.00987184 0
0.0278125 0
-0.0342427 0
-0.155488 0
-0.0834425 0
-0.0456277 0
0.00618961 0
0.0400841 0
0.0107454 0
-0.0749939 0
0.0125204 0
0.11809 0
0 0
0 0
0 0
0 0
0 0
0 0
0 0
0 0
0 0
0 0
0 0
0 0
0 0
0 0
0 0
0 0
0 0
0 0
0 0
0 0
0 0
0 0
0 0
0 0
0 0
0 0
0 0
0 0
0 0
0 0
0 0
0 0
0 0
0 0
0 0
0 0
0 0
0 0
0 0
0 0
0 0
0 0
0 0
0 0
0 0
0 0
0 0
0 0
0 0
0 0
0 0
0 0
0 0
0 0
0 0
0 0
0 0
0 0
0 0
0 0
0 0
0 0
0 0
0 0
0 0
0 0
0 0
0 0
0 0
0 0
0 0
0 0
0 0
0 0
0 0
0 0
0 0
0 0
0 0
0 0
0 0
0 0
0 0
0 0
0 0
0 0
0 0
0 0
0 0
0 0
0 0
0 0
0 0
0 0
0 0
0 0
0 0
0 0
0 0
0 0
0 0
0 0
0 0
0 0
0 0
0 0
0 0
0 0
0 0
0 0
0 0
0 0
0 0
0 0
0 0
0 0
0 0
0 0
0 0
0 0
0 0
0 0
0 0
0 0
0 0
0 0
0 0
0 0
0 0
0 0
0 0
0 0
0 0
0 0
0 0
0 0
0 0
0 0
0 0
0 0
0 0
0 0
0 0
0 0
0 0
0 0
0 0
0 0
0 0
0 0
0 0
0 0
0 0
0 0
0 0
0 0
0 0
0 0
0 0
0 0
0 0
0 0
0 0
0 0
0 0
0 0
0 0
0 0
0 0
0 0
0 0
0 0
0 0
0 0
0 0
0 0
0 0
0 0
0 0
0 0
0 0
0 0
0 0
0 0
0 0
0 0
0 0
0 0
0 0
0 0
0 0
0 0
0 0
0 0
0 0
0 0
0 0
0 0
0 0
0 0
0 0
0 0
0 0
0 0
0 0
0 0
0 0
0 0
0 0
0 0
0 0
0 0
0 0
0 0
0 0
0 0
0 0
0 0
0 0
0 0
0 0
0 0
0 0
0 0
0 0
0 0
0 0
0 0
0 0
0 0
0 0
0 0
0 0
0 0
0 0
0 0
0 0
0 0
0 0
0 0
0 0
0 0
0 0
0 0
0 0
0 0
0 0
0 0
0 0
0 0
0 0
0 0
0 0
0 0
0 0
0 0
0 0
0 0
0 0
0 0
0 0
0 0
0 0
0 0
0 0
0 0
0 0
0 0
0 0
0 0
0 0
0 0
0 0
0 0
0 0
0 0
0 0
0 0
0 0
0 0
0 0
0 0
0.0452947 0
0.154641 0
3.99102e-08 0
-0.154641 0
-0.0452948 0
-2.54949e-07 0
4.94507e-08 0
0.0149175 0
-0.0791449 0
-0.0673266 0
0.128854 0
0.0878348 0
0.0535714 0
-0.00718449 0
0.111818 0
-0.0475336 0
-0.199589 0
-0.0413663 0
-0.0749888 0
-0.00582922 0
0.010453 0
-0.0536486 0
0.0449024 0
0.0400832 0
0.22698 0
0.0669388 0
-0.136539 0
-0.0939982 0
-0.0358747 0
0.054463 0
-0.147934 0
-0.028305 0
0.0859695 0
0.0142346 0
-0.0313793 0
-0.0134823 0
0.177803 0
0.07523 0
-0.191438 0
-0.0492901 0
0.0220451 0
0.0587963 0
0.0673267 0
0.079145 0
-0.0149175 0
-0.128854 0
-5.07887e-08 0
5.18711e-08 0
0.0485052 0
0.0526271 0
-0.00516691 0
0.00478525 0
0.000451499 0
-0.0481243 0
-0.0524168 0
0.00760303 0
0.00664767 0
0.162895 0
0.0180897 0
-0.0698534 0
-0.0759926 0
0.00718451 0
-0.0535715 0
-0.0878348 0
-0.111818 0
-0.0485051 0
-0.0526268 0
5.64204e-08 0
-1.9539e-08 0
0.00865519 0
0.0248381 0
0.0122482 0
0.0652493 0
0.0519729 0
0.107516 0
0.105905 0
0.0837067 0
0.00392435 0
0.0413663 0
0.19959 0
0.0475336 0
0.0749888 0
0.00516689 0
-0.00478548 0
-0.00865526 0
-0.0248381 0
4.35546e-08 0
1.3395e-07 0
-0.00969493 0
-0.0982745 0
-0.0700239 0
-0.246417 0
-0.0454355 0
0.0536486 0
-0.0104531 0
0.00582915 0
-0.0449024 0
-0.000451584 0
0.0481243 0
-0.0122482 0
-0.0652494 0
0.009695 0
0.0982745 0
3.19101e-08 0
1.17831e-07 0
-0.0695149 0
-0.0669388 0
-0.22698 0
-0.0400832 0
0.13654 0
0.0524169 0
-0.00760298 0
-0.051973 0
-0.107516 0
0.0700238 0
0.246417 0
0.069515 0
-0.054463 0
0.0358746 0
0.0939982 0
0.147934 0
-0.00664763 0
-0.162895 0
-0.105905 0
-0.0837066 0
0.0454355 0
-0.0142347 0
-0.0859697 0
0.0283049 0
0.0313793 0
-0.0180895 0
0.0698537 0
-0.00392424 0
-0.0752301 0
-0.177803 0
0.0134822 0
0.191437 0
0.0759926 0
-0.0587962 0
-0.0220451 0
0.04929 0
0 0
0 0
0 0
0 0
0 0
0 0
0 0
0 0
0 0
0 0
0 0
0 0
0 0
0 0
0 0
0 0
0 0
0 0
0 0
0 0
0 0
0 0
0 0
0 0
0 0
0 0
0 0
0 0
0 0
0 0
0 0
0 0
0 0
0 0
0 0
0 0
0 0
0 0
0 0
0 0
0 0
0 0
0 0
0 0
0 0
0 0
0 0
0 0
0 0
0 0
0 0
0 0
0 0
0 0
0 0
0 0
0 0
0 0
0 0
0 0
0 0
0 0
0 0
0 0
0 0
0 0
0 0
0 0
0 0
0 0
0 0
0 0
0 0
0 0
0 0
0 0
0 0
0 0
0 0
0 0
0 0
0 0
0 0
0 0
0 0
0 0
0 0
0 0
0 0
0 0
0 0
0 0
0 0
0 0
0 0
0 0
0 0
0 0
0 0
0 0
0 0
0 0
0 0
0 0
0 0
0 0
0 0
0 0
0 0
0 0
0 0
0 0
0 0
0 0
0 0
0 0
0 0
0 0
0 0
0 0
0 0
0 0
0 0
0 0
0 0
0 0
0 0
0 0
0 0
0 0
0 0
0 0
0 0
0 0
0 0
0 0
0 0
0 0
0 0
0 0
0 0
-0.0650632 0
0.067118 0
0.0788398 0
0.0671187 0
-0.065063 0
-0.287824 0
0.131309 0
0.0101282 0
0.0489276 0
0.0336319 0
-0.146709 0
-0.063017 0
-0.0772015 0
-0.00799238 0
0.0141887 0
0.00990818 0
0.133647 0
0.0160907 0
-0.114126 0
-0.0504949 0
0.099413 0
0.0665214 0
-0.154252 0
-0.0109711 0
0.0865373 0
0.0527506 0
0.0309109 0
-0.0403486 0
-0.0241577 0
0.0178894 0
-0.143377 0
-0.00883015 0
0.0449736 0
0.00595198 0
0.0694776 0
0.0677755 0
0.0730959 0
0.0338864 0
0.0822256 0
-0.0504428 0
-0.254473 0
-0.0537087 0
0.0336316 0
0.0489273 0
0.0101282 0
-0.146709 0
-0.0608842 0
0.0846667 0
0.0640662 0
0.116941 0
-0.0459869 0
-0.158241 0
-0.0543737 0
0.125421 0
0.074714 0
0.0944083 0
-0.0597694 0
-0.152594 0
-0.00799998 0
0.0560226 0
0.0404656 0
-0.00799238 0
-0.0772011 0
-0.0630166 0
0.0141889 0
0.0640663 0
0.11694 0
0.0756561 0
0.0278547 0
-0.0264511 0
0.0404349 0
0.0804192 0
0.107902 0
0.0600175 0
0.00465995 0
-0.0512648 0
-0.0223565 0
0.00959653 0
0.0160907 0
0.133646 0
0.00990798 0
-0.114127 0
-0.045987 0
-0.158241 0
-0.0264511 0
0.0404349 0
-0.0208255 0
-0.153203 0
-0.0526344 0
-0.132839 0
-0.00504712 0
0.111195 0
0.0249602 0
0.0665212 0
0.0994131 0
-0.0504949 0
-0.154252 0
-0.0543736 0
0.125421 0
0.0804192 0
0.107902 0
-0.0526342 0
-0.132838 0
-0.0471617 0
0.104112 0
0.0611169 0
0.0527508 0
0.0865377 0
-0.0109709 0
0.0309107 0
0.0747139 0
0.0944079 0
0.0600174 0
0.00465983 0
-0.00504684 0
0.111195 0
0.061117 0
0.0178893 0
-0.0241584 0
-0.0403488 0
-0.143377 0
-0.0597694 0
-0.152594 0
-0.0512651 0
-0.0223574 0
0.0249601 0
0.00595179 0
0.0449736 0
-0.00882978 0
0.0694785 0
-0.00799968 0
0.0560226 0
0.0095963 0
0.0338862 0
0.0730954 0
0.0677755 0
0.0822254 0
0.0404655 0
-0.0537089 0
-0.254473 0
-0.0504429 0
0.0146968 0
-0.00208794 0
-0.160192 0
-0.00210204 0
0.0146648 0
0.00856637 0
-0.100808 0
-0.0907552 0
0.0665286 0
0.138528 0
-0.0331768 0
0.0259286 0
0.00748767 0
0.175441 0
0.044951 0
0.0498633 0
-0.0832812 0
-0.176304 0
0.0728126 0
0.151281 0
0.0190873 0
-0.15131 0
0.0163712 0
-0.067406 0
0.00675469 0
0.0636473 0
-0.0708062 0
-0.0547871 0
0.0043673 0
0.0262534 0
0.0289101 0
0.120392 0
0.0131533 0
0.0430535 0
0.0458702 0
0.0689488 0
-0.0594189 0
-0.119751 0
0.0585905 0
0.15215 0
0.00218548 0
-0.144728 0
0.138543 0
0.0665213 0
-0.0907691 0
-0.0331799 0
-0.0483939 0
0.0311232 0
0.0776507 0
-0.0154472 0
0.0468402 0
-0.0210066 0
-0.0282003 0
-0.0162256 0
-0.118678 0
-0.00585871 0
0.0326506 0
0.00162476 0
-0.0346248 0
-0.0717418 0
-0.0264291 0
0.175416 0
0.00748414 0
0.0259318 0
0.04496 0
0.0776701 0
-0.0154412 0
-0.177706 0
-0.103945 0
-0.0910312 0
0.0518634 0
0.0909665 0
0.0369786 0
0.0658957 0
0.0184004 0
0.00752642 0
-0.0142038 0
-0.180624 0
-0.176293 0
-0.0832733 0
0.0498716 0
0.0728014 0
0.0468418 0
-0.0210002 0
-0.0910025 0
0.05188 0
0.179729 0
0.0351108 0
-0.0290512 0
-0.0953989 0
-0.0102457 0
0.0692882 0
0.125147 0
-0.151302 0
0.0190828 0
0.151233 0
0.0163525 0
-0.0282085 0
-0.0162193 0
0.0909953 0
0.0369788 0
-0.0290571 0
-0.0954038 0
-0.288164 0
-0.0152927 0
0.11837 0
0.0636725 0
0.00676948 0
-0.0674131 0
-0.0708073 0
-0.118677 0
-0.00586323 0
0.0658732 0
0.0183878 0
-0.0102565 0
0.0692975 0
0.11839 0
0.0262846 0
0.00436572 0
-0.0547845 0
0.0289145 0
0.0326567 0
0.00162951 0
0.00751672 0
-0.0142035 0
0.125169 0
0.0430146 0
0.013139 0
0.120399 0
0.0458847 0
-0.034605 0
-0.0717472 0
-0.180635 0
-0.119766 0
-0.0594104 0
0.0689718 0
0.0585825 0
-0.0264561 0
-0.144708 0
0.00218462 0
0.152127 0
0 0
0 0
0 0
0 0
0 0
0 0
0 0
0 0
0 0
0 0
0 0
0 0
0 0
0 0
0 0
0 0
0 0
0 0
0 0
0 0
0 0
0 0
0 0
0 0
0 0
0 0
0 0
0 0
0 0
0 0
0 0
0 0
0 0
0 0
0 0
0 0
0 0
0 0
0 0
0 0
0 0
0 0
0 0
0 0
0 0
0 0
0 0
0 0
0 0
0 0
0 0
0 0
0 0
0 0
0 0
0 0
0 0
0 0
0 0
0 0
0 0
0 0
0 0
0 0
0 0
0 0
0 0
0 0
0 0
0 0
0 0
0 0
0 0
0 0
0 0
0 0
0 0
0 0
0 0
0 0
0 0
0 0
0 0
0 0
0 0
0 0
0 0
0 0
0 0
0 0
0 0
0 0
0 0
0 0
0 0
0 0
0 0
0 0
0 0
0 0
0 0
0 0
0 0
0 0
0 0
0 0
0 0
0 0
0 0
0 0
0 0
0 0
0 0
0 0
0 0
0 0
0 0
0 0
0 0
0 0
0 0
0 0
0 0
0 0
0 0
0 0
0 0
0 0
0 0
0 0
0 0
0 0
0 0
0 0
0 0
0 0
0 0
0 0
0 0
0 0
0 0
0.17407 0
0.0766507 0
1.4451e-05 0
-0.0766503 0
-0.174073 0
-6.80463e-07 0
9.13328e-06 0
0.0729834 0
0.03896 0
-0.0811218 0
0.015244 0
-0.0209728 0
0.019549 0
0.138838 0
-0.0503636 0
-0.0441514 0
-0.0420645 0
-0.0524302 0
0.0619162 0
0.261727 0
0.0235501 0
-0.0436877 0
0.101729 0
0.039683 0
-0.0801479 0
-0.139557 0
0.00647097 0
-0.012243 0
0.00947755 0
-0.167001 0
-0.0243292 0
-0.0363489 0
0.0761885 0
0.210749 0
-0.0783913 0
-0.123284 0
-0.0458359 0
0.0786578 0
0.0437474 0
0.119407 0
0.00389391 0
-0.106185 0
0.0810964 0
-0.0389722 0
-0.0729669 0
-0.0152378 0
4.65901e-06 0
-2.81599e-06 0
-0.106771 0
-0.0329471 0
-0.00673061 0
-0.0341905 0
0.0444996 0
-0.0346404 0
-0.00542979 0
0.023922 0
-0.0340836 0
-0.0253362 0
-0.104738 0
0.030431 0
0.14921 0
-0.13887 0
-0.0195502 0
0.0209681 0
0.0503551 0
0.106757 0
0.03295 0
1.66438e-05 0
9.68401e-06 0
-0.155578 0
-0.0906586 0
-0.158422 0
-0.00109203 0
0.121704 0
0.0685737 0
0.0522526 0
-0.00284709 0
0.0580272 0
0.0524628 0
0.0420798 0
0.0441415 0
-0.0619298 0
0.00672177 0
0.0341943 0
0.155594 0
0.090649 0
-1.64285e-05 0
-3.09921e-06 0
0.0329436 0
0.0275124 0
0.0614542 0
-0.0498677 0
-0.11989 0
0.0437158 0
-0.0235535 0
-0.261755 0
-0.101732 0
-0.0444945 0
0.0346432 0
0.158405 0
0.001085 0
-0.0329379 0
-0.0274946 0
2.66382e-05 0
1.2677e-06 0
-0.109429 0
0.139545 0
0.0801466 0
-0.0396701 0
-0.00645768 0
0.00545155 0
-0.0239211 0
-0.121717 0
-0.0685772 0
-0.0614522 0
0.049855 0
0.109407 0
0.166995 0
-0.0094786 0
0.0122536 0
0.0243242 0
0.0340778 0
0.0253358 0
-0.0522539 0
0.00284993 0
0.119868 0
-0.210757 0
-0.0761908 0
0.0363272 0
0.0783829 0
0.104744 0
-0.0304179 0
-0.0579939 0
-0.0786355 0
0.0458467 0
0.123272 0
-0.0437582 0
-0.149205 0
0.106211 0
-0.00389428 0
-0.119434 0
0 0
0 0
0 0
0 0
0 0
0 0
0 0
0 0
0 0
0 0
0 0
0 0
0 0
0 0
0 0
0 0
0 0
0 0
0 0
0 0
0 0
0 0
0 0
0 0
0 0
0 0
0 0
0 0
0 0
0 0
0 0
0 0
0 0
0 0
0 0
0 0
0 0
0 0
0 0
0 0
0 0
0 0
0 0
0 0
0 0
0 0
0 0
0 0
0 0
0 0
0 0
0 0
0 0
0 0
0 0
0 0
0 0
0 0
0 0
0 0
0 0
0 0
0 0
0 0
0 0
0 0
0 0
0 0
0 0
0 0
0 0
0 0
0 0
0 0
0 0
0 0
0 0
0 0
0 0
0 0
0 0
0 0
0 0
0 0
0 0
0 0
0 0
0 0
0 0
0 0
0 0
0 0
0 0
0 0
0 0
0 0
0 0
0 0
0 0
0 0
0 0
0 0
0 0
0 0
0 0
0 0
0 0
0 0
0 0
0 0
0 0
0 0
0 0
0 0
0 0
0 0
0 0
0 0
0 0
0 0
0 0
0 0
0 0
0 0
0 0
0 0
0 0
0 0
0 0
0 0
0 0
0 0
0 0
0 0
0 0
0 0
0 0
0 0
0 0
0 0
0 0
-0.105642 0
0.0179614 0
0.14841 0
0.0179624 0
-0.10564 0
-0.0620649 0
0.0578899 0
0.0232348 0
-0.0106208 0
0.0166192 0
-0.0305411 0
0.0338992 0
-0.0193671 0
-0.0752408 0
0.0743006 0
0.22662 0
0.00999896 0
-0.0230416 0
0.0671307 0
-0.0602676 0
-0.078343 0
-0.170464 0
-0.0305152 0
-0.0231715 0
0.0674131 0
-0.0285604 0
-0.0527481 0
-0.125606 0
0.0425374 0
0.274661 0
-0.0728989 0
-0.159481 0
-0.0458456 0
-0.00862372 0
0.00598096 0
0.00496794 0
0.0519727 0
0.0168779 0
-0.0548241 0
-0.137544 0
0.00309092 0
0.147969 0
0.0166184 0
-0.0106202 0
0.0232382 0
-0.0305392 0
-0.160648 0
-0.0521329 0
-0.00862314 0
-0.0286992 0
0.0607148 0
0.00728084 0
-0.0196245 0
0.00917496 0
-0.0294324 0
0.0212227 0
0.0390286 0
0.0802622 0
0.174547 0
0.0319159 0
-0.048301 0
-0.0752415 0
-0.0193679 0
0.0339022 0
0.0743017 0
-0.00862145 0
-0.028699 0
-0.150289 0
-0.0531272 0
-0.0161695 0
0.0332411 0
0.0804591 0
0.0199357 0
0.0628352 0
0.00459625 0
0.0588307 0
-0.0407282 0
-0.0194746 0
-0.0230465 0
0.00999774 0
0.226619 0
0.0671301 0
0.0607138 0
0.00728051 0
-0.0161683 0
0.0332424 0
0.0500885 0
-0.0289548 0
-0.0748545 0
-0.0492949 0
-0.105992 0
-0.0325927 0
-0.1759 0
-0.170462 0
-0.0783409 0
-0.0602677 0
-0.0305167 0
-0.0196259 0
0.00917576 0
0.0804623 0
0.0199361 0
-0.0748556 0
-0.0492962 0
0.0127898 0
0.10744 0
0.172924 0
-0.0285554 0
0.0674129 0
-0.023175 0
-0.0527488 0
-0.0294315 0
0.0212233 0
0.0628343 0
0.00459463 0
-0.105995 0
-0.0325921 0
0.172925 0
0.274659 0
0.0425368 0
-0.125606 0
-0.0728975 0
0.0390307 0
0.0802617 0
0.0588292 0
-0.0407271 0
-0.175896 0
-0.00862377 0
-0.0458451 0
-0.159479 0
0.0059806 0
0.174545 0
0.0319154 0
-0.0194735 0
0.0168774 0
0.0519719 0
0.00496661 0
-0.0548239 0
-0.0483017 0
0.147968 0
0.00309159 0
-0.137541 0
0 0
0 0
0 0
0 0
0 0
0 0
0 0
0 0
0 0
0 0
0 0
0 0
0 0
0 0
0 0
0 0
0 0
0 0
0 0
0 0
0 0
0 0
0 0
0 0
0 0
0 0
0 0
0 0
0 0
0 0
0 0
0 0
0 0
0 0
0 0
0 0
0 0
0 0
0 0
0 0
0 0
0 0
0 0
0 0
0 0
0 0
0 0
0 0
0 0
0 0
0 0
0 0
0 0
0 0
0 0
0 0
0 0
0 0
0 0
0 0
0 0
0 0
0 0
0 0
0 0
0 0
0 0
0 0
0 0
0 0
0 0
0 0
0 0
0 0
0 0
0 0
0 0
0 0
0 0
0 0
0 0
0 0
0 0
0 0
0 0
0 0
0 0
0 0
0 0
0 0
0 0
0 0
0 0
0 0
0 0
0 0
0 0
0 0
0 0
0 0
0 0
0 0
0 0
0 0
0 0
0 0
0 0
0 0
0 0
0 0
0 0
0 0
0 0
0 0
0 0
0 0
0 0
0 0
0 0
0 0
0 0
0 0
0 0
0 0
0 0
0 0
0 0
0 0
0 0
0 0
0 0
0 0
0 0
0 0
0 0
0 0
0 0
0 0
0 0
0 0
0 0
0.144846 0
0.0595981 0
2.0206e-06 0
-0.0595977 0
-0.144848 0
-7.34135e-07 0
8.25061e-07 0
0.188766 0
0.037009 0
-0.0518412 0
0.0977558 0
0.141972 0
-0.0424416 0
-0.0138397 0
0.0459871 0
-0.0582884 0
-0.0652937 0
-0.268967 0
-0.0192912 0
0.0375176 0
0.109291 0
0.111412 0
-0.0642495 0
-0.18469 0
-0.0293873 0
0.212132 0
-0.0315847 0
0.0226379 0
-0.0196805 0
-0.124447 0
0.0661076 0
0.101381 0
0.0336345 0
0.0369547 0
-0.0286701 0
-0.085696 0
-0.0434844 0
-0.027591 0
0.0186877 0
0.139765 0
0.033039 0
-0.0285311 0
0.0518411 0
-0.0370096 0
-0.188765 0
-0.0977564 0
-1.70899e-06 0
-5.49588e-07 0
0.0719463 0
0.00807484 0
-0.0443647 0
-0.0219187 0
-0.0694403 0
0.0368382 0
0.0555329 0
0.0365826 0
0.0987188 0
-0.0309797 0
-0.111545 0
-0.0151885 0
0.00747299 0
0.0138373 0
0.0424412 0
-0.141971 0
-0.0459856 0
-0.0719465 0
-0.0080754 0
-1.27317e-06 0
-3.67246e-07 0
0.038914 0
0.0520206 0
0.139768 0
0.0186123 0
-0.0296181 0
-0.0765835 0
-0.0921305 0
0.0390089 0
0.0533523 0
0.268968 0
0.0652944 0
0.0582932 0
0.0192922 0
0.0443655 0
0.0219188 0
-0.038914 0
-0.05202 0
3.85087e-07 0
-3.37356e-07 0
-0.0463655 0
-0.0544528 0
-0.138948 0
0.0305503 0
0.169324 0
-0.111415 0
-0.109293 0
-0.0375197 0
0.0642489 0
0.0694398 0
-0.036838 0
-0.139766 0
-0.018612 0
0.0463639 0
0.054452 0
1.39356e-07 0
8.7796e-07 0
0.0715804 0
-0.212133 0
0.0293889 0
0.18469 0
0.031584 0
-0.0555331 0
-0.0365824 0
0.0296193 0
0.0765838 0
0.138946 0
-0.0305509 0
-0.0715777 0
0.124452 0
0.0196811 0
-0.0226405 0
-0.0661092 0
-0.0987187 0
0.0309811 0
0.0921317 0
-0.0390097 0
-0.169327 0
-0.0369556 0
-0.0336355 0
-0.101384 0
0.0286705 0
0.111549 0
0.0151891 0
-0.0533528 0
0.0275917 0
0.0434856 0
0.0856968 0
-0.0186888 0
-0.00747406 0
0.0285336 0
-0.0330393 0
-0.139769 0
0 0
0 0
0 0
0 0
0 0
0 0
0 0
0 0
0 0
0 0
0 0
0 0
0 0
0 0
0 0
0 0
0 0
0 0
0 0
0 0
0 0
0 0
0 0
0 0
0 0
0 0
0 0
0 0
0 0
0 0
0 0
0 0
0 0
0 0
0 0
0 0
0 0
0 0
0 0
0 0
0 0
0 0
0 0
0 0
0 0
0 0
0 0
0 0
0 0
0 0
0 0
0 0
0 0
0 0
0 0
0 0
0 0
0 0
0 0
0 0
0 0
0 0
0 0
0 0
0 0
0 0
0 0
0 0
0 0
0 0
0 0
0 0
0 0
0 0
0 0
0 0
0 0
0 0
0 0
0 0
0 0
0 0
0 0
0 0
0 0
0 0
0 0
0 0
0 0
0 0
0 0
0 0
0 0
0 0
0 0
0 0
0 0
0 0
0 0
0 0
0 0
0 0
0 0
0 0
0 0
0 0
0 0
0 0
0 0
0 0
0 0
0 0
0 0
0 0
0 0
0 0
0 0
0 0
0 0
0 0
0 0
0 0
0 0
0 0
0 0
0 0
0 0
0 0
0 0
0 0
0 0
0 0
0 0
0 0
0 0
0 0
0 0
0 0
0 0
0 0
0 0
0 0
0 0
0 0
0 0
0 0
0 0
0 0
0 0
0 0
0 0
0 0
0 0
0 0
0 0
0 0
0 0
0 0
0 0
0 0
0 0
0 0
0 0
0 0
0 0
0 0
0 0
0 0
0 0
0 0
0 0
0 0
0 0
0 0
0 0
0 0
0 0
0 0
0 0
0 0
0 0
0 0
0 0
0 0
0 0
0 0
0 0
0 0
0 0
0 0
0 0
0 0
0 0
0 0
0 0
0 0
0 0
0 0
0 0
0 0
0 0
0 0
0 0
0 0
0 0
0 0
0 0
0 0
0 0
0 0
0 0
0 0
0 0
0 0
0 0
0 0
0 0
0 0
0 0
0 0
0 0
0 0
0 0
0 0
0 0
0 0
0 0
0 0
0 0
0 0
0 0
0 0
0 0
0 0
0 0
0 0
0 0
0 0
0 0
0 0
0 0
0 0
0 0
0 0
0 0
0 0
0 0
0 0
0 0
0 0
0 0
0 0
0 0
0 0
0 0
0 0
0 0
0 0
0 0
0 0
0 0
0 0
0 0
0 0
0 0
0 0
0 0
0 0
0 0
0 0
0 0
0 0
0 0
0 0
0 0
0 0
0 0
0 0
0 0
0 0
0 0
0 0
0.0696499 0
0.232139 0
1.09489e-07 0
-0.232138 0
-0.0696503 0
-9.32975e-07 0
-2.64459e-07 0
0.00794447 0
-0.041081 0
-0.0805663 0
0.0669092 0
0.03998 0
0.197691 0
0.045024 0
-0.133914 0
-0.0781916 0
-0.0462416 0
0.0439149 0
-0.0812334 0
0.00538739 0
0.0634781 0
0.00500438 0
0.0354634 0
-0.019363 0
0.0396782 0
0.0297637 0
-0.13895 0
0.0205866 0
0.010392 0
0.0146074 0
0.197047 0
0.0491783 0
-0.109094 0
-0.0287087 0
0.0702349 0
-0.0293084 0
-0.196502 0
-0.0892243 0
0.0307928 0
0.0689873 0
0.200692 0
0.00126281 0
0.0805668 0
0.041082 0
-0.00794477 0
-0.0669106 0
-3.29811e-07 0
3.43727e-07 0
-0.0572727 0
-0.0556063 0
0.0159948 0
0.189952 0
0.0385069 0
-0.0952138 0
-0.0981529 0
-0.0894228 0
0.0682912 0
0.118632 0
0.0274698 0
-0.0974606 0
-0.0198582 0
-0.0450235 0
-0.19769 0
-0.0399801 0
0.133915 0
0.0572733 0
0.0556071 0
1.11343e-07 0
-3.40391e-07 0
0.0864688 0
0.0989785 0
-0.0112049 0
-0.041244 0
-0.0358441 0
0.00918208 0
-0.0102477 0
-0.161248 0
-0.0750118 0
-0.0439148 0
0.0462413 0
0.0781914 0
0.0812326 0
-0.0159951 0
-0.189953 0
-0.0864691 0
-0.0989782 0
1.92553e-07 0
3.38577e-07 0
0.0159312 0
0.0942189 0
0.0528494 0
0.0713132 0
-0.025696 0
-0.00500449 0
-0.0634782 0
-0.00538753 0
-0.0354629 0
-0.0385068 0
0.0952143 0
0.0112052 0
0.041244 0
-0.0159312 0
-0.0942193 0
-7.69506e-08 0
1.45556e-07 0
0.0205892 0
-0.0297635 0
-0.0396774 0
0.0193635 0
0.13895 0
0.098153 0
0.0894224 0
0.0358438 0
-0.00918271 0
-0.0528496 0
-0.0713129 0
-0.020589 0
-0.0146075 0
-0.0103932 0
-0.020587 0
-0.197047 0
-0.0682913 0
-0.118632 0
0.0102478 0
0.161248 0
0.0256962 0
0.0287085 0
0.109094 0
-0.049178 0
-0.0702341 0
-0.0274696 0
0.0974603 0
0.0750118 0
0.0892246 0
0.196503 0
0.0293084 0
-0.030794 0
0.0198577 0
-0.00126262 0
-0.200692 0
-0.0689876 0
0 0
0 0
0 0
0 0
0 0
0 0
0 0
0 0
0 0
0 0
0 0
0 0
0 0
0 0
0 0
0 0
0 0
0 0
0 0
0 0
0 0
0 0
0 0
0 0
0 0
0 0
0 0
0 0
0 0
0 0
0 0
0 0
0 0
0 0
0 0
0 0
0 0
0 0
0 0
0 0
0 0
0 0
0 0
0 0
0 0
0 0
0 0
0 0
0 0
0 0
0 0
0 0
0 0
0 0
0 0
0 0
0 0
0 0
0 0
0 0
0 0
0 0
0 0
0 0
0 0
0 0
0 0
0 0
0 0
0 0
0 0
0 0
0 0
0 0
0 0
0 0
0 0
0 0
0 0
0 0
0 0
0 0
0 0
0 0
0 0
0 0
0 0
0 0
0 0
0 0
0 0
0 0
0 0
0 0
0 0
0 0
0 0
0 0
0 0
0 0
0 0
0 0
0 0
0 0
0 0
0 0
0 0
0 0
0 0
0 0
0 0
0 0
0 0
0 0
0 0
0 0
0 0
0 0
0 0
0 0
0 0
0 0
0 0
0 0
0 0
0 0
0 0
0 0
0 0
0 0
0 0
0 0
0 0
0 0
0 0
0 0
0 0
0 0
0 0
0 0
0 0
-0.0477119 0
0.087509 0
0.044554 0
0.0875105 0
-0.0477115 0
-0.246272 0
-0.0278338 0
-0.0318803 0
0.113317 0
0.0593137 0
-0.188956 0
-0.016893 0
0.053667 0
0.0480809 0
0.0801604 0
-0.00203536 0
-0.0415453 0
0.00352035 0
-0.0454082 0
-0.00271298 0
-0.0532327 0
-0.0275605 0
0.0897381 0
0.0758386 0
0.042457 0
-0.00311393 0
0.117312 0
-0.00851516 0
-0.200548 0
-0.046194 0
0.0549533 0
0.0125578 0
-0.0375631 0
-0.0693663 0
0.0229356 0
-0.0210105 0
0.151566 0
0.0333375 0
-0.242831 0
-0.0412882 0
0.104513 0
0.0773085 0
0.0593132 0
0.113316 0
-0.0318803 0
-0.188955 0
-0.0855491 0
0.0901215 0
0.0756528 0
0.0796516 0
-0.0267624 0
-0.122966 0
-0.0115344 0
-0.00571096 0
0.0138795 0
-0.0659187 0
0.034163 0
0.123967 0
0.0237882 0
-0.0678748 0
-0.0926981 0
0.0480812 0
0.0536682 0
-0.0168927 0
0.0801596 0
0.0756525 0
0.0796513 0
0.00980747 0
-0.126007 0
-0.052298 0
0.0745047 0
-0.00656396 0
-0.0907141 0
-0.0961228 0
-0.168633 0
0.0307393 0
0.144789 0
0.022336 0
0.00352058 0
-0.0415458 0
-0.00203589 0
-0.0454087 0
-0.0267624 0
-0.122965 0
-0.0522976 0
0.074505 0
0.115114 0
0.243377 0
0.0347336 0
-0.0373521 0
-0.0578133 0
0.0151725 0
0.0457744 0
-0.0275605 0
-0.0532322 0
-0.00271287 0
0.0897385 0
-0.0115341 0
-0.00571139 0
-0.0065641 0
-0.0907145 0
0.0347335 0
-0.037352 0
-0.00398629 0
0.0613057 0
0.0221148 0
-0.00311375 0
0.0424572 0
0.0758384 0
0.117311 0
0.013879 0
-0.0659189 0
-0.0961228 0
-0.168633 0
-0.0578132 0
0.0151725 0
0.0221148 0
-0.0461939 0
-0.200548 0
-0.0085152 0
0.0549541 0
0.0341634 0
0.123968 0
0.0307395 0
0.144789 0
0.0457743 0
-0.0693664 0
-0.0375633 0
0.012558 0
0.0229356 0
0.0237882 0
-0.0678757 0
0.0223356 0
0.0333372 0
0.151565 0
-0.0210107 0
-0.242831 0
-0.0926983 0
0.0773085 0
0.104514 0
-0.0412878 0
0.106032 0
-0.0207861 0
-0.224409 0
-0.0207863 0
0.106032 0
0.0627027 0
-0.0953097 0
-0.047166 0
0.0418131 0
0.0501125 0
0.0205845 0
0.00151679 0
0.00916701 0
0.135442 0
-0.0286937 0
-0.103905 0
-0.0501793 0
-0.106687 0
0.011745 0
0.118873 0
0.0674216 0
0.0455219 0
0.000503268 0
-0.145971 0
-0.0467788 0
0.0572566 0
-0.0503388 0
-0.0172411 0
0.0222206 0
-0.0649425 0
0.0170925 0
-0.0828264 0
0.033824 0
0.155049 0
-0.107645 0
-0.29458 0
-0.0206668 0
0.0385996 0
-0.0507271 0
0.101856 0
0.0867802 0
0.188911 0
0.0501126 0
0.041813 0
-0.0471669 0
0.020584 0
0.11496 0
0.0373001 0
0.00574587 0
-0.00438164 0
0.0244985 0
0.0105387 0
0.0287862 0
0.00894309 0
-0.00574304 0
0.0371619 0
0.157382 0
0.0575304 0
0.0192254 0
0.0627029 0
0.0264881 0
0.135442 0
0.0091672 0
0.00151605 0
-0.0286939 0
0.00574567 0
-0.00438155 0
-0.0451395 0
-0.0234329 0
-0.0174464 0
-0.000319742 0
0.00736732 0
-0.0030773 0
-0.0256313 0
-0.0521805 0
0.0173734 0
0.00729734 0
0.162663 0
-0.106686 0
-0.0501791 0
-0.103905 0
0.0117451 0
0.024499 0
0.0105389 0
-0.0174465 0
-0.000320015 0
0.00898596 0
0.00717335 0
0.00776779 0
0.00178317 0
-0.168527 0
-0.0687607 0
-0.155733 0
0.0455215 0
0.0674212 0
0.118873 0
0.00050342 0
0.0287863 0
0.00894289 0
0.00736655 0
-0.0030774 0
0.00776781 0
0.00178329 0
0.166799 0
0.108141 0
0.0958925 0
0.0572559 0
-0.0467786 0
-0.14597 0
-0.0503387 0
-0.0057431 0
0.0371619 0
-0.0256309 0
-0.0521802 0
-0.168526 0
-0.0687608 0
0.0958922 0
-0.0649418 0
0.0222206 0
-0.0172412 0
0.0170922 0
0.157381 0
0.0575304 0
0.0173738 0
0.00729727 0
-0.155733 0
0.155049 0
0.0338238 0
-0.0828269 0
-0.107645 0
0.0192253 0
0.0627028 0
0.162663 0
0.0385999 0
-0.0206665 0
-0.294579 0
-0.050727 0
0.0264881 0
0.188911 0
0.08678 0
0.101855 0
0 0
0 0
0 0
0 0
0 0
0 0
0 0
0 0
0 0
0 0
0 0
0 0
0 0
0 0
0 0
0 0
0 0
0 0
0 0
0 0
0 0
0 0
0 0
0 0
0 0
0 0
0 0
0 0
0 0
0 0
0 0
0 0
0 0
0 0
0 0
0 0
0 0
0 0
0 0
0 0
0 0
0 0
0 0
0 0
0 0
0 0
0 0
0 0
0 0
0 0
0 0
0 0
0 0
0 0
0 0
0 0
0 0
0 0
0 0
0 0
0 0
0 0
0 0
0 0
0 0
0 0
0 0
0 0
0 0
0 0
0 0
0 0
0 0
0 0
0 0
0 0
0 0
0 0
0 0
0 0
0 0
0 0
0 0
0 0
0 0
0 0
0 0
0 0
0 0
0 0
0 0
0 0
0 0
0 0
0 0
0 0
0 0
0 0
0 0
0 0
0 0
0 0
0 0
0 0
0 0
0 0
0 0
0 0
0 0
0 0
0 0
0 0
0 0
0 0
0 0
0 0
0 0
0 0
0 0
0 0
0 0
0 0
0 0
0 0
0 0
0 0
0 0
0 0
0 0
0 0
0 0
0 0
0 0
0 0
0 0
0 0
0 0
0 0
0 0
0 0
0 0
0 0
0 0
0 0
0 0
0 0
0 0
0 0
0 0
0 0
0 0
0 0
0 0
0 0
0 0
0 0
0 0
0 0
0 0
0 0
0 0
0 0
0 0
0 0
0 0
0 0
0 0
0 0
0 0
0 0
0 0
0 0
0 0
0 0
0 0
0 0
0 0
0 0
0 0
0 0
0 0
0 0
0 0
0 0
0 0
0 0
0 0
0 0
0 0
0 0
0 0
0 0
0 0
0 0
0 0
0 0
0 0
0 0
0 0
0 0
0 0
0 0
0 0
0 0
0 0
0 0
0 0
0 0
0 0
0 0
0 0
0 0
0 0
0 0
0 0
0 0
0 0
0 0
0 0
0 0
0 0
0 0
0 0
0 0
0 0
0 0
0 0
0 0
0 0
0 0
0 0
0 0
0 0
0 0
0 0
0 0
0 0
0 0
0 0
0 0
0 0
0 0
0 0
0 0
0 0
0 0
0 0
0 0
0 0
0 0
0 0
0 0
0 0
0 0
0 0
0 0
0 0
0 0
0 0
0 0
0 0
0 0
0 0
0 0
0 0
0 0
0 0
0 0
0 0
0 0
0 0
0 0
0 0
0 0
0 0
0 0
0 0
0 0
0 0
0 0
0 0
0 0
0.0181157 0
-0.052769 0
-0.0868876 0
-0.0527729 0
0.0181145 0
0.111896 0
-0.17596 0
-0.0116626 0
0.179909 0
0.0382691 0
-0.0410588 0
-0.02197 0
0.0990631 0
0.0818272 0
-0.128302 0
-0.0922237 0
-0.106156 0
-0.00209868 0
-0.0674692 0
0.0431983 0
0.22245 0
0.0344553 0
-0.0159743 0
-0.0783408 0
-0.0604258 0
0.0476995 0
-0.17635 0
-0.0361684 0
0.0494449 0
-0.00326944 0
0.00907703 0
0.0233331 0
0.175871 0
0.0668795 0
-0.111506 0
-0.100273 0
-0.147417 0
0.00847845 0
-0.0607984 0
0.0401976 0
0.192903 0
0.0140012 0
0.0382702 0
0.179909 0
-0.0116645 0
-0.0410647 0
0.00706012 0
0.105424 0
0.0315737 0
0.125176 0
0.00650232 0
-0.036565 0
0.025196 0
0.135993 0
0.00367161 0
0.0522082 0
0.0185679 0
-0.00105033 0
0.00948546 0
0.143464 0
0.0251408 0
0.0818278 0
0.0990654 0
-0.0219718 0
-0.128304 0
0.0315737 0
0.125179 0
0.0461984 0
-0.0964579 0
-0.0563088 0
-0.0512399 0
0.0629343 0
0.121408 0
0.0125156 0
-0.132063 0
-0.0287379 0
0.0413393 0
0.0546784 0
-0.00209611 0
-0.10615 0
-0.0922234 0
-0.0674722 0
0.00650395 0
-0.0365592 0
-0.0563062 0
-0.051237 0
-0.0420492 0
-0.0381769 0
0.00776393 0
-0.0579508 0
-0.0718467 0
-0.0425409 0
-0.000350228 0
0.034456 0
0.222446 0
0.0431945 0
-0.0159798 0
0.0251956 0
0.135991 0
0.0629336 0
0.121405 0
0.00776257 0
-0.0579519 0
0.0257813 0
0.200915 0
0.0466553 0
0.0477004 0
-0.0604189 0
-0.07834 0
-0.176349 0
0.00367153 0
0.0522086 0
0.0125153 0
-0.132061 0
-0.071846 0
-0.0425399 0
0.0466556 0
-0.00326726 0
0.0494454 0
-0.0361685 0
0.00907525 0
0.0185685 0
-0.00104696 0
-0.0287369 0
0.0413371 0
-0.000350569 0
0.0668777 0
0.175864 0
0.0233314 0
-0.111503 0
0.00948606 0
0.14346 0
0.0546763 0
0.00847831 0
-0.147411 0
-0.10027 0
-0.0607985 0
0.0251393 0
0.0140015 0
0.192898 0
0.0401961 0
0 0
0 0
0 0
0 0
0 0
0 0
0 0
0 0
0 0
0 0
0 0
0 0
0 0
0 0
0 0
0 0
0 0
0 0
0 0
0 0
0 0
0 0
0 0
0 0
0 0
0 0
0 0
0 0
0 0
0 0
0 0
0 0
0 0
0 0
0 0
0 0
0 0
0 0
0 0
0 0
0 0
0 0
0 0
0 0
0 0
0 0
0 0
0 0
0 0
0 0
0 0
0 0
0 0
0 0
0 0
0 0
0 0
0 0
0 0
0 0
0 0
0 0
0 0
0 0
0 0
0 0
0 0
0 0
0 0
0 0
0 0
0 0
0 0
0 0
0 0
0 0
0 0
0 0
0 0
0 0
0 0
0 0
0 0
0 0
0 0
0 0
0 0
0 0
0 0
0 0
0 0
0 0
0 0
0 0
0 0
0 0
0 0
0 0
0 0
0 0
0 0
0 0
0 0
0 0
0 0
0 0
0 0
0 0
0 0
0 0
0 0
0 0
0 0
0 0
0 0
0 0
0 0
0 0
0 0
0 0
0 0
0 0
0 0
0 0
0 0
0 0
0 0
0 0
0 0
0 0
0 0
0 0
0 0
0 0
0 0
0 0
0 0
0 0
0 0
0 0
0 0
-0.0480786 0
-0.156686 0
-1.71161e-06 0
0.156683 0
0.0480795 0
2.63732e-06 0
-3.01454e-06 0
-0.063146 0
-0.0183192 0
0.0417111 0
-0.182294 0
-0.0539265 0
0.054012 0
0.0104846 0
-0.0439997 0
0.0142966 0
0.197959 0
0.0746655 0
-0.107225 0
-0.124126 0
-0.12484 0
0.0216954 0
-0.166739 0
0.0331811 0
0.235755 0
0.032701 0
0.0378707 0
-0.0106405 0
-0.016917 0
0.065253 0
-0.0555653 0
-0.0413103 0
-0.198102 0
-0.0639174 0
0.123847 0
0.0883393 0
0.181496 0
-0.00495564 0
-0.0241108 0
-0.0512965 0
-0.144215 0
0.011493 0
-0.0417099 0
0.0183256 0
0.0631458 0
0.182293 0
1.26846e-07 0
1.39789e-06 0
0.0115146 0
0.0812486 0
0.0427816 0
0.164868 0
-0.012049 0
-0.0379784 0
0.00107359 0
0.00356759 0
0.0171343 0
0.107497 0
0.0272767 0
-0.142599 0
-0.0507773 0
-0.0104818 0
-0.0540089 0
0.0539257 0
0.0439952 0
-0.0115138 0
-0.0812442 0
8.03051e-07 0
-1.63732e-06 0
0.0794159 0
0.0946168 0
-0.0144734 0
-0.103979 0
-0.0158506 0
0.0478631 0
0.0251167 0
-0.0752751 0
-0.0645579 0
-0.0746657 0
-0.197963 0
-0.0142995 0
0.107224 0
-0.0427811 0
-0.16487 0
-0.0794179 0
-0.0946182 0
-4.67657e-07 0
-1.62443e-07 0
-0.0404275 0
-0.0274591 0
0.022415 0
0.0520381 0
-0.00678273 0
-0.0216944 0
0.124847 0
0.124127 0
0.166738 0
0.0120494 0
0.0379822 0
0.0144753 0
0.103983 0
0.0404279 0
0.0274567 0
1.80948e-07 0
3.03437e-06 0
0.0153532 0
-0.0326996 0
-0.235758 0
-0.0331837 0
-0.0378757 0
-0.00107339 0
-0.00356572 0
0.015851 0
-0.0478675 0
-0.0224173 0
-0.0520387 0
-0.0153516 0
-0.0652532 0
0.0169189 0
0.0106398 0
0.0555661 0
-0.0171336 0
-0.107497 0
-0.0251177 0
0.075277 0
0.00678308 0
0.0639193 0
0.198107 0
0.0413109 0
-0.123851 0
-0.0272767 0
0.142603 0
0.0645596 0
0.00495585 0
-0.1815 0
-0.0883422 0
0.0241094 0
0.0507782 0
-0.0114926 0
0.14422 0
0.0512977 0
0.186474 0
0.0589609 0
-4.22177e-07 0
-0.058961 0
-0.186474 0
1.5975e-07 0
-6.91714e-08 0
0.0675364 0
0.0581113 0
-0.00249572 0
-0.0163289 0
-0.121226 0
-0.021639 0
0.122691 0
-0.0369823 0
0.0416611 0
-0.000100078 0
-0.0712085 0
0.060701 0
0.0842978 0
0.00885739 0
0.0292262 0
-0.0197317 0
-0.00365751 0
-0.0328064 0
-0.0851058 0
0.0504067 0
0.252421 0
0.0279019 0
-0.0164017 0
0.0631424 0
0.0149984 0
-0.0693289 0
-0.146731 0
0.0152721 0
-0.0233911 0
0.0457902 0
-0.0899344 0
-0.073428 0
-0.179235 0
0.0241683 0
0.258302 0
0.00249553 0
-0.0581113 0
-0.0675362 0
0.0163291 0
1.24259e-07 0
-7.60037e-08 0
-0.0420672 0
0.00938003 0
0.0732117 0
-0.0223753 0
-0.145284 0
-0.047262 0
-0.0835691 0
-0.058141 0
-0.0606874 0
-0.0433042 0
0.0580012 0
0.061421 0
-0.0321912 0
-0.122691 0
0.021639 0
0.121226 0
0.0369821 0
0.0420669 0
-0.00937986 0
2.52391e-07 0
-1.30831e-08 0
-0.00224666 0
0.0208514 0
0.071882 0
0.0748346 0
-0.0482854 0
-0.0469628 0
-0.1399 0
-0.000504938 0
0.173446 0
0.0712083 0
9.99721e-05 0
-0.0416616 0
-0.0607009 0
-0.0732112 0
0.0223754 0
0.00224636 0
-0.0208517 0
-4.52087e-07 0
-3.95268e-08 0
0.225732 0
0.0781535 0
0.0327942 0
-0.0105983 0
-0.0351877 0
-0.0292258 0
-0.00885717 0
-0.0842975 0
0.0197315 0
0.145285 0
0.0472621 0
-0.0718816 0
-0.0748342 0
-0.225732 0
-0.0781537 0
-5.49606e-07 0
-1.18433e-07 0
-0.0319667 0
0.0851058 0
0.0328062 0
0.00365666 0
-0.0504069 0
0.0835691 0
0.058141 0
0.0482861 0
0.0469628 0
-0.0327941 0
0.0105986 0
0.0319669 0
0.0164019 0
-0.0279017 0
-0.25242 0
-0.0631424 0
0.0606869 0
0.0433039 0
0.139899 0
0.000504859 0
0.0351884 0
0.146731 0
0.0693287 0
-0.0149983 0
-0.0152719 0
-0.0580011 0
-0.0614208 0
-0.173446 0
0.0899334 0
-0.0457902 0
0.0233917 0
0.0734281 0
0.0321917 0
-0.258301 0
-0.0241685 0
0.179234 0
0 0
0 0
0 0
0 0
0 0
0 0
0 0
0 0
0 0
0 0
0 0
0 0
0 0
0 0
0 0
0 0
0 0
0 0
0 0
0 0
0 0
0 0
0 0
0 0
0 0
0 0
0 0
0 0
0 0
0 0
0 0
0 0
0 0
0 0
0 0
0 0
0 0
0 0
0 0
0 0
0 0
0 0
0 0
0 0
0 0
0 0
0 0
0 0
0 0
0 0
0 0
0 0
0 0
0 0
0 0
0 0
0 0
0 0
0 0
0 0
0 0
0 0
0 0
0 0
0 0
0 0
0 0
0 0
0 0
0 0
0 0
0 0
0 0
0 0
0 0
0 0
0 0
0 0
0 0
0 0
0 0
0 0
0 0
0 0
0 0
0 0
0 0
0 0
0 0
0 0
0 0
0 0
0 0
0 0
0 0
0 0
0 0
0 0
0 0
0 0
0 0
0 0
0 0
0 0
0 0
0 0
0 0
0 0
0 0
0 0
0 0
0 0
0 0
0 0
0 0
0 0
0 0
0 0
0 0
0 0
0 0
0 0
0 0
0 0
0 0
0 0
0 0
0 0
0 0
0 0
0 0
0 0
0 0
0 0
0 0
0 0
0 0
0 0
0 0
0 0
0 0
0 0
0 0
0 0
0 0
0 0
0 0
0 0
0 0
0 0
0 0
0 0
0 0
0 0
0 0
0 0
0 0
0 0
0 0
0 0
0 0
0 0
0 0
0 0
0 0
0 0
0 0
0 0
0 0
0 0
0 0
0 0
0 0
0 0
0 0
0 0
0 0
0 0
0 0
0 0
0 0
0 0
0 0
0 0
0 0
0 0
0 0
0 0
0 0
0 0
0 0
0 0
0 0
0 0
0 0
0 0
0 0
0 0
0 0
0 0
0 0
0 0
0 0
0 0
0 0
0 0
0 0
0 0
0 0
0 0
0 0
0 0
0 0
0 0
0 0
0 0
0 0
0 0
0 0
0 0
0 0
0 0
0 0
0 0
0 0
0 0
0 0
0 0
0 0
0 0
0 0
0 0
0 0
0 0
0 0
0 0
0 0
0 0
0 0
0 0
0 0
0 0
0 0
0 0
0 0
0 0
0 0
0 0
0 0
0 0
0 0
0 0
0 0
0 0
0 0
0 0
0 0
0 0
0 0
0 0
0 0
0 0
0 0
0 0
0 0
0 0
0 0
0 0
0 0
0 0
0 0
0 0
0 0
0 0
0 0
0 0
0 0
0 0
0 0
0 0
0 0
0 0
0.013814 0
-0.0464955 0
-0.0743293 0
-0.0464961 0
0.0138138 0
0.0912901 0
-0.146252 0
-0.00709205 0
0.160787 0
0.034623 0
-0.0369519 0
0.00241181 0
0.0627533 0
0.0659774 0
-0.0181353 0
-0.0272511 0
-0.174013 0
-0.0331281 0
0.103509 0
0.0693535 0
0.0597187 0
-0.0340764 0
0.0584758 0
0.0075909 0
-0.0694668 0
-0.00288778 0
0.0353209 0
0.0436796 0
-0.0714377 0
-0.0422185 0
0.177491 0
0.0652375 0
-0.0611292 0
-0.0395978 0
0.0875956 0
0.0540206 0
-0.134457 0
-0.05865 0
0.217964 0
0.0451815 0
-0.0704355 0
-0.0634818 0
0.0346232 0
0.160787 0
-0.00709225 0
-0.0369525 0
-0.0184529 0
0.0133939 0
0.0135445 0
0.0483394 0
0.020946 0
-0.0841856 0
-0.0417707 0
-0.111759 0
-0.029818 0
-0.0191747 0
-0.000576002 0
-0.160173 0
-0.0681202 0
-0.147948 0
0.0214314 0
0.0659773 0
0.0627532 0
0.00241166 0
-0.0181351 0
0.0135447 0
0.0483398 0
-0.00296853 0
-0.106505 0
-0.0340571 0
0.0799641 0
-0.00149045 0
0.0269436 0
0.0180349 0
0.0517286 0
-0.0323092 0
0.00594902 0
-0.0422783 0
-0.033128 0
-0.174013 0
-0.027251 0
0.103509 0
0.0209461 0
-0.0841854 0
-0.0340568 0
0.0799647 0
0.0891382 0
0.136352 0
0.00135305 0
-0.158918 0
0.0476769 0
0.260502 0
0.0781444 0
-0.0340763 0
0.0597185 0
0.0693531 0
0.058475 0
-0.0417709 0
-0.111759 0
-0.00149026 0
0.0269435 0
0.00135308 0
-0.158918 0
-0.150703 0
-0.175912 0
0.0250756 0
-0.00288755 0
-0.0694658 0
0.00759101 0
0.0353211 0
-0.029818 0
-0.0191749 0
0.0180346 0
0.051728 0
0.047677 0
0.260503 0
0.0250758 0
-0.0422184 0
-0.071438 0
0.0436796 0
0.177491 0
-0.000575871 0
-0.160172 0
-0.0323095 0
0.00594848 0
0.0781444 0
-0.0395982 0
-0.0611302 0
0.0652375 0
0.0875964 0
-0.0681199 0
-0.147949 0
-0.0422785 0
-0.0586502 0
-0.134457 0
0.0540208 0
0.217963 0
0.0214311 0
-0.0634816 0
-0.0704355 0
0.0451813 0
0.146733 0
-0.0435985 0
-0.109866 0
-0.0436139 0
0.146684 0
0.0890151 0
0.0296243 0
0.103189 0
-0.0152366 0
-0.176309 0
0.0487631 0
0.124377 0
0.0222107 0
0.0239991 0
0.00509473 0
0.0863355 0
-0.0451856 0
-0.0769379 0
0.0884605 0
0.106142 0
2.06916e-05 0
-0.154163 0
-0.0264507 0
0.0549439 0
0.0131904 0
0.0480872 0
0.0449121 0
0.0509799 0
-0.0309759 0
-0.0608356 0
0.0142918 0
-0.0500297 0
0.00642468 0
-0.0890626 0
-0.0506895 0
0.0149298 0
0.0342807 0
0.159591 0
0.0242018 0
-0.102813 0
-0.0517724 0
-0.066214 0
-0.176309 0
-0.015252 0
0.103207 0
0.04879 0
-0.067557 0
-0.137869 0
-0.19399 0
0.00678193 0
0.0971863 0
-0.0325628 0
-0.247567 0
-0.0916206 0
0.0409634 0
0.073393 0
0.0457464 0
-0.0591172 0
-0.129217 0
0.036284 0
0.165118 0
0.0239311 0
0.0222064 0
0.124447 0
0.00511462 0
-0.194016 0
0.00674551 0
0.119277 0
0.0613139 0
0.0424402 0
-0.00024805 0
-0.0970861 0
0.0271132 0
0.155852 0
-0.00384564 0
-0.110788 0
-0.00818134 0
0.081566 0
-0.0769536 0
-0.0451859 0
0.0863566 0
0.0884527 0
0.097091 0
-0.0325802 0
0.0424323 0
-0.00023603 0
0.0538192 0
0.0349976 0
0.0313873 0
-0.0410478 0
-0.0577624 0
0.00900818 0
0.00267698 0
-0.15417 0
1.91718e-05 0
0.106191 0
-0.0264129 0
-0.247521 0
-0.0916133 0
-0.0970381 0
0.0271259 0
0.0314277 0
-0.0410333 0
-0.109134 0
0.018356 0
0.0842303 0
0.0480399 0
0.0131789 0
0.054973 0
0.0449024 0
0.040894 0
0.0733501 0
0.155805 0
-0.00384409 0
-0.057755 0
0.00899676 0
0.0841951 0
-0.0608541 0
-0.0309698 0
0.0509887 0
0.0143002 0
0.0457203 0
-0.0590991 0
-0.110744 0
-0.00817274 0
0.00266784 0
-0.0890336 0
0.00642665 0
-0.0499846 0
-0.050673 0
-0.129175 0
0.036273 0
0.081559 0
0.159523 0
0.0342616 0
0.0148967 0
0.0241871 0
0.165047 0
-0.0661735 0
-0.0517426 0
-0.102757 0
0 0
0 0
0 0
0 0
0 0
0 0
0 0
0 0
0 0
0 0
0 0
0 0
0 0
0 0
0 0
0 0
0 0
0 0
0 0
0 0
0 0
0 0
0 0
0 0
0 0
0 0
0 0
0 0
0 0
0 0
0 0
0 0
0 0
0 0
0 0
0 0
0 0
0 0
0 0
0 0
0 0
0 0
0 0
0 0
0 0
0 0
0 0
0 0
0 0
0 0
0 0
0 0
0 0
0 0
0 0
0 0
0 0
0 0
0 0
0 0
0 0
0 0
0 0
0 0
0 0
0 0
0 0
0 0
0 0
0 0
0 0
0 0
0 0
0 0
0 0
0 0
0 0
0 0
0 0
0 0
0 0
0 0
0 0
0 0
0 0
0 0
0 0
0 0
0 0
0 0
0 0
0 0
0 0
0 0
0 0
0 0
0 0
0 0
0 0
0 0
0 0
0 0
0 0
0 0
0 0
0 0
0 0
0 0
0 0
0 0
0 0
0 0
0 0
0 0
0 0
0 0
0 0
0 0
0 0
0 0
0 0
0 0
0 0
0 0
0 0
0 0
0 0
0 0
0 0
0 0
0 0
0 0
0 0
0 0
0 0
0 0
0 0
0 0
0 0
0 0
0 0
0.126594 0
0.0391571 0
2.12173e-05 0
-0.0391399 0
-0.126652 0
-1.74588e-05 0
-6.0113e-06 0
-0.0491779 0
0.0396275 0
0.00146218 0
-0.0697011 0
-0.179525 0
0.0112994 0
0.175456 0
-0.0513333 0
-0.054353 0
0.000753221 0
0.0404083 0
0.0201474 0
-0.124966 0
0.0040334 0
0.0163576 0
-0.0971691 0
-0.0744514 0
0.0293105 0
0.121521 0
0.0249947 0
-0.0224786 0
-0.0156787 0
0.046683 0
-0.0217548 0
-0.114959 0
-0.00476839 0
-0.0742673 0
-0.0423097 0
0.0845303 0
0.0490924 0
0.174014 0
0.037311 0
-0.145906 0
-0.076387 0
-0.103457 0
-0.00139231 0
-0.0396213 0
0.0491371 0
0.069682 0
1.30889e-05 0
2.68983e-05 0
0.0654065 0
0.0937638 0
0.245285 0
0.0441991 0
-0.118242 0
-0.0189349 0
0.178668 0
0.110267 0
0.0663638 0
-0.0470921 0
-0.106709 0
0.0287224 0
0.180432 0
-0.175466 0
-0.0113082 0
0.179477 0
0.0513316 0
-0.0653307 0
-0.0937668 0
-2.35603e-05 0
-1.17734e-05 0
0.0194543 0
-0.0311284 0
-0.123181 0
-0.032055 0
0.119358 0
-0.00422575 0
-0.114383 0
-0.0220951 0
0.0192545 0
-0.0403793 0
-0.00073581 0
0.0543199 0
-0.0201817 0
-0.245324 0
-0.0441865 0
-0.01947 0
0.0311288 0
-9.9809e-06 0
-6.86178e-06 0
-0.102751 0
-0.0368558 0
-0.0189282 0
0.0293287 0
0.0234457 0
-0.0162977 0
-0.00403329 0
0.124926 0
0.0971796 0
0.118338 0
0.0189702 0
0.123219 0
0.032044 0
0.102738 0
0.0368719 0
2.16186e-05 0
-3.55981e-06 0
0.0903622 0
-0.12154 0
-0.0293158 0
0.0744305 0
-0.025012 0
-0.178684 0
-0.110295 0
-0.119419 0
0.00422751 0
0.0189513 0
-0.0293324 0
-0.0903954 0
-0.0466601 0
0.0156906 0
0.0224591 0
0.0217494 0
-0.066381 0
0.0471154 0
0.114427 0
0.0220982 0
-0.0234474 0
0.0743021 0
0.004766 0
0.114978 0
0.0423289 0
0.106759 0
-0.0287365 0
-0.0192865 0
-0.174075 0
-0.0491058 0
-0.0845367 0
-0.0373202 0
-0.180495 0
0.103483 0
0.0764072 0
0.145946 0
0 0
0 0
0 0
0 0
0 0
0 0
0 0
0 0
0 0
0 0
0 0
0 0
0 0
0 0
0 0
0 0
0 0
0 0
0 0
0 0
0 0
0 0
0 0
0 0
0 0
0 0
0 0
0 0
0 0
0 0
0 0
0 0
0 0
0 0
0 0
0 0
0 0
0 0
0 0
0 0
0 0
0 0
0 0
0 0
0 0
0 0
0 0
0 0
0 0
0 0
0 0
0 0
0 0
0 0
0 0
0 0
0 0
0 0
0 0
0 0
0 0
0 0
0 0
0 0
0 0
0 0
0 0
0 0
0 0
0 0
0 0
0 0
0 0
0 0
0 0
0 0
0 0
0 0
0 0
0 0
0 0
0 0
0 0
0 0
0 0
0 0
0 0
0 0
0 0
0 0
0 0
0 0
0 0
0 0
0 0
0 0
0 0
0 0
0 0
0 0
0 0
0 0
0 0
0 0
0 0
0 0
0 0
0 0
0 0
0 0
0 0
0 0
0 0
0 0
0 0
0 0
0 0
0 0
0 0
0 0
0 0
0 0
0 0
0 0
0 0
0 0
0 0
0 0
0 0
0 0
0 0
0 0
0 0
0 0
0 0
0 0
0 0
0 0
0 0
0 0
0 0
0 0
0 0
0 0
0 0
0 0
0 0
0 0
0 0
0 0
0 0
0 0
0 0
0 0
0 0
0 0
0 0
0 0
0 0
0 0
0 0
0 0
0 0
0 0
0 0
0 0
0 0
0 0
0 0
0 0
0 0
0 0
0 0
0 0
0 0
0 0
0 0
0 0
0 0
0 0
0 0
0 0
0 0
0 0
0 0
0 0
0 0
0 0
0 0
0 0
0 0
0 0
0 0
0 0
0 0
0 0
0 0
0 0
0 0
0 0
0 0
0 0
0 0
0 0
0 0
0 0
0 0
0 0
0 0
0 0
0 0
0 0
0 0
0 0
0 0
0 0
0 0
0 0
0 0
0 0
0 0
0 0
0 0
0 0
0 0
0 0
0 0
0 0
0 0
0 0
0 0
0 0
0 0
0 0
0 0
0 0
0 0
0 0
0 0
0 0
0 0
0 0
0 0
0 0
0 0
0 0
0 0
0 0
0 0
0 0
0 0
0 0
0 0
0 0
0 0
0 0
0 0
0 0
0 0
0 0
0 0
0 0
0 0
0 0
0 0
0 0
0 0
0 0
0 0
0 0
0 0
0 0
0 0
0 0
0 0
0 0
0 0
0 0
0 0
0 0
0 0
0 0
-0.0371309 0
-0.120035 0
3.5906e-06 0
0.12005 0
0.0371267 0
-1.43888e-05 0
-3.63107e-06 0
0.0202275 0
-0.0260059 0
0.0285723 0
0.0897516 0
0.0351035 0
-0.189123 0
-0.0636749 0
0.210614 0
0.0141021 0
-0.0650086 0
-0.0758852 0
-0.0998705 0
-0.0235663 0
0.155707 0
0.0271188 0
-0.130946 0
-0.0110422 0
0.111576 0
0.0794059 0
-0.0159162 0
-0.00626752 0
-0.142113 0
-0.00917614 0
0.137804 0
0.0586568 0
-0.0550495 0
-0.0590617 0
0.100067 0
-0.0271123 0
-0.0407004 0
-0.028795 0
-0.144982 0
0.00323647 0
0.155518 0
0.0356798 0
-0.0285669 0
0.0260084 0
-0.0202333 0
-0.0897649 0
-3.36087e-06 0
2.36172e-06 0
0.0799477 0
0.0459582 0
-0.0504112 0
-0.108451 0
-0.0429022 0
0.0986151 0
0.0077953 0
-0.0577776 0
0.0304065 0
0.0176791 0
0.0259158 0
-0.0340975 0
-0.0549762 0
0.0636767 0
0.189127 0
-0.0350992 0
-0.210591 0
-0.0799429 0
-0.0459705 0
-7.51033e-06 0
-1.25013e-05 0
0.0236519 0
0.185134 0
0.0986467 0
0.0363688 0
-0.0748891 0
-0.224935 0
-0.0453432 0
0.0638471 0
0.00888286 0
0.0758811 0
0.0649911 0
-0.0140969 0
0.0998816 0
0.0504135 0
0.108459 0
-0.0236526 0
-0.18512 0
1.49717e-06 0
-9.17749e-06 0
5.22027e-05 0
-0.0361912 0
-0.0228592 0
0.187838 0
0.0740217 0
-0.0271292 0
-0.155724 0
0.0235655 0
0.130949 0
0.0429061 0
-0.0986142 0
-0.0986397 0
-0.036361 0
-5.97938e-05 0
0.0361773 0
-8.66834e-07 0
1.11007e-05 0
0.0558438 0
-0.0794038 0
-0.111552 0
0.0110411 0
0.0158853 0
-0.00780574 0
0.0577744 0
0.0748948 0
0.224949 0
0.0228597 0
-0.187836 0
-0.0558367 0
0.00918795 0
0.142129 0
0.00626051 0
-0.137811 0
-0.0304038 0
-0.0176602 0
0.0453459 0
-0.0638714 0
-0.0740283 0
0.0590649 0
0.055045 0
-0.0586567 0
-0.100056 0
-0.0259095 0
0.0340871 0
-0.00889321 0
0.0287893 0
0.040686 0
0.0271126 0
0.144985 0
0.0549741 0
-0.0356816 0
-0.15551 0
-0.00323266 0
0 0
0 0
0 0
0 0
0 0
0 0
0 0
0 0
0 0
0 0
0 0
0 0
0 0
0 0
0 0
0 0
0 0
0 0
0 0
0 0
0 0
0 0
0 0
0 0
0 0
0 0
0 0
0 0
0 0
0 0
0 0
0 0
0 0
0 0
0 0
0 0
0 0
0 0
0 0
0 0
0 0
0 0
0 0
0 0
0 0
0 0
0 0
0 0
0 0
0 0
0 0
0 0
0 0
0 0
0 0
0 0
0 0
0 0
0 0
0 0
0 0
0 0
0 0
0 0
0 0
0 0
0 0
0 0
0 0
0 0
0 0
0 0
0 0
0 0
0 0
0 0
0 0
0 0
0 0
0 0
0 0
0 0
0 0
0 0
0 0
0 0
0 0
0 0
0 0
0 0
0 0
0 0
0 0
0 0
0 0
0 0
0 0
0 0
0 0
0 0
0 0
0 0
0 0
0 0
0 0
0 0
0 0
0 0
0 0
0 0
0 0
0 0
0 0
0 0
0 0
0 0
0 0
0 0
0 0
0 0
0 0
0 0
0 0
0 0
0 0
0 0
0 0
0 0
0 0
0 0
0 0
0 0
0 0
0 0
0 0
0 0
0 0
0 0
0 0
0 0
0 0
-0.0322635 0
0.115986 0
0.0534659 0
0.115971 0
-0.0322681 0
-0.220294 0
-0.0603852 0
-0.0447143 0
0.0231145 0
0.0422584 0
-0.10363 0
0.0330337 0
0.0298399 0
0.0156742 0
0.178469 0
0.038669 0
-0.137772 0
-0.0322304 0
0.0847073 0
-0.00592005 0
-0.129394 0
-0.0798857 0
0.0258199 0
-0.0101933 0
0.186219 0
0.0168823 0
-0.24461 0
-0.0558369 0
0.120176 0
0.0920713 0
-0.0557472 0
-0.0011026 0
-0.0308636 0
0.0267553 0
0.0831743 0
-0.000854286 0
-0.108857 0
-0.0420199 0
0.0229851 0
0.0294149 0
0.0727762 0
-0.0112126 0
0.0422619 0
0.0231111 0
-0.0447116 0
-0.103618 0
-0.0521896 0
0.0366142 0
0.0377166 0
-0.0940449 0
0.0180253 0
0.0673906 0
0.0313937 0
0.00980244 0
-0.0801632 0
-0.0214602 0
0.0234522 0
0.152564 0
0.0497067 0
-0.0753045 0
-0.0160623 0
0.0156661 0
0.0298157 0
0.0330384 0
0.178496 0
0.0377268 0
-0.0940392 0
-0.116156 0
-0.195274 0
-0.00613995 0
0.107981 0
0.0550842 0
0.0609635 0
0.043087 0
0.102224 0
0.0215678 0
-0.186576 0
-0.0781972 0
-0.0322403 0
-0.137781 0
0.0386707 0
0.0846945 0
0.0180187 0
0.0673765 0
-0.00613691 0
0.108005 0
0.0223749 0
-0.141832 0
-0.0582673 0
-0.107062 0
0.000361871 0
0.00599832 0
-0.0531108 0
-0.0798822 0
-0.129374 0
-0.00592283 0
0.0258032 0
0.0313882 0
0.00981508 0
0.055097 0
0.0609684 0
-0.0582672 0
-0.107067 0
-0.00955232 0
0.182925 0
0.0561653 0
0.0168925 0
0.186233 0
-0.0101948 0
-0.244613 0
-0.0801623 0
-0.0214677 0
0.0430773 0
0.102195 0
0.00035891 0
0.00602255 0
0.0561725 0
0.09207 0
0.120158 0
-0.0558377 0
-0.055729 0
0.0234562 0
0.152566 0
0.0215619 0
-0.186568 0
-0.0531012 0
0.0267478 0
-0.0308704 0
-0.00109495 0
0.0831868 0
0.04971 0
-0.0753086 0
-0.078196 0
-0.0420236 0
-0.108863 0
-0.00085801 0
0.0229666 0
-0.0160693 0
-0.011208 0
0.0727966 0
0.0294155 0
-0.113622 0
0.0387848 0
0.0295462 0
0.0387851 0
-0.113621 0
-0.0697266 0
-0.0631818 0
-0.116536 0
0.0225153 0
0.20668 0
-0.0263182 0
0.0341513 0
-0.0271764 0
-0.0183943 0
0.0731111 0
0.118355 0
0.00047073 0
-0.102156 0
-0.0116755 0
0.0342851 0
-0.0042327 0
-0.0147083 0
0.0346695 0
0.167778 0
-0.00359919 0
-0.0329714 0
0.0593418 0
0.0146672 0
-0.0337013 0
-0.146187 0
-0.0180646 0
-0.0764579 0
0.039699 0
0.0251512 0
-0.0645968 0
-0.071801 0
-0.00124694 0
0.176496 0
0.031036 0
0.0330628 0
-0.0233996 0
-0.108588 0
0.20668 0
0.0225154 0
-0.116536 0
-0.0263183 0
-0.00299552 0
0.0509603 0
0.0847444 0
-0.072184 0
-0.190437 0
-0.0318782 0
-0.0900014 0
-0.0542057 0
0.00942746 0
0.000654581 0
0.00343856 0
0.0194295 0
-0.0587373 0
0.0139313 0
0.136628 0
-0.0183941 0
-0.0271765 0
0.0341508 0
0.073111 0
0.0847447 0
-0.0721837 0
-0.130814 0
0.067153 0
0.175954 0
0.0763518 0
-0.0970823 0
-0.0832879 0
-0.010727 0
0.0763794 0
0.118421 0
-0.0241679 0
-0.0333068 0
-0.102156 0
0.000470837 0
0.118355 0
-0.0116756 0
-0.190437 0
-0.0318779 0
0.175954 0
0.0763514 0
0.172761 0
-0.0483396 0
-0.16603 0
0.0263855 0
0.141681 0
-0.0200148 0
-0.162631 0
-0.0147077 0
-0.00423266 0
0.0342842 0
0.034669 0
-0.0900009 0
-0.0542054 0
-0.0970833 0
-0.0832885 0
-0.166031 0
0.0263851 0
0.110473 0
0.0076272 0
-0.0430609 0
-0.0329709 0
-0.00359913 0
0.167777 0
0.0593415 0
0.00942917 0
0.000655496 0
-0.0107264 0
0.0763794 0
0.141681 0
-0.0200145 0
-0.0430595 0
-0.146186 0
-0.0337012 0
0.0146657 0
-0.0180653 0
0.00343926 0
0.0194296 0
0.118421 0
-0.0241684 0
-0.162631 0
0.0251523 0
0.0396992 0
-0.0764592 0
-0.064597 0
-0.0587371 0
0.0139316 0
-0.0333075 0
0.176496 0
-0.00124679 0
-0.0718009 0
0.0310362 0
0.136629 0
-0.108588 0
-0.0234 0
0.0330621 0
0 0
0 0
0 0
0 0
0 0
0 0
0 0
0 0
0 0
0 0
0 0
0 0
0 0
0 0
0 0
0 0
0 0
0 0
0 0
0 0
0 0
0 0
0 0
0 0
0 0
0 0
0 0
0 0
0 0
0 0
0 0
0 0
0 0
0 0
0 0
0 0
0 0
0 0
0 0
0 0
0 0
0 0
0 0
0 0
0 0
0 0
0 0
0 0
0 0
0 0
0 0
0 0
0 0
0 0
0 0
0 0
0 0
0 0
0 0
0 0
0 0
0 0
0 0
0 0
0 0
0 0
0 0
0 0
0 0
0 0
0 0
0 0
0 0
0 0
0 0
0 0
0 0
0 0
0 0
0 0
0 0
0 0
0 0
0 0
0 0
0 0
0 0
0 0
0 0
0 0
0 0
0 0
0 0
0 0
0 0
0 0
0 0
0 0
0 0
0 0
0 0
0 0
0 0
0 0
0 0
0 0
0 0
0 0
0 0
0 0
0 0
0 0
0 0
0 0
0 0
0 0
0 0
0 0
0 0
0 0
0 0
0 0
0 0
0 0
0 0
0 0
0 0
0 0
0 0
0 0
0 0
0 0
0 0
0 0
0 0
0 0
0 0
0 0
0 0
0 0
0 0
0 0
0 0
0 0
0 0
0 0
0 0
0 0
0 0
0 0
0 0
0 0
0 0
0 0
0 0
0 0
0 0
0 0
0 0
0 0
0 0
0 0
0 0
0 0
0 0
0 0
0 0
0 0
0 0
0 0
0 0
0 0
0 0
0 0
0 0
0 0
0 0
0 0
0 0
0 0
0 0
0 0
0 0
0 0
0 0
0 0
0 0
0 0
0 0
0 0
0 0
0 0
0 0
0 0
0 0
0 0
0 0
0 0
0 0
0 0
0 0
0 0
0 0
0 0
0 0
0 0
0 0
0 0
0 0
0 0
0 0
0 0
0 0
0 0
0 0
0 0
0 0
0 0
0 0
0 0
0 0
0 0
0 0
0 0
0 0
0 0
0 0
0 0
0 0
0 0
0 0
0 0
0 0
0 0
0 0
0 0
0 0
0 0
0 0
0 0
0 0
0 0
0 0
0 0
0 0
0 0
0 0
0 0
0 0
0 0
0 0
0 0
0 0
0 0
0 0
0 0
0 0
0 0
0 0
0 0
0 0
0 0
0 0
0 0
0 0
0 0
0 0
0 0
0 0
0 0
0 0
0 0
0 0
0 0
0 0
0 0
0 0
0 0
0 0
0 0
0 0
0 0
-0.037638 0
0.167724 0
0.0994223 0
0.167728 0
-0.0376367 0
-0.288212 0
-0.0195635 0
-0.0552264 0
-0.0873342 0
0.0246641 0
-0.0653739 0
-0.0112052 0
0.0317541 0
-0.0166075 0
-0.00153207 0
-0.0425789 0
0.115319 0
0.0443389 0
-0.250518 0
-0.0187856 0
0.070369 0
0.0560549 0
0.120876 0
0.00874577 0
-0.0771076 0
-0.00202106 0
-0.0160994 0
0.00327852 0
-0.0717738 0
-0.0451697 0
0.0983486 0
0.0839622 0
0.0934327 0
0.00655065 0
0.0672361 0
-0.0355875 0
-0.238116 0
-0.043932 0
0.0596374 0
0.061497 0
0.138616 0
-0.0312293 0
0.0246632 0
-0.087333 0
-0.055225 0
-0.0653707 0
0.0282157 0
0.2221 0
0.0528935 0
-0.0525039 0
-0.0808426 0
0.0452242 0
0.0777364 0
0.0865095 0
-0.021135 0
-0.137304 0
-0.0312859 0
-0.0605787 0
-0.0119102 0
-0.0447205 0
0.00462467 0
-0.0166074 0
0.0317535 0
-0.0112047 0
-0.00153311 0
0.0528935 0
-0.0525026 0
-0.00411175 0
0.0915668 0
0.0307136 0
-0.0382079 0
-0.0036193 0
-0.0599312 0
-0.0303863 0
0.0982496 0
0.00750658 0
-0.0141688 0
-0.0177526 0
0.0443379 0
0.115316 0
-0.0425801 0
-0.250518 0
-0.0808419 0
0.0452251 0
0.0307142 0
-0.0382068 0
-0.0511165 0
-0.0913689 0
-0.0033194 0
0.140699 0
0.0822486 0
0.0221253 0
0.00236217 0
0.0560557 0
0.0703743 0
-0.0187851 0
0.120872 0
0.0777356 0
0.0865097 0
-0.00361924 0
-0.0599324 0
-0.0033207 0
0.140696 0
0.0052547 0
-0.264398 0
-0.072712 0
-0.00201968 0
-0.0771083 0
0.00874398 0
-0.0161006 0
-0.0211341 0
-0.1373 0
-0.0303858 0
0.0982487 0
0.0822482 0
0.0221276 0
-0.0727113 0
-0.0451697 0
-0.0717729 0
0.00327876 0
0.0983497 0
-0.0312851 0
-0.0605807 0
0.00750603 0
-0.0141677 0
0.00236323 0
0.0065508 0
0.0934323 0
0.0839618 0
0.067234 0
-0.0119117 0
-0.0447212 0
-0.0177524 0
-0.0439318 0
-0.238115 0
-0.0355866 0
0.0596413 0
0.00462565 0
-0.0312301 0
0.138612 0
0.0614971 0
0 0
0 0
0 0
0 0
0 0
0 0
0 0
0 0
0 0
0 0
0 0
0 0
0 0
0 0
0 0
0 0
0 0
0 0
0 0
0 0
0 0
0 0
0 0
0 0
0 0
0 0
0 0
0 0
0 0
0 0
0 0
0 0
0 0
0 0
0 0
0 0
0 0
0 0
0 0
0 0
0 0
0 0
0 0
0 0
0 0
0 0
0 0
0 0
0 0
0 0
0 0
0 0
0 0
0 0
0 0
0 0
0 0
0 0
0 0
0 0
0 0
0 0
0 0
0 0
0 0
0 0
0 0
0 0
0 0
0 0
0 0
0 0
0 0
0 0
0 0
0 0
0 0
0 0
0 0
0 0
0 0
0 0
0 0
0 0
0 0
0 0
0 0
0 0
0 0
0 0
0 0
0 0
0 0
0 0
0 0
0 0
0 0
0 0
0 0
0 0
0 0
0 0
0 0
0 0
0 0
0 0
0 0
0 0
0 0
0 0
0 0
0 0
0 0
0 0
0 0
0 0
0 0
0 0
0 0
0 0
0 0
0 0
0 0
0 0
0 0
0 0
0 0
0 0
0 0
0 0
0 0
0 0
0 0
0 0
0 0
0 0
0 0
0 0
0 0
0 0
0 0
0.0613344 0
0.196197 0
9.36813e-07 0
-0.196194 0
-0.0613352 0
-2.98864e-06 0
-5.14504e-07 0
0.0626199 0
0.0681892 0
-0.0393005 0
0.126991 0
0.0113003 0
-0.0235746 0
0.0133409 0
-0.0679941 0
-0.0557119 0
-0.0985725 0
-0.0368519 0
-0.0121998 0
0.00276416 0
0.242196 0
0.0433892 0
-0.221282 0
-0.085678 0
0.00622454 0
0.0745633 0
-0.0557887 0
-0.00196837 0
0.0405531 0
0.0142028 0
0.0089512 0
-0.031885 0
-0.0153349 0
0.0076329 0
-0.0919003 0
0.0623917 0
0.0701113 0
0.016645 0
0.216664 0
-0.000561893 0
-0.218474 0
-0.0466015 0
0.0393011 0
-0.0681906 0
-0.0626212 0
-0.126992 0
3.27533e-07 0
2.36432e-06 0
0.00505224 0
0.0840322 0
0.0460527 0
0.0749103 0
-0.0404662 0
0.0149741 0
0.0562138 0
0.218596 0
0.0389239 0
-0.10381 0
-0.0801196 0
-0.0601403 0
0.0485641 0
-0.013341 0
0.0235755 0
-0.0113005 0
0.0679939 0
-0.00505115 0
-0.0840333 0
-1.05148e-07 0
7.10602e-07 0
0.039957 0
0.0532421 0
-0.006614 0
-0.089452 0
0.0361542 0
-0.011459 0
-0.0197061 0
0.0536212 0
-0.0019667 0
0.0368527 0
0.0985742 0
0.0557108 0
0.0121949 0
-0.0460543 0
-0.0749092 0
-0.0399565 0
-0.0532428 0
-4.41724e-07 0
-7.8016e-07 0
-0.0850288 0
-0.181881 0
-0.023344 0
0.119299 0
0.0513758 0
-0.0433881 0
-0.242194 0
-0.00276434 0
0.221284 0
0.0404678 0
-0.0149724 0
0.00661392 0
0.0894507 0
0.0850288 0
0.181883 0
1.84748e-07 0
-2.04608e-06 0
0.0358306 0
-0.0745633 0
-0.00622627 0
0.0856779 0
0.0557878 0
-0.0562143 0
-0.218599 0
-0.0361549 0
0.0114604 0
0.0233452 0
-0.119299 0
-0.0358319 0
-0.0142036 0
-0.0405541 0
0.00196843 0
-0.00894916 0
-0.0389242 0
0.10381 0
0.0197064 0
-0.0536212 0
-0.0513758 0
-0.00763262 0
0.0153367 0
0.0318864 0
0.0919005 0
0.0801192 0
0.0601395 0
0.00196647 0
-0.0166457 0
-0.0701154 0
-0.0623925 0
-0.216663 0
-0.0485639 0
0.046601 0
0.218477 0
0.000563123 0
0.094068 0
-0.0341874 0
-0.36268 0
-0.0341909 0
0.0940542 0
0.0580541 0
-0.101489 0
0.0188319 0
0.0789978 0
0.16118 0
0.0329653 0
-0.0858313 0
-0.0625011 0
0.0702591 0
-0.0181689 0
0.0686545 0
0.0183162 0
-0.181968 0
0.0344857 0
0.0116904 0
0.0222332 0
0.170973 0
-0.0505393 0
-0.133384 0
-0.046911 0
-0.112719 0
0.0280541 0
0.177084 0
0.070248 0
0.0986543 0
-0.0101306 0
-0.110754 0
-0.0824126 0
-0.0553283 0
0.0323698 0
0.190374 0
0.0640271 0
-0.0922686 0
-0.00764915 0
-0.2388 0
-0.0430629 0
0.100611 0
0.161178 0
0.0789934 0
0.018812 0
0.0329587 0
0.173331 0
0.0278429 0
-0.0414447 0
-0.0342788 0
0.0306543 0
0.0178529 0
-0.0407242 0
0.0101798 0
0.0464867 0
-0.0105454 0
-0.0988651 0
-0.0355463 0
0.0235053 0
0.0152391 0
0.0244429 0
0.0702678 0
-0.0624946 0
-0.0858329 0
-0.0181695 0
-0.0414379 0
-0.0342742 0
-0.100885 0
0.0108814 0
0.0682528 0
0.0132961 0
0.0274118 0
-0.00672202 0
0.0181146 0
0.0274915 0
-0.0394617 0
-0.015084 0
0.000537199 0
-0.181955 0
0.0183129 0
0.0686474 0
0.0344859 0
0.0306625 0
0.0178528 0
0.0682552 0
0.0132976 0
-0.052092 0
-0.057093 0
-0.0675024 0
0.0222827 0
0.110594 0
0.0127619 0
-0.00917565 0
0.170957 0
0.0222325 0
0.01169 0
-0.050539 0
-0.0407348 0
0.0101737 0
0.0274144 0
-0.00671585 0
-0.0674893 0
0.0222846 0
0.029226 0
-0.0291326 0
-0.0608406 0
-0.112704 0
-0.0469071 0
-0.133372 0
0.0280562 0
0.0464748 0
-0.0105484 0
0.0181191 0
0.0274908 0
0.110587 0
0.0127566 0
-0.0608602 0
0.0986401 0
0.0702408 0
0.177091 0
-0.010122 0
-0.0988675 0
-0.0355532 0
-0.0394612 0
-0.0150762 0
-0.00916578 0
-0.0553434 0
-0.0824087 0
-0.110731 0
0.0323699 0
0.0234849 0
0.0152355 0
0.000551635 0
-0.0922645 0
0.0640239 0
0.190371 0
-0.00764726 0
0.0244373 0
0.100599 0
-0.043062 0
-0.238786 0
0 0
0 0
0 0
0 0
0 0
0 0
0 0
0 0
0 0
0 0
0 0
0 0
0 0
0 0
0 0
0 0
0 0
0 0
0 0
0 0
0 0
0 0
0 0
0 0
0 0
0 0
0 0
0 0
0 0
0 0
0 0
0 0
0 0
0 0
0 0
0 0
0 0
0 0
0 0
0 0
0 0
0 0
0 0
0 0
0 0
0 0
0 0
0 0
0 0
0 0
0 0
0 0
0 0
0 0
0 0
0 0
0 0
0 0
0 0
0 0
0 0
0 0
0 0
0 0
0 0
0 0
0 0
0 0
0 0
0 0
0 0
0 0
0 0
0 0
0 0
0 0
0 0
0 0
0 0
0 0
0 0
0 0
0 0
0 0
0 0
0 0
0 0
0 0
0 0
0 0
0 0
0 0
0 0
0 0
0 0
0 0
0 0
0 0
0 0
0 0
0 0
0 0
0 0
0 0
0 0
0 0
0 0
0 0
0 0
0 0
0 0
0 0
0 0
0 0
0 0
0 0
0 0
0 0
0 0
0 0
0 0
0 0
0 0
0 0
0 0
0 0
0 0
0 0
0 0
0 0
0 0
0 0
0 0
0 0
0 0
0 0
0 0
0 0
0 0
0 0
0 0
-0.150013 0
-0.0379159 0
-1.85719e-05 0
0.0379123 0
0.150023 0
3.0881e-06 0
-5.03399e-06 0
-0.197873 0
-0.0464723 0
-0.0309022 0
-0.063383 0
-0.00651799 0
0.0655497 0
0.0815935 0
-0.00578295 0
-0.0771713 0
-0.0336198 0
0.132036 0
0.000549836 0
-0.000398719 0
-0.00432636 0
-0.160666 0
0.00356615 0
0.111597 0
0.0364641 0
0.147459 0
0.0179207 0
0.0636956 0
-0.0704985 0
-0.14448 0
0.0842294 0
0.224832 0
0.0397813 0
-0.140342 0
-0.00208075 0
-0.0294436 0
-0.0318148 0
0.0401795 0
0.0201988 0
0.138696 0
0.00911786 0
-0.109446 0
0.0309179 0
0.0464803 0
0.197876 0
0.0633865 0
8.68804e-06 0
1.16698e-06 0
0.0650364 0
0.0443282 0
0.0793392 0
0.00178569 0
-0.0997417 0
-0.0603764 0
-0.1177 0
-0.0275327 0
-0.018101 0
-0.0669724 0
-0.202015 0
-0.0344186 0
-0.04594 0
-0.0815865 0
-0.065556 0
0.00650952 0
0.00578101 0
-0.0650413 0
-0.0443315 0
-5.00458e-06 0
4.56162e-07 0
0.0262203 0
0.0143345 0
0.0207444 0
0.0587002 0
0.04637 0
-0.0050417 0
0.00384821 0
0.0742668 0
0.138481 0
-0.132054 0
0.0336216 0
0.0771783 0
-0.000546155 0
-0.0793351 0
-0.0017836 0
-0.0262138 0
-0.0143336 0
-3.28299e-06 0
-2.89339e-06 0
0.124734 0
0.0179243 0
-0.0665804 0
-0.0504651 0
0.0944199 0
0.160683 0
0.00432853 0
0.000399355 0
-0.00357166 0
0.0997379 0
0.0603778 0
-0.0207412 0
-0.0587005 0
-0.12474 0
-0.0179221 0
1.589e-06 0
-1.39613e-06 0
-0.188248 0
-0.14747 0
-0.0364686 0
-0.111612 0
-0.0179181 0
0.117705 0
0.0275318 0
-0.0463681 0
0.00504401 0
0.0665906 0
0.0504663 0
0.188242 0
0.144491 0
0.0705057 0
-0.0636778 0
-0.0842303 0
0.0180912 0
0.0669687 0
-0.00385291 0
-0.0742681 0
-0.0944203 0
0.140336 0
-0.0397899 0
-0.224842 0
0.00208418 0
0.202017 0
0.0344203 0
-0.13848 0
-0.0401892 0
0.0318215 0
0.0294631 0
-0.0201998 0
0.0459419 0
0.109456 0
-0.00912217 0
-0.138721 0
0 0
0 0
0 0
0 0
0 0
0 0
0 0
0 0
0 0
0 0
0 0
0 0
0 0
0 0
0 0
0 0
0 0
0 0
0 0
0 0
0 0
0 0
0 0
0 0
0 0
0 0
0 0
0 0
0 0
0 0
0 0
0 0
0 0
0 0
0 0
0 0
0 0
0 0
0 0
0 0
0 0
0 0
0 0
0 0
0 0
0 0
0 0
0 0
0 0
0 0
0 0
0 0
0 0
0 0
0 0
0 0
0 0
0 0
0 0
0 0
0 0
0 0
0 0
0 0
0 0
0 0
0 0
0 0
0 0
0 0
0 0
0 0
0 0
0 0
0 0
0 0
0 0
0 0
0 0
0 0
0 0
0 0
0 0
0 0
0 0
0 0
0 0
0 0
0 0
0 0
0 0
0 0
0 0
0 0
0 0
0 0
0 0
0 0
0 0
0 0
0 0
0 0
0 0
0 0
0 0
0 0
0 0
0 0
0 0
0 0
0 0
0 0
0 0
0 0
0 0
0 0
0 0
0 0
0 0
0 0
0 0
0 0
0 0
0 0
0 0
0 0
0 0
0 0
0 0
0 0
0 0
0 0
0 0
0 0
0 0
0 0
0 0
0 0
0 0
0 0
0 0
0.163733 0
0.0394641 0
-4.47379e-07 0
-0.0394642 0
-0.163733 0
4.95766e-08 0
-1.41283e-07 0
0.0642461 0
0.0501339 0
0.040217 0
-0.0152157 0
-0.113132 0
-0.0382002 0
0.0537288 0
-0.00802678 0
0.146113 0
0.0241977 0
-0.0608471 0
0.0556819 0
0.0583963 0
-0.0263075 0
-0.00939861 0
0.000753371 0
0.00386731 0
-0.00079803 0
-0.131426 0
0.00200764 0
-0.00604718 0
0.0287944 0
0.12506 0
-0.0337362 0
0.0115034 0
-0.0348093 0
-0.0290333 0
0.0746494 0
0.32432 0
0.0178034 0
-0.0911502 0
0.0546219 0
0.00981635 0
-0.0526618 0
-0.178141 0
-0.0402165 0
-0.0501336 0
-0.0642461 0
0.0152157 0
6.06014e-08 0
7.08802e-09 0
-0.0587771 0
-0.026122 0
-0.0259926 0
-0.0445434 0
-0.0598521 0
0.0114718 0
0.00860847 0
-0.00846125 0
-0.113375 0
-0.0208374 0
-0.0989502 0
-0.103336 0
-0.163565 0
-0.0537285 0
0.0382001 0
0.113132 0
0.00802682 0
0.058777 0
0.0261219 0
-2.16298e-07 0
-6.69605e-08 0
-0.0587582 0
0.00910559 0
0.0884827 0
0.0323796 0
0.0773816 0
0.0187745 0
0.145281 0
0.0854065 0
-0.0649516 0
0.0608464 0
-0.0241977 0
-0.146113 0
-0.0556818 0
0.0259929 0
0.0445435 0
0.0587582 0
-0.00910556 0
-1.00825e-07 0
-9.06572e-08 0
-0.060418 0
-0.0687862 0
-0.161952 0
-0.0395099 0
0.190933 0
0.00939913 0
0.0263076 0
-0.0583965 0
-0.000753691 0
0.0598522 0
-0.0114715 0
-0.0884824 0
-0.0323796 0
0.0604178 0
0.0687864 0
3.59446e-07 0
3.12837e-08 0
-0.154104 0
0.131426 0
0.000797931 0
-0.00386823 0
-0.00200769 0
-0.00860805 0
0.00846128 0
-0.0773819 0
-0.0187747 0
0.161952 0
0.0395098 0
0.154104 0
-0.12506 0
-0.0287942 0
0.00604753 0
0.0337362 0
0.113375 0
0.0208373 0
-0.145281 0
-0.0854064 0
-0.190933 0
0.029033 0
0.034809 0
-0.0115037 0
-0.0746493 0
0.0989501 0
0.103336 0
0.0649521 0
0.0911499 0
-0.0178031 0
-0.324319 0
-0.054622 0
0.163564 0
0.178141 0
0.0526618 0
-0.00981691 0
0 0
0 0
0 0
0 0
0 0
0 0
0 0
0 0
0 0
0 0
0 0
0 0
0 0
0 0
0 0
0 0
0 0
0 0
0 0
0 0
0 0
0 0
0 0
0 0
0 0
0 0
0 0
0 0
0 0
0 0
0 0
0 0
0 0
0 0
0 0
0 0
0 0
0 0
0 0
0 0
0 0
0 0
0 0
0 0
0 0
0 0
0 0
0 0
0 0
0 0
0 0
0 0
0 0
0 0
0 0
0 0
0 0
0 0
0 0
0 0
0 0
0 0
0 0
0 0
0 0
0 0
0 0
0 0
0 0
0 0
0 0
0 0
0 0
0 0
0 0
0 0
0 0
0 0
0 0
0 0
0 0
0 0
0 0
0 0
0 0
0 0
0 0
0 0
0 0
0 0
0 0
0 0
0 0
0 0
0 0
0 0
0 0
0 0
0 0
0 0
0 0
0 0
0 0
0 0
0 0
0 0
0 0
0 0
0 0
0 0
0 0
0 0
0 0
0 0
0 0
0 0
0 0
0 0
0 0
0 0
0 0
0 0
0 0
0 0
0 0
0 0
0 0
0 0
0 0
0 0
0 0
0 0
0 0
0 0
0 0
0 0
0 0
0 0
0 0
0 0
0 0
-0.0426411 0
0.0174409 0
0.0380174 0
0.0174407 0
-0.0426417 0
-0.0266318 0
-0.0185268 0
-0.0483217 0
-0.00334758 0
0.0587663 0
-0.00315714 0
0.165434 0
-0.000766201 0
-0.0209221 0
0.0895555 0
0.14901 0
-0.0292965 0
-0.146905 0
0.00922074 0
-0.144646 0
0.010748 0
-0.0932121 0
-0.0909082 0
-0.187626 0
0.0382843 0
0.271261 0
-0.0378305 0
-0.0223329 0
-0.031294 0
0.0352373 0
0.0588574 0
0.144198 0
0.011327 0
-0.109898 0
0.00265443 0
-0.026858 0
-0.0112021 0
0.000775595 0
-0.00294761 0
0.039321 0
0.00979679 0
-0.00825693 0
0.0587661 0
-0.00334781 0
-0.0483238 0
-0.00315801 0
-0.127176 0
-0.0576282 0
-0.0289149 0
-0.0479897 0
0.0249637 0
0.0525231 0
0.0435923 0
0.0608127 0
0.0897877 0
0.0270697 0
0.064913 0
-0.0514906 0
-0.108985 0
-0.002933 0
-0.0215926 0
-0.0209205 0
-0.000765652 0
0.165434 0
0.0895554 0
-0.0289156 0
-0.0479899 0
-0.15056 0
0.0156585 0
0.100613 0
-0.0100646 0
0.0624771 0
-0.0149477 0
-0.0677801 0
-0.0477901 0
-0.120287 0
0.0333409 0
0.121358 0
-0.146904 0
-0.0292969 0
0.149011 0
0.00922166 0
0.0249636 0
0.0525223 0
0.100611 0
-0.0100647 0
-0.195689 0
-0.0869735 0
-0.0429943 0
0.0771094 0
0.0347481 0
-0.0109973 0
0.103974 0
-0.093215 0
0.0107478 0
-0.144644 0
-0.0909079 0
0.0435916 0
0.0608128 0
0.0624783 0
-0.014947 0
-0.0429941 0
0.0771089 0
0.255558 0
-0.0290103 0
-0.173269 0
0.271261 0
0.0382845 0
-0.187627 0
-0.0378312 0
0.0897876 0
0.0270702 0
-0.0677793 0
-0.047791 0
0.0347461 0
-0.0109969 0
-0.173268 0
0.0352383 0
-0.031294 0
-0.0223344 0
0.0588574 0
0.0649141 0
-0.0514906 0
-0.120288 0
0.0333409 0
0.103976 0
-0.109897 0
0.0113271 0
0.144199 0
0.0026546 0
-0.108985 0
-0.00293309 0
0.121358 0
0.000775122 0
-0.0112023 0
-0.0268582 0
-0.00294767 0
-0.0215931 0
-0.00825685 0
0.00979698 0
0.0393215 0
0 0
0 0
0 0
0 0
0 0
0 0
0 0
0 0
0 0
0 0
0 0
0 0
0 0
0 0
0 0
0 0
0 0
0 0
0 0
0 0
0 0
0 0
0 0
0 0
0 0
0 0
0 0
0 0
0 0
0 0
0 0
0 0
0 0
0 0
0 0
0 0
0 0
0 0
0 0
0 0
0 0
0 0
0 0
0 0
0 0
0 0
0 0
0 0
0 0
0 0
0 0
0 0
0 0
0 0
0 0
0 0
0 0
0 0
0 0
0 0
0 0
0 0
0 0
0 0
0 0
0 0
0 0
0 0
0 0
0 0
0 0
0 0
0 0
0 0
0 0
0 0
0 0
0 0
0 0
0 0
0 0
0 0
0 0
0 0
0 0
0 0
0 0
0 0
0 0
0 0
0 0
0 0
0 0
0 0
0 0
0 0
0 0
0 0
0 0
0 0
0 0
0 0
0 0
0 0
0 0
0 0
0 0
0 0
0 0
0 0
0 0
0 0
0 0
0 0
0 0
0 0
0 0
0 0
0 0
0 0
0 0
0 0
0 0
0 0
0 0
0 0
0 0
0 0
0 0
0 0
0 0
0 0
0 0
0 0
0 0
0 0
0 0
0 0
0 0
0 0
0 0
-0.033199 0
-0.00704783 0
2.36701e-07 0
0.00704807 0
0.0331984 0
-1.81827e-07 0
-1.39513e-07 0
-0.167098 0
-0.00973123 0
-0.0113419 0
-0.0762859 0
-0.0758057 0
0.0383536 0
0.148014 0
-0.00106012 0
0.119807 0
-0.0288028 0
0.0474233 0
0.0853369 0
0.1847 0
-0.0214467 0
-0.256708 0
0.026093 0
-0.046841 0
0.02241 0
0.00542644 0
-0.0709329 0
-0.198277 0
-0.00076527 0
0.110924 0
-0.0188123 0
0.0223061 0
0.0159297 0
0.0849834 0
0.0140777 0
-0.100736 0
-0.0250862 0
-0.0580121 0
-0.0317796 0
0.0408595 0
0.0387641 0
0.0819294 0
0.0113428 0
0.00973118 0
0.167097 0
0.0762859 0
-6.88992e-07 0
-3.73914e-07 0
-0.0473773 0
-0.0251039 0
-0.0333669 0
-0.0785088 0
-0.0550846 0
0.0242545 0
0.0200246 0
0.057776 0
0.116333 0
0.0223734 0
0.122696 0
0.0214327 0
-0.0384505 0
-0.148014 0
-0.0383536 0
0.0758078 0
0.00106109 0
0.0473768 0
0.0251034 0
-5.47489e-07 0
2.03557e-07 0
-0.164159 0
-0.0157811 0
0.113097 0
0.0559656 0
0.0489734 0
-0.0881292 0
-0.167685 0
-0.0256228 0
-0.0169425 0
-0.047425 0
0.0288024 0
-0.119805 0
-0.0853368 0
0.0333669 0
0.0785091 0
0.16416 0
0.0157811 0
-8.64846e-07 0
-4.46226e-07 0
0.0185776 0
-0.0453044 0
-0.163735 0
0.0476307 0
0.103983 0
0.256707 0
0.0214469 0
-0.184701 0
-0.0260938 0
0.0550846 0
-0.024254 0
-0.113096 0
-0.0559657 0
-0.0185782 0
0.0453051 0
9.11868e-07 0
-2.12583e-07 0
0.209225 0
-0.00542395 0
-0.0224097 0
0.0468396 0
0.0709327 0
-0.0200236 0
-0.0577757 0
-0.0489736 0
0.0881289 0
0.163736 0
-0.0476307 0
-0.209227 0
-0.110924 0
0.00076492 0
0.198277 0
0.0188129 0
-0.116333 0
-0.0223741 0
0.167684 0
0.025623 0
-0.103982 0
-0.0849842 0
-0.0159295 0
-0.0223043 0
-0.0140776 0
-0.122697 0
-0.0214325 0
0.0169439 0
0.0580119 0
0.025086 0
0.100735 0
0.0317794 0
0.0384504 0
-0.081929 0
-0.0387639 0
-0.0408593 0
0 0
0 0
0 0
0 0
0 0
0 0
0 0
0 0
0 0
0 0
0 0
0 0
0 0
0 0
0 0
0 0
0 0
0 0
0 0
0 0
0 0
0 0
0 0
0 0
0 0
0 0
0 0
0 0
0 0
0 0
0 0
0 0
0 0
0 0
0 0
0 0
0 0
0 0
0 0
0 0
0 0
0 0
0 0
0 0
0 0
0 0
0 0
0 0
0 0
0 0
0 0
0 0
0 0
0 0
0 0
0 0
0 0
0 0
0 0
0 0
0 0
0 0
0 0
0 0
0 0
0 0
0 0
0 0
0 0
0 0
0 0
0 0
0 0
0 0
0 0
0 0
0 0
0 0
0 0
0 0
0 0
0 0
0 0
0 0
0 0
0 0
0 0
0 0
0 0
0 0
0 0
0 0
0 0
0 0
0 0
0 0
0 0
0 0
0 0
0 0
0 0
0 0
0 0
0 0
0 0
0 0
0 0
0 0
0 0
0 0
0 0
0 0
0 0
0 0
0 0
0 0
0 0
0 0
0 0
0 0
0 0
0 0
0 0
0 0
0 0
0 0
0 0
0 0
0 0
0 0
0 0
0 0
0 0
0 0
0 0
0 0
0 0
0 0
0 0
0 0
0 0
0 0
0 0
0 0
0 0
0 0
0 0
0 0
0 0
0 0
0 0
0 0
0 0
0 0
0 0
0 0
0 0
0 0
0 0
0 0
0 0
0 0
0 0
0 0
0 0
0 0
0 0
0 0
0 0
0 0
0 0
0 0
0 0
0 0
0 0
0 0
0 0
0 0
0 0
0 0
0 0
0 0
0 0
0 0
0 0
0 0
0 0
0 0
0 0
0 0
0 0
0 0
0 0
0 0
0 0
0 0
0 0
0 0
0 0
0 0
0 0
0 0
0 0
0 0
0 0
0 0
0 0
0 0
0 0
0 0
0 0
0 0
0 0
0 0
0 0
0 0
0 0
0 0
0 0
0 0
0 0
0 0
0 0
0 0
0 0
0 0
0 0
0 0
0 0
0 0
0 0
0 0
0 0
0 0
0 0
0 0
0 0
0 0
0 0
0 0
0 0
0 0
0 0
0 0
0 0
0 0
0 0
0 0
0 0
0 0
0 0
0 0
0 0
0 0
0 0
0 0
0 0
0 0
0 0
0 0
0 0
0 0
0 0
0 0
0 0
0 0
0 0
0 0
0 0
0 0
0 0
0 0
0 0
0 0
0 0
0 0
0 0
0 0
0 0
0 0
0 0
0 0
-0.0753278 0
-0.23578 0
4.93455e-08 0
0.235779 0
0.0753279 0
6.41714e-07 0
1.03608e-06 0
-0.064418 0
-0.14201 0
0.0294101 0
-0.0543488 0
0.0365168 0
0.038563 0
-0.0315821 0
0.127743 0
-0.0120202 0
0.00165135 0
0.0123896 0
-0.167138 0
-0.0295252 0
-0.000546297 0
0.000340918 0
0.0766269 0
0.000379083 0
0.0950074 0
0.0289495 0
-0.170462 0
-0.0948041 0
-0.0586407 0
0.011277 0
-0.0670625 0
0.0522113 0
0.24896 0
0.058828 0
-0.0245463 0
-0.027717 0
-0.263927 0
-0.00464523 0
0.203807 0
0.0776192 0
0.0408949 0
-0.0716011 0
-0.0294106 0
0.142009 0
0.0644184 0
0.0543489 0
-2.95799e-07 0
-1.05457e-06 0
0.0406711 0
-0.00140899 0
-0.0414314 0
0.0393767 0
0.0666055 0
0.0956936 0
0.0100964 0
0.106006 0
0.00921252 0
-0.01029 0
-0.0360591 0
-0.0778357 0
0.039936 0
0.0315817 0
-0.0385634 0
-0.0365166 0
-0.127742 0
-0.0406713 0
0.00140949 0
2.62499e-07 0
3.394e-07 0
-0.00393986 0
-0.0517425 0
-0.0249081 0
-0.122213 0
0.0370753 0
0.134343 0
0.0215169 0
-0.0582184 0
-0.041914 0
-0.0123896 0
-0.00165085 0
0.0120207 0
0.167138 0
0.0414314 0
-0.0393774 0
0.00393978 0
0.0517423 0
4.11854e-09 0
1.68236e-07 0
-0.07958 0
-0.126265 0
0.0130221 0
0.0323299 0
-0.00785194 0
-0.000341255 0
0.000544701 0
0.0295248 0
-0.0766269 0
-0.0666059 0
-0.0956939 0
0.0249081 0
0.122213 0
0.0795801 0
0.126264 0
-1.26815e-07 0
1.46967e-07 0
0.00991491 0
-0.0289494 0
-0.0950056 0
-0.000378327 0
0.170463 0
-0.0100963 0
-0.106005 0
-0.0370751 0
-0.134343 0
-0.0130223 0
-0.0323296 0
-0.00991472 0
-0.0112771 0
0.0586388 0
0.0948035 0
0.0670618 0
-0.0092127 0
0.0102898 0
-0.0215171 0
0.0582184 0
0.00785204 0
-0.0588282 0
-0.248958 0
-0.0522108 0
0.024547 0
0.0360593 0
0.0778359 0
0.0419141 0
0.00464535 0
0.263926 0
0.0277166 0
-0.203807 0
-0.0399362 0
0.0716011 0
-0.0408937 0
-0.0776191 0
0 0
0 0
0 0
0 0
0 0
0 0
0 0
0 0
0 0
0 0
0 0
0 0
0 0
0 0
0 0
0 0
0 0
0 0
0 0
0 0
0 0
0 0
0 0
0 0
0 0
0 0
0 0
0 0
0 0
0 0
0 0
0 0
0 0
0 0
0 0
0 0
0 0
0 0
0 0
0 0
0 0
0 0
0 0
0 0
0 0
0 0
0 0
0 0
0 0
0 0
0 0
0 0
0 0
0 0
0 0
0 0
0 0
0 0
0 0
0 0
0 0
0 0
0 0
0 0
0 0
0 0
0 0
0 0
0 0
0 0
0 0
0 0
0 0
0 0
0 0
0 0
0 0
0 0
0 0
0 0
0 0
0 0
0 0
0 0
0 0
0 0
0 0
0 0
0 0
0 0
0 0
0 0
0 0
0 0
0 0
0 0
0 0
0 0
0 0
0 0
0 0
0 0
0 0
0 0
0 0
0 0
0 0
0 0
0 0
0 0
0 0
0 0
0 0
0 0
0 0
0 0
0 0
0 0
0 0
0 0
0 0
0 0
0 0
0 0
0 0
0 0
0 0
0 0
0 0
0 0
0 0
0 0
0 0
0 0
0 0
0 0
0 0
0 0
0 0
0 0
0 0
0.0187011 0
-0.148816 0
-0.00999408 0
-0.148818 0
0.0187004 0
0.207174 0
0.266686 0
0.0694161 0
-0.0845384 0
-0.0734077 0
0.0287893 0
-0.0065938 0
-0.0292845 0
-0.0348505 0
-0.0196584 0
0.0275064 0
0.121732 0
0.0285652 0
-0.015962 0
-0.0672825 0
-0.137435 0
-0.00485875 0
-0.0534701 0
0.0362732 0
0.18423 0
0.0143828 0
-0.0189282 0
-0.0385756 0
-0.0995312 0
0.0263416 0
-0.00168498 0
0.0820694 0
0.0068007 0
-0.0287472 0
0.241444 0
-0.0256392 0
-0.168978 0
-0.0504802 0
-0.150543 0
0.016886 0
0.203618 0
0.0111543 0
-0.0734074 0
-0.0845397 0
0.0694159 0
0.0287896 0
-0.0483147 0
-0.210113 0
-0.0307555 0
0.134529 0
0.0320025 0
-0.0190953 0
0.00537552 0
0.0896 0
-0.00688264 0
-0.0919008 0
-0.0443166 0
-0.0438301 0
0.0550421 0
-0.0261467 0
-0.0561835 0
-0.0348511 0
-0.0292851 0
-0.00659333 0
-0.0196567 0
-0.0307554 0
0.134527 0
0.0700522 0
-0.0457316 0
-0.0474949 0
-0.0837896 0
0.0491561 0
0.148174 0
0.00318582 0
-0.0461523 0
-0.033013 0
-0.0107144 0
-0.0113889 0
0.028565 0
0.121732 0
0.0275067 0
-0.015963 0
0.0320017 0
-0.0190955 0
-0.0474948 0
-0.0837893 0
-0.0475845 0
0.0152264 0
0.0279909 0
-0.0762674 0
0.0056609 0
0.139932 0
0.0393043 0
-0.00485883 0
-0.137436 0
-0.0672824 0
-0.0534684 0
0.00537618 0
0.0896006 0
0.0491562 0
0.148174 0
0.0279906 0
-0.0762678 0
-0.0731338 0
-0.0781427 0
0.0190045 0
0.0143827 0
0.18423 0
0.0362733 0
-0.0189296 0
-0.00688311 0
-0.0919015 0
0.00318569 0
-0.0461515 0
0.00566098 0
0.139932 0
0.0190044 0
0.0263417 0
-0.099531 0
-0.0385758 0
-0.00168456 0
-0.0443164 0
-0.0438292 0
-0.0330125 0
-0.0107146 0
0.0393041 0
-0.0287469 0
0.00680133 0
0.0820696 0
0.241443 0
0.0550418 0
-0.026148 0
-0.0113894 0
-0.0504804 0
-0.16898 0
-0.0256393 0
-0.150542 0
-0.0561835 0
0.011154 0
0.203618 0
0.0168865 0
0 0
0 0
0 0
0 0
0 0
0 0
0 0
0 0
0 0
0 0
0 0
0 0
0 0
0 0
0 0
0 0
0 0
0 0
0 0
0 0
0 0
0 0
0 0
0 0
0 0
0 0
0 0
0 0
0 0
0 0
0 0
0 0
0 0
0 0
0 0
0 0
0 0
0 0
0 0
0 0
0 0
0 0
0 0
0 0
0 0
0 0
0 0
0 0
0 0
0 0
0 0
0 0
0 0
0 0
0 0
0 0
0 0
0 0
0 0
0 0
0 0
0 0
0 0
0 0
0 0
0 0
0 0
0 0
0 0
0 0
0 0
0 0
0 0
0 0
0 0
0 0
0 0
0 0
0 0
0 0
0 0
0 0
0 0
0 0
0 0
0 0
0 0
0 0
0 0
0 0
0 0
0 0
0 0
0 0
0 0
0 0
0 0
0 0
0 0
0 0
0 0
0 0
0 0
0 0
0 0
0 0
0 0
0 0
0 0
0 0
0 0
0 0
0 0
0 0
0 0
0 0
0 0
0 0
0 0
0 0
0 0
0 0
0 0
0 0
0 0
0 0
0 0
0 0
0 0
0 0
0 0
0 0
0 0
0 0
0 0
0 0
0 0
0 0
0 0
0 0
0 0
-0.0138138 0
0.116071 0
0.0985076 0
0.116069 0
-0.0138145 0
-0.159083 0
0.0722227 0
-0.032056 0
-0.227173 0
-0.0350262 0
0.0577612 0
0.0984193 0
0.110701 0
-0.0357367 0
0.131676 0
0.00816983 0
-0.158356 0
-0.0147561 0
0.0522004 0
0.0316352 0
-0.0317575 0
-0.0589482 0
0.0766059 0
0.05666 0
0.0778095 0
0.0141845 0
0.0198811 0
-0.0534558 0
-0.202488 0
-0.0388583 0
0.0164843 0
0.0418128 0
0.23574 0
0.0103304 0
-0.126894 0
-0.0631166 0
-0.0922583 0
0.0447563 0
0.0273795 0
0.0218679 0
0.0412044 0
-0.0164763 0
-0.035026 0
-0.227175 0
-0.0320557 0
0.0577638 0
-0.0376521 0
-0.234138 0
-0.0415624 0
-0.0259622 0
-0.0147412 0
-0.0719563 0
-0.0520955 0
-0.169379 0
0.00630676 0
0.168907 0
0.0195792 0
-0.124815 0
-0.0364114 0
0.13853 0
0.052871 0
-0.0357379 0
0.110699 0
0.0984203 0
0.131679 0
-0.0415629 0
-0.0259663 0
0.0427219 0
0.187832 0
0.0292072 0
-0.0246833 0
-0.0431244 0
0.0592681 0
0.0612007 0
-0.0341652 0
-0.0457797 0
0.0196564 0
0.0489784 0
-0.0147569 0
-0.158357 0
0.00817061 0
0.0522006 0
-0.0147429 0
-0.0719575 0
0.0292075 0
-0.0246813 0
0.000558073 0
0.0511476 0
0.0136494 0
-0.0680201 0
-0.0330762 0
8.88708e-05 0
0.00601851 0
-0.0589483 0
-0.0317575 0
0.0316361 0
0.0766087 0
-0.0520947 0
-0.169378 0
-0.0431235 0
0.0592677 0
0.0136486 0
-0.0680222 0
-0.015319 0
0.0878282 0
0.0270977 0
0.0141836 0
0.0778068 0
0.0566596 0
0.0198797 0
0.00630562 0
0.168904 0
0.0612005 0
-0.0341625 0
-0.0330765 0
8.73367e-05 0
0.0270973 0
-0.0388582 0
-0.202485 0
-0.0534549 0
0.0164854 0
0.0195789 0
-0.124814 0
-0.0457778 0
0.0196582 0
0.00601858 0
0.0103306 0
0.235738 0
0.0418126 0
-0.126893 0
-0.0364125 0
0.138525 0
0.0489773 0
0.0447554 0
-0.0922588 0
-0.063115 0
0.0273838 0
0.0528706 0
-0.0164772 0
0.0412021 0
0.0218686 0
0 0
0 0
0 0
0 0
0 0
0 0
0 0
0 0
0 0
0 0
0 0
0 0
0 0
0 0
0 0
0 0
0 0
0 0
0 0
0 0
0 0
0 0
0 0
0 0
0 0
0 0
0 0
0 0
0 0
0 0
0 0
0 0
0 0
0 0
0 0
0 0
0 0
0 0
0 0
0 0
0 0
0 0
0 0
0 0
0 0
0 0
0 0
0 0
0 0
0 0
0 0
0 0
0 0
0 0
0 0
0 0
0 0
0 0
0 0
0 0
0 0
0 0
0 0
0 0
0 0
0 0
0 0
0 0
0 0
0 0
0 0
0 0
0 0
0 0
0 0
0 0
0 0
0 0
0 0
0 0
0 0
0 0
0 0
0 0
0 0
0 0
0 0
0 0
0 0
0 0
0 0
0 0
0 0
0 0
0 0
0 0
0 0
0 0
0 0
0 0
0 0
0 0
0 0
0 0
0 0
0 0
0 0
0 0
0 0
0 0
0 0
0 0
0 0
0 0
0 0
0 0
0 0
0 0
0 0
0 0
0 0
0 0
0 0
0 0
0 0
0 0
0 0
0 0
0 0
0 0
0 0
0 0
0 0
0 0
0 0
0 0
0 0
0 0
0 0
0 0
0 0
0.0176797 0
0.0549652 0
-1.11222e-06 0
-0.0549671 0
-0.0176795 0
1.31953e-06 0
-1.48077e-06 0
-0.0346885 0
0.0372911 0
-0.00558075 0
-0.142297 0
-0.0353709 0
0.148118 0
0.0569711 0
-0.113522 0
-0.0509655 0
-0.0132389 0
0.0418259 0
-0.0322017 0
-0.0416615 0
0.0252295 0
0.00372333 0
-0.120638 0
0.0100139 0
0.13119 0
0.0482488 0
0.0202055 0
-0.061652 0
-0.147056 0
-0.0049524 0
-0.0644514 0
0.0146143 0
0.171993 0
0.00775851 0
-0.0638056 0
-0.0909258 0
-0.0199028 0
0.0475116 0
-0.19213 0
-0.0194372 0
0.131261 0
0.0359929 0
0.00558191 0
-0.0372855 0
0.0346889 0
0.142295 0
4.14779e-07 0
2.74182e-06 0
0.0308113 0
0.208577 0
0.0773176 0
0.0630506 0
-0.0247894 0
-0.0206811 0
0.0612089 0
0.188561 0
0.0163127 0
-0.0737165 0
0.0475921 0
0.28523 0
0.0297131 0
-0.0569701 0
-0.148121 0
0.0353689 0
0.11352 0
-0.0308103 0
-0.208577 0
-6.05415e-07 0
-1.55979e-06 0
-0.0198537 0
-0.124943 0
-0.0471781 0
-0.00161743 0
0.0188077 0
-0.127411 0
-0.100536 0
-0.104363 0
0.0560826 0
-0.0418259 0
0.0132414 0
0.0509654 0
0.0322011 0
-0.0773175 0
-0.0630495 0
0.0198534 0
0.124945 0
1.89698e-07 0
-7.30562e-07 0
0.0275122 0
0.0869425 0
0.0164887 0
0.0912863 0
-0.00399172 0
-0.00372227 0
-0.0252285 0
0.0416612 0
0.120637 0
0.0247902 0
0.0206836 0
0.0471786 0
0.00161538 0
-0.0275128 0
-0.0869408 0
3.10565e-07 0
-7.37403e-07 0
0.028177 0
-0.0482492 0
-0.131192 0
-0.0100149 0
-0.0202052 0
-0.0612089 0
-0.188564 0
-0.0188088 0
0.127412 0
-0.0164879 0
-0.0912869 0
-0.0281776 0
0.00495294 0
0.14706 0
0.0616531 0
0.0644507 0
-0.0163131 0
0.0737187 0
0.100537 0
0.104362 0
0.00399128 0
-0.00775861 0
-0.171998 0
-0.0146154 0
0.0638073 0
-0.0475915 0
-0.285232 0
-0.0560836 0
-0.0475123 0
0.0199051 0
0.0909271 0
0.19213 0
-0.0297137 0
-0.0359927 0
-0.131263 0
0.0194367 0
-0.00966387 0
0.00461626 0
0.102328 0
0.00461631 0
-0.00966356 0
-0.00614548 0
0.0289244 0
-0.00622714 0
-0.0189617 0
-0.0785982 0
-0.0128316 0
0.125437 0
0.0226626 0
0.0265637 0
0.0479102 0
0.0163557 0
-0.0348236 0
-0.0825376 0
-0.00639753 0
0.106696 0
0.0291392 0
-0.0401178 0
0.0234716 0
0.0624233 0
-0.0263849 0
0.0223104 0
0.0294305 0
0.0800578 0
0.00308677 0
-0.165146 0
-0.000299663 0
0.163235 0
0.00866498 0
0.0944789 0
0.0647359 0
-0.0760337 0
-0.0326781 0
-0.231378 0
-0.0602435 0
-0.0338651 0
0.0562852 0
0.209111 0
-0.078598 0
-0.0189615 0
-0.00622695 0
-0.0128317 0
-0.159374 0
-0.0453368 0
0.00821331 0
0.00151849 0
-0.143032 0
-0.0657311 0
-0.0959296 0
-0.00159773 0
-0.0506791 0
-0.0531797 0
-0.244227 0
-0.0620887 0
0.112856 0
0.0444938 0
-0.0732401 0
0.0265638 0
0.0226624 0
0.125437 0
0.0479101 0
0.00821214 0
0.00151796 0
0.139621 0
0.0634484 0
0.0310183 0
0.0184223 0
0.141554 0
0.0561769 0
0.127193 0
0.0566478 0
-0.0632595 0
-0.0256122 0
0.0976991 0
-0.0825378 0
-0.0348235 0
0.016357 0
-0.00639704 0
-0.143033 0
-0.0657313 0
0.031019 0
0.0184229 0
-0.11396 0
-0.0926867 0
-0.0904548 0
-0.010508 0
0.114556 0
0.00769901 0
-0.113667 0
-0.0401187 0
0.029139 0
0.106696 0
0.0234716 0
-0.0959303 0
-0.00159796 0
0.141555 0
0.056177 0
-0.0904544 0
-0.0105079 0
-0.0572007 0
-0.00373131 0
0.0228558 0
0.0223099 0
-0.0263848 0
0.0624234 0
0.0294304 0
-0.0506801 0
-0.0531798 0
0.127193 0
0.0566474 0
0.114555 0
0.0076992 0
0.0228569 0
-0.165145 0
0.00308671 0
0.0800581 0
-0.000299271 0
-0.244225 0
-0.0620882 0
-0.0632596 0
-0.0256124 0
-0.113667 0
0.0944775 0
0.00866486 0
0.163234 0
0.0647355 0
0.112856 0
0.0444938 0
0.0976987 0
-0.231376 0
-0.032678 0
-0.0760348 0
-0.0602435 0
-0.0732397 0
0.209111 0
0.0562852 0
-0.0338646 0
0 0
0 0
0 0
0 0
0 0
0 0
0 0
0 0
0 0
0 0
0 0
0 0
0 0
0 0
0 0
0 0
0 0
0 0
0 0
0 0
0 0
0 0
0 0
0 0
0 0
0 0
0 0
0 0
0 0
0 0
0 0
0 0
0 0
0 0
0 0
0 0
0 0
0 0
0 0
0 0
0 0
0 0
0 0
0 0
0 0
0 0
0 0
0 0
0 0
0 0
0 0
0 0
0 0
0 0
0 0
0 0
0 0
0 0
0 0
0 0
0 0
0 0
0 0
0 0
0 0
0 0
0 0
0 0
0 0
0 0
0 0
0 0
0 0
0 0
0 0
0 0
0 0
0 0
0 0
0 0
0 0
0 0
0 0
0 0
0 0
0 0
0 0
0 0
0 0
0 0
0 0
0 0
0 0
0 0
0 0
0 0
0 0
0 0
0 0
0 0
0 0
0 0
0 0
0 0
0 0
0 0
0 0
0 0
0 0
0 0
0 0
0 0
0 0
0 0
0 0
0 0
0 0
0 0
0 0
0 0
0 0
0 0
0 0
0 0
0 0
0 0
0 0
0 0
0 0
0 0
0 0
0 0
0 0
0 0
0 0
0 0
0 0
0 0
0 0
0 0
0 0
-0.234257 0
-0.0348143 0
2.81642e-05 0
0.0348339 0
0.234217 0
-1.27527e-05 0
-9.33102e-06 0
0.0355012 0
-0.0570466 0
-0.128438 0
0.0730722 0
0.192489 0
0.0464331 0
-0.0817988 0
-0.0327412 0
-0.0878378 0
-0.0421363 0
0.0311882 0
0.0397947 0
0.22034 0
0.0326805 0
-0.0715692 0
0.0208522 0
-0.155661 0
-0.0383056 0
-0.0493926 0
-0.0471811 0
0.127149 0
0.0499671 0
0.088677 0
0.0471656 0
-0.103982 0
-0.0573494 0
-0.0642977 0
-0.0353873 0
0.153329 0
0.0568334 0
-0.00547721 0
0.0339253 0
-0.191739 0
-0.0545017 0
0.0225676 0
0.128481 0
0.0570344 0
-0.0355583 0
-0.073067 0
3.20287e-05 0
8.84229e-06 0
-0.20685 0
-0.0683408 0
-0.00859509 0
0.0243853 0
0.000143048 0
-0.0451735 0
-0.118207 0
0.0343652 0
0.123355 0
-0.0243396 0
-0.158367 0
-0.00490897 0
0.141218 0
0.0817754 0
-0.0464239 0
-0.19248 0
0.0327311 0
0.206846 0
0.0683312 0
-1.96936e-05 0
4.16402e-07 0
0.0853628 0
0.0192139 0
-0.0244036 0
0.0136079 0
0.1029 0
-0.000704783 0
-0.0410532 0
0.0052848 0
0.00204598 0
-0.0311458 0
0.042133 0
0.0878016 0
-0.0397958 0
0.00860842 0
-0.0243681 0
-0.0853417 0
-0.0192212 0
-1.17697e-05 0
1.63947e-06 0
-0.0354383 0
-0.031691 0
-0.0640609 0
0.00290156 0
0.0553043 0
0.0715529 0
-0.0326794 0
-0.22032 0
-0.0208441 0
-0.000123268 0
0.045157 0
0.0243829 0
-0.0135946 0
0.0354553 0
0.0316831 0
-2.33984e-05 0
-1.97688e-06 0
0.0176775 0
0.0493928 0
0.0383045 0
0.155647 0
0.0471683 0
0.118156 0
-0.0343609 0
-0.102854 0
0.000708154 0
0.0640658 0
-0.00289476 0
-0.0176602 0
-0.0886668 0
-0.0499647 0
-0.127124 0
-0.0471455 0
-0.123337 0
0.0243239 0
0.0410131 0
-0.0052918 0
-0.0553057 0
0.0642699 0
0.0573438 0
0.104001 0
0.0353811 0
0.158339 0
0.00491964 0
-0.00202602 0
0.00546913 0
-0.0568285 0
-0.153339 0
-0.0339277 0
-0.141177 0
-0.0225347 0
0.0545002 0
0.191702 0
0 0
0 0
0 0
0 0
0 0
0 0
0 0
0 0
0 0
0 0
0 0
0 0
0 0
0 0
0 0
0 0
0 0
0 0
0 0
0 0
0 0
0 0
0 0
0 0
0 0
0 0
0 0
0 0
0 0
0 0
0 0
0 0
0 0
0 0
0 0
0 0
0 0
0 0
0 0
0 0
0 0
0 0
0 0
0 0
0 0
0 0
0 0
0 0
0 0
0 0
0 0
0 0
0 0
0 0
0 0
0 0
0 0
0 0
0 0
0 0
0 0
0 0
0 0
0 0
0 0
0 0
0 0
0 0
0 0
0 0
0 0
0 0
0 0
0 0
0 0
0 0
0 0
0 0
0 0
0 0
0 0
0 0
0 0
0 0
0 0
0 0
0 0
0 0
0 0
0 0
0 0
0 0
0 0
0 0
0 0
0 0
0 0
0 0
0 0
0 0
0 0
0 0
0 0
0 0
0 0
0 0
0 0
0 0
0 0
0 0
0 0
0 0
0 0
0 0
0 0
0 0
0 0
0 0
0 0
0 0
0 0
0 0
0 0
0 0
0 0
0 0
0 0
0 0
0 0
0 0
0 0
0 0
0 0
0 0
0 0
0 0
0 0
0 0
0 0
0 0
0 0
0 0
0 0
0 0
0 0
0 0
0 0
0 0
0 0
0 0
0 0
0 0
0 0
0 0
0 0
0 0
0 0
0 0
0 0
0 0
0 0
0 0
0 0
0 0
0 0
0 0
0 0
0 0
0 0
0 0
0 0
0 0
0 0
0 0
0 0
0 0
0 0
0 0
0 0
0 0
0 0
0 0
0 0
0 0
0 0
0 0
0 0
0 0
0 0
0 0
0 0
0 0
0 0
0 0
0 0
0 0
0 0
0 0
0 0
0 0
0 0
0 0
0 0
0 0
0 0
0 0
0 0
0 0
0 0
0 0
0 0
0 0
0 0
0 0
0 0
0 0
0 0
0 0
0 0
0 0
0 0
0 0
0 0
0 0
0 0
0 0
0 0
0 0
0 0
0 0
0 0
0 0
0 0
0 0
0 0
0 0
0 0
0 0
0 0
0 0
0 0
0 0
0 0
0 0
0 0
0 0
0 0
0 0
0 0
0 0
0 0
0 0
0 0
0 0
0 0
0 0
0 0
0 0
0 0
0 0
0 0
0 0
0 0
0 0
0 0
0 0
0 0
0 0
0 0
0 0
0 0
0 0
0 0
0 0
0 0
0 0
0 0
0 0
0 0
0 0
0 0
0 0
-0.016137 0
-0.0497085 0
-4.33163e-07 0
0.0497074 0
0.0161371 0
6.82513e-07 0
-2.57887e-07 0
-0.0652476 0
-0.0388031 0
0.0034742 0
-0.156841 0
-0.00747681 0
0.185598 0
0.0455065 0
-0.0513084 0
-0.0361084 0
-0.0701339 0
0.0361261 0
0.00985441 0
0.00546418 0
-0.0150872 0
-0.0267007 0
0.0218132 0
0.0592913 0
0.0649029 0
0.0155031 0
0.0936953 0
0.0304132 0
-0.224551 0
-0.0502806 0
0.224355 0
0.0803415 0
0.0221038 0
-0.0635532 0
-0.00832334 0
0.0211776 0
-0.048881 0
-0.00844053 0
0.120843 0
0.0254948 0
-0.0417355 0
-0.0295626 0
-0.00347383 0
0.0388053 0
0.065248 0
0.15684 0
-1.42912e-07 0
3.53138e-07 0
0.01996 0
0.112316 0
0.0350468 0
-0.014647 0
-0.055176 0
-0.179794 0
-0.048009 0
-0.0600495 0
-0.0102315 0
-0.195619 0
-0.105027 0
-0.11901 0
0.000590293 0
-0.0455063 0
-0.185599 0
0.00747638 0
0.0513094 0
-0.0199597 0
-0.112317 0
-1.22157e-07 0
3.45377e-07 0
0.0129585 0
0.0546737 0
0.0148066 0
0.170907 0
0.0292843 0
-0.0190021 0
0.0236589 0
0.285834 0
0.0521921 0
-0.0361264 0
0.0701344 0
0.036109 0
-0.00985416 0
-0.0350472 0
0.0146462 0
-0.0129582 0
-0.0546726 0
1.57389e-07 0
-5.75012e-07 0
0.0416888 0
-0.0428108 0
-0.0621284 0
-0.127885 0
0.0486389 0
0.0267006 0
0.0150865 0
-0.00546421 0
-0.0218128 0
0.0551757 0
0.179794 0
-0.0148067 0
-0.170908 0
-0.0416892 0
0.0428114 0
2.12634e-07 0
2.43556e-08 0
-0.0398264 0
-0.0155033 0
-0.0649028 0
-0.0592908 0
-0.0936944 0
0.0480091 0
0.0600494 0
-0.0292842 0
0.0190032 0
0.0621287 0
0.127884 0
0.0398262 0
0.0502803 0
0.22455 0
-0.0304135 0
-0.224355 0
0.0102313 0
0.195619 0
-0.0236587 0
-0.285835 0
-0.0486393 0
0.0635534 0
-0.0221022 0
-0.0803414 0
0.00832288 0
0.105027 0
0.119011 0
-0.0521921 0
0.0084408 0
0.0488803 0
-0.021178 0
-0.120843 0
-0.000590113 0
0.0295626 0
0.0417361 0
-0.0254947 0
0.147249 0
-0.0721354 0
-0.205167 0
-0.0721261 0
0.147312 0
0.0939602 0
0.0698137 0
0.210701 0
0.0443218 0
-0.161193 0
-0.0191741 0
-0.0325191 0
-0.0331723 0
0.0862311 0
0.0377033 0
0.133797 0
0.0118808 0
-0.155056 0
0.00379431 0
-0.0724024 0
-0.00432224 0
0.0574066 0
-0.030106 0
0.0509452 0
0.00453257 0
0.00185426 0
0.0467041 0
-0.092958 0
-0.00964765 0
-0.0390311 0
-0.0735337 0
-0.0665146 0
0.0213966 0
0.102737 0
0.0230168 0
0.0360324 0
-0.0187155 0
0.028596 0
0.00869474 0
0.140277 0
0.00629528 0
-0.12074 0
-0.161159 0
0.0443372 0
0.210691 0
-0.0191941 0
-0.238006 0
-0.0652762 0
0.0163927 0
0.0355754 0
-0.0495823 0
-0.0633497 0
-0.0721181 0
0.0612076 0
0.187228 0
-0.0161477 0
-0.068929 0
0.0577552 0
0.101381 0
-0.0394402 0
-0.149965 0
0.0862539 0
-0.0331848 0
-0.0325711 0
0.0377123 0
0.0164496 0
0.0355941 0
0.145335 0
-0.00342045 0
-0.0780745 0
0.0269286 0
0.0778986 0
-0.0487437 0
-0.169062 0
-0.0126922 0
0.148015 0
0.0261116 0
-0.0727398 0
-0.155065 0
0.0118921 0
0.13382 0
0.00378327 0
-0.0495801 0
-0.0633563 0
-0.0780979 0
0.0269232 0
0.0855824 0
-0.0127734 0
-0.06305 0
0.0293761 0
-0.0188172 0
-0.025339 0
0.00523518 0
0.0574266 0
-0.00433091 0
-0.0724623 0
-0.0301117 0
-0.0721178 0
0.06122 0
0.077905 0
-0.0487475 0
-0.063041 0
0.0293845 0
0.174107 0
0.0148193 0
-0.0643123 0
0.00186781 0
0.00454278 0
0.0509872 0
0.046717 0
0.18726 0
-0.016157 0
-0.169089 0
-0.0126917 0
-0.0187998 0
-0.0253399 0
-0.0643174 0
-0.0390557 0
-0.00966108 0
-0.0929925 0
-0.0735467 0
-0.068963 0
0.0577618 0
0.148026 0
0.0261102 0
0.00522031 0
0.102755 0
0.0214122 0
-0.0664864 0
0.0230265 0
0.101424 0
-0.039439 0
-0.0727407 0
0.0285965 0
-0.018731 0
0.0359915 0
0.00868565 0
-0.150003 0
-0.120746 0
0.00631 0
0.140329 0
0 0
0 0
0 0
0 0
0 0
0 0
0 0
0 0
0 0
0 0
0 0
0 0
0 0
0 0
0 0
0 0
0 0
0 0
0 0
0 0
0 0
0 0
0 0
0 0
0 0
0 0
0 0
0 0
0 0
0 0
0 0
0 0
0 0
0 0
0 0
0 0
0 0
0 0
0 0
0 0
0 0
0 0
0 0
0 0
0 0
0 0
0 0
0 0
0 0
0 0
0 0
0 0
0 0
0 0
0 0
0 0
0 0
0 0
0 0
0 0
0 0
0 0
0 0
0 0
0 0
0 0
0 0
0 0
0 0
0 0
0 0
0 0
0 0
0 0
0 0
0 0
0 0
0 0
0 0
0 0
0 0
0 0
0 0
0 0
0 0
0 0
0 0
0 0
0 0
0 0
0 0
0 0
0 0
0 0
0 0
0 0
0 0
0 0
0 0
0 0
0 0
0 0
0 0
0 0
0 0
0 0
0 0
0 0
0 0
0 0
0 0
0 0
0 0
0 0
0 0
0 0
0 0
0 0
0 0
0 0
0 0
0 0
0 0
0 0
0 0
0 0
0 0
0 0
0 0
0 0
0 0
0 0
0 0
0 0
0 0
0 0
0 0
0 0
0 0
0 0
0 0
0 0
0 0
0 0
0 0
0 0
0 0
0 0
0 0
0 0
0 0
0 0
0 0
0 0
0 0
0 0
0 0
0 0
0 0
0 0
0 0
0 0
0 0
0 0
0 0
0 0
0 0
0 0
0 0
0 0
0 0
0 0
0 0
0 0
0 0
0 0
0 0
0 0
0 0
0 0
0 0
0 0
0 0
0 0
0 0
0 0
0 0
0 0
0 0
0 0
0 0
0 0
0 0
0 0
0 0
0 0
0 0
0 0
0 0
0 0
0 0
0 0
0 0
0 0
0 0
0 0
0 0
0 0
0 0
0 0
0 0
0 0
0 0
0 0
0 0
0 0
0 0
0 0
0 0
0 0
0 0
0 0
0 0
0 0
0 0
0 0
0 0
0 0
0 0
0 0
0 0
0 0
0 0
0 0
0 0
0 0
0 0
0 0
0 0
0 0
0 0
0 0
0 0
0 0
0 0
0 0
0 0
0 0
0 0
0 0
0 0
0 0
0 0
0 0
0 0
0 0
0 0
0 0
0 0
0 0
0 0
0 0
0 0
0 0
0 0
0 0
0 0
0 0
0 0
0 0
0 0
0 0
0 0
0 0
0 0
0 0
0 0
0 0
0 0
0 0
0 0
0 0
0.0126068 0
-0.151006 0
-0.106578 0
-0.151006 0
0.0126067 0
0.189746 0
-0.0229378 0
0.0482951 0
0.262209 0
0.0355139 0
-0.0948172 0
-0.050355 0
-0.184416 0
0.0241714 0
0.127726 0
0.0730071 0
0.0373077 0
-0.0461341 0
0.0600442 0
0.00956641 0
-0.0785616 0
-0.0129554 0
0.0474746 0
0.0626709 0
-0.00441794 0
-0.0258837 0
0.147174 0
-0.0258581 0
-0.117297 0
-0.0384232 0
-0.109181 0
0.0222434 0
0.185863 0
0.0215746 0
-0.0109165 0
-0.0557653 0
-0.106742 0
0.0249982 0
-0.0495031 0
0.0133698 0
0.0908892 0
-0.00518438 0
0.035514 0
0.262209 0
0.0482944 0
-0.0948192 0
-0.041203 0
0.0615184 0
0.0352134 0
-0.0818747 0
-0.0561929 0
-0.150153 0
-0.0517401 0
-0.0588165 0
0.0275912 0
-0.00456924 0
-0.0444953 0
-0.0220999 0
0.029002 0
0.121981 0
0.0234011 0
0.0241718 0
-0.184415 0
-0.0503552 0
0.127725 0
0.0352137 0
-0.0818734 0
-0.0185121 0
0.105614 0
0.0355356 0
0.15404 0
-0.00432685 0
-0.108571 0
0.0147347 0
0.159249 0
0.00530862 0
-0.12121 0
0.000241925 0
-0.0461337 0
0.0373075 0
0.0730068 0
0.0600437 0
-0.0561926 0
-0.150153 0
0.0355355 0
0.15404 0
0.045877 0
-0.16338 0
-0.0640963 0
0.0754792 0
0.0557545 0
-0.0649054 0
-0.0574435 0
-0.0129556 0
-0.0785621 0
0.00956622 0
0.047475 0
-0.0517403 0
-0.0588176 0
-0.0043269 0
-0.10857 0
-0.0640961 0
0.0754789 0
0.0438192 0
-0.0148322 0
-0.0248896 0
-0.0258835 0
-0.00441668 0
0.0626715 0
0.147174 0
0.0275909 0
-0.00456912 0
0.014735 0
0.159249 0
0.0557541 0
-0.064906 0
-0.0248898 0
-0.0384235 0
-0.117299 0
-0.0258584 0
-0.109179 0
-0.0444953 0
-0.0221016 0
0.00530857 0
-0.121208 0
-0.0574431 0
0.0215743 0
0.185864 0
0.0222442 0
-0.0109168 0
0.0290013 0
0.121981 0
0.0002424 0
0.0249982 0
-0.106743 0
-0.0557655 0
-0.0495024 0
0.0234013 0
-0.00518464 0
0.0908897 0
0.0133702 0
0.147009 0
0.0198534 0
6.39915e-07 0
-0.0198531 0
-0.14701 0
-1.50874e-07 0
-1.25745e-08 0
0.135822 0
0.0337103 0
0.086976 0
0.0257151 0
-0.0559284 0
-0.0476459 0
-0.120002 0
-0.00251689 0
0.212942 0
0.0514938 0
0.030995 0
0.0331722 0
-0.037052 0
-0.0619151 0
-0.0879451 0
0.0135539 0
0.140632 0
0.0556551 0
-0.062437 0
-0.0127307 0
-0.0237325 0
-0.04503 0
0.0901328 0
0.0487605 0
0.00991204 0
0.0245546 0
-0.202343 0
-0.0691061 0
-0.162945 0
-0.00307802 0
0.266492 0
0.0155598 0
0.0909966 0
-0.00703418 0
-0.112735 0
-0.0869761 0
-0.0337105 0
-0.135823 0
-0.0257153 0
-7.65971e-08 0
9.9818e-08 0
-0.164836 0
-0.0757813 0
-0.0730551 0
0.00823868 0
-0.0616302 0
-0.0485394 0
-0.156315 0
-0.0132844 0
0.164632 0
0.0386096 0
-0.0589266 0
0.00724897 0
0.118889 0
0.120002 0
0.0476461 0
0.0559288 0
0.00251701 0
0.164836 0
0.0757812 0
-1.08153e-07 0
2.47811e-08 0
0.160558 0
0.0715799 0
0.065523 0
0.00923086 0
-0.0499043 0
-0.0181907 0
0.0144289 0
-0.0136706 0
-0.0377589 0
-0.0309952 0
-0.051494 0
-0.212942 0
-0.0331722 0
0.0730547 0
-0.00823877 0
-0.160557 0
-0.0715799 0
-5.31147e-07 0
-3.18624e-07 0
0.0134639 0
-0.00254437 0
-0.0214192 0
0.0111653 0
-0.0186406 0
0.0879452 0
0.0619153 0
0.0370527 0
-0.0135538 0
0.0616301 0
0.0485393 0
-0.0655219 0
-0.00923026 0
-0.0134644 0
0.00254416 0
-4.16187e-07 0
3.9601e-08 0
0.0742357 0
0.0624368 0
-0.0556553 0
-0.140632 0
0.0127308 0
0.156313 0
0.0132839 0
0.0499055 0
0.0181912 0
0.0214198 0
-0.0111653 0
-0.0742352 0
-0.0901331 0
0.0450302 0
0.023734 0
-0.0487601 0
-0.164634 0
-0.0386101 0
-0.0144292 0
0.0136704 0
0.0186394 0
0.202342 0
-0.0245548 0
-0.00991078 0
0.0691064 0
0.0589269 0
-0.00724865 0
0.03776 0
-0.266493 0
0.00307795 0
0.162945 0
-0.0155602 0
-0.118889 0
0.112736 0
0.00703448 0
-0.090997 0
0 0
0 0
0 0
0 0
0 0
0 0
0 0
0 0
0 0
0 0
0 0
0 0
0 0
0 0
0 0
0 0
0 0
0 0
0 0
0 0
0 0
0 0
0 0
0 0
0 0
0 0
0 0
0 0
0 0
0 0
0 0
0 0
0 0
0 0
0 0
0 0
0 0
0 0
0 0
0 0
0 0
0 0
0 0
0 0
0 0
0 0
0 0
0 0
0 0
0 0
0 0
0 0
0 0
0 0
0 0
0 0
0 0
0 0
0 0
0 0
0 0
0 0
0 0
0 0
0 0
0 0
0 0
0 0
0 0
0 0
0 0
0 0
0 0
0 0
0 0
0 0
0 0
0 0
0 0
0 0
0 0
0 0
0 0
0 0
0 0
0 0
0 0
0 0
0 0
0 0
0 0
0 0
0 0
0 0
0 0
0 0
0 0
0 0
0 0
0 0
0 0
0 0
0 0
0 0
0 0
0 0
0 0
0 0
0 0
0 0
0 0
0 0
0 0
0 0
0 0
0 0
0 0
0 0
0 0
0 0
0 0
0 0
0 0
0 0
0 0
0 0
0 0
0 0
0 0
0 0
0 0
0 0
0 0
0 0
0 0
0 0
0 0
0 0
0 0
0 0
0 0
0.0208446 0
-0.0109398 0
-0.280208 0
-0.0109398 0
0.0208451 0
0.0134229 0
-0.0716453 0
0.0301972 0
0.0434128 0
0.226456 0
0.0409636 0
-0.0629401 0
-0.0559343 0
-0.124962 0
-0.0115396 0
0.13367 0
0.057952 0
0.0186448 0
0.00302625 0
-0.0842685 0
-0.0556628 0
0.0223182 0
0.0194337 0
0.18624 0
0.046751 0
-0.10567 0
0.0056438 0
-0.108585 0
-0.0406251 0
0.0600833 0
-0.00446897 0
0.17333 0
0.0343584 0
-0.0734954 0
0.0409519 0
-0.0261503 0
-0.0341483 0
0.00324983 0
-0.0154745 0
0.165671 0
0.0283581 0
-0.0784867 0
0.226457 0
0.0434127 0
0.0301968 0
0.0409635 0
0.15936 0
-0.0171674 0
-0.106409 0
-0.0201433 0
-0.0400682 0
-0.0010958 0
-0.0421328 0
-0.0359521 0
-0.0602704 0
0.00252207 0
-0.0784952 0
-0.0321264 0
-0.0222254 0
-0.0172398 0
-0.185958 0
-0.124962 0
-0.0559342 0
-0.06294 0
-0.0115396 0
-0.106409 0
-0.0201433 0
0.0835645 0
0.0768095 0
0.0787773 0
-0.0378055 0
-0.00991982 0
0.0690298 0
0.146621 0
-0.00853243 0
0.00127022 0
0.0412327 0
0.155653 0
0.0186452 0
0.057952 0
0.13367 0
0.00302615 0
-0.0400684 0
-0.00109581 0
0.0787775 0
-0.0378053 0
-0.187661 0
-0.00900414 0
0.0796841 0
-0.0217236 0
-0.174442 0
-0.0449042 0
-0.0309895 0
0.0223177 0
-0.0556628 0
-0.0842683 0
0.0194338 0
-0.0421328 0
-0.0359522 0
-0.00991959 0
0.0690299 0
0.079684 0
-0.0217236 0
0.0271788 0
0.0541426 0
0.0686986 0
-0.105669 0
0.046751 0
0.18624 0
0.0056437 0
-0.060271 0
0.00252199 0
0.146621 0
-0.00853236 0
-0.174442 0
-0.0449041 0
0.0686988 0
0.0600827 0
-0.0406252 0
-0.108585 0
-0.00446885 0
-0.078495 0
-0.0321263 0
0.00127051 0
0.0412326 0
-0.0309894 0
-0.073495 0
0.0343585 0
0.17333 0
0.0409518 0
-0.0222256 0
-0.01724 0
0.155652 0
0.00324964 0
-0.0341484 0
-0.0261503 0
-0.0154744 0
-0.185958 0
-0.0784868 0
0.0283581 0
0.165671 0
0 0
0 0
0 0
0 0
0 0
0 0
0 0
0 0
0 0
0 0
0 0
0 0
0 0
0 0
0 0
0 0
0 0
0 0
0 0
0 0
0 0
0 0
0 0
0 0
0 0
0 0
0 0
0 0
0 0
0 0
0 0
0 0
0 0
0 0
0 0
0 0
0 0
0 0
0 0
0 0
0 0
0 0
0 0
0 0
0 0
0 0
0 0
0 0
0 0
0 0
0 0
0 0
0 0
0 0
0 0
0 0
0 0
0 0
0 0
0 0
0 0
0 0
0 0
0 0
0 0
0 0
0 0
0 0
0 0
0 0
0 0
0 0
0 0
0 0
0 0
0 0
0 0
0 0
0 0
0 0
0 0
0 0
0 0
0 0
0 0
0 0
0 0
0 0
0 0
0 0
0 0
0 0
0 0
0 0
0 0
0 0
0 0
0 0
0 0
0 0
0 0
0 0
0 0
0 0
0 0
0 0
0 0
0 0
0 0
0 0
0 0
0 0
0 0
0 0
0 0
0 0
0 0
0 0
0 0
0 0
0 0
0 0
0 0
0 0
0 0
0 0
0 0
0 0
0 0
0 0
0 0
0 0
0 0
0 0
0 0
0 0
0 0
0 0
0 0
0 0
0 0
0 0
0 0
0 0
0 0
0 0
0 0
0 0
0 0
0 0
0 0
0 0
0 0
0 0
0 0
0 0
0 0
0 0
0 0
0 0
0 0
0 0
0 0
0 0
0 0
0 0
0 0
0 0
0 0
0 0
0 0
0 0
0 0
0 0
0 0
0 0
0 0
0 0
0 0
0 0
0 0
0 0
0 0
0 0
0 0
0 0
0 0
0 0
0 0
0 0
0 0
0 0
0 0
0 0
0 0
0 0
0 0
0 0
0 0
0 0
0 0
0 0
0 0
0 0
0 0
0 0
0 0
0 0
0 0
0 0
0 0
0 0
0 0
0 0
0 0
0 0
0 0
0 0
0 0
0 0
0 0
0 0
0 0
0 0
0 0
0 0
0 0
0 0
0 0
0 0
0 0
0 0
0 0
0 0
0 0
0 0
0 0
0 0
0 0
0 0
0 0
0 0
0 0
0 0
0 0
0 0
0 0
0 0
0 0
0 0
0 0
0 0
0 0
0 0
0 0
0 0
0 0
0 0
0 0
0 0
0 0
0 0
0 0
0 0
0 0
0 0
0 0
0 0
0 0
0 0
0 0
0 0
0 0
0 0
0 0
0 0
0 0
0 0
0 0
0 0
0 0
0 0
-0.0872605 0
-0.265686 0
6.77663e-08 0
0.265685 0
0.0872605 0
1.62948e-07 0
4.56639e-07 0
-0.092067 0
-0.240563 0
0.00809601 0
-0.0322195 0
0.078275 0
0.214056 0
-0.0083089 0
0.0514693 0
-0.0703218 0
-0.188974 0
0.00793604 0
-0.0773099 0
0.0567361 0
0.1802 0
-0.00278017 0
0.0672475 0
-0.0513223 0
-0.154447 0
0.00810443 0
-0.067136 0
0.0498452 0
0.124258 0
-0.00961561 0
0.0943405 0
-0.0689292 0
-0.119514 0
0.00150627 0
-0.17668 0
0.00335703 0
0.202778 0
0.0265442 0
-0.0161297 0
-0.0390945 0
-0.103784 0
0.0326756 0
-0.00809617 0
0.240563 0
0.0920671 0
0.0322191 0
-1.26552e-07 0
1.72381e-08 0
0.0139128 0
-0.00944029 0
-0.0181998 0
0.0315614 0
0.0217234 0
-0.0316171 0
-0.026008 0
0.0205061 0
0.0579934 0
0.0605786 0
-0.00259632 0
0.108211 0
0.0300035 0
0.00830875 0
-0.214056 0
-0.0782751 0
-0.0514688 0
-0.0139127 0
0.0094402 0
-6.98113e-08 0
-1.31707e-07 0
0.0108036 0
0.00142489 0
-0.0101307 0
-0.000774406 0
-0.0228276 0
-0.0905214 0
-0.0291886 0
-0.0568744 0
0.016242 0
-0.00793585 0
0.188975 0
0.0703219 0
0.0773089 0
0.0181998 0
-0.0315604 0
-0.0108036 0
-0.00142555 0
-6.50698e-08 0
4.58597e-07 0
0.0325972 0
0.0997732 0
0.0114844 0
0.0254046 0
-0.00979829 0
0.00278012 0
-0.180201 0
-0.0567366 0
-0.067247 0
-0.021723 0
0.031617 0
0.0101305 0
0.000774521 0
-0.0325969 0
-0.0997734 0
-1.45678e-08 0
1.02681e-07 0
0.00800036 0
-0.00810423 0
0.154448 0
0.0513225 0
0.0671347 0
0.0260078 0
-0.0205056 0
0.0228275 0
0.0905207 0
-0.0114847 0
-0.0254046 0
-0.00800031 0
0.00961572 0
-0.124259 0
-0.0498457 0
-0.0943393 0
-0.0579928 0
-0.0605787 0
0.0291886 0
0.0568752 0
0.00979855 0
-0.00150632 0
0.119515 0
0.0689296 0
0.176679 0
0.00259571 0
-0.108211 0
-0.0162419 0
-0.0265441 0
-0.202779 0
-0.00335719 0
0.0161312 0
-0.0300033 0
-0.0326759 0
0.103784 0
0.0390949 0
0 0
0 0
0 0
0 0
0 0
0 0
0 0
0 0
0 0
0 0
0 0
0 0
0 0
0 0
0 0
0 0
0 0
0 0
0 0
0 0
0 0
0 0
0 0
0 0
0 0
0 0
0 0
0 0
0 0
0 0
0 0
0 0
0 0
0 0
0 0
0 0
0 0
0 0
0 0
0 0
0 0
0 0
0 0
0 0
0 0
0 0
0 0
0 0
0 0
0 0
0 0
0 0
0 0
0 0
0 0
0 0
0 0
0 0
0 0
0 0
0 0
0 0
0 0
0 0
0 0
0 0
0 0
0 0
0 0
0 0
0 0
0 0
0 0
0 0
0 0
0 0
0 0
0 0
0 0
0 0
0 0
0 0
0 0
0 0
0 0
0 0
0 0
0 0
0 0
0 0
0 0
0 0
0 0
0 0
0 0
0 0
0 0
0 0
0 0
0 0
0 0
0 0
0 0
0 0
0 0
0 0
0 0
0 0
0 0
0 0
0 0
0 0
0 0
0 0
0 0
0 0
0 0
0 0
0 0
0 0
0 0
0 0
0 0
0 0
0 0
0 0
0 0
0 0
0 0
0 0
0 0
0 0
0 0
0 0
0 0
0 0
0 0
0 0
0 0
0 0
0 0
0.00612767 0
-0.110914 0
-0.0187734 0
-0.110916 0
0.00612709 0
0.12951 0
0.165309 0
0.0422174 0
0.0303494 0
-0.026048 0
-0.0709979 0
-0.0521793 0
-0.0457167 0
-0.00483231 0
-0.0382863 0
0.00865357 0
0.17436 0
0.040833 0
-0.109726 0
-0.0507653 0
-0.146397 0
0.00888804 0
0.104401 0
0.0414778 0
0.123999 0
-0.00707093 0
-0.104086 0
-0.0599419 0
-0.102827 0
0.00676549 0
0.0253721 0
0.00914994 0
0.164593 0
0.0196719 0
-0.163262 0
0.0124889 0
-0.0838512 0
0.0258225 0
0.284072 0
0.0577803 0
-0.107425 0
-0.0633453 0
-0.0260479 0
0.0303478 0
0.0422168 0
-0.0709982 0
-0.0197167 0
0.0814426 0
0.0276449 0
0.0400783 0
-0.0018991 0
0.0639078 0
0.050369 0
-0.0130204 0
-0.0231024 0
0.0478335 0
0.0610015 0
0.110706 0
-0.08299 0
-0.198845 0
0.0278616 0
-0.00483234 0
-0.0457152 0
-0.0521788 0
-0.038286 0
0.0276452 0
0.0400789 0
-0.00794763 0
-0.104811 0
-0.0201011 0
-0.0202681 0
-0.0330723 0
-0.0674714 0
-0.0170178 0
-0.0329645 0
0.0687718 0
0.126119 0
-0.0230825 0
0.0408331 0
0.174358 0
0.00865291 0
-0.109727 0
-0.00189916 0
0.0639082 0
-0.0201011 0
-0.0202686 0
0.043806 0
0.177028 0
0.0193067 0
-0.0511154 0
-0.066183 0
-0.114976 0
0.0034806 0
0.00888818 0
-0.146396 0
-0.050765 0
0.104401 0
0.0503692 0
-0.0130203 0
-0.0330724 0
-0.0674716 0
0.0193067 0
-0.0511152 0
0.0248061 0
0.178343 0
0.0200187 0
-0.00707081 0
0.123998 0
0.0414773 0
-0.104086 0
-0.0231024 0
0.0478336 0
-0.0170178 0
-0.0329642 0
-0.0661829 0
-0.114976 0
0.0200187 0
0.00676536 0
-0.102826 0
-0.0599416 0
0.0253726 0
0.0610015 0
0.110706 0
0.0687718 0
0.126119 0
0.00348051 0
0.0196719 0
0.164592 0
0.00914978 0
-0.163262 0
-0.0829902 0
-0.198844 0
-0.0230824 0
0.0258225 0
-0.0838507 0
0.0124891 0
0.284073 0
0.0278618 0
-0.0633453 0
-0.107425 0
0.0577802 0
-0.0521611 0
0.0289456 0
0.191985 0
0.0289458 0
-0.0521597 0
-0.0338599 0
0.00140542 0
-0.0938565 0
-0.0352825 0
-0.05348 0
-0.00335474 0
0.0804857 0
0.0383835 0
0.0411865 0
-0.00313311 0
-0.100731 0
-0.0389234 0
-0.00647984 0
0.0073095 0
0.146677 0
0.0382158 0
-0.00911109 0
0.00861359 0
-0.0881113 0
-0.0396086 0
-0.0234364 0
-0.000792865 0
0.128302 0
0.0390977 0
-0.00663025 0
0.00511294 0
-0.0708436 0
-0.0394137 0
-0.00523532 0
0.00711098 0
0.292593 0
0.0377762 0
-0.0411904 0
0.0448428 0
0.0040972 0
-0.0446262 0
-0.140185 0
-0.053479 0
-0.0352822 0
-0.093852 0
-0.00335326 0
0.00308504 0
0.00788484 0
0.0106367 0
-0.000133594 0
-0.023584 0
-0.0173085 0
-0.0322579 0
-0.00398741 0
-0.0426134 0
-0.0138041 0
-0.0418536 0
-0.00843414 0
-0.200229 0
-0.0694945 0
-0.16324 0
0.0411819 0
0.0383829 0
0.0804857 0
-0.00313398 0
0.0106347 0
-0.000133565 0
0.0125335 0
0.00543286 0
0.00219384 0
0.0128767 0
0.0625129 0
0.0193469 0
0.0418169 0
0.011389 0
0.216184 0
0.0893253 0
0.153449 0
-0.00647718 0
-0.0389225 0
-0.100732 0
0.00730926 0
-0.023582 0
-0.0173074 0
0.00219212 0
0.0128748 0
-0.0245625 0
-0.0362147 0
-0.0441657 0
-0.00326144 0
-0.222845 0
-0.098592 0
-0.0990394 0
-0.00911039 0
0.038215 0
0.146675 0
0.00861393 0
-0.0322548 0
-0.00398764 0
0.0625088 0
0.0193471 0
-0.0441646 0
-0.00326116 0
0.256946 0
0.101236 0
0.0241287 0
-0.0234375 0
-0.0396078 0
-0.0881113 0
-0.000793924 0
-0.042613 0
-0.0138027 0
0.0418206 0
0.0113889 0
-0.222846 0
-0.0985921 0
0.0241276 0
-0.00662686 0
0.0390972 0
0.128299 0
0.00511333 0
-0.0418533 0
-0.0084358 0
0.216181 0
0.0893255 0
-0.0990383 0
-0.00523658 0
-0.0394133 0
-0.0708391 0
0.00711183 0
-0.200231 0
-0.0694943 0
0.153452 0
-0.0411924 0
0.0377756 0
0.292593 0
0.0448424 0
-0.163242 0
-0.140185 0
-0.0446258 0
0.00409781 0
0 0
0 0
0 0
0 0
0 0
0 0
0 0
0 0
0 0
0 0
0 0
0 0
0 0
0 0
0 0
0 0
0 0
0 0
0 0
0 0
0 0
0 0
0 0
0 0
0 0
0 0
0 0
0 0
0 0
0 0
0 0
0 0
0 0
0 0
0 0
0 0
0 0
0 0
0 0
0 0
0 0
0 0
0 0
0 0
0 0
0 0
0 0
0 0
0 0
0 0
0 0
0 0
0 0
0 0
0 0
0 0
0 0
0 0
0 0
0 0
0 0
0 0
0 0
0 0
0 0
0 0
0 0
0 0
0 0
0 0
0 0
0 0
0 0
0 0
0 0
0 0
0 0
0 0
0 0
0 0
0 0
0 0
0 0
0 0
0 0
0 0
0 0
0 0
0 0
0 0
0 0
0 0
0 0
0 0
0 0
0 0
0 0
0 0
0 0
0 0
0 0
0 0
0 0
0 0
0 0
0 0
0 0
0 0
0 0
0 0
0 0
0 0
0 0
0 0
0 0
0 0
0 0
0 0
0 0
0 0
0 0
0 0
0 0
0 0
0 0
0 0
0 0
0 0
0 0
0 0
0 0
0 0
0 0
0 0
0 0
0 0
0 0
0 0
0 0
0 0
0 0
-0.0757717 0
0.0422836 0
0.0520338 0
0.0422837 0
-0.0757699 0
-0.0492276 0
-0.0686297 0
-0.130356 0
-0.0249238 0
0.14976 0
0.0421776 0
0.231409 0
0.018064 0
-0.0943251 0
0.0308692 0
-0.00901962 0
-0.0247591 0
-0.0829187 0
-0.0091982 0
0.0871739 0
0.0261115 0
0.0180096 0
0.015039 0
-0.00841701 0
-0.027662 0
-0.0272702 0
0.00960807 0
-0.119371 0
0.0241782 0
-0.0467754 0
-0.0738751 0
-0.169653 0
-0.0104195 0
0.23809 0
0.0196178 0
0.0995618 0
0.00672277 0
-0.0994118 0
0.00393643 0
-0.0373409 0
-0.00581421 0
0.0196253 0
0.149762 0
-0.0249236 0
-0.130353 0
0.0421785 0
0.0281573 0
-0.0736874 0
-0.127794 0
-0.0123382 0
-0.10627 0
-0.0238481 0
-0.0328637 0
-0.00402696 0
0.157119 0
0.0625372 0
0.0637412 0
0.0372553 0
0.12941 0
-0.0114354 0
-0.0505164 0
-0.094329 0
0.0180636 0
0.231409 0
0.0308684 0
-0.127795 0
-0.0123378 0
0.195868 0
0.1049 0
0.0652771 0
-0.0514341 0
-0.136725 0
-0.00594454 0
-0.0278014 0
-0.0677782 0
-0.078848 0
-0.00293147 0
-0.113424 0
-0.0829161 0
-0.0247584 0
-0.00902104 0
-0.00919861 0
-0.106268 0
-0.0238472 0
0.0652743 0
-0.0514363 0
-0.0887703 0
0.0652838 0
0.146056 0
0.00685282 0
-0.102397 0
0.0196203 0
0.183399 0
0.0180104 0
0.0261109 0
0.0871722 0
0.0150394 0
-0.0328601 0
-0.00402682 0
-0.136729 0
-0.00594421 0
0.146057 0
0.00685309 0
-0.0225294 0
-0.0219526 0
-0.0217977 0
-0.0272711 0
-0.0276615 0
-0.00841772 0
0.00960687 0
0.157119 0
0.0625387 0
-0.0277977 0
-0.0677784 0
-0.102397 0
0.0196202 0
-0.0217986 0
-0.0467722 0
0.0241779 0
-0.119375 0
-0.0738749 0
0.0637413 0
0.0372536 0
-0.0788521 0
-0.0029313 0
0.1834 0
0.238089 0
-0.0104192 0
-0.169648 0
0.0196188 0
0.129409 0
-0.011435 0
-0.11342 0
-0.0994147 0
0.00672231 0
0.0995616 0
0.00393582 0
-0.0505179 0
0.0196271 0
-0.00581364 0
-0.037341 0
0 0
0 0
0 0
0 0
0 0
0 0
0 0
0 0
0 0
0 0
0 0
0 0
0 0
0 0
0 0
0 0
0 0
0 0
0 0
0 0
0 0
0 0
0 0
0 0
0 0
0 0
0 0
0 0
0 0
0 0
0 0
0 0
0 0
0 0
0 0
0 0
0 0
0 0
0 0
0 0
0 0
0 0
0 0
0 0
0 0
0 0
0 0
0 0
0 0
0 0
0 0
0 0
0 0
0 0
0 0
0 0
0 0
0 0
0 0
0 0
0 0
0 0
0 0
0 0
0 0
0 0
0 0
0 0
0 0
0 0
0 0
0 0
0 0
0 0
0 0
0 0
0 0
0 0
0 0
0 0
0 0
0 0
0 0
0 0
0 0
0 0
0 0
0 0
0 0
0 0
0 0
0 0
0 0
0 0
0 0
0 0
0 0
0 0
0 0
0 0
0 0
0 0
0 0
0 0
0 0
0 0
0 0
0 0
0 0
0 0
0 0
0 0
0 0
0 0
0 0
0 0
0 0
0 0
0 0
0 0
0 0
0 0
0 0
0 0
0 0
0 0
0 0
0 0
0 0
0 0
0 0
0 0
0 0
0 0
0 0
0 0
0 0
0 0
0 0
0 0
0 0
-0.0674677 0
-0.00605194 0
-2.63748e-06 0
0.00605045 0
0.0674703 0
8.61156e-07 0
6.812e-07 0
-0.20112 0
-0.0116855 0
-0.0494465 0
-0.067187 0
-0.00457474 0
0.0269336 0
0.215462 0
0.0384612 0
0.0418908 0
-0.03719 0
-0.130179 0
0.0129894 0
0.0902845 0
0.0355308 0
-0.0226856 0
-0.0156044 0
0.0231836 0
-0.0334253 0
0.038351 0
0.0572887 0
0.178973 0
0.0217408 0
-0.161113 0
-0.0192746 0
-0.213993 0
-0.0191285 0
0.046788 0
-0.0427593 0
0.0165166 0
0.0230172 0
0.110378 0
0.0247325 0
-0.0188514 0
-0.0256436 0
-0.0592331 0
0.0494447 0
0.0116868 0
0.201124 0
0.0671863 0
-5.13209e-07 0
4.9975e-07 0
0.080469 0
-0.00388836 0
-0.0924969 0
-0.0484227 0
-0.161056 0
0.00143584 0
-0.0273842 0
-0.0705433 0
-0.0237197 0
0.0802198 0
0.0682663 0
-0.0136248 0
0.0758256 0
-0.215461 0
-0.0269347 0
0.00456893 0
-0.0384617 0
-0.0804669 0
0.0038887 0
-1.9525e-06 0
-1.14011e-06 0
0.103685 0
0.0952661 0
0.192884 0
-0.0104517 0
-0.166532 0
0.0143191 0
0.20142 0
-0.00947222 0
-0.185206 0
0.130181 0
0.0371913 0
-0.0418885 0
-0.0129894 0
0.0924998 0
0.0484235 0
-0.103687 0
-0.0952654 0
9.33177e-07 0
-3.1141e-07 0
-0.0588069 0
-0.0160841 0
0.00924771 0
0.00547731 0
-0.0448655 0
0.0226853 0
-0.0355321 0
-0.0902896 0
0.0156038 0
0.161057 0
-0.00143554 0
-0.192882 0
0.0104516 0
0.058805 0
0.0160839 0
-2.69651e-06 0
-8.25293e-07 0
0.0521349 0
-0.0383494 0
0.0334266 0
-0.0231817 0
-0.0572887 0
0.027382 0
0.0705421 0
0.166532 0
-0.0143178 0
-0.0092409 0
-0.00547565 0
-0.0521347 0
0.161113 0
-0.0217421 0
-0.178972 0
0.0192759 0
0.0237183 0
-0.0802205 0
-0.201423 0
0.00947037 0
0.0448635 0
-0.0467925 0
0.0191296 0
0.213998 0
0.042759 0
-0.0682642 0
0.0136264 0
0.185205 0
-0.110375 0
-0.0230183 0
-0.0165248 0
-0.0247336 0
-0.0758221 0
0.0592356 0
0.0256448 0
0.0188526 0
0 0
0 0
0 0
0 0
0 0
0 0
0 0
0 0
0 0
0 0
0 0
0 0
0 0
0 0
0 0
0 0
0 0
0 0
0 0
0 0
0 0
0 0
0 0
0 0
0 0
0 0
0 0
0 0
0 0
0 0
0 0
0 0
0 0
0 0
0 0
0 0
0 0
0 0
0 0
0 0
0 0
0 0
0 0
0 0
0 0
0 0
0 0
0 0
0 0
0 0
0 0
0 0
0 0
0 0
0 0
0 0
0 0
0 0
0 0
0 0
0 0
0 0
0 0
0 0
0 0
0 0
0 0
0 0
0 0
0 0
0 0
0 0
0 0
0 0
0 0
0 0
0 0
0 0
0 0
0 0
0 0
0 0
0 0
0 0
0 0
0 0
0 0
0 0
0 0
0 0
0 0
0 0
0 0
0 0
0 0
0 0
0 0
0 0
0 0
0 0
0 0
0 0
0 0
0 0
0 0
0 0
0 0
0 0
0 0
0 0
0 0
0 0
0 0
0 0
0 0
0 0
0 0
0 0
0 0
0 0
0 0
0 0
0 0
0 0
0 0
0 0
0 0
0 0
0 0
0 0
0 0
0 0
0 0
0 0
0 0
0 0
0 0
0 0
0 0
0 0
0 0
0 0
0 0
0 0
0 0
0 0
0 0
0 0
0 0
0 0
0 0
0 0
0 0
0 0
0 0
0 0
0 0
0 0
0 0
0 0
0 0
0 0
0 0
0 0
0 0
0 0
0 0
0 0
0 0
0 0
0 0
0 0
0 0
0 0
0 0
0 0
0 0
0 0
0 0
0 0
0 0
0 0
0 0
0 0
0 0
0 0
0 0
0 0
0 0
0 0
0 0
0 0
0 0
0 0
0 0
0 0
0 0
0 0
0 0
0 0
0 0
0 0
0 0
0 0
0 0
0 0
0 0
0 0
0 0
0 0
0 0
0 0
0 0
0 0
0 0
0 0
0 0
0 0
0 0
0 0
0 0
0 0
0 0
0 0
0 0
0 0
0 0
0 0
0 0
0 0
0 0
0 0
0 0
0 0
0 0
0 0
0 0
0 0
0 0
0 0
0 0
0 0
0 0
0 0
0 0
0 0
0 0
0 0
0 0
0 0
0 0
0 0
0 0
0 0
0 0
0 0
0 0
0 0
0 0
0 0
0 0
0 0
0 0
0 0
0 0
0 0
0 0
0 0
0 0
0 0
0 0
0 0
0 0
0 0
0 0
0 0
0 0
0 0
0 0
0 0
0 0
0 0
0.00370231 0
0.0111659 0
-2.59735e-07 0
-0.0111656 0
-0.00370232 0
-1.48455e-07 0
-1.03913e-06 0
-0.0551468 0
0.0112188 0
1.73092e-05 0
-0.173019 0
-0.0139247 0
0.175645 0
0.0591094 0
-0.0437275 0
0.0291858 0
-0.132834 0
0.0136704 0
0.264874 0
0.0623517 0
-0.132451 0
-0.0848299 0
0.0527546 0
-0.0263444 0
0.0716289 0
-0.0193159 0
-0.202846 0
-0.0444835 0
0.140198 0
0.0680965 0
-0.0712386 0
-0.0107556 0
-0.0795517 0
0.0194315 0
0.119604 0
0.0287612 0
-0.0248479 0
-0.0335907 0
-0.0101827 0
0.00273134 0
0.0184817 0
-0.00212152 0
-1.66957e-05 0
-0.0112172 0
0.0551467 0
0.173019 0
-3.83348e-08 0
-1.31422e-07 0
-0.0325764 0
-0.0537423 0
0.00972155 0
-0.181933 0
-0.0162407 0
0.0794134 0
-0.00636319 0
0.104472 0
0.0279131 0
0.0503964 0
0.0246901 0
-0.0956711 0
-0.0348186 0
-0.0591093 0
-0.175646 0
0.0139249 0
0.0437294 0
0.0325764 0
0.0537406 0
-5.21623e-07 0
6.62605e-08 0
-0.0708195 0
-0.0322533 0
0.0565199 0
0.123974 0
0.0220915 0
-0.160576 0
-0.032254 0
0.0151754 0
-0.0257022 0
-0.013671 0
0.132833 0
-0.0291852 0
-0.264874 0
-0.00972121 0
0.181935 0
0.0708201 0
0.0322526 0
-3.5096e-07 0
-4.41543e-07 0
-0.0243807 0
-0.197315 0
-0.0571037 0
0.187217 0
0.0635872 0
0.0848298 0
0.132451 0
-0.0623524 0
-0.0527573 0
0.0162407 0
-0.0794128 0
-0.0565201 0
-0.123974 0
0.0243808 0
0.197317 0
2.3922e-07 0
-9.76814e-07 0
0.0594981 0
0.0193167 0
-0.0716264 0
0.026344 0
0.202845 0
0.00636356 0
-0.10447 0
-0.0220917 0
0.160574 0
0.0571038 0
-0.187217 0
-0.0594987 0
-0.0680962 0
-0.140199 0
0.0444832 0
0.0712402 0
-0.0279127 0
-0.0503981 0
0.0322535 0
-0.0151736 0
-0.0635866 0
-0.019432 0
0.0795517 0
0.0107561 0
-0.119604 0
-0.0246907 0
0.0956713 0
0.0257028 0
0.0335908 0
0.024848 0
-0.0287612 0
0.0101826 0
0.0348186 0
0.00212154 0
-0.0184817 0
-0.00273138 0
0 0
0 0
0 0
0 0
0 0
0 0
0 0
0 0
0 0
0 0
0 0
0 0
0 0
0 0
0 0
0 0
0 0
0 0
0 0
0 0
0 0
0 0
0 0
0 0
0 0
0 0
0 0
0 0
0 0
0 0
0 0
0 0
0 0
0 0
0 0
0 0
0 0
0 0
0 0
0 0
0 0
0 0
0 0
0 0
0 0
0 0
0 0
0 0
0 0
0 0
0 0
0 0
0 0
0 0
0 0
0 0
0 0
0 0
0 0
0 0
0 0
0 0
0 0
0 0
0 0
0 0
0 0
0 0
0 0
0 0
0 0
0 0
0 0
0 0
0 0
0 0
0 0
0 0
0 0
0 0
0 0
0 0
0 0
0 0
0 0
0 0
0 0
0 0
0 0
0 0
0 0
0 0
0 0
0 0
0 0
0 0
0 0
0 0
0 0
0 0
0 0
0 0
0 0
0 0
0 0
0 0
0 0
0 0
0 0
0 0
0 0
0 0
0 0
0 0
0 0
0 0
0 0
0 0
0 0
0 0
0 0
0 0
0 0
0 0
0 0
0 0
0 0
0 0
0 0
0 0
0 0
0 0
0 0
0 0
0 0
0 0
0 0
0 0
0 0
0 0
0 0
0.000776021 0
-0.0182611 0
0.0453418 0
-0.0182606 0
0.000776179 0
0.0206011 0
0.172158 0
0.00985966 0
-0.141992 0
-0.0521364 0
-0.00124182 0
0.00514057 0
0.116618 0
-0.00802746 0
-0.100205 0
-0.0431663 0
0.0146045 0
0.0419084 0
-0.0449951 0
0.0731602 0
0.00373677 0
0.00586587 0
0.258502 0
0.0346051 0
-0.24883 0
-0.0778487 0
0.0933768 0
0.0369408 0
0.14128 0
-0.0345797 0
-0.123489 0
-0.0356269 0
-0.013497 0
0.0409489 0
0.0337005 0
0.00924492 0
-0.0161573 0
-0.00954278 0
0.00963753 0
0.00432868 0
0.0035128 0
-0.00421443 0
-0.0521364 0
-0.141992 0
0.00986056 0
-0.00123964 0
-0.0154954 0
-0.044809 0
-0.0016066 0
0.140208 0
-0.0471739 0
-0.236879 0
-0.0110293 0
-0.0554139 0
-0.0360564 0
-0.145383 0
-0.048624 0
0.123215 0
0.0383963 0
-0.041342 0
-0.0104302 0
-0.00802815 0
0.116616 0
0.00514053 0
-0.100205 0
-0.00160632 0
0.140209 0
0.108342 0
0.053578 0
-0.042381 0
0.0551441 0
0.0234455 0
0.0712481 0
0.0240174 0
0.14791 0
0.0599216 0
-0.0946543 0
-0.04343 0
0.0419082 0
0.0146065 0
-0.0431664 0
-0.0449977 0
-0.047174 0
-0.236877 0
-0.0423802 0
0.0551446 0
0.0433584 0
0.0239723 0
-0.0163299 0
-0.144336 0
-0.0220483 0
-0.0694625 0
-0.0515695 0
0.00586678 0
0.00373764 0
0.0731594 0
0.258501 0
-0.0110291 0
-0.0554146 0
0.0234449 0
0.0712468 0
-0.0163298 0
-0.144335 0
-0.0211595 0
0.224156 0
0.0491696 0
-0.0778486 0
-0.24883 0
0.0346055 0
0.093379 0
-0.0360562 0
-0.145385 0
0.0240172 0
0.147912 0
-0.0220476 0
-0.0694644 0
0.049169 0
-0.0345803 0
0.141278 0
0.0369412 0
-0.123489 0
-0.0486245 0
0.123214 0
0.059922 0
-0.0946544 0
-0.0515701 0
0.0409487 0
-0.013496 0
-0.0356266 0
0.0336996 0
0.0383961 0
-0.0413411 0
-0.0434298 0
-0.00954249 0
-0.0161575 0
0.00924462 0
0.0096376 0
-0.0104299 0
-0.00421447 0
0.00351284 0
0.00432872 0
0 0
0 0
0 0
0 0
0 0
0 0
0 0
0 0
0 0
0 0
0 0
0 0
0 0
0 0
0 0
0 0
0 0
0 0
0 0
0 0
0 0
0 0
0 0
0 0
0 0
0 0
0 0
0 0
0 0
0 0
0 0
0 0
0 0
0 0
0 0
0 0
0 0
0 0
0 0
0 0
0 0
0 0
0 0
0 0
0 0
0 0
0 0
0 0
0 0
0 0
0 0
0 0
0 0
0 0
0 0
0 0
0 0
0 0
0 0
0 0
0 0
0 0
0 0
0 0
0 0
0 0
0 0
0 0
0 0
0 0
0 0
0 0
0 0
0 0
0 0
0 0
0 0
0 0
0 0
0 0
0 0
0 0
0 0
0 0
0 0
0 0
0 0
0 0
0 0
0 0
0 0
0 0
0 0
0 0
0 0
0 0
0 0
0 0
0 0
0 0
0 0
0 0
0 0
0 0
0 0
0 0
0 0
0 0
0 0
0 0
0 0
0 0
0 0
0 0
0 0
0 0
0 0
0 0
0 0
0 0
0 0
0 0
0 0
0 0
0 0
0 0
0 0
0 0
0 0
0 0
0 0
0 0
0 0
0 0
0 0
0 0
0 0
0 0
0 0
0 0
0 0
-0.00243476 0
0.0655416 0
-0.0129305 0
0.0655415 0
-0.00243479 0
-0.0728626 0
-0.169653 0
-0.0248705 0
0.0460586 0
0.0364087 0
0.0508478 0
-0.0718554 0
-0.032229 0
0.00438711 0
-0.230072 0
-0.0106496 0
0.210092 0
0.0569586 0
-0.0121491 0
-0.0205967 0
-0.153372 0
0.0181897 0
0.104536 0
0.0416682 0
0.0133033 0
-0.0446105 0
0.00588796 0
-0.0177412 0
0.00837665 0
0.00698971 0
-0.0675027 0
-0.0246932 0
0.0328517 0
0.0132481 0
-0.0367268 0
-0.034696 0
0.0335873 0
0.0214388 0
-0.0985734 0
-0.0215521 0
0.0332827 0
0.0223512 0
0.0364086 0
0.0460585 0
-0.0248703 0
0.0508484 0
0.116568 0
0.253066 0
-0.00653215 0
-0.04248 0
0.026711 0
0.134616 0
0.0171577 0
-0.186731 0
-0.0217393 0
0.116262 0
0.0171481 0
0.00246357 0
0.0466086 0
0.174159 0
0.0249361 0
0.00438691 0
-0.0322295 0
-0.0718553 0
-0.230071 0
-0.0065322 0
-0.0424802 0
-0.0378629 0
-0.0314408 0
0.0121464 0
-0.0665491 0
-0.0734902 0
0.0314235 0
0.0521131 0
0.0119488 0
-0.0627841 0
-0.198779 0
-0.00788372 0
0.0569585 0
0.210092 0
-0.0106496 0
-0.0121495 0
0.0267109 0
0.134617 0
0.0121466 0
-0.0665489 0
0.0324363 0
0.233262 0
0.0348405 0
-0.160192 0
0.0155691 0
0.194636 0
-0.00130518 0
0.0181897 0
-0.153372 0
-0.0205969 0
0.104536 0
0.0171577 0
-0.186732 0
-0.0734903 0
0.0314234 0
0.0348406 0
-0.160191 0
-0.115124 0
-0.0296497 0
0.0525837 0
-0.0446105 0
0.0133035 0
0.0416684 0
0.0058882 0
-0.0217394 0
0.116262 0
0.0521131 0
0.0119488 0
0.0155691 0
0.194636 0
0.0525836 0
0.00698958 0
0.00837607 0
-0.0177412 0
-0.0675023 0
0.0171482 0
0.0024635 0
-0.0627841 0
-0.198779 0
-0.00130527 0
0.013248 0
0.032852 0
-0.0246933 0
-0.0367276 0
0.0466085 0
0.17416 0
-0.00788357 0
0.021439 0
0.0335875 0
-0.0346962 0
-0.0985735 0
0.0249363 0
0.0223513 0
0.0332827 0
-0.0215521 0
0 0
0 0
0 0
0 0
0 0
0 0
0 0
0 0
0 0
0 0
0 0
0 0
0 0
0 0
0 0
0 0
0 0
0 0
0 0
0 0
0 0
0 0
0 0
0 0
0 0
0 0
0 0
0 0
0 0
0 0
0 0
0 0
0 0
0 0
0 0
0 0
0 0
0 0
0 0
0 0
0 0
0 0
0 0
0 0
0 0
0 0
0 0
0 0
0 0
0 0
0 0
0 0
0 0
0 0
0 0
0 0
0 0
0 0
0 0
0 0
0 0
0 0
0 0
0 0
0 0
0 0
0 0
0 0
0 0
0 0
0 0
0 0
0 0
0 0
0 0
0 0
0 0
0 0
0 0
0 0
0 0
0 0
0 0
0 0
0 0
0 0
0 0
0 0
0 0
0 0
0 0
0 0
0 0
0 0
0 0
0 0
0 0
0 0
0 0
0 0
0 0
0 0
0 0
0 0
0 0
0 0
0 0
0 0
0 0
0 0
0 0
0 0
0 0
0 0
0 0
0 0
0 0
0 0
0 0
0 0
0 0
0 0
0 0
0 0
0 0
0 0
0 0
0 0
0 0
0 0
0 0
0 0
0 0
0 0
0 0
0 0
0 0
0 0
0 0
0 0
0 0
0.00651682 0
0.0195423 0
-5.80289e-08 0
-0.019542 0
-0.00651682 0
-1.25372e-07 0
-3.99665e-07 0
-0.0352897 0
0.0207717 0
0.000402222 0
-0.123706 0
-0.011973 0
0.110968 0
0.0418998 0
-0.0223976 0
-0.0753514 0
-0.0942977 0
0.00535247 0
-0.110017 0
0.00915943 0
0.224362 0
0.04182 0
-0.0872995 0
-0.0537274 0
-0.174358 0
0.0159672 0
0.102562 0
0.0339649 0
0.131475 0
-0.0138623 0
-0.132392 0
0.011867 0
-0.0755809 0
0.018008 0
0.242178 0
0.0338858 0
-0.0859129 0
-0.0522493 0
-0.0572041 0
0.00535848 0
0.0733935 0
-0.00419603 0
-0.000402034 0
-0.0207713 0
0.0352896 0
0.123706 0
7.49257e-08 0
5.83196e-08 0
0.0788397 0
0.256936 0
0.0260212 0
-0.0692106 0
0.0133556 0
0.197205 0
0.0570317 0
-0.130807 0
-0.0943436 0
-0.0178418 0
0.0365438 0
-0.114949 0
-0.0569477 0
-0.0418998 0
-0.110968 0
0.011973 0
0.0223976 0
-0.0788397 0
-0.256936 0
2.01962e-09 0
2.70789e-07 0
-0.0676103 0
-0.13411 0
0.0104519 0
-0.0316279 0
-0.0150865 0
0.116345 0
0.0509017 0
0.0505542 0
-0.0206743 0
-0.00535252 0
0.0942979 0
0.0753515 0
0.110017 0
-0.0260212 0
0.0692107 0
0.0676105 0
0.13411 0
-1.15701e-07 0
-6.00172e-08 0
-0.008658 0
0.00573151 0
0.0109263 0
-0.0896071 0
-0.012336 0
-0.04182 0
-0.224362 0
-0.00915946 0
0.0872995 0
-0.0133557 0
-0.197206 0
-0.0104519 0
0.0316283 0
0.00865809 0
-0.00573159 0
2.64242e-07 0
8.76136e-07 0
-0.0286334 0
-0.0159672 0
0.174358 0
0.0537275 0
-0.102562 0
-0.0570318 0
0.130807 0
0.0150866 0
-0.116345 0
-0.010927 0
0.0896054 0
0.0286334 0
0.0138622 0
-0.131475 0
-0.033965 0
0.132392 0
0.0943435 0
0.0178416 0
-0.0509012 0
-0.0505524 0
0.0123361 0
-0.018008 0
0.0755811 0
-0.0118668 0
-0.242178 0
-0.0365443 0
0.114947 0
0.0206745 0
0.0522492 0
0.0859125 0
-0.0338855 0
0.0572051 0
0.0569476 0
0.00419577 0
-0.0733939 0
-0.00535829 0
0 0
0 0
0 0
0 0
0 0
0 0
0 0
0 0
0 0
0 0
0 0
0 0
0 0
0 0
0 0
0 0
0 0
0 0
0 0
0 0
0 0
0 0
0 0
0 0
0 0
0 0
0 0
0 0
0 0
0 0
0 0
0 0
0 0
0 0
0 0
0 0
0 0
0 0
0 0
0 0
0 0
0 0
0 0
0 0
0 0
0 0
0 0
0 0
0 0
0 0
0 0
0 0
0 0
0 0
0 0
0 0
0 0
0 0
0 0
0 0
0 0
0 0
0 0
0 0
0 0
0 0
0 0
0 0
0 0
0 0
0 0
0 0
0 0
0 0
0 0
0 0
0 0
0 0
0 0
0 0
0 0
0 0
0 0
0 0
0 0
0 0
0 0
0 0
0 0
0 0
0 0
0 0
0 0
0 0
0 0
0 0
0 0
0 0
0 0
0 0
0 0
0 0
0 0
0 0
0 0
0 0
0 0
0 0
0 0
0 0
0 0
0 0
0 0
0 0
0 0
0 0
0 0
0 0
0 0
0 0
0 0
0 0
0 0
0 0
0 0
0 0
0 0
0 0
0 0
0 0
0 0
0 0
0 0
0 0
0 0
0 0
0 0
0 0
0 0
0 0
0 0
-0.00131087 0
0.0551663 0
-0.0347682 0
0.0551666 0
-0.00131079 0
-0.0590785 0
-0.213262 0
-0.0196116 0
0.104738 0
0.0525525 0
0.0516004 0
-0.0267038 0
-0.101854 0
0.000921308 0
-0.0277294 0
0.0310655 0
0.0859054 0
-0.00514434 0
0.0348481 0
0.000971028 0
-0.0904785 0
-0.00147718 0
0.0584837 0
0.0367971 0
0.0119241 0
-0.0251991 0
0.0380289 0
0.0397368 0
-0.0372907 0
-0.00823794 0
0.117612 0
0.0479871 0
-0.0917779 0
-0.0417756 0
0.111799 0
0.0271704 0
-0.00688622 0
-0.0320698 0
-0.0258713 0
-0.00316409 0
0.016357 0
0.00318953 0
0.0525525 0
0.104738 0
-0.0196119 0
0.0515994 0
0.0652925 0
0.0940446 0
-0.0144703 0
-0.109156 0
-0.0198101 0
0.0154304 0
-0.0176937 0
-0.127575 0
-0.0632579 0
-0.0969558 0
-0.0463077 0
-0.157941 0
-0.0387631 0
-0.0693344 0
-0.0316434 0
0.000921622 0
-0.101853 0
-0.0267039 0
-0.0277294 0
-0.0144699 0
-0.109155 0
-0.00870915 0
0.191732 0
0.043578 0
-0.0767355 0
0.0304778 0
0.295634 0
0.0721123 0
0.0205983 0
0.0262627 0
0.213874 0
0.0466194 0
-0.00514428 0
0.0859048 0
0.0310653 0
0.034848 0
-0.01981 0
0.0154297 0
0.0435776 0
-0.076736 0
-0.105665 0
-0.170452 0
0.0174361 0
-0.0732795 0
-0.0903939 0
-0.21465 0
-0.000246269 0
-0.00147717 0
-0.0904778 0
0.000971133 0
0.0584835 0
-0.0176936 0
-0.127574 0
0.030478 0
0.295634 0
0.0174362 0
-0.0732794 0
0.0450001 0
0.282371 0
0.0217391 0
-0.025199 0
0.0119236 0
0.0367969 0
0.038029 0
-0.0632578 0
-0.0969563 0
0.0721121 0
0.020598 0
-0.090394 0
-0.21465 0
0.0217391 0
-0.00823792 0
-0.0372901 0
0.0397368 0
0.117612 0
-0.0463079 0
-0.157941 0
0.0262628 0
0.213874 0
-0.000246201 0
-0.0417755 0
-0.0917783 0
0.0479871 0
0.111799 0
-0.038763 0
-0.0693351 0
0.0466192 0
-0.03207 0
-0.00688646 0
0.0271706 0
-0.0258713 0
-0.0316436 0
0.00318949 0
0.0163571 0
-0.00316405 0
-0.03245 0
0.0199483 0
-0.0359054 0
0.0199483 0
-0.0324496 0
-0.021407 0
-0.0492177 0
-0.0557243 0
-0.0111649 0
0.126878 0
0.0410224 0
-0.0882217 0
0.00845235 0
-0.104195 0
-0.0800904 0
-0.0300836 0
-0.00105077 0
0.217366 0
0.0722458 0
-0.0142586 0
-0.00435635 0
-0.190371 0
-0.07245 0
-0.0287822 0
0.00630672 0
0.191834 0
0.0571774 0
0.0101635 0
-0.0103233 0
-0.144546 0
-0.0439154 0
-0.0119411 0
0.011479 0
0.104147 0
0.0284416 0
0.0260779 0
-0.0109219 0
-0.0586174 0
-0.010807 0
0.0318449 0
0.0109215 0
0.000922307 0
0.126879 0
-0.011165 0
-0.0557237 0
0.0410227 0
0.267702 0
0.00688694 0
-0.123384 0
0.0257116 0
0.261798 0
0.00162457 0
-0.174666 0
0.0107588 0
0.190493 0
0.00575734 0
-0.130092 0
-0.00866368 0
0.0705357 0
0.00169472 0
-0.0895515 0
-0.104196 0
0.00845243 0
-0.0882216 0
-0.0800906 0
-0.123384 0
0.0257116 0
-0.0600173 0
-0.0732031 0
-0.0821761 0
0.0381297 0
0.0169881 0
-0.042052 0
-0.0428964 0
0.0210388 0
0.0333798 0
0.000228978 0
0.024054 0
0.217367 0
-0.0010508 0
-0.030084 0
0.0722459 0
0.261798 0
0.00162445 0
-0.0821751 0
0.0381301 0
0.182182 0
-0.0076275 0
-0.102791 0
0.00789421 0
0.0734238 0
-0.00274341 0
-0.0567514 0
-0.190372 0
-0.00435629 0
-0.0142583 0
-0.0724501 0
-0.174668 0
0.0107583 0
0.0169886 0
-0.0420519 0
-0.102793 0
0.00789353 0
0.0533399 0
0.0012464 0
-0.0248225 0
0.191835 0
0.00630667 0
-0.028781 0
0.0571779 0
0.190493 0
0.00575734 0
-0.0428952 0
0.0210391 0
0.0734229 0
-0.00274334 0
-0.0248212 0
-0.144548 0
-0.0103233 0
0.0101638 0
-0.0439157 0
-0.130093 0
-0.00866366 0
0.0333803 0
0.000228899 0
-0.0567517 0
0.104149 0
0.0114791 0
-0.0119414 0
0.0284418 0
0.0705364 0
0.00169474 0
0.0240535 0
-0.0586185 0
-0.0109219 0
0.0260782 0
-0.010807 0
-0.0895516 0
0.000922875 0
0.0109216 0
0.0318446 0
0 0
0 0
0 0
0 0
0 0
0 0
0 0
0 0
0 0
0 0
0 0
0 0
0 0
0 0
0 0
0 0
0 0
0 0
0 0
0 0
0 0
0 0
0 0
0 0
0 0
0 0
0 0
0 0
0 0
0 0
0 0
0 0
0 0
0 0
0 0
0 0
0 0
0 0
0 0
0 0
0 0
0 0
0 0
0 0
0 0
0 0
0 0
0 0
0 0
0 0
0 0
0 0
0 0
0 0
0 0
0 0
0 0
0 0
0 0
0 0
0 0
0 0
0 0
0 0
0 0
0 0
0 0
0 0
0 0
0 0
0 0
0 0
0 0
0 0
0 0
0 0
0 0
0 0
0 0
0 0
0 0
0 0
0 0
0 0
0 0
0 0
0 0
0 0
0 0
0 0
0 0
0 0
0 0
0 0
0 0
0 0
0 0
0 0
0 0
0 0
0 0
0 0
0 0
0 0
0 0
0 0
0 0
0 0
0 0
0 0
0 0
0 0
0 0
0 0
0 0
0 0
0 0
0 0
0 0
0 0
0 0
0 0
0 0
0 0
0 0
0 0
0 0
0 0
0 0
0 0
0 0
0 0
0 0
0 0
0 0
0 0
0 0
0 0
0 0
0 0
0 0
-0.011702 0
-0.000506275 0
7.99003e-08 0
0.000506235 0
0.0117021 0
2.14323e-08 0
6.05198e-08 0
-0.116897 0
-0.00119631 0
-0.0102179 0
-0.0392194 0
-0.00135229 0
0.0042045 0
0.123576 0
0.0345479 0
-0.0420182 0
-0.00775834 0
-0.10982 0
-0.0391427 0
0.00478205 0
0.0112055 0
0.129048 0
0.0294586 0
-0.154295 0
-0.0120611 0
-0.100937 0
-0.0652011 0
-0.0099826 0
0.0177988 0
0.219861 0
0.0445328 0
-0.0404512 0
-0.0192828 0
-0.157778 0
-0.0387141 0
-0.0134466 0
0.0176949 0
0.141839 0
0.0175807 0
0.0246221 0
-0.0175338 0
-0.0771982 0
0.0102175 0
0.00119632 0
0.116897 0
0.0392193 0
-1.16016e-06 0
-3.25378e-07 0
0.147567 0
0.0220034 0
-0.0805148 0
-0.0133506 0
0.237985 0
0.0653311 0
-0.0316054 0
-0.0123033 0
0.184082 0
0.0337127 0
-0.0612913 0
-0.0135533 0
0.0402481 0
-0.123576 0
-0.00420445 0
0.00135433 0
-0.0345472 0
-0.147567 0
-0.0220035 0
5.00513e-07 0
2.31631e-07 0
-0.19817 0
-0.0669775 0
-0.00722512 0
-0.00124891 0
-0.189863 0
-0.0536504 0
-0.0209877 0
0.0120482 0
-0.0192262 0
0.109818 0
0.00775822 0
0.0420182 0
0.0391421 0
0.0805135 0
0.0133507 0
0.19817 0
0.0669771 0
-9.664e-07 0
6.79767e-08 0
0.193268 0
0.0794866 0
0.0479744 0
-0.00880532 0
0.0760979 0
-0.129046 0
-0.0112053 0
-0.00478255 0
-0.0294584 0
-0.237983 0
-0.065331 0
0.00722552 0
0.00124939 0
-0.193267 0
-0.0794868 0
-8.47459e-07 0
-4.39805e-08 0
-0.150216 0
0.100936 0
0.0120609 0
0.154295 0
0.0652009 0
0.0316038 0
0.0123028 0
0.189863 0
0.0536504 0
-0.0479745 0
0.00880548 0
0.150217 0
-0.21986 0
-0.0177986 0
0.00998383 0
-0.0445325 0
-0.184082 0
-0.0337124 0
0.0209881 0
-0.0120484 0
-0.0760979 0
0.157777 0
0.0192826 0
0.0404509 0
0.0387139 0
0.0612916 0
0.0135534 0
0.0192254 0
-0.141838 0
-0.0176948 0
0.0134459 0
-0.0175807 0
-0.0402474 0
0.0771983 0
0.0175338 0
-0.0246222 0
0 0
0 0
0 0
0 0
0 0
0 0
0 0
0 0
0 0
0 0
0 0
0 0
0 0
0 0
0 0
0 0
0 0
0 0
0 0
0 0
0 0
0 0
0 0
0 0
0 0
0 0
0 0
0 0
0 0
0 0
0 0
0 0
0 0
0 0
0 0
0 0
0 0
0 0
0 0
0 0
0 0
0 0
0 0
0 0
0 0
0 0
0 0
0 0
0 0
0 0
0 0
0 0
0 0
0 0
0 0
0 0
0 0
0 0
0 0
0 0
0 0
0 0
0 0
0 0
0 0
0 0
0 0
0 0
0 0
0 0
0 0
0 0
0 0
0 0
0 0
0 0
0 0
0 0
0 0
0 0
0 0
0 0
0 0
0 0
0 0
0 0
0 0
0 0
0 0
0 0
0 0
0 0
0 0
0 0
0 0
0 0
0 0
0 0
0 0
0 0
0 0
0 0
0 0
0 0
0 0
0 0
0 0
0 0
0 0
0 0
0 0
0 0
0 0
0 0
0 0
0 0
0 0
0 0
0 0
0 0
0 0
0 0
0 0
0 0
0 0
0 0
0 0
0 0
0 0
0 0
0 0
0 0
0 0
0 0
0 0
0 0
0 0
0 0
0 0
0 0
0 0
-0.0506744 0
-0.00151447 0
4.44114e-08 0
0.00151459 0
0.0506742 0
-6.64517e-08 0
-1.16669e-07 0
0.100423 0
-0.00401978 0
-0.0462537 0
0.0373967 0
0.0118317 0
0.00329582 0
-0.0660043 0
-0.0367648 0
-0.264647 0
-0.00208353 0
0.0638517 0
-0.0354172 0
0.0296383 0
0.00468045 0
0.194703 0
0.0397699 0
0.212497 0
-0.00364856 0
-0.210664 0
0.0268719 0
-0.0167999 0
0.00348974 0
-0.0124839 0
-0.0349661 0
-0.134056 0
-0.0036463 0
0.0394521 0
-0.00421509 0
-0.011774 0
0.00158267 0
0.0839895 0
-0.000220966 0
0.0660558 0
-0.000536617 0
-0.0676577 0
0.0462541 0
0.00401964 0
-0.100423 0
-0.0373965 0
2.01965e-07 0
-1.45988e-07 0
0.142424 0
0.0894399 0
0.128938 0
-0.00691992 0
-0.123228 0
-0.073371 0
-0.115325 0
0.00362233 0
0.0463859 0
0.0473398 0
0.133345 0
-0.00454045 0
-0.0549252 0
0.0660038 0
-0.00329571 0
-0.011831 0
0.0367647 0
-0.142424 0
-0.0894398 0
2.61088e-07 0
-1.34921e-08 0
-0.0267133 0
-0.00355096 0
0.0158715 0
0.08307 0
0.0798977 0
-0.0594809 0
-0.0374102 0
-0.0014214 0
-0.0918496 0
-0.0638515 0
0.00208343 0
0.264646 0
0.0354173 0
-0.128938 0
0.00691997 0
0.0267129 0
0.00355083 0
-2.78026e-07 0
2.96476e-08 0
0.157214 0
-0.02153 0
-0.222269 0
0.00507783 0
0.125045 0
-0.194703 0
-0.00468029 0
-0.0296382 0
-0.0397701 0
0.123228 0
0.0733712 0
-0.015871 0
-0.0830698 0
-0.157214 0
0.0215299 0
-5.35825e-07 0
-3.79463e-08 0
0.112233 0
0.210665 0
0.00364842 0
-0.212497 0
-0.0268717 0
0.115325 0
-0.00362266 0
-0.0798981 0
0.0594809 0
0.22227 0
-0.00507776 0
-0.112232 0
0.0124836 0
-0.00348959 0
0.0168013 0
0.0349661 0
-0.0463866 0
-0.0473397 0
0.0374104 0
0.00142132 0
-0.125046 0
-0.0394528 0
0.00364615 0
0.134055 0
0.0042151 0
-0.133344 0
0.00454048 0
0.0918497 0
-0.0839886 0
-0.00158262 0
0.0117739 0
0.000220874 0
0.0549243 0
0.0676571 0
0.000536641 0
-0.0660551 0
0 0
0 0
0 0
0 0
0 0
0 0
0 0
0 0
0 0
0 0
0 0
0 0
0 0
0 0
0 0
0 0
0 0
0 0
0 0
0 0
0 0
0 0
0 0
0 0
0 0
0 0
0 0
0 0
0 0
0 0
0 0
0 0
0 0
0 0
0 0
0 0
0 0
0 0
0 0
0 0
0 0
0 0
0 0
0 0
0 0
0 0
0 0
0 0
0 0
0 0
0 0
0 0
0 0
0 0
0 0
0 0
0 0
0 0
0 0
0 0
0 0
0 0
0 0
0 0
0 0
0 0
0 0
0 0
0 0
0 0
0 0
0 0
0 0
0 0
0 0
0 0
0 0
0 0
0 0
0 0
0 0
0 0
0 0
0 0
0 0
0 0
0 0
0 0
0 0
0 0
0 0
0 0
0 0
0 0
0 0
0 0
0 0
0 0
0 0
0 0
0 0
0 0
0 0
0 0
0 0
0 0
0 0
0 0
0 0
0 0
0 0
0 0
0 0
0 0
0 0
0 0
0 0
0 0
0 0
0 0
0 0
0 0
0 0
0 0
0 0
0 0
0 0
0 0
0 0
0 0
0 0
0 0
0 0
0 0
0 0
0 0
0 0
0 0
0 0
0 0
0 0
0.0139546 0
-0.00888088 0
0.039735 0
-0.00888089 0
0.0139541 0
0.00925997 0
0.0273703 0
0.0208604 0
0.00478701 0
-0.0795855 0
-0.0252808 0
-0.20973 0
-0.00418661 0
0.0728063 0
-0.0395848 0
0.0173983 0
0.00621379 0
0.12464 0
0.038206 0
0.239974 0
-0.00752897 0
-0.123885 0
0.0418086 0
0.0155687 0
0.00858105 0
-0.138069 0
-0.0458168 0
-0.208301 0
-0.00710567 0
0.147527 0
-0.00360119 0
0.0558522 0
0.00683747 0
0.0400891 0
0.0144551 0
0.0249173 0
-0.00476177 0
-0.0760558 0
-0.00372248 0
-0.025267 0
0.00408104 0
0.0374386 0
-0.079586 0
0.00478703 0
0.0208619 0
-0.0252803 0
0.113053 0
0.086107 0
0.0735808 0
-0.0195088 0
-0.143054 0
-0.0705673 0
-0.130654 0
-0.0138486 0
0.055823 0
0.080268 0
0.1417 0
-0.0281878 0
-0.037993 0
0.00284262 0
-0.0104787 0
0.0728053 0
-0.00418667 0
-0.20973 0
-0.0395851 0
0.073579 0
-0.0195091 0
0.0103363 0
0.042585 0
0.0597148 0
0.0512264 0
0.0328384 0
-0.0247469 0
0.0450967 0
-0.0402849 0
-0.188373 0
0.000694072 0
0.0568718 0
0.124641 0
0.00621387 0
0.0173993 0
0.0382065 0
-0.143053 0
-0.0705671 0
0.0597151 0
0.0512263 0
0.0637154 0
-0.079583 0
-0.153233 0
0.0447656 0
0.021624 0
0.00284774 0
0.133557 0
-0.123887 0
-0.00752903 0
0.239974 0
0.0418081 0
-0.130655 0
-0.0138485 0
0.0328379 0
-0.0247472 0
-0.153233 0
0.0447656 0
0.266752 0
-0.0090887 0
-0.146771 0
-0.138067 0
0.0085811 0
0.015568 0
-0.0458166 0
0.0558243 0
0.0802681 0
0.0450968 0
-0.0402847 0
0.0216245 0
0.00284771 0
-0.146771 0
0.147526 0
-0.0071057 0
-0.208301 0
-0.00360147 0
0.141699 0
-0.0281881 0
-0.188373 0
0.000694064 0
0.133556 0
0.0400899 0
0.0068375 0
0.0558523 0
0.0144554 0
-0.0379927 0
0.00284265 0
0.0568727 0
-0.0760567 0
-0.00476183 0
0.0249179 0
-0.00372261 0
-0.0104798 0
0.0374387 0
0.00408114 0
-0.0252668 0
0 0
0 0
0 0
0 0
0 0
0 0
0 0
0 0
0 0
0 0
0 0
0 0
0 0
0 0
0 0
0 0
0 0
0 0
0 0
0 0
0 0
0 0
0 0
0 0
0 0
0 0
0 0
0 0
0 0
0 0
0 0
0 0
0 0
0 0
0 0
0 0
0 0
0 0
0 0
0 0
0 0
0 0
0 0
0 0
0 0
0 0
0 0
0 0
0 0
0 0
0 0
0 0
0 0
0 0
0 0
0 0
0 0
0 0
0 0
0 0
0 0
0 0
0 0
0 0
0 0
0 0
0 0
0 0
0 0
0 0
0 0
0 0
0 0
0 0
0 0
0 0
0 0
0 0
0 0
0 0
0 0
0 0
0 0
0 0
0 0
0 0
0 0
0 0
0 0
0 0
0 0
0 0
0 0
0 0
0 0
0 0
0 0
0 0
0 0
0 0
0 0
0 0
0 0
0 0
0 0
0 0
0 0
0 0
0 0
0 0
0 0
0 0
0 0
0 0
0 0
0 0
0 0
0 0
0 0
0 0
0 0
0 0
0 0
0 0
0 0
0 0
0 0
0 0
0 0
0 0
0 0
0 0
0 0
0 0
0 0
0 0
0 0
0 0
0 0
0 0
0 0
0 0
0 0
0 0
0 0
0 0
0 0
0 0
0 0
0 0
0 0
0 0
0 0
0 0
0 0
0 0
0 0
0 0
0 0
0 0
0 0
0 0
0 0
0 0
0 0
0 0
0 0
0 0
0 0
0 0
0 0
0 0
0 0
0 0
0 0
0 0
0 0
0 0
0 0
0 0
0 0
0 0
0 0
0 0
0 0
0 0
0 0
0 0
0 0
0 0
0 0
0 0
0 0
0 0
0 0
0 0
0 0
0 0
0 0
0 0
0 0
0 0
0 0
0 0
0 0
0 0
0 0
0 0
0 0
0 0
0 0
0 0
0 0
0 0
0 0
0 0
0 0
0 0
0 0
0 0
0 0
0 0
0 0
0 0
0 0
0 0
0 0
0 0
0 0
0 0
0 0
0 0
0 0
0 0
0 0
0 0
0 0
0 0
0 0
0 0
0 0
0 0
0 0
0 0
0 0
0 0
0 0
0 0
0 0
0 0
0 0
0 0
0 0
0 0
0 0
0 0
0 0
0 0
0 0
0 0
0 0
0 0
0 0
0 0
0 0
0 0
0 0
0 0
0 0
0 0
0 0
0 0
0 0
0 0
0 0
0 0
0 0
0 0
0 0
0 0
0 0
0 0
0.000998314 0
-0.135935 0
-0.00753202 0
-0.135935 0
0.000998182 0
0.138884 0
0.249798 0
0.043353 0
0.0456125 0
-0.0299802 0
-0.170876 0
0.00580141 0
-0.0455954 0
5.53562e-06 0
0.233239 0
0.0148498 0
-0.0105392 0
-0.0182836 0
-0.178679 0
0.015014 0
0.0128419 0
0.000751103 0
0.209504 0
-0.00705792 0
-0.0514397 0
-0.0125019 0
-0.178652 0
0.0288383 0
0.0715891 0
0.00660798 0
0.192089 0
-0.0210459 0
-0.126249 0
-0.0178651 0
-0.125571 0
-0.00842737 0
0.147965 0
0.00712819 0
-0.0466572 0
-0.0322005 0
-0.0492031 0
0.0336001 0
-0.0299802 0
0.0456122 0
0.0433529 0
-0.170876 0
-0.106871 0
0.0221071 0
0.0573769 0
-0.087198 0
-0.0871927 0
0.00934851 0
0.0576707 0
-0.0456812 0
-0.078788 0
-0.00559181 0
0.0540872 0
-0.0277714 0
-0.00763724 0
0.13082 0
0.0282547 0
5.53457e-06 0
-0.045595 0
0.00580155 0
0.23324 0
0.0573767 0
-0.0871987 0
-0.0019099 0
0.168625 0
0.0329216 0
-0.0804287 0
0.00441436 0
0.139205 0
0.0227085 0
-0.0652429 0
-0.0559572 0
-0.0683696 0
0.0203393 0
-0.0182836 0
-0.0105396 0
0.0148498 0
-0.178678 0
-0.0871928 0
0.00934854 0
0.0329219 0
-0.0804278 0
-0.0680535 0
-0.0457246 0
0.0252174 0
-0.0191707 0
0.0099267 0
0.113473 0
0.0144494 0
0.000750982 0
0.0128419 0
0.0150142 0
0.209505 0
0.0576705 0
-0.0456821 0
0.00441438 0
0.139205 0
0.0252173 0
-0.019171 0
-0.041883 0
-0.0868063 0
0.00864361 0
-0.012502 0
-0.05144 0
-0.00705784 0
-0.178651 0
-0.0787881 0
-0.00559153 0
0.0227086 0
-0.065243 0
0.00992667 0
0.113473 0
0.00864371 0
0.00660791 0
0.0715891 0
0.0288384 0
0.192089 0
0.0540873 0
-0.0277712 0
-0.0559573 0
-0.0683699 0
0.0144494 0
-0.0178651 0
-0.126249 0
-0.0210461 0
-0.125571 0
-0.00763721 0
0.13082 0
0.0203393 0
0.00712833 0
0.147965 0
-0.00842738 0
-0.0466573 0
0.0282548 0
0.0336002 0
-0.0492034 0
-0.0322006 0
0 0
0 0
0 0
0 0
0 0
0 0
0 0
0 0
0 0
0 0
0 0
0 0
0 0
0 0
0 0
0 0
0 0
0 0
0 0
0 0
0 0
0 0
0 0
0 0
0 0
0 0
0 0
0 0
0 0
0 0
0 0
0 0
0 0
0 0
0 0
0 0
0 0
0 0
0 0
0 0
0 0
0 0
0 0
0 0
0 0
0 0
0 0
0 0
0 0
0 0
0 0
0 0
0 0
0 0
0 0
0 0
0 0
0 0
0 0
0 0
0 0
0 0
0 0
0 0
0 0
0 0
0 0
0 0
0 0
0 0
0 0
0 0
0 0
0 0
0 0
0 0
0 0
0 0
0 0
0 0
0 0
0 0
0 0
0 0
0 0
0 0
0 0
0 0
0 0
0 0
0 0
0 0
0 0
0 0
0 0
0 0
0 0
0 0
0 0
0 0
0 0
0 0
0 0
0 0
0 0
0 0
0 0
0 0
0 0
0 0
0 0
0 0
0 0
0 0
0 0
0 0
0 0
0 0
0 0
0 0
0 0
0 0
0 0
0 0
0 0
0 0
0 0
0 0
0 0
0 0
0 0
0 0
0 0
0 0
0 0
0 0
0 0
0 0
0 0
0 0
0 0
-0.0457695 0
-0.134887 0
5.93003e-08 0
0.134887 0
0.0457695 0
7.58894e-08 0
3.11991e-07 0
-0.00868214 0
-0.166527 0
-0.0105275 0
0.14165 0
0.0554875 0
0.0786657 0
-0.0284107 0
-0.0603478 0
0.00165054 0
-0.0974366 0
-0.00612852 0
0.162665 0
0.0310708 0
0.0374644 0
-0.0196086 0
-0.10999 0
0.00809546 0
-0.0442943 0
-0.00221749 0
0.177838 0
0.0203244 0
-0.00652202 0
-0.0167055 0
-0.111541 0
0.023845 0
-0.00926648 0
-0.00517278 0
0.188308 0
-0.00448054 0
-0.0543654 0
-0.020937 0
-0.14681 0
-0.017358 0
0.0952627 0
0.0139487 0
0.0105274 0
0.166527 0
0.00868218 0
-0.14165 0
-1.51132e-07 0
-1.15412e-07 0
-0.0768838 0
-0.164403 0
0.0182753 0
0.0553709 0
-0.0728127 0
-0.163486 0
0.0270223 0
0.0643078 0
-0.0792825 0
-0.184849 0
0.0349043 0
0.0992185 0
-0.0160166 0
0.0284106 0
-0.0786657 0
-0.0554874 0
0.0603485 0
0.0768839 0
0.164403 0
-2.36731e-08 0
1.98165e-07 0
0.0742666 0
0.164132 0
-0.0127862 0
-0.0384811 0
0.0747004 0
0.19853 0
-0.0175457 0
-0.064156 0
0.0114468 0
0.00612843 0
0.0974363 0
-0.00165058 0
-0.162666 0
-0.0182755 0
-0.0553705 0
-0.0742665 0
-0.164132 0
3.53721e-08 0
5.14477e-07 0
-0.0761004 0
-0.18521 0
0.012355 0
0.022757 0
-0.0132939 0
0.0196087 0
-0.037464 0
-0.0310707 0
0.10999 0
0.0728129 0
0.163486 0
0.0127858 0
0.0384807 0
0.0761006 0
0.18521 0
-8.4857e-08 0
-2.48428e-08 0
0.00739391 0
0.00221749 0
0.0442939 0
-0.00809562 0
-0.177838 0
-0.0270222 0
-0.0643071 0
-0.0747004 0
-0.198531 0
-0.0123551 0
-0.0227567 0
-0.00739383 0
0.0167055 0
0.00652259 0
-0.0203245 0
0.111541 0
0.0792827 0
0.184849 0
0.0175457 0
0.064156 0
0.013294 0
0.00517294 0
0.0092664 0
-0.0238452 0
-0.188308 0
-0.0349043 0
-0.0992187 0
-0.0114469 0
0.020937 0
0.0543655 0
0.00448065 0
0.14681 0
0.0160166 0
-0.0139488 0
-0.095263 0
0.017358 0
0.0799027 0
0.00111599 0
-3.29724e-07 0
-0.00111641 0
-0.079902 0
2.11823e-07 0
3.40359e-07 0
-0.162861 0
0.00404824 0
0.0766617 0
-0.0555851 0
-0.00310446 0
-0.00453358 0
0.0980539 0
0.0591376 0
-0.0198376 0
0.00420165 0
-0.108191 0
-0.0685903 0
-0.0196176 0
-0.0045635 0
0.140248 0
0.0674871 0
0.11674 0
0.00735065 0
-0.133893 0
-0.0420892 0
-0.0239724 0
-0.00747366 0
0.0384953 0
0.0433741 0
0.160595 0
0.00819316 0
-0.0361804 0
-0.00281752 0
-0.0206195 0
-0.00411622 0
-0.100695 0
0.00226491 0
-0.107509 0
0.000679414 0
0.109526 0
-0.0766629 0
-0.00404781 0
0.162862 0
0.0555845 0
-1.04509e-06 0
3.23453e-07 0
0.199569 0
0.0114955 0
-0.164872 0
-0.000510659 0
0.10358 0
-0.034565 0
-0.217983 0
-0.000920146 0
-0.00772222 0
-0.0449941 0
-0.148276 0
0.00726702 0
0.134687 0
-0.0980528 0
0.00453318 0
0.0031033 0
-0.0591369 0
-0.199567 0
-0.0114962 0
-2.57971e-06 0
-1.83977e-07 0
0.0597499 0
0.0229802 0
0.0100477 0
0.015317 0
0.222936 0
0.0579816 0
0.0214465 0
-0.00555389 0
0.0349685 0
0.10819 0
-0.00420125 0
0.0198388 0
0.0685895 0
0.164873 0
0.000512399 0
-0.0597479 0
-0.0229808 0
1.10385e-06 0
1.01718e-06 0
-0.186581 0
-0.0853832 0
-0.0700552 0
0.00458406 0
-0.0727937 0
-0.140247 0
0.00456314 0
0.019613 0
-0.0674872 0
-0.103578 0
0.0345641 0
-0.0100539 0
-0.0153177 0
0.186583 0
0.0853828 0
-7.58594e-07 0
2.42872e-07 0
0.156325 0
0.133896 0
-0.00735033 0
-0.116738 0
0.0420896 0
0.217984 0
0.000921177 0
-0.222934 0
-0.0579813 0
0.0700533 0
-0.00458454 0
-0.156324 0
-0.0384986 0
0.00747335 0
0.0239705 0
-0.0433747 0
0.00772209 0
0.0449936 0
-0.0214457 0
0.00555434 0
0.0727927 0
0.0361847 0
-0.00819293 0
-0.160595 0
0.00281786 0
0.148274 0
-0.00726738 0
-0.0349669 0
0.100691 0
0.00411623 0
0.0206224 0
-0.00226461 0
-0.134687 0
-0.109525 0
-0.000679567 0
0.107507 0
0 0
0 0
0 0
0 0
0 0
0 0
0 0
0 0
0 0
0 0
0 0
0 0
0 0
0 0
0 0
0 0
0 0
0 0
0 0
0 0
0 0
0 0
0 0
0 0
0 0
0 0
0 0
0 0
0 0
0 0
0 0
0 0
0 0
0 0
0 0
0 0
0 0
0 0
0 0
0 0
0 0
0 0
0 0
0 0
0 0
0 0
0 0
0 0
0 0
0 0
0 0
0 0
0 0
0 0
0 0
0 0
0 0
0 0
0 0
0 0
0 0
0 0
0 0
0 0
0 0
0 0
0 0
0 0
0 0
0 0
0 0
0 0
0 0
0 0
0 0
0 0
0 0
0 0
0 0
0 0
0 0
0 0
0 0
0 0
0 0
0 0
0 0
0 0
0 0
0 0
0 0
0 0
0 0
0 0
0 0
0 0
0 0
0 0
0 0
0 0
0 0
0 0
0 0
0 0
0 0
0 0
0 0
0 0
0 0
0 0
0 0
0 0
0 0
0 0
0 0
0 0
0 0
0 0
0 0
0 0
0 0
0 0
0 0
0 0
0 0
0 0
0 0
0 0
0 0
0 0
0 0
0 0
0 0
0 0
0 0
0 0
0 0
0 0
0 0
0 0
0 0
-0.028039 0
0.0184349 0
-0.0341471 0
0.018435 0
-0.0280342 0
-0.0187121 0
-0.044537 0
-0.0488167 0
-0.0144855 0
0.115618 0
0.0437741 0
0.116524 0
0.0154717 0
-0.109161 0
-0.0228948 0
-0.0499155 0
-0.01551 0
0.0377645 0
0.0253959 0
0.168674 0
0.0157293 0
-0.0328928 0
0.00690907 0
-0.0715072 0
-0.0134849 0
-0.0901328 0
-0.0131917 0
0.100934 0
0.0125928 0
0.122543 0
0.0262437 0
-0.0232857 0
-0.00810941 0
-0.187036 0
-0.0251077 0
-0.132404 0
-0.000220177 0
0.186878 0
-0.00411137 0
0.0615503 0
0.00217431 0
-0.055103 0
0.115623 0
-0.0144854 0
-0.0488143 0
0.0437747 0
0.0628154 0
-0.068884 0
-0.134895 0
0.0445865 0
-0.0432088 0
-0.0849028 0
-0.0766475 0
0.054323 0
-0.0686183 0
-0.0652704 0
0.000236326 0
0.0391035 0
0.0818231 0
0.00804358 0
0.0589654 0
-0.109168 0
0.0154716 0
0.116523 0
-0.0228956 0
-0.134895 0
0.0445872 0
0.312488 0
0.0132679 0
-0.136142 0
0.020994 0
0.30905 0
0.0382149 0
-0.127778 0
-0.0139069 0
0.0347178 0
-0.0133047 0
-0.117158 0
0.0377717 0
-0.01551 0
-0.0499169 0
0.0253964 0
-0.0432064 0
-0.0849031 0
-0.136145 0
0.0209931 0
-0.109227 0
-0.0793053 0
-0.0656561 0
0.0167032 0
0.0513042 0
0.0137044 0
0.0432581 0
-0.0328986 0
0.0157293 0
0.168674 0
0.00690872 0
-0.0766478 0
0.0543235 0
0.30905 0
0.0382152 0
-0.0656489 0
0.0167055 0
0.0644885 0
-0.0150757 0
-0.0543296 0
-0.0901274 0
-0.0134851 0
-0.0715084 0
-0.0131915 0
-0.0686168 0
-0.0652706 0
-0.127784 0
-0.0139091 0
0.051304 0
0.0137042 0
-0.0543374 0
0.122538 0
0.012593 0
0.100934 0
0.0262433 0
0.000240641 0
0.0391055 0
0.0347178 0
-0.0133045 0
0.0432654 0
-0.187031 0
-0.00810976 0
-0.0232913 0
-0.0251087 0
0.0818245 0
0.00804309 0
-0.117165 0
0.186877 0
-0.000219653 0
-0.132403 0
-0.00411062 0
0.058969 0
-0.0551022 0
0.0021737 0
0.0615476 0
0 0
0 0
0 0
0 0
0 0
0 0
0 0
0 0
0 0
0 0
0 0
0 0
0 0
0 0
0 0
0 0
0 0
0 0
0 0
0 0
0 0
0 0
0 0
0 0
0 0
0 0
0 0
0 0
0 0
0 0
0 0
0 0
0 0
0 0
0 0
0 0
0 0
0 0
0 0
0 0
0 0
0 0
0 0
0 0
0 0
0 0
0 0
0 0
0 0
0 0
0 0
0 0
0 0
0 0
0 0
0 0
0 0
0 0
0 0
0 0
0 0
0 0
0 0
0 0
0 0
0 0
0 0
0 0
0 0
0 0
0 0
0 0
0 0
0 0
0 0
0 0
0 0
0 0
0 0
0 0
0 0
0 0
0 0
0 0
0 0
0 0
0 0
0 0
0 0
0 0
0 0
0 0
0 0
0 0
0 0
0 0
0 0
0 0
0 0
0 0
0 0
0 0
0 0
0 0
0 0
0 0
0 0
0 0
0 0
0 0
0 0
0 0
0 0
0 0
0 0
0 0
0 0
0 0
0 0
0 0
0 0
0 0
0 0
0 0
0 0
0 0
0 0
0 0
0 0
0 0
0 0
0 0
0 0
0 0
0 0
0 0
0 0
0 0
0 0
0 0
0 0
0.216988 0
0.0010548 0
-8.45626e-07 0
-0.00105418 0
-0.216989 0
-3.12417e-07 0
-8.03271e-07 0
-0.0248705 0
0.00728709 0
0.21394 0
-0.0149299 0
-0.0195724 0
-0.00492794 0
-0.167796 0
0.0138503 0
-0.0350831 0
0.00388258 0
0.17302 0
-0.0266999 0
-0.00613622 0
-0.00240169 0
-0.126681 0
0.027385 0
0.0245753 0
-0.00136478 0
0.125859 0
-0.0193501 0
0.00135656 0
0.00326454 0
-0.154384 0
0.0164234 0
-0.0747841 0
-0.00797521 0
0.162458 0
-0.0304681 0
0.0336494 0
0.0134652 0
-0.110691 0
0.0243155 0
-0.169181 0
-0.0181409 0
0.115481 0
-0.213935 0
-0.0072874 0
0.0248689 0
0.0149313 0
1.25775e-06 0
-1.09498e-06 0
0.0958963 0
0.0192177 0
-0.0380752 0
-0.0054742 0
0.0627528 0
-0.0028464 0
-0.0833221 0
-0.00669658 0
0.122085 0
0.0293185 0
-0.0483493 0
-0.0116305 0
0.205721 0
0.167793 0
0.00492825 0
0.0195758 0
-0.013851 0
-0.0959008 0
-0.0192163 0
4.72104e-06 0
1.87438e-07 0
-0.0411559 0
-0.00962797 0
0.0120017 0
0.0168229 0
-0.0588552 0
-0.0286981 0
0.013672 0
0.00399403 0
-0.191481 0
-0.173019 0
-0.0038829 0
0.0350821 0
0.0267007 0
0.0380743 0
0.00547176 0
0.0411517 0
0.00962853 0
-1.57075e-06 0
-1.09262e-06 0
0.0976656 0
0.018964 0
-0.040839 0
-0.00319545 0
0.189552 0
0.12668 0
0.00240198 0
0.00614049 0
-0.0273849 0
-0.0627552 0
0.00284803 0
-0.0119926 0
-0.0168219 0
-0.0976673 0
-0.0189636 0
9.31913e-07 0
-1.69875e-07 0
-0.158077 0
-0.125861 0
0.00136455 0
-0.0245769 0
0.0193498 0
0.0833203 0
0.00669468 0
0.0588512 0
0.0286977 0
0.0408402 0
0.00319579 0
0.158076 0
0.154388 0
-0.00326432 0
-0.00135405 0
-0.0164227 0
-0.122085 0
-0.0293172 0
-0.0136704 0
-0.00399436 0
-0.18955 0
-0.162463 0
0.00797515 0
0.0747836 0
0.0304674 0
0.0483514 0
0.0116305 0
0.191477 0
0.110696 0
-0.0134653 0
-0.0336532 0
-0.0243155 0
-0.205719 0
-0.115483 0
0.018141 0
0.169183 0
0 0
0 0
0 0
0 0
0 0
0 0
0 0
0 0
0 0
0 0
0 0
0 0
0 0
0 0
0 0
0 0
0 0
0 0
0 0
0 0
0 0
0 0
0 0
0 0
0 0
0 0
0 0
0 0
0 0
0 0
0 0
0 0
0 0
0 0
0 0
0 0
0 0
0 0
0 0
0 0
0 0
0 0
0 0
0 0
0 0
0 0
0 0
0 0
0 0
0 0
0 0
0 0
0 0
0 0
0 0
0 0
0 0
0 0
0 0
0 0
0 0
0 0
0 0
0 0
0 0
0 0
0 0
0 0
0 0
0 0
0 0
0 0
0 0
0 0
0 0
0 0
0 0
0 0
0 0
0 0
0 0
0 0
0 0
0 0
0 0
0 0
0 0
0 0
0 0
0 0
0 0
0 0
0 0
0 0
0 0
0 0
0 0
0 0
0 0
0 0
0 0
0 0
0 0
0 0
0 0
0 0
0 0
0 0
0 0
0 0
0 0
0 0
0 0
0 0
0 0
0 0
0 0
0 0
0 0
0 0
0 0
0 0
0 0
0 0
0 0
0 0
0 0
0 0
0 0
0 0
0 0
0 0
0 0
0 0
0 0
0 0
0 0
0 0
0 0
0 0
0 0
0 0
0 0
0 0
0 0
0 0
0 0
0 0
0 0
0 0
0 0
0 0
0 0
0 0
0 0
0 0
0 0
0 0
0 0
0 0
0 0
0 0
0 0
0 0
0 0
0 0
0 0
0 0
0 0
0 0
0 0
0 0
0 0
0 0
0 0
0 0
0 0
0 0
0 0
0 0
0 0
0 0
0 0
0 0
0 0
0 0
0 0
0 0
0 0
0 0
0 0
0 0
0 0
0 0
0 0
0 0
0 0
0 0
0 0
0 0
0 0
0 0
0 0
0 0
0 0
0 0
0 0
0 0
0 0
0 0
0 0
0 0
0 0
0 0
0 0
0 0
0 0
0 0
0 0
0 0
0 0
0 0
0 0
0 0
0 0
0 0
0 0
0 0
0 0
0 0
0 0
0 0
0 0
0 0
0 0
0 0
0 0
0 0
0 0
0 0
0 0
0 0
0 0
0 0
0 0
0 0
0 0
0 0
0 0
0 0
0 0
0 0
0 0
0 0
0 0
0 0
0 0
0 0
0 0
0 0
0 0
0 0
0 0
0 0
0 0
0 0
0 0
0 0
0 0
0 0
0 0
0 0
0 0
0 0
0 0
0 0
0 0
0 0
0 0
0 0
0 0
0 0
-0.0261584 0
-0.0763611 0
1.42742e-07 0
0.0763609 0
0.0261584 0
9.57093e-08 0
6.03913e-07 0
0.0388847 0
-0.101193 0
-0.00834 0
0.21152 0
0.0251011 0
-0.0724365 0
-0.0566563 0
-0.0674193 0
-0.0122755 0
0.115801 0
0.0142885 0
-0.084339 0
-0.0355689 0
-0.044948 0
0.0233797 0
0.0270909 0
-0.0384148 0
0.0521294 0
0.00235293 0
-0.189917 0
-0.00857648 0
0.090579 0
0.0473489 0
0.0743538 0
0.0331194 0
-0.150224 0
-0.019722 0
0.168699 0
0.0317393 0
0.0119519 0
-0.0459181 0
-0.0903902 0
-0.0186331 0
0.035577 0
0.0163664 0
0.0083397 0
0.101192 0
-0.0388847 0
-0.211521 0
3.23472e-08 0
4.85344e-07 0
-0.0330025 0
-0.0281342 0
0.0237586 0
0.181535 0
0.0815144 0
0.0332678 0
-0.00691329 0
0.136718 0
-0.00321271 0
-0.220387 0
-0.0209518 0
-0.00936154 0
-0.0338895 0
0.0566564 0
0.0724374 0
-0.0251013 0
0.0674183 0
0.0330026 0
0.0281346 0
-1.94454e-07 0
-9.43563e-07 0
-0.0456594 0
-0.315211 0
-0.0636103 0
0.0954919 0
0.0540159 0
-0.0714855 0
-0.0435106 0
0.167919 0
0.0522405 0
-0.0142882 0
-0.115801 0
0.0122752 0
0.0843392 0
-0.0237582 0
-0.181535 0
0.0456593 0
0.315212 0
2.41677e-07 0
-1.97364e-07 0
0.0421312 0
0.0271728 0
-0.0335378 0
-0.0526832 0
0.0373392 0
-0.0233798 0
0.0449479 0
0.0355688 0
-0.0270912 0
-0.0815145 0
-0.0332682 0
0.0636103 0
-0.0954925 0
-0.0421315 0
-0.0271726 0
1.41096e-07 0
2.8839e-07 0
-0.0172738 0
-0.00235285 0
-0.052129 0
0.0384148 0
0.189917 0
0.00691327 0
-0.136718 0
-0.0540158 0
0.0714864 0
0.0335379 0
0.0526824 0
0.0172737 0
-0.047349 0
-0.0905795 0
0.00857653 0
-0.0743533 0
0.00321263 0
0.220386 0
0.0435107 0
-0.167919 0
-0.0373394 0
0.0197219 0
0.150224 0
-0.0331192 0
-0.1687 0
0.0209516 0
0.00936197 0
-0.0522403 0
0.0459182 0
-0.0119519 0
-0.0317394 0
0.0903901 0
0.0338896 0
-0.0163664 0
-0.035577 0
0.0186331 0
0 0
0 0
0 0
0 0
0 0
0 0
0 0
0 0
0 0
0 0
0 0
0 0
0 0
0 0
0 0
0 0
0 0
0 0
0 0
0 0
0 0
0 0
0 0
0 0
0 0
0 0
0 0
0 0
0 0
0 0
0 0
0 0
0 0
0 0
0 0
0 0
0 0
0 0
0 0
0 0
0 0
0 0
0 0
0 0
0 0
0 0
0 0
0 0
0 0
0 0
0 0
0 0
0 0
0 0
0 0
0 0
0 0
0 0
0 0
0 0
0 0
0 0
0 0
0 0
0 0
0 0
0 0
0 0
0 0
0 0
0 0
0 0
0 0
0 0
0 0
0 0
0 0
0 0
0 0
0 0
0 0
0 0
0 0
0 0
0 0
0 0
0 0
0 0
0 0
0 0
0 0
0 0
0 0
0 0
0 0
0 0
0 0
0 0
0 0
0 0
0 0
0 0
0 0
0 0
0 0
0 0
0 0
0 0
0 0
0 0
0 0
0 0
0 0
0 0
0 0
0 0
0 0
0 0
0 0
0 0
0 0
0 0
0 0
0 0
0 0
0 0
0 0
0 0
0 0
0 0
0 0
0 0
0 0
0 0
0 0
0 0
0 0
0 0
0 0
0 0
0 0
-0.000386263 0
-0.0362176 0
0.0391002 0
-0.0362179 0
-0.000386352 0
0.0350905 0
0.185593 0
0.0064846 0
-0.104041 0
-0.0471244 0
-0.0631606 0
-0.0301601 0
0.146656 0
0.0139104 0
-0.169569 0
-0.0404917 0
0.00819987 0
0.051043 0
0.0428073 0
-0.0156916 0
-0.0347451 0
-0.00876248 0
-0.0531295 0
0.0162935 0
0.0862751 0
0.0168898 0
0.0137877 0
0.0423928 0
-0.130263 0
-0.0146001 0
0.239922 0
0.0279434 0
-0.0361407 0
-0.0550427 0
-0.125491 0
-0.0267015 0
0.0942855 0
0.0193162 0
-0.0446987 0
-0.0230416 0
-0.0230573 0
0.0245367 0
-0.0471244 0
-0.104042 0
0.00648489 0
-0.0631594 0
0.00464027 0
0.14003 0
0.0200952 0
0.0876986 0
0.0683601 0
0.0681275 0
-0.015311 0
-0.0604161 0
-0.0547884 0
-0.111265 0
-0.00177897 0
-0.133813 0
-0.0337618 0
0.160968 0
0.0395161 0
0.0139101 0
0.146655 0
-0.03016 0
-0.169569 0
0.0200951 0
0.0876986 0
-0.059739 0
-0.353744 0
-0.0307537 0
0.195614 0
0.0502076 0
0.0119116 0
0.0209738 0
0.161737 0
-0.00539892 0
-0.0432992 0
0.0387829 0
0.051043 0
0.00820061 0
-0.0404917 0
0.0428068 0
0.0683602 0
0.0681283 0
-0.0307539 0
0.195612 0
0.0481363 0
-0.246856 0
-0.0671362 0
0.0395542 0
0.0363543 0
-0.0961908 0
-0.0452144 0
-0.00876234 0
-0.0347454 0
-0.0156918 0
-0.0531294 0
-0.0153106 0
-0.0604159 0
0.0502073 0
0.0119121 0
-0.0671357 0
0.0395551 0
0.0432466 0
0.048539 0
-0.0156299 0
0.0168898 0
0.0862754 0
0.0162934 0
0.0137868 0
-0.0547884 0
-0.111265 0
0.0209738 0
0.161736 0
0.0363541 0
-0.0961912 0
-0.01563 0
-0.0145999 0
-0.130263 0
0.0423927 0
0.239922 0
-0.00177875 0
-0.133813 0
-0.00539908 0
-0.0432982 0
-0.0452142 0
-0.0550428 0
-0.0361412 0
0.0279434 0
-0.125491 0
-0.033762 0
0.160967 0
0.0387831 0
0.0193162 0
0.0942858 0
-0.0267014 0
-0.0446988 0
0.039516 0
0.0245367 0
-0.0230574 0
-0.0230417 0
0.04773 0
-0.0332017 0
-0.250611 0
-0.0332018 0
0.0477322 0
0.0321903 0
0.0179207 0
0.15154 0
0.0335339 0
0.107669 0
-0.00882856 0
-0.066041 0
-0.0270286 0
-0.16219 0
0.0173071 0
0.0792238 0
0.0222074 0
0.150235 0
-0.021329 0
-0.0251028 0
-0.0159556 0
-0.165655 0
0.030916 0
0.0394634 0
0.00784203 0
0.144948 0
-0.0290751 0
0.0264566 0
-0.00163164 0
-0.161919 0
0.0366065 0
-0.015081 0
-0.00556787 0
0.130792 0
-0.0350864 0
0.0710208 0
0.0155257 0
-0.131634 0
0.0331447 0
-0.170493 0
-0.022481 0
0.104531 0
0.107671 0
0.0335338 0
0.151539 0
-0.00882878 0
-0.111549 0
-0.0120217 0
0.0379 0
0.006796 0
-0.116909 0
-0.022204 0
0.076495 0
0.0125345 0
-0.151396 0
-0.0320143 0
0.0961258 0
0.0236466 0
-0.158074 0
-0.0262259 0
0.194284 0
-0.162191 0
-0.0270283 0
-0.0660402 0
0.0173073 0
0.0379013 0
0.0067962 0
0.0992814 0
0.0158696 0
-0.025845 0
-0.00247609 0
0.112303 0
0.0277072 0
-0.0399484 0
-0.00725803 0
0.13183 0
0.0246707 0
-0.112442 0
0.150236 0
0.0222071 0
0.0792225 0
-0.0213293 0
-0.11691 0
-0.0222041 0
-0.0258455 0
-0.0024762 0
-0.0938921 0
-0.0242087 0
0.0106102 0
0.000112802 0
-0.113448 0
-0.0258171 0
0.0525003 0
-0.165656 0
-0.0159553 0
-0.0251016 0
0.0309163 0
0.076496 0
0.0125347 0
0.112304 0
0.0277072 0
0.0106092 0
0.000112472 0
0.103173 0
0.025899 0
-0.0140422 0
0.144949 0
0.00784166 0
0.0394619 0
-0.0290753 0
-0.151397 0
-0.0320145 0
-0.0399477 0
-0.00725763 0
-0.113448 0
-0.0258171 0
-0.0140403 0
-0.161919 0
-0.00163129 0
0.0264582 0
0.0366068 0
0.0961253 0
0.0236463 0
0.131831 0
0.0246707 0
0.0524984 0
0.130791 0
-0.0055682 0
-0.0150812 0
-0.0350864 0
-0.158074 0
-0.0262259 0
-0.112441 0
-0.131634 0
0.0155259 0
0.0710217 0
0.0331447 0
0.194284 0
0.104531 0
-0.0224811 0
-0.170493 0
0 0
0 0
0 0
0 0
0 0
0 0
0 0
0 0
0 0
0 0
0 0
0 0
0 0
0 0
0 0
0 0
0 0
0 0
0 0
0 0
0 0
0 0
0 0
0 0
0 0
0 0
0 0
0 0
0 0
0 0
0 0
0 0
0 0
0 0
0 0
0 0
0 0
0 0
0 0
0 0
0 0
0 0
0 0
0 0
0 0
0 0
0 0
0 0
0 0
0 0
0 0
0 0
0 0
0 0
0 0
0 0
0 0
0 0
0 0
0 0
0 0
0 0
0 0
0 0
0 0
0 0
0 0
0 0
0 0
0 0
0 0
0 0
0 0
0 0
0 0
0 0
0 0
0 0
0 0
0 0
0 0
0 0
0 0
0 0
0 0
0 0
0 0
0 0
0 0
0 0
0 0
0 0
0 0
0 0
0 0
0 0
0 0
0 0
0 0
0 0
0 0
0 0
0 0
0 0
0 0
0 0
0 0
0 0
0 0
0 0
0 0
0 0
0 0
0 0
0 0
0 0
0 0
0 0
0 0
0 0
0 0
0 0
0 0
0 0
0 0
0 0
0 0
0 0
0 0
0 0
0 0
0 0
0 0
0 0
0 0
0 0
0 0
0 0
0 0
0 0
0 0
0.167802 0
-0.00502192 0
-6.39655e-07 0
0.00502178 0
-0.167802 0
6.81673e-08 0
2.62522e-08 0
-0.0349499 0
-0.00605152 0
0.182159 0
-0.00347405 0
0.0247292 0
0.0140948 0
-0.164664 0
-0.00389069 0
-0.138549 0
-0.0214638 0
0.180485 0
-0.00523817 0
0.119579 0
0.0262702 0
-0.103416 0
0.00826035 0
-0.153603 0
-0.0300902 0
0.0590302 0
-0.0145171 0
0.148637 0
0.0296886 0
0.00852969 0
0.0166757 0
-0.0675743 0
-0.0250683 0
-0.0724366 0
-0.00915372 0
0.0903201 0
0.0192849 0
0.0685359 0
0.00635501 0
0.0710633 0
-0.0114207 0
-0.104473 0
-0.182158 0
0.00605181 0
0.0349506 0
0.00347391 0
3.89026e-07 0
2.33284e-07 0
0.102371 0
0.0356286 0
0.00359638 0
-0.0292918 0
0.0582277 0
0.0366955 0
-0.0375846 0
-0.0339039 0
-0.032237 0
0.00803966 0
-0.0493116 0
-0.010205 0
-0.14326 0
0.164664 0
-0.0140951 0
-0.0247311 0
0.00389065 0
-0.10237 0
-0.035629 0
-1.98773e-07 0
3.14563e-07 0
-0.148978 0
-0.020193 0
0.0885331 0
0.0124961 0
-0.0307213 0
0.0127824 0
0.105238 0
0.0110353 0
0.162998 0
-0.180484 0
0.021464 0
0.138551 0
0.00523825 0
-0.00359738 0
0.0292918 0
0.148979 0
0.0201928 0
-1.66962e-06 0
-3.25705e-07 0
-0.0205032 0
-0.0192952 0
-0.036646 0
-0.00381451 0
-0.236176 0
0.103413 0
-0.0262704 0
-0.119579 0
-0.00826033 0
-0.0582279 0
-0.0366956 0
-0.0885314 0
-0.0124953 0
0.0205039 0
0.0192952 0
6.22949e-07 0
8.29917e-08 0
0.261775 0
-0.0590283 0
0.0300903 0
0.153604 0
0.014517 0
0.0375829 0
0.0339035 0
0.0307214 0
-0.0127828 0
0.0366443 0
0.0038143 0
-0.261776 0
-0.00853197 0
-0.0296885 0
-0.148636 0
-0.0166756 0
0.0322373 0
-0.00803931 0
-0.105237 0
-0.0110352 0
0.236177 0
0.0724379 0
0.0250682 0
0.0675733 0
0.00915349 0
0.0493117 0
0.010205 0
-0.162999 0
-0.0685366 0
-0.0192848 0
-0.0903199 0
-0.00635489 0
0.143261 0
0.104474 0
0.0114206 0
-0.0710645 0
0 0
0 0
0 0
0 0
0 0
0 0
0 0
0 0
0 0
0 0
0 0
0 0
0 0
0 0
0 0
0 0
0 0
0 0
0 0
0 0
0 0
0 0
0 0
0 0
0 0
0 0
0 0
0 0
0 0
0 0
0 0
0 0
0 0
0 0
0 0
0 0
0 0
0 0
0 0
0 0
0 0
0 0
0 0
0 0
0 0
0 0
0 0
0 0
0 0
0 0
0 0
0 0
0 0
0 0
0 0
0 0
0 0
0 0
0 0
0 0
0 0
0 0
0 0
0 0
0 0
0 0
0 0
0 0
0 0
0 0
0 0
0 0
0 0
0 0
0 0
0 0
0 0
0 0
0 0
0 0
0 0
0 0
0 0
0 0
0 0
0 0
0 0
0 0
0 0
0 0
0 0
0 0
0 0
0 0
0 0
0 0
0 0
0 0
0 0
0 0
0 0
0 0
0 0
0 0
0 0
0 0
0 0
0 0
0 0
0 0
0 0
0 0
0 0
0 0
0 0
0 0
0 0
0 0
0 0
0 0
0 0
0 0
0 0
0 0
0 0
0 0
0 0
0 0
0 0
0 0
0 0
0 0
0 0
0 0
0 0
0 0
0 0
0 0
0 0
0 0
0 0
-0.00501657 0
0.00364811 0
0.125004 0
0.00364813 0
-0.00501705 0
-0.00341295 0
0.0136758 0
-0.0426591 0
-0.00117044 0
-0.109619 0
-0.023409 0
-0.186786 0
-0.00862808 0
0.148922 0
-0.0156309 0
0.0954991 0
0.00786609 0
0.0131881 0
0.027233 0
-0.00752816 0
-0.00239305 0
-0.0862892 0
-0.0265565 0
0.0301417 0
-0.00471229 0
0.0870083 0
0.0378903 0
0.161454 0
0.0130727 0
-0.130545 0
-0.0191062 0
-0.151895 0
-0.0135715 0
0.00617862 0
-0.00418889 0
-0.0498638 0
0.00270317 0
0.107252 0
-0.0067708 0
0.0553096 0
0.00189065 0
-0.0498108 0
-0.10962 0
-0.00117032 0
-0.0426566 0
-0.0234085 0
0.160975 0
0.085512 0
0.0455532 0
-0.0565302 0
-0.00850208 0
0.0268439 0
-0.0999752 0
-0.0254876 0
-0.081177 0
-0.0363521 0
-0.065176 0
0.0379857 0
0.189673 0
0.00652626 0
-0.0246401 0
0.148921 0
-0.00862816 0
-0.186787 0
-0.0156315 0
0.0455543 0
-0.0565293 0
-0.204225 0
0.0577015 0
0.187893 0
-0.0253198 0
0.105754 0
0.083654 0
0.0391663 0
-0.0369694 0
-0.0132144 0
-0.00479259 0
-0.146231 0
0.0131904 0
0.00786603 0
0.0954975 0
0.0272333 0
-0.00850056 0
0.0268432 0
0.187889 0
-0.0253202 0
-0.369011 0
-0.0544887 0
0.103421 0
0.00337857 0
-0.134854 0
-0.002127 0
0.145603 0
-0.0862901 0
-0.00239292 0
-0.00752732 0
-0.0265567 0
-0.099975 0
-0.0254867 0
0.105756 0
0.0836543 0
0.10342 0
0.00337814 0
0.0413832 0
0.00265884 0
-0.0168722 0
0.0870087 0
-0.00471245 0
0.0301402 0
0.0378903 0
-0.081177 0
-0.036353 0
0.0391653 0
-0.0369689 0
-0.134855 0
-0.00212706 0
-0.0168704 0
-0.130544 0
0.0130728 0
0.161455 0
-0.0191059 0
-0.0651778 0
0.0379859 0
-0.0132116 0
-0.00479246 0
0.145601 0
0.00617674 0
-0.0135714 0
-0.151894 0
-0.00418905 0
0.189673 0
0.00652624 0
-0.146232 0
0.107253 0
0.00270311 0
-0.0498649 0
-0.00677077 0
-0.0246389 0
-0.0498108 0
0.00189067 0
0.0553097 0
0 0
0 0
0 0
0 0
0 0
0 0
0 0
0 0
0 0
0 0
0 0
0 0
0 0
0 0
0 0
0 0
0 0
0 0
0 0
0 0
0 0
0 0
0 0
0 0
0 0
0 0
0 0
0 0
0 0
0 0
0 0
0 0
0 0
0 0
0 0
0 0
0 0
0 0
0 0
0 0
0 0
0 0
0 0
0 0
0 0
0 0
0 0
0 0
0 0
0 0
0 0
0 0
0 0
0 0
0 0
0 0
0 0
0 0
0 0
0 0
0 0
0 0
0 0
0 0
0 0
0 0
0 0
0 0
0 0
0 0
0 0
0 0
0 0
0 0
0 0
0 0
0 0
0 0
0 0
0 0
0 0
0 0
0 0
0 0
0 0
0 0
0 0
0 0
0 0
0 0
0 0
0 0
0 0
0 0
0 0
0 0
0 0
0 0
0 0
0 0
0 0
0 0
0 0
0 0
0 0
0 0
0 0
0 0
0 0
0 0
0 0
0 0
0 0
0 0
0 0
0 0
0 0
0 0
0 0
0 0
0 0
0 0
0 0
0 0
0 0
0 0
0 0
0 0
0 0
0 0
0 0
0 0
0 0
0 0
0 0
0 0
0 0
0 0
0 0
0 0
0 0
0 0
0 0
0 0
0 0
0 0
0 0
0 0
0 0
0 0
0 0
0 0
0 0
0 0
0 0
0 0
0 0
0 0
0 0
0 0
0 0
0 0
0 0
0 0
0 0
0 0
0 0
0 0
0 0
0 0
0 0
0 0
0 0
0 0
0 0
0 0
0 0
0 0
0 0
0 0
0 0
0 0
0 0
0 0
0 0
0 0
0 0
0 0
0 0
0 0
0 0
0 0
0 0
0 0
0 0
0 0
0 0
0 0
0 0
0 0
0 0
0 0
0 0
0 0
0 0
0 0
0 0
0 0
0 0
0 0
0 0
0 0
0 0
0 0
0 0
0 0
0 0
0 0
0 0
0 0
0 0
0 0
0 0
0 0
0 0
0 0
0 0
0 0
0 0
0 0
0 0
0 0
0 0
0 0
0 0
0 0
0 0
0 0
0 0
0 0
0 0
0 0
0 0
0 0
0 0
0 0
0 0
0 0
0 0
0 0
0 0
0 0
0 0
0 0
0 0
0 0
0 0
0 0
0 0
0 0
0 0
0 0
0 0
0 0
0 0
0 0
0 0
0 0
0 0
0 0
0 0
0 0
0 0
0 0
0 0
0 0
0 0
0 0
0 0
0 0
0 0
0 0
-0.0339177 0
-0.0976341 0
8.24799e-08 0
0.097634 0
0.0339177 0
5.9496e-08 0
3.56406e-07 0
0.00768928 0
-0.141983 0
-0.015101 0
0.163488 0
0.0351259 0
0.0710457 0
-0.0234583 0
-0.135674 0
0.0089734 0
-0.0639136 0
0.00238189 0
0.225508 0
-0.00689461 0
-0.0041792 0
-0.0227741 0
-0.240859 0
-0.0189773 0
0.0912826 0
0.0289239 0
0.0956615 0
-0.030615 0
-0.073115 0
0.00611016 0
-0.110487 0
-0.00613167 0
0.109209 0
0.0120972 0
-0.0156589 0
0.00594863 0
-0.0698767 0
0.0132403 0
0.102211 0
0.0305558 0
-0.0135654 0
-0.0291405 0
0.0151008 0
0.141983 0
-0.00768928 0
-0.163488 0
-7.7415e-08 0
1.52359e-07 0
-0.0791923 0
-0.090397 0
0.0531627 0
0.0172635 0
-0.031299 0
0.131987 0
0.0728584 0
-0.0205561 0
0.00953844 0
0.158311 0
-0.00325642 0
-0.152009 0
-0.017155 0
0.0234583 0
-0.0710454 0
-0.0351259 0
0.135675 0
0.0791925 0
0.0903968 0
-2.20746e-07 0
-4.40639e-07 0
-0.0168958 0
-0.0660424 0
-0.00331567 0
-0.0755282 0
-0.088161 0
-0.162658 0
0.035901 0
0.105163 0
-0.0156439 0
-0.00238188 0
0.0639132 0
-0.00897357 0
-0.225509 0
-0.0531624 0
-0.0172623 0
0.0168959 0
0.0660423 0
4.20338e-08 0
2.24402e-07 0
0.0688099 0
0.273072 0
0.006459 0
-0.0919966 0
0.00432296 0
0.0227742 0
0.00417984 0
0.0068945 0
0.240858 0
0.031299 0
-0.131987 0
0.00331547 0
0.0755283 0
-0.0688098 0
-0.273073 0
-9.46043e-09 0
3.47696e-07 0
-0.030571 0
-0.0289238 0
-0.0912829 0
0.0189772 0
-0.0956608 0
-0.0728584 0
0.0205561 0
0.0881612 0
0.162658 0
-0.00645909 0
0.0919961 0
0.0305711 0
-0.00611026 0
0.0731149 0
0.0306152 0
0.110487 0
-0.00953868 0
-0.158312 0
-0.0359009 0
-0.105162 0
-0.00432305 0
-0.0120973 0
-0.109209 0
0.00613172 0
0.0156593 0
0.00325643 0
0.152009 0
0.015644 0
-0.0132403 0
0.0698767 0
-0.00594859 0
-0.102211 0
0.0171549 0
0.0291406 0
0.0135656 0
-0.0305559 0
0 0
0 0
0 0
0 0
0 0
0 0
0 0
0 0
0 0
0 0
0 0
0 0
0 0
0 0
0 0
0 0
0 0
0 0
0 0
0 0
0 0
0 0
0 0
0 0
0 0
0 0
0 0
0 0
0 0
0 0
0 0
0 0
0 0
0 0
0 0
0 0
0 0
0 0
0 0
0 0
0 0
0 0
0 0
0 0
0 0
0 0
0 0
0 0
0 0
0 0
0 0
0 0
0 0
0 0
0 0
0 0
0 0
0 0
0 0
0 0
0 0
0 0
0 0
0 0
0 0
0 0
0 0
0 0
0 0
0 0
0 0
0 0
0 0
0 0
0 0
0 0
0 0
0 0
0 0
0 0
0 0
0 0
0 0
0 0
0 0
0 0
0 0
0 0
0 0
0 0
0 0
0 0
0 0
0 0
0 0
0 0
0 0
0 0
0 0
0 0
0 0
0 0
0 0
0 0
0 0
0 0
0 0
0 0
0 0
0 0
0 0
0 0
0 0
0 0
0 0
0 0
0 0
0 0
0 0
0 0
0 0
0 0
0 0
0 0
0 0
0 0
0 0
0 0
0 0
0 0
0 0
0 0
0 0
0 0
0 0
0 0
0 0
0 0
0 0
0 0
0 0
-0.00262865 0
-0.0877877 0
0.0268952 0
-0.0877883 0
-0.00262883 0
0.0802316 0
0.252242 0
0.016449 0
-0.0319681 0
-0.0408328 0
-0.174337 0
0.000971293 0
0.0850044 0
0.0175618 0
0.0920624 0
-0.0318295 0
-0.091179 0
-0.00206489 0
-0.0926968 0
-0.0120031 0
0.144838 0
0.0179707 0
-0.0860925 0
-0.0224253 0
-0.0869056 0
0.0192629 0
0.109378 0
0.00971326 0
0.051941 0
-0.0117752 0
-0.133457 0
0.0136989 0
-0.0201551 0
0.0106676 0
0.191396 0
0.0209392 0
-0.0624066 0
-0.02783 0
-0.070377 0
-0.00447463 0
0.0574137 0
-0.00174614 0
-0.0408329 0
-0.0319688 0
0.016449 0
-0.174336 0
-0.062376 0
0.167095 0
0.0543007 0
-0.104363 0
0.0214977 0
0.25859 0
0.0143393 0
-0.130586 0
0.0388747 0
0.131548 0
-0.0557403 0
-0.157215 0
0.00663273 0
-0.0151516 0
-0.0295048 0
0.0175617 0
0.0850045 0
0.000971464 0
0.0920618 0
0.0543003 0
-0.104363 0
-0.10543 0
-0.101441 0
0.0375375 0
-0.0489267 0
-0.090527 0
-0.0817943 0
0.053224 0
0.106238 0
0.00784868 0
0.0729854 0
0.0193391 0
-0.00206489 0
-0.0911792 0
-0.0318294 0
-0.0926959 0
0.021498 0
0.25859 0
0.0375374 0
-0.0489274 0
0.0382128 0
0.210798 0
0.0130845 0
-0.0914928 0
-0.0315853 0
-0.104684 0
-0.0104219 0
0.0179707 0
0.144838 0
-0.0120032 0
-0.0860936 0
0.0143392 0
-0.130585 0
-0.0905271 0
-0.0817945 0
0.0130846 0
-0.0914922 0
-0.00635028 0
0.164518 0
0.0199096 0
0.0192631 0
-0.0869051 0
-0.0224255 0
0.109378 0
0.038875 0
0.131549 0
0.0532239 0
0.106238 0
-0.0315852 0
-0.104685 0
0.0199095 0
-0.0117751 0
0.0519409 0
0.00971317 0
-0.133457 0
-0.0557405 0
-0.157215 0
0.00784872 0
0.0729859 0
-0.0104219 0
0.0106676 0
-0.020155 0
0.013699 0
0.191397 0
0.00663278 0
-0.0151519 0
0.0193391 0
-0.0278301 0
-0.062407 0
0.0209393 0
-0.0703771 0
-0.0295049 0
-0.00174618 0
0.0574139 0
-0.00447457 0
0.0579685 0
-0.00367221 0
-7.11563e-07 0
0.00367213 0
-0.0579684 0
3.33285e-08 0
-3.41249e-08 0
-0.133816 0
-0.00634259 0
0.0683445 0
-0.0256564 0
0.0591951 0
0.00244411 0
0.0473882 0
0.0373439 0
0.0906045 0
0.0049536 0
-0.0996334 0
-0.0253195 0
-0.0619289 0
-0.00679541 0
0.0230522 0
0.0190142 0
0.0934285 0
0.00486676 0
0.0196533 0
-0.00489555 0
-0.0701271 0
0.00313041 0
-0.0993279 0
-0.0109168 0
-0.183068 0
-0.0204603 0
0.178284 0
-0.0100401 0
0.209292 0
0.0266886 0
-0.0528693 0
0.0145591 0
0.0306639 0
-0.0177697 0
-0.0820531 0
-0.0683434 0
0.00634268 0
0.133816 0
0.0256565 0
-8.81514e-07 0
-3.69475e-07 0
-0.0411512 0
-0.0487264 0
-0.102143 0
0.046255 0
0.0235776 0
-0.0597145 0
-0.0374871 0
0.0541678 0
0.221596 0
0.0125051 0
-0.0550264 0
-0.0132569 0
-0.198922 0
-0.0473897 0
-0.00244406 0
-0.0591935 0
-0.0373437 0
0.041151 0
0.0487269 0
9.02849e-07 0
-2.63572e-07 0
0.214646 0
0.0178684 0
-0.161757 0
-0.00573059 0
-0.0252836 0
-0.0546909 0
-0.130141 0
0.00713915 0
0.215973 0
0.0996334 0
-0.00495365 0
-0.0906053 0
0.0253192 0
0.102143 0
-0.0462553 0
-0.214648 0
-0.0178681 0
1.68566e-06 0
2.13791e-07 0
0.170123 0
0.0564618 0
-0.00478054 0
-0.00295835 0
-0.0653306 0
-0.0230515 0
0.00679541 0
0.061929 0
-0.0190139 0
-0.0235766 0
0.0597147 0
0.161756 0
0.00572979 0
-0.170124 0
-0.0564618 0
-1.46973e-07 0
-9.63059e-09 0
0.0616428 0
-0.0196541 0
-0.00486668 0
-0.0934286 0
0.00489515 0
0.0374877 0
-0.0541674 0
0.0252833 0
0.0546912 0
0.00478183 0
0.00295835 0
-0.0616427 0
0.0993291 0
-0.00313057 0
0.0701255 0
0.010917 0
-0.221595 0
-0.0125055 0
0.130141 0
-0.00713906 0
0.0653292 0
-0.178284 0
0.0204605 0
0.183069 0
0.0100401 0
0.0550244 0
0.0132569 0
-0.215972 0
0.0528682 0
-0.0266886 0
-0.209291 0
-0.0145591 0
0.198922 0
0.0820537 0
0.0177697 0
-0.0306645 0
0 0
0 0
0 0
0 0
0 0
0 0
0 0
0 0
0 0
0 0
0 0
0 0
0 0
0 0
0 0
0 0
0 0
0 0
0 0
0 0
0 0
0 0
0 0
0 0
0 0
0 0
0 0
0 0
0 0
0 0
0 0
0 0
0 0
0 0
0 0
0 0
0 0
0 0
0 0
0 0
0 0
0 0
0 0
0 0
0 0
0 0
0 0
0 0
0 0
0 0
0 0
0 0
0 0
0 0
0 0
0 0
0 0
0 0
0 0
0 0
0 0
0 0
0 0
0 0
0 0
0 0
0 0
0 0
0 0
0 0
0 0
0 0
0 0
0 0
0 0
0 0
0 0
0 0
0 0
0 0
0 0
0 0
0 0
0 0
0 0
0 0
0 0
0 0
0 0
0 0
0 0
0 0
0 0
0 0
0 0
0 0
0 0
0 0
0 0
0 0
0 0
0 0
0 0
0 0
0 0
0 0
0 0
0 0
0 0
0 0
0 0
0 0
0 0
0 0
0 0
0 0
0 0
0 0
0 0
0 0
0 0
0 0
0 0
0 0
0 0
0 0
0 0
0 0
0 0
0 0
0 0
0 0
0 0
0 0
0 0
0 0
0 0
0 0
0 0
0 0
0 0
0.0311668 0
-0.0243582 0
-0.149444 0
-0.0243581 0
0.0311658 0
0.0215249 0
0.0302241 0
0.117912 0
0.021018 0
0.0501268 0
-0.0262957 0
-0.0562181 0
-0.0090802 0
-0.108696 0
0.0235044 0
0.0180539 0
-0.00510642 0
0.139344 0
-0.0155125 0
0.1432 0
0.0235584 0
-0.171714 0
0.0183004 0
-0.20037 0
-0.0354375 0
0.0945079 0
-0.0180575 0
0.119935 0
0.0347145 0
0.00668922 0
0.00172668 0
-0.146687 0
-0.0310132 0
-0.0296671 0
0.000142871 0
0.0678375 0
0.0179563 0
0.0898204 0
-0.00985354 0
0.0988796 0
-0.00322474 0
-0.108117 0
0.0501255 0
0.0210181 0
0.117914 0
-0.0262955 0
-0.13745 0
0.0256037 0
0.1059 0
-0.0227335 0
-0.205838 0
-0.0120849 0
0.109675 0
0.0166005 0
0.0286078 0
0.00863744 0
0.0317026 0
-0.00326112 0
0.0792553 0
0.0164776 0
-0.194217 0
-0.108696 0
-0.00908031 0
-0.0562189 0
0.0235042 0
0.105901 0
-0.0227331 0
0.0337105 0
0.05312 0
0.0609433 0
-0.0245085 0
-0.089905 0
-0.0160574 0
-0.0352225 0
-0.000321323 0
-0.120368 0
-0.025515 0
0.161709 0
0.139345 0
-0.00510633 0
0.0180537 0
-0.0155124 0
-0.205838 0
-0.0120851 0
0.0609428 0
-0.0245085 0
-0.0429088 0
0.0386819 0
0.0781656 0
-0.00146943 0
0.154658 0
0.035944 0
-0.11391 0
-0.171713 0
0.0235583 0
0.1432 0
0.0183004 0
0.109674 0
0.0166005 0
-0.0899044 0
-0.0160573 0
0.0781664 0
-0.00146927 0
-0.237086 0
-0.0405642 0
0.0611516 0
0.0945075 0
-0.0354373 0
-0.200369 0
-0.0180574 0
0.0286078 0
0.00863733 0
-0.0352237 0
-0.000321597 0
0.154658 0
0.035944 0
0.0611524 0
0.00668907 0
0.0347144 0
0.119934 0
0.00172664 0
0.0317034 0
-0.00326081 0
-0.120367 0
-0.0255149 0
-0.113911 0
-0.0296666 0
-0.0310131 0
-0.146687 0
0.000142712 0
0.0792546 0
0.0164774 0
0.161709 0
0.0898203 0
0.0179564 0
0.0678381 0
-0.00985335 0
-0.194217 0
-0.108117 0
-0.00322484 0
0.0988797 0
0 0
0 0
0 0
0 0
0 0
0 0
0 0
0 0
0 0
0 0
0 0
0 0
0 0
0 0
0 0
0 0
0 0
0 0
0 0
0 0
0 0
0 0
0 0
0 0
0 0
0 0
0 0
0 0
0 0
0 0
0 0
0 0
0 0
0 0
0 0
0 0
0 0
0 0
0 0
0 0
0 0
0 0
0 0
0 0
0 0
0 0
0 0
0 0
0 0
0 0
0 0
0 0
0 0
0 0
0 0
0 0
0 0
0 0
0 0
0 0
0 0
0 0
0 0
0 0
0 0
0 0
0 0
0 0
0 0
0 0
0 0
0 0
0 0
0 0
0 0
0 0
0 0
0 0
0 0
0 0
0 0
0 0
0 0
0 0
0 0
0 0
0 0
0 0
0 0
0 0
0 0
0 0
0 0
0 0
0 0
0 0
0 0
0 0
0 0
0 0
0 0
0 0
0 0
0 0
0 0
0 0
0 0
0 0
0 0
0 0
0 0
0 0
0 0
0 0
0 0
0 0
0 0
0 0
0 0
0 0
0 0
0 0
0 0
0 0
0 0
0 0
0 0
0 0
0 0
0 0
0 0
0 0
0 0
0 0
0 0
0 0
0 0
0 0
0 0
0 0
0 0
-0.167857 0
0.0155851 0
1.89378e-07 0
-0.0155852 0
0.167857 0
4.59617e-08 0
1.25295e-07 0
0.224135 0
0.0300838 0
-0.211433 0
0.0169009 0
-0.175477 0
-0.0381512 0
0.0721801 0
-0.0154648 0
0.135797 0
0.0385725 0
-0.00406122 0
-0.00166726 0
-0.18697 0
-0.0359823 0
-0.023677 0
0.00361298 0
0.0588894 0
0.021953 0
0.109919 0
-0.0153364 0
0.0028398 0
-0.010136 0
-0.107415 0
0.0259022 0
0.00241344 0
0.000470491 0
0.0762848 0
-0.0258979 0
0.0789806 0
0.0109289 0
-0.0773864 0
0.0244159 0
-0.0711098 0
-0.0148727 0
0.0285375 0
0.211432 0
-0.0300839 0
-0.224135 0
-0.0169012 0
1.09841e-07 0
2.94283e-07 0
-0.00485652 0
0.0142644 0
0.0463849 0
-0.00134526 0
0.13844 0
0.0262638 0
-0.105717 0
-0.0372568 0
0.0689571 0
0.0266707 0
-0.154925 0
-0.0265867 0
0.0602226 0
-0.0721795 0
0.0381512 0
0.175476 0
0.0154648 0
0.00485727 0
-0.0142648 0
-5.52347e-07 0
2.12732e-07 0
-0.188742 0
-0.0494717 0
0.0437646 0
0.0347891 0
-0.0713819 0
-0.0130824 0
0.162876 0
0.0254691 0
0.0193275 0
0.0040617 0
-0.0385726 0
-0.135796 0
0.00166741 0
-0.0463855 0
0.00134532 0
0.188744 0
0.0494716 0
-6.6507e-07 0
-6.36516e-08 0
0.129295 0
-4.68069e-05 0
-0.129431 0
-0.015202 0
-0.109814 0
0.0236762 0
0.0359824 0
0.186971 0
-0.00361305 0
-0.13844 0
-0.0262639 0
-0.0437648 0
-0.034789 0
-0.129295 0
4.68433e-05 0
-3.01092e-07 0
-9.10414e-08 0
0.196177 0
-0.109919 0
-0.0219532 0
-0.05889 0
0.0153365 0
0.105717 0
0.0372569 0
0.071382 0
0.0130822 0
0.129431 0
0.0152022 0
-0.196177 0
0.107415 0
0.0101362 0
-0.00283911 0
-0.0259024 0
-0.0689572 0
-0.0266706 0
-0.162877 0
-0.0254692 0
0.109815 0
-0.0762851 0
-0.000470603 0
-0.00241445 0
0.025898 0
0.154926 0
0.0265869 0
-0.0193271 0
0.0773874 0
-0.0109289 0
-0.0789807 0
-0.024416 0
-0.0602238 0
-0.0285383 0
0.0148727 0
0.0711108 0
0 0
0 0
0 0
0 0
0 0
0 0
0 0
0 0
0 0
0 0
0 0
0 0
0 0
0 0
0 0
0 0
0 0
0 0
0 0
0 0
0 0
0 0
0 0
0 0
0 0
0 0
0 0
0 0
0 0
0 0
0 0
0 0
0 0
0 0
0 0
0 0
0 0
0 0
0 0
0 0
0 0
0 0
0 0
0 0
0 0
0 0
0 0
0 0
0 0
0 0
0 0
0 0
0 0
0 0
0 0
0 0
0 0
0 0
0 0
0 0
0 0
0 0
0 0
0 0
0 0
0 0
0 0
0 0
0 0
0 0
0 0
0 0
0 0
0 0
0 0
0 0
0 0
0 0
0 0
0 0
0 0
0 0
0 0
0 0
0 0
0 0
0 0
0 0
0 0
0 0
0 0
0 0
0 0
0 0
0 0
0 0
0 0
0 0
0 0
0 0
0 0
0 0
0 0
0 0
0 0
0 0
0 0
0 0
0 0
0 0
0 0
0 0
0 0
0 0
0 0
0 0
0 0
0 0
0 0
0 0
0 0
0 0
0 0
0 0
0 0
0 0
0 0
0 0
0 0
0 0
0 0
0 0
0 0
0 0
0 0
0 0
0 0
0 0
0 0
0 0
0 0
0 0
0 0
0 0
0 0
0 0
0 0
0 0
0 0
0 0
0 0
0 0
0 0
0 0
0 0
0 0
0 0
0 0
0 0
0 0
0 0
0 0
0 0
0 0
0 0
0 0
0 0
0 0
0 0
0 0
0 0
0 0
0 0
0 0
0 0
0 0
0 0
0 0
0 0
0 0
0 0
0 0
0 0
0 0
0 0
0 0
0 0
0 0
0 0
0 0
0 0
0 0
0 0
0 0
0 0
0 0
0 0
0 0
0 0
0 0
0 0
0 0
0 0
0 0
0 0
0 0
0 0
0 0
0 0
0 0
0 0
0 0
0 0
0 0
0 0
0 0
0 0
0 0
0 0
0 0
0 0
0 0
0 0
0 0
0 0
0 0
0 0
0 0
0 0
0 0
0 0
0 0
0 0
0 0
0 0
0 0
0 0
0 0
0 0
0 0
0 0
0 0
0 0
0 0
0 0
0 0
0 0
0 0
0 0
0 0
0 0
0 0
0 0
0 0
0 0
0 0
0 0
0 0
0 0
0 0
0 0
0 0
0 0
0 0
0 0
0 0
0 0
0 0
0 0
0 0
0 0
0 0
0 0
0 0
0 0
0 0
0 0
0 0
0 0
0 0
0 0
0 0
0.00141063 0
0.0296185 0
-0.0261644 0
0.0296189 0
0.00141078 0
-0.0256265 0
-0.132654 0
0.000315842 0
0.0542072 0
0.0290229 0
0.0793145 0
0.0456967 0
-0.114271 0
-0.0201868 0
0.161346 0
0.00173295 0
-0.0110856 0
-0.0425552 0
-0.145338 0
-0.0593274 0
0.126916 0
0.0393803 0
-0.146744 0
0.0063704 0
-0.0190695 0
0.0363993 0
0.183603 0
0.0491446 0
-0.113123 0
-0.0451975 0
0.0682991 0
-0.00525178 0
0.0613248 0
-0.0176477 0
-0.143875 0
-0.0286546 0
0.0283964 0
0.0307046 0
0.0365464 0
0.00346345 0
-0.0266669 0
0.000614408 0
0.029023 0
0.0542079 0
0.000315481 0
0.0793128 0
-0.0290948 0
-0.242026 0
-0.013536 0
0.0426972 0
0.0290534 0
0.184502 0
0.0252553 0
0.034934 0
-0.0197811 0
-0.273801 0
-0.0303922 0
0.120095 0
0.00929484 0
0.0500342 0
0.0303341 0
-0.0201864 0
-0.114271 0
0.0456967 0
0.161347 0
-0.0135363 0
0.0426953 0
-0.0052972 0
-0.10074 0
-0.0101794 0
-0.112656 0
0.00295075 0
0.0861078 0
-0.013299 0
0.149308 0
0.0472624 0
-0.138979 0
-0.0301922 0
-0.0425554 0
-0.0110868 0
0.00173342 0
-0.145337 0
0.0290531 0
0.184502 0
-0.0101793 0
-0.112656 0
-0.0217746 0
0.161924 0
0.0320063 0
-0.157701 0
0.000824245 0
0.0107026 0
-0.0428016 0
0.0393799 0
0.126916 0
-0.0593274 0
-0.146745 0
0.0252555 0
0.0349357 0
0.00295073 0
0.0861059 0
0.0320062 0
-0.157699 0
-0.0686365 0
0.118855 0
0.0437595 0
0.0363996 0
-0.0190686 0
0.00636999 0
0.183602 0
-0.0197808 0
-0.273801 0
-0.0132993 0
0.149309 0
0.000824727 0
0.0107015 0
0.0437591 0
-0.0451973 0
-0.113123 0
0.0491446 0
0.0683003 0
-0.0303922 0
0.120094 0
0.0472624 0
-0.138979 0
-0.0428019 0
-0.017648 0
0.0613245 0
-0.00525153 0
-0.143876 0
0.00929453 0
0.0500347 0
-0.0301919 0
0.0307046 0
0.0283967 0
-0.0286547 0
0.0365462 0
0.0303342 0
0.000614497 0
-0.026667 0
0.00346335 0
0 0
0 0
0 0
0 0
0 0
0 0
0 0
0 0
0 0
0 0
0 0
0 0
0 0
0 0
0 0
0 0
0 0
0 0
0 0
0 0
0 0
0 0
0 0
0 0
0 0
0 0
0 0
0 0
0 0
0 0
0 0
0 0
0 0
0 0
0 0
0 0
0 0
0 0
0 0
0 0
0 0
0 0
0 0
0 0
0 0
0 0
0 0
0 0
0 0
0 0
0 0
0 0
0 0
0 0
0 0
0 0
0 0
0 0
0 0
0 0
0 0
0 0
0 0
0 0
0 0
0 0
0 0
0 0
0 0
0 0
0 0
0 0
0 0
0 0
0 0
0 0
0 0
0 0
0 0
0 0
0 0
0 0
0 0
0 0
0 0
0 0
0 0
0 0
0 0
0 0
0 0
0 0
0 0
0 0
0 0
0 0
0 0
0 0
0 0
0 0
0 0
0 0
0 0
0 0
0 0
0 0
0 0
0 0
0 0
0 0
0 0
0 0
0 0
0 0
0 0
0 0
0 0
0 0
0 0
0 0
0 0
0 0
0 0
0 0
0 0
0 0
0 0
0 0
0 0
0 0
0 0
0 0
0 0
0 0
0 0
0 0
0 0
0 0
0 0
0 0
0 0
-0.0195518 0
-0.0553032 0
1.43882e-07 0
0.055303 0
0.0195517 0
1.11141e-07 0
6.55926e-07 0
0.0359067 0
-0.0889607 0
-0.0116589 0
0.187584 0
0.00383845 0
-0.0274439 0
-0.039141 0
-0.149529 0
-0.055859 0
0.119447 0
0.0312478 0
-0.128477 0
0.00215797 0
-0.0019136 0
0.0399787 0
0.136395 0
0.0559666 0
-0.123599 0
-0.042382 0
0.143406 0
-0.00683747 0
0.0383976 0
-0.0291452 0
-0.201102 0
-0.0396062 0
0.0806469 0
0.0405786 0
0.0130338 0
0.00497703 0
-0.0538425 0
0.00917753 0
0.0545114 0
0.0191269 0
2.10756e-05 0
-0.0191302 0
0.0116587 0
0.0889601 0
-0.0359067 0
-0.187585 0
1.52932e-07 0
1.18218e-06 0
0.0208214 0
0.207926 0
0.0286534 0
0.00124474 0
-0.03257 0
-0.23134 0
-0.021422 0
0.0281156 0
0.00697746 0
0.192584 0
0.0368403 0
-0.101612 0
-0.0165103 0
0.0391411 0
0.027445 0
-0.00383887 0
0.149528 0
-0.0208213 0
-0.207926 0
-1.23232e-08 0
4.49197e-07 0
0.00421247 0
0.0107059 0
-0.00147144 0
0.216454 0
0.0209224 0
-0.184211 0
-0.00213295 0
-0.0142559 0
-0.0393504 0
-0.0312474 0
-0.119447 0
0.055859 0
0.128478 0
-0.0286536 0
-0.00124615 0
-0.00421235 0
-0.010705 0
-9.40229e-09 0
-8.95766e-07 0
0.034685 0
-0.118612 0
-0.0614477 0
0.130676 0
0.0388641 0
-0.039979 0
0.00191259 0
-0.0021575 0
-0.136394 0
0.0325697 0
0.231339 0
0.00147155 0
-0.216454 0
-0.0346853 0
0.118613 0
2.51674e-07 0
-6.32674e-07 0
0.0441583 0
0.0423817 0
0.123599 0
-0.0559666 0
-0.143407 0
0.0214221 0
-0.0281138 0
-0.0209223 0
0.18421 0
0.0614478 0
-0.130676 0
-0.0441587 0
0.0291455 0
-0.0383968 0
0.00683715 0
0.201102 0
-0.00697716 0
-0.192585 0
0.00213254 0
0.0142568 0
-0.0388637 0
-0.0405785 0
-0.0806474 0
0.0396062 0
-0.013033 0
-0.0368403 0
0.101612 0
0.0393506 0
-0.00917771 0
0.0538425 0
-0.00497684 0
-0.0545117 0
0.0165101 0
0.0191302 0
-2.09535e-05 0
-0.0191269 0
0.0367886 0
-0.00463092 0
-6.75555e-07 0
0.00463081 0
-0.0367884 0
4.69474e-08 0
5.12804e-08 0
-0.104848 0
-0.0096687 0
0.0495837 0
-0.00884717 0
0.0796704 0
0.00557053 0
0.0283028 0
0.0173145 0
0.1157 0
0.00707907 0
-0.0924816 0
-0.00994778 0
-0.150176 0
-0.00656342 0
-0.00362041 0
-0.00586699 0
-0.0916236 0
-0.015229 0
0.13564 0
0.0082066 0
0.228528 0
0.0275455 0
-0.0861028 0
-0.00871458 0
-0.0826565 0
-0.0169304 0
-0.0664548 0
0.0121133 0
-0.0720545 0
-0.00154753 0
0.102464 0
-0.0168043 0
0.0557783 0
0.00747624 0
-0.0346249 0
-0.0495828 0
0.00966876 0
0.104848 0
0.00884718 0
-1.48468e-06 0
-2.56193e-07 0
-0.146078 0
-0.0485868 0
0.00623388 0
0.0598409 0
0.225172 0
-0.0150048 0
-0.113638 0
-0.0177504 0
-0.170551 0
-0.00578307 0
0.188704 0
0.0188789 0
-0.0300342 0
-0.0283044 0
-0.00557035 0
-0.0796682 0
-0.0173143 0
0.146079 0
0.0485873 0
-1.07692e-06 0
-6.87908e-07 0
-0.0590985 0
-0.0737998 0
-0.154737 0
0.0529683 0
0.233253 0
0.00789013 0
-0.0346378 0
-0.00926902 0
-0.10577 0
0.0924815 0
-0.00707923 0
-0.115702 0
0.00994743 0
-0.00623109 0
-0.0598404 0
0.0590976 0
0.0738005 0
8.13856e-07 0
-5.66041e-07 0
0.0745449 0
-0.0353994 0
-0.175996 0
-0.00520151 0
0.114369 0
0.00362233 0
0.0065633 0
0.150175 0
0.00586726 0
-0.225173 0
0.015004 0
0.154739 0
-0.052968 0
-0.0745474 0
0.0353996 0
1.50902e-06 0
5.00539e-08 0
0.0470626 0
-0.135641 0
0.0152293 0
0.0916264 0
-0.00820672 0
0.113634 0
0.0177507 0
-0.233251 0
-0.00789045 0
0.175996 0
0.00520156 0
-0.047064 0
0.0861013 0
-0.0275455 0
-0.228528 0
0.00871462 0
0.170553 0
0.00578304 0
0.0346349 0
0.00926879 0
-0.114368 0
0.0664563 0
0.0169301 0
0.0826545 0
-0.0121134 0
-0.188703 0
-0.0188788 0
0.105771 0
-0.102464 0
0.0015477 0
0.0720555 0
0.0168043 0
0.030033 0
0.0346245 0
-0.00747631 0
-0.0557782 0
0 0
0 0
0 0
0 0
0 0
0 0
0 0
0 0
0 0
0 0
0 0
0 0
0 0
0 0
0 0
0 0
0 0
0 0
0 0
0 0
0 0
0 0
0 0
0 0
0 0
0 0
0 0
0 0
0 0
0 0
0 0
0 0
0 0
0 0
0 0
0 0
0 0
0 0
0 0
0 0
0 0
0 0
0 0
0 0
0 0
0 0
0 0
0 0
0 0
0 0
0 0
0 0
0 0
0 0
0 0
0 0
0 0
0 0
0 0
0 0
0 0
0 0
0 0
0 0
0 0
0 0
0 0
0 0
0 0
0 0
0 0
0 0
0 0
0 0
0 0
0 0
0 0
0 0
0 0
0 0
0 0
0 0
0 0
0 0
0 0
0 0
0 0
0 0
0 0
0 0
0 0
0 0
0 0
0 0
0 0
0 0
0 0
0 0
0 0
0 0
0 0
0 0
0 0
0 0
0 0
0 0
0 0
0 0
0 0
0 0
0 0
0 0
0 0
0 0
0 0
0 0
0 0
0 0
0 0
0 0
0 0
0 0
0 0
0 0
0 0
0 0
0 0
0 0
0 0
0 0
0 0
0 0
0 0
0 0
0 0
0 0
0 0
0 0
0 0
0 0
0 0
-0.0199235 0
0.0166022 0
0.142603 0
0.0166024 0
-0.0199245 0
-0.0139612 0
-0.0214981 0
-0.101577 0
-0.00827345 0
-0.0769183 0
0.0125118 0
-0.152019 0
-0.015278 0
0.15548 0
-0.0230042 0
0.203049 0
0.021855 0
-0.0458465 0
0.0251449 0
0.0321712 0
-0.00741486 0
-0.0968448 0
-0.013151 0
-0.11648 0
1.64789e-05 0
0.044211 0
-0.00247363 0
-0.0611474 0
-0.0108435 0
0.072314 0
0.00649105 0
0.138963 0
0.0176665 0
-0.0410005 0
-0.00233605 0
-0.0225149 0
-0.00842695 0
-0.0494053 0
0.00896403 0
-0.0498516 0
-0.000294177 0
0.0490212 0
-0.0769196 0
-0.00827312 0
-0.101574 0
0.0125119 0
0.28912 0
0.0197019 0
-0.116366 0
-0.0208323 0
-0.163999 0
-0.0375828 0
0.0471249 0
0.0585746 0
0.17063 0
-0.0203801 0
-0.0594767 0
0.00304033 0
-0.122988 0
-0.0163131 0
0.0970102 0
0.155479 0
-0.0152783 0
-0.152022 0
-0.0230043 0
-0.116362 0
-0.0208315 0
0.220543 0
0.0825489 0
0.008908 0
-0.0429215 0
-0.0494958 0
-0.0267855 0
-0.1695 0
0.016972 0
0.191112 0
0.018227 0
-0.0196226 0
-0.0458443 0
0.021855 0
0.203047 0
0.0251448 0
-0.164 0
-0.0375836 0
0.00890912 0
-0.0429204 0
-0.0834908 0
0.0692094 0
0.141773 0
-0.00995845 0
0.0269291 0
-0.00218832 0
-0.120407 0
-0.0968454 0
-0.00741474 0
0.0321736 0
-0.0131507 0
0.0471225 0
0.0585748 0
-0.0494936 0
-0.0267863 0
0.141771 0
-0.0099581 0
-0.197175 0
-0.00805099 0
0.0873654 0
0.0442096 0
1.65955e-05 0
-0.116479 0
-0.00247392 0
0.170631 0
-0.0203797 0
-0.169502 0
0.016972 0
0.0269323 0
-0.00218811 0
0.0873638 0
0.0723148 0
-0.0108437 0
-0.0611498 0
0.00649127 0
-0.0594741 0
0.00304027 0
0.191111 0
0.0182269 0
-0.120408 0
-0.0409995 0
0.0176665 0
0.138964 0
-0.00233619 0
-0.12299 0
-0.0163132 0
-0.0196209 0
-0.0494064 0
-0.00842686 0
-0.0225138 0
0.00896416 0
0.09701 0
0.0490215 0
-0.000294269 0
-0.0498521 0
0 0
0 0
0 0
0 0
0 0
0 0
0 0
0 0
0 0
0 0
0 0
0 0
0 0
0 0
0 0
0 0
0 0
0 0
0 0
0 0
0 0
0 0
0 0
0 0
0 0
0 0
0 0
0 0
0 0
0 0
0 0
0 0
0 0
0 0
0 0
0 0
0 0
0 0
0 0
0 0
0 0
0 0
0 0
0 0
0 0
0 0
0 0
0 0
0 0
0 0
0 0
0 0
0 0
0 0
0 0
0 0
0 0
0 0
0 0
0 0
0 0
0 0
0 0
0 0
0 0
0 0
0 0
0 0
0 0
0 0
0 0
0 0
0 0
0 0
0 0
0 0
0 0
0 0
0 0
0 0
0 0
0 0
0 0
0 0
0 0
0 0
0 0
0 0
0 0
0 0
0 0
0 0
0 0
0 0
0 0
0 0
0 0
0 0
0 0
0 0
0 0
0 0
0 0
0 0
0 0
0 0
0 0
0 0
0 0
0 0
0 0
0 0
0 0
0 0
0 0
0 0
0 0
0 0
0 0
0 0
0 0
0 0
0 0
0 0
0 0
0 0
0 0
0 0
0 0
0 0
0 0
0 0
0 0
0 0
0 0
0 0
0 0
0 0
0 0
0 0
0 0
0 0
0 0
0 0
0 0
0 0
0 0
0 0
0 0
0 0
0 0
0 0
0 0
0 0
0 0
0 0
0 0
0 0
0 0
0 0
0 0
0 0
0 0
0 0
0 0
0 0
0 0
0 0
0 0
0 0
0 0
0 0
0 0
0 0
0 0
0 0
0 0
0 0
0 0
0 0
0 0
0 0
0 0
0 0
0 0
0 0
0 0
0 0
0 0
0 0
0 0
0 0
0 0
0 0
0 0
0 0
0 0
0 0
0 0
0 0
0 0
0 0
0 0
0 0
0 0
0 0
0 0
0 0
0 0
0 0
0 0
0 0
0 0
0 0
0 0
0 0
0 0
0 0
0 0
0 0
0 0
0 0
0 0
0 0
0 0
0 0
0 0
0 0
0 0
0 0
0 0
0 0
0 0
0 0
0 0
0 0
0 0
0 0
0 0
0 0
0 0
0 0
0 0
0 0
0 0
0 0
0 0
0 0
0 0
0 0
0 0
0 0
0 0
0 0
0 0
0 0
0 0
0 0
0 0
0 0
0 0
0 0
0 0
0 0
0 0
0 0
0 0
0 0
0 0
0 0
0 0
0 0
0 0
0 0
0 0
0 0
0 0
0 0
0 0
0 0
0 0
0 0
-0.0231008 0
-0.0642866 0
2.98966e-07 0
0.0642859 0
0.0231007 0
3.14267e-07 0
1.58499e-06 0
0.0328969 0
-0.112197 0
-0.016863 0
0.201049 0
0.000516129 0
0.0252515 0
-0.0296913 0
-0.224897 0
-0.0251532 0
0.0667872 0
0.0317524 0
0.0878609 0
-0.010611 0
-0.0698493 0
-0.001058 0
-0.0470525 0
-0.00157316 0
0.0870658 0
0.00590462 0
-0.0443321 0
0.0246287 0
-0.079434 0
0.00265208 0
0.192155 0
0.016324 0
-0.0163304 0
-0.0331595 0
-0.132296 0
-0.0258437 0
0.0609681 0
0.0155263 0
0.00135529 0
-0.00825994 0
-0.0245278 0
0.0131661 0
0.0168624 0
0.112196 0
-0.032897 0
-0.201052 0
1.52369e-07 0
2.81775e-06 0
-0.0120131 0
0.19175 0
0.0488793 0
-0.144191 0
0.00551816 0
0.206866 0
-0.0295955 0
-0.243824 0
-0.0120211 0
0.0184543 0
-0.00687927 0
0.0947343 0
0.0342305 0
0.0296918 0
-0.0252491 0
-0.000516734 0
0.224896 0
0.0120135 0
-0.191753 0
-5.66262e-07 0
1.32891e-06 0
-0.082093 0
-0.0849627 0
0.0642223 0
0.0575872 0
-0.0034213 0
0.176523 0
0.0220517 0
-0.135162 0
-0.0139463 0
-0.031752 0
-0.0667885 0
0.0251531 0
-0.087858 0
-0.0488791 0
0.144191 0
0.0820938 0
0.0849617 0
-8.60775e-07 0
-1.45203e-06 0
-0.0490292 0
-0.19365 0
0.0141829 0
0.0562131 0
-0.0267635 0
0.00105763 0
0.0698496 0
0.0106113 0
0.0470502 0
-0.0055191 0
-0.206867 0
-0.0642217 0
-0.0575834 0
0.0490298 0
0.193651 0
-1.08535e-07 0
-8.96079e-07 0
0.0192932 0
-0.00590453 0
-0.0870658 0
0.00157346 0
0.0443353 0
0.0295955 0
0.243822 0
0.00342086 0
-0.176526 0
-0.0141831 0
-0.0562113 0
-0.0192932 0
-0.00265246 0
0.079433 0
-0.0246286 0
-0.192156 0
0.0120211 0
-0.0184505 0
-0.0220516 0
0.135162 0
0.0267639 0
0.0331597 0
0.0163321 0
-0.0163244 0
0.132295 0
0.00687981 0
-0.0947357 0
0.0139456 0
-0.0155259 0
-0.0609687 0
0.0258435 0
-0.00135412 0
-0.0342306 0
-0.0131663 0
0.0245276 0
0.00826029 0
0 0
0 0
0 0
0 0
0 0
0 0
0 0
0 0
0 0
0 0
0 0
0 0
0 0
0 0
0 0
0 0
0 0
0 0
0 0
0 0
0 0
0 0
0 0
0 0
0 0
0 0
0 0
0 0
0 0
0 0
0 0
0 0
0 0
0 0
0 0
0 0
0 0
0 0
0 0
0 0
0 0
0 0
0 0
0 0
0 0
0 0
0 0
0 0
0 0
0 0
0 0
0 0
0 0
0 0
0 0
0 0
0 0
0 0
0 0
0 0
0 0
0 0
0 0
0 0
0 0
0 0
0 0
0 0
0 0
0 0
0 0
0 0
0 0
0 0
0 0
0 0
0 0
0 0
0 0
0 0
0 0
0 0
0 0
0 0
0 0
0 0
0 0
0 0
0 0
0 0
0 0
0 0
0 0
0 0
0 0
0 0
0 0
0 0
0 0
0 0
0 0
0 0
0 0
0 0
0 0
0 0
0 0
0 0
0 0
0 0
0 0
0 0
0 0
0 0
0 0
0 0
0 0
0 0
0 0
0 0
0 0
0 0
0 0
0 0
0 0
0 0
0 0
0 0
0 0
0 0
0 0
0 0
0 0
0 0
0 0
0 0
0 0
0 0
0 0
0 0
0 0
-0.00300226 0
-0.046337 0
0.0306195 0
-0.0463381 0
-0.00300267 0
0.0379848 0
0.177123 0
-0.00251401 0
-0.0447563 0
-0.0320722 0
-0.139155 0
-0.03239 0
0.130172 0
0.0291778 0
-0.0790478 0
-0.00317394 0
-0.0827 0
0.0163823 0
0.152886 0
0.0144108 0
0.0248431 0
-0.0199965 0
-0.138302 0
0.017089 0
-0.00264925 0
0.00761397 0
0.18785 0
0.0106897 0
-0.0690203 0
-0.0249131 0
-0.0891565 0
-0.0266641 0
0.0955138 0
0.00917651 0
-0.0774349 0
-0.0110136 0
-0.0234882 0
0.0250604 0
0.0711135 0
0.0188115 0
-0.0183564 0
-0.0151235 0
-0.0320725 0
-0.0447583 0
-0.00251335 0
-0.139151 0
0.0119006 0
0.311847 0
0.0227521 0
-0.170046 0
0.0114494 0
0.0488704 0
-0.0509705 0
-0.0548307 0
-0.000233177 0
-0.13366 0
0.00262966 0
0.23008 0
0.0281477 0
-0.0744907 0
-0.00120348 0
0.0291773 0
0.130172 0
-0.03239 0
-0.0790519 0
0.0227519 0
-0.170043 0
-0.0667436 0
0.149912 0
0.0488647 0
-0.0624266 0
0.0406117 0
0.230724 0
-0.026967 0
-0.173605 0
0.00830809 0
-0.033947 0
-0.0374187 0
0.0163829 0
-0.0826986 0
-0.00317444 0
0.152888 0
0.0114502 0
0.0488678 0
0.0488633 0
-0.0624279 0
-0.102552 0
-0.168763 0
0.033315 0
0.0304648 0
-0.0134581 0
0.106064 0
0.0244546 0
-0.0199965 0
0.0248419 0
0.0144106 0
-0.138302 0
-0.0509705 0
-0.0548274 0
0.0406128 0
0.230725 0
0.0333142 0
0.0304615 0
-0.0144019 0
-0.101476 0
0.0015751 0
0.007614 0
-0.0026479 0
0.0170891 0
0.18785 0
-0.000233697 0
-0.133664 0
-0.0269671 0
-0.173602 0
-0.0134579 0
0.106065 0
0.00157547 0
-0.0249131 0
-0.0690217 0
0.0106901 0
-0.0891535 0
0.00262949 0
0.230081 0
0.00830851 0
-0.0339493 0
0.0244541 0
0.00917602 0
0.0955138 0
-0.0266639 0
-0.0774373 0
0.0281476 0
-0.0744893 0
-0.037419 0
0.0250607 0
-0.0234873 0
-0.011014 0
0.0711137 0
-0.00120289 0
-0.0151233 0
-0.0183569 0
0.0188114 0
0.0157926 0
-0.0138474 0
-0.0916362 0
-0.0138474 0
0.0157926 0
0.0112032 0
0.0233682 0
0.0783178 0
0.00838442 0
0.0381598 0
-0.0211765 0
0.0369661 0
0.00902957 0
-0.0934462 0
0.0171242 0
-0.10655 0
-0.0235133 0
0.081216 0
-0.00248652 0
0.138667 0
0.0306487 0
-0.0387832 0
-0.0132615 0
-0.165745 0
-0.0273379 0
-0.0163725 0
0.0241703 0
0.0390971 0
0.00745584 0
0.107704 0
-0.0286252 0
0.151585 0
0.0180169 0
-0.126548 0
0.029125 0
-0.132406 0
-0.0233101 0
0.0238549 0
-0.0117764 0
-0.00833814 0
0.0135173 0
0.0460226 0
0.0381598 0
0.0083844 0
0.0783177 0
-0.0211764 0
-0.174671 0
0.021424 0
0.117622 0
-0.0182553 0
-0.0390734 0
0.0141778 0
-0.00995516 0
-0.00222555 0
0.19417 0
0.0119321 0
-0.270559 0
-0.0232212 0
0.061342 0
-0.000258143 0
0.108779 0
-0.0934462 0
0.00902963 0
0.0369663 0
0.0171241 0
0.117622 0
-0.0182552 0
-0.130334 0
0.0168944 0
0.0892635 0
-0.0136969 0
-0.190531 0
-0.0202857 0
0.110133 0
0.0241309 0
0.143988 0
0.0228787 0
-0.170834 0
0.081216 0
-0.0235133 0
-0.10655 0
-0.00248638 0
-0.039073 0
0.0141776 0
0.0892637 0
-0.0136966 0
0.0621494 0
0.0376069 0
0.0226217 0
-0.0129299 0
-0.185946 0
-0.038034 0
0.0901668 0
-0.0387829 0
0.0306487 0
0.138668 0
-0.0132616 0
-0.00995636 0
-0.00222543 0
-0.19053 0
-0.0202859 0
0.022622 0
-0.0129296 0
0.126807 0
0.0394232 0
-0.00913489 0
-0.0163732 0
-0.0273378 0
-0.165745 0
0.0241704 0
0.194171 0
0.0119321 0
0.110132 0
0.0241309 0
-0.185946 0
-0.038034 0
-0.00913469 0
0.107705 0
0.00745563 0
0.0390958 0
-0.0286252 0
-0.270559 0
-0.0232211 0
0.143989 0
0.0228789 0
0.0901661 0
-0.126548 0
0.0180171 0
0.151586 0
0.0291249 0
0.0613409 0
-0.000258243 0
-0.170834 0
0.0238543 0
-0.0233101 0
-0.132406 0
-0.0117763 0
0.10878 0
0.046023 0
0.0135173 0
-0.00833852 0
0 0
0 0
0 0
0 0
0 0
0 0
0 0
0 0
0 0
0 0
0 0
0 0
0 0
0 0
0 0
0 0
0 0
0 0
0 0
0 0
0 0
0 0
0 0
0 0
0 0
0 0
0 0
0 0
0 0
0 0
0 0
0 0
0 0
0 0
0 0
0 0
0 0
0 0
0 0
0 0
0 0
0 0
0 0
0 0
0 0
0 0
0 0
0 0
0 0
0 0
0 0
0 0
0 0
0 0
0 0
0 0
0 0
0 0
0 0
0 0
0 0
0 0
0 0
0 0
0 0
0 0
0 0
0 0
0 0
0 0
0 0
0 0
0 0
0 0
0 0
0 0
0 0
0 0
0 0
0 0
0 0
0 0
0 0
0 0
0 0
0 0
0 0
0 0
0 0
0 0
0 0
0 0
0 0
0 0
0 0
0 0
0 0
0 0
0 0
0 0
0 0
0 0
0 0
0 0
0 0
0 0
0 0
0 0
0 0
0 0
0 0
0 0
0 0
0 0
0 0
0 0
0 0
0 0
0 0
0 0
0 0
0 0
0 0
0 0
0 0
0 0
0 0
0 0
0 0
0 0
0 0
0 0
0 0
0 0
0 0
0 0
0 0
0 0
0 0
0 0
0 0
0.0865242 0
-0.0154746 0
-5.69633e-07 0
0.0154745 0
-0.0865241 0
4.08086e-08 0
8.27705e-08 0
-0.207785 0
-0.0353309 0
0.12846 0
0.00964254 0
0.234718 0
0.0387567 0
-0.0173227 0
-0.0194748 0
-0.0396636 0
-0.0175683 0
-0.111666 0
0.0341918 0
-0.0560074 0
-0.00267942 0
0.103624 0
-0.0368915 0
0.0443683 0
0.014405 0
-0.0548868 0
0.026378 0
-0.10999 0
-0.0241202 0
0.0495645 0
-0.0094448 0
0.132444 0
0.0251457 0
-0.0048209 0
-0.00103397 0
-0.021263 0
-0.0112239 0
-0.0596723 0
0.0115431 0
-0.0515115 0
-0.000200164 0
0.0509557 0
-0.128459 0
0.035331 0
0.207786 0
-0.00964263 0
-1.17662e-06 0
-3.52627e-08 0
-0.249465 0
-0.0207172 0
0.190934 0
0.0164215 0
-0.090961 0
0.00954607 0
0.13901 0
-0.0132576 0
-0.0487014 0
0.0160735 0
-0.114028 0
-0.0242327 0
0.103974 0
0.0173214 0
-0.0387566 0
-0.234717 0
0.019475 0
0.249466 0
0.0207173 0
-9.45691e-07 0
-2.14538e-07 0
-0.0535582 0
-0.0262353 0
-0.0210692 0
0.0129257 0
-0.12765 0
-0.016498 0
0.207697 0
0.0323681 0
-0.056564 0
0.111666 0
0.0175681 0
0.039662 0
-0.0341919 0
-0.190933 0
-0.0164212 0
0.0535585 0
0.0262355 0
1.56015e-07 0
-1.72674e-07 0
0.185385 0
0.0209454 0
-0.126469 0
-0.0212541 0
-0.0619183 0
-0.103623 0
0.00267959 0
0.0560076 0
0.0368915 0
0.0909605 0
-0.00954644 0
0.0210691 0
-0.0129256 0
-0.185386 0
-0.0209454 0
6.35874e-07 0
6.40042e-08 0
0.130002 0
0.0548864 0
-0.0144051 0
-0.0443681 0
-0.0263779 0
-0.13901 0
0.0132577 0
0.127651 0
0.0164979 0
0.126468 0
0.021254 0
-0.130002 0
-0.0495646 0
0.0241204 0
0.10999 0
0.00944465 0
0.0487011 0
-0.0160735 0
-0.207698 0
-0.0323681 0
0.0619192 0
0.00482075 0
-0.0251457 0
-0.132445 0
0.00103405 0
0.114029 0
0.0242328 0
0.0565636 0
0.0596728 0
0.0112239 0
0.0212628 0
-0.0115432 0
-0.103975 0
-0.0509561 0
0.000200195 0
0.0515119 0
0 0
0 0
0 0
0 0
0 0
0 0
0 0
0 0
0 0
0 0
0 0
0 0
0 0
0 0
0 0
0 0
0 0
0 0
0 0
0 0
0 0
0 0
0 0
0 0
0 0
0 0
0 0
0 0
0 0
0 0
0 0
0 0
0 0
0 0
0 0
0 0
0 0
0 0
0 0
0 0
0 0
0 0
0 0
0 0
0 0
0 0
0 0
0 0
0 0
0 0
0 0
0 0
0 0
0 0
0 0
0 0
0 0
0 0
0 0
0 0
0 0
0 0
0 0
0 0
0 0
0 0
0 0
0 0
0 0
0 0
0 0
0 0
0 0
0 0
0 0
0 0
0 0
0 0
0 0
0 0
0 0
0 0
0 0
0 0
0 0
0 0
0 0
0 0
0 0
0 0
0 0
0 0
0 0
0 0
0 0
0 0
0 0
0 0
0 0
0 0
0 0
0 0
0 0
0 0
0 0
0 0
0 0
0 0
0 0
0 0
0 0
0 0
0 0
0 0
0 0
0 0
0 0
0 0
0 0
0 0
0 0
0 0
0 0
0 0
0 0
0 0
0 0
0 0
0 0
0 0
0 0
0 0
0 0
0 0
0 0
0 0
0 0
0 0
0 0
0 0
0 0
0.00798895 0
-0.00773187 0
-0.0526252 0
-0.00773192 0
0.00798919 0
0.00581657 0
0.0167844 0
0.0490493 0
0.00252756 0
0.0241537 0
-0.016235 0
0.0601145 0
0.0146587 0
-0.0664428 0
0.00532353 0
-0.157007 0
-0.0260441 0
0.0454248 0
0.0189949 0
0.0905543 0
0.0151654 0
0.0424467 0
-0.0309774 0
0.0757082 0
0.010304 0
-0.0927751 0
0.0227034 0
-0.13073 0
-0.0217029 0
0.0443695 0
-0.00158179 0
0.0504836 0
0.0137753 0
0.0289755 0
-0.00967714 0
0.024823 0
-0.00110307 0
-0.0430733 0
0.0101029 0
-0.0242756 0
-0.00327908 0
0.0153711 0
0.0241541 0
0.0025274 0
0.0490484 0
-0.0162348 0
-0.153519 0
0.0251761 0
0.111441 0
-0.0193313 0
0.118218 0
0.0116478 0
-0.250528 0
0.00449867 0
0.116805 0
-0.0152692 0
0.0759473 0
0.0225635 0
-0.101361 0
-0.0148858 0
0.0261445 0
-0.0664427 0
0.0146588 0
0.0601157 0
0.00532326 0
0.111439 0
-0.0193312 0
-0.283099 0
0.0165249 0
0.164523 0
-0.00804445 0
0.146164 0
0.0207536 0
-0.234829 0
-0.0221451 0
0.0871639 0
0.00767945 0
0.035201 0
0.045424 0
-0.0260441 0
-0.157007 0
0.0189951 0
0.11822 0
0.0116476 0
0.16452 0
-0.0080445 0
-0.33308 0
-0.0145635 0
0.146273 0
0.0116274 0
0.0867026 0
0.01676 0
-0.101666 0
0.0424476 0
0.0151651 0
0.0905528 0
-0.0309775 0
-0.250528 0
0.00449893 0
0.146167 0
0.0207537 0
0.146271 0
0.0116271 0
-0.200978 0
-0.0302194 0
0.059983 0
-0.0927751 0
0.0103043 0
0.0757096 0
0.0227032 0
0.116803 0
-0.0152694 0
-0.23483 0
-0.022145 0
0.0867043 0
0.0167602 0
0.059982 0
0.0443688 0
-0.021703 0
-0.130731 0
-0.00158156 0
0.0759488 0
0.0225635 0
0.0871627 0
0.00767923 0
-0.101666 0
0.0289761 0
0.0137752 0
0.0504829 0
-0.00967728 0
-0.101361 0
-0.0148858 0
0.0352017 0
-0.0430735 0
-0.00110298 0
0.0248235 0
0.010103 0
0.0261441 0
0.015371 0
-0.00327913 0
-0.0242756 0
0 0
0 0
0 0
0 0
0 0
0 0
0 0
0 0
0 0
0 0
0 0
0 0
0 0
0 0
0 0
0 0
0 0
0 0
0 0
0 0
0 0
0 0
0 0
0 0
0 0
0 0
0 0
0 0
0 0
0 0
0 0
0 0
0 0
0 0
0 0
0 0
0 0
0 0
0 0
0 0
0 0
0 0
0 0
0 0
0 0
0 0
0 0
0 0
0 0
0 0
0 0
0 0
0 0
0 0
0 0
0 0
0 0
0 0
0 0
0 0
0 0
0 0
0 0
0 0
0 0
0 0
0 0
0 0
0 0
0 0
0 0
0 0
0 0
0 0
0 0
0 0
0 0
0 0
0 0
0 0
0 0
0 0
0 0
0 0
0 0
0 0
0 0
0 0
0 0
0 0
0 0
0 0
0 0
0 0
0 0
0 0
0 0
0 0
0 0
0 0
0 0
0 0
0 0
0 0
0 0
0 0
0 0
0 0
0 0
0 0
0 0
0 0
0 0
0 0
0 0
0 0
0 0
0 0
0 0
0 0
0 0
0 0
0 0
0 0
0 0
0 0
0 0
0 0
0 0
0 0
0 0
0 0
0 0
0 0
0 0
0 0
0 0
0 0
0 0
0 0
0 0
0 0
0 0
0 0
0 0
0 0
0 0
0 0
0 0
0 0
0 0
0 0
0 0
0 0
0 0
0 0
0 0
0 0
0 0
0 0
0 0
0 0
0 0
0 0
0 0
0 0
0 0
0 0
0 0
0 0
0 0
0 0
0 0
0 0
0 0
0 0
0 0
0 0
0 0
0 0
0 0
0 0
0 0
0 0
0 0
0 0
0 0
0 0
0 0
0 0
0 0
0 0
0 0
0 0
0 0
0 0
0 0
0 0
0 0
0 0
0 0
0 0
0 0
0 0
0 0
0 0
0 0
0 0
0 0
0 0
0 0
0 0
0 0
0 0
0 0
0 0
0 0
0 0
0 0
0 0
0 0
0 0
0 0
0 0
0 0
0 0
0 0
0 0
0 0
0 0
0 0
0 0
0 0
0 0
0 0
0 0
0 0
0 0
0 0
0 0
0 0
0 0
0 0
0 0
0 0
0 0
0 0
0 0
0 0
0 0
0 0
0 0
0 0
0 0
0 0
0 0
0 0
0 0
0 0
0 0
0 0
0 0
0 0
0 0
0 0
0 0
0 0
0 0
0 0
0 0
0 0
0 0
0 0
0 0
0 0
0 0
0 0
0 0
0 0
0 0
0 0
0 0
-0.00895564 0
-0.024076 0
7.52799e-08 0
0.0240759 0
0.00895563 0
4.73166e-08 0
3.24963e-07 0
0.0219376 0
-0.0485068 0
-0.00889475 0
0.105687 0
-0.0143611 0
0.00780393 0
-0.0143634 0
-0.151177 0
-0.0262507 0
0.0729088 0
0.0287835 0
0.00743463 0
0.0342598 0
-0.0823549 0
-0.00337392 0
0.165447 0
0.00815908 0
-0.00199923 0
-0.0298993 0
-0.14182 0
-0.0317764 0
0.0625853 0
0.0217688 0
-0.00599866 0
0.00697303 0
-0.0382126 0
0.00872485 0
0.0621462 0
0.0130696 0
-0.00391188 0
-0.0151501 0
-0.0240833 0
-0.00520489 0
0.00997336 0
0.00226746 0
0.00889462 0
0.0485066 0
-0.0219377 0
-0.105687 0
1.42046e-07 0
9.40466e-07 0
0.0302623 0
0.231811 0
-0.00760191 0
-0.259588 0
-0.0346153 0
-0.000590263 0
0.0160984 0
0.185106 0
0.0244671 0
-0.113816 0
-0.0182122 0
0.00280725 0
-0.00784333 0
0.0143636 0
-0.00780324 0
0.0143609 0
0.151177 0
-0.0302623 0
-0.231812 0
1.2645e-07 0
1.56995e-06 0
0.0168889 0
0.305134 0
0.0184581 0
-0.2547 0
-0.023867 0
0.00408671 0
-0.0149344 0
0.0706314 0
0.0261875 0
-0.0287834 0
-0.0729093 0
0.0262509 0
-0.00743283 0
0.00760161 0
0.259587 0
-0.0168888 0
-0.305135 0
-5.23947e-08 0
1.46902e-06 0
-0.0225861 0
0.194153 0
0.0391749 0
-0.0939826 0
-0.00817796 0
0.00337361 0
0.0823545 0
-0.0342596 0
-0.165448 0
0.0346154 0
0.00059281 0
-0.0184582 0
0.254699 0
0.0225863 0
-0.194154 0
-1.98886e-07 0
5.20092e-07 0
-0.0333381 0
0.0298995 0
0.00200004 0
-0.00815939 0
0.141819 0
-0.0160981 0
-0.185107 0
0.0238668 0
-0.00408498 0
-0.0391748 0
0.0939822 0
0.0333383 0
-0.0217687 0
-0.0625856 0
0.0317764 0
0.00599979 0
-0.0244673 0
0.113816 0
0.0149347 0
-0.0706318 0
0.00817764 0
-0.00872504 0
0.0382124 0
-0.00697283 0
-0.0621466 0
0.0182121 0
-0.00280675 0
-0.0261875 0
0.0151502 0
0.00391213 0
-0.0130697 0
0.0240832 0
0.00784348 0
-0.0022674 0
-0.00997343 0
0.00520484 0
0 0
0 0
0 0
0 0
0 0
0 0
0 0
0 0
0 0
0 0
0 0
0 0
0 0
0 0
0 0
0 0
0 0
0 0
0 0
0 0
0 0
0 0
0 0
0 0
0 0
0 0
0 0
0 0
0 0
0 0
0 0
0 0
0 0
0 0
0 0
0 0
0 0
0 0
0 0
0 0
0 0
0 0
0 0
0 0
0 0
0 0
0 0
0 0
0 0
0 0
0 0
0 0
0 0
0 0
0 0
0 0
0 0
0 0
0 0
0 0
0 0
0 0
0 0
0 0
0 0
0 0
0 0
0 0
0 0
0 0
0 0
0 0
0 0
0 0
0 0
0 0
0 0
0 0
0 0
0 0
0 0
0 0
0 0
0 0
0 0
0 0
0 0
0 0
0 0
0 0
0 0
0 0
0 0
0 0
0 0
0 0
0 0
0 0
0 0
0 0
0 0
0 0
0 0
0 0
0 0
0 0
0 0
0 0
0 0
0 0
0 0
0 0
0 0
0 0
0 0
0 0
0 0
0 0
0 0
0 0
0 0
0 0
0 0
0 0
0 0
0 0
0 0
0 0
0 0
0 0
0 0
0 0
0 0
0 0
0 0
0 0
0 0
0 0
0 0
0 0
0 0
-0.00142827 0
-0.0151152 0
0.0141868 0
-0.0151154 0
-0.00142834 0
0.0112778 0
0.0680068 0
-0.00541784 0
-0.0199468 0
-0.0127727 0
-0.062173 0
-0.0256491 0
0.0700181 0
0.0176793 0
-0.0751132 0
0.0252234 0
-0.0465114 0
0.00838763 0
0.189646 0
0.0188646 0
-0.0458286 0
-0.0330006 0
-0.0940005 0
-0.0370446 0
0.0874409 0
0.0147578 0
-0.0915793 0
0.00131584 0
-0.0293121 0
0.0208979 0
0.124419 0
0.0235391 0
-0.0308989 0
-0.0215663 0
-0.0330135 0
-0.00831471 0
0.0267839 0
-0.00148081 0
-0.0154835 0
-0.00724537 0
-0.00414642 0
0.0084732 0
-0.0127728 0
-0.0199472 0
-0.00541763 0
-0.062172 0
0.0267086 0
0.19708 0
-0.00459711 0
-0.134208 0
-0.034003 0
-0.146376 0
0.0138957 0
0.278383 0
0.031019 0
-0.104585 0
-0.0180779 0
-0.0680468 0
-0.0161443 0
0.0577715 0
0.0155984 0
0.0176791 0
0.0700181 0
-0.0256492 0
-0.0751145 0
-0.0045968 0
-0.134206 0
0.0256941 0
0.339179 0
0.00605786 0
-0.176475 0
-0.0176419 0
-0.149519 0
-0.0222095 0
0.193181 0
0.0291412 0
-0.0488895 0
0.00316904 0
0.00838788 0
-0.0465107 0
0.0252232 0
0.189646 0
-0.0340031 0
-0.146379 0
0.00605801 0
-0.176473 0
-0.00857838 0
0.329204 0
0.023655 0
-0.116311 0
0.0104145 0
-0.0491699 0
-0.034361 0
-0.0330006 0
-0.0458294 0
0.0188649 0
-0.093999 0
0.0138955 0
0.278383 0
-0.0176418 0
-0.149521 0
0.0236548 0
-0.116309 0
-0.0438223 0
0.113408 0
0.0227998 0
0.0147575 0
0.0874409 0
-0.0370445 0
-0.0915806 0
0.0310192 0
-0.104583 0
-0.0222097 0
0.193181 0
0.0104149 0
-0.0491708 0
0.0227995 0
0.0208981 0
-0.0293115 0
0.00131556 0
0.124419 0
-0.0180777 0
-0.0680479 0
0.029141 0
-0.0488888 0
-0.0343611 0
-0.0215662 0
-0.0308993 0
0.0235392 0
-0.033013 0
-0.0161445 0
0.0577716 0
0.00316929 0
-0.00148095 0
0.0267839 0
-0.00831458 0
-0.0154838 0
0.0155984 0
0.00847324 0
-0.00414635 0
-0.00724544 0
0.0241253 0
-0.00636835 0
-2.5042e-07 0
0.00636829 0
-0.0241253 0
2.22689e-08 0
7.31876e-08 0
-0.0804811 0
-0.0161577 0
0.0408412 0
0.0130586 0
0.115843 0
0.0170585 0
-0.00318441 0
-0.0257025 0
-0.00627915 0
0.0015156 0
-0.0675742 0
0.02427 0
-0.140472 0
-0.0233511 0
0.0778399 0
-0.00245308 0
0.130077 0
0.0229749 0
0.00125912 0
-0.0201853 0
0.0124983 0
-0.00300991 0
-0.0710161 0
0.022948 0
-0.0876078 0
-0.0120696 0
0.0506321 0
-0.0131228 0
0.0424255 0
0.010354 0
0.00538773 0
0.000583493 0
0.0106866 0
-0.00384639 0
-0.0210385 0
-0.0408409 0
0.0161577 0
0.0804815 0
-0.0130587 0
-7.53224e-07 0
1.12484e-07 0
-0.179186 0
0.0120859 0
0.212304 0
-0.0211853 0
0.00378132 0
0.0237706 0
-0.197016 0
-0.0189398 0
0.136929 0
0.0029739 0
0.0101688 0
0.0101032 0
-0.0515847 0
0.00318374 0
-0.0170584 0
-0.115842 0
0.0257025 0
0.179187 0
-0.012086 0
-1.39944e-06 0
7.97908e-08 0
-0.274162 0
-0.00571485 0
0.258394 0
0.00610504 0
0.00835358 0
0.0132251 0
-0.139031 0
-0.0257472 0
0.0683302 0
0.0675746 0
-0.00151587 0
0.00627758 0
-0.0242697 0
-0.212303 0
0.0211855 0
0.274164 0
0.00571481 0
-1.64924e-06 0
-6.49259e-08 0
-0.249949 0
-0.030496 0
0.166764 0
0.0252373 0
0.00192686 0
-0.0778394 0
0.0233513 0
0.140473 0
0.00245276 0
-0.00378383 0
-0.0237706 0
-0.258392 0
-0.00610481 0
0.249951 0
0.0304962 0
-1.01827e-06 0
-1.6095e-07 0
-0.101512 0
-0.00126004 0
-0.0229748 0
-0.130076 0
0.0201855 0
0.197017 0
0.0189397 0
-0.00835596 0
-0.0132253 0
-0.166763 0
-0.0252371 0
0.101512 0
0.0710166 0
0.00300968 0
-0.0124997 0
-0.022948 0
-0.136928 0
-0.00297367 0
0.139032 0
0.0257473 0
-0.00192791 0
-0.0506318 0
0.0120697 0
0.0876084 0
0.0131227 0
-0.0101698 0
-0.0101033 0
-0.0683298 0
-0.00538818 0
-0.010354 0
-0.0424253 0
-0.0005834 0
0.0515849 0
0.0210387 0
0.00384636 0
-0.0106869 0
0 0
0 0
0 0
0 0
0 0
0 0
0 0
0 0
0 0
0 0
0 0
0 0
0 0
0 0
0 0
0 0
0 0
0 0
0 0
0 0
0 0
0 0
0 0
0 0
0 0
0 0
0 0
0 0
0 0
0 0
0 0
0 0
0 0
0 0
0 0
0 0
0 0
0 0
0 0
0 0
0 0
0 0
0 0
0 0
0 0
0 0
0 0
0 0
0 0
0 0
0 0
0 0
0 0
0 0
0 0
0 0
0 0
0 0
0 0
0 0
0 0
0 0
0 0
0 0
0 0
0 0
0 0
0 0
0 0
0 0
0 0
0 0
0 0
0 0
0 0
0 0
0 0
0 0
0 0
0 0
0 0
0 0
0 0
0 0
0 0
0 0
0 0
0 0
0 0
0 0
0 0
0 0
0 0
0 0
0 0
0 0
0 0
0 0
0 0
0 0
0 0
0 0
0 0
0 0
0 0
0 0
0 0
0 0
0 0
0 0
0 0
0 0
0 0
0 0
0 0
0 0
0 0
0 0
0 0
0 0
0 0
0 0
0 0
0 0
0 0
0 0
0 0
0 0
0 0
0 0
0 0
0 0
0 0
0 0
0 0
0 0
0 0
0 0
0 0
0 0
0 0
0 0
0 0
0 0
0 0
0 0
0 0
0 0
0 0
0 0
0 0
0 0
0 0
0 0
0 0
0 0
0 0
0 0
0 0
0 0
0 0
0 0
0 0
0 0
0 0
0 0
0 0
0 0
0 0
0 0
0 0
0 0
0 0
0 0
0 0
0 0
0 0
0 0
0 0
0 0
0 0
0 0
0 0
0 0
0 0
0 0
0 0
0 0
0 0
0 0
0 0
0 0
0 0
0 0
0 0
0 0
0 0
0 0
0 0
0 0
0 0
0 0
0 0
0 0
0 0
0 0
0 0
0 0
0 0
0 0
0 0
0 0
0 0
0 0
0 0
0 0
0 0
0 0
0 0
0 0
0 0
0 0
0 0
0 0
0 0
0 0
0 0
0 0
0 0
0 0
0 0
0 0
0 0
0 0
0 0
0 0
0 0
0 0
0 0
0 0
0 0
0 0
0 0
0 0
0 0
0 0
0 0
0 0
0 0
0 0
0 0
0 0
0 0
0 0
0 0
0 0
0 0
0 0
0 0
0 0
0 0
0 0
0 0
0 0
0 0
0 0
0 0
0 0
0 0
0 0
0 0
0 0
0 0
0 0
0 0
0 0
0 0
0 0
0 0
0 0
0 0
0 0
-0.162285 0
1.90427e-05 0
5.21681e-07 0
-1.90939e-05 0
0.162285 0
4.60918e-08 0
3.86123e-08 0
0.161736 0
-0.00942148 0
-0.162234 0
-0.00383921 0
-0.151691 0
0.0131373 0
0.0255706 0
0.000449889 0
0.00606926 0
-0.00262414 0
0.0909 0
0.00223425 0
0.122357 0
-0.00737516 0
-0.089884 0
-0.000500399 0
-0.108806 0
0.00570771 0
-0.0125566 0
-0.00110792 0
-0.0416198 0
0.00432231 0
0.105936 0
-0.00295649 0
0.173958 0
-0.0123056 0
-0.076025 0
-0.00499262 0
-0.0962063 0
0.00635655 0
-0.0646729 0
0.00589655 0
-0.118004 0
-0.00854243 0
0.143486 0
0.162233 0
0.00942158 0
-0.161737 0
0.00383923 0
6.69564e-07 0
8.83667e-09 0
0.144443 0
-0.00391118 0
-0.134311 0
0.00335255 0
-0.0122295 0
-0.00344167 0
0.153345 0
-0.0010148 0
-0.124555 0
0.00645453 0
-0.0644759 0
-0.00110614 0
0.198352 0
-0.0255694 0
-0.0131372 0
0.15169 0
-0.000449819 0
-0.144443 0
0.00391123 0
6.845e-07 0
-4.96725e-10 0
0.137854 0
-0.00219573 0
-0.132206 0
0.00407086 0
-0.0261535 0
-0.00452607 0
0.17217 0
-0.0140664 0
-0.130954 0
-0.0909005 0
0.00262406 0
-0.00606799 0
-0.00223422 0
0.13431 0
-0.00335251 0
-0.137855 0
0.00219579 0
6.90959e-07 0
-1.73619e-09 0
0.147862 0
-0.00522492 0
-0.134262 0
0.0133969 0
-0.00401133 0
0.0898835 0
0.0073752 0
-0.122357 0
0.000500419 0
0.0122309 0
0.00344168 0
0.132205 0
-0.00407082 0
-0.147863 0
0.00522501 0
6.87353e-07 0
-6.1002e-08 0
0.10259 0
0.0125575 0
-0.00570764 0
0.108805 0
0.00110795 0
-0.153346 0
0.00101487 0
0.026155 0
0.00452604 0
0.134261 0
-0.0133968 0
-0.102591 0
-0.105936 0
-0.00432239 0
0.0416212 0
0.00295652 0
0.124554 0
-0.00645447 0
-0.172171 0
0.0140665 0
0.00401251 0
0.076024 0
0.0123057 0
-0.173958 0
0.00499264 0
0.0644773 0
0.00110602 0
0.130953 0
0.0646742 0
-0.00635647 0
0.0962053 0
-0.00589647 0
-0.198352 0
-0.143487 0
0.00854235 0
0.118005 0
0 0
0 0
0 0
0 0
0 0
0 0
0 0
0 0
0 0
0 0
0 0
0 0
0 0
0 0
0 0
0 0
0 0
0 0
0 0
0 0
0 0
0 0
0 0
0 0
0 0
0 0
0 0
0 0
0 0
0 0
0 0
0 0
0 0
0 0
0 0
0 0
0 0
0 0
0 0
0 0
0 0
0 0
0 0
0 0
0 0
0 0
0 0
0 0
0 0
0 0
0 0
0 0
0 0
0 0
0 0
0 0
0 0
0 0
0 0
0 0
0 0
0 0
0 0
0 0
0 0
0 0
0 0
0 0
0 0
0 0
0 0
0 0
0 0
0 0
0 0
0 0
0 0
0 0
0 0
0 0
0 0
0 0
0 0
0 0
0 0
0 0
0 0
0 0
0 0
0 0
0 0
0 0
0 0
0 0
0 0
0 0
0 0
0 0
0 0
0 0
0 0
0 0
0 0
0 0
0 0
0 0
0 0
0 0
0 0
0 0
0 0
0 0
0 0
0 0
0 0
0 0
0 0
0 0
0 0
0 0
0 0
0 0
0 0
0 0
0 0
0 0
0 0
0 0
0 0
0 0
0 0
0 0
0 0
0 0
0 0
0 0
0 0
0 0
0 0
0 0
0 0
0.279588 0
-0.00309251 0
-6.75556e-07 0
0.00309257 0
-0.279588 0
-6.32776e-08 0
-3.02145e-08 0
-0.224255 0
0.00972324 0
0.271248 0
0.0111174 0
0.195042 0
-0.0195292 0
-0.0729758 0
-0.00625648 0
-0.0624731 0
0.0122521 0
-0.0694959 0
-0.00592956 0
-0.011132 0
-0.00234677 0
0.0987541 0
0.0089114 0
0.0434735 0
-0.00755467 0
-0.081259 0
-0.0034704 0
-0.102387 0
0.0124354 0
0.0582868 0
-0.00721007 0
0.150957 0
-0.0114687 0
0.0102766 0
-0.000549863 0
-0.0468853 0
0.000924095 0
-0.13011 0
0.00367719 0
-0.158017 0
-0.00549097 0
0.174457 0
-0.271247 0
-0.0097234 0
0.224255 0
-0.0111175 0
-6.55706e-07 0
2.73436e-08 0
-0.116108 0
0.0103094 0
0.0892868 0
-0.00647087 0
-0.0559768 0
-0.0045263 0
0.0680973 0
0.00478045 0
-0.0295114 0
0.00334094 0
-0.102604 0
-0.00110209 0
0.194973 0
0.0729745 0
0.0195292 0
-0.195041 0
0.00625637 0
0.116109 0
-0.0103095 0
-3.57196e-07 0
3.47387e-08 0
-0.0164738 0
0.00651287 0
-0.000352723 0
-0.0019869 0
-0.051059 0
-0.00510466 0
0.123351 0
-0.00828238 0
-0.0894461 0
0.0694966 0
-0.012252 0
0.0624722 0
0.0059296 0
-0.0892865 0
0.00647081 0
0.016474 0
-0.00651289 0
-5.06174e-08 0
1.5966e-08 0
0.0565568 0
0.00092652 0
-0.058979 0
0.00642514 0
-0.011908 0
-0.098754 0
0.00234669 0
0.0111326 0
-0.0089114 0
0.0559764 0
0.00452634 0
0.000352608 0
0.00198687 0
-0.0565568 0
-0.000926488 0
2.34129e-07 0
-2.70448e-08 0
0.0537028 0
0.0812586 0
0.0075547 0
-0.0434737 0
0.00347035 0
-0.0680969 0
-0.00478042 0
0.0510592 0
0.00510464 0
0.0589784 0
-0.00642508 0
-0.053703 0
-0.0582863 0
-0.0124354 0
0.102387 0
0.00721008 0
0.0295108 0
-0.00334093 0
-0.123351 0
0.00828242 0
0.0119085 0
-0.0102771 0
0.0114687 0
-0.150956 0
0.000549872 0
0.102604 0
0.00110201 0
0.089445 0
0.13011 0
-0.000924039 0
0.0468844 0
-0.00367713 0
-0.194972 0
-0.174456 0
0.00549089 0
0.158017 0
0 0
0 0
0 0
0 0
0 0
0 0
0 0
0 0
0 0
0 0
0 0
0 0
0 0
0 0
0 0
0 0
0 0
0 0
0 0
0 0
0 0
0 0
0 0
0 0
0 0
0 0
0 0
0 0
0 0
0 0
0 0
0 0
0 0
0 0
0 0
0 0
0 0
0 0
0 0
0 0
0 0
0 0
0 0
0 0
0 0
0 0
0 0
0 0
0 0
0 0
0 0
0 0
0 0
0 0
0 0
0 0
0 0
0 0
0 0
0 0
0 0
0 0
0 0
0 0
0 0
0 0
0 0
0 0
0 0
0 0
0 0
0 0
0 0
0 0
0 0
0 0
0 0
0 0
0 0
0 0
0 0
0 0
0 0
0 0
0 0
0 0
0 0
0 0
0 0
0 0
0 0
0 0
0 0
0 0
0 0
0 0
0 0
0 0
0 0
0 0
0 0
0 0
0 0
0 0
0 0
0 0
0 0
0 0
0 0
0 0
0 0
0 0
0 0
0 0
0 0
0 0
0 0
0 0
0 0
0 0
0 0
0 0
0 0
0 0
0 0
0 0
0 0
0 0
0 0
0 0
0 0
0 0
0 0
0 0
0 0
0 0
0 0
0 0
0 0
0 0
0 0
-0.0029521 0
-0.00195123 0
0.0338462 0
-0.00195121 0
-0.00295353 0
0.00199792 0
0.00255463 0
-0.0203128 0
0.000862518 0
-0.0256212 0
-0.00143282 0
-0.0376847 0
0.00479205 0
0.043625 0
-0.000345903 0
0.0748954 0
-0.00667751 0
-0.0188626 0
0.00658802 0
-0.0605051 0
0.0030564 0
-0.0378985 0
-0.00590493 0
-0.0125533 0
0.00749407 0
0.090102 0
-0.000919094 0
0.133995 0
-0.015228 0
-0.0979211 0
0.0132131 0
-0.232096 0
0.0157118 0
0.00541742 0
0.00174291 0
0.0919553 0
-0.00167737 0
0.183966 0
-0.00844884 0
0.241109 0
0.0100698 0
-0.271305 0
-0.0256225 0
0.000862466 0
-0.0203116 0
-0.00143286 0
0.0617694 0
0.00414268 0
-0.0362989 0
-0.00235708 0
-0.0318446 0
-0.00333372 0
0.0887479 0
0.0121235 0
-0.119005 0
-0.00501779 0
0.0631114 0
-0.0104444 0
0.135479 0
0.005827 0
-0.31021 0
0.0436254 0
0.00479215 0
-0.0376858 0
-0.000345896 0
-0.0362982 0
-0.00235708 0
0.0742871 0
0.00854442 0
-0.0482135 0
-0.00485837 0
-0.00131987 0
-0.00726001 0
0.0690099 0
0.0150732 0
-0.171144 0
0.0101235 0
0.159247 0
-0.0188622 0
-0.00667755 0
0.0748957 0
0.00658805 0
-0.0318453 0
-0.00333375 0
-0.0482132 0
-0.00485831 0
0.0621085 0
0.0137731 0
-0.0488557 0
-0.0053648 0
0.0627504 0
-0.0123975 0
-0.0150388 0
-0.0378992 0
0.00305638 0
-0.0605048 0
-0.00590492 0
0.0887483 0
0.0121235 0
-0.00132039 0
-0.00726009 0
-0.0488555 0
-0.00536469 0
0.000154223 0
0.0107322 0
-0.0144953 0
0.0901024 0
0.00749413 0
-0.012554 0
-0.000919139 0
-0.119005 0
-0.0050177 0
0.0690104 0
0.0150732 0
0.06275 0
-0.0123976 0
-0.0144955 0
-0.0979209 0
-0.015228 0
0.133996 0
0.0132132 0
0.0631106 0
-0.0104444 0
-0.171144 0
0.0101236 0
-0.015038 0
0.00541659 0
0.0157118 0
-0.232096 0
0.00174296 0
0.13548 0
0.0058269 0
0.159246 0
0.183967 0
-0.00167728 0
0.0919543 0
-0.00844877 0
-0.310209 0
-0.271306 0
0.0100697 0
0.24111 0
0 0
0 0
0 0
0 0
0 0
0 0
0 0
0 0
0 0
0 0
0 0
0 0
0 0
0 0
0 0
0 0
0 0
0 0
0 0
0 0
0 0
0 0
0 0
0 0
0 0
0 0
0 0
0 0
0 0
0 0
0 0
0 0
0 0
0 0
0 0
0 0
0 0
0 0
0 0
0 0
0 0
0 0
0 0
0 0
0 0
0 0
0 0
0 0
0 0
0 0
0 0
0 0
0 0
0 0
0 0
0 0
0 0
0 0
0 0
0 0
0 0
0 0
0 0
0 0
0 0
0 0
0 0
0 0
0 0
0 0
0 0
0 0
0 0
0 0
0 0
0 0
0 0
0 0
0 0
0 0
0 0
0 0
0 0
0 0
0 0
0 0
0 0
0 0
0 0
0 0
0 0
0 0
0 0
0 0
0 0
0 0
0 0
0 0
0 0
0 0
0 0
0 0
0 0
0 0
0 0
0 0
0 0
0 0
0 0
0 0
0 0
0 0
0 0
0 0
0 0
0 0
0 0
0 0
0 0
0 0
0 0
0 0
0 0
0 0
0 0
0 0
0 0
0 0
0 0
0 0
0 0
0 0
0 0
0 0
0 0
0 0
0 0
0 0
0 0
0 0
0 0
-0.233022 0
0.00998832 0
4.69211e-07 0
-0.00998836 0
0.233022 0
5.33326e-08 0
9.64042e-09 0
0.068487 0
0.00681042 0
-0.205767 0
-0.0153532 0
-0.0276544 0
0.00538156 0
0.118865 0
0.012931 0
0.0627766 0
-0.0131004 0
-0.105868 0
-0.00189348 0
-0.149098 0
0.0185134 0
0.0790227 0
-0.00337222 0
0.168143 0
-0.0167764 0
0.0192896 0
0.00662606 0
-0.100836 0
0.00943445 0
-0.141373 0
-0.0111252 0
0.0104773 0
0.00402967 0
0.216248 0
0.00542778 0
0.0929302 0
-0.0157385 0
-0.237789 0
-0.00067495 0
-0.203131 0
0.00480355 0
0.188596 0
0.205767 0
-0.00681028 0
-0.0684875 0
0.0153532 0
-1.02013e-07 0
4.72599e-08 0
-0.0695543 0
-0.00829106 0
0.0913896 0
0.00513778 0
-0.00999383 0
-0.0018201 0
-0.0850533 0
0.0019161 0
0.120121 0
0.00167952 0
-0.118072 0
-0.0014086 0
0.112045 0
-0.118864 0
-0.00538162 0
0.0276553 0
-0.0129309 0
0.0695542 0
0.00829087 0
-1.13425e-06 0
1.60412e-07 0
-0.0949269 0
-0.0018767 0
0.099837 0
0.000612083 0
-0.0401278 0
-0.00306831 0
-0.00650768 0
0.00212575 0
0.00980859 0
0.105867 0
0.0131003 0
-0.0627775 0
0.00189358 0
-0.0913869 0
-0.0051379 0
0.0949277 0
0.00187641 0
-1.81389e-06 0
2.19265e-07 0
-0.0613137 0
0.00248721 0
0.0547354 0
-0.00324499 0
-0.00901428 0
-0.0790202 0
-0.0185132 0
0.149096 0
0.00337198 0
0.00999066 0
0.00182045 0
-0.0998334 0
-0.00061234 0
0.0613149 0
-0.00248751 0
-2.31009e-06 0
3.12229e-07 0
-0.0369391 0
-0.0192907 0
0.0167761 0
-0.168138 0
-0.00662607 0
0.0850519 0
-0.00191637 0
0.0401236 0
0.00306877 0
-0.0547312 0
0.00324448 0
0.0369406 0
0.141369 0
-0.00943431 0
0.100832 0
0.0111253 0
-0.120114 0
-0.00167985 0
0.00650654 0
-0.00212577 0
0.00901005 0
-0.21624 0
-0.00402948 0
-0.0104793 0
-0.00542771 0
0.118068 0
0.00140901 0
-0.00980318 0
0.237783 0
0.015738 0
-0.092924 0
0.00067457 0
-0.112047 0
-0.188595 0
-0.00480313 0
0.203128 0
0 0
0 0
0 0
0 0
0 0
0 0
0 0
0 0
0 0
0 0
0 0
0 0
0 0
0 0
0 0
0 0
0 0
0 0
0 0
0 0
0 0
0 0
0 0
0 0
0 0
0 0
0 0
0 0
0 0
0 0
0 0
0 0
0 0
0 0
0 0
0 0
0 0
0 0
0 0
0 0
0 0
0 0
0 0
0 0
0 0
0 0
0 0
0 0
0 0
0 0
0 0
0 0
0 0
0 0
0 0
0 0
0 0
0 0
0 0
0 0
0 0
0 0
0 0
0 0
0 0
0 0
0 0
0 0
0 0
0 0
0 0
0 0
0 0
0 0
0 0
0 0
0 0
0 0
0 0
0 0
0 0
0 0
0 0
0 0
0 0
0 0
0 0
0 0
0 0
0 0
0 0
0 0
0 0
0 0
0 0
0 0
0 0
0 0
0 0
0 0
0 0
0 0
0 0
0 0
0 0
0 0
0 0
0 0
0 0
0 0
0 0
0 0
0 0
0 0
0 0
0 0
0 0
0 0
0 0
0 0
0 0
0 0
0 0
0 0
0 0
0 0
0 0
0 0
0 0
0 0
0 0
0 0
0 0
0 0
0 0
0 0
0 0
0 0
0 0
0 0
0 0
-0.00609327 0
-0.0037713 0
0.0468016 0
-0.00377091 0
-0.006101 0
0.00407784 0
0.00406423 0
-0.0288634 0
0.00352784 0
-0.0303829 0
-0.0037769 0
0.0172833 0
0.00119809 0
0.0496807 0
0.000600688 0
0.00154404 0
-0.00579615 0
-0.0702361 0
0.00513323 0
-0.0981418 0
0.0109635 0
0.0846327 0
-0.00664605 0
0.19553 0
-0.0123386 0
-0.0166476 0
0.001804 0
-0.138336 0
0.00589142 0
-0.144915 0
0.000104986 0
-0.0698612 0
0.00874486 0
0.266996 0
0.00279083 0
0.20759 0
-0.0179907 0
-0.221209 0
-0.0108857 0
-0.105667 0
0.0138199 0
0.0637488 0
-0.0303896 0
0.00352815 0
-0.0288621 0
-0.00377736 0
0.021653 0
0.00725507 0
-0.0204313 0
-0.0063407 0
0.0828206 0
-0.00398261 0
-0.0795008 0
0.0107865 0
-0.0620394 0
-0.00722553 0
0.207916 0
-0.00746008 0
-0.14529 0
0.0127631 0
-0.0721012 0
0.0496853 0
0.00119821 0
0.0172832 0
0.000601051 0
-0.0204347 0
-0.00634079 0
-0.0456441 0
0.0119024 0
0.00719859 0
-0.0082207 0
0.113073 0
-0.00690124 0
-0.12674 0
0.0133643 0
-0.0427638 0
-0.00074304 0
0.183037 0
-0.0702409 0
-0.00579655 0
0.00154654 0
0.00513316 0
0.0828243 0
-0.00398261 0
0.00719453 0
-0.00822053 0
-0.0987105 0
0.0133989 0
0.0318079 0
-0.00834239 0
0.134124 0
-0.0153958 0
-0.138271 0
0.0846361 0
0.0109641 0
-0.0981478 0
-0.00664596 0
-0.0795004 0
0.0107865 0
0.113077 0
-0.00690138 0
0.0318051 0
-0.0083421 0
-0.143798 0
0.0190881 0
0.0459268 0
-0.0166467 0
-0.0123392 0
0.195536 0
0.00180414 0
-0.0620432 0
-0.00722523 0
-0.12674 0
0.0133642 0
0.134126 0
-0.015396 0
0.0459246 0
-0.14492 0
0.00589176 0
-0.138338 0
0.000104649 0
0.207919 0
-0.00746005 0
-0.0427651 0
-0.000742751 0
-0.13827 0
0.267001 0
0.00874503 0
-0.0698619 0
0.00279112 0
-0.145292 0
0.012763 0
0.183037 0
-0.221214 0
-0.017991 0
0.207592 0
-0.0108856 0
-0.0720986 0
0.0637533 0
0.01382 0
-0.105672 0
0 0
0 0
0 0
0 0
0 0
0 0
0 0
0 0
0 0
0 0
0 0
0 0
0 0
0 0
0 0
0 0
0 0
0 0
0 0
0 0
0 0
0 0
0 0
0 0
0 0
0 0
0 0
0 0
0 0
0 0
0 0
0 0
0 0
0 0
0 0
0 0
0 0
0 0
0 0
0 0
0 0
0 0
0 0
0 0
0 0
0 0
0 0
0 0
0 0
0 0
0 0
0 0
0 0
0 0
0 0
0 0
0 0
0 0
0 0
0 0
0 0
0 0
0 0
0 0
0 0
0 0
0 0
0 0
0 0
0 0
0 0
0 0
0 0
0 0
0 0
0 0
0 0
0 0
0 0
0 0
0 0
0 0
0 0
0 0
0 0
0 0
0 0
0 0
0 0
0 0
0 0
0 0
0 0
0 0
0 0
0 0
0 0
0 0
0 0
0 0
0 0
0 0
0 0
0 0
0 0
0 0
0 0
0 0
0 0
0 0
0 0
0 0
0 0
0 0
0 0
0 0
0 0
0 0
0 0
0 0
0 0
0 0
0 0
0 0
0 0
0 0
0 0
0 0
0 0
0 0
0 0
0 0
0 0
0 0
0 0
0 0
0 0
0 0
0 0
0 0
0 0
0.0186075 0
0.0113815 0
-0.200995 0
0.0113814 0
0.0186088 0
-0.012422 0
-0.00669781 0
0.109518 0
-0.0110207 0
0.151181 0
0.00262757 0
0.118866 0
-0.00963452 0
-0.230755 0
-0.00726501 0
-0.218033 0
0.0179093 0
0.138256 0
-0.000632392 0
0.157392 0
-0.0162226 0
0.0304223 0
0.000815164 0
-0.015682 0
0.00520554 0
-0.1431 0
-0.00455473 0
-0.0610917 0
0.000408877 0
0.144422 0
0.00793365 0
0.00800568 0
-0.00456469 0
-0.084461 0
-0.00474786 0
0.0215791 0
0.00778663 0
0.0890476 0
-0.00587151 0
0.127455 0
0.00161667 0
-0.132367 0
0.151182 0
-0.0110207 0
0.109517 0
0.00262756 0
-0.235406 0
-0.000680649 0
0.118607 0
-0.00151539 0
0.0623419 0
-0.00210898 0
-0.143908 0
0.00238757 0
0.0890316 0
-0.00603193 0
0.0317585 0
-0.00430718 0
-0.0166951 0
0.0100788 0
-0.132915 0
-0.230755 0
-0.00963456 0
0.118867 0
-0.00726496 0
0.118606 0
-0.00151547 0
-0.176938 0
0.00100417 0
0.0871483 0
-0.0030272 0
0.0485622 0
-0.00149497 0
-0.104781 0
0.00748481 0
-0.00357177 0
-0.0027265 0
0.122425 0
0.138255 0
0.0179093 0
-0.218033 0
-0.000632371 0
0.0623428 0
-0.00210894 0
0.0871475 0
-0.00302727 0
-0.127754 0
0.00283429 0
0.0601571 0
-0.00516592 0
0.0884963 0
-0.00966054 0
-0.11149 0
0.0304228 0
-0.0162226 0
0.157391 0
0.000815066 0
-0.143909 0
0.00238765 0
0.0485631 0
-0.00149497 0
0.0601564 0
-0.00516592 0
-0.134918 0
0.0133445 0
0.0492639 0
-0.1431 0
0.00520549 0
-0.0156806 0
-0.00455472 0
0.0890307 0
-0.00603198 0
-0.104781 0
0.00748489 0
0.088497 0
-0.00966061 0
0.0492633 0
0.144421 0
0.000408861 0
-0.0610922 0
0.00793371 0
0.0317598 0
-0.00430725 0
-0.00357252 0
-0.00272641 0
-0.11149 0
-0.0844591 0
-0.00456464 0
0.00800481 0
-0.00474782 0
-0.0166954 0
0.0100789 0
0.122425 0
0.0890464 0
0.00778653 0
0.0215801 0
-0.00587157 0
-0.132916 0
-0.132367 0
0.00161673 0
0.127454 0
0 0
0 0
0 0
0 0
0 0
0 0
0 0
0 0
0 0
0 0
0 0
0 0
0 0
0 0
0 0
0 0
0 0
0 0
0 0
0 0
0 0
0 0
0 0
0 0
0 0
0 0
0 0
0 0
0 0
0 0
0 0
0 0
0 0
0 0
0 0
0 0
0 0
0 0
0 0
0 0
0 0
0 0
0 0
0 0
0 0
0 0
0 0
0 0
0 0
0 0
0 0
0 0
0 0
0 0
0 0
0 0
0 0
0 0
0 0
0 0
0 0
0 0
0 0
0 0
0 0
0 0
0 0
0 0
0 0
0 0
0 0
0 0
0 0
0 0
0 0
0 0
0 0
0 0
0 0
0 0
0 0
0 0
0 0
0 0
0 0
0 0
0 0
0 0
0 0
0 0
0 0
0 0
0 0
0 0
0 0
0 0
0 0
0 0
0 0
0 0
0 0
0 0
0 0
0 0
0 0
0 0
0 0
0 0
0 0
0 0
0 0
0 0
0 0
0 0
0 0
0 0
0 0
0 0
0 0
0 0
0 0
0 0
0 0
0 0
0 0
0 0
0 0
0 0
0 0
0 0
0 0
0 0
0 0
0 0
0 0
0 0
0 0
0 0
0 0
0 0
0 0
0.210686 0
-0.0182553 0
-1.05926e-06 0
0.0182554 0
-0.210686 0
-7.13075e-08 0
4.64859e-08 0
0.0822445 0
-0.0227917 0
0.160075 0
0.0089319 0
-0.10639 0
0.0122281 0
-0.179692 0
-0.00511727 0
0.0173681 0
-0.0048811 0
0.252241 0
0.00866723 0
0.0451958 0
-0.00144664 0
-0.256008 0
-0.0132151 0
-0.0323506 0
0.0113862 0
0.214844 0
0.00584703 0
0.0356169 0
-0.0131325 0
-0.214253 0
0.00398287 0
-0.0969138 0
0.017112 0
0.215348 0
-0.00142485 0
0.140175 0
-0.0180189 0
-0.166166 0
-0.00326427 0
-0.108157 0
0.010198 0
0.076854 0
-0.160073 0
0.0227915 0
-0.0822435 0
-0.00893186 0
-4.98082e-07 0
-7.88916e-09 0
0.102872 0
-0.0062493 0
-0.0861408 0
0.00611048 0
0.0232035 0
0.00621539 0
-0.0191819 0
-0.00970658 0
0.0504677 0
0.000350586 0
-0.0393496 0
0.0046963 0
-0.0229571 0
0.17969 0
-0.012228 0
0.10639 0
0.00511724 0
-0.102871 0
0.00624938 0
-6.20295e-10 0
-7.37606e-08 0
0.0465769 0
-0.00974984 0
-0.0206506 0
0.00507665 0
-0.00522565 0
0.00478838 0
-0.0120642 0
-0.00324454 0
0.0494951 0
-0.25224 0
0.00488121 0
-0.0173685 0
-0.00866727 0
0.0861401 0
-0.00611038 0
-0.0465767 0
0.0097499 0
1.48704e-07 0
-6.46946e-08 0
0.0123465 0
-0.00624129 0
0.00443961 0
0.000948186 0
-0.0285686 0
0.256006 0
0.00144654 0
-0.0451946 0
0.0132151 0
-0.0232033 0
-0.00621549 0
0.0206499 0
-0.00507654 0
-0.0123465 0
0.00624132 0
2.41095e-07 0
-4.36994e-08 0
0.0215214 0
-0.214843 0
-0.0113861 0
0.0323491 0
-0.00584697 0
0.0191826 0
0.00970652 0
0.00522601 0
-0.00478844 0
-0.0044402 0
-0.000948095 0
-0.0215215 0
0.214253 0
0.0131324 0
-0.0356163 0
-0.00398282 0
-0.0504686 0
-0.000350538 0
0.0120646 0
0.00324448 0
0.028569 0
-0.215349 0
-0.0171121 0
0.0969139 0
0.00142476 0
0.03935 0
-0.00469631 0
-0.0494958 0
0.166166 0
0.0180189 0
-0.140176 0
0.00326426 0
0.0229574 0
-0.076854 0
-0.010198 0
0.108157 0
0 0
0 0
0 0
0 0
0 0
0 0
0 0
0 0
0 0
0 0
0 0
0 0
0 0
0 0
0 0
0 0
0 0
0 0
0 0
0 0
0 0
0 0
0 0
0 0
0 0
0 0
0 0
0 0
0 0
0 0
0 0
0 0
0 0
0 0
0 0
0 0
0 0
0 0
0 0
0 0
0 0
0 0
0 0
0 0
0 0
0 0
0 0
0 0
0 0
0 0
0 0
0 0
0 0
0 0
0 0
0 0
0 0
0 0
0 0
0 0
0 0
0 0
0 0
0 0
0 0
0 0
0 0
0 0
0 0
0 0
0 0
0 0
0 0
0 0
0 0
0 0
0 0
0 0
0 0
0 0
0 0
0 0
0 0
0 0
0 0
0 0
0 0
0 0
0 0
0 0
0 0
0 0
0 0
0 0
0 0
0 0
0 0
0 0
0 0
0 0
0 0
0 0
0 0
0 0
0 0
0 0
0 0
0 0
0 0
0 0
0 0
0 0
0 0
0 0
0 0
0 0
0 0
0 0
0 0
0 0
0 0
0 0
0 0
0 0
0 0
0 0
0 0
0 0
0 0
0 0
0 0
0 0
0 0
0 0
0 0
0 0
0 0
0 0
0 0
0 0
0 0
0.0277755 0
0.0157729 0
-0.25007 0
0.0157727 0
0.0277774 0
-0.018323 0
-0.00258373 0
0.12856 0
-0.0217521 0
0.178481 0
0.00200723 0
-0.0350156 0
0.00849841 0
-0.247159 0
-0.00504478 0
0.00117043 0
-0.00230107 0
0.258612 0
0.0072501 0
0.0206101 0
-0.00265309 0
-0.253359 0
-0.00743703 0
-0.0492371 0
0.0125238 0
0.240156 0
0.00128295 0
0.0907804 0
-0.0131988 0
-0.225917 0
0.00302939 0
-0.100188 0
0.0154906 0
0.172102 0
0.00233198 0
0.072811 0
-0.0155245 0
-0.115202 0
0.00102141 0
-0.105656 0
0.00629745 0
0.0862933 0
0.178483 0
-0.0217522 0
0.128561 0
0.00200711 0
-0.0989813 0
0.00146128 0
0.0475252 0
-0.00191306 0
-0.0415399 0
-0.00100989 0
0.0489525 0
0.00631808 0
-0.0450421 0
-0.00183657 0
0.0011555 0
-0.00132181 0
0.0209626 0
-0.00304796 0
0.0300044 0
-0.247161 0
0.00849845 0
-0.035016 0
-0.00504466 0
0.0475257 0
-0.00191328 0
-0.000853599 0
0.0038472 0
-0.00470339 0
-0.00244551 0
-0.0208467 0
-0.0022081 0
0.0488269 0
0.00231201 0
-0.0185441 0
0.0020175 0
-0.0426365 0
0.258614 0
-0.00230118 0
0.00116999 0
0.00725013 0
-0.0415399 0
-0.00100974 0
-0.00470389 0
-0.00244561 0
0.0320657 0
0.00454862 0
-0.022084 0
-0.000143211 0
-0.0364993 0
0.00216905 0
0.0556594 0
-0.25336 0
-0.00265306 0
0.0206103 0
-0.00743714 0
0.0489525 0
0.00631804 0
-0.0208459 0
-0.00220804 0
-0.0220853 0
-0.000143129 0
0.0589692 0
-0.00314668 0
-0.0251364 0
0.240157 0
0.0125238 0
-0.0492371 0
0.00128303 0
-0.0450428 0
-0.00183651 0
0.0488272 0
0.00231186 0
-0.0364983 0
0.00216896 0
-0.0251389 0
-0.225918 0
-0.0131987 0
0.0907808 0
0.00302921 0
0.00115568 0
-0.00132171 0
-0.0185451 0
0.00201772 0
0.0556611 0
0.172102 0
0.0154907 0
-0.100188 0
0.00233211 0
0.0209632 0
-0.00304825 0
-0.0426378 0
-0.115202 0
-0.0155246 0
0.0728103 0
0.00102159 0
0.0300061 0
0.0862949 0
0.00629739 0
-0.105657 0
0 0
0 0
0 0
0 0
0 0
0 0
0 0
0 0
0 0
0 0
0 0
0 0
0 0
0 0
0 0
0 0
0 0
0 0
0 0
0 0
0 0
0 0
0 0
0 0
0 0
0 0
0 0
0 0
0 0
0 0
0 0
0 0
0 0
0 0
0 0
0 0
0 0
0 0
0 0
0 0
0 0
0 0
0 0
0 0
0 0
0 0
0 0
0 0
0 0
0 0
0 0
0 0
0 0
0 0
0 0
0 0
0 0
0 0
0 0
0 0
0 0
0 0
0 0
0 0
0 0
0 0
0 0
0 0
0 0
0 0
0 0
0 0
0 0
0 0
0 0
0 0
0 0
0 0
0 0
0 0
0 0
0 0
0 0
0 0
0 0
0 0
0 0
0 0
0 0
0 0
0 0
0 0
0 0
0 0
0 0
0 0
0 0
0 0
0 0
0 0
0 0
0 0
0 0
0 0
0 0
0 0
0 0
0 0
0 0
0 0
0 0
0 0
0 0
0 0
0 0
0 0
0 0
0 0
0 0
0 0
0 0
0 0
0 0
0 0
0 0
0 0
0 0
0 0
0 0
0 0
0 0
0 0
0 0
0 0
0 0
0 0
0 0
0 0
0 0
0 0
0 0
0.0287652 0
-0.00290302 0
-6.69093e-07 0
0.00290311 0
-0.028765 0
-5.78669e-08 0
-7.12345e-09 0
0.0185663 0
-0.00378418 0
0.0206754 0
0.000390371 0
-0.0196271 0
0.00250273 0
-0.0287896 0
0.000346714 0
0.0196471 0
-0.00188709 0
0.0414548 0
-0.000245933 0
-0.0205474 0
0.00130431 0
-0.0558165 0
0.00196026 0
-0.0302292 0
0.00102156 0
0.0727102 0
0.00120437 0
0.0965992 0
-0.000743808 0
-0.045345 0
-0.0107969 0
-0.0173392 0
0.000537145 0
-0.0491643 0
0.0140265 0
-0.180265 0
-0.00111031 0
0.0649976 0
0.0188597 0
-0.0794662 0
-0.0126308 0
0.118417 0
-0.0206745 0
0.00378404 0
-0.0185656 0
-0.000390325 0
8.12507e-09 0
-4.64888e-08 0
-0.000963289 0
-0.00022648 0
0.0015728 0
0.000294243 0
0.0454013 0
-0.00464265 0
-0.0696655 0
0.0129889 0
-0.0497496 0
0.00381493 0
0.158893 0
-0.0347355 0
0.207109 0
0.0287883 0
-0.00250264 0
0.0196263 0
-0.000346695 0
0.000963406 0
0.000226538 0
6.09471e-08 0
-6.03468e-08 0
-0.0477662 0
0.00412008 0
0.0367516 0
-0.00274673 0
0.0843572 0
-0.0140044 0
-0.119493 0
0.0306593 0
-0.270748 0
-0.041453 0
0.00188705 0
-0.0196464 0
0.000245893 0
-0.0015732 0
-0.000294218 0
0.0477663 0
-0.00412003 0
-2.78617e-07 0
-4.63976e-08 0
-0.113749 0
0.0151012 0
0.0729187 0
-0.0104275 0
0.306058 0
0.0558141 0
-0.00130428 0
0.0205472 0
-0.00196023 0
-0.0454011 0
0.00464259 0
-0.0367513 0
0.00274667 0
0.11375 0
-0.0151011 0
-5.73962e-07 0
2.03291e-08 0
-0.350152 0
-0.0727077 0
-0.00102151 0
0.0302291 0
-0.00120441 0
0.0696651 0
-0.0129888 0
-0.0843578 0
0.0140044 0
-0.072918 0
0.0104273 0
0.350152 0
0.0453425 0
0.000743761 0
-0.0965986 0
0.010797 0
0.0497503 0
-0.00381511 0
0.119493 0
-0.0306592 0
-0.306059 0
0.0491662 0
-0.000537053 0
0.0173378 0
-0.0140264 0
-0.158893 0
0.0347356 0
0.270748 0
-0.0649984 0
0.00111023 0
0.180266 0
-0.0188597 0
-0.20711 0
-0.118417 0
0.0126309 0
0.0794661 0
0 0
0 0
0 0
0 0
0 0
0 0
0 0
0 0
0 0
0 0
0 0
0 0
0 0
0 0
0 0
0 0
0 0
0 0
0 0
0 0
0 0
0 0
0 0
0 0
0 0
0 0
0 0
0 0
0 0
0 0
0 0
0 0
0 0
0 0
0 0
0 0
0 0
0 0
0 0
0 0
0 0
0 0
0 0
0 0
0 0
0 0
0 0
0 0
0 0
0 0
0 0
0 0
0 0
0 0
0 0
0 0
0 0
0 0
0 0
0 0
0 0
0 0
0 0
0 0
0 0
0 0
0 0
0 0
0 0
0 0
0 0
0 0
0 0
0 0
0 0
0 0
0 0
0 0
0 0
0 0
0 0
0 0
0 0
0 0
0 0
0 0
0 0
0 0
0 0
0 0
0 0
0 0
0 0
0 0
0 0
0 0
0 0
0 0
0 0
0 0
0 0
0 0
0 0
0 0
0 0
0 0
0 0
0 0
0 0
0 0
0 0
0 0
0 0
0 0
0 0
0 0
0 0
0 0
0 0
0 0
0 0
0 0
0 0
0 0
0 0
0 0
0 0
0 0
0 0
0 0
0 0
0 0
0 0
0 0
0 0
0 0
0 0
0 0
0 0
0 0
0 0
-0.0214791 0
0.00263828 0
-5.14037e-08 0
-0.00263834 0
0.0214789 0
4.03734e-08 0
6.76828e-08 0
-0.0858475 0
0.0035461 0
-0.0140687 0
0.0140272 0
0.0474212 0
-0.00151092 0
0.0900439 0
-0.0213829 0
0.162119 0
0.00245127 0
-0.133229 0
0.000639916 0
-0.196701 0
-0.00204061 0
-0.0358096 0
0.0346078 0
-0.0444914 0
0.00444221 0
0.238272 0
-0.031914 0
0.187763 0
0.00134218 0
-0.206332 0
0.00636705 0
-0.0760933 0
-0.00160367 0
0.0147685 0
0.0134343 0
-0.0342981 0
-0.000419911 0
0.0658561 0
-0.00621711 0
0.0160473 0
0.00460768 0
-0.0303574 0
0.0140691 0
-0.00354606 0
0.0858474 0
-0.0140274 0
-1.11544e-06 0
3.21656e-07 0
-0.150893 0
0.0435152 0
0.0328179 0
-0.0485918 0
0.145536 0
0.00314017 0
-0.0552469 0
0.0375581 0
-0.129211 0
-0.025493 0
0.0730207 0
0.00269505 0
0.0357339 0
-0.0900443 0
0.00151088 0
-0.0474182 0
0.0213826 0
0.150893 0
-0.0435157 0
-8.663e-07 0
5.28845e-07 0
-0.046494 0
0.0539066 0
-0.0988039 0
-0.0460929 0
0.0822633 0
0.00306356 0
0.125912 0
-0.00189863 0
-0.116204 0
0.133227 0
-0.00245128 0
-0.162122 0
-0.000639311 0
-0.0328151 0
0.0485913 0
0.0464934 0
-0.0539071 0
5.60563e-07 0
4.77213e-07 0
0.14105 0
0.0276825 0
-0.216508 0
0.00170182 0
-0.00445334 0
0.0358145 0
0.00204056 0
0.196699 0
-0.0346081 0
-0.145537 0
-0.00313925 0
0.0988047 0
0.0460924 0
-0.141052 0
-0.0276827 0
1.93411e-06 0
1.08732e-08 0
0.21622 0
-0.238274 0
-0.00444217 0
0.0444952 0
0.0319137 0
0.0552444 0
-0.0375584 0
-0.0822611 0
-0.00306301 0
0.216506 0
-0.00170177 0
-0.216222 0
0.206331 0
-0.0013422 0
-0.187763 0
-0.00636662 0
0.129212 0
0.0254928 0
-0.125915 0
0.00189874 0
0.00445669 0
-0.0147666 0
0.00160364 0
0.0760917 0
-0.0134343 0
-0.073019 0
-0.00269504 0
0.116203 0
-0.0658562 0
0.000419947 0
0.0342982 0
0.00621712 0
-0.0357341 0
0.0303574 0
-0.00460771 0
-0.0160471 0
-0.017108 0
0.0523219 0
2.59139e-08 0
-0.0523217 0
0.017108 0
-9.71225e-08 0
-2.46881e-07 0
0.0254663 0
0.0773163 0
-0.00823802 0
-0.147498 0
-0.0127089 0
0.00995245 0
-0.0283593 0
0.172574 0
-0.017843 0
-0.131374 0
0.0395608 0
0.00889588 0
0.0211164 0
0.131885 0
-0.000166216 0
-0.199557 0
0.00585994 0
0.000675562 0
-0.0428566 0
0.182522 0
-0.0231618 0
-0.114108 0
0.0368826 0
-0.00323339 0
0.00665892 0
0.0949824 0
0.00618504 0
-0.110186 0
0.0181431 0
-0.00261125 0
-0.0296747 0
0.0611642 0
-0.00848335 0
-0.0348684 0
0.0120759 0
0.00823792 0
-0.0773162 0
-0.0254663 0
0.147498 0
1.60107e-08 0
-4.07575e-07 0
0.0157828 0
-0.215477 0
-0.00410374 0
0.217755 0
-0.00734882 0
0.00207989 0
-0.000456795 0
-0.183361 0
0.0168278 0
0.140429 0
-0.0108948 0
0.000249543 0
-0.0204608 0
0.0283594 0
-0.0099529 0
0.0127088 0
-0.172574 0
-0.0157828 0
0.215478 0
1.00925e-08 0
-5.05044e-07 0
-9.33592e-05 0
-0.217503 0
0.00769495 0
0.19464 0
-0.00484126 0
0.00202258 0
-0.0174279 0
-0.0949489 0
0.0313231 0
-0.0395608 0
0.131374 0
0.0178431 0
-0.00889669 0
0.00410367 0
-0.217755 0
9.33684e-05 0
0.217504 0
7.13158e-09 0
-4.87376e-07 0
-0.0111826 0
-0.164483 0
0.0221363 0
0.101661 0
-0.0021942 0
0.000166026 0
-0.131885 0
-0.0211163 0
0.199557 0
0.00734886 0
-0.00208083 0
-0.00769499 0
-0.19464 0
0.0111826 0
0.164483 0
-3.53929e-08 0
-2.64667e-07 0
-0.0334083 0
0.0428567 0
-0.000676075 0
-0.00586009 0
-0.182521 0
0.000456847 0
0.183361 0
0.00484125 0
-0.00202334 0
-0.0221363 0
-0.101661 0
0.0334084 0
-0.0368824 0
0.114108 0
0.0231618 0
0.00323273 0
-0.0168278 0
-0.140429 0
0.017428 0
0.094949 0
0.00219407 0
-0.00618521 0
-0.094982 0
-0.00665882 0
0.110186 0
0.0108948 0
-0.000249918 0
-0.031323 0
0.0296747 0
0.00261097 0
-0.0181431 0
-0.0611638 0
0.0204608 0
-0.0120758 0
0.0348683 0
0.00848326 0
0 0
0 0
0 0
0 0
0 0
0 0
0 0
0 0
0 0
0 0
0 0
0 0
0 0
0 0
0 0
0 0
0 0
0 0
0 0
0 0
0 0
0 0
0 0
0 0
0 0
0 0
0 0
0 0
0 0
0 0
0 0
0 0
0 0
0 0
0 0
0 0
0 0
0 0
0 0
0 0
0 0
0 0
0 0
0 0
0 0
0 0
0 0
0 0
0 0
0 0
0 0
0 0
0 0
0 0
0 0
0 0
0 0
0 0
0 0
0 0
0 0
0 0
0 0
0 0
0 0
0 0
0 0
0 0
0 0
0 0
0 0
0 0
0 0
0 0
0 0
0 0
0 0
0 0
0 0
0 0
0 0
0 0
0 0
0 0
0 0
0 0
0 0
0 0
0 0
0 0
0 0
0 0
0 0
0 0
0 0
0 0
0 0
0 0
0 0
0 0
0 0
0 0
0 0
0 0
0 0
0 0
0 0
0 0
0 0
0 0
0 0
0 0
0 0
0 0
0 0
0 0
0 0
0 0
0 0
0 0
0 0
0 0
0 0
0 0
0 0
0 0
0 0
0 0
0 0
0 0
0 0
0 0
0 0
0 0
0 0
0 0
0 0
0 0
0 0
0 0
0 0
0 0
0 0
0 0
0 0
0 0
0 0
0 0
0 0
0 0
0 0
0 0
0 0
0 0
0 0
0 0
0 0
0 0
0 0
0 0
0 0
0 0
0 0
0 0
0 0
0 0
0 0
0 0
0 0
0 0
0 0
0 0
0 0
0 0
0 0
0 0
0 0
0 0
0 0
0 0
0 0
0 0
0 0
0 0
0 0
0 0
0 0
0 0
0 0
0 0
0 0
0 0
0 0
0 0
0 0
0 0
0 0
0 0
0 0
0 0
0 0
0 0
0 0
0 0
0 0
0 0
0 0
0 0
0 0
0 0
0 0
0 0
0 0
0 0
0 0
0 0
0 0
0 0
0 0
0 0
0 0
0 0
0 0
0 0
0 0
0 0
0 0
0 0
0 0
0 0
0 0
0 0
0 0
0 0
0 0
0 0
0 0
0 0
0 0
0 0
0 0
0 0
0 0
0 0
0 0
0 0
0 0
0 0
0 0
0 0
0 0
0 0
0 0
0 0
0 0
0 0
0 0
0 0
0 0
0 0
0 0
0 0
0 0
0 0
0 0
0 0
0 0
0 0
0 0
0 0
0 0
0 0
0 0
0 0
0 0
0 0
0 0
0 0
0 0
0 0
0 0
0 0
0.00530965 0
0.00279105 0
0.0783157 0
0.00279106 0
0.00530965 0
-0.00346289 0
-0.0173715 0
-0.0151513 0
0.00344962 0
-0.0914748 0
0.0170794 0
-0.193753 0
-0.00161586 0
0.0970097 0
0.0214804 0
0.149377 0
0.000526352 0
0.101279 0
-0.0394134 0
0.115569 0
0.00329801 0
-0.252144 0
0.0161776 0
-0.189034 0
-0.00248615 0
0.127252 0
0.0173272 0
-0.00726583 0
0.00030238 0
0.0688153 0
-0.016666 0
0.0853446 0
0.00103343 0
-0.0624068 0
-0.00509324 0
0.0406976 0
-0.000143101 0
-0.0258616 0
-0.00297976 0
0.00762741 0
0.00218657 0
-0.0144264 0
-0.0914748 0
0.00344957 0
-0.0151492 0
0.0170791 0
0.162052 0
-0.0487498 0
-0.0146194 0
0.0294678 0
-0.15616 0
0.0316347 0
0.02869 0
-0.0500561 0
0.148444 0
0.00857697 0
-0.0321 0
0.0127869 0
-0.111855 0
0.00706359 0
-0.0399347 0
0.0970077 0
-0.00161585 0
-0.193754 0
0.0214809 0
-0.0146167 0
0.0294669 0
0.0907116 0
-0.0643007 0
0.0415086 0
0.0277671 0
-0.0412152 0
0.0270108 0
-0.139714 0
-0.0257789 0
0.108937 0
-0.00845909 0
0.132239 0
0.101282 0
0.000526263 0
0.149375 0
-0.0394135 0
-0.156161 0
0.0316355 0
0.0415093 0
0.0277661 0
-0.0752382 0
-0.0521172 0
0.107865 0
0.0106288 0
0.100986 0
-0.000358209 0
-0.217732 0
-0.252144 0
0.00329804 0
0.115572 0
0.016177 0
0.0286874 0
-0.0500561 0
-0.0412133 0
0.0270115 0
0.107863 0
0.0106283 0
-0.237862 0
0.000849386 0
0.117745 0
0.127249 0
-0.00248621 0
-0.189033 0
0.0173276 0
0.148445 0
0.00857637 0
-0.139715 0
-0.0257789 0
0.10099 0
-0.000358273 0
0.117741 0
0.068818 0
0.000302354 0
-0.00726856 0
-0.016666 0
-0.0320978 0
0.0127872 0
0.108934 0
-0.00845896 0
-0.217731 0
-0.0624067 0
0.0010334 0
0.0853451 0
-0.00509336 0
-0.111856 0
0.00706356 0
0.13224 0
-0.0258621 0
-0.000143057 0
0.0406978 0
-0.00297968 0
-0.0399351 0
-0.0144261 0
0.00218649 0
0.00762743 0
-0.0013495 0
-0.0333028 0
-0.0214209 0
-0.033303 0
-0.00134943 0
0.0374308 0
0.127531 0
0.0037032 0
-0.0529802 0
0.0284334 0
-0.0847584 0
0.0241889 0
0.128329 0
-0.0244817 0
-0.110254 0
-0.0177048 0
-0.0693592 0
-0.01921 0
0.22933 0
-0.0118828 0
-0.0792719 0
0.0483291 0
-0.116977 0
0.0217978 0
0.151161 0
-0.0232378 0
-0.0950499 0
-0.000324422 0
-0.0768168 0
-0.0241691 0
0.17278 0
-0.0204936 0
-0.0405014 0
0.0379339 0
-0.0755263 0
0.00871602 0
0.0723892 0
-0.0102424 0
-0.021672 0
0.0167237 0
-0.0301749 0
-0.0135991 0
0.0284334 0
-0.0529805 0
0.00370315 0
-0.0847579 0
-0.0205171 0
0.226381 0
0.00300883 0
-0.124308 0
0.00806173 0
-0.126978 0
0.00165107 0
0.239398 0
-0.012176 0
-0.111266 0
0.0033696 0
-0.0707592 0
0.0213494 0
0.0865204 0
-0.0216014 0
-0.0244816 0
0.128329 0
0.0241889 0
-0.110255 0
0.0030088 0
-0.124307 0
-0.00426841 0
0.260315 0
-0.00291424 0
-0.125478 0
-0.00233743 0
-0.107606 0
0.0158606 0
0.175285 0
-0.0188902 0
-0.0530268 0
-0.0110766 0
-0.0192102 0
-0.0693588 0
-0.0177047 0
0.22933 0
0.00806172 0
-0.126978 0
-0.00291427 0
-0.125477 0
0.00970217 0
0.224497 0
-0.00886277 0
-0.0929858 0
-0.00857815 0
-0.0587336 0
0.036529 0
0.0483291 0
-0.0792724 0
-0.0118829 0
-0.116976 0
0.00165115 0
0.239398 0
-0.00233743 0
-0.107606 0
-0.00886276 0
-0.0929851 0
0.0236816 0
0.120031 0
-0.0201404 0
-0.0232376 0
0.151161 0
0.0217977 0
-0.0950504 0
-0.0121761 0
-0.111266 0
0.0158606 0
0.175284 0
-0.00857821 0
-0.058734 0
-0.0201403 0
-0.0241692 0
-0.0768163 0
-0.000324283 0
0.17278 0
0.00336959 0
-0.0707597 0
-0.0188902 0
-0.0530263 0
0.036529 0
0.0379337 0
-0.0405016 0
-0.0204937 0
-0.0755256 0
0.0213494 0
0.0865203 0
-0.0110767 0
-0.0102422 0
0.0723888 0
0.00871597 0
-0.0216722 0
-0.0216013 0
-0.0135991 0
-0.0301745 0
0.0167237 0
0 0
0 0
0 0
0 0
0 0
0 0
0 0
0 0
0 0
0 0
0 0
0 0
0 0
0 0
0 0
0 0
0 0
0 0
0 0
0 0
0 0
0 0
0 0
0 0
0 0
0 0
0 0
0 0
0 0
0 0
0 0
0 0
0 0
0 0
0 0
0 0
0 0
0 0
0 0
0 0
0 0
0 0
0 0
0 0
0 0
0 0
0 0
0 0
0 0
0 0
0 0
0 0
0 0
0 0
0 0
0 0
0 0
0 0
0 0
0 0
0 0
0 0
0 0
0 0
0 0
0 0
0 0
0 0
0 0
0 0
0 0
0 0
0 0
0 0
0 0
0 0
0 0
0 0
0 0
0 0
0 0
0 0
0 0
0 0
0 0
0 0
0 0
0 0
0 0
0 0
0 0
0 0
0 0
0 0
0 0
0 0
0 0
0 0
0 0
0 0
0 0
0 0
0 0
0 0
0 0
0 0
0 0
0 0
0 0
0 0
0 0
0 0
0 0
0 0
0 0
0 0
0 0
0 0
0 0
0 0
0 0
0 0
0 0
0 0
0 0
0 0
0 0
0 0
0 0
0 0
0 0
0 0
0 0
0 0
0 0
0 0
0 0
0 0
0 0
0 0
0 0
0.00474813 0
0.0630739 0
0.0231194 0
0.0630762 0
0.00474739 0
-0.0778346 0
-0.19306 0
0.00386392 0
0.0656683 0
-0.0417396 0
0.116548 0
-0.00274786 0
-0.144208 0
0.0251113 0
0.0353719 0
-0.021134 0
0.123159 0
0.00674732 0
-0.0981295 0
0.00688315 0
-0.0855747 0
-0.0120257 0
0.164198 0
0.0192895 0
0.0111654 0
0.0236706 0
-0.230188 0
-0.00514395 0
0.130778 0
-0.0454088 0
0.114145 0
-0.0138185 0
-0.197232 0
0.0211463 0
0.122044 0
-0.0188943 0
0.0784095 0
0.0375641 0
-0.14573 0
0.0321386 0
0.0444904 0
-0.0389653 0
-0.0417399 0
0.0656714 0
0.00386425 0
0.116544 0
-0.0170719 0
-0.184924 0
0.0190716 0
0.0967475 0
0.0283575 0
-0.0772623 0
-0.0505997 0
0.055239 0
0.0198548 0
0.120014 0
0.00174046 0
-0.239022 0
0.0111566 0
0.0851898 0
0.0198366 0
0.0251106 0
-0.144209 0
-0.00274765 0
0.0353762 0
0.0190707 0
0.0967456 0
-0.0575499 0
-0.0328826 0
0.0302337 0
0.0271034 0
0.0250211 0
-0.151182 0
-0.0351917 0
0.129636 0
0.0187175 0
0.0574241 0
-0.0463978 0
0.00674804 0
0.123157 0
-0.0211339 0
-0.0981327 0
0.0283586 0
-0.0772601 0
0.0302322 0
0.0271052 0
-0.0575683 0
0.105657 0
0.024261 0
-0.0211242 0
0.00142164 0
-0.112488 0
0.017709 0
-0.0120263 0
-0.0855717 0
0.00688249 0
0.1642 0
-0.0505996 0
0.0552343 0
0.0250224 0
-0.151183 0
0.0242599 0
-0.0211206 0
-0.023211 0
0.108033 0
0.00144036 0
0.0236712 0
0.0111607 0
0.0192897 0
-0.230186 0
0.0198538 0
0.120019 0
-0.0351918 0
0.129632 0
0.00142227 0
-0.112489 0
0.00144078 0
-0.0454085 0
0.130782 0
-0.00514352 0
0.114138 0
0.00174101 0
-0.239021 0
0.0187175 0
0.0574279 0
0.0177082 0
0.0211447 0
-0.197231 0
-0.0138184 0
0.122049 0
0.011156 0
0.0851858 0
-0.0463977 0
0.0375652 0
0.0784049 0
-0.0188947 0
-0.14573 0
0.0198379 0
-0.0389647 0
0.0444932 0
0.0321376 0
0 0
0 0
0 0
0 0
0 0
0 0
0 0
0 0
0 0
0 0
0 0
0 0
0 0
0 0
0 0
0 0
0 0
0 0
0 0
0 0
0 0
0 0
0 0
0 0
0 0
0 0
0 0
0 0
0 0
0 0
0 0
0 0
0 0
0 0
0 0
0 0
0 0
0 0
0 0
0 0
0 0
0 0
0 0
0 0
0 0
0 0
0 0
0 0
0 0
0 0
0 0
0 0
0 0
0 0
0 0
0 0
0 0
0 0
0 0
0 0
0 0
0 0
0 0
0 0
0 0
0 0
0 0
0 0
0 0
0 0
0 0
0 0
0 0
0 0
0 0
0 0
0 0
0 0
0 0
0 0
0 0
0 0
0 0
0 0
0 0
0 0
0 0
0 0
0 0
0 0
0 0
0 0
0 0
0 0
0 0
0 0
0 0
0 0
0 0
0 0
0 0
0 0
0 0
0 0
0 0
0 0
0 0
0 0
0 0
0 0
0 0
0 0
0 0
0 0
0 0
0 0
0 0
0 0
0 0
0 0
0 0
0 0
0 0
0 0
0 0
0 0
0 0
0 0
0 0
0 0
0 0
0 0
0 0
0 0
0 0
0 0
0 0
0 0
0 0
0 0
0 0
-0.0309229 0
0.0961345 0
2.26824e-07 0
-0.0961329 0
0.030923 0
-9.64096e-07 0
-2.21916e-06 0
0.0174846 0
0.126277 0
-0.00977246 0
-0.175342 0
0.00653417 0
-0.0253529 0
-0.0322673 0
0.182355 0
0.000401567 0
-0.0708997 0
0.030853 0
-0.112603 0
-0.0258423 0
0.121043 0
-0.016044 0
0.0647953 0
0.0143954 0
-0.170302 0
0.0156695 0
0.0645911 0
0.00944579 0
0.147492 0
0.0072968 0
-0.239142 0
0.00415475 0
0.00938633 0
-0.0499188 0
0.218042 0
-0.0167728 0
-0.14739 0
0.0436269 0
-0.0220722 0
-0.0284594 0
0.111724 0
0.0113076 0
0.00977153 0
-0.126275 0
-0.0174845 0
0.175345 0
-2.6447e-07 0
-2.0156e-06 0
-0.0317486 0
-0.0944458 0
0.0416368 0
0.0915738 0
0.00180259 0
-0.161434 0
-0.0333867 0
0.189221 0
0.0224993 0
-0.0129389 0
-0.0259109 0
-0.131274 0
0.0502443 0
0.0322679 0
0.0253498 0
-0.00653417 0
-0.182355 0
0.0317491 0
0.0944481 0
-7.49321e-07 0
-1.75046e-07 0
-0.0529183 0
0.0537787 0
0.0483244 0
-0.0253015 0
-0.0105642 0
-0.13436 0
0.00512405 0
0.133073 0
-0.000585337 0
-0.0308529 0
0.0709028 0
-0.000402091 0
0.112601 0
-0.0416361 0
-0.0915762 0
0.052919 0
-0.053778 0
-8.0369e-07 0
1.55805e-06 0
-0.0354001 0
0.122553 0
0.0210516 0
-0.0470766 0
-0.0276565 0
0.0160438 0
-0.121046 0
0.0258423 0
-0.0647909 0
-0.00180386 0
0.161436 0
-0.0483236 0
0.0252971 0
0.0354008 0
-0.122554 0
-3.58248e-07 0
1.52441e-06 0
0.0152176 0
-0.0156688 0
0.170302 0
-0.0143948 0
-0.0645975 0
0.033387 0
-0.189217 0
0.0105631 0
0.134363 0
-0.0210514 0
0.0470733 0
-0.0152175 0
-0.00729817 0
-0.147488 0
-0.00944578 0
0.239144 0
-0.022499 0
0.012932 0
-0.00512352 0
-0.133071 0
0.0276569 0
0.0499192 0
-0.00939171 0
-0.00415533 0
-0.218038 0
0.025911 0
0.131276 0
0.000584063 0
-0.0436255 0
0.147391 0
0.0167723 0
0.0220678 0
-0.0502435 0
-0.0113086 0
-0.111722 0
0.0284601 0
0 0
0 0
0 0
0 0
0 0
0 0
0 0
0 0
0 0
0 0
0 0
0 0
0 0
0 0
0 0
0 0
0 0
0 0
0 0
0 0
0 0
0 0
0 0
0 0
0 0
0 0
0 0
0 0
0 0
0 0
0 0
0 0
0 0
0 0
0 0
0 0
0 0
0 0
0 0
0 0
0 0
0 0
0 0
0 0
0 0
0 0
0 0
0 0
0 0
0 0
0 0
0 0
0 0
0 0
0 0
0 0
0 0
0 0
0 0
0 0
0 0
0 0
0 0
0 0
0 0
0 0
0 0
0 0
0 0
0 0
0 0
0 0
0 0
0 0
0 0
0 0
0 0
0 0
0 0
0 0
0 0
0 0
0 0
0 0
0 0
0 0
0 0
0 0
0 0
0 0
0 0
0 0
0 0
0 0
0 0
0 0
0 0
0 0
0 0
0 0
0 0
0 0
0 0
0 0
0 0
0 0
0 0
0 0
0 0
0 0
0 0
0 0
0 0
0 0
0 0
0 0
0 0
0 0
0 0
0 0
0 0
0 0
0 0
0 0
0 0
0 0
0 0
0 0
0 0
0 0
0 0
0 0
0 0
0 0
0 0
0 0
0 0
0 0
0 0
0 0
0 0
0 0
0 0
0 0
0 0
0 0
0 0
0 0
0 0
0 0
0 0
0 0
0 0
0 0
0 0
0 0
0 0
0 0
0 0
0 0
0 0
0 0
0 0
0 0
0 0
0 0
0 0
0 0
0 0
0 0
0 0
0 0
0 0
0 0
0 0
0 0
0 0
0 0
0 0
0 0
0 0
0 0
0 0
0 0
0 0
0 0
0 0
0 0
0 0
0 0
0 0
0 0
0 0
0 0
0 0
0 0
0 0
0 0
0 0
0 0
0 0
0 0
0 0
0 0
0 0
0 0
0 0
0 0
0 0
0 0
0 0
0 0
0 0
0 0
0 0
0 0
0 0
0 0
0 0
0 0
0 0
0 0
0 0
0 0
0 0
0 0
0 0
0 0
0 0
0 0
0 0
0 0
0 0
0 0
0 0
0 0
0 0
0 0
0 0
0 0
0 0
0 0
0 0
0 0
0 0
0 0
0 0
0 0
0 0
0 0
0 0
0 0
0 0
0 0
0 0
0 0
0 0
0 0
0 0
0 0
0 0
0 0
0 0
0 0
0 0
0 0
0 0
0 0
0 0
0 0
0 0
0 0
0 0
0 0
0 0
0 0
0 0
0 0
0 0
0 0
0 0
0 0
0.0237466 0
-0.00451404 0
-5.38313e-07 0
0.00451401 0
-0.0237466 0
1.69653e-08 0
1.45082e-07 0
-0.164934 0
-0.00593268 0
0.0107652 0
0.0507885 0
0.0223827 0
-0.00170748 0
0.171084 0
-0.0547715 0
0.0609939 0
0.0157212 0
-0.188565 0
0.0280661 0
0.0406323 0
-0.0221876 0
0.0821369 0
-0.0154709 0
0.0174076 0
0.0255405 0
-0.0586374 0
-0.0140324 0
-0.0832688 0
-0.0224289 0
-0.0326524 0
0.0527963 0
-0.0874271 0
0.00705524 0
0.180942 0
-0.0330631 0
0.0917396 0
0.00410778 0
-0.113924 0
0.00460373 0
0.00948797 0
-0.00619346 0
0.0101638 0
-0.010764 0
0.00593255 0
0.164934 0
-0.0507889 0
-2.19772e-07 0
3.66001e-07 0
0.070531 0
0.039682 0
-0.180876 0
-0.0311298 0
-0.0142372 0
0.0486191 0
0.105509 0
-0.0584592 0
0.0216841 0
0.00111119 0
0.0898841 0
0.0143803 0
-0.114483 0
-0.171085 0
0.00170767 0
-0.0223815 0
0.0547714 0
-0.0705318 0
-0.0396823 0
1.37466e-06 0
1.39519e-07 0
0.281681 0
-0.0200188 0
-0.226379 0
0.0117235 0
0.0358054 0
0.0419461 0
-0.114682 0
-0.0131857 0
-0.0161178 0
0.188564 0
-0.0157214 0
-0.0609938 0
-0.0280657 0
0.180875 0
0.03113 0
-0.281683 0
0.0200188 0
1.77564e-06 0
-1.8238e-07 0
0.158117 0
-0.0429955 0
-0.0380303 0
0.00930679 0
0.16818 0
-0.0821355 0
0.0221877 0
-0.0406324 0
0.0154705 0
0.0142394 0
-0.0486192 0
0.226377 0
-0.0117228 0
-0.158118 0
0.0429956 0
3.85788e-07 0
-1.62408e-07 0
-0.156707 0
0.0586359 0
-0.0255405 0
-0.0174083 0
0.014033 0
-0.105509 0
0.0584588 0
-0.0358041 0
-0.0419465 0
0.0380305 0
-0.00930653 0
0.156707 0
0.0326547 0
0.0224287 0
0.0832679 0
-0.0527965 0
-0.0216841 0
-0.00111055 0
0.114681 0
0.0131855 0
-0.168181 0
-0.180942 0
-0.0070551 0
0.0874287 0
0.0330626 0
-0.0898854 0
-0.0143802 0
0.0161199 0
0.113922 0
-0.0041078 0
-0.0917387 0
-0.00460363 0
0.114482 0
-0.0101633 0
0.0061934 0
-0.00948821 0
0 0
0 0
0 0
0 0
0 0
0 0
0 0
0 0
0 0
0 0
0 0
0 0
0 0
0 0
0 0
0 0
0 0
0 0
0 0
0 0
0 0
0 0
0 0
0 0
0 0
0 0
0 0
0 0
0 0
0 0
0 0
0 0
0 0
0 0
0 0
0 0
0 0
0 0
0 0
0 0
0 0
0 0
0 0
0 0
0 0
0 0
0 0
0 0
0 0
0 0
0 0
0 0
0 0
0 0
0 0
0 0
0 0
0 0
0 0
0 0
0 0
0 0
0 0
0 0
0 0
0 0
0 0
0 0
0 0
0 0
0 0
0 0
0 0
0 0
0 0
0 0
0 0
0 0
0 0
0 0
0 0
0 0
0 0
0 0
0 0
0 0
0 0
0 0
0 0
0 0
0 0
0 0
0 0
0 0
0 0
0 0
0 0
0 0
0 0
0 0
0 0
0 0
0 0
0 0
0 0
0 0
0 0
0 0
0 0
0 0
0 0
0 0
0 0
0 0
0 0
0 0
0 0
0 0
0 0
0 0
0 0
0 0
0 0
0 0
0 0
0 0
0 0
0 0
0 0
0 0
0 0
0 0
0 0
0 0
0 0
0 0
0 0
0 0
0 0
0 0
0 0
-0.0310252 0
-0.0133436 0
-0.113546 0
-0.0133437 0
-0.0310244 0
0.0197249 0
0.0527674 0
-0.0182397 0
-0.0136484 0
0.183154 0
-0.033874 0
0.114761 0
0.0212269 0
-0.125787 0
-0.0183186 0
0.0317268 0
-0.0167093 0
-0.050246 0
0.0288197 0
-0.0226164 0
0.0103834 0
0.0670695 0
-0.0335113 0
-0.0787142 0
-0.00495269 0
-0.0746276 0
0.0576105 0
-0.0652315 0
-0.0136478 0
0.167746 0
-0.0301491 0
0.144823 0
0.0199564 0
-0.0627372 0
-0.0364405 0
0.0593879 0
-0.00404109 0
-0.140127 0
0.0237916 0
-0.0402998 0
-0.016411 0
0.0926273 0
0.183154 0
-0.0136485 0
-0.0182412 0
-0.0338735 0
-0.000917169 0
0.0679027 0
-0.0947274 0
-0.0278415 0
-0.0909375 0
0.0188499 0
0.196733 0
-0.0162966 0
-0.0197272 0
-0.0365428 0
0.00597083 0
0.0653455 0
-0.0998243 0
-0.00783383 0
-0.0879632 0
-0.125785 0
0.0212269 0
0.114761 0
-0.0183191 0
-0.0947263 0
-0.0278411 0
0.263518 0
0.0192366 0
-0.158509 0
-0.00683271 0
-0.131465 0
0.0485962 0
0.116216 0
-0.0294113 0
-0.0902761 0
-0.0110122 0
0.210091 0
-0.0502475 0
-0.0167092 0
0.0317272 0
0.02882 0
-0.0909394 0
0.0188496 0
-0.158506 0
-0.00683298 0
0.308957 0
-0.024816 0
-0.120049 0
0.00183479 0
0.0564896 0
0.0144302 0
-0.0884243 0
0.0670702 0
0.0103832 0
-0.0226156 0
-0.0335115 0
0.196732 0
-0.0162961 0
-0.131468 0
0.0485963 0
-0.120048 0
0.00183441 0
0.0584066 0
-0.0137204 0
-0.00946754 0
-0.0746285 0
-0.00495243 0
-0.0787137 0
0.0576103 0
-0.0197258 0
-0.0365435 0
0.116217 0
-0.0294107 0
0.0564888 0
0.0144303 0
-0.00946854 0
0.167746 0
-0.0136481 0
-0.0652329 0
-0.0301484 0
0.00597107 0
0.0653454 0
-0.0902771 0
-0.0110123 0
-0.0884227 0
-0.0627349 0
0.0199564 0
0.144822 0
-0.0364409 0
-0.0998233 0
-0.0078335 0
0.21009 0
-0.140128 0
-0.0040409 0
0.059389 0
0.0237916 0
-0.0879649 0
0.0926269 0
-0.0164111 0
-0.0402991 0
-0.00990939 0
-0.0970906 0
-0.0259813 0
-0.0970897 0
-0.00990967 0
0.128219 0
0.270219 0
-0.0129988 0
-0.0912028 0
0.0604075 0
-0.142115 0
0.0160241 0
0.175612 0
-0.0267098 0
-0.0789939 0
0.0242405 0
-0.0795164 0
-0.0304852 0
0.0884413 0
-0.0488474 0
-0.00223426 0
0.0258879 0
0.0538105 0
0.0246215 0
-0.072455 0
0.023516 0
-0.0521363 0
0.0167654 0
0.166853 0
-0.0298873 0
-0.163289 0
-0.016306 0
-0.0721325 0
-0.0298318 0
0.281922 0
-0.0146622 0
-0.135291 0
0.0649056 0
-0.103687 0
-0.0207613 0
0.169763 0
-0.0108177 0
0.0604074 0
-0.0912019 0
-0.0129987 0
-0.142116 0
0.0210602 0
0.224123 0
-0.0269488 0
-0.0696364 0
0.00901199 0
-0.0440915 0
0.0144679 0
-0.0508421 0
-0.0319876 0
0.192525 0
0.0294965 0
-0.112604 0
-0.0280103 0
-0.0885962 0
0.0623382 0
-0.0267101 0
0.175612 0
0.0160242 0
-0.0789928 0
-0.026949 0
-0.0696368 0
0.02749 0
0.0616586 0
-0.0174831 0
0.0310224 0
0.0244442 0
-0.0482291 0
-0.0255917 0
-0.0718553 0
0.0170757 0
0.136499 0
-0.0154213 0
-0.030485 0
-0.0795169 0
0.0242404 0
0.0884407 0
0.0090123 0
-0.0440915 0
-0.0174833 0
0.0310231 0
-0.0106198 0
-0.0322087 0
0.00721362 0
0.0603856 0
0.0192002 0
-0.0428586 0
-0.0298033 0
0.0258879 0
-0.00223379 0
-0.0488476 0
0.0538111 0
0.0144678 0
-0.0508427 0
0.0244444 0
-0.0482298 0
0.00721342 0
0.0603868 0
-0.0354463 0
-0.0191508 0
0.0198369 0
0.0235161 0
-0.0724557 0
0.0246216 0
-0.0521366 0
-0.0319877 0
0.192526 0
-0.0255916 0
-0.071856 0
0.0192002 0
-0.0428592 0
0.0198371 0
-0.0298873 0
0.166854 0
0.0167654 0
-0.163289 0
0.0294964 0
-0.112604 0
0.0170757 0
0.1365 0
-0.0298033 0
-0.0298319 0
-0.0721328 0
-0.0163058 0
0.281922 0
-0.0280101 0
-0.0885967 0
-0.0154214 0
0.0649056 0
-0.135291 0
-0.0146625 0
-0.103687 0
0.0623383 0
-0.0108175 0
0.169763 0
-0.0207611 0
0 0
0 0
0 0
0 0
0 0
0 0
0 0
0 0
0 0
0 0
0 0
0 0
0 0
0 0
0 0
0 0
0 0
0 0
0 0
0 0
0 0
0 0
0 0
0 0
0 0
0 0
0 0
0 0
0 0
0 0
0 0
0 0
0 0
0 0
0 0
0 0
0 0
0 0
0 0
0 0
0 0
0 0
0 0
0 0
0 0
0 0
0 0
0 0
0 0
0 0
0 0
0 0
0 0
0 0
0 0
0 0
0 0
0 0
0 0
0 0
0 0
0 0
0 0
0 0
0 0
0 0
0 0
0 0
0 0
0 0
0 0
0 0
0 0
0 0
0 0
0 0
0 0
0 0
0 0
0 0
0 0
0 0
0 0
0 0
0 0
0 0
0 0
0 0
0 0
0 0
0 0
0 0
0 0
0 0
0 0
0 0
0 0
0 0
0 0
0 0
0 0
0 0
0 0
0 0
0 0
0 0
0 0
0 0
0 0
0 0
0 0
0 0
0 0
0 0
0 0
0 0
0 0
0 0
0 0
0 0
0 0
0 0
0 0
0 0
0 0
0 0
0 0
0 0
0 0
0 0
0 0
0 0
0 0
0 0
0 0
0 0
0 0
0 0
0 0
0 0
0 0
0.0465247 0
-0.14646 0
1.24172e-07 0
0.14646 0
-0.0465246 0
-2.63465e-07 0
-7.56848e-07 0
-0.0203103 0
-0.1732 0
0.00855998 0
0.230994 0
-0.0203859 0
0.00782577 0
0.0522189 0
-0.180803 0
0.0358362 0
0.0986933 0
-0.0337201 0
-0.021718 0
0.00383141 0
-0.0127505 0
-0.0271579 0
0.0234603 0
-0.0437128 0
-0.0718735 0
0.0265879 0
0.17437 0
0.0276597 0
-0.0411557 0
0.0357102 0
-0.213533 0
0.00777371 0
0.208202 0
-0.0524993 0
-0.0168891 0
0.0129872 0
-0.173486 0
-0.0108403 0
0.152251 0
-0.0524982 0
0.0151857 0
0.0495716 0
-0.00856035 0
0.1732 0
0.0203103 0
-0.230993 0
-5.64033e-08 0
-5.34782e-07 0
0.0162385 0
0.135205 0
-0.0356925 0
-0.0130984 0
0.0354699 0
-0.111418 0
-0.0165509 0
-0.016508 0
0.00517063 0
0.215392 0
-0.0171145 0
-0.149067 0
-0.00102979 0
-0.0522188 0
-0.00782684 0
0.0203859 0
0.180803 0
-0.0162383 0
-0.135205 0
-1.31954e-07 0
8.57581e-08 0
0.00209188 0
0.00727053 0
-0.00299794 0
0.112514 0
0.0138988 0
-0.135441 0
-0.0250049 0
-0.00955317 0
0.0509543 0
0.0337203 0
-0.0986928 0
-0.0358364 0
0.0217177 0
0.0356926 0
0.0130982 0
-0.00209176 0
-0.00727076 0
-1.03248e-07 0
5.28857e-07 0
-0.0258063 0
-0.0406059 0
0.0321522 0
0.0848543 0
-0.0239153 0
0.0271578 0
0.0127501 0
-0.00383123 0
-0.0234602 0
-0.0354701 0
0.111419 0
0.00299805 0
-0.112514 0
0.0258063 0
0.0406054 0
-1.60262e-08 0
4.78811e-07 0
-0.0270871 0
-0.0265879 0
0.0718739 0
0.0437128 0
-0.17437 0
0.0165508 0
0.0165079 0
-0.0138988 0
0.135442 0
-0.0321522 0
-0.084855 0
0.027087 0
-0.0357102 0
0.0411554 0
-0.0276595 0
0.213533 0
-0.00517053 0
-0.215393 0
0.0250048 0
0.00955324 0
0.0239155 0
0.0524993 0
-0.208201 0
-0.00777397 0
0.0168893 0
0.0171146 0
0.149067 0
-0.0509543 0
0.0108404 0
0.173485 0
-0.0129871 0
-0.15225 0
0.00102971 0
-0.0495716 0
-0.0151853 0
0.052498 0
0 0
0 0
0 0
0 0
0 0
0 0
0 0
0 0
0 0
0 0
0 0
0 0
0 0
0 0
0 0
0 0
0 0
0 0
0 0
0 0
0 0
0 0
0 0
0 0
0 0
0 0
0 0
0 0
0 0
0 0
0 0
0 0
0 0
0 0
0 0
0 0
0 0
0 0
0 0
0 0
0 0
0 0
0 0
0 0
0 0
0 0
0 0
0 0
0 0
0 0
0 0
0 0
0 0
0 0
0 0
0 0
0 0
0 0
0 0
0 0
0 0
0 0
0 0
0 0
0 0
0 0
0 0
0 0
0 0
0 0
0 0
0 0
0 0
0 0
0 0
0 0
0 0
0 0
0 0
0 0
0 0
0 0
0 0
0 0
0 0
0 0
0 0
0 0
0 0
0 0
0 0
0 0
0 0
0 0
0 0
0 0
0 0
0 0
0 0
0 0
0 0
0 0
0 0
0 0
0 0
0 0
0 0
0 0
0 0
0 0
0 0
0 0
0 0
0 0
0 0
0 0
0 0
0 0
0 0
0 0
0 0
0 0
0 0
0 0
0 0
0 0
0 0
0 0
0 0
0 0
0 0
0 0
0 0
0 0
0 0
0 0
0 0
0 0
0 0
0 0
0 0
0 0
0 0
0 0
0 0
0 0
0 0
0 0
0 0
0 0
0 0
0 0
0 0
0 0
0 0
0 0
0 0
0 0
0 0
0 0
0 0
0 0
0 0
0 0
0 0
0 0
0 0
0 0
0 0
0 0
0 0
0 0
0 0
0 0
0 0
0 0
0 0
0 0
0 0
0 0
0 0
0 0
0 0
0 0
0 0
0 0
0 0
0 0
0 0
0 0
0 0
0 0
0 0
0 0
0 0
0 0
0 0
0 0
0 0
0 0
0 0
0 0
0 0
0 0
0 0
0 0
0 0
0 0
0 0
0 0
0 0
0 0
0 0
0 0
0 0
0 0
0 0
0 0
0 0
0 0
0 0
0 0
0 0
0 0
0 0
0 0
0 0
0 0
0 0
0 0
0 0
0 0
0 0
0 0
0 0
0 0
0 0
0 0
0 0
0 0
0 0
0 0
0 0
0 0
0 0
0 0
0 0
0 0
0 0
0 0
0 0
0 0
0 0
0 0
0 0
0 0
0 0
0 0
0 0
0 0
0 0
0 0
0 0
0 0
0 0
0 0
0 0
0 0
0 0
0 0
0 0
0 0
0 0
0 0
0 0
0 0
0 0
0 0
0 0
0 0
0 0
0 0
-0.08318 0
-0.0327106 0
-0.0560106 0
-0.0327107 0
-0.0831798 0
0.0523729 0
0.0800057 0
-0.0869579 0
-0.00909703 0
0.234778 0
-0.043234 0
0.110069 0
0.0201437 0
-0.121461 0
-0.00998825 0
0.0627218 0
-0.0144304 0
-0.0473703 0
0.0102198 0
-0.135535 0
0.0110524 0
0.0270203 0
0.0169988 0
0.0304569 0
-0.018922 0
0.0760567 0
-0.00642011 0
0.109737 0
0.0261288 0
-0.0509011 0
-0.0463157 0
-0.0580346 0
-0.00830545 0
-0.135792 0
0.0750899 0
-0.0538179 0
-0.0231811 0
0.218236 0
-0.035132 0
-0.0564447 0
0.0472023 0
-0.0955123 0
0.234778 0
-0.00909696 0
-0.0869579 0
-0.043234 0
0.100238 0
0.0664313 0
-0.144261 0
-0.0189023 0
0.0434824 0
-0.00213336 0
0.0561627 0
-0.0254273 0
-0.121757 0
0.0650325 0
0.0811626 0
-0.0395108 0
-0.105555 0
-0.0100579 0
0.213046 0
-0.121461 0
0.0201436 0
0.110069 0
-0.00998814 0
-0.144262 0
-0.0189021 0
0.154215 0
0.0117412 0
-0.0936137 0
0.0117242 0
0.137431 0
-0.0171385 0
-0.143742 0
-0.0220121 0
0.136938 0
0.0195152 0
-0.0785472 0
-0.04737 0
-0.0144304 0
0.062722 0
0.0102196 0
0.0434825 0
-0.0021333 0
-0.0936141 0
0.0117243 0
-0.0767497 0
-0.0115328 0
0.0545528 0
0.0153567 0
0.0691724 0
-0.011566 0
-0.114618 0
0.0270197 0
0.0110525 0
-0.135535 0
0.0169989 0
0.0561628 0
-0.0254276 0
0.137431 0
-0.0171383 0
0.0545522 0
0.0153566 0
-0.167328 0
0.00321892 0
0.0789849 0
0.0760569 0
-0.0189221 0
0.0304562 0
-0.00641994 0
-0.121757 0
0.0650325 0
-0.143742 0
-0.0220123 0
0.0691734 0
-0.0115659 0
0.0789837 0
-0.0509003 0
0.0261288 0
0.109737 0
-0.0463158 0
0.0811622 0
-0.0395105 0
0.136937 0
0.0195152 0
-0.114618 0
-0.135792 0
-0.00830545 0
-0.0580336 0
0.0750897 0
-0.105555 0
-0.0100579 0
-0.0785466 0
0.218236 0
-0.0231811 0
-0.0538181 0
-0.0351319 0
0.213046 0
-0.0955118 0
0.0472022 0
-0.0564446 0
0.00575103 0
0.0420853 0
-0.0125633 0
0.0420838 0
0.00575152 0
-0.0603582 0
-0.0469484 0
0.0116419 0
-0.0252781 0
-0.00532999 0
0.038758 0
0.0446659 0
0.0242071 0
0.000335083 0
-0.19139 0
-0.027772 0
0.140138 0
-0.0515476 0
0.13253 0
-0.00795541 0
-0.266794 0
0.0396559 0
0.157354 0
-0.0362911 0
0.124307 0
0.0443593 0
-0.176026 0
0.04231 0
0.0157838 0
-0.043854 0
0.0361421 0
0.0240652 0
-0.00586953 0
-0.00308742 0
-0.0997664 0
-0.0212008 0
0.0680467 0
-0.0192393 0
0.094577 0
0.00994057 0
-0.126572 0
0.0181607 0
-0.00532996 0
-0.0252798 0
0.0116424 0
0.038758 0
-0.0642717 0
0.108233 0
0.0222582 0
0.0200024 0
0.00758733 0
-0.174094 0
0.010047 0
-0.0121789 0
0.0320525 0
0.0973233 0
-0.0743067 0
0.0792268 0
0.0215985 0
-0.0424814 0
-0.0166946 0
0.000334931 0
0.0242092 0
0.0446653 0
-0.191391 0
0.0222592 0
0.0200001 0
-0.0333097 0
0.0552424 0
0.0123113 0
0.0841928 0
-0.0400024 0
0.0407865 0
0.0245544 0
-0.208498 0
0.0367962 0
0.0245984 0
0.00569106 0
-0.0515475 0
0.140135 0
-0.0277723 0
0.132534 0
0.00758672 0
-0.174094 0
0.0123113 0
0.0841927 0
0.0147309 0
-0.210303 0
0.00884961 0
0.144598 0
-0.0228432 0
0.129359 0
-0.0484454 0
0.0396568 0
-0.266794 0
-0.00795538 0
0.15735 0
0.0100476 0
-0.0121767 0
-0.0400024 0
0.0407845 0
0.0088495 0
0.1446 0
-0.0128409 0
-0.251922 0
0.0387616 0
0.0443585 0
0.12431 0
-0.0362909 0
-0.176026 0
0.0320515 0
0.0973234 0
0.0245549 0
-0.208498 0
-0.0228436 0
0.129357 0
0.0387622 0
-0.0438542 0
0.0157816 0
0.0423106 0
0.0361421 0
-0.0743062 0
0.0792254 0
0.0367959 0
0.0245999 0
-0.0484453 0
-0.00308719 0
-0.00586815 0
0.0240641 0
-0.0997646 0
0.0215985 0
-0.0424819 0
0.00569076 0
-0.0192389 0
0.0680439 0
-0.0212002 0
0.0945764 0
-0.0166942 0
0.0181607 0
-0.12657 0
0.00993987 0
0 0
0 0
0 0
0 0
0 0
0 0
0 0
0 0
0 0
0 0
0 0
0 0
0 0
0 0
0 0
0 0
0 0
0 0
0 0
0 0
0 0
0 0
0 0
0 0
0 0
0 0
0 0
0 0
0 0
0 0
0 0
0 0
0 0
0 0
0 0
0 0
0 0
0 0
0 0
0 0
0 0
0 0
0 0
0 0
0 0
0 0
0 0
0 0
0 0
0 0
0 0
0 0
0 0
0 0
0 0
0 0
0 0
0 0
0 0
0 0
0 0
0 0
0 0
0 0
0 0
0 0
0 0
0 0
0 0
0 0
0 0
0 0
0 0
0 0
0 0
0 0
0 0
0 0
0 0
0 0
0 0
0 0
0 0
0 0
0 0
0 0
0 0
0 0
0 0
0 0
0 0
0 0
0 0
0 0
0 0
0 0
0 0
0 0
0 0
0 0
0 0
0 0
0 0
0 0
0 0
0 0
0 0
0 0
0 0
0 0
0 0
0 0
0 0
0 0
0 0
0 0
0 0
0 0
0 0
0 0
0 0
0 0
0 0
0 0
0 0
0 0
0 0
0 0
0 0
0 0
0 0
0 0
0 0
0 0
0 0
0 0
0 0
0 0
0 0
0 0
0 0
0 0
0 0
0 0
0 0
0 0
0 0
0 0
0 0
0 0
0 0
0 0
0 0
0 0
0 0
0 0
0 0
0 0
0 0
0 0
0 0
0 0
0 0
0 0
0 0
0 0
0 0
0 0
0 0
0 0
0 0
0 0
0 0
0 0
0 0
0 0
0 0
0 0
0 0
0 0
0 0
0 0
0 0
0 0
0 0
0 0
0 0
0 0
0 0
0 0
0 0
0 0
0 0
0 0
0 0
0 0
0 0
0 0
0 0
0 0
0 0
0 0
0 0
0 0
0 0
0 0
0 0
0 0
0 0
0 0
0 0
0 0
0 0
0 0
0 0
0 0
0 0
0 0
0 0
0 0
0 0
0 0
0 0
0 0
0 0
0 0
0 0
0 0
0 0
0 0
0 0
0 0
0 0
0 0
0 0
0 0
0 0
0 0
0 0
0 0
0 0
0 0
0 0
0 0
0 0
0 0
0 0
0 0
0 0
0 0
0 0
0 0
0 0
0 0
0 0
0 0
0 0
0 0
0 0
0 0
0 0
0 0
0 0
0 0
0 0
0 0
0 0
0 0
0 0
0 0
0 0
0 0
0 0
0 0
0 0
0 0
0 0
0 0
0 0
0 0
0 0
0 0
0.0546585 0
-0.013425 0
-3.22914e-07 0
0.0134252 0
-0.054658 0
-1.56446e-07 0
-8.9614e-08 0
-0.126368 0
-0.0162916 0
0.0153031 0
0.0576759 0
-0.0387172 0
0.000420332 0
0.15842 0
-0.0461031 0
0.185037 0
0.0152822 0
-0.120933 0
-0.0127766 0
-0.0208415 0
-0.00063269 0
-0.109117 0
0.0194868 0
-0.173123 0
-0.0142247 0
0.131823 0
0.0437626 0
0.0519646 0
0.00167053 0
0.0832389 0
-0.0585125 0
0.196793 0
0.0180179 0
-0.140139 0
-0.0307321 0
-0.0522144 0
-0.00116566 0
-0.109777 0
0.048657 0
-0.0299424 0
-0.0419774 0
0.165467 0
-0.0153034 0
0.0162915 0
0.126368 0
-0.0576759 0
-4.17068e-07 0
9.17698e-08 0
-0.0142101 0
0.0499321 0
-0.127408 0
-0.00428701 0
0.13771 0
-0.0423695 0
-0.00491953 0
-6.76903e-06 0
-0.0803637 0
0.0798509 0
-0.0553167 0
-0.0352332 0
-0.0606449 0
-0.15842 0
-0.000420214 0
0.0387174 0
0.0461029 0
0.0142103 0
-0.0499322 0
-9.52099e-08 0
8.2255e-08 0
0.00185823 0
0.00384633 0
-0.0126974 0
0.04149 0
0.0853025 0
-0.0576305 0
-0.0925109 0
0.00701318 0
0.217679 0
0.120932 0
-0.0152823 0
-0.185037 0
0.0127769 0
0.127409 0
0.00428686 0
-0.00185836 0
-0.0038463 0
-2.99715e-07 0
2.50382e-08 0
-0.189776 0
0.00658136 0
0.171029 0
0.00441711 0
-0.14544 0
0.109118 0
0.000632672 0
0.0208405 0
-0.0194868 0
-0.13771 0
0.0423696 0
0.0126981 0
-0.0414902 0
0.189776 0
-0.00658139 0
-4.24733e-07 0
1.15938e-07 0
-0.0384388 0
-0.131823 0
0.0142247 0
0.173124 0
-0.0437626 0
0.00491835 0
7.12165e-06 0
-0.0853028 0
0.0576304 0
-0.171028 0
-0.00441737 0
0.0384389 0
-0.0832396 0
-0.00167043 0
-0.0519637 0
0.0585122 0
0.0803642 0
-0.079851 0
0.0925106 0
-0.00701293 0
0.14544 0
0.140139 0
-0.0180179 0
-0.196794 0
0.0307325 0
0.055317 0
0.0352328 0
-0.21768 0
0.109778 0
0.00116544 0
0.0522135 0
-0.0486568 0
0.0606462 0
-0.165466 0
0.0419775 0
0.0299417 0
-0.0274161 0
0.0871704 0
4.66328e-08 0
-0.0871719 0
0.0274159 0
1.06985e-06 0
1.34518e-06 0
-0.0362058 0
0.0937012 0
-0.00206932 0
0.0104649 0
0.0340311 0
-0.136641 0
0.013425 0
0.0282516 0
0.0195676 0
0.169167 0
-0.0101949 0
-0.254729 0
0.000308205 0
0.0150375 0
-0.0576339 0
0.238796 0
-0.0116735 0
-0.185414 0
0.0530048 0
-0.0193776 0
-0.0484933 0
0.14557 0
0.0124639 0
0.0161538 0
0.0550434 0
-0.123032 0
-0.00701362 0
-0.0521958 0
-0.0159234 0
0.159617 0
-0.0113123 0
-0.0601743 0
0.0428224 0
-0.0777533 0
-0.0253846 0
0.00206985 0
-0.0937013 0
0.0362054 0
-0.0104664 0
7.50987e-07 0
-7.00227e-07 0
-0.0594418 0
0.14054 0
0.034785 0
0.0152552 0
-0.041073 0
-0.135736 0
0.0644015 0
-0.0276367 0
-0.0101315 0
0.0405056 0
-0.0262039 0
0.0882083 0
-0.00897727 0
-0.0134251 0
0.136641 0
-0.034032 0
-0.0282482 0
0.0594411 0
-0.140541 0
3.54316e-07 0
-7.79156e-07 0
0.00362959 0
-0.0254807 0
0.000350272 0
0.160228 0
-0.0491816 0
0.00850483 0
0.0281089 0
-0.129034 0
0.0129831 0
0.0101956 0
-0.16917 0
-0.0195669 0
0.254727 0
-0.034785 0
-0.0152521 0
-0.00362982 0
0.0254798 0
-7.54815e-08 0
1.09807e-06 0
0.0225492 0
-0.223773 0
0.0194828 0
0.159395 0
-0.00954666 0
0.0576333 0
-0.0150325 0
-0.000308376 0
-0.238798 0
0.0410727 0
0.135735 0
-0.000349754 0
-0.160228 0
-0.0225493 0
0.223771 0
1.1737e-07 0
1.54374e-06 0
-0.0503747 0
-0.0530054 0
0.185411 0
0.0116744 0
0.01938 0
-0.0644017 0
0.0276352 0
0.0491812 0
-0.0085021 0
-0.0194826 0
-0.159396 0
0.0503742 0
-0.0124632 0
-0.145569 0
0.0484921 0
-0.0161536 0
0.0101323 0
-0.0405068 0
-0.0281092 0
0.129034 0
0.00954735 0
0.00701386 0
0.123031 0
-0.0550431 0
0.0521965 0
0.0262036 0
-0.0882068 0
-0.0129834 0
0.0113123 0
-0.159615 0
0.0159232 0
0.0601724 0
0.00897744 0
0.0253841 0
0.0777533 0
-0.0428218 0
0 0
0 0
0 0
0 0
0 0
0 0
0 0
0 0
0 0
0 0
0 0
0 0
0 0
0 0
0 0
0 0
0 0
0 0
0 0
0 0
0 0
0 0
0 0
0 0
0 0
0 0
0 0
0 0
0 0
0 0
0 0
0 0
0 0
0 0
0 0
0 0
0 0
0 0
0 0
0 0
0 0
0 0
0 0
0 0
0 0
0 0
0 0
0 0
0 0
0 0
0 0
0 0
0 0
0 0
0 0
0 0
0 0
0 0
0 0
0 0
0 0
0 0
0 0
0 0
0 0
0 0
0 0
0 0
0 0
0 0
0 0
0 0
0 0
0 0
0 0
0 0
0 0
0 0
0 0
0 0
0 0
0 0
0 0
0 0
0 0
0 0
0 0
0 0
0 0
0 0
0 0
0 0
0 0
0 0
0 0
0 0
0 0
0 0
0 0
0 0
0 0
0 0
0 0
0 0
0 0
0 0
0 0
0 0
0 0
0 0
0 0
0 0
0 0
0 0
0 0
0 0
0 0
0 0
0 0
0 0
0 0
0 0
0 0
0 0
0 0
0 0
0 0
0 0
0 0
0 0
0 0
0 0
0 0
0 0
0 0
0 0
0 0
0 0
0 0
0 0
0 0
0 0
0 0
0 0
0 0
0 0
0 0
0 0
0 0
0 0
0 0
0 0
0 0
0 0
0 0
0 0
0 0
0 0
0 0
0 0
0 0
0 0
0 0
0 0
0 0
0 0
0 0
0 0
0 0
0 0
0 0
0 0
0 0
0 0
0 0
0 0
0 0
0 0
0 0
0 0
0 0
0 0
0 0
0 0
0 0
0 0
0 0
0 0
0 0
0 0
0 0
0 0
0 0
0 0
0 0
0 0
0 0
0 0
0 0
0 0
0 0
0 0
0 0
0 0
0 0
0 0
0 0
0 0
0 0
0 0
0 0
0 0
0 0
0 0
0 0
0 0
0 0
0 0
0 0
0 0
0 0
0 0
0 0
0 0
0 0
0 0
0 0
0 0
0 0
0 0
0 0
0 0
0 0
0 0
0 0
0 0
0 0
0 0
0 0
0 0
0 0
0 0
0 0
0 0
0 0
0 0
0 0
0 0
0 0
0 0
0 0
0 0
0 0
0 0
0 0
0 0
0 0
0 0
0 0
0 0
0 0
0 0
0 0
0 0
0 0
0 0
0 0
0 0
0 0
0 0
0 0
0 0
0 0
0 0
0 0
0 0
0 0
0 0
0 0
0 0
0 0
0 0
-0.147388 0
0.0372643 0
2.01959e-06 0
-0.0372663 0
0.147382 0
1.66191e-06 0
1.38582e-06 0
0.00926191 0
0.0446335 0
-0.0378709 0
-0.047735 0
0.127716 0
-0.0337366 0
-0.101452 0
0.0409871 0
0.0129223 0
0.0237707 0
0.0727073 0
-0.0678958 0
0.0113998 0
-0.00172563 0
-0.155818 0
0.0662148 0
-0.0444828 0
-0.0162059 0
0.149515 0
-0.037091 0
-0.105919 0
0.0252359 0
-0.0571351 0
0.0392798 0
0.129587 0
-0.0382811 0
0.0883127 0
-0.0488372 0
-0.0815213 0
0.0551199 0
-0.104759 0
0.0204721 0
0.175491 0
-0.0608884 0
0.0215275 0
0.0378779 0
-0.0446329 0
-0.00926793 0
0.0477336 0
-1.86568e-06 0
1.76122e-06 0
-0.258384 0
0.0305031 0
0.171655 0
-0.00813041 0
-0.158545 0
-0.0256586 0
0.257527 0
-0.011679 0
-0.136996 0
0.00975299 0
0.0941359 0
0.0147742 0
-0.1542 0
0.101449 0
0.0337363 0
-0.127702 0
-0.0409898 0
0.258381 0
-0.0305032 0
-4.99289e-06 0
1.06044e-06 0
0.0100102 0
0.00568351 0
-0.0260694 0
0.0262546 0
-0.087234 0
0.00256751 0
0.0149188 0
-0.0171426 0
0.0173049 0
-0.0727172 0
-0.0237689 0
-0.012925 0
0.0678974 0
-0.171641 0
0.0081252 0
-0.0100082 0
-0.00568089 0
1.22809e-06 0
-2.82754e-06 0
0.038969 0
-0.0364044 0
0.0649983 0
0.0156451 0
0.01745 0
0.155826 0
0.00172287 0
-0.0114154 0
-0.066209 0
0.158544 0
0.0256581 0
0.0260576 0
-0.0262539 0
-0.0389622 0
0.0364076 0
-4.87843e-06 0
-2.13452e-06 0
-0.128074 0
-0.149498 0
0.0162068 0
0.0444824 0
0.0370845 0
-0.257513 0
0.0116821 0
0.087237 0
-0.00257191 0
-0.0650044 0
-0.0156423 0
0.128085 0
0.0571169 0
-0.0252338 0
0.105924 0
-0.0392768 0
0.136971 0
-0.00975192 0
-0.0149031 0
0.0171409 0
-0.0174633 0
-0.0883058 0
0.038278 0
-0.129576 0
0.0488331 0
-0.094129 0
-0.0147729 0
-0.0173022 0
0.104749 0
-0.0551152 0
0.0815149 0
-0.0204704 0
0.154187 0
-0.0215256 0
0.0608832 0
-0.175476 0
0 0
0 0
0 0
0 0
0 0
0 0
0 0
0 0
0 0
0 0
0 0
0 0
0 0
0 0
0 0
0 0
0 0
0 0
0 0
0 0
0 0
0 0
0 0
0 0
0 0
0 0
0 0
0 0
0 0
0 0
0 0
0 0
0 0
0 0
0 0
0 0
0 0
0 0
0 0
0 0
0 0
0 0
0 0
0 0
0 0
0 0
0 0
0 0
0 0
0 0
0 0
0 0
0 0
0 0
0 0
0 0
0 0
0 0
0 0
0 0
0 0
0 0
0 0
0 0
0 0
0 0
0 0
0 0
0 0
0 0
0 0
0 0
0 0
0 0
0 0
0 0
0 0
0 0
0 0
0 0
0 0
0 0
0 0
0 0
0 0
0 0
0 0
0 0
0 0
0 0
0 0
0 0
0 0
0 0
0 0
0 0
0 0
0 0
0 0
0 0
0 0
0 0
0 0
0 0
0 0
0 0
0 0
0 0
0 0
0 0
0 0
0 0
0 0
0 0
0 0
0 0
0 0
0 0
0 0
0 0
0 0
0 0
0 0
0 0
0 0
0 0
0 0
0 0
0 0
0 0
0 0
0 0
0 0
0 0
0 0
0 0
0 0
0 0
0 0
0 0
0 0
-0.0627972 0
-0.023375 0
0.0485813 0
-0.0233715 0
-0.062811 0
0.0393255 0
0.0332405 0
-0.072348 0
0.00714123 0
0.0829377 0
-0.0160821 0
0.142575 0
-0.00373145 0
-0.0314074 0
-0.0255459 0
-0.0278682 0
0.017584 0
-0.100216 0
0.0147617 0
-0.161225 0
-0.0284447 0
0.0761432 0
0.0620486 0
-0.000353666 0
0.00796654 0
0.169117 0
-0.069912 0
0.0435223 0
0.0226509 0
-0.192318 0
0.0359418 0
0.126296 0
-0.0348115 0
0.081684 0
-0.0478999 0
-0.0657588 0
0.0518191 0
-0.105053 0
0.0177385 0
0.165688 0
-0.0560886 0
0.0158651 0
0.0829342 0
0.00714547 0
-0.0723481 0
-0.0160862 0
-0.0240603 0
0.0374017 0
-0.0412901 0
-0.000383511 0
0.146467 0
-0.053391 0
-0.0180642 0
-0.00494219 0
0.158831 0
0.0287662 0
-0.273557 0
0.0101972 0
0.0789909 0
0.0172124 0
-0.152137 0
-0.0314161 0
-0.00373475 0
0.142587 0
-0.0255422 0
-0.0413155 0
-0.000380143 0
-0.104086 0
0.0201886 0
0.023483 0
0.0274375 0
-0.126717 0
0.0081745 0
0.0326801 0
-0.0434008 0
0.16534 0
-0.0204297 0
0.0233106 0
-0.10021 0
0.0175864 0
-0.0278655 0
0.0147549 0
0.146483 0
-0.0533916 0
0.0234838 0
0.027438 0
0.0256816 0
-0.0593151 0
0.0708834 0
0.0325913 0
-0.0742852 0
0.0316865 0
-0.129428 0
0.0761269 0
-0.0284449 0
-0.161224 0
0.0620553 0
-0.0180789 0
-0.00494519 0
-0.126719 0
0.00817744 0
0.0708886 0
0.0325869 0
-0.089709 0
-0.0454057 0
0.11127 0
0.169133 0
0.00796478 0
-0.000359504 0
-0.0699152 0
0.158856 0
0.028765 0
0.0326685 0
-0.0434003 0
-0.0742779 0
0.0316882 0
0.111256 0
-0.192322 0
0.0226534 0
0.0435121 0
0.0359452 0
-0.273567 0
0.0101975 0
0.165343 0
-0.0204316 0
-0.129426 0
0.0816912 0
-0.034815 0
0.126306 0
-0.0479037 0
0.0789973 0
0.0172142 0
0.0233112 0
-0.10506 0
0.0518238 0
-0.0657647 0
0.0177395 0
-0.15215 0
0.0158645 0
-0.0560932 0
0.165703 0
-0.0258915 0
-0.165151 0
0.0138288 0
-0.165152 0
-0.0258912 0
0.247891 0
0.28908 0
-0.0425693 0
-0.0338093 0
0.0627368 0
-0.13211 0
-0.0087145 0
0.0680694 0
-0.0106578 0
0.0892569 0
0.032165 0
-0.0671599 0
-0.000283642 0
-0.11682 0
-0.0262714 0
0.104557 0
-0.0116423 0
0.0889947 0
0.031787 0
-0.124554 0
0.00619003 0
-0.0575477 0
-0.0633936 0
0.124034 0
0.000161828 0
0.120617 0
0.0715927 0
-0.203362 0
0.0245637 0
-0.125307 0
-0.0440246 0
0.308008 0
-0.0321977 0
-0.0513678 0
0.0807171 0
-0.209913 0
-0.0302669 0
0.0627368 0
-0.0338102 0
-0.0425695 0
-0.132109 0
0.0808501 0
0.0290759 0
-0.0433448 0
0.00544594 0
0.0210513 0
0.0511627 0
-0.0264883 0
-0.0634288 0
0.0451075 0
-0.00774836 0
-0.0368787 0
-0.00663294 0
0.00545315 0
0.115928 0
-0.0205683 0
-0.0106574 0
0.068069 0
-0.00871463 0
0.0892562 0
-0.0433449 0
0.00544687 0
0.0212506 0
-0.0720456 0
-0.00430074 0
0.0330693 0
-0.006535 0
0.0489069 0
-0.0066777 0
-0.0218938 0
0.0328793 0
-0.0656063 0
-0.0159216 0
-0.000283845 0
-0.0671588 0
0.0321653 0
-0.116821 0
0.0210512 0
0.0511635 0
-0.00430039 0
0.0330675 0
0.00513934 0
-0.0808552 0
0.00440464 0
0.0194651 0
-0.0217569 0
0.0651733 0
0.000135491 0
-0.0116428 0
0.104558 0
-0.0262714 0
0.0889954 0
-0.0264887 0
-0.0634292 0
-0.00653505 0
0.0489092 0
0.00440578 0
0.0194596 0
0.0133833 0
-0.0780205 0
0.00403964 0
0.00619029 0
-0.124555 0
0.0317872 0
-0.0575477 0
0.045108 0
-0.00774954 0
-0.0066792 0
-0.0218905 0
-0.0217569 0
0.0651756 0
0.0040389 0
0.000161821 0
0.124035 0
-0.0633943 0
0.120618 0
-0.0368775 0
-0.00663592 0
0.0328801 0
-0.0656091 0
0.000135611 0
0.024564 0
-0.203364 0
0.071592 0
-0.125303 0
0.00545172 0
0.115932 0
-0.0159218 0
-0.0321967 0
0.308007 0
-0.0440234 0
-0.0513737 0
-0.0205676 0
-0.0302685 0
-0.209907 0
0.0807171 0
0 0
0 0
0 0
0 0
0 0
0 0
0 0
0 0
0 0
0 0
0 0
0 0
0 0
0 0
0 0
0 0
0 0
0 0
0 0
0 0
0 0
0 0
0 0
0 0
0 0
0 0
0 0
0 0
0 0
0 0
0 0
0 0
0 0
0 0
0 0
0 0
0 0
0 0
0 0
0 0
0 0
0 0
0 0
0 0
0 0
0 0
0 0
0 0
0 0
0 0
0 0
0 0
0 0
0 0
0 0
0 0
0 0
0 0
0 0
0 0
0 0
0 0
0 0
0 0
0 0
0 0
0 0
0 0
0 0
0 0
0 0
0 0
0 0
0 0
0 0
0 0
0 0
0 0
0 0
0 0
0 0
0 0
0 0
0 0
0 0
0 0
0 0
0 0
0 0
0 0
0 0
0 0
0 0
0 0
0 0
0 0
0 0
0 0
0 0
0 0
0 0
0 0
0 0
0 0
0 0
0 0
0 0
0 0
0 0
0 0
0 0
0 0
0 0
0 0
0 0
0 0
0 0
0 0
0 0
0 0
0 0
0 0
0 0
0 0
0 0
0 0
0 0
0 0
0 0
0 0
0 0
0 0
0 0
0 0
0 0
0 0
0 0
0 0
0 0
0 0
0 0
-0.0563018 0
0.180178 0
-2.28682e-07 0
-0.180175 0
0.0563022 0
-2.14757e-06 0
-2.14624e-06 0
-0.0217147 0
0.18081 0
-0.000199927 0
-0.117885 0
0.0486332 0
-0.084998 0
-0.0297636 0
0.0619392 0
-0.0320099 0
0.0655367 0
0.00606066 0
-0.0330645 0
0.0141537 0
-0.0845214 0
0.00590184 0
0.0761823 0
-0.0301621 0
0.0651992 0
0.0059729 0
-0.0528973 0
0.0333641 0
-0.0778398 0
0.00392887 0
0.0321132 0
0.0295373 0
0.118823 0
-0.0126726 0
-0.236908 0
-0.0351232 0
0.0594488 0
-0.0547749 0
0.282397 0
0.000381062 0
-0.283632 0
0.0690746 0
0.000199009 0
-0.18081 0
0.0217155 0
0.117887 0
-5.37016e-07 0
-4.23168e-07 0
-0.0307101 0
0.0258987 0
0.0256328 0
-0.0662658 0
-0.0022908 0
-0.00327031 0
0.00944808 0
0.0291624 0
-0.0706829 0
0.14266 0
0.0690922 0
-0.108933 0
-0.0551841 0
0.0297638 0
0.0849973 0
-0.0486334 0
-0.06194 0
0.0307107 0
-0.0258988 0
-1.40802e-07 0
5.27429e-07 0
-0.0104287 0
0.095863 0
-0.00651938 0
-0.07406 0
0.0552644 0
-0.114788 0
-0.0303229 0
0.0590805 0
0.0157503 0
-0.0060605 0
-0.0655366 0
0.0320096 0
0.0330659 0
-0.0256331 0
0.0662654 0
0.0104288 0
-0.0958638 0
-1.96182e-07 0
1.37334e-06 0
-0.0350707 0
0.173611 0
-0.00111702 0
-0.0555964 0
-0.00108848 0
-0.00590178 0
0.084521 0
-0.0141534 0
-0.076184 0
0.00229114 0
0.00327143 0
0.00651987 0
0.0740583 0
0.0350707 0
-0.173612 0
-2.80028e-07 0
1.70395e-06 0
0.0174561 0
-0.0059731 0
-0.0651982 0
0.0301619 0
0.0528985 0
-0.00944913 0
-0.0291618 0
-0.0552646 0
0.11479 0
0.00111781 0
0.0555936 0
-0.0174563 0
-0.00392883 0
0.0778386 0
-0.0333632 0
-0.032116 0
0.0706839 0
-0.142661 0
0.030322 0
-0.0590782 0
0.00108864 0
0.012672 0
-0.11882 0
-0.0295386 0
0.236911 0
-0.0690921 0
0.10893 0
-0.0157501 0
0.0547757 0
-0.0594547 0
0.0351235 0
-0.282396 0
0.0551846 0
-0.0690738 0
0.283635 0
-0.000382465 0
0 0
0 0
0 0
0 0
0 0
0 0
0 0
0 0
0 0
0 0
0 0
0 0
0 0
0 0
0 0
0 0
0 0
0 0
0 0
0 0
0 0
0 0
0 0
0 0
0 0
0 0
0 0
0 0
0 0
0 0
0 0
0 0
0 0
0 0
0 0
0 0
0 0
0 0
0 0
0 0
0 0
0 0
0 0
0 0
0 0
0 0
0 0
0 0
0 0
0 0
0 0
0 0
0 0
0 0
0 0
0 0
0 0
0 0
0 0
0 0
0 0
0 0
0 0
0 0
0 0
0 0
0 0
0 0
0 0
0 0
0 0
0 0
0 0
0 0
0 0
0 0
0 0
0 0
0 0
0 0
0 0
0 0
0 0
0 0
0 0
0 0
0 0
0 0
0 0
0 0
0 0
0 0
0 0
0 0
0 0
0 0
0 0
0 0
0 0
0 0
0 0
0 0
0 0
0 0
0 0
0 0
0 0
0 0
0 0
0 0
0 0
0 0
0 0
0 0
0 0
0 0
0 0
0 0
0 0
0 0
0 0
0 0
0 0
0 0
0 0
0 0
0 0
0 0
0 0
0 0
0 0
0 0
0 0
0 0
0 0
0 0
0 0
0 0
0 0
0 0
0 0
0 0
0 0
0 0
0 0
0 0
0 0
0 0
0 0
0 0
0 0
0 0
0 0
0 0
0 0
0 0
0 0
0 0
0 0
0 0
0 0
0 0
0 0
0 0
0 0
0 0
0 0
0 0
0 0
0 0
0 0
0 0
0 0
0 0
0 0
0 0
0 0
0 0
0 0
0 0
0 0
0 0
0 0
0 0
0 0
0 0
0 0
0 0
0 0
0 0
0 0
0 0
0 0
0 0
0 0
0 0
0 0
0 0
0 0
0 0
0 0
0 0
0 0
0 0
0 0
0 0
0 0
0 0
0 0
0 0
0 0
0 0
0 0
0 0
0 0
0 0
0 0
0 0
0 0
0 0
0 0
0 0
0 0
0 0
0 0
0 0
0 0
0 0
0 0
0 0
0 0
0 0
0 0
0 0
0 0
0 0
0 0
0 0
0 0
0 0
0 0
0 0
0 0
0 0
0 0
0 0
0 0
0 0
0 0
0 0
0 0
0 0
0 0
0 0
0 0
0 0
0 0
0 0
0 0
0 0
0 0
0 0
0 0
0 0
0 0
0 0
0 0
0 0
0 0
0 0
0 0
0 0
0 0
0 0
0 0
0 0
0 0
0 0
0 0
0 0
0 0
0 0
-0.0604288 0
0.0162705 0
-5.78562e-06 0
-0.0162664 0
0.0604405 0
-3.63922e-06 0
-2.45346e-06 0
-0.111687 0
0.0188744 0
-0.0123673 0
0.020337 0
0.0530085 0
-0.0273821 0
0.0687458 0
-0.0106245 0
0.0785525 0
0.0336687 0
-0.0409772 0
-0.043404 0
0.0614801 0
-0.0119612 0
-0.137541 0
0.0359879 0
-0.183008 0
-0.00324477 0
0.111579 0
0.0233943 0
0.0243125 0
-0.0108934 0
0.0810712 0
-0.0191933 0
-0.13012 0
0.0228607 0
-0.0729424 0
0.0464948 0
0.189472 0
-0.046789 0
0.135123 0
-0.0649866 0
-0.138287 0
0.0990953 0
-0.183978 0
0.0123549 0
-0.0188759 0
0.1117 0
-0.0203352 0
-1.16474e-05 0
9.02811e-07 0
-0.100866 0
0.0401809 0
-0.0140403 0
0.00717609 0
0.0167888 0
-0.0468721 0
0.0907457 0
-0.00423222 0
0.161496 0
-0.0232485 0
-0.195494 0
0.0304345 0
0.141074 0
-0.0687418 0
0.0273832 0
-0.0530033 0
0.0106199 0
0.100875 0
-0.0401808 0
-3.06777e-06 0
5.48204e-07 0
-0.023272 0
-0.00111007 0
0.0264257 0
0.0411849 0
-0.240107 0
0.0141579 0
0.100983 0
-0.0252005 0
-0.0341618 0
0.040965 0
-0.0336679 0
-0.0785534 0
0.043408 0
0.0140372 0
-0.00717932 0
0.0232735 0
0.00111179 0
7.89572e-07 0
-1.8689e-06 0
0.0964016 0
-0.0678745 0
0.0985449 0
0.0245248 0
0.00661332 0
0.137551 0
0.0119587 0
-0.0614879 0
-0.035987 0
-0.016778 0
0.0468721 0
-0.0264337 0
-0.0411845 0
-0.096397 0
0.0678767 0
-3.44316e-06 0
-1.37872e-06 0
-0.177081 0
-0.111575 0
0.00324666 0
0.183002 0
-0.0233952 0
-0.0907484 0
0.00423405 0
0.240109 0
-0.0141607 0
-0.0985488 0
-0.0245232 0
0.177088 0
-0.0810754 0
0.0108923 0
-0.0243015 0
0.0191923 0
-0.161501 0
0.0232489 0
-0.100974 0
0.0251997 0
-0.00662173 0
0.0729391 0
-0.0228589 0
0.130116 0
-0.0464944 0
0.195488 0
-0.0304338 0
0.0341631 0
-0.135121 0
0.046787 0
-0.189464 0
0.0649854 0
-0.141072 0
0.183976 0
-0.0990925 0
0.138281 0
0 0
0 0
0 0
0 0
0 0
0 0
0 0
0 0
0 0
0 0
0 0
0 0
0 0
0 0
0 0
0 0
0 0
0 0
0 0
0 0
0 0
0 0
0 0
0 0
0 0
0 0
0 0
0 0
0 0
0 0
0 0
0 0
0 0
0 0
0 0
0 0
0 0
0 0
0 0
0 0
0 0
0 0
0 0
0 0
0 0
0 0
0 0
0 0
0 0
0 0
0 0
0 0
0 0
0 0
0 0
0 0
0 0
0 0
0 0
0 0
0 0
0 0
0 0
0 0
0 0
0 0
0 0
0 0
0 0
0 0
0 0
0 0
0 0
0 0
0 0
0 0
0 0
0 0
0 0
0 0
0 0
0 0
0 0
0 0
0 0
0 0
0 0
0 0
0 0
0 0
0 0
0 0
0 0
0 0
0 0
0 0
0 0
0 0
0 0
0 0
0 0
0 0
0 0
0 0
0 0
0 0
0 0
0 0
0 0
0 0
0 0
0 0
0 0
0 0
0 0
0 0
0 0
0 0
0 0
0 0
0 0
0 0
0 0
0 0
0 0
0 0
0 0
0 0
0 0
0 0
0 0
0 0
0 0
0 0
0 0
0 0
0 0
0 0
0 0
0 0
0 0
0.202447 0
0.0712941 0
-0.213305 0
0.0712951 0
0.202443 0
-0.126103 0
-0.0797205 0
0.222579 0
-0.0288265 0
-0.199926 0
0.0300653 0
0.0356364 0
0.0210753 0
0.0618625 0
-0.0630743 0
0.00384321 0
0.00367172 0
-0.159704 0
0.0584006 0
-0.0977272 0
-0.0267723 0
0.144953 0
-0.000676278 0
-0.0674798 0
0.0223185 0
0.0323167 0
-0.000838913 0
0.145804 0
-0.0168297 0
-0.0311983 0
-0.0226913 0
-0.056968 0
0.0275045 0
-0.0644602 0
0.0172361 0
0.104863 0
-0.0345862 0
0.0396455 0
-0.0189409 0
-0.109696 0
0.0461665 0
-0.0405121 0
-0.199926 0
-0.0288255 0
0.222572 0
0.0300666 0
-0.345026 0
0.0206869 0
0.142845 0
0.000308715 0
-0.0757302 0
-0.037271 0
0.167176 0
0.000765889 0
-0.0758862 0
0.0233625 0
-0.0229623 0
0.00600058 0
-0.0983905 0
0.00393192 0
0.0608979 0
0.0618674 0
0.0210738 0
0.0356396 0
-0.0630752 0
0.142837 0
0.000311678 0
-0.0679982 0
0.0132073 0
0.0152055 0
0.0200765 0
-0.0934802 0
0.0033469 0
0.0318244 0
-0.0335327 0
0.104054 0
-0.00796204 0
0.0260425 0
-0.159707 0
0.00367393 0
0.00385003 0
0.0583974 0
-0.0757311 0
-0.0372706 0
0.0152045 0
0.0200764 0
0.0211923 0
-0.0441709 0
0.0521198 0
0.0263129 0
-0.0397166 0
0.0190461 0
-0.106883 0
0.144943 0
-0.0267729 0
-0.097724 0
-0.000673491 0
0.167177 0
0.000762534 0
-0.0934788 0
0.00334995 0
0.0521267 0
0.0263079 0
-0.0880174 0
-0.0317487 0
0.0907149 0
0.0323252 0
0.0223179 0
-0.0674919 0
-0.000837445 0
-0.0758787 0
0.0233621 0
0.0318076 0
-0.0335318 0
-0.0397091 0
0.0190479 0
0.0907017 0
-0.031193 0
-0.01683 0
0.145804 0
-0.0226926 0
-0.0229519 0
0.00599914 0
0.104061 0
-0.00796386 0
-0.106883 0
-0.0644648 0
0.0275056 0
-0.0569751 0
0.0172391 0
-0.0984035 0
0.00393402 0
0.0260408 0
0.0396541 0
-0.0345888 0
0.104874 0
-0.0189451 0
0.0609064 0
-0.0405243 0
0.0461726 0
-0.109704 0
0 0
0 0
0 0
0 0
0 0
0 0
0 0
0 0
0 0
0 0
0 0
0 0
0 0
0 0
0 0
0 0
0 0
0 0
0 0
0 0
0 0
0 0
0 0
0 0
0 0
0 0
0 0
0 0
0 0
0 0
0 0
0 0
0 0
0 0
0 0
0 0
0 0
0 0
0 0
0 0
0 0
0 0
0 0
0 0
0 0
0 0
0 0
0 0
0 0
0 0
0 0
0 0
0 0
0 0
0 0
0 0
0 0
0 0
0 0
0 0
0 0
0 0
0 0
0 0
0 0
0 0
0 0
0 0
0 0
0 0
0 0
0 0
0 0
0 0
0 0
0 0
0 0
0 0
0 0
0 0
0 0
0 0
0 0
0 0
0 0
0 0
0 0
0 0
0 0
0 0
0 0
0 0
0 0
0 0
0 0
0 0
0 0
0 0
0 0
0 0
0 0
0 0
0 0
0 0
0 0
0 0
0 0
0 0
0 0
0 0
0 0
0 0
0 0
0 0
0 0
0 0
0 0
0 0
0 0
0 0
0 0
0 0
0 0
0 0
0 0
0 0
0 0
0 0
0 0
0 0
0 0
0 0
0 0
0 0
0 0
0 0
0 0
0 0
0 0
0 0
0 0
-0.150198 0
-0.0505401 0
0.267928 0
-0.0505403 0
-0.150197 0
0.0931764 0
0.0185927 0
-0.161121 0
0.0432415 0
0.0323588 0
-0.00290568 0
0.17184 0
-0.0434375 0
0.00141617 0
-0.0134594 0
-0.124713 0
0.0509141 0
-0.0444783 0
-0.00330012 0
0.180999 0
-0.0538943 0
0.0172761 0
-0.00250915 0
-0.176435 0
0.0595466 0
-0.0374433 0
-0.000326539 0
0.103888 0
-0.0663609 0
0.0360409 0
0.0365653 0
-0.189253 0
0.055874 0
0.0586706 0
-0.0167029 0
0.307265 0
-0.0489152 0
-0.0362886 0
-0.0447572 0
-0.156923 0
0.0857658 0
-0.123252 0
0.0323589 0
0.0432412 0
-0.161122 0
-0.00290502 0
-0.00229074 0
0.00637738 0
-0.00804389 0
0.00955722 0
-0.0466575 0
0.00756408 0
0.00277542 0
-0.00570868 0
0.0734999 0
-0.0174875 0
-0.0212656 0
-0.0126197 0
-0.0688591 0
0.0492414 0
-0.0172735 0
0.00141758 0
-0.0434375 0
0.171839 0
-0.0134596 0
-0.00804349 0
0.00955729 0
0.0272294 0
-0.0250094 0
0.022138 0
0.0113495 0
-0.0598762 0
0.0106396 0
-0.00183505 0
0.00726542 0
0.126671 0
-0.0395189 0
-0.0579099 0
-0.0444787 0
0.0509141 0
-0.124712 0
-0.00330032 0
-0.0466581 0
0.00756435 0
0.0221387 0
0.011349 0
0.00531971 0
-0.023777 0
0.0312573 0
0.00402412 0
-0.145766 0
0.03403 0
0.0469776 0
0.017275 0
-0.0538941 0
0.180999 0
-0.00250915 0
0.0027745 0
-0.00570872 0
-0.0598755 0
0.0106399 0
0.0312584 0
0.00402348 0
0.102892 0
-0.033799 0
-0.00150845 0
-0.0374425 0
0.0595463 0
-0.176434 0
-0.000326756 0
0.0735003 0
-0.0174874 0
-0.00183766 0
0.00726562 0
-0.145766 0
0.0340301 0
-0.00150897 0
0.0360399 0
-0.0663604 0
0.103887 0
0.0365653 0
-0.0212637 0
-0.0126204 0
0.126672 0
-0.0395189 0
0.0469771 0
0.0586711 0
0.0558735 0
-0.189254 0
-0.0167019 0
-0.0688603 0
0.0492415 0
-0.0579106 0
-0.0362865 0
-0.0489151 0
0.307265 0
-0.0447577 0
-0.0172718 0
-0.123254 0
0.0857662 0
-0.156923 0
-0.0659698 0
0.213001 0
-3.69786e-08 0
-0.213002 0
0.0659696 0
7.14085e-07 0
9.8079e-07 0
-0.0653315 0
0.192347 0
0.0064456 0
-0.00116811 0
0.0656315 0
-0.187181 0
-0.00159065 0
-0.00373449 0
-0.060113 0
0.199449 0
-0.00378673 0
-0.016695 0
0.0637545 0
-0.190314 0
-0.00281476 0
0.0186852 0
-0.0644001 0
0.180163 0
0.00311029 0
-0.0080812 0
0.0592108 0
-0.180658 0
0.000152537 0
0.0120197 0
-0.0823023 0
0.171051 0
0.00294466 0
0.0588314 0
0.0823331 0
-0.236363 0
0.0198925 0
-0.0708116 0
-0.0633144 0
0.277858 0
-0.0126737 0
-0.0064451 0
-0.192348 0
0.0653313 0
0.00116759 0
2.06983e-07 0
-8.8652e-08 0
-0.00456228 0
0.0169142 0
0.000762503 0
-0.00242534 0
-0.00437708 0
-0.00343577 0
0.00735295 0
-0.00971007 0
0.0198352 0
-0.0601058 0
-0.0174839 0
0.0531894 0
0.00555559 0
0.00159067 0
0.187182 0
-0.0656315 0
0.00373454 0
0.00456209 0
-0.0169135 0
4.28664e-08 0
-7.95406e-07 0
0.00415656 0
-0.00948944 0
-0.00220744 0
0.0192635 0
-0.0249225 0
0.0631727 0
0.0128136 0
-0.0401767 0
-0.00407442 0
0.00378648 0
-0.199449 0
0.0601133 0
0.0166942 0
-0.000762552 0
0.00242567 0
-0.00415644 0
0.00949035 0
-2.4496e-08 0
-8.39927e-07 0
0.0230223 0
-0.0852726 0
-0.00280928 0
0.0302947 0
0.00305998 0
0.00281477 0
0.190314 0
-0.0637545 0
-0.0186844 0
0.00437693 0
0.00343502 0
0.00220718 0
-0.0192629 0
-0.0230221 0
0.0852732 0
1.75138e-07 0
-1.03217e-06 0
-0.00942723 0
-0.00311029 0
-0.180163 0
0.0644 0
0.00808052 0
-0.00735237 0
0.00970984 0
0.0249225 0
-0.0631729 0
0.00280861 0
-0.0302931 0
0.00942738 0
-0.000152451 0
0.180658 0
-0.0592111 0
-0.0120178 0
-0.0198357 0
0.0601054 0
-0.0128128 0
0.0401749 0
-0.00305994 0
-0.0029443 0
-0.171052 0
0.0823025 0
-0.0588332 0
0.0174837 0
-0.0531867 0
0.00407411 0
-0.0198929 0
0.236365 0
-0.0823326 0
0.0708098 0
-0.00555589 0
0.012673 0
-0.277858 0
0.0633149 0
0 0
0 0
0 0
0 0
0 0
0 0
0 0
0 0
0 0
0 0
0 0
0 0
0 0
0 0
0 0
0 0
0 0
0 0
0 0
0 0
0 0
0 0
0 0
0 0
0 0
0 0
0 0
0 0
0 0
0 0
0 0
0 0
0 0
0 0
0 0
0 0
0 0
0 0
0 0
0 0
0 0
0 0
0 0
0 0
0 0
0 0
0 0
0 0
0 0
0 0
0 0
0 0
0 0
0 0
0 0
0 0
0 0
0 0
0 0
0 0
0 0
0 0
0 0
0 0
0 0
0 0
0 0
0 0
0 0
0 0
0 0
0 0
0 0
0 0
0 0
0 0
0 0
0 0
0 0
0 0
0 0
0 0
0 0
0 0
0 0
0 0
0 0
0 0
0 0
0 0
0 0
0 0
0 0
0 0
0 0
0 0
0 0
0 0
0 0
0 0
0 0
0 0
0 0
0 0
0 0
0 0
0 0
0 0
0 0
0 0
0 0
0 0
0 0
0 0
0 0
0 0
0 0
0 0
0 0
0 0
0 0
0 0
0 0
0 0
0 0
0 0
0 0
0 0
0 0
0 0
0 0
0 0
0 0
0 0
0 0
0 0
0 0
0 0
0 0
0 0
0 0
0 0
0 0
0 0
0 0
0 0
0 0
0 0
0 0
0 0
0 0
0 0
0 0
0 0
0 0
0 0
0 0
0 0
0 0
0 0
0 0
0 0
0 0
0 0
0 0
0 0
0 0
0 0
0 0
0 0
0 0
0 0
0 0
0 0
0 0
0 0
0 0
0 0
0 0
0 0
0 0
0 0
0 0
0 0
0 0
0 0
0 0
0 0
0 0
0 0
0 0
0 0
0 0
0 0
0 0
0 0
0 0
0 0
0 0
0 0
0 0
0 0
0 0
0 0
0 0
0 0
0 0
0 0
0 0
0 0
0 0
0 0
0 0
0 0
0 0
0 0
0 0
0 0
0 0
0 0
0 0
0 0
0 0
0 0
0 0
0 0
0 0
0 0
0 0
0 0
0 0
0 0
0 0
0 0
0 0
0 0
0 0
0 0
0 0
0 0
0 0
0 0
0 0
0 0
0 0
0 0
0 0
0 0
0 0
0 0
0 0
0 0
0 0
0 0
0 0
0 0
0 0
0 0
0 0
0 0
0 0
0 0
0 0
0 0
0 0
0 0
0 0
0 0
0 0
0 0
0 0
0 0
0 0
0 0
0 0
0 0
0 0
0 0
0 0
0 0
0 0
0 0
0.230915 0
-0.0689219 0
8.99483e-07 0
0.0689217 0
-0.230915 0
1.56593e-07 0
-6.9945e-08 0
0.180629 0
-0.0749813 0
0.0252311 0
0.00628003 0
-0.198935 0
0.0725242 0
0.0160552 0
-0.00666685 0
0.239095 0
-0.0664605 0
-0.0331897 0
0.00415575 0
-0.233444 0
0.0677014 0
-0.00663222 0
0.00855502 0
0.164734 0
-0.0738358 0
0.0370522 0
0.00992501 0
-0.207735 0
0.0698021 0
0.0198047 0
-0.0164611 0
0.148202 0
-0.0655509 0
-0.0219879 0
0.0205392 0
-0.110191 0
0.0509988 0
0.070515 0
-0.0303462 0
0.164008 0
-0.0149091 0
-0.115086 0
-0.0252317 0
0.0749816 0
-0.18063 0
-0.00627983 0
-1.13859e-06 0
8.93932e-08 0
-0.0207035 0
0.0133399 0
-0.0178361 0
-0.0119516 0
0.0435609 0
-0.0075002 0
0.0138826 0
-0.00707051 0
0.107776 0
-0.0107728 0
-0.0987535 0
0.0202421 0
0.0368486 0
-0.0160549 0
-0.0725246 0
0.198938 0
0.00666631 0
0.0207044 0
-0.0133398 0
-3.14037e-07 0
8.87803e-09 0
0.00880654 0
0.00939802 0
-0.0357884 0
0.00835577 0
-0.101178 0
0.023215 0
0.0223321 0
-0.0206794 0
0.00239631 0
0.0331883 0
0.0664611 0
-0.239097 0
-0.00415534 0
0.0178357 0
0.0119513 0
-0.00880626 0
-0.00939779 0
2.12245e-07 0
-2.79695e-07 0
0.112928 0
-0.0429296 0
0.0116287 0
0.0159294 0
0.0361374 0
0.0066334 0
-0.0677023 0
0.233445 0
-0.00855502 0
-0.0435598 0
0.00750026 0
0.035787 0
-0.00835564 0
-0.112927 0
0.0429299 0
-1.13965e-06 0
-3.07299e-08 0
-0.0949476 0
-0.0370517 0
0.0738366 0
-0.164736 0
-0.00992524 0
-0.0138825 0
0.00707065 0
0.101179 0
-0.0232154 0
-0.0116279 0
-0.0159295 0
0.0949488 0
-0.0198055 0
-0.0698027 0
0.207737 0
0.0164611 0
-0.107777 0
0.0107728 0
-0.0223321 0
0.0206798 0
-0.0361388 0
0.021988 0
0.0655515 0
-0.148204 0
-0.0205391 0
0.0987544 0
-0.0202426 0
-0.00239601 0
-0.0705152 0
-0.0509994 0
0.110191 0
0.0303466 0
-0.0368485 0
0.115087 0
0.0149092 0
-0.16401 0
0 0
0 0
0 0
0 0
0 0
0 0
0 0
0 0
0 0
0 0
0 0
0 0
0 0
0 0
0 0
0 0
0 0
0 0
0 0
0 0
0 0
0 0
0 0
0 0
0 0
0 0
0 0
0 0
0 0
0 0
0 0
0 0
0 0
0 0
0 0
0 0
0 0
0 0
0 0
0 0
0 0
0 0
0 0
0 0
0 0
0 0
0 0
0 0
0 0
0 0
0 0
0 0
0 0
0 0
0 0
0 0
0 0
0 0
0 0
0 0
0 0
0 0
0 0
0 0
0 0
0 0
0 0
0 0
0 0
0 0
0 0
0 0
0 0
0 0
0 0
0 0
0 0
0 0
0 0
0 0
0 0
0 0
0 0
0 0
0 0
0 0
0 0
0 0
0 0
0 0
0 0
0 0
0 0
0 0
0 0
0 0
0 0
0 0
0 0
0 0
0 0
0 0
0 0
0 0
0 0
0 0
0 0
0 0
0 0
0 0
0 0
0 0
0 0
0 0
0 0
0 0
0 0
0 0
0 0
0 0
0 0
0 0
0 0
0 0
0 0
0 0
0 0
0 0
0 0
0 0
0 0
0 0
0 0
0 0
0 0
0 0
0 0
0 0
0 0
0 0
0 0
-0.0652012 0
-0.0202439 0
0.165267 0
-0.0202444 0
-0.0651998 0
0.0401757 0
-0.0140004 0
-0.0620311 0
0.0300176 0
-0.0395054 0
0.00802417 0
0.148004 0
-0.0320175 0
0.0124794 0
-0.0307446 0
-0.0933024 0
0.0443365 0
-0.0648628 0
0.013997 0
0.086499 0
-0.0491769 0
0.0249078 0
0.00475945 0
-0.14112 0
0.0428839 0
0.0364206 0
0.000797033 0
0.135542 0
-0.0377569 0
-0.02431 0
-0.00529895 0
-0.122392 0
0.0372379 0
0.00258792 0
0.0197121 0
-0.156686 0
-0.0388991 0
0.00777772 0
0.0788917 0
-0.113219 0
-0.0468328 0
0.267233 0
-0.0395054 0
0.0300171 0
-0.0620298 0
0.00802423 0
-0.109422 0
0.0134088 0
0.0352449 0
0.00572113 0
-0.034338 0
-0.0087968 0
0.0405959 0
-0.006411 0
0.00323397 0
0.00450838 0
0.00241768 0
3.57698e-06 0
0.220639 0
-0.0883558 0
0.033629 0
0.0124795 0
-0.0320171 0
0.148002 0
-0.0307445 0
0.0352437 0
0.00572139 0
-0.0174771 0
-0.00727739 0
0.0192219 0
0.0103617 0
-0.0252732 0
0.00347282 0
-0.0187433 0
-0.00330715 0
-0.223067 0
0.0871943 0
0.00612216 0
-0.0648628 0
0.044336 0
-0.0933001 0
0.0139967 0
-0.0343375 0
-0.00879686 0
0.0192213 0
0.0103619 0
-0.0237718 0
-0.0153852 0
0.0340004 0
0.00125719 0
0.25141 0
-0.0816027 0
-0.0403238 0
0.0249068 0
-0.0491762 0
0.0864973 0
0.00475974 0
0.0405962 0
-0.00641132 0
-0.0252733 0
0.00347292 0
0.034001 0
0.00125688 0
-0.289067 0
0.0761421 0
0.0312043 0
0.0364214 0
0.0428831 0
-0.14112 0
0.000797233 0
0.0032346 0
0.00450828 0
-0.0187441 0
-0.00330693 0
0.25141 0
-0.0816024 0
0.0312029 0
-0.024309 0
-0.0377564 0
0.135541 0
-0.00529922 0
0.00241815 0
3.78939e-06 0
-0.223067 0
0.0871941 0
-0.0403234 0
0.00258697 0
0.0372375 0
-0.12239 0
0.0197119 0
0.220638 0
-0.0883556 0
0.00612265 0
0.00777778 0
-0.0388988 0
-0.156686 0
0.0788915 0
0.033629 0
0.267232 0
-0.0468329 0
-0.113218 0
-0.0581697 0
-0.263943 0
0.109736 0
-0.263943 0
-0.0581697 0
0.452633 0
0.195481 0
-0.0836835 0
0.128321 0
0.0421253 0
-0.0776644 0
0.0550007 0
-0.125998 0
-0.000712029 0
0.0418672 0
-0.0404397 0
0.164534 0
-0.0118401 0
-0.0853632 0
0.0617618 0
-0.147504 0
-0.00522315 0
0.0495041 0
-0.0580701 0
0.162862 0
-0.00468417 0
-0.0394786 0
0.0474664 0
-0.179316 0
0.00504588 0
0.0764152 0
-0.058326 0
0.139913 0
0.0120217 0
-0.0440226 0
0.0236395 0
-0.125289 0
-0.00443409 0
0.0976524 0
-0.037685 0
0.0261477 0
0.0301421 0
0.0421253 0
0.128321 0
-0.0836837 0
-0.0776635 0
0.0498025 0
0.00808572 0
-0.025908 0
0.025279 0
0.00247609 0
0.0528829 0
-0.0177409 0
-0.0501429 0
0.0217658 0
0.0264601 0
-0.0109883 0
-0.0706927 0
0.0484065 0
-0.0297445 0
-0.021308 0
-0.000711813 0
-0.125998 0
0.0550007 0
0.0418667 0
-0.0259077 0
0.0252786 0
0.0173739 0
-0.101391 0
0.00265411 0
0.0408596 0
0.00794182 0
-0.0136391 0
-0.0173481 0
0.0380625 0
-0.0185222 0
0.0865506 0
-0.0177035 0
-0.0118401 0
0.164534 0
-0.0404399 0
-0.0853627 0
0.00247589 0
0.0528834 0
0.00265419 0
0.0408588 0
-0.0196011 0
-0.02464 0
0.0125192 0
0.00219602 0
0.0263111 0
-0.117403 0
0.00950952 0
-0.00522316 0
-0.147505 0
0.0617621 0
0.0495033 0
-0.0177409 0
-0.0501427 0
0.00794191 0
-0.0136388 0
0.012519 0
0.00219641 0
-0.0393837 0
0.112553 0
0.00150251 0
-0.00468424 0
0.162863 0
-0.0580701 0
-0.0394785 0
0.0217657 0
0.0264601 0
-0.0173481 0
0.038062 0
0.0263112 0
-0.117404 0
0.00150259 0
0.00504572 0
-0.179316 0
0.0474666 0
0.076415 0
-0.0109883 0
-0.0706925 0
-0.0185222 0
0.0865512 0
0.0095094 0
0.0120218 0
0.139913 0
-0.0583261 0
-0.0440221 0
0.0484065 0
-0.0297451 0
-0.0177035 0
-0.00443401 0
-0.125289 0
0.0236394 0
0.0976524 0
-0.0213078 0
0.0301421 0
0.0261478 0
-0.037685 0
0 0
0 0
0 0
0 0
0 0
0 0
0 0
0 0
0 0
0 0
0 0
0 0
0 0
0 0
0 0
0 0
0 0
0 0
0 0
0 0
0 0
0 0
0 0
0 0
0 0
0 0
0 0
0 0
0 0
0 0
0 0
0 0
0 0
0 0
0 0
0 0
0 0
0 0
0 0
0 0
0 0
0 0
0 0
0 0
0 0
0 0
0 0
0 0
0 0
0 0
0 0
0 0
0 0
0 0
0 0
0 0
0 0
0 0
0 0
0 0
0 0
0 0
0 0
0 0
0 0
0 0
0 0
0 0
0 0
0 0
0 0
0 0
0 0
0 0
0 0
0 0
0 0
0 0
0 0
0 0
0 0
0 0
0 0
0 0
0 0
0 0
0 0
0 0
0 0
0 0
0 0
0 0
0 0
0 0
0 0
0 0
0 0
0 0
0 0
0 0
0 0
0 0
0 0
0 0
0 0
0 0
0 0
0 0
0 0
0 0
0 0
0 0
0 0
0 0
0 0
0 0
0 0
0 0
0 0
0 0
0 0
0 0
0 0
0 0
0 0
0 0
0 0
0 0
0 0
0 0
0 0
0 0
0 0
0 0
0 0
0 0
0 0
0 0
0 0
0 0
0 0
0.0030757 0
0.0132464 0
-0.023107 0
0.013247 0
0.00307552 0
-0.0232466 0
0.0436756 0
0.00495022 0
-0.0623914 0
0.0152288 0
0.00411821 0
0.0103106 0
0.059624 0
0.000846225 0
-0.094151 0
0.0128978 0
0.0437763 0
-0.031696 0
0.0116733 0
0.0306649 0
-0.0541256 0
0.00316699 0
-0.0488206 0
-0.0384972 0
0.101426 0
-0.0143941 0
0.0623005 0
0.00476695 0
-0.154321 0
0.0161832 0
0.077686 0
-0.0344465 0
0.0368483 0
0.0357582 0
-0.0125119 0
0.100388 0
0.0125859 0
-0.0149537 0
-0.305142 0
0.00589798 0
0.285721 0
-0.0904866 0
0.0152288 0
-0.0623909 0
0.00494953 0
0.00411977 0
-0.0164119 0
0.0404086 0
0.0030223 0
0.0449433 0
-0.0469056 0
0.0801566 0
0.0220575 0
-0.0964588 0
0.0156433 0
-0.0113552 0
0.00687954 0
-0.0865318 0
-0.061947 0
0.284382 0
0.0064985 0
0.000846744 0
0.0596218 0
0.0103109 0
-0.0941511 0
0.00302274 0
0.0449422 0
0.0327723 0
-0.18602 0
0.00512601 0
0.0910531 0
-0.0139498 0
0.0457746 0
-0.0196171 0
0.0232677 0
0.0788531 0
-0.166885 0
-0.0365313 0
-0.031696 0
0.0437785 0
0.0128972 0
0.0116731 0
-0.0469057 0
0.0801584 0
0.00512629 0
0.0910504 0
-0.0119337 0
-0.147262 0
0.0227726 0
0.0356792 0
-0.065256 0
0.13288 0
0.0104565 0
0.00316684 0
-0.0541275 0
0.0306658 0
-0.0488211 0
0.0220569 0
-0.0964585 0
-0.0139494 0
0.045776 0
0.0227725 0
0.0356781 0
0.0332205 0
-0.170253 0
0.0115491 0
-0.0143941 0
0.101429 0
-0.0384974 0
0.0622994 0
0.0156435 0
-0.0113549 0
-0.0196176 0
0.0232677 0
-0.0652556 0
0.13288 0
0.0115491 0
0.0161826 0
-0.154322 0
0.00476726 0
0.0776864 0
0.00687986 0
-0.0865335 0
0.0788533 0
-0.166884 0
0.0104561 0
0.0357585 0
0.0368475 0
-0.0344472 0
-0.0125094 0
-0.061947 0
0.284381 0
-0.0365315 0
-0.014953 0
0.0125842 0
0.100388 0
-0.305142 0
0.00649896 0
-0.0904866 0
0.285723 0
0.00589769 0
0 0
0 0
0 0
0 0
0 0
0 0
0 0
0 0
0 0
0 0
0 0
0 0
0 0
0 0
0 0
0 0
0 0
0 0
0 0
0 0
0 0
0 0
0 0
0 0
0 0
0 0
0 0
0 0
0 0
0 0
0 0
0 0
0 0
0 0
0 0
0 0
0 0
0 0
0 0
0 0
0 0
0 0
0 0
0 0
0 0
0 0
0 0
0 0
0 0
0 0
0 0
0 0
0 0
0 0
0 0
0 0
0 0
0 0
0 0
0 0
0 0
0 0
0 0
0 0
0 0
0 0
0 0
0 0
0 0
0 0
0 0
0 0
0 0
0 0
0 0
0 0
0 0
0 0
0 0
0 0
0 0
0 0
0 0
0 0
0 0
0 0
0 0
0 0
0 0
0 0
0 0
0 0
0 0
0 0
0 0
0 0
0 0
0 0
0 0
0 0
0 0
0 0
0 0
0 0
0 0
0 0
0 0
0 0
0 0
0 0
0 0
0 0
0 0
0 0
0 0
0 0
0 0
0 0
0 0
0 0
0 0
0 0
0 0
0 0
0 0
0 0
0 0
0 0
0 0
0 0
0 0
0 0
0 0
0 0
0 0
0 0
0 0
0 0
0 0
0 0
0 0
-0.0172374 0
0.0561457 0
3.76869e-07 0
-0.0561464 0
0.0172372 0
6.04808e-07 0
-4.7013e-07 0
0.0456592 0
0.0449964 0
0.00344883 0
-0.179908 0
0.00568696 0
0.166435 0
-0.0645362 0
-0.00333246 0
0.040864 0
-0.168187 0
0.000536263 0
0.0486617 0
-0.0661724 0
0.103875 0
0.0196446 0
0.0448124 0
-0.0144025 0
-0.132226 0
0.0086121 0
0.130487 0
-0.00687346 0
-0.0459802 0
0.0544241 0
-0.0637968 0
0.00638136 0
0.145975 0
-0.0303836 0
-0.101116 0
0.0609539 0
-0.0436425 0
-0.0309005 0
-0.0408324 0
-0.013143 0
0.0841857 0
-0.0122762 0
-0.00344918 0
-0.0449946 0
-0.0456594 0
0.179908 0
1.37698e-07 0
-2.02342e-07 0
-0.0456029 0
0.136369 0
0.0110867 0
-0.217424 0
0.0672536 0
-0.0263446 0
-0.0173752 0
-0.0534881 0
0.0195914 0
0.0596414 0
-0.0344597 0
0.144777 0
-0.0324783 0
0.0645362 0
-0.166436 0
-0.00568697 0
0.00333444 0
0.0456028 0
-0.136371 0
-3.24823e-07 0
2.27515e-06 0
-0.0235642 0
0.285644 0
-0.0432365 0
-0.133923 0
0.0117864 0
0.152682 0
-0.00187697 0
-0.206834 0
0.0192591 0
-0.000535565 0
0.168187 0
-0.0408645 0
-0.0486617 0
-0.0110856 0
0.217422 0
0.023564 0
-0.285646 0
2.30364e-07 0
1.45624e-06 0
0.0638196 0
-0.0508796 0
-0.0503112 0
0.046389 0
0.0492483 0
-0.0196446 0
-0.103874 0
0.0661718 0
-0.0448113 0
-0.0672541 0
0.0263465 0
0.0432368 0
0.133923 0
-0.0638201 0
0.0508789 0
4.0211e-07 0
-4.95939e-07 0
-0.0143091 0
-0.00861171 0
0.132224 0
0.0144031 0
-0.130488 0
0.0173748 0
0.0534882 0
-0.0117859 0
-0.152683 0
0.0503111 0
-0.0463872 0
0.0143089 0
-0.0544244 0
0.0459833 0
0.00687342 0
0.0637949 0
-0.0195916 0
-0.0596392 0
0.0018768 0
0.206834 0
-0.0492486 0
0.0303828 0
-0.145976 0
-0.00638058 0
0.101116 0
0.0344594 0
-0.144779 0
-0.0192584 0
0.0309006 0
0.0436426 0
-0.0609544 0
0.0408337 0
0.0324784 0
0.0122765 0
-0.0841869 0
0.0131429 0
0 0
0 0
0 0
0 0
0 0
0 0
0 0
0 0
0 0
0 0
0 0
0 0
0 0
0 0
0 0
0 0
0 0
0 0
0 0
0 0
0 0
0 0
0 0
0 0
0 0
0 0
0 0
0 0
0 0
0 0
0 0
0 0
0 0
0 0
0 0
0 0
0 0
0 0
0 0
0 0
0 0
0 0
0 0
0 0
0 0
0 0
0 0
0 0
0 0
0 0
0 0
0 0
0 0
0 0
0 0
0 0
0 0
0 0
0 0
0 0
0 0
0 0
0 0
0 0
0 0
0 0
0 0
0 0
0 0
0 0
0 0
0 0
0 0
0 0
0 0
0 0
0 0
0 0
0 0
0 0
0 0
0 0
0 0
0 0
0 0
0 0
0 0
0 0
0 0
0 0
0 0
0 0
0 0
0 0
0 0
0 0
0 0
0 0
0 0
0 0
0 0
0 0
0 0
0 0
0 0
0 0
0 0
0 0
0 0
0 0
0 0
0 0
0 0
0 0
0 0
0 0
0 0
0 0
0 0
0 0
0 0
0 0
0 0
0 0
0 0
0 0
0 0
0 0
0 0
0 0
0 0
0 0
0 0
0 0
0 0
0 0
0 0
0 0
0 0
0 0
0 0
-0.0282281 0
-0.114693 0
0.0960197 0
-0.114693 0
-0.0282281 0
0.206712 0
-0.063015 0
-0.0382143 0
0.19634 0
-0.0252341 0
-0.0203102 0
0.0220454 0
-0.181958 0
-0.00438624 0
0.137063 0
-0.0536792 0
0.0296407 0
0.0465694 0
-0.00517612 0
-0.00989576 0
-0.0174323 0
-0.00372615 0
0.052147 0
0.0186102 0
-0.0485614 0
0.0200306 0
-0.0592916 0
0.0196716 0
0.11624 0
-0.0206524 0
-0.116271 0
0.0236845 0
0.0244766 0
-0.0427227 0
0.0214454 0
0.0396479 0
-0.0568516 0
0.00976824 0
-0.0854169 0
-0.017488 0
0.143149 0
-0.0261094 0
-0.0252341 0
0.19634 0
-0.0382139 0
-0.0203115 0
0.0220187 0
-0.0248314 0
-0.00771832 0
-0.0896948 0
0.0651013 0
-0.0955136 0
-0.0243525 0
0.115472 0
-0.020564 0
0.00382406 0
-0.00824253 0
0.136721 0
-0.070361 0
0.0529444 0
0.010138 0
-0.00438675 0
-0.181957 0
0.0220453 0
0.137063 0
-0.00771863 0
-0.0896936 0
-0.0344453 0
0.280724 0
-0.0164357 0
-0.137583 0
0.0155013 0
-0.0228797 0
0.0277954 0
-0.0629177 0
0.0398589 0
-0.190479 0
0.0426484 0
0.0465694 0
0.029639 0
-0.0536788 0
-0.00517536 0
0.0651013 0
-0.0955156 0
-0.0164359 0
-0.137581 0
0.0334699 0
0.177161 0
-0.0377067 0
-0.0449957 0
-0.0508406 0
0.257798 0
-0.0206469 0
-0.00372597 0
-0.0174312 0
-0.00989642 0
0.052147 0
-0.0243517 0
0.115472 0
0.0155009 0
-0.022881 0
-0.037706 0
-0.0449965 0
0.100612 0
-0.21038 0
-0.0146147 0
0.0200307 0
-0.0485627 0
0.0186101 0
-0.0592899 0
-0.0205643 0
0.00382356 0
0.0277954 0
-0.0629159 0
-0.0508412 0
0.257798 0
-0.0146148 0
-0.0206518 0
0.116239 0
0.0196716 0
-0.116272 0
-0.00824211 0
0.136721 0
0.0398589 0
-0.190481 0
-0.0206464 0
-0.0427229 0
0.024478 0
0.0236844 0
0.0214452 0
-0.0703615 0
0.0529458 0
0.0426486 0
0.00976809 0
-0.0568525 0
0.0396486 0
-0.0854178 0
0.0101378 0
-0.0261096 0
0.14315 0
-0.0174882 0
0 0
0 0
0 0
0 0
0 0
0 0
0 0
0 0
0 0
0 0
0 0
0 0
0 0
0 0
0 0
0 0
0 0
0 0
0 0
0 0
0 0
0 0
0 0
0 0
0 0
0 0
0 0
0 0
0 0
0 0
0 0
0 0
0 0
0 0
0 0
0 0
0 0
0 0
0 0
0 0
0 0
0 0
0 0
0 0
0 0
0 0
0 0
0 0
0 0
0 0
0 0
0 0
0 0
0 0
0 0
0 0
0 0
0 0
0 0
0 0
0 0
0 0
0 0
0 0
0 0
0 0
0 0
0 0
0 0
0 0
0 0
0 0
0 0
0 0
0 0
0 0
0 0
0 0
0 0
0 0
0 0
0 0
0 0
0 0
0 0
0 0
0 0
0 0
0 0
0 0
0 0
0 0
0 0
0 0
0 0
0 0
0 0
0 0
0 0
0 0
0 0
0 0
0 0
0 0
0 0
0 0
0 0
0 0
0 0
0 0
0 0
0 0
0 0
0 0
0 0
0 0
0 0
0 0
0 0
0 0
0 0
0 0
0 0
0 0
0 0
0 0
0 0
0 0
0 0
0 0
0 0
0 0
0 0
0 0
0 0
0 0
0 0
0 0
0 0
0 0
0 0
0 0
0 0
0 0
0 0
0 0
0 0
0 0
0 0
0 0
0 0
0 0
0 0
0 0
0 0
0 0
0 0
0 0
0 0
0 0
0 0
0 0
0 0
0 0
0 0
0 0
0 0
0 0
0 0
0 0
0 0
0 0
0 0
0 0
0 0
0 0
0 0
0 0
0 0
0 0
0 0
0 0
0 0
0 0
0 0
0 0
0 0
0 0
0 0
0 0
0 0
0 0
0 0
0 0
0 0
0 0
0 0
0 0
0 0
0 0
0 0
0 0
0 0
0 0
0 0
0 0
0 0
0 0
0 0
0 0
0 0
0 0
0 0
0 0
0 0
0 0
0 0
0 0
0 0
0 0
0 0
0 0
0 0
0 0
0 0
0 0
0 0
0 0
0 0
0 0
0 0
0 0
0 0
0 0
0 0
0 0
0 0
0 0
0 0
0 0
0 0
0 0
0 0
0 0
0 0
0 0
0 0
0 0
0 0
0 0
0 0
0 0
0 0
0 0
0 0
0 0
0 0
0 0
0 0
0 0
0 0
0 0
0 0
0 0
0 0
0 0
0 0
0 0
0 0
0 0
0 0
0 0
0 0
0 0
0 0
0 0
0 0
0 0
0 0
0 0
0 0
0 0
-0.0305934 0
0.0101551 0
1.22793e-06 0
-0.0101552 0
0.0305931 0
1.03476e-07 0
-3.50235e-07 0
0.165132 0
0.010141 0
5.18462e-05 0
-0.0784744 0
0.0662588 0
0.026328 0
-0.195536 0
0.0259022 0
-0.0196638 0
-0.0371273 0
0.0499579 0
0.0175557 0
-0.103201 0
0.0189804 0
0.0822699 0
0.00246657 0
-0.134216 0
-0.0116913 0
-0.036623 0
0.0588177 0
0.000585659 0
-0.0372357 0
0.206317 0
-0.0217799 0
0.0281045 0
0.0584831 0
-0.0936768 0
-0.0493012 0
0.162305 0
-0.0316447 0
-0.111902 0
0.0148403 0
-0.0978733 0
0.0154419 0
0.0466859 0
-5.37048e-05 0
-0.0101404 0
-0.165132 0
0.0784747 0
2.91229e-07 0
-4.13063e-07 0
-0.123054 0
0.0178794 0
0.0708026 0
-0.0598124 0
0.230083 0
-0.00791035 0
-0.0408983 0
-0.0358522 0
0.0358708 0
0.0450141 0
-0.0429569 0
0.0187783 0
-0.109267 0
0.195537 0
-0.0263287 0
-0.0662602 0
-0.0259013 0
0.123055 0
-0.0178798 0
-1.80831e-06 0
9.11926e-07 0
-0.12607 0
0.100587 0
-0.166081 0
-0.0395347 0
0.110078 0
0.0450475 0
-0.125437 0
-0.0395951 0
0.0963905 0
-0.0499548 0
0.0371273 0
0.0196618 0
-0.0175559 0
-0.0707986 0
0.0598116 0
0.12607 0
-0.100588 0
7.96206e-07 0
6.62837e-07 0
0.171064 0
-0.0185646 0
-0.116581 0
0.0153671 0
0.146912 0
-0.082271 0
-0.0189802 0
0.103199 0
-0.00246614 0
-0.230084 0
0.00791096 0
0.166083 0
0.0395345 0
-0.171067 0
0.0185645 0
6.58471e-07 0
-9.54021e-08 0
-0.0763622 0
0.0366248 0
0.0116907 0
0.134217 0
-0.0588177 0
0.0408956 0
0.0358526 0
-0.110076 0
-0.0450481 0
0.116582 0
-0.0153669 0
0.0763618 0
-0.206318 0
0.0372366 0
-0.000583635 0
0.0217785 0
-0.0358709 0
-0.0450132 0
0.125436 0
0.0395952 0
-0.146914 0
0.0936732 0
-0.058483 0
-0.0281022 0
0.0493016 0
0.0429554 0
-0.0187791 0
-0.0963875 0
0.111904 0
0.0316443 0
-0.162307 0
-0.0148398 0
0.109268 0
-0.0466842 0
-0.0154422 0
0.0978724 0
0 0
0 0
0 0
0 0
0 0
0 0
0 0
0 0
0 0
0 0
0 0
0 0
0 0
0 0
0 0
0 0
0 0
0 0
0 0
0 0
0 0
0 0
0 0
0 0
0 0
0 0
0 0
0 0
0 0
0 0
0 0
0 0
0 0
0 0
0 0
0 0
0 0
0 0
0 0
0 0
0 0
0 0
0 0
0 0
0 0
0 0
0 0
0 0
0 0
0 0
0 0
0 0
0 0
0 0
0 0
0 0
0 0
0 0
0 0
0 0
0 0
0 0
0 0
0 0
0 0
0 0
0 0
0 0
0 0
0 0
0 0
0 0
0 0
0 0
0 0
0 0
0 0
0 0
0 0
0 0
0 0
0 0
0 0
0 0
0 0
0 0
0 0
0 0
0 0
0 0
0 0
0 0
0 0
0 0
0 0
0 0
0 0
0 0
0 0
0 0
0 0
0 0
0 0
0 0
0 0
0 0
0 0
0 0
0 0
0 0
0 0
0 0
0 0
0 0
0 0
0 0
0 0
0 0
0 0
0 0
0 0
0 0
0 0
0 0
0 0
0 0
0 0
0 0
0 0
0 0
0 0
0 0
0 0
0 0
0 0
0 0
0 0
0 0
0 0
0 0
0 0
-0.0558128 0
-0.0152749 0
0.249124 0
-0.0152746 0
-0.0558139 0
0.0340663 0
-0.0593072 0
-0.0363682 0
0.0562356 0
-0.147143 0
0.0182937 0
-0.0215632 0
-0.0590903 0
0.0149264 0
0.0494398 0
-0.178061 0
0.0182347 0
0.184941 0
-0.00950512 0
-0.0202495 0
-0.00420822 0
-0.0622512 0
0.0214623 0
0.000135426 0
-0.0152076 0
0.0952811 0
-0.00630537 0
0.15617 0
0.0271074 0
-0.0491955 0
-0.0743314 0
0.105987 0
0.0167801 0
-0.189531 0
0.00953884 0
0.0100732 0
-0.0247394 0
0.0325425 0
0.01105 0
-0.0765179 0
0.0129878 0
0.0334041 0
-0.147143 0
0.0562359 0
-0.0363659 0
0.0182925 0
0.00390354 0
-0.037758 0
0.0534515 0
-0.0309526 0
0.226544 0
-0.0386158 0
-0.043798 0
0.0297833 0
-0.137565 0
0.027814 0
-0.0414679 0
0.0613009 0
-0.144635 0
-0.0213623 0
0.0330081 0
0.0149233 0
-0.05909 0
-0.0215619 0
0.0494401 0
0.0534492 0
-0.0309522 0
-0.189388 0
0.112909 0
-0.0696988 0
-0.0514192 0
0.0942328 0
-0.00896318 0
0.0974038 0
-0.046159 0
0.00533933 0
-0.0173154 0
0.175245 0
0.184942 0
0.0182341 0
-0.178061 0
-0.00950484 0
0.226545 0
-0.0386167 0
-0.069701 0
-0.0514175 0
0.125055 0
0.0708782 0
-0.165508 0
-0.00491859 0
0.0326719 0
0.0391941 0
-0.128958 0
-0.0622502 0
-0.00420784 0
-0.0202514 0
0.0214623 0
-0.0437942 0
0.029783 0
0.0942302 0
-0.00896367 0
-0.165505 0
-0.00491887 0
0.147295 0
-0.0348064 0
-0.0213014 0
0.0952808 0
-0.0152079 0
0.000133289 0
-0.00630431 0
-0.137566 0
0.0278134 0
0.0974054 0
-0.0461584 0
0.0326701 0
0.0391944 0
-0.021303 0
-0.0491921 0
0.0271069 0
0.156169 0
-0.0743318 0
-0.0414673 0
0.0613017 0
0.00533776 0
-0.0173161 0
-0.128956 0
-0.189532 0
0.0167808 0
0.105988 0
0.00953802 0
-0.144636 0
-0.0213617 0
0.175246 0
0.0325406 0
-0.0247396 0
0.0100756 0
0.0110501 0
0.0330062 0
0.0334042 0
0.0129879 0
-0.0765185 0
0 0
0 0
0 0
0 0
0 0
0 0
0 0
0 0
0 0
0 0
0 0
0 0
0 0
0 0
0 0
0 0
0 0
0 0
0 0
0 0
0 0
0 0
0 0
0 0
0 0
0 0
0 0
0 0
0 0
0 0
0 0
0 0
0 0
0 0
0 0
0 0
0 0
0 0
0 0
0 0
0 0
0 0
0 0
0 0
0 0
0 0
0 0
0 0
0 0
0 0
0 0
0 0
0 0
0 0
0 0
0 0
0 0
0 0
0 0
0 0
0 0
0 0
0 0
0 0
0 0
0 0
0 0
0 0
0 0
0 0
0 0
0 0
0 0
0 0
0 0
0 0
0 0
0 0
0 0
0 0
0 0
0 0
0 0
0 0
0 0
0 0
0 0
0 0
0 0
0 0
0 0
0 0
0 0
0 0
0 0
0 0
0 0
0 0
0 0
0 0
0 0
0 0
0 0
0 0
0 0
0 0
0 0
0 0
0 0
0 0
0 0
0 0
0 0
0 0
0 0
0 0
0 0
0 0
0 0
0 0
0 0
0 0
0 0
0 0
0 0
0 0
0 0
0 0
0 0
0 0
0 0
0 0
0 0
0 0
0 0
0 0
0 0
0 0
0 0
0 0
0 0
0.119092 0
-0.0450489 0
-8.0048e-07 0
0.0450489 0
-0.119092 0
-4.20427e-08 0
3.20766e-07 0
-0.00180277 0
-0.0389885 0
-0.0189411 0
0.0398177 0
-0.11745 0
0.00656729 0
0.139246 0
0.00557637 0
-0.130304 0
0.00442751 0
-0.0418858 0
0.0379824 0
-0.0454299 0
-0.0467481 0
0.158561 0
0.0280396 0
-0.128417 0
0.039194 0
0.0307882 0
-0.0138345 0
0.0646035 0
-0.0326387 0
-0.0231253 0
0.0216429 0
0.0428071 0
0.0164464 0
0.0592815 0
-0.0592612 0
0.105334 0
0.0272678 0
-0.152759 0
-0.0157879 0
0.0795686 0
-0.0125169 0
-0.0374972 0
0.0189426 0
0.038988 0
0.0018026 0
-0.0398178 0
9.48096e-07 0
-2.19195e-07 0
0.231035 0
-0.0984784 0
0.0613358 0
0.0365366 0
0.089182 0
-0.0940015 0
0.105505 0
0.0641107 0
-0.172568 0
-0.0170563 0
0.0318459 0
0.0640992 0
-0.136472 0
-0.139246 0
-0.00656683 0
0.117448 0
-0.00557601 0
-0.231035 0
0.0984788 0
-2.25312e-07 0
-3.21836e-07 0
-0.258997 0
0.0592304 0
0.0842221 0
0.0039204 0
-0.123757 0
-0.0281882 0
0.191727 0
-0.0407739 0
-0.0889295 0
0.0418857 0
-0.00442797 0
0.130304 0
-0.0379826 0
-0.0613362 0
-0.0365367 0
0.258998 0
-0.0592302 0
-1.37411e-06 0
2.57694e-07 0
0.0279435 0
-0.0147056 0
0.0158971 0
0.0364507 0
0.0204657 0
-0.15856 0
0.0467483 0
0.0454301 0
-0.0280398 0
-0.0891824 0
0.0940019 0
-0.0842209 0
-0.00392148 0
-0.0279429 0
0.014706 0
-3.3953e-07 0
-2.29572e-07 0
-0.147235 0
-0.0307899 0
-0.0391938 0
0.128417 0
0.0138342 0
-0.105507 0
-0.06411 0
0.123758 0
0.0281881 0
-0.015898 0
-0.0364505 0
0.147237 0
0.0231256 0
0.0326384 0
-0.0646015 0
-0.0216432 0
0.172567 0
0.0170566 0
-0.191727 0
0.0407738 0
-0.0204662 0
-0.0592829 0
-0.0164458 0
-0.042807 0
0.0592607 0
-0.0318453 0
-0.0640993 0
0.0889302 0
0.152759 0
-0.0272682 0
-0.105333 0
0.0157884 0
0.136471 0
0.0374987 0
0.0125168 0
-0.0795697 0
0.00144216 0
0.00410169 0
-0.0366345 0
0.00410079 0
0.00144244 0
-0.00887766 0
0.105255 0
-0.000771249 0
-0.11409 0
0.0334579 0
0.0111558 0
0.0389807 0
0.0719834 0
0.0126425 0
-0.200455 0
0.0245479 0
0.196354 0
-0.0807619 0
-0.0710384 0
-0.021944 0
-0.110678 0
-0.0257422 0
0.248356 0
-0.0396225 0
-0.204256 0
0.0941096 0
0.076555 0
-0.0173392 0
0.0985399 0
0.0317576 0
-0.121907 0
0.0332249 0
0.0907256 0
-0.0565727 0
-0.069227 0
0.0253016 0
-0.0378326 0
-0.0157133 0
0.0286446 0
-0.0119349 0
0.0113736 0
0.0078817 0
0.0334578 0
-0.114091 0
-0.000771886 0
0.0111583 0
-0.0420006 0
0.104713 0
0.0044103 0
0.0826359 0
0.0220242 0
-0.077147 0
-0.0257796 0
-0.0935419 0
0.0301186 0
-0.0724584 0
0.0272462 0
0.112716 0
-0.0322508 0
0.0549466 0
-0.0256819 0
0.0126435 0
0.0719806 0
0.0389805 0
-0.200454 0
0.00440959 0
0.0826371 0
-0.0518486 0
-0.0100522 0
0.0273905 0
0.00640861 0
0.0243364 0
0.0152388 0
-0.0344519 0
0.160609 0
-0.0327777 0
-0.17568 0
0.0368465 0
-0.0807616 0
0.196356 0
0.0245486 0
-0.0710431 0
0.0220245 0
-0.0771445 0
0.0273895 0
0.00640917 0
-0.0535744 0
0.146829 0
0.00560283 0
-0.178596 0
0.015988 0
-0.0299756 0
0.062088 0
-0.0257439 0
-0.110674 0
-0.0219434 0
0.248355 0
-0.0257797 0
-0.0935428 0
0.0243372 0
0.0152367 0
0.00560232 0
-0.178593 0
0.0355488 0
0.249218 0
-0.0665113 0
0.094109 0
-0.204258 0
-0.0396226 0
0.0765587 0
0.0301181 0
-0.0724597 0
-0.0344516 0
0.160612 0
0.0159874 0
-0.0299798 0
-0.06651 0
0.0317592 0
0.0985366 0
-0.0173399 0
-0.121906 0
0.0272468 0
0.112714 0
-0.0327782 0
-0.175679 0
0.062089 0
-0.0565722 0
0.0907272 0
0.0332244 0
-0.0692286 0
-0.0322502 0
0.0549486 0
0.0368456 0
-0.0157139 0
-0.0378321 0
0.0253021 0
0.0286441 0
-0.0256823 0
0.00788155 0
0.0113736 0
-0.0119348 0
0 0
0 0
0 0
0 0
0 0
0 0
0 0
0 0
0 0
0 0
0 0
0 0
0 0
0 0
0 0
0 0
0 0
0 0
0 0
0 0
0 0
0 0
0 0
0 0
0 0
0 0
0 0
0 0
0 0
0 0
0 0
0 0
0 0
0 0
0 0
0 0
0 0
0 0
0 0
0 0
0 0
0 0
0 0
0 0
0 0
0 0
0 0
0 0
0 0
0 0
0 0
0 0
0 0
0 0
0 0
0 0
0 0
0 0
0 0
0 0
0 0
0 0
0 0
0 0
0 0
0 0
0 0
0 0
0 0
0 0
0 0
0 0
0 0
0 0
0 0
0 0
0 0
0 0
0 0
0 0
0 0
0 0
0 0
0 0
0 0
0 0
0 0
0 0
0 0
0 0
0 0
0 0
0 0
0 0
0 0
0 0
0 0
0 0
0 0
0 0
0 0
0 0
0 0
0 0
0 0
0 0
0 0
0 0
0 0
0 0
0 0
0 0
0 0
0 0
0 0
0 0
0 0
0 0
0 0
0 0
0 0
0 0
0 0
0 0
0 0
0 0
0 0
0 0
0 0
0 0
0 0
0 0
0 0
0 0
0 0
0 0
0 0
0 0
0 0
0 0
0 0
-0.0225055 0
0.0745381 0
3.19609e-07 0
-0.0745382 0
0.0225055 0
1.01489e-07 0
-8.96563e-07 0
0.0346952 0
0.0448228 0
0.00903828 0
-0.149238 0
0.0160691 0
0.160217 0
-0.0615565 0
-0.0593455 0
-0.0292718 0
-0.0956864 0
-0.0194199 0
0.24464 0
-0.0345162 0
-0.199426 0
0.0886612 0
0.0596154 0
0.00886943 0
0.100469 0
0.029568 0
-0.187095 0
0.0325249 0
0.168833 0
-0.0808918 0
-0.081518 0
0.0235964 0
-0.0888243 0
-0.0239129 0
0.0990242 0
-0.0325413 0
-0.0410794 0
0.0385877 0
0.0429183 0
-0.0120973 0
-0.00235179 0
0.0129362 0
-0.00903886 0
-0.0448208 0
-0.0346952 0
0.149238 0
3.37377e-07 0
-7.71962e-07 0
0.0333355 0
-0.039728 0
-0.0211051 0
-0.142092 0
0.00466089 0
0.0684328 0
0.0242691 0
0.0465811 0
-0.0272531 0
0.116615 0
-0.0286726 0
-0.128116 0
0.0261727 0
0.0615563 0
-0.160218 0
-0.0160697 0
0.0593489 0
-0.0333356 0
0.0397264 0
5.34453e-07 0
3.51538e-08 0
0.0600221 0
-0.034968 0
-0.0499303 0
0.114055 0
-0.0117611 0
-0.125338 0
0.0167987 0
-0.0413264 0
0.0517068 0
0.0194213 0
0.0956831 0
0.0292713 0
-0.244639 0
0.0211046 0
0.142093 0
-0.0600226 0
0.0349679 0
5.60575e-07 0
-1.49875e-06 0
0.0278788 0
-0.196309 0
0.0349916 0
0.216663 0
-0.0529296 0
-0.0886607 0
0.199428 0
0.0345167 0
-0.0596201 0
-0.00466039 0
-0.0684312 0
0.0499298 0
-0.114055 0
-0.0278789 0
0.196312 0
-3.16008e-07 0
-2.30885e-06 0
-0.0657217 0
-0.0295698 0
-0.100465 0
-0.00886875 0
0.187094 0
-0.0242695 0
-0.0465801 0
0.0117617 0
0.125335 0
-0.0349919 0
-0.216663 0
0.0657229 0
0.0808912 0
-0.168835 0
-0.0325247 0
0.0815204 0
0.0272526 0
-0.116617 0
-0.016798 0
0.0413295 0
0.0529284 0
0.023914 0
0.0888224 0
-0.023597 0
-0.0990229 0
0.0286731 0
0.128115 0
-0.0517075 0
-0.0385874 0
0.0410803 0
0.0325409 0
-0.0429191 0
-0.0261722 0
-0.0129364 0
0.0023517 0
0.0120976 0
0 0
0 0
0 0
0 0
0 0
0 0
0 0
0 0
0 0
0 0
0 0
0 0
0 0
0 0
0 0
0 0
0 0
0 0
0 0
0 0
0 0
0 0
0 0
0 0
0 0
0 0
0 0
0 0
0 0
0 0
0 0
0 0
0 0
0 0
0 0
0 0
0 0
0 0
0 0
0 0
0 0
0 0
0 0
0 0
0 0
0 0
0 0
0 0
0 0
0 0
0 0
0 0
0 0
0 0
0 0
0 0
0 0
0 0
0 0
0 0
0 0
0 0
0 0
0 0
0 0
0 0
0 0
0 0
0 0
0 0
0 0
0 0
0 0
0 0
0 0
0 0
0 0
0 0
0 0
0 0
0 0
0 0
0 0
0 0
0 0
0 0
0 0
0 0
0 0
0 0
0 0
0 0
0 0
0 0
0 0
0 0
0 0
0 0
0 0
0 0
0 0
0 0
0 0
0 0
0 0
0 0
0 0
0 0
0 0
0 0
0 0
0 0
0 0
0 0
0 0
0 0
0 0
0 0
0 0
0 0
0 0
0 0
0 0
0 0
0 0
0 0
0 0
0 0
0 0
0 0
0 0
0 0
0 0
0 0
0 0
0 0
0 0
0 0
0 0
0 0
0 0
0.00176137 0
0.004841 0
-0.0633141 0
0.0048394 0
0.00176186 0
-0.0106827 0
0.186714 0
-0.00266049 0
-0.200671 0
0.0594821 0
0.0219764 0
-0.0775493 0
0.121 0
0.0238861 0
0.0907942 0
0.0401829 0
-0.134617 0
0.00409227 0
-0.0793708 0
-0.0151462 0
0.0927216 0
0.0125694 0
0.0327187 0
0.0292894 0
0.0304979 0
-0.0367673 0
-0.152549 0
0.0600498 0
-0.0120013 0
-0.00554836 0
-0.0199442 0
-0.0154863 0
0.177206 0
-0.0493088 0
-0.110385 0
0.0374296 0
-0.135527 0
-0.012364 0
0.129727 0
-0.0407705 0
0.0071764 0
0.038178 0
0.0594819 0
-0.200672 0
-0.00266025 0
0.0219766 0
0.0726342 0
-0.263984 0
0.00615115 0
0.15488 0
0.00286747 0
-0.0840576 0
-0.02581 0
0.129223 0
-0.0351052 0
0.127752 0
-0.0374097 0
0.00448126 0
0.0204929 0
0.0432553 0
-0.0530661 0
0.0238865 0
0.120999 0
-0.0775496 0
0.0907954 0
0.00615183 0
0.154877 0
-0.0574067 0
-0.137617 0
0.0491049 0
0.0765954 0
0.0206711 0
-0.266986 0
0.0314936 0
0.0445689 0
0.0153927 0
-0.0949806 0
0.0157626 0
0.00409232 0
-0.134616 0
0.0401821 0
-0.0793699 0
0.00286779 0
-0.0840563 0
0.0491037 0
0.0765976 0
-0.0922315 0
0.122098 0
0.0282015 0
0.0615525 0
-0.0613234 0
0.0781439 0
0.00507559 0
0.01257 0
0.0927192 0
-0.015146 0
0.0327198 0
-0.0258095 0
0.12922 0
0.0206716 0
-0.266986 0
0.0282013 0
0.0615531 0
0.0131286 0
-0.163045 0
0.0257182 0
-0.036767 0
0.0304996 0
0.0292884 0
-0.152549 0
-0.035105 0
0.127755 0
0.0314933 0
0.0445671 0
-0.0613234 0
0.0781452 0
0.0257178 0
-0.00554831 0
-0.0120031 0
0.0600505 0
-0.0199448 0
-0.0374104 0
0.00448107 0
0.0153937 0
-0.0949816 0
0.0050755 0
-0.0493088 0
0.177208 0
-0.0154861 0
-0.110387 0
0.0204928 0
0.0432579 0
0.0157621 0
-0.0123649 0
-0.135525 0
0.0374302 0
0.129726 0
-0.0530665 0
0.0381775 0
0.0071764 0
-0.04077 0
0 0
0 0
0 0
0 0
0 0
0 0
0 0
0 0
0 0
0 0
0 0
0 0
0 0
0 0
0 0
0 0
0 0
0 0
0 0
0 0
0 0
0 0
0 0
0 0
0 0
0 0
0 0
0 0
0 0
0 0
0 0
0 0
0 0
0 0
0 0
0 0
0 0
0 0
0 0
0 0
0 0
0 0
0 0
0 0
0 0
0 0
0 0
0 0
0 0
0 0
0 0
0 0
0 0
0 0
0 0
0 0
0 0
0 0
0 0
0 0
0 0
0 0
0 0
0 0
0 0
0 0
0 0
0 0
0 0
0 0
0 0
0 0
0 0
0 0
0 0
0 0
0 0
0 0
0 0
0 0
0 0
0 0
0 0
0 0
0 0
0 0
0 0
0 0
0 0
0 0
0 0
0 0
0 0
0 0
0 0
0 0
0 0
0 0
0 0
0 0
0 0
0 0
0 0
0 0
0 0
0 0
0 0
0 0
0 0
0 0
0 0
0 0
0 0
0 0
0 0
0 0
0 0
0 0
0 0
0 0
0 0
0 0
0 0
0 0
0 0
0 0
0 0
0 0
0 0
0 0
0 0
0 0
0 0
0 0
0 0
0 0
0 0
0 0
0 0
0 0
0 0
-0.0524395 0
0.173979 0
3.6116e-07 0
-0.173979 0
0.0524394 0
1.48232e-07 0
-9.87639e-07 0
-0.0321223 0
0.100928 0
0.0221807 0
-0.0040711 0
0.0335308 0
0.0017308 0
-0.0307673 0
-0.0987764 0
0.0513359 0
0.00983481 0
-0.00347461 0
-0.0685042 0
0.000436551 0
0.163632 0
-0.0520256 0
-0.096456 0
0.0581079 0
-0.103176 0
-0.0180332 0
0.0223357 0
-0.0462169 0
0.0894599 0
0.00411284 0
0.0302528 0
-0.0203938 0
-0.1005 0
0.00329408 0
0.132002 0
-0.0392303 0
-0.10512 0
0.0609758 0
0.0949379 0
-0.0320947 0
0.0128702 0
0.0274304 0
-0.0221813 0
-0.100926 0
0.0321223 0
0.00407078 0
-4.87576e-07 0
1.79696e-06 0
-0.0507929 0
0.250023 0
-0.0276094 0
-0.0991799 0
-0.0240389 0
0.268204 0
-0.0198576 0
-0.231447 0
0.0557244 0
0.0338682 0
0.00872488 0
-0.192553 0
0.0299351 0
0.0307671 0
-0.00173229 0
-0.0335298 0
0.0987749 0
0.0507928 0
-0.250025 0
3.40004e-07 0
8.42633e-07 0
0.0826321 0
-0.14505 0
-0.0399405 0
-0.00492014 0
0.0387189 0
0.119939 0
-0.0760062 0
0.073076 0
0.0363962 0
0.00347438 0
-0.00983258 0
-0.0513364 0
0.068505 0
0.0276094 0
0.0991809 0
-0.0826327 0
0.145049 0
6.1601e-07 0
-8.28766e-07 0
0.00270835 0
-0.00308534 0
-0.0017026 0
-0.111736 0
0.0116503 0
0.0520253 0
-0.163633 0
-0.000436337 0
0.0964561 0
0.0240392 0
-0.268206 0
0.0399402 0
0.00492407 0
-0.00270872 0
0.00308416 0
-9.32262e-09 0
1.20227e-06 0
0.0338349 0
0.0180338 0
0.103175 0
-0.0581084 0
-0.0223336 0
0.0198582 0
0.231445 0
-0.0387193 0
-0.119939 0
0.00170338 0
0.111735 0
-0.0338353 0
-0.00411271 0
-0.0894597 0
0.046216 0
-0.0302523 0
-0.0557238 0
-0.0338681 0
0.076006 0
-0.0730752 0
-0.0116503 0
-0.00329339 0
0.100498 0
0.020394 0
-0.132001 0
-0.00872525 0
0.192553 0
-0.0363963 0
-0.0609755 0
0.105122 0
0.0392299 0
-0.0949396 0
-0.0299344 0
-0.0274309 0
-0.0128701 0
0.0320952 0
0 0
0 0
0 0
0 0
0 0
0 0
0 0
0 0
0 0
0 0
0 0
0 0
0 0
0 0
0 0
0 0
0 0
0 0
0 0
0 0
0 0
0 0
0 0
0 0
0 0
0 0
0 0
0 0
0 0
0 0
0 0
0 0
0 0
0 0
0 0
0 0
0 0
0 0
0 0
0 0
0 0
0 0
0 0
0 0
0 0
0 0
0 0
0 0
0 0
0 0
0 0
0 0
0 0
0 0
0 0
0 0
0 0
0 0
0 0
0 0
0 0
0 0
0 0
0 0
0 0
0 0
0 0
0 0
0 0
0 0
0 0
0 0
0 0
0 0
0 0
0 0
0 0
0 0
0 0
0 0
0 0
0 0
0 0
0 0
0 0
0 0
0 0
0 0
0 0
0 0
0 0
0 0
0 0
0 0
0 0
0 0
0 0
0 0
0 0
0 0
0 0
0 0
0 0
0 0
0 0
0 0
0 0
0 0
0 0
0 0
0 0
0 0
0 0
0 0
0 0
0 0
0 0
0 0
0 0
0 0
0 0
0 0
0 0
0 0
0 0
0 0
0 0
0 0
0 0
0 0
0 0
0 0
0 0
0 0
0 0
0 0
0 0
0 0
0 0
0 0
0 0
0 0
0 0
0 0
0 0
0 0
0 0
0 0
0 0
0 0
0 0
0 0
0 0
0 0
0 0
0 0
0 0
0 0
0 0
0 0
0 0
0 0
0 0
0 0
0 0
0 0
0 0
0 0
0 0
0 0
0 0
0 0
0 0
0 0
0 0
0 0
0 0
0 0
0 0
0 0
0 0
0 0
0 0
0 0
0 0
0 0
0 0
0 0
0 0
0 0
0 0
0 0
0 0
0 0
0 0
0 0
0 0
0 0
0 0
0 0
0 0
0 0
0 0
0 0
0 0
0 0
0 0
0 0
0 0
0 0
0 0
0 0
0 0
0 0
0 0
0 0
0 0
0 0
0 0
0 0
0 0
0 0
0 0
0 0
0 0
0 0
0 0
0 0
0 0
0 0
0 0
0 0
0 0
0 0
0 0
0 0
0 0
0 0
0 0
0 0
0 0
0 0
0 0
0 0
0 0
0 0
0 0
0 0
0 0
0 0
0 0
0 0
0 0
0 0
0 0
0 0
0 0
0 0
0 0
0 0
0 0
0 0
0 0
0 0
0 0
0 0
0 0
0 0
0 0
0 0
0 0
0 0
0 0
0 0
0 0
0 0
0 0
0 0
0 0
0 0
0 0
0 0
-0.0772049 0
-0.016551 0
-0.0168863 0
-0.0165514 0
-0.0772039 0
0.0464129 0
0.0400392 0
-0.0521017 0
-0.0310603 0
0.144946 0
0.015439 0
-0.0908616 0
0.0306199 0
0.0018247 0
-0.00508653 0
0.0578766 0
-0.029294 0
-0.00489245 0
0.0125736 0
0.0598485 0
0.018983 0
0.0374371 0
-0.0574575 0
0.10638 0
0.0205933 0
-0.155888 0
-0.00827783 0
0.173281 0
-0.0164722 0
-0.0141136 0
-0.0433262 0
0.0419055 0
0.0469409 0
-0.108175 0
-0.0246975 0
0.00698558 0
-0.0237338 0
-0.0787532 0
0.045203 0
-0.0282899 0
-0.0348985 0
0.145886 0
0.144946 0
-0.0310606 0
-0.0521017 0
0.0154393 0
0.0965929 0
-0.0647144 0
0.0482786 0
0.0499762 0
-0.155702 0
-0.000402075 0
0.00775118 0
0.055236 0
-0.254645 0
0.0607453 0
-0.084381 0
0.0168907 0
0.0263301 0
-0.0025195 0
-0.117742 0
0.00182575 0
0.0306199 0
-0.0908625 0
-0.00508649 0
0.0482808 0
0.0499752 0
-0.0413753 0
-0.0867358 0
0.149148 0
0.0307184 0
0.0825339 0
-0.11689 0
0.157705 0
0.00402897 0
0.00739759 0
-0.0243016 0
0.099041 0
-0.00489262 0
-0.0292939 0
0.0578752 0
0.012574 0
-0.155701 0
-0.000401943 0
0.149146 0
0.0307191 0
-0.322587 0
0.0371638 0
0.106367 0
0.037767 0
-0.177124 0
0.0315022 0
-0.0327656 0
0.0374386 0
0.0189825 0
0.0598479 0
-0.0574572 0
0.0077525 0
0.0552352 0
0.0825343 0
-0.11689 0
0.106368 0
0.0377666 0
-0.0421553 0
-0.0606446 0
0.1138 0
-0.155888 0
0.0205936 0
0.106379 0
-0.00827773 0
-0.254644 0
0.0607459 0
0.157703 0
0.00402878 0
-0.177123 0
0.0315024 0
0.113799 0
-0.0141138 0
-0.0164725 0
0.173281 0
-0.0433262 0
-0.084382 0
0.0168905 0
0.00739901 0
-0.0243018 0
-0.0327657 0
-0.108175 0
0.0469409 0
0.0419062 0
-0.0246979 0
0.0263304 0
-0.00251903 0
0.0990405 0
-0.0787545 0
-0.0237334 0
0.00698568 0
0.0452029 0
-0.117743 0
0.145886 0
-0.0348989 0
-0.0282886 0
0 0
0 0
0 0
0 0
0 0
0 0
0 0
0 0
0 0
0 0
0 0
0 0
0 0
0 0
0 0
0 0
0 0
0 0
0 0
0 0
0 0
0 0
0 0
0 0
0 0
0 0
0 0
0 0
0 0
0 0
0 0
0 0
0 0
0 0
0 0
0 0
0 0
0 0
0 0
0 0
0 0
0 0
0 0
0 0
0 0
0 0
0 0
0 0
0 0
0 0
0 0
0 0
0 0
0 0
0 0
0 0
0 0
0 0
0 0
0 0
0 0
0 0
0 0
0 0
0 0
0 0
0 0
0 0
0 0
0 0
0 0
0 0
0 0
0 0
0 0
0 0
0 0
0 0
0 0
0 0
0 0
0 0
0 0
0 0
0 0
0 0
0 0
0 0
0 0
0 0
0 0
0 0
0 0
0 0
0 0
0 0
0 0
0 0
0 0
0 0
0 0
0 0
0 0
0 0
0 0
0 0
0 0
0 0
0 0
0 0
0 0
0 0
0 0
0 0
0 0
0 0
0 0
0 0
0 0
0 0
0 0
0 0
0 0
0 0
0 0
0 0
0 0
0 0
0 0
0 0
0 0
0 0
0 0
0 0
0 0
0 0
0 0
0 0
0 0
0 0
0 0
0.0950939 0
0.0188422 0
-0.0139903 0
0.0188419 0
0.0950946 0
-0.0569321 0
-0.0317444 0
0.055215 0
0.028818 0
-0.139258 0
-0.0237106 0
0.173807 0
-0.0277492 0
-0.00418913 0
-0.0293077 0
-0.00697571 0
0.0517027 0
-0.0841129 0
-0.0196706 0
0.191338 0
-0.0316872 0
-0.0692128 0
-0.0340822 0
-0.000258422 0
0.038075 0
-0.0238669 0
-0.00387953 0
0.0768791 0
-0.00932524 0
-0.0940291 0
-0.0180566 0
0.0555809 0
-0.00430742 0
0.046146 0
-0.00636403 0
-0.0636166 0
0.0315617 0
-0.08836 0
0.00507753 0
0.128316 0
-0.0535826 0
0.0529772 0
-0.139258 0
0.0288176 0
0.055216 0
-0.0237108 0
-0.157482 0
0.104754 0
-0.078309 0
-0.0422127 0
-0.124679 0
0.113364 0
-0.0874106 0
-0.0484938 0
-0.0648428 0
0.0806915 0
-0.077697 0
-0.0299733 0
0.0275061 0
0.0251712 0
-0.0803883 0
-0.00418906 0
-0.0277489 0
0.173807 0
-0.0293075 0
-0.0783099 0
-0.0422124 0
0.329253 0
-0.0252735 0
-0.127022 0
-0.038293 0
0.297218 0
-0.0287076 0
-0.0994297 0
-0.0177574 0
0.14049 0
-0.0184307 0
-0.0236865 0
-0.0841135 0
0.0517026 0
-0.00697507 0
-0.019671 0
-0.124679 0
0.113364 0
-0.127021 0
-0.0382933 0
-0.0563484 0
0.0945853 0
-0.112269 0
-0.0200453 0
0.0121681 0
0.0325998 0
-0.0606753 0
-0.0692126 0
-0.0316872 0
0.191339 0
-0.0340821 0
-0.0874118 0
-0.0484934 0
0.297218 0
-0.0287073 0
-0.11227 0
-0.0200449 0
0.160306 0
-0.0187354 0
-0.0513786 0
-0.0238675 0
0.0380751 0
-0.000257865 0
-0.00388004 0
-0.0648424 0
0.0806915 0
-0.099429 0
-0.017758 0
0.0121684 0
0.0325999 0
-0.0513788 0
-0.0940296 0
-0.00932523 0
0.0768797 0
-0.0180564 0
-0.0776983 0
-0.0299732 0
0.140491 0
-0.0184307 0
-0.0606756 0
0.0461458 0
-0.00430733 0
0.0555808 0
-0.0063643 0
0.0275062 0
0.0251713 0
-0.0236869 0
-0.0883599 0
0.0315616 0
-0.0636157 0
0.0050774 0
-0.0803882 0
0.0529766 0
-0.0535823 0
0.128316 0
0 0
0 0
0 0
0 0
0 0
0 0
0 0
0 0
0 0
0 0
0 0
0 0
0 0
0 0
0 0
0 0
0 0
0 0
0 0
0 0
0 0
0 0
0 0
0 0
0 0
0 0
0 0
0 0
0 0
0 0
0 0
0 0
0 0
0 0
0 0
0 0
0 0
0 0
0 0
0 0
0 0
0 0
0 0
0 0
0 0
0 0
0 0
0 0
0 0
0 0
0 0
0 0
0 0
0 0
0 0
0 0
0 0
0 0
0 0
0 0
0 0
0 0
0 0
0 0
0 0
0 0
0 0
0 0
0 0
0 0
0 0
0 0
0 0
0 0
0 0
0 0
0 0
0 0
0 0
0 0
0 0
0 0
0 0
0 0
0 0
0 0
0 0
0 0
0 0
0 0
0 0
0 0
0 0
0 0
0 0
0 0
0 0
0 0
0 0
0 0
0 0
0 0
0 0
0 0
0 0
0 0
0 0
0 0
0 0
0 0
0 0
0 0
0 0
0 0
0 0
0 0
0 0
0 0
0 0
0 0
0 0
0 0
0 0
0 0
0 0
0 0
0 0
0 0
0 0
0 0
0 0
0 0
0 0
0 0
0 0
0 0
0 0
0 0
0 0
0 0
0 0
-0.143219 0
0.0590896 0
2.1242e-06 0
-0.0590901 0
0.143216 0
9.11881e-07 0
-4.01177e-07 0
-0.239809 0
0.0449659 0
0.0398676 0
0.0736106 0
0.0168252 0
-0.061457 0
0.0617291 0
-0.0201747 0
-0.107665 0
0.0283456 0
0.111556 0
0.0351735 0
0.0138766 0
-0.00059799 0
-0.0921162 0
-0.040939 0
-0.0409738 0
-0.0218044 0
0.0801011 0
0.0811876 0
-0.137013 0
0.0126525 0
0.0287987 0
-0.0364772 0
0.021623 0
-0.0337813 0
0.0687203 0
0.058822 0
-0.218577 0
0.0290077 0
0.014895 0
0.0188222 0
0.149304 0
-0.0770579 0
0.112344 0
-0.0398672 0
-0.0449655 0
0.239809 0
-0.0736099 0
-1.31704e-06 0
-1.88418e-07 0
0.15202 0
-0.0461716 0
-0.0133561 0
0.0166737 0
0.152116 0
-0.0311453 0
-0.0694674 0
-0.0188683 0
0.226459 0
-0.042577 0
0.0162822 0
-0.0230508 0
0.0108895 0
-0.0617297 0
0.0614568 0
-0.0168237 0
0.0201735 0
-0.152018 0
0.0461724 0
-1.36421e-06 0
-4.14371e-07 0
-0.188837 0
0.0596318 0
0.0108306 0
-0.0328255 0
-0.100184 0
0.0873857 0
-0.113959 0
0.0102301 0
0.0432243 0
-0.111557 0
-0.0283452 0
0.107666 0
-0.0351728 0
0.0133543 0
-0.0166745 0
0.18884 0
-0.0596313 0
-7.70443e-07 0
-2.26533e-07 0
0.187536 0
-0.0459909 0
-0.0488498 0
-0.0199192 0
0.0394573 0
0.0921151 0
0.000597982 0
-0.0138773 0
0.0409386 0
-0.152114 0
0.0311459 0
-0.0108331 0
0.0328254 0
-0.187534 0
0.045991 0
7.47735e-08 0
-1.26696e-07 0
0.0706649 0
-0.0800993 0
0.0218039 0
0.0409739 0
-0.0811867 0
0.0694663 0
0.0188673 0
0.100186 0
-0.0873852 0
0.0488479 0
0.0199194 0
-0.0706646 0
-0.0287991 0
-0.0126518 0
0.137011 0
0.0364764 0
-0.226456 0
0.0425774 0
0.113958 0
-0.0102305 0
-0.0394563 0
-0.0687202 0
0.0337806 0
-0.0216215 0
-0.0588212 0
-0.0162849 0
0.0230508 0
-0.0432228 0
-0.0148942 0
-0.0290072 0
0.218576 0
-0.0188226 0
-0.0108883 0
-0.112345 0
0.0770579 0
-0.149303 0
0 0
0 0
0 0
0 0
0 0
0 0
0 0
0 0
0 0
0 0
0 0
0 0
0 0
0 0
0 0
0 0
0 0
0 0
0 0
0 0
0 0
0 0
0 0
0 0
0 0
0 0
0 0
0 0
0 0
0 0
0 0
0 0
0 0
0 0
0 0
0 0
0 0
0 0
0 0
0 0
0 0
0 0
0 0
0 0
0 0
0 0
0 0
0 0
0 0
0 0
0 0
0 0
0 0
0 0
0 0
0 0
0 0
0 0
0 0
0 0
0 0
0 0
0 0
0 0
0 0
0 0
0 0
0 0
0 0
0 0
0 0
0 0
0 0
0 0
0 0
0 0
0 0
0 0
0 0
0 0
0 0
0 0
0 0
0 0
0 0
0 0
0 0
0 0
0 0
0 0
0 0
0 0
0 0
0 0
0 0
0 0
0 0
0 0
0 0
0 0
0 0
0 0
0 0
0 0
0 0
0 0
0 0
0 0
0 0
0 0
0 0
0 0
0 0
0 0
0 0
0 0
0 0
0 0
0 0
0 0
0 0
0 0
0 0
0 0
0 0
0 0
0 0
0 0
0 0
0 0
0 0
0 0
0 0
0 0
0 0
0 0
0 0
0 0
0 0
0 0
0 0
0.16278 0
-0.0683999 0
1.90889e-05 0
0.0683963 0
-0.1628 0
6.06326e-06 0
-4.87132e-06 0
0.152705 0
-0.0504279 0
-0.0496567 0
-0.0262303 0
-0.0730302 0
0.0360501 0
0.0523348 0
0.0255491 0
0.0939573 0
-0.0083221 0
-0.0910948 0
-0.0557642 0
0.0326137 0
0.00118801 0
0.0231029 0
0.0393734 0
-0.129086 0
0.0158814 0
-0.0594238 0
0.00383056 0
-0.0161062 0
-0.0610794 0
0.138915 0
0.0641139 0
-0.252103 0
0.0395597 0
0.0683091 0
0.0315742 0
-0.0960817 0
-0.0593266 0
0.0602548 0
0.0753619 0
-0.0945299 0
-0.0377748 0
0.223079 0
0.0496501 0
0.0504339 0
-0.152709 0
0.0262362 0
-1.81851e-05 0
1.01132e-06 0
-0.0985978 0
0.018228 0
0.0437192 0
0.0186269 0
-0.0240632 0
-0.0490527 0
0.133488 0
-0.0156926 0
0.072504 0
-0.0803216 0
0.250966 0
-0.0580537 0
-0.0437194 0
-0.0523426 0
-0.036054 0
0.0730526 0
-0.025562 0
0.0986129 0
-0.0182239 0
-1.52219e-06 0
-3.55325e-06 0
-0.0757406 0
0.0125554 0
0.0381725 0
0.0209155 0
-0.158627 0
0.0524915 0
-0.0799134 0
0.0670311 0
-0.0295132 0
0.0910921 0
0.00832673 0
-0.0939556 0
0.0557718 0
-0.0437436 0
-0.0186281 0
0.0757528 0
-0.0125522 0
-6.16851e-06 0
-1.12119e-06 0
0.0577374 0
-0.0456172 0
0.0801666 0
-0.0427246 0
-0.0960227 0
-0.0231164 0
-0.00118848 0
-0.0326142 0
-0.0393803 0
0.0240789 0
0.0490548 0
-0.0381819 0
-0.0209171 0
-0.0577279 0
0.045617 0
4.67701e-07 0
2.81138e-08 0
0.147602 0
0.0594393 0
-0.0158854 0
0.129092 0
-0.00382226 0
-0.133501 0
0.0156881 0
0.158632 0
-0.0524871 0
-0.0801764 0
0.0427248 0
-0.147603 0
-0.138924 0
0.0610862 0
0.0160879 0
-0.0641213 0
-0.0724821 0
0.0803238 0
0.0799054 0
-0.0670338 0
0.0960326 0
-0.0683035 0
-0.0395684 0
0.252122 0
-0.0315683 0
-0.250986 0
0.0580545 0
0.0295195 0
-0.0602522 0
0.0593345 0
0.0960651 0
-0.0753674 0
0.0437312 0
-0.22309 0
0.0377717 0
0.0945515 0
0 0
0 0
0 0
0 0
0 0
0 0
0 0
0 0
0 0
0 0
0 0
0 0
0 0
0 0
0 0
0 0
0 0
0 0
0 0
0 0
0 0
0 0
0 0
0 0
0 0
0 0
0 0
0 0
0 0
0 0
0 0
0 0
0 0
0 0
0 0
0 0
0 0
0 0
0 0
0 0
0 0
0 0
0 0
0 0
0 0
0 0
0 0
0 0
0 0
0 0
0 0
0 0
0 0
0 0
0 0
0 0
0 0
0 0
0 0
0 0
0 0
0 0
0 0
0 0
0 0
0 0
0 0
0 0
0 0
0 0
0 0
0 0
0 0
0 0
0 0
0 0
0 0
0 0
0 0
0 0
0 0
0 0
0 0
0 0
0 0
0 0
0 0
0 0
0 0
0 0
0 0
0 0
0 0
0 0
0 0
0 0
0 0
0 0
0 0
0 0
0 0
0 0
0 0
0 0
0 0
0 0
0 0
0 0
0 0
0 0
0 0
0 0
0 0
0 0
0 0
0 0
0 0
0 0
0 0
0 0
0 0
0 0
0 0
0 0
0 0
0 0
0 0
0 0
0 0
0 0
0 0
0 0
0 0
0 0
0 0
0 0
0 0
0 0
0 0
0 0
0 0
0.156449 0
0.0272567 0
-0.295571 0
0.0272647 0
0.15643 0
-0.0930943 0
0.076957 0
0.0301145 0
-0.0469995 0
0.0544385 0
-0.0450958 0
-0.171387 0
0.0303942 0
0.0602977 0
0.0978187 0
-0.0122061 0
-0.0355243 0
0.0168174 0
-0.0572798 0
0.00366389 0
0.00264421 0
0.10625 0
0.0529253 0
-0.0479943 0
0.0313775 0
-0.118167 0
-0.0623031 0
0.139661 0
-0.0535976 0
0.0681544 0
0.0562792 0
-0.145403 0
0.0662481 0
-0.0400716 0
-0.0444254 0
0.126095 0
-0.0591962 0
-0.0214526 0
0.0410568 0
-0.161699 0
0.0233453 0
0.0822382 0
0.0544445 0
-0.0469936 0
0.030098 0
-0.0450935 0
0.27825 0
-0.0167515 0
-0.113847 0
-0.0304429 0
0.183499 0
0.00823446 0
-0.117728 0
-0.017306 0
0.0987423 0
0.0344846 0
-0.166085 0
-0.0175796 0
0.156127 0
-0.00453987 0
-0.0920854 0
0.0602901 0
0.0303904 0
-0.171377 0
0.0978155 0
-0.113835 0
-0.0304449 0
0.022025 0
0.0531032 0
-0.09057 0
-0.0239943 0
0.0710701 0
0.0122429 0
-0.0367653 0
-0.0333265 0
0.063276 0
0.0198246 0
-0.0501393 0
0.0168275 0
-0.0355236 0
-0.0122177 0
-0.0572726 0
0.183493 0
0.00823193 0
-0.0905584 0
-0.0239965 0
0.0913231 0
0.0169688 0
-0.0710244 0
0.00122307 0
0.0740621 0
-0.00106606 0
-0.0739119 0
0.106249 0
0.00264376 0
0.00365925 0
0.0529207 0
-0.117726 0
-0.0172996 0
0.071065 0
0.0122407 0
-0.0710345 0
0.00122957 0
-0.00673596 0
0.000155729 0
0.00313776 0
-0.11816 0
0.031376 0
-0.0479775 0
-0.0623047 0
0.0987261 0
0.0344871 0
-0.0367438 0
-0.0333348 0
0.0740526 0
-0.00105995 0
0.0031167 0
0.0681355 0
-0.05359 0
0.139665 0
0.0562713 0
-0.166098 0
-0.0175686 0
0.063289 0
0.0198155 0
-0.0739001 0
-0.040081 0
0.0662434 0
-0.14537 0
-0.0444304 0
0.156094 0
-0.00453177 0
-0.0501362 0
-0.0214613 0
-0.0591887 0
0.12611 0
0.0410466 0
-0.0920802 0
0.0822074 0
0.0233512 0
-0.161688 0
-0.0650693 0
0.218212 0
2.81395e-08 0
-0.218212 0
0.0650692 0
1.91568e-07 0
5.83815e-08 0
-0.0952134 0
0.0972254 0
0.0363404 0
0.193276 0
0.0214408 0
-0.151773 0
0.0161746 0
-0.106928 0
-0.0452933 0
0.05025 0
0.0301755 0
0.197214 0
0.00260821 0
-0.0234259 0
-0.00795949 0
-0.181818 0
0.0192736 0
-0.0313218 0
0.0161578 0
0.153643 0
-0.0191285 0
0.101752 0
-0.020895 0
-0.195918 0
0.081236 0
-0.0754508 0
-0.00776455 0
0.0224666 0
-0.012499 0
0.204369 0
-0.0378283 0
-0.187576 0
0.0627903 0
-0.0255905 0
-0.0525994 0
-0.0363403 0
-0.0972253 0
0.0952134 0
-0.193276 0
-1.12069e-08 0
1.19426e-08 0
0.0645691 0
-0.0876552 0
-0.0339421 0
-0.00711825 0
0.0496742 0
0.0372022 0
-0.0604498 0
-0.00879282 0
0.0154115 0
0.157882 0
-0.0782048 0
0.0616219 0
0.0382057 0
-0.0161746 0
0.151773 0
-0.0214407 0
0.106928 0
-0.0645691 0
0.0876553 0
8.61321e-08 0
-3.56066e-07 0
-0.0132533 0
0.0467652 0
-0.0021861 0
-0.0774177 0
0.0481868 0
-0.0604143 0
0.0032625 0
-0.107323 0
0.0137717 0
-0.0301756 0
-0.0502496 0
0.0452933 0
-0.197215 0
0.0339419 0
0.00711895 0
0.0132534 0
-0.0467653 0
-1.95195e-07 0
6.69743e-07 0
-0.019834 0
0.13676 0
-0.0296454 0
0.0138295 0
0.0278738 0
0.00795944 0
0.0234256 0
-0.00260785 0
0.181818 0
-0.0496742 0
-0.037202 0
0.00218648 0
0.0774165 0
0.019834 0
-0.13676 0
2.87088e-08 0
-3.80687e-08 0
-0.00414283 0
-0.0161579 0
0.0313227 0
-0.0192737 0
-0.153643 0
0.0604494 0
0.0087939 0
-0.0481868 0
0.0604143 0
0.0296454 0
-0.0138294 0
0.00414282 0
0.0208948 0
-0.101753 0
0.0191289 0
0.195917 0
-0.0154116 0
-0.157882 0
-0.00326252 0
0.107323 0
-0.0278739 0
0.00776441 0
0.0754515 0
-0.0812359 0
-0.0224666 0
0.0782048 0
-0.0616221 0
-0.0137716 0
0.0378281 0
-0.204369 0
0.0124989 0
0.187576 0
-0.0382057 0
0.0525995 0
0.0255899 0
-0.0627902 0
0 0
0 0
0 0
0 0
0 0
0 0
0 0
0 0
0 0
0 0
0 0
0 0
0 0
0 0
0 0
0 0
0 0
0 0
0 0
0 0
0 0
0 0
0 0
0 0
0 0
0 0
0 0
0 0
0 0
0 0
0 0
0 0
0 0
0 0
0 0
0 0
0 0
0 0
0 0
0 0
0 0
0 0
0 0
0 0
0 0
0 0
0 0
0 0
0 0
0 0
0 0
0 0
0 0
0 0
0 0
0 0
0 0
0 0
0 0
0 0
0 0
0 0
0 0
0 0
0 0
0 0
0 0
0 0
0 0
0 0
0 0
0 0
0 0
0 0
0 0
0 0
0 0
0 0
0 0
0 0
0 0
0 0
0 0
0 0
0 0
0 0
0 0
0 0
0 0
0 0
0 0
0 0
0 0
0 0
0 0
0 0
0 0
0 0
0 0
0 0
0 0
0 0
0 0
0 0
0 0
0 0
0 0
0 0
0 0
0 0
0 0
0 0
0 0
0 0
0 0
0 0
0 0
0 0
0 0
0 0
0 0
0 0
0 0
0 0
0 0
0 0
0 0
0 0
0 0
0 0
0 0
0 0
0 0
0 0
0 0
0 0
0 0
0 0
0 0
0 0
0 0
-0.0231052 0
-0.0453691 0
0.0203586 0
-0.0453693 0
-0.0231051 0
0.123055 0
0.0266571 0
-0.0156882 0
-0.0355014 0
0.0242273 0
0.0568471 0
-0.0472028 0
0.0106083 0
0.00736225 0
0.0769941 0
-0.00632239 0
-0.128701 0
0.0350095 0
0.0713797 0
-0.06917 0
0.0221215 0
0.0315435 0
0.120053 0
-0.0118934 0
-0.114618 0
0.0272284 0
0.0313835 0
-0.0457782 0
-0.0167087 0
0.0388605 0
0.128065 0
-0.0286529 0
-0.0339309 0
0.014911 0
-0.00609327 0
0.0354704 0
-0.0688011 0
0.0300674 0
-0.0368305 0
-0.0397149 0
0.172005 0
-0.0302862 0
0.0242273 0
-0.0355016 0
-0.0156881 0
0.0568468 0
0.040696 0
-0.238835 0
0.0235343 0
0.0907128 0
0.0471342 0
-0.304761 0
0.0327667 0
0.0843327 0
0.0450794 0
-0.251872 0
0.0226405 0
0.0548143 0
-0.0041964 0
-0.0357004 0
0.0219427 0
0.00736221 0
0.0106086 0
-0.0472028 0
0.0769943 0
0.0235342 0
0.0907129 0
-0.103157 0
0.132617 0
0.028887 0
0.0854773 0
-0.107965 0
0.154604 0
0.0246718 0
0.0219802 0
-0.0395913 0
0.0431522 0
-0.00223962 0
0.0350095 0
-0.128702 0
-0.00632232 0
0.0713794 0
0.0471343 0
-0.304761 0
0.028887 0
0.0854776 0
0.0501111 0
-0.322817 0
0.0296875 0
0.0791284 0
0.00679461 0
-0.121836 0
0.0233974 0
0.0315436 0
0.0221214 0
-0.06917 0
0.120053 0
0.0327668 0
0.0843322 0
-0.107965 0
0.154605 0
0.0296879 0
0.079127 0
-0.0658019 0
0.0449326 0
0.0229773 0
0.0272283 0
-0.114618 0
-0.0118936 0
0.0313836 0
0.0450795 0
-0.251873 0
0.0246714 0
0.0219813 0
0.00679476 0
-0.121836 0
0.0229774 0
0.0388606 0
-0.0167094 0
-0.0457782 0
0.128066 0
0.0226408 0
0.0548129 0
-0.0395914 0
0.0431528 0
0.0233973 0
0.0149111 0
-0.0339307 0
-0.0286534 0
-0.00609246 0
-0.00419605 0
-0.035701 0
-0.00223964 0
0.0300676 0
-0.0688021 0
0.0354701 0
-0.0368297 0
0.0219426 0
-0.0302858 0
0.172005 0
-0.039715 0
0 0
0 0
0 0
0 0
0 0
0 0
0 0
0 0
0 0
0 0
0 0
0 0
0 0
0 0
0 0
0 0
0 0
0 0
0 0
0 0
0 0
0 0
0 0
0 0
0 0
0 0
0 0
0 0
0 0
0 0
0 0
0 0
0 0
0 0
0 0
0 0
0 0
0 0
0 0
0 0
0 0
0 0
0 0
0 0
0 0
0 0
0 0
0 0
0 0
0 0
0 0
0 0
0 0
0 0
0 0
0 0
0 0
0 0
0 0
0 0
0 0
0 0
0 0
0 0
0 0
0 0
0 0
0 0
0 0
0 0
0 0
0 0
0 0
0 0
0 0
0 0
0 0
0 0
0 0
0 0
0 0
0 0
0 0
0 0
0 0
0 0
0 0
0 0
0 0
0 0
0 0
0 0
0 0
0 0
0 0
0 0
0 0
0 0
0 0
0 0
0 0
0 0
0 0
0 0
0 0
0 0
0 0
0 0
0 0
0 0
0 0
0 0
0 0
0 0
0 0
0 0
0 0
0 0
0 0
0 0
0 0
0 0
0 0
0 0
0 0
0 0
0 0
0 0
0 0
0 0
0 0
0 0
0 0
0 0
0 0
0 0
0 0
0 0
0 0
0 0
0 0
0 0
0 0
0 0
0 0
0 0
0 0
0 0
0 0
0 0
0 0
0 0
0 0
0 0
0 0
0 0
0 0
0 0
0 0
0 0
0 0
0 0
0 0
0 0
0 0
0 0
0 0
0 0
0 0
0 0
0 0
0 0
0 0
0 0
0 0
0 0
0 0
0 0
0 0
0 0
0 0
0 0
0 0
0 0
0 0
0 0
0 0
0 0
0 0
0 0
0 0
0 0
0 0
0 0
0 0
0 0
0 0
0 0
0 0
0 0
0 0
0 0
0 0
0 0
0 0
0 0
0 0
0 0
0 0
0 0
0 0
0 0
0 0
0 0
0 0
0 0
0 0
0 0
0 0
0 0
0 0
0 0
0 0
0 0
0 0
0 0
0 0
0 0
0 0
0 0
0 0
0 0
0 0
0 0
0 0
0 0
0 0
0 0
0 0
0 0
0 0
0 0
0 0
0 0
0 0
0 0
0 0
0 0
0 0
0 0
0 0
0 0
0 0
0 0
0 0
0 0
0 0
0 0
0 0
0 0
0 0
0 0
0 0
0 0
0 0
0 0
0 0
0 0
0 0
0 0
0 0
0 0
0 0
0 0
0 0
0 0
0 0
0 0
0 0
0 0
0 0
0 0
-0.0548098 0
0.0239369 0
3.01804e-07 0
-0.0239369 0
0.0548098 0
-1.91895e-09 0
-1.53896e-07 0
0.0805147 0
0.0163934 0
0.0199343 0
-0.0581481 0
0.097034 0
0.0276599 0
-0.151234 0
-0.0181135 0
-0.151756 0
-0.0173794 0
-0.0320311 0
0.100251 0
-0.144617 0
-0.0601545 0
0.2383 0
0.0297128 0
-0.0133788 0
0.0312839 0
0.0950266 0
-0.0546514 0
0.119468 0
0.0302155 0
-0.17986 0
-0.0284653 0
-0.0290599 0
-0.0187245 0
-0.0346534 0
0.0632612 0
-0.135334 0
-0.0234909 0
0.122497 0
0.0295315 0
-0.0327011 0
-0.015987 0
0.0873707 0
-0.019935 0
-0.0163932 0
-0.0805145 0
0.0581482 0
6.45689e-07 0
-3.22581e-07 0
0.110088 0
-0.0325897 0
-0.0114287 0
-0.0625285 0
0.0665424 0
0.0069703 0
0.0618039 0
0.0184542 0
-0.003047 0
0.0114022 0
-0.0314392 0
-0.0607633 0
0.075721 0
0.151233 0
-0.0276601 0
-0.0970357 0
0.0181143 0
-0.110087 0
0.0325894 0
7.57665e-07 0
2.25662e-08 0
0.134193 0
0.00506481 0
-0.149435 0
0.0514391 0
-0.114763 0
-0.026237 0
-0.000277162 0
0.0149753 0
0.142753 0
0.0320335 0
0.0173788 0
0.151754 0
-0.10025 0
0.0114277 0
0.062529 0
-0.134193 0
-0.00506482 0
1.34964e-06 0
-4.60488e-07 0
0.1091 0
-0.0999245 0
0.194636 0
0.0358963 0
-0.188623 0
-0.238299 0
0.0601548 0
0.144619 0
-0.0297142 0
-0.0665419 0
-0.00696956 0
0.149433 0
-0.0514389 0
-0.1091 0
0.0999253 0
-8.85875e-07 0
-4.51982e-07 0
-0.117297 0
-0.0950297 0
-0.0312832 0
0.0133811 0
0.054651 0
-0.0618048 0
-0.0184541 0
0.114764 0
0.0262362 0
-0.194636 0
-0.0358962 0
0.1173 0
0.179859 0
-0.0302158 0
-0.119468 0
0.0284661 0
0.00304628 0
-0.0114028 0
0.000279082 0
-0.014975 0
0.188621 0
0.0346556 0
0.018724 0
0.0290584 0
-0.0632607 0
0.0314397 0
0.0607631 0
-0.142754 0
-0.122497 0
0.0234911 0
0.135334 0
-0.0295317 0
-0.0757199 0
-0.0873715 0
0.0159872 0
0.0327015 0
0 0
0 0
0 0
0 0
0 0
0 0
0 0
0 0
0 0
0 0
0 0
0 0
0 0
0 0
0 0
0 0
0 0
0 0
0 0
0 0
0 0
0 0
0 0
0 0
0 0
0 0
0 0
0 0
0 0
0 0
0 0
0 0
0 0
0 0
0 0
0 0
0 0
0 0
0 0
0 0
0 0
0 0
0 0
0 0
0 0
0 0
0 0
0 0
0 0
0 0
0 0
0 0
0 0
0 0
0 0
0 0
0 0
0 0
0 0
0 0
0 0
0 0
0 0
0 0
0 0
0 0
0 0
0 0
0 0
0 0
0 0
0 0
0 0
0 0
0 0
0 0
0 0
0 0
0 0
0 0
0 0
0 0
0 0
0 0
0 0
0 0
0 0
0 0
0 0
0 0
0 0
0 0
0 0
0 0
0 0
0 0
0 0
0 0
0 0
0 0
0 0
0 0
0 0
0 0
0 0
0 0
0 0
0 0
0 0
0 0
0 0
0 0
0 0
0 0
0 0
0 0
0 0
0 0
0 0
0 0
0 0
0 0
0 0
0 0
0 0
0 0
0 0
0 0
0 0
0 0
0 0
0 0
0 0
0 0
0 0
0 0
0 0
0 0
0 0
0 0
0 0
0.032969 0
0.00491943 0
-0.137174 0
0.00491922 0
0.0329695 0
-0.0194958 0
0.054102 0
-0.0147191 0
-0.0390086 0
0.0888172 0
-0.00738065 0
0.091589 0
0.0250773 0
0.0469557 0
-0.0640653 0
0.133345 0
0.0456946 0
-0.216859 0
-0.0392504 0
-0.0828091 0
-0.0258295 0
-0.060059 0
0.1055 0
-0.161401 0
-0.0434452 0
0.224036 0
0.0153665 0
0.0399307 0
0.0177465 0
0.0739904 0
-0.05101 0
0.0869475 0
0.039489 0
-0.16984 0
-0.037034 0
0.0825195 0
-0.0250355 0
-0.0412934 0
0.0193679 0
-0.0640426 0
0.00750338 0
0.0383435 0
0.0888171 0
-0.0390087 0
-0.0147203 0
-0.00737992 0
-0.054294 0
0.036784 0
-0.0287646 0
0.0406847 0
0.070187 0
-0.033333 0
-0.0810795 0
-0.0402377 0
0.0741805 0
-0.0106088 0
0.0299483 0
0.0477844 0
-0.0546234 0
0.0136948 0
-0.0791249 0
0.0469573 0
0.025077 0
0.0915879 0
-0.064065 0
-0.0287657 0
0.0406849 0
-0.164808 0
-0.0196084 0
0.111989 0
0.00438151 0
0.128857 0
-0.0195723 0
-0.0718752 0
0.0579105 0
-0.121269 0
-0.0435437 0
0.0915204 0
-0.216859 0
0.0456949 0
0.133346 0
-0.0392515 0
0.0701873 0
-0.0333322 0
0.111986 0
0.00438172 0
-0.254054 0
0.0829488 0
0.00213811 0
-0.0643383 0
0.0171486 0
-0.00161766 0
0.164166 0
-0.0600619 0
-0.0258289 0
-0.0828072 0
0.1055 0
-0.0810797 0
-0.040238 0
0.128858 0
-0.0195729 0
0.00213676 0
-0.0643371 0
0.176626 0
0.0565182 0
-0.176291 0
0.224035 0
-0.0434456 0
-0.161402 0
0.0153674 0
0.0741798 0
-0.010609 0
-0.0718739 0
0.0579108 0
0.0171463 0
-0.00161813 0
-0.176289 0
0.073993 0
0.0177459 0
0.0399293 0
-0.0510097 0
0.0299485 0
0.0477843 0
-0.121269 0
-0.0435438 0
0.164168 0
-0.169839 0
0.0394892 0
0.0869476 0
-0.0370347 0
-0.054623 0
0.0136956 0
0.0915188 0
-0.0412949 0
-0.0250353 0
0.0825211 0
0.0193675 0
-0.0791258 0
0.0383424 0
0.00750356 0
-0.0640422 0
-0.0614986 0
-0.106005 0
0.108761 0
-0.106007 0
-0.0614979 0
0.313791 0
-0.132114 0
-0.0259924 0
0.0903378 0
0.0046712 0
0.121735 0
0.0378764 0
-0.020254 0
-0.0206273 0
-0.218013 0
0.00963094 0
0.0463285 0
-0.00769247 0
0.141559 0
0.0103856 0
0.036453 0
-0.0243814 0
-0.210247 0
0.0324868 0
-0.023693 0
-0.00373807 0
0.132836 0
-0.0215414 0
0.0819535 0
-0.0171562 0
-0.147268 0
0.0429236 0
-0.0756214 0
-0.00185551 0
0.0902927 0
-0.0451735 0
0.0874322 0
-0.00344018 0
-0.0346939 0
0.03809 0
-0.0955765 0
0.00237855 0
0.00467081 0
0.090337 0
-0.0259915 0
0.121733 0
-0.0614152 0
-0.053606 0
0.0409983 0
0.147035 0
-0.0785837 0
-0.0494414 0
0.0451663 0
0.120587 0
-0.0664285 0
-0.0516924 0
0.0405956 0
0.0745852 0
-0.0380747 0
-0.0461134 0
0.0243255 0
-0.0206274 0
-0.0202527 0
0.0378762 0
-0.218012 0
0.0409969 0
0.147039 0
-0.0174917 0
-0.240535 0
0.0518792 0
0.133477 0
-0.0237882 0
-0.182194 0
0.0456447 0
0.0938471 0
-0.032522 0
-0.0693681 0
0.0345371 0
-0.00769281 0
0.0463284 0
0.00963211 0
0.141555 0
-0.0785836 0
-0.0494406 0
0.0518811 0
0.13347 0
-0.0755197 0
-0.0368427 0
0.0443116 0
0.085341 0
-0.0493559 0
-0.0278148 0
0.0287578 0
-0.0243822 0
0.0364557 0
0.0103862 0
-0.210247 0
0.0451639 0
0.120593 0
-0.0237878 0
-0.182195 0
0.0443094 0
0.0853488 0
-0.0279809 0
-0.0838282 0
0.0331939 0
-0.00373917 0
-0.0236921 0
0.0324887 0
0.132829 0
-0.0664289 0
-0.0516909 0
0.0456469 0
0.0938398 0
-0.0493567 0
-0.0278129 0
0.0331933 0
-0.0171574 0
0.0819567 0
-0.02154 0
-0.147269 0
0.0405932 0
0.0745918 0
-0.0325206 0
-0.0693717 0
0.0287583 0
-0.00185731 0
-0.0756185 0
0.0429249 0
0.0902867 0
-0.0380764 0
-0.0461089 0
0.0345368 0
-0.00344118 0
0.0874326 0
-0.0451704 0
-0.0346982 0
0.0243255 0
0.00237627 0
-0.0955691 0
0.0380891 0
0 0
0 0
0 0
0 0
0 0
0 0
0 0
0 0
0 0
0 0
0 0
0 0
0 0
0 0
0 0
0 0
0 0
0 0
0 0
0 0
0 0
0 0
0 0
0 0
0 0
0 0
0 0
0 0
0 0
0 0
0 0
0 0
0 0
0 0
0 0
0 0
0 0
0 0
0 0
0 0
0 0
0 0
0 0
0 0
0 0
0 0
0 0
0 0
0 0
0 0
0 0
0 0
0 0
0 0
0 0
0 0
0 0
0 0
0 0
0 0
0 0
0 0
0 0
0 0
0 0
0 0
0 0
0 0
0 0
0 0
0 0
0 0
0 0
0 0
0 0
0 0
0 0
0 0
0 0
0 0
0 0
0 0
0 0
0 0
0 0
0 0
0 0
0 0
0 0
0 0
0 0
0 0
0 0
0 0
0 0
0 0
0 0
0 0
0 0
0 0
0 0
0 0
0 0
0 0
0 0
0 0
0 0
0 0
0 0
0 0
0 0
0 0
0 0
0 0
0 0
0 0
0 0
0 0
0 0
0 0
0 0
0 0
0 0
0 0
0 0
0 0
0 0
0 0
0 0
0 0
0 0
0 0
0 0
0 0
0 0
0 0
0 0
0 0
0 0
0 0
0 0
-0.0209269 0
0.0707275 0
-1.83566e-06 0
-0.0707241 0
0.0209289 0
-5.08473e-06 0
2.38889e-06 0
-0.0290858 0
0.0244994 0
0.0137769 0
0.0649959 0
0.0025884 0
-0.0377985 0
0.00391333 0
-0.035163 0
-0.0341659 0
-0.000725782 0
0.0113628 0
0.142786 0
-0.0182885 0
-0.0779107 0
0.0231553 0
-0.00809659 0
-0.051423 0
-0.0350911 0
0.0330968 0
0.203265 0
-0.045929 0
-0.0855692 0
0.0355232 0
0.0263062 0
-0.0329054 0
-0.094708 0
0.0528152 0
0.170076 0
-0.0917297 0
0.00099719 0
0.0272895 0
0.119438 0
0.0293636 0
-0.219886 0
0.0639121 0
-0.013777 0
-0.0245027 0
0.0290866 0
-0.0649998 0
1.11188e-06 0
4.66458e-07 0
0.04588 0
-0.104292 0
-0.00673226 0
-0.0180007 0
0.0731082 0
-0.199117 0
0.0122931 0
-0.0414894 0
0.0677428 0
-0.192417 0
0.0485456 0
-0.129123 0
0.0029148 0
-0.00391256 0
0.0377992 0
-0.00258983 0
0.0351706 0
-0.0458813 0
0.104287 0
9.34194e-08 0
4.33745e-06 0
-0.0596402 0
0.197956 0
-0.0108565 0
0.0339699 0
-0.0641019 0
0.204236 0
-0.0387396 0
0.106215 0
0.00684949 0
-0.0113625 0
0.000724027 0
0.0341655 0
-0.14279 0
0.0067351 0
0.0180014 0
0.0596386 0
-0.19796 0
1.36946e-06 0
1.66688e-07 0
0.0625948 0
-0.222878 0
0.0238284 0
-0.054458 0
-0.015312 0
-0.0231544 0
0.0779094 0
0.018288 0
0.00810418 0
-0.0731096 0
0.199113 0
0.010857 0
-0.0339631 0
-0.0625963 0
0.222875 0
5.12482e-07 0
1.24811e-06 0
0.0161874 0
-0.0330965 0
0.0350916 0
0.0514218 0
-0.203269 0
-0.0122907 0
0.0414901 0
0.0641004 0
-0.204239 0
-0.0238269 0
0.0544591 0
-0.0161885 0
-0.0355224 0
0.0855661 0
0.0459296 0
-0.0263007 0
-0.067744 0
0.192415 0
0.0387407 0
-0.106213 0
0.0153111 0
-0.052815 0
0.0947104 0
0.0329037 0
-0.170079 0
-0.0485445 0
0.129124 0
-0.00685057 0
-0.0272891 0
-0.00100085 0
0.0917314 0
-0.119437 0
-0.00291554 0
-0.0639122 0
0.21989 0
-0.029365 0
0 0
0 0
0 0
0 0
0 0
0 0
0 0
0 0
0 0
0 0
0 0
0 0
0 0
0 0
0 0
0 0
0 0
0 0
0 0
0 0
0 0
0 0
0 0
0 0
0 0
0 0
0 0
0 0
0 0
0 0
0 0
0 0
0 0
0 0
0 0
0 0
0 0
0 0
0 0
0 0
0 0
0 0
0 0
0 0
0 0
0 0
0 0
0 0
0 0
0 0
0 0
0 0
0 0
0 0
0 0
0 0
0 0
0 0
0 0
0 0
0 0
0 0
0 0
0 0
0 0
0 0
0 0
0 0
0 0
0 0
0 0
0 0
0 0
0 0
0 0
0 0
0 0
0 0
0 0
0 0
0 0
0 0
0 0
0 0
0 0
0 0
0 0
0 0
0 0
0 0
0 0
0 0
0 0
0 0
0 0
0 0
0 0
0 0
0 0
0 0
0 0
0 0
0 0
0 0
0 0
0 0
0 0
0 0
0 0
0 0
0 0
0 0
0 0
0 0
0 0
0 0
0 0
0 0
0 0
0 0
0 0
0 0
0 0
0 0
0 0
0 0
0 0
0 0
0 0
0 0
0 0
0 0
0 0
0 0
0 0
0 0
0 0
0 0
0 0
0 0
0 0
0.00658144 0
0.00965243 0
0.0533842 0
0.0096512 0
0.0065818 0
-0.0320155 0
-0.189239 0
0.0157863 0
0.209227 0
-0.0648794 0
-0.0688536 0
0.0148263 0
-0.0312954 0
-0.0520754 0
0.0542493 0
-0.00997367 0
-0.148061 0
0.0526158 0
0.125201 0
-0.0793605 0
0.0390596 0
0.0319237 0
0.083583 0
-0.00889794 0
-0.134095 0
0.0276856 0
0.0783749 0
0.0168133 0
-0.0345915 0
0.049395 0
-0.0968078 0
0.0171772 0
0.200784 0
-0.0484278 0
-0.157368 0
0.0383703 0
0.0495378 0
-0.0725075 0
-0.0143959 0
0.0255883 0
-0.0736087 0
0.00699076 0
-0.0648797 0
0.209227 0
0.0157862 0
-0.068853 0
-0.00127686 0
0.141679 0
-0.0279166 0
-0.110561 0
0.0351333 0
-0.122235 0
0.0516556 0
-0.121427 0
-0.0421545 0
0.171875 0
0.00860818 0
-0.101606 0
0.0177518 0
0.203261 0
-0.056528 0
-0.052075 0
-0.0312966 0
0.0148262 0
0.0542504 0
-0.0279166 0
-0.110562 0
0.0363185 0
0.109263 0
-0.0388008 0
0.130764 0
0.0381922 0
-0.125458 0
-0.0356243 0
0.0635624 0
0.0164591 0
-0.0124077 0
-0.0567531 0
0.0526161 0
-0.148061 0
-0.00997403 0
0.125201 0
0.0351338 0
-0.122235 0
-0.038801 0
0.130764 0
-0.0483646 0
-0.113237 0
0.045402 0
0.100839 0
-0.00659475 0
-0.144049 0
0.0460363 0
0.0319236 0
0.0390595 0
-0.0793606 0
0.0835834 0
0.0516553 0
-0.121426 0
0.0381922 0
-0.125459 0
0.0454022 0
0.100839 0
-0.079764 0
0.0474652 0
0.0285535 0
0.0276857 0
-0.134096 0
-0.00889777 0
0.0783744 0
-0.0421544 0
0.171875 0
-0.0356242 0
0.0635632 0
-0.00659507 0
-0.144049 0
0.0285535 0
0.0493949 0
-0.0345907 0
0.0168133 0
-0.096808 0
0.00860808 0
-0.101605 0
0.016459 0
-0.0124089 0
0.0460366 0
-0.0484281 0
0.200784 0
0.0171774 0
-0.157369 0
0.0177517 0
0.203262 0
-0.0567528 0
-0.0725074 0
0.0495373 0
0.0383704 0
-0.0143952 0
-0.0565283 0
0.00699088 0
-0.0736086 0
0.0255881 0
0 0
0 0
0 0
0 0
0 0
0 0
0 0
0 0
0 0
0 0
0 0
0 0
0 0
0 0
0 0
0 0
0 0
0 0
0 0
0 0
0 0
0 0
0 0
0 0
0 0
0 0
0 0
0 0
0 0
0 0
0 0
0 0
0 0
0 0
0 0
0 0
0 0
0 0
0 0
0 0
0 0
0 0
0 0
0 0
0 0
0 0
0 0
0 0
0 0
0 0
0 0
0 0
0 0
0 0
0 0
0 0
0 0
0 0
0 0
0 0
0 0
0 0
0 0
0 0
0 0
0 0
0 0
0 0
0 0
0 0
0 0
0 0
0 0
0 0
0 0
0 0
0 0
0 0
0 0
0 0
0 0
0 0
0 0
0 0
0 0
0 0
0 0
0 0
0 0
0 0
0 0
0 0
0 0
0 0
0 0
0 0
0 0
0 0
0 0
0 0
0 0
0 0
0 0
0 0
0 0
0 0
0 0
0 0
0 0
0 0
0 0
0 0
0 0
0 0
0 0
0 0
0 0
0 0
0 0
0 0
0 0
0 0
0 0
0 0
0 0
0 0
0 0
0 0
0 0
0 0
0 0
0 0
0 0
0 0
0 0
0 0
0 0
0 0
0 0
0 0
0 0
-0.0397193 0
0.135015 0
-1.94393e-07 0
-0.135015 0
0.0397193 0
1.74274e-07 0
7.22767e-07 0
0.0279293 0
0.0364747 0
0.0291975 0
-0.122966 0
0.0246263 0
0.219246 0
-0.0748125 0
-0.172552 0
0.0625158 0
-0.0222673 0
-0.0577627 0
-0.00201192 0
0.00936346 0
9.59324e-05 0
0.00649084 0
-0.0273387 0
-0.0542198 0
0.0545151 0
-0.0159029 0
0.142677 0
-0.00855407 0
-0.199134 0
0.0423307 0
0.0834454 0
-0.0160104 0
-0.0372278 0
0.068848 0
0.00356928 0
0.00394752 0
0.153098 0
-0.0335496 0
-0.169247 0
0.0391255 0
0.0346323 0
-0.0545001 0
-0.0291971 0
-0.0364762 0
-0.0279294 0
0.122966 0
1.85078e-08 0
-5.237e-07 0
-0.0135506 0
0.214008 0
-0.0710056 0
0.00555196 0
0.0568652 0
-0.154512 0
0.00025228 0
0.0110641 0
-0.0122662 0
-0.056677 0
0.0103956 0
0.0204679 0
0.0445122 0
0.0748129 0
-0.219246 0
-0.0246265 0
0.172552 0
0.0135508 0
-0.214007 0
-1.3248e-07 0
-2.8201e-07 0
0.0119533 0
-0.0418556 0
0.0037784 0
0.184875 0
0.0075464 0
-0.219246 0
0.0258316 0
0.196708 0
-0.0645548 0
0.0577624 0
0.0222681 0
-0.0625158 0
0.00201137 0
0.0710054 0
-0.00555156 0
-0.011953 0
0.041855 0
3.86022e-08 0
4.54286e-07 0
-0.0822611 0
0.0650079 0
0.0557701 0
-0.0179515 0
-0.0525774 0
-0.00649097 0
-9.62975e-05 0
-0.00936302 0
0.0273383 0
-0.0568655 0
0.154513 0
-0.00377851 0
-0.184875 0
0.0822609 0
-0.0650084 0
1.4808e-07 0
-1.54346e-08 0
0.00530499 0
0.0159028 0
-0.0545144 0
0.0542198 0
-0.142677 0
-0.000252229 0
-0.0110647 0
-0.00754618 0
0.219246 0
-0.05577 0
0.017952 0
-0.00530514 0
-0.0423309 0
0.199134 0
0.00855415 0
-0.0834454 0
0.0122662 0
0.0566777 0
-0.0258318 0
-0.196708 0
0.0525772 0
-0.0688478 0
0.0372272 0
0.0160104 0
-0.0035685 0
-0.0103957 0
-0.0204692 0
0.0645551 0
0.0335498 0
-0.153098 0
-0.00394777 0
0.169247 0
-0.0445118 0
0.0545001 0
-0.0346321 0
-0.0391255 0
0 0
0 0
0 0
0 0
0 0
0 0
0 0
0 0
0 0
0 0
0 0
0 0
0 0
0 0
0 0
0 0
0 0
0 0
0 0
0 0
0 0
0 0
0 0
0 0
0 0
0 0
0 0
0 0
0 0
0 0
0 0
0 0
0 0
0 0
0 0
0 0
0 0
0 0
0 0
0 0
0 0
0 0
0 0
0 0
0 0
0 0
0 0
0 0
0 0
0 0
0 0
0 0
0 0
0 0
0 0
0 0
0 0
0 0
0 0
0 0
0 0
0 0
0 0
0 0
0 0
0 0
0 0
0 0
0 0
0 0
0 0
0 0
0 0
0 0
0 0
0 0
0 0
0 0
0 0
0 0
0 0
0 0
0 0
0 0
0 0
0 0
0 0
0 0
0 0
0 0
0 0
0 0
0 0
0 0
0 0
0 0
0 0
0 0
0 0
0 0
0 0
0 0
0 0
0 0
0 0
0 0
0 0
0 0
0 0
0 0
0 0
0 0
0 0
0 0
0 0
0 0
0 0
0 0
0 0
0 0
0 0
0 0
0 0
0 0
0 0
0 0
0 0
0 0
0 0
0 0
0 0
0 0
0 0
0 0
0 0
0 0
0 0
0 0
0 0
0 0
0 0
0 0
0 0
0 0
0 0
0 0
0 0
0 0
0 0
0 0
0 0
0 0
0 0
0 0
0 0
0 0
0 0
0 0
0 0
0 0
0 0
0 0
0 0
0 0
0 0
0 0
0 0
0 0
0 0
0 0
0 0
0 0
0 0
0 0
0 0
0 0
0 0
0 0
0 0
0 0
0 0
0 0
0 0
0 0
0 0
0 0
0 0
0 0
0 0
0 0
0 0
0 0
0 0
0 0
0 0
0 0
0 0
0 0
0 0
0 0
0 0
0 0
0 0
0 0
0 0
0 0
0 0
0 0
0 0
0 0
0 0
0 0
0 0
0 0
0 0
0 0
0 0
0 0
0 0
0 0
0 0
0 0
0 0
0 0
0 0
0 0
0 0
0 0
0 0
0 0
0 0
0 0
0 0
0 0
0 0
0 0
0 0
0 0
0 0
0 0
0 0
0 0
0 0
0 0
0 0
0 0
0 0
0 0
0 0
0 0
0 0
0 0
0 0
0 0
0 0
0 0
0 0
0 0
0 0
0 0
0 0
0 0
0 0
0 0
0 0
0 0
0 0
0 0
0 0
0 0
0 0
0 0
0 0
0 0
0 0
0 0
0 0
0 0
0 0
0 0
0 0
0 0
0.040315 0
0.00314692 0
0.113236 0
0.00314714 0
0.0403146 0
-0.023419 0
-0.0659521 0
0.046938 0
0.0695723 0
-0.163586 0
-0.0310655 0
0.0344357 0
-0.0325885 0
-0.103478 0
0.0441294 0
-0.0793794 0
-0.0342939 0
0.172792 0
0.0292859 0
-0.1554 0
0.0278651 0
0.0164219 0
0.0281374 0
-0.0899017 0
-0.0462586 0
0.0497212 0
0.0667042 0
-0.0283396 0
-0.0306425 0
0.188462 0
-0.0216391 0
0.0134663 0
0.0551848 0
-0.0617081 0
-0.0418835 0
0.0554385 0
-0.00234127 0
-0.128655 0
0.0121707 0
0.0569207 0
-0.0395099 0
0.0808 0
-0.163585 0
0.0695723 0
0.0469377 0
-0.0310654 0
0.0155355 0
0.0548858 0
-0.092861 0
-0.0501064 0
0.142926 0
-0.0528152 0
0.156837 0
-0.0466077 0
-0.0910889 0
0.0290015 0
0.0827149 0
-0.0505944 0
0.0635205 0
0.0601941 0
-0.151209 0
-0.103478 0
-0.0325885 0
0.0344356 0
0.0441293 0
-0.0928614 0
-0.0501061 0
0.104936 0
0.0545163 0
-0.136372 0
0.0657124 0
0.0783465 0
-0.0575631 0
-0.0815595 0
0.0649794 0
0.0113633 0
-0.0208987 0
-0.101574 0
0.172792 0
-0.0342941 0
-0.0793787 0
0.0292857 0
0.142926 0
-0.052815 0
-0.136373 0
0.0657124 0
-0.144064 0
-0.0706712 0
0.180582 0
0.0360419 0
-0.131228 0
-0.0314861 0
0.155993 0
0.0164215 0
0.0278654 0
-0.1554 0
0.0281371 0
0.156837 0
-0.0466078 0
0.0783468 0
-0.0575631 0
0.180581 0
0.036042 0
-0.161291 0
0.00360185 0
0.0749295 0
0.0497203 0
-0.0462585 0
-0.0899014 0
0.0667042 0
-0.0910892 0
0.0290018 0
-0.0815595 0
0.0649791 0
-0.131228 0
-0.0314861 0
0.0749294 0
0.188463 0
-0.0306428 0
-0.0283395 0
-0.0216388 0
0.0827143 0
-0.0505945 0
0.0113639 0
-0.0208987 0
0.155993 0
-0.0617078 0
0.0551849 0
0.013466 0
-0.0418837 0
0.0635209 0
0.0601942 0
-0.101575 0
-0.128655 0
-0.00234122 0
0.0554389 0
0.0121706 0
-0.151209 0
0.0807997 0
-0.0395097 0
0.0569206 0
0 0
0 0
0 0
0 0
0 0
0 0
0 0
0 0
0 0
0 0
0 0
0 0
0 0
0 0
0 0
0 0
0 0
0 0
0 0
0 0
0 0
0 0
0 0
0 0
0 0
0 0
0 0
0 0
0 0
0 0
0 0
0 0
0 0
0 0
0 0
0 0
0 0
0 0
0 0
0 0
0 0
0 0
0 0
0 0
0 0
0 0
0 0
0 0
0 0
0 0
0 0
0 0
0 0
0 0
0 0
0 0
0 0
0 0
0 0
0 0
0 0
0 0
0 0
0 0
0 0
0 0
0 0
0 0
0 0
0 0
0 0
0 0
0 0
0 0
0 0
0 0
0 0
0 0
0 0
0 0
0 0
0 0
0 0
0 0
0 0
0 0
0 0
0 0
0 0
0 0
0 0
0 0
0 0
0 0
0 0
0 0
0 0
0 0
0 0
0 0
0 0
0 0
0 0
0 0
0 0
0 0
0 0
0 0
0 0
0 0
0 0
0 0
0 0
0 0
0 0
0 0
0 0
0 0
0 0
0 0
0 0
0 0
0 0
0 0
0 0
0 0
0 0
0 0
0 0
0 0
0 0
0 0
0 0
0 0
0 0
0 0
0 0
0 0
0 0
0 0
0 0
0.105281 0
-0.0538856 0
2.08911e-07 0
0.0538855 0
-0.105281 0
3.49779e-08 0
-7.72028e-08 0
-0.0590272 0
-0.0234881 0
-0.0670262 0
0.0585324 0
-0.124091 0
-0.0500026 0
0.20058 0
0.0629428 0
-0.0714753 0
0.0170708 0
0.0831504 0
-0.0441457 0
0.0160843 0
0.00956057 0
-0.0665018 0
0.0256131 0
0.12555 0
-0.017028 0
0.0197074 0
-0.0775601 0
0.14422 0
0.0547776 0
-0.0905209 0
-0.0519095 0
0.0343156 0
0.0388117 0
-0.23012 0
-0.00845734 0
0.0230327 0
-0.06863 0
0.0710433 0
0.0635631 0
-0.131429 0
0.000743115 0
0.128832 0
0.067026 0
0.0234882 0
0.0590272 0
-0.0585324 0
-2.94191e-07 0
2.06859e-07 0
-0.00155341 0
-0.0621109 0
0.194248 0
0.00443521 0
-0.222393 0
0.0730312 0
-0.0256746 0
0.0185984 0
-0.0153252 0
0.0414586 0
-0.0305323 0
-0.0172092 0
-0.095074 0
-0.20058 0
0.0500026 0
0.124092 0
-0.0629431 0
0.00155307 0
0.0621109 0
3.03871e-07 0
-1.95099e-07 0
0.0143841 0
-0.0116748 0
0.0216248 0
-0.0721657 0
-0.0168408 0
0.0612383 0
-0.0836562 0
-0.0539917 0
0.17987 0
-0.0831509 0
-0.0170706 0
0.0714758 0
0.0441456 0
-0.194248 0
-0.004435 0
-0.0143838 0
0.0116748 0
9.83979e-08 0
-8.18665e-08 0
0.218228 0
-0.0412062 0
-0.0898809 0
0.0284013 0
0.0742189 0
0.066501 0
-0.00956046 0
-0.0160838 0
-0.0256133 0
0.222392 0
-0.073031 0
-0.0216254 0
0.0721658 0
-0.218228 0
0.0412064 0
-1.23289e-07 0
-1.31207e-07 0
-0.0745199 0
-0.0197075 0
0.0170279 0
-0.125549 0
0.0775599 0
0.0256751 0
-0.0185987 0
0.016841 0
-0.0612382 0
0.0898804 0
-0.0284013 0
0.0745204 0
0.0905206 0
-0.0547774 0
-0.14422 0
0.0519098 0
0.0153254 0
-0.0414587 0
0.083656 0
0.0539918 0
-0.074219 0
0.23012 0
-0.0388119 0
-0.0343162 0
0.00845755 0
0.0305326 0
0.0172089 0
-0.17987 0
-0.0710425 0
0.0686299 0
-0.023033 0
-0.063563 0
0.0950743 0
-0.128832 0
-0.000743032 0
0.131429 0
-0.0300687 0
-0.023601 0
-0.0119604 0
-0.0236008 0
-0.0300687 0
0.127582 0
0.0859949 0
-0.0159119 0
-0.166857 0
0.0554652 0
0.131075 0
-0.0743929 0
-0.0110782 0
0.0511746 0
0.11479 0
-0.0482803 0
-0.0906503 0
0.029325 0
0.130713 0
0.0150335 0
-0.152806 0
0.0700663 0
-0.025762 0
-0.0574615 0
0.14802 0
0.00137029 0
0.0611334 0
0.060773 0
-0.0504204 0
-0.028084 0
-0.206032 0
0.0382425 0
0.0634675 0
-0.00373633 0
0.021393 0
-0.012796 0
0.186365 0
-0.0711254 0
-0.166227 0
0.0712954 0
-0.0832691 0
-0.0294269 0
0.0554652 0
-0.166857 0
-0.015912 0
0.131075 0
0.0265671 0
-0.34639 0
0.0669589 0
0.0228121 0
-0.031211 0
-0.0560635 0
0.055261 0
-0.092753 0
-0.0336993 0
0.136634 0
0.00405137 0
0.0566649 0
-0.036699 0
0.039329 0
0.0373085 0
0.0511747 0
-0.0110785 0
-0.074393 0
0.11479 0
0.0669591 0
0.0228113 0
-0.0461042 0
0.0991514 0
0.00133562 0
-0.047223 0
0.0204543 0
0.0765548 0
-0.0335666 0
-0.10754 0
0.00535591 0
0.0341356 0
-0.0214615 0
0.0293251 0
-0.0906506 0
-0.0482806 0
0.130714 0
-0.0312108 0
-0.0560641 0
0.00133562 0
-0.0472224 0
-0.00126077 0
0.0983871 0
-0.0207684 0
-0.110631 0
0.0782687 0
-0.0280906 0
-0.00174773 0
0.0700666 0
-0.152807 0
0.0150331 0
-0.025761 0
0.055261 0
-0.0927536 0
0.020454 0
0.0765556 0
-0.020769 0
-0.11063 0
-0.00590483 0
0.240061 0
-0.06157 0
0.00137076 0
0.148019 0
-0.0574617 0
0.0611341 0
-0.0336989 0
0.136632 0
-0.0335661 0
-0.107541 0
0.0782688 0
-0.0280912 0
-0.0615698 0
-0.0280837 0
-0.0504203 0
0.0607724 0
-0.206031 0
0.00405113 0
0.0566659 0
0.00535569 0
0.0341361 0
-0.00174768 0
-0.00373605 0
0.0634665 0
0.0382426 0
0.0213923 0
-0.036699 0
0.0393288 0
-0.0214616 0
-0.0711252 0
0.186366 0
-0.0127958 0
-0.166227 0
0.0373087 0
-0.0294275 0
-0.0832677 0
0.0712952 0
0 0
0 0
0 0
0 0
0 0
0 0
0 0
0 0
0 0
0 0
0 0
0 0
0 0
0 0
0 0
0 0
0 0
0 0
0 0
0 0
0 0
0 0
0 0
0 0
0 0
0 0
0 0
0 0
0 0
0 0
0 0
0 0
0 0
0 0
0 0
0 0
0 0
0 0
0 0
0 0
0 0
0 0
0 0
0 0
0 0
0 0
0 0
0 0
0 0
0 0
0 0
0 0
0 0
0 0
0 0
0 0
0 0
0 0
0 0
0 0
0 0
0 0
0 0
0 0
0 0
0 0
0 0
0 0
0 0
0 0
0 0
0 0
0 0
0 0
0 0
0 0
0 0
0 0
0 0
0 0
0 0
0 0
0 0
0 0
0 0
0 0
0 0
0 0
0 0
0 0
0 0
0 0
0 0
0 0
0 0
0 0
0 0
0 0
0 0
0 0
0 0
0 0
0 0
0 0
0 0
0 0
0 0
0 0
0 0
0 0
0 0
0 0
0 0
0 0
0 0
0 0
0 0
0 0
0 0
0 0
0 0
0 0
0 0
0 0
0 0
0 0
0 0
0 0
0 0
0 0
0 0
0 0
0 0
0 0
0 0
0 0
0 0
0 0
0 0
0 0
0 0
-0.0545524 0
0.18875 0
-1.7402e-08 0
-0.18875 0
0.0545526 0
-2.18116e-07 0
-2.32886e-08 0
-0.0407845 0
0.00577986 0
0.0532556 0
0.122997 0
-0.0192545 0
0.0485767 0
-0.0156247 0
-0.11077 0
0.0725623 0
-0.0763838 0
0.00801154 0
-0.0457159 0
0.000280416 0
0.206282 0
-0.0373644 0
-0.161459 0
0.064757 0
0.0734083 0
-0.0800313 0
-0.118745 0
0.0564632 0
0.0191111 0
-0.0266079 0
-0.0819393 0
-0.0112801 0
0.123664 0
-0.040865 0
-0.00596258 0
-0.0100131 0
-0.0553553 0
-0.0194367 0
0.0938357 0
0.0206827 0
-0.166252 0
0.0632204 0
-0.0532558 0
-0.00577937 0
0.0407845 0
-0.122997 0
-4.42747e-08 0
6.58736e-07 0
0.000661835 0
0.108704 0
-0.050214 0
0.0939074 0
0.0156916 0
0.0179502 0
-0.0619738 0
0.294034 0
-0.00404068 0
-0.199386 0
0.0244406 0
0.127127 0
-0.0649283 0
0.0156246 0
-0.0485767 0
0.0192548 0
0.110769 0
-0.000662097 0
-0.108704 0
5.74575e-08 0
-2.04499e-07 0
-0.00817386 0
-0.0685855 0
0.0381176 0
-0.0676245 0
-0.0705703 0
-0.00416324 0
0.0760028 0
-0.034136 0
-0.0271509 0
-0.00801171 0
0.0763844 0
-0.0725621 0
0.0457153 0
0.0502141 0
-0.0939072 0
0.00817389 0
0.0685857 0
6.21282e-08 0
-3.886e-07 0
0.0625073 0
-0.126049 0
-0.00348677 0
0.141189 0
-0.0309347 0
0.037364 0
-0.206281 0
-0.000280436 0
0.161459 0
-0.0156918 0
-0.0179497 0
-0.0381178 0
0.0676245 0
-0.0625072 0
0.126049 0
1.40999e-07 0
-8.252e-07 0
-0.0409882 0
0.0800314 0
-0.073409 0
-0.0647568 0
0.118745 0
0.061974 0
-0.294035 0
0.0705705 0
0.00416404 0
0.0034862 0
-0.141189 0
0.0409885 0
0.0266081 0
-0.0191109 0
-0.0564637 0
0.0819405 0
0.00404087 0
0.199386 0
-0.0760027 0
0.0341355 0
0.0309347 0
0.0408652 0
-0.123665 0
0.0112798 0
0.00596327 0
-0.0244406 0
-0.127127 0
0.0271511 0
0.0194373 0
0.0553541 0
0.0100131 0
-0.0938349 0
0.0649282 0
-0.0632201 0
0.166253 0
-0.0206829 0
0 0
0 0
0 0
0 0
0 0
0 0
0 0
0 0
0 0
0 0
0 0
0 0
0 0
0 0
0 0
0 0
0 0
0 0
0 0
0 0
0 0
0 0
0 0
0 0
0 0
0 0
0 0
0 0
0 0
0 0
0 0
0 0
0 0
0 0
0 0
0 0
0 0
0 0
0 0
0 0
0 0
0 0
0 0
0 0
0 0
0 0
0 0
0 0
0 0
0 0
0 0
0 0
0 0
0 0
0 0
0 0
0 0
0 0
0 0
0 0
0 0
0 0
0 0
0 0
0 0
0 0
0 0
0 0
0 0
0 0
0 0
0 0
0 0
0 0
0 0
0 0
0 0
0 0
0 0
0 0
0 0
0 0
0 0
0 0
0 0
0 0
0 0
0 0
0 0
0 0
0 0
0 0
0 0
0 0
0 0
0 0
0 0
0 0
0 0
0 0
0 0
0 0
0 0
0 0
0 0
0 0
0 0
0 0
0 0
0 0
0 0
0 0
0 0
0 0
0 0
0 0
0 0
0 0
0 0
0 0
0 0
0 0
0 0
0 0
0 0
0 0
0 0
0 0
0 0
0 0
0 0
0 0
0 0
0 0
0 0
0 0
0 0
0 0
0 0
0 0
0 0
0 0
0 0
0 0
0 0
0 0
0 0
0 0
0 0
0 0
0 0
0 0
0 0
0 0
0 0
0 0
0 0
0 0
0 0
0 0
0 0
0 0
0 0
0 0
0 0
0 0
0 0
0 0
0 0
0 0
0 0
0 0
0 0
0 0
0 0
0 0
0 0
0 0
0 0
0 0
0 0
0 0
0 0
0 0
0 0
0 0
0 0
0 0
0 0
0 0
0 0
0 0
0 0
0 0
0 0
0 0
0 0
0 0
0 0
0 0
0 0
0 0
0 0
0 0
0 0
0 0
0 0
0 0
0 0
0 0
0 0
0 0
0 0
0 0
0 0
0 0
0 0
0 0
0 0
0 0
0 0
0 0
0 0
0 0
0 0
0 0
0 0
0 0
0 0
0 0
0 0
0 0
0 0
0 0
0 0
0 0
0 0
0 0
0 0
0 0
0 0
0 0
0 0
0 0
0 0
0 0
0 0
0 0
0 0
0 0
0 0
0 0
0 0
0 0
0 0
0 0
0 0
0 0
0 0
0 0
0 0
0 0
0 0
0 0
0 0
0 0
0 0
0 0
0 0
0 0
0 0
0 0
0 0
0 0
0 0
0 0
0 0
0 0
0 0
0 0
0 0
0 0
-0.0462835 0
0.0245647 0
2.93476e-07 0
-0.0245647 0
0.0462827 0
2.20101e-07 0
-1.39744e-07 0
0.0489483 0
0.00910115 0
0.0327313 0
-0.0390878 0
0.0740775 0
0.0335645 0
-0.110729 0
-0.0385449 0
0.131367 0
-0.0040423 0
-0.0711422 0
-0.0258217 0
0.132068 0
0.0238229 0
-0.0471659 0
-0.0741696 0
0.0703868 0
0.0405773 0
-0.161876 0
-0.0064091 0
0.180196 0
-0.023264 0
-0.0397138 0
-0.0670608 0
0.00269885 0
0.0509786 0
-0.0651154 0
0.0143359 0
-0.0431582 0
-0.00605277 0
-0.10242 0
0.017875 0
0.130521 0
-0.084207 0
0.165352 0
-0.032731 0
-0.00910126 0
-0.0489482 0
0.0390881 0
-2.10994e-07 0
-2.37079e-07 0
-0.0840032 0
0.0851329 0
-0.181727 0
0.0393857 0
0.0328071 0
0.0189569 0
-0.230291 0
0.118008 0
0.0292224 0
-0.0670361 0
-0.00526727 0
0.0555243 0
-0.14492 0
0.110729 0
-0.0335644 0
-0.0740783 0
0.0385449 0
0.0840041 0
-0.0851329 0
-1.74051e-07 0
1.76702e-07 0
0.0259754 0
-0.0529513 0
0.138347 0
-0.0377773 0
-0.168167 0
-0.000448208 0
0.186729 0
-0.0447644 0
-0.0259417 0
0.0711427 0
0.00404195 0
-0.131367 0
0.0258221 0
0.181726 0
-0.0393858 0
-0.0259758 0
0.0529512 0
2.48153e-08 0
9.5061e-08 0
0.147277 0
-0.0415223 0
-0.0171604 0
0.0515424 0
-0.018635 0
0.0471666 0
-0.0238229 0
-0.132069 0
0.0741697 0
-0.0328063 0
-0.0189574 0
-0.138346 0
0.0377774 0
-0.147278 0
0.0415223 0
1.5527e-07 0
-2.9531e-08 0
-0.128841 0
0.161876 0
-0.0405774 0
-0.0703871 0
0.00640916 0
0.230291 0
-0.118008 0
0.168166 0
0.000448149 0
0.0171606 0
-0.0515424 0
0.128841 0
0.0397143 0
0.0232639 0
-0.180196 0
0.067061 0
-0.0292225 0
0.0670358 0
-0.186729 0
0.0447645 0
0.0186348 0
0.0651153 0
-0.0509784 0
-0.00269916 0
-0.0143361 0
0.00526771 0
-0.055524 0
0.025941 0
0.102419 0
0.0060527 0
0.0431586 0
-0.0178749 0
0.14492 0
-0.165352 0
0.084207 0
-0.130521 0
0 0
0 0
0 0
0 0
0 0
0 0
0 0
0 0
0 0
0 0
0 0
0 0
0 0
0 0
0 0
0 0
0 0
0 0
0 0
0 0
0 0
0 0
0 0
0 0
0 0
0 0
0 0
0 0
0 0
0 0
0 0
0 0
0 0
0 0
0 0
0 0
0 0
0 0
0 0
0 0
0 0
0 0
0 0
0 0
0 0
0 0
0 0
0 0
0 0
0 0
0 0
0 0
0 0
0 0
0 0
0 0
0 0
0 0
0 0
0 0
0 0
0 0
0 0
0 0
0 0
0 0
0 0
0 0
0 0
0 0
0 0
0 0
0 0
0 0
0 0
0 0
0 0
0 0
0 0
0 0
0 0
0 0
0 0
0 0
0 0
0 0
0 0
0 0
0 0
0 0
0 0
0 0
0 0
0 0
0 0
0 0
0 0
0 0
0 0
0 0
0 0
0 0
0 0
0 0
0 0
0 0
0 0
0 0
0 0
0 0
0 0
0 0
0 0
0 0
0 0
0 0
0 0
0 0
0 0
0 0
0 0
0 0
0 0
0 0
0 0
0 0
0 0
0 0
0 0
0 0
0 0
0 0
0 0
0 0
0 0
0 0
0 0
0 0
0 0
0 0
0 0
0.182035 0
0.00695427 0
-0.0686383 0
0.00695419 0
0.182035 0
-0.104706 0
0.0245977 0
-0.00472311 0
0.058056 0
-0.135809 0
-0.0797306 0
0.194169 0
-0.0403816 0
-0.0451383 0
0.00338937 0
0.0274385 0
0.0484231 0
-0.019091 0
-0.0662723 0
0.0933492 0
0.0218435 0
-0.165088 0
-0.00999221 0
0.115655 0
-0.0222572 0
0.00102394 0
-0.0342004 0
-0.0467038 0
0.0419672 0
-0.0445728 0
0.0175968 0
0.00306135 0
-0.0225578 0
-0.0449428 0
0.00296101 0
0.00710414 0
-0.0285876 0
0.114962 0
0.0212764 0
-0.127506 0
0.04432 0
-0.0284948 0
-0.135809 0
0.0580558 0
-0.00472354 0
-0.0797302 0
0.0619979 0
0.128431 0
-0.232307 0
-0.00153241 0
0.0893346 0
0.0187285 0
-0.177247 0
0.0778794 0
0.0395444 0
-0.0663445 0
-0.012127 0
0.0555002 0
-0.0196286 0
-0.0478148 0
0.0517592 0
-0.0451374 0
-0.0403818 0
0.194168 0
0.00338982 0
-0.232307 0
-0.00153293 0
0.147766 0
-0.0663281 0
0.0293335 0
0.0320973 0
-0.105733 0
-0.0544638 0
0.180582 0
0.0340076 0
-0.14302 0
-0.00264072 0
0.119842 0
-0.0190903 0
0.048423 0
0.0274375 0
-0.0662722 0
0.0893357 0
0.0187283 0
0.0293334 0
0.0320975 0
-0.0234075 0
-0.0535241 0
0.0948297 0
0.0563358 0
-0.144141 0
-0.009043 0
0.0315803 0
-0.165087 0
0.0218433 0
0.0933487 0
-0.00999186 0
-0.177247 0
0.0778796 0
-0.105734 0
-0.054464 0
0.0948299 0
0.0563358 0
-0.127578 0
-0.0484485 0
0.141503 0
0.00102463 0
-0.0222573 0
0.115655 0
-0.0342006 0
0.0395451 0
-0.0663449 0
0.180583 0
0.0340077 0
-0.144141 0
-0.00904315 0
0.141503 0
-0.0445733 0
0.0419675 0
-0.0467039 0
0.0175968 0
-0.0121273 0
0.0555007 0
-0.143021 0
-0.00264067 0
0.0315806 0
-0.0449432 0
-0.022558 0
0.00306183 0
0.00296089 0
-0.019629 0
-0.047815 0
0.119842 0
0.114962 0
-0.0285877 0
0.00710443 0
0.0212764 0
0.0517596 0
-0.0284954 0
0.0443203 0
-0.127507 0
-0.0555534 0
0.194097 0
7.72785e-08 0
-0.194097 0
0.0555533 0
2.863e-07 0
-1.88776e-07 0
-0.0724081 0
-0.0206373 0
0.0618901 0
0.251721 0
-0.0590008 0
-0.0583223 0
0.0224777 0
-0.00507974 0
0.0174905 0
-0.189671 0
0.0707586 0
0.138027 0
-0.112054 0
0.100236 0
0.0254771 0
0.122437 0
0.0461074 0
-0.192932 0
0.0262696 0
-0.0783084 0
-0.0570739 0
0.0376032 0
0.0442401 0
0.226178 0
-0.0151855 0
-0.00195876 0
-0.0101041 0
-0.17556 0
0.0588622 0
-0.0920361 0
0.0264898 0
0.0744443 0
-0.0732041 0
0.18435 0
-0.0260829 0
-0.0618901 0
0.0206374 0
0.0724081 0
-0.251721 0
1.71093e-08 0
-2.26769e-07 0
0.0441575 0
-0.134189 0
0.0215616 0
-0.0719387 0
0.000576477 0
-0.0523403 0
0.0526928 0
-0.0354376 0
-0.0489755 0
-0.0350507 0
0.0549467 0
0.0328903 0
-0.0312285 0
-0.0224778 0
0.0583225 0
0.0590007 0
0.00507967 0
-0.0441574 0
0.13419 0
9.82507e-08 0
-5.17518e-07 0
0.0130091 0
0.0311974 0
-0.0276875 0
0.107982 0
0.0139459 0
-0.116937 0
0.0121642 0
0.113534 0
-0.0423331 0
-0.0707585 0
0.189671 0
-0.0174905 0
-0.138026 0
-0.021562 0
0.0719394 0
-0.013009 0
-0.0311975 0
4.99217e-08 0
-1.83011e-08 0
-0.0379106 0
0.0107663 0
0.0325049 0
0.00273565 0
-0.0332719 0
-0.025477 0
-0.100235 0
0.112054 0
-0.122438 0
-0.000576572 0
0.0523409 0
0.0276873 0
-0.107982 0
0.0379106 0
-0.0107663 0
-4.67729e-07 0
1.51332e-06 0
-0.000786875 0
-0.0262699 0
0.192933 0
-0.046107 0
0.0783069 0
-0.0526928 0
0.0354385 0
-0.0139458 0
0.116936 0
-0.0325039 0
-0.00273729 0
0.000786475 0
-0.0442409 0
-0.0376016 0
0.0570742 0
-0.226179 0
0.048975 0
0.0350529 0
-0.0121646 0
-0.113533 0
0.0332722 0
0.0101035 0
0.00195919 0
0.0151864 0
0.175558 0
-0.0549469 0
-0.0328901 0
0.0423329 0
-0.0264904 0
0.0920375 0
-0.0588618 0
-0.0744454 0
0.0312287 0
0.0260821 0
-0.184348 0
0.073204 0
0 0
0 0
0 0
0 0
0 0
0 0
0 0
0 0
0 0
0 0
0 0
0 0
0 0
0 0
0 0
0 0
0 0
0 0
0 0
0 0
0 0
0 0
0 0
0 0
0 0
0 0
0 0
0 0
0 0
0 0
0 0
0 0
0 0
0 0
0 0
0 0
0 0
0 0
0 0
0 0
0 0
0 0
0 0
0 0
0 0
0 0
0 0
0 0
0 0
0 0
0 0
0 0
0 0
0 0
0 0
0 0
0 0
0 0
0 0
0 0
0 0
0 0
0 0
0 0
0 0
0 0
0 0
0 0
0 0
0 0
0 0
0 0
0 0
0 0
0 0
0 0
0 0
0 0
0 0
0 0
0 0
0 0
0 0
0 0
0 0
0 0
0 0
0 0
0 0
0 0
0 0
0 0
0 0
0 0
0 0
0 0
0 0
0 0
0 0
0 0
0 0
0 0
0 0
0 0
0 0
0 0
0 0
0 0
0 0
0 0
0 0
0 0
0 0
0 0
0 0
0 0
0 0
0 0
0 0
0 0
0 0
0 0
0 0
0 0
0 0
0 0
0 0
0 0
0 0
0 0
0 0
0 0
0 0
0 0
0 0
0 0
0 0
0 0
0 0
0 0
0 0
-0.0442572 0
-0.017777 0
0.0441933 0
-0.0177781 0
-0.0442569 0
0.172652 0
-0.10961 0
0.00807113 0
-0.0201676 0
0.0109192 0
0.103975 0
-0.0294357 0
0.0454683 0
-0.0071911 0
-0.055327 0
0.0165049 0
-0.0794649 0
0.00968473 0
0.0811726 0
-0.0496905 0
0.00247401 0
0.0218975 0
0.076582 0
-0.0376513 0
-0.0953913 0
0.0262909 0
0.140531 0
-0.033576 0
-0.149179 0
0.0695478 0
0.117946 0
-0.0719012 0
-0.0481667 0
0.0558536 0
0.161011 0
-0.0527709 0
-0.114702 0
0.0458285 0
0.127147 0
0.0132313 0
-0.173996 0
0.0814434 0
0.0109188 0
-0.0201675 0
0.00807157 0
0.103973 0
-0.0334906 0
-0.10037 0
0.0420699 0
0.0227794 0
-0.0101958 0
-0.0716925 0
0.0460301 0
-0.152208 0
-0.00443242 0
0.0256725 0
0.0416026 0
-0.276101 0
0.0333296 0
0.00710319 0
-0.0389965 0
-0.00719125 0
0.0454688 0
-0.0294353 0
-0.055327 0
0.0420695 0
0.0227804 0
-0.0431564 0
0.0917416 0
-0.000410202 0
-0.0187622 0
0.0336384 0
0.0652799 0
-0.0501083 0
0.0688295 0
0.0694533 0
-0.0126718 0
0.00160737 0
0.00968428 0
-0.0794637 0
0.0165049 0
0.0811715 0
-0.010196 0
-0.0716918 0
-0.000410388 0
-0.0187623 0
-0.0242967 0
0.114488 0
-0.0151177 0
-0.13233 0
-0.0542272 0
0.23636 0
-0.0639097 0
0.0218973 0
0.0024736 0
-0.0496898 0
0.0765809 0
0.0460301 0
-0.152208 0
0.0336386 0
0.065279 0
-0.0151172 0
-0.132331 0
0.136527 0
-0.175641 0
-0.0174276 0
0.0262905 0
-0.0953898 0
-0.0376515 0
0.140531 0
-0.00443282 0
0.0256731 0
-0.0501086 0
0.0688307 0
-0.0542274 0
0.23636 0
-0.0174276 0
0.0695474 0
-0.14918 0
-0.0335755 0
0.117945 0
0.041603 0
-0.276101 0
0.0694531 0
-0.0126722 0
-0.0639096 0
0.0558536 0
-0.0481665 0
-0.0719011 0
0.161012 0
0.0333295 0
0.00710264 0
0.00160766 0
0.0458283 0
-0.114702 0
-0.0527714 0
0.127147 0
-0.0389963 0
0.0814437 0
-0.173997 0
0.0132318 0
0 0
0 0
0 0
0 0
0 0
0 0
0 0
0 0
0 0
0 0
0 0
0 0
0 0
0 0
0 0
0 0
0 0
0 0
0 0
0 0
0 0
0 0
0 0
0 0
0 0
0 0
0 0
0 0
0 0
0 0
0 0
0 0
0 0
0 0
0 0
0 0
0 0
0 0
0 0
0 0
0 0
0 0
0 0
0 0
0 0
0 0
0 0
0 0
0 0
0 0
0 0
0 0
0 0
0 0
0 0
0 0
0 0
0 0
0 0
0 0
0 0
0 0
0 0
0 0
0 0
0 0
0 0
0 0
0 0
0 0
0 0
0 0
0 0
0 0
0 0
0 0
0 0
0 0
0 0
0 0
0 0
0 0
0 0
0 0
0 0
0 0
0 0
0 0
0 0
0 0
0 0
0 0
0 0
0 0
0 0
0 0
0 0
0 0
0 0
0 0
0 0
0 0
0 0
0 0
0 0
0 0
0 0
0 0
0 0
0 0
0 0
0 0
0 0
0 0
0 0
0 0
0 0
0 0
0 0
0 0
0 0
0 0
0 0
0 0
0 0
0 0
0 0
0 0
0 0
0 0
0 0
0 0
0 0
0 0
0 0
0 0
0 0
0 0
0 0
0 0
0 0
0 0
0 0
0 0
0 0
0 0
0 0
0 0
0 0
0 0
0 0
0 0
0 0
0 0
0 0
0 0
0 0
0 0
0 0
0 0
0 0
0 0
0 0
0 0
0 0
0 0
0 0
0 0
0 0
0 0
0 0
0 0
0 0
0 0
0 0
0 0
0 0
0 0
0 0
0 0
0 0
0 0
0 0
0 0
0 0
0 0
0 0
0 0
0 0
0 0
0 0
0 0
0 0
0 0
0 0
0 0
0 0
0 0
0 0
0 0
0 0
0 0
0 0
0 0
0 0
0 0
0 0
0 0
0 0
0 0
0 0
0 0
0 0
0 0
0 0
0 0
0 0
0 0
0 0
0 0
0 0
0 0
0 0
0 0
0 0
0 0
0 0
0 0
0 0
0 0
0 0
0 0
0 0
0 0
0 0
0 0
0 0
0 0
0 0
0 0
0 0
0 0
0 0
0 0
0 0
0 0
0 0
0 0
0 0
0 0
0 0
0 0
0 0
0 0
0 0
0 0
0 0
0 0
0 0
0 0
0 0
0 0
0 0
0 0
0 0
0 0
0 0
0 0
0 0
0 0
0 0
0 0
0 0
0 0
0 0
0 0
0 0
0 0
0 0
0 0
0 0
0 0
-0.0786591 0
0.000126947 0
0.126959 0
0.000121631 0
-0.0786498 0
0.0448014 0
-0.0758127 0
0.0581449 0
0.0248581 0
-0.0487057 0
0.0129831 0
0.00743287 0
0.0133688 0
-0.0897884 0
-0.0310742 0
0.0877307 0
-0.0310751 0
0.0388804 0
0.012917 0
-0.0602881 0
0.042553 0
-0.0249621 0
-0.0182622 0
0.157647 0
-0.0189029 0
-0.0539629 0
-0.0588004 0
0.0367702 0
0.0388151 0
-0.041799 0
-0.00124061 0
0.175153 0
0.0181766 0
-0.122286 0
-0.137353 0
0.206961 0
0.0356592 0
-0.112375 0
-0.0321124 0
-0.103582 0
0.0889418 0
-0.212523 0
-0.0487138 0
0.0248569 0
0.0581537 0
0.0129785 0
-0.106966 0
0.0312318 0
0.00399651 0
-0.00253566 0
-0.0688386 0
0.0297885 0
-0.0386937 0
0.00870491 0
-0.00587222 0
0.053662 0
-0.207949 0
0.0704761 0
0.0615481 0
0.0313896 0
0.00132164 0
-0.0897852 0
0.0133687 0
0.00743863 0
-0.0310731 0
0.00399337 0
-0.00253484 0
0.0728593 0
-0.0316361 0
0.0133418 0
-0.00565945 0
0.0170585 0
-0.0125848 0
0.0437488 0
-0.0636014 0
-0.0779442 0
0.0431313 0
-0.16371 0
0.0388719 0
-0.0310711 0
0.0877248 0
0.0129152 0
-0.068838 0
0.0297891 0
0.0133412 0
-0.00565965 0
-0.0126087 0
0.017498 0
-0.0211699 0
0.00734134 0
0.235695 0
-0.0847362 0
0.102944 0
-0.0249607 0
0.0425484 0
-0.0602772 0
-0.0182626 0
-0.0386953 0
0.00870556 0
0.0170598 0
-0.0125859 0
-0.0211703 0
0.0073427 0
-0.237827 0
0.113168 0
-0.0645485 0
-0.05396 0
-0.0188995 0
0.157639 0
-0.0587983 0
-0.00587389 0
0.0536603 0
0.0437515 0
-0.0636 0
0.235691 0
-0.0847365 0
-0.0645479 0
-0.0418048 0
0.0388145 0
0.0367734 0
-0.00124391 0
-0.207945 0
0.0704782 0
-0.0779475 0
0.0431298 0
0.102948 0
-0.122282 0
0.018175 0
0.175156 0
-0.13735 0
0.0615401 0
0.0313891 0
-0.163706 0
-0.112377 0
0.0356619 0
0.206957 0
-0.032115 0
0.00132721 0
-0.212525 0
0.0889405 0
-0.103575 0
0 0
0 0
0 0
0 0
0 0
0 0
0 0
0 0
0 0
0 0
0 0
0 0
0 0
0 0
0 0
0 0
0 0
0 0
0 0
0 0
0 0
0 0
0 0
0 0
0 0
0 0
0 0
0 0
0 0
0 0
0 0
0 0
0 0
0 0
0 0
0 0
0 0
0 0
0 0
0 0
0 0
0 0
0 0
0 0
0 0
0 0
0 0
0 0
0 0
0 0
0 0
0 0
0 0
0 0
0 0
0 0
0 0
0 0
0 0
0 0
0 0
0 0
0 0
0 0
0 0
0 0
0 0
0 0
0 0
0 0
0 0
0 0
0 0
0 0
0 0
0 0
0 0
0 0
0 0
0 0
0 0
0 0
0 0
0 0
0 0
0 0
0 0
0 0
0 0
0 0
0 0
0 0
0 0
0 0
0 0
0 0
0 0
0 0
0 0
0 0
0 0
0 0
0 0
0 0
0 0
0 0
0 0
0 0
0 0
0 0
0 0
0 0
0 0
0 0
0 0
0 0
0 0
0 0
0 0
0 0
0 0
0 0
0 0
0 0
0 0
0 0
0 0
0 0
0 0
0 0
0 0
0 0
0 0
0 0
0 0
0 0
0 0
0 0
0 0
0 0
0 0
-0.20127 0
0.115839 0
-2.88581e-06 0
-0.115839 0
0.201274 0
-1.01157e-06 0
1.70297e-06 0
-0.185857 0
0.0245369 0
0.176522 0
0.0976453 0
-0.125849 0
0.00560584 0
-0.0700831 0
-0.0227481 0
0.131577 0
-0.0872951 0
0.177678 0
0.0356324 0
-0.234015 0
0.0981219 0
-0.023325 0
0.0116915 0
0.169642 0
-0.0697521 0
-0.0640947 0
-0.0459458 0
-0.060527 0
0.0105669 0
0.123113 0
0.0705823 0
-0.0648874 0
0.0352002 0
-0.0972921 0
-0.06089 0
0.097754 0
-0.0578176 0
0.0467853 0
0.0550809 0
-0.154028 0
0.030096 0
0.0469338 0
-0.17652 0
-0.0245382 0
0.185855 0
-0.097646 0
2.52172e-06 0
-7.00016e-07 0
0.0669625 0
-0.0173872 0
-0.0119103 0
-0.0112432 0
0.026765 0
-0.0145592 0
0.0384115 0
0.0370085 0
-0.101002 0
-0.0474587 0
0.164078 0
0.0130297 0
-0.123553 0
0.0700875 0
-0.00560654 0
0.125849 0
0.0227497 0
-0.0669628 0
0.0173872 0
-1.63912e-06 0
8.58173e-07 0
0.020745 0
-0.000520601 0
-0.0191064 0
0.0258475 0
-0.0548627 0
-0.0343707 0
0.0882047 0
0.0248565 0
-0.0824407 0
-0.177679 0
0.0872967 0
-0.131581 0
-0.0356331 0
0.011914 0
0.0112417 0
-0.020746 0
0.000520996 0
3.56716e-07 0
-5.70864e-07 0
-0.00755352 0
-0.0214416 0
0.0756995 0
0.0101979 0
-0.0858108 0
0.0233262 0
-0.098124 0
0.234018 0
-0.0116907 0
-0.0267628 0
0.0145588 0
0.0191055 0
-0.025847 0
0.00755496 0
0.0214414 0
5.14201e-06 0
-2.56399e-06 0
-0.0229194 0
0.0640975 0
0.0697529 0
-0.169649 0
0.0459487 0
-0.0384115 0
-0.037011 0
0.0548605 0
0.0343738 0
-0.0757105 0
-0.0101942 0
0.0229226 0
-0.123111 0
-0.0105686 0
0.0605253 0
-0.0705824 0
0.101012 0
0.0474555 0
-0.0882013 0
-0.0248585 0
0.0858066 0
0.0972978 0
-0.035201 0
0.0648795 0
0.0608964 0
-0.164082 0
-0.0130309 0
0.082448 0
-0.0467804 0
0.057816 0
-0.0977636 0
-0.0550796 0
0.123553 0
-0.0469239 0
-0.0301004 0
0.154034 0
-0.0696171 0
-0.0220458 0
0.101536 0
-0.0220452 0
-0.0696173 0
0.266365 0
-0.290453 0
0.0306325 0
0.0856031 0
-0.0182366 0
0.106612 0
-0.0197661 0
0.13788 0
-0.0633385 0
-0.181094 0
0.0845374 0
-0.137949 0
1.9594e-05 0
0.0435579 0
-0.0493148 0
0.136867 0
0.00030664 0
-0.020913 0
0.070411 0
-0.0111469 0
-0.0354717 0
-0.196276 0
2.46572e-05 0
0.109991 0
-0.0280279 0
0.0862051 0
0.0160329 0
0.034595 0
-0.0408052 0
-0.172424 0
0.0536383 0
-0.0454117 0
0.00303508 0
0.0409901 0
-0.0510844 0
0.140401 0
-0.0267214 0
-0.0182364 0
0.085603 0
0.0306322 0
0.106613 0
-0.068184 0
0.00647824 0
0.0324248 0
0.0718451 0
-0.0589391 0
0.071672 0
-0.00960472 0
-0.0199229 0
0.0372086 0
0.0983389 0
-0.0636085 0
0.0186538 0
0.0298781 0
0.0566666 0
-0.0282844 0
-0.0633384 0
0.137879 0
-0.0197664 0
-0.181094 0
0.032425 0
0.0718443 0
-0.00979169 0
-0.112439 0
0.0324098 0
-0.061239 0
-0.0175559 0
0.136498 0
-0.0241477 0
-0.157594 0
0.0237881 0
0.0633691 0
-0.0345482 0
1.98869e-05 0
-0.137949 0
0.0845374 0
0.0435584 0
-0.0589389 0
0.0716717 0
0.0324099 0
-0.0612391 0
0.0149134 0
0.0750879 0
-0.0257163 0
-0.130633 0
0.08181 0
0.0266205 0
-0.0256372 0
0.000306829 0
0.136867 0
-0.0493153 0
-0.020912 0
-0.00960491 0
-0.0199229 0
-0.0175559 0
0.136498 0
-0.0257165 0
-0.130633 0
0.0115389 0
0.223937 0
-0.0717084 0
-0.0354714 0
-0.011148 0
0.0704111 0
-0.196277 0
0.0372089 0
0.0983385 0
-0.0241476 0
-0.157594 0
0.0818101 0
0.0266202 0
-0.0717084 0
-0.0280276 0
0.109991 0
2.44249e-05 0
0.0862061 0
-0.0636087 0
0.0186539 0
0.0237881 0
0.0633695 0
-0.0256373 0
-0.0408053 0
0.0345952 0
0.0160328 0
-0.172425 0
0.0298782 0
0.0566669 0
-0.0345484 0
0.00303519 0
-0.0454124 0
0.0536386 0
0.0409903 0
-0.0282846 0
-0.0267215 0
0.140402 0
-0.0510847 0
0 0
0 0
0 0
0 0
0 0
0 0
0 0
0 0
0 0
0 0
0 0
0 0
0 0
0 0
0 0
0 0
0 0
0 0
0 0
0 0
0 0
0 0
0 0
0 0
0 0
0 0
0 0
0 0
0 0
0 0
0 0
0 0
0 0
0 0
0 0
0 0
0 0
0 0
0 0
0 0
0 0
0 0
0 0
0 0
0 0
0 0
0 0
0 0
0 0
0 0
0 0
0 0
0 0
0 0
0 0
0 0
0 0
0 0
0 0
0 0
0 0
0 0
0 0
0 0
0 0
0 0
0 0
0 0
0 0
0 0
0 0
0 0
0 0
0 0
0 0
0 0
0 0
0 0
0 0
0 0
0 0
0 0
0 0
0 0
0 0
0 0
0 0
0 0
0 0
0 0
0 0
0 0
0 0
0 0
0 0
0 0
0 0
0 0
0 0
0 0
0 0
0 0
0 0
0 0
0 0
0 0
0 0
0 0
0 0
0 0
0 0
0 0
0 0
0 0
0 0
0 0
0 0
0 0
0 0
0 0
0 0
0 0
0 0
0 0
0 0
0 0
0 0
0 0
0 0
0 0
0 0
0 0
0 0
0 0
0 0
0 0
0 0
0 0
0 0
0 0
0 0
-0.0292286 0
0.102732 0
3.03798e-08 0
-0.102732 0
0.0292286 0
-1.01456e-07 0
-1.1523e-07 0
0.0265791 0
-0.0197121 0
0.0350792 0
-0.0656679 0
0.00907465 0
0.195771 0
-0.0498228 0
-0.159257 0
-0.000785591 0
0.0801559 0
-0.078262 0
0.0816655 0
-0.0112646 0
-0.183663 0
0.0293111 0
0.138494 0
-0.00014056 0
-0.158136 0
0.0962933 0
0.0200992 0
-0.018949 0
0.148469 0
0.00273721 0
-0.106593 0
0.0211045 0
0.126396 0
-0.0774566 0
-0.0878689 0
0.0264897 0
-0.0416673 0
-0.0237387 0
0.0420588 0
0.00143657 0
-0.0471674 0
0.0249527 0
-0.0350794 0
0.0197127 0
-0.0265791 0
0.0656675 0
1.19391e-07 0
2.15366e-08 0
0.0780332 0
-0.088484 0
-0.032849 0
0.111257 0
-0.0654318 0
-0.039333 0
0.00795974 0
-0.00602156 0
0.0572083 0
-0.0704411 0
0.00360399 0
0.146578 0
-0.0545512 0
0.0498226 0
-0.195771 0
-0.00907471 0
0.159258 0
-0.0780333 0
0.088484 0
2.36137e-07 0
-6.84986e-07 0
0.0415984 0
-0.242403 0
0.0775184 0
0.0369871 0
-0.0620408 0
0.167819 0
-0.0228934 0
-0.0245277 0
-0.0350743 0
0.0782622 0
-0.0801569 0
0.000785534 0
-0.0816648 0
0.0328487 0
-0.111257 0
-0.0415983 0
0.242404 0
-8.586e-08 0
-4.11999e-07 0
-0.033943 0
0.0700433 0
-0.00269278 0
-0.229237 0
0.0721861 0
-0.0293107 0
0.183662 0
0.0112646 0
-0.138494 0
0.0654318 0
0.0393326 0
-0.0775187 0
-0.0369865 0
0.0339433 0
-0.0700439 0
5.77141e-08 0
4.65111e-07 0
0.0655069 0
-0.0962934 0
0.158137 0
0.000140575 0
-0.0201 0
-0.00795932 0
0.00602136 0
0.0620405 0
-0.167818 0
0.00269272 0
0.229237 0
-0.0655073 0
-0.00273768 0
-0.148468 0
0.018949 0
0.106593 0
-0.0572083 0
0.0704414 0
0.0228935 0
0.0245267 0
-0.0721858 0
0.0774565 0
-0.126397 0
-0.0211044 0
0.0878693 0
-0.00360418 0
-0.146578 0
0.0350746 0
0.023739 0
0.0416668 0
-0.0264898 0
-0.0420584 0
0.0545511 0
-0.0249525 0
0.0471674 0
-0.00143669 0
0 0
0 0
0 0
0 0
0 0
0 0
0 0
0 0
0 0
0 0
0 0
0 0
0 0
0 0
0 0
0 0
0 0
0 0
0 0
0 0
0 0
0 0
0 0
0 0
0 0
0 0
0 0
0 0
0 0
0 0
0 0
0 0
0 0
0 0
0 0
0 0
0 0
0 0
0 0
0 0
0 0
0 0
0 0
0 0
0 0
0 0
0 0
0 0
0 0
0 0
0 0
0 0
0 0
0 0
0 0
0 0
0 0
0 0
0 0
0 0
0 0
0 0
0 0
0 0
0 0
0 0
0 0
0 0
0 0
0 0
0 0
0 0
0 0
0 0
0 0
0 0
0 0
0 0
0 0
0 0
0 0
0 0
0 0
0 0
0 0
0 0
0 0
0 0
0 0
0 0
0 0
0 0
0 0
0 0
0 0
0 0
0 0
0 0
0 0
0 0
0 0
0 0
0 0
0 0
0 0
0 0
0 0
0 0
0 0
0 0
0 0
0 0
0 0
0 0
0 0
0 0
0 0
0 0
0 0
0 0
0 0
0 0
0 0
0 0
0 0
0 0
0 0
0 0
0 0
0 0
0 0
0 0
0 0
0 0
0 0
0 0
0 0
0 0
0 0
0 0
0 0
-0.0255788 0
-0.00682514 0
-0.00876862 0
-0.0068256 0
-0.0255787 0
0.0967478 0
0.0425948 0
-0.00768188 0
-0.128023 0
0.038625 0
0.110111 0
0.0207292 0
-0.0346262 0
0.0460186 0
-0.142097 0
0.0238863 0
0.195688 0
-0.0456728 0
-0.131575 0
-0.000338013 0
0.156746 0
-0.0997812 0
-0.0240761 0
0.0227423 0
-0.165342 0
0.00242119 0
0.115529 0
-0.00826798 0
-0.111459 0
0.0783543 0
0.0229765 0
-0.0116032 0
0.110342 0
0.00031464 0
-0.0958875 0
0.0290538 0
0.0992537 0
-0.0587107 0
-0.0993326 0
0.0193831 0
0.0303893 0
-0.0364077 0
0.0386248 0
-0.128023 0
-0.0076819 0
0.110111 0
-0.0729122 0
0.0151581 0
0.0325098 0
0.023702 0
0.0488876 0
-0.0475943 0
-0.00902903 0
0.100713 0
-0.0785333 0
0.0329917 0
0.0070582 0
-0.0785584 0
0.0384902 0
0.04912 0
0.0145177 0
0.0460188 0
-0.034627 0
0.0207292 0
-0.142096 0
0.0325094 0
0.0237024 0
-0.0935183 0
0.251627 0
-0.0155756 0
-0.154916 0
0.036159 0
-0.059988 0
0.0543172 0
-0.147081 0
-0.00320217 0
0.235831 0
-0.0818709 0
-0.0456726 0
0.195687 0
0.0238863 0
-0.131575 0
0.0488878 0
-0.0475947 0
-0.0155759 0
-0.154915 0
0.0556564 0
0.132636 0
-0.0604836 0
0.118115 0
0.0257919 0
-0.053666 0
-0.051808 0
-0.0997814 0
0.156747 0
-0.000337875 0
-0.0240768 0
-0.00902867 0
0.100713 0
0.0361586 0
-0.0599882 0
-0.0604835 0
0.118115 0
-0.0271748 0
-0.148154 0
0.0576601 0
0.00242071 0
-0.165341 0
0.0227422 0
0.11553 0
-0.0785333 0
0.0329917 0
0.0543176 0
-0.147082 0
0.0257919 0
-0.0536648 0
0.0576598 0
0.0783543 0
-0.11146 0
-0.00826792 0
0.0229771 0
0.00705788 0
-0.0785579 0
-0.00320203 0
0.235831 0
-0.0518083 0
0.000315098 0
0.110341 0
-0.0116032 0
-0.0958871 0
0.0384901 0
0.0491195 0
-0.0818708 0
-0.0587106 0
0.0992539 0
0.0290537 0
-0.099333 0
0.014518 0
-0.0364079 0
0.0303896 0
0.0193832 0
0 0
0 0
0 0
0 0
0 0
0 0
0 0
0 0
0 0
0 0
0 0
0 0
0 0
0 0
0 0
0 0
0 0
0 0
0 0
0 0
0 0
0 0
0 0
0 0
0 0
0 0
0 0
0 0
0 0
0 0
0 0
0 0
0 0
0 0
0 0
0 0
0 0
0 0
0 0
0 0
0 0
0 0
0 0
0 0
0 0
0 0
0 0
0 0
0 0
0 0
0 0
0 0
0 0
0 0
0 0
0 0
0 0
0 0
0 0
0 0
0 0
0 0
0 0
0 0
0 0
0 0
0 0
0 0
0 0
0 0
0 0
0 0
0 0
0 0
0 0
0 0
0 0
0 0
0 0
0 0
0 0
0 0
0 0
0 0
0 0
0 0
0 0
0 0
0 0
0 0
0 0
0 0
0 0
0 0
0 0
0 0
0 0
0 0
0 0
0 0
0 0
0 0
0 0
0 0
0 0
0 0
0 0
0 0
0 0
0 0
0 0
0 0
0 0
0 0
0 0
0 0
0 0
0 0
0 0
0 0
0 0
0 0
0 0
0 0
0 0
0 0
0 0
0 0
0 0
0 0
0 0
0 0
0 0
0 0
0 0
0 0
0 0
0 0
0 0
0 0
0 0
0 0
0 0
0 0
0 0
0 0
0 0
0 0
0 0
0 0
0 0
0 0
0 0
0 0
0 0
0 0
0 0
0 0
0 0
0 0
0 0
0 0
0 0
0 0
0 0
0 0
0 0
0 0
0 0
0 0
0 0
0 0
0 0
0 0
0 0
0 0
0 0
0 0
0 0
0 0
0 0
0 0
0 0
0 0
0 0
0 0
0 0
0 0
0 0
0 0
0 0
0 0
0 0
0 0
0 0
0 0
0 0
0 0
0 0
0 0
0 0
0 0
0 0
0 0
0 0
0 0
0 0
0 0
0 0
0 0
0 0
0 0
0 0
0 0
0 0
0 0
0 0
0 0
0 0
0 0
0 0
0 0
0 0
0 0
0 0
0 0
0 0
0 0
0 0
0 0
0 0
0 0
0 0
0 0
0 0
0 0
0 0
0 0
0 0
0 0
0 0
0 0
0 0
0 0
0 0
0 0
0 0
0 0
0 0
0 0
0 0
0 0
0 0
0 0
0 0
0 0
0 0
0 0
0 0
0 0
0 0
0 0
0 0
0 0
0 0
0 0
0 0
0 0
0 0
0 0
0 0
0 0
0 0
0 0
0 0
0 0
0 0
0 0
0 0
0 0
0 0
0 0
-0.15368 0
0.00292161 0
0.197515 0
0.00292146 0
-0.15368 0
0.0871633 0
-0.126365 0
0.104922 0
0.0252644 0
-0.0533948 0
0.0310066 0
0.019315 0
0.0336063 0
-0.133569 0
-0.077174 0
0.213245 0
-0.0357056 0
0.00446273 0
-0.00998799 0
-0.152219 0
0.0833662 0
-0.100376 0
0.0228507 0
0.133239 0
-0.0736707 0
-0.0213898 0
-0.0322869 0
-0.111859 0
0.00957317 0
0.130442 0
0.0889639 0
-0.150766 0
0.0145408 0
-0.0501269 0
0.00240875 0
0.00436646 0
-0.0901696 0
0.15307 0
0.0848723 0
-0.158921 0
0.00470278 0
0.142136 0
-0.0533951 0
0.0252644 0
0.104922 0
0.0310066 0
-0.223547 0
0.0608694 0
0.014867 0
0.00723535 0
-0.0288663 0
0.0200304 0
-0.0547676 0
-0.0134236 0
0.0826334 0
-0.00571672 0
-0.023704 0
-0.0688825 0
0.138583 0
-0.0155099 0
-0.123439 0
-0.133569 0
0.0336061 0
0.0193152 0
-0.077174 0
0.0148668 0
0.00723536 0
-0.00898589 0
-0.00980876 0
0.0199979 0
-0.0217739 0
0.014754 0
0.0267256 0
-0.0407255 0
0.000569995 0
0.105427 0
-0.000907386 0
0.034915 0
0.00446258 0
-0.0357054 0
0.213244 0
-0.00998813 0
-0.0288662 0
0.0200304 0
0.0199982 0
-0.0217741 0
0.0340255 0
0.0263632 0
-0.058605 0
-0.0182849 0
-0.0665159 0
0.0585039 0
-0.13741 0
-0.100376 0
0.083366 0
-0.152219 0
0.0228507 0
-0.054768 0
-0.0134234 0
0.0147543 0
0.0267253 0
-0.0586045 0
-0.0182849 0
0.183433 0
-0.064794 0
0.0138098 0
-0.0213898 0
-0.0736706 0
0.133239 0
-0.0322869 0
0.0826327 0
-0.00571663 0
-0.0407255 0
0.000570179 0
-0.0665164 0
0.058504 0
0.0138096 0
0.130442 0
0.00957322 0
-0.111859 0
0.0889635 0
-0.0237036 0
-0.0688825 0
0.105427 0
-0.000907635 0
-0.13741 0
-0.0501273 0
0.0145409 0
-0.150766 0
0.00240885 0
0.138582 0
-0.0155098 0
0.0349154 0
0.15307 0
-0.0901696 0
0.00436629 0
0.0848723 0
-0.123439 0
0.142137 0
0.00470258 0
-0.158921 0
0 0
0 0
0 0
0 0
0 0
0 0
0 0
0 0
0 0
0 0
0 0
0 0
0 0
0 0
0 0
0 0
0 0
0 0
0 0
0 0
0 0
0 0
0 0
0 0
0 0
0 0
0 0
0 0
0 0
0 0
0 0
0 0
0 0
0 0
0 0
0 0
0 0
0 0
0 0
0 0
0 0
0 0
0 0
0 0
0 0
0 0
0 0
0 0
0 0
0 0
0 0
0 0
0 0
0 0
0 0
0 0
0 0
0 0
0 0
0 0
0 0
0 0
0 0
0 0
0 0
0 0
0 0
0 0
0 0
0 0
0 0
0 0
0 0
0 0
0 0
0 0
0 0
0 0
0 0
0 0
0 0
0 0
0 0
0 0
0 0
0 0
0 0
0 0
0 0
0 0
0 0
0 0
0 0
0 0
0 0
0 0
0 0
0 0
0 0
0 0
0 0
0 0
0 0
0 0
0 0
0 0
0 0
0 0
0 0
0 0
0 0
0 0
0 0
0 0
0 0
0 0
0 0
0 0
0 0
0 0
0 0
0 0
0 0
0 0
0 0
0 0
0 0
0 0
0 0
0 0
0 0
0 0
0 0
0 0
0 0
0 0
0 0
0 0
0 0
0 0
0 0
0.0542235 0
-0.0352903 0
3.43695e-07 0
0.0352902 0
-0.0542233 0
-5.77993e-08 0
-1.98766e-07 0
-0.0602062 0
0.00235178 0
-0.0635285 0
0.0417616 0
-0.0762506 0
-0.0609502 0
0.115946 0
0.0737059 0
-0.00128322 0
-0.0264613 0
0.163369 0
-0.0464223 0
0.108949 0
0.0660695 0
-0.073421 0
-0.0955645 0
0.0610867 0
0.0670033 0
-0.256937 0
-0.0134902 0
0.0219684 0
-0.0509652 0
-0.0288438 0
0.0500242 0
-0.0605534 0
-0.046226 0
0.178103 0
0.0426552 0
-0.0665127 0
0.0252901 0
0.0374708 0
-0.0196451 0
0.0115116 0
0.0124125 0
-0.0566149 0
0.0635277 0
-0.00235125 0
0.0602065 0
-0.041762 0
6.65339e-07 0
8.49559e-10 0
-0.163538 0
0.0366295 0
0.0448051 0
-0.0199215 0
0.144565 0
0.0283841 0
-0.0387239 0
0.0117094 0
-0.125651 0
0.0225342 0
-0.0141115 0
-0.055929 0
0.120617 0
-0.115947 0
0.0609504 0
0.0762503 0
-0.0737054 0
0.163538 0
-0.0366297 0
1.07855e-06 0
-4.01346e-07 0
-0.124793 0
0.100079 0
-0.197796 0
-0.00209858 0
0.126331 0
-0.0847155 0
0.0662348 0
0.0144119 0
0.0776236 0
-0.163368 0
0.0264606 0
0.00128242 0
0.0464229 0
-0.0448059 0
0.0199215 0
0.124793 0
-0.100078 0
-8.49124e-07 0
-1.71309e-08 0
0.0782413 0
-0.0494247 0
0.0825736 0
0.0781662 0
-0.191355 0
0.0734229 0
-0.0660698 0
-0.108949 0
0.0955646 0
-0.144565 0
-0.0283845 0
0.197796 0
0.00209868 0
-0.0782404 0
0.0494241 0
6.24027e-07 0
2.17873e-07 0
-0.150283 0
0.256937 0
-0.0670029 0
-0.0610869 0
0.0134898 0
0.0387249 0
-0.0117093 0
-0.126332 0
0.084716 0
-0.0825738 0
-0.078166 0
0.150282 0
0.0288428 0
0.0509653 0
-0.0219677 0
-0.0500243 0
0.125651 0
-0.0225339 0
-0.066235 0
-0.0144126 0
0.191356 0
-0.178103 0
0.0462258 0
0.0605534 0
-0.0426549 0
0.0141108 0
0.0559288 0
-0.0776221 0
-0.0374701 0
-0.0252903 0
0.0665124 0
0.0196453 0
-0.120617 0
0.0566153 0
-0.0124124 0
-0.011512 0
0 0
0 0
0 0
0 0
0 0
0 0
0 0
0 0
0 0
0 0
0 0
0 0
0 0
0 0
0 0
0 0
0 0
0 0
0 0
0 0
0 0
0 0
0 0
0 0
0 0
0 0
0 0
0 0
0 0
0 0
0 0
0 0
0 0
0 0
0 0
0 0
0 0
0 0
0 0
0 0
0 0
0 0
0 0
0 0
0 0
0 0
0 0
0 0
0 0
0 0
0 0
0 0
0 0
0 0
0 0
0 0
0 0
0 0
0 0
0 0
0 0
0 0
0 0
0 0
0 0
0 0
0 0
0 0
0 0
0 0
0 0
0 0
0 0
0 0
0 0
0 0
0 0
0 0
0 0
0 0
0 0
0 0
0 0
0 0
0 0
0 0
0 0
0 0
0 0
0 0
0 0
0 0
0 0
0 0
0 0
0 0
0 0
0 0
0 0
0 0
0 0
0 0
0 0
0 0
0 0
0 0
0 0
0 0
0 0
0 0
0 0
0 0
0 0
0 0
0 0
0 0
0 0
0 0
0 0
0 0
0 0
0 0
0 0
0 0
0 0
0 0
0 0
0 0
0 0
0 0
0 0
0 0
0 0
0 0
0 0
0 0
0 0
0 0
0 0
0 0
0 0
-0.0119996 0
0.00115777 0
-0.0768876 0
0.00115811 0
-0.0120001 0
0.00667924 0
0.0497457 0
-0.0434029 0
-0.0517284 0
0.0850209 0
0.033883 0
0.0525317 0
-0.014179 0
0.129823 0
-0.0573824 0
0.0853656 0
0.0867635 0
-0.135083 0
-0.0842799 0
0.062513 0
0.0439055 0
-0.241201 0
-0.00332809 0
-0.0329637 0
-0.0602673 0
0.0314533 0
0.0863623 0
-0.0776008 0
-0.05349 0
0.203753 0
0.0182811 0
-0.0173651 0
0.024075 0
0.053679 0
-0.0289949 0
0.0370063 0
0.0416211 0
-0.117105 0
-0.0395836 0
0.064174 0
-0.000882393 0
-0.0609656 0
0.0850215 0
-0.0517284 0
-0.0434024 0
0.0338826 0
-0.119919 0
0.00617823 0
0.0499159 0
0.0174135 0
0.129124 0
-0.0190613 0
-0.0185856 0
0.0336296 0
-0.173434 0
-0.000448211 0
0.0349051 0
-0.0413214 0
0.0763904 0
0.0200127 0
0.0311223 0
0.129821 0
-0.0141784 0
0.0525324 0
-0.0573831 0
0.0499172 0
0.0174132 0
-0.235525 0
0.103127 0
-0.0487059 0
-0.0526701 0
0.0829951 0
-0.034171 0
0.139986 0
-0.0489219 0
0.0236276 0
0.073149 0
-0.173444 0
-0.135084 0
0.0867637 0
0.0853657 0
-0.0842796 0
0.129124 0
-0.0190609 0
-0.0487054 0
-0.0526707 0
0.135605 0
0.0277778 0
-0.112555 0
0.0807692 0
-0.00461316 0
-0.0287097 0
-0.0914239 0
-0.241201 0
0.043905 0
0.0625123 0
-0.00332743 0
-0.0185868 0
0.0336293 0
0.0829967 0
-0.034171 0
-0.112556 0
0.0807696 0
-0.145818 0
-0.0712024 0
0.191255 0
0.0314553 0
-0.0602679 0
-0.032964 0
0.0863624 0
-0.173433 0
-0.00044827 0
0.139985 0
-0.0489212 0
-0.00461392 0
-0.0287103 0
0.191255 0
0.203753 0
-0.0534896 0
-0.0776012 0
0.0182809 0
0.0349059 0
-0.0413216 0
0.0236273 0
0.0731488 0
-0.0914223 0
0.0536778 0
0.0240752 0
-0.0173647 0
-0.0289953 0
0.0763906 0
0.0200131 0
-0.173445 0
-0.117105 0
0.0416208 0
0.0370068 0
-0.0395834 0
0.0311214 0
-0.0609653 0
-0.000882369 0
0.0641736 0
-0.0341298 0
0.0114517 0
-0.0259935 0
0.0113988 0
-0.0341151 0
0.111394 0
0.0651308 0
-0.00818104 0
-0.197336 0
0.0520088 0
0.159177 0
-0.0104265 0
-0.133203 0
0.0913519 0
0.00840503 0
-0.050342 0
0.0923375 0
0.0113192 0
0.0678352 0
0.0228621 0
0.00198306 0
-0.0260847 0
-0.145823 0
0.0663377 0
-0.00859811 0
0.00182024 0
-0.066671 0
-0.0365207 0
0.233018 0
-0.0620537 0
-0.0438135 0
0.0193262 0
0.0145905 0
-0.068151 0
-0.0347429 0
0.0170498 0
-0.154697 0
0.0383451 0
0.131694 0
-0.0180483 0
-0.0659849 0
0.0605482 0
0.0519859 0
-0.197307 0
-0.00818827 0
0.159172 0
-0.081284 0
-0.0491266 0
0.0555016 0
-0.140182 0
-0.0155548 0
0.123117 0
0.00404109 0
0.00936886 0
0.0127425 0
0.0157938 0
0.0453018 0
-0.120771 0
-0.0131931 0
0.199577 0
-0.0935112 0
0.0913623 0
-0.133269 0
-0.0104161 0
0.00844234 0
0.0554836 0
-0.14016 0
0.0434973 0
0.137608 0
-0.0616273 0
-0.0612189 0
-0.0223511 0
0.12431 0
-0.0675827 0
0.0821545 0
0.0431207 0
-0.102248 0
-0.0273062 0
0.0113445 0
0.0923125 0
-0.0503577 0
0.0678755 0
-0.0155496 0
0.123038 0
-0.0615896 0
-0.0612619 0
0.119241 0
-0.267152 0
0.0173556 0
0.0866473 0
-0.025386 0
-0.0853416 0
0.0521078 0
-0.0260767 0
0.00197908 0
0.022847 0
-0.145809 0
0.00404505 0
0.00942079 0
-0.022364 0
0.124343 0
0.017357 0
0.0866099 0
-0.0446208 0
-0.0248935 0
0.0307573 0
0.00183021 0
-0.00863036 0
0.06634 0
-0.0666602 0
0.0127205 0
0.0158025 0
-0.0675904 0
0.0821382 0
-0.0253647 0
-0.0853581 0
0.0307619 0
-0.062043 0
0.233012 0
-0.0365079 0
-0.0438609 0
0.0453261 0
-0.120812 0
0.043117 0
-0.102178 0
0.0520929 0
-0.0681699 0
0.0146655 0
0.0193194 0
-0.0347481 0
-0.0131879 0
0.199607 0
-0.0273341 0
0.0383169 0
-0.154669 0
0.0170548 0
0.131654 0
-0.0935082 0
0.0605503 0
-0.0660202 0
-0.0180276 0
0 0
0 0
0 0
0 0
0 0
0 0
0 0
0 0
0 0
0 0
0 0
0 0
0 0
0 0
0 0
0 0
0 0
0 0
0 0
0 0
0 0
0 0
0 0
0 0
0 0
0 0
0 0
0 0
0 0
0 0
0 0
0 0
0 0
0 0
0 0
0 0
0 0
0 0
0 0
0 0
0 0
0 0
0 0
0 0
0 0
0 0
0 0
0 0
0 0
0 0
0 0
0 0
0 0
0 0
0 0
0 0
0 0
0 0
0 0
0 0
0 0
0 0
0 0
0 0
0 0
0 0
0 0
0 0
0 0
0 0
0 0
0 0
0 0
0 0
0 0
0 0
0 0
0 0
0 0
0 0
0 0
0 0
0 0
0 0
0 0
0 0
0 0
0 0
0 0
0 0
0 0
0 0
0 0
0 0
0 0
0 0
0 0
0 0
0 0
0 0
0 0
0 0
0 0
0 0
0 0
0 0
0 0
0 0
0 0
0 0
0 0
0 0
0 0
0 0
0 0
0 0
0 0
0 0
0 0
0 0
0 0
0 0
0 0
0 0
0 0
0 0
0 0
0 0
0 0
0 0
0 0
0 0
0 0
0 0
0 0
0 0
0 0
0 0
0 0
0 0
0 0
0.0445321 0
-0.16031 0
-4.25798e-06 0
0.160314 0
-0.0445435 0
1.84721e-05 0
1.06176e-05 0
-0.0219635 0
0.0877383 0
-0.0693816 0
-0.0153355 0
0.031602 0
-0.20076 0
0.0312353 0
0.111891 0
-0.0476171 0
-0.0743761 0
0.0762072 0
0.121942 0
-0.0454639 0
-0.0118973 0
0.0238587 0
0.0411037 0
0.00687853 0
-0.0972009 0
0.0300194 0
0.0331716 0
0.0379601 0
-0.0189573 0
0.0321178 0
-0.141581 0
-0.0203096 0
0.224285 0
-0.0565124 0
-0.0154816 0
0.0153973 0
0.0837026 0
-0.0842896 0
-0.120372 0
0.0622104 0
-0.106125 0
0.00615188 0
0.0693988 0
-0.0878036 0
0.0219609 0
0.0153882 0
-1.34893e-05 0
-8.06059e-06 0
-0.054109 0
0.0644853 0
0.0157114 0
-0.237709 0
0.0122999 0
0.15601 0
-0.0660165 0
0.0258716 0
0.0731883 0
-0.124678 0
0.015244 0
0.0892447 0
0.00878635 0
-0.0312051 0
0.200716 0
-0.0316055 0
-0.111889 0
0.0541273 0
-0.0645318 0
7.19262e-06 0
2.28767e-05 0
0.113226 0
-0.128868 0
-0.0390069 0
0.0993182 0
-0.0227987 0
-0.0502101 0
-0.010759 0
0.210036 0
-0.0839627 0
-0.0762035 0
0.0744067 0
0.0476005 0
-0.12192 0
-0.0157164 0
0.23775 0
-0.113246 0
0.128847 0
1.99497e-05 0
-4.47289e-05 0
0.00381102 0
-0.111613 0
0.0640271 0
-0.0486803 0
-0.0448196 0
-0.0238674 0
0.0118982 0
0.0454715 0
-0.0411521 0
-0.0122987 0
-0.156006 0
0.0389992 0
-0.0992763 0
-0.00380519 0
0.111642 0
-7.41484e-06 0
-4.08947e-06 0
0.0135834 0
-0.030019 0
0.0971983 0
-0.00685642 0
-0.0331943 0
0.0660208 0
-0.0258666 0
0.0227761 0
0.0502376 0
-0.0640356 0
0.048652 0
-0.0135732 0
-0.0321385 0
0.0190348 0
-0.0379721 0
0.141566 0
-0.0731731 0
0.124638 0
0.0107734 0
-0.21007 0
0.0448369 0
0.0564897 0
-0.22428 0
0.0203158 0
0.0154705 0
-0.0152485 0
-0.0891784 0
0.0839537 0
0.0843024 0
-0.0837544 0
-0.0153916 0
0.120415 0
-0.00881738 0
-0.00613158 0
0.106103 0
-0.0622163 0
0 0
0 0
0 0
0 0
0 0
0 0
0 0
0 0
0 0
0 0
0 0
0 0
0 0
0 0
0 0
0 0
0 0
0 0
0 0
0 0
0 0
0 0
0 0
0 0
0 0
0 0
0 0
0 0
0 0
0 0
0 0
0 0
0 0
0 0
0 0
0 0
0 0
0 0
0 0
0 0
0 0
0 0
0 0
0 0
0 0
0 0
0 0
0 0
0 0
0 0
0 0
0 0
0 0
0 0
0 0
0 0
0 0
0 0
0 0
0 0
0 0
0 0
0 0
0 0
0 0
0 0
0 0
0 0
0 0
0 0
0 0
0 0
0 0
0 0
0 0
0 0
0 0
0 0
0 0
0 0
0 0
0 0
0 0
0 0
0 0
0 0
0 0
0 0
0 0
0 0
0 0
0 0
0 0
0 0
0 0
0 0
0 0
0 0
0 0
0 0
0 0
0 0
0 0
0 0
0 0
0 0
0 0
0 0
0 0
0 0
0 0
0 0
0 0
0 0
0 0
0 0
0 0
0 0
0 0
0 0
0 0
0 0
0 0
0 0
0 0
0 0
0 0
0 0
0 0
0 0
0 0
0 0
0 0
0 0
0 0
0 0
0 0
0 0
0 0
0 0
0 0
0 0
0 0
0 0
0 0
0 0
0 0
0 0
0 0
0 0
0 0
0 0
0 0
0 0
0 0
0 0
0 0
0 0
0 0
0 0
0 0
0 0
0 0
0 0
0 0
0 0
0 0
0 0
0 0
0 0
0 0
0 0
0 0
0 0
0 0
0 0
0 0
0 0
0 0
0 0
0 0
0 0
0 0
0 0
0 0
0 0
0 0
0 0
0 0
0 0
0 0
0 0
0 0
0 0
0 0
0 0
0 0
0 0
0 0
0 0
0 0
0 0
0 0
0 0
0 0
0 0
0 0
0 0
0 0
0 0
0 0
0 0
0 0
0 0
0 0
0 0
0 0
0 0
0 0
0 0
0 0
0 0
0 0
0 0
0 0
0 0
0 0
0 0
0 0
0 0
0 0
0 0
0 0
0 0
0 0
0 0
0 0
0 0
0 0
0 0
0 0
0 0
0 0
0 0
0 0
0 0
0 0
0 0
0 0
0 0
0 0
0 0
0 0
0 0
0 0
0 0
0 0
0 0
0 0
0 0
0 0
0 0
0 0
0 0
0 0
0 0
0 0
0 0
0 0
0 0
0 0
0 0
0 0
0 0
0 0
0 0
0 0
0 0
0 0
0 0
0 0
0 0
0.0936717 0
-0.0660359 0
-1.3981e-07 0
0.0660361 0
-0.0936731 0
3.75009e-07 0
-8.80509e-08 0
-0.0523444 0
0.018186 0
-0.130242 0
0.0230007 0
-0.024055 0
-0.0860967 0
0.12137 0
0.081597 0
-0.141042 0
-0.028318 0
0.194189 0
0.0447402 0
-0.128354 0
0.0026313 0
0.0432725 0
0.0490163 0
-0.0685394 0
-0.0461766 0
0.0761207 0
0.0480526 0
0.049648 0
-0.0452093 0
0.149771 0
-0.0381454 0
-0.0713008 0
0.0722517 0
-0.0450825 0
0.024452 0
0.0186614 0
0.00731387 0
-0.129826 0
-0.0463277 0
0.169346 0
-0.0692388 0
0.0859967 0
0.130243 0
-0.0181868 0
0.0523448 0
-0.0230002 0
-7.12241e-07 0
-9.00789e-08 0
-0.106202 0
-0.00419526 0
0.120028 0
-0.126644 0
0.0328764 0
0.0560395 0
-0.141619 0
0.000867198 0
0.148954 0
-0.0706819 0
-0.029614 0
0.0672668 0
-0.0307612 0
-0.121369 0
0.0860969 0
0.0240541 0
-0.081597 0
0.106203 0
0.00419461 0
4.53819e-07 0
3.50995e-07 0
0.264484 0
-0.0575584 0
-0.0758383 0
0.0540749 0
-0.0101993 0
-0.0483264 0
0.115117 0
0.0297526 0
-0.164722 0
-0.194189 0
0.0283184 0
0.141042 0
-0.0447406 0
-0.120027 0
0.126645 0
-0.264485 0
0.0575582 0
1.48961e-06 0
-7.67453e-07 0
-0.0915128 0
0.0111429 0
0.0546538 0
-0.00282341 0
-0.0500598 0
-0.0432731 0
-0.0026314 0
0.128355 0
-0.0490167 0
-0.0328776 0
-0.0560391 0
0.0758375 0
-0.0540745 0
0.0915138 0
-0.0111426 0
-6.15307e-07 0
7.1201e-08 0
0.00491644 0
-0.0761209 0
0.0461768 0
0.0685409 0
-0.0480535 0
0.14162 0
-0.000867278 0
0.0101978 0
0.048327 0
-0.0546547 0
0.00282305 0
-0.00491607 0
-0.149773 0
0.0452104 0
-0.0496472 0
0.0381446 0
-0.148953 0
0.0706817 0
-0.115116 0
-0.0297532 0
0.0500616 0
0.0450803 0
-0.0722513 0
0.0713013 0
-0.024452 0
0.0296133 0
-0.067266 0
0.164722 0
0.129827 0
-0.00731457 0
-0.0186611 0
0.0463281 0
0.0307594 0
-0.0859953 0
0.0692384 0
-0.169346 0
-0.046373 0
0.0295028 0
-0.000201255 0
0.0295056 0
-0.0463738 0
0.139773 0
-0.0583169 0
0.0205507 0
-0.116917 0
0.0241066 0
0.106434 0
-0.0419746 0
-0.0349376 0
0.0413861 0
0.0690441 0
-0.0439884 0
-0.0623113 0
0.026562 0
0.142809 0
-0.0095686 0
-0.174328 0
0.0645348 0
0.0638173 0
-0.0153409 0
-0.110113 0
0.077187 0
0.098205 0
-0.0734837 0
0.0296674 0
0.0219348 0
0.122421 0
0.051141 0
-0.135813 0
0.0288113 0
-0.158479 0
0.0103286 0
0.0450075 0
0.0245104 0
0.0779632 0
-0.0798666 0
0.216877 0
-0.0708629 0
0.024108 0
-0.116919 0
0.0205507 0
0.106436 0
-0.0507874 0
-0.0420695 0
0.0391822 0
-0.156681 0
-0.0443119 0
0.16076 0
-0.0191451 0
-0.160415 0
0.0211353 0
-0.00771334 0
-0.0624262 0
0.0935049 0
0.0523475 0
-0.112527 0
0.00961855 0
0.0413863 0
-0.0349366 0
-0.0419761 0
0.0690458 0
0.0391817 0
-0.156681 0
0.106372 0
-0.0411086 0
-0.0402321 0
0.0126399 0
0.101506 0
-0.186468 0
0.046342 0
0.0394167 0
-0.0529272 0
0.0426725 0
0.0193221 0
0.0265625 0
-0.062314 0
-0.0439876 0
0.142807 0
-0.0443113 0
0.16076 0
-0.040232 0
0.0126394 0
-0.0691985 0
0.204358 0
-0.0294863 0
0.0790824 0
-0.0193381 0
-0.0539377 0
0.00308553 0
0.0645356 0
-0.174328 0
-0.00956879 0
0.0638199 0
-0.0191459 0
-0.160416 0
0.101507 0
-0.186467 0
-0.0294864 0
0.0790828 0
-0.00325644 0
-0.147172 0
0.0553267 0
0.0771866 0
-0.110111 0
-0.0153418 0
0.0982038 0
0.021136 0
-0.00771423 0
0.0463419 0
0.0394178 0
-0.0193382 0
-0.0539388 0
0.055327 0
0.0219349 0
0.0296656 0
-0.0734826 0
0.12242 0
-0.0624262 0
0.0935066 0
-0.0529277 0
0.0426714 0
0.00308614 0
0.0288115 0
-0.135812 0
0.0511405 0
-0.158477 0
0.0523469 0
-0.112529 0
0.0193228 0
0.02451 0
0.0450082 0
0.0103285 0
0.0779613 0
0.00961946 0
-0.0708628 0
0.216876 0
-0.0798659 0
0 0
0 0
0 0
0 0
0 0
0 0
0 0
0 0
0 0
0 0
0 0
0 0
0 0
0 0
0 0
0 0
0 0
0 0
0 0
0 0
0 0
0 0
0 0
0 0
0 0
0 0
0 0
0 0
0 0
0 0
0 0
0 0
0 0
0 0
0 0
0 0
0 0
0 0
0 0
0 0
0 0
0 0
0 0
0 0
0 0
0 0
0 0
0 0
0 0
0 0
0 0
0 0
0 0
0 0
0 0
0 0
0 0
0 0
0 0
0 0
0 0
0 0
0 0
0 0
0 0
0 0
0 0
0 0
0 0
0 0
0 0
0 0
0 0
0 0
0 0
0 0
0 0
0 0
0 0
0 0
0 0
0 0
0 0
0 0
0 0
0 0
0 0
0 0
0 0
0 0
0 0
0 0
0 0
0 0
0 0
0 0
0 0
0 0
0 0
0 0
0 0
0 0
0 0
0 0
0 0
0 0
0 0
0 0
0 0
0 0
0 0
0 0
0 0
0 0
0 0
0 0
0 0
0 0
0 0
0 0
0 0
0 0
0 0
0 0
0 0
0 0
0 0
0 0
0 0
0 0
0 0
0 0
0 0
0 0
0 0
0 0
0 0
0 0
0 0
0 0
0 0
0 0
0 0
0 0
0 0
0 0
0 0
0 0
0 0
0 0
0 0
0 0
0 0
0 0
0 0
0 0
0 0
0 0
0 0
0 0
0 0
0 0
0 0
0 0
0 0
0 0
0 0
0 0
0 0
0 0
0 0
0 0
0 0
0 0
0 0
0 0
0 0
0 0
0 0
0 0
0 0
0 0
0 0
0 0
0 0
0 0
0 0
0 0
0 0
0 0
0 0
0 0
0 0
0 0
0 0
0 0
0 0
0 0
0 0
0 0
0 0
0 0
0 0
0 0
0 0
0 0
0 0
0 0
0 0
0 0
0 0
0 0
0 0
0 0
0 0
0 0
0 0
0 0
0 0
0 0
0 0
0 0
0 0
0 0
0 0
0 0
0 0
0 0
0 0
0 0
0 0
0 0
0 0
0 0
0 0
0 0
0 0
0 0
0 0
0 0
0 0
0 0
0 0
0 0
0 0
0 0
0 0
0 0
0 0
0 0
0 0
0 0
0 0
0 0
0 0
0 0
0 0
0 0
0 0
0 0
0 0
0 0
0 0
0 0
0 0
0 0
0 0
0 0
0 0
0 0
0 0
0 0
0 0
0 0
0 0
0 0
0 0
0 0
0 0
0 0
0 0
0 0
0.0754594 0
-0.0130976 0
0.0665864 0
-0.0130971 0
0.0754586 0
-0.0412336 0
-0.0233464 0
0.00589913 0
0.077572 0
-0.0974386 0
-0.058956 0
0.0430937 0
0.0205319 0
-0.170742 0
0.00463214 0
0.0434013 0
-0.0554709 0
0.0578238 0
0.0200237 0
-0.0918284 0
0.00161826 0
0.0884799 0
0.048698 0
-0.146251 0
-0.00033454 0
-0.00218657 0
0.0624315 0
-0.035333 0
-0.093186 0
0.149583 0
0.0564094 0
-0.0381495 0
-0.0330316 0
0.205272 0
0.00852758 0
-0.0413671 0
0.0669793 0
-0.0540653 0
-0.0426053 0
0.0137144 0
0.03304 0
-0.136058 0
-0.0974375 0
0.0775717 0
0.0058998 0
-0.0589563 0
0.147724 0
0.0169404 0
-0.101966 0
0.054275 0
-0.0187243 0
-0.0605856 0
0.0743959 0
-0.0380829 0
-0.0278949 0
-0.00325507 0
-0.115619 0
0.0323836 0
0.0507026 0
-0.0776912 0
0.172905 0
-0.170743 0
0.0205327 0
0.043094 0
0.00463142 0
-0.101965 0
0.0542751 0
-0.0589933 0
-0.0700493 0
0.144915 0
0.0275283 0
0.0795081 0
-0.0457403 0
0.154315 0
-0.0534206 0
-0.0429893 0
0.0550152 0
0.0375414 0
0.0578217 0
-0.0554704 0
0.0434024 0
0.0200232 0
-0.0187256 0
-0.0605843 0
0.144912 0
0.0275291 0
-0.315061 0
0.146228 0
-0.0829508 0
-0.0401248 0
0.0658697 0
0.0443378 0
-0.179669 0
0.0884794 0
0.00161815 0
-0.0918266 0
0.0486973 0
0.0743959 0
-0.0380836 0
0.0795086 0
-0.0457407 0
-0.0829499 0
-0.0401249 0
0.150413 0
-0.0229956 0
-0.036216 0
-0.00218751 0
-0.000333875 0
-0.146251 0
0.062431 0
-0.0278932 0
-0.00325518 0
0.154315 0
-0.0534202 0
0.0658692 0
0.0443379 0
-0.0362162 0
0.149581 0
-0.0931855 0
-0.0353336 0
0.0564098 0
-0.11562 0
0.0323843 0
-0.0429903 0
0.0550149 0
-0.179669 0
0.205273 0
-0.0330324 0
-0.0381488 0
0.00852737 0
0.0507029 0
-0.0776919 0
0.0375429 0
-0.054064 0
0.0669793 0
-0.0413674 0
-0.0426049 0
0.172905 0
-0.136059 0
0.0330406 0
0.0137129 0
-0.0519739 0
0.190007 0
-4.33092e-08 0
-0.190007 0
0.0519732 0
9.8774e-07 0
-2.92237e-07 0
-0.00446814 0
-0.150522 0
0.0937692 0
0.165506 0
-0.108738 0
0.0685463 0
0.0223079 0
0.13063 0
0.0588692 0
-0.197217 0
0.0350914 0
-0.133868 0
-0.00581719 0
-0.00928814 0
0.0562319 0
0.162824 0
-0.0625681 0
0.169174 0
-0.0433222 0
-0.119937 0
0.0968916 0
-0.0818814 0
-0.023766 0
-0.128742 0
-0.0113374 0
0.118471 0
-0.00991664 0
0.0484357 0
-0.0110357 0
0.143203 0
-0.0705264 0
-0.153639 0
0.046401 0
-0.0179151 0
-0.0338508 0
-0.0937689 0
0.150521 0
0.00446839 0
-0.165504 0
-3.3858e-07 0
-3.19942e-07 0
-0.0393631 0
-0.000106136 0
0.0394316 0
0.00304509 0
-0.0449183 0
-0.0150827 0
0.0490095 0
-0.0273945 0
0.00430481 0
0.141755 0
-0.0126811 0
-0.147121 0
0.0835666 0
-0.0223073 0
-0.0685468 0
0.108738 0
-0.130629 0
0.0393636 0
0.000104155 0
6.51117e-07 0
-1.91725e-07 0
0.00350583 0
-0.0145922 0
0.00572347 0
0.0107968 0
-0.0352232 0
0.134425 0
-0.0879271 0
0.0160196 0
0.0362076 0
-0.035091 0
0.197217 0
-0.0588697 0
0.13387 0
-0.0394321 0
-0.00304299 0
-0.00350636 0
0.0145923 0
-2.92796e-07 0
9.46654e-07 0
0.0225865 0
-0.0852042 0
0.0339981 0
-0.162913 0
0.0401734 0
-0.0562312 0
0.00928621 0
0.00581705 0
-0.162823 0
0.0449181 0
0.0150809 0
-0.00572237 0
-0.0107987 0
-0.0225868 0
0.0852051 0
1.04933e-08 0
-9.47353e-07 0
0.0447507 0
0.0433231 0
-0.169175 0
0.062568 0
0.119938 0
-0.0490091 0
0.0273943 0
0.0352236 0
-0.134424 0
-0.0339984 0
0.162913 0
-0.04475 0
0.0237662 0
0.0818821 0
-0.0968925 0
0.128743 0
-0.00430541 0
-0.141754 0
0.0879265 0
-0.0160193 0
-0.0401734 0
0.00991682 0
-0.118472 0
0.0113379 0
-0.0484374 0
0.0126817 0
0.14712 0
-0.0362074 0
0.0705267 0
-0.143203 0
0.0110358 0
0.15364 0
-0.0835666 0
0.0338501 0
0.0179174 0
-0.046402 0
0 0
0 0
0 0
0 0
0 0
0 0
0 0
0 0
0 0
0 0
0 0
0 0
0 0
0 0
0 0
0 0
0 0
0 0
0 0
0 0
0 0
0 0
0 0
0 0
0 0
0 0
0 0
0 0
0 0
0 0
0 0
0 0
0 0
0 0
0 0
0 0
0 0
0 0
0 0
0 0
0 0
0 0
0 0
0 0
0 0
0 0
0 0
0 0
0 0
0 0
0 0
0 0
0 0
0 0
0 0
0 0
0 0
0 0
0 0
0 0
0 0
0 0
0 0
0 0
0 0
0 0
0 0
0 0
0 0
0 0
0 0
0 0
0 0
0 0
0 0
0 0
0 0
0 0
0 0
0 0
0 0
0 0
0 0
0 0
0 0
0 0
0 0
0 0
0 0
0 0
0 0
0 0
0 0
0 0
0 0
0 0
0 0
0 0
0 0
0 0
0 0
0 0
0 0
0 0
0 0
0 0
0 0
0 0
0 0
0 0
0 0
0 0
0 0
0 0
0 0
0 0
0 0
0 0
0 0
0 0
0 0
0 0
0 0
0 0
0 0
0 0
0 0
0 0
0 0
0 0
0 0
0 0
0 0
0 0
0 0
0 0
0 0
0 0
0 0
0 0
0 0
0 0
0 0
0 0
0 0
0 0
0 0
0 0
0 0
0 0
0 0
0 0
0 0
0 0
0 0
0 0
0 0
0 0
0 0
0 0
0 0
0 0
0 0
0 0
0 0
0 0
0 0
0 0
0 0
0 0
0 0
0 0
0 0
0 0
0 0
0 0
0 0
0 0
0 0
0 0
0 0
0 0
0 0
0 0
0 0
0 0
0 0
0 0
0 0
0 0
0 0
0 0
0 0
0 0
0 0
0 0
0 0
0 0
0 0
0 0
0 0
0 0
0 0
0 0
0 0
0 0
0 0
0 0
0 0
0 0
0 0
0 0
0 0
0 0
0 0
0 0
0 0
0 0
0 0
0 0
0 0
0 0
0 0
0 0
0 0
0 0
0 0
0 0
0 0
0 0
0 0
0 0
0 0
0 0
0 0
0 0
0 0
0 0
0 0
0 0
0 0
0 0
0 0
0 0
0 0
0 0
0 0
0 0
0 0
0 0
0 0
0 0
0 0
0 0
0 0
0 0
0 0
0 0
0 0
0 0
0 0
0 0
0 0
0 0
0 0
0 0
0 0
0 0
0 0
0 0
0 0
0 0
0 0
0 0
0 0
0 0
0 0
0 0
0 0
0 0
0 0
0 0
-0.179756 0
0.032571 0
0.00261288 0
0.0325703 0
-0.179755 0
0.0980472 0
-0.0671027 0
0.111565 0
-0.0766782 0
0.0659967 0
0.0535791 0
-0.149383 0
0.0288986 0
0.0822073 0
0.0356526 0
-0.0565942 0
-0.00978174 0
-0.0312945 0
0.0146868 0
-0.00037995 0
-0.0649169 0
0.121406 0
0.0505237 0
-0.105882 0
0.00468716 0
0.101443 0
0.0257044 0
-0.0882823 0
0.00266394 0
-0.0116343 0
0.036318 0
0.0522568 0
-0.0590756 0
0.0907647 0
-0.0212928 0
-0.024107 0
0.021277 0
0.0595688 0
0.0193494 0
-0.112239 0
0.0596782 0
-0.109139 0
0.0659952 0
-0.0766778 0
0.111565 0
0.0535787 0
-0.141313 0
-0.00963008 0
0.0866644 0
-0.0910632 0
0.00762309 0
0.0707429 0
-0.0638934 0
-0.0779264 0
0.107747 0
-0.0299684 0
-0.0859646 0
0.0578197 0
0.0439378 0
-0.0686913 0
0.0702502 0
0.0822077 0
0.028898 0
-0.149382 0
0.0356523 0
0.0866646 0
-0.091063 0
0.207792 0
0.0451363 0
-0.178414 0
0.0122461 0
0.214507 0
-0.087623 0
0.0778567 0
0.0654027 0
-0.151018 0
-0.00285698 0
0.117165 0
-0.0312945 0
-0.0097812 0
-0.0565949 0
0.014687 0
0.00762263 0
0.0707429 0
-0.178415 0
0.0122464 0
-0.076495 0
0.024886 0
-0.00276212 0
0.0647653 0
-0.144212 0
-0.0214783 0
0.0434858 0
0.121405 0
-0.0649167 0
-0.000379566 0
0.050523 0
-0.0638927 0
-0.0779261 0
0.214507 0
-0.0876229 0
-0.00276128 0
0.0647645 0
-0.0686661 0
-0.0819408 0
0.17354 0
0.101443 0
0.0046869 0
-0.105881 0
0.0257043 0
0.107746 0
-0.029968 0
0.0778561 0
0.0654025 0
-0.14421 0
-0.0214789 0
0.17354 0
-0.0116349 0
0.00266455 0
-0.0882825 0
0.0363177 0
-0.0859645 0
0.0578195 0
-0.151019 0
-0.00285602 0
0.043485 0
0.0907633 0
-0.0590753 0
0.052258 0
-0.0212938 0
0.0439391 0
-0.0686911 0
0.117163 0
0.0595679 0
0.0212773 0
-0.0241061 0
0.0193494 0
0.0702499 0
-0.10914 0
0.0596786 0
-0.112239 0
0.0156754 0
-0.0576925 0
-2.63081e-07 0
0.0576913 0
-0.015674 0
-2.12361e-06 0
2.08781e-06 0
0.00476129 0
0.0520122 0
-0.030004 0
-0.0680984 0
0.043502 0
0.0020356 0
-0.0146095 0
-0.0809085 0
-0.00962324 0
0.110434 0
-0.0304674 0
0.00348057 0
0.0323972 0
0.0623787 0
-0.0467425 0
-0.176194 0
0.0525584 0
0.0670293 0
-0.0348306 0
-0.0702708 0
-0.0205396 0
0.194613 0
-0.0707573 0
-0.0537599 0
0.0768598 0
0.042178 0
-0.0637489 0
-0.249049 0
0.0290128 0
0.132732 0
-0.0468297 0
0.0156966 0
-0.0610941 0
0.211691 0
-0.0924399 0
0.030004 0
-0.052011 0
-0.00476256 0
0.0680973 0
3.94944e-07 0
-2.65833e-07 0
0.0233901 0
0.00277141 0
-0.0252646 0
0.0782618 0
0.0420091 0
-0.0441274 0
0.0185437 0
0.0524868 0
-0.0174674 0
0.0600617 0
0.0805297 0
-0.0865136 0
0.0195424 0
0.0146099 0
-0.00203822 0
-0.0435008 0
0.0809081 0
-0.0233903 0
-0.00276975 0
-2.45559e-07 0
-8.36717e-07 0
-0.0695919 0
0.152679 0
-0.030747 0
-0.00637621 0
-0.0370362 0
0.0786969 0
-0.105352 0
0.213951 0
-0.0349569 0
0.0304678 0
-0.110433 0
0.00962252 0
-0.00347877 0
0.0252642 0
-0.0782638 0
0.0695927 0
-0.152678 0
-3.14915e-07 0
-6.1083e-08 0
0.0720235 0
-0.232671 0
0.0882486 0
-0.143321 0
-0.0191867 0
0.046742 0
-0.0623778 0
-0.0323973 0
0.176191 0
-0.0420081 0
0.0441282 0
0.0307461 0
0.00637725 0
-0.0720232 0
0.232669 0
3.3404e-07 0
9.89891e-07 0
0.0391026 0
0.0348306 0
-0.0670302 0
-0.0525577 0
0.0702715 0
-0.0185444 0
-0.0524861 0
0.037036 0
-0.0786982 0
-0.0882482 0
0.143323 0
-0.0391037 0
0.0707573 0
-0.194612 0
0.0205391 0
0.05376 0
0.0174677 0
-0.0600636 0
0.105352 0
-0.21395 0
0.0191858 0
0.0637486 0
-0.042178 0
-0.0768597 0
0.249048 0
-0.0805293 0
0.0865146 0
0.0349563 0
0.0468298 0
-0.132733 0
-0.0290128 0
-0.0156956 0
-0.0195429 0
0.09244 0
-0.211691 0
0.0610938 0
0 0
0 0
0 0
0 0
0 0
0 0
0 0
0 0
0 0
0 0
0 0
0 0
0 0
0 0
0 0
0 0
0 0
0 0
0 0
0 0
0 0
0 0
0 0
0 0
0 0
0 0
0 0
0 0
0 0
0 0
0 0
0 0
0 0
0 0
0 0
0 0
0 0
0 0
0 0
0 0
0 0
0 0
0 0
0 0
0 0
0 0
0 0
0 0
0 0
0 0
0 0
0 0
0 0
0 0
0 0
0 0
0 0
0 0
0 0
0 0
0 0
0 0
0 0
0 0
0 0
0 0
0 0
0 0
0 0
0 0
0 0
0 0
0 0
0 0
0 0
0 0
0 0
0 0
0 0
0 0
0 0
0 0
0 0
0 0
0 0
0 0
0 0
0 0
0 0
0 0
0 0
0 0
0 0
0 0
0 0
0 0
0 0
0 0
0 0
0 0
0 0
0 0
0 0
0 0
0 0
0 0
0 0
0 0
0 0
0 0
0 0
0 0
0 0
0 0
0 0
0 0
0 0
0 0
0 0
0 0
0 0
0 0
0 0
0 0
0 0
0 0
0 0
0 0
0 0
0 0
0 0
0 0
0 0
0 0
0 0
0 0
0 0
0 0
0 0
0 0
0 0
-0.102154 0
0.0826469 0
0.0439112 0
0.0826475 0
-0.102154 0
0.293558 0
-0.317582 0
0.0945587 0
-0.0556773 0
-0.00737206 0
0.0536276 0
-0.0828232 0
0.220055 0
-0.0444067 0
0.00631283 0
0.0747498 0
-0.0593889 0
-0.0434983 0
-0.203464 0
0.016355 0
0.00178088 0
0.0155728 0
0.145948 0
-0.0548993 0
0.122144 0
-0.0333356 0
-0.0805475 0
0.0683263 0
-0.0901023 0
-0.00866024 0
-0.064292 0
-0.029334 0
0.0443482 0
0.0123108 0
0.119478 0
-0.0175988 0
0.0248858 0
-0.0185258 0
-0.0832914 0
0.0444638 0
-0.0822952 0
0.0153992 0
-0.00737174 0
-0.0556778 0
0.0945586 0
0.0536285 0
-0.0498583 0
0.0620361 0
0.0035915 0
-0.0803545 0
0.0549279 0
0.0999584 0
-0.0669386 0
-0.0194012 0
0.0447028 0
-0.049395 0
0.00761012 0
0.088058 0
-0.0427477 0
-0.0611998 0
0.0398496 0
-0.0444065 0
0.220055 0
-0.0828237 0
0.00631407 0
0.00359111 0
-0.0803544 0
-0.00399182 0
0.17414 0
-0.0557022 0
-0.0891325 0
0.035382 0
-0.00912015 0
-0.0183653 0
0.120444 0
-0.0270528 0
-0.117873 0
0.049092 0
-0.0434978 0
-0.0593904 0
0.0747498 0
-0.203464 0
0.0549283 0
0.0999572 0
-0.0557012 0
-0.0891345 0
0.0790885 0
-0.0867543 0
-0.0109319 0
0.132181 0
-0.0376989 0
-0.125543 0
0.0660851 0
0.0155735 0
0.00177999 0
0.0163546 0
0.14595 0
-0.0669391 0
-0.0194005 0
0.0353824 0
-0.00912004 0
-0.0109328 0
0.132184 0
-0.042704 0
-0.118816 0
0.0666306 0
-0.0333351 0
0.122143 0
-0.0549 0
-0.0805464 0
0.0447024 0
-0.0493955 0
-0.0183649 0
0.120443 0
-0.0376999 0
-0.125541 0
0.0666301 0
-0.00865938 0
-0.0901048 0
0.0683266 0
-0.0642917 0
0.00761043 0
0.0880571 0
-0.0270515 0
-0.117875 0
0.0660853 0
0.0123116 0
0.0443478 0
-0.0293349 0
0.119481 0
-0.0427487 0
-0.0611987 0
0.0490923 0
-0.0185253 0
0.0248844 0
-0.0175992 0
-0.0832917 0
0.0398493 0
0.0154003 0
-0.0822979 0
0.0444646 0
0 0
0 0
0 0
0 0
0 0
0 0
0 0
0 0
0 0
0 0
0 0
0 0
0 0
0 0
0 0
0 0
0 0
0 0
0 0
0 0
0 0
0 0
0 0
0 0
0 0
0 0
0 0
0 0
0 0
0 0
0 0
0 0
0 0
0 0
0 0
0 0
0 0
0 0
0 0
0 0
0 0
0 0
0 0
0 0
0 0
0 0
0 0
0 0
0 0
0 0
0 0
0 0
0 0
0 0
0 0
0 0
0 0
0 0
0 0
0 0
0 0
0 0
0 0
0 0
0 0
0 0
0 0
0 0
0 0
0 0
0 0
0 0
0 0
0 0
0 0
0 0
0 0
0 0
0 0
0 0
0 0
0 0
0 0
0 0
0 0
0 0
0 0
0 0
0 0
0 0
0 0
0 0
0 0
0 0
0 0
0 0
0 0
0 0
0 0
0 0
0 0
0 0
0 0
0 0
0 0
0 0
0 0
0 0
0 0
0 0
0 0
0 0
0 0
0 0
0 0
0 0
0 0
0 0
0 0
0 0
0 0
0 0
0 0
0 0
0 0
0 0
0 0
0 0
0 0
0 0
0 0
0 0
0 0
0 0
0 0
0 0
0 0
0 0
0 0
0 0
0 0
0 0
0 0
0 0
0 0
0 0
0 0
0 0
0 0
0 0
0 0
0 0
0 0
0 0
0 0
0 0
0 0
0 0
0 0
0 0
0 0
0 0
0 0
0 0
0 0
0 0
0 0
0 0
0 0
0 0
0 0
0 0
0 0
0 0
0 0
0 0
0 0
0 0
0 0
0 0
0 0
0 0
0 0
0 0
0 0
0 0
0 0
0 0
0 0
0 0
0 0
0 0
0 0
0 0
0 0
0 0
0 0
0 0
0 0
0 0
0 0
0 0
0 0
0 0
0 0
0 0
0 0
0 0
0 0
0 0
0 0
0 0
0 0
0 0
0 0
0 0
0 0
0 0
0 0
0 0
0 0
0 0
0 0
0 0
0 0
0 0
0 0
0 0
0 0
0 0
0 0
0 0
0 0
0 0
0 0
0 0
0 0
0 0
0 0
0 0
0 0
0 0
0 0
0 0
0 0
0 0
0 0
0 0
0 0
0 0
0 0
0 0
0 0
0 0
0 0
0 0
0 0
0 0
0 0
0 0
0 0
0 0
0 0
0 0
0 0
0 0
0 0
0 0
0 0
0 0
0 0
0 0
0 0
0 0
0 0
0 0
0 0
0 0
0 0
0 0
0 0
0 0
-0.0806505 0
0.0608922 0
3.41264e-07 0
-0.0608922 0
0.0806507 0
-6.50265e-08 0
-2.34852e-07 0
-0.00776213 0
-0.0288917 0
0.12887 0
0.0353879 0
-0.111555 0
0.0425518 0
-0.022409 0
0.0134414 0
0.0602717 0
-0.03473 0
-0.012236 0
-0.0236144 0
-0.0347294 0
-0.0115827 0
0.0719534 0
0.0630154 0
-0.104404 0
0.00984186 0
0.00279834 0
0.00989051 0
-0.0068132 0
-0.0544565 0
0.0675759 0
0.0497514 0
-0.178535 0
-0.0286428 0
0.127867 0
0.134454 0
-0.0890591 0
-0.0705986 0
0.149706 0
0.0100955 0
0.0852099 0
-0.0725095 0
0.185823 0
-0.12887 0
0.0288922 0
0.00776258 0
-0.0353884 0
2.13335e-07 0
3.04462e-07 0
0.00591966 0
-0.0180523 0
0.0544775 0
-0.000137784 0
-0.0748797 0
-0.00996084 0
0.077685 0
-0.0613926 0
0.0168246 0
-0.0013951 0
-0.191423 0
0.0125009 0
-0.0309224 0
0.0224076 0
-0.0425514 0
0.111556 0
-0.0134418 0
-0.0059209 0
0.018053 0
-1.0077e-06 0
-3.32584e-08 0
0.0208632 0
-0.0154366 0
0.0305019 0
0.00273313 0
0.11135 0
-0.0191394 0
0.179295 0
-0.127455 0
0.179887 0
0.0122356 0
0.0347299 0
-0.0602699 0
0.0236135 0
-0.0544767 0
0.000137262 0
-0.020862 0
0.0154364 0
7.55997e-07 0
-2.77974e-07 0
-0.150963 0
0.112406 0
-0.22649 0
0.0838598 0
0.0741434 0
-0.0719545 0
0.0115835 0
0.0347297 0
-0.0630155 0
0.0748795 0
0.00996166 0
-0.0305038 0
-0.00273236 0
0.150963 0
-0.112407 0
2.67716e-09 0
4.56735e-07 0
-0.134325 0
-0.00280026 0
-0.00984144 0
0.104405 0
-0.00989105 0
-0.0776856 0
0.0613929 0
-0.111351 0
0.0191389 0
0.226492 0
-0.0838598 0
0.134323 0
-0.0675759 0
0.0544561 0
0.00681523 0
-0.049752 0
-0.0168241 0
0.00139495 0
-0.179294 0
0.127455 0
-0.0741433 0
-0.127868 0
0.0286435 0
0.178535 0
-0.134454 0
0.191422 0
-0.0125004 0
-0.179888 0
-0.149707 0
0.0705987 0
0.0890594 0
-0.0100962 0
0.0309227 0
-0.185823 0
0.0725089 0
-0.0852083 0
0 0
0 0
0 0
0 0
0 0
0 0
0 0
0 0
0 0
0 0
0 0
0 0
0 0
0 0
0 0
0 0
0 0
0 0
0 0
0 0
0 0
0 0
0 0
0 0
0 0
0 0
0 0
0 0
0 0
0 0
0 0
0 0
0 0
0 0
0 0
0 0
0 0
0 0
0 0
0 0
0 0
0 0
0 0
0 0
0 0
0 0
0 0
0 0
0 0
0 0
0 0
0 0
0 0
0 0
0 0
0 0
0 0
0 0
0 0
0 0
0 0
0 0
0 0
0 0
0 0
0 0
0 0
0 0
0 0
0 0
0 0
0 0
0 0
0 0
0 0
0 0
0 0
0 0
0 0
0 0
0 0
0 0
0 0
0 0
0 0
0 0
0 0
0 0
0 0
0 0
0 0
0 0
0 0
0 0
0 0
0 0
0 0
0 0
0 0
0 0
0 0
0 0
0 0
0 0
0 0
0 0
0 0
0 0
0 0
0 0
0 0
0 0
0 0
0 0
0 0
0 0
0 0
0 0
0 0
0 0
0 0
0 0
0 0
0 0
0 0
0 0
0 0
0 0
0 0
0 0
0 0
0 0
0 0
0 0
0 0
0 0
0 0
0 0
0 0
0 0
0 0
-0.130554 0
0.0997385 0
1.24225e-06 0
-0.0997375 0
0.13055 0
1.11267e-06 0
-1.9351e-06 0
-0.0321632 0
-0.0509382 0
0.213523 0
0.0781452 0
-0.232017 0
0.0552008 0
-0.00689135 0
0.0587915 0
0.107169 0
-0.0868033 0
0.0487545 0
-0.0527903 0
-0.00331348 0
-0.00766285 0
0.144752 0
0.0631369 0
-0.125807 0
0.0801665 0
-0.114892 0
-0.0424649 0
0.22207 0
-0.0552678 0
-0.0372082 0
-0.0732725 0
0.0138638 0
0.0506072 0
0.00707383 0
0.0104612 0
-0.00271495 0
0.0813313 0
-0.196376 0
-0.0895138 0
0.140501 0
-0.0146586 0
-0.0855778 0
-0.213525 0
0.0509383 0
0.0321686 0
-0.078146 0
-4.51343e-07 0
1.11993e-06 0
-0.0740947 0
-0.000419559 0
0.0755028 0
-0.00540527 0
-0.0858706 0
0.00372169 0
0.0480892 0
0.000265093 0
0.0129198 0
0.062881 0
-0.0469562 0
-0.0372154 0
0.171324 0
0.00688728 0
-0.0551984 0
0.232016 0
-0.0587915 0
0.0740913 0
0.000419867 0
-6.75261e-07 0
1.61993e-07 0
0.0285013 0
-0.0161265 0
0.0253035 0
-0.00662353 0
-0.0619002 0
0.050162 0
-0.178254 0
0.0356843 0
0.00236281 0
-0.0487569 0
0.0868025 0
-0.107164 0
0.0527872 0
-0.0754991 0
0.0054051 0
-0.0285011 0
0.0161263 0
1.28596e-06 0
-6.44834e-07 0
0.0587353 0
-0.0386995 0
0.0715626 0
-0.0680692 0
0.0542512 0
-0.144752 0
0.00766354 0
0.00331499 0
-0.0631358 0
0.0858675 0
-0.00372033 0
-0.0253055 0
0.00662383 0
-0.0587345 0
0.0386999 0
-9.44211e-07 0
3.2878e-07 0
0.107488 0
0.114888 0
-0.0801647 0
0.125805 0
0.0424637 0
-0.0480886 0
-0.000265669 0
0.0619003 0
-0.0501618 0
-0.0715628 0
0.0680687 0
-0.107488 0
0.0372079 0
0.0552661 0
-0.222064 0
0.0732711 0
-0.0129185 0
-0.0628801 0
0.178254 0
-0.035685 0
-0.0542491 0
-0.00707341 0
-0.0506058 0
-0.0138659 0
-0.0104592 0
0.0469524 0
0.0372154 0
-0.00236176 0
0.196373 0
-0.0813307 0
0.00271426 0
0.0895118 0
-0.171322 0
0.0855792 0
0.0146569 0
-0.140496 0
0 0
0 0
0 0
0 0
0 0
0 0
0 0
0 0
0 0
0 0
0 0
0 0
0 0
0 0
0 0
0 0
0 0
0 0
0 0
0 0
0 0
0 0
0 0
0 0
0 0
0 0
0 0
0 0
0 0
0 0
0 0
0 0
0 0
0 0
0 0
0 0
0 0
0 0
0 0
0 0
0 0
0 0
0 0
0 0
0 0
0 0
0 0
0 0
0 0
0 0
0 0
0 0
0 0
0 0
0 0
0 0
0 0
0 0
0 0
0 0
0 0
0 0
0 0
0 0
0 0
0 0
0 0
0 0
0 0
0 0
0 0
0 0
0 0
0 0
0 0
0 0
0 0
0 0
0 0
0 0
0 0
0 0
0 0
0 0
0 0
0 0
0 0
0 0
0 0
0 0
0 0
0 0
0 0
0 0
0 0
0 0
0 0
0 0
0 0
0 0
0 0
0 0
0 0
0 0
0 0
0 0
0 0
0 0
0 0
0 0
0 0
0 0
0 0
0 0
0 0
0 0
0 0
0 0
0 0
0 0
0 0
0 0
0 0
0 0
0 0
0 0
0 0
0 0
0 0
0 0
0 0
0 0
0 0
0 0
0 0
0 0
0 0
0 0
0 0
0 0
0 0
-0.180122 0
0.0404794 0
0.0908142 0
0.0404823 0
-0.180126 0
0.0972419 0
-0.152578 0
0.214136 0
-0.00490712 0
-0.0503691 0
-0.0237742 0
-0.0892332 0
0.0958969 0
-0.146956 0
0.00182859 0
0.195215 0
-0.0347684 0
-0.0942144 0
-0.114368 0
0.0532943 0
0.0220602 0
0.0194542 0
0.0491086 0
-0.0955081 0
0.0721785 0
-0.149186 0
-0.0446746 0
0.213936 0
-0.0684496 0
-0.00556716 0
-0.0517514 0
-0.0819579 0
0.0490692 0
0.0293878 0
0.0748802 0
-0.0291535 0
0.0299939 0
-0.117567 0
-0.0803866 0
0.192586 0
-0.0625235 0
0.0417199 0
-0.0503629 0
-0.00490859 0
0.214134 0
-0.0237718 0
-0.0445155 0
0.0799581 0
-0.112171 0
0.00665361 0
0.140136 0
-0.00116508 0
-0.12504 0
0.0416195 0
0.0334632 0
-0.0237412 0
0.0438163 0
0.0411223 0
-0.145241 0
-0.00416683 0
0.114211 0
-0.146956 0
0.0958983 0
-0.0892399 0
0.00183035 0
-0.112173 0
0.00665346 0
-0.05029 0
0.0217562 0
-0.0111872 0
-0.0121326 0
-0.0479903 0
0.00663199 0
0.00255613 0
0.0152987 0
-0.0374325 0
-0.0251657 0
0.045223 0
-0.0942126 0
-0.0347708 0
0.195218 0
-0.11437 0
0.140139 0
-0.0011654 0
-0.0111861 0
-0.0121331 0
0.0996652 0
-0.0438525 0
0.0232631 0
0.0192548 0
-0.0165516 0
-0.0214507 0
0.0780099 0
0.0194584 0
0.02206 0
0.0532937 0
0.0491106 0
-0.125042 0
0.0416196 0
-0.0479897 0
0.00663195 0
0.0232636 0
0.0192544 0
-0.0715524 0
0.0137959 0
0.0120758 0
-0.149188 0
0.0721804 0
-0.0955119 0
-0.0446756 0
0.0334648 0
-0.0237416 0
0.00255522 0
0.0152998 0
-0.0165508 0
-0.021452 0
0.0120779 0
-0.00556746 0
-0.0684513 0
0.213941 0
-0.051753 0
0.0438169 0
0.0411238 0
-0.0374359 0
-0.0251654 0
0.0780116 0
0.0293886 0
0.0490704 0
-0.0819588 0
0.0748813 0
-0.145244 0
-0.0041676 0
0.0452238 0
-0.117571 0
0.0299955 0
-0.0291541 0
-0.0803889 0
0.114215 0
0.041719 0
-0.0625244 0
0.19259 0
-0.023806 0
0.0259998 0
-0.0238253 0
0.0260003 0
-0.0238061 0
0.063073 0
0.0320309 0
-0.000782282 0
-0.120636 0
0.025458 0
0.0912957 0
0.0308864 0
-0.16186 0
0.0751212 0
-0.0356711 0
0.00764947 0
0.0526479 0
0.0291036 0
-0.0436802 0
-0.0487717 0
0.253129 0
-0.0813635 0
-0.0403709 0
0.00283045 0
0.0673751 0
-0.0848703 0
-0.0368401 0
0.0345825 0
-0.159931 0
0.024624 0
0.0758214 0
0.008382 0
-0.13445 0
0.0779719 0
0.0296934 0
-0.0265285 0
0.02308 0
0.0293381 0
0.0408498 0
-0.0281124 0
0.0654987 0
-0.0233904 0
0.0254582 0
-0.120637 0
-0.000782024 0
0.0912954 0
-0.100382 0
0.164164 0
-0.0111095 0
-0.0907021 0
0.0750458 0
-0.121238 0
0.0774969 0
-0.105188 0
-0.0086562 0
0.171457 0
-0.10239 0
0.103577 0
-0.00589041 0
-0.112759 0
0.0195151 0
0.0751211 0
-0.161859 0
0.0308864 0
-0.0356714 0
-0.0111091 0
-0.090703 0
0.0029554 0
0.171287 0
-0.0632741 0
0.163788 0
0.00862972 0
-0.0878042 0
-0.0168891 0
-0.0257071 0
0.029029 0
-0.176829 0
0.0781278 0
0.0291031 0
0.052649 0
0.00764935 0
-0.0436805 0
0.0750461 0
-0.121238 0
-0.0632742 0
0.163788 0
-0.062994 0
-0.112776 0
0.072012 0
-0.0428251 0
0.00711446 0
0.0441305 0
0.0354595 0
-0.0813638 0
0.25313 0
-0.0487717 0
-0.0403708 0
0.0774966 0
-0.105187 0
0.0086296 0
-0.0878049 0
0.0720124 0
-0.0428254 0
-0.0470128 0
0.248654 0
-0.0785733 0
-0.0848702 0
0.0673743 0
0.00283064 0
-0.0368401 0
-0.00865641 0
0.171456 0
-0.0168888 0
-0.0257074 0
0.0071144 0
0.0441313 0
-0.0785735 0
0.0246242 0
-0.159931 0
0.0345825 0
0.0758217 0
-0.10239 0
0.103577 0
0.029029 0
-0.176828 0
0.0354591 0
0.0779719 0
-0.134449 0
0.00838178 0
0.0296934 0
-0.00589021 0
-0.11276 0
0.0781278 0
0.0293379 0
0.0230803 0
-0.0265284 0
0.0408493 0
0.0195153 0
-0.0233905 0
0.0654988 0
-0.0281123 0
0 0
0 0
0 0
0 0
0 0
0 0
0 0
0 0
0 0
0 0
0 0
0 0
0 0
0 0
0 0
0 0
0 0
0 0
0 0
0 0
0 0
0 0
0 0
0 0
0 0
0 0
0 0
0 0
0 0
0 0
0 0
0 0
0 0
0 0
0 0
0 0
0 0
0 0
0 0
0 0
0 0
0 0
0 0
0 0
0 0
0 0
0 0
0 0
0 0
0 0
0 0
0 0
0 0
0 0
0 0
0 0
0 0
0 0
0 0
0 0
0 0
0 0
0 0
0 0
0 0
0 0
0 0
0 0
0 0
0 0
0 0
0 0
0 0
0 0
0 0
0 0
0 0
0 0
0 0
0 0
0 0
0 0
0 0
0 0
0 0
0 0
0 0
0 0
0 0
0 0
0 0
0 0
0 0
0 0
0 0
0 0
0 0
0 0
0 0
0 0
0 0
0 0
0 0
0 0
0 0
0 0
0 0
0 0
0 0
0 0
0 0
0 0
0 0
0 0
0 0
0 0
0 0
0 0
0 0
0 0
0 0
0 0
0 0
0 0
0 0
0 0
0 0
0 0
0 0
0 0
0 0
0 0
0 0
0 0
0 0
0 0
0 0
0 0
0 0
0 0
0 0
-0.0247133 0
0.0925054 0
-8.57405e-08 0
-0.0925052 0
0.0247132 0
1.7294e-07 0
1.58467e-07 0
0.0426916 0
-0.109496 0
0.0543179 0
-0.0373919 0
-0.0138507 0
0.133052 0
-0.00626148 0
-0.0479988 0
-0.026848 0
0.209148 0
-0.091155 0
-0.067385 0
-0.00292453 0
0.0146838 0
-0.0595346 0
0.0628442 0
0.0341553 0
-0.203446 0
0.0499645 0
0.0218581 0
0.0200254 0
-0.133343 0
0.0895642 0
0.0414169 0
-0.0469085 0
0.114508 0
0.00498673 0
0.00607616 0
-0.0043736 0
0.101141 0
-0.0567856 0
-0.0917753 0
0.0217605 0
0.00942254 0
-0.029184 0
-0.0543177 0
0.109495 0
-0.0426916 0
0.0373925 0
-2.65084e-07 0
4.10718e-07 0
0.0776767 0
-0.21635 0
0.0822088 0
0.00359038 0
-0.0804483 0
0.210646 0
-0.0712761 0
0.00992321 0
-0.0056408 0
-0.0320024 0
0.0463542 0
-0.135557 0
0.0616687 0
0.0062619 0
-0.133053 0
0.0138509 0
0.0479986 0
-0.0776768 0
0.216349 0
5.71797e-08 0
2.90534e-07 0
-0.00440957 0
0.0113183 0
-0.00373684 0
-0.209312 0
0.0694974 0
-0.0391573 0
-0.0161781 0
0.126335 0
0.00248684 0
0.0911552 0
-0.209148 0
0.0268481 0
0.067385 0
-0.0822085 0
-0.00359072 0
0.0044093 0
-0.0113177 0
-1.01131e-07 0
-3.22162e-07 0
0.086536 0
-0.0833168 0
-0.0239311 0
0.204591 0
-0.0883934 0
0.0595343 0
-0.0146827 0
0.00292427 0
-0.0628443 0
0.0804486 0
-0.210646 0
0.00373683 0
0.209312 0
-0.0865357 0
0.0833165 0
-5.09809e-08 0
4.51237e-07 0
-0.0548829 0
-0.0499648 0
0.203446 0
-0.0341552 0
-0.0218584 0
0.0712761 0
-0.00992258 0
-0.0694975 0
0.0391573 0
0.0239311 0
-0.204591 0
0.0548826 0
-0.0895641 0
0.133342 0
-0.0200253 0
-0.0414165 0
0.00564041 0
0.0320027 0
0.0161782 0
-0.126336 0
0.0883935 0
-0.00498651 0
-0.114508 0
0.0469084 0
-0.00607597 0
-0.0463541 0
0.135556 0
-0.00248645 0
0.0567857 0
-0.101141 0
0.00437347 0
0.0917754 0
-0.0616685 0
0.0291839 0
-0.0094223 0
-0.0217606 0
0 0
0 0
0 0
0 0
0 0
0 0
0 0
0 0
0 0
0 0
0 0
0 0
0 0
0 0
0 0
0 0
0 0
0 0
0 0
0 0
0 0
0 0
0 0
0 0
0 0
0 0
0 0
0 0
0 0
0 0
0 0
0 0
0 0
0 0
0 0
0 0
0 0
0 0
0 0
0 0
0 0
0 0
0 0
0 0
0 0
0 0
0 0
0 0
0 0
0 0
0 0
0 0
0 0
0 0
0 0
0 0
0 0
0 0
0 0
0 0
0 0
0 0
0 0
0 0
0 0
0 0
0 0
0 0
0 0
0 0
0 0
0 0
0 0
0 0
0 0
0 0
0 0
0 0
0 0
0 0
0 0
0 0
0 0
0 0
0 0
0 0
0 0
0 0
0 0
0 0
0 0
0 0
0 0
0 0
0 0
0 0
0 0
0 0
0 0
0 0
0 0
0 0
0 0
0 0
0 0
0 0
0 0
0 0
0 0
0 0
0 0
0 0
0 0
0 0
0 0
0 0
0 0
0 0
0 0
0 0
0 0
0 0
0 0
0 0
0 0
0 0
0 0
0 0
0 0
0 0
0 0
0 0
0 0
0 0
0 0
0 0
0 0
0 0
0 0
0 0
0 0
0 0
0 0
0 0
0 0
0 0
0 0
0 0
0 0
0 0
0 0
0 0
0 0
0 0
0 0
0 0
0 0
0 0
0 0
0 0
0 0
0 0
0 0
0 0
0 0
0 0
0 0
0 0
0 0
0 0
0 0
0 0
0 0
0 0
0 0
0 0
0 0
0 0
0 0
0 0
0 0
0 0
0 0
0 0
0 0
0 0
0 0
0 0
0 0
0 0
0 0
0 0
0 0
0 0
0 0
0 0
0 0
0 0
0 0
0 0
0 0
0 0
0 0
0 0
0 0
0 0
0 0
0 0
0 0
0 0
0 0
0 0
0 0
0 0
0 0
0 0
0 0
0 0
0 0
0 0
0 0
0 0
0 0
0 0
0 0
0 0
0 0
0 0
0 0
0 0
0 0
0 0
0 0
0 0
0 0
0 0
0 0
0 0
0 0
0 0
0 0
0 0
0 0
0 0
0 0
0 0
0 0
0 0
0 0
0 0
0 0
0 0
0 0
0 0
0 0
0 0
0 0
0 0
0 0
0 0
0 0
0 0
0 0
0 0
0 0
0 0
0 0
0 0
0 0
0 0
0 0
0 0
0 0
0 0
0 0
0 0
0 0
0 0
0 0
0 0
0 0
0 0
0.0472969 0
-0.0413637 0
5.79279e-07 0
0.0413635 0
-0.0472963 0
-1.67598e-07 0
-2.84649e-07 0
-0.0699867 0
0.0402402 0
-0.0999741 0
0.0266973 0
-0.0232215 0
-0.060425 0
0.0276838 0
0.0555258 0
-0.000432261 0
-0.0992005 0
0.210371 0
0.0440484 0
0.0135293 0
-0.0111946 0
0.144649 0
-0.0453081 0
-0.0115137 0
0.0988265 0
-0.118159 0
-0.0430166 0
-0.00162689 0
0.0757231 0
-0.223851 0
-0.0312738 0
0.0739695 0
-0.0404298 0
-0.0458695 0
-0.00159083 0
0.00711287 0
-0.0507473 0
0.116527 0
0.0455816 0
-0.0508332 0
-0.00227085 0
0.0595929 0
0.0999732 0
-0.0402391 0
0.0699871 0
-0.0266983 0
1.81145e-06 0
-5.5995e-07 0
-0.170379 0
0.0975434 0
-0.167625 0
0.00707757 0
0.157276 0
-0.0917165 0
0.164125 0
-0.0147393 0
0.0373303 0
0.0126258 0
-0.0754612 0
0.0553676 0
-0.118724 0
-0.027687 0
0.0604263 0
0.0232208 0
-0.0555255 0
0.170379 0
-0.0975429 0
3.28779e-07 0
-7.87946e-07 0
-0.0141772 0
0.00520138 0
-0.00375359 0
0.089753 0
-0.15027 0
0.0479417 0
-0.00589099 0
-0.0550009 0
-0.000483383 0
-0.210371 0
0.0991998 0
0.000431651 0
-0.0440475 0
0.167623 0
-0.00707652 0
0.0141796 0
-0.00520293 0
1.2846e-06 0
5.3349e-07 0
-0.155894 0
0.0477832 0
-0.0102707 0
-0.0864649 0
0.199943 0
-0.144645 0
0.0111925 0
-0.0135291 0
0.0453092 0
-0.15728 0
0.0917172 0
0.00375399 0
-0.0897525 0
0.155891 0
-0.0477821 0
1.20501e-08 0
-1.06079e-06 0
0.116241 0
0.118163 0
-0.0988272 0
0.011513 0
0.0430168 0
-0.164124 0
0.0147379 0
0.150271 0
-0.0479416 0
0.0102702 0
0.0864642 0
-0.116237 0
0.22385 0
-0.0757219 0
0.00162618 0
0.031273 0
-0.037327 0
-0.0126266 0
0.00589033 0
0.0550023 0
-0.199944 0
0.0458666 0
0.0404308 0
-0.0739693 0
0.00159041 0
0.0754614 0
-0.0553666 0
0.000480259 0
-0.116529 0
0.0507471 0
-0.00711174 0
-0.045582 0
0.118723 0
-0.0595921 0
0.00227038 0
0.0508342 0
0 0
0 0
0 0
0 0
0 0
0 0
0 0
0 0
0 0
0 0
0 0
0 0
0 0
0 0
0 0
0 0
0 0
0 0
0 0
0 0
0 0
0 0
0 0
0 0
0 0
0 0
0 0
0 0
0 0
0 0
0 0
0 0
0 0
0 0
0 0
0 0
0 0
0 0
0 0
0 0
0 0
0 0
0 0
0 0
0 0
0 0
0 0
0 0
0 0
0 0
0 0
0 0
0 0
0 0
0 0
0 0
0 0
0 0
0 0
0 0
0 0
0 0
0 0
0 0
0 0
0 0
0 0
0 0
0 0
0 0
0 0
0 0
0 0
0 0
0 0
0 0
0 0
0 0
0 0
0 0
0 0
0 0
0 0
0 0
0 0
0 0
0 0
0 0
0 0
0 0
0 0
0 0
0 0
0 0
0 0
0 0
0 0
0 0
0 0
0 0
0 0
0 0
0 0
0 0
0 0
0 0
0 0
0 0
0 0
0 0
0 0
0 0
0 0
0 0
0 0
0 0
0 0
0 0
0 0
0 0
0 0
0 0
0 0
0 0
0 0
0 0
0 0
0 0
0 0
0 0
0 0
0 0
0 0
0 0
0 0
0 0
0 0
0 0
0 0
0 0
0 0
0.0415292 0
-0.0146767 0
0.0603485 0
-0.0146777 0
0.0415303 0
-0.0217582 0
-0.0250399 0
0.0138318 0
0.0552848 0
-0.04958 0
-0.0435124 0
-0.0331291 0
0.0617274 0
-0.159875 0
0.0129753 0
-0.0256928 0
-0.0414472 0
-0.02663 0
0.0507559 0
0.00286082 0
-0.112197 0
0.200589 0
0.0587997 0
-0.0342709 0
-0.0351642 0
0.197955 0
0.00771854 0
-0.0335337 0
0.0647412 0
-0.0377965 0
-0.0428357 0
0.00414805 0
0.0594631 0
-0.160844 0
-0.0207491 0
0.062549 0
-0.0153463 0
-0.0561836 0
-0.0234939 0
0.0607821 0
-0.0284621 0
0.049088 0
-0.0495823 0
0.0552857 0
0.0138304 0
-0.043512 0
0.17133 0
-0.0570366 0
0.0134443 0
0.0319456 0
-0.155368 0
0.0555279 0
-0.175478 0
0.0311453 0
0.0406919 0
-0.0760359 0
0.179723 0
-0.0423672 0
0.00667669 0
0.0572225 0
-0.0395383 0
-0.159875 0
0.0617261 0
-0.0331293 0
0.0129762 0
0.0134412 0
0.0319474 0
0.0311386 0
-0.0891139 0
0.138269 0
-0.0865452 0
0.0268325 0
0.03218 0
0.0438461 0
0.00785797 0
-0.0385626 0
0.0710555 0
-0.168487 0
-0.0266258 0
-0.041449 0
-0.0256928 0
0.0507569 0
-0.155372 0
0.0555279 0
0.138269 0
-0.0865454 0
0.133466 0
0.0668244 0
-0.181885 0
0.0619676 0
-0.0325845 0
-0.0403571 0
-0.0432186 0
0.200591 0
-0.112197 0
0.00286069 0
0.0587989 0
-0.175475 0
0.0311435 0
0.0268331 0
0.0321815 0
-0.181888 0
0.0619683 0
-0.00119275 0
-0.12293 0
0.218699 0
0.197952 0
-0.0351625 0
-0.0342711 0
0.00771787 0
0.0406943 0
-0.0760357 0
0.0438427 0
0.00785908 0
-0.0325848 0
-0.0403588 0
0.218701 0
-0.0378 0
0.0647423 0
-0.0335336 0
-0.0428363 0
0.179724 0
-0.0423669 0
-0.0385628 0
0.0710543 0
-0.0432145 0
-0.160844 0
0.0594623 0
0.00414952 0
-0.0207492 0
0.00667553 0
0.0572234 0
-0.168487 0
-0.0561816 0
-0.015347 0
0.062549 0
-0.023493 0
-0.0395404 0
0.0490887 0
-0.028462 0
0.0607809 0
-0.0499783 0
0.0709116 0
-0.034728 0
0.0709123 0
-0.0499785 0
0.119994 0
-0.0166257 0
0.0246027 0
-0.14185 0
0.0186899 0
0.0719407 0
0.0192544 0
-0.184968 0
0.085138 0
0.0452962 0
-0.0166111 0
-0.0619667 0
0.0644626 0
0.0759559 0
-0.0509979 0
0.0255319 0
0.00949735 0
0.0792934 0
0.0472378 0
-0.0942156 0
0.0178189 0
-0.152923 0
0.0374768 0
0.00752077 0
0.0225949 0
0.0114015 0
-0.0860271 0
0.251096 0
-0.0671102 0
0.041193 0
0.0151478 0
0.0687183 0
-0.0825494 0
-0.164554 0
0.061171 0
-0.0716347 0
0.000754548 0
0.0186904 0
-0.141851 0
0.024603 0
0.0719407 0
-0.104857 0
0.226529 0
-0.0410098 0
-0.129119 0
0.00268365 0
0.043812 0
-0.0644152 0
0.103689 0
0.0466049 0
-0.112851 0
0.0387234 0
-0.034268 0
0.0343145 0
-0.129095 0
0.0780365 0
0.0851382 0
-0.184968 0
0.0192542 0
0.045297 0
-0.0410101 0
-0.129119 0
0.14364 0
-0.244763 0
0.0260487 0
0.110883 0
-0.0666592 0
0.0162211 0
0.00769636 0
0.0696232 0
-0.0441401 0
0.118566 0
0.00278174 0
0.0644625 0
-0.0619665 0
-0.0166112 0
0.0759554 0
0.00268385 0
0.0438116 0
0.0260488 0
0.110883 0
-0.0476948 0
-0.0554071 0
0.0459174 0
-0.119606 0
-0.0211441 0
0.124157 0
-0.0635333 0
0.00949746 0
0.0255313 0
-0.0509976 0
0.0792932 0
-0.0644153 0
0.10369 0
-0.0666593 0
0.0162209 0
0.0459176 0
-0.119606 0
0.0742637 0
-0.0240794 0
-0.0263057 0
0.017819 0
-0.0942154 0
0.0472376 0
-0.152923 0
0.0466046 0
-0.112851 0
0.00769648 0
0.069623 0
-0.021144 0
0.124157 0
-0.0263057 0
0.0225948 0
0.00752089 0
0.0374767 0
0.0114009 0
0.0387236 0
-0.0342683 0
-0.0441401 0
0.118567 0
-0.0635335 0
-0.0671102 0
0.251096 0
-0.0860268 0
0.0411927 0
0.0343145 0
-0.129094 0
0.00278146 0
-0.0825494 0
0.0687184 0
0.0151477 0
-0.164554 0
0.0780363 0
0.000754488 0
-0.0716346 0
0.0611709 0
0 0
0 0
0 0
0 0
0 0
0 0
0 0
0 0
0 0
0 0
0 0
0 0
0 0
0 0
0 0
0 0
0 0
0 0
0 0
0 0
0 0
0 0
0 0
0 0
0 0
0 0
0 0
0 0
0 0
0 0
0 0
0 0
0 0
0 0
0 0
0 0
0 0
0 0
0 0
0 0
0 0
0 0
0 0
0 0
0 0
0 0
0 0
0 0
0 0
0 0
0 0
0 0
0 0
0 0
0 0
0 0
0 0
0 0
0 0
0 0
0 0
0 0
0 0
0 0
0 0
0 0
0 0
0 0
0 0
0 0
0 0
0 0
0 0
0 0
0 0
0 0
0 0
0 0
0 0
0 0
0 0
0 0
0 0
0 0
0 0
0 0
0 0
0 0
0 0
0 0
0 0
0 0
0 0
0 0
0 0
0 0
0 0
0 0
0 0
0 0
0 0
0 0
0 0
0 0
0 0
0 0
0 0
0 0
0 0
0 0
0 0
0 0
0 0
0 0
0 0
0 0
0 0
0 0
0 0
0 0
0 0
0 0
0 0
0 0
0 0
0 0
0 0
0 0
0 0
0 0
0 0
0 0
0 0
0 0
0 0
0 0
0 0
0 0
0 0
0 0
0 0
-0.0341429 0
0.130553 0
-8.21875e-08 0
-0.130553 0
0.0341427 0
1.33062e-07 0
1.36475e-07 0
0.0625973 0
-0.203477 0
0.0879152 0
-0.016944 0
-0.0481626 0
0.0708144 0
0.0345238 0
0.115742 0
-0.0361758 0
0.125857 0
-0.051288 0
-0.112342 0
0.0640507 0
-0.012516 0
-0.0295136 0
-0.102448 0
0.000434751 0
0.100793 0
-0.0228784 0
0.00010865 0
-0.0370709 0
0.174703 0
-0.071727 0
-0.042115 0
-0.00806051 0
0.038996 0
-0.0553971 0
0.031606 0
0.0410561 0
-0.142543 0
0.0266999 0
-0.0373275 0
0.0439084 0
-0.132383 0
0.0710571 0
-0.0879151 0
0.203477 0
-0.0625974 0
0.0169443 0
-1.60745e-07 0
2.61503e-07 0
-0.014156 0
-0.0664259 0
0.0685987 0
-0.0605255 0
0.0240047 0
0.0783618 0
0.0365424 0
-0.205705 0
0.0815976 0
-0.0384875 0
-0.0611761 0
0.224929 0
-0.0498023 0
-0.0345235 0
-0.0708151 0
0.0481627 0
-0.115742 0
0.0141559 0
0.0664255 0
1.86389e-07 0
-3.29451e-07 0
-0.0430678 0
0.209611 0
-0.124695 0
0.144252 0
0.0522419 0
-0.122076 0
0.0121874 0
0.118016 0
-0.0905176 0
0.0512883 0
-0.125857 0
0.0361758 0
0.112342 0
-0.0685988 0
0.0605257 0
0.0430678 0
-0.209611 0
-9.15992e-08 0
1.35767e-07 0
-0.0441309 0
0.0085366 0
0.0370286 0
-0.016505 0
-0.0265431 0
0.0295136 0
0.0125161 0
-0.0640509 0
0.102448 0
-0.0240049 0
-0.0783616 0
0.124695 0
-0.144253 0
0.0441309 0
-0.00853654 0
-7.53779e-08 0
2.01881e-07 0
0.00433382 0
0.0228785 0
-0.100793 0
-0.000434622 0
-0.000109009 0
-0.0365423 0
0.205705 0
-0.0522417 0
0.122075 0
-0.0370284 0
0.016505 0
-0.00433393 0
0.0717272 0
-0.174704 0
0.037071 0
0.0421154 0
-0.0815977 0
0.0384879 0
-0.0121874 0
-0.118016 0
0.0265431 0
0.0553971 0
-0.0389957 0
0.00806023 0
-0.0316057 0
0.0611759 0
-0.224929 0
0.0905176 0
-0.0266999 0
0.142543 0
-0.0410559 0
0.0373268 0
0.0498025 0
-0.071057 0
0.132382 0
-0.0439082 0
0 0
0 0
0 0
0 0
0 0
0 0
0 0
0 0
0 0
0 0
0 0
0 0
0 0
0 0
0 0
0 0
0 0
0 0
0 0
0 0
0 0
0 0
0 0
0 0
0 0
0 0
0 0
0 0
0 0
0 0
0 0
0 0
0 0
0 0
0 0
0 0
0 0
0 0
0 0
0 0
0 0
0 0
0 0
0 0
0 0
0 0
0 0
0 0
0 0
0 0
0 0
0 0
0 0
0 0
0 0
0 0
0 0
0 0
0 0
0 0
0 0
0 0
0 0
0 0
0 0
0 0
0 0
0 0
0 0
0 0
0 0
0 0
0 0
0 0
0 0
0 0
0 0
0 0
0 0
0 0
0 0
0 0
0 0
0 0
0 0
0 0
0 0
0 0
0 0
0 0
0 0
0 0
0 0
0 0
0 0
0 0
0 0
0 0
0 0
0 0
0 0
0 0
0 0
0 0
0 0
0 0
0 0
0 0
0 0
0 0
0 0
0 0
0 0
0 0
0 0
0 0
0 0
0 0
0 0
0 0
0 0
0 0
0 0
0 0
0 0
0 0
0 0
0 0
0 0
0 0
0 0
0 0
0 0
0 0
0 0
0 0
0 0
0 0
0 0
0 0
0 0
0 0
0 0
0 0
0 0
0 0
0 0
0 0
0 0
0 0
0 0
0 0
0 0
0 0
0 0
0 0
0 0
0 0
0 0
0 0
0 0
0 0
0 0
0 0
0 0
0 0
0 0
0 0
0 0
0 0
0 0
0 0
0 0
0 0
0 0
0 0
0 0
0 0
0 0
0 0
0 0
0 0
0 0
0 0
0 0
0 0
0 0
0 0
0 0
0 0
0 0
0 0
0 0
0 0
0 0
0 0
0 0
0 0
0 0
0 0
0 0
0 0
0 0
0 0
0 0
0 0
0 0
0 0
0 0
0 0
0 0
0 0
0 0
0 0
0 0
0 0
0 0
0 0
0 0
0 0
0 0
0 0
0 0
0 0
0 0
0 0
0 0
0 0
0 0
0 0
0 0
0 0
0 0
0 0
0 0
0 0
0 0
0 0
0 0
0 0
0 0
0 0
0 0
0 0
0 0
0 0
0 0
0 0
0 0
0 0
0 0
0 0
0 0
0 0
0 0
0 0
0 0
0 0
0 0
0 0
0 0
0 0
0 0
0 0
0 0
0 0
0 0
0 0
0 0
0 0
0 0
0 0
0 0
0 0
0 0
0 0
0 0
0 0
0 0
0 0
0 0
0 0
0.0467306 0
-0.042939 0
7.05693e-07 0
0.0429381 0
-0.0467284 0
-5.61149e-07 0
2.13884e-07 0
-0.0626532 0
0.0500472 0
-0.108051 0
0.0126526 0
0.0179185 0
-0.0435001 0
-0.00846497 0
0.0132333 0
0.00376002 0
-0.0746623 0
0.147133 0
0.0580116 0
-0.0981375 0
-0.0216679 0
0.119293 0
0.0583455 0
-0.101814 0
-0.0233406 0
0.0572655 0
0.0623733 0
-0.00743225 0
-0.0830288 0
0.129077 0
0.02753 0
0.0536892 0
-0.0630887 0
0.179561 0
-0.0200199 0
-0.0924221 0
0.0670326 0
-0.00477026 0
0.0448755 0
-0.129303 0
0.0710233 0
-0.147813 0
0.108051 0
-0.0500459 0
0.0626518 0
-0.0126528 0
1.08982e-06 0
-6.66867e-07 0
-0.0685082 0
0.0513514 0
-0.111707 0
-0.00533807 0
-0.00776265 0
-0.0462497 0
-0.112442 0
0.0912634 0
-0.144021 0
0.016398 0
0.11036 0
-0.0983808 0
0.0598088 0
0.00846226 0
0.0435009 0
-0.0179181 0
-0.0132342 0
0.0685095 0
-0.0513505 0
-1.81416e-06 0
5.99048e-07 0
0.138204 0
-0.120479 0
0.282434 0
-0.0894126 0
-0.0645127 0
0.0537946 0
-0.0242399 0
-0.0462132 0
0.180091 0
-0.147133 0
0.074662 0
-0.00375859 0
-0.0580117 0
0.111706 0
0.00533824 0
-0.138204 0
0.120478 0
1.30042e-06 0
-7.05103e-08 0
0.0947837 0
0.0015897 0
-0.100381 0
0.0395676 0
0.00883913 0
-0.119293 0
0.0216681 0
0.0981376 0
-0.0583456 0
0.00776326 0
0.0462491 0
-0.282432 0
0.0894128 0
-0.0947848 0
-0.00158875 0
-9.58648e-07 0
-9.50689e-08 0
-0.0502016 0
-0.0572663 0
0.0233411 0
0.101814 0
-0.0623733 0
0.112442 0
-0.0912631 0
0.0645117 0
-0.0537943 0
0.100381 0
-0.0395684 0
0.0502029 0
-0.129078 0
0.0830289 0
0.00743225 0
-0.0275301 0
0.144021 0
-0.0163979 0
0.0242401 0
0.0462125 0
-0.00883701 0
-0.179561 0
0.0630882 0
-0.0536886 0
0.0200199 0
-0.11036 0
0.0983811 0
-0.18009 0
0.00477125 0
-0.0670329 0
0.0924219 0
-0.044875 0
-0.0598097 0
0.147813 0
-0.0710232 0
0.129302 0
-0.0286036 0
0.110504 0
-3.89377e-08 0
-0.110503 0
0.0286035 0
9.55459e-08 0
9.26683e-09 0
0.0507431 0
-0.193082 0
0.0790793 0
0.012396 0
-0.0617933 0
-0.0142109 0
0.0533958 0
0.221873 0
-0.0307753 0
-0.0709779 0
0.0219889 0
-0.0397183 0
0.0887036 0
-0.229955 0
0.0775636 0
-0.048629 0
-0.0530087 0
0.00764573 0
0.0570308 0
0.231641 0
-0.0536387 0
0.0368548 0
-0.0114679 0
-0.0743721 0
0.0975109 0
-0.149916 0
0.0290113 0
-0.124186 0
-0.0325829 0
0.0687531 0
0.0207167 0
0.174387 0
-0.0849191 0
0.157191 0
-0.0578064 0
-0.0790793 0
0.193082 0
-0.050743 0
-0.012396 0
1.1097e-08 0
-4.37468e-09 0
-0.105016 0
0.14813 0
-0.0222497 0
-0.0299181 0
0.00823169 0
0.0492066 0
-0.102349 0
0.0795603 0
0.0234653 0
-0.0884505 0
0.0507094 0
0.0298897 0
-0.0536657 0
-0.0533958 0
0.014211 0
0.0617933 0
-0.221873 0
0.105016 0
-0.14813 0
-2.17516e-07 0
6.44072e-07 0
0.0396868 0
-0.109034 0
0.05189 0
-0.122089 0
0.00983877 0
0.0075757 0
0.00426341 0
0.0658223 0
-0.0250015 0
-0.021989 0
0.0709782 0
0.0307754 0
0.0397177 0
0.02225 0
0.0299174 0
-0.0396871 0
0.109034 0
5.23058e-08 0
-7.5027e-07 0
0.0417707 0
-0.0241797 0
-0.020698 0
0.0901136 0
-0.0403569 0
-0.0775639 0
0.229956 0
-0.0887035 0
0.0486284 0
-0.00823108 0
-0.0492074 0
-0.0518902 0
0.12209 0
-0.0417701 0
0.024178 0
8.76657e-07 0
-1.40087e-06 0
-0.0234184 0
-0.0570315 0
-0.00764408 0
0.0530085 0
-0.231641 0
0.102349 0
-0.0795602 0
-0.00984011 0
-0.00757218 0
0.0206972 0
-0.0901125 0
0.0234189 0
0.0114671 0
-0.0368534 0
0.0536389 0
0.0743705 0
-0.0234644 0
0.0884488 0
-0.00426433 0
-0.0658208 0
0.0403562 0
-0.0290121 0
0.149917 0
-0.0975106 0
0.124185 0
-0.0507079 0
-0.0298921 0
0.0250017 0
-0.0207178 0
-0.0687504 0
0.0325824 0
-0.174387 0
0.0536661 0
0.0578053 0
-0.157189 0
0.0849185 0
0 0
0 0
0 0
0 0
0 0
0 0
0 0
0 0
0 0
0 0
0 0
0 0
0 0
0 0
0 0
0 0
0 0
0 0
0 0
0 0
0 0
0 0
0 0
0 0
0 0
0 0
0 0
0 0
0 0
0 0
0 0
0 0
0 0
0 0
0 0
0 0
0 0
0 0
0 0
0 0
0 0
0 0
0 0
0 0
0 0
0 0
0 0
0 0
0 0
0 0
0 0
0 0
0 0
0 0
0 0
0 0
0 0
0 0
0 0
0 0
0 0
0 0
0 0
0 0
0 0
0 0
0 0
0 0
0 0
0 0
0 0
0 0
0 0
0 0
0 0
0 0
0 0
0 0
0 0
0 0
0 0
0 0
0 0
0 0
0 0
0 0
0 0
0 0
0 0
0 0
0 0
0 0
0 0
0 0
0 0
0 0
0 0
0 0
0 0
0 0
0 0
0 0
0 0
0 0
0 0
0 0
0 0
0 0
0 0
0 0
0 0
0 0
0 0
0 0
0 0
0 0
0 0
0 0
0 0
0 0
0 0
0 0
0 0
0 0
0 0
0 0
0 0
0 0
0 0
0 0
0 0
0 0
0 0
0 0
0 0
0 0
0 0
0 0
0 0
0 0
0 0
-0.0640482 0
0.102639 0
-0.0279394 0
0.102638 0
-0.0640479 0
0.145171 0
-0.103173 0
0.061438 0
-0.0694542 0
-0.00863069 0
-0.0465004 0
-0.0208854 0
0.016947 0
0.0135048 0
0.104052 0
-0.0329762 0
0.0176886 0
-0.00892666 0
-0.00242024 0
0.0246846 0
-0.113507 0
0.0246593 0
0.0272047 0
0.00797553 0
-0.126741 0
0.0615402 0
0.0708036 0
-0.0178281 0
-0.0856479 0
0.0546507 0
0.0794702 0
-0.0217784 0
-0.0999822 0
0.0475611 0
0.0984687 0
0.0335448 0
-0.186435 0
0.0729988 0
-0.0346961 0
0.0447566 0
-0.140324 0
0.0834744 0
-0.00863139 0
-0.0694524 0
0.0614375 0
-0.0465006 0
0.00117154 0
0.0888047 0
-0.0394083 0
-0.0537789 0
0.0104799 0
0.0191665 0
-0.0573932 0
0.158533 0
-0.0544433 0
-0.0373031 0
-0.0328114 0
0.07445 0
-0.104032 0
0.202602 0
-0.044043 0
0.0135043 0
0.0169473 0
-0.0208848 0
0.10405 0
-0.0394072 0
-0.0537806 0
0.0754468 0
-0.160366 0
0.030357 0
0.0347362 0
-0.0251362 0
-0.105 0
0.119845 0
-0.284159 0
0.0703861 0
-0.0392099 0
-0.0426155 0
-0.00892696 0
0.0176896 0
-0.032976 0
-0.00241996 0
0.0104802 0
0.0191666 0
0.0303566 0
0.0347376 0
-0.0345987 0
0.0529139 0
-0.00508324 0
0.0699155 0
0.0588327 0
0.00495286 0
0.00885247 0
0.0246584 0
-0.113504 0
0.0246837 0
0.0272051 0
-0.0573932 0
0.158533 0
-0.025137 0
-0.104998 0
-0.00508389 0
0.0699161 0
-0.115092 0
0.273894 0
-0.072357 0
0.0615395 0
-0.126741 0
0.00797606 0
0.0708012 0
-0.0544422 0
-0.0373043 0
0.119845 0
-0.284159 0
0.0588329 0
0.00495203 0
-0.0723568 0
0.0546508 0
-0.0856481 0
-0.0178276 0
0.0794709 0
-0.0328114 0
0.0744506 0
0.0703863 0
-0.0392107 0
0.0088529 0
0.0475608 0
-0.0999805 0
-0.0217796 0
0.0984704 0
-0.104033 0
0.202602 0
-0.0426153 0
0.0729987 0
-0.186436 0
0.0335451 0
-0.0346977 0
-0.0440426 0
0.0834752 0
-0.140325 0
0.0447575 0
0 0
0 0
0 0
0 0
0 0
0 0
0 0
0 0
0 0
0 0
0 0
0 0
0 0
0 0
0 0
0 0
0 0
0 0
0 0
0 0
0 0
0 0
0 0
0 0
0 0
0 0
0 0
0 0
0 0
0 0
0 0
0 0
0 0
0 0
0 0
0 0
0 0
0 0
0 0
0 0
0 0
0 0
0 0
0 0
0 0
0 0
0 0
0 0
0 0
0 0
0 0
0 0
0 0
0 0
0 0
0 0
0 0
0 0
0 0
0 0
0 0
0 0
0 0
0 0
0 0
0 0
0 0
0 0
0 0
0 0
0 0
0 0
0 0
0 0
0 0
0 0
0 0
0 0
0 0
0 0
0 0
0 0
0 0
0 0
0 0
0 0
0 0
0 0
0 0
0 0
0 0
0 0
0 0
0 0
0 0
0 0
0 0
0 0
0 0
0 0
0 0
0 0
0 0
0 0
0 0
0 0
0 0
0 0
0 0
0 0
0 0
0 0
0 0
0 0
0 0
0 0
0 0
0 0
0 0
0 0
0 0
0 0
0 0
0 0
0 0
0 0
0 0
0 0
0 0
0 0
0 0
0 0
0 0
0 0
0 0
0 0
0 0
0 0
0 0
0 0
0 0
0 0
0 0
0 0
0 0
0 0
0 0
0 0
0 0
0 0
0 0
0 0
0 0
0 0
0 0
0 0
0 0
0 0
0 0
0 0
0 0
0 0
0 0
0 0
0 0
0 0
0 0
0 0
0 0
0 0
0 0
0 0
0 0
0 0
0 0
0 0
0 0
0 0
0 0
0 0
0 0
0 0
0 0
0 0
0 0
0 0
0 0
0 0
0 0
0 0
0 0
0 0
0 0
0 0
0 0
0 0
0 0
0 0
0 0
0 0
0 0
0 0
0 0
0 0
0 0
0 0
0 0
0 0
0 0
0 0
0 0
0 0
0 0
0 0
0 0
0 0
0 0
0 0
0 0
0 0
0 0
0 0
0 0
0 0
0 0
0 0
0 0
0 0
0 0
0 0
0 0
0 0
0 0
0 0
0 0
0 0
0 0
0 0
0 0
0 0
0 0
0 0
0 0
0 0
0 0
0 0
0 0
0 0
0 0
0 0
0 0
0 0
0 0
0 0
0 0
0 0
0 0
0 0
0 0
0 0
0 0
0 0
0 0
0 0
0 0
0 0
0 0
0 0
0 0
0 0
0 0
0 0
0 0
0 0
0 0
0 0
0 0
0 0
0 0
0 0
0 0
0 0
0.145022 0
-0.061785 0
0.117817 0
-0.0617858 0
0.145022 0
-0.0747269 0
0.00983934 0
-0.0765144 0
0.0959873 0
-0.0387327 0
-0.0275376 0
0.00463397 0
0.0874989 0
-0.230543 0
-0.0646206 0
0.135907 0
-0.0123553 0
-0.0910228 0
-0.049597 0
0.0668582 0
0.0122692 0
0.000103744 0
-0.0286818 0
-0.0773839 0
0.0779833 0
-0.111642 0
0.0264481 0
-0.0156894 0
0.00255781 0
-0.0951434 0
-0.0141417 0
0.11022 0
-0.0874286 0
0.101496 0
-0.0150027 0
-0.0537514 0
-0.00333104 0
0.106875 0
0.0729813 0
-0.125607 0
0.0424238 0
-0.0408733 0
-0.0387346 0
0.0959882 0
-0.0765153 0
-0.0275375 0
0.169859 0
-0.0986185 0
0.089587 0
0.0767727 0
-0.0254605 0
-0.00289458 0
0.113279 0
-0.0695815 0
-0.00152255 0
0.0446217 0
-0.0439935 0
0.0118039 0
-0.00245544 0
0.00552343 0
-0.0856055 0
-0.230543 0
0.0874984 0
0.00463458 0
-0.0646208 0
0.0895867 0
0.0767731 0
-0.335282 0
0.139472 0
-0.0775945 0
-0.0641964 0
0.133875 0
0.00936065 0
-0.112421 0
0.0455101 0
0.00450466 0
-0.0618714 0
0.0682722 0
-0.0910212 0
-0.0123561 0
0.135908 0
-0.0495964 0
-0.0254616 0
-0.00289452 0
-0.0775932 0
-0.0641976 0
0.169295 0
-0.0172327 0
-0.054401 0
0.0594991 0
-0.0531117 0
-0.053578 0
0.149103 0
0.000104633 0
0.0122692 0
0.0668567 0
-0.0286811 0
0.113279 0
-0.069582 0
0.133878 0
0.00935981 0
-0.0544002 0
0.0594992 0
-0.103366 0
-0.0251697 0
0.0971453 0
-0.111642 0
0.077983 0
-0.0773847 0
0.0264484 0
-0.00152328 0
0.0446226 0
-0.112422 0
0.0455107 0
-0.0531129 0
-0.0535776 0
0.0971448 0
-0.0951418 0
0.00255678 0
-0.0156891 0
-0.0141413 0
-0.0439952 0
0.0118042 0
0.00450437 0
-0.061872 0
0.149103 0
0.101498 0
-0.087429 0
0.11022 0
-0.0150027 0
-0.00245457 0
0.00552227 0
0.0682744 0
0.106874 0
-0.00333035 0
-0.0537524 0
0.0729815 0
-0.0856044 0
-0.0408746 0
0.0424244 0
-0.125607 0
-0.100636 0
0.16582 0
-0.0388428 0
0.16582 0
-0.100636 0
0.22484 0
-0.189193 0
0.107676 0
-0.0686054 0
-0.0252006 0
-0.127624 0
-0.0448884 0
0.131394 0
-0.0160962 0
0.156923 0
-0.0429646 0
0.129934 0
-0.0671307 0
-0.130845 0
0.0846398 0
-0.0588551 0
-0.0182325 0
-0.115599 0
-0.0286111 0
0.0908106 0
-0.00815879 0
0.128227 0
-0.0417126 0
0.117239 0
-0.0533586 0
-0.0937274 0
0.0657074 0
-0.031335 0
-0.0219379 0
-0.110981 0
-0.0207951 0
0.0801844 0
-0.0124097 0
0.107103 0
-0.0564587 0
0.1144 0
-0.049547 0
-0.0252003 0
-0.068606 0
0.107677 0
-0.127623 0
0.05336 0
0.0634352 0
-0.0548171 0
-0.0261983 0
0.0783009 0
-0.120651 0
0.050547 0
0.0551408 0
-0.0477594 0
-0.0142992 0
0.0626148 0
-0.115318 0
0.0604977 0
0.00714828 0
-0.0298687 0
-0.0160959 0
0.131394 0
-0.0448887 0
0.156924 0
-0.0548177 0
-0.0261973 0
-0.000487182 0
0.0541319 0
-0.0230836 0
0.14777 0
-0.0511351 0
-0.0226875 0
-0.00217959 0
0.0447705 0
-0.0186983 0
0.136913 0
-0.0374486 0
-0.0671305 0
0.129933 0
-0.0429647 0
-0.130845 0
0.0783006 0
-0.120651 0
-0.0230833 0
0.147769 0
-0.0526475 0
-0.108632 0
0.0729707 0
-0.125564 0
-0.0189363 0
0.1484 0
-0.0734855 0
-0.018232 0
-0.0588564 0
0.0846402 0
-0.115599 0
0.0505471 0
0.0551408 0
-0.0511346 0
-0.0226884 0
0.072971 0
-0.125565 0
0.0577412 0
0.0428261 0
-0.0494563 0
-0.00815842 0
0.0908105 0
-0.0286113 0
0.128229 0
-0.04776 0
-0.0142984 0
-0.00217961 0
0.0447707 0
-0.0189364 0
0.1484 0
-0.0494564 0
-0.0533586 0
0.117239 0
-0.0417129 0
-0.0937277 0
0.0626147 0
-0.115318 0
-0.0186983 0
0.136913 0
-0.0734857 0
-0.0219377 0
-0.0313359 0
0.065708 0
-0.110981 0
0.0604981 0
0.00714814 0
-0.0374486 0
-0.0124096 0
0.080185 0
-0.0207952 0
0.107104 0
-0.0298689 0
-0.0495475 0
0.114401 0
-0.0564592 0
0 0
0 0
0 0
0 0
0 0
0 0
0 0
0 0
0 0
0 0
0 0
0 0
0 0
0 0
0 0
0 0
0 0
0 0
0 0
0 0
0 0
0 0
0 0
0 0
0 0
0 0
0 0
0 0
0 0
0 0
0 0
0 0
0 0
0 0
0 0
0 0
0 0
0 0
0 0
0 0
0 0
0 0
0 0
0 0
0 0
0 0
0 0
0 0
0 0
0 0
0 0
0 0
0 0
0 0
0 0
0 0
0 0
0 0
0 0
0 0
0 0
0 0
0 0
0 0
0 0
0 0
0 0
0 0
0 0
0 0
0 0
0 0
0 0
0 0
0 0
0 0
0 0
0 0
0 0
0 0
0 0
0 0
0 0
0 0
0 0
0 0
0 0
0 0
0 0
0 0
0 0
0 0
0 0
0 0
0 0
0 0
0 0
0 0
0 0
0 0
0 0
0 0
0 0
0 0
0 0
0 0
0 0
0 0
0 0
0 0
0 0
0 0
0 0
0 0
0 0
0 0
0 0
0 0
0 0
0 0
0 0
0 0
0 0
0 0
0 0
0 0
0 0
0 0
0 0
0 0
0 0
0 0
0 0
0 0
0 0
0 0
0 0
0 0
0 0
0 0
0 0
0 0
0 0
0 0
0 0
0 0
0 0
0 0
0 0
0 0
0 0
0 0
0 0
0 0
0 0
0 0
0 0
0 0
0 0
0 0
0 0
0 0
0 0
0 0
0 0
0 0
0 0
0 0
0 0
0 0
0 0
0 0
0 0
0 0
0 0
0 0
0 0
0 0
0 0
0 0
0 0
0 0
0 0
0 0
0 0
0 0
0 0
0 0
0 0
0 0
0 0
0 0
0 0
0 0
0 0
0 0
0 0
0 0
0 0
0 0
0 0
0 0
0 0
0 0
0 0
0 0
0 0
0 0
0 0
0 0
0 0
0 0
0 0
0 0
0 0
0 0
0 0
0 0
0 0
0 0
0 0
0 0
0 0
0 0
0 0
0 0
0 0
0 0
0 0
0 0
0 0
0 0
0 0
0 0
0 0
0 0
0 0
0 0
0 0
0 0
0 0
0 0
0 0
0 0
0 0
0 0
0 0
0 0
0 0
0 0
0 0
0 0
0 0
0 0
0 0
0 0
0 0
0 0
0 0
0 0
0 0
0 0
0 0
0 0
0 0
0 0
0 0
0 0
0 0
0 0
0 0
0 0
0 0
0 0
0 0
0 0
0 0
0 0
0 0
0 0
0 0
0 0
-0.0937214 0
0.0891742 0
4.28241e-06 0
-0.0891867 0
0.0937499 0
-7.32198e-06 0
8.26386e-06 0
0.0896464 0
-0.116795 0
0.230638 0
0.0241577 0
-0.175831 0
0.0348741 0
0.101643 0
0.119533 0
-0.0991657 0
0.00898166 0
-0.0524823 0
-0.03516 0
0.174636 0
-0.108823 0
0.118853 0
-0.030197 0
-0.105581 0
0.0237777 0
0.103905 0
0.110835 0
-0.132966 0
0.0492132 0
-0.0852094 0
-0.0327353 0
0.160131 0
-0.0814074 0
0.0380422 0
-0.0568323 0
-0.0332345 0
-0.00391897 0
0.0992977 0
0.0948749 0
-0.160064 0
0.0538028 0
-0.0516117 0
-0.23063 0
0.1168 0
-0.0896804 0
-0.0241441 0
-1.19807e-05 0
-2.64132e-06 0
-0.151892 0
0.0286023 0
0.0505786 0
-0.042188 0
0.0394306 0
0.036776 0
-0.158989 0
0.00940274 0
0.0901486 0
-0.0642219 0
0.078286 0
0.0461498 0
-0.152108 0
-0.101636 0
-0.0348852 0
0.17584 0
-0.119545 0
0.151913 0
-0.0286061 0
3.78052e-06 0
4.65422e-07 0
0.0594288 0
-0.0138476 0
-0.010636 0
-0.0129365 0
0.0354649 0
-0.0282101 0
0.0604203 0
0.0306954 0
-0.0919834 0
0.0525058 0
-0.00899018 0
0.0991773 0
0.0351694 0
-0.050594 0
0.0421973 0
-0.0594343 0
0.0138426 0
4.96786e-06 0
6.92921e-07 0
0.020835 0
-0.0070469 0
0.00421517 0
0.0311327 0
-0.0788247 0
-0.118857 0
0.108835 0
-0.174666 0
0.0302057 0
-0.0394425 0
-0.0367831 0
0.0106492 0
0.0129363 0
-0.0208425 0
0.0070528 0
-3.26891e-06 0
-2.90581e-06 0
-0.0379308 0
-0.103914 0
-0.0237818 0
0.105591 0
-0.11085 0
0.159013 0
-0.00940447 0
-0.0354701 0
0.0282167 0
-0.00422222 0
-0.0311383 0
0.0379446 0
0.0852233 0
-0.049221 0
0.132985 0
0.0327398 0
-0.0901614 0
0.0642314 0
-0.0604312 0
-0.0307003 0
0.0788379 0
-0.0380466 0
0.0814189 0
-0.160153 0
0.0568403 0
-0.0782962 0
-0.0461575 0
0.0919985 0
-0.0993128 0
0.00392043 0
0.0332384 0
-0.0948883 0
0.152131 0
0.0516176 0
-0.0538099 0
0.160086 0
0 0
0 0
0 0
0 0
0 0
0 0
0 0
0 0
0 0
0 0
0 0
0 0
0 0
0 0
0 0
0 0
0 0
0 0
0 0
0 0
0 0
0 0
0 0
0 0
0 0
0 0
0 0
0 0
0 0
0 0
0 0
0 0
0 0
0 0
0 0
0 0
0 0
0 0
0 0
0 0
0 0
0 0
0 0
0 0
0 0
0 0
0 0
0 0
0 0
0 0
0 0
0 0
0 0
0 0
0 0
0 0
0 0
0 0
0 0
0 0
0 0
0 0
0 0
0 0
0 0
0 0
0 0
0 0
0 0
0 0
0 0
0 0
0 0
0 0
0 0
0 0
0 0
0 0
0 0
0 0
0 0
0 0
0 0
0 0
0 0
0 0
0 0
0 0
0 0
0 0
0 0
0 0
0 0
0 0
0 0
0 0
0 0
0 0
0 0
0 0
0 0
0 0
0 0
0 0
0 0
0 0
0 0
0 0
0 0
0 0
0 0
0 0
0 0
0 0
0 0
0 0
0 0
0 0
0 0
0 0
0 0
0 0
0 0
0 0
0 0
0 0
0 0
0 0
0 0
0 0
0 0
0 0
0 0
0 0
0 0
0 0
0 0
0 0
0 0
0 0
0 0
0.185172 0
-0.0811421 0
0.057061 0
-0.0811285 0
0.185157 0
-0.0951488 0
0.106577 0
-0.219817 0
0.0338355 0
0.0529164 0
0.0868596 0
0.059358 0
-0.0698483 0
0.0446473 0
-0.0773301 0
0.076714 0
-0.0553762 0
0.149742 0
0.0604389 0
-0.192095 0
0.0757424 0
-0.024226 0
0.0555349 0
0.0674099 0
-0.0263335 0
-0.0603189 0
-0.0959102 0
0.121094 0
-0.0500896 0
0.0891499 0
0.0299773 0
-0.144493 0
0.0728472 0
-0.0268712 0
0.0515456 0
0.0246335 0
0.00873734 0
-0.0948729 0
-0.0855912 0
0.141038 0
-0.0455033 0
0.0380144 0
0.0529516 0
0.0338176 0
-0.219803 0
0.0868633 0
-0.149518 0
-0.0368321 0
0.140146 0
-0.0226047 0
-0.101331 0
0.0598888 0
-0.0748647 0
-0.0477672 0
0.155563 0
-0.010051 0
-0.0840498 0
0.0617583 0
-0.0662692 0
-0.0498552 0
0.145991 0
0.0446627 0
-0.0698428 0
0.059331 0
-0.0773117 0
0.140123 0
-0.0226002 0
0.0412645 0
0.00869973 0
-0.0359804 0
-0.0346399 0
0.0884381 0
-0.00073124 0
-0.0358298 0
0.0428756 0
-0.0697964 0
-0.0332726 0
0.0994278 0
0.149734 0
-0.0553749 0
0.076699 0
0.0604335 0
-0.101323 0
0.0598823 0
-0.0359709 0
-0.0346423 0
0.0696327 0
0.00863836 0
-0.0500267 0
0.0401048 0
-0.04654 0
-0.0374142 0
0.0900454 0
-0.0242075 0
0.0757256 0
-0.192068 0
0.0555305 0
-0.0748589 0
-0.0477614 0
0.0884372 0
-0.000733573 0
-0.050023 0
0.0401037 0
-0.0460044 0
-0.0379559 0
0.0917652 0
-0.0603028 0
-0.0263298 0
0.0673932 0
-0.0958928 0
0.155537 0
-0.0100493 0
-0.0358243 0
0.0428713 0
-0.0465396 0
-0.0374091 0
0.091759 0
0.0891371 0
-0.0500822 0
0.121074 0
0.0299722 0
-0.0840362 0
0.0617484 0
-0.069787 0
-0.0332679 0
0.090033 0
-0.0268647 0
0.0728343 0
-0.144468 0
0.0515368 0
-0.0662568 0
-0.0498482 0
0.099414 0
-0.0948575 0
0.00873697 0
0.024628 0
-0.0855763 0
0.145968 0
0.038006 0
-0.0454947 0
0.141012 0
0 0
0 0
0 0
0 0
0 0
0 0
0 0
0 0
0 0
0 0
0 0
0 0
0 0
0 0
0 0
0 0
0 0
0 0
0 0
0 0
0 0
0 0
0 0
0 0
0 0
0 0
0 0
0 0
0 0
0 0
0 0
0 0
0 0
0 0
0 0
0 0
0 0
0 0
0 0
0 0
0 0
0 0
0 0
0 0
0 0
0 0
0 0
0 0
0 0
0 0
0 0
0 0
0 0
0 0
0 0
0 0
0 0
0 0
0 0
0 0
0 0
0 0
0 0
0 0
0 0
0 0
0 0
0 0
0 0
0 0
0 0
0 0
0 0
0 0
0 0
0 0
0 0
0 0
0 0
0 0
0 0
0 0
0 0
0 0
0 0
0 0
0 0
0 0
0 0
0 0
0 0
0 0
0 0
0 0
0 0
0 0
0 0
0 0
0 0
0 0
0 0
0 0
0 0
0 0
0 0
0 0
0 0
0 0
0 0
0 0
0 0
0 0
0 0
0 0
0 0
0 0
0 0
0 0
0 0
0 0
0 0
0 0
0 0
0 0
0 0
0 0
0 0
0 0
0 0
0 0
0 0
0 0
0 0
0 0
0 0
0 0
0 0
0 0
0 0
0 0
0 0
0.0078775 0
-0.00366481 0
0.00265476 0
-0.00366468 0
0.00787737 0
-0.00402319 0
0.00467487 0
-0.00977364 0
0.00101537 0
0.00288711 0
0.00464848 0
0.00852518 0
-0.00366765 0
0.00319355 0
-0.00984778 0
0.0284864 0
0.00221144 0
0.00169293 0
-0.0198799 0
0.014127 0
0.0309091 0
-0.0383083 0
-0.0254661 0
0.0198146 0
0.0444997 0
-0.0894495 0
-0.0391158 0
0.0804908 0
0.0383825 0
-0.0940618 0
-0.0783106 0
0.0740955 0
0.072961 0
-0.127861 0
-0.0755821 0
-0.0386749 0
0.116739 0
-0.214632 0
-0.000498249 0
-0.0641826 0
0.0616902 0
-0.180039 0
0.00288744 0
0.00101519 0
-0.00977345 0
0.00464846 0
-0.0154517 0
0.00521925 0
-0.00160051 0
0.00622871 0
0.0291437 0
-0.0151516 0
0.0581728 0
-0.0133447 0
0.040953 0
0.0110114 0
0.127977 0
-0.0601361 0
0.239309 0
-0.0991266 0
0.104684 0
0.00319368 0
-0.00366757 0
0.00852504 0
-0.00984769 0
-0.00160054 0
0.00622864 0
-0.0497582 0
0.0327513 0
-0.0332748 0
0.0145915 0
-0.0515554 0
0.0484514 0
-0.208286 0
0.132081 0
-0.151515 0
0.0865894 0
0.0145787 0
0.00169267 0
0.00221159 0
0.0284863 0
-0.01988 0
0.0291439 0
-0.0151517 0
-0.0332748 0
0.0145916 0
0.0330527 0
-0.0587592 0
0.0876263 0
-0.0758842 0
-0.112115 0
0.0562519 0
-0.176583 0
-0.0383084 0
0.0309091 0
0.0141272 0
-0.0254662 0
0.0581729 0
-0.0133446 0
-0.0515558 0
0.0484515 0
0.0876261 0
-0.0758842 0
0.296068 0
-0.127231 0
0.0839754 0
-0.0894494 0
0.0444997 0
0.0198147 0
-0.0391157 0
0.0409529 0
0.0110113 0
-0.208286 0
0.132081 0
-0.112115 0
0.0562517 0
0.0839755 0
-0.0940619 0
0.0383826 0
0.0804906 0
-0.0783106 0
0.127978 0
-0.0601361 0
-0.151515 0
0.0865895 0
-0.176583 0
-0.127861 0
0.0729609 0
0.0740955 0
-0.0755821 0
0.239309 0
-0.0991263 0
0.0145783 0
-0.214631 0
0.116739 0
-0.0386746 0
-0.000498341 0
0.104683 0
-0.180038 0
0.06169 0
-0.0641823 0
0.017148 0
-0.0681768 0
1.27229e-07 0
0.0681765 0
-0.0171478 0
-1.8533e-07 0
-1.20202e-07 0
-0.0660663 0
0.156904 0
-0.0569604 0
0.085779 0
-0.0200534 0
0.0169398 0
-0.0435184 0
-0.0290479 0
0.0726565 0
-0.198193 0
0.0454644 0
-0.0434098 0
0.058886 0
-0.18599 0
0.0962295 0
0.0114672 0
-0.00469612 0
-0.000177578 0
0.0464189 0
0.00612949 0
-0.0613205 0
0.166005 0
-0.0415299 0
0.0566902 0
-0.0526047 0
0.14841 0
-0.0784145 0
-0.011188 0
0.035832 0
-0.0216911 0
-0.0314419 0
-0.101969 0
0.0400357 0
-0.0588606 0
0.020032 0
0.0569604 0
-0.156904 0
0.0660663 0
-0.0857792 0
2.41908e-07 0
-7.1827e-07 0
-0.0234663 0
0.114369 0
-0.087663 0
0.248168 0
-0.0658386 0
-0.0175554 0
0.0597966 0
-0.205869 0
0.0562179 0
-0.056626 0
0.0284495 0
-0.0379139 0
0.0356936 0
0.043518 0
-0.0169387 0
0.0200531 0
0.0290481 0
0.0234668 0
-0.114369 0
1.901e-08 0
3.18693e-07 0
-0.087345 0
0.0674721 0
0.0230828 0
-0.133438 0
0.0858106 0
0.0248013 0
-0.0280792 0
0.134122 0
-0.0244134 0
-0.0454648 0
0.198194 0
-0.0726568 0
0.04341 0
0.0876629 0
-0.248167 0
0.0873447 0
-0.067472 0
1.28872e-07 0
-5.24873e-07 0
0.0192426 0
0.0638908 0
-0.0821155 0
0.212185 0
-0.0870893 0
-0.0962297 0
0.185989 0
-0.0588859 0
-0.0114677 0
0.0658386 0
0.0175556 0
-0.0230827 0
0.133437 0
-0.0192422 0
-0.0638907 0
-1.15534e-07 0
4.15271e-07 0
-0.053576 0
-0.0464186 0
0.000176661 0
0.00469656 0
-0.00612963 0
-0.0597968 0
0.20587 0
-0.0858107 0
-0.0248012 0
0.0821154 0
-0.212184 0
0.0535757 0
0.0415301 0
-0.166005 0
0.0613204 0
-0.0566895 0
-0.0562181 0
0.0566258 0
0.0280794 0
-0.134122 0
0.0870893 0
0.0784144 0
-0.14841 0
0.0526044 0
0.011188 0
-0.0284492 0
0.0379131 0
0.0244137 0
0.0314418 0
0.0216913 0
-0.035832 0
0.101969 0
-0.0356933 0
-0.0200321 0
0.0588607 0
-0.0400357 0
0 0
0 0
0 0
0 0
0 0
0 0
0 0
0 0
0 0
0 0
0 0
0 0
0 0
0 0
0 0
0 0
0 0
0 0
0 0
0 0
0 0
0 0
0 0
0 0
0 0
0 0
0 0
0 0
0 0
0 0
0 0
0 0
0 0
0 0
0 0
0 0
0 0
0 0
0 0
0 0
0 0
0 0
0 0
0 0
0 0
0 0
0 0
0 0
0 0
0 0
0 0
0 0
0 0
0 0
0 0
0 0
0 0
0 0
0 0
0 0
0 0
0 0
0 0
0 0
0 0
0 0
0 0
0 0
0 0
0 0
0 0
0 0
0 0
0 0
0 0
0 0
0 0
0 0
0 0
0 0
0 0
0 0
0 0
0 0
0 0
0 0
0 0
0 0
0 0
0 0
0 0
0 0
0 0
0 0
0 0
0 0
0 0
0 0
0 0
0 0
0 0
0 0
0 0
0 0
0 0
0 0
0 0
0 0
0 0
0 0
0 0
0 0
0 0
0 0
0 0
0 0
0 0
0 0
0 0
0 0
0 0
0 0
0 0
0 0
0 0
0 0
0 0
0 0
0 0
0 0
0 0
0 0
0 0
0 0
0 0
0 0
0 0
0 0
0 0
0 0
0 0
-0.0310148 0
0.0607309 0
-0.0371468 0
0.0607313 0
-0.0310149 0
0.0626231 0
0.0183072 0
0.00916051 0
-0.0688659 0
0.00205782 0
0.0168957 0
0.0506488 0
-0.178816 0
0.0619795 0
-0.0242239 0
0.0578934 0
-0.135352 0
0.0787749 0
-0.056166 0
-0.0306339 0
0.0957505 0
0.00991564 0
0.0738335 0
-0.0964549 0
0.237952 0
-0.0831749 0
0.0461312 0
-0.011523 0
0.0784956 0
-0.0792221 0
-0.0816103 0
0.0540396 0
-0.0982274 0
0.00491927 0
-0.019443 0
0.0276019 0
-0.0981648 0
0.0487117 0
0.0136921 0
0.00655351 0
-0.0400281 0
0.034354 0
0.00205814 0
-0.0688667 0
0.00916089 0
0.0168952 0
-0.0767968 0
0.24959 0
-0.0842088 0
0.080927 0
0.0295963 0
-0.132546 0
0.0519785 0
-0.132481 0
0.0610979 0
-0.135763 0
0.0406774 0
0.0684002 0
-0.0613205 0
0.17902 0
-0.0491554 0
0.0619797 0
-0.178816 0
0.050649 0
-0.0242239 0
-0.0842087 0
0.0809265 0
-0.0241406 0
-0.0735151 0
0.0472546 0
0.035227 0
0.0157148 0
0.0403699 0
0.0315192 0
-0.0201744 0
-0.0478114 0
0.126029 0
-0.0773794 0
0.0787747 0
-0.135351 0
0.0578931 0
-0.0561658 0
0.0295967 0
-0.132547 0
0.047255 0
0.0352268 0
-0.096572 0
0.281599 0
-0.0860589 0
-0.0108048 0
0.0361567 0
-0.101554 0
-0.00615254 0
0.0099152 0
0.0957514 0
-0.0306341 0
0.0738334 0
0.0519788 0
-0.132481 0
0.0157146 0
0.0403707 0
-0.0860591 0
-0.0108049 0
0.0605506 0
-0.202601 0
0.0767699 0
-0.0831751 0
0.237952 0
-0.0964549 0
0.0461311 0
0.0610977 0
-0.135762 0
0.0315188 0
-0.0201745 0
0.036157 0
-0.101555 0
0.0767702 0
-0.0792219 0
0.078495 0
-0.0115228 0
-0.0816105 0
0.0406772 0
0.0684003 0
-0.0478112 0
0.126028 0
-0.00615212 0
0.00491955 0
-0.0982279 0
0.0540398 0
-0.0194429 0
-0.0613206 0
0.17902 0
-0.0773792 0
0.0487118 0
-0.0981647 0
0.0276016 0
0.0136926 0
-0.0491556 0
0.0343539 0
-0.0400279 0
0.00655331 0
0 0
0 0
0 0
0 0
0 0
0 0
0 0
0 0
0 0
0 0
0 0
0 0
0 0
0 0
0 0
0 0
0 0
0 0
0 0
0 0
0 0
0 0
0 0
0 0
0 0
0 0
0 0
0 0
0 0
0 0
0 0
0 0
0 0
0 0
0 0
0 0
0 0
0 0
0 0
0 0
0 0
0 0
0 0
0 0
0 0
0 0
0 0
0 0
0 0
0 0
0 0
0 0
0 0
0 0
0 0
0 0
0 0
0 0
0 0
0 0
0 0
0 0
0 0
0 0
0 0
0 0
0 0
0 0
0 0
0 0
0 0
0 0
0 0
0 0
0 0
0 0
0 0
0 0
0 0
0 0
0 0
0 0
0 0
0 0
0 0
0 0
0 0
0 0
0 0
0 0
0 0
0 0
0 0
0 0
0 0
0 0
0 0
0 0
0 0
0 0
0 0
0 0
0 0
0 0
0 0
0 0
0 0
0 0
0 0
0 0
0 0
0 0
0 0
0 0
0 0
0 0
0 0
0 0
0 0
0 0
0 0
0 0
0 0
0 0
0 0
0 0
0 0
0 0
0 0
0 0
0 0
0 0
0 0
0 0
0 0
0 0
0 0
0 0
0 0
0 0
0 0
0 0
0 0
0 0
0 0
0 0
0 0
0 0
0 0
0 0
0 0
0 0
0 0
0 0
0 0
0 0
0 0
0 0
0 0
0 0
0 0
0 0
0 0
0 0
0 0
0 0
0 0
0 0
0 0
0 0
0 0
0 0
0 0
0 0
0 0
0 0
0 0
0 0
0 0
0 0
0 0
0 0
0 0
0 0
0 0
0 0
0 0
0 0
0 0
0 0
0 0
0 0
0 0
0 0
0 0
0 0
0 0
0 0
0 0
0 0
0 0
0 0
0 0
0 0
0 0
0 0
0 0
0 0
0 0
0 0
0 0
0 0
0 0
0 0
0 0
0 0
0 0
0 0
0 0
0 0
0 0
0 0
0 0
0 0
0 0
0 0
0 0
0 0
0 0
0 0
0 0
0 0
0 0
0 0
0 0
0 0
0 0
0 0
0 0
0 0
0 0
0 0
0 0
0 0
0 0
0 0
0 0
0 0
0 0
0 0
0 0
0 0
0 0
0 0
0 0
0 0
0 0
0 0
0 0
0 0
0 0
0 0
0 0
0 0
0 0
0 0
0 0
0 0
0 0
0 0
0 0
0 0
0 0
0 0
0 0
0 0
0 0
0 0
0 0
0 0
0 0
0 0
0.0700144 0
-0.0422612 0
0.094708 0
-0.0422618 0
0.070015 0
-0.0346705 0
-0.0218153 0
-0.00659905 0
0.047233 0
-0.00477767 0
-0.0176263 0
-0.0781505 0
0.111232 0
-0.166216 0
-0.00272063 0
-0.0664527 0
0.0618241 0
-0.176044 0
0.0132499 0
0.0542004 0
-0.069374 0
0.00764592 0
-0.00592374 0
0.111129 0
-0.12546 0
0.201715 0
0.00510105 0
-0.00528269 0
-0.0392819 0
0.164085 0
0.0400176 0
-0.0784995 0
0.0484542 0
-0.00923074 0
0.00691424 0
-0.0345947 0
0.0486595 0
-0.096468 0
-0.0149544 0
0.00161977 0
0.0132111 0
-0.0555434 0
-0.0047794 0
0.0472341 0
-0.00660055 0
-0.0176257 0
0.15024 0
-0.124349 0
0.15472 0
-0.0466266 0
-0.0372014 0
0.0747133 0
-0.143175 0
0.0816121 0
-0.124895 0
0.0550381 0
-0.0655272 0
-0.0217557 0
0.0871126 0
-0.0813481 0
0.0896229 0
-0.166217 0
0.111232 0
-0.0781512 0
-0.00272046 0
0.154719 0
-0.0466255 0
0.0545055 0
0.037034 0
-0.0952851 0
-0.00785912 0
-0.0328834 0
-0.0380143 0
-0.0130511 0
-0.00341839 0
0.059148 0
-0.0439806 0
0.127519 0
-0.176042 0
0.0618224 0
-0.0664514 0
0.01325 0
-0.0372042 0
0.0747152 0
-0.095287 0
-0.0078588 0
0.157022 0
-0.144078 0
0.185722 0
-0.0234064 0
-0.0334633 0
0.064499 0
-0.0220209 0
0.00764938 0
-0.0693756 0
0.0542014 0
-0.00592338 0
-0.143177 0
0.0816122 0
-0.0328826 0
-0.0380155 0
0.185723 0
-0.0234064 0
-0.0656149 0
0.116706 0
-0.187177 0
0.201717 0
-0.12546 0
0.111129 0
0.00510115 0
-0.124893 0
0.0550366 0
-0.0130483 0
-0.00341865 0
-0.0334645 0
0.0645005 0
-0.187179 0
0.164084 0
-0.0392807 0
-0.00528408 0
0.0400178 0
-0.0655259 0
-0.021756 0
0.0591474 0
-0.0439793 0
-0.022024 0
-0.00923291 0
0.0484551 0
-0.0785003 0
0.00691401 0
0.087113 0
-0.0813481 0
0.127518 0
-0.0964686 0
0.0486592 0
-0.0345936 0
-0.0149552 0
0.0896237 0
-0.0555427 0
0.0132107 0
0.00162098 0
0 0
0 0
0 0
0 0
0 0
0 0
0 0
0 0
0 0
0 0
0 0
0 0
0 0
0 0
0 0
0 0
0 0
0 0
0 0
0 0
0 0
0 0
0 0
0 0
0 0
0 0
0 0
0 0
0 0
0 0
0 0
0 0
0 0
0 0
0 0
0 0
0 0
0 0
0 0
0 0
0 0
0 0
0 0
0 0
0 0
0 0
0 0
0 0
0 0
0 0
0 0
0 0
0 0
0 0
0 0
0 0
0 0
0 0
0 0
0 0
0 0
0 0
0 0
0 0
0 0
0 0
0 0
0 0
0 0
0 0
0 0
0 0
0 0
0 0
0 0
0 0
0 0
0 0
0 0
0 0
0 0
0 0
0 0
0 0
0 0
0 0
0 0
0 0
0 0
0 0
0 0
0 0
0 0
0 0
0 0
0 0
0 0
0 0
0 0
0 0
0 0
0 0
0 0
0 0
0 0
0 0
0 0
0 0
0 0
0 0
0 0
0 0
0 0
0 0
0 0
0 0
0 0
0 0
0 0
0 0
0 0
0 0
0 0
0 0
0 0
0 0
0 0
0 0
0 0
0 0
0 0
0 0
0 0
0 0
0 0
0 0
0 0
0 0
0 0
0 0
0 0
0.0232555 0
-0.0255945 0
5.5335e-07 0
0.0255941 0
-0.0232547 0
-1.7989e-07 0
-1.76214e-07 0
-0.0681359 0
0.0511757 0
-0.0736556 0
0.0293925 0
-0.041125 0
-0.0027329 0
-0.0507172 0
0.02124 0
0.0518282 0
-0.0978919 0
0.102176 0
0.0201288 0
0.0772936 0
-0.117791 0
0.218032 0
0.00903877 0
0.0173103 0
-0.0296715 0
0.152388 0
0.000931011 0
-0.102317 0
0.0868508 0
-0.0568501 0
0.0254486 0
-0.077218 0
0.0840566 0
-0.171687 0
-0.0155382 0
0.079512 0
-0.0126698 0
-0.0707863 0
-0.0652933 0
0.0900916 0
-0.0318298 0
0.0398847 0
0.0736555 0
-0.051175 0
0.068136 0
-0.029393 0
1.29462e-06 0
-9.15697e-07 0
-0.0897265 0
0.0796524 0
-0.204286 0
0.127578 0
-0.128425 0
-0.00147998 0
0.0815281 0
-0.0921287 0
0.0845377 0
-0.0280367 0
0.0561218 0
-0.0184952 0
0.0778472 0
0.0507149 0
0.00273448 0
0.041124 0
-0.02124 0
0.0897286 0
-0.079653 0
3.21532e-07 0
3.05187e-07 0
-0.138229 0
0.0233782 0
0.0523572 0
-0.0788954 0
0.174694 0
-0.0114025 0
-0.0365681 0
0.0822594 0
-0.0647609 0
-0.102179 0
0.097893 0
-0.0518295 0
-0.0201285 0
0.204286 0
-0.127578 0
0.138228 0
-0.0233783 0
1.12926e-06 0
-1.04579e-06 0
0.0632077 0
0.00884487 0
-0.0959642 0
0.110769 0
-0.206766 0
-0.218032 0
0.11779 0
-0.0772928 0
-0.00903898 0
0.128423 0
0.00148105 0
-0.0523576 0
0.0788948 0
-0.063205 0
-0.00884519 0
-5.59787e-07 0
9.14057e-07 0
-0.11421 0
-0.152385 0
0.0296696 0
-0.0173086 0
-0.000930959 0
-0.0815298 0
0.0921296 0
-0.174694 0
0.0114025 0
0.0959638 0
-0.110768 0
0.114207 0
0.0568526 0
-0.0868514 0
0.102316 0
-0.0254479 0
-0.0845391 0
0.0280364 0
0.036569 0
-0.0822602 0
0.206766 0
0.171687 0
-0.0840559 0
0.0772167 0
0.0155383 0
-0.0561204 0
0.0184938 0
0.0647632 0
0.070785 0
0.0126705 0
-0.0795126 0
0.065293 0
-0.0778457 0
-0.0398855 0
0.03183 0
-0.0900915 0
-0.0531776 0
0.114795 0
-0.0634289 0
0.114799 0
-0.0531788 0
0.100378 0
0.0134437 0
0.0243357 0
-0.0493513 0
-0.0162724 0
-0.0552012 0
0.0524115 0
-0.144963 0
0.0477993 0
0.00392419 0
0.0271622 0
-0.118611 0
0.0649645 0
0.0115908 0
-0.00461799 0
-0.0622485 0
0.0445154 0
0.0680741 0
-0.00736237 0
-0.0681097 0
0.031942 0
0.0278635 0
0.0677938 0
-0.152188 0
0.0542143 0
-0.133435 0
0.0498995 0
-0.0718067 0
0.0548986 0
0.017783 0
-0.0952385 0
0.15846 0
-0.0211312 0
0.188886 0
-0.0807272 0
0.141099 0
-0.0732124 0
-0.0162682 0
-0.0493635 0
0.0243408 0
-0.055208 0
-0.0174355 0
0.17595 0
-0.0837865 0
0.130667 0
-0.0350775 0
-0.0120898 0
-0.0619704 0
0.176241 0
-0.0906708 0
0.131776 0
0.0275422 0
-0.101111 0
0.0255253 0
-0.0133322 0
-0.044004 0
0.0478039 0
-0.14497 0
0.0524137 0
0.00392918 0
-0.0837897 0
0.130674 0
-0.0173139 0
-0.196789 0
0.109633 0
-0.195034 0
-0.0308576 0
0.132621 0
-0.0753487 0
0.0170757 0
0.0551038 0
-0.120601 0
0.0333892 0
0.0649651 0
-0.118607 0
0.0271579 0
0.0115983 0
-0.0350815 0
-0.0120895 0
0.109633 0
-0.195035 0
0.120729 0
-0.058382 0
-0.0304949 0
0.0381268 0
0.00225262 0
-0.0636151 0
0.0455198 0
0.0445146 0
-0.0622492 0
-0.00461783 0
0.0680666 0
-0.0619668 0
0.176235 0
-0.0308571 0
0.132626 0
-0.0304977 0
0.0381322 0
-0.0119649 0
-0.0311284 0
0.023504 0
0.0319434 0
-0.0681148 0
-0.00735794 0
0.0278593 0
-0.0906685 0
0.131778 0
-0.0753513 0
0.0170792 0
0.00224969 0
-0.063613 0
0.0235035 0
0.0542144 0
-0.152184 0
0.0677916 0
-0.133427 0
0.0275408 0
-0.101115 0
0.0551057 0
-0.120608 0
0.0455209 0
0.0548951 0
-0.071797 0
0.0498948 0
0.0177835 0
0.0255291 0
-0.013343 0
0.0333935 0
-0.0211342 0
0.158463 0
-0.0952381 0
0.188881 0
-0.0440001 0
-0.0732129 0
0.141098 0
-0.0807259 0
0 0
0 0
0 0
0 0
0 0
0 0
0 0
0 0
0 0
0 0
0 0
0 0
0 0
0 0
0 0
0 0
0 0
0 0
0 0
0 0
0 0
0 0
0 0
0 0
0 0
0 0
0 0
0 0
0 0
0 0
0 0
0 0
0 0
0 0
0 0
0 0
0 0
0 0
0 0
0 0
0 0
0 0
0 0
0 0
0 0
0 0
0 0
0 0
0 0
0 0
0 0
0 0
0 0
0 0
0 0
0 0
0 0
0 0
0 0
0 0
0 0
0 0
0 0
0 0
0 0
0 0
0 0
0 0
0 0
0 0
0 0
0 0
0 0
0 0
0 0
0 0
0 0
0 0
0 0
0 0
0 0
0 0
0 0
0 0
0 0
0 0
0 0
0 0
0 0
0 0
0 0
0 0
0 0
0 0
0 0
0 0
0 0
0 0
0 0
0 0
0 0
0 0
0 0
0 0
0 0
0 0
0 0
0 0
0 0
0 0
0 0
0 0
0 0
0 0
0 0
0 0
0 0
0 0
0 0
0 0
0 0
0 0
0 0
0 0
0 0
0 0
0 0
0 0
0 0
0 0
0 0
0 0
0 0
0 0
0 0
0 0
0 0
0 0
0 0
0 0
0 0
-0.0212195 0
0.0858777 0
-1.68821e-06 0
-0.0858716 0
0.0212167 0
2.63562e-06 0
4.28922e-07 0
0.0950052 0
-0.228973 0
0.0782619 0
-0.126799 0
0.0413554 0
-0.12125 0
0.0861313 0
0.0931668 0
-0.0823071 0
0.0774916 0
0.0107829 0
0.141821 0
0.00123635 0
-0.00507343 0
-0.0178204 0
-0.141411 0
0.0825862 0
-0.0865431 0
0.0224439 0
-0.084278 0
-0.0424521 0
0.106174 0
-0.00483004 0
0.139551 0
-0.0955638 0
0.204954 0
-0.0762365 0
0.0145905 0
-0.00116326 0
0.0706729 0
-0.0671982 0
-0.0808025 0
0.0207746 0
-0.00413655 0
-0.0162578 0
-0.0782627 0
0.228971 0
-0.095004 0
0.126796 0
-4.28116e-07 0
4.47318e-06 0
-0.0591552 0
0.126133 0
-0.0724155 0
0.00083857 0
0.0699289 0
-0.121542 0
0.051409 0
0.015332 0
-0.0140078 0
-0.102602 0
0.0804568 0
-0.21674 0
0.074564 0
-0.0861288 0
0.121243 0
-0.0413527 0
-0.0931666 0
0.0591509 0
-0.126127 0
-4.60748e-07 0
-4.97768e-06 0
0.0016128 0
-0.00677702 0
0.00532292 0
0.108678 0
-0.0535273 0
0.0759968 0
0.0434136 0
-0.134659 0
0.0875823 0
-0.0107796 0
-0.0774976 0
0.0823084 0
-0.14182 0
0.0724137 0
-0.000839349 0
-0.00160723 0
0.00676722 0
2.98821e-06 0
-1.29592e-06 0
-0.0639192 0
0.126909 0
-0.0700336 0
0.0587044 0
0.018764 0
0.0178226 0
0.00507032 0
-0.00123657 0
0.141415 0
-0.0699319 0
0.12155 0
-0.00532443 0
-0.108672 0
0.0639176 0
-0.126907 0
-3.25814e-07 0
-8.11165e-07 0
-0.0145598 0
-0.0224423 0
0.0865397 0
-0.0825866 0
0.0842795 0
-0.0514136 0
-0.0153254 0
0.0535235 0
-0.0759961 0
0.0700337 0
-0.0587078 0
0.0145611 0
0.0048327 0
-0.106182 0
0.0424553 0
-0.139558 0
0.0140091 0
0.102597 0
-0.0434108 0
0.134653 0
-0.0187616 0
0.0762392 0
-0.204958 0
0.0955662 0
-0.0145895 0
-0.0804556 0
0.21674 0
-0.0875806 0
0.0671972 0
-0.070665 0
0.00115847 0
0.0808121 0
-0.0745662 0
0.0162541 0
0.00414361 0
-0.0207787 0
0 0
0 0
0 0
0 0
0 0
0 0
0 0
0 0
0 0
0 0
0 0
0 0
0 0
0 0
0 0
0 0
0 0
0 0
0 0
0 0
0 0
0 0
0 0
0 0
0 0
0 0
0 0
0 0
0 0
0 0
0 0
0 0
0 0
0 0
0 0
0 0
0 0
0 0
0 0
0 0
0 0
0 0
0 0
0 0
0 0
0 0
0 0
0 0
0 0
0 0
0 0
0 0
0 0
0 0
0 0
0 0
0 0
0 0
0 0
0 0
0 0
0 0
0 0
0 0
0 0
0 0
0 0
0 0
0 0
0 0
0 0
0 0
0 0
0 0
0 0
0 0
0 0
0 0
0 0
0 0
0 0
0 0
0 0
0 0
0 0
0 0
0 0
0 0
0 0
0 0
0 0
0 0
0 0
0 0
0 0
0 0
0 0
0 0
0 0
0 0
0 0
0 0
0 0
0 0
0 0
0 0
0 0
0 0
0 0
0 0
0 0
0 0
0 0
0 0
0 0
0 0
0 0
0 0
0 0
0 0
0 0
0 0
0 0
0 0
0 0
0 0
0 0
0 0
0 0
0 0
0 0
0 0
0 0
0 0
0 0
0 0
0 0
0 0
0 0
0 0
0 0
0 0
0 0
0 0
0 0
0 0
0 0
0 0
0 0
0 0
0 0
0 0
0 0
0 0
0 0
0 0
0 0
0 0
0 0
0 0
0 0
0 0
0 0
0 0
0 0
0 0
0 0
0 0
0 0
0 0
0 0
0 0
0 0
0 0
0 0
0 0
0 0
0 0
0 0
0 0
0 0
0 0
0 0
0 0
0 0
0 0
0 0
0 0
0 0
0 0
0 0
0 0
0 0
0 0
0 0
0 0
0 0
0 0
0 0
0 0
0 0
0 0
0 0
0 0
0 0
0 0
0 0
0 0
0 0
0 0
0 0
0 0
0 0
0 0
0 0
0 0
0 0
0 0
0 0
0 0
0 0
0 0
0 0
0 0
0 0
0 0
0 0
0 0
0 0
0 0
0 0
0 0
0 0
0 0
0 0
0 0
0 0
0 0
0 0
0 0
0 0
0 0
0 0
0 0
0 0
0 0
0 0
0 0
0 0
0 0
0 0
0 0
0 0
0 0
0 0
0 0
0 0
0 0
0 0
0 0
0 0
0 0
0 0
0 0
0 0
0 0
0 0
0 0
0 0
0 0
0 0
0 0
0 0
0 0
0 0
0 0
0 0
0 0
0 0
0 0
0 0
0 0
0.0798374 0
-0.0518587 0
0.101091 0
-0.051859 0
0.0798377 0
-0.0391376 0
-0.0139298 0
-0.024237 0
0.0329736 0
0.0174629 0
0.0105652 0
-0.0687677 0
0.0849104 0
-0.118555 0
-0.0126851 0
-0.00630309 0
0.0554625 0
-0.137083 0
-0.0356563 0
0.066153 0
0.0160848 0
-0.069571 0
-0.05887 0
0.0287239 0
0.0426648 0
-0.0583494 0
-0.0176123 0
-0.111259 0
0.0976863 0
-0.134311 0
0.0474121 0
-0.058448 0
0.0372193 0
-0.130388 0
-0.0112155 0
0.153924 0
-0.0852262 0
0.0458227 0
-0.0905945 0
0.139789 0
-0.0655817 0
0.130582 0
0.017462 0
0.0329742 0
-0.0242377 0
0.0105654 0
0.0533171 0
-0.0799544 0
0.122763 0
-0.0502092 0
0.0746942 0
-0.000191921 0
0.127708 0
-0.0803252 0
0.149024 0
-0.0773052 0
-0.00913472 0
0.0404857 0
-0.0528719 0
0.0312772 0
0.0531755 0
-0.118556 0
0.0849106 0
-0.0687678 0
-0.0126854 0
0.122763 0
-0.0502095 0
-0.0101578 0
0.111312 0
-0.201687 0
0.11704 0
0.0227664 0
-0.0623912 0
0.149072 0
-0.0218151 0
-0.0898905 0
0.0901106 0
-0.118567 0
-0.137083 0
0.0554622 0
-0.00630222 0
-0.0356567 0
0.074695 0
-0.000192033 0
-0.201687 0
0.11704 0
-0.255568 0
0.0364736 0
0.0601456 0
-0.0430971 0
0.0223359 0
0.0388505 0
-0.132575 0
-0.0695709 0
0.016085 0
0.0661529 0
-0.0588696 0
0.127708 0
-0.0803249 0
0.0227659 0
-0.062391 0
0.0601452 0
-0.0430968 0
0.0788174 0
-0.000992143 0
-0.0375181 0
-0.05835 0
0.0426652 0
0.0287231 0
-0.0176122 0
0.149024 0
-0.0773056 0
0.149072 0
-0.0218151 0
0.0223355 0
0.0388507 0
-0.0375184 0
-0.134311 0
0.0976863 0
-0.111259 0
0.0474115 0
-0.00913346 0
0.0404852 0
-0.0898901 0
0.0901107 0
-0.132575 0
-0.130388 0
0.0372192 0
-0.0584475 0
-0.0112155 0
-0.0528716 0
0.0312774 0
-0.118567 0
0.0458224 0
-0.0852258 0
0.153923 0
-0.090594 0
0.0531747 0
0.130582 0
-0.0655814 0
0.139788 0
0.00763133 0
-0.0311102 0
7.12841e-07 0
0.0311075 0
-0.00763013 0
-1.1042e-06 0
-5.44686e-08 0
-0.0354947 0
0.0877364 0
-0.029326 0
0.0462317 0
-0.0155886 0
0.0644872 0
-0.0371666 0
-0.0518764 0
0.024927 0
0.0282601 0
-0.0226894 0
-0.071756 0
-0.0337085 0
0.11769 0
-0.0356555 0
0.0822225 0
-0.074432 0
0.170314 0
-0.0700471 0
0.031067 0
0.01188 0
0.0660892 0
-0.0577445 0
-0.142688 0
0.016464 0
0.0694548 0
-0.0329739 0
0.0108804 0
-0.100657 0
0.205415 0
-0.0665343 0
0.172677 0
-0.0769624 0
0.144265 0
-0.0848298 0
0.0293266 0
-0.0877361 0
0.035494 0
-0.0462295 0
-6.03795e-07 0
2.2341e-08 0
0.0479353 0
-0.12725 0
0.0885602 0
-0.13233 0
0.0163131 0
-0.0115206 0
0.0278888 0
-0.123708 0
0.131313 0
-0.227582 0
0.0717387 0
-0.057148 0
-0.0287387 0
0.0371663 0
-0.0644864 0
0.015588 0
0.0518758 0
-0.0479347 0
0.127248 0
2.6257e-07 0
6.04938e-07 0
0.0369165 0
-0.00480401 0
-0.0318557 0
0.134806 0
-0.0254315 0
0.0846795 0
0.0473606 0
-0.0344222 0
0.022656 0
0.0226894 0
-0.028261 0
-0.0249263 0
0.0717546 0
-0.0885596 0
0.132331 0
-0.0369174 0
0.00480535 0
-2.38997e-07 0
-4.43839e-07 0
-0.0857759 0
0.183872 0
-0.113736 0
0.159668 0
-0.0307169 0
0.0356557 0
-0.11769 0
0.0337087 0
-0.0822216 0
-0.0163137 0
0.011521 0
0.0318556 0
-0.134808 0
0.0857766 0
-0.183872 0
-1.74456e-07 0
7.84855e-07 0
-0.0393135 0
0.0700469 0
-0.170313 0
0.0744314 0
-0.0310665 0
-0.0278886 0
0.123706 0
0.0254325 0
-0.08468 0
0.113735 0
-0.159667 0
0.0393128 0
0.0577441 0
-0.0660888 0
-0.0118801 0
0.142687 0
-0.131313 0
0.227582 0
-0.0473608 0
0.0344235 0
0.0307162 0
0.0329738 0
-0.069455 0
-0.0164638 0
-0.0108802 0
-0.0717391 0
0.0571491 0
-0.0226565 0
0.0665345 0
-0.205415 0
0.100657 0
-0.172677 0
0.0287384 0
0.08483 0
-0.144265 0
0.0769625 0
0 0
0 0
0 0
0 0
0 0
0 0
0 0
0 0
0 0
0 0
0 0
0 0
0 0
0 0
0 0
0 0
0 0
0 0
0 0
0 0
0 0
0 0
0 0
0 0
0 0
0 0
0 0
0 0
0 0
0 0
0 0
0 0
0 0
0 0
0 0
0 0
0 0
0 0
0 0
0 0
0 0
0 0
0 0
0 0
0 0
0 0
0 0
0 0
0 0
0 0
0 0
0 0
0 0
0 0
0 0
0 0
0 0
0 0
0 0
0 0
0 0
0 0
0 0
0 0
0 0
0 0
0 0
0 0
0 0
0 0
0 0
0 0
0 0
0 0
0 0
0 0
0 0
0 0
0 0
0 0
0 0
0 0
0 0
0 0
0 0
0 0
0 0
0 0
0 0
0 0
0 0
0 0
0 0
0 0
0 0
0 0
0 0
0 0
0 0
0 0
0 0
0 0
0 0
0 0
0 0
0 0
0 0
0 0
0 0
0 0
0 0
0 0
0 0
0 0
0 0
0 0
0 0
0 0
0 0
0 0
0 0
0 0
0 0
0 0
0 0
0 0
0 0
0 0
0 0
0 0
0 0
0 0
0 0
0 0
0 0
0 0
0 0
0 0
0 0
0 0
0 0
-0.108808 0
0.244673 0
-0.125159 0
0.244673 0
-0.108808 0
0.199185 0
-0.00565205 0
0.0657738 0
-0.0122818 0
-0.0573099 0
-0.230481 0
0.0447258 0
-0.0116651 0
0.00584326 0
0.0732074 0
-0.101028 0
0.162564 0
-0.0368929 0
0.151021 0
-0.0216811 0
0.0615423 0
-0.0547157 0
-0.13008 0
0.0742558 0
-0.0752958 0
0.00334306 0
-0.0777412 0
-0.0204385 0
0.0261739 0
0.0119914 0
0.129951 0
-0.0537701 0
0.0677743 0
-0.022841 0
0.00604713 0
0.0384867 0
-0.0487909 0
-0.0045923 0
-0.106077 0
0.0400155 0
-0.0588121 0
0.026088 0
-0.0573095 0
-0.0122827 0
0.0657742 0
-0.230481 0
0.144744 0
-0.0879103 0
-0.0247034 0
0.107077 0
-0.0455716 0
-0.0874842 0
0.0930238 0
-0.134097 0
0.0331161 0
0.088071 0
-0.0715198 0
0.0512018 0
0.00834638 0
-0.0891305 0
0.0485292 0
0.00584364 0
-0.0116657 0
0.044726 0
0.073208 0
-0.0247039 0
0.107078 0
-0.0448482 0
-0.0454652 0
0.046503 0
-0.0399113 0
0.0179013 0
0.107383 0
-0.05705 0
0.0195434 0
0.00670799 0
-0.0958776 0
0.0457459 0
-0.0368927 0
0.162563 0
-0.101029 0
0.151021 0
-0.0455724 0
-0.0874828 0
0.0465026 0
-0.0399111 0
-0.0222622 0
0.16325 0
-0.0750789 0
0.00848941 0
0.0291051 0
-0.137687 0
0.0572474 0
-0.0547154 0
0.0615412 0
-0.0216808 0
-0.130081 0
0.0930236 0
-0.134097 0
0.0179016 0
0.107382 0
-0.0750783 0
0.00848791 0
0.0367413 0
-0.156773 0
0.0724573 0
0.00334371 0
-0.0752974 0
0.0742566 0
-0.0777416 0
0.033116 0
0.0880719 0
-0.0570497 0
0.0195427 0
0.029106 0
-0.137689 0
0.0724576 0
0.0119919 0
0.0261734 0
-0.0204386 0
0.129952 0
-0.0715209 0
0.0512037 0
0.00670762 0
-0.0958773 0
0.0572476 0
-0.0228408 0
0.067774 0
-0.0537704 0
0.00604717 0
0.00834577 0
-0.0891301 0
0.0457457 0
-0.0045918 0
-0.0487927 0
0.0384875 0
-0.106079 0
0.0485295 0
0.0260887 0
-0.0588134 0
0.0400163 0
0 0
0 0
0 0
0 0
0 0
0 0
0 0
0 0
0 0
0 0
0 0
0 0
0 0
0 0
0 0
0 0
0 0
0 0
0 0
0 0
0 0
0 0
0 0
0 0
0 0
0 0
0 0
0 0
0 0
0 0
0 0
0 0
0 0
0 0
0 0
0 0
0 0
0 0
0 0
0 0
0 0
0 0
0 0
0 0
0 0
0 0
0 0
0 0
0 0
0 0
0 0
0 0
0 0
0 0
0 0
0 0
0 0
0 0
0 0
0 0
0 0
0 0
0 0
0 0
0 0
0 0
0 0
0 0
0 0
0 0
0 0
0 0
0 0
0 0
0 0
0 0
0 0
0 0
0 0
0 0
0 0
0 0
0 0
0 0
0 0
0 0
0 0
0 0
0 0
0 0
0 0
0 0
0 0
0 0
0 0
0 0
0 0
0 0
0 0
0 0
0 0
0 0
0 0
0 0
0 0
0 0
0 0
0 0
0 0
0 0
0 0
0 0
0 0
0 0
0 0
0 0
0 0
0 0
0 0
0 0
0 0
0 0
0 0
0 0
0 0
0 0
0 0
0 0
0 0
0 0
0 0
0 0
0 0
0 0
0 0
0 0
0 0
0 0
0 0
0 0
0 0
0 0
0 0
0 0
0 0
0 0
0 0
0 0
0 0
0 0
0 0
0 0
0 0
0 0
0 0
0 0
0 0
0 0
0 0
0 0
0 0
0 0
0 0
0 0
0 0
0 0
0 0
0 0
0 0
0 0
0 0
0 0
0 0
0 0
0 0
0 0
0 0
0 0
0 0
0 0
0 0
0 0
0 0
0 0
0 0
0 0
0 0
0 0
0 0
0 0
0 0
0 0
0 0
0 0
0 0
0 0
0 0
0 0
0 0
0 0
0 0
0 0
0 0
0 0
0 0
0 0
0 0
0 0
0 0
0 0
0 0
0 0
0 0
0 0
0 0
0 0
0 0
0 0
0 0
0 0
0 0
0 0
0 0
0 0
0 0
0 0
0 0
0 0
0 0
0 0
0 0
0 0
0 0
0 0
0 0
0 0
0 0
0 0
0 0
0 0
0 0
0 0
0 0
0 0
0 0
0 0
0 0
0 0
0 0
0 0
0 0
0 0
0 0
0 0
0 0
0 0
0 0
0 0
0 0
0 0
0 0
0 0
0 0
0 0
0 0
0 0
0 0
0 0
0 0
0 0
0 0
0 0
0 0
0 0
0 0
0 0
0 0
0 0
0 0
0 0
0 0
0 0
0.0590963 0
-0.0682498 0
8.10288e-07 0
0.0682488 0
-0.0590948 0
-3.54162e-07 0
2.62704e-08 0
-0.168185 0
0.154393 0
-0.203031 0
0.0536135 0
-0.0340215 0
0.065622 0
-0.217952 0
-0.0777618 0
0.202569 0
-0.0658998 0
0.000267332 0
-0.0882584 0
-0.00377622 0
0.0124772 0
0.0511939 0
0.080316 0
-0.177944 0
0.0851433 0
-0.0955204 0
0.0467309 0
0.0518179 0
-0.0268583 0
-0.0549807 0
-0.080032 0
0.13613 0
-0.0854006 0
0.106937 0
-0.00761809 0
-0.0464987 0
-0.00639713 0
0.0863741 0
0.0712202 0
-0.084027 0
0.0239285 0
-0.0149839 0
0.203032 0
-0.154393 0
0.168184 0
-0.0536129 0
-3.25605e-07 0
-2.54645e-07 0
0.124988 0
-0.0695665 0
0.135574 0
-0.000424021 0
-0.123167 0
0.0564016 0
-0.0509954 0
-0.0423935 0
0.115149 0
-0.0128421 0
-0.0605775 0
0.0907482 0
-0.143255 0
0.217951 0
-0.0656214 0
0.0340208 0
0.0777616 0
-0.124987 0
0.0695659 0
3.50641e-07 0
2.49848e-07 0
-0.0108183 0
0.0128257 0
-0.0369882 0
-0.0269524 0
0.0949511 0
-0.0349649 0
-0.00619531 0
0.055398 0
-0.140671 0
-0.000267939 0
0.0658998 0
-0.202568 0
0.0882581 0
-0.135573 0
0.000424401 0
0.010817 0
-0.0128251 0
-3.87104e-07 0
-1.66731e-07 0
0.0426596 0
-0.0226429 0
0.0424282 0
0.00746043 0
-0.0636302 0
-0.0511939 0
-0.0124773 0
0.00377644 0
-0.0803159 0
0.123166 0
-0.0564015 0
0.0369881 0
0.0269518 0
-0.0426586 0
0.0226426 0
3.75263e-08 0
2.40792e-07 0
-0.00728442 0
0.0955204 0
-0.0851432 0
0.177944 0
-0.0467309 0
0.0509957 0
0.0423931 0
-0.09495 0
0.0349647 0
-0.0424282 0
-0.00745993 0
0.00728346 0
0.0549804 0
0.0268585 0
-0.0518181 0
0.080032 0
-0.115149 0
0.0128422 0
0.00619513 0
-0.0553976 0
0.0636293 0
-0.106937 0
0.0854007 0
-0.13613 0
0.00761806 0
0.0605774 0
-0.0907481 0
0.140671 0
-0.086374 0
0.00639698 0
0.046499 0
-0.0712204 0
0.143255 0
0.0149841 0
-0.0239286 0
0.0840272 0
0 0
0 0
0 0
0 0
0 0
0 0
0 0
0 0
0 0
0 0
0 0
0 0
0 0
0 0
0 0
0 0
0 0
0 0
0 0
0 0
0 0
0 0
0 0
0 0
0 0
0 0
0 0
0 0
0 0
0 0
0 0
0 0
0 0
0 0
0 0
0 0
0 0
0 0
0 0
0 0
0 0
0 0
0 0
0 0
0 0
0 0
0 0
0 0
0 0
0 0
0 0
0 0
0 0
0 0
0 0
0 0
0 0
0 0
0 0
0 0
0 0
0 0
0 0
0 0
0 0
0 0
0 0
0 0
0 0
0 0
0 0
0 0
0 0
0 0
0 0
0 0
0 0
0 0
0 0
0 0
0 0
0 0
0 0
0 0
0 0
0 0
0 0
0 0
0 0
0 0
0 0
0 0
0 0
0 0
0 0
0 0
0 0
0 0
0 0
0 0
0 0
0 0
0 0
0 0
0 0
0 0
0 0
0 0
0 0
0 0
0 0
0 0
0 0
0 0
0 0
0 0
0 0
0 0
0 0
0 0
0 0
0 0
0 0
0 0
0 0
0 0
0 0
0 0
0 0
0 0
0 0
0 0
0 0
0 0
0 0
0 0
0 0
0 0
0 0
0 0
0 0
-0.00368401 0
0.00428752 0
-2.17212e-06 0
-0.00428476 0
0.00367993 0
9.93903e-07 0
-1.80908e-07 0
0.00750472 0
-0.00988938 0
0.0128182 0
0.000538977 0
-0.00954546 0
-0.00794337 0
0.0175062 0
0.0191284 0
-0.0201679 0
-0.0157283 0
0.0225807 0
0.0198753 0
0.020514 0
-0.0457099 0
0.0583611 0
0.00101105 0
0.0225006 0
-0.0551058 0
0.0977676 0
0.027057 0
-0.0438412 0
-0.0441371 0
0.0928119 0
0.0683818 0
0.00221658 0
-0.0850246 0
0.12197 0
0.0138048 0
0.146643 0
-0.134287 0
0.204585 0
-0.0612726 0
0.114253 0
-0.0691532 0
0.172523 0
-0.0128204 0
0.00988905 0
-0.00750186 0
-0.000541846 0
2.99952e-06 0
-5.12592e-07 0
-0.0426685 0
0.0315595 0
-0.0758263 0
0.0377708 0
-0.0468619 0
0.0135051 0
-0.0814606 0
0.0572117 0
-0.217979 0
0.132474 0
-0.201635 0
0.0895315 0
-0.0247924 0
-0.0175056 0
0.00794309 0
0.00954745 0
-0.0191277 0
0.0426674 0
-0.0315579 0
-1.3953e-06 0
-2.67446e-08 0
-0.0191367 0
-0.0156568 0
0.0776395 0
-0.0872984 0
0.0841958 0
-0.0631824 0
-0.0806325 0
0.030247 0
-0.11428 0
-0.0225822 0
0.0157302 0
0.0201643 0
-0.0198738 0
0.0758243 0
-0.0377716 0
0.0191382 0
0.0156558 0
6.06988e-07 0
3.18317e-07 0
0.164882 0
-0.105907 0
0.23407 0
-0.109718 0
0.0797049 0
-0.0583633 0
0.0457103 0
-0.0205143 0
-0.00101262 0
0.0468651 0
-0.0135063 0
-0.0776385 0
0.0872995 0
-0.164884 0
0.105907 0
1.79115e-07 0
-7.19738e-07 0
0.106174 0
-0.0977666 0
0.0551044 0
-0.0224974 0
-0.0270579 0
0.0814612 0
-0.0572103 0
-0.084199 0
0.0631835 0
-0.234071 0
0.109716 0
-0.106171 0
-0.0928107 0
0.0441373 0
0.0438408 0
-0.0683805 0
0.217977 0
-0.132473 0
0.0806322 0
-0.0302482 0
-0.0797024 0
-0.121971 0
0.0850256 0
-0.00221844 0
-0.0138046 0
0.201636 0
-0.089533 0
0.114283 0
-0.204586 0
0.134287 0
-0.146642 0
0.0612714 0
0.0247948 0
-0.172523 0
0.0691528 0
-0.114252 0
0 0
0 0
0 0
0 0
0 0
0 0
0 0
0 0
0 0
0 0
0 0
0 0
0 0
0 0
0 0
0 0
0 0
0 0
0 0
0 0
0 0
0 0
0 0
0 0
0 0
0 0
0 0
0 0
0 0
0 0
0 0
0 0
0 0
0 0
0 0
0 0
0 0
0 0
0 0
0 0
0 0
0 0
0 0
0 0
0 0
0 0
0 0
0 0
0 0
0 0
0 0
0 0
0 0
0 0
0 0
0 0
0 0
0 0
0 0
0 0
0 0
0 0
0 0
0 0
0 0
0 0
0 0
0 0
0 0
0 0
0 0
0 0
0 0
0 0
0 0
0 0
0 0
0 0
0 0
0 0
0 0
0 0
0 0
0 0
0 0
0 0
0 0
0 0
0 0
0 0
0 0
0 0
0 0
0 0
0 0
0 0
0 0
0 0
0 0
0 0
0 0
0 0
0 0
0 0
0 0
0 0
0 0
0 0
0 0
0 0
0 0
0 0
0 0
0 0
0 0
0 0
0 0
0 0
0 0
0 0
0 0
0 0
0 0
0 0
0 0
0 0
0 0
0 0
0 0
0 0
0 0
0 0
0 0
0 0
0 0
0 0
0 0
0 0
0 0
0 0
0 0
0.18511 0
-0.126264 0
0.197862 0
-0.126264 0
0.18511 0
-0.0901016 0
0.016507 0
-0.130346 0
0.0110629 0
0.103734 0
0.135457 0
-0.0898169 0
0.00506468 0
-0.0157586 0
-0.029778 0
0.17014 0
-0.0957114 0
0.0860782 0
-0.071676 0
0.0117266 0
-0.0249107 0
0.114065 0
0.0823408 0
-0.151716 0
0.0553751 0
-0.0294076 0
0.045315 0
0.0408228 0
-0.0196505 0
-0.0332616 0
-0.0736283 0
0.10468 0
-0.0533609 0
0.0686377 0
-0.00754245 0
-0.0616232 0
0.0175368 0
0.0332708 0
0.0666772 0
-0.084315 0
0.0299738 0
-0.0401284 0
0.103733 0
0.0110635 0
-0.130347 0
0.135457 0
-0.292612 0
0.0604269 0
0.0324987 0
-0.0694098 0
0.0906775 0
0.0339771 0
-0.173733 0
0.0783542 0
-0.0614939 0
-0.049568 0
0.134369 0
-0.0365237 0
-0.0141865 0
0.0607246 0
-0.111309 0
-0.0157597 0
0.0050652 0
-0.089817 0
-0.0297786 0
0.0325 0
-0.0694109 0
0.137767 0
-0.0129256 0
-0.0446861 0
0.0307996 0
-0.059201 0
-0.0406653 0
0.113847 0
-0.0364247 0
0.0179119 0
0.0507515 0
-0.105878 0
0.0860775 0
-0.0957112 0
0.170141 0
-0.0716769 0
0.09068 0
0.033976 0
-0.0446854 0
0.0307999 0
-0.0113455 0
-0.0492588 0
0.0977383 0
-0.0250686 0
0.00540983 0
0.0550238 0
-0.105583 0
0.114064 0
-0.0249097 0
0.0117262 0
0.0823411 0
-0.173732 0
0.0783542 0
-0.0592029 0
-0.0406634 0
0.0977349 0
-0.0250664 0
-0.00859535 0
0.0598929 0
-0.110694 0
-0.0294101 0
0.0553767 0
-0.151717 0
0.0453147 0
-0.0614926 0
-0.0495692 0
0.113846 0
-0.0364235 0
0.0054053 0
0.0550259 0
-0.110696 0
-0.0332638 0
-0.0196497 0
0.0408238 0
-0.0736301 0
0.134374 0
-0.0365266 0
0.0179136 0
0.050751 0
-0.105585 0
0.0686358 0
-0.0533595 0
0.104681 0
-0.00754276 0
-0.0141825 0
0.0607232 0
-0.105877 0
0.033267 0
0.0175395 0
-0.0616266 0
0.0666789 0
-0.111309 0
-0.040132 0
0.0299754 0
-0.0843178 0
-0.0350112 0
0.0894244 0
-0.0606441 0
0.0894247 0
-0.0350113 0
0.0576617 0
0.0629062 0
-0.00906241 0
0.0012028 0
-0.0216976 0
-0.028778 0
0.0585146 0
-0.12448 0
0.0292123 0
-0.0748926 0
0.0943876 0
-0.184596 0
0.0733797 0
-0.113378 0
0.0745718 0
-0.125271 0
0.0734689 0
-0.0541369 0
-0.0331922 0
0.0578171 0
0.0159243 0
0.126916 0
-0.117417 0
0.189246 0
-0.0585697 0
0.14845 0
-0.0611017 0
0.121149 0
-0.0732933 0
-0.0305982 0
0.0324417 0
-0.0125492 0
-0.0255194 0
-0.0862515 0
0.0274163 0
-0.0300611 0
0.0100343 0
-0.0216973 0
0.00120171 0
-0.00906187 0
-0.028779 0
-0.0140761 0
0.112649 0
-0.0609069 0
0.197415 0
-0.0288099 0
0.0273334 0
0.0258117 0
-0.0739182 0
-0.00677641 0
-0.0268464 0
-0.00604116 0
-0.0981266 0
0.0674889 0
-0.137293 0
0.05394 0
0.0292129 0
-0.124481 0
0.0585153 0
-0.0748933 0
-0.0609067 0
0.197415 0
-0.146585 0
0.174387 0
-0.0296872 0
-0.0877501 0
0.0693702 0
-0.104966 0
0.0451853 0
-0.0439775 0
0.0587218 0
-0.0850593 0
0.0533718 0
0.0733799 0
-0.184596 0
0.0943876 0
-0.113377 0
-0.0288101 0
0.0273334 0
-0.029687 0
-0.0877507 0
0.063663 0
-0.0708333 0
0.00988933 0
0.137829 0
-0.0507609 0
0.103577 0
-0.00440713 0
0.0734687 0
-0.12527 0
0.0745712 0
-0.0541361 0
0.0258117 0
-0.073919 0
0.0693708 0
-0.104967 0
0.00988949 0
0.137829 0
-0.125815 0
0.218383 0
-0.076918 0
0.0159239 0
0.0578179 0
-0.0331925 0
0.126916 0
-0.00677599 0
-0.0268471 0
0.0451855 0
-0.0439769 0
-0.0507613 0
0.103578 0
-0.0769182 0
-0.0585699 0
0.189246 0
-0.117417 0
0.14845 0
-0.00604101 0
-0.0981261 0
0.0587213 0
-0.0850582 0
-0.00440759 0
-0.0732933 0
0.121149 0
-0.0611014 0
-0.0305984 0
0.0674888 0
-0.137292 0
0.0533714 0
-0.0255193 0
-0.0125496 0
0.032442 0
-0.0862518 0
0.05394 0
0.0100345 0
-0.0300614 0
0.0274164 0
0 0
0 0
0 0
0 0
0 0
0 0
0 0
0 0
0 0
0 0
0 0
0 0
0 0
0 0
0 0
0 0
0 0
0 0
0 0
0 0
0 0
0 0
0 0
0 0
0 0
0 0
0 0
0 0
0 0
0 0
0 0
0 0
0 0
0 0
0 0
0 0
0 0
0 0
0 0
0 0
0 0
0 0
0 0
0 0
0 0
0 0
0 0
0 0
0 0
0 0
0 0
0 0
0 0
0 0
0 0
0 0
0 0
0 0
0 0
0 0
0 0
0 0
0 0
0 0
0 0
0 0
0 0
0 0
0 0
0 0
0 0
0 0
0 0
0 0
0 0
0 0
0 0
0 0
0 0
0 0
0 0
0 0
0 0
0 0
0 0
0 0
0 0
0 0
0 0
0 0
0 0
0 0
0 0
0 0
0 0
0 0
0 0
0 0
0 0
0 0
0 0
0 0
0 0
0 0
0 0
0 0
0 0
0 0
0 0
0 0
0 0
0 0
0 0
0 0
0 0
0 0
0 0
0 0
0 0
0 0
0 0
0 0
0 0
0 0
0 0
0 0
0 0
0 0
0 0
0 0
0 0
0 0
0 0
0 0
0 0
0 0
0 0
0 0
0 0
0 0
0 0
-0.0093031 0
0.0391297 0
-1.78365e-07 0
-0.0391292 0
0.00930291 0
1.54963e-07 0
2.26976e-07 0
0.0687616 0
-0.137522 0
0.0422425 0
-0.130899 0
0.092803 0
-0.144031 0
0.0666393 0
-0.0873763 0
-0.011737 0
0.0272702 0
0.0276881 0
0.10653 0
-0.112834 0
0.191147 0
-0.051725 0
0.145897 0
-0.0922936 0
0.176054 0
-0.0865855 0
0.0416445 0
-0.0152325 0
0.0474693 0
-0.0529264 0
-0.028764 0
0.0452026 0
-0.0703384 0
0.00539369 0
-0.0779347 0
0.0682155 0
-0.111164 0
0.0426005 0
-0.0833303 0
0.0334299 0
-0.0586622 0
0.0399454 0
-0.0422426 0
0.137522 0
-0.0687617 0
0.130899 0
-1.03236e-07 0
4.33895e-07 0
0.0267004 0
-0.0158518 0
-0.00764643 0
-0.0610814 0
0.0233194 0
-0.175929 0
0.0556755 0
-0.0808572 0
0.00593441 0
0.0865295 0
-0.0141297 0
0.04717 0
0.00871478 0
-0.0666391 0
0.14403 0
-0.0928027 0
0.0873759 0
-0.0267008 0
0.0158529 0
-4.16e-07 0
4.53093e-07 0
0.0576737 0
-0.160618 0
0.132294 0
-0.172604 0
0.0362806 0
0.112133 0
-0.0982044 0
0.181729 0
-0.0548776 0
-0.0276876 0
-0.0272714 0
0.0117375 0
-0.106531 0
0.00764628 0
0.0610815 0
-0.0576738 0
0.160617 0
2.4017e-07 0
-3.34743e-07 0
0.0369224 0
0.0306537 0
-0.0741471 0
0.14597 0
-0.0778984 0
0.0517254 0
-0.191148 0
0.112834 0
-0.145898 0
-0.0233193 0
0.175929 0
-0.132293 0
0.172603 0
-0.0369222 0
-0.0306531 0
-2.53203e-07 0
4.72875e-07 0
-0.0348316 0
0.0865857 0
-0.176053 0
0.0922934 0
-0.0416437 0
-0.0556757 0
0.0808574 0
-0.0362805 0
-0.112133 0
0.0741469 0
-0.14597 0
0.0348313 0
0.0529262 0
-0.0474685 0
0.0152319 0
0.0287647 0
-0.00593452 0
-0.0865299 0
0.0982047 0
-0.18173 0
0.0778983 0
-0.00539399 0
0.0703388 0
-0.0452028 0
0.0779342 0
0.0141301 0
-0.0471709 0
0.0548779 0
-0.0426006 0
0.111164 0
-0.0682152 0
0.0833297 0
-0.00871442 0
-0.0399453 0
0.058662 0
-0.0334298 0
0 0
0 0
0 0
0 0
0 0
0 0
0 0
0 0
0 0
0 0
0 0
0 0
0 0
0 0
0 0
0 0
0 0
0 0
0 0
0 0
0 0
0 0
0 0
0 0
0 0
0 0
0 0
0 0
0 0
0 0
0 0
0 0
0 0
0 0
0 0
0 0
0 0
0 0
0 0
0 0
0 0
0 0
0 0
0 0
0 0
0 0
0 0
0 0
0 0
0 0
0 0
0 0
0 0
0 0
0 0
0 0
0 0
0 0
0 0
0 0
0 0
0 0
0 0
0 0
0 0
0 0
0 0
0 0
0 0
0 0
0 0
0 0
0 0
0 0
0 0
0 0
0 0
0 0
0 0
0 0
0 0
0 0
0 0
0 0
0 0
0 0
0 0
0 0
0 0
0 0
0 0
0 0
0 0
0 0
0 0
0 0
0 0
0 0
0 0
0 0
0 0
0 0
0 0
0 0
0 0
0 0
0 0
0 0
0 0
0 0
0 0
0 0
0 0
0 0
0 0
0 0
0 0
0 0
0 0
0 0
0 0
0 0
0 0
0 0
0 0
0 0
0 0
0 0
0 0
0 0
0 0
0 0
0 0
0 0
0 0
0 0
0 0
0 0
0 0
0 0
0 0
0 0
0 0
0 0
0 0
0 0
0 0
0 0
0 0
0 0
0 0
0 0
0 0
0 0
0 0
0 0
0 0
0 0
0 0
0 0
0 0
0 0
0 0
0 0
0 0
0 0
0 0
0 0
0 0
0 0
0 0
0 0
0 0
0 0
0 0
0 0
0 0
0 0
0 0
0 0
0 0
0 0
0 0
0 0
0 0
0 0
0 0
0 0
0 0
0 0
0 0
0 0
0 0
0 0
0 0
0 0
0 0
0 0
0 0
0 0
0 0
0 0
0 0
0 0
0 0
0 0
0 0
0 0
0 0
0 0
0 0
0 0
0 0
0 0
0 0
0 0
0 0
0 0
0 0
0 0
0 0
0 0
0 0
0 0
0 0
0 0
0 0
0 0
0 0
0 0
0 0
0 0
0 0
0 0
0 0
0 0
0 0
0 0
0 0
0 0
0 0
0 0
0 0
0 0
0 0
0 0
0 0
0 0
0 0
0 0
0 0
0 0
0 0
0 0
0 0
0 0
0 0
0 0
0 0
0 0
0 0
0 0
0 0
0 0
0 0
0 0
0 0
0 0
0 0
0 0
0 0
0 0
0 0
0 0
0 0
0 0
0 0
0 0
0 0
0 0
0 0
0 0
0.0199692 0
-0.0260798 0
5.95073e-07 0
0.0260792 0
-0.0199685 0
-1.64972e-07 0
-2.01521e-07 0
-0.0969883 0
0.0788969 0
-0.0841359 0
0.0557111 0
-0.121549 0
0.0741491 0
-0.131871 0
0.0366799 0
0.0185002 0
-0.0239232 0
-0.0421984 0
-0.036733 0
0.154552 0
-0.118875 0
0.119532 0
-0.0533446 0
0.140335 0
-0.11829 0
0.202171 0
-0.0169147 0
0.0313792 0
-0.0412012 0
0.13168 0
0.0169438 0
-0.067957 0
0.0383691 0
0.00235835 0
0.0413439 0
-0.113274 0
0.0687112 0
-0.0882118 0
0.0464169 0
-0.0611217 0
0.0320308 0
-0.0762548 0
0.0841364 0
-0.0788969 0
0.0969885 0
-0.0557111 0
3.29947e-07 0
-4.11891e-07 0
-0.0409532 0
0.0177822 0
-0.0283386 0
0.0563113 0
-0.084325 0
0.103087 0
-0.105048 0
0.0548199 0
-0.0301519 0
-0.0317875 0
0.0173063 0
-0.0322519 0
-0.0110514 0
0.13187 0
-0.0741482 0
0.121548 0
-0.0366796 0
0.0409545 0
-0.0177835 0
1.35067e-06 0
-4.50725e-07 0
-0.10677 0
0.082223 0
-0.212133 0
0.0891978 0
-0.0788257 0
-0.0455107 0
0.137393 0
-0.111807 0
0.121055 0
0.0421965 0
0.0239246 0
-0.0185019 0
0.0367335 0
0.0283394 0
-0.0563116 0
0.10677 0
-0.0822224 0
-8.58628e-07 0
4.61792e-07 0
-0.0555262 0
-0.0162539 0
0.119061 0
-0.0969485 0
0.183283 0
-0.119534 0
0.118876 0
-0.154553 0
0.0533448 0
0.084325 0
-0.103087 0
0.212132 0
-0.0891972 0
0.0555252 0
0.0162536 0
8.33536e-07 0
-6.7675e-07 0
0.0824887 0
-0.202171 0
0.11829 0
-0.140335 0
0.016914 0
0.105048 0
-0.0548199 0
0.0788251 0
0.0455108 0
-0.11906 0
0.0969477 0
-0.0824868 0
-0.131679 0
0.0412002 0
-0.0313774 0
-0.0169444 0
0.0301521 0
0.0317879 0
-0.137393 0
0.111807 0
-0.183283 0
-0.00235705 0
-0.0383697 0
0.0679575 0
-0.0413435 0
-0.0173075 0
0.0322528 0
-0.121056 0
0.088212 0
-0.068711 0
0.113273 0
-0.0464162 0
0.0110502 0
0.0762545 0
-0.0320305 0
0.061121 0
0 0
0 0
0 0
0 0
0 0
0 0
0 0
0 0
0 0
0 0
0 0
0 0
0 0
0 0
0 0
0 0
0 0
0 0
0 0
0 0
0 0
0 0
0 0
0 0
0 0
0 0
0 0
0 0
0 0
0 0
0 0
0 0
0 0
0 0
0 0
0 0
0 0
0 0
0 0
0 0
0 0
0 0
0 0
0 0
0 0
0 0
0 0
0 0
0 0
0 0
0 0
0 0
0 0
0 0
0 0
0 0
0 0
0 0
0 0
0 0
0 0
0 0
0 0
0 0
0 0
0 0
0 0
0 0
0 0
0 0
0 0
0 0
0 0
0 0
0 0
0 0
0 0
0 0
0 0
0 0
0 0
0 0
0 0
0 0
0 0
0 0
0 0
0 0
0 0
0 0
0 0
0 0
0 0
0 0
0 0
0 0
0 0
0 0
0 0
0 0
0 0
0 0
0 0
0 0
0 0
0 0
0 0
0 0
0 0
0 0
0 0
0 0
0 0
0 0
0 0
0 0
0 0
0 0
0 0
0 0
0 0
0 0
0 0
0 0
0 0
0 0
0 0
0 0
0 0
0 0
0 0
0 0
0 0
0 0
0 0
0 0
0 0
0 0
0 0
0 0
0 0
0.0543675 0
-0.0459022 0
0.0958582 0
-0.0459025 0
0.0543678 0
-0.025558 0
-0.0364915 0
0.0241766 0
0.00395676 0
0.0333941 0
-0.00122209 0
-0.0808339 0
0.0817288 0
-0.0733009 0
0.0309257 0
-0.158965 0
0.124898 0
-0.172388 0
0.0515289 0
-0.110333 0
0.0796437 0
-0.170022 0
0.0189219 0
0.0552683 0
-0.0331022 0
-0.0393926 0
-0.0605396 0
0.177429 0
-0.109709 0
0.117097 0
-0.0640413 0
0.0759492 0
-0.0678828 0
0.146859 0
0.0232631 0
-0.0600697 0
0.00691211 0
0.0498826 0
0.0533061 0
-0.0542426 0
0.0167672 0
-0.0178106 0
0.033393 0
0.0039578 0
0.0241753 0
-0.00122133 0
0.0614615 0
-0.0760982 0
0.118129 0
-0.112911 0
0.065863 0
-0.0260011 0
-0.0197826 0
0.0321253 0
0.00641787 0
0.0197466 0
-0.000627049 0
0.0451313 0
-0.108311 0
0.074553 0
-0.0991062 0
-0.0733026 0
0.0817298 0
-0.0808356 0
0.0309262 0
0.118128 0
-0.112911 0
0.256927 0
-0.0945689 0
0.0554586 0
0.0481477 0
-0.112026 0
0.0656328 0
-0.0830503 0
0.0191033 0
-0.06827 0
0.0303037 0
-0.0874964 0
-0.172388 0
0.124898 0
-0.158965 0
0.0515284 0
0.0658631 0
-0.0260008 0
0.0554577 0
0.0481485 0
-0.130578 0
0.0647407 0
-0.0604212 0
-0.050492 0
0.0766001 0
-0.0713649 0
0.0357874 0
-0.170021 0
0.0796424 0
-0.110331 0
0.0189212 0
-0.0197831 0
0.0321263 0
-0.112029 0
0.0656337 0
-0.0604217 0
-0.0504922 0
0.181614 0
-0.131626 0
0.171491 0
-0.0393906 0
-0.0331033 0
0.0552696 0
-0.0605396 0
0.00641659 0
0.0197473 0
-0.0830512 0
0.0191029 0
0.0766014 0
-0.0713658 0
0.171491 0
0.117099 0
-0.109709 0
0.177429 0
-0.064041 0
-0.000627568 0
0.045131 0
-0.0682685 0
0.0303026 0
0.0357893 0
0.146859 0
-0.0678825 0
0.0759485 0
0.0232634 0
-0.10831 0
0.0745525 0
-0.0874951 0
0.0498818 0
0.00691268 0
-0.0600706 0
0.0533065 0
-0.0991061 0
-0.0178112 0
0.0167674 0
-0.054243 0
-0.00892738 0
0.0380031 0
8.18652e-08 0
-0.0380034 0
0.00892748 0
-7.66895e-08 0
-6.9751e-08 0
0.0732372 0
-0.144275 0
0.043065 0
-0.145336 0
0.11353 0
-0.186645 0
0.0773931 0
-0.117011 0
0.0245688 0
-0.073918 0
0.0610531 0
0.0925027 0
-0.0450034 0
0.00938615 0
0.0151006 0
0.0773153 0
0.0415088 0
-0.0827469 0
0.0170937 0
-0.160203 0
0.113854 0
-0.150411 0
0.0545517 0
-0.146251 0
0.00806183 0
-0.0131183 0
0.038112 0
0.127385 0
-0.109362 0
0.13438 0
-0.028126 0
0.180543 0
-0.0623728 0
0.0875514 0
-0.0515848 0
-0.0430649 0
0.144275 0
-0.0732372 0
0.145337 0
-3.13715e-08 0
-3.39227e-08 0
0.012162 0
0.0693733 0
-0.0990716 0
0.226631 0
-0.096778 0
0.0790974 0
0.0522396 0
-0.123413 0
0.0680702 0
0.0013342 0
-0.0674591 0
0.140944 0
-0.0765427 0
-0.0773932 0
0.186645 0
-0.11353 0
0.117012 0
-0.012162 0
-0.0693739 0
2.2586e-07 0
-3.4399e-07 0
-0.0878019 0
0.115342 0
-0.0544745 0
0.0179807 0
0.0353697 0
-0.0341447 0
-0.00231949 0
0.0419128 0
-0.0433116 0
-0.0610533 0
0.0739186 0
-0.0245691 0
-0.0925023 0
0.0990718 0
-0.226632 0
0.0878021 0
-0.115341 0
-4.49097e-07 0
1.27603e-06 0
-0.00321583 0
-0.00545519 0
0.0101182 0
-0.000318112 0
-0.00976961 0
-0.0151009 0
-0.00938541 0
0.045003 0
-0.0773151 0
0.0967784 0
-0.0790984 0
0.0544746 0
-0.0179807 0
0.0032147 0
0.00545698 0
-6.17422e-07 0
6.59855e-07 0
7.48435e-05 0
-0.017094 0
0.0827477 0
-0.041509 0
0.160203 0
-0.0522388 0
0.123411 0
-0.0353687 0
0.0341427 0
-0.0101181 0
0.000317914 0
-7.51079e-05 0
-0.0545522 0
0.150412 0
-0.113855 0
0.146251 0
-0.0680694 0
-0.00133594 0
0.00232086 0
-0.0419145 0
0.00977006 0
-0.0381127 0
0.0131203 0
-0.00806291 0
-0.127384 0
0.0674591 0
-0.140944 0
0.043312 0
0.0281251 0
-0.134378 0
0.109361 0
-0.180542 0
0.0765424 0
0.0515842 0
-0.0875506 0
0.0623723 0
0 0
0 0
0 0
0 0
0 0
0 0
0 0
0 0
0 0
0 0
0 0
0 0
0 0
0 0
0 0
0 0
0 0
0 0
0 0
0 0
0 0
0 0
0 0
0 0
0 0
0 0
0 0
0 0
0 0
0 0
0 0
0 0
0 0
0 0
0 0
0 0
0 0
0 0
0 0
0 0
0 0
0 0
0 0
0 0
0 0
0 0
0 0
0 0
0 0
0 0
0 0
0 0
0 0
0 0
0 0
0 0
0 0
0 0
0 0
0 0
0 0
0 0
0 0
0 0
0 0
0 0
0 0
0 0
0 0
0 0
0 0
0 0
0 0
0 0
0 0
0 0
0 0
0 0
0 0
0 0
0 0
0 0
0 0
0 0
0 0
0 0
0 0
0 0
0 0
0 0
0 0
0 0
0 0
0 0
0 0
0 0
0 0
0 0
0 0
0 0
0 0
0 0
0 0
0 0
0 0
0 0
0 0
0 0
0 0
0 0
0 0
0 0
0 0
0 0
0 0
0 0
0 0
0 0
0 0
0 0
0 0
0 0
0 0
0 0
0 0
0 0
0 0
0 0
0 0
0 0
0 0
0 0
0 0
0 0
0 0
0 0
0 0
0 0
0 0
0 0
0 0
0.0550531 0
-0.148766 0
0.102671 0
-0.148766 0
0.0550531 0
-0.0860816 0
-0.118406 0
0.0266275 0
-0.0511448 0
0.0471313 0
0.0640164 0
-0.05796 0
0.0710181 0
-0.00463814 0
0.094705 0
-0.041393 0
0.074017 0
-0.0339126 0
-0.00252479 0
-0.00469544 0
0.0382353 0
-0.0262126 0
-0.0169712 0
-0.0155723 0
0.0547108 0
-0.0216122 0
0.0245383 0
-0.0488021 0
0.108555 0
-0.0381195 0
0.0631714 0
-0.0874774 0
0.162739 0
-0.0630961 0
0.121922 0
-0.0976084 0
0.160295 0
-0.0747713 0
0.113427 0
-0.0437565 0
0.075041 0
-0.0545874 0
0.0471316 0
-0.0511459 0
0.0266281 0
0.0640152 0
-0.0515046 0
0.0768836 0
-0.0231086 0
-0.0808672 0
0.0493728 0
-0.110663 0
0.0424298 0
-0.0406797 0
0.0323568 0
-0.110824 0
0.0536531 0
-0.164324 0
0.0224763 0
-0.0476463 0
-0.0156284 0
-0.0046375 0
0.0710165 0
-0.0579591 0
0.094704 0
-0.0231085 0
-0.0808665 0
0.0757663 0
-0.137384 0
0.0476917 0
0.0618709 0
-0.0235012 0
0.0706598 0
0.0547796 0
-0.176497 0
0.135743 0
-0.193083 0
0.056899 0
-0.033912 0
0.0740163 0
-0.0413928 0
-0.002524 0
0.0493719 0
-0.110661 0
0.0476908 0
0.0618721 0
-0.101062 0
0.273842 0
-0.119624 0
0.122544 0
0.0341942 0
-0.0812545 0
0.0643006 0
-0.0262124 0
0.0382352 0
-0.00469577 0
-0.0169707 0
0.0424289 0
-0.0406788 0
-0.0235018 0
0.0706603 0
-0.119624 0
0.122544 0
-0.0707033 0
0.0371198 0
0.0103835 0
-0.021612 0
0.0547099 0
-0.0155718 0
0.0245367 0
0.0323572 0
-0.110825 0
0.0547798 0
-0.176497 0
0.0341942 0
-0.0812544 0
0.0103834 0
-0.0381189 0
0.108553 0
-0.0488009 0
0.0631699 0
0.0536538 0
-0.164324 0
0.135743 0
-0.193083 0
0.0643006 0
-0.0630957 0
0.162739 0
-0.0874773 0
0.121923 0
0.0224759 0
-0.0476453 0
0.0568987 0
-0.0747716 0
0.160297 0
-0.0976094 0
0.113428 0
-0.015629 0
-0.0545879 0
0.0750419 0
-0.0437571 0
0 0
0 0
0 0
0 0
0 0
0 0
0 0
0 0
0 0
0 0
0 0
0 0
0 0
0 0
0 0
0 0
0 0
0 0
0 0
0 0
0 0
0 0
0 0
0 0
0 0
0 0
0 0
0 0
0 0
0 0
0 0
0 0
0 0
0 0
0 0
0 0
0 0
0 0
0 0
0 0
0 0
0 0
0 0
0 0
0 0
0 0
0 0
0 0
0 0
0 0
0 0
0 0
0 0
0 0
0 0
0 0
0 0
0 0
0 0
0 0
0 0
0 0
0 0
0 0
0 0
0 0
0 0
0 0
0 0
0 0
0 0
0 0
0 0
0 0
0 0
0 0
0 0
0 0
0 0
0 0
0 0
0 0
0 0
0 0
0 0
0 0
0 0
0 0
0 0
0 0
0 0
0 0
0 0
0 0
0 0
0 0
0 0
0 0
0 0
0 0
0 0
0 0
0 0
0 0
0 0
0 0
0 0
0 0
0 0
0 0
0 0
0 0
0 0
0 0
0 0
0 0
0 0
0 0
0 0
0 0
0 0
0 0
0 0
0 0
0 0
0 0
0 0
0 0
0 0
0 0
0 0
0 0
0 0
0 0
0 0
0 0
0 0
0 0
0 0
0 0
0 0
-0.0754634 0
0.205744 0
-0.141106 0
0.205744 0
-0.0754635 0
0.116996 0
0.161703 0
-0.0368023 0
0.0876552 0
-0.0689946 0
-0.103096 0
0.0594149 0
-0.0291278 0
-0.0136247 0
-0.103932 0
-0.0219621 0
0.0543751 0
-0.00588838 0
0.137977 0
-0.107486 0
0.148794 0
-0.0473222 0
0.143372 0
-0.0359374 0
0.0719707 0
-0.0512031 0
-0.0712266 0
0.0426111 0
-0.0174093 0
-0.0127066 0
-0.0831968 0
-0.0159257 0
0.0417877 0
-0.00565544 0
0.104908 0
-0.0878164 0
0.117338 0
-0.0367392 0
0.134667 0
-0.0469221 0
0.0679484 0
-0.0428693 0
-0.0689944 0
0.0876546 0
-0.036802 0
-0.103096 0
0.11192 0
-0.240313 0
0.0980765 0
-0.0418628 0
-0.051548 0
0.107054 0
-0.0453684 0
-0.0699586 0
0.0870413 0
-0.20131 0
0.083043 0
-0.0444934 0
-0.0373222 0
0.0895201 0
-0.0531254 0
-0.0136244 0
-0.0291284 0
0.0594153 0
-0.103933 0
0.0980766 0
-0.0418625 0
0.0067475 0
0.0570131 0
-0.0391978 0
-0.0106201 0
0.0472896 0
-0.104763 0
0.0878571 0
-0.0423747 0
0.0121336 0
0.0390117 0
-0.0303016 0
-0.00588814 0
0.0543748 0
-0.0219619 0
0.137977 0
-0.0515484 0
0.107055 0
-0.0391982 0
-0.0106194 0
0.00521922 0
0.000649719 0
-0.00301681 0
0.115925 0
-0.0455758 0
0.107159 0
-0.0341727 0
-0.0473221 0
0.148794 0
-0.107486 0
0.143373 0
-0.0453689 0
-0.0699581 0
0.0472892 0
-0.104763 0
-0.00301693 0
0.115925 0
-0.100374 0
0.169885 0
-0.0650123 0
-0.051203 0
0.0719702 0
-0.0359372 0
-0.0712273 0
0.0870414 0
-0.20131 0
0.0878572 0
-0.0423748 0
-0.0455758 0
0.107159 0
-0.0650122 0
-0.0127064 0
-0.01741 0
0.0426117 0
-0.0831975 0
0.0830434 0
-0.0444936 0
0.0121337 0
0.0390116 0
-0.0341727 0
-0.00565525 0
0.0417877 0
-0.0159257 0
0.104908 0
-0.0373224 0
0.0895205 0
-0.0303017 0
-0.0367393 0
0.117338 0
-0.0878168 0
0.134668 0
-0.0531257 0
-0.0428696 0
0.0679489 0
-0.0469224 0
0 0
0 0
0 0
0 0
0 0
0 0
0 0
0 0
0 0
0 0
0 0
0 0
0 0
0 0
0 0
0 0
0 0
0 0
0 0
0 0
0 0
0 0
0 0
0 0
0 0
0 0
0 0
0 0
0 0
0 0
0 0
0 0
0 0
0 0
0 0
0 0
0 0
0 0
0 0
0 0
0 0
0 0
0 0
0 0
0 0
0 0
0 0
0 0
0 0
0 0
0 0
0 0
0 0
0 0
0 0
0 0
0 0
0 0
0 0
0 0
0 0
0 0
0 0
0 0
0 0
0 0
0 0
0 0
0 0
0 0
0 0
0 0
0 0
0 0
0 0
0 0
0 0
0 0
0 0
0 0
0 0
0 0
0 0
0 0
0 0
0 0
0 0
0 0
0 0
0 0
0 0
0 0
0 0
0 0
0 0
0 0
0 0
0 0
0 0
0 0
0 0
0 0
0 0
0 0
0 0
0 0
0 0
0 0
0 0
0 0
0 0
0 0
0 0
0 0
0 0
0 0
0 0
0 0
0 0
0 0
0 0
0 0
0 0
0 0
0 0
0 0
0 0
0 0
0 0
0 0
0 0
0 0
0 0
0 0
0 0
0 0
0 0
0 0
0 0
0 0
0 0
0 0
0 0
0 0
0 0
0 0
0 0
0 0
0 0
0 0
0 0
0 0
0 0
0 0
0 0
0 0
0 0
0 0
0 0
0 0
0 0
0 0
0 0
0 0
0 0
0 0
0 0
0 0
0 0
0 0
0 0
0 0
0 0
0 0
0 0
0 0
0 0
0 0
0 0
0 0
0 0
0 0
0 0
0 0
0 0
0 0
0 0
0 0
0 0
0 0
0 0
0 0
0 0
0 0
0 0
0 0
0 0
0 0
0 0
0 0
0 0
0 0
0 0
0 0
0 0
0 0
0 0
0 0
0 0
0 0
0 0
0 0
0 0
0 0
0 0
0 0
0 0
0 0
0 0
0 0
0 0
0 0
0 0
0 0
0 0
0 0
0 0
0 0
0 0
0 0
0 0
0 0
0 0
0 0
0 0
0 0
0 0
0 0
0 0
0 0
0 0
0 0
0 0
0 0
0 0
0 0
0 0
0 0
0 0
0 0
0 0
0 0
0 0
0 0
0 0
0 0
0 0
0 0
0 0
0 0
0 0
0 0
0 0
0 0
0 0
0 0
0 0
0 0
0 0
0 0
0 0
0 0
0 0
0 0
0 0
0 0
0 0
0 0
0 0
0 0
0 0
0 0
0.0236511 0
-0.0318155 0
-4.45216e-07 0
0.031816 0
-0.0236516 0
1.17271e-07 0
1.74093e-07 0
-0.123188 0
0.102792 0
-0.104599 0
0.0730067 0
-0.166055 0
0.118002 0
-0.184031 0
0.0430199 0
-0.00614543 0
0.0356658 0
-0.124992 0
-0.0704804 0
0.110134 0
-0.0194599 0
-0.0131346 0
-0.0632771 0
-0.0379017 0
0.041613 0
-0.0182738 0
0.074073 0
-0.190085 0
0.0987672 0
-0.112268 0
0.0840175 0
-0.0327976 0
0.0228283 0
-0.098055 0
-0.0589115 0
0.165124 0
-0.0710051 0
0.0384462 0
-0.10465 0
0.114118 0
-0.0462892 0
0.0862257 0
0.104599 0
-0.102792 0
0.123188 0
-0.0730069 0
9.44521e-08 0
5.57052e-08 0
0.0016223 0
-0.045241 0
0.176438 0
-0.123804 0
0.180015 0
-0.046377 0
-0.0668643 0
0.0646683 0
-0.111297 0
0.00323709 0
0.103562 0
-0.0841959 0
0.142964 0
0.184031 0
-0.118003 0
0.166056 0
-0.0430202 0
-0.00162262 0
0.0452416 0
-6.20563e-07 0
1.56099e-07 0
0.130836 0
-0.0510844 0
0.0692963 0
0.00507318 0
-0.0768483 0
0.0293064 0
-0.00507444 0
-0.0253602 0
0.0891263 0
0.124993 0
-0.0356665 0
0.00614623 0
0.0704803 0
-0.176439 0
0.123804 0
-0.130836 0
0.0510836 0
1.66148e-06 0
-1.27909e-06 0
-0.0123534 0
0.0116409 0
-0.0336083 0
0.00517126 0
0.0171358 0
0.0131357 0
0.0194593 0
-0.110134 0
0.0632774 0
-0.180017 0
0.046378 0
-0.0692964 0
-0.00507327 0
0.0123568 0
-0.0116428 0
2.04269e-06 0
-7.99289e-07 0
-0.00425728 0
0.0182749 0
-0.0416137 0
0.0379018 0
-0.0740726 0
0.0668618 0
-0.0646663 0
0.0768454 0
-0.0293046 0
0.0336083 0
-0.00517108 0
0.00425845 0
0.11227 0
-0.0987686 0
0.190086 0
-0.0840177 0
0.111295 0
-0.0032352 0
0.00507044 0
0.0253622 0
-0.0171377 0
0.0980581 0
-0.0228306 0
0.0328002 0
0.0589102 0
-0.103562 0
0.0841965 0
-0.0891286 0
-0.0384425 0
0.0710027 0
-0.165121 0
0.104649 0
-0.142964 0
-0.0862233 0
0.0462883 0
-0.114116 0
0 0
0 0
0 0
0 0
0 0
0 0
0 0
0 0
0 0
0 0
0 0
0 0
0 0
0 0
0 0
0 0
0 0
0 0
0 0
0 0
0 0
0 0
0 0
0 0
0 0
0 0
0 0
0 0
0 0
0 0
0 0
0 0
0 0
0 0
0 0
0 0
0 0
0 0
0 0
0 0
0 0
0 0
0 0
0 0
0 0
0 0
0 0
0 0
0 0
0 0
0 0
0 0
0 0
0 0
0 0
0 0
0 0
0 0
0 0
0 0
0 0
0 0
0 0
0 0
0 0
0 0
0 0
0 0
0 0
0 0
0 0
0 0
0 0
0 0
0 0
0 0
0 0
0 0
0 0
0 0
0 0
0 0
0 0
0 0
0 0
0 0
0 0
0 0
0 0
0 0
0 0
0 0
0 0
0 0
0 0
0 0
0 0
0 0
0 0
0 0
0 0
0 0
0 0
0 0
0 0
0 0
0 0
0 0
0 0
0 0
0 0
0 0
0 0
0 0
0 0
0 0
0 0
0 0
0 0
0 0
0 0
0 0
0 0
0 0
0 0
0 0
0 0
0 0
0 0
0 0
0 0
0 0
0 0
0 0
0 0
0 0
0 0
0 0
0 0
0 0
0 0
0.0899242 0
-0.0793669 0
0.152607 0
-0.0793663 0
0.0899238 0
-0.0419326 0
-0.0507831 0
0.0249163 0
-0.0209022 0
0.0776914 0
0.0360355 0
-0.0866271 0
0.0435143 0
-0.0187891 0
0.0428589 0
-0.0560114 0
0.0427237 0
-0.069934 0
-0.0105887 0
0.0183763 0
0.0154836 0
-0.0470345 0
-0.030528 0
0.00679531 0
0.0259074 0
-0.0340387 0
-0.00480087 0
-0.0663495 0
0.0715647 0
-0.0777221 0
0.023139 0
-0.127806 0
0.110427 0
-0.146321 0
0.0536996 0
-0.154738 0
0.107349 0
-0.173278 0
0.0593375 0
-0.0774513 0
0.0433915 0
-0.110512 0
0.0776932 0
-0.0209039 0
0.0249184 0
0.0360343 0
-0.0811908 0
0.0344865 0
-0.0274604 0
-0.0396491 0
0.0798045 0
-0.0583974 0
0.0966383 0
-0.036761 0
0.0786821 0
-0.067419 0
0.102035 0
-0.0953779 0
0.0673259 0
-0.0495018 0
-0.00742524 0
-0.018786 0
0.0435123 0
-0.0866244 0
0.0428582 0
-0.0274604 0
-0.0396483 0
0.103854 0
-0.0537949 0
0.0536253 0
0.040313 0
-0.0305663 0
0.0373134 0
0.0853897 0
-0.0802677 0
0.208432 0
-0.12018 0
0.137625 0
-0.0699318 0
0.042723 0
-0.0560112 0
-0.0105875 0
0.0798014 0
-0.0583951 0
0.0536227 0
0.0403141 0
-0.181143 0
0.149023 0
-0.201366 0
0.0868363 0
0.0229055 0
-0.0380854 0
0.13391 0
-0.0470341 0
0.0154838 0
0.0183746 0
-0.0305269 0
0.0966348 0
-0.0367599 0
-0.030568 0
0.0373135 0
-0.201366 0
0.0868361 0
-0.164702 0
0.042962 0
-0.00400312 0
-0.0340382 0
0.0259065 0
0.00679616 0
-0.00480224 0
0.0786831 0
-0.0674201 0
0.0853908 0
-0.0802682 0
0.0229061 0
-0.0380855 0
-0.00400304 0
-0.0777199 0
0.0715628 0
-0.0663459 0
0.0231373 0
0.102037 0
-0.0953781 0
0.208432 0
-0.12018 0
0.13391 0
-0.146319 0
0.110426 0
-0.127806 0
0.0537006 0
0.0673243 0
-0.0495004 0
0.137624 0
-0.173278 0
0.107351 0
-0.154741 0
0.0593394 0
-0.00742769 0
-0.110513 0
0.0433924 0
-0.0774534 0
0 0
0 0
0 0
0 0
0 0
0 0
0 0
0 0
0 0
0 0
0 0
0 0
0 0
0 0
0 0
0 0
0 0
0 0
0 0
0 0
0 0
0 0
0 0
0 0
0 0
0 0
0 0
0 0
0 0
0 0
0 0
0 0
0 0
0 0
0 0
0 0
0 0
0 0
0 0
0 0
0 0
0 0
0 0
0 0
0 0
0 0
0 0
0 0
0 0
0 0
0 0
0 0
0 0
0 0
0 0
0 0
0 0
0 0
0 0
0 0
0 0
0 0
0 0
0 0
0 0
0 0
0 0
0 0
0 0
0 0
0 0
0 0
0 0
0 0
0 0
0 0
0 0
0 0
0 0
0 0
0 0
0 0
0 0
0 0
0 0
0 0
0 0
0 0
0 0
0 0
0 0
0 0
0 0
0 0
0 0
0 0
0 0
0 0
0 0
0 0
0 0
0 0
0 0
0 0
0 0
0 0
0 0
0 0
0 0
0 0
0 0
0 0
0 0
0 0
0 0
0 0
0 0
0 0
0 0
0 0
0 0
0 0
0 0
0 0
0 0
0 0
0 0
0 0
0 0
0 0
0 0
0 0
0 0
0 0
0 0
0 0
0 0
0 0
0 0
0 0
0 0
0.146327 0
-0.130684 0
0.245716 0
-0.130685 0
0.146328 0
-0.0680839 0
-0.078305 0
0.0335907 0
-0.0467385 0
0.136472 0
0.0766644 0
-0.118721 0
0.0251436 0
0.0178038 0
0.0670753 0
0.013029 0
-0.0243454 0
-0.000642336 0
-0.0602979 0
0.151141 0
-0.0834138 0
0.0864136 0
-0.068546 0
0.0450567 0
-0.0403563 0
0.100998 0
0.0460059 0
-0.091108 0
0.0178225 0
0.0178333 0
0.0604847 0
0.00417951 0
-0.0188081 0
0.000786492 0
-0.04784 0
0.140775 0
-0.0716232 0
0.0714153 0
-0.0823702 0
0.0914027 0
-0.0397292 0
0.0810722 0
0.136471 0
-0.0467379 0
0.03359 0
0.0766649 0
-0.219615 0
0.136977 0
-0.161153 0
0.0186966 0
0.0765374 0
-0.0633114 0
0.077957 0
0.0297293 0
-0.137684 0
0.116271 0
-0.154446 0
0.036102 0
0.0472325 0
-0.0526767 0
0.101226 0
0.0178026 0
0.0251443 0
-0.118722 0
0.0670756 0
-0.161152 0
0.0186963 0
0.0107825 0
-0.0513131 0
0.0955329 0
-0.0143325 0
-0.0576203 0
0.0621839 0
-0.167901 0
0.0401607 0
-0.0361284 0
-0.0246438 0
0.0622347 0
-0.000643149 0
-0.0243451 0
0.0130289 0
-0.0602983 0
0.0765386 0
-0.0633122 0
0.0955337 0
-0.0143329 0
0.0184271 0
0.0051294 0
-0.0192865 0
-0.0409667 0
0.0451793 0
-0.0617861 0
0.0725477 0
0.0864135 0
-0.0834138 0
0.151142 0
-0.0685464 0
0.0779582 0
0.0297289 0
-0.0576196 0
0.0621838 0
-0.0192864 0
-0.0409667 0
0.136389 0
-0.0987523 0
0.130766 0
0.100998 0
-0.040356 0
0.0450565 0
0.0460063 0
-0.137684 0
0.116272 0
-0.167901 0
0.0401608 0
0.0451792 0
-0.0617861 0
0.130766 0
0.0178325 0
0.0178231 0
-0.0911092 0
0.0604853 0
-0.154447 0
0.0361022 0
-0.0361286 0
-0.0246439 0
0.0725478 0
0.000785857 0
-0.018808 0
0.00417918 0
-0.0478403 0
0.0472329 0
-0.0526772 0
0.0622352 0
0.0714155 0
-0.0716237 0
0.140776 0
-0.0823709 0
0.101227 0
0.0810728 0
-0.0397295 0
0.0914035 0
0.00414508 0
-0.0182926 0
-5.37274e-06 0
0.018306 0
-0.00414954 0
3.13148e-06 0
9.11859e-06 0
-0.049211 0
0.0858434 0
-0.0237348 0
0.116397 0
-0.118458 0
0.160732 0
-0.0556448 0
0.20976 0
-0.110966 0
0.139486 0
-0.0678731 0
0.112549 0
-0.00384841 0
0.00625597 0
-0.0329072 0
-0.102882 0
0.104522 0
-0.127422 0
0.0272459 0
-0.203021 0
0.112692 0
-0.148456 0
0.0622819 0
-0.11824 0
0.0511284 0
-0.0824463 0
0.0519326 0
-0.0101029 0
0.00459059 0
-0.0210962 0
0.0231805 0
0.0119192 0
-0.00221829 0
-0.00203964 0
0.00519011 0
0.0237295 0
-0.0858338 0
0.049203 0
-0.116393 0
-1.01651e-06 0
-7.42186e-07 0
-0.0725434 0
0.0856637 0
-0.0480825 0
-0.00218493 0
0.0487477 0
-0.0954513 0
0.0774287 0
-0.0166958 0
0.00815568 0
0.101519 0
-0.0407645 0
0.0778732 0
-0.0206157 0
0.0556437 0
-0.160737 0
0.11846 0
-0.209773 0
0.0725454 0
-0.0856583 0
-5.84305e-06 0
1.84684e-05 0
0.00240896 0
-0.00759042 0
0.00814337 0
0.0700215 0
-0.0619285 0
0.200682 0
-0.113158 0
0.159446 0
-0.0542159 0
0.0678783 0
-0.139504 0
0.110979 0
-0.112572 0
0.0480844 0
0.00219431 0
-0.00242883 0
0.00762459 0
-9.6359e-06 0
5.15351e-06 0
-0.0440202 0
0.108289 0
-0.109823 0
0.141368 0
-0.0681658 0
0.0329171 0
-0.00628141 0
0.00386658 0
0.102855 0
-0.048743 0
0.0954494 0
-0.00815168 0
-0.07002 0
0.0440227 0
-0.108311 0
8.05789e-06 0
-1.15488e-05 0
-0.0321485 0
-0.0272353 0
0.1274 0
-0.104506 0
0.203002 0
-0.0774224 0
0.0166906 0
0.0619322 0
-0.200694 0
0.109835 0
-0.141385 0
0.0321577 0
-0.0622756 0
0.14845 0
-0.112688 0
0.118246 0
-0.00815842 0
-0.101509 0
0.113158 0
-0.159447 0
0.0681699 0
-0.051934 0
0.0824585 0
-0.0511391 0
0.0101285 0
0.040752 0
-0.077857 0
0.0542123 0
-0.0231871 0
0.0211134 0
-0.00460522 0
-0.0119005 0
0.0206077 0
-0.00519576 0
0.00204763 0
0.0022123 0
0 0
0 0
0 0
0 0
0 0
0 0
0 0
0 0
0 0
0 0
0 0
0 0
0 0
0 0
0 0
0 0
0 0
0 0
0 0
0 0
0 0
0 0
0 0
0 0
0 0
0 0
0 0
0 0
0 0
0 0
0 0
0 0
0 0
0 0
0 0
0 0
0 0
0 0
0 0
0 0
0 0
0 0
0 0
0 0
0 0
0 0
0 0
0 0
0 0
0 0
0 0
0 0
0 0
0 0
0 0
0 0
0 0
0 0
0 0
0 0
0 0
0 0
0 0
0 0
0 0
0 0
0 0
0 0
0 0
0 0
0 0
0 0
0 0
0 0
0 0
0 0
0 0
0 0
0 0
0 0
0 0
0 0
0 0
0 0
0 0
0 0
0 0
0 0
0 0
0 0
0 0
0 0
0 0
0 0
0 0
0 0
0 0
0 0
0 0
0 0
0 0
0 0
0 0
0 0
0 0
0 0
0 0
0 0
0 0
0 0
0 0
0 0
0 0
0 0
0 0
0 0
0 0
0 0
0 0
0 0
0 0
0 0
0 0
0 0
0 0
0 0
0 0
0 0
0 0
0 0
0 0
0 0
0 0
0 0
0 0
0 0
0 0
0 0
0 0
0 0
0 0
-0.0290742 0
0.0875051 0
-0.0700657 0
0.0875024 0
-0.0290736 0
0.0407844 0
0.119117 0
-0.0521284 0
0.0625142 0
-0.0341863 0
0.0326172 0
0.0188036 0
-0.0299918 0
-0.00733907 0
-0.0799158 0
0.0831207 0
-0.119038 0
0.0336914 0
-0.146974 0
0.117076 0
-0.164028 0
0.0639116 0
-0.173411 0
0.104407 0
-0.140063 0
0.0683771 0
-0.11939 0
0.0285297 0
-0.0395081 0
0.0405384 0
0.0399778 0
-0.0686229 0
0.0780846 0
-0.008676 0
0.164863 0
-0.0943868 0
0.110759 0
-0.0422759 0
0.120805 0
-0.0386958 0
0.0515402 0
-0.0364078 0
-0.0341899 0
0.0625273 0
-0.0521359 0
0.032635 0
-0.013665 0
-0.00888074 0
0.0131331 0
0.0353117 0
0.012547 0
0.0605071 0
0.030398 0
-0.0121393 0
0.0403512 0
-0.0327239 0
-0.0180592 0
0.0667442 0
-0.0810479 0
0.104986 0
-0.0518381 0
-0.00734756 0
-0.0299673 0
0.0187855 0
-0.0798838 0
0.013122 0
0.0353249 0
-0.0754115 0
0.238139 0
-0.128089 0
0.220165 0
-0.0536649 0
0.00958567 0
0.0240788 0
-0.075628 0
0.00326191 0
-0.00442419 0
-0.0229726 0
0.033681 0
-0.119017 0
0.0831038 0
-0.146956 0
0.0125396 0
0.060507 0
-0.128089 0
0.220165 0
-0.124078 0
0.0659969 0
0.0161955 0
-0.141189 0
0.0800401 0
-0.111407 0
0.0262469 0
0.0639066 0
-0.164027 0
0.117076 0
-0.173427 0
0.0304054 0
-0.0121535 0
-0.053664 0
0.00959722 0
0.0161884 0
-0.141172 0
0.104358 0
-0.149483 0
0.0593319 0
0.0683814 0
-0.140083 0
0.104423 0
-0.119421 0
0.0403631 0
-0.0327263 0
0.0240689 0
-0.0755965 0
0.0800229 0
-0.111385 0
0.0593269 0
0.0405482 0
-0.0395315 0
0.0285474 0
0.0399589 0
-0.0180578 0
0.0667596 0
0.00324437 0
-0.00439952 0
0.0262363 0
-0.00866776 0
0.0780713 0
-0.0686146 0
0.164861 0
-0.0810538 0
0.104997 0
-0.0229809 0
-0.0422722 0
0.110756 0
-0.0943858 0
0.120806 0
-0.0518412 0
-0.0364069 0
0.0515398 0
-0.038696 0
0 0
0 0
0 0
0 0
0 0
0 0
0 0
0 0
0 0
0 0
0 0
0 0
0 0
0 0
0 0
0 0
0 0
0 0
0 0
0 0
0 0
0 0
0 0
0 0
0 0
0 0
0 0
0 0
0 0
0 0
0 0
0 0
0 0
0 0
0 0
0 0
0 0
0 0
0 0
0 0
0 0
0 0
0 0
0 0
0 0
0 0
0 0
0 0
0 0
0 0
0 0
0 0
0 0
0 0
0 0
0 0
0 0
0 0
0 0
0 0
0 0
0 0
0 0
0 0
0 0
0 0
0 0
0 0
0 0
0 0
0 0
0 0
0 0
0 0
0 0
0 0
0 0
0 0
0 0
0 0
0 0
0 0
0 0
0 0
0 0
0 0
0 0
0 0
0 0
0 0
0 0
0 0
0 0
0 0
0 0
0 0
0 0
0 0
0 0
0 0
0 0
0 0
0 0
0 0
0 0
0 0
0 0
0 0
0 0
0 0
0 0
0 0
0 0
0 0
0 0
0 0
0 0
0 0
0 0
0 0
0 0
0 0
0 0
0 0
0 0
0 0
0 0
0 0
0 0
0 0
0 0
0 0
0 0
0 0
0 0
0 0
0 0
0 0
0 0
0 0
0 0
0 0
0 0
0 0
0 0
0 0
0 0
0 0
0 0
0 0
0 0
0 0
0 0
0 0
0 0
0 0
0 0
0 0
0 0
0 0
0 0
0 0
0 0
0 0
0 0
0 0
0 0
0 0
0 0
0 0
0 0
0 0
0 0
0 0
0 0
0 0
0 0
0 0
0 0
0 0
0 0
0 0
0 0
0 0
0 0
0 0
0 0
0 0
0 0
0 0
0 0
0 0
0 0
0 0
0 0
0 0
0 0
0 0
0 0
0 0
0 0
0 0
0 0
0 0
0 0
0 0
0 0
0 0
0 0
0 0
0 0
0 0
0 0
0 0
0 0
0 0
0 0
0 0
0 0
0 0
0 0
0 0
0 0
0 0
0 0
0 0
0 0
0 0
0 0
0 0
0 0
0 0
0 0
0 0
0 0
0 0
0 0
0 0
0 0
0 0
0 0
0 0
0 0
0 0
0 0
0 0
0 0
0 0
0 0
0 0
0 0
0 0
0 0
0 0
0 0
0 0
0 0
0 0
0 0
0 0
0 0
0 0
0 0
0 0
0 0
0 0
0 0
0 0
0 0
0 0
0 0
0 0
0 0
0 0
0 0
0 0
0 0
0 0
0 0
0 0
0 0
0 0
0.0488483 0
-0.0511875 0
0.106919 0
-0.0511879 0
0.0488485 0
-0.0220109 0
-0.0604081 0
0.0714645 0
-0.0329452 0
0.0584185 0
-0.0195862 0
-0.0260461 0
0.0232618 0
0.00715675 0
0.0370249 0
-0.133967 0
0.0850439 0
-0.0783284 0
0.0773391 0
-0.184497 0
0.115744 0
-0.144751 0
0.0918685 0
-0.163569 0
0.0982964 0
-0.15674 0
0.0610839 0
-0.0491213 0
0.0317531 0
-0.0926484 0
-0.0189309 0
0.0931163 0
-0.0431417 0
0.00817346 0
-0.0882921 0
0.147503 0
-0.0693072 0
0.0799562 0
-0.0745471 0
0.0712655 0
-0.0306371 0
0.0660307 0
0.0584175 0
-0.032944 0
0.0714629 0
-0.019585 0
0.035182 0
-0.0122647 0
0.00753051 0
-0.0362241 0
-0.0011068 0
-0.0394429 0
-0.0322402 0
-0.00567202 0
-0.0398208 0
0.00569923 0
0.0342044 0
-0.038701 0
0.126445 0
-0.0631662 0
0.0934144 0
0.00715423 0
0.0232639 0
-0.0260497 0
0.037027 0
0.00752859 0
-0.0362233 0
0.1417 0
-0.130341 0
0.19464 0
-0.120225 0
0.0952442 0
-0.015685 0
-0.0177313 0
0.0355571 0
-0.0015655 0
0.0056 0
0.0416389 0
-0.0783313 0
0.0850458 0
-0.133971 0
0.0773403 0
-0.00110791 0
-0.0394431 0
0.19464 0
-0.120226 0
0.199554 0
-0.0423888 0
-0.0135663 0
0.078507 0
-0.126326 0
0.0786494 0
-0.063276 0
-0.144753 0
0.115744 0
-0.184498 0
0.0918675 0
-0.0322386 0
-0.00567321 0
0.0952451 0
-0.0156848 0
-0.0135669 0
0.0785078 0
-0.182097 0
0.109738 0
-0.137732 0
-0.156739 0
0.098295 0
-0.163566 0
0.0610821 0
-0.0398185 0
0.00569889 0
-0.0177322 0
0.0355586 0
-0.126329 0
0.0786508 0
-0.137733 0
-0.0926463 0
0.0317515 0
-0.0491184 0
-0.0189317 0
0.0342044 0
-0.0386999 0
-0.00156838 0
0.00560182 0
-0.0632784 0
0.00817504 0
-0.0431423 0
0.093117 0
-0.0882916 0
0.126443 0
-0.0631649 0
0.0416367 0
0.0799566 0
-0.0693072 0
0.147503 0
-0.0745466 0
0.0934132 0
0.0660307 0
-0.030637 0
0.0712651 0
0 0
0 0
0 0
0 0
0 0
0 0
0 0
0 0
0 0
0 0
0 0
0 0
0 0
0 0
0 0
0 0
0 0
0 0
0 0
0 0
0 0
0 0
0 0
0 0
0 0
0 0
0 0
0 0
0 0
0 0
0 0
0 0
0 0
0 0
0 0
0 0
0 0
0 0
0 0
0 0
0 0
0 0
0 0
0 0
0 0
0 0
0 0
0 0
0 0
0 0
0 0
0 0
0 0
0 0
0 0
0 0
0 0
0 0
0 0
0 0
0 0
0 0
0 0
0 0
0 0
0 0
0 0
0 0
0 0
0 0
0 0
0 0
0 0
0 0
0 0
0 0
0 0
0 0
0 0
0 0
0 0
0 0
0 0
0 0
0 0
0 0
0 0
0 0
0 0
0 0
0 0
0 0
0 0
0 0
0 0
0 0
0 0
0 0
0 0
0 0
0 0
0 0
0 0
0 0
0 0
0 0
0 0
0 0
0 0
0 0
0 0
0 0
0 0
0 0
0 0
0 0
0 0
0 0
0 0
0 0
0 0
0 0
0 0
0 0
0 0
0 0
0 0
0 0
0 0
0 0
0 0
0 0
0 0
0 0
0 0
0 0
0 0
0 0
0 0
0 0
0 0
-0.0101545 0
0.0152191 0
-1.07181e-06 0
-0.0152181 0
0.0101535 0
2.21728e-07 0
5.97909e-07 0
0.0788182 0
-0.0618886 0
0.0535291 0
-0.0626954 0
0.179202 0
-0.107419 0
0.125104 0
-0.109963 0
0.175542 0
-0.0926453 0
0.14466 0
-0.0587327 0
0.00381418 0
-0.00278815 0
0.0687855 0
0.0556289 0
-0.163782 0
0.085958 0
-0.0608919 0
0.110037 0
-0.188254 0
0.105645 0
-0.136472 0
0.0676122 0
-0.0817355 0
0.0612987 0
-0.119789 0
0.00309921 0
-0.00575341 0
0.0175021 0
-0.0560195 0
-0.0115448 0
0.0070144 0
0.00118987 0
-0.012347 0
-0.0535303 0
0.0618892 0
-0.0788196 0
0.0626959 0
-3.28716e-07 0
6.34626e-08 0
0.0981579 0
-0.039494 0
0.0633491 0
0.00249795 0
-0.0703337 0
0.0438887 0
-0.102868 0
0.00397146 0
-0.00932166 0
-0.0574279 0
0.0746034 0
-0.0578876 0
0.0470887 0
-0.125104 0
0.107418 0
-0.179201 0
0.109962 0
-0.0981578 0
0.0394945 0
-1.14415e-06 0
1.10653e-06 0
-0.00323094 0
0.00231588 0
-0.00619599 0
-0.0369923 0
0.0959193 0
-0.105338 0
0.170797 0
-0.105241 0
0.117971 0
-0.144658 0
0.0926438 0
-0.175539 0
0.0587314 0
-0.0633491 0
-0.00249724 0
0.00322757 0
-0.0023138 0
-1.71049e-06 0
3.35883e-07 0
0.0611025 0
-0.0550564 0
0.16472 0
-0.0909375 0
0.14731 0
-0.068783 0
0.00278618 0
-0.00381102 0
-0.0556304 0
0.0703342 0
-0.0438884 0
0.00619427 0
0.0369926 0
-0.0611021 0
0.055055 0
1.64169e-06 0
-9.9231e-07 0
0.0664722 0
0.0608945 0
-0.0859596 0
0.163785 0
-0.110038 0
0.102869 0
-0.00397148 0
-0.095919 0
0.105337 0
-0.164718 0
0.0909361 0
-0.0664697 0
0.136473 0
-0.105646 0
0.188255 0
-0.0676119 0
0.009321 0
0.0574286 0
-0.170797 0
0.105241 0
-0.147309 0
0.119789 0
-0.061298 0
0.0817339 0
-0.0030977 0
-0.0746055 0
0.0578887 0
-0.117971 0
0.0560182 0
-0.017501 0
0.00575091 0
0.011546 0
-0.0470903 0
0.0123459 0
-0.00118936 0
-0.00701561 0
0.0021391 0
-0.00952426 0
1.12776e-06 0
0.00952151 0
-0.00213821 0
-6.07591e-07 0
-2.02851e-06 0
-0.027422 0
0.0469591 0
-0.012754 0
0.0668517 0
-0.0715792 0
0.0964243 0
-0.0320649 0
0.133825 0
-0.0815156 0
0.106293 0
-0.0454152 0
0.102411 0
-0.0417786 0
0.0667695 0
-0.0387226 0
0.00536412 0
-0.0103545 0
0.0395565 0
-0.0236937 0
-0.00157474 0
-0.0512678 0
0.0846659 0
-0.0277908 0
0.132672 0
-0.124496 0
0.15658 0
-0.0537704 0
0.229046 0
-0.124045 0
0.149081 0
-0.0678162 0
0.147859 0
-0.0468619 0
0.0627428 0
-0.047092 0
0.0127551 0
-0.0469615 0
0.027424 0
-0.0668533 0
1.46553e-07 0
9.15696e-07 0
-0.0449656 0
0.0511076 0
-0.0290688 0
-0.0338332 0
0.0441257 0
-0.15482 0
0.0639714 0
-0.106581 0
-0.0225647 0
0.0672765 0
-0.0997521 0
0.121966 0
-0.0613804 0
0.0320655 0
-0.0964247 0
0.0715793 0
-0.133824 0
0.0449641 0
-0.0511049 0
-7.02196e-07 0
2.24639e-07 0
0.0339145 0
-0.104899 0
0.116024 0
-0.215431 0
0.113913 0
-0.149821 0
0.0229986 0
-0.0122118 0
-0.024844 0
0.0454151 0
-0.106292 0
0.0815147 0
-0.10241 0
0.0290678 0
0.0338332 0
-0.0339141 0
0.104898 0
6.21283e-07 0
-5.80436e-07 0
0.0796806 0
-0.110557 0
0.081845 0
-0.0785417 0
0.0203785 0
0.0387224 0
-0.0667693 0
0.0417784 0
-0.00536491 0
-0.0441251 0
0.154818 0
-0.116023 0
0.21543 0
-0.0796804 0
0.110559 0
-4.85896e-07 0
7.92659e-07 0
0.0176998 0
0.0236938 0
-0.0395572 0
0.0103552 0
0.00157327 0
-0.0639704 0
0.10658 0
-0.113913 0
0.149823 0
-0.081846 0
0.0785433 0
-0.0177005 0
0.0277911 0
-0.0846666 0
0.0512684 0
-0.132672 0
0.0225645 0
-0.067275 0
-0.0229997 0
0.0122135 0
-0.0203793 0
0.0537705 0
-0.15658 0
0.124496 0
-0.229045 0
0.0997513 0
-0.121964 0
0.0248433 0
0.0678161 0
-0.149081 0
0.124045 0
-0.147859 0
0.06138 0
0.0470919 0
-0.0627427 0
0.0468618 0
0 0
0 0
0 0
0 0
0 0
0 0
0 0
0 0
0 0
0 0
0 0
0 0
0 0
0 0
0 0
0 0
0 0
0 0
0 0
0 0
0 0
0 0
0 0
0 0
0 0
0 0
0 0
0 0
0 0
0 0
0 0
0 0
0 0
0 0
0 0
0 0
0 0
0 0
0 0
0 0
0 0
0 0
0 0
0 0
0 0
0 0
0 0
0 0
0 0
0 0
0 0
0 0
0 0
0 0
0 0
0 0
0 0
0 0
0 0
0 0
0 0
0 0
0 0
0 0
0 0
0 0
0 0
0 0
0 0
0 0
0 0
0 0
0 0
0 0
0 0
0 0
0 0
0 0
0 0
0 0
0 0
0 0
0 0
0 0
0 0
0 0
0 0
0 0
0 0
0 0
0 0
0 0
0 0
0 0
0 0
0 0
0 0
0 0
0 0
0 0
0 0
0 0
0 0
0 0
0 0
0 0
0 0
0 0
0 0
0 0
0 0
0 0
0 0
0 0
0 0
0 0
0 0
0 0
0 0
0 0
0 0
0 0
0 0
0 0
0 0
0 0
0 0
0 0
0 0
0 0
0 0
0 0
0 0
0 0
0 0
0 0
0 0
0 0
0 0
0 0
0 0
0 0
0 0
0 0
0 0
0 0
0 0
0 0
0 0
0 0
0 0
0 0
0 0
0 0
0 0
0 0
0 0
0 0
0 0
0 0
0 0
0 0
0 0
0 0
0 0
0 0
0 0
0 0
0 0
0 0
0 0
0 0
0 0
0 0
0 0
0 0
0 0
0 0
0 0
0 0
0 0
0 0
0 0
0 0
0 0
0 0
0 0
0 0
0 0
0 0
0 0
0 0
0 0
0 0
0 0
0 0
0 0
0 0
0 0
0 0
0 0
0 0
0 0
0 0
0 0
0 0
0 0
0 0
0 0
0 0
0 0
0 0
0 0
0 0
0 0
0 0
0 0
0 0
0 0
0 0
0 0
0 0
0 0
0 0
0 0
0 0
0 0
0 0
0 0
0 0
0 0
0 0
0 0
0 0
0 0
0 0
0 0
0 0
0 0
0 0
0 0
0 0
0 0
0 0
0 0
0 0
0 0
0 0
0 0
0 0
0 0
0 0
0 0
0 0
0 0
0 0
0 0
0 0
0 0
0 0
0 0
0 0
0 0
0 0
0 0
0 0
0 0
0 0
0 0
0 0
0 0
0 0
0 0
0 0
0 0
0 0
0 0
0 0
0 0
0 0
0 0
0 0
0.00567392 0
-0.0086477 0
1.89562e-06 0
0.00864586 0
-0.00567221 0
-3.83093e-07 0
-1.09284e-06 0
-0.0462103 0
0.0363986 0
-0.0307288 0
0.0378186 0
-0.110391 0
0.0675597 0
-0.0754007 0
0.0699584 0
-0.122555 0
0.0708809 0
-0.098296 0
0.0447312 0
-0.0453934 0
0.0401027 0
-0.0785549 0
-0.0135586 0
0.00217984 0
0.0231533 0
-0.0454664 0
-0.012999 0
-0.0669838 0
0.0548602 0
-0.0545785 0
0.0606413 0
-0.176743 0
0.102177 0
-0.110663 0
0.127128 0
-0.206482 0
0.104733 0
-0.144482 0
0.0984142 0
-0.0934101 0
0.0418542 0
-0.0952297 0
0.0307311 0
-0.0364001 0
0.046213 0
-0.0378193 0
8.54749e-08 0
5.40114e-07 0
-0.0569669 0
0.0182273 0
-0.0180333 0
-0.0352495 0
0.0996903 0
-0.0983205 0
0.118874 0
-0.0741648 0
-0.00832785 0
0.0263817 0
-0.148563 0
0.0737287 0
-0.114769 0
0.0754019 0
-0.0675599 0
0.110391 0
-0.0699574 0
0.0569646 0
-0.0182258 0
-1.06283e-06 0
8.99767e-08 0
0.0633938 0
-0.0608347 0
0.185827 0
-0.121854 0
0.195186 0
-0.0904859 0
0.0477683 0
-0.0120653 0
-0.0437887 0
0.0982956 0
-0.0708802 0
0.122554 0
-0.0447302 0
0.0180318 0
0.0352495 0
-0.0633931 0
0.0608335 0
1.15837e-06 0
-4.86491e-07 0
0.11891 0
-0.0602993 0
0.129952 0
-0.050799 0
0.0463208 0
0.0785542 0
-0.0401024 0
0.0453928 0
0.0135584 0
-0.0996894 0
0.0983195 0
-0.185825 0
0.121853 0
-0.118909 0
0.0602999 0
-7.3364e-07 0
5.59888e-07 0
0.0364545 0
0.0454664 0
-0.0231536 0
-0.00217898 0
0.0129982 0
-0.118872 0
0.0741644 0
-0.195186 0
0.0904865 0
-0.129954 0
0.0508002 0
-0.0364561 0
0.054579 0
-0.0548607 0
0.0669846 0
-0.0606414 0
0.00832779 0
-0.026381 0
-0.0477698 0
0.0120664 0
-0.0463224 0
0.110664 0
-0.102177 0
0.176743 0
-0.127128 0
0.148561 0
-0.0737278 0
0.0437874 0
0.144482 0
-0.104732 0
0.206482 0
-0.0984139 0
0.114768 0
0.0952296 0
-0.0418541 0
0.0934098 0
-0.059893 0
0.185587 0
-0.152237 0
0.185587 0
-0.059893 0
0.0814167 0
0.274825 0
-0.131245 0
0.165101 0
-0.0790953 0
0.105467 0
-0.00868238 0
0.0342045 0
-0.0445183 0
-0.103588 0
0.0511194 0
-0.0348509 0
0.000144641 0
-0.0766353 0
-0.0106697 0
0.0203828 0
0.0032334 0
0.100885 0
-0.0819977 0
0.089596 0
-0.0244789 0
0.153209 0
-0.0555063 0
0.062838 0
-0.0340621 0
0.0178473 0
0.0250309 0
-0.0208534 0
-0.00934679 0
-0.101333 0
0.0552584 0
-0.0567578 0
0.0171993 0
-0.0765113 0
0.0232223 0
-0.0279744 0
0.0188153 0
-0.0790951 0
0.1651 0
-0.131244 0
0.105466 0
-0.016815 0
-0.140801 0
0.111418 0
-0.214437 0
0.073969 0
-0.0138713 0
-0.0584625 0
0.156136 0
-0.0918465 0
0.0687057 0
0.00370174 0
-0.10189 0
0.0743354 0
-0.108878 0
0.0421222 0
-0.0445178 0
0.0342032 0
-0.00868139 0
-0.103589 0
0.111419 0
-0.214438 0
0.12638 0
-0.0943485 0
0.00464438 0
0.0891967 0
-0.0765401 0
0.068523 0
-0.0123417 0
-0.0860435 0
0.0729164 0
-0.112874 0
0.0501361 0
0.000145265 0
-0.0348523 0
0.0511206 0
-0.0766367 0
0.0739695 0
-0.0138709 0
0.00464397 0
0.089198 0
-0.056069 0
0.0529595 0
-0.00996093 0
-0.0806779 0
0.0655124 0
-0.104911 0
0.0488454 0
0.00323393 0
0.0203819 0
-0.0106691 0
0.100885 0
-0.058463 0
0.156138 0
-0.0765415 0
0.0685258 0
-0.00996196 0
-0.0806765 0
0.0627449 0
-0.101146 0
0.0463815 0
-0.0244786 0
0.0895955 0
-0.0819975 0
0.153209 0
-0.0918474 0
0.0687072 0
-0.0123432 0
-0.0860415 0
0.0655114 0
-0.10491 0
0.0463813 0
-0.0340618 0
0.0628369 0
-0.0555057 0
0.0178457 0
0.00370199 0
-0.10189 0
0.0729161 0
-0.112874 0
0.0488452 0
-0.00934612 0
-0.0208554 0
0.0250325 0
-0.101336 0
0.0743367 0
-0.108879 0
0.0501364 0
0.0172002 0
-0.0567598 0
0.05526 0
-0.0765133 0
0.042123 0
0.018816 0
-0.0279753 0
0.0232229 0
0 0
0 0
0 0
0 0
0 0
0 0
0 0
0 0
0 0
0 0
0 0
0 0
0 0
0 0
0 0
0 0
0 0
0 0
0 0
0 0
0 0
0 0
0 0
0 0
0 0
0 0
0 0
0 0
0 0
0 0
0 0
0 0
0 0
0 0
0 0
0 0
0 0
0 0
0 0
0 0
0 0
0 0
0 0
0 0
0 0
0 0
0 0
0 0
0 0
0 0
0 0
0 0
0 0
0 0
0 0
0 0
0 0
0 0
0 0
0 0
0 0
0 0
0 0
0 0
0 0
0 0
0 0
0 0
0 0
0 0
0 0
0 0
0 0
0 0
0 0
0 0
0 0
0 0
0 0
0 0
0 0
0 0
0 0
0 0
0 0
0 0
0 0
0 0
0 0
0 0
0 0
0 0
0 0
0 0
0 0
0 0
0 0
0 0
0 0
0 0
0 0
0 0
0 0
0 0
0 0
0 0
0 0
0 0
0 0
0 0
0 0
0 0
0 0
0 0
0 0
0 0
0 0
0 0
0 0
0 0
0 0
0 0
0 0
0 0
0 0
0 0
0 0
0 0
0 0
0 0
0 0
0 0
0 0
0 0
0 0
0 0
0 0
0 0
0 0
0 0
0 0
0 0
0 0
0 0
0 0
0 0
0 0
0 0
0 0
0 0
0 0
0 0
0 0
0 0
0 0
0 0
0 0
0 0
0 0
0 0
0 0
0 0
0 0
0 0
0 0
0 0
0 0
0 0
0 0
0 0
0 0
0 0
0 0
0 0
0 0
0 0
0 0
0 0
0 0
0 0
0 0
0 0
0 0
0 0
0 0
0 0
0 0
0 0
0 0
0 0
0 0
0 0
0 0
0 0
0 0
0 0
0 0
0 0
0 0
0 0
0 0
0 0
0 0
0 0
0 0
0 0
0 0
0 0
0 0
0 0
0 0
0 0
0 0
0 0
0 0
0 0
0 0
0 0
0 0
0 0
0 0
0 0
0 0
0 0
0 0
0 0
0 0
0 0
0 0
0 0
0 0
0 0
0 0
0 0
0 0
0 0
0 0
0 0
0 0
0 0
0 0
0 0
0 0
0 0
0 0
0 0
0 0
0 0
0 0
0 0
0 0
0 0
0 0
0 0
0 0
0 0
0 0
0 0
0 0
0 0
0 0
0 0
0 0
0 0
0 0
0 0
0 0
0 0
0 0
0 0
0 0
0 0
0 0
0 0
0 0
0 0
0 0
0 0
0 0
0 0
0 0
0 0
-0.118417 0
0.127963 0
-0.263504 0
0.127963 0
-0.118417 0
0.0530036 0
0.153089 0
-0.18711 0
0.103279 0
-0.157318 0
0.0448933 0
0.00271181 0
0.0187431 0
-0.0882446 0
-0.0679545 0
0.0982664 0
-0.028126 0
0.00664307 0
-0.0531079 0
-0.00239774 0
0.00827588 0
0.0140101 0
0.0486066 0
-0.121658 0
0.0567551 0
-0.0466073 0
0.0851265 0
-0.0974375 0
0.0462463 0
-0.0718576 0
0.0181243 0
0.0293641 0
-0.00831624 0
-0.0266535 0
-0.0580981 0
0.0938123 0
-0.0383206 0
0.0324746 0
-0.0540147 0
0.0484773 0
-0.018976 0
0.0371255 0
-0.157318 0
0.103279 0
-0.187109 0
0.0448927 0
-0.00167933 0
-0.0872809 0
0.180905 0
-0.125538 0
0.125156 0
-0.0141652 0
-0.0786046 0
0.0818844 0
-0.135333 0
0.044701 0
-0.00733296 0
-0.0514737 0
0.120087 0
-0.0745949 0
0.0855151 0
-0.0882435 0
0.0187421 0
0.00271339 0
-0.0679555 0
0.180905 0
-0.125538 0
0.211007 0
-0.0571698 0
0.0117948 0
0.0534104 0
-0.123181 0
0.0514775 0
-0.0417863 0
-0.0346739 0
0.100363 0
-0.0742913 0
0.105426 0
0.00664446 0
-0.0281269 0
0.0982681 0
-0.0531086 0
0.125157 0
-0.0141648 0
0.0117941 0
0.0534111 0
-0.107635 0
0.048935 0
-0.046433 0
-0.0290962 0
0.0844599 0
-0.0675857 0
0.104231 0
0.0140111 0
0.00827534 0
-0.00239709 0
0.0486068 0
-0.0786058 0
0.0818856 0
-0.123184 0
0.0514791 0
-0.0464345 0
-0.0290955 0
0.0821734 0
-0.0646258 0
0.0946054 0
-0.0466067 0
0.0567549 0
-0.121658 0
0.0851268 0
-0.135335 0
0.0447019 0
-0.0417887 0
-0.0346728 0
0.0844584 0
-0.0675851 0
0.0946049 0
-0.071857 0
0.0462457 0
-0.0974369 0
0.0181236 0
-0.00733294 0
-0.051474 0
0.100362 0
-0.0742912 0
0.10423 0
-0.0266522 0
-0.00831747 0
0.0293663 0
-0.0580997 0
0.120089 0
-0.0745958 0
0.105427 0
0.0324764 0
-0.0383219 0
0.093815 0
-0.054016 0
0.0855167 0
0.0371267 0
-0.0189766 0
0.0484785 0
0 0
0 0
0 0
0 0
0 0
0 0
0 0
0 0
0 0
0 0
0 0
0 0
0 0
0 0
0 0
0 0
0 0
0 0
0 0
0 0
0 0
0 0
0 0
0 0
0 0
0 0
0 0
0 0
0 0
0 0
0 0
0 0
0 0
0 0
0 0
0 0
0 0
0 0
0 0
0 0
0 0
0 0
0 0
0 0
0 0
0 0
0 0
0 0
0 0
0 0
0 0
0 0
0 0
0 0
0 0
0 0
0 0
0 0
0 0
0 0
0 0
0 0
0 0
0 0
0 0
0 0
0 0
0 0
0 0
0 0
0 0
0 0
0 0
0 0
0 0
0 0
0 0
0 0
0 0
0 0
0 0
0 0
0 0
0 0
0 0
0 0
0 0
0 0
0 0
0 0
0 0
0 0
0 0
0 0
0 0
0 0
0 0
0 0
0 0
0 0
0 0
0 0
0 0
0 0
0 0
0 0
0 0
0 0
0 0
0 0
0 0
0 0
0 0
0 0
0 0
0 0
0 0
0 0
0 0
0 0
0 0
0 0
0 0
0 0
0 0
0 0
0 0
0 0
0 0
0 0
0 0
0 0
0 0
0 0
0 0
0 0
0 0
0 0
0 0
0 0
0 0
0.00322943 0
-0.00535843 0
-3.73783e-07 0
0.00535877 0
-0.00322971 0
6.08711e-08 0
2.87197e-07 0
-0.0352547 0
0.0267462 0
-0.0200541 0
0.0346356 0
-0.112843 0
0.064452 0
-0.0602447 0
0.0953832 0
-0.200623 0
0.100136 0
-0.106636 0
0.135353 0
-0.203171 0
0.0999195 0
-0.129246 0
0.111178 0
-0.11451 0
0.0575799 0
-0.103189 0
0.0255413 0
0.0232757 0
-0.00523698 0
-0.0334581 0
-0.0590655 0
0.108666 0
-0.0461386 0
0.033058 0
-0.087737 0
0.108916 0
-0.0471512 0
0.0595293 0
-0.0540359 0
0.0439004 0
-0.0178155 0
0.0388012 0
0.0200536 0
-0.0267458 0
0.0352539 0
-0.0346351 0
-4.10058e-07 0
1.73356e-07 0
-0.0946916 0
0.0639896 0
-0.177254 0
0.0969523 0
-0.16043 0
0.0503085 0
-0.0184548 0
-0.0445616 0
0.12154 0
-0.100444 0
0.161278 0
-0.0802875 0
0.0821569 0
0.0602443 0
-0.0644518 0
0.112843 0
-0.0953831 0
0.0946913 0
-0.0639896 0
-1.20447e-07 0
1.66768e-07 0
-0.0743649 0
0.0258033 0
-0.034827 0
-0.0187425 0
0.0866305 0
-0.0755563 0
0.146213 0
-0.0768906 0
0.101849 0
0.106636 0
-0.100136 0
0.200623 0
-0.135354 0
0.177254 0
-0.0969525 0
0.0743644 0
-0.0258025 0
-1.03704e-06 0
8.4168e-07 0
0.0276213 0
-0.0273008 0
0.0887401 0
-0.0467824 0
0.0828795 0
0.129246 0
-0.0999201 0
0.203172 0
-0.111179 0
0.160431 0
-0.050309 0
0.0348263 0
0.0187434 0
-0.0276239 0
0.0273025 0
-1.46095e-06 0
6.70714e-07 0
0.0306058 0
0.10319 0
-0.0575811 0
0.114512 0
-0.0255428 0
0.0184563 0
0.0445609 0
-0.0866308 0
0.0755567 0
-0.088742 0
0.0467833 0
-0.0306072 0
0.0334597 0
0.00523567 0
-0.0232731 0
0.059064 0
-0.121538 0
0.100443 0
-0.146212 0
0.0768905 0
-0.0828801 0
-0.0330565 0
0.0461375 0
-0.108664 0
0.0877358 0
-0.161277 0
0.0802868 0
-0.101848 0
-0.0595281 0
0.0471504 0
-0.108915 0
0.0540352 0
-0.0821561 0
-0.0388006 0
0.0178153 0
-0.0438999 0
-0.00118751 0
0.00545475 0
2.90107e-07 0
-0.00545539 0
0.0011877 0
-1.18892e-07 0
-6.30705e-07 0
0.0200873 0
-0.031604 0
0.00811093 0
-0.0545871 0
0.0684256 0
-0.0830759 0
0.0248641 0
-0.155969 0
0.119471 0
-0.132471 0
0.0468149 0
-0.230373 0
0.12993 0
-0.138549 0
0.058791 0
-0.192173 0
0.0728497 0
-0.0788169 0
0.0469662 0
-0.044215 0
-0.0170913 0
0.0120538 0
0.0144806 0
0.106494 0
-0.0746285 0
0.0712114 0
-0.0179947 0
0.143477 0
-0.0646181 0
0.0649947 0
-0.0293055 0
0.0746119 0
-0.0214824 0
0.0249524 0
-0.0193906 0
-0.00811061 0
0.0316032 0
-0.0200865 0
0.054586 0
3.30401e-07 0
-2.78796e-07 0
0.064866 0
-0.119931 0
0.125729 0
-0.185039 0
0.111109 0
-0.099936 0
0.016414 0
0.074368 0
-0.0824485 0
0.171884 0
-0.0991018 0
0.114133 0
-0.0416054 0
-0.0248639 0
0.0830754 0
-0.0684252 0
0.155969 0
-0.0648659 0
0.119931 0
-5.77448e-08 0
-2.54661e-08 0
0.05701 0
-0.0561845 0
0.0311968 0
0.0239751 0
-0.0527973 0
0.127769 0
-0.0963636 0
0.110922 0
-0.0493723 0
-0.0468149 0
0.132472 0
-0.119471 0
0.230374 0
-0.125729 0
0.18504 0
-0.0570099 0
0.0561834 0
6.34743e-07 0
-1.57565e-06 0
-0.0162274 0
0.0446975 0
-0.0553612 0
0.0645677 0
-0.0381999 0
-0.0587913 0
0.13855 0
-0.129931 0
0.192175 0
-0.11111 0
0.099937 0
-0.0311964 0
-0.0239767 0
0.0162293 0
-0.0447005 0
9.35716e-07 0
-9.8485e-07 0
-0.0141037 0
-0.0469668 0
0.0788184 0
-0.0728511 0
0.0442175 0
-0.0164151 0
-0.0743667 0
0.0527976 0
-0.12777 0
0.0553624 0
-0.064569 0
0.0141045 0
-0.0144814 0
-0.0120521 0
0.0170898 0
-0.106491 0
0.0824473 0
-0.171883 0
0.0963634 0
-0.110922 0
0.0382001 0
0.017994 0
-0.0712099 0
0.0746272 0
-0.143476 0
0.0991008 0
-0.114132 0
0.0493721 0
0.029305 0
-0.0649938 0
0.0646172 0
-0.0746111 0
0.041605 0
0.0193904 0
-0.0249521 0
0.0214821 0
0 0
0 0
0 0
0 0
0 0
0 0
0 0
0 0
0 0
0 0
0 0
0 0
0 0
0 0
0 0
0 0
0 0
0 0
0 0
0 0
0 0
0 0
0 0
0 0
0 0
0 0
0 0
0 0
0 0
0 0
0 0
0 0
0 0
0 0
0 0
0 0
0 0
0 0
0 0
0 0
0 0
0 0
0 0
0 0
0 0
0 0
0 0
0 0
0 0
0 0
0 0
0 0
0 0
0 0
0 0
0 0
0 0
0 0
0 0
0 0
0 0
0 0
0 0
0 0
0 0
0 0
0 0
0 0
0 0
0 0
0 0
0 0
0 0
0 0
0 0
0 0
0 0
0 0
0 0
0 0
0 0
0 0
0 0
0 0
0 0
0 0
0 0
0 0
0 0
0 0
0 0
0 0
0 0
0 0
0 0
0 0
0 0
0 0
0 0
0 0
0 0
0 0
0 0
0 0
0 0
0 0
0 0
0 0
0 0
0 0
0 0
0 0
0 0
0 0
0 0
0 0
0 0
0 0
0 0
0 0
0 0
0 0
0 0
0 0
0 0
0 0
0 0
0 0
0 0
0 0
0 0
0 0
0 0
0 0
0 0
0 0
0 0
0 0
0 0
0 0
0 0
0 0
0 0
0 0
0 0
0 0
0 0
0 0
0 0
0 0
0 0
0 0
0 0
0 0
0 0
0 0
0 0
0 0
0 0
0 0
0 0
0 0
0 0
0 0
0 0
0 0
0 0
0 0
0 0
0 0
0 0
0 0
0 0
0 0
0 0
0 0
0 0
0 0
0 0
0 0
0 0
0 0
0 0
0 0
0 0
0 0
0 0
0 0
0 0
0 0
0 0
0 0
0 0
0 0
0 0
0 0
0 0
0 0
0 0
0 0
0 0
0 0
0 0
0 0
0 0
0 0
0 0
0 0
0 0
0 0
0 0
0 0
0 0
0 0
0 0
0 0
0 0
0 0
0 0
0 0
0 0
0 0
0 0
0 0
0 0
0 0
0 0
0 0
0 0
0 0
0 0
0 0
0 0
0 0
0 0
0 0
0 0
0 0
0 0
0 0
0 0
0 0
0 0
0 0
0 0
0 0
0 0
0 0
0 0
0 0
0 0
0 0
0 0
0 0
0 0
0 0
0 0
0 0
0 0
0 0
0 0
0 0
0 0
0 0
0 0
0 0
0 0
0 0
0 0
0 0
0 0
0 0
0 0
0 0
0 0
0 0
0 0
0 0
0 0
0 0
0 0
0 0
0.04138 0
-0.0508084 0
0.11043 0
-0.0508084 0
0.04138 0
-0.0179817 0
-0.0846126 0
0.126697 0
-0.0600608 0
0.0691165 0
-0.0763211 0
0.0784354 0
-0.0368144 0
0.0638612 0
-0.0222866 0
-0.0177553 0
0.00960015 0
0.0175959 0
0.0420253 0
-0.108298 0
0.0551079 0
-0.0417193 0
0.0878809 0
-0.16245 0
0.0831647 0
-0.0904045 0
0.105113 0
-0.176295 0
0.0895279 0
-0.110164 0
0.0995033 0
-0.140121 0
0.0738156 0
-0.104891 0
0.0759159 0
-0.0939593 0
0.0474122 0
-0.0772007 0
0.0399496 0
-0.0336922 0
0.0153008 0
-0.0373844 0
0.0691168 0
-0.0600611 0
0.126698 0
-0.0763215 0
0.121451 0
-0.044825 0
0.034758 0
0.00850113 0
-0.0544876 0
0.0407271 0
-0.107456 0
0.0448338 0
-0.113004 0
0.0419978 0
-0.110921 0
0.045093 0
-0.0939759 0
0.0357241 0
-0.0461952 0
0.0638619 0
-0.0368152 0
0.0784368 0
-0.0222878 0
0.0347591 0
0.00850033 0
-0.0164257 0
0.00919792 0
-0.0112766 0
-0.0312747 0
0.029862 0
-0.0628444 0
0.0449917 0
-0.0514134 0
0.0121473 0
-0.0147282 0
-0.0135771 0
0.0175972 0
0.0095989 0
-0.0177528 0
0.0420236 0
-0.0544854 0
0.0407258 0
-0.0112756 0
-0.0312751 0
0.11386 0
-0.117494 0
0.19166 0
-0.139749 0
0.16185 0
-0.0822728 0
0.0648675 0
-0.0417176 0
0.0551066 0
-0.108295 0
0.0878794 0
-0.107454 0
0.044833 0
0.0298626 0
-0.0628442 0
0.191659 0
-0.139749 0
0.242566 0
-0.115595 0
0.129182 0
-0.0904032 0
0.083164 0
-0.162449 0
0.105113 0
-0.113003 0
0.0419982 0
0.0449908 0
-0.0514126 0
0.161849 0
-0.0822722 0
0.129182 0
-0.110163 0
0.089528 0
-0.176295 0
0.0995041 0
-0.110923 0
0.0450942 0
0.0121456 0
-0.0147273 0
0.0648665 0
-0.104891 0
0.0738162 0
-0.140122 0
0.075917 0
-0.0939779 0
0.0357251 0
-0.0135784 0
-0.0772015 0
0.0474129 0
-0.0939608 0
0.0399504 0
-0.0461962 0
-0.037385 0
0.015301 0
-0.0336928 0
-0.02224 0
0.0746542 0
-0.06829 0
0.0746541 0
-0.02224 0
0.0276056 0
0.150031 0
-0.0895599 0
0.0948922 0
-0.0370695 0
0.139784 0
-0.0551505 0
0.0580932 0
-0.0331357 0
0.0390458 0
0.0117215 0
-0.0122008 0
-0.00995731 0
-0.0778017 0
0.0697882 0
-0.0755804 0
0.0190226 0
-0.148321 0
0.0992704 0
-0.110255 0
0.040113 0
-0.17141 0
0.103331 0
-0.115869 0
0.0489957 0
-0.162604 0
0.0887247 0
-0.0985318 0
0.0462882 0
-0.121128 0
0.0539561 0
-0.0603706 0
0.0341544 0
-0.0551291 0
0.0163091 0
-0.020535 0
0.0174239 0
-0.0370696 0
0.0948925 0
-0.0895601 0
0.139785 0
-0.0826028 0
0.076512 0
-0.0200307 0
-0.0302662 0
0.0455425 0
-0.0860611 0
0.0738962 0
-0.0833031 0
0.077993 0
-0.0772337 0
0.0746398 0
-0.0798483 0
0.0591054 0
-0.0554554 0
0.0243513 0
-0.033136 0
0.0580941 0
-0.0551513 0
0.0390477 0
-0.0200315 0
-0.0302646 0
0.0227289 0
-0.0367504 0
0.0176311 0
0.0481275 0
-0.0191965 0
0.116579 0
-0.0288611 0
0.0843914 0
-0.0042682 0
0.0136623 0
0.00915914 0
-0.00995788 0
-0.0121991 0
0.01172 0
-0.0777987 0
0.0455409 0
-0.0860586 0
0.0176303 0
0.0481283 0
-0.0742177 0
0.220375 0
-0.136425 0
0.241007 0
-0.102351 0
0.113308 0
-0.0276102 0
0.0190219 0
-0.0755786 0
0.0697865 0
-0.148318 0
0.0738947 0
-0.0833017 0
-0.019197 0
0.116579 0
-0.136425 0
0.241007 0
-0.148347 0
0.159383 0
-0.0595048 0
0.0401124 0
-0.110254 0
0.0992695 0
-0.171409 0
0.0779927 0
-0.0772345 0
-0.0288605 0
0.08439 0
-0.102351 0
0.113307 0
-0.0595047 0
0.0489956 0
-0.115869 0
0.103331 0
-0.162606 0
0.0746408 0
-0.0798504 0
-0.00426704 0
0.013661 0
-0.0276097 0
0.0462885 0
-0.0985329 0
0.0887257 0
-0.12113 0
0.0591067 0
-0.0554568 0
0.00915975 0
0.0341549 0
-0.0603716 0
0.053957 0
-0.0551301 0
0.0243519 0
0.0174242 0
-0.0205353 0
0.0163094 0
0 0
0 0
0 0
0 0
0 0
0 0
0 0
0 0
0 0
0 0
0 0
0 0
0 0
0 0
0 0
0 0
0 0
0 0
0 0
0 0
0 0
0 0
0 0
0 0
0 0
0 0
0 0
0 0
0 0
0 0
0 0
0 0
0 0
0 0
0 0
0 0
0 0
0 0
0 0
0 0
0 0
0 0
0 0
0 0
0 0
0 0
0 0
0 0
0 0
0 0
0 0
0 0
0 0
0 0
0 0
0 0
0 0
0 0
0 0
0 0
0 0
0 0
0 0
0 0
0 0
0 0
0 0
0 0
0 0
0 0
0 0
0 0
0 0
0 0
0 0
0 0
0 0
0 0
0 0
0 0
0 0
0 0
0 0
0 0
0 0
0 0
0 0
0 0
0 0
0 0
0 0
0 0
0 0
0 0
0 0
0 0
0 0
0 0
0 0
0 0
0 0
0 0
0 0
0 0
0 0
0 0
0 0
0 0
0 0
0 0
0 0
0 0
0 0
0 0
0 0
0 0
0 0
0 0
0 0
0 0
0 0
0 0
0 0
0 0
0 0
0 0
0 0
0 0
0 0
0 0
0 0
0 0
0 0
0 0
0 0
0 0
0 0
0 0
0 0
0 0
0 0
0 0
0 0
0 0
0 0
0 0
0 0
0 0
0 0
0 0
0 0
0 0
0 0
0 0
0 0
0 0
0 0
0 0
0 0
0 0
0 0
0 0
0 0
0 0
0 0
0 0
0 0
0 0
0 0
0 0
0 0
0 0
0 0
0 0
0 0
0 0
0 0
0 0
0 0
0 0
0 0
0 0
0 0
0 0
0 0
0 0
0 0
0 0
0 0
0 0
0 0
0 0
0 0
0 0
0 0
0 0
0 0
0 0
0 0
0 0
0 0
0 0
0 0
0 0
0 0
0 0
0 0
0 0
0 0
0 0
0 0
0 0
0 0
0 0
0 0
0 0
0 0
0 0
0 0
0 0
0 0
0 0
0 0
0 0
0 0
0 0
0 0
0 0
0 0
0 0
0 0
0 0
0 0
0 0
0 0
0 0
0 0
0 0
0 0
0 0
0 0
0 0
0 0
0 0
0 0
0 0
0 0
0 0
0 0
0 0
0 0
0 0
0 0
0 0
0 0
0 0
0 0
0 0
0 0
0 0
0 0
0 0
0 0
0 0
0 0
0 0
0 0
0 0
0 0
0 0
0 0
0 0
0 0
0 0
0 0
0 0
0 0
0 0
0 0
0 0
0 0
0 0
-0.0595357 0
0.0741562 0
-0.161395 0
0.0741562 0
-0.0595357 0
0.0257805 0
0.126479 0
-0.192251 0
0.0922784 0
-0.102719 0
0.119694 0
-0.137179 0
0.0694617 0
-0.105494 0
0.0499125 0
-0.0330963 0
0.0245235 0
-0.0601379 0
-0.0192117 0
0.0293067 0
-0.00235995 0
-0.0141418 0
-0.0289704 0
-0.00409783 0
0.00982692 0
-0.00483083 0
0.026176 0
-0.091872 0
0.0442212 0
-0.0341256 0
0.0843776 0
-0.134936 0
0.0628084 0
-0.0680213 0
0.0950132 0
-0.114941 0
0.0517759 0
-0.0722248 0
0.0548123 0
-0.0441861 0
0.0183626 0
-0.041411 0
-0.102719 0
0.0922782 0
-0.192251 0
0.119694 0
-0.18469 0
0.0638926 0
-0.0442734 0
-0.038432 0
0.0866341 0
-0.0888509 0
0.0999371 0
-0.045104 0
-0.0169518 0
0.0479965 0
-0.136935 0
0.1002 0
-0.162243 0
0.0780046 0
-0.0802843 0
-0.105494 0
0.0694614 0
-0.137179 0
0.0499122 0
-0.044273 0
-0.0384323 0
0.121714 0
-0.119244 0
0.192768 0
-0.113845 0
0.109492 0
-0.0235329 0
-0.0513819 0
0.058892 0
-0.130748 0
0.0695845 0
-0.0944496 0
-0.0601375 0
0.0245231 0
-0.0330955 0
-0.0192122 0
0.0866348 0
-0.0888512 0
0.192768 0
-0.113846 0
0.181711 0
-0.0625873 0
0.0420711 0
0.0151762 0
-0.0696674 0
0.0447591 0
-0.0756455 0
-0.0141413 0
-0.00236031 0
0.0293074 0
-0.0289708 0
0.0999377 0
-0.0451043 0
0.109492 0
-0.023533 0
0.0420711 0
0.0151763 0
-0.0373811 0
0.0311396 0
-0.0490334 0
-0.00483046 0
0.00982669 0
-0.00409736 0
0.0261758 0
-0.0169516 0
0.0479966 0
-0.051382 0
0.0588922 0
-0.0696676 0
0.0447592 0
-0.0490335 0
-0.0341254 0
0.0442213 0
-0.091872 0
0.0843778 0
-0.136936 0
0.1002 0
-0.130748 0
0.0695847 0
-0.0756457 0
-0.0680214 0
0.0628086 0
-0.134936 0
0.0950135 0
-0.162244 0
0.0780048 0
-0.09445 0
-0.0722251 0
0.0517761 0
-0.114942 0
0.0548125 0
-0.0802846 0
-0.0414112 0
0.0183627 0
-0.0441863 0
0.0283473 0
-0.0964227 0
0.0895685 0
-0.0964227 0
0.0283474 0
-0.0346396 0
-0.202044 0
0.124376 0
-0.130514 0
0.049343 0
-0.204865 0
0.0914488 0
-0.0985418 0
0.0493403 0
-0.0917765 0
0.0222958 0
-0.0329104 0
0.0283648 0
0.027194 0
-0.0158244 0
0.00392531 0
0.00624678 0
0.037694 0
0.00846151 0
-0.0168848 0
0.00278206 0
-0.057675 0
0.0638399 0
-0.0668078 0
0.0180348 0
-0.155088 0
0.0932086 0
-0.0931313 0
0.0343416 0
-0.155733 0
0.0679492 0
-0.0692557 0
0.0347137 0
-0.0747336 0
0.0213567 0
-0.024891 0
0.0201651 0
0.0493429 0
-0.130514 0
0.124376 0
-0.204865 0
0.122533 0
-0.121594 0
0.0377505 0
0.0516668 0
-0.0515715 0
0.142279 0
-0.0553398 0
0.0593446 0
0.0235782 0
-0.10262 0
0.101263 0
-0.178583 0
0.102239 0
-0.111851 0
0.0408581 0
0.0493402 0
-0.0985415 0
0.0914485 0
-0.0917761 0
0.0377503 0
0.0516672 0
-0.0698439 0
0.197379 0
-0.123315 0
0.185832 0
-0.064277 0
0.0290277 0
0.0422238 0
-0.108508 0
0.0906192 0
-0.101737 0
0.0465493 0
0.0283646 0
-0.03291 0
0.0222954 0
0.0271947 0
-0.0515719 0
0.142279 0
-0.123315 0
0.185832 0
-0.10975 0
0.0993489 0
-0.0246206 0
-0.0234464 0
0.0441141 0
-0.0582523 0
0.0345991 0
0.00624662 0
0.0039257 0
-0.0158248 0
0.0376945 0
-0.0553402 0
0.059345 0
-0.0642772 0
0.0290278 0
-0.0246206 0
-0.0234464 0
0.0187642 0
-0.0347135 0
0.0201745 0
0.00278192 0
-0.0168845 0
0.00846127 0
-0.0576748 0
0.023578 0
-0.10262 0
0.0422238 0
-0.108508 0
0.0441141 0
-0.0582523 0
0.0201745 0
0.0180348 0
-0.0668079 0
0.0638399 0
-0.155088 0
0.101264 0
-0.178584 0
0.0906193 0
-0.101737 0
0.0345991 0
0.0343417 0
-0.0931316 0
0.0932089 0
-0.155734 0
0.102239 0
-0.111851 0
0.0465494 0
0.0347138 0
-0.069256 0
0.0679494 0
-0.0747339 0
0.0408582 0
0.0201652 0
-0.0248911 0
0.0213568 0
0 0
0 0
0 0
0 0
0 0
0 0
0 0
0 0
0 0
0 0
0 0
0 0
0 0
0 0
0 0
0 0
0 0
0 0
0 0
0 0
0 0
0 0
0 0
0 0
0 0
0 0
0 0
0 0
0 0
0 0
0 0
0 0
0 0
0 0
0 0
0 0
0 0
0 0
0 0
0 0
0 0
0 0
0 0
0 0
0 0
0 0
0 0
0 0
0 0
0 0
0 0
0 0
0 0
0 0
0 0
0 0
0 0
0 0
0 0
0 0
0 0
0 0
0 0
0 0
0 0
0 0
0 0
0 0
0 0
0 0
0 0
0 0
0 0
0 0
0 0
0 0
0 0
0 0
0 0
0 0
0 0
0 0
0 0
0 0
0 0
0 0
0 0
0 0
0 0
0 0
0 0
0 0
0 0
0 0
0 0
0 0
0 0
0 0
0 0
0 0
0 0
0 0
0 0
0 0
0 0
0 0
0 0
0 0
0 0
0 0
0 0
0 0
0 0
0 0
0 0
0 0
0 0
0 0
0 0
0 0
0 0
0 0
0 0
0 0
0 0
0 0
0 0
0 0
0 0
0 0
0 0
0 0
0 0
0 0
0 0
0 0
0 0
0 0
0 0
0 0
0 0
0 0
0 0
0 0
0 0
0 0
0 0
0 0
0 0
0 0
0 0
0 0
0 0
0 0
0 0
0 0
0 0
0 0
0 0
0 0
0 0
0 0
0 0
0 0
0 0
0 0
0 0
0 0
0 0
0 0
0 0
0 0
0 0
0 0
0 0
0 0
0 0
0 0
0 0
0 0
0 0
0 0
0 0
0 0
0 0
0 0
0 0
0 0
0 0
0 0
0 0
0 0
0 0
0 0
0 0
0 0
0 0
0 0
0 0
0 0
0 0
0 0
0 0
0 0
0 0
0 0
0 0
0 0
0 0
0 0
0 0
0 0
0 0
0 0
0 0
0 0
0 0
0 0
0 0
0 0
0 0
0 0
0 0
0 0
0 0
0 0
0 0
0 0
0 0
0 0
0 0
0 0
0 0
0 0
0 0
0 0
0 0
0 0
0 0
0 0
0 0
0 0
0 0
0 0
0 0
0 0
0 0
0 0
0 0
0 0
0 0
0 0
0 0
0 0
0 0
0 0
0 0
0 0
0 0
0 0
0 0
0 0
0 0
0 0
0 0
0 0
0 0
0 0
0 0
0 0
0 0
0 0
0 0
0 0
0 0
0 0
0 0
0 0
0 0
0 0
0 0
0 0
-0.00053037 0
0.000951611 0
-4.78357e-07 0
-0.000951187 0
0.000530061 0
6.52603e-08 0
4.4581e-07 0
0.00748207 0
-0.00552763 0
0.00373192 0
-0.00851095 0
0.0300611 0
-0.0165918 0
0.0134144 0
-0.0307662 0
0.0730502 0
-0.0350675 0
0.0307754 0
-0.0645143 0
0.119519 0
-0.0554391 0
0.0537769 0
-0.100004 0
0.157469 0
-0.0706423 0
0.0758862 0
-0.117825 0
0.166156 0
-0.0726723 0
0.0843242 0
-0.108656 0
0.126042 0
-0.0570266 0
0.0767795 0
-0.0751442 0
0.0768881 0
-0.0342658 0
0.0536301 0
-0.0343489 0
0.0252954 0
-0.0104701 0
0.0247231 0
-0.00373255 0
0.00552831 0
-0.00748357 0
0.00851219 0
-1.13112e-06 0
7.38996e-07 0
0.0326988 0
-0.0286878 0
0.0930971 0
-0.0749986 0
0.166585 0
-0.115861 0
0.198308 0
-0.129322 0
0.188786 0
-0.104514 0
0.131707 0
-0.0573836 0
0.0518234 0
-0.0134153 0
0.0165925 0
-0.0300629 0
0.0307674 0
-0.0327009 0
0.028689 0
-8.41628e-07 0
2.72736e-07 0
0.0691988 0
-0.0485806 0
0.142947 0
-0.0903461 0
0.180955 0
-0.0948394 0
0.140045 0
-0.0617944 0
0.0710075 0
-0.0307762 0
0.0350682 0
-0.0730517 0
0.0645151 0
-0.0930985 0
0.0749991 0
-0.0691991 0
0.0485803 0
4.66813e-07 0
-4.89887e-07 0
0.0711646 0
-0.0378956 0
0.0954724 0
-0.0411585 0
0.0632647 0
-0.0537775 0
0.0554394 0
-0.11952 0
0.100004 0
-0.166585 0
0.115861 0
-0.142946 0
0.0903453 0
-0.0711629 0
0.0378945 0
8.37773e-07 0
-3.8651e-07 0
0.0247399 0
-0.0758864 0
0.0706423 0
-0.157469 0
0.117825 0
-0.198307 0
0.129321 0
-0.180954 0
0.0948385 0
-0.0954709 0
0.0411578 0
-0.0247391 0
-0.0843241 0
0.0726721 0
-0.166155 0
0.108656 0
-0.188785 0
0.104513 0
-0.140044 0
0.0617938 0
-0.0632639 0
-0.0767794 0
0.0570264 0
-0.126042 0
0.0751439 0
-0.131706 0
0.0573833 0
-0.071007 0
-0.05363 0
0.0342657 0
-0.0768879 0
0.0343487 0
-0.0518232 0
-0.024723 0
0.0104701 0
-0.0252953 0
0 0
0 0
0 0
0 0
0 0
0 0
0 0
0 0
0 0
0 0
0 0
0 0
0 0
0 0
0 0
0 0
0 0
0 0
0 0
0 0
0 0
0 0
0 0
0 0
0 0
0 0
0 0
0 0
0 0
0 0
0 0
0 0
0 0
0 0
0 0
0 0
0 0
0 0
0 0
0 0
0 0
0 0
0 0
0 0
0 0
0 0
0 0
0 0
0 0
0 0
0 0
0 0
0 0
0 0
0 0
0 0
0 0
0 0
0 0
0 0
0 0
0 0
0 0
0 0
0 0
0 0
0 0
0 0
0 0
0 0
0 0
0 0
0 0
0 0
0 0
0 0
0 0
0 0
0 0
0 0
0 0
0 0
0 0
0 0
0 0
0 0
0 0
0 0
0 0
0 0
0 0
0 0
0 0
0 0
0 0
0 0
0 0
0 0
0 0
0 0
0 0
0 0
0 0
0 0
0 0
0 0
0 0
0 0
0 0
0 0
0 0
0 0
0 0
0 0
0 0
0 0
0 0
0 0
0 0
0 0
0 0
0 0
0 0
0 0
0 0
0 0
0 0
0 0
0 0
0 0
0 0
0 0
0 0
0 0
0 0
0 0
0 0
0 0
0 0
0 0
0 0
-0.0297702 0
0.0409919 0
-0.0926523 0
0.040992 0
-0.0297702 0
0.0125638 0
0.0869192 0
-0.146481 0
0.0659168 0
-0.0614183 0
0.122672 0
-0.172029 0
0.0764476 0
-0.0860968 0
0.121391 0
-0.150638 0
0.065517 0
-0.0843422 0
0.0825788 0
-0.0763957 0
0.0353553 0
-0.0597723 0
0.023013 0
0.000556185 0
0.00280826 0
-0.0229064 0
-0.0268427 0
0.0519629 0
-0.0193533 0
0.00970852 0
-0.0475997 0
0.0582758 0
-0.0239582 0
0.0255699 0
-0.0400571 0
0.0407464 0
-0.0170174 0
0.0240063 0
-0.0192974 0
0.01397 0
-0.00551945 0
0.0124232 0
-0.0614183 0
0.0659167 0
-0.146481 0
0.122672 0
-0.223165 0
0.147982 0
-0.213745 0
0.120246 0
-0.139002 0
0.0489538 0
-0.026342 0
-0.0258511 0
0.06651 0
-0.0693615 0
0.100689 0
-0.0661707 0
0.0795476 0
-0.0373058 0
0.0318944 0
-0.0860966 0
0.0764474 0
-0.172029 0
0.121391 0
-0.213745 0
0.120246 0
-0.175083 0
0.0626814 0
-0.0495512 0
-0.0229155 0
0.0732607 0
-0.0821508 0
0.137792 0
-0.0886115 0
0.111647 0
-0.0539266 0
0.0542084 0
-0.0843418 0
0.0655167 0
-0.150637 0
0.0825782 0
-0.139001 0
0.048953 0
-0.0495505 0
-0.022916 0
0.0764653 0
-0.085524 0
0.148555 0
-0.100715 0
0.140092 0
-0.0664833 0
0.073783 0
-0.0597718 0
0.0353547 0
-0.0763945 0
0.023012 0
-0.0263404 0
-0.0258522 0
0.0732621 0
-0.0821517 0
0.148556 0
-0.100715 0
0.154687 0
-0.0716522 0
0.0828016 0
-0.0229057 0
0.00280755 0
0.000557746 0
-0.0268439 0
0.0665119 0
-0.0693628 0
0.137794 0
-0.0886124 0
0.140093 0
-0.0664837 0
0.0828018 0
0.00970936 0
-0.019354 0
0.0519645 0
-0.0476008 0
0.100691 0
-0.0661717 0
0.111649 0
-0.0539272 0
0.0737837 0
0.0255707 0
-0.0239588 0
0.0582771 0
-0.0400579 0
0.0795489 0
-0.0373064 0
0.0542091 0
0.0240069 0
-0.0170178 0
0.0407472 0
-0.0192977 0
0.031895 0
0.0124235 0
-0.00551956 0
0.0139703 0
0.000171994 0
-0.000816443 0
2.62934e-07 0
0.000815921 0
-0.00017185 0
-8.20941e-08 0
-6.69817e-07 0
-0.00379839 0
0.00553609 0
-0.00134488 0
0.0113481 0
-0.0163516 0
0.0183172 0
-0.00500456 0
0.0430225 0
-0.0398271 0
0.0404815 0
-0.0123571 0
0.095585 0
-0.0707321 0
0.0682911 0
-0.0228325 0
0.152474 0
-0.0957601 0
0.0901268 0
-0.0331267 0
0.186485 0
-0.100511 0
0.0936199 0
-0.0385653 0
0.172515 0
-0.0811153 0
0.075568 0
-0.0353857 0
0.113513 0
-0.0440358 0
0.0422154 0
-0.0245287 0
0.0439711 0
-0.0119151 0
0.0130875 0
-0.0115389 0
0.00134518 0
-0.00553699 0
0.00379934 0
-0.0113501 0
7.11584e-07 0
-1.22457e-06 0
-0.020171 0
0.045881 0
-0.0598123 0
0.122424 0
-0.106042 0
0.196826 0
-0.136858 0
0.219617 0
-0.127096 0
0.171211 0
-0.0809065 0
0.0783783 0
-0.026084 0
0.00500496 0
-0.0183182 0
0.0163527 0
-0.0430244 0
0.0201724 0
-0.045883 0
5.45542e-07 0
-4.68193e-07 0
-0.0474189 0
0.085523 0
-0.100023 0
0.156747 0
-0.120803 0
0.159604 0
-0.0951987 0
0.0894634 0
-0.0356172 0
0.0123575 0
-0.0404823 0
0.039828 0
-0.0955862 0
0.0598132 0
-0.122425 0
0.0474192 0
-0.0855224 0
-2.93545e-07 0
7.78679e-07 0
-0.0506357 0
0.0653328 0
-0.064066 0
0.0592376 0
-0.0313184 0
0.0228327 0
-0.0682915 0
0.0707326 0
-0.152474 0
0.106042 0
-0.196825 0
0.100023 0
-0.156745 0
0.0506347 0
-0.0653312 0
-4.7079e-07 0
4.67229e-07 0
-0.0125185 0
0.0331268 0
-0.0901268 0
0.09576 0
-0.186484 0
0.136858 0
-0.219616 0
0.120802 0
-0.159603 0
0.0640651 0
-0.0592368 0
0.0125181 0
0.0385653 0
-0.0936197 0
0.10051 0
-0.172515 0
0.127095 0
-0.17121 0
0.0951981 0
-0.0894628 0
0.0313181 0
0.0353856 0
-0.0755678 0
0.081115 0
-0.113512 0
0.0809061 0
-0.0783779 0
0.035617 0
0.0245287 0
-0.0422153 0
0.0440356 0
-0.0439709 0
0.0260839 0
0.0115389 0
-0.0130875 0
0.0119151 0
0 0
0 0
0 0
0 0
0 0
0 0
0 0
0 0
0 0
0 0
0 0
0 0
0 0
0 0
0 0
0 0
0 0
0 0
0 0
0 0
0 0
0 0
0 0
0 0
0 0
0 0
0 0
0 0
0 0
0 0
0 0
0 0
0 0
0 0
0 0
0 0
0 0
0 0
0 0
0 0
0 0
0 0
0 0
0 0
0 0
0 0
0 0
0 0
0 0
0 0
0 0
0 0
0 0
0 0
0 0
0 0
0 0
0 0
0 0
0 0
0 0
0 0
0 0
0 0
0 0
0 0
0 0
0 0
0 0
0 0
0 0
0 0
0 0
0 0
0 0
0 0
0 0
0 0
0 0
0 0
0 0
0 0
0 0
0 0
0 0
0 0
0 0
0 0
0 0
0 0
0 0
0 0
0 0
0 0
0 0
0 0
0 0
0 0
0 0
0 0
0 0
0 0
0 0
0 0
0 0
0 0
0 0
0 0
0 0
0 0
0 0
0 0
0 0
0 0
0 0
0 0
0 0
0 0
0 0
0 0
0 0
0 0
0 0
0 0
0 0
0 0
0 0
0 0
0 0
0 0
0 0
0 0
0 0
0 0
0 0
0 0
0 0
0 0
0 0
0 0
0 0
0.0143205 0
-0.0518536 0
0.0523667 0
-0.0518537 0
0.0143205 0
-0.0162141 0
-0.13396 0
0.094663 0
-0.0899527 0
0.0299872 0
-0.197404 0
0.112344 0
-0.104537 0
0.0407556 0
-0.198115 0
0.091922 0
-0.0855768 0
0.0399056 0
-0.130181 0
0.0461345 0
-0.0443986 0
0.0272501 0
-0.0320232 0
-0.00356388 0
0.000163655 0
0.0092388 0
0.0478493 0
-0.0341418 0
0.0283626 0
-0.00597993 0
0.0777326 0
-0.0382423 0
0.0333721 0
-0.0128963 0
0.0595928 0
-0.0230499 0
0.0211246 0
-0.0113355 0
0.0239456 0
-0.00641363 0
0.00680473 0
-0.0058204 0
0.0299872 0
-0.0899526 0
0.094663 0
-0.197403 0
0.144634 0
-0.251118 0
0.148462 0
-0.205963 0
0.0947318 0
-0.0823572 0
0.0148533 0
0.0482202 0
-0.0480469 0
0.115878 0
-0.0671701 0
0.104504 0
-0.0472297 0
0.0481393 0
-0.0153491 0
0.0407555 0
-0.104536 0
0.112344 0
-0.198115 0
0.148462 0
-0.205962 0
0.117043 0
-0.107189 0
0.034364 0
0.0386513 0
-0.0510978 0
0.137739 0
-0.0884647 0
0.139385 0
-0.0712725 0
0.0711725 0
-0.0252878 0
0.0399055 0
-0.0855763 0
0.0919216 0
-0.13018 0
0.0947312 0
-0.082356 0
0.0343635 0
0.0386521 0
-0.0501248 0
0.144319 0
-0.0997774 0
0.156127 0
-0.0856568 0
0.0849272 0
-0.0328367 0
0.0272499 0
-0.0443979 0
0.0461338 0
-0.0320217 0
0.0148523 0
0.0482221 0
-0.0510987 0
0.137741 0
-0.0997779 0
0.156127 0
-0.0895729 0
0.0889229 0
-0.0366941 0
0.00923848 0
0.00016452 0
-0.00356479 0
0.0478511 0
-0.0480482 0
0.11588 0
-0.0884658 0
0.139387 0
-0.0856574 0
0.0849277 0
-0.0366943 0
-0.0059803 0
0.0283635 0
-0.0341427 0
0.0777343 0
-0.0671713 0
0.104506 0
-0.0712734 0
0.0711734 0
-0.032837 0
-0.0128966 0
0.0333729 0
-0.0382431 0
0.0595939 0
-0.0472305 0
0.0481401 0
-0.0252882 0
-0.0113357 0
0.021125 0
-0.0230503 0
0.0239461 0
-0.0153493 0
-0.00582052 0
0.00680486 0
-0.00641376 0
0 0
0 0
0 0
0 0
0 0
0 0
0 0
0 0
0 0
0 0
0 0
0 0
0 0
0 0
0 0
0 0
0 0
0 0
0 0
0 0
0 0
0 0
0 0
0 0
0 0
0 0
0 0
0 0
0 0
0 0
0 0
0 0
0 0
0 0
0 0
0 0
0 0
0 0
0 0
0 0
0 0
0 0
0 0
0 0
0 0
0 0
0 0
0 0
0 0
0 0
0 0
0 0
0 0
0 0
0 0
0 0
0 0
0 0
0 0
0 0
0 0
0 0
0 0
0 0
0 0
0 0
0 0
0 0
0 0
0 0
0 0
0 0
0 0
0 0
0 0
0 0
0 0
0 0
0 0
0 0
0 0
0 0
0 0
0 0
0 0
0 0
0 0
0 0
0 0
0 0
0 0
0 0
0 0
0 0
0 0
0 0
0 0
0 0
0 0
0 0
0 0
0 0
0 0
0 0
0 0
0 0
0 0
0 0
0 0
0 0
0 0
0 0
0 0
0 0
0 0
0 0
0 0
0 0
0 0
0 0
0 0
0 0
0 0
0 0
0 0
0 0
0 0
0 0
0 0
0 0
0 0
0 0
0 0
0 0
0 0
0 0
0 0
0 0
0 0
0 0
0 0
0 0
0 0
0 0
0 0
0 0
0 0
0 0
0 0
0 0
0 0
0 0
0 0
0 0
0 0
0 0
0 0
0 0
0 0
0 0
0 0
0 0
0 0
0 0
0 0
0 0
0 0
0 0
0 0
0 0
0 0
0 0
0 0
0 0
0 0
0 0
0 0
0 0
0 0
0 0
0 0
0 0
0 0
0 0
0 0
0 0
0 0
0 0
0 0
0 0
0 0
0 0
0 0
0 0
0 0
0 0
0 0
0 0
0 0
0 0
0 0
0 0
0 0
0 0
0 0
0 0
0 0
0 0
0 0
0 0
0 0
0 0
0 0
0 0
0 0
0 0
0 0
0 0
0 0
0 0
0 0
0 0
0 0
0 0
0 0
0 0
0 0
0 0
0 0
0 0
0 0
0 0
0 0
0 0
0 0
0 0
0 0
0 0
0 0
0 0
0 0
0 0
0 0
0 0
0 0
0 0
0 0
0 0
0 0
0 0
0 0
0 0
0 0
0 0
0 0
0 0
0 0
0 0
0 0
0 0
0 0
0 0
0 0
0 0
0 0
0 0
0 0
0 0
0 0
0 0
0 0
0 0
0 0
0 0
0 0
0 0
0 0
0 0
0 0
0 0
0 0
0 0
-0.00691771 0
0.0103205 0
-0.024016 0
0.0103205 0
-0.00691771 0
0.00285574 0
0.025679 0
-0.0463117 0
0.0200399 0
-0.016443 0
0.0462831 0
-0.072271 0
0.0305299 0
-0.0287446 0
0.0654783 0
-0.0963293 0
0.0392022 0
-0.0389796 0
0.0778355 0
-0.101936 0
0.0418604 0
-0.0452018 0
0.0791514 0
-0.0952883 0
0.0389888 0
-0.0456311 0
0.0669356 0
-0.0763296 0
0.0310842 0
-0.0387162 0
0.0478302 0
-0.046902 0
0.019958 0
-0.0283633 0
0.0270021 0
-0.02422 0
0.0102929 0
-0.0166892 0
0.0106622 0
-0.00719222 0
0.00287484 0
-0.00685883 0
-0.016443 0
0.0200399 0
-0.0463117 0
0.0462831 0
-0.0906811 0
0.0768461 0
-0.127664 0
0.103882 0
-0.154976 0
0.115381 0
-0.16259 0
0.107298 0
-0.132273 0
0.0824931 0
-0.0937747 0
0.050149 0
-0.0521053 0
0.0223759 0
-0.0175693 0
-0.0287446 0
0.0305299 0
-0.072271 0
0.0654783 0
-0.127664 0
0.103882 0
-0.184345 0
0.130939 0
-0.201131 0
0.135065 0
-0.187282 0
0.112115 0
-0.145407 0
0.0741611 0
-0.0806338 0
0.0349493 0
-0.0320479 0
-0.0389795 0
0.0392021 0
-0.0963293 0
0.0778355 0
-0.154976 0
0.115381 0
-0.201131 0
0.135065 0
-0.216304 0
0.124319 0
-0.169938 0
0.0885568 0
-0.107809 0
0.0455425 0
-0.0463213 0
-0.0452018 0
0.0418604 0
-0.101936 0
0.0791514 0
-0.16259 0
0.107298 0
-0.187282 0
0.112115 0
-0.169938 0
0.0885568 0
-0.121434 0
0.0501034 0
-0.0539151 0
-0.0456311 0
0.0389888 0
-0.0952884 0
0.0669356 0
-0.132273 0
0.0824932 0
-0.145407 0
0.0741611 0
-0.107809 0
0.0455425 0
-0.0539151 0
-0.0387162 0
0.0310842 0
-0.0763297 0
0.0478303 0
-0.0937748 0
0.0501491 0
-0.0806338 0
0.0349493 0
-0.0463213 0
-0.0283633 0
0.019958 0
-0.046902 0
0.0270021 0
-0.0521054 0
0.0223759 0
-0.0320479 0
-0.0166892 0
0.010293 0
-0.0242201 0
0.0106622 0
-0.0175693 0
-0.00685884 0
0.00287484 0
-0.00719223 0
0.00319093 0
-0.0121388 0
0.0130919 0
-0.0121388 0
0.00319093 0
-0.00339317 0
-0.0366376 0
0.0286002 0
-0.025332 0
0.00773668 0
-0.068592 0
0.0451674 0
-0.0388812 0
0.0131411 0
-0.0987367 0
0.0572033 0
-0.0485632 0
0.0179247 0
-0.116797 0
0.0624088 0
-0.0525362 0
0.0206997 0
-0.117289 0
0.0579774 0
-0.0487794 0
0.0206668 0
-0.100685 0
0.0453882 0
-0.038396 0
0.0178466 0
-0.0707649 0
0.0291935 0
-0.0249777 0
0.0129297 0
-0.0379039 0
0.0134203 0
-0.011901 0
0.00749263 0
-0.0126677 0
0.00325775 0
-0.00332427 0
0.00309906 0
0.00773668 0
-0.025332 0
0.0286002 0
-0.068592 0
0.0562625 0
-0.120514 0
0.0847148 0
-0.164302 0
0.1026 0
-0.183895 0
0.10335 0
-0.170982 0
0.0885902 0
-0.129261 0
0.0605565 0
-0.0756624 0
0.0307464 0
-0.0281152 0
0.00847747 0
0.013141 0
-0.0388812 0
0.0451673 0
-0.0987367 0
0.0847148 0
-0.164302 0
0.118848 0
-0.212105 0
0.136506 0
-0.219021 0
0.126499 0
-0.180516 0
0.0928413 0
-0.113287 0
0.0517798 0
-0.0458664 0
0.0153091 0
0.0179246 0
-0.0485631 0
0.0572032 0
-0.116796 0
0.1026 0
-0.183895 0
0.136506 0
-0.219021 0
0.140904 0
-0.201068 0
0.114976 0
-0.136495 0
0.0677822 0
-0.0590202 0
0.0215453 0
0.0206997 0
-0.0525362 0
0.0624088 0
-0.117289 0
0.10335 0
-0.170982 0
0.126499 0
-0.180516 0
0.114976 0
-0.136495 0
0.0732802 0
-0.0635964 0
0.0252704 0
0.0206668 0
-0.0487794 0
0.0579774 0
-0.100685 0
0.0885902 0
-0.129261 0
0.0928413 0
-0.113287 0
0.0677822 0
-0.0590202 0
0.0252704 0
0.0178466 0
-0.038396 0
0.0453882 0
-0.070765 0
0.0605565 0
-0.0756625 0
0.0517798 0
-0.0458664 0
0.0215453 0
0.0129297 0
-0.0249777 0
0.0291935 0
-0.037904 0
0.0307464 0
-0.0281152 0
0.0153091 0
0.00749264 0
-0.0119011 0
0.0134203 0
-0.0126677 0
0.00847748 0
0.00309906 0
-0.00332428 0
0.00325776 0
0 0
0 0
0 0
0 0
0 0
0 0
0 0
0 0
0 0
0 0
0 0
0 0
0 0
0 0
0 0
0 0
0 0
0 0
0 0
0 0
0 0
0 0
0 0
0 0
0 0
0 0
0 0
0 0
0 0
0 0
0 0
0 0
0 0
0 0
0 0
0 0
0 0
0 0
0 0
0 0
0 0
0 0
0 0
0 0
0 0
0 0
0 0
0 0
0 0
0 0
0 0
0 0
0 0
0 0
0 0
0 0
0 0
0 0
0 0
0 0
0 0
0 0
0 0
0 0
0 0
0 0
0 0
0 0
0 0
0 0
0 0
0 0
0 0
0 0
0 0
0 0
0 0
0 0
0 0
0 0
0 0
0 0
0 0
0 0
0 0
0 0
0 0
0 0
0 0
0 0
0 0
0 0
0 0
0 0
0 0
0 0
0 0
0 0
0 0
0 0
0 0
0 0
0 0
0 0
0 0
0 0
0 0
0 0
0 0
0 0
0 0
0 0
0 0
0 0
0 0
0 0
0 0
0 0
0 0
0 0
0 0
0 0
0 0
0 0
0 0
0 0
0 0
0 0
0 0
0 0
0 0
0 0
0 0
0 0
0 0
0 0
0 0
0 0
0 0
0 0
0 0
